material_id,formula,bulk_modulus_vrh,shear_modulus_vrh
mp-aaaaaaab,Cs,1.974,0.604
mp-aaaaaaac,Pd,166.982,48.469
mp-aaaaaaad,Cs,1.717,1.609
mp-aaaaaaae,Nd,30.908,11.48
mp-aaaaaaah,S,1.874,1.075
mp-aaaaaaai,Re,365.046,168.04
mp-aaaaaaaj,Y,39.59,23.2
mp-aaaaaaak,As,79.731,32.38
mp-aaaaaaal,As,31.388,20.3
mp-aaaaaaan,Fe,207.093,67.563
mp-aaaaaaao,Se,4.123,10.032
mp-aaaaaaar,Cr,252.155,116.144
mp-aaaaaaas,Tb,38.449,23.903
mp-aaaaaaat,Te,19.355,14.952
mp-aaaaaaau,Be,125.076,111.454
mp-aaaaaaav,Ca,15.845,-6.284
mp-aaaaaaax,Ni,173.808,91.592
mp-aaaaaaay,C,387.827,510.742
mp-aaaaaaaz,N2,0.6920000000000001,0.309
mp-aaaaaaba,La,25.86,16.922
mp-aaaaaabb,Si,82.344,-14.386
mp-aaaaaabc,Ce,39.338,33.95
mp-aaaaaabe,Cu,151.394,49.843
mp-aaaaaabg,Ge,57.916,45.07
mp-aaaaaabh,Ru,310.062,193.869
mp-aaaaaabi,Si,106.499,56.749
mp-aaaaaabk,Sc,50.651,22.413
mp-aaaaaabl,Th,55.005,39.908
mp-aaaaaabm,Pr,32.216,19.899
mp-aaaaaabn,Tl,27.941,3.464
mp-aaaaaabp,Zr,88.4,1.932
mp-aaaaaabq,Ta,195.555,60.284
mp-aaaaaabs,U,147.81,113.597
mp-aaaaaabt,Ca,17.224,7.495
mp-aaaaaabu,Ti,112.944,48.257
mp-aaaaaabv,C,435.374,525.646
mp-aaaaaabw,C,115.976,89.734
mp-aaaaaabx,Os,400.41,244.666
mp-aaaaaaby,Ta,194.527,64.83
mp-aaaaaabz,Li,13.874,3.618
mp-aaaaaacb,P,98.196,-44.235
mp-aaaaaacc,Co,-1127.579,88.882
mp-aaaaaacd,Sn,46.694,5.892
mp-aaaaaace,Ba,8.259,4.782
mp-aaaaaacg,K,33305.958,19980.015
mp-aaaaaack,Pa,96.151,11.45
mp-aaaaaacm,Ce,44.169,32.576
mp-aaaaaaco,C,435.156,519.951
mp-aaaaaacp,Sc,54.533,32.26
mp-aaaaaacq,Sm,35.412,19.245
mp-aaaaaacr,Sm,36.692,24.026
mp-aaaaaacs,Rb,2.79,0.8200000000000001
mp-aaaaaact,Yb,15.868,10.038
mp-aaaaaacu,Ti,112.881,62.245
mp-aaaaaacv,Ti,111.049,-30.266
mp-aaaaaacw,Rh,252.9,150.16
mp-aaaaaacx,Nb,172.05,25.854
mp-aaaaaacy,Sr,10.978,5.411
mp-aaaaaada,Ge,69.319,39.008
mp-aaaaaadb,Zn,85.872,-2781.21
mp-aaaaaadc,Sb,138.65,-9.829
mp-aaaaaadd,Au,134.195,-5.735
mp-aaaaaade,Tl,26.378,11.153
mp-aaaaaadg,Sn,47.261,25.121
mp-aaaaaadh,In,35.245,11.555
mp-aaaaaadi,Sm,36.407,23.389
mp-aaaaaadj,Be,120.019,133.872
mp-aaaaaadk,Dy,40.246,26.543
mp-aaaaaadm,Cr,233.652,76.972
mp-aaaaaadn,W,302.264,148.152
mp-aaaaaado,Si,107.613,62.896
mp-aaaaaadq,Cd,41.91,13.413
mp-aaaaaadr,Sr,12.611,7.209
mp-aaaaaadt,Pr,32.21,16.891
mp-aaaaaadv,Er,44.76,31.02
mp-aaaaaadw,Hf,99.012,-27.239
mp-aaaaaadx,Ir,345.128,208.901
mp-aaaaaady,Co,200.587,120.256
mp-aaaaaadz,Hf,108.287,56.604
mp-aaaaaaea,Sb,32.445,20.273
mp-aaaaaaeb,Te,34.252,11.377
mp-aaaaaaee,U,141.249,-261.938
mp-aaaaaaef,Si,96.905,70.562
mp-aaaaaaeg,Mg,36.66,9.504
mp-aaaaaaeh,Ne,3.177,0.597
mp-aaaaaaei,Y,41.717,27.122
mp-aaaaaaej,Tc,296.007,145.8
mp-aaaaaaek,Pu,34.9,17.687
mp-aaaaaaen,Sn,35.858,22.399
mp-aaaaaaeo,P,0.973,0.503
mp-aaaaaaep,Se,73.384,-98.413
mp-aaaaaaes,Ba,8.934,5.667
mp-aaaaaaet,Nd,33.844,21.438
mp-aaaaaaeu,Ag,87.692,13.21
mp-aaaaaaew,Pt,248.014,49.52
mp-aaaaaaex,Na,7.808,2.099
mp-aaaaaaey,Ge,55.811,40.309
mp-aaaaaaez,Mo,262.529,117.048
mp-aaaaaafa,P,49.335,39.838
mp-aaaaaafb,Zr,93.831,33.105
mp-aaaaaafc,Ca,17.349,10.874
mp-aaaaaafd,Sb,56.475,22.101
mp-aaaaaafe,Al,76.871,-13.986
mp-aaaaaaff,Li,13.87,3.745
mp-aaaaaafg,Fe,295.605,180.477
mp-aaaaaafh,Ge,53.667,42.715
mp-aaaaaafj,Sr,11.529,7.697
mp-aaaaaafk,Ga,49.645,8.836
mp-aaaaaafl,Yb,14.467,12.032
mp-aaaaaafm,Ga,50.024,30.01
mp-aaaaaafn,Tm,45.516,31.32
mp-aaaaaafo,Ho,43.126,28.414
mp-aaaaaafq,V,181.232,40.746
mp-aaaaaafr,Se,4.152,4.031
mp-aaaaaaft,Si,88.916,62.445
mp-aaaaaafu,Fe,168.195,-60.519
mp-aaaaaafv,Tl,26.891,-4.929
mp-aaaaaafx,Mg,36.448,24.389
mp-aaaaaaga,La,20.188,14.36
mp-aaaaaagb,P,20.688,12.609
mp-aaaaaagd,Nd,31.862,18.911
mp-aaaaaage,B,210.223,172.392
mp-aaaaaagf,B,333.205,2957435.607
mp-aaaaaagg,Yb,14.766,8.32
mp-aaaaaagj,Si,88.815,61.322
mp-aaaaaagk,Ca,16.881,3.229
mp-aaaaaagm,Si,86.24,62.471
mp-aaaaaagn,C,115.697,80.084
mp-aaaaaagp,VNi3,217.129,101.539
mp-aaaaaagr,MnAl6,110.784,69.344
mp-aaaaaagw,ThAl,72.139,37.801
mp-aaaaaagx,YZn,52.307,4.156
mp-aaaaaaha,SrGa2,41.237,31.131
mp-aaaaaahg,AlPt3,224.023,86.928
mp-aaaaaahh,SiRu,203.638,99.337
mp-aaaaaahi,ReO3,237.846,91.956
mp-aaaaaahj,YRh,106.896,41.489
mp-aaaaaahl,Zr2Cu,105.707,46.073
mp-aaaaaahn,HoPt3,174.749,74.077
mp-aaaaaaho,Al5Co2,124.129,83.776
mp-aaaaaahv,NiTe,114.446,31.57
mp-aaaaaahw,CeFe2,74.162,13.894
mp-aaaaaahy,Tb5Si3,77.519,-513.342
mp-aaaaaaif,CaPd,55.058,18.707
mp-aaaaaaig,ZrRu,180.261,77.994
mp-aaaaaaih,YSb,57.085,34.094
mp-aaaaaaii,Sc2O3,167.269,79.706
mp-aaaaaaij,ErTl,57.284,21.314
mp-aaaaaaik,Sm2O3,130.35,55.209
mp-aaaaaail,MoP,219.328,133.065
mp-aaaaaaim,ThNi2,223.876,2.343
mp-aaaaaaip,GeO2,32.439,27.681
mp-aaaaaaiq,WS2,28.304,20.652
mp-aaaaaais,FeS2,145.937,135.327
mp-aaaaaait,SmCu5,104.928,37.739
mp-aaaaaaiv,ZrRh3,209.808,110.129
mp-aaaaaaiw,SbO2,94.068,58.618
mp-aaaaaaiy,DyRh,112.175,41.33
mp-aaaaaaiz,UO3,171.463,56.461
mp-aaaaaajd,TmTe,66.367,18.543
mp-aaaaaaje,MnPd,131.6,42.263
mp-aaaaaajf,BaS3,33.079,19.508
mp-aaaaaajh,CdF2,95.332,27.592
mp-aaaaaaji,SrB6,144.836,110.605
mp-aaaaaajm,TiF3,102.198,30.021
mp-aaaaaajo,Fe2N,248.656,92.438
mp-aaaaaajp,HfAl,117.671,70.131
mp-aaaaaajq,Mg2Ge,39.618,11.194
mp-aaaaaajr,TaN,330.533,142.307
mp-aaaaaajs,BeTe,56.315,40.518
mp-aaaaaajt,ScCo2,-1116.369,71.056
mp-aaaaaajv,NaHg,17.221,6.751
mp-aaaaaajw,LaN,121.33,67.25
mp-aaaaaajy,ZrV2,138.858,8.879
mp-aaaaaajz,AlMo3,224.498,120.006
mp-aaaaaaka,CrB,295.159,222.072
mp-aaaaaakf,TaIr3,323.564,212.167
mp-aaaaaakg,Zr2Pd,123.894,49.979
mp-aaaaaako,Nb5Sb4,96.984,54.863
mp-aaaaaakq,TbNi2,119.456,45.523
mp-aaaaaakt,LiIr,141.786,68.118
mp-aaaaaaku,PuC,147.937,41.22
mp-aaaaaakv,YbCo2,93.676,14.307
mp-aaaaaakw,TiF2,109.445,54.578
mp-aaaaaaky,AlCo,178.781,123.627
mp-aaaaaala,YbSe,52.363,36.238
mp-aaaaaalc,PtS,131.19,33.953
mp-aaaaaalf,TiOs,248.343,130.443
mp-aaaaaalg,V3As,195.129,111.483
mp-aaaaaalj,HoAs,77.463,53.503
mp-aaaaaalo,YbPt3,158.564,68.3
mp-aaaaaalr,BaZn5,47.618,27.225
mp-aaaaaalt,TiFe,198.715,94.979
mp-aaaaaalu,B2O3,33.164,36.019
mp-aaaaaalw,U3O8,163.668,48.125
mp-aaaaaalx,ThAg2,83.938,36.124
mp-aaaaaaly,NpCo2,171.119,2311.15
mp-aaaaaama,ThIr5,674.209,172.832
mp-aaaaaamb,YC2,113.31,41.291
mp-aaaaaamc,Th3Ge2,85.628,46.181
mp-aaaaaamd,PbF2,67.722,24.288
mp-aaaaaame,MnV,243.086,120.425
mp-aaaaaamf,SnRh,140.398,54.997
mp-aaaaaamg,SrIr2,146.445,51.052
mp-aaaaaamh,Sm2Tl,48.346,18.805
mp-aaaaaamj,RhPb2,80.123,28.256
mp-aaaaaamk,TlS,23.073,10.224
mp-aaaaaaml,LaF3,127.629,35.883
mp-aaaaaamq,Zr2Ni,117.807,20.086
mp-aaaaaamt,ScAl,78.486,43.156
mp-aaaaaamv,HfFe2,163.391,83.525
mp-aaaaaamw,LaF3,101.191,39.28
mp-aaaaaamx,BaGa4,47.617,29.226
mp-aaaaaamy,SmCo2,508.248,24.103
mp-aaaaaanb,UMn2,-0.0,11.56
mp-aaaaaand,PbF4,31.019,23.519
mp-aaaaaane,SmTe,60.983,21.954
mp-aaaaaanf,PrN,133.177,87.521
mp-aaaaaang,BN,180.219,115.861
mp-aaaaaanh,HfB,172.719,90.679
mp-aaaaaank,TmPd,97.651,38.402
mp-aaaaaanl,Yb3Si5,52.419,41.818
mp-aaaaaanm,Zr5Te4,68.334,35.885
mp-aaaaaann,SiNi,164.819,91.069
mp-aaaaaano,HfO2,204.904,100.522
mp-aaaaaanp,Ag2O,68.793,-0.015
mp-aaaaaanr,Nd5Si4,64.481,33.016
mp-aaaaaant,SmPd3,120.483,50.999
mp-aaaaaanx,Cu2O,111.715,7.888
mp-aaaaaany,Ni3S2,126.928,55.258
mp-aaaaaanz,NbGe2,144.24,108.792
mp-aaaaaaoa,AlRh,194.408,98.81
mp-aaaaaaob,MgB4,158.697,113.996
mp-aaaaaaoe,P2O3,2.982,0.877
mp-aaaaaaog,CdS,71.97,33.755
mp-aaaaaaoi,VPt3,237.489,109.303
mp-aaaaaaok,CrB2,259.702,185.971
mp-aaaaaaol,UO3,153.034,63.703
mp-aaaaaaom,PrSn3,56.073,17.281
mp-aaaaaaon,LuRh,122.628,52.59
mp-aaaaaaoo,ErSi,94.174,66.701
mp-aaaaaaop,AgSe,50.145,2.939
mp-aaaaaaoq,ZnSe,56.264,27.422
mp-aaaaaaor,SiRu,257.369,93.152
mp-aaaaaaou,MgP4,57.463,37.098
mp-aaaaaaox,CeSb,54.99,-60.014
mp-aaaaaaoz,SiPd,151.127,53.453
mp-aaaaaapa,TiO2,184.247,47.35
mp-aaaaaapc,U3Sb4,75.787,32.637
mp-aaaaaapf,ZrAl3,102.705,84.766
mp-aaaaaaph,KCd13,38.647,24.319
mp-aaaaaapi,ErGa3,73.646,44.73
mp-aaaaaapj,Te2Pt,45.176,28.839
mp-aaaaaapk,NdAl2,72.11,47.046
mp-aaaaaapl,Sc2S3,55.932,37.408
mp-aaaaaapm,CdP2,54.996,28.366
mp-aaaaaapo,MnTe,46.771,23.548000000000002
mp-aaaaaapq,CdTe,35.041,13.013
mp-aaaaaaps,Mg2Ge,49.429,42.782
mp-aaaaaapt,NaS,26.857,13.293
mp-aaaaaapu,YbPt2,141.375,61.282
mp-aaaaaapx,UP2,118.372,68.706
mp-aaaaaapz,IrN2,339.595,206.661
mp-aaaaaaqa,Cr3Os,279.999,116.816
mp-aaaaaaqb,MnRh,183.708,85.073
mp-aaaaaaqd,YbB6,154.194,90.805
mp-aaaaaaqf,DyNi2,37648933315.642,-180715117223.169
mp-aaaaaaqg,BeS,92.273,66.879
mp-aaaaaaqh,GePd2,152.76,42.417
mp-aaaaaaqj,GdB2,153.466,127.484
mp-aaaaaaqk,CoSe,132.749,42.069
mp-aaaaaaql,FeAs,160.334,85.376
mp-aaaaaaqm,PrMg3,38.445,27.868
mp-aaaaaaqn,ZnNi,144.695,62.202
mp-aaaaaaqo,TiO2,157.994,88.246
mp-aaaaaaqq,NbRu,234.476,50.729
mp-aaaaaaqr,DyAl,64.494,42.112
mp-aaaaaaqt,ThSn3,68.417,30.84
mp-aaaaaaqu,SmRh,101.019,26.534
mp-aaaaaaqv,MgAu,81.405,25.035
mp-aaaaaaqw,Nd2S3,74.377,36.021
mp-aaaaaaqz,Rb2Te,11.393,5.849
mp-aaaaaarb,CaAu2,65.801,15.106
mp-aaaaaard,NdCo2,-296.548,19.668
mp-aaaaaare,Cr3Pt,242.7,85.42
mp-aaaaaarg,CoN,248.591,47.951
mp-aaaaaarh,Fe5Si3,175.831,104.859
mp-aaaaaari,NbB2,286.562,201.475
mp-aaaaaarj,ZrB,160.149,81.074
mp-aaaaaark,CoAs3,108.351,83.076
mp-aaaaaarm,NaGa4,39.224,22.906
mp-aaaaaarp,CeBe13,-29481.903,-15532.357
mp-aaaaaarq,Ti2O3,214.394,74.827
mp-aaaaaars,PrZn,50.277,26.844
mp-aaaaaarv,KF,29.839,16.899
mp-aaaaaarw,HoSe,82.998,29.485
mp-aaaaaarz,Th3N4,147.036,48.498
mp-aaaaaasa,AlF3,39.119,49.835
mp-aaaaaasc,GeO2,202.915,130.151
mp-aaaaaasd,CdAs2,36.727,18.611
mp-aaaaaase,UAl2,82.958,-142.01
mp-aaaaaasf,Na3P11,13.739,6.665
mp-aaaaaasg,ErFe2,98.282,38.227
mp-aaaaaash,SnP,73.018,33.954
mp-aaaaaasj,SmGa2,71.852,53.193
mp-aaaaaasm,ErPt2,166.753,74.793
mp-aaaaaasn,ScPt3,198.156,89.795
mp-aaaaaasq,Te3As2,15.222,11.435
mp-aaaaaasr,ZrNi3,173.5,68.767
mp-aaaaaass,NiP2,113.025,67.142
mp-aaaaaast,MnP4,137.01,114.123
mp-aaaaaasu,CuSe,64.721,18.079
mp-aaaaaasv,Ge4Ir,108.621,58.027
mp-aaaaaasx,La3Se4,-3424208.89,-2965589.882
mp-aaaaaasy,TiN,278.511,191.577
mp-aaaaaatb,LuGa3,68.978,43.84
mp-aaaaaatc,SrSi2,58.246,29.769
mp-aaaaaatg,TaSe2,23.348,15.826
mp-aaaaaath,TaSe2,24.691,16.179
mp-aaaaaatj,ThS,118.095,37.254
mp-aaaaaatk,CuS,79.551,27.234
mp-aaaaaatm,MgPd,93.324,8.07
mp-aaaaaatn,SiNi2,202.978,59.025
mp-aaaaaatr,PrGe,73.985,9.662
mp-aaaaaatu,HfZn2,110.274,59.457
mp-aaaaaatw,LuSb,63.1,36.872
mp-aaaaaatx,TaSi2,184.701,145.738
mp-aaaaaatz,USb,94.691,-82.799
mp-aaaaaauc,CuAu,138.201,31.3
mp-aaaaaaud,CrS,62.481,47.301
mp-aaaaaauf,NbSe3,22.823,-124.445
mp-aaaaaauh,BaCd,19.668,12.119
mp-aaaaaauo,B13N2,246.599,159.851
mp-aaaaaaup,Fe4N,193.027,56.748
mp-aaaaaaus,CaAg,34.318,13.005
mp-aaaaaaut,Ga2S3,31.225,22.912
mp-aaaaaauu,ScFe2,125.32,65.405
mp-aaaaaauv,Ta3Sb,187.381,85.474
mp-aaaaaauw,SrHg,27.259,14.296
mp-aaaaaauy,Ti3Ir,169.105,-1.133
mp-aaaaaava,HoRh2,156.517,61.943
mp-aaaaaavc,NbCr2,228.632,57.068
mp-aaaaaavd,ScSb,65.333,33.538
mp-aaaaaave,Al12Mo,91.875,58.772
mp-aaaaaavf,BaAl2,42.631,31.802
mp-aaaaaavj,Fe8N,185.005,89.567
mp-aaaaaavk,ZrNi,139.087,38.253
mp-aaaaaavl,TeO2,31.251,29.509
mp-aaaaaavn,YPd3,124.541,48.346
mp-aaaaaavo,TmAu2,105.164,45.148
mp-aaaaaavq,Sb2Pt,105.593,55.904
mp-aaaaaavr,C3N4,383.458,175.607
mp-aaaaaavs,TePd,97.958,19.279
mp-aaaaaavt,Sn2Rh,107.752,50.824
mp-aaaaaavw,TiSb2,89.181,54.473
mp-aaaaaavx,NdCo5,-2900.928,43.425
mp-aaaaaavy,NdTe,58.456,21.328
mp-aaaaaavz,TiNi,154.95,-22.888
mp-aaaaaawa,SmCd,51.061,18.597
mp-aaaaaawb,Ni3Se4,88.611,34.383
mp-aaaaaawc,Ta2Co,213.632,78.733
mp-aaaaaawe,B13C2,223.146,155.259
mp-aaaaaawg,GaAg2,82.611,21.947
mp-aaaaaawh,CrC,110.843,96.262
mp-aaaaaawi,PuB2,120.478,143.495
mp-aaaaaawk,CeIr2,195.743,73.319
mp-aaaaaawl,CoAs,195.215,-410.562
mp-aaaaaawn,MnB2,253.476,171.71
mp-aaaaaawr,TbFe2,83.099,7.5280000000000005
mp-aaaaaaws,NiAs,117.218,43.793
mp-aaaaaawu,TiRu,215.387,108.631
mp-aaaaaaww,NiS,134.158,15.89
mp-aaaaaawz,TiNi,151.359,38.641
mp-aaaaaaxc,YbAs,44.634,-6.965
mp-aaaaaaxd,PrP,75.919,50.128
mp-aaaaaaxe,Te2Mo,16.944,14.025
mp-aaaaaaxf,Be2Ag,125.633,84.594
mp-aaaaaaxh,ZrTe5,11.82,6.693
mp-aaaaaaxi,U3As4,100.456,49.726
mp-aaaaaaxj,CeRu2,219.851,-8.473
mp-aaaaaaxk,TiCo3,142.93,94.374
mp-aaaaaaxm,MnAs,61.789,55.488
mp-aaaaaaxp,Te2Pd3,106.336,25.081
mp-aaaaaaxr,YMg,41.771,20.773
mp-aaaaaaxt,PtO2,41.116,30.048
mp-aaaaaaxz,HgPt,143.364,27.186
mp-aaaaaayb,Mg3Ru2,105.762,52.226
mp-aaaaaayd,NpSe,76.476,34.822
mp-aaaaaaye,Zr2Co,110.323,23.228
mp-aaaaaayh,TiC,251.478,172.363
mp-aaaaaayi,TmCo2,36.569,133.594
mp-aaaaaayj,LaSn3,56.392,23.894
mp-aaaaaayk,HgS,9.306,7.553
mp-aaaaaayl,ScRh3,185.005,84.21
mp-aaaaaayn,YB4,177.419,139.258
mp-aaaaaayo,SrZn5,52.276,24.166
mp-aaaaaayr,As2S3,5.969,3.185
mp-aaaaaayt,ThO2,188.295,91.197
mp-aaaaaayv,TbP,85.585,58.988
mp-aaaaaayw,PrCd,47.806,19.44
mp-aaaaaayx,NbS,178.15,100.771
mp-aaaaaayy,Na2S,28.189,19.193
mp-aaaaaayz,FePt3,263.838,110.344
mp-aaaaaaza,Be5Pd,142.084,131.95
mp-aaaaaazg,LuS,104.585,42.384
mp-aaaaaazh,YbZn2,47.078,21.379
mp-aaaaaazl,AlN,194.62,122.306
mp-aaaaaazm,NiSe,118.982,24.256
mp-aaaaaazn,NdGe,71.314,47.984
mp-aaaaaazp,SnSe2,11.592,9.691
mp-aaaaaazs,PrGa2,69.061,52.941
mp-aaaaaazt,ThAl2,86.769,60.691
mp-aaaaaazu,NbCo2,-285885.176,-171548.748
mp-aaaaaazw,CdS,53.116,17.29
mp-aaaaaazx,HoNi2,124.103,47.113
mp-aaaaaazy,LaPd3,109.965,45.919
mp-aaaaaazz,ZrW2,213.964,87.007
mp-aaaaabaa,CaN6,46.695,23.676
mp-aaaaabad,Er2O3,145.923,65.426
mp-aaaaabag,NaF,46.136,30.163
mp-aaaaabap,SnSe,23.839,14.724
mp-aaaaabaq,Tb2C,56.514,23.825
mp-aaaaabar,Pr3Tl,40.884,15.285
mp-aaaaabas,VSe2,17.979,11.236
mp-aaaaabat,TiCo2,-469872441325.631,2255401628309.966
mp-aaaaabau,SiPt,173.672,69.894
mp-aaaaabav,SnO2,192.235,99.178
mp-aaaaabay,GeSe,19.51,13.905
mp-aaaaabbe,HgF,31.037,11.783
mp-aaaaabbg,LaAs,66.566,39.976
mp-aaaaabbi,SmP,80.277,54.979
mp-aaaaabbj,CeGa6,136586225.151,20374681.542
mp-aaaaabbk,YCu,70.25,31.833
mp-aaaaabbn,ZrIr2,245.659,126.396
mp-aaaaabbp,B2O3,168.858,157.964
mp-aaaaabbq,SnPd3,145.871,54.511
mp-aaaaabbs,TlF,6.828,4.15
mp-aaaaabbt,TbCd,54.797,22.082
mp-aaaaabbv,Cr23C6,-1945444.894,-1167296.783
mp-aaaaabbx,RhO2,234.909,100.944
mp-aaaaabby,SeO2,17.612,10.038
mp-aaaaabca,Li2Pd,50.698,21.97
mp-aaaaabcb,Cr3Si,246.829,154.873
mp-aaaaabcc,P2Pt,175.121,117.617
mp-aaaaabcd,Mg3Hg,42.628,17.515
mp-aaaaabcf,GeO2,37.861,28.881
mp-aaaaabci,Li3P,39.519,34.45
mp-aaaaabck,Sb2Au,72.555,23.812
mp-aaaaabcl,TiP,139.085,90.022
mp-aaaaabcn,HfO2,224.899,93.323
mp-aaaaabco,Ti2Cu,130.928,54.059
mp-aaaaabcp,RbN3,17.987,9.539
mp-aaaaabcq,HoP,88.424,61.321
mp-aaaaabcr,ThMg2,50.194,18.428
mp-aaaaabct,BaPt2,103.144,39.324
mp-aaaaabcv,SmN,145.3,105.756
mp-aaaaabcz,ZnSb,47.732,28.522
mp-aaaaabda,Te2Rh,95.422,48.854
mp-aaaaabdb,CoSb2,98.829,63.743
mp-aaaaabdc,TbAl2,79.498,56.275
mp-aaaaabdd,Li3As,34.809,30.48
mp-aaaaabdf,La2Sb,49.613,28.914
mp-aaaaabdg,FeSe2,125.468,92.204
mp-aaaaabdi,PtS2,20.713,8.299
mp-aaaaabdj,MgB2,147.434,114.34
mp-aaaaabdm,As2Ru,150.88,105.88
mp-aaaaabdn,Yb3Ge5,43.833,34.758
mp-aaaaabdo,TmAl3,77.938,59.643
mp-aaaaabdr,MnAl,122.529,80.027
mp-aaaaabds,TmSi2,89.456,28.37
mp-aaaaabdu,CaNi5,115.071,63.525
mp-aaaaabdv,Er5Si4,77.6,43.758
mp-aaaaabdw,LaCd,45.631,17.494
mp-aaaaabdy,Fe2P,219.035,94.973
mp-aaaaabec,Te2Pd,53.053,17.97
mp-aaaaabeg,MnSb,56.824,41.61
mp-aaaaabei,CoTe,113.699,50.317
mp-aaaaabek,LuPt3,182.998,79.492
mp-aaaaaben,Ca5Si3,40.597,26.846
mp-aaaaabeo,CrTe,43.579,23.178
mp-aaaaabep,LiSi,52.319,36.261
mp-aaaaabeq,Nb3Al,159.438,11.999
mp-aaaaaber,DyPd3,127.136,48.329
mp-aaaaabeu,TmB2,175.007,164.653
mp-aaaaabev,Mo3Os,290.754,122.068
mp-aaaaabex,DyAl2,-8181021.374,-1227107.91
mp-aaaaabey,GaN,172.144,104.855
mp-aaaaabfa,PuO,46.23,18.171
mp-aaaaabfd,ThCo5,2404.871,37.758
mp-aaaaabfe,NiSb,108.123,50.253
mp-aaaaabff,BaPt5,147.734,62.266
mp-aaaaabfh,ScAl2,104.136,15.741
mp-aaaaabfi,DySe,81.802,29.474
mp-aaaaabfl,TmTl3,46.269,17.128
mp-aaaaabfm,SiRh,195.549,95.795
mp-aaaaabfn,HfCr2,188.948,66.783
mp-aaaaabfo,HgSe,42.533,13.947
mp-aaaaabfr,TiCo,351.113,68.061
mp-aaaaabft,RuO2,252.231,96.302
mp-aaaaabfv,KN3,20.517,11.746
mp-aaaaabfw,SiNi3,209.083,104.05
mp-aaaaabfx,AlPd,155.221,52.682
mp-aaaaabfy,GaN,171.704,103.147
mp-aaaaabga,HoPd,94.522,35.725
mp-aaaaabgb,CaPd2,93.613,38.03
mp-aaaaabgc,ThN,176.864,86.739
mp-aaaaabge,TbZn,57.624,23.228
mp-aaaaabgg,Cu3Sn,149.365,18.618
mp-aaaaabgh,V3Au,186.748,75.505
mp-aaaaabgi,SmRh2,146.007,55.461
mp-aaaaabgj,Li2O2,72.65,50.633
mp-aaaaabgk,CaPt2,132.905,58.912
mp-aaaaabgm,Ca3N2,67.434,33.75
mp-aaaaabgo,Hf2Al3,114.235,68.632
mp-aaaaabgs,ScNi2,142.02,61.092
mp-aaaaabgt,ErPd,95.906,37.403
mp-aaaaabgv,ErNi5,151.736,74.924
mp-aaaaabgx,MgBe13,99.848,104.389
mp-aaaaabgy,SnO2,171.933,87.385
mp-aaaaabha,TmAl2,83.144,60.864
mp-aaaaabhd,Hf2Ni,140.732,19.409
mp-aaaaabhe,CaSi2,58.747,28.878
mp-aaaaabhh,CaB6,146.893,84.87
mp-aaaaabhj,ErCd,59.501,29.491
mp-aaaaabhl,TaAl3,132.414,103.376
mp-aaaaabhm,TlN3,19.737,8.923
mp-aaaaabhn,FeSi,201.745,142.052
mp-aaaaabho,BaSn,28.386,16.162
mp-aaaaabhp,VPd3,190.816,75.46
mp-aaaaabhr,AlOs,236.689,124.889
mp-aaaaabht,Er2In,55.971,27.494
mp-aaaaabhv,La3Te4,50.175,25.245
mp-aaaaabhw,Pr2Fe17,140.767,63.032
mp-aaaaabhx,NpSn3,54.061,16.852
mp-aaaaabhz,HoN,167.77,126.817
mp-aaaaabia,NdSi2,81.814,25.855
mp-aaaaabic,Ga2O3,155.545,70.553
mp-aaaaabie,CaAs,46.134,28.543
mp-aaaaabif,Cr3B4,300.71,205.66
mp-aaaaabig,NdIr2,183.307,78.105
mp-aaaaabih,TaNi3,218.124,82.317
mp-aaaaabii,ScPt,137.028,37.91
mp-aaaaabij,ZrSi,141.728,92.826
mp-aaaaabik,ZnPt,174.196,64.5
mp-aaaaabio,HoAl3,76.254,56.689
mp-aaaaabip,InRh,149.828,-54.98
mp-aaaaabiq,RhSe,138.031,26.75
mp-aaaaabis,BaZn,20.356,14.528
mp-aaaaabit,ZrCr2,180.27,54.434
mp-aaaaabiv,LaF3,102.112,39.391
mp-aaaaabiz,As2Se3,7.518,4.43
mp-aaaaabja,NbC,296.238,180.981
mp-aaaaabjc,LaPt2,143.888,60.396
mp-aaaaabjf,YCd,56.99,28.662
mp-aaaaabjh,CaC2,57.644,24.134
mp-aaaaabjj,HoTe,65.126,20.766
mp-aaaaabjl,YRh2,152.291,61.818
mp-aaaaabjm,CoPt3,227.99,87.071
mp-aaaaabjp,VN,316.753,162.007
mp-aaaaabjr,CuP2,87.682,51.586
mp-aaaaabjt,ZrCo2,129885.288,19626.604
mp-aaaaabju,ZrP,135.366,68.268
mp-aaaaabjv,ThP,112.228,56.224
mp-aaaaabjw,ScGa3,73.065,45.318
mp-aaaaabjx,YAs,75.352,50.989
mp-aaaaabjy,LiTl,26.903,-2.521
mp-aaaaabka,Hg4Pt,60.904,30.648
mp-aaaaabkc,GeTe,33.016,20.165
mp-aaaaabkh,Co3S4,147.145,11.459
mp-aaaaabki,AlB2,190.335,144.826
mp-aaaaabkj,NiPt,216.646,93.38
mp-aaaaabkk,PrIr2,179.692,75.41
mp-aaaaabkl,Au2S,66.577,5.8
mp-aaaaabkm,ZnTe,53.63,20.206
mp-aaaaabkn,CoPt,218.25,108.106
mp-aaaaabko,NaZn13,64.356,47.603
mp-aaaaabkp,CeRh2,144.079,49.52
mp-aaaaabkq,MoPt2,271.801,138.285
mp-aaaaabkr,NbZn3,118.284,74.397
mp-aaaaabks,BaB6,141.127,129.899
mp-aaaaabku,U3Si,141.244,69.262
mp-aaaaabkv,HgSe,57.045,17.977
mp-aaaaabkx,LaAl3,61.963,41.255
mp-aaaaabky,B2Mo,303.426,158.777
mp-aaaaablb,ZrO2,212.032,84.375
mp-aaaaabld,TbB2,160.306,144.669
mp-aaaaable,NbS2,9.643,18.841
mp-aaaaablh,YbAl2,-524350.983,-314611.222
mp-aaaaablj,K2O,27.218,12.49
mp-aaaaablk,MnSe,44.652,33.162
mp-aaaaabll,U2N3,198.589,92.753
mp-aaaaabln,SF6,5.548,1.734
mp-aaaaablo,V6Si5,185.901,120.052
mp-aaaaablp,LuIn3,54.557,25.507
mp-aaaaablr,ZrSb2,81.547,49.955
mp-aaaaabls,USi2,120.789,64.11
mp-aaaaablt,SrF2,65.882,32.403
mp-aaaaablu,TmPd3,132.296,50.923
mp-aaaaablw,BN,102.457,73.485
mp-aaaaablx,TmCu,74.896,28.832
mp-aaaaably,CeZn,35.292,21.92
mp-aaaaablz,ZnCu,116.179,45.918
mp-aaaaabma,Si3N4,234.569,122.364
mp-aaaaabmc,HoAu2,100.832,40.982
mp-aaaaabmd,WN,375.17,165.988
mp-aaaaabme,CaGa2,37.61,27.803
mp-aaaaabmf,DySi2,87.052,23.018
mp-aaaaabmg,YP,85.85,58.797
mp-aaaaabmh,EuIr2,164.26,65.4
mp-aaaaabmi,OsO2,281.2,103.408
mp-aaaaabmk,Al2Cu,107.587,47.617
mp-aaaaabmm,BaTe,28.286,16.564
mp-aaaaabmr,FeP,207.432,133.593
mp-aaaaabmt,DySb,60.478,34.856
mp-aaaaabmw,MnB4,276.056,239.35
mp-aaaaabna,ZrMn2,157.977,43.71
mp-aaaaabnd,Zr3O,132.953,59.206
mp-aaaaabnf,YNi2,-233403.56,-140053.811
mp-aaaaabng,TaRh3,260.037,153.82
mp-aaaaabni,K2S,18.259,9.782
mp-aaaaabnk,CaGe2,7.822,9.098
mp-aaaaabnl,ThAu2,107.422,37.338
mp-aaaaabnn,HfRh3,215.169,111.279
mp-aaaaabno,V3Te4,49.227,32.562
mp-aaaaabnp,BaF2,54.086,25.35
mp-aaaaabnq,SbPt7,576324.271,345694.764
mp-aaaaabnr,GdCd,53.093,24.157
mp-aaaaabns,Ta2B,248.908,179.27
mp-aaaaabnt,BeNi,182.847,9.535
mp-aaaaabnx,PrPt5,181.498,71.476
mp-aaaaabny,MgCu2,91.482,42.44
mp-aaaaabnz,MgTe,33.954,12.887
mp-aaaaaboc,HfSi,151.342,95.833
mp-aaaaabod,HfV2,143.701,-1.116
mp-aaaaaboe,UIr3,303.949,122.424
mp-aaaaabof,Nd2O3,124.063,50.641
mp-aaaaabog,NbSn2,96.844,47.291
mp-aaaaaboh,Ca3N2,70.981,33.499
mp-aaaaaboi,TiNi,146.751,40.28
mp-aaaaabok,Ni3S4,119.054,45.039
mp-aaaaabom,NaAu2,71.011,26.679
mp-aaaaabon,NdZn,52.019,28.401
mp-aaaaabop,CdSe,59.102,26.802
mp-aaaaaboq,Tb2O3,141.499,61.887
mp-aaaaabor,Al3Ni2,131.24,87.345
mp-aaaaabos,PdF2,94.029,6.318
mp-aaaaabot,NdCd,48.816,18.872
mp-aaaaabov,PrPt2,-62438.385,-9321.119
mp-aaaaaboz,LaSb,49.747,28.091
mp-aaaaabpa,YbN,92.405,27.219
mp-aaaaabpb,LiAl,48.228,32.432
mp-aaaaabpc,CuS2,53.369,32.823
mp-aaaaabpd,HfSi2,131.995,95.031
mp-aaaaabpe,CdSe,44.379,15.155
mp-aaaaabph,CaCd,31.367,17.651
mp-aaaaabpj,SmNi5,-186.307,11.526
mp-aaaaabpk,KB6,133.72,97.556
mp-aaaaabpl,B2Ru,283.343,170.538
mp-aaaaabpm,CaCd2,39.906,23.145
mp-aaaaabpp,V3S4,97.046,70.615
mp-aaaaabpq,VIr3,319.895,218.807
mp-aaaaabps,ZrB12,233.379,219.913
mp-aaaaabpt,UOs2,491.593,23.809
mp-aaaaabpu,TaC,323.894,176.246
mp-aaaaabpv,SrS,48.468,32.3
mp-aaaaabpx,TiIr3,294.735,163.457
mp-aaaaabpy,FeSe,78.571,36.343
mp-aaaaabqb,ThGe,86.356,42.681
mp-aaaaabqe,CeS,87.161,52.574
mp-aaaaabqf,TaB,286.134,212.507
mp-aaaaabqh,NiGe,137.06,52.238
mp-aaaaabqi,YbC2,64.179,8.69
mp-aaaaabqj,TmAs,79.857,55.255
mp-aaaaabqk,LuN,178.449,146.135
mp-aaaaabql,LuSi2,89.031,18.279
mp-aaaaabqm,LaMg,33.855,21.385
mp-aaaaabqn,BaO2,65.16,35.973
mp-aaaaabqq,TaB2,303.164,199.428
mp-aaaaabqt,Mn5Si3,313.656,101.503
mp-aaaaabqv,BW2,329.552,157.907
mp-aaaaabqw,VP,169.325,108.026
mp-aaaaabqx,PtSe2,2.293,11.679
mp-aaaaabra,SiNi2,191.4,64.237
mp-aaaaabrc,Mo3Ir,282.393,107.926
mp-aaaaabrd,GaCo,173.828,47.411
mp-aaaaabrf,HgS,50.248,15.799
mp-aaaaabrg,MgZn2,63.27,43.383
mp-aaaaabrh,Li2S,40.216,20.471
mp-aaaaabrj,SmPt2,156.601,70.297
mp-aaaaabrk,SiIr,215.0,88.554
mp-aaaaabrl,ScIr,166.725,79.378
mp-aaaaabro,CdO,127.369,44.447
mp-aaaaabrr,NbPd3,197.625,82.517
mp-aaaaabrs,Na3As,22.238,13.902
mp-aaaaabru,LiF,69.649,50.018
mp-aaaaabrv,Co3Mo,283.145,138.782
mp-aaaaabrw,NdCu5,101.881,36.16
mp-aaaaabrz,Al2O3,231.003,128.563
mp-aaaaabsb,TiB2,254.22,257.473
mp-aaaaabsc,ThS2,90.46,33.237
mp-aaaaabsd,Ti3O5,170.755,76.573
mp-aaaaabsg,URh3,214.274,77.53
mp-aaaaabsi,TiRh3,228.591,123.939
mp-aaaaabsj,Li2S,40.49,33.875
mp-aaaaabsm,GaSb,44.793,28.856
mp-aaaaabsn,TaNi2,213.178,85.348
mp-aaaaabso,LuPd3,134.504,51.613
mp-aaaaabsp,Zr2Fe,123.018,31.901
mp-aaaaabst,UBe13,123.142,127.915
mp-aaaaabsu,ThC,97.603,71.668
mp-aaaaabsx,CF4,4.638,2.075
mp-aaaaabsy,HfTe5,11.773,7.3
mp-aaaaabsz,ScCu,86.854,35.894
mp-aaaaabta,SnS2,13.762,10.862
mp-aaaaabtc,MgRh,115.355,59.938
mp-aaaaabte,MgSc,49.321,28.271
mp-aaaaabtg,TbTe,63.35,21.785
mp-aaaaabtj,DyNi5,152.06,73.223
mp-aaaaabto,La2C3,106.014,11.549
mp-aaaaabtp,VRh3,251.212,155.92
mp-aaaaabtq,ZrS2,19.062,13.618
mp-aaaaabtr,ThIr2,203.203,75.228
mp-aaaaabtt,PrAl2,73.605,44.934
mp-aaaaabtu,ZnSe,56.491,27.288
mp-aaaaabty,CdPt,139.891,49.526
mp-aaaaabud,HoMg,41.356,19.049
mp-aaaaabue,TbCo5,-3006.379,71.175
mp-aaaaabuf,Sb2Te3,19.094,13.921
mp-aaaaabuh,TiO,195.566,107.51
mp-aaaaabum,ErAl2,82.064,59.812
mp-aaaaabun,RbAu5,71.996,25.159
mp-aaaaabuo,ThCd2,66.397,37.237
mp-aaaaabup,ScCd,67.024,34.535
mp-aaaaabur,NdSb,59.958,-3.394
mp-aaaaabus,VS,129.858,71.568
mp-aaaaabut,Ti2O,183.19,110.136
mp-aaaaabuu,YbO,123.582,88.774
mp-aaaaabux,BaGa2,35.919,24.771
mp-aaaaabuy,Be5Au,138.173,114.779
mp-aaaaabuz,V3Ge,184.157,42.108
mp-aaaaabva,CrSi2,194.579,156.409
mp-aaaaabvc,HgO,22.392,10.902
mp-aaaaabvh,CuF2,66.947,26.442
mp-aaaaabvj,Cr3Ga,217.363,121.695
mp-aaaaabvk,Mo3Pt,265.997,83.581
mp-aaaaabvl,Cu6Sn5,79.958,14.854
mp-aaaaabvm,LuAl2,189541.922,113731.953
mp-aaaaabvn,TiIr,227.385,82.089
mp-aaaaabvo,NdAg,55.86,14.117
mp-aaaaabvr,Sb3Ir,98.2,60.31
mp-aaaaabvs,HoS,99.911,42.662
mp-aaaaabvx,Sr2N,24.67,9.666
mp-aaaaabvy,Fe4C,161.822,-44.27
mp-aaaaabvz,Sb2Ir,117.399,72.314
mp-aaaaabwb,MgF2,92.21,51.311
mp-aaaaabwc,Lu2In,58.376,31.582
mp-aaaaabwd,VRh,232.563,101.713
mp-aaaaabwe,ZrBe2,118.38,89.18
mp-aaaaabwf,BaSe,35.501,21.416
mp-aaaaabwi,HoGa2,74.229,50.758
mp-aaaaabwl,YbAl3,59.791,53.601
mp-aaaaabwm,SrPd5,106.301,46.203
mp-aaaaabwn,EuZn,37.377,21.06
mp-aaaaabwp,URu3,200.183,92.494
mp-aaaaabwq,CdAu3,113.161,21.558
mp-aaaaabwr,MgO,151.45,118.82
mp-aaaaabws,Na2Se,23.909,15.694
mp-aaaaabwt,NaC,35.167,3.296
mp-aaaaabwv,SmS,90.438,39.284
mp-aaaaabwy,Cr3Ru,265.536,105.327
mp-aaaaabxa,CoS,165.111,50.421
mp-aaaaabxb,SiMo3,251.363,129.281
mp-aaaaabxe,Zr2Si,127.293,86.698
mp-aaaaabxf,TaN,306.305,181.327
mp-aaaaabxg,ErTe,65.928,20.06
mp-aaaaabxh,VIr,273.207,126.573
mp-aaaaabxi,VC,306.705,208.742
mp-aaaaabxl,PtO2,209.304,87.687
mp-aaaaabxr,ErIn3,55.358,29.738
mp-aaaaabxu,YCo2,-3172.172,49.343
mp-aaaaabxw,ErB6,174.535,75.967
mp-aaaaabxz,SiPt2,206.108,65.451
mp-aaaaabyb,Yb2S3,9.762,-599.866
mp-aaaaabyc,PrO2,122.03,903.633
mp-aaaaabyg,ThAl3,85.595,43.904
mp-aaaaabyh,LiGa,42.172,20.189
mp-aaaaabyp,MgS,74.305,51.763
mp-aaaaabyr,CoSb3,84.037,57.702
mp-aaaaabyt,ZrTe,88.453,48.267
mp-aaaaabyv,CdSb,39.053,18.412
mp-aaaaabza,Nb3Sn,165.507,-37.31
mp-aaaaabzb,NdMg,37.564,20.725
mp-aaaaabzd,LaTe2,52.576,26.802
mp-aaaaabze,AlN,252.764,216.097
mp-aaaaabzf,YCd2,55.449,31.607
mp-aaaaabzg,Si3Mo5,240.773,121.292
mp-aaaaabzi,Y2C,59.24,31.783
mp-aaaaabzj,VFe,195.793,68.158
mp-aaaaabzk,PdO,155.722,34.529
mp-aaaaabzn,NbIr3,313.146,205.818
mp-aaaaabzo,Ga2Se3,27.869,19.013
mp-aaaaabzp,Te2Rh3,146.115,48.875
mp-aaaaabzq,BaO,68.281,37.058
mp-aaaaabzr,NdNi2,108.469,38.425
mp-aaaaabzt,CaP,52.775,33.528
mp-aaaaabzu,B6O,228.689,207.712
mp-aaaaabzv,Th3P4,108.466,57.835
mp-aaaaabzx,SrPt2,117.262,51.148
mp-aaaaacaa,ZrN,247.481,147.586
mp-aaaaacae,Sb2Pd,87.651,29.488
mp-aaaaacaf,P3Rh,149.168,97.011
mp-aaaaacag,DyIr2,198.438,87.843
mp-aaaaacah,NbIr,258.818,109.754
mp-aaaaacaj,IrSe2,105.86,54.983
mp-aaaaacam,YNi,76.598,22.852
mp-aaaaacap,Mg2Si,54.228,46.085
mp-aaaaacaq,Zn8Cu5,105.749,32.407
mp-aaaaacat,Sn3Pd,64.308,23.339
mp-aaaaacav,Nb3Ge,171.519,20.09
mp-aaaaacaz,ThCu2,94.521,32.47
mp-aaaaacba,LiC,40.769,30.156
mp-aaaaacbc,Zn3Ru,135.455,55.505
mp-aaaaacbf,UCo2,66312915.443,257918.777
mp-aaaaacbh,CeZn2,49.695,24.161
mp-aaaaacbj,AlV3,161.804,0.675
mp-aaaaacbk,DyRh2,154.129,61.485
mp-aaaaacbn,Ag2F,78.406,18.365
mp-aaaaacbp,Sn4Au,53.102,14.399000000000001
mp-aaaaacbq,Rb2O,22.839,7.73
mp-aaaaacbr,VRu,230.974,84.674
mp-aaaaacbt,Rb2Te,11.617,5.003
mp-aaaaacbv,AlAu,92.438,26.205
mp-aaaaacbw,HfW2,222.256,94.6
mp-aaaaacbx,ZrZn2,103.307,60.056
mp-aaaaacby,SmNi2,110.17,42.419
mp-aaaaacbz,Sm2S3,76.96,37.195
mp-aaaaacca,CdAu,89.162,15.441
mp-aaaaaccb,TbGe,80.709,53.889
mp-aaaaaccc,MnTe,46.537,29.189
mp-aaaaaccd,Rh3Se8,74.501,46.162
mp-aaaaacce,MgHg,45.593,19.452
mp-aaaaaccf,TiNi3,189.888,96.324
mp-aaaaaccg,DyN,163.58,123.389
mp-aaaaacch,TaS2,14.33,8.13
mp-aaaaacci,Ti3Sb,119.611,20.295
mp-aaaaaccj,P2Ru,187.136,138.396
mp-aaaaaccl,CaSe,47.761,32.174
mp-aaaaaccm,NbF4,33.398,27.791
mp-aaaaacco,FeNi3,199.381,99.899
mp-aaaaacct,HoC2,117.335,42.118
mp-aaaaaccu,GePd,122.742,42.129
mp-aaaaaccv,TiCr2,198.812,72.775
mp-aaaaaccx,Lu2O3,156.458,73.089
mp-aaaaaccz,SmCo5,-685.907,51.645
mp-aaaaacdb,MnSi,203.381,142.935
mp-aaaaacdc,Be2B,144.862,92.441
mp-aaaaacde,MoS2,24.506,16.102
mp-aaaaacdh,LiCd,35.162,11.921
mp-aaaaacdi,ZrIr3,267.921,149.21
mp-aaaaacdj,TiO2,203.794,80.898
mp-aaaaacdl,CsO2,18.38,4.644
mp-aaaaacdo,CaCd2,35.875,15.863
mp-aaaaacdr,SmSe,76.17,29.406
mp-aaaaacds,NdGa,74.648,18.258
mp-aaaaacdv,NbNi3,205.078,77.484
mp-aaaaacdx,NdSe,73.49,28.425
mp-aaaaacec,Nb3Ir,218.977,102.506
mp-aaaaaced,TaN,337.979,235.294
mp-aaaaaceh,LaIr2,174.499,65.07
mp-aaaaacep,Zr3Al,100.33,55.844
mp-aaaaaceq,ZrB2,237.763,227.984
mp-aaaaacer,Fe7W6,337.469,85.018
mp-aaaaaces,Re3P4,183.793,136.862
mp-aaaaaceu,ScS,99.417,53.382
mp-aaaaacev,BaSi2,31.472,18.639
mp-aaaaacex,BP,162.017,161.948
mp-aaaaacez,SnTe,42.065,6.146
mp-aaaaacfa,Zr2Al3,107.69,69.751
mp-aaaaacfb,SiRh,221.514,83.86
mp-aaaaacfe,ZnNi,146.22,7.305
mp-aaaaacff,AlNi,157.34,70.652
mp-aaaaacfi,AlAu4,127.118,15.302
mp-aaaaacfj,VB2,283.799,240.821
mp-aaaaacfn,ErIr2,202.819,90.008
mp-aaaaacfp,TaN,289.035,146.051
mp-aaaaacfq,Al21Pd8,-1128047.372,31557.682
mp-aaaaacfs,BaS,41.171,24.774
mp-aaaaacft,Al3Pt5,199.949,63.445
mp-aaaaacfu,Al2Pt,129.675,38.584
mp-aaaaacfx,TmMg,43.263,21.014
mp-aaaaacgb,Sn2S3,16.845,11.679
mp-aaaaacgf,Co9S8,291378.268,174809.96
mp-aaaaacgg,UB2,210.847,214.267
mp-aaaaacgh,ZrSi2,126.046,96.722
mp-aaaaacgk,CeRh3,171.204,73.359
mp-aaaaacgl,CaTe,37.042,23.516
mp-aaaaacgn,Sb7Mo3,107.671,52.551
mp-aaaaacgo,FeS2,162.063,125.99
mp-aaaaacgp,ZrP2,126.441,83.188
mp-aaaaacgs,TiHg,104.414,47.479
mp-aaaaacgt,TbCu2,84.123,22.729
mp-aaaaacgv,LuIr,147.522,70.328
mp-aaaaacgz,Nd3Tl,41.606,16.713
mp-aaaaacha,YS,93.243,42.129
mp-aaaaachb,TbSi2,85.829,26.002
mp-aaaaachf,ZrTe,94.136,55.771
mp-aaaaachg,HoTl,55.065,19.277
mp-aaaaachh,BeSe,74.87,53.631
mp-aaaaachi,YB2,163.074,152.469
mp-aaaaachj,Ge2Pt,110.087,51.923
mp-aaaaachl,Nb3Rh,201.402,86.842
mp-aaaaachm,DyMg3,41.005,24.698
mp-aaaaachn,NiS,120.17,60.39
mp-aaaaacho,PrMg,37.078,21.807
mp-aaaaachp,TbPt3,169.757,71.121
mp-aaaaachq,AlP,82.769,47.415
mp-aaaaachr,Te2Ir,87.362,47.591
mp-aaaaachs,Mo2C,295.211,151.829
mp-aaaaacht,HoNi5,149.455,73.617
mp-aaaaachv,V3Sb,171.734,80.374
mp-aaaaachx,Mg3Au,57.636,34.45
mp-aaaaachy,SrPd2,80.634,31.664
mp-aaaaachz,Mg3N2,110.105,77.845
mp-aaaaacia,LaTe,54.332,21.792
mp-aaaaacib,TbSe,80.122,29.91
mp-aaaaacic,ThBe13,117.752,106.867
mp-aaaaacid,CaSi,53.572,38.383
mp-aaaaacif,ZrO2,235.389,103.516
mp-aaaaacig,SmFe5,92.119,59.905
mp-aaaaacih,ThNi5,154.083,65.856
mp-aaaaacij,Be2C,200.504,228.81
mp-aaaaacik,YFe2,88.23,32.771
mp-aaaaacil,PrPd3,111.571,42.251
mp-aaaaacim,GaSe,14.135,9.134
mp-aaaaacin,Sn2Pd,82.369,31.702
mp-aaaaacip,CaC2,58.177,23.224
mp-aaaaacis,V3Rh,216.564,105.892
mp-aaaaacit,ErC2,120.452,44.098
mp-aaaaaciu,NbN,304.766,139.843
mp-aaaaaciv,As2O3,9.944,8.605
mp-aaaaaciy,YbIr2,10923001.897,516795.504
mp-aaaaaciz,V3Co,208.895,109.487
mp-aaaaacja,NdSb,58.638,31.963
mp-aaaaacjd,TiCr2,199.407,71.552
mp-aaaaacje,Be12Cr,179.312,70.648
mp-aaaaacjf,Al4C3,159.382,112.747
mp-aaaaacjg,Ag2Te,52.909,14.653
mp-aaaaacji,Ni2Ge,173.653,44.062
mp-aaaaacjj,Nb2O5,135.559,49.941
mp-aaaaacjl,UO2,206.152,92.078
mp-aaaaacjm,Na3P,24.781,14.892
mp-aaaaacjp,TaRu,253.312,75.517
mp-aaaaacjq,SiS2,6.09,4.007
mp-aaaaacjr,TmGa3,76.098,44.081
mp-aaaaacjs,Pt3O4,213.174,58.894
mp-aaaaacju,NbAu2,176.852,63.241
mp-aaaaacjv,YbCu5,98.016,39.517
mp-aaaaacjw,ZrHg3,82.284,14.568
mp-aaaaacjx,Cr3Ir,275.177,107.47
mp-aaaaacjy,TbS,96.236,42.109
mp-aaaaacki,Si2W,219.443,189.139
mp-aaaaackl,ErS,99.884,43.445
mp-aaaaackp,Mo2S3,98.313,62.627
mp-aaaaacks,Zr3Hg,105.27,58.772
mp-aaaaackw,MoSe2,18.747,12.625
mp-aaaaackx,TbMg,40.716,20.807
mp-aaaaackz,Re2P,296.64,183.029
mp-aaaaacla,SrAl2,47.886,32.398
mp-aaaaaclb,BN,373.617,379.418
mp-aaaaaclc,Ho2C,60.21,28.625
mp-aaaaacld,CrSb,73.845,48.058
mp-aaaaacle,Ta5N6,418.89,-340.303
mp-aaaaaclg,PrSb,58.601,-0.334
mp-aaaaacli,Li3Hg,25.438,5.618
mp-aaaaaclk,Al12Re,98.031,77.342
mp-aaaaacll,Fe3Pt,193.206,31.661
mp-aaaaaclo,ZnPd,140.545,58.525
mp-aaaaaclq,CeNi2,-0.0,14.102
mp-aaaaaclr,UIr2,239.465,91.056
mp-aaaaaclu,Tl2O3,-59763.574,-35918.953
mp-aaaaaclv,ThRe2,194.385,131.709
mp-aaaaacly,Te2Au,65.345,-43.513
mp-aaaaacma,V3Pd,194.62,77.739
mp-aaaaacmc,Th2S5,96.675,47.098
mp-aaaaacmd,Co2Ge,208.679,54.043
mp-aaaaacme,YbAu2,68.738,16.578
mp-aaaaacmg,MnPt,166.177,69.08
mp-aaaaacmh,YbSi2,56.612,-470.299
mp-aaaaacmi,CaS,56.852,39.145
mp-aaaaacmk,PrSe,71.671,27.766
mp-aaaaacmn,Be2Mo,197.598,148.915
mp-aaaaacmr,La3Sn,44.031,24.189
mp-aaaaacms,ZrAs,117.987,65.248
mp-aaaaacmt,ZrSe3,15.158,11.664
mp-aaaaacmu,ZnAu,114.545,19.123
mp-aaaaacmx,BaPd2,73.421,24.388
mp-aaaaacmy,ErAs,79.218,53.691
mp-aaaaacmz,HfRe2,262.427,79.393
mp-aaaaacna,TaS2,21.703,15.8
mp-aaaaacnc,CuO,144.365,23.585
mp-aaaaacnf,Y2C3,119.54,48.318
mp-aaaaacng,CdPd,111.855,45.078
mp-aaaaacnh,TbPt2,163.153,73.747
mp-aaaaacni,SrSn,32.734,21.427
mp-aaaaacnj,AlCr2,183.355,102.319
mp-aaaaacnk,AlN,194.648,120.714
mp-aaaaacnm,LaRh2,131.545,42.873
mp-aaaaacnn,YbZn,32.884,21.029
mp-aaaaacno,Tb2Tl,52.499,22.879
mp-aaaaacnp,Sb2O5,125.537,75.478
mp-aaaaacns,YTe,61.724,21.921
mp-aaaaafzv,AlPO4,17.002,30.589
mp-aaaaafzy,YAl3Ni,96.501,59.711
mp-aaaaagaa,CaSc2O4,144.156,82.699
mp-aaaaagai,Ca(NiP)2,105.433,73.682
mp-aaaaagaj,Dy(SiIr)2,175.786,105.149
mp-aaaaagap,Er2(NiB2)3,194.285,139.105
mp-aaaaagaq,Sm(SiRu)2,143.09,81.584
mp-aaaaagar,Sm(CoB)2,152.954,97.846
mp-aaaaagat,TbZrSb,79.598,40.544
mp-aaaaagau,VCoSb,141.89,55.213
mp-aaaaagax,Sc3AlC,100.358,84.205
mp-aaaaagaz,TaCu3Se4,41.99,22.077
mp-aaaaagbb,MgCuAs,65.78,31.327
mp-aaaaagbg,La(FeSi)2,114.246,72.994
mp-aaaaagbi,Ce(SiRh)2,143.283,87.696
mp-aaaaagbj,Ni2Mo3N,278.976,141.689
mp-aaaaagbo,CeAlO3,185.363,42.507
mp-aaaaagbw,HoPO4,138.301,63.957
mp-aaaaagbx,Ho(CuSi)2,113.63,76.348
mp-aaaaagby,YbSnPd,68.945,27.608
mp-aaaaagcb,Ba(AsRu)2,76.622,39.593
mp-aaaaagce,Tl2SO4,23.802,8.835
mp-aaaaagcj,Li2Si2O5,78.037,49.052
mp-aaaaagcm,CaCuAs,64.433,42.103
mp-aaaaagcq,CaCN2,69.862,20.23
mp-aaaaagcs,KUO3,134.466,67.688
mp-aaaaagcx,Sc(CoSi)2,154.927,91.058
mp-aaaaagde,Rb2CO3,24.861,10.78
mp-aaaaagdf,Nb4GaS8,-617971.136,-370800.738
mp-aaaaagdi,MnSbPd,83.912,1.044
mp-aaaaagdo,Ho(SiPd)2,133.284,52.879
mp-aaaaagdq,Ca(MnSb)2,43.915,19.476
mp-aaaaagds,Ga2CoS4,40.307,28.303
mp-aaaaagdw,Li2ZrO3,100.625,55.316
mp-aaaaagdx,Sr(NO3)2,31.616,13.799
mp-aaaaagdy,Nd2CuO4,136.726,58.915
mp-aaaaaged,Ca3Ti2O7,129.623,65.502
mp-aaaaagef,TaNO,267.592,129.73
mp-aaaaagek,NaTaO3,201.078,111.744
mp-aaaaagel,DySi2Ni,111.364,66.451
mp-aaaaageo,HoNiSb,92.38,57.242
mp-aaaaagep,ZnSnP2,64.548,39.275
mp-aaaaager,Dy(SiRu)2,155.661,79.345
mp-aaaaageu,Ca2SiO4,96.958,48.988
mp-aaaaagev,Pr2CuO4,132.588,58.074
mp-aaaaagew,CrAgS2,77.616,26.272
mp-aaaaagfb,Ge2N2O,84.757,60.474
mp-aaaaagfd,Dy6FeSb2,39.048,34.383
mp-aaaaagfg,Ca3AsN,59.9,45.452
mp-aaaaagfi,Zn(CrS2)2,77849.346,11707.21
mp-aaaaagfj,Tm(NiGe)2,108.431,44.072
mp-aaaaagfk,NdFeSi2,113.322,81.325
mp-aaaaagfm,Ag3PO4,76.581,14.472
mp-aaaaagfn,Na2S2O3,27.015,13.524000000000001
mp-aaaaagfo,ScPO4,149.784,78.155
mp-aaaaagfq,BaAl2O4,84.0,41.224
mp-aaaaagfu,UAs2Pd,117.844,51.105
mp-aaaaagfy,Sm2CuO4,142.528,60.204
mp-aaaaaggc,Lu2Fe14B,128.894,73.037
mp-aaaaaggo,LiCrS2,64.206,40.013
mp-aaaaaggp,BaVS3,46.423,2.098
mp-aaaaaggq,Nd(CoSi)2,120.144,85.498
mp-aaaaaggr,Nd(AgGe)2,81.818,42.854
mp-aaaaaggs,Sc3TlC,97.309,81.849
mp-aaaaaggv,KMnSb,22.579,12.876
mp-aaaaaggy,BaZnO2,82.555,33.339
mp-aaaaagha,MnFeAs,159.384,74.317
mp-aaaaaghf,CaIrO3,154.842,70.601
mp-aaaaaghj,NaZnSb,31.291,3.9530000000000003
mp-aaaaaghk,YCoC2,164.762,94.828
mp-aaaaaghl,Hg(CO2)2,44.013,20.522
mp-aaaaaghm,Tb(SiPd)2,130.983,53.315
mp-aaaaaghn,Pr(Sb3Os)4,100.522,49.953
mp-aaaaagho,SnPS3,16.223,11.956
mp-aaaaaghp,V(CrC)2,292.334,44.953
mp-aaaaaghr,Ba(CuS)2,67.265,28.683
mp-aaaaaghv,Ca(CoGe)2,73.576,61.567
mp-aaaaaghy,BeAlB,140.226,133.528
mp-aaaaagia,K2S2O5,20.378,10.521
mp-aaaaagil,Sm(SiPd)2,127.742,55.498
mp-aaaaagim,NaSi2Pd3,105.869,46.48
mp-aaaaagiq,GaCuO2,148.134,55.03
mp-aaaaagit,LaSi2Pt,117.105,61.786
mp-aaaaagix,Sr2SnO4,106.729,50.94
mp-aaaaagiy,TbNiGe2,95.826,42.414
mp-aaaaagjb,Ho(NiGe)2,115.228,46.459
mp-aaaaagjk,Yb2Si2O7,88.802,30.327
mp-aaaaagjm,Nd(NiGe)2,111.919,48.011
mp-aaaaagjp,Er(CuSi)2,122.639,76.33
mp-aaaaagjs,PrAgAs2,74.255,42.754
mp-aaaaagka,Sr(NiAs)2,45.823,28.001
mp-aaaaagkf,MgSiO3,101.455,71.846
mp-aaaaagkg,Pr(CoB)2,144.516,89.475
mp-aaaaagkh,Nd(SiPd)2,123.29,57.139
mp-aaaaagki,Tm2CdS4,64.903,23.205
mp-aaaaagkz,Pr(P3Ru)4,162.522,100.692
mp-aaaaagla,KNbO3,109.845,60.647
mp-aaaaaglb,Sr(MnAs)2,52.687,31.048
mp-aaaaaglm,Tl(NiSe)2,38.486,13.208
mp-aaaaagln,YTiO3,184.267,77.988
mp-aaaaaglr,Sr2PdO3,97.839,55.987
mp-aaaaaglu,Cu2Ag2O3,-5741.84,9110.059
mp-aaaaaglw,NbGaCo2,193.763,82.303
mp-aaaaagly,Na2PtC2,54.301,25.524
mp-aaaaaglz,Cu2NiSn,124.8,-10.347
mp-aaaaagma,SbPdSe,83.274,31.472
mp-aaaaagmc,Sr(AsPd)2,79.52,32.583
mp-aaaaagmg,UAsS,78.118,42.242
mp-aaaaagmo,YB2Ru3,221.788,105.493
mp-aaaaagmp,Nd2Fe17N3,156.971,80.253
mp-aaaaagmq,Nb2CS2,-27.163,23.578
mp-aaaaagmr,CdCO3,89.565,29.309
mp-aaaaagmt,SrZrO3,145.804,82.978
mp-aaaaagmx,MgSiO3,199.288,108.878
mp-aaaaagnb,TbScGe,71.319,45.392
mp-aaaaagnc,Ba(NO3)2,27.443,9.771
mp-aaaaagnl,Rb3AuO,15.595,9.399000000000001
mp-aaaaagnm,CaSO4,64.243,31.298
mp-aaaaagno,Sm2Zr2O7,162.119,87.474
mp-aaaaagnq,Yb(Al2Mo)2,121.247,80.572
mp-aaaaagnv,Ho(CoGe)2,135.84,69.868
mp-aaaaagnz,NaNbO3,130.639,99.908
mp-aaaaagob,LaTaO4,126.822,28.246
mp-aaaaagoi,CaSiO3,76.748,39.815
mp-aaaaagoj,CaSiO3,92.549,47.623
mp-aaaaagol,Ag3AsS3,22.91,6.11
mp-aaaaagon,Ce(SiIr)2,166.749,109.844
mp-aaaaagos,CaSnO3,143.373,77.611
mp-aaaaagot,Pr(SiNi)2,126.482,67.988
mp-aaaaagov,Ca(CuGe)2,79.246,42.085
mp-aaaaagpc,Y3AlC,79.684,63.961
mp-aaaaagpg,Cd(GaS2)2,36.683,22.088
mp-aaaaagpi,CeCo3B2,321.221,472.294
mp-aaaaagpm,Th(MnSi)2,149.607,76.62
mp-aaaaagpu,Tb(SiNi)2,120.154,73.586
mp-aaaaagpw,CuSbS2,46.586,26.263
mp-aaaaagpz,ScAlO3,205.767,116.509
mp-aaaaagqa,BMo2C,316.049,172.69
mp-aaaaagqd,Tl(CoSe)2,32.334,20.186
mp-aaaaagqg,CaSiPt,82.686,21.792
mp-aaaaagqj,Ca2SiO4,89.257,49.717
mp-aaaaagql,AgAsSe2,61.135,22.406
mp-aaaaagqm,Ba(PRu)2,88.019,48.795
mp-aaaaagqq,Sr(FeAs)2,84.292,42.202
mp-aaaaagqu,MnCo2Si,218.693,111.468
mp-aaaaagqw,NaYbS2,36.215,11.768
mp-aaaaagqx,KLiTe,19.903,11.932
mp-aaaaagrb,MgAlSi,67.736,39.357
mp-aaaaagrc,ZrNbP,173.675,100.233
mp-aaaaagrh,La3AlN,66.117,43.537
mp-aaaaagrk,ErInPd,89.71,31.411
mp-aaaaagrm,DyNiSb,90.475,56.439
mp-aaaaagrq,NaNbO3,100.75,37.235
mp-aaaaagrv,KPrO2,67.63,36.621
mp-aaaaagrw,Y(CuGe)2,103.38,55.688
mp-aaaaagsa,ZnGeP2,73.515,49.211
mp-aaaaagsf,K2SO4,28.688,16.186
mp-aaaaagsh,NaNO3,26.795,12.399000000000001
mp-aaaaagsj,Na2SiO3,61.337,35.839
mp-aaaaagsm,ScNi2Sn,126.056,50.791
mp-aaaaagsr,NaCuO2,58.273,31.25
mp-aaaaagsz,SrSiN2,96.042,34.515
mp-aaaaagtb,SrHfO3,163.199,99.605
mp-aaaaagtc,ErInCu2,88.491,42.728
mp-aaaaagtg,Li2SO4,45.0,21.273
mp-aaaaagtj,BaCO3,46.663,21.432
mp-aaaaagtl,UAl3Pd2,116.197,63.137
mp-aaaaagtn,Ti3TlC,148.372,83.571
mp-aaaaagtv,CaZrO3,149.043,85.19
mp-aaaaagtx,TlSbTe2,28.606,16.998
mp-aaaaagty,YbTaO4,57.297,36.824
mp-aaaaaguh,NbCo2Sn,189.708,-1785.447
mp-aaaaagui,Tl3BO3,20.152,11.808
mp-aaaaaguk,LiAlTe2,27.57,13.523
mp-aaaaaguo,Mg(GaO2)2,162.924,75.837
mp-aaaaagur,Mn3AlC,235.077,130.58
mp-aaaaagut,VFe2Si,243.627,2.215
mp-aaaaagvc,Li7VN4,82.448,71.832
mp-aaaaagvg,KPF6,23.365,7.181
mp-aaaaagvj,Th(SiPt)2,161.712,55.529
mp-aaaaagvk,TiCo2Ge,188.455,84.07
mp-aaaaagvl,Zr2SnC,126.349,78.073
mp-aaaaagvy,CaCO3,71.259,33.183
mp-aaaaagvz,CoAsS,135.022,105.649
mp-aaaaagwa,ZrSiSe,34.808,26.884
mp-aaaaagwc,Li2RuO3,109.493,-50.211
mp-aaaaagwf,Yb(SiPd)2,108.371,40.803
mp-aaaaagwg,LaNi4B,141.277,67.343
mp-aaaaagwi,ScCuO2,135.234,44.365
mp-aaaaagwk,TlCrTe2,34.601,20.607
mp-aaaaagwp,Nb2CuO6,105.183,54.339
mp-aaaaagwx,SrTiO3,168.22,101.114
mp-aaaaagwy,MnRh2Pb,151.048,28.127
mp-aaaaagwz,Y(SiIr)2,173.891,104.133
mp-aaaaagxc,Y(Al2Fe)4,123.771,84.62
mp-aaaaagxh,ScOF,142.79,62.971
mp-aaaaagxi,ScOF,104.243,46.104
mp-aaaaagxk,MnGeRh2,189.249,15.755
mp-aaaaagxm,CdSiP2,74.415,39.677
mp-aaaaagxo,K(CoSe)2,50.314,24.198
mp-aaaaagxs,TbPS4,38.774,22.162
mp-aaaaagxt,SrHfO3,154.945,91.224
mp-aaaaagxu,BNF8,16.052,7.666
mp-aaaaagxv,NaTaO3,139.77,110.721
mp-aaaaagxy,Zr2AlN,142.503,97.869
mp-aaaaagyb,NaNbO3,92.741,54.97
mp-aaaaagyl,Ag2CO3,47.972,14.143
mp-aaaaagym,Dy(SiNi)2,114.571,73.379
mp-aaaaagyr,Zn(CrSe2)2,72.426,33.234
mp-aaaaagyt,NaTaO3,127.767,47.441
mp-aaaaagzf,Li2CuO2,84.8,43.976
mp-aaaaagzo,Si2Ni6B,211.027,78.437
mp-aaaaagzt,Nd(GePd)2,107.798,38.891
mp-aaaaagzw,Cu2GeSe3,59.424,26.243
mp-aaaaagzy,Ga2HgSe4,30.818,18.665
mp-aaaaagzz,K2UF6,45.281,21.626
mp-aaaaahaa,UGa5Co,105.256,75.021
mp-aaaaahag,PrScGe,64.503,39.785
mp-aaaaahal,ErTiGe,90.675,52.162
mp-aaaaaham,Ca(NiAs)2,84.598,39.082
mp-aaaaahaq,NaNbO3,124.843,-58.617
mp-aaaaahav,Al2SiO5,142.634,88.811
mp-aaaaahay,ZnSnSb2,40.984,22.498
mp-aaaaahaz,KReO4,18.263,11.252
mp-aaaaahbf,ZnSiP2,84.953,54.178
mp-aaaaahbj,Ce(SiOs)2,168.404,82.371
mp-aaaaahbk,Eu(SiNi)2,94.667,58.471
mp-aaaaahbm,Na2SO4,42.716,21.97
mp-aaaaahbn,TiAlCu2,134.483,58.316
mp-aaaaahbv,Li2B4O7,41.92,40.743
mp-aaaaahca,CaPtO3,147.319,68.474
mp-aaaaahcb,CeAl3Pd2,108.295,61.657
mp-aaaaahce,K(OsO3)2,129.08,80.552
mp-aaaaahcf,PrRhO3,178.185,61.536
mp-aaaaahcj,U(SiPd)2,141.952,48.272
mp-aaaaahco,Sc(AlC)3,166.256,138.55
mp-aaaaahcv,Gd2SO2,112.425,60.067
mp-aaaaahcz,Ga2HgS4,35.968,22.015
mp-aaaaahdc,Zn4B6O13,179.033,90.257
mp-aaaaahdd,NbAlNi2,181.822,49.39
mp-aaaaahdf,Pr(SiRh)2,137.912,83.789
mp-aaaaahdh,CeAl5Ni2,96.912,61.918
mp-aaaaahdj,MgGeO3,111.428,65.203
mp-aaaaahdk,ZrSiO4,202.03,97.007
mp-aaaaahdm,Y(SiPd)2,130.582,52.738
mp-aaaaahdn,Na2PdC2,47.04,22.117
mp-aaaaahdo,NaZnP,42.42,26.866
mp-aaaaahdq,CaCuO2,120.874,63.044
mp-aaaaahds,HfNi2Sn,153.406,48.08
mp-aaaaahdt,Na2ThF6,51.138,26.423
mp-aaaaahdz,LaCuSi,82.111,45.769
mp-aaaaahea,Yb(MnSb)2,43.87,18.882
mp-aaaaahee,GaCuSe2,55.594,28.705
mp-aaaaaheg,Al2ZnS4,84.975,45.424
mp-aaaaahek,MnSbRh,112.852,31.097
mp-aaaaaheq,Ni(RhSe2)2,85.507,31.876
mp-aaaaahes,NdScGe,65.782,40.817
mp-aaaaaheu,HoGa5Co,86.145,53.558
mp-aaaaahez,Sr(CuAs)2,56.86,20.546
mp-aaaaahfc,CaMgSn,40.739,28.662
mp-aaaaahfd,Er(NiGe)2,122.05,47.358
mp-aaaaahff,CaAl4O7,113.819,47.283
mp-aaaaahfn,GdTaO4,142.698,65.535
mp-aaaaahfo,Tl3SbSe3,14.239,6.494
mp-aaaaahfq,ZrGeSe,103.022,68.946
mp-aaaaahft,Er(SiNi)2,122.991,71.098
mp-aaaaahfv,Ba(FeP)2,83.619,56.871
mp-aaaaahfz,BaCeN2,103.462,41.631
mp-aaaaahga,NbPO5,87.368,51.893
mp-aaaaahgb,Y(GeRh)2,132.96,62.331
mp-aaaaahgf,Hf2SnC,137.648,80.746
mp-aaaaahgh,UTeAs,71.159,29.644
mp-aaaaahgi,Sm(SiPt)2,140.382,34.47
mp-aaaaahgj,ScSnPd2,123.983,34.491
mp-aaaaahgl,GaAgTe2,40.225,16.928
mp-aaaaahgm,BaCeO3,109.913,27.466
mp-aaaaahgn,Y2MgCu2,62.66,10.28
mp-aaaaahgp,Tm(CuSi)2,116.757,75.636
mp-aaaaahgq,Pr(SiRu)2,130.298,79.764
mp-aaaaahgu,Y(CoGe)2,136.227,70.145
mp-aaaaahgv,V2NiS4,96.085,58.493
mp-aaaaahgz,LiGa2Rh,103.896,33.902
mp-aaaaahhg,Nd(GeRh)2,123.385,64.855
mp-aaaaahhi,MnAlNi2,158.539,52.165
mp-aaaaahhk,Pr(CuGe)2,95.907,53.319
mp-aaaaahhq,TiAl2O5,184.787,94.223
mp-aaaaahhu,Al2SiO5,176.285,183.311
mp-aaaaahhw,Yb(SiPt)2,122.842,30.453
mp-aaaaahhy,ScCo3B2,244.868,341.806
mp-aaaaahhz,Dy(FeSi)2,148.31,82.764
mp-aaaaahik,KCaF3,48.658,25.296
mp-aaaaahin,CdGeAs2,52.238,27.331
mp-aaaaahio,La(SiPd)2,120.576,54.617
mp-aaaaahip,AlVCo2,195.177,101.019
mp-aaaaahiv,Na2HgO2,42.323,23.423
mp-aaaaahiw,CoSbS,113.942,77.053
mp-aaaaahiy,YSbPt,96.369,47.273
mp-aaaaahjd,TbCoSi2,125.927,61.752
mp-aaaaahjg,LuInCu2,89.584,42.279
mp-aaaaahjh,CeSF,84.351,46.483
mp-aaaaahjm,Ti2AlN,156.701,118.851
mp-aaaaahjn,AlCuS2,82.165,35.549
mp-aaaaahjq,SmBRh3,175.916,78.41
mp-aaaaahjs,SiB2Mo5,575743.57,85096.646
mp-aaaaahjt,Dy(MnSi)2,128.929,75.386
mp-aaaaahjw,TlAsS2,8.873,5.635
mp-aaaaahjx,CrNiAs,130.106,61.789
mp-aaaaahjy,MnSnRh2,169.635,39.345
mp-aaaaahjz,Tb2Sn2O7,166.521,91.856
mp-aaaaahka,ScCrC2,208.072,136.76
mp-aaaaahkf,ZrGeS,118.661,77.929
mp-aaaaahkg,Sr2IrO4,128.645,47.185
mp-aaaaahkh,Nd(CoGe)2,111.275,67.306
mp-aaaaahki,Tl(CuSe)2,29.141,15.456
mp-aaaaahku,Li2SiO3,76.805,51.443
mp-aaaaahkw,CuAgS,43.849,16.322
mp-aaaaahkx,UAlRh,130.046,43.274
mp-aaaaahlb,YCo3B2,203.252,116.996
mp-aaaaahlc,BaTiO3,94.151,40.831
mp-aaaaahle,Er(SiRu)2,156.818,77.629
mp-aaaaahlg,ZrP2O7,131.49,51.345
mp-aaaaahlh,Zr2CS,165.501,114.231
mp-aaaaahlu,CsGaS2,12.848,6.173
mp-aaaaahly,YTiGe,86.156,49.263
mp-aaaaahmc,BeSO4,37.858,34.279
mp-aaaaahme,LiGaTe2,26.207,13.673
mp-aaaaahmg,Rb(OsO3)2,460831.513,276505.524
mp-aaaaahml,Na6MnS4,30.501,13.834
mp-aaaaahmm,Mn2SiS4,57.588,26.202
mp-aaaaahmo,FeAgS2,49.061,13.985
mp-aaaaahmt,YAl3Ni2,110.087,68.926
mp-aaaaahmv,Al2SiO5,172.073,119.72
mp-aaaaahmy,DyZrSb,79.781,39.479
mp-aaaaahnc,Rb2HgO2,23.964,11.792
mp-aaaaahnd,RbNO3,18.157,8.683
mp-aaaaahnf,Sc3CoC4,177.226,121.093
mp-aaaaahng,SrZrO3,143.03,87.474
mp-aaaaahnh,NaLi2Sb,29.136,22.606
mp-aaaaahni,SrZnF4,61.603,22.407
mp-aaaaahnu,Ti2FeSe4,57.172,41.074
mp-aaaaahoi,CaZnF4,69.912,23.473
mp-aaaaahok,TbCoC2,175.952,95.326
mp-aaaaahon,Y(NiGe)2,102.131,47.692
mp-aaaaahop,YbCuGe,57.103,37.169
mp-aaaaahoq,Pr(CoSi)2,120.671,82.295
mp-aaaaahpa,Na3AlP2,28.353,15.648
mp-aaaaahpc,MnNi2Sb,137.829,18.952
mp-aaaaahpe,ZnSO4,71.11,32.925
mp-aaaaahpf,LiCuO,69.627,32.616
mp-aaaaahph,Y(CoSi)2,133.147,94.082
mp-aaaaahpk,YPO4,133.65,60.18
mp-aaaaahpn,Dy(CoB)2,155.789,107.738
mp-aaaaahpp,Zr2SbP,114.043,67.669
mp-aaaaahpt,Na2SeO4,37.641,21.775
mp-aaaaahpy,Zn(RhO2)2,168.078,56.385
mp-aaaaahqb,NbAlCo2,195.157,94.077
mp-aaaaahqc,HoSi2Ni,128.804,66.265
mp-aaaaahqd,Cd4GeS6,33.377,17.369
mp-aaaaahqe,La2SiO5,99.469,44.933
mp-aaaaahqg,HoNiC2,166.911,98.467
mp-aaaaahqj,Ca(PRu)2,102.347,78.667
mp-aaaaahqk,KNO3,17.312,8.418
mp-aaaaahql,LiGa2Pd,83.371,20.021
mp-aaaaahqp,LaRhO3,173.36,58.779
mp-aaaaahqr,Th(SiRu)2,168.505,88.638
mp-aaaaahqs,Ca(AsPd)2,88.276,26.838
mp-aaaaahqt,Sm(NiGe)2,101.792,47.319
mp-aaaaahqw,NdCoSi2,119.87,62.859
mp-aaaaahqz,Ce(SiAu)2,112.156,46.687
mp-aaaaahrb,NaInO2,90.689,50.611
mp-aaaaahrc,Y(SiNi)2,127.098,73.066
mp-aaaaahrm,ScNiSn,93.391,38.313
mp-aaaaahrq,ZnSnAs2,53.372,29.953
mp-aaaaahrt,SrZrS3,69.284,36.069
mp-aaaaahrx,ErB2Ir3,249.809,122.299
mp-aaaaahsa,PrBRh3,169.867,73.418
mp-aaaaahsn,CdSnP2,57.007,29.276
mp-aaaaahsp,NdNiGe2,100.569,47.553
mp-aaaaahst,Ho(SiOs)2,173.944,87.971
mp-aaaaahsv,HfAlCo2,172.038,89.886
mp-aaaaahsw,ReTeS,67.821,43.016
mp-aaaaahsx,GdAlO3,184.501,108.981
mp-aaaaahtd,SrTiO3,170.929,108.497
mp-aaaaahtm,GaCuS2,71.436,36.055
mp-aaaaahtn,NdSiRu,82.341,48.599
mp-aaaaahts,Ti2SbP,114.291,70.239
mp-aaaaahtt,Zn(CN)2,40.24,4.726
mp-aaaaahtu,KNbO3,103.853,50.363
mp-aaaaahtz,Ca4CN4,66.517,33.929
mp-aaaaahuh,RbAlF4,45.534,28.532
mp-aaaaahui,Ho(GeRu)2,135.733,57.245
mp-aaaaahuq,U2SbN2,99.35,46.99
mp-aaaaahuw,ThTi2O6,150.848,62.689
mp-aaaaahve,AgCO2,33.367,11.493
mp-aaaaahvg,U(CrSi)2,149.59,89.167
mp-aaaaahvh,SrSO4,60.595,25.048
mp-aaaaahvk,Y(FeSi)2,147.103,82.397
mp-aaaaahvo,Ca(SiNi)2,115.307,57.367
mp-aaaaahvy,Gd2Ti2O7,183.909,95.771
mp-aaaaahwa,LaAlO3,194.911,129.69
mp-aaaaahwb,CuAsS,66.107,30.222
mp-aaaaahwf,KAuF4,22.107,10.288
mp-aaaaahwj,HoCo3B2,203.405,125.023
mp-aaaaahwo,MnCoSb,116.415,56.542
mp-aaaaahwt,CeAlO3,191.964,48.718
mp-aaaaahww,Yb(CoSi)2,110.853,83.937
mp-aaaaahwx,Na4UO5,46.607,31.019
mp-aaaaahxj,CsNaTe,14.558,7.749
mp-aaaaahxm,GaAgS2,59.096,22.5
mp-aaaaahxq,Lu(CuSi)2,121.177,74.808
mp-aaaaahxr,KAlF4,58.079,14.059
mp-aaaaahxs,MgCO3,103.452,56.315
mp-aaaaahxu,Zn(GaS2)2,41.892,29.034
mp-aaaaahxx,ErCo3B2,213.346,125.896
mp-aaaaahyi,YbBO3,80.342,29.012
mp-aaaaahyn,PrB2Rh3,214.536,169.418
mp-aaaaahyo,ErNbO4,142.997,57.979
mp-aaaaahyq,RbFeS2,19.246,8.026
mp-aaaaahyr,Y2Ti2O7,186.139,98.422
mp-aaaaahyv,YTaO4,137.531,66.772
mp-aaaaahyy,Ca4P2O,61.778,43.882
mp-aaaaahyz,U2PN2,153.594,86.061
mp-aaaaahza,Sc6Si7Ni16,159.405,82.144
mp-aaaaahzb,NdNiC2,145.636,86.592
mp-aaaaahze,Er(SiRh)2,157.308,88.318
mp-aaaaahzf,YNbO4,133.321,55.399
mp-aaaaahzg,Zn(SbO2)2,43.305,12.537
mp-aaaaahzj,Mg2SiO4,156.143,102.589
mp-aaaaahzk,Mg2SiO4,111.352,65.679
mp-aaaaahzm,LaSF,90.315,42.488
mp-aaaaahzo,MnCo2Sb,174.535,76.297
mp-aaaaahzr,Tb(FeSi)2,145.871,83.177
mp-aaaaahzs,Th(CrSi)2,134.222,45.909
mp-aaaaahzz,TiAlCo2,179.963,98.873
mp-aaaaaiab,Y4Al2O9,132.792,25.895
mp-aaaaaiac,SmCo3B2,197.382,111.407
mp-aaaaaiag,NaSbS2,23.333,14.886
mp-aaaaaial,LiGa2Ir,121.949,40.935
mp-aaaaaiap,Pr(MnSi)2,114.758,71.979
mp-aaaaaiat,Mg2P2O7,117.085,61.45
mp-aaaaaiav,Tb(SiOs)2,170.188,89.207
mp-aaaaaiax,BaTeO3,43.028,20.15
mp-aaaaaibc,FeCo2Si,200.083,87.106
mp-aaaaaibe,TmBRh3,186.37,89.666
mp-aaaaaibj,Nb2SnC,161.142,81.589
mp-aaaaaibk,Y3Ga5O12,166.366,14.871
mp-aaaaaibm,Li2PrO3,73.939,21.617
mp-aaaaaibr,Er(FeGe)2,134.12,48.299
mp-aaaaaibs,Ce(CuSi)2,113.036,75.241
mp-aaaaaibw,Sr2CuO3,96.649,53.877
mp-aaaaaibz,Nd2TeO2,71.289,34.516
mp-aaaaaicb,Rb3TaO8,29.187,14.073
mp-aaaaaicn,CaMgSi,50.491,40.749
mp-aaaaaicp,NaTaN2,136.044,88.887
mp-aaaaaics,TlPd3O4,139.649,38.327
mp-aaaaaict,RbAlF4,55.619,28.295
mp-aaaaaida,Ca(CuSi)2,97.787,55.112
mp-aaaaaidd,LuTaO4,138.592,58.177
mp-aaaaaidf,MnAlAu2,121.118,15.261
mp-aaaaaidg,SrAl2O4,79.915,43.078
mp-aaaaaidh,PrSi2Ni,106.474,68.41
mp-aaaaaidj,Ag2PdO2,84.084,16.27
mp-aaaaaidl,Er(CoGe)2,134.9,69.45
mp-aaaaaidm,Ca(MnAs)2,63.206,34.526
mp-aaaaaidp,Tl(CoS)2,58.448,23.471
mp-aaaaaidr,ErTaO4,154.87,73.121
mp-aaaaaids,BaCO3,51.872,21.914
mp-aaaaaidt,U2TeN2,85.916,52.251
mp-aaaaaidw,Th(SiPd)2,141.173,63.454
mp-aaaaaieb,Tl3VS4,21.006,7.07
mp-aaaaaied,Li7MnN4,-236730.589,-142028.877
mp-aaaaaieg,GaAgSe2,49.331,18.696
mp-aaaaaieh,HoGeAu,93.299,45.301
mp-aaaaaien,KAlO2,65.943,40.349
mp-aaaaaieo,La(CoSi)2,117.558,76.385
mp-aaaaaieq,Ni3(SnS)2,60.846,26.959
mp-aaaaaier,MnFe2Si,237.181,23.421
mp-aaaaaieu,Sr2TiO4,127.094,75.758
mp-aaaaaifa,YSnPd2,107.794,14.252
mp-aaaaaifc,SrB4O7,147.126,118.908
mp-aaaaaifd,ZrVSi,156.335,61.897
mp-aaaaaifg,U(Al2Cr)4,182.023,39.122
mp-aaaaaifk,Ta2Cd2O7,155.679,84.063
mp-aaaaaifl,MgSnAu,65.619,28.043
mp-aaaaaifs,U(SiRh)2,162.197,84.537
mp-aaaaaifu,NaReO4,21.527,10.392
mp-aaaaaiga,Pr(AgGe)2,81.263,43.123
mp-aaaaaigc,KCuF3,68.887,30.35
mp-aaaaaign,Ce(GeRh)2,129.851,65.086
mp-aaaaaigo,LuB2Ru3,227.908,105.804
mp-aaaaaigz,Sr(MnP)2,77.447,47.371
mp-aaaaaiha,YMgGa,59.971,48.769
mp-aaaaaihb,U(NiGe)2,187.564,19.633
mp-aaaaaihe,Sc2Si2O7,160.151,72.463
mp-aaaaaihh,Ca(FeP)2,93.804,79.373
mp-aaaaaihm,Cr2HgSe4,67.353,24.062
mp-aaaaaihp,Ce(SiAg)2,90.121,51.335
mp-aaaaaihq,AlTlF4,56.864,24.286
mp-aaaaaihv,BaUO4,90.551,40.544
mp-aaaaaihz,CaAgAs,60.562,36.572
mp-aaaaaiic,Mg2As2O7,103.919,48.223
mp-aaaaaiie,TmB2Ru3,225.91,106.066
mp-aaaaaiif,NbCu3S4,44.381,25.259
mp-aaaaaiig,Nd(CoP)2,122.962,88.035
mp-aaaaaiij,Ag2SO4,48.044,11.243
mp-aaaaaiil,Pr(FeSi)2,114.059,77.796
mp-aaaaaiiq,DyAsO4,127.515,54.647
mp-aaaaaiis,NdOF,125.408,12.254
mp-aaaaaiiv,SrZnO2,92.231,50.077
mp-aaaaaiix,Mg2SiO4,173.178,116.187
mp-aaaaaijk,Y2Si2O7,140.631,59.865
mp-aaaaaijr,Ti3SiC2,183.669,133.36
mp-aaaaaiju,Ce2Fe17N3,151.877,78.895
mp-aaaaaijv,BaCeO3,111.403,52.386
mp-aaaaaikc,LiTi2O4,-4729.5,-2893.555
mp-aaaaaikd,Sr(CoP)2,88.052,45.893
mp-aaaaaiki,MnSbPt,110.879,29.228
mp-aaaaaiku,Er(FeSi)2,132.768,79.147
mp-aaaaaikw,GdScO3,162.616,80.921
mp-aaaaaiky,TbRhO3,185.684,68.207
mp-aaaaaikz,NaCrS2,60.393,34.579
mp-aaaaailf,K2CuF4,43.612,18.902
mp-aaaaaili,Cu3SbS4,68.849,25.749
mp-aaaaailm,SnPSe3,17.329,11.328
mp-aaaaailq,Ag3Te2Au,41.009,10.424
mp-aaaaailu,TmCo3B2,210.234,126.519
mp-aaaaaima,Ho(SiRu)2,159.103,78.475
mp-aaaaaimd,ZrAlNi,130.593,73.136
mp-aaaaaime,AlPO4,26.709,29.63
mp-aaaaaimj,YAgSn,71.171,41.828
mp-aaaaaimk,Ba(BO2)2,47.902,18.109
mp-aaaaaimn,CaSiO3,92.34,47.273
mp-aaaaaimt,U2SN2,133.28,79.861
mp-aaaaaimz,Nb2CS2,40.643,26.257
mp-aaaaainc,HfAlNi2,160.645,37.535
mp-aaaaaind,Cr2FeSe4,52.11,33.226
mp-aaaaaing,Tb(SiIr)2,175.73,105.01
mp-aaaaaink,Cu3PSe4,62.703,27.883
mp-aaaaainl,CeB2Rh3,205.713,99.395
mp-aaaaaino,NdSF,98.364,49.193
mp-aaaaainu,CeCuS2,51.385,11.751
mp-aaaaainv,DyPO4,132.418,62.37
mp-aaaaaiob,BaRuO3,115.604,37.097
mp-aaaaaiof,BaTiO3,97.867,51.278
mp-aaaaaiog,AlVFe2,220.899,137.797
mp-aaaaaiok,AlAgS2,62.691,21.746
mp-aaaaaiom,Na2GeO3,53.912,28.066
mp-aaaaaioo,U(SiOs)2,-69.752,90.466
mp-aaaaaiop,SrCuO2,86.243,41.969
mp-aaaaaioq,NaUO3,83.733,53.954
mp-aaaaaiow,Zn(GaO2)2,168.278,76.893
mp-aaaaaiox,CaMg2N2,101.805,73.927
mp-aaaaaipa,Al6C3N2,158.937,104.243
mp-aaaaaipp,TaNO,219.542,74.925
mp-aaaaaipv,Pr(NiGe)2,116.144,45.239
mp-aaaaaipw,Ce(CoP)2,140.722,95.364
mp-aaaaaipx,TaAgS3,82.882,36.596
mp-aaaaaiqd,CaTiO3,176.478,103.379
mp-aaaaaiql,Ho(CoSi)2,135.687,94.372
mp-aaaaaiqm,ThSiO4,162.659,58.134
mp-aaaaaiqp,TiPO4,102.75,63.424
mp-aaaaaiqq,LiScO2,118.79,81.291
mp-aaaaaiqr,RbCuC2,16.425,14.044
mp-aaaaaiqy,ErZrSb,80.18,38.697
mp-aaaaairc,Pr(SiOs)2,146.212,87.485
mp-aaaaaird,LiSi2N3,158.088,121.468
mp-aaaaairj,AlPO4,58.017,22.432
mp-aaaaairm,CrCuS2,92.238,39.336
mp-aaaaairq,MnCuSb,75.954,30.067
mp-aaaaairt,Ca2CuO3,112.399,61.191
mp-aaaaaisc,KZnF3,71.15,33.286
mp-aaaaaisf,CoSbS,118.332,79.673
mp-aaaaaisn,Er2Ti2O7,193.302,102.343
mp-aaaaaisr,CaSiO3,216.044,150.17
mp-aaaaaisy,Ba2ZrF8,48.085,23.193
mp-aaaaaitg,CeAsS,80.376,42.321
mp-aaaaaiti,CaCuSb,52.044,33.921
mp-aaaaaitn,TlNO3,21.657,8.29
mp-aaaaaito,Yb(SiNi)2,106.765,58.089
mp-aaaaaitq,Hf2NiP,180.029,94.851
mp-aaaaaits,LiAlGe,55.853,50.642
mp-aaaaaitt,TaAlNi2,192.409,53.507
mp-aaaaaitw,MgSiO3,189.894,103.854
mp-aaaaaiua,Al2CdS4,38.504,22.514
mp-aaaaaiub,Na5SiP3,30.046,16.822
mp-aaaaaiuf,BaTiO3,139.365,73.886
mp-aaaaaiug,Yb(CuSi)2,98.953,54.255
mp-aaaaaiuk,SrCu2O3,96.447,44.756
mp-aaaaaiuq,MnSbAu,77.433,12.833
mp-aaaaaiuu,Th(CuSi)2,133.026,75.141
mp-aaaaaiux,CeMnNi4,155.95,998.472
mp-aaaaaivi,NaMgAs,33.163,20.602
mp-aaaaaivn,TiCoSb,141.018,74.37
mp-aaaaaivr,YBPt2,159.168,52.283
mp-aaaaaivw,Dy(CoSi)2,120.084,94.317
mp-aaaaaivx,Nd2Zr2O7,158.964,86.085
mp-aaaaaiwc,La(NiAs)2,113.37,49.769
mp-aaaaaiwd,Tm(CoGe)2,131.945,68.577
mp-aaaaaiwe,Y(BRh)4,229.147,99.894
mp-aaaaaiwg,BaTiO3,107.183,49.773
mp-aaaaaiwk,CsLi(B3O5)2,30.297,17.192
mp-aaaaaiwt,Sm2Ti2S2O5,130.487,58.295
mp-aaaaaixc,Ca3Al2(SiO4)3,153.627,97.534
mp-aaaaaixy,Be3Al2(SiO3)6,170.348,72.955
mp-aaaaaiza,K2NaScF6,41.223,23.479
mp-aaaaaizh,Sr2GaSbO6,147.444,88.417
mp-aaaaaizp,Mg3Al2(SiO4)3,158.13,84.574
mp-aaaaaizq,KRb2TiF6,34.699,22.332
mp-aaaaaizx,Ba2Ti(SiO4)2,81.257,35.951
mp-aaaaajae,LaCuSO,79.381,40.612
mp-aaaaajai,TbNi2B2C,174.217,71.075
mp-aaaaajak,Ca2MgSi2O7,86.507,35.75
mp-aaaaajan,Li3Al(BO3)2,66.385,39.258
mp-aaaaajao,ErNi2B2C,170.408,72.989
mp-aaaaajap,LiSc(SiO3)2,92.293,59.882
mp-aaaaajas,NdNi2B2C,185.091,66.271
mp-aaaaajaz,CaTiSiO5,115.567,68.582
mp-aaaaajbm,Ba2NdSbO6,120.71,45.988
mp-aaaaajbr,BaCu(Si2O5)2,84.902,31.781
mp-aaaaajby,LiCaAlF6,66.385,37.152
mp-aaaaajco,Na4Zr2(SiO4)3,91.312,47.588
mp-aaaaajcq,La2ZnIrO6,151.657,41.096
mp-aaaaajdf,Ba2NdNbO6,124.323,48.803
mp-aaaaajdm,Mg2Al4Si5O18,123.273,50.367
mp-aaaaajdq,Cs2KTiF6,41.268,-23.193
mp-aaaaajdr,KLiSO4,36.141,20.883
mp-aaaaajeq,Cs2NaScF6,34.148,17.639
mp-aaaaajer,Ba2Ho(CuO2)4,104.048,39.752
mp-aaaaajfj,DyNi2B2C,174.721,70.588
mp-aaaaajfk,LiScSiO4,109.06,64.49
mp-aaaaajfo,Na2TiGeO5,82.829,43.09
mp-aaaaajgb,LiGa(SiO3)2,96.585,60.422
mp-aaaaajhe,Ba2LiReO6,84.792,43.501
mp-aaaaajim,Sr2GaSbO6,144.046,47.009
mp-aaaaajjb,Na2MgAlF7,64.198,40.586
mp-aaaaajji,LiAlSiO4,114.023,45.755
mp-aaaaajjk,Na2Ti2Sb2O,52.503,29.889
mp-aaaaajjp,NaIn(SiO3)2,98.189,51.456
mp-aaaaajjw,LiAl(SiO3)2,132.634,77.257
mp-aaaaajkb,Ba3TbRu2O9,118.047,44.573
mp-aaaaajkj,Y2Si4CN6,167.246,102.676
mp-aaaaajks,Sr2TbIrO6,138.501,61.191
mp-aaaaajlo,RbSO2F,14.178,7.871
mp-aaaaajlv,Na2ZnSiO4,77.843,34.457
mp-aaaaajmm,ZnCu2GeS4,68.717,33.762
mp-aaaaajni,Ba2YReO6,155.406,18.856
mp-aaaaajnu,LiAl(Si2O5)2,63.864,44.628
mp-aaaaajol,CaMg(CO3)2,88.959,41.324
mp-aaaaajou,BaNd2ZnO5,115.481,61.928
mp-aaaaajoz,Ca5P3O12F,83.004,46.252
mp-aaaaajpa,Ba3MgNb2O9,127.395,78.056
mp-aaaaajps,Ba2YSbO6,129.55,78.167
mp-aaaaajpt,CaMgSiO4,100.479,54.985
mp-aaaaajpu,K2Ca(CO3)2,46.261,21.788
mp-aaaaajpy,CoCu2GeS4,72.689,32.065
mp-aaaaajqe,BaMg(CO3)2,73.809,30.686
mp-aaaaajql,KCSN,15.519,8.426
mp-aaaaajqv,LiLaTiO4,122.869,53.816
mp-aaaaajrr,VAg(PSe3)2,10.516,2.107
mp-aaaaajsb,LiSc(SiO3)2,105.957,64.604
mp-aaaaajsi,KSO2F,17.575,8.399000000000001
mp-aaaaajsk,Ba2CuHgO4,66.455,24.898
mp-aaaaajsm,Sr2MgSi2O7,86.466,43.679
mp-aaaaajti,K2NaAlF6,45.766,27.366
mp-aaaaajtu,K2Cu(PO3)4,34.223,20.176
mp-aaaaajuc,SrYSi4N7,170.189,102.31
mp-aaaaajuj,Ba2YTaO6,137.826,79.834
mp-aaaaajuu,Tb2Fe2Si2C,127.515,80.136
mp-aaaaajuv,LaAgSO,70.603,34.38
mp-aaaaajuy,CsCd(NO2)3,27.837,12.769
mp-aaaaajvd,NaCSN,18.759,8.919
mp-aaaaajvq,HoNi2B2C,157.954,64.68
mp-aaaaajvy,Cs2LiGaF6,23.035,9.426
mp-aaaaajwf,BaTi(SiO3)3,108.915,57.615
mp-aaaaajwm,LiTiPO5,97.252,58.853
mp-aaaaajwn,Sr5P3O12F,75.339,40.323
mp-aaaaajwu,Sr2HoRuO6,137.633,68.552
mp-aaaaajxe,K2NaInF6,39.509,20.537
mp-aaaaajxl,CaZn(SiO3)2,97.63,52.483
mp-aaaaajxy,TiTlPO5,79.378,46.869
mp-aaaaajyp,Sr3ZnIrO6,107.808,22.835
mp-aaaaajys,CsLiSO4,30.843,15.01
mp-aaaaajzf,Ba2CaOsO6,123.932,14.336
mp-aaaaajzl,LiGa(SiO3)2,110.559,60.904
mp-aaaaajzu,TmNi2B2C,154.321,73.834
mp-aaaaakae,BaSi2(NO)2,95.182,-2174.223
mp-aaaaakag,CaMg(SiO3)2,102.013,65.007
mp-aaaaakam,CaBe2(PO4)2,84.663,51.832
mp-aaaaakat,Ba2Pr(CuO2)4,102.385,40.374
mp-aaaaakav,AgCNO,8.598,4.82
mp-aaaaakbi,LaB2Rh2C,185.956,59.085
mp-aaaaakca,KBaPO4,55.459,26.743
mp-aaaaakck,NaGa(SiO3)2,169.061,16.845
mp-aaaaakcm,Na2ZrSi4O11,89.399,1.2610000000000001
mp-aaaaakdj,KY2Ti2S2O5,73.072,31.84
mp-aaaaaked,KCaCO3F,51.664,29.357
mp-aaaaakeg,KBe2BO3F2,49.645,34.42
mp-aaaaakep,Ba2CaCu2HgO6,73.578,34.342
mp-aaaaakeu,Cs2LiCo(CN)6,25.8,8.334
mp-aaaaakfr,SrSi,38.382,6.986
mp-aaaaakfs,YMgZn,52.989,66.8
mp-aaaaakfw,Mn2Sb,62.221,25.283
mp-aaaaakfy,CaGa,37.038,27.264
mp-aaaaakfz,As2PdO6,140.541,74.07
mp-aaaaakga,Sm(BC)2,173.961,119.281
mp-aaaaakgb,TmAgSn,73.521,40.715
mp-aaaaakgd,ScSnAu,81.571,37.389
mp-aaaaakgg,SiO2,134.073,35.048
mp-aaaaakgk,Ca(PPd)2,110.532,46.871
mp-aaaaakgl,NpO,164.957,88.803
mp-aaaaakgo,SiO2,33.568,46.226
mp-aaaaakgp,Sr(AlSi)2,58.659,38.924
mp-aaaaakgr,MnN,137.8,132.223
mp-aaaaakgw,ZnRh,171.239,74.335
mp-aaaaakgx,Sr(BIr)2,165.802,67.481
mp-aaaaakgy,U2IrC2,185.335,50.107
mp-aaaaakhd,SiO2,12.474,46.397
mp-aaaaakhf,SiO2,272.328,201.767
mp-aaaaakhi,BaSb3,27.116,16.98
mp-aaaaakhj,RbCdF3,55.222,22.838
mp-aaaaakhk,RbYbF3,56.432,30.807
mp-aaaaakhl,Ca(MnP)2,87.284,49.979
mp-aaaaakhm,SrAgAs,48.889,29.294
mp-aaaaakhp,Ce(FeP)2,129.529,90.105
mp-aaaaakhr,Ga2NiS4,16.259,10.65
mp-aaaaakhs,Rb2SiAs2,17.864,9.887
mp-aaaaakht,Sr(SbPd)2,69.54,20.054
mp-aaaaakhu,Ba(AsPd)2,63.365,33.454
mp-aaaaakhv,Ba(SbPd)2,63.981,26.896
mp-aaaaakia,Cs2KCuF6,34.359,16.596
mp-aaaaakib,Sc(CuSi)2,124.705,66.368
mp-aaaaakie,YCuO2,115.991,32.461
mp-aaaaakif,CsNaS,20.614,10.436
mp-aaaaakil,ThGeS,98.687,59.761
mp-aaaaakim,ScCuS2,79.868,37.063
mp-aaaaakio,ErB2Rh2C,204.567,48.692
mp-aaaaakir,Ti,108.54,37.093
mp-aaaaakis,Ta,191.164,219.943
mp-aaaaakiu,FeN,272.864,79.289
mp-aaaaakjc,SmB6,174.855,106.824
mp-aaaaakjd,Sb2Te,32.089,21.615
mp-aaaaakjf,ScPS4,7.016,5.269
mp-aaaaakjg,SiO2,29.797,46.637
mp-aaaaakji,NaTiO2,104.141,63.701
mp-aaaaakjj,CePPd,110.052,48.649
mp-aaaaakjm,SrNbO3,173.24,79.765
mp-aaaaakjn,NbSe2,9.602,6.251
mp-aaaaakjx,NaNbN2,129.459,85.619
mp-aaaaakkh,InBO3,149.91,61.546
mp-aaaaakkm,HfMoP,206.978,119.755
mp-aaaaakks,TlPd2Se3,22.474,12.159
mp-aaaaakkv,CaHgO2,66.621,18.564
mp-aaaaaklc,Al2O3,186.365,102.826
mp-aaaaakls,Er2Si2O7,147.56,64.453
mp-aaaaaklu,ScNiGe,124.163,63.254
mp-aaaaaklv,Ca(CdAs)2,49.416,29.511
mp-aaaaaklw,Sr3(AlSi)2,43.146,31.93
mp-aaaaakly,Mn3PtN,179.569,75.462
mp-aaaaakmb,BaTiS3,43.796,-0.129
mp-aaaaakmf,KAuS,13.02,6.053
mp-aaaaakmh,CaZrSi2O7,139.562,61.97
mp-aaaaakmi,Li5(NiN)3,77.127,46.935
mp-aaaaakml,LaSi,65.047,45.062
mp-aaaaakmo,RbFeSe2,16.048,5.087
mp-aaaaakmp,SiO2,146.02,54.984
mp-aaaaakmq,Ta2C,260.465,145.673
mp-aaaaakmr,KMgSb,23.427,14.48
mp-aaaaakms,NaMgSb,26.982,16.18
mp-aaaaakmu,TiSi,145.819,99.581
mp-aaaaakmv,HoAgGe,78.153,26.085
mp-aaaaaknb,NdB2Ru3,214.904,101.199
mp-aaaaakng,CsCaF3,47.44,26.842
mp-aaaaaknh,NdSi2,80.01,4.652
mp-aaaaakno,Sr2Cu3(SO)2,63.77,41.762
mp-aaaaaknq,Ho3SnC,41.472,9.405
mp-aaaaaknx,Dy(AlSi)2,78.53,43.513
mp-aaaaakog,ScRu3C,236.198,139.147
mp-aaaaakoh,PrTe,58.128,35.887
mp-aaaaakoi,DySe,44.941,4.976
mp-aaaaakoq,SiC,213.563,186.481
mp-aaaaakos,OsC,384.511,61.473
mp-aaaaakot,BaPuO3,118.683,56.229
mp-aaaaakoz,Na2LiN,33.247,16.882
mp-aaaaakpj,La3TlC,54.494,36.156
mp-aaaaakpm,Sn,46.763,11.057
mp-aaaaakpn,Tb,40.344,25.572
mp-aaaaakps,TbPPt,127.592,48.991
mp-aaaaakpt,TmPPt,130.268,44.958
mp-aaaaakpu,UTeP,69.175,45.435
mp-aaaaakpx,ScSbPt,112.645,53.46
mp-aaaaakqk,NdAl3Ni2,105.597,67.155
mp-aaaaakql,TiAlNi2,164.644,62.108
mp-aaaaakqm,Al2Os,190.012,142.279
mp-aaaaakqn,AlPd,149.85,67.929
mp-aaaaakqp,Sr3GaN3,60.178,38.083
mp-aaaaakqq,Sc2Sb,72.039,41.139
mp-aaaaakrc,CaZnSO,70.349,33.123
mp-aaaaakrr,Na2ZrSe3,34.893,21.712
mp-aaaaakrv,Ca3AsN,60.583,51.711
mp-aaaaakry,V3Ni,202.988,96.268
mp-aaaaaksb,B5Mo2,244.031,-170.262
mp-aaaaakse,Cs2HgO2,20.095,8.569
mp-aaaaaksj,CuAgO2,43.939,4.118
mp-aaaaaksl,PrMgGa,53.714,37.828
mp-aaaaaksm,NaRuO2,94.522,16.158
mp-aaaaaksp,LiSnPd2,108.005,25.46
mp-aaaaakst,CeZn3Cu2,88.31,47.803
mp-aaaaaksw,Nb6Co7,220.75,89.264
mp-aaaaaksx,Ba2YNbO6,133.322,75.75
mp-aaaaakti,ZnAs2,51.454,29.777
mp-aaaaaktj,CaGaN,79.362,53.688
mp-aaaaaktv,BaSi2,52.121,33.929
mp-aaaaaktw,ScUS3,79.572,39.135
mp-aaaaakud,LaB4,170.08,155.057
mp-aaaaakuf,HfNi3,176.825,75.969
mp-aaaaakui,Sc2SO2,139.478,67.795
mp-aaaaakur,Cs2SnF6,18.663,8.75
mp-aaaaakus,Li(CuP)2,92.396,37.221
mp-aaaaakuw,CrP4,125.759,101.107
mp-aaaaakux,ErCd3,57.028,29.141
mp-aaaaakwh,BaSiO3,57.994,30.968
mp-aaaaakwl,Y3Pt,55.615,17.134
mp-aaaaakwr,Ba(BRh)2,83.444,49.618
mp-aaaaakws,Li(YSi)2,67.911,42.707
mp-aaaaakwu,MgCuP,91.308,48.485
mp-aaaaakxb,BaAgAs,44.723,28.524
mp-aaaaakxd,Sr(CoGe)2,71.077,52.128
mp-aaaaakxf,Sr(ZnGe)2,53.367,46.735
mp-aaaaakxg,Ca(SiAu)2,93.089,36.257
mp-aaaaakxh,Sr(SiAu)2,86.085,41.023
mp-aaaaakxi,Sr(AgSn)2,49.71,163.745
mp-aaaaakxk,Dy2Se3,66.917,35.068
mp-aaaaakxq,Ba(CuO)2,56.503,21.409
mp-aaaaakxr,KNbO3,103.322,30.726
mp-aaaaakxs,Sr3(AlSn)2,36.254,25.252
mp-aaaaakxt,Ba3(AlSn)2,31.429,20.566
mp-aaaaakxx,TbMg3,40.267,24.883
mp-aaaaakya,SmF3,112.098,48.388
mp-aaaaakyd,KAgF4,23.276,10.958
mp-aaaaakyg,SrGe2,46.921,25.775
mp-aaaaakym,Li3Tl,23.258,14.643
mp-aaaaakyq,NaAlGe,39.291,17.053
mp-aaaaakyv,SmAlO3,179.771,110.879
mp-aaaaakzk,KHgAs,25.11,14.645
mp-aaaaakzl,KZnAs,30.9,21.894
mp-aaaaakzm,Ca(CuP)2,90.672,53.158
mp-aaaaakzo,BPd2,173.199,46.36
mp-aaaaakzq,Ba(ZnP)2,55.357,28.964
mp-aaaaakzr,Ba(ZnAs)2,51.414,28.814
mp-aaaaakzt,Ca(ZnSb)2,43.544,14.186
mp-aaaaakzu,Ca(CdSb)2,39.354,20.206
mp-aaaaakzv,Sr(ZnSb)2,42.07,12.806000000000001
mp-aaaaakzw,Sr(CdSb)2,37.561,17.071
mp-aaaaakzx,NaCuSe,47.267,20.221
mp-aaaaakzy,NaCuTe,31.971,15.202
mp-aaaaakzz,KCuSe,35.575,21.711
mp-aaaaalaa,KCuTe,29.374,17.875
mp-aaaaalab,KZnP,36.508,26.245
mp-aaaaalac,KZnSb,24.441,17.165
mp-aaaaalad,K3Cu3P2,25.523,10.614
mp-aaaaalae,NaP,29.048,12.804
mp-aaaaalah,Nb2CrSe4,75.556,46.361
mp-aaaaalav,SnF2,12.518,10.742
mp-aaaaalax,Te2Mo,18.341,10.737
mp-aaaaalbb,Cu3P,124.032,41.154
mp-aaaaalbe,CaCu2O3,77.591,29.185
mp-aaaaalbh,NaCuO,47.66,22.586
mp-aaaaalbi,RbCuO,28.024,12.071
mp-aaaaalbk,RbAuO2,28.089,12.606
mp-aaaaalbl,LiCu2Si,105.396,55.803
mp-aaaaalbm,Cu2As,110.379,26.428
mp-aaaaalbn,La2S3,69.384,32.899
mp-aaaaalbo,RbDyO2,78.05,44.923
mp-aaaaalbp,RbErO2,81.747,46.64
mp-aaaaalbq,RbTmO2,82.532,47.336
mp-aaaaalbs,RbLuO2,84.479,49.502
mp-aaaaalbu,RbHgF3,50.69,14.872
mp-aaaaalbv,KHgF3,50.671,12.972
mp-aaaaalby,BaNiS2,56.285,27.769
mp-aaaaalcf,CaSb2,34.216,17.996
mp-aaaaalcj,ThSi2,105.59,47.811
mp-aaaaalck,Ti5Te4,68.104,38.922
mp-aaaaalco,K2Sn2O3,23.584,16.772
mp-aaaaalcs,Cr5Si3,224.113,131.374
mp-aaaaaldj,Th2TeN2,79.455,38.563
mp-aaaaaldk,NbPSe,127.788,74.558
mp-aaaaalea,Cu3P,123.036,14.744
mp-aaaaaleb,SnP3,43.262,25.39
mp-aaaaalec,GeP3,48.704,32.336
mp-aaaaaled,LiVS2,64.697,189.536
mp-aaaaalee,ZrSiRu,191.197,101.543
mp-aaaaaleh,BaSe2,30.263,12.256
mp-aaaaaleo,LiMgSnAu,61.1,16.802
mp-aaaaalep,LiMgSnPd,73.754,33.072
mp-aaaaaler,Nb5SiSn2,-3038571.266,-451794.168
mp-aaaaales,TaGe2,148.824,108.018
mp-aaaaalet,YNi4B,148.286,77.117
mp-aaaaalez,SbRu,145.517,52.906
mp-aaaaalfc,ThSb2,73.11,31.269
mp-aaaaalfd,KAsF6,16.776,6.563
mp-aaaaalfg,MgSO4,72.292,48.378
mp-aaaaalfh,Co(BW)2,335.374,208.11
mp-aaaaalfi,AlBMo,211.148,134.6
mp-aaaaalfj,LiZnN,112.773,83.729
mp-aaaaalfk,CrSi,183.655,118.732
mp-aaaaalfl,CoSi,226.984,115.85
mp-aaaaalfp,MoSe2,19.537,14.459
mp-aaaaalfq,GeS2,17.991,13.525
mp-aaaaalfr,SiS2,27.416,18.786
mp-aaaaalfu,Ni3C,198.324,58.221
mp-aaaaalfx,Mg2NF,104.566,73.225
mp-aaaaalfz,GeAs,68.076,36.685
mp-aaaaalga,AgF,58.752,-14.623
mp-aaaaalgd,GeF2,8.284,6.065
mp-aaaaalge,NbNO,236.601,110.04
mp-aaaaalgf,NbSe2,20.516,13.817
mp-aaaaalgg,NbAs2,125.156,90.659
mp-aaaaalgh,BeO,195.52,131.584
mp-aaaaalgi,Th(FeSi)2,146.711,88.832
mp-aaaaalgj,NbGaO4,162.98,59.533
mp-aaaaalgl,Li2TiF6,52.093,30.935
mp-aaaaalgm,Mg3NF3,108.207,81.341
mp-aaaaalgq,Li2PdO2,91.447,43.646
mp-aaaaalgx,Rb3TlF6,22.779,-136.083
mp-aaaaalha,Cs3YF6,19.609,-28.397
mp-aaaaalhd,KTcO4,17.135,10.609
mp-aaaaalhe,KSO4,21.988,11.3
mp-aaaaalhf,MgAs4,43.341,25.406
mp-aaaaalhn,SiC,213.119,188.196
mp-aaaaalho,NiMoP,238.287,94.385
mp-aaaaalhv,Na2CuP,34.554,20.74
mp-aaaaalhz,K2AgSb,17.264,9.354
mp-aaaaalia,LuAsO4,136.399,63.025
mp-aaaaalig,RbScO2,94.252,55.927
mp-aaaaalil,BaSi2,50.296,36.821
mp-aaaaalix,K2S3,14.703,9.043
mp-aaaaaljw,Al(CrB)2,227.31,178.062
mp-aaaaalke,SiB6,150.882,23.821
mp-aaaaalkf,BaSi2,51.685,11.65
mp-aaaaalki,Ca(AlSi)2,60.78,42.058
mp-aaaaalkl,Zr(SiNi)2,179.797,82.806
mp-aaaaalkn,ZnF2,97.812,31.521
mp-aaaaalkp,Ag2O,94.131,21.968
mp-aaaaalks,Li4UO5,85.449,52.804
mp-aaaaallb,NaAlF4,61.231,90.834
mp-aaaaalld,Na2UO4,70.652,33.502
mp-aaaaallr,Ba2ZnF6,56.113,23.869
mp-aaaaalma,NaAlO2,133.356,87.199
mp-aaaaalme,Sr3SbN,45.977,38.116
mp-aaaaalmf,MgPd3,128.765,41.213
mp-aaaaalmg,Si2Ru,173.191,94.85
mp-aaaaalmh,Se,70.526,4.975
mp-aaaaalmm,AlSn,49.054,28.861
mp-aaaaalmw,Sr(ZnAs)2,53.997,33.006
mp-aaaaalmx,Sr(CdAs)2,46.795,28.778
mp-aaaaalnd,Li2PrP2,49.171,23.079
mp-aaaaalnf,Li2NdAs2,44.285,19.862
mp-aaaaalnh,CaZrS3,68.832,36.572
mp-aaaaalnl,CsCu4S3,44.731,20.578
mp-aaaaalnm,CsCu3S2,10.16,7.343
mp-aaaaalnn,HfSO,141.028,58.701
mp-aaaaalnq,Ti2N,179.192,105.086
mp-aaaaalny,MgGeN2,146.174,84.791
mp-aaaaalob,CaGeN2,110.837,48.326
mp-aaaaaloe,HfCo3B2,253.383,156.93
mp-aaaaalom,GeO2,20.101,25.441
mp-aaaaaloo,Ta2CS2,37.686,23.281
mp-aaaaalov,VSb,91.597,45.452
mp-aaaaalow,Sc5Si3,87.764,72.307
mp-aaaaalox,V2NiSe4,92.708,44.695
mp-aaaaaloy,K2ReF6,26.136,10.888
mp-aaaaalpd,MnNbSi,198.194,100.31
mp-aaaaalpe,UO,203.147,-26.31
mp-aaaaalpg,BW,341.8,196.608
mp-aaaaalpi,TaSe2,22.878,14.651
mp-aaaaalpt,Zn3As2,56.943,22.843
mp-aaaaalpu,Zn3P2,70.323,30.525
mp-aaaaalpw,AlPO4,23.763,24.692
mp-aaaaalpx,AlAsO4,23.997,18.753
mp-aaaaalpz,TaCo3,134964.325,80951.322
mp-aaaaalqf,TiB,207.405,190.624
mp-aaaaalqh,ZrS,116.09,48.599
mp-aaaaalqj,CrCuSe2,68.209,21.226
mp-aaaaalqx,Ba(MgSi)2,49.007,39.07
mp-aaaaalqy,Ba(MgGe)2,43.231,32.923
mp-aaaaalqz,Sr(CuSi)2,86.566,55.773
mp-aaaaalra,Ca(AgGe)2,64.213,26.011
mp-aaaaalrb,Sr(AgGe)2,59.767,31.348
mp-aaaaalrc,Sr(SiAg)2,71.734,41.392
mp-aaaaalrd,Sr(CdGe)2,46.529,4.623
mp-aaaaalre,Ba(AgSn)2,47.006,4.63
mp-aaaaalrh,AlAgS2,75.663,35.872
mp-aaaaalrl,Sr2YReO6,142.445,51.221
mp-aaaaalrn,Mg3As2,53.676,24.175
mp-aaaaalro,Mn2AlB2,199.942,155.272
mp-aaaaalrt,K3P,13.975,6.039
mp-aaaaalru,Rb3As,10.489,3.5700000000000003
mp-aaaaalrv,BaCdO2,78.484,36.031
mp-aaaaalrz,Cs2ZrF6,18.985,9.167
mp-aaaaalsa,CdP4,55.424,28.159
mp-aaaaalsc,Al2HgS4,37.528,22.148
mp-aaaaalsd,Al2ZnSe4,36.886,24.465
mp-aaaaalse,Al2ZnTe4,28.836,19.161
mp-aaaaalsf,Al2CdTe4,25.418,15.84
mp-aaaaalsg,Al2HgTe4,25.112,15.86
mp-aaaaalsh,KCuO,33.195,14.741
mp-aaaaaral,MnZn,91.942,-31.463
mp-aaaaaram,MnZn3,80.961,48.083
mp-aaaaarao,Ni3Mo,214.444,91.253
mp-aaaaarap,Ni4Mo,209.68,92.581
mp-aaaaaraq,MoP4,135.442,96.673
mp-aaaaarat,LaAlGe,70.446,47.27
mp-aaaaarau,LiAl2Ir,135.916,52.607
mp-aaaaarav,NbNi3,197.229,90.468
mp-aaaaaraw,NbPt2,241.924,110.128
mp-aaaaarax,NbRh,219.994,56.006
mp-aaaaaray,NbRu,228.567,155.083
mp-aaaaaraz,NbRu3,254.366,135.775
mp-aaaaarbb,NiSnRh2,180.244,20.057
mp-aaaaarbc,YNiSb,88.707,55.328
mp-aaaaarbd,ScNi,106.024,43.86
mp-aaaaarbe,Ni3Sn,166.201,76.925
mp-aaaaarbf,Ni3Sn,163.22,17.165
mp-aaaaarbi,TmNi5,155.253,75.801
mp-aaaaarbn,VNi2,229.507,85.56
mp-aaaaarbp,ZrZnNi4,162.623,70.469
mp-aaaaarbq,Np,166.958,112.037
mp-aaaaarbs,NpRh3,215.446,71.946
mp-aaaaarbt,NbAlRu2,230.476,116.78
mp-aaaaarbv,SmAl3Pd2,111.237,63.557
mp-aaaaarbw,PtO,191.199,-11.600999999999999
mp-aaaaarbx,ZrOs,208.008,98.481
mp-aaaaarcc,TiPd,153.552,19.089
mp-aaaaarcd,YTlPd,81.983,25.047
mp-aaaaarcf,VPd2,192.283,78.469
mp-aaaaarcg,Sc2Pt,90.609,27.047
mp-aaaaarci,TiPt,185.077,25.456
mp-aaaaarcj,TlPt,62.299,7.605
mp-aaaaarck,ZrPt,165.913,11.349
mp-aaaaarcn,ScRe2,226.157,75.273
mp-aaaaarcq,TiSiRu,203.131,103.155
mp-aaaaarcr,TbRh,109.058,37.508
mp-aaaaarcs,TbRh5,179.088,76.027
mp-aaaaarct,TiRh,187.05,-310.529
mp-aaaaarcu,TmRh,118.772,47.637
mp-aaaaarcv,YRh5,178.749,76.122
mp-aaaaarcw,ScZn,75.344,45.806
mp-aaaaarcx,ScZn12,81.144,49.667
mp-aaaaarcy,SmTl,52.78,17.365
mp-aaaaardb,YSn3,57.293,1.966
mp-aaaaardc,TaTc,257.672,128.64
mp-aaaaardd,TiTc,204.076,80.038
mp-aaaaardg,YbTl,32.524,25.063
mp-aaaaardh,YbZn,27.526,7.41
mp-aaaaardi,VZn3,117.948,65.384
mp-aaaaardk,TiCrP,206.197,123.545
mp-aaaaardm,LiGaSe2,34.67,17.624
mp-aaaaardn,Zr2SN2,159.854,68.795
mp-aaaaardo,Lu8Te,49.878,35.782
mp-aaaaardx,CeB2Ir3,243.781,122.516
mp-aaaaardy,PrB2Ir3,231.473,96.666
mp-aaaaarea,PrBPt3,167.556,61.066
mp-aaaaareb,NdBPt3,170.929,60.983
mp-aaaaarel,Si3N4,254.688,149.374
mp-aaaaareo,PrCo4B,152.622,62.966
mp-aaaaaret,TmMnGe,97.514,62.325
mp-aaaaarey,ZnNi3Sb2,93.503,16.841
mp-aaaaarez,ZnNiSb,96.917,40.075
mp-aaaaarfw,Li2Ca,16.117,8.546
mp-aaaaargb,Ca3SiO,58.542,46.042
mp-aaaaarge,Yb3PbO,58.432,50.196
mp-aaaaargk,Cu2SnSe3,55.604,22.247
mp-aaaaargn,Zr3N4,200.814,116.039
mp-aaaaargt,Nd2(Zn2Ge)3,75.88,51.194
mp-aaaaarhb,NbTe2,28.028,19.583
mp-aaaaarhk,SiO2,110.695,59.798
mp-aaaaarhn,VTe2,25.137,17.848
mp-aaaaarhq,Tc2P3,185.303,131.667
mp-aaaaarht,TePt,46.872,19.788
mp-aaaaarhu,Cs2Pd3Se4,15.031,5.749
mp-aaaaarhv,Rb2Pd3S4,18.72,7.235
mp-aaaaarhw,As3W2,134.969,76.425
mp-aaaaarhx,TaSb2,101.369,72.515
mp-aaaaarhy,Tb,40.128,26.556
mp-aaaaaria,BaCuSb,43.743,29.179
mp-aaaaarif,Dy2Fe2Si2C,129.258,81.477
mp-aaaaario,SiC,213.331,188.708
mp-aaaaaris,RbF,25.133,13.408
mp-aaaaarit,K4ZnP2,17.068,8.485
mp-aaaaariw,PrGe2,64.615,22.802
mp-aaaaarjh,Lu3InN,95.187,72.27
mp-aaaaarji,Sr2MgReO6,131.312,74.578
mp-aaaaarjk,ZrSiO4,222.449,101.928
mp-aaaaarjl,Li4SiO4,78.989,53.188
mp-aaaaarjm,Na3PS3O,25.786,12.971
mp-aaaaarjy,Ti6Si2B,149.647,105.78
mp-aaaaarka,Lu7(NiTe)2,66.909,35.549
mp-aaaaarkc,Sc6Te2Os,72.034,26.817
mp-aaaaarkd,Lu6Sb2Mo,64.762,37.541
mp-aaaaarkn,Ti5Se4,84.426,47.028
mp-aaaaarks,CoCu2SnS4,68.316,27.976
mp-aaaaarkt,CoCu2SnSe4,-1124785.268,-168698.095
mp-aaaaarkx,RbUO3,132.148,69.574
mp-aaaaarlk,YbSmSe3,51.516,16.855
mp-aaaaarlm,LaCuSe2,56.604,29.194
mp-aaaaarlp,SmCuSe2,62.981,30.835
mp-aaaaarlw,Co3Se4,91.783,41.97
mp-aaaaarlx,K3N,2.7199999999999998,1.43
mp-aaaaarmc,LiMgSnPt,86.934,37.269
mp-aaaaarmd,LiPt,113.442,51.982
mp-aaaaarme,ScNi4Sn,140.435,57.323
mp-aaaaarmf,TiAl2,109.309,82.494
mp-aaaaarmm,BaCdGe,34.647,23.72
mp-aaaaarmo,BaZnGe,39.873,29.175
mp-aaaaarmp,BaSnHg,30.976,19.584
mp-aaaaarmq,BaNa2,8.587,5.631
mp-aaaaarms,Ca3GeN,55.627,36.988
mp-aaaaarmu,Ca3PN,63.211,53.243
mp-aaaaarmw,CaPd5,115.09,50.004
mp-aaaaarnc,Cs,1.972,0.854
mp-aaaaarnd,UCuGe,92.884,34.78
mp-aaaaarne,CuNiSb2,81.671,38.407
mp-aaaaarng,ErSbPd,90.514,44.187
mp-aaaaarnj,GdSbPt,-0.0,10.946
mp-aaaaarnl,CeAg,39.055,26.525
mp-aaaaarny,Er5Ge3,73.265,55.383
mp-aaaaarnz,ErMn2,-21280.198,-12797.737
mp-aaaaaron,HfSnPd,123.996,58.332
mp-aaaaaroo,Hg2Rh,88.269,38.861
mp-aaaaaroq,Ag2O3,125.939,21.458
mp-aaaaaror,TlAsPd5,136.553,48.595
mp-aaaaarox,BaNiSn3,46.496,31.724
mp-aaaaarpa,TiCuHg2,100.973,12.437
mp-aaaaarpb,MgIr2,197.34,57.181
mp-aaaaarqj,Mg(BeN)2,184.695,166.544
mp-aaaaarqk,Ca(BeN)2,112.136,62.379
mp-aaaaarql,Sr(BeN)2,104.82,68.742
mp-aaaaarrn,LiAlAg2,71.27,32.565
mp-aaaaarrx,CaSn2Ir,75.338,38.941
mp-aaaaarry,CaSn2Pd,58.694,22.729
mp-aaaaarrz,CaSn2Rh,66.913,32.392
mp-aaaaarse,Ce2CdPt2,80.182,32.529
mp-aaaaarsl,HoSnRh,108.644,45.248
mp-aaaaarsn,YbSnRh,82.861,25.415
mp-aaaaarso,TmSnRh,111.197,48.404
mp-aaaaarsr,LiSnAu,58.955,14.507
mp-aaaaarsy,YMgTl,53.855,39.795
mp-aaaaarts,Er2Al3Si2,89.518,66.418
mp-aaaaartt,Tm2Al3Si2,90.245,66.441
mp-aaaaartu,CeCdNi4,121.691,53.332
mp-aaaaartv,HoCdCu4,104.872,51.211
mp-aaaaartw,ErCdCu4,101.387,52.422
mp-aaaaarud,KAg2AsO4,55.676,19.499
mp-aaaaarur,Li2CuP,58.571,47.499
mp-aaaaarvq,Cr2B3,298.232,185.951
mp-aaaaarvr,LaCd2,45.263,26.186
mp-aaaaarvu,Er(PRu)2,169.707,99.704
mp-aaaaarvv,Sm(PRu)2,142.12,93.691
mp-aaaaarvx,Lu(FeB)2,187.743,76.06
mp-aaaaarvy,AgB2,144.873,-1.049
mp-aaaaarvz,Ce(AgGe)2,74.431,36.15
mp-aaaaarwb,Ag3Pt,121.006,34.758
mp-aaaaarwd,MnAl,145.789,-70.762
mp-aaaaarwg,CuAs,106.034,24.932
mp-aaaaarwh,Ti3As,126.897,44.714
mp-aaaaarwi,UAu2,111.096,48.418
mp-aaaaarwj,Ba(BIr)2,100.302,64.05
mp-aaaaarwl,Tb(FeB)2,128.275,79.786
mp-aaaaarwn,Y(FeB)2,126.563,81.112
mp-aaaaarwp,K(CoS)2,57.052,30.734
mp-aaaaarwt,CrIr3,307.958,214.386
mp-aaaaarww,Cu3Pt,169.333,55.578
mp-aaaaarwx,Cu2S,91.395,21.175
mp-aaaaarxd,Ge,63.414,27.414
mp-aaaaarxh,Sm(SiIr)2,166.894,104.163
mp-aaaaarxi,K(PRh)2,54.245,32.9
mp-aaaaarxk,Lu(SiNi)2,128.686,67.54
mp-aaaaarxl,Lu(SiOs)2,179.764,83.799
mp-aaaaarxn,N2,0.637,0.209
mp-aaaaarxo,NbSi2,175.016,142.771
mp-aaaaarxp,RbO2,20.844,7.798
mp-aaaaarxr,TiPt3,238.047,106.959
mp-aaaaarxs,VPt2,246.671,114.484
mp-aaaaarxt,ZrRe2,252.922,75.042
mp-aaaaarxu,TaRu,241.27,137.208
mp-aaaaaryc,InCu2,100.651,-1.137
mp-aaaaarye,FeN,293.289,175.639
mp-aaaaarym,Li2MgIn,29.856,20.946
mp-aaaaaryv,Ca(ZnSi)2,69.984,-10.187
mp-aaaaasaj,Te2O5,47.587,39.669
mp-aaaaasdt,SrCuF4,-12534.562,3759.549
mp-aaaaasdu,CaCuF4,74.693,34.337
mp-aaaaasdw,BaCuF4,53.979,15.813
mp-aaaaasef,CaAgP,67.623,41.18
mp-aaaaasel,Li5Tl2,24.305,16.195
mp-aaaaasft,SrCN2,56.929,13.863
mp-aaaaasgl,MnCN2,95.244,33.227
mp-aaaaashj,AgSbTe2,52.694,18.779
mp-aaaaashk,AgSbTe2,48.782,16.926
mp-aaaaasif,PrSnRh,96.952,33.42
mp-aaaaasig,ErSi2Ni,126.591,65.384
mp-aaaaasij,Ba2YTaO6,135.914,80.852
mp-aaaaasim,Er3Al3NiGe2,85.284,61.119
mp-aaaaasjb,LiBF4,14.836,7.539
mp-aaaaasjj,Li2ZnGe,48.483,38.377
mp-aaaaasjm,K(USe3)2,36.136,22.025
mp-aaaaasjz,Sr2TaGaO6,159.165,88.394
mp-aaaaaskq,SrCuSF,65.563,32.756
mp-aaaaasln,Ca5Sb3,36.153,25.807
mp-aaaaasma,ScPPt,149.536,69.61
mp-aaaaasmz,LuAgSn,74.223,39.843
mp-aaaaasnk,NdZnSbO,62.385,23.131
mp-aaaaasno,SrNi2Ge,69.921,31.853
mp-aaaaasnp,SrNi3Ge2,92.315,27.896
mp-aaaaasnr,YbPO4,100.063,48.444
mp-aaaaasns,Al2W,158.714,171.783
mp-aaaaasnv,Ti2Te2P,21.093,14.556000000000001
mp-aaaaasoa,KAg2PS4,36.776,13.319
mp-aaaaasob,La2Hf2O7,160.548,89.983
mp-aaaaasof,Ti2GaC,138.904,110.605
mp-aaaaasoo,TiCu3,141.202,51.729
mp-aaaaasor,BaAl9Ni2,85.769,43.997
mp-aaaaasos,AlCuPt2,194.163,83.607
mp-aaaaasov,PrAl3,65.851,44.296
mp-aaaaasoz,SrCuAs,57.771,39.629
mp-aaaaaspa,LiMgAs,46.549,36.802
mp-aaaaaspb,MnAsPd2,130.581,8.795
mp-aaaaaspd,TaAs2,133.144,96.926
mp-aaaaaspg,LiSbAu,53.85,8.279
mp-aaaaasph,MnAu4,130.268,30.71
mp-aaaaaspn,HfBeSi,147.205,117.352
mp-aaaaaspo,CaPd3C,133.657,1.984
mp-aaaaaspq,Dy2C,57.181,26.988
mp-aaaaaspw,Li2CdSn,35.899,23.104
mp-aaaaaspx,CdTe,34.687,5.92
mp-aaaaasqb,CrRh3,230.758,154.192
mp-aaaaasqj,ScIr3,243.259,111.389
mp-aaaaasqk,TiIr,218.372,87.624
mp-aaaaasql,MoRh,265.285,132.684
mp-aaaaasqo,PrPt3,153.052,58.109
mp-aaaaasqq,Pr2Tl,44.062,16.519
mp-aaaaasqs,PrZn5,73.779,34.33
mp-aaaaasqv,ReSi2,222.923,120.031
mp-aaaaasqy,CuPt7,229.485,67.266
mp-aaaaasqz,LiCa6Ge,40895.745,24531.996
mp-aaaaasrd,LaNiSn,73.286,31.135
mp-aaaaasre,Ca2Cu,24.15,12.724
mp-aaaaasrk,NdSeF,86.826,43.449
mp-aaaaasrm,SrPdF4,62.819,23.43
mp-aaaaasrn,BaPdF4,53.745,15.044
mp-aaaaasrs,Rb,2.805,0.899
mp-aaaaasru,MgSeO4,60.907,39.538
mp-aaaaasrv,SrTcO3,181.627,54.765
mp-aaaaasrz,TiAu4,146.22,39.965
mp-aaaaassl,TbNbO4,134.127,53.917
mp-aaaaassm,Ti2Be17,126.701,144.287
mp-aaaaassp,MgPt,113.116,-31.924
mp-aaaaassv,HfAl2,119.513,89.118
mp-aaaaassx,Mn2Nb,223.474,77.447
mp-aaaaassz,Cd3In,36.705,15.689
mp-aaaaaste,Be12Pd,125.309,-11.301
mp-aaaaasth,Dy2SO2,120.352,65.3
mp-aaaaastm,MnAu,113.61,35.386
mp-aaaaastq,TaMn2,622.974,-365.695
mp-aaaaastw,LaAl,52.592,34.891
mp-aaaaasuf,Mg2Rh,63.8,43.121
mp-aaaaasui,YMgPd,71.355,21.372
mp-aaaaasul,Ca3Au4,51.992,16.615
mp-aaaaasum,NbPt3,249.254,101.745
mp-aaaaasun,NdSn2,55.135,31.099
mp-aaaaasup,PrZnNi,63.238,30.122
mp-aaaaasuw,PrZnPd,77.401,29.073
mp-aaaaasuy,Zr3Pd4,144.324,30.697
mp-aaaaasvc,LiTlPd2,94.163,36.325
mp-aaaaasvj,CaAu,47.167,18.66
mp-aaaaasvk,SrZn,24.149,8.793
mp-aaaaasvl,NbAgO3,187.023,77.819
mp-aaaaasvu,NdAl3Pd2,109.306,61.07
mp-aaaaasvw,TbB2Rh2C,202.448,51.366
mp-aaaaasvx,YB2Rh2C,201.495,52.887
mp-aaaaaswb,MgPd2,115.038,37.951
mp-aaaaaswc,MgPd3,129.074,40.626
mp-aaaaaswd,CrTe4Au,26.69,19.236
mp-aaaaaswi,ThMn2,92.241,65.624
mp-aaaaaswk,SmGe2,68.822,24.776
mp-aaaaaswl,PuNi,-31.848,-45.7
mp-aaaaaswm,Zr4Al3,107.665,78.177
mp-aaaaaswt,Zn2CuAu,112.113,31.739
mp-aaaaaswu,Zr6Al2Co,105.44,51.741
mp-aaaaaswv,BeAu2,137.288,27.364
mp-aaaaasww,PrB6,173.84,117.539
mp-aaaaaswx,TbB6,174.096,88.469
mp-aaaaaswy,SmC2,106.514,37.163
mp-aaaaaswz,GdC2,82.475,40.245
mp-aaaaasxa,Mg13Al14,48.999,22.218
mp-aaaaasxd,YSi2,85.55,19.816
mp-aaaaasxe,DySi2,88.042,18.126
mp-aaaaasxf,Se,38.837,-89.425
mp-aaaaasxg,Hf2Al,111.173,53.8
mp-aaaaasxh,Zr2Al,97.792,41.265
mp-aaaaasxl,AlCu3,138.352,47.92
mp-aaaaasxm,VOs,284.95,122.261
mp-aaaaasxn,CdTe,34.727,13.496
mp-aaaaasxp,ScAl2Ni,95.155,65.059
mp-aaaaasxq,YbAl2Ni,63.701,42.116
mp-aaaaasxr,Sr(CdGa)2,43.715,27.739
mp-aaaaasyc,Al2Cu,99.432,58.974
mp-aaaaasyg,Ni3Pt,202.169,90.94
mp-aaaaasyj,CoCu2Sn,-105.397,4.264
mp-aaaaasyk,AlCu3,131.586,46.444
mp-aaaaasyl,BaEr2F8,85.459,36.511
mp-aaaaasyo,Cu2GeTe3,49.734,21.715
mp-aaaaasyw,Ba3SbN,26.349,7.698
mp-aaaaaszq,ThCu6,117.353,23.0
mp-aaaaatak,ZnCu2GeTe4,47.476,22.69
mp-aaaaatal,Cu2HgGeSe4,53.306,22.713
mp-aaaaatan,Mn3N2,203.771,71.803
mp-aaaaatas,LuTaO4,161.12,73.874
mp-aaaaatat,Ba(AlSi)2,38.836,13.543
mp-aaaaatax,SrSnO3,138.388,83.126
mp-aaaaatbe,Si2Ru,160.872,-42.433
mp-aaaaatbf,ReO2,295.868,133.476
mp-aaaaatbo,Hf5Te4,77.308,36.907
mp-aaaaatbw,CaSi2,53.843,61.724
mp-aaaaatcd,HoSi,92.828,66.189
mp-aaaaatce,HoSi,93.264,67.711
mp-aaaaatch,YAgTe2,39.447,19.888
mp-aaaaatck,Sr3CrN3,47.647,29.98
mp-aaaaatcm,ScAgSe2,61.141,20.845
mp-aaaaatco,GeS,23.949,19.766
mp-aaaaatdb,SrPIr,98.247,31.257
mp-aaaaatdf,Ba(BeN)2,98.183,62.055
mp-aaaaatdj,SmTaO4,148.256,67.474
mp-aaaaated,ZrGaAu,124.475,61.519
mp-aaaaatee,HfGaAu,131.425,63.9
mp-aaaaatef,TmAgTe2,47.341,18.114
mp-aaaaateg,CuBS2,117.314,63.314
mp-aaaaatei,Yb(FeP3)4,157.162,108.383
mp-aaaaatej,O2,1.738,1.038
mp-aaaaaten,YAlPd,93.559,27.628
mp-aaaaateo,Zr6FeSb2,111.254,59.351
mp-aaaaater,ErNi4B,159.788,79.509
mp-aaaaatey,Zr6Sb2Pt,118.611,60.061
mp-aaaaatff,SnO2,185.31,57.406
mp-aaaaatfh,ScN,180.503,-151.906
mp-aaaaatfi,ScAs,85.186,-14.72
mp-aaaaatfj,ScSb,68.171,-46.267
mp-aaaaatfl,PrCo2B2C,205.885,65.201
mp-aaaaatfq,Ti2AlC,137.103,115.936
mp-aaaaatgf,LaCrGe3,87.663,67.377
mp-aaaaatgh,PrCrGe3,88.559,62.104
mp-aaaaatgi,NdCrGe3,8.593,-36.332
mp-aaaaatgk,YSn2,59.361,37.676
mp-aaaaathf,MgSe,45.241,16.372
mp-aaaaathg,MgS,55.408,19.977
mp-aaaaathh,MgTe,35.367,12.698
mp-aaaaathi,MoN,254.255,-34.527
mp-aaaaathj,MoN,326.003,-510.585
mp-aaaaathk,MoN,348.484,164.499
mp-aaaaathp,Yb2C(NO)2,64.282,104.473
mp-aaaaathz,Sr2Si,30.437,17.973
mp-aaaaatib,SrSi,44.901,33.357
mp-aaaaatij,Y2O3,140.624,43.654
mp-aaaaatiq,Lu2O3,155.662,47.365
mp-aaaaatis,Sc2AlC,86.185,56.9
mp-aaaaatit,Sc2TlC,80.643,55.047
mp-aaaaatiw,LuNiPb,86.727,47.251
mp-aaaaatiy,IrN2,320.194,194.111
mp-aaaaatjb,Mn2AlCo,158.934,102.599
mp-aaaaatje,Mn2CoSi,220.339,98.352
mp-aaaaatjh,Mn2CoSb,171.446,74.447
mp-aaaaatjl,Cu2SnTe3,46.933,19.796
mp-aaaaatjm,YMgAl,57.528,44.769
mp-aaaaatjo,Zr6Al2Ni,111.94,51.435
mp-aaaaatjq,YAl2Ni,93.804,57.961
mp-aaaaatjr,YAlNi,92.941,38.915
mp-aaaaatjt,NaZnAs,36.358,21.583
mp-aaaaatju,YN,148.248,-74.573
mp-aaaaatjv,YN,112.414,33.918
mp-aaaaatjw,MoPt3,252.326,105.846
mp-aaaaatke,SrHfO3,156.926,91.657
mp-aaaaatkf,SrHfO3,157.502,87.118
mp-aaaaatkn,CuN,161.331,29.635
mp-aaaaatko,CeZn3Pd2,99.644,34.678
mp-aaaaatkp,CdO,91.875,19.754
mp-aaaaatkr,CeGe3Rh,95.273,40.715
mp-aaaaatkw,ZrN,229.371,6.272
mp-aaaaatlc,LaN,128.447,-41.288
mp-aaaaatle,Ga2O3,160.083,-112.117
mp-aaaaatlg,WC,365.029,130.115
mp-aaaaatlh,Hf2CS,178.939,126.437
mp-aaaaatli,Cu3Sn,106.478,47.503
mp-aaaaatll,HgTe,44.21,-3.305
mp-aaaaatls,Ca3N2,56.859,-5.5809999999999995
mp-aaaaatlt,BaAlSi,48.725,37.374
mp-aaaaatlu,BN,94.626,71.023
mp-aaaaatly,Fe3C,201.825,90.624
mp-aaaaatlz,Hf2Ag,111.1,49.936
mp-aaaaatma,HfAg,114.117,45.823
mp-aaaaatme,YZnGe,76.81,54.248
mp-aaaaatmf,ZnO,160.554,-46.768
mp-aaaaatmi,Ti2Pd,141.684,64.242
mp-aaaaatmp,YMgCu,60.094,22.255
mp-aaaaatmq,YMgCu4,90.416,45.743
mp-aaaaatmr,PtN,176.104,1.966
mp-aaaaatms,PtN,195.814,14.5
mp-aaaaatmt,PtN,234.662,26.883
mp-aaaaatmw,AlN,204.816,122.484
mp-aaaaatmz,LaF3,125.291,12.21
mp-aaaaatni,KRb2GaF6,35.653,15.358
mp-aaaaatns,LuCuSn,78.999,54.432
mp-aaaaatnu,YCuSn,77.995,52.304
mp-aaaaatnv,ScCuSn,89.047,54.852
mp-aaaaatoa,Mg2Pt,70.693,36.113
mp-aaaaatpc,Ho5Si3,75.03,50.53
mp-aaaaatpg,ScInCu4,114.133,60.675
mp-aaaaatpu,CeMgZn2,51.635,33.459
mp-aaaaatqd,Ce2Mo2C3,136.107,81.553
mp-aaaaatqk,CaAg2,48.592,15.092
mp-aaaaatqm,BaAlGe,43.108,34.095
mp-aaaaatqq,SrLiP,44.645,36.89
mp-aaaaatqr,BaLiP,39.363,29.534
mp-aaaaatrc,Ba3LiN,12.858,0.547
mp-aaaaatrq,LuSnAu,79.222,40.523
mp-aaaaatrr,ErSnAu,78.252,42.379
mp-aaaaatru,YbCuGe,59.822,0.769
mp-aaaaatrw,HoGeAu,86.61,31.821
mp-aaaaatrz,SrAlGe,46.288,33.949
mp-aaaaatsa,ScTlS2,50.088,28.849
mp-aaaaatsb,ScTlSe2,41.765,24.788
mp-aaaaatsc,ScTlTe2,32.504,18.692
mp-aaaaatsk,LiGeRh2,168.2,90.626
mp-aaaaatsw,ZnSnO3,164.367,62.67
mp-aaaaattz,SiPt3,203.951,59.761
mp-aaaaatua,CaZn2,46.953,29.598
mp-aaaaatub,SrZn2,36.313,20.102
mp-aaaaatvg,LiIn2Rh,90.326,37.101
mp-aaaaatvi,Yb(MnSi)2,101.513,60.872
mp-aaaaatvj,Lu(NiGe)2,113.636,44.0
mp-aaaaatwp,Dy2AlCo2,82.859,30.594
mp-aaaaatws,CaMgNi4,438990.187,263388.905
mp-aaaaatwt,CeMgNi4,-8600646309.996,41278961304.943
mp-aaaaatwu,PrMgNi4,113.482,48.482
mp-aaaaatxc,LiSn,37.597,17.536
mp-aaaaatxe,Co2P,229.015,133.101
mp-aaaaatxf,Zn13Rh,88.419,40.635
mp-aaaaatxh,YbGa2,46.483,35.142
mp-aaaaatxi,HfSb,100.739,59.904
mp-aaaaatxk,BePd2,166.194,67.77
mp-aaaaatxl,BePd3,158.862,35.489
mp-aaaaatxo,ZnS,68.983,33.527
mp-aaaaatxr,NaCdSb,32.293,13.704
mp-aaaaatxv,FeNiPt2,211.801,92.083
mp-aaaaatye,HfSiRh,189.725,98.602
mp-aaaaatyg,LiErGe,59.851,47.51
mp-aaaaatyh,CeSi2Ir3,195.504,103.095
mp-aaaaatym,Cu3N,161.585,21.34
mp-aaaaatzb,ZrPd,137.302,36.61
mp-aaaaatzc,ZrPd,138.768,665.664
mp-aaaaatze,Tb2Mg,39.124,15.539
mp-aaaaatzh,ErCoC2,177.407,98.793
mp-aaaaatzi,TmCoC2,172.008,100.095
mp-aaaaatzj,ScZn2,81.128,49.625
mp-aaaaatzk,CeAl4Co,88.552,64.222
mp-aaaaatzs,CaNiGe2,74.289,35.772
mp-aaaaatzt,SrNiGe2,66.576,37.748
mp-aaaaauaa,Na2ZnGe,23.139,15.794
mp-aaaaauaf,HoInIr,111.539,36.26
mp-aaaaauap,Tb2ZnNi2,70.66,31.218
mp-aaaaauaq,TbZnNi,78.188,34.647
mp-aaaaauaw,ZrGeTe4,13.848,10.867
mp-aaaaauaz,BaIrF6,26.708,10.041
mp-aaaaaubc,Cs2Pt,12.618,4.817
mp-aaaaauby,Mg(ScGa)2,69.339,43.42
mp-aaaaauca,ScSiPt2,173.75,72.253
mp-aaaaaucl,Sc2Si2Ru,121.632,68.945
mp-aaaaaucs,LiB(CN)4,28.204,6.383
mp-aaaaaudm,ZnPbF6,20.125,16.281
mp-aaaaauer,TiCdO3,148.77,42.573
mp-aaaaauez,Cs2AgF4,30.729,10.708
mp-aaaaaufk,Ca4Sb2O,49.159,32.933
mp-aaaaaugd,PdF3,27.619,18.473
mp-aaaaaugg,PdS2,21.582,16.515
mp-aaaaaugh,HfGe2,111.883,67.117
mp-aaaaaugk,Nb5Si3,18615.339,56495583854276.67
mp-aaaaauhx,Li3PO4,70.982,43.757
mp-aaaaaukr,K2NaCuF6,42.815,24.134
mp-aaaaauks,K2NaTlF6,37.066,18.04
mp-aaaaaukt,K2NaYF6,36.926,19.851
mp-aaaaaukv,Tl2Pt2O7,170.426,83.891
mp-aaaaaulf,Ba2MgUO6,104.102,57.23
mp-aaaaaulj,Rb2NaErF6,34.753,19.848
mp-aaaaaulk,Cs2NaErF6,31.129,17.633
mp-aaaaaulx,TlCu3S2,41.713,15.73
mp-aaaaaumu,Ge3N4,174.776,82.389
mp-aaaaaumv,P3Ir,170.079,114.248
mp-aaaaaumw,B3Ru2,300.208,172.829
mp-aaaaaunk,PdF4,37.214,18.844
mp-aaaaauoq,Sr(CuO)2,68.022,26.331
mp-aaaaauot,ZnSnF6,21.356,19.106
mp-aaaaauox,CdSnF6,12.236,11.044
mp-aaaaaupa,Ba(AgGe)2,55.955,30.515
mp-aaaaaupb,Ca(ZnGe)2,57.614,15.908
mp-aaaaaupe,LiCo2Ge,154.032,97.165
mp-aaaaaupf,LiNi2Sn,112.914,29.525
mp-aaaaaupg,LiCaSi2,47.84,36.127
mp-aaaaaupk,Ba(ZnSn)2,43.515,20.036
mp-aaaaaupp,Cs2NaYF6,32.42,16.618
mp-aaaaauqb,Sr2TbReO6,142.094,43.535
mp-aaaaauqi,Li3AlN2,102.784,99.981
mp-aaaaauqk,Rb2ZrF6,19.966,10.778
mp-aaaaauql,Rb2HfF6,21.791,11.185
mp-aaaaauqm,Cs2HfF6,19.374,9.084
mp-aaaaauqn,Cd(GaTe2)2,25.359,15.703
mp-aaaaaura,HfSiSe,70.196,53.913
mp-aaaaaurb,HfSiTe,33.487,28.667
mp-aaaaaurc,HfGeTe,93.679,60.152
mp-aaaaaurf,Nb5(CuSi)4,180.208,99.478
mp-aaaaauru,CdCu2GeS4,68.712,27.986
mp-aaaaaurv,ZnPdF6,40.303,21.554
mp-aaaaause,Cs2Pt3S4,20.277,6.76
mp-aaaaausf,Ti3NiS6,73.57,41.198
mp-aaaaauss,BaGeF6,49.629,21.423
mp-aaaaaute,K3As,12.83,5.999
mp-aaaaautf,NiB,261.814,104.142
mp-aaaaautk,Zr3O,131.559,52.09
mp-aaaaauty,Rb2NaRhF6,40.086,21.126
mp-aaaaautz,K2NaRhF6,43.639,22.615
mp-aaaaauvd,CsAlO2,92.213,47.586
mp-aaaaauve,RbAlO2,91.475,43.214
mp-aaaaauvw,Rb2PdF6,12.393,8.333
mp-aaaaauvx,TlCuS2,56.964,22.129
mp-aaaaauvy,TlCuSe2,48.836,18.075
mp-aaaaauvz,AlAgSe2,52.422,18.993
mp-aaaaauwa,AlAgTe2,42.2,16.77
mp-aaaaauwh,ZnAgF3,81.455,25.207
mp-aaaaauwn,AlTlO2,96.438,34.159
mp-aaaaauwu,PdF3,35.031,20.591
mp-aaaaauwx,LiRhO2,114.358,43.813
mp-aaaaauwy,CuRhO2,163.487,42.539
mp-aaaaauxy,TiZnO3,169.135,45.719
mp-aaaaauyy,K2GeF6,22.604,11.68
mp-aaaaavaj,K3Cu3As2,23.904,10.21
mp-aaaaavam,LiYSi,62.422,48.636
mp-aaaaavan,LiYGe,59.504,46.996
mp-aaaaavbb,Ba2YbSbO6,57.328,4.985
mp-aaaaavbe,Ba2YSbO6,50.889,1.073
mp-aaaaavcg,NdAlO3,197.949,138.548
mp-aaaaavdl,CoP2,164.337,122.955
mp-aaaaavfk,Cs2Ni3Se4,13.155,4.317
mp-aaaaavfm,Cs2Pt3Se4,15.169,6.519
mp-aaaaavfs,Yb2(NiB2)3,166.869,119.842
mp-aaaaavhu,CaSn(BO3)2,111.164,53.909
mp-aaaaavjd,NaGe2N3,134.959,77.934
mp-aaaaavku,LiRhO2,124.841,39.318
mp-aaaaavnp,CuO,179.442,35.321
mp-aaaaavoi,BaMgF4,59.463,29.668
mp-aaaaavpb,ZnP4,66.685,37.354
mp-aaaaavpo,CaAl2O4,78.458,44.59
mp-aaaaavqk,Y(BIr)2,197.034,43.85
mp-aaaaavqn,NdCoGe3,92.959,53.156
mp-aaaaavqq,ZnSnO3,143.83,32.654
mp-aaaaavvl,Li7TaN4,82.815,64.79
mp-aaaaavvv,Ca3MnN3,88.138,50.938
mp-aaaaavww,Ge(Te2As)2,20.643,15.343
mp-aaaaavwx,Ge2Te5As2,25.98,21.48
mp-aaaaavwz,Mg2SiPt,98.07,57.571
mp-aaaaavxc,KPt2Se3,24.605,11.179
mp-aaaaavxd,RbPt2Se3,23.717,11.021
mp-aaaaavxv,TaTe5Pt,20.983,12.991
mp-aaaaavyh,Li7NbN4,81.654,63.726
mp-aaaaaweh,Si4P4Ru,119.975,86.833
mp-aaaaawgx,Nd(PdO2)2,147.983,47.35
mp-aaaaawgz,Y(PdO2)2,155.622,61.345
mp-aaaaawhy,SiO2,92.441,31.054
mp-aaaaawjh,Na2Si3O7,101.485,67.825
mp-aaaaawjo,RbFe2Se3,20.081,8.887
mp-aaaaawkz,Cs2CaF4,32.545,14.702
mp-aaaaawlu,Lu4C7,128.084,76.958
mp-aaaaawlv,Pr2S3,72.794,35.04
mp-aaaaawnq,CrWN2,295.098,142.003
mp-aaaaawoa,CrSbSe3,31.363,19.498
mp-aaaaawoq,Cu2GeS3,72.817,33.867
mp-aaaaawos,Li3AlF6,47.682,29.604
mp-aaaaawqj,Hf6NiSb2,131.265,72.06
mp-aaaaawrc,SrMgF4,54.98,27.75
mp-aaaaawre,Rb2NaHoF6,34.367,17.647
mp-aaaaawri,ScCuSi,113.813,76.911
mp-aaaaawuf,Ti7Al2O15,196.424,85.772
mp-aaaaaxai,Rb2As3,11.807,6.537
mp-aaaaaxcf,ScSi3Ni2,135.947,70.188
mp-aaaaaxch,Ca(BC)2,131.155,81.551
mp-aaaaaxci,Ba(MnAs)2,7.36,2.873
mp-aaaaaxcr,Cr5B3,290.926,196.282
mp-aaaaaxct,GaAs,57.058,40.993
mp-aaaaaxcv,AlSb,48.47,29.724
mp-aaaaaxcw,HfSe3,14.39,10.616
mp-aaaaaxcy,Sr2Sb,27.607,19.874
mp-aaaaaxdj,TiTl3F6,28.907,1.061
mp-aaaaaxdl,ZnRhF6,35.559,19.802
mp-aaaaaxdn,HgRhF6,24.756,8.073
mp-aaaaaxdp,CaMgGe,46.805,37.809
mp-aaaaaxdq,SrMgSi,43.089,33.218
mp-aaaaaxdr,SrMgGe,39.991,31.634
mp-aaaaaxdx,As2Ir,152.046,96.953
mp-aaaaaxdz,NiSe,109.537,46.377
mp-aaaaaxef,TiCoSi,177.798,103.013
mp-aaaaaxeh,Sb2Pt3,135.898,20.292
mp-aaaaaxei,Nb4C3,269.426,127.45
mp-aaaaaxej,Sc4C3,113.058,68.134
mp-aaaaaxeq,NaSe,21.931,11.917
mp-aaaaaxer,Ti3Te4,52.172,34.865
mp-aaaaaxet,Re3B,365.183,290.218
mp-aaaaaxfb,CoAs,161.139,76.351
mp-aaaaaxfg,K2CuAs,22.329,9.944
mp-aaaaaxfh,Na2CuAs,31.898,18.43
mp-aaaaaxfi,Li2CuAs,51.282,37.96
mp-aaaaaxfj,KZnAs,30.741,20.548000000000002
mp-aaaaaxfq,PaAs,116.084,54.249
mp-aaaaaxfr,YAsPt,111.197,47.4
mp-aaaaaxft,Sr2As,31.995,22.573
mp-aaaaaxfx,MgSiN2,174.541,99.161
mp-aaaaaxfy,MgCN2,236.074,138.965
mp-aaaaaxfz,BeCN2,314.973,292.034
mp-aaaaaxgs,Fe2B4Mo,322.925,169.103
mp-aaaaaxgu,KNa2Sb,18.878,12.629
mp-aaaaaxiu,Zn(GaSe2)2,36.647,24.208
mp-aaaaaxiv,Zn(GaTe2)2,29.631,19.075
mp-aaaaaxiw,MgNiSb,83.144,46.001
mp-aaaaaxix,Mg2SiNi3,124.71,74.315
mp-aaaaaxiy,MgPPt5,197.337,75.061
mp-aaaaaxiz,KLaS2,37.153,20.828
mp-aaaaaxjb,KSmS2,40.489,25.094
mp-aaaaaxjg,LiYS2,48.397,27.464
mp-aaaaaxjh,LiDyS2,49.046,27.451
mp-aaaaaxjj,LiErS2,50.021,28.514
mp-aaaaaxjl,LiTbSe2,40.551,23.333
mp-aaaaaxjn,LiDySe2,41.119,24.176
mp-aaaaaxjo,LiHoSe2,40.461,24.071
mp-aaaaaxjr,NbN,298.99,138.373
mp-aaaaaxjs,Ti3PO2,181.87,66.326
mp-aaaaaxjv,Y2MgSe4,51.637,18.906
mp-aaaaaxkb,Cr2B,292.013,188.047
mp-aaaaaxkl,Mn3Al9Si,114.667,64.797
mp-aaaaaxkm,LiHoGe,61.118,48.427
mp-aaaaaxkn,LiNdGe,54.525,38.814
mp-aaaaaxld,Nb5Se4,112.67,52.617
mp-aaaaaxll,SrLi4N2,52.666,28.749
mp-aaaaaxlw,DyRh3C,199.853,79.683
mp-aaaaaxmz,Li2US3,42.596,25.019
mp-aaaaaxnj,Cu2SiS3,78.369,35.964
mp-aaaaaxnk,Cu2SiSe3,63.392,28.611
mp-aaaaaxnp,Li2LaTa2O7,107.176,69.73
mp-aaaaaxok,Gd2ReO5,136.02,59.655
mp-aaaaaxpn,BeF2,21.345,27.825
mp-aaaaaxpp,P2Rh,164.999,106.028
mp-aaaaaxpq,As2Rh,134.441,78.547
mp-aaaaaxpr,Y(BC)2,170.622,110.229
mp-aaaaaxpw,Li5AlO4,80.916,54.227
mp-aaaaaxpz,HfPRu,220.115,95.48
mp-aaaaaxqa,Hf3Sb,115.025,49.685
mp-aaaaaxqb,Hf5Si3,140.749,88.346
mp-aaaaaxqe,Sm(CoSi)2,118.652,91.081
mp-aaaaaxqk,Mn(CrS2)2,87.181,34.024
mp-aaaaaxqv,Zr3(Cu2Ge)2,133.221,71.657
mp-aaaaaxqw,Hf(CuP)2,128.834,67.701
mp-aaaaaxqx,Hf3(Cu2Si)2,145.521,80.979
mp-aaaaaxqy,Li2CuSb,52.716,33.809
mp-aaaaaxrj,Li3AuS2,40.186,20.397
mp-aaaaaxsq,Pr2TeO2,70.35,34.028
mp-aaaaaxsr,Sm2TeO2,75.322,36.804
mp-aaaaaxst,Gd2TeO2,73.923,35.465
mp-aaaaaxsu,Tb2TeO2,79.972,38.705
mp-aaaaaxtb,Mg(As2Rh3)2,172.795,53.11
mp-aaaaaxtd,Sr(As2Rh3)2,163.16,61.104
mp-aaaaaxtk,Ba(Cu2As)2,76.143,13.558
mp-aaaaaxtl,CuSiO3,31.454,19.986
mp-aaaaaxvv,Pr2CuO4,124.593,50.075
mp-aaaaaxwq,Sr3TaGa3(SiO7)2,93.461,46.289
mp-aaaaaxzw,Si,61.244,37.17
mp-aaaaayae,YS2,65.572,-24.499
mp-aaaaayam,KAgSe,27.612,13.172
mp-aaaaayao,Li2AgSb,46.551,20.639
mp-aaaaayav,CaSbAu,52.219,22.259
mp-aaaaayaw,CdSbAu,69.142,14.861
mp-aaaaayba,Th(SiAu)2,127.616,51.748
mp-aaaaaybd,BaCaSi,31.094,18.718
mp-aaaaaybe,BaCuP,56.726,37.446
mp-aaaaaybj,Ca(GeIr)2,116.99,64.491
mp-aaaaaybk,Ca(GePd)2,85.58,27.195
mp-aaaaaybn,CaZnGe,49.099,37.699
mp-aaaaaybq,CaZnSi,54.426,41.666
mp-aaaaaybr,Dy2CdS4,62.141,22.866
mp-aaaaaybv,Li2CdSb,36.538,0.834
mp-aaaaaybw,Ce(FeP3)4,168.858,133.263
mp-aaaaaycl,NdRh3C,186.801,67.992
mp-aaaaayco,ZnNi3C,194.302,54.987
mp-aaaaaycr,KSbO3,112.518,73.035
mp-aaaaaycv,Sc3SnC,101.411,81.286
mp-aaaaaydc,YPPt,126.409,49.574
mp-aaaaaydd,ScPRu,175.386,102.271
mp-aaaaaydm,TmSbPt,103.205,49.592
mp-aaaaaydp,Si5Pt12,253.998,-104.678
mp-aaaaaydq,RbTiS2,51.784,31.835
mp-aaaaayds,MnCu2Sb,91.169,-32.143
mp-aaaaaydt,SrCuP,65.501,46.074
mp-aaaaaydy,DyPPt,127.339,45.952
mp-aaaaaydz,DySbPt,100.142,48.071
mp-aaaaayea,DyS2,61.139,-100.853
mp-aaaaayeb,ErSbPt,101.691,49.226
mp-aaaaayei,Zr2Fe3Si,170.614,93.2
mp-aaaaayej,Ga2HgTe4,25.141,15.716
mp-aaaaayem,GdPPt,-164.284,20.028
mp-aaaaayen,Li2HgGe,41.262,4.176
mp-aaaaayeo,HoGe,80.872,54.586
mp-aaaaayep,LiInGe,37.377,33.386
mp-aaaaayev,LiNi2Ge,132.644,46.128
mp-aaaaayfc,TiNiGe,158.126,83.324
mp-aaaaayfe,ZnNi2Ge,150.684,34.806
mp-aaaaayfj,CoAsS,123.363,106.06
mp-aaaaayfk,SnTe,24.74,-0.9530000000000001
mp-aaaaayfl,SnSb,29.442,-10.96
mp-aaaaayfm,Cu2Se,84.187,5.813
mp-aaaaayfq,Th2Ge,80.239,41.432
mp-aaaaayfr,ThGe2,87.818,48.812
mp-aaaaayfw,HoSbPt,99.731,47.964
mp-aaaaayfy,HoS2,61.905,-108.598
mp-aaaaayhp,Zr2CuSb3,95.97,46.996
mp-aaaaayjx,TiAlAu,130.385,54.244
mp-aaaaayjy,TiAlAu2,138.455,26.152
mp-aaaaayjz,BaAl9Fe2,79.367,44.138
mp-aaaaayke,Al9Co2,107.487,72.22
mp-aaaaaykh,SrAl9Co2,65.439,60.932
mp-aaaaaykj,YAl2Co,93.21,44.624
mp-aaaaaykk,AlCrCu2,119.908,48.944
mp-aaaaaykl,AlCrFe2,223.142,92.876
mp-aaaaaykm,Al(CuRe)2,210.864,90.488
mp-aaaaaykn,ScAlCu2,106.697,52.175
mp-aaaaaykr,HfAlPd2,156.936,7.228
mp-aaaaaykt,HoAl2Ni,97.439,57.089
mp-aaaaaykw,Li3Al2,38.92,32.272
mp-aaaaayld,NdAl3,66.853,39.767
mp-aaaaayle,Al3Ni5,172.818,75.145
mp-aaaaaylg,TbAl2Ni,90.658,55.21
mp-aaaaaylh,TmAl2Ni,100.232,59.378
mp-aaaaaylj,UAlNi4,-4680161.276,-1079152.082
mp-aaaaayll,Al3Os2,202.423,117.084
mp-aaaaaylm,Al2Pd,109.96,31.202
mp-aaaaayln,Al3Pd5,157.304,48.459
mp-aaaaaylo,ScAlPd2,129.942,41.369
mp-aaaaaylq,AlPt2,203.954,60.327
mp-aaaaayls,Al6Re,112.677,72.365
mp-aaaaaylt,Al6Ru,111.884,73.629
mp-aaaaaymm,ZrTiF6,84.573,30.321
mp-aaaaaynd,CdCu2SnSe4,49.675,20.463
mp-aaaaayne,Cu2SnHgSe4,49.545,20.154
mp-aaaaayoz,AlAuO2,172.084,71.746
mp-aaaaayqf,SmMgPt,80.64,25.724
mp-aaaaayqg,PrMgRh,72.105,27.733
mp-aaaaayqi,LiSn4Rh,63.729,40.822
mp-aaaaayta,Al6Tc,107.586,69.162
mp-aaaaaytb,Al12Tc,96.935,75.356
mp-aaaaaytc,ThAl2,80.85,50.525
mp-aaaaaytf,Y3Al2,59.161,33.73
mp-aaaaaytg,Zr5Al3,101.787,44.441
mp-aaaaaytm,MoN,327.755,14.157
mp-aaaaaytn,YP,86.948,-106.741
mp-aaaaayto,YAs,77.023,-166.276
mp-aaaaaytp,Sc2GaC,86.195,53.796
mp-aaaaaytq,SmNiAs,105.535,53.198
mp-aaaaaytr,CrInCo2,169.302,60.198
mp-aaaaaytw,TiGePd,149.123,57.852
mp-aaaaayub,ErAgPb,66.619,32.98
mp-aaaaayug,HoCuPb,69.964,45.797
mp-aaaaayuh,ErCuPb,71.734,46.03
mp-aaaaayuj,LuCuPb,72.224,45.561
mp-aaaaayul,Mg(AlS2)2,21.873,14.885
mp-aaaaayuu,RbYTe2,26.11,15.968
mp-aaaaayuv,Zr2Te2P,21.346,17.264
mp-aaaaayuw,LaAl2Ag3,78.309,27.456
mp-aaaaayvf,CdCu2,100.935,30.995
mp-aaaaaywa,Sr2GdRuO6,132.861,64.717
mp-aaaaayxg,Li3B7O12,64.468,39.327
mp-aaaaayym,Mg13Ir3,60.24,27.013
mp-aaaaayzm,CdAu,93.631,26.46
mp-aaaaazan,Ag2SeO3,31.512,8.633
mp-aaaaazaq,Ca6FeN5,77.543,34.172
mp-aaaaazat,Y2HfS5,85.427,45.222
mp-aaaaazci,AlPt2,205.051,83.974
mp-aaaaazcm,SiO2,-3.477,-131.109
mp-aaaaazdp,Er2SiO5,115.912,54.525
mp-aaaaazen,Al12Co4Cu,122.342,75.362
mp-aaaaazfp,Hf3Rh5,192.803,66.741
mp-aaaaazhk,ScSnPd,103.247,50.612
mp-aaaaazhn,CsCuSe4,12.126,7.433
mp-aaaaazip,Si2Os,203.505,120.912
mp-aaaaaziq,Pr5Ge3,56.951,20.961
mp-aaaaaziv,Sr3(AlN2)2,85.441,45.483
mp-aaaaazkr,Nb2ZnO6,143.453,58.521
mp-aaaaazle,Sc5Ge3,84.782,67.801
mp-aaaaazol,SrY2O4,112.287,62.641
mp-aaaaazox,TaTe4Ir,17.614,12.492
mp-aaaaazqq,Sc5Ga3,70.414,68.245
mp-aaaaazsp,Ni2Ge,170.822,43.404
mp-aaaaaztt,Ti3Rh5,204.618,71.393
mp-aaaaazwj,Mg4Ta2O9,148.83,76.439
mp-aaaaazxu,Sr2TaN3,69.088,38.896
mp-aaaaazya,GeAs2,13.477,10.712
mp-aaaaazyw,Cs2RuO4,18.521,7.793
mp-aaaabaab,Ca6MnN5,78.322,38.848
mp-aaaababk,Ba2SiO4,71.162,30.552
mp-aaaabacl,Y2Zn17,80.602,51.513
mp-aaaabaep,Sc5Sn3,72.275,52.028
mp-aaaabaev,Sr2NbN3,70.857,38.942
mp-aaaabaew,Yb2SiO5,81.431,30.023
mp-aaaabagt,Y5Ge3,70.05,52.258
mp-aaaabahz,Mg3Au,57.457,34.638
mp-aaaabakm,Nb3Si,183.507,74.346
mp-aaaabaku,Al7CoCu2,112.097,65.271
mp-aaaabala,Ag3Ge5P6,64.884,35.962
mp-aaaabaln,Ca6GaN5,71.121,28.855
mp-aaaabame,Ca2VN3,93.415,50.422
mp-aaaabatx,Al2Mo3C,225.38,81.165
mp-aaaabauj,CsAgSe4,8.401,5.594
mp-aaaabawp,Cd4GeSe6,28.173,15.493
mp-aaaabawt,Ca3Cd2,28.128,15.413
mp-aaaabaxy,ScSnPt,116.177,54.332
mp-aaaabbaf,Fe7C3,240.169,93.407
mp-aaaabbbk,Ti(SnO2)2,63.04,19.604
mp-aaaabbbw,Ca3AlSb3,37.606,23.128
mp-aaaabbcm,Mg2Pd,68.21,27.547
mp-aaaabbdh,Be3N2,214.318,185.759
mp-aaaabbgt,Nb2Al,159.974,82.863
mp-aaaabbii,Mn5SiC,205.196,116.345
mp-aaaabbkb,Ba2MnSe3,35.573,19.958
mp-aaaabbmt,Ti4Si7Ni4,171.113,101.052
mp-aaaabbrb,Fe15Co,181.802,84.311
mp-aaaabbrn,Mg3Pt,69.596,23.933
mp-aaaabbrs,Mg3Pd,76.484,25.948
mp-aaaabdei,Sm3InN,79.926,56.436
mp-aaaabdej,TePb,38.461,24.006
mp-aaaabdeo,MnCu2SnS4,64.725,23.957
mp-aaaabdeq,Cu3Ge,123.646,44.057
mp-aaaabdet,PbCN2,22.297,6.787
mp-aaaabdeu,YSiRh,124.598,62.797
mp-aaaabdev,EuAsAu,55.073,28.196
mp-aaaabdfa,MgPbF6,20.958,19.324
mp-aaaabdfb,La2CuO4,142.568,50.382
mp-aaaabdfc,EuTe,50.965,11.725999999999999
mp-aaaabdfg,YInPt,100.795,37.842
mp-aaaabdfh,CeNiC2,129.653,71.17
mp-aaaabdfn,Ni3(PbSe)2,57.203,17.818
mp-aaaabdfp,Pr3InC,32.389,8.891
mp-aaaabdfu,TmCoC,145.684,64.185
mp-aaaabdfy,Sm3PbC,36.11,7.23
mp-aaaabdgb,LaGe2,62.983,17.74
mp-aaaabdgc,UPb3,121.842,-2192.137
mp-aaaabdge,Pr3In,41.265,17.99
mp-aaaabdgf,In2HgTe4,20.25,12.565
mp-aaaabdgn,GdGa2,84.386,51.145
mp-aaaabdgo,Eu(CdSb)2,38.252,18.867
mp-aaaabdgr,Yb3InC,38.199,9.67
mp-aaaabdgw,TbInCu,76.971,43.513
mp-aaaabdgy,In2Si2O7,230.416,91.928
mp-aaaabdhb,Sr(GeRu)2,78.082,51.356
mp-aaaabdhd,Mn(BW)2,297.065,188.623
mp-aaaabdhf,Ca(GeRu)2,103.004,48.899
mp-aaaabdhj,InS,20.396,15.524000000000001
mp-aaaabdhk,Ba2Nb5O9,177.267,103.306
mp-aaaabdhn,BaPbF6,45.434,17.411
mp-aaaabdho,Fe11Si5,222.032,109.921
mp-aaaabdhv,Co3(SnS)2,101.711,54.94
mp-aaaabdhw,Eu(ZnGe)2,56.803,35.695
mp-aaaabdhx,MnCoSi,160.562,85.796
mp-aaaabdic,NiAs2,102.3,52.095
mp-aaaabdie,Sm2In,48.746,20.676
mp-aaaabdif,Y3InC,78.064,63.498
mp-aaaabdii,TmPb3,49.521,6.186
mp-aaaabdij,Cr2GeC,202.882,80.367
mp-aaaabdim,Ca(MnGe)2,80.263,54.912
mp-aaaabdis,ErN,169.316,132.589
mp-aaaabdiu,BaCoS2,55.064,31.713
mp-aaaabdiv,InAgS2,51.173,16.323
mp-aaaabdix,Nb2InC,161.184,99.016
mp-aaaabdiy,Tb3TlC,40.323,11.741
mp-aaaabdjh,TiPbO3,170.269,90.612
mp-aaaabdjm,MnCo2Ge,197.347,93.978
mp-aaaabdjn,KInTe2,14.982,9.325
mp-aaaabdjs,SnPt,127.368,44.847
mp-aaaabdjt,Ba(MnP)2,82.846,48.364
mp-aaaabdju,Sr,8.938,-56.008
mp-aaaabdjy,EuSi2,61.803,17.315
mp-aaaabdkg,GaFe3,169.4,55.803
mp-aaaabdkh,PbAu2,82.187,21.597
mp-aaaabdkm,InNi,102.664,52.845
mp-aaaabdkn,ZrNi2Sn,146.647,45.056
mp-aaaabdkq,FeTe2,94.192,73.813
mp-aaaabdkw,ThSnPt,109.3,42.631
mp-aaaabdkz,ThPb,68.606,58.614
mp-aaaabdlb,Pu2C3,-485003.873,-61239.667
mp-aaaabdld,PbCO3,57.971,21.437
mp-aaaabdlf,NiSb2,75.371,38.66
mp-aaaabdlg,Li2GePbS4,41.491,19.979
mp-aaaabdlo,ZrNi2Sb,143.863,28.872
mp-aaaabdlp,Co2Si,212.261,107.785
mp-aaaabdlq,Zr2InNi2,128.163,59.224
mp-aaaabdls,EuF3,84.28,14.903
mp-aaaabdmb,ZrSiTe,32.766,30.223
mp-aaaabdmc,GdGe,73.164,46.12
mp-aaaabdme,Ce3Ga,43.072,28.756
mp-aaaabdmf,PbO,15.634,10.522
mp-aaaabdmm,Hf2CuSb3,101.457,49.807
mp-aaaabdmn,MgInNi2,106.537,41.076
mp-aaaabdms,CeMgPt,79.546,30.741
mp-aaaabdmy,VAs,138.579,86.366
mp-aaaabdnb,YCuSb2,74.523,35.383
mp-aaaabdne,YInCu2,84.23,39.817
mp-aaaabdng,CeBPd3,57.601,-36.49
mp-aaaabdnh,Sc2Cu2Ge4O13,70.626,35.69
mp-aaaabdnl,ZrCuSi2,128.949,89.065
mp-aaaabdnn,Co2CuGe2,157.602,75.992
mp-aaaabdnu,Sn2Pt,92.692,28.197
mp-aaaabdnv,TiFe2Sn,183.277,108.178
mp-aaaabdny,GdTl,32.249,14.765
mp-aaaabdnz,LuMnSi,103.621,55.573
mp-aaaabdoa,CaIn2Cu,45.357,32.042
mp-aaaabdoc,Li3CuO3,81.806,35.049
mp-aaaabdod,ZnCo2Ge,179.248,26.3
mp-aaaabdof,LaCoGe3,86.372,54.869
mp-aaaabdog,In2Ag,42.934,15.587
mp-aaaabdoj,SmIn3,54.505,31.505
mp-aaaabdop,TiCuSn,103.401,55.201
mp-aaaabdou,SmGa5Co,90.833,53.705
mp-aaaabdow,BaTiO3,92.233,0.487
mp-aaaabdox,SrIn4Pd,47.85,24.856
mp-aaaabdph,SrSnPt,69.787,28.578
mp-aaaabdpk,Zr2InC,118.251,85.132
mp-aaaabdpn,MnNiGe,142.033,60.689
mp-aaaabdpq,DyCuGe,83.761,54.767
mp-aaaabdps,InSb,36.737,19.944
mp-aaaabdqd,PrIn,51.835,20.53
mp-aaaabdqf,Mn(GaS2)2,38.003,22.73
mp-aaaabdqh,FeP2,175.013,154.075
mp-aaaabdqn,SnIr,154.138,58.196
mp-aaaabdqo,CaPb,34.167,18.789
mp-aaaabdqx,ErGeRh,122.853,56.481
mp-aaaabdrd,LiFeP,71.576,51.439
mp-aaaabdre,InP3,47.968,22.314
mp-aaaabdri,TbGe2Pt,111.302,52.781
mp-aaaabdrj,NpSb,70.61,31.362
mp-aaaabdrm,GdAlPd,87.985,21.176
mp-aaaabdrn,ZrMnGe,81.216,68.296
mp-aaaabdrp,GePt2,176.427,32.814
mp-aaaabdrs,DyGa2,74.223,51.788
mp-aaaabdru,CO2,4.63,2.479
mp-aaaabdrv,Na5OsO6,55.843,37.641
mp-aaaabdry,GdTiGe,73.046,43.448
mp-aaaabdsd,TbMn2,221.539,-54.209
mp-aaaabdsf,USe2,69.255,16.907
mp-aaaabdsk,Yb(As2Rh3)2,171.742,60.769
mp-aaaabdsl,ScCuSi,110.432,61.217
mp-aaaabdso,MnSn2,66.375,50.437
mp-aaaabdsz,Pt3PbC,163.949,-385.478
mp-aaaabdta,Ba2PbO4,85.368,43.424
mp-aaaabdti,Li2NdSb2,41.162,21.469
mp-aaaabdtn,EuAl2,-636755.346,-382047.651
mp-aaaabdto,Ni3Sn,161.837,67.389
mp-aaaabdtr,Eu(SiPd)2,100.771,44.183
mp-aaaabdtv,PtO2,-18183.595,-10988.061
mp-aaaabdtw,FeSe,112.111,64.91
mp-aaaabdty,DyGe,81.505,54.729
mp-aaaabdub,GdSi2,101.405,15.334
mp-aaaabdue,Eu(MnAs)2,63.082,33.49
mp-aaaabduh,YIn3,54.648,29.977
mp-aaaabduj,NbCrN,283.872,160.729
mp-aaaabdum,BaPb,24.299,13.484
mp-aaaabduu,NbCrP,214.246,115.435
mp-aaaabduv,TiGaCo2,182.718,87.666
mp-aaaabduw,Zr2Ni2Sn,134.49,59.967
mp-aaaabdux,ZrMnP,174.291,111.101
mp-aaaabdvb,Eu(AlGe)2,55.443,38.376
mp-aaaabdvf,CoSn2,103.565,55.693
mp-aaaabdvi,PbO2,134.544,28.736
mp-aaaabdvy,Ni3Sn4,96.833,50.419
mp-aaaabdwf,Ce2C3,115.855,71.811
mp-aaaabdwj,LuNiSb,96.168,62.894
mp-aaaabdwp,Si3Ru2,200.155,115.548
mp-aaaabdwq,HfMnSi,163.306,85.586
mp-aaaabdwr,DyCo3B2,205.75,122.306
mp-aaaabdws,CeO2,170.992,73.939
mp-aaaabdwt,LaMnGe,59.796,28.945
mp-aaaabdwu,NbTe4,32.222,20.449
mp-aaaabdwv,Cr2GaC,183.799,120.232
mp-aaaabdwz,NdZnSn,61.258,43.259
mp-aaaabdxa,MgSn4Ru,73.432,49.19
mp-aaaabdxb,MnCuP,104.956,25.421
mp-aaaabdxe,ThIn3,65.84,31.631
mp-aaaabdxj,Mn3Si,227.244,100.274
mp-aaaabdxm,UGa3,83.085,52.872
mp-aaaabdxx,CePb3,50.804,18.878
mp-aaaabdxz,NaMnP,47.234,34.395
mp-aaaabdya,MnGaNi2,157.338,37.296
mp-aaaabdyb,Sm3InC,34.955,9.831
mp-aaaabdyf,CaMnSn,40.38,24.968
mp-aaaabdyh,CaMnGe,42.796,33.947
mp-aaaabdyj,CoNiSn,160.052,49.515
mp-aaaabdyk,Th(FeGe)2,145.046,72.532
mp-aaaabdyr,CeFeSi,82.529,33.359
mp-aaaabdyv,MnCoP,201.268,108.089
mp-aaaabdzb,TiCuSi,147.728,77.37
mp-aaaabdzd,AsPd3Pb2,87.148,28.112
mp-aaaabdzh,Mn(GaSe2)2,32.669,19.199
mp-aaaabdzj,CaIn,34.02,15.815
mp-aaaabdzk,Tb(FeGe)2,109.098,11.686
mp-aaaabdzl,LiIn2Pt,81.018,28.966
mp-aaaabdzo,TiGePd,150.678,68.935
mp-aaaabdzp,MnGaPt,123.891,21.757
mp-aaaabdzv,CeGeAu,70.17,18.402
mp-aaaabdzw,U2F9,78.546,42.193
mp-aaaabdzy,Fe(BMo)2,197.749,-233.823
mp-aaaabojb,Li3BO3,72.847,42.251
mp-aaaaboju,Ca3AsBr3,34.272,22.458
mp-aaaabojw,ZrTi2O,114.231,40.626
mp-aaaaboke,K2MnCl6,11.197,6.094
mp-aaaabokp,CaTiF6,58.073,25.205
mp-aaaabokt,Sc2Co3Si,151.636,79.245
mp-aaaabokv,Na3(CuS)4,41.123,18.701
mp-aaaabolj,NaAlSi,40.723,19.975
mp-aaaabomi,ReBiO4,136.128,63.278
mp-aaaabomp,SeOF2,8.58,5.136
mp-aaaabond,CsSnI3,9.875,4.784
mp-aaaabonk,Ba(SiNi)2,62.603,37.793
mp-aaaabonp,AlPd5I2,15.439,12.33
mp-aaaabons,NiCl2,17.245,9.563
mp-aaaaboof,RbNiBr3,12.959,3.423
mp-aaaabooo,KAuO2,46.429,18.352
mp-aaaaboor,RbBiF6,13.584,6.409
mp-aaaaboov,Sr(HO)2,41.76,25.359
mp-aaaabopi,TlBiTe2,27.664,15.95
mp-aaaabopk,ZrCl,18.837,3.242
mp-aaaabopy,BaLi2Si,27.21,16.167
mp-aaaabopz,YCl3,5.717,3.334
mp-aaaaboqa,BaBr2,21.78,7.82
mp-aaaaboqg,AlPS4,6.855,4.068
mp-aaaaboqm,U2BiN2,81.939,42.907
mp-aaaaboqp,NbPS,139.088,72.998
mp-aaaaboqw,Na3PaF8,42.892,19.864
mp-aaaaborg,Ta3N5,241.568,98.734
mp-aaaaborx,Fe3Sn2,108.798,53.526
mp-aaaaborz,ScCl,6.959,2.887
mp-aaaabose,Cr2NiS4,123.11,61.657
mp-aaaabosl,SeO3,5.11,3.287
mp-aaaabotk,Cs3Bi2Br9,8.611,4.661
mp-aaaabotm,CaClF,49.817,23.323
mp-aaaabouc,Na2Pd3O4,94.869,34.888
mp-aaaabour,Cd2As3I,36.257,18.64
mp-aaaabout,Na4P2O7,45.175,24.379
mp-aaaabovu,ZrAs2,109.701,71.768
mp-aaaabovw,Be4TeO7,182.13,112.527
mp-aaaabows,CrCl3,10.055,7.434
mp-aaaabowu,K2TcCl6,11.33,5.731
mp-aaaabowy,Cs2SnI6,7.069,3.906
mp-aaaabowz,NiBr2,11.992,7.055
mp-aaaaboxa,NiI2,20.29,6.877
mp-aaaaboxb,IBr,2.085,1.135
mp-aaaaboxw,Ba(FeS2)2,41.504,18.92
mp-aaaaboyc,IrCl3,12.169,6.513
mp-aaaaboye,Mg2Ga5,51.099,24.366
mp-aaaaboyn,KCu4S3,47.956,18.881
mp-aaaaboyo,Y2Cl3,15.328,11.944
mp-aaaaboyp,LaBr,12.532,4.615
mp-aaaaboys,NaSnS2,39.706,20.865
mp-aaaaboyz,PH4Br,14.902,8.571
mp-aaaabozb,K2PtBr6,12.515,5.95
mp-aaaabozd,Sc(BC)2,190.279,150.727
mp-aaaabozp,Li2Si,32.884,23.382
mp-aaaabozu,CrB4,282.538,257.596
mp-aaaabpac,CsHgBr3,22.568,8.363
mp-aaaabpad,Al2CuO4,188.445,33.92
mp-aaaabpaj,AuI,2.167,2.17
mp-aaaabpak,SO2,4.436,2.642
mp-aaaabpap,HfH2,146.977,37.678
mp-aaaabpas,CrBr3,6.419,4.002
mp-aaaabpbb,BiF5,13.737,10.508
mp-aaaabpbp,Be4B,138.194,144.093
mp-aaaabpbs,PrSi2,80.53,27.008
mp-aaaabpbu,UBrN,21.314,16.394
mp-aaaabpca,Co(BW)3,331.967,203.68
mp-aaaabpcb,V3AsC,190.279,76.549
mp-aaaabpcr,TiBr2,3.721,5.097
mp-aaaabpcz,Nb2Se,119.719,57.905
mp-aaaabpeb,Ag3P11,52.412,32.91
mp-aaaabped,SmClO,74.842,34.161
mp-aaaabpeh,Rb2TiCl6,9.65,5.044
mp-aaaabpei,Cs2TiCl6,9.126,4.099
mp-aaaabpek,Cs2SeCl6,8.965,5.067
mp-aaaabpel,Rb2ZrCl6,10.523,5.344
mp-aaaabpen,Tl2TeCl6,11.525,5.702
mp-aaaabpeo,Tl2PtCl6,13.744,6.203
mp-aaaabpep,K2OsBr6,12.514,5.247
mp-aaaabper,NaHF2,32.742,10.903
mp-aaaabpes,Na3Bi,17.175,10.693
mp-aaaabpet,K2TiCl6,12.238,5.72
mp-aaaabpeu,Cr3Se4,59.625,34.015
mp-aaaabpfc,TiIN,24.065,17.04
mp-aaaabpfd,TiBrN,27.742,19.671
mp-aaaabpfe,TiNCl,30.511,21.367
mp-aaaabpfp,Ce(Re2Si)2,177.68,97.153
mp-aaaabpfr,AlClO,32.289,20.406
mp-aaaabpft,KMgCl3,31.053,15.706
mp-aaaabpga,MgTi2O4,641.16,-256.127
mp-aaaabpgk,Cs2GeCl6,8.703,4.521
mp-aaaabpgq,Zr3GeO8,198.421,48.748
mp-aaaabpgt,Bi2SO2,43.238,25.849
mp-aaaabpgz,Ba(NO2)2,30.201,12.511
mp-aaaabphg,FeSbS,123.849,95.505
mp-aaaabphs,AgBiSe2,55.442,16.44
mp-aaaabphv,Ti8C5,168.542,97.532
mp-aaaabpid,NbAlO4,173.006,74.472
mp-aaaabpig,Li7Si2,32.647,28.995
mp-aaaabpik,CdBr2,7.509,3.7
mp-aaaabpjd,Mo2N,377.071,182.174
mp-aaaabpje,CuN3,15.781,4.885
mp-aaaabpjv,AcCl3,27.477,14.801
mp-aaaabpjw,AcBr3,24.348,12.791
mp-aaaabpjz,NdBr3,9.801,5.38
mp-aaaabpka,SmBr3,10.18,5.194
mp-aaaabpkd,LaI3,6.8469999999999995,3.843
mp-aaaabpki,PrClO,72.722,33.187
mp-aaaabpkn,CBrN,3.927,2.16
mp-aaaabple,Ca(Cu2As)2,78.254,15.31
mp-aaaabpll,MnI2,7.357,4.455
mp-aaaabplp,Na8Ti5O14,74.063,43.59
mp-aaaabpls,AlCuCl4,10.74,6.127
mp-aaaabplw,YSiPd2,126.394,50.1
mp-aaaabpmq,TmCl3,12.303,11.563
mp-aaaabpmv,BaBrCl,15.233,5.971
mp-aaaabpnc,P2Rh3,209.142,60.797
mp-aaaabpnm,ThBrN,24.781,20.167
mp-aaaabpnn,ThIN,18.541,15.059
mp-aaaabpnp,Ca3AsCl3,37.483,25.136
mp-aaaabpoe,Rb2PdBr6,10.289,4.884
mp-aaaabpoq,SCl,1.029,0.187
mp-aaaabppe,Rb2PtI6,8.577,3.938
mp-aaaabppk,TiCl2,12.683,6.039
mp-aaaabpqn,Rb2PdCl6,10.81,6.046
mp-aaaabpqs,BaNb2O6,90.563,35.739
mp-aaaabprf,K2PdF4,24.004,9.85
mp-aaaabpri,K3BrO,19.399,12.792
mp-aaaabprn,K3IO,18.587,12.762
mp-aaaabprq,Pd(SCl3)2,2.346,2.36
mp-aaaabptu,TlSbS2,13.437,5.992
mp-aaaabptw,MgTi2O5,162.509,72.047
mp-aaaabptx,MnCl2,7.158,4.202
mp-aaaabpue,CSO,2.012,1.038
mp-aaaabpuo,Li2MnBr4,19.113,11.927
mp-aaaabpus,LiRuO2,196.978,103.758
mp-aaaabpvc,RbH3O2,23.952,10.843
mp-aaaabpve,P2Pd,110.324,58.503
mp-aaaabpvi,KCuS,16.721,5.768
mp-aaaabpvl,K3CuO2,27.774,13.205
mp-aaaabpvu,RbTiCl3,16.921,8.008
mp-aaaabpvv,CsTiCl3,15.527,9.192
mp-aaaabpwo,K4CdP2,16.356,7.963
mp-aaaabpws,MnBr2,9.387,6.232
mp-aaaabpxj,Pd2Cl2O,44.532,12.248
mp-aaaabpxw,Li3P7,24.186,11.791
mp-aaaabpxz,CaPPt,95.286,39.105
mp-aaaabpyr,NbHg3F6,23.318,2.2
mp-aaaabpyy,Rb2CdO2,36.278,14.225
mp-aaaabpzd,GeH3Cl,1.2429999999999999,0.967
mp-aaaabpzk,CuAuF5,30.801,13.085
mp-aaaabpzz,SiCl4,0.521,0.163
mp-aaaabqad,B6P,198.464,173.797
mp-aaaabqce,DyCl3,9.947,3.729
mp-aaaabqcq,Br2O,5.004,2.591
mp-aaaabqdj,Sc2CCl2,21.429,11.575
mp-aaaabqdk,Sc2NCl2,28.825,17.814
mp-aaaabqeb,Cs2CrCl4,17.295,7.552
mp-aaaabqgb,Li8SiO6,77.448,56.475
mp-aaaabqgf,Ca2IN,50.374,31.593
mp-aaaabqgt,LiBiF4,75.053,26.886
mp-aaaabqhr,Na4HgP2,23.476,12.461
mp-aaaabqhs,Li7Br3O2,37.683,25.035
mp-aaaabqht,Li3BrO,48.727,35.622
mp-aaaabqhz,Na4Br2O,25.283,14.596
mp-aaaabqic,Na3ClO,32.992,22.436
mp-aaaabqih,UReB3,264.934,191.09
mp-aaaabqik,CsAgCl3,13.37,370.484
mp-aaaabqio,NaBPt3,154.883,34.515
mp-aaaabqjb,K4Br2O,15.725999999999999,8.724
mp-aaaabqjd,Ta5B6,291.265,204.868
mp-aaaabqje,Na3BN2,46.765,24.856
mp-aaaabqjt,CaNiN,107.264,55.197
mp-aaaabqkn,NdSi2Ru,125.248,62.129
mp-aaaabqlf,Ta(ICl)2,3.984,2.594
mp-aaaabqlo,Cs2CuF6,-6.384,-8.839
mp-aaaabqlu,Na4IrO4,41.96,21.927
mp-aaaabqmh,Sb2S2O,11.667,10.585
mp-aaaabqms,Pt(SCl3)2,-2.32,2.594
mp-aaaabqnb,V6C5,237.852,175.41
mp-aaaabqnx,NdI2,2.392,9.017
mp-aaaabqoo,Ca2FeN2,77.679,42.257
mp-aaaabqpa,Na3PS4,22.958,10.928
mp-aaaabqpe,Zn(BIr)2,219.89,106.867
mp-aaaabqpl,Mg2C3,90.273,47.964
mp-aaaabqpn,LaSi2Ru,118.955,59.136
mp-aaaabqpp,YHSe,81.843,62.621
mp-aaaabqqc,Na2CS3,16.312,7.334
mp-aaaabqrb,LiScI3,16.739,10.994
mp-aaaabqre,U3(SiC)2,136.797,80.702
mp-aaaabqrj,Tl2SnTe5,19.458,8.949
mp-aaaabqsm,RbBrO3,16.727,9.591
mp-aaaabqsy,Cs(FeAs)2,43.521,26.483
mp-aaaabqtj,Ba(P2Pd)2,87.709,34.758
mp-aaaabqtk,CuBIr,195.576,67.035
mp-aaaabqtl,BIrPd,236.227,73.014
mp-aaaabquh,Hf3Te2,37.225,23.847
mp-aaaabqup,Ba(NiP2)2,104.512,96.35
mp-aaaabqur,DySI,10.461,5.307
mp-aaaabqva,Nb3TeCl7,12.425,8.64
mp-aaaabqvh,Si2NiP3,108.208,56.276
mp-aaaabqvq,Tl2PdSe2,31.919,8.703
mp-aaaabqwo,Ba2S3,33.026,13.188
mp-aaaabqwq,K3BiSe3,12.443,7.072
mp-aaaabqxf,Cu4SiP8,89.914,54.3
mp-aaaabqxp,U(Cr3P2)2,144.899,84.753
mp-aaaabqxt,Li2MgBr4,19.912,12.262
mp-aaaabqxv,BiTePd,74.017,26.776
mp-aaaabqxz,CaThBr6,9.879,5.456
mp-aaaabqyj,Li5Br2N,26.516,16.903
mp-aaaabqyk,MnWN2,289.385,115.863
mp-aaaabqzp,Nb3SBr7,12.982,7.9030000000000005
mp-aaaabrab,Na(CuS)4,58.012,22.313
mp-aaaabrai,FeWN2,228.877,128.086
mp-aaaabrau,Sr3(GeN)2,50.267,30.528
mp-aaaabrax,Ti(CuS)4,75.053,37.645
mp-aaaabrbr,Al2Fe3Si4,173.637,105.494
mp-aaaabrcl,VSe,80.907,46.598
mp-aaaabrcn,OsCl2O,36.377,22.51
mp-aaaabrcp,Zr6CoAs2,121.804,65.726
mp-aaaabrcq,Sr6Cu3N5,63.615,27.585
mp-aaaabrcs,KAuSe2,20.785,8.939
mp-aaaabrcz,H3N,8.895,3.613
mp-aaaabrdd,Li4NCl,40.286,28.342
mp-aaaabrdf,Li5NCl2,38.043,26.953
mp-aaaabrdg,Zr2CoP,158.429,79.053
mp-aaaabrdh,Zr2NiP,157.834,82.497
mp-aaaabrdi,Hf2CoP,171.95,86.955
mp-aaaabrdl,Si3P2Pt,122.687,81.176
mp-aaaabred,Ca2AuN,59.67,26.965
mp-aaaabrey,AuCN,36.759,20.852
mp-aaaabrfj,SrMnBi2,32.353,18.785
mp-aaaabrfk,Ca(MgBi)2,34.698,22.208
mp-aaaabrfl,Ba(MgBi)2,31.668,21.056
mp-aaaabrfm,Li2Ga,33.134,27.31
mp-aaaabrgr,Ca3SnO,54.846,45.672
mp-aaaabrgt,Ba3SnO,36.771,25.902
mp-aaaabrhj,Bi2PdO4,51.718,16.451
mp-aaaabrjg,Na5Co2S5,33.706,14.373
mp-aaaabrjz,SmBrO,22.04,15.101
mp-aaaabrko,Ca3PCl3,40.064,26.861
mp-aaaabrky,Ba2PdO3,86.049,44.286
mp-aaaabrlc,NaTi2O4,143.935,77.985
mp-aaaabrli,GaCuCl4,10.789,5.407
mp-aaaabrlk,Li5SbO5,94.256,64.692
mp-aaaabrlu,KGaSb4,21.147,13.849
mp-aaaabrlz,K3BiTe3,9.122,4.756
mp-aaaabrmq,Cu2PbO2,49.45,17.547
mp-aaaabrms,Cs2HfI6,6.99,4.16
mp-aaaabrmu,CsFeCl3,23.393,-1.641
mp-aaaabrmx,GaCuI4,8.702,4.898
mp-aaaabrnl,Na3ScBr6,14.933,6.566
mp-aaaabrox,Ga4GeO8,152.853,72.5
mp-aaaabroy,Rb2IN3,14.872,8.101
mp-aaaabrpf,LiBeN,92.715,65.035
mp-aaaabrps,Cu3SbSe3,51.967,17.901
mp-aaaabrpx,Rb2WBr6,9.727,4.388
mp-aaaabrqa,K4HgAs2,14.347,7.232
mp-aaaabrqm,Pd(SeBr3)2,-2.294,-0.81
mp-aaaabrqs,Al2Te3,-0.0,1.662
mp-aaaabrrk,LiAuI4,6.138,3.8
mp-aaaabrrt,NaSnP,29.913,18.993
mp-aaaabrsf,GaTeI7,5.463,2.9619999999999997
mp-aaaabrsp,Na3Hg,12.299,5.4
mp-aaaabrsu,Tl2WCl6,14.578,5.2620000000000005
mp-aaaabrtw,K4BeAs2,16.006,8.037
mp-aaaabrtx,K4CdAs2,14.836,7.057
mp-aaaabrui,Ca3AlN3,93.704,48.55
mp-aaaabrvb,Ca(MnBi)2,31.174,13.621
mp-aaaabrvd,V3Sb2,102.88,-4.889
mp-aaaabrve,NiP3W2,205.053,104.22
mp-aaaabrvh,Ba5Bi3,6.865,14.483
mp-aaaabrvj,SrZnBi2,30.573,15.677
mp-aaaabrvk,Mg2Al2Se5,16.399,10.996
mp-aaaabrvt,LiGePd2,121.813,37.662
mp-aaaabrvy,BiTePt,86.263,32.854
mp-aaaabrwb,GeSb4Te7,18.188,14.027
mp-aaaabrwd,CuAsSe2,42.788,9.879
mp-aaaabrwg,HfAs2,114.549,75.643
mp-aaaabrwh,SmSb2,58.083,28.693
mp-aaaabrwm,TaSe3,19.248,13.686
mp-aaaabrwq,AgBiTe2,47.47,15.999
mp-aaaabrws,ZrNiH3,166.689,69.397
mp-aaaabrwt,FeAgTe2,49.299,13.74
mp-aaaabrwv,Si5Pt6,180.761,70.297
mp-aaaabrwx,Si3Ir,144.525,11.431
mp-aaaabrwz,Sb3Au,66.29,18.302
mp-aaaabrxa,Bi2Te2Se,12.946,9.841
mp-aaaabrxi,Al2B2Ru3,230.449,103.58
mp-aaaabrxm,AgBiS2,61.742,14.291
mp-aaaabrzh,YBRh3,181.021,85.796
mp-aaaabrzi,LaSi2Rh3,164.797,91.599
mp-aaaabrzn,HoClO,67.211,30.398
mp-aaaabrzp,MgNiBi,69.981,35.796
mp-aaaabrzs,YAlGe,81.107,56.76
mp-aaaabrzy,NdSi2Rh3,166.12,98.975
mp-aaaabsae,TePdI,24.702,12.965
mp-aaaabsag,CsMgBr3,11.461,3.787
mp-aaaabsah,CsMgI3,9.34,0.299
mp-aaaabsai,NiGePt2,195.587,57.888
mp-aaaabsak,SrLiN,54.044,28.446
mp-aaaabsar,UCO5,38.531,24.118
mp-aaaabsat,RbMnBr3,12.077,-1.893
mp-aaaabsau,RbHF2,22.876,10.868
mp-aaaabsbb,MgC2,77.515,30.575
mp-aaaabsbc,YGe3,73.159,51.058
mp-aaaabsch,SiH,14.705,9.255
mp-aaaabsck,Cs2PdI6,9.131,4.015
mp-aaaabscn,Ca2GeN2,77.721,54.318
mp-aaaabscu,Ag2HgO2,39.693,12.451
mp-aaaabsde,ZnCN2,70.643,24.477
mp-aaaabseo,SnBr2,5.015,1.482
mp-aaaabseu,LiAuC2,50.028,25.135
mp-aaaabsez,Rb2CdCl4,19.054,7.96
mp-aaaabsfp,Tl2PdCl4,13.465,6.248
mp-aaaabsfw,Y2B3C2,149.778,37.797
mp-aaaabsfy,Tl2Au4S3,18.684,7.562
mp-aaaabsga,NiGe2,110.731,47.537
mp-aaaabsgu,Rb5Au3O2,-12.521,-201.861
mp-aaaabshp,Sc2C,70.965,9.328
mp-aaaabshy,Nb3Cl8,12.959,8.72
mp-aaaabsim,La3(TaN3)2,165.266,85.631
mp-aaaabsiv,SrN,39.109,25.771
mp-aaaabska,Rb4Br2O,12.914,6.882
mp-aaaabskp,ZrCu2Te3,35.784,19.93
mp-aaaabsky,YSi2Rh3,173.958,100.445
mp-aaaabslb,CaI2,3.823,2.5140000000000002
mp-aaaabsld,CoBr2,36.206,-45.445
mp-aaaabsle,MgBr2,7.41,2.537
mp-aaaabslk,BaCdSb2,33.265,21.701
mp-aaaabsln,CeSi2Ru3,185.912,90.753
mp-aaaabslo,Fe2CoGe,158.882,3.563
mp-aaaabslp,CoGe2,122.975,66.091
mp-aaaabslr,Sn2Mo,117.067,70.54
mp-aaaabslx,NaCN,18.145,11.602
mp-aaaabsmb,LiCN,23.889,8.104
mp-aaaabsmg,Cs2PtBr6,8.763,4.908
mp-aaaabsmk,Sb7Pd20,139.813,28.979
mp-aaaabsmm,CIN,5.029,3.178
mp-aaaabsmn,CuNi2Sb,147.435,26.623
mp-aaaabsmx,LiMg2Ge,38.234,-52.54
mp-aaaabsmy,Li2GePd,62.413,22.035
mp-aaaabsnb,TlBi,36.786,16.885
mp-aaaabsnj,MgB9N,208.317,152.913
mp-aaaabspf,BeBr2,2.676,1.835
mp-aaaabspn,ZrTiAs,137.302,70.614
mp-aaaabspo,BC2N,375.423,419.8
mp-aaaabspr,CuAuSe4,29.101,19.356
mp-aaaabspw,LiMgN,96.016,79.534
mp-aaaabsqa,Si(CN2)2,105.736,-1.456
mp-aaaabsqb,Si2CN4,134.468,25.701
mp-aaaabsqp,Ca(AlZn)2,62.198,40.313
mp-aaaabsqr,Y(Al2Cr)4,116.53,78.364
mp-aaaabsqs,Mg2Al5Cu6,101.138,58.206
mp-aaaabsqu,Al4Mo,111.709,74.751
mp-aaaabsqv,PrAl3Ni2,104.057,64.543
mp-aaaabsqw,ThAl3Ni2,122.373,75.405
mp-aaaabsqx,ZrAl5Ni2,119.733,85.414
mp-aaaabsru,CsClO4,12.446,5.747
mp-aaaabsrv,La3GaBr3,41.385,22.985
mp-aaaabsrw,YCuP2,113.331,69.552
mp-aaaabsrx,LiBH4,15.533,7.936
mp-aaaabssp,Rb2WCl6,11.06,4.8870000000000005
mp-aaaabste,Mg4H2O5,88.485,69.588
mp-aaaabstg,Mg2H2O3,62.075,34.799
mp-aaaabsth,Mg3H4O5,54.791,34.467
mp-aaaabstj,Mg(HO)2,51.731,40.488
mp-aaaabstn,YAuO2,113.218,29.163
mp-aaaabsuj,AcClO,62.71,30.419
mp-aaaabsvl,LiClO4,30.023,18.037
mp-aaaabsvr,DyBiRh,96.913,40.652
mp-aaaabsvw,Ca2SiIr2,96.593,40.151
mp-aaaabsvz,Ca3BN3,80.701,22.835
mp-aaaabswu,Al4W,116.786,76.786
mp-aaaabswv,Al5W,126.403,102.302
mp-aaaabsww,Y3Al,49.823,32.502
mp-aaaabswx,ErAg2,77.336,34.07
mp-aaaabswy,ErInAg2,77.665,25.82
mp-aaaabswz,TiAgHg2,78.331,28.717
mp-aaaabsxa,HoInAg2,77.054,26.089
mp-aaaabsxb,InAg3,77.989,14.93
mp-aaaabsxc,Li2InAg,43.023,15.372
mp-aaaabsxf,ScInAg2,83.809,26.91
mp-aaaabsxh,Li2AgPb,39.481,13.522
mp-aaaabsxj,MgAg3,77.693,17.218
mp-aaaabsxk,NaAg2,47.598,20.815
mp-aaaabsxl,AgPt3,200.369,62.854
mp-aaaabsxm,ScAg4,89.295,35.942
mp-aaaabsxn,SrAg,27.873,13.764
mp-aaaabsxo,SrAg2,40.502,17.609
mp-aaaabsxp,Sr3Ag2,21.352,9.351
mp-aaaabsxq,TbAg2,72.426,29.94
mp-aaaabsxs,TmAg3,74.075,18.548000000000002
mp-aaaabsxu,Zr3Ag,97.309,21.026
mp-aaaabsxv,BaAu2,44.664,16.757
mp-aaaabsxw,BaAu5,80.248,16.568
mp-aaaabsxx,BeAu,148.197,42.582
mp-aaaabsyd,Cd5Au3,73.514,11.916
mp-aaaabsyg,DyInAu2,90.936,22.045
mp-aaaabsyn,Li2GaAu,59.891,25.706
mp-aaaabsyp,Hf2Au,133.005,58.098
mp-aaaabsyy,Li2InAu,53.673,16.653
mp-aaaabszb,ScInAu2,101.827,24.732
mp-aaaabszj,Li2PbAu,44.376,11.552
mp-aaaabszk,Li2SbAu,54.242,21.767
mp-aaaabszl,Li2SnAu,55.812,21.316
mp-aaaabszm,Li2TlAu,45.771,8.488
mp-aaaabszo,MgAu3,111.519,29.873
mp-aaaabszp,Mn2Au,107.796,40.081
mp-aaaabszq,Mn2Au5,127.572,32.116
mp-aaaabszy,SnAu5,114.725,21.951
mp-aaaabszz,USnAu2,25.037,66.09
mp-aaaabtad,VAu2,125.266,26.935
mp-aaaabtag,BaCdBi2,30.641,18.744
mp-aaaabtah,BaZnBi2,31.416,17.133
mp-aaaabtai,BaCu,20.544,8.614
mp-aaaabtan,BaSn3Pt,60.919,26.771
mp-aaaabtao,BaTl2,25.239,17.206
mp-aaaabtap,BaZn2,27.55,7.882
mp-aaaabtar,CaSnPd,66.403,24.277
mp-aaaabtas,Be2Cr,182.568,162.402
mp-aaaabtav,Be17Nb2,140.051,150.117
mp-aaaabtax,Be17Ru3,151.947,117.848
mp-aaaabtay,Be22W,133.551,149.843
mp-aaaabtbd,MgCuBi,56.495,29.042
mp-aaaabtbf,SrCuBi,40.538,27.691
mp-aaaabtbg,DyNiBi,79.997,50.161
mp-aaaabtbh,DyBiPt,89.435,40.218
mp-aaaabtbi,ErBiPt,90.805,40.701
mp-aaaabtbj,HoBiPt,90.608,40.665
mp-aaaabtbl,LuNiBi,82.386,50.28
mp-aaaabtbn,ScNiBi,87.697,53.578
mp-aaaabtbo,YNiBi,80.316,49.382
mp-aaaabtbp,BiPd2Pb,83.365,23.445
mp-aaaabtbt,YBiPd2,94.378,6.461
mp-aaaabtbw,ThBi,73.55,25.236
mp-aaaabtbx,TlBi2,40.558,12.03
mp-aaaabtca,Ca2GaCu2,53.652,25.146
mp-aaaabtcj,CaPt5,167.886,79.033
mp-aaaabtck,Ca3Tl,21.746,10.484
mp-aaaabtcl,CaZn,32.099,14.606
mp-aaaabtcn,Ca3Zn,22.439,9.782
mp-aaaabtcq,CdHg2,30.017,10.68
mp-aaaabtcs,Mg3Cd,39.972,19.676
mp-aaaabtct,MgCd3,43.169,-5.096
mp-aaaabtcv,ZnCdPt2,154.491,57.642
mp-aaaabtcw,ScCd3,61.151,29.259
mp-aaaabtcx,SmCd2,53.428,25.46
mp-aaaabtcz,TbCd2,54.807,30.672
mp-aaaabtda,TbCd3,56.173,21.64
mp-aaaabtdc,TiCd,81.552,26.541
mp-aaaabtdd,Ti2Cd,89.283,29.006
mp-aaaabtde,TmCd3,57.293,29.664
mp-aaaabtdi,CeHg2,64.176,30.596
mp-aaaabtdj,CeIr5,231.621,101.532
mp-aaaabtee,MnTlCl3,34.135,12.796
mp-aaaabteg,TlClO4,12.984,5.629
mp-aaaabtej,KPt2S3,31.59,13.097
mp-aaaabtem,V5Sb4,90.199,52.07
mp-aaaabtfb,GaFeCo2,190.304,88.288
mp-aaaabtff,TaGaCo2,195.874,90.532
mp-aaaabtfk,NbCoSn,75.199,-106.263
mp-aaaabtfn,ZrCoSn,140.779,67.418
mp-aaaabtfo,ThCo,101.93,22.233
mp-aaaabtfq,Ti2Co,96.827,24.714
mp-aaaabtft,Zr6Co23,173.449,59.12
mp-aaaabtfu,CrGaFe2,204.598,105.307
mp-aaaabtfv,Tl2Au,38.126,8.532
mp-aaaabtfw,Hf2Ga,119.01,63.266
mp-aaaabtgc,DyCu5,107.72,23.276
mp-aaaabtgd,ErCu5,106.265,14.638
mp-aaaabtge,SrGaCu2,52.608,26.153
mp-aaaabtgf,Hf2Cu,123.959,54.412
mp-aaaabtgg,HfCuHg2,105.976,17.253
mp-aaaabtgj,HoCu5,116.726,53.682
mp-aaaabtgk,HoInCu2,86.981,41.739
mp-aaaabtgl,MgInCu4,100.153,31.24
mp-aaaabtgp,Li2CuSn,52.666,30.448
mp-aaaabtgq,CuNi2Sn,149.253,27.073
mp-aaaabtgr,ZnCu2Ni,143.323,62.437
mp-aaaabtgs,Cu4Pd,145.218,47.364
mp-aaaabtgt,CuSnRh2,177.039,63.304
mp-aaaabtgw,SrCuSn2,47.714,24.239
mp-aaaabtgx,Ti2Cu3,139.182,34.657
mp-aaaabtgy,TmCu5,109.138,13.382
mp-aaaabthb,ZrCu5,136.626,60.974
mp-aaaabthc,DyGa,68.534,42.601
mp-aaaabthi,Er2Pt,76.471,25.794
mp-aaaabthj,ErSnPt2,131.951,48.795
mp-aaaabthl,ErSn2,60.804,37.354
mp-aaaabthr,Zr3Co,103.802,35.813
mp-aaaabths,DyRh5,180.429,75.831
mp-aaaabtht,DySi2Rh3,175.481,101.516
mp-aaaabthx,Dy2Tl,53.54,22.798000000000002
mp-aaaabtiu,LiMg2Ga,38.321,26.698
mp-aaaabtiw,Mg2Ga,45.747,25.13
mp-aaaabtix,MgGa2,49.454,17.471
mp-aaaabtjb,Ga4Ni3,135.145,66.1
mp-aaaabtjc,TiGaNi,127.561,65.377
mp-aaaabtjd,TiGaNi2,166.368,48.916
mp-aaaabtje,VGaNi2,167.969,38.51
mp-aaaabtjh,ScGaPd2,127.531,35.179
mp-aaaabtjo,Ta5Ga3,177.165,-357.651
mp-aaaabtjq,Th3Ga2,74.25,24.825
mp-aaaabtjr,Ti2Ga,120.013,64.019
mp-aaaabtjs,Ti3Ga,118.806,55.181
mp-aaaabtjt,Ti2Ga3,107.755,70.461
mp-aaaabtkc,ZrGa,113.596,75.217
mp-aaaabtkd,ZrGa2,99.541,62.966
mp-aaaabtke,Zr3Ga2,111.017,66.922
mp-aaaabtkf,ZrGa3,97.364,72.855
mp-aaaabtkg,Zr2Ga3,110.808,67.469
mp-aaaabtll,KHg2,11.826,4.929
mp-aaaabtln,Mg2Hg,44.345,15.581
mp-aaaabtlp,Hg5Pd2,68.584,10.762
mp-aaaabtlq,ScHg3,63.522,22.049
mp-aaaabtlt,YHg2,62.527,27.952
mp-aaaabtlu,YHg3,59.331,21.426
mp-aaaabtlv,MgCdAg2,69.74,25.347
mp-aaaabtlz,HoSnPd2,110.96,20.177
mp-aaaabtmf,YMgAg,54.978,36.231
mp-aaaabtmg,LiIr3,242.519,112.944
mp-aaaabtmh,Mg3Ir,76.899,27.796
mp-aaaabtmj,PaIr3,259.63,131.2
mp-aaaabtmm,IrW,333.76,184.951
mp-aaaabtmn,Ir3W,350.814,194.892
mp-aaaabtmo,YIr,130.242,46.637
mp-aaaabtms,CeAl4Ni,89.025,64.291
mp-aaaabtmv,LaPd5,126.008,47.043
mp-aaaabtna,Li2MgPb,36.254,14.747
mp-aaaabtnb,LiMg2Tl,32.073,13.48
mp-aaaabtnc,Li3Pb,25.566,15.278
mp-aaaabtnf,LiPd2Pb,81.931,9.173
mp-aaaabtng,LiPt2,135.254,64.55
mp-aaaabtnh,LiPt7,217.916,77.09
mp-aaaabtni,Li5Sn2,29.691,21.604
mp-aaaabtnj,Li7Sn2,27.747,22.949
mp-aaaabtnk,Li7Sn3,30.336,23.766
mp-aaaabtnl,Li13Sn5,29.762,24.659
mp-aaaabtnp,MgNi2Sb,113.99,41.733
mp-aaaabtnq,MgNi2Sn,116.057,51.674
mp-aaaabtnt,MgPt3,183.899,78.069
mp-aaaabtnu,Mg5Rh2,112.559,68.756
mp-aaaabtnv,SmMg3,39.515,26.455
mp-aaaabtoa,Mg2Zn11,68.686,39.903
mp-aaaabtod,MoRh3,268.478,132.343
mp-aaaabtoe,SnMo3,216.251,102.767
mp-aaaabtof,U2Mo,179.585,-9.903
mp-aaaabtog,ZrMo3,193.868,33.7
mp-aaaabtom,NbSnRh,127.669,-114.163
mp-aaaabton,Nb5Te4,89.583,43.695
mp-aaaabtoo,NbZn2,140.627,82.962
mp-aaaabtop,NdTlPd,76.14,28.036
mp-aaaabtoq,NdZn2,56.978,23.092
mp-aaaabtor,NdZn5,75.202,36.423
mp-aaaabtov,SrNiSn3,51.162,24.888
mp-aaaabtox,ZrNi4Sn,894034.2,529137.442
mp-aaaabtoy,TbNi5,143.336,72.199
mp-aaaabtpb,Ni4W,226.168,97.776
mp-aaaabtpf,LaAl3Pd2,102.67,56.516
mp-aaaabtpg,Li2AlPd,68.314,29.042
mp-aaaabtph,LiAl2Pd,104.819,56.274
mp-aaaabtpi,Li2AlPt,84.603,37.313
mp-aaaabtpj,LiAl2Pt,124.378,59.706
mp-aaaabtpk,Li2AlRh,80.792,39.204
mp-aaaabtpl,LiAl2Rh,119.342,55.198
mp-aaaabtpm,PuOs2,5155.567,763.837
mp-aaaabtpp,PaRh3,212.903,92.757
mp-aaaabtpy,SrSn3Pd,56.392,13.412
mp-aaaabtpz,TaPd2,205.117,73.846
mp-aaaabtqa,TaPd3,210.488,86.887
mp-aaaabtqd,Th3Pd5,79.566,21.272
mp-aaaabtqe,Ti2Pd3,154.553,41.93
mp-aaaabtqf,UPd3,789818.62,-112823.863
mp-aaaabtqg,ZrPd3,170.268,80.861
mp-aaaabtqi,ScSnPt2,142.674,13.402
mp-aaaabtqj,SmPt3,160.432,64.907
mp-aaaabtqk,Sn3Pt2,102.187,30.087
mp-aaaabtql,TiSnPt,136.97,56.643
mp-aaaabtqm,USnPt,145.047,53.407
mp-aaaabtqn,TaPt2,243.933,75.583
mp-aaaabtqo,TaPt3,259.644,90.679
mp-aaaabtqp,Ti3Pt5,202.97,73.603
mp-aaaabtqq,TiPt8,240.535,86.388
mp-aaaabtqu,ZnPt3,211.734,67.417
mp-aaaabtqw,ZrPt3,221.479,103.854
mp-aaaabtqz,PuZn2,-69344.427,-41629.368
mp-aaaabtrd,TmRh2,-5957.078,-849.6
mp-aaaabtre,Rh3W,282.841,137.344
mp-aaaabtrf,ScRu,148.847,55.613
mp-aaaabtrj,Ta3Sn,178.536,-53.314
mp-aaaabtrk,ThSn2,71.526,40.547
mp-aaaabtrn,Ti2Sn,114.555,61.103
mp-aaaabtro,Zr3Sn,103.006,39.314
mp-aaaabtrp,SrTl2,26.768,16.996
mp-aaaabtrq,TbTl,52.636,14.522
mp-aaaabtru,TiZn2,105.49,65.278
mp-aaaabtrv,V4Zn5,125.541,38.221
mp-aaaabtrw,YZn3,72.174,41.301
mp-aaaabtrx,YZn5,78.306,45.395
mp-aaaabtry,YZn12,79.823,54.123
mp-aaaabtse,Ba4Bi3,24.169,11.495
mp-aaaabtth,Y6CoBi2,56.904,8.761
mp-aaaabttq,AlI3,1.042,0.713
mp-aaaabttt,ZrBi,82.991,48.372
mp-aaaabtud,MgPSe3,10.068,6.5120000000000005
mp-aaaabtum,GaCl3,0.919,0.772
mp-aaaabtun,GaBr3,0.727,1.064
mp-aaaabtuo,GaI3,1.125,0.757
mp-aaaabtvp,Te(HO)6,26.626,18.976
mp-aaaabtwh,CuCl2,6.14,4.404
mp-aaaabtwt,Y2Si2Rh,106.197,64.641
mp-aaaabtwz,Ce4B2N5,144.347,89.672
mp-aaaabtxa,SrAgBi,35.76,20.895
mp-aaaabtxn,La4PdO7,113.246,50.422
mp-aaaabtxu,CuSe2Cl,5.622,5.1370000000000005
mp-aaaabtxz,H5NF2,30.335,11.003
mp-aaaabtyl,Sc3InN,96.711,74.295
mp-aaaabtyp,Ba(AlGe)2,43.029,19.745
mp-aaaabtyu,B6H10N,14.126,3.607
mp-aaaabtzc,Sc6Te2Rh,72.813,302.329
mp-aaaabtzk,YAlSi,87.972,63.155
mp-aaaabtzl,Sc(MnAl2)4,153.967,97.394
mp-aaaabtzq,NaP5,35.625,19.553
mp-aaaabtzx,Dy2CoSi2,101.89,61.658
mp-aaaabuaa,Li3AlH6,36.478,24.109
mp-aaaabuau,LaScO3,153.924,79.013
mp-aaaabuaw,SmScO3,162.11,81.837
mp-aaaabuax,TbScO3,163.461,82.231
mp-aaaabuay,DyScO3,164.678,82.262
mp-aaaabubo,Lu2NiSn6,65.165,38.649
mp-aaaabubq,MnPd3,146.973,53.987
mp-aaaabubs,BaBiAu,38.213,-137.081
mp-aaaabubt,SrBiAu,39.321,-13.715
mp-aaaabubu,YbBiAu,38.63,-22.986
mp-aaaabubw,Rb3Au7,45.356,14.575
mp-aaaabubx,BaCuBi,38.096,24.08
mp-aaaabubz,BaZnSi,43.884,31.194
mp-aaaabuca,BaZnSn,34.655,25.518
mp-aaaabuce,CaGaPt,81.877,24.132
mp-aaaabucf,CaGePt,89.711,35.644
mp-aaaabucm,CaZnSn,46.54,37.248
mp-aaaabucu,Li2AlAg,50.135,25.281
mp-aaaabucv,ScAlAg2,93.143,31.362
mp-aaaabucw,Cd2AgAu,82.477,13.904
mp-aaaabucx,Zn2AgAu,102.933,25.725
mp-aaaabucy,Ca5Ag3,30.043,12.638
mp-aaaabucz,CeCd2Ag,53.25,17.503
mp-aaaabude,DyAl3,72.759,52.022
mp-aaaabudi,ErAl2Ni,93.639,57.442
mp-aaaabudk,AlFe2,131.215,47.246
mp-aaaabudl,MnAlFe2,204.228,131.417
mp-aaaabudm,AlFe2Ni,133.148,1386.228
mp-aaaabudn,TiAlFe2,184.183,85.502
mp-aaaabuef,Zr3Fe,102.072,37.707
mp-aaaabuei,LiIn2Ir,103.987,40.176
mp-aaaabuej,Ca(BeGe)2,71.325,48.951
mp-aaaabuem,K2MgF4,45.872,26.717
mp-aaaabuet,Si3W5,267.109,121.199
mp-aaaabueu,AlSiTe3,14.548,8.574
mp-aaaabufj,BaNaBi,23.376,16.323
mp-aaaabuge,U(SbO3)2,28.801,25.536
mp-aaaabugz,Sn4Ir,71.396,37.376
mp-aaaabuhq,Sr2In3Rh2,58.384,26.802
mp-aaaabuhx,LiSn4Au3,62.451,20.244
mp-aaaabuiu,Li2In,28.365,23.649
mp-aaaabuiw,Mg2In,6.144,347.437
mp-aaaabuiy,MnInPd2,70.027,-2.536
mp-aaaabuja,NdInRh,91.094,44.34
mp-aaaabujh,InPd3,143.036,37.467
mp-aaaabujj,ScInPd2,118.985,41.443
mp-aaaabujt,Sr3In,17.296,7.912
mp-aaaabukh,K2TaCl6,12.244,4.805
mp-aaaabukm,KClO2,17.963,7.959
mp-aaaabukx,Zr2Sb,106.569,29.962
mp-aaaabuky,SmPd,75.905,26.496
mp-aaaabulb,Hf6CoBi2,107.37,59.853
mp-aaaabulu,Sm2GeRh3,131.74,45.013
mp-aaaabulw,Mg5Si6,47.255,20.315
mp-aaaabulx,Mg4AlSi6,60.473,-20.13
mp-aaaabumd,Th(Al2Cr)4,119.17,87.328
mp-aaaabune,YZrSb,78.942,41.125
mp-aaaabunh,Li2GaIr,95.635,41.728
mp-aaaabuni,Li2InRh,70.882,25.237
mp-aaaabunj,Li2InIr,82.523,28.256
mp-aaaabunr,ZrCoBi,118.226,61.85
mp-aaaabuns,ZrNiBi,99.372,37.576
mp-aaaabunt,NbSbRh,149.831,42.085
mp-aaaabunu,TaSbRu,176.103,71.486
mp-aaaabunv,VSbRu,161.485,48.967
mp-aaaabunw,HfSbRu,142.704,47.25
mp-aaaabunx,ZrSbRu,136.523,45.611
mp-aaaabuny,TiSbRu,144.54,28.092
mp-aaaabunz,TaCoSb,165.084,66.374
mp-aaaabuoa,NbCoSb,193.533,59.158
mp-aaaabuoh,Ga3Pd7,150.991,50.274
mp-aaaabuoi,LiCaN,69.668,40.787
mp-aaaabuoj,Hf5CuSn3,118.269,63.711
mp-aaaabupk,Li2Sn2Au,47.106,21.387
mp-aaaabupm,BaPt,49.609,19.133
mp-aaaabupq,ScCd7,53.455,62.402
mp-aaaabupy,NbCuTe2,65.953,37.452
mp-aaaabwdw,BiO2,140.204,46.383
mp-aaaabwes,Al2O3,197.042,111.213
mp-aaaabwhl,LiS,39.492,-36.107
mp-aaaabwix,Nb10C7,226.442,133.288
mp-aaaabwmu,AuCl,10.267,2.471
mp-aaaabwnz,Ag2Te,52.857,12.209
mp-aaaabwor,CuCl4,1.099,1.6440000000000001
mp-aaaabwqx,HfTe2,11.738,10.089
mp-aaaabwsl,Tb2O3,134.172,50.448
mp-aaaabwva,Hf4N3,225.032,97.549
mp-aaaabwvy,Rb3Sb,10.942,5.083
mp-aaaabwwj,Nd2O3,113.322,45.787
mp-aaaabwwl,VS,163.713,123.406
mp-aaaabwwm,La2O3,100.901,33.76
mp-aaaabwxt,W2C,334.316,171.769
mp-aaaabwys,V2N,268.043,142.833
mp-aaaabwzg,Sm2O,80.158,44.22
mp-aaaabwzj,SF4,5.902,0.27
mp-aaaabxan,TcO2,255.97,111.765
mp-aaaabxhq,LiHoSe2,46.754,31.404
mp-aaaabxjf,LiYS2,53.265,36.134
mp-aaaabxjh,CeGaO3,182.932,27.336
mp-aaaabxpm,LiBiS2,49.655,32.521
mp-aaaabxrw,Ca2NF,67.777,48.769
mp-aaaabxta,AgBiSe2,53.367,21.01
mp-aaaabxux,LiDyS2,53.412,36.047
mp-aaaabxvn,AgSbSe2,58.043,-19.395
mp-aaaabxxb,BiTeBr,6.627,4.678
mp-aaaabydc,Sr(GaTe2)2,22.92,13.8
mp-aaaabyhp,TaO2F,183.266,91.41
mp-aaaabyip,Ba2NbO,24.277,53.855
mp-aaaabykv,NaYF4,68.677,32.05
mp-aaaabyof,Zn(InSe2)2,28.627,17.702
mp-aaaabypm,Bi2Te3,14.402,11.629
mp-aaaabyqy,NaZnAs,42.014,15.206
mp-aaaabysv,TiNbS4,20.023,16.077
mp-aaaabysz,CsTaN2,48.648,36.943
mp-aaaabyui,Mn(CuCl2)2,-7.386,-23.104
mp-aaaabyxu,AgPF6,25.022,4.15
mp-aaaabyzk,Ag3AuS2,42.873,1.937
mp-aaaabyzr,Zn(GaS2)2,45.54,29.444
mp-aaaabzab,LiSmS2,50.115,32.154
mp-aaaabzdz,Na3HfF7,39.246,16.325
mp-aaaabzff,ZnAgAs,65.472,-165.509
mp-aaaabzjz,Ho2CdS4,64.932,30.307
mp-aaaabzor,KNO2,14.294,8.844
mp-aaaabzql,MgGeP2,63.914,32.097
mp-aaaabztx,LiAlO2,153.169,123.673
mp-aaaabzvn,KCN,15.286,7.891
mp-aaaabzxi,BH6N,8.054,4.31
mp-aaaabzzr,BaNbS3,47.8,10.702
mp-aaaacabl,Co2SbTe,133.616,60.404
mp-aaaacace,NdOF,131.316,58.164
mp-aaaacaeu,K(FeAs)2,48.787,24.423
mp-aaaacaga,CuCN,9.228,14.778
mp-aaaacajc,LiSmSe2,43.726,27.524
mp-aaaacakf,Li3TaO4,103.312,91.621
mp-aaaacaox,Zn2GeSe4,34.738,20.858
mp-aaaacaqx,LiErS2,53.745,37.776
mp-aaaacasy,Sr3FeN3,58.192,34.694
mp-aaaacavt,LiDySe2,46.015,30.614
mp-aaaacayb,Mg(InTe2)2,21.234,12.398
mp-aaaacayj,Y2CdS4,61.871,22.805
mp-aaaacban,Li2CuGe,58.787,40.226
mp-aaaacbbp,TiNbN2,289.181,148.536
mp-aaaacbdd,AgBiI4,8.64,-4.26
mp-aaaacbht,ErAgS2,53.466,20.563
mp-aaaacbhx,PrOF,124.08,55.446
mp-aaaacbiq,ScUS2,98.649,34.446
mp-aaaacbje,PNO,53.348,54.638
mp-aaaacbjy,Li3NbO4,104.609,90.318
mp-aaaacbkx,LiMgP,53.996,43.198
mp-aaaacboc,Ba2TiO4,20.518,12.943
mp-aaaacbor,TmCuSe2,65.942,29.485
mp-aaaacboy,Ag2S,27.991,8.545
mp-aaaacbqe,H4BrN,18.724,9.681000000000001
mp-aaaacbth,SrUO4,132.524,45.623
mp-aaaacbzc,La2CuO4,120.072,51.158
mp-aaaaccae,SnHgF6,16.357,9.206
mp-aaaaccaw,AcOF,106.534,46.716
mp-aaaaccdk,Nd5AgSe8,60.875,28.881
mp-aaaaccgc,Ho(Mo3S4)2,91.502,45.48
mp-aaaacchn,Ce2Y2O7,-34614.003,12.022
mp-aaaacckl,SrAl2O4,88.628,44.834
mp-aaaacckp,PNO,51.111,53.892
mp-aaaacclb,LiNdS2,47.891,29.894
mp-aaaacclk,MgTaN2,243.254,173.986
mp-aaaaccnw,Li2TiO3,122.947,87.311
mp-aaaaccox,Br3N,40.19,11.413
mp-aaaaccqu,Mg(CN)2,35.297,2.902
mp-aaaaccwp,Sr(AlTe2)2,23.229,14.651
mp-aaaaccyz,AgAsF6,25.367,5.244
mp-aaaacdht,SmOF,136.531,61.265
mp-aaaacdlh,TiOF2,134.531,70.894
mp-aaaacdmw,SrCuO2,108.889,63.36
mp-aaaacdsj,Ca3SiO5,95.423,52.632
mp-aaaacdvp,Ba(LaSe2)2,49.59,26.418
mp-aaaacdxg,La(Mo3Se4)2,68.329,34.084
mp-aaaaceax,LiYSe2,45.569,30.214
mp-aaaaceby,LiMgN,98.683,82.964
mp-aaaacefu,Ni2SbTe,101.094,42.718
mp-aaaacegx,SrCO3,62.636,22.129
mp-aaaacejn,NaClO4,20.812,11.502
mp-aaaacena,YOF,141.676,65.184
mp-aaaaceqi,LiTiO2,170.849,122.647
mp-aaaaceus,Ba(AlTe2)2,21.215,13.061
mp-aaaacfcv,Sn(BiTe2)2,16.764,13.418
mp-aaaacfgh,LiTbSe2,46.042,29.91
mp-aaaacfhl,NaBH4,19.433,11.009
mp-aaaacfla,HfNbB4,268.54,221.748
mp-aaaacflz,CaTa2O6,203.358,107.446
mp-aaaacfqw,Ga2Te3,21.714,14.943
mp-aaaacfwb,MgTa2N3,275.66,202.375
mp-aaaacgsf,NaTi2BiO6,103.839,32.797
mp-aaaachjz,Cs2KZrOF5,29.868,16.081
mp-aaaachlt,BaLiLaTeO6,289.195,-112.455
mp-aaaachmi,KZrTl2OF5,31.533,7.198
mp-aaaachod,BaLaMgTaO6,141.408,37.417
mp-aaaaciiz,Si3N4,225.484,208.455
mp-aaaacizj,BaLiPrTeO6,21659772.647,-793280.082
mp-aaaackeg,Cs2RbZrOF5,28.677,13.975999999999999
mp-aaabcsjn,SnPbO3,106.995,46.81
mp-aaabcslm,ZrBr,20.885,-6.901
mp-aaabcsls,NaH4ClO2,19.203,10.767
mp-aaabcsnz,Hf2P,149.153,78.671
mp-aaabcsor,SrPbF6,57.14,8.424
mp-aaabcspb,USnTe,60.998,22.01
mp-aaabcspf,LiMnP,88.94,38.837
mp-aaabcspw,CsCoCl3,1.924,3.144
mp-aaabcsqd,BaTiO3,54.646,3.148
mp-aaabcsqr,Cs2PdF6,11.305,6.937
mp-aaabcsqt,EuF2,68.624,29.302
mp-aaabcsrd,Hf(FeSi)2,181.136,91.29
mp-aaabcsrk,P3Pb5ClO12,51.897,10.688
mp-aaabcsws,Gd2O3,131.73,55.657
mp-aaabcsxo,In2TeO6,141.455,60.251
mp-aaabcsyp,K2PbO3,38.231,19.096
mp-aaabctbh,CeSiOs,93.891,37.956
mp-aaabctbv,USb2Ru,83.812,53.613
mp-aaabctcs,Cu(BiO2)2,56.918,26.984
mp-aaabctdv,Si2Pd9,163.342,38.309
mp-aaabctis,CsCu4Se3,37.252,15.102
mp-aaabctja,Ta3SiTe6,20.916,15.495
mp-aaabctjb,Sm2Co7B3,178.372,74.726
mp-aaabctjg,Cs3AuO,7.783,1.091
mp-aaabctjj,Ba(Cu3As)2,66.243,24.781
mp-aaabctkm,FeCuSe2,22.682,4.469
mp-aaabctkr,Th(NiP)2,167.095,70.895
mp-aaabctly,CeGeRh,109.376,29.558
mp-aaabctmm,Ce2MgSi2,68.732,51.581
mp-aaabctmn,NbSbRu,168.993,67.952
mp-aaabctnj,PtF6,7.167,2.458
mp-aaabctnv,CeMnSi,81.905,22.855
mp-aaabctnw,LaFeSi,72.64,39.227
mp-aaabctpg,As2Pb3O8,40.636,21.852
mp-aaabctus,NiAs2,111.202,61.884
mp-aaabctux,Sr(CuSb)2,62.734,13.558
mp-aaabctuz,BaNb4O6,183.851,108.317
mp-aaabctvj,Ti5Si4,-24962.342,-14970.959
mp-aaabctvn,FeS,27.657,17.295
mp-aaabctvw,TiAsRh,176.642,76.463
mp-aaabctwk,Sc(FeSi)2,172.302,111.219
mp-aaabctwz,CeH2,-182.273,40.09
mp-aaabctxc,Al13(CrSi)4,112.279,68.175
mp-aaabctyd,VNiSb,142.304,47.873
mp-aaabcufc,Ge7Ir3,141.767,85.13
mp-aaabcufd,MnGePd2,134.593,22.932
mp-aaabcufe,Cs2SO4,21.231,10.568
mp-aaabcufz,MnFeAs,114.365,40.972
mp-aaabcuga,Ti2CuSb3,90.931,51.886
mp-aaabcugq,NiPS,25067.184,15008.384
mp-aaabcugs,TiSiRu,189.963,75.142
mp-aaabcugu,Cs2PdC2,27.319,12.019
mp-aaabcugv,Cs2PtC2,32.694,14.59
mp-aaabdaoi,Rb7Au5O2,14.598,7.755
mp-aaabdaos,Ca2InN,44.387,30.063
mp-aaabdarg,DyNiSn,22.797,5.475
mp-aaabdata,IrPb,125.941,49.325
mp-aaabdatv,Sn2Ru,117.026,63.673
mp-aaabdavs,Cs2Pd3S4,18.92,6.469
mp-aaabdaxe,Sc2CrB6,208.603,203.456
mp-aaabdaxj,BaZnPb,29.868,20.614
mp-aaabdays,In5Se5Br,26.65,13.917
mp-aaabdayt,In5S5Br,30.845,16.474
mp-aaabdazu,GdAs,78.507,46.696
mp-aaabdazw,CeBRh3,190.777,56.573
mp-aaabdbav,GdP,85.387,54.5
mp-aaabdbaw,GdS,86.458,47.722
mp-aaabdbax,GdSb,98.6,31.19
mp-aaabdbay,GdSe,97.929,35.871
mp-aaabdbbd,TiSiNi,176.474,104.824
mp-aaabdbbg,Si3Ru4,230.632,104.687
mp-aaabdbby,Li13In3,22.544,17.785
mp-aaabdbcf,In3Pd2,88.536,35.851
mp-aaabdbcj,YInPt2,121.073,39.147
mp-aaabdbet,Nd5Sn3,53.972,30.308
mp-aaabdbfz,CsB5O8,27.061,16.982
mp-aaabdbgv,CsN3,15.276,7.301
mp-aaabdbjf,Fe3Mo3N,184.008,48.139
mp-aaabdbjj,Fe3C,218.157,68.482
mp-aaabdblz,Hf5Sn4,111.118,64.424
mp-aaabeedm,B4C,219.382,186.743
mp-aaabeele,Al23B50,184.943,107.776
mp-aaabeepz,LiAl5O8,196.082,120.442
mp-aaabegkp,Mg(AlB14)2,189.975,174.61
mp-aaabetge,CuPO4,43.445,29.816
mp-aaabetqo,NaH5SO4,22.716,11.199
mp-aaabetrs,K2PdO2,54.425,17.436
mp-aaabetsr,CsMnI3,9.466,2.656
mp-aaabetyx,BaZrS3,69.975,33.616
mp-aaabetzj,OsO4,3.799,2.284
mp-aaabetzp,PbI2,14.975,1.087
mp-aaabetzr,Si4Rh3,178.662,88.8
mp-aaabeuaj,Zr2Fe12P7,215.004,126.142
mp-aaabeubn,CsPbI3,9.811,4.607
mp-aaabeuei,As3Ir,128.27,83.893
mp-aaabeueu,NbTeI3,5.474,0.547
mp-aaabeuev,Hg2AsF6,17.53,5.849
mp-aaabeugb,Cs2TeI6,7.489,3.894
mp-aaabeuhr,Cs2CuO2,28.435,-6.905
mp-aaabeuif,TiI4,1.991,1.8479999999999999
mp-aaabeuig,Cs3Sb2I9,8.137,4.516
mp-aaabeuir,Ca3SiH30CSO25,40.697,7.629
mp-aaabeujd,CsCuO,13.66,6.941
mp-aaabeujn,ZrAlPd2,148.827,52.246
mp-aaabeupg,Ce2Fe12P7,176.981,112.719
mp-aaabeush,Cs2U(Cl2O)2,12.286,5.649
mp-aaabeusv,Y2S3,65.707,30.591
mp-aaabeuvt,LiEuH3,47.287,49.922
mp-aaabeuyh,Ca2SiH2O5,71.587,36.758
mp-aaabeuyr,ZnTe,20.093,8.06
mp-aaabeuyz,CrGeTe3,12.438,8.261
mp-aaabeval,TlPt2Se3,22.482,14.331
mp-aaabevfv,K3Fe(CN)6,18.725,8.879
mp-aaabevgg,K2(ReS2)3,35.777,19.961
mp-aaabevks,TiCu2Te3,41.734,25.085
mp-aaabevlx,GePdS3,8.161,5.086
mp-aaabevma,P2S5,2.809,-0.042
mp-aaabevnx,Bi2Se3,10.752,7.588
mp-aaabevoa,DyC2,117.411,41.047
mp-aaabevqd,Na2(ReS2)3,36.443,20.662
mp-aaabevqh,CsCdBr3,10.141,0.275
mp-aaabevqt,HfNCl,30.612,11.245
mp-aaabevrt,Zn(InS2)2,32.329,17.426
mp-aaabevtt,Na2CN2,39.851,19.095
mp-aaabevwr,CdAgSb,58.715,6.418
mp-aaabevxq,Na4Al3(SiO4)3,24.097,28.081
mp-aaabevyd,TbRh3C,196.967,77.674
mp-aaabevyg,SbPd2,126.402,39.637
mp-aaabevym,CaZrO3,155.28,81.711
mp-aaabevzk,Na3PSO3,38.66,22.051
mp-aaabewas,Lu5(Si5Ir2)2,141.033,66.176
mp-aaabewau,YbMgGe,48.382,40.06
mp-aaabewei,BaNaCe2C4O12F,74.92,34.761
mp-aaabewgi,Co2Mo3N,-11789.582,-7116.162
mp-aaabewgt,Ce5Co19,-5009419.169,-3005821.615
mp-aaabewkr,Mg3Rh,65.593,26.555
mp-aaabewkx,Li3ScN2,92.251,60.664
mp-aaabewlu,Ce2Zn17,76.111,52.03
mp-aaabewlx,Se,1.09,0.5650000000000001
mp-aaabewng,Ca6Ag16N,64.172,24.717
mp-aaabewqa,EuAg5,65.098,20.975
mp-aaabewqb,AlRu,203.483,107.621
mp-aaabewqc,AsSe,1.962,0.987
mp-aaabewqp,EuTe,32.56,22.782
mp-aaabewrb,Ge2W,170.049,131.74
mp-aaabewsu,GePt,141.112,53.162
mp-aaabewwg,V8C7,249.054,178.711
mp-aaabewwo,SN,2.832,1.7389999999999999
mp-aaabewxh,EuClO,56.557,25.934
mp-aaabewyb,CePt5,444.605,116.723
mp-aaabewyp,ZrNCl,25.629,14.551
mp-aaabewzk,GaTe,9.638,7.349
mp-aaabexaf,Zn3(BO3)2,90.488,30.787
mp-aaabexba,Mg9Si5,58.465,38.545
mp-aaabexcx,ZrPbO3,111.123,61.413
mp-aaabexdd,Mn,248.693,81.197
mp-aaabexdj,TiAl3,106.208,86.395
mp-aaabexgr,Zr5Sn4,104.158,64.238
mp-aaabexho,Cs2Pd(IBr2)2,11.422,5.269
mp-aaabfasu,NdTe2ClO5,56.269,17.613
mp-aaabfaxn,Li3(CuO2)2,56.183,32.011
mp-aaabfayb,Ca2Cu(BrO)2,27.645,16.752
mp-aaabfayc,PdSeO3,17.966,11.723
mp-aaabfazg,CaO,86.059,34.214
mp-aaabfazx,NdBi2ClO4,61.877,27.064
mp-aaabfbco,UCdO4,114.796,40.843
mp-aaabfbiq,ZnSO4,70.5,8.515
mp-aaabfbjw,Ba3ZnN2O,58.353,29.13
mp-aaabfbra,AlPO4,121.145,39.099
mp-aaabfbrz,AgSbO3,86.643,0.01
mp-aaabfbsl,YZnAsO,74.762,33.473
mp-aaabfbvb,MgCO3,85.731,-52.694
mp-aaabfbwv,ScAsO4,142.55,67.656
mp-aaabfbxm,Na2UO4,42.279,24.83
mp-aaabfbxw,SmBi2ClO4,63.228,28.016
mp-aaabfbzs,TlIO3,111.81,58.323
mp-aaabfccg,DyBi2IO4,67.212,36.507
mp-aaabfcct,ScBrO,22.781,13.41
mp-aaabfcfm,TmBi2BrO4,69.604,37.545
mp-aaabfclg,NaCNO,27.617,12.586
mp-aaabfcna,SiO2,63.433,31.521
mp-aaabfcpx,ErBi2BrO4,69.714,36.579
mp-aaabfcqj,KClO4,15.769,7.16
mp-aaabfcsd,Nd2AlNO3,174.661,105.689
mp-aaabfctj,CsClO4,10.709,5.142
mp-aaabfcwk,LaCuTeO,67.396,-5.159
mp-aaabfcwo,SiO2,35.06,33.443
mp-aaabjyfv,BeW2Cl,180.881,15.248
mp-aaabjyfw,KBIr2,136.47,27.99
mp-aaabjyfx,BeReB,182.019,-225.924
mp-aaabjyfy,NiBiB,103.38,-166.948
mp-aaabjyfz,BiBCl,36.436,-132.221
mp-aaabjyga,NiBTe,114.568,-144.229
mp-aaabjygb,BeGeB,111.116,3.995
mp-aaabjygd,AlInB,56.712,-27.655
mp-aaabjygh,In2ReB,107.248,3.701
mp-aaabjygi,Tl2SiNi,25.669,-19.699
mp-aaabjygl,MnAlTc,119.44,1.572
mp-aaabjygm,SrBiB,24.543,-54.118
mp-aaabjygn,Ga2BSb,59.944,-22.722
mp-aaabjygo,Na2TiAu,37.563,-23.148
mp-aaabjygp,MnVNi,1097.704,-12.202
mp-aaabjygq,BaGe2B,43.591,0.933
mp-aaabjygr,Sn2BSe,54.894,-17.595
mp-aaabjygv,ZrAgMo,116.857,-11.203
mp-aaabjygw,SiBAu,113.956,-82.002
mp-aaabjygx,TlCoAs2,61.312,-39.837
mp-aaabjygy,MgBe2B,99.01,-516.136
mp-aaabjygz,GaAs2W,140.592,17306036055.71
mp-aaabjyha,TaAuBr,96.422,-4.638
mp-aaabjyhb,AgAsRu2,170.769,-8.309
mp-aaabjyhc,AlAgB,91.718,-17.413
mp-aaabjyhe,BaTaB,65.046,91.332
mp-aaabjyhf,Bi2OsAu,106.645,65.202
mp-aaabjyhg,GaReAs,117.004,-181.555
mp-aaabjyhh,Re2AuSe,209.201,-7.963
mp-aaabjyhj,TiCrAg,76.897,-5.352
mp-aaabjyhk,MoPt2Br,173.98,53.948
mp-aaabjyhm,BeSbAs2,69.602,-57.796
mp-aaabjyhp,Ag2BBr,55.577,-80.417
mp-aaabjyjp,LaCoTc2,448.872,68.24
mp-aaabjykr,Y2FeB,84.228,-180.769
mp-aaabjyly,InCoSi2,150.025,-29.097
mp-aaabjyog,ReSnGe,114.439,-14.031
mp-aaabjzgd,ZrH,112.984,169.416
mp-aaabjzhi,H2,0.038,0.01
mp-aaabjzjr,Ta2H,202.519,64.761
mp-aaabjzjz,CsH,11.732,7.858
mp-aaabjzne,LiCaUF8,44.136,14.907
mp-aaabjzos,Al4C3,137.887,86.229
mp-aaabjzwz,ZrNCl,23.709,14.281
mp-aaabkacu,BaLiH3,16.673000000000002,6.439
mp-aaabkbew,B9C,193.287,107.233
mp-aaabkcnf,KHCO3,23.521,11.61
mp-aaabkcvx,NaHS,21.406,10.172
mp-aaabkcvz,H2,0.157,0.048
mp-aaabkcwq,KHS,14.213,8.001
mp-aaabkczn,YbH2,48.082,33.752
mp-aaabkddr,CaO2,58.943,123.9
mp-aaabkdht,NbO,129.596,69.155
mp-aaabkeau,V3AuN,51.353,-9.203
mp-aaabkekn,TiZnO3,65.52,25.095
mp-aaabkexs,KN3,4.298,4.717
mp-aaabkfds,GaFe2Co,157.963,15.311
mp-aaabkfgb,Nd3GaN,38.83,10.717
mp-aaabkfhw,TiGaFe2,190.307,102.391
mp-aaabkfie,TiPd3,179.376,88.699
mp-aaabkfih,V3Pt,209.896,543.33
mp-aaabkfik,SnRh2,176.402,53.156
mp-aaabkfjs,Ga3Fe,102.587,66.476
mp-aaabkfsp,FeSnRu2,200.71,88.857
mp-aaabkfwk,YHf2Pb,72.894,-59.573
mp-aaabkgox,Ca3SnN,19.651,9.48
mp-aaabkgrv,Ti2Sn3,87.487,48.891
mp-aaabkhed,AlCr3B4,248.749,182.763
mp-aaabkhee,Mn4N,63.552,-8.524000000000001
mp-aaabkhfq,Zn3(InS3)2,53.459,22.686
mp-aaabkhlr,ZrInNi4,581411.305,348823.815
mp-aaabkiwn,Cs2ZrCl6,9.79,5.257
mp-aaabkkgh,InCuPt2,168.56,60.566
mp-aaabkkix,Cs,1.972,0.8290000000000001
mp-aaabkklh,Fe2Re3,845763.171,507732.754
mp-aaabkkoo,Ta2Al,161.55,54.621
mp-aaabkkpy,Y(Sn3Ru2)2,117.643,55.679
mp-aaabkkui,HfInNi2,145.405,57.313
mp-aaabkkwf,FeCuS2,43.783,19.144
mp-aaabkkxb,La3Co,32.741,12.416
mp-aaabkldq,Ca3Al2O6,64.785,42.746
mp-aaabklft,CsNa2Ge17,39.169,24.137
mp-aaabklop,Ba4Si23,74.091,34.907
mp-aaabklou,SiO2,18.824,40.013
mp-aaabkluq,FeGe2,128.509,67.937
mp-aaabknac,Fe13Co3,170.181,82.143
mp-aaabknap,Si3N4,254.919,160.943
mp-aaabknpj,Cs2SnBr6,7.65,4.313
mp-aaabkogh,Al2O3,195.665,238.638
mp-aaabkorc,V2H,190.35,44.977
mp-aaabkorr,V2H,191.732,57.721
mp-aaabkoxy,CaC2,58.929,20.203
mp-aaabkozf,Mg3Ge,35.005,-7.014
mp-aaabkpew,Mg2H6Os,76.044,56.035
mp-aaabkpfd,SrMgH4,37.878,26.867
mp-aaabkphe,H4IN,9.349,5.553
mp-aaabkphf,NbSe2,21.889,15.092
mp-aaabkpia,Gd2O3,94.858,60.907
mp-aaabkpir,Rb2H6Pt,13.624,8.42
mp-aaabkpod,Cs2H6Pt,11.873,5.377
mp-aaabkpor,K2H4Pd,14.628,8.069
mp-aaabkpou,Na2H4Pd,20.548000000000002,11.385
mp-aaabkpoy,BaMg2FeH8,51.372,40.431
mp-aaabkpph,NaH2Pd3,108.766,34.066
mp-aaabkppn,K2H6Pt,15.531,9.309
mp-aaabkpsx,YCBr,9.772,6.494
mp-aaabkpta,Ba2MgH6,38.587,30.856
mp-aaabkpun,Ba4Y(CuO3)3,103.322,50.961
mp-aaabkpvj,AgH4WS4N,8.86,6.91
mp-aaabkqgk,BaMgH4,36.372,28.352
mp-aaabkqgt,HPbBrO,28.159,8.568
mp-aaabkqhu,HgH2NCl,29.989,10.733
mp-aaabkqpd,TiFeH2,176.085,73.984
mp-aaabkqqv,KHCO2,18.439,10.788
mp-aaabkqzx,Sr2MgH6,44.442,36.437
mp-aaabkrab,Sr(AlH)2,42.514,36.787
mp-aaabkras,EuH3Pd,86.912,38.11
mp-aaabkrbk,Ca4Mg4Fe3H22,57.274,44.04
mp-aaabkrbr,LiHS,21.446,7.822
mp-aaabkrby,Y2H2C,95.473,66.735
mp-aaabkrca,GaCuPt2,188.8,69.795
mp-aaabkrcb,Mg7TiH16,63.812,30.422
mp-aaabkrdf,CuPt,190.686,68.019
mp-aaabkrgf,Li2H2Pd,42.316,29.177
mp-aaabkrhj,LiHS,21.647,6.659
mp-aaabkrjt,ScO,184.583,103.187
mp-aaabkrjv,Ti3SnH,123.281,24.897
mp-aaabkrkj,BaTiO3,22.363,23.855
mp-aaabkrkm,Zn7Mo,101.103,45.801
mp-aaabkrkq,NdMg2Ag,46.464,17.132
mp-aaabkrop,CO2,4.674,2.184
mp-aaabkrrx,Si,49.084,20.284
mp-aaabkrtr,LaGa6,59.389,45.523
mp-aaabkrud,BN,299.812,218.928
mp-aaabkujr,Hf2Ni2Sn,154.562,67.477
mp-aaabkuvw,Ca3Ag8,49.399,17.366
mp-aaabkviy,Cu12Sb4S13,59.344,73.669
mp-aaabkvua,CaTi4(CuO4)3,444.534,-100.878
mp-aaabkytz,Ca5(InSb3)2,35.751,19.61
mp-aaablgrc,CdCO3,98.773,69.661
mp-aaablkkg,MgSiO3,67.946,54.694
mp-aaabmced,KCuF3,78.848,33.832
mp-aaabmche,SiO2,18.076,35.939
mp-aaabmckj,Gd2S3,77.88,39.303
mp-aaabmclu,AlPd,149.807,62.629
mp-aaabmcrk,NbPd3,196.318,80.945
mp-aaabmdab,ZrRh,155.521,46.847
mp-aaabmdac,VSnRh2,187.018,77.938
mp-aaabmgkx,CaZn13,71.135,40.353
mp-aaabmglc,AlNi3,177.562,11.728
mp-aaabmgld,N2,-1.17,-0.054
mp-aaabmglu,Ti3Ga,90.431,340.374
mp-aaabmgly,CaPdPb,57.601,27.4
mp-aaabmgmd,AlFe2Mo,230.256,52.491
mp-aaabmgmj,Cu3Pd,152.324,65.218
mp-aaabmgnf,Li13Si4,32.333,28.036
mp-aaabmgnh,Ge3N4,163.42,90.833
mp-aaabmgnm,Eu(CoSi)2,101.06,77.888
mp-aaabmgnr,YInNi,85.206,35.401
mp-aaabmgpd,VGe3,86.695,19.052
mp-aaabmgpg,LiIn2Ru,95.132,41.998
mp-aaabmgpw,MnSbPt,93.999,-10.592
mp-aaabmgql,Ni3Sb,168.202,51.56
mp-aaabmgqo,UNi2Sn,146.821,45.894
mp-aaabmgrc,ThPb,64.039,-3.584
mp-aaabmhaz,TiSiRh,187.886,89.044
mp-aaabmhbp,GaFe3,169.932,41.414
mp-aaabmhda,GeTe,46.694,3.555
mp-aaabmhvf,Br,24.142,-10.096
mp-aaabmhvi,Fe8N3,210.46,93.26
mp-aaabmhyd,Y2O3,135.747,57.501
mp-aaabminb,Fe3N,201.279,93.123
mp-aaabmjhe,P,0.108,0.027
mp-aaabmjtm,BaCO3,52.012,15.063
mp-aaabmklt,Cu2GeTe3,49.179,21.681
mp-aaabmknx,Y4CuTe8,48.972,11.154
mp-aaabmkon,SbRhO4,187.689,94.281
mp-aaabmkro,Na3YCl6,20.048,8.16
mp-aaabmkse,Cu2SiTe3,51.832,24.981
mp-aaabmkue,TaAlO4,208.145,120.083
mp-aaabmkum,ErCuSe2,65.035,28.853
mp-aaabmkyl,TlPF6,13.435,2.746
mp-aaabmkyp,CsCuCl3,23.924,30.852
mp-aaabmlak,LiTi2O4,168.606,114.219
mp-aaabmlaz,DyCuSe2,64.673,28.215
mp-aaabmlfg,LiTiCl3,35.091,16.043
mp-aaabmlfk,CdIn2O4,132.026,41.566
mp-aaabmlfx,Sn4Bi2Se7,31.593,18.669
mp-aaabmlhz,NaBiS2,27.308,21.644
mp-aaabmllq,Cu3AsSe4,61.042,22.196
mp-aaabmlon,Ca(HoSe2)2,41.864,28.249
mp-aaabmlqi,Zn2GeS4,41.016,25.051
mp-aaabmlqp,TiCu3O4,79.739,26.249
mp-aaabmlsg,NaHoF4,71.34,32.839
mp-aaabmlvk,Cu2SnTe3,45.399,19.187
mp-aaabmlwg,YCuSe2,61.605,27.881
mp-aaabmmcg,V3NiS6,77.971,102.936
mp-aaabmmjh,FeCl3,6.185,2.166
mp-aaabmmqa,V2CN,304.511,200.726
mp-aaabmmts,Na3AlF6,47.494,23.772
mp-aaabmmuu,TlSbS2,14.241,6.331
mp-aaabmmwo,Na(VS2)2,43.286,17.426
mp-aaabmnhd,AlSbO4,197.857,120.349
mp-aaabmnpg,Ca(InTe2)2,22.877,3.435
mp-aaabmnqn,Cu2GeSe3,58.829,26.47
mp-aaabmnzj,GaPO4,29.965,19.522
mp-aaabmsxx,Sn3Ru2,125.829,58.454
mp-aaabmxwx,Mg3(TiAl9)2,79.394,51.059
mp-aaabmysl,Al2O3,141.633,83.335
mp-aaabmysr,InSb,47.174,18.782
mp-aaabmyvf,I,23.552,-18.183
mp-aaabmyvp,S,79.879,-17.323
mp-aaabmyvv,Sb6O13,119.442,70.699
mp-aaabmywz,K3B17,97.13,68.913
mp-aaabmyzg,Sm2O3,126.271,52.094
mp-aaabmzgz,Sc2S3,55.493,38.964
mp-aaabmzjo,Al2O3,189.803,645.342
mp-aaabmzkh,CrTe2,30.068,16.759
mp-aaabmzlx,HfO2,208.48,109.345
mp-aaabmznw,Ho2O3,137.137,54.669
mp-aaabmzpq,Li4Ti5O12,108.701,60.558
mp-aaabnasd,CdGeO3,60.062,35.545
mp-aaabnauh,Li5SiP3,35.658,27.044
mp-aaabnhur,H2SO4,10.776,6.367
mp-aaabnhvs,TiH,127.744,29.293
mp-aaabnhwr,Na2H6Pt,22.335,15.848
mp-aaabnhwv,K3ReH6,25.075,8.757
mp-aaabnhxa,Sr2HN,39.431,27.03
mp-aaabnpjm,CdCl2,7.855,5.381
mp-aaabnppe,K2ZnH4,16.778,11.148
mp-aaabnptq,CoCl2,-123.405,-109.374
mp-aaabnqij,Mg3Si4(HO6)2,54.317,30.348
mp-aaabnqlg,TiP,104.788,28.707
mp-aaabnqry,B4C,226.426,176.541
mp-aaabnqse,KP(HO2)2,26.171,10.626
mp-aaabnrcw,Mg2H6Ru,75.094,53.259
mp-aaabnrde,Ba2H6Ru,42.322,21.525
mp-aaabnrdk,Ba2H6Os,41.59,20.0
mp-aaabnrei,SiPd2,177.478,48.503
mp-aaabnrfk,Na2H4Pt,22.706,12.865
mp-aaabnrfz,H2O,15.606,8.999
mp-aaabnrgo,Ca4(H4Rh)3,75.603,40.914
mp-aaabnrgv,Cs2CaH4,15.217,10.568
mp-aaabnrgy,Be(HO)2,57.926,45.414
mp-aaabnrip,ZrH,119.121,24.169
mp-aaabnrol,Mg2NiH4,52.729,36.277
mp-aaabnsbm,KAlSi3O8,60.988,31.661
mp-aaaboaqo,AsH6NO4,29.325,4.705
mp-aaaboeuu,ZnH20S2(NO7)2,27.358,12.5
mp-aaabogza,CaAl2Si3H6O13,57.584,34.407
mp-aaabpbaw,NaH2SO4,25.943,14.764
mp-aaabpbrz,N2,0.145,0.17
mp-aaabpclq,ZrH7CN4F5,19.43,3.138
mp-aaabpdkj,Hf3Zn3N,135.395,84.456
mp-aaabpjau,N2O3,2.505,2.059
mp-aaabpkvk,BeAlSiO5,144.449,77.839
mp-aaabqvak,BaCuO2,98.185,54.904
mp-aaabqvan,Rb2ZrO3,35.661,13.136
mp-aaabqvbb,NbO2F,139.921,52.116
mp-aaabqvbm,Li3SbS4,38.534,25.974
mp-aaabqvcx,NbNO,177.394,57.723
mp-aaabqvdb,NbO2F,94.407,57.843
mp-aaabqvee,TiOF,154.987,66.392
mp-aaabqvll,ZrBiO4,105.128,46.263
mp-aaabqvne,Ba2GeO4,64.347,31.103
mp-aaabqvnj,PdO2,206.243,-9.251
mp-aaabqvqw,Al2O3,166.16,81.144
mp-aaabqvrn,Li2CuF4,42.328,15.213
mp-aaabqvrt,Y2Pb2O7,139.254,70.675
mp-aaabqvsz,Li2CuS2,45.823,16.474
mp-aaabqvut,LiAgF2,68.307,14.637
mp-aaabqvvn,NaTiS2,53.161,36.796
mp-aaabqvvt,ZrTi2O,133.961,72.906
mp-aaabqvzv,TiOF,38.582,27.664
mp-aaabqwar,Li3(CuO)4,61.32,23.563
mp-aaabqwbi,LiCuF2,57.622,24.837
mp-aaabqwdo,La2Th2O7,128.506,58.428
mp-aaabqwei,AgCO3,64.424,-19.919
mp-aaabqwey,Yb4Sb2O,53.82,36.155
mp-aaabqwfb,Li2WS4,6.489,4.129
mp-aaabqwfd,HfTiO4,182.734,74.28
mp-aaabqwgg,SmAgO2,100.303,24.628
mp-aaabqwhl,LiCuF4,27.725,19.272
mp-aaabqwho,LaAgO2,90.615,23.117
mp-aaabqwja,PrYO2,115.762,77.53
mp-aaabqwjg,Hg,6.758,3.2560000000000002
mp-aaabqwji,YUO4,190.218,34.164
mp-aaabqwjr,Mg3ZnO4,155.464,99.01
mp-aaabqwkc,LiAg2F6,50.447,17.197
mp-aaabqwlk,BiOF,44.218,27.419
mp-aaabqwlv,LiCuS,32.045,8.094
mp-aaabqwme,La(BiO2)2,68.884,21.538
mp-aaabqwpf,Nb3O7F,212.133,90.785
mp-aaabqwqk,TiCuGe,127.282,71.103
mp-aaabqwqp,Sb3O7F,169.58,105.424
mp-aaabqwra,LiBiS2,60.947,36.004
mp-aaabqwrc,LiCuS,38.109,15.988
mp-aaabqwsj,LiCuF4,39.822,12.424
mp-aaabqwtx,LaUO4,178.775,32.967
mp-aaabqwuk,BiOF,113.68,39.898
mp-aaabqwuv,LiCuS,26.248,16.527
mp-aaabqwvj,BaSrO2,75.036,44.502
mp-aaabqwvt,Zr2O,153.477,76.375
mp-aaabqwwu,SbOF,19.518,13.074
mp-aaabqwwv,TiOF,188.024,94.772
mp-aaabqwxj,PNO,53.971,22.372
mp-aaabqwyf,Ho2Ge2O7,129.156,49.518
mp-aaabqwyu,TiOF,135.307,57.512
mp-aaabqwyy,YIO,18.076,12.222
mp-aaabqwzh,GdOF,126.672,53.616
mp-aaabqwzi,LiCuS2,41.616,16.147
mp-aaabqxag,Rb2O,5.74,3.6710000000000003
mp-aaabqxah,Ta3O7F,233.926,118.214
mp-aaabqxbi,KTmO2,85.994,50.551
mp-aaabqxbp,EuHfO3,165.391,95.032
mp-aaabqxcg,Rb2SnO3,43.223,18.638
mp-aaabqxch,CsTmO2,80.308,43.86
mp-aaabqxck,Sc2Ti2O7,137.672,48.995
mp-aaabqxdf,CeTh3O8,184.155,82.439
mp-aaabqxee,Li(CuO)3,89.756,41.778
mp-aaabqxfu,Ni2H,201.621,75.077
mp-aaabqxgc,LaTmO2,119.536,83.776
mp-aaabqxgp,GdAsO4,138.263,59.557
mp-aaabqxgy,Tm2SeO2,119.03,67.155
mp-aaabqxhy,LiCoS2,76.01,47.947
mp-aaabqxji,Li3CrS4,11.688,5.266
mp-aaabqxkj,ScBiO3,96.558,39.586
mp-aaabqxkk,ZnCu2O3,90.85,35.895
mp-aaabqxlb,NaSmO2,91.596,48.531
mp-aaabqxlo,CeSmO2,141.282,73.418
mp-aaabqxmd,CsErO2,80.061,42.918
mp-aaabqxmn,Hg(SbO3)2,101.62,30.952
mp-aaabqxng,Cu2OF2,24.57,10.449
mp-aaabqxog,SmAgO2,100.001,27.104
mp-aaabqxoj,TmClO,17.642,13.897
mp-aaabqxov,NdO2,126.323,315.883
mp-aaabqxow,CuAuO2,147.559,31.825
mp-aaabqxoy,Ba3Hf2O7,124.136,71.974
mp-aaabqxpe,HfZrO4,203.819,98.598
mp-aaabqxpi,CsDyO2,78.024,40.984
mp-aaabqxpt,GdOF,82.3,-93.937
mp-aaabqxpu,La3GaO6,114.302,44.069
mp-aaabqxpy,CsHoO2,79.157,41.192
mp-aaabqxqb,AlInO3,181.883,88.934
mp-aaabqxqc,KNdO2,69.683,38.368
mp-aaabqxqj,ScGaO3,179.215,83.392
mp-aaabqxrd,Y2MgNi2,63.25,28.377
mp-aaabqxsf,Li2ZrCuO4,114.265,58.508
mp-aaabqxte,Li2CuBiO4,90.724,55.545
mp-aaabqxtm,TiSnO3,25.074,17.517
mp-aaabqxuc,Zn2As2O7,103.132,18.432
mp-aaabqxwk,Sr2CuO4,104.977,56.612
mp-aaabqxwo,NaAgO2,58.425,26.511
mp-aaabqxwp,Ho2CuO4,150.981,58.736
mp-aaabqxwv,TiO,231.655,156.899
mp-aaabqxxg,LiZnO2,101.841,45.232
mp-aaabqxxl,GdOF,120.948,51.007
mp-aaabqxxo,Na3CuO2,50.896,26.427
mp-aaabqxxu,ZnSeO4,63.922,30.51
mp-aaabqxxz,Ba2HfO4,109.181,59.646
mp-aaabqxya,Y2CuO4,144.406,57.572
mp-aaabqxyl,NaTi2O3,141.836,81.135
mp-aaabqxzl,Al2O3,92.512,45.373
mp-aaabqxzn,ZrO2,169.342,39.788
mp-aaabqyab,H2,14.134,8.451
mp-aaabqyas,Hf3N4,212.613,66.114
mp-aaabqybn,Sc2O3,138.896,69.54
mp-aaabqych,Tm2SeO2,89.409,29.031
mp-aaabqyck,HfZrO4,204.4,98.032
mp-aaabqycm,GdYO2,103.674,48.284
mp-aaabqycp,Na3(CuO2)2,33.577,21.098
mp-aaabqydb,NbNO,142.058,49.906
mp-aaabqydi,SmYO2,104.052,43.61
mp-aaabqydv,BaMgGe,33.215,22.349
mp-aaabqydw,LiNiP,59.926,32.248
mp-aaabqyel,Al2O3,106.927,57.732
mp-aaabqyeo,Li2CeO3,95.497,38.795
mp-aaabqyer,LiLuO2,96.985,46.12
mp-aaabqyes,HgPtO2,39.043,14.826
mp-aaabqyew,LiVS2,61.175,32.603
mp-aaabqyfv,NaCdO2,69.553,28.076
mp-aaabqygy,RbGaO2,78.145,24.897
mp-aaabqyhh,LiLuO2,114.047,69.919
mp-aaabqyia,Al2O3,187.289,110.963
mp-aaabqyih,NaCu2O3,69.185,36.587
mp-aaabqyjx,Er6Te2Ru,62.487,29.664
mp-aaabqykc,BaTaO3,177.458,94.012
mp-aaabqyku,PrTiO3,187.179,68.846
mp-aaabqykw,NbO2,160.143,48.466
mp-aaabqykz,CaTiO3,135.519,52.0
mp-aaabqylj,Nb2Pb2O7,146.353,77.006
mp-aaabqylq,NaCuO2,59.984,20.992
mp-aaabqymn,ZrO2,109.287,49.055
mp-aaabqymy,NbNO,186.14,61.596
mp-aaabqynf,Y2O3,135.891,53.717
mp-aaabqynx,NaLaO2,63.943,32.067
mp-aaabqypc,La2MgO4,132.923,78.047
mp-aaabqypg,Al2O3,128.947,53.564
mp-aaabqypj,YBr3,4.557,2.819
mp-aaabqypr,ErTlO2,87.263,36.283
mp-aaabqypt,NaTmO2,89.39,53.39
mp-aaabqypu,CsScO2,62.741,14.836
mp-aaabqyqh,SnBiO4,118.856,31.907
mp-aaabqyqs,NaTiS2,52.215,30.741
mp-aaabqyrr,TbSi2Rh3,174.624,101.443
mp-aaabqyrz,KHoO2,82.791,47.939
mp-aaabqysi,Rb3ClO,17.011,9.97
mp-aaabqytc,LiCuO2,109.67,25.035
mp-aaabqytx,SmTlO2,79.013,31.987
mp-aaabqyue,Ba3SiO,39.278,26.756
mp-aaabqyuy,SmIO,15.981,9.76
mp-aaabqyvh,TmBrO,17.479,-18.302
mp-aaabqyvo,Cs2BeO2,23.555,8.606
mp-aaabqyvq,CdCu2O3,75.269,27.57
mp-aaabqywm,LiTiO2,129.822,57.795
mp-aaabqyww,KYbO2,61.719,18.755
mp-aaabqywz,Li5TaO5,101.668,68.963
mp-aaabqyxe,RbTaO3,104.305,20.922
mp-aaabqyza,Al2O3,182.223,84.014
mp-aaabqyzf,SnO2,139.796,49.089
mp-aaabqyzx,ZrO2,154.271,77.349
mp-aaabqzax,CuReO4,47.537,30.382
mp-aaabqzca,NaLiO,55.978,39.05
mp-aaabqzdf,Al2O3,189.101,125.957
mp-aaabqzex,ScTlO2,99.101,42.556
mp-aaabqzfd,Li8ZrO6,93.569,55.213
mp-aaabqzge,DyHO2,136.012,38.21
mp-aaabqzgf,LiZrO2,158.131,100.522
mp-aaabqzgp,CrS2,33.052,19.441
mp-aaabqzgq,TiO,234.957,165.923
mp-aaabqzhn,Ca3CdO4,109.381,63.525
mp-aaabqzht,Sr4Sb2O,41.23,27.873
mp-aaabqzhy,Li4NbO4,73.687,37.488
mp-aaabqzia,TiO,208.643,46.453
mp-aaabqzic,TiNbO4,162.315,27.544
mp-aaabqzij,Li3NbS4,11.108,7.241
mp-aaabqzin,Sc2O3,172.651,70.819
mp-aaabqzis,ScHO2,155.028,52.193
mp-aaabqzix,DyClO,69.64,32.308
mp-aaabqzjc,ZrSn2,87.588,53.789
mp-aaabqzjq,LuGaO3,172.4,80.173
mp-aaabqzka,Li2HfO3,106.444,66.947
mp-aaabqzla,NaPdO2,86.526,45.178
mp-aaabqznf,Tl2Au,37.616,4.547
mp-aaabqznu,La2Ce2O7,133.226,60.716
mp-aaabqznx,MnP4,130.329,97.194
mp-aaabqzoj,Hg2Pt2O7,208298.157,53338.594
mp-aaabqzow,CdBiO3,100.02,28.386
mp-aaabqzoy,KRbO,17.77,5.392
mp-aaabqzpb,Al2O3,212.651,103.635
mp-aaabqzrj,HoHO2,107.968,59.121
mp-aaabqzrk,YTlO2,83.732,34.596
mp-aaabqzrs,LiYS2,69.089,43.12
mp-aaabqzsi,GaBiO3,103.348,36.043
mp-aaabqzsk,Li(NiS)2,72.246,20.112
mp-aaabqzsv,NaCeO2,64.896,36.388
mp-aaabqzta,NaLaO2,82.441,37.902
mp-aaabqzti,ZnReO4,150.108,65.836
mp-aaabqztx,Y2SeO2,84.366,25.303
mp-aaabqzvi,LiCuO,28.615,17.231
mp-aaabqzvn,CsGdO2,76.461,37.118
mp-aaabqzwz,ErClO,19.511,12.683
mp-aaabqzxa,NbO2,181.643,94.335
mp-aaabqzxy,SrEuO2,80.014,54.35
mp-aaabqzzr,ZrO2,213.895,82.002
mp-aaabraab,ZrO2,159.745,45.236
mp-aaabraed,Ti3O4,179.336,93.478
mp-aaabraew,Li2O,71.014,44.318
mp-aaabraex,Ba3Zr2O7,119.003,67.526
mp-aaabrafw,Ti3NO4,183.115,75.836
mp-aaabrahj,NaLiO,38.429,16.356
mp-aaabrahy,Na2CuO2,67.632,24.372
mp-aaabrajq,BaMgO2,79.228,40.188
mp-aaabrakg,NaSmO2,74.437,40.862
mp-aaabralj,RbNbO3,62.925,17.347
mp-aaabrami,SrTaNO2,151.127,92.324
mp-aaabramo,LiFeS2,70.86,31.867
mp-aaabraoa,Cu(SbO2)2,20.591,0.923
mp-aaabraoc,ZrSeO,144.42,74.86
mp-aaabraqd,Li2FeS2,29.394,13.543
mp-aaabrare,YAlO3,188.656,86.342
mp-aaabrarz,Ba3SrI8,19.59,6.651
mp-aaabrauj,ZnIn2O4,137.377,58.558
mp-aaabrawv,ZrSeO,121.879,48.154
mp-aaabrbbu,Li6MnS4,42.149,26.741
mp-aaabrbfx,Li2HfO3,95.328,52.736
mp-aaabrbhe,DyAlO3,191.925,113.32
mp-aaabrbhm,NbRhO4,215.16,81.083
mp-aaabrbjf,HfBiO4,129.509,61.088
mp-aaabrbnc,LiSbS2,62.775,35.827
mp-aaabrbwp,Mg2TiO4,146.153,71.912
mp-aaabrbzg,LiCoS2,69.93,19.302
mp-aaabrcej,Gd2Zr2O7,2648476.645,1589074.976
mp-aaabrdjw,LiCuF3,72.986,4.969
mp-aaabrdlw,Mn11Pd21,142.138,56.025
mp-aaabrdtm,LiAgF2,54.712,112.431
mp-aaabrdwd,YbAlO3,170.465,76.264
mp-aaabrees,Li(Fe3P2)2,175.385,39.309
mp-aaabrefc,LiAgF2,36.273,1.6960000000000002
mp-aaabrehe,CaAl2(SiO4)2,84.622,42.222
mp-aaabrekj,Li(FeP)2,126.556,66.399
mp-aaabrenz,Na(Cu3O4)2,127.552,79.085
mp-aaabrert,B8O,204.847,179.969
mp-aaabrfpd,Ba(PdO2)2,65.978,24.505
mp-aaabrfsu,Nb5O12F,177.534,52.642
mp-aaabrgcb,Li4CuF7,53.165,15.96
mp-aaabrgcv,Cu2OF2,45.218,7.397
mp-aaabrgep,Al2O3,196.991,111.116
mp-aaabrgvf,Li3VS4,13.233,5.774
mp-aaabrgvg,KTiO3,52.449,24.293
mp-aaabrgvl,CuS,81.684,16.632
mp-aaabrgwa,TaAlO4,215.809,117.113
mp-aaabrgwe,Na5BiO5,58.661,38.102
mp-aaabrgwf,Nb3O7F,188.369,60.171
mp-aaabrgwh,CaCd3O4,120.187,49.517
mp-aaabrgwm,LiZnO2,94.162,49.385
mp-aaabrgwo,BePO4,31.26,25.169
mp-aaabrgwp,Bi2CO5,99.855,43.642
mp-aaabrgws,Ti3PdO,170.984,45.205
mp-aaabrgwt,Li3SbS4,28.938,13.461
mp-aaabrgwv,Rb4I2O,11.88,5.095
mp-aaabrgxk,Cu2O3,95.16,44.243
mp-aaabrgxr,TaTiO4,2368209.083,89774.627
mp-aaabrgzi,F2,2.658,1.552
mp-aaabrgzj,Li2PdO3,103.12,56.718
mp-aaabrgzs,Na4PtO4,54.146,30.888
mp-aaabrhbn,Li2Ti3O6,106.055,61.957
mp-aaabrhuo,Hf5N5O2,237.818,124.731
mp-aaabrhuq,CdSeO4,52.257,20.744
mp-aaabrizq,Hf3SnO8,182.505,77.664
mp-aaabrjau,Na2Sn2O3,30.323,23.861
mp-aaabrndo,LiTiO2,140.834,93.619
mp-aaabrock,SrP2(H2O3)2,25.933,16.32
mp-aaabrplx,Sr4Cu2O7,94.546,53.21
mp-aaabrpva,TiO2,155.372,65.111
mp-aaabrpwg,LiCuS2,46.834,21.639
mp-aaabrrft,Li5SbS,34.76,29.197
mp-aaabrrkf,Li6SbS2,34.924,12.923
mp-aaabrskb,Li5SbS4,38.444,24.406
mp-aaabrsls,BaY2F8,78.825,31.896
mp-aaabrslt,Dy2Ge2O7,125.554,48.501
mp-aaabrsof,Sr2HfO4,122.77,72.528
mp-aaabrsok,LaBiO3,57.541,15.033
mp-aaabrspq,SrNb2O4,147.015,72.302
mp-aaabrsqg,ScInO3,151.834,59.427
mp-aaabrsqq,K4I2O,13.588,7.139
mp-aaabrsux,YScO3,152.13,70.113
mp-aaabrsym,YAl3O6,55.637,36.039
mp-aaabrtcq,CrP2S7,11.204,3.779
mp-aaabrtjs,KNdO2,69.273,37.8
mp-aaabrtjy,Ca(ClO3)2,22.378,13.661
mp-aaabrtsq,MnP4,117.205,89.323
mp-aaabrttf,Sc3Bi3O11,113.974,7.312
mp-aaabrtxi,Ni(PS3)2,19.456,-16.509
mp-aaabrtyr,Dy2SeO2,85.195,26.274
mp-aaabrucz,ZnSeO4,71.196,28.639
mp-aaabruov,Tb2Bi2O7,276089.317,-44263.884
mp-aaabrvfy,Ba3Ti2O7,86.219,47.62
mp-aaabrwaj,Li5NbO5,99.64,64.543
mp-aaabrwfb,SrSc2O4,141.067,81.465
mp-aaabrwpz,EuZrO3,154.842,83.545
mp-aaabrxbr,Cu2O3,161.174,53.715
mp-aaabryed,Cd(CuO2)2,127.189,48.069
mp-aaabrzom,LiCuO2,57.048,22.461
mp-aaabrzsb,KCaBi,16.088,8.723
mp-aaabsaua,TiSnO4,163.816,47.131
mp-aaabscaq,LiCuS,53.764,17.871
mp-aaabscgv,NbS2,22.146,10.683
mp-aaabscis,Ti3TeO8,6.146,13.893
mp-aaabsdov,HfO2,217.87,103.555
mp-aaabsdoz,AgClO3,33.661,7.739
mp-aaabsdqu,MgO,115.534,50.63
mp-aaabsduo,Y2O3,139.432,64.912
mp-aaabsdup,Y2O3,128.193,63.43
mp-aaabsdur,ZrO2,194.576,92.442
mp-aaabsdus,ZrO2,188.21,98.43
mp-aaabsdvr,ZrO2,127.742,50.589
mp-aaabsebj,HfSnO3,22.014,14.412
mp-aaabsebx,HfO2,200.242,96.744
mp-aaabseen,AgAuO3,123.896,56.909
mp-aaabsegb,Hf2N2O,177.628,90.58
mp-aaabsekm,CuAsO3,50.551,6.569
mp-aaabsens,ZrO2,196.653,89.526
mp-aaabseps,Ti2O3,206.646,108.773
mp-aaabseql,Al2O3,212.727,127.515
mp-aaabsera,Al2O3,228.207,145.301
mp-aaabsesq,HfO2,211.548,106.112
mp-aaabsfgq,Nb2O5,55.283,25.761
mp-aaabsfhf,MgO,115.543,50.224
mp-aaabsfml,LiTmO2,93.296,40.168
mp-aaabsgan,CeScO3,160.352,87.319
mp-aaabsgaw,DyHO2,106.131,56.792
mp-aaabshlc,Na6Ti2O7,46.367,25.335
mp-aaabsjdl,Sr3Hf2O7,135.285,80.788
mp-aaabsjen,Na3CuO2,43.258,16.37
mp-aaabskga,TiGeO3,27.439,16.375
mp-aaabsqsc,Ni2Mo,240.432,96.666
mp-aaabsqsd,CrNi2,221.367,111.762
mp-aaabwiae,VS2,12.703,11.615
mp-aaabwjtz,Na2Ti9O19,125.464,20.715
mp-aaabwjuw,H2,0.312,0.07200000000000001
mp-aaabwjux,Li3SbS4,9.928,5.909
mp-aaabwpgx,LiCuS,42.412,15.398
mp-aaabwzyk,Li4TiS4,24.697,14.592
mp-aaabwzym,Li2WS4,4.842,2.584
mp-aaabxaae,Li3CuS2,38.568,19.728
mp-aaabxajc,AcInTe2,42.162,17.936
mp-aaabxajv,PrYMg2,39.202,22.951
mp-aaabxajx,Pr2AgRu,75.998,22.525
mp-aaabxajz,Pr2IrPd,91.797,28.342
mp-aaabxako,Pr2HgPb,53.36,18.268
mp-aaabxakp,Pr2CuIr,84.313,24.217
mp-aaabxakr,AgHgPd2,117.832,0.11800000000000001
mp-aaabxakv,Pr2MgTl,43.757,17.977
mp-aaabxaky,Pr2ZnIr,78.497,24.587
mp-aaabxala,Pr2SnHg,53.848,19.059
mp-aaabxaoa,Pr2CuRu,78.771,27.35
mp-aaabxaog,Pr2TlCd,48.605,17.214
mp-aaabxaom,Ho2ZnIn,60.928,31.772
mp-aaabxaor,AcH3,69.171,31.322
mp-aaabxaow,Tc3Pd,252.716,144.737
mp-aaabxapc,LiSc2Ir,99.243,38.644
mp-aaabxapd,LaHgAu2,69.273,3.22
mp-aaabxapf,TiZnPt2,182.047,-2.967
mp-aaabxapk,LiLaHg2,44.988,9.091
mp-aaabxapl,LiZnAg2,65.489,15.67
mp-aaabxapn,Ti2AlMo,150.337,40.787
mp-aaabxapo,Er2TlCd,59.121,24.637
mp-aaabxapp,LiMnPd2,102.805,43.455
mp-aaabxapq,Tc3Ru,303.39,161.012
mp-aaabxapx,Ti2AlTc,159.815,61.979
mp-aaabxapz,Ti2CoIr,193.269,71.126
mp-aaabxaqa,Ti2AlRe,172.0,72.215
mp-aaabxaqb,Ti2CoRe,190.189,96.956
mp-aaabxaqd,CaLaMg2,29.61,18.121
mp-aaabxaqf,Ca2MgTl,28.633,18.831
mp-aaabxaqg,ThCdRh2,127.909,-241.201
mp-aaabxaql,Li2PdPb,50.293,20.181
mp-aaabxaqm,LiLuPt2,106.05,41.098
mp-aaabxaqn,ThH3,101.664,30.932
mp-aaabxaqq,Ti2CrIr,194.37,78.863
mp-aaabxaqs,LiMnPt2,134.07,50.068
mp-aaabxaqu,LiNdHg2,48.714,9.543
mp-aaabxaqv,LiPr2Ru,61.849,22.364
mp-aaabxaqw,CaZrRh2,120.366,34.247
mp-aaabxaqx,LiRh2Pb,125.906,52.058
mp-aaabxaqz,LiTmIn2,38.577,18.108
mp-aaabxara,LiRu2W,221.989,82.095
mp-aaabxarb,LiSbRh2,149.879,13.887
mp-aaabxarg,Ti2FeIr,191.953,75.782
mp-aaabxatg,Ac2AgIr,67.493,14.533
mp-aaabxatp,LiTePd2,94.385,19.117
mp-aaabxatr,AcMgTl2,39.982,10.424
mp-aaabxats,LiSbPd2,107.809,33.967
mp-aaabxatu,CaMgPb,36.51,25.863
mp-aaabxayt,AcI3,2.551,1.677
mp-aaabxayy,Ac2HgGe,47.445,14.917
mp-aaabxayz,TaTlO3,187.786,104.711
mp-aaabxazb,LiHf2Re,137.66,44.212
mp-aaabxazc,LiAc2Si,39.953,22.936
mp-aaabxaze,Cd2AgRh,104.19,15.442
mp-aaabxazg,AcCdRh2,93.343,27.025
mp-aaabxazh,LiGeAu2,77.804,17.072
mp-aaabxazi,LiGeIr2,206.944,107.147
mp-aaabxazj,Ac2CuIr,68.935,18.099
mp-aaabxazk,AcGaTe2,43.131,14.998
mp-aaabxazo,CeBiAu2,114.419,-7.19
mp-aaabxazp,Sc3Tc,89.781,30.851
mp-aaabxazw,LiHg2Pd,69.136,11.597
mp-aaabxbaa,LiGaAu2,85.118,26.976
mp-aaabxbab,LiGaCu2,86.815,36.374
mp-aaabxbaf,LiBiPd2,82.613,15.71
mp-aaabxbai,TaTiRu2,234.152,70.548
mp-aaabxbaj,CdGaRh2,160.28,52.518
mp-aaabxbam,TaTiTc2,230.754,101.829
mp-aaabxban,LiDy2Al,49.683,31.25
mp-aaabxbbe,LiPdAu2,102.194,11.699
mp-aaabxbbf,LiPt3,182.434,85.615
mp-aaabxbbg,LiZnAu2,86.57,0.923
mp-aaabxbbh,LiTmHg2,54.296,15.603
mp-aaabxbbj,CaSnRh2,116.199,38.677
mp-aaabxbbk,LiPd3,120.749,37.805
mp-aaabxbbl,Ba2AsAu,36.968,20.318
mp-aaabxbbn,Ac3Sn,34.933,20.594
mp-aaabxbbo,Ca2CdSn,34.346,24.541
mp-aaabxbbr,BPt3,179.835,62.621
mp-aaabxbbu,Er2MgAl,57.65,36.576
mp-aaabxbbv,LiPm2Ga,41.038,25.461
mp-aaabxbbz,LiTaRh2,185.431,67.999
mp-aaabxbcb,AlFeRh2,193.542,40.729
mp-aaabxbcc,LiTaRu2,190.046,66.077
mp-aaabxbcd,LiPm2Ge,52.428,26.487
mp-aaabxbce,LiPm2Ir,73.728,28.359
mp-aaabxbcg,Ti2MnBe,153.777,55.985
mp-aaabxbcj,TiZnRh2,190.201,83.01
mp-aaabxbco,AcHgAu2,61.312,-10.602
mp-aaabxbcw,PaCdPt2,145.981,32.81
mp-aaabxbcx,PaO3,252.209,54.533
mp-aaabxbda,Hf2ReIr,213.322,103.795
mp-aaabxbdb,Ir2S3,165.426,71.569
mp-aaabxbdf,Ti2MnFe,184.197,76.543
mp-aaabxbdp,Ho2TlAg,63.714,26.76
mp-aaabxbdq,Ho2TlCd,59.723,25.452
mp-aaabxbns,Cu2PdAu,144.311,-15.622
mp-aaabxbnv,Sc3Al,66.919,42.694
mp-aaabxbnw,ScZn3,79.006,29.499
mp-aaabxbny,LaCdHg2,52.817,14.129
mp-aaabxbox,BeAlRh2,199.23,102.765
mp-aaabxboy,AlFe2W,238.376,45.537
mp-aaabxboz,AcHg3,46.985,12.999
mp-aaabxbpa,LiFeRh2,145.894,65.499
mp-aaabxbpb,BeGaRh2,200.601,91.436
mp-aaabxbpg,LiAlPt2,151.998,104.435
mp-aaabxbph,LiAlRh2,147.585,66.739
mp-aaabxbpw,LiBePd2,124.471,56.945
mp-aaabxbqa,LiBePt2,165.822,79.648
mp-aaabxbqc,LiAl2Ni,103.846,69.544
mp-aaabxbqd,Ac2CdSn,42.615,16.536
mp-aaabxbqf,LiAsPd2,108.466,35.687
mp-aaabxbqn,ScI2,19.725,-883.663
mp-aaabxbqt,LiAsRh2,160.442,59.369
mp-aaabxbqw,Sc2CuRu,113.161,46.784
mp-aaabxbqx,Sc2GaAg,81.21,41.463
mp-aaabxbqy,Sc2GaCu,85.089,45.774
mp-aaabxbrs,Sc2NiIr,137.387,49.792
mp-aaabxbrt,Sc2NiOs,145.388,62.463
mp-aaabxbsa,Sc2NiPt,130.308,7.693
mp-aaabxbse,Sc2RuRh,148.186,63.627
mp-aaabxbsf,ScS2,-917507.827,-3.561
mp-aaabxbsg,CdInPd2,115.643,16.611
mp-aaabxbsh,Sc2TcHg,109.754,27.74
mp-aaabxbsi,Sc2CuTc,107.482,48.992
mp-aaabxbsj,LiBe2Ir,139.753,64.707
mp-aaabxbsk,Sc2TcAu,124.283,49.234
mp-aaabxbsl,Sc2TcAg,108.026,42.33
mp-aaabxbud,Sc2TcPd,123.752,53.036
mp-aaabxbue,Sc2TcNi,164.547,-7999124033.206
mp-aaabxbul,Sc2AgOs,123.096,45.47
mp-aaabxbum,Sc2AgIr,120.565,37.764
mp-aaabxbuz,TaAlOs2,268.452,143.473
mp-aaabxbva,TaAlRu2,240.988,132.422
mp-aaabxbwb,Sc2AgRu,111.847,37.977
mp-aaabxbwo,Sc2AlOs,123.137,49.483
mp-aaabxbwu,LiErTl2,43.284,21.383
mp-aaabxbyt,Sc2AlTc,109.061,43.786
mp-aaabxbyw,Sc2AlRu,110.743,39.474
mp-aaabxbyy,Sc2AlZn,76.171,45.758
mp-aaabxbyz,LiAcTl2,34.711,6.17
mp-aaabxbzd,Sc2BeRu,112.509,47.296
mp-aaabxbzf,LiY2Al,50.306,33.33
mp-aaabxbzg,ScSiPd2,142.61,32.762
mp-aaabxbzl,ScSbRu2,181.046,100.408
mp-aaabxbzn,Sc2BeTc,105.286,45.33
mp-aaabxbzp,ScBr2,37.721,20.383
mp-aaabxcak,Re3Pd,297.088,173.524
mp-aaabxcam,LiDy2Tc,68.896,31.932
mp-aaabxcan,Re3Pt,325.952,204.28
mp-aaabxcay,Be2PtRh,216.114,113.636
mp-aaabxcaz,RhI2,55.598,13.605
mp-aaabxcba,ScAlCo2,146.391,94.037
mp-aaabxcbc,Re3Ni,317.142,179.065
mp-aaabxcbi,LiHfIr2,174.685,62.733
mp-aaabxcbl,LiAc2Ga,33.104,19.764
mp-aaabxcbp,AcAl3,58.815,34.916
mp-aaabxcbr,LiErIn2,43.83,20.144
mp-aaabxcbs,IrRu3,321.281,185.926
mp-aaabxcbu,BeRu2W,270.586,117.74
mp-aaabxcbv,ScSnRh2,154.264,212.422
mp-aaabxccb,ScRh2Pb,139.016,187.799
mp-aaabxccd,Ba2SbAu,31.487,17.679
mp-aaabxcce,LiCa2Al,29.043,20.041
mp-aaabxcch,ScSbRh2,156.139,-130.789
mp-aaabxcdb,Ru3W,308.427,168.416
mp-aaabxcdc,ErAl3,76.785,56.514
mp-aaabxcdd,LiCuPd2,144.978,37.593
mp-aaabxcde,LiCu3,92.453,43.619
mp-aaabxcdi,LaMgZn2,51.066,28.284
mp-aaabxcdj,LaPbAu2,71.48,19.936
mp-aaabxcdk,Rb2Zr2O5,86.047,39.669
mp-aaabxcdm,DyGaRh2,141.67,47.905
mp-aaabxcdn,LiAc2Ge,38.715,20.637
mp-aaabxcdp,BeFe2Si,219.307,127.552
mp-aaabxcds,LiY2Rh,94.264,38528967319.515
mp-aaabxcdt,LiY2Ru,70.948,29.28
mp-aaabxcdx,LiHoTl2,42.546,19.632
mp-aaabxcdz,TaZn2,151.886,90.589
mp-aaabxcea,DyMgAg2,65.63,12.356
mp-aaabxcec,Ba2Ga2O5,111.605,54.122
mp-aaabxcee,LiHf2Os,145.945,59.172
mp-aaabxcek,Ac,24.648,17.221
mp-aaabxcel,Al2FeCo,179.509,118.533
mp-aaabxcem,DyHoMg2,43.612,18.839
mp-aaabxceo,Al2IrRh,211.649,97.627
mp-aaabxcep,Al2CoRu,185.345,112.686
mp-aaabxcer,Er2MgGe2,75.034,56.657
mp-aaabxces,Ac2SiAu,56.494,16.796
mp-aaabxcet,ScTaOs2,235.29,121.918
mp-aaabxceu,AlVOs2,270.525,140.544
mp-aaabxcew,Sc2AgHg,79.681,32.127
mp-aaabxcex,Sc2AgAu,91.964,32.821
mp-aaabxcey,ScZn2Pt,123.901,29.224
mp-aaabxcez,AlZnIr2,220.942,108.285
mp-aaabxcfa,BeCo2Ge,201.076,80.844
mp-aaabxcfe,Sc2CdTc,100.691,31.014
mp-aaabxcfg,Sc2CoIr,137.361,60.261
mp-aaabxcfh,BeGeRu2,227.447,99.655
mp-aaabxcfi,Be3Ir,189.038,188.109
mp-aaabxcfj,Al2PdRu,180.532,80.631
mp-aaabxcfk,LiAg3,66.506,24.289
mp-aaabxcfl,LiAlAu2,97.735,36.27
mp-aaabxcfn,LiY2Os,80.346,34.286
mp-aaabxcfo,Sr2CdIn,26.36,15.966
mp-aaabxcfp,Sr2CdPb,27.344,21.316
mp-aaabxcfr,ScTc2Mo,207.886,80.503
mp-aaabxcft,ScTc2W,219.455,89.291
mp-aaabxcfv,Pm2ZnPb,54.069,19.066
mp-aaabxcfw,Pm2ZnRu,78.796,22.938
mp-aaabxcfy,LiGaRh2,148.873,59.775
mp-aaabxcga,PmZn3,64.957,15.758
mp-aaabxcgb,Pm2ZnSi,64.649,27.683
mp-aaabxcgc,Pm2ZnSn,58.086,21.841
mp-aaabxcgf,LiHgPd2,97.049,22.7
mp-aaabxcgi,Sr2TlCd,25.727,15.711
mp-aaabxcgk,Pm2ZnGe,62.046,26.438
mp-aaabxcgl,LaCdAu2,73.024,-13.323
mp-aaabxcgn,Sr2LiPt,30.834,14.401
mp-aaabxcgp,Sr2PtAu,45.405,19.997
mp-aaabxcgs,SrNiSn2,57.57,27.429
mp-aaabxcgu,SmBiPd2,92.277,9.574
mp-aaabxcgw,PrBS3,52.732,22.607
mp-aaabxcgx,PrCd3,53.986,22.842
mp-aaabxcgy,PrGa3,66.478,44.283
mp-aaabxcgz,PrDyMg2,39.675,23.289
mp-aaabxchb,PrMgZn2,55.055,26.176
mp-aaabxchd,PrBiAu2,17988714618.261,-55007303412.241
mp-aaabxchj,TbMgCd2,54.108,26.564
mp-aaabxchl,RbGe3,19.114,12.139
mp-aaabxchq,LiInPt2,128.499,129.985
mp-aaabxchr,LiInRh2,125.117,36.12
mp-aaabxchu,AlSiRu2,230.759,113.371
mp-aaabxchv,Tc3Os,325.151,174.876
mp-aaabxchx,AlCrRu2,230.931,111.317
mp-aaabxcic,Ac2CuGe,54.864,19.11
mp-aaabxcie,Er2ZnIn,61.635,31.697
mp-aaabxcig,FeSiTc2,246.944,108.248
mp-aaabxcih,GaCuPt2,185.797,298.985
mp-aaabxcil,CaLaAg2,44.205,19.952
mp-aaabxcin,RbAcTe2,36.494,17.941
mp-aaabxcio,Pt3W,283.476,112.353
mp-aaabxciq,PrI3,2.5460000000000003,1.806
mp-aaabxciv,PrSnAu2,80.55,17.514
mp-aaabxcjd,PaPbAu2,102.518,14.015
mp-aaabxcje,PaSiTc2,200.716,42.399
mp-aaabxcjf,LiScAu2,82.368,15.743
mp-aaabxcjk,PaSi3,122.743,73.385
mp-aaabxcjl,PaSnAu2,109.742,15.551
mp-aaabxcjo,PaInPt2,118.043,-242.288
mp-aaabxcju,PaTlAu2,99.51,24.885
mp-aaabxcjv,PaTiTc2,172.516,49.108
mp-aaabxcjw,PaTlO3,133.398,57.351
mp-aaabxckb,PmAlAg2,77.247,15.124
mp-aaabxckc,PmAlCu2,86.005,12.642
mp-aaabxckf,LiPm2Os,74.575,31.331
mp-aaabxckg,LiPm2Pt,63.715,20.936
mp-aaabxckh,PaZnRu2,175.731,34.878
mp-aaabxcki,PaAl3,95.953,49.122
mp-aaabxckk,CaLaHg2,44.947,22.0
mp-aaabxckl,PaB3,202.995,148.952
mp-aaabxckn,Ac2NiIr,71.229,20.391
mp-aaabxcks,PaPd3,159.305,52.044
mp-aaabxckt,PaO2,141.582,50.388
mp-aaabxcky,AcInAu2,66.843,-5.434
mp-aaabxckz,Pa3Si,108.501,59.249
mp-aaabxcla,Pa3Sb,104.598,62.028
mp-aaabxclb,Pa3Te,105.402,60.794
mp-aaabxclc,Pa3Ge,111.033,56.445
mp-aaabxcld,PaZn3,90.652,6.371
mp-aaabxclf,PaSe3,87.038,-71.481
mp-aaabxclg,PbBr2,24.977,7.332
mp-aaabxcli,LiTcO3,194.213,79.846
mp-aaabxclj,PbCl2,29.472,8.309
mp-aaabxclk,PmAgAu2,83.952,10.746
mp-aaabxcll,AcAgHg2,52.065,0.917
mp-aaabxclm,PmAgHg2,66.323,17.984
mp-aaabxcln,ThGaAu2,100.3,11.401
mp-aaabxclq,PmAg3,-264.609,-46.159
mp-aaabxclr,PmBiAu2,80.185,9.199
mp-aaabxcls,PmBiPd2,90.9,10.223
mp-aaabxclt,CaPmCd2,42.236,22.358
mp-aaabxclu,CaPmAu2,66.309,27.483
mp-aaabxclv,CaPmHg2,48.969,24.664
mp-aaabxclw,CaPmPd2,67.273,24.337
mp-aaabxclx,CaPmRh2,83.697,28.891
mp-aaabxcly,CaPmPt2,87.525,34.909
mp-aaabxclz,LiSc2Os,98.86,40.992
mp-aaabxcma,CaPmZn2,44.865,26.906
mp-aaabxcmc,AcAg2Sn,60.159,10.533
mp-aaabxcmd,PmCdAu2,79.05,6.423
mp-aaabxcme,PmCdHg2,60.32,16.513
mp-aaabxcmh,Er2ZnRu,92.632,33.2
mp-aaabxcmi,PmCdRh2,111.806,38.736
mp-aaabxcmj,PmCdPt2,108.292,17.543
mp-aaabxcmk,PmCdPd2,90.071,19.041
mp-aaabxcml,PmCd3,55.77,23.661
mp-aaabxcmn,PmF3,136.242,46.704
mp-aaabxcmo,PmDyMg2,40.229,22.558
mp-aaabxcmp,PmGaAg2,66.067,11.484
mp-aaabxcmr,PmGaAu2,80.394,-29.425
mp-aaabxcmx,Ti2CoTc,187.175,91.654
mp-aaabxcmy,PmHgAu2,80.514,6.17
mp-aaabxcne,PmHoMg2,40.038,22.248
mp-aaabxcnj,PmInAg2,71.516,23.111
mp-aaabxcnm,LiPmAu2,65.291,67.79
mp-aaabxcnn,LiPmHg2,49.81,11.196
mp-aaabxcno,LiPmTl2,41.737,15.462
mp-aaabxcnq,Li2PmIn,38.084,30.714
mp-aaabxcnu,Li2PmTl,39.836,30.085
mp-aaabxcnw,PmMgAg2,60.967,5.559
mp-aaabxcny,PmMgHg2,59.195,24.499
mp-aaabxcoc,NaPmAu2,59.173,18.208
mp-aaabxcod,NaPmHg2,43.007,14.658
mp-aaabxcof,NaPmTe2,44.621,12.633
mp-aaabxcoi,Li2PmPb,40.01,24.17
mp-aaabxcoj,NaPmTl2,36.356,18.771
mp-aaabxcoo,PmPd3,117.777,52.142
mp-aaabxcoq,PmSnAu2,83.851,17.853
mp-aaabxcow,CaLaZn2,42.467,25.998
mp-aaabxcoy,PmSmMg2,39.146,23.357
mp-aaabxcpa,PmTlAg2,65.448,18.899
mp-aaabxcpd,PmYMg2,39.687,22.085
mp-aaabxcpg,AcAgAu2,66.953,280.555
mp-aaabxcpi,PmZnAu2,82.867,8.779
mp-aaabxcpl,Pm2AgIr,86.836,23.457
mp-aaabxcpn,Pm2AgGe,64.38,23.361
mp-aaabxcpo,PmAl3,68.914,41.964
mp-aaabxcpp,Er2CdIn,60.36,27.973
mp-aaabxcpr,InCl3,5.376,3.058
mp-aaabxcps,PmB3,144.75,110.498
mp-aaabxcpu,PmBr3,3.842,1.7469999999999999
mp-aaabxcpx,Pm2AgPt,78.671,22.251
mp-aaabxcpy,Pm2AgSn,61.036,21.122
mp-aaabxcqb,ErMgSn,58.946,37.695
mp-aaabxcqc,Pm2CdGe,58.544,20.724
mp-aaabxcqe,Pm2CdIn,52.402,23.145
mp-aaabxcrd,Ba2Sc2O5,105.611,50.033
mp-aaabxcri,SmCl3,4.313,2.666
mp-aaabxcrk,SmI3,2.8,1.8820000000000001
mp-aaabxcrl,ErCl3,4.864,2.495
mp-aaabxctg,NbBiO4,72.864,-25.143
mp-aaabxczz,Sr2SbAu,37.562,22.936
mp-aaabxdaf,LiGa3,39.269,19.567
mp-aaabxdag,Sr2AsAu,42.139,25.646
mp-aaabxdai,Sr(MgAs)2,47.545,35.48
mp-aaabxdam,TbI3,3.138,2.63
mp-aaabxdpj,Ho2CdIn,59.553,28.777
mp-aaabxdpk,Ho2CdOs,97.343,33.714
mp-aaabxdpm,Pm2CdSi,62.306,21.073
mp-aaabxdpn,Pm2CdSn,56.296,19.511
mp-aaabxdpr,LiScHg2,57.209,15.302
mp-aaabxdpw,Pm2CuGe,66.228,24.887
mp-aaabxdpz,Er2TlAg,64.936,27.903
mp-aaabxdqa,Pm2CuOs,92.175,35.405
mp-aaabxdqb,Pm2CuPt,80.655,26.778
mp-aaabxdqd,Pm2CuRu,83.241,31.005
mp-aaabxdqe,ErMgCd2,54.634,25.799
mp-aaabxdqf,LiPm2Rh,62.498,22.513
mp-aaabxdqg,ErMgHg2,64.404,25.837
mp-aaabxdqh,LiPm2Ru,65.347,24.444
mp-aaabxdqi,Pm2CuSn,61.633,19.596
mp-aaabxdqj,PmCu3,78.335,25.855
mp-aaabxdql,ErTaRu2,185.741,78.278
mp-aaabxdqq,Pm2GeAu,71.259,22.807
mp-aaabxdqr,Pm2GePd,73.852,21.327
mp-aaabxdqs,Pm2HgGe,64.276,21.386
mp-aaabxdqw,Ti2MnCo,185.408,83.539
mp-aaabxdrb,PmI3,2.9,1.732
mp-aaabxdrc,Pm2MgSi,54.978,23.108
mp-aaabxdrd,LiPm2Si,55.755,30.263
mp-aaabxdre,Pm2MgAl,48.974,29.34
mp-aaabxdri,Er2MgIn,54.51,28.117
mp-aaabxdrj,Pm2MgSn,50.105,19.158
mp-aaabxdrk,Pm2MgTl,45.993,20.753
mp-aaabxdrl,Pm2MgGa,48.403,26.907
mp-aaabxdrn,KNa2Bi,16.554,10.679
mp-aaabxdrp,Ir3Rh,324.498,203.512
mp-aaabxdrq,KAcTe2,37.606,18.514
mp-aaabxdrr,ErGaRh2,145.122,52.644
mp-aaabxdrt,Pm2NiIr,97.769,34.119
mp-aaabxdrv,Pm2IrAu,95.226,26.464
mp-aaabxdrw,Pm2IrPd,97.934,32.964
mp-aaabxdrx,Pm2NiRu,89.451,28.709
mp-aaabxdsa,HgPd3,139.163,29.205
mp-aaabxdsd,Ho2MgGe2,74.856,14.344
mp-aaabxdse,InPd2Au,135.641,10.065
mp-aaabxdsf,Pm2PdPt,89.689,26.998
mp-aaabxdsh,LiTiRh2,154.975,60.474
mp-aaabxdsm,Pm2PtRh,96.963,33.757
mp-aaabxdsn,Pm2RuAu,91.146,28.354
mp-aaabxdso,ErPaTc2,139.222,-25.032
mp-aaabxdsp,ErRh2Pb,126.347,158.517
mp-aaabxdsq,Ho2OsAu,113.765,42.631
mp-aaabxdsr,Ho3In,50.028,30.054
mp-aaabxdss,ErCdPd2,101.867,28.245
mp-aaabxdst,ErCdRh2,125.414,51.651
mp-aaabxdsu,Pm2IrRu,111.946,38.388
mp-aaabxdsv,Pm2PdRu,92.259,28.348
mp-aaabxdsx,Pm2SiAg,67.211,25.639
mp-aaabxdsy,Ca2PdAu,51.164,22.324
mp-aaabxdtd,Rb2Hf2O5,90.266,44.219
mp-aaabxdte,AgAu3,121.457,25.136
mp-aaabxdtl,K2SbAu,16.33,8.023
mp-aaabxdtn,CsK2Bi,10.835,6.6370000000000005
mp-aaabxdto,CsAcTe2,34.847,16.227
mp-aaabxjxv,LiVIr2,223.046,108.216
mp-aaabxjxw,ScGaRh2,163.021,75.808
mp-aaabxjya,Sm2MgGe2,68.5,50.773
mp-aaabxjzu,SmInRh2,121.874,38.283
mp-aaabxjzv,LaInHg2,52.025,11.561
mp-aaabxkab,SmPbAu2,77.954,18.567
mp-aaabyfua,KTiF4,35.497,13.954
mp-aaabyhvh,Li2CuS2,21.596,10.234
mp-aaacapbk,HfNiSn,127.878,77.933
mp-aaacapbl,ZrNiSn,115.909,73.11
mp-aaacapbm,TiNiSn,123.819,69.076
mp-aaacbgit,KNbO3,172.61,109.553
mp-aaacbjfs,C,118.816,91.861
mp-aaacboiv,Li(BH)5,16.486,10.386
mp-aaacbufg,YCuTe2,42.341,20.022
mp-aaacbzxc,Sn,33.622,3.491
mp-aaacccut,Li6PS5I,26.78,13.335
mp-aaaccfde,NaSnSb,22.663,13.031
mp-aaacckiy,HfFe2,170.582,76.603
mp-aaaccsoj,LiAlGe,48.554,4.5600000000000005
mp-aaaccsok,TiTeOs,158.831,62.489
mp-aaaccsol,CaAgP,45.125,-131.845
mp-aaaccsom,KBaP,25.882,-12.045
mp-aaaccson,ZrFeTe,135.818,74.15
mp-aaaccsoo,AlVNi,119.158,139.154
mp-aaaccsop,ZrFeSe,143.448,68.035
mp-aaaccsoq,ZrFeSb,119.495,67.211
mp-aaaccsor,FeSiW,226.039,121.257
mp-aaaccsos,TaMnAs,97.257,-31.592
mp-aaaccsot,YCdGa,40.768,-18.955
mp-aaaccsou,VFeTe,134.14,53.837
mp-aaaccsov,YNiP,107.291,33.705
mp-aaaccsow,VFeSe,138.506,51.107
mp-aaaccsox,TiSiPd,145.487,56.487
mp-aaaccsoy,TiFeSe,157.629,76.634
mp-aaaccsoz,ZrSiPd,138.82,55.905
mp-aaaccspa,ZrNiGe,94.091,-35.297
mp-aaaccspc,VSnPd,120.16,31.185
mp-aaaccspd,MgScGa,54.545,37.789
mp-aaaccspf,CaNiTe,9801440.84,3360433.715
mp-aaaccspg,AlVPt,139.456,27.745
mp-aaaccsph,NbGaPt,135.124,0.506
mp-aaaccspi,HfSiPt,146.902,-37.488
mp-aaaccspj,TiGePt,123.324,-3.699
mp-aaaccspl,TiFeTe,146.311,73.592
mp-aaaccspm,VGePt,145.001,3.848
mp-aaaccspn,ScNiP,129.129,70.695
mp-aaaccspo,HfGePt,114.252,-23.486
mp-aaaccspp,TaGaPt,143.51,-6.282
mp-aaaccspq,ScCoTe,110.522,66.456
mp-aaaccspr,TaAlPt,140.712,-0.997
mp-aaaccsps,NbAlPt,134.021,-0.804
mp-aaaccspt,ZrGePt,109.47,-26.763
mp-aaaccspu,TiSnPd,118.974,47.761
mp-aaaccspv,LiMgP,49.919,4.158
mp-aaaccspw,LiCaAs,37.314,17.972
mp-aaaccspx,NaCaAs,33.378,21.704
mp-aaaccspy,HfSiNi,125.6,20.992
mp-aaaccspz,ZrSnPd,118.393,55.653
mp-aaaccsqa,VGaPt,136.177,15.44
mp-aaaccsqb,ZrCoAs,90.741,-24.859
mp-aaaccsqd,HfNiGe,96.833,-36.665
mp-aaaccsqe,TaInNi,107.624,-15.992
mp-aaaccsqf,ZrInAu,106.206,48.87
mp-aaaccsqg,TiNiGe,106.389,-11.683
mp-aaaccsqh,LaCoTe,85.096,22.703
mp-aaaccsqi,MnCoSi,181.264,72.168
mp-aaaccsqj,ScGeAu,95.062,38.126
mp-aaaccsqk,LiZnP,64.164,34.294
mp-aaaccsql,NaMgP,37.881,-142.864
mp-aaaccsqm,TiCoAs,74.991,-20.653
mp-aaaccsqn,ZrAgB,99.922,-36.755
mp-aaaccsqp,NaLiPt,28.036,-40.599
mp-aaaccsqr,TiPtPb,100.641,-11.924
mp-aaaccsqs,TiSiPt,165.342,68.623
mp-aaaccsqu,NbInPt,122.186,-248.627
mp-aaaccsqv,ZrPtPb,93.141,-11.673
mp-aaaccsqw,VSiPt,171.875,47.772
mp-aaaccsqx,ZrSiPt,154.395,61.799
mp-aaaccsqy,TaTlPt,153.2,54.063
mp-aaaccsqz,ZrSnPt,133.908,63.302
mp-aaaccsrc,VSnPt,137.912,40.965
mp-aaaccsre,TiAsRh,128.349,-7.6
mp-aaaccsrf,HfAsRh,117.613,-25.213
mp-aaaccsrg,ZrAsRh,111.447,-29.301
mp-aaaccsri,TiBiRh,100.988,-2.274
mp-aaaccsrj,LiCaRh,42.619,8.295
mp-aaaccsrl,CrGeRh,118.263,8.741
mp-aaaccsrm,NbGeRh,141.318,-10.145
mp-aaaccsrn,TaGeRh,148.038,-11.415
mp-aaaccsti,BaNaSb,24.711,11.206
mp-aaacctef,SrCaSi,25.109,-25.412
mp-aaacctei,NaYSi,38.721,0.269
mp-aaacctej,YMgTl,31.472,-12.968
mp-aaacctek,BaSrSn,20.126,2.317
mp-aaacctel,LaMgTl,35.592,12.985
mp-aaacctem,NaYSn,31.152,-0.5660000000000001
mp-aaaccten,SrCaSn,20.701,-15.532
mp-aaaccteo,NaLiTe,21.842,-58.994
mp-aaacctep,BaNaSn,18.381,3.472
mp-aaaccteq,CaMgSn,33.364,17.467
mp-aaaccter,LiAgTe,40.089,-1.732
mp-aaacctes,LiScSi,48.827,-3.379
mp-aaacctet,MgScTl,35.436,-5.105
mp-aaaccteu,KYSn,26.23,8.847
mp-aaacctev,KBaSn,14.567,11.023
mp-aaacctew,YTlCd,36.492,-10.293
mp-aaacctex,SrMgSn,20.676,-74.574
mp-aaacctey,SrCdSi,25.431,-86.508
mp-aaacctez,TiAuCl,68.261,5.193
mp-aaacctfa,CaCdSi,46.537,17.166
mp-aaacdaeq,InP,59.233,32.374
mp-aaacdhil,GaP,76.842,-12.481
mp-aaacdhjp,Si,79.715,47.329
mp-aaacdhjq,Si,75.91,45.957
mp-aaacdhjx,FeSb3,100.502,47.232
mp-aaacdhkb,BiS2,23.495,11.797
mp-aaacdhkk,Si3N2,142.078,72.85
mp-aaacdhkl,C3N4,68.864,51.344
mp-aaacdhkw,Ge3N2,99.291,52.658
mp-aaacdhlc,ZnAuO3,98.68,4.182
mp-aaacdhld,ZnAs3,72.558,-65.608
mp-aaacdhle,YbNdCd2,42.101,21.937
mp-aaacdhlf,V3Ag,159.817,28.888
mp-aaacdhlg,ZnBO3,227.552,-4.4
mp-aaacdhlh,Tm2MgTl,51.653,19.59
mp-aaacdhli,ZnBiO3,152.502,59.718
mp-aaacdhlo,ZnCdS2,60.274,24.036
mp-aaacdhlu,ZnBi3,49.557,24.613
mp-aaacdhlw,ZnGa3,48.624,-17.927
mp-aaacdhmo,ZnCuNi2,155.672,56.716
mp-aaacdhmp,ZnCuPt2,183.726,55.834
mp-aaacdhmu,ZnCo3,183.266,51.41
mp-aaacdhnc,ZnCr3,108.873,71.217
mp-aaacdhnd,ZnGe3,61.403,5.969
mp-aaacdhnh,ZnHg3,18.132,-10.383
mp-aaacdhnl,ZnSi3,78.371,-42.517
mp-aaacdhnn,ZnSb3,51.452,-57.824
mp-aaacdhod,ZnRh3,209.272,91.273
mp-aaacdhox,DyYHg2,66.15,27.672
mp-aaacdhpb,ZnHg3,21.227,3.365
mp-aaacdhpy,Tl3H,24.583,-31.87
mp-aaacdhpz,Zn2CuPt,142.949,3.265
mp-aaacdhqi,Zn2NiIr,176.569,56.286
mp-aaacdhqj,ZnCdTe2,38.904,17.206
mp-aaacdhqz,Zn3B,98.999,-127.808
mp-aaacdhrd,Zn3C,96.641,-51.09
mp-aaacdhrf,Zn3B,95.012,-0.897
mp-aaacdhrj,ZnP,62.715,-24.478
mp-aaacdhrk,U2Ga2O5,-70.166,15.75
mp-aaacdhsl,Zn2PdAu,128.444,18.995
mp-aaacdhtd,ZnPd3,149.877,0.619
mp-aaacdhtf,ZnN,130.313,30.673000000000002
mp-aaacdhti,SrSiPt,78.261,27.152
mp-aaacdhto,TmMg3,40.818,20.14
mp-aaacdhtq,DyYAl2,65.046,36.907
mp-aaacdhts,DyYAg2,67.395,33.808
mp-aaacdhtw,Zn3Ge,65.75,7.68
mp-aaacdhub,YZr,62.206,36.189
mp-aaacdhuq,Zn3Co,101.878,15.75
mp-aaacdhus,Zn3Sn,51.36,10.059
mp-aaacdhut,Zr3Pt,128.477,16.539
mp-aaacdhva,Tm3P,60.974,21.319
mp-aaacdhvc,Zn3Os,150.672,-4.07
mp-aaacdhvr,SrHgO3,102.967,42.81
mp-aaacdhvv,Tm2ZnAg,68.975,31.805
mp-aaacdhwb,TbAlCu2,92.528,23.388
mp-aaacdhwm,SrHoO3,84.713,46.093
mp-aaacdhws,Ac3Yb,-190687.407,11311.01
mp-aaacdhxl,SrInO3,95.953,41.576
mp-aaacdhya,WN,298.554,66.458
mp-aaacdhyg,Zn3Cu,92.401,63.909
mp-aaacdhyi,YbTh3,44.763,31.315
mp-aaacdhym,Zn6Mo,91.897,48.313
mp-aaacdhyw,YbTmO3,96.796,45.698
mp-aaacdhza,YbTmHg2,53.312,25.438
mp-aaacdhze,ZrAlO3,217.28,98.184
mp-aaacdhzh,Ti3Ga,116.433,64.387
mp-aaacdhzj,V3Mo,203.583,36.67
mp-aaacdhzp,TcGe3,114.297,2.215
mp-aaacdhzu,Tl3Si,34.443,9.412
mp-aaacdhzz,ZrH3,129.755,78.184
mp-aaacdiaa,Zr3Zn,94.083,40.008
mp-aaacdial,YbMg3,28.79,11.895
mp-aaacdiap,U3C,177.966,70.859
mp-aaacdibf,SrCaTl2,28.313,16.901
mp-aaacdicq,TbY3,39.722,23.922
mp-aaacdido,YbMgIn2,37.737,17.921
mp-aaacdidr,ZrGaPd2,146.226,5.176
mp-aaacdidt,Tl3Hg,26.92,8.347
mp-aaacdiek,TcAs3,130.278,40.429
mp-aaacdien,V2MoOs,263.582,116.67
mp-aaacdier,Ta2TcW,250.356,104.672
mp-aaacdiez,Ti2CuTc,167.17,52.288
mp-aaacdifc,TiPt3,233.898,90.295
mp-aaacdife,TaBeO3,277.307,103.594
mp-aaacdifk,Zr3As2,125.408,62.953
mp-aaacdift,Tc3H,238.733,-20.12
mp-aaacdifu,Ti2VIr,179.691,84.534
mp-aaacdifx,Ti2ReTc,217.331,83.786
mp-aaacdiga,Tm2ZnGa,68.836,41.351
mp-aaacdign,LaTb3,34.964,19.382
mp-aaacdihe,Tm2ZnHg,68.285,32.424
mp-aaacdihf,Ti2ReRu,219.69,93.59
mp-aaacdihp,Sr3Li,11.008,8.744
mp-aaacdiia,ZrOsO3,220.397,-206.258
mp-aaacdiin,Ta2BN3,236.24,88.105
mp-aaacdiio,Tb3Si,58.091,20.696
mp-aaacdijb,TaNbTc2,251.053,123.911
mp-aaacdijc,Tc3As,247.646,89.479
mp-aaacdije,TcPt3,261.344,134.934
mp-aaacdijf,Zr2CoOs,15307.532,-3037.847
mp-aaacdijp,Ti2IrW,216.082,92.111
mp-aaacdike,YbMg,24.014,13.027
mp-aaacdikf,U3Pa,96.534,34.507
mp-aaacdikq,Yb,14.69,9.767
mp-aaacdikw,Yb2InHg,36.324,18.49
mp-aaacdikz,Tl,26.806,-5.562
mp-aaacdilw,Ti2MnRe,230.659,71.729
mp-aaacdimg,YbSi2Ni,94.349,57.765
mp-aaacdimp,YErAl2,65.872,36.138
mp-aaacdimu,YErAg2,68.674,35.034
mp-aaacdinq,SnBO3,225.06,73.067
mp-aaacdiod,TmLuIn2,57.35,15.051
mp-aaacdioe,Sm3V,42.339,37.307
mp-aaacdipq,SmMg3,38.754,17.395
mp-aaacdiqa,Sm2AlZn,56.309,31.189
mp-aaacdiqh,Sm2AgSn,62.377,21.731
mp-aaacdiqs,SmTmZn2,58.598,27.032
mp-aaacdiqw,SmSnAu2,84.809,17.723
mp-aaacdiqy,SmYAg2,63.294,27.002
mp-aaacdiqz,SmP3,84.394,-130.311
mp-aaacdira,Sm2AgRh,79.206,21.569
mp-aaacdirg,Sm2TlAg,57.182,18.836
mp-aaacdirk,SmYZn2,59.049,27.058
mp-aaacdirl,SmTmTl2,52.625,15.513
mp-aaacdirt,SmLu3,43.336,28.525
mp-aaacditt,SmLuMg2,40.91,22.235
mp-aaacdiup,SmHgAu2,83.971,11.832
mp-aaacdius,SmGaAu2,82.054,-25.724
mp-aaacdivb,SmErHg2,62.653,21.019
mp-aaacdivg,SmDyZn2,57.307,27.83
mp-aaacdivh,SmHoIr2,127.431,124.147
mp-aaacdivt,SmHoTl2,52.516,15.194
mp-aaacdivx,SmBiAu2,81.328,9.128
mp-aaacdivz,SmCoSi3,136.209,72.161
mp-aaacdiwu,Sm(AgGe)2,83.302,41.54
mp-aaacdixg,SnPb,44.231,14.712
mp-aaacdiyk,SmAs3,75.418,-10.855
mp-aaacdizd,Si3P,96.364,-16.813
mp-aaacdize,SmBr,46.102,32.427
mp-aaacdizk,Si3W,144.11,-238.39
mp-aaacdizn,Si3Ge,83.175,34.903
mp-aaacdizo,Si3As,82.602,-35.93
mp-aaacdizz,Si3Pt,117.273,-7.469
mp-aaacdjad,Si3F,98.224,-65.089
mp-aaacdjbd,Si2B2O5,159.167,-93.936
mp-aaacdjbe,SiSb3,90.641,11.961
mp-aaacdjbs,SiO2,25.788,36.205
mp-aaacdjbu,SiTc2W,286.173,99.977
mp-aaacdjcg,SiBO3,232.445,24.58
mp-aaacdjcl,SiBiO3,130.571,76.857
mp-aaacdjcm,Cu3Si,136.43,53.369
mp-aaacdjcv,SiBi3,52.214,-24.29
mp-aaacdjcx,SiBO3,203.008,53.644
mp-aaacdjdd,SiMo,199.027,101.53
mp-aaacdjdt,Sc2TlTc,103.541,32.002
mp-aaacdjdy,Sc2PdAu,107.16,28.725
mp-aaacdjeb,Sc2GaPt,107.133,36.88
mp-aaacdjeg,SeBr3,15.512,9.245
mp-aaacdjei,Sc3Cd,59.118,34.349
mp-aaacdjej,Sc2AlIr,117.54,51.8
mp-aaacdjel,Sc2RuAu,125.306,30.673000000000002
mp-aaacdjeo,Sc2CdAg,72.853,31.094
mp-aaacdjeq,Sc2AlCu,81.231,38.357
mp-aaacdjey,MgHg5,22.072,19.34
mp-aaacdjfb,ScAu3,116.515,29.776
mp-aaacdjfe,Sc2GaAu,90.144,35.177
mp-aaacdjff,Sc2GaIr,118.555,47.121
mp-aaacdjfn,Sc2AlAg,78.735,34.736
mp-aaacdjfo,La3Dy,29.518,15.277
mp-aaacdjfs,La3Er,29.595,16.724
mp-aaacdjfu,Sc2AlCd,72.984,37.11
mp-aaacdjgf,ScZn2Au,98.751,37.129
mp-aaacdjgv,NaBi3,32.912,11.214
mp-aaacdjgz,HoErAg2,69.968,35.826
mp-aaacdjhd,LaSmZn2,49.862,26.851
mp-aaacdjhi,MgCd2,42.98,4.888
mp-aaacdjhl,ScTiRu2,177.267,77.929
mp-aaacdjho,La2IrAu,86.527,12.239
mp-aaacdjhp,Sc2NiRh,118.07,40.973
mp-aaacdjht,GdF3,136.043,-1.491
mp-aaacdjhu,Sc2OsAu,135.881,36.621
mp-aaacdjhy,ScSiRh2,179.189,40.67
mp-aaacdjim,HoErAl2,67.462,36.47
mp-aaacdjjg,ScRu3,203.337,64.747
mp-aaacdjjy,ScRu3,203.422,59.908
mp-aaacdjka,La3Hf,40.645,21.816
mp-aaacdjld,ScH3,110.897,30.278
mp-aaacdjlg,Na2CdHg,17.144,7.485
mp-aaacdjli,LiLu2Al,54.59,35.495
mp-aaacdjlk,MgCr,57.229,33.265
mp-aaacdjlq,ScGeRh2,172.9,161.339
mp-aaacdjlr,ScGa2Ru,128.767,23.656
mp-aaacdjls,ScCuO3,186.205,68.294
mp-aaacdjmm,MgInAg2,68.284,19.238
mp-aaacdjmq,ScCu3,103.118,39.197
mp-aaacdjmy,ScCu3,102.363,7.858
mp-aaacdjnh,NdYIr2,120.551,64.194
mp-aaacdjnj,In,35.22,-5.415
mp-aaacdjnv,ScPdO3,118.718,23.645
mp-aaacdjof,ScCuPd2,127.319,285.597
mp-aaacdjon,ScCdCu2,90.97,37.258
mp-aaacdjoo,ScZn2Pd,104.061,33.304
mp-aaacdjop,ScZn3,78.798,38.927
mp-aaacdjov,Mn3Al,179.795,91.053
mp-aaacdjoz,ScAlPt2,157.156,14.097
mp-aaacdjpc,ScAsO3,135.67,45.595
mp-aaacdjpm,NaCd3,27.528,10.71
mp-aaacdjpu,NaAg3,52.516,21.232
mp-aaacdjpv,ScBi3,55.254,20.144
mp-aaacdjqb,Mn3Zn,199.466,65.253
mp-aaacdjqf,ScAgO2,122.232,37.565
mp-aaacdjql,LiTl3,26.317,7.189
mp-aaacdjrl,SbSI,6.279,1.9420000000000002
mp-aaacdjrx,ScNb,102.567,32.331
mp-aaacdjsa,NdTm3,40.739,23.677
mp-aaacdjss,KLa3,19.467,6.112
mp-aaacdjsy,LaMgTl2,44.465,15.15
mp-aaacdjth,K3Zr,6.941,2.439
mp-aaacdjti,Lu3Al,53.348,33.866
mp-aaacdjtj,KTcO3,180.938,111.434
mp-aaacdjtl,SbTeO3,125.028,40.829
mp-aaacdjtm,Ho2RuAu,104.31,35.688
mp-aaacdjtn,K3Y,7.141,-10.74
mp-aaacdjts,HoLuCd2,59.674,28.768
mp-aaacdjuq,Lu3Ga,53.035,27.112
mp-aaacdjvg,NaLi3,11.571,5.99
mp-aaacdjvp,Li2MgGe,38.78,25.839
mp-aaacdjwg,SbRh3,205.763,100.722
mp-aaacdjwh,Li2MgHg,30.915,18.917
mp-aaacdjwq,NaCo3,29.646,168.403
mp-aaacdjwr,SbPt3,178.413,26.833
mp-aaacdjxc,Mg,35.997,24.167
mp-aaacdjxm,LiMg2,28.486,13.561
mp-aaacdjyi,KBeO3,92.168,27.945
mp-aaacdjyo,SbPd3,143.223,9.073
mp-aaacdjzb,LiLa3,23.83,8.867
mp-aaacdjzs,LuScRh2,130.571,46.272
mp-aaacdjzu,Hf2IrRu,199.022,376.325
mp-aaacdkac,Lu2AgPt,99.763,35.918
mp-aaacdkad,Hf2ReTc,199.747,79.557
mp-aaacdkag,K3W,8.076,2.93
mp-aaacdkak,Hg3C,60.843,-10.527
mp-aaacdkap,LiMg2,29.769,23.398
mp-aaacdkaz,Ho3In,49.414,27.113
mp-aaacdkbf,KReO3,201.94,119.458
mp-aaacdkdk,K3Si,9.969,0.64
mp-aaacdkdp,FeAg3,99.882,14.401
mp-aaacdkdq,FeRe,319.664,156.612
mp-aaacdkdr,K3Sc,23.854,15.512
mp-aaacdkds,LuUO3,151.069,85.959
mp-aaacdkdu,Lu2AlZn,67.89,40.238
mp-aaacdkdw,LuAlB4,181.461,150.52
mp-aaacdkek,K3Sm,6.764,12.973
mp-aaacdkem,LuTh3,51.667,34.157
mp-aaacdker,LiCe2Ru,65.477,6.7
mp-aaacdkeu,La2TlZn,45.039,16.18
mp-aaacdkfb,Lu,44.851,28.755
mp-aaacdkfc,La2TlHg,48.249,17.844
mp-aaacdkgk,Nd2IrAu,92.21,24.25
mp-aaacdkgr,LiCeO3,156.051,17.775
mp-aaacdkgs,K3Sn,9.269,2.325
mp-aaacdkha,K3Sr,4.901,1.584
mp-aaacdkhe,Hg3Au,35.965,-8.384
mp-aaacdkhf,K3Sr,4.92,1.335
mp-aaacdkhl,LuSi2Ni,128.819,63.787
mp-aaacdkho,Lu2ZnGa,68.94,40.108
mp-aaacdkhy,Lu2ZnHg,70.073,32.936
mp-aaacdkie,LuRu3,191.106,58.922
mp-aaacdkif,Lu2ZnAg,69.957,32.871
mp-aaacdkjh,LuRhO3,189.552,28.686
mp-aaacdkjk,LuMg3,41.172,18.141
mp-aaacdkjp,Ho3Lu,44.373,30.304
mp-aaacdkli,Lu2InHg,65.863,24.399
mp-aaacdklk,GeAs3,68.682,5.8100000000000005
mp-aaacdklm,GeBO3,202.009,-146.863
mp-aaacdkly,LuTe2,60.626,19.562
mp-aaacdkme,Lu2Mo2C3,167.213,89.256
mp-aaacdkmp,PmBi3,53.458,5.094
mp-aaacdkmt,Lu2MgHg,57.128,25.804
mp-aaacdkmz,Hg3F,43.402,0.147
mp-aaacdkna,Hg3F,40.994,-4.842
mp-aaacdknh,PbN,76.656,3.11
mp-aaacdkni,H3Pb,51.75,-3.783
mp-aaacdkno,Pa3Tl,90.32,17.107
mp-aaacdkou,LiHg3,22.639,18.474
mp-aaacdkow,LiHoSn2,46.456,79.056
mp-aaacdkpa,KErO3,65.414,3.327
mp-aaacdkpe,PdAu3,143.059,22.521
mp-aaacdkpf,PdN,169.43,-1.135
mp-aaacdkpl,LiHo2Al,51.616,33.455
mp-aaacdkpr,La2ZnGa,47.145,25.569
mp-aaacdkqj,PaAl3,93.654,66.056
mp-aaacdkqn,LaCdO3,130.971,44.298
mp-aaacdkqs,LiLa2Al,36.572,21.112
mp-aaacdkqt,Ga3Ge,49.122,19.565
mp-aaacdkrf,LaPrHg2,51.146,17.531
mp-aaacdkri,HoHfRu2,157.415,71.534
mp-aaacdkrl,Lu2TlHg,63.57,21.382
mp-aaacdkrm,LaNdZn2,47.768,27.055
mp-aaacdkro,Ni3I,140.931,23.914
mp-aaacdksc,PaAlCu2,112.124,27.647
mp-aaacdksm,Lu2Ta2O5,177.355,80.165
mp-aaacdksz,NiN,210.715,32.427
mp-aaacdktb,OsN2,207.427,115.236
mp-aaacdktg,LiCd3,41.518,5.772
mp-aaacdktw,Lu2CdAg,66.319,28.195
mp-aaacdktx,La2ZnAg,48.916,16.435
mp-aaacdkug,LiIn(IO3)4,29.761,21.039
mp-aaacdkur,HoSnO3,90.383,34.59
mp-aaacdkut,LiFePd2,119.616,34.793
mp-aaacdkux,NiPd3,174.379,20.43
mp-aaacdkva,Ho,42.273,28.439
mp-aaacdkxw,LiDy3,32.831,-5.24
mp-aaacdkxx,KSiO3,178.452,117.855
mp-aaacdkxz,HoScRu2,130.162,51.077
mp-aaacdkyc,Nd3Sm,34.408,19.689
mp-aaacdleb,HoErTl2,52.564,13.122
mp-aaacdlfh,HoErZn2,62.845,30.971
mp-aaacdlfy,Na3Al,14.872,4.102
mp-aaacdlhj,NdCuTeO,73.474,16.667
mp-aaacdlhr,RuI,41.961,6.575
mp-aaacdlhy,Ho3Mg,41.03,25.844
mp-aaacdlib,NdDy3,38.234,22.519
mp-aaacdlic,OsRu3,331.196,215.629
mp-aaacdlig,SBr3,16.635,8.547
mp-aaacdlii,S3Br,23.338,10.805
mp-aaacdlil,RuRh3,265.771,166.99
mp-aaacdlir,RuRh3,267.514,110.675
mp-aaacdlji,Ir3Ru,337.871,226.427
mp-aaacdlju,PtRh3,252.972,132.714
mp-aaacdljw,Rh3Se,194.991,-108.409
mp-aaacdlkl,Nd2AgHg,56.88,17.033
mp-aaacdlkt,Pt3Rh,248.019,78.168
mp-aaacdlky,Kr,0.501,0.032
mp-aaacdllj,Re3Tc,348.896,170.331
mp-aaacdlln,Re3Pb,244.499,26.112
mp-aaacdllo,Re3W,342.858,146.125
mp-aaacdllp,Re3Sb,259.398,53.395
mp-aaacdllt,IrRu,329.122,156.327
mp-aaacdlly,Re3Sn,261.298,-92.546
mp-aaacdlmc,Re3Ir,366.016,218.264
mp-aaacdlmh,Re3N,388.181,212.936
mp-aaacdlmj,Re2C,400.846,269.296
mp-aaacdlmy,Re3C,297.264,46.257
mp-aaacdlnb,Re3Ru,352.99,193.1
mp-aaacdlnd,Ru3I,200.1,82.095
mp-aaacdlne,Re3F,277.045,48.767
mp-aaacdlnk,ReH3,162.958,27.22
mp-aaacdlnu,ReBr,145.813,54.122
mp-aaacdlpf,ReSbO3,206.425,-6.952
mp-aaacdlpl,NdErMg2,40.097,22.854
mp-aaacdlpr,NdErTl2,51.522,14.981
mp-aaacdlpv,NdSmZn2,53.007,28.981
mp-aaacdlra,Na,7.76,2.856
mp-aaacdlrh,ReP3,185.152,76.961
mp-aaacdlrx,ReBiO3,203.021,-9.864
mp-aaacdlrz,NdSmIr2,116.681,217.193
mp-aaacdlsa,ReAu3,-90.51,54.174
mp-aaacdltd,NdP3,81.774,-139.685
mp-aaacdltg,Pt3Rh,249.556,79.874
mp-aaacdlth,Hg3Pd,68.071,5.286
mp-aaacdltp,Re3Ru,350.663,184.629
mp-aaacdltr,K3Tl,5.574,2.908
mp-aaacdluc,NdErZn2,57.029,27.584
mp-aaacdluf,K3Tl,5.319,0.352
mp-aaacdlug,LiAg2Pb,47.164,8.871
mp-aaacdlwu,NdTmTl2,52.034,16.032
mp-aaacdlxy,KSr3,9.273,4.848
mp-aaacdlya,NdBiO3,116.027,22.598
mp-aaacdlyd,Rb3V,5.686,2.138
mp-aaacdlzi,Rb3Tc,5.4030000000000005,1.895
mp-aaacdlzq,NdTlAg2,62.88,18.307
mp-aaacdlzx,Rb3Sn,7.046,0.432
mp-aaacdmah,Rb3Sr,3.974,1.448
mp-aaacdmas,Rb3Ru,3.293,2.7
mp-aaacdmbj,KPr3,21.468,6.489
mp-aaacdmbo,Rb3Pb,6.311,0.48
mp-aaacdmby,KPtO3,119.312,51.104
mp-aaacdmbz,Rb3Os,6.657,2.648
mp-aaacdmcv,NdY3,38.765,21.65
mp-aaacdmcw,Rb3Na,3.34,1.363999999999999
mp-aaacdmdn,Rb3Na,3.363,1.15
mp-aaacdmfl,Rb3Mo,5.203,1.881
mp-aaacdmfq,Rb3Li,3.531,1.5390000000000001
mp-aaacdmfv,HfZrTc2,182.079,71.432
mp-aaacdmga,Rb3In,4.908,2.719
mp-aaacdmgb,Rb3Ir,12.992,4.304
mp-aaacdmgc,Rb3Li,3.577,1.129
mp-aaacdmgz,HfZrZn2,109.761,49.601
mp-aaacdmhi,Rb3In,5.083,0.931
mp-aaacdmhq,Rb3Hg,3.088,0.512
mp-aaacdmjc,Rb3Cd,3.5700000000000003,0.915
mp-aaacdmjr,Rb3Ca,4.327,1.545
mp-aaacdmjs,Li(SiRh)2,162.926,68.685
mp-aaacdmjx,NdSmHg2,57.477,18.171
mp-aaacdmjy,Rb3Co,9.437,0.168
mp-aaacdmkb,Rb3Ba,3.694,-0.17200000000000001
mp-aaacdmkd,Rb3Ac,5.073,8.733
mp-aaacdmkn,Re,365.253,182.644
mp-aaacdmmc,Rb2Bi2O5,57.614,35.292
mp-aaacdmou,Rb2HgAu,10.354,4.825
mp-aaacdmpi,RbTeO3,122.161,88.194
mp-aaacdmpq,RbTl3,16.913,0.775
mp-aaacdmpy,RbSbO3,117.294,105.897
mp-aaacdmqa,RbRuO3,155.247,85.574
mp-aaacdmqi,RbReO3,195.873,126.82
mp-aaacdmqo,RbSr3,8.532,4.504
mp-aaacdmrt,RbPr3,20.132,7.573
mp-aaacdmrv,RbPdO3,95.483,47.559
mp-aaacdmsp,RbNa2Sb,17.884,10.261
mp-aaacdmsy,RbIrO3,141.653,78.796
mp-aaacdmtc,RbNpO3,133.382,69.83
mp-aaacdmtk,RbHoO3,66.13,7.311
mp-aaacdmtn,RbInO3,74.482,11.05
mp-aaacdmua,RbF3,20.725,3.4050000000000002
mp-aaacdmuj,LiSi3,40.544,1.5819999999999999
mp-aaacdmvj,NdGeO3,149.618,70.624
mp-aaacdmvv,Rb(FeAs)2,39.583,24.942
mp-aaacdmwa,RbCuO3,84.711,31.992
mp-aaacdmwe,LiCa2Mg,20.611,9.154
mp-aaacdmwq,RbCdO3,38.168,-2.8529999999999998
mp-aaacdmws,RbCaO3,40.141,9.212
mp-aaacdmwt,RbCa3,11.416,5.159
mp-aaacdmwv,RbBO3,123.719,-60.784
mp-aaacdmxa,RbCa3,11.666,5.689
mp-aaacdmxe,RbBeO3,84.653,13.871
mp-aaacdmxo,RbCa3,11.18,5.022
mp-aaacdmyh,MnNiP,172.329,86.583
mp-aaacdmyj,RbAsO3,102.651,101.456
mp-aaacdmyl,RbAlO3,112.414,41.005
mp-aaacdmyx,Mn3S,179.718,51.052
mp-aaacdmzb,InCuO3,160.872,55.989
mp-aaacdmzv,RbAcO3,61.109,33.337
mp-aaacdnbr,InSb3,44.916,8.082
mp-aaacdnbs,InSb3,53.357,12.164
mp-aaacdnbv,NdLuMg2,40.599,23.058
mp-aaacdnby,NdLuIn2,55.675,20.488
mp-aaacdncb,NdMgO3,139.787,-14.438
mp-aaacdncc,NdLuTl2,52.906,17.653
mp-aaacdnck,RbAl,10.655,-1.937
mp-aaacdneg,Li2SnHg,36.577,-26.63
mp-aaacdneq,PuPtO3,259.08,21.626
mp-aaacdnfk,Li2TlPt,56.12,17.316
mp-aaacdnfl,Li2TlPb,29.094,2.173
mp-aaacdnfn,Ge3B,65.787,-22.901
mp-aaacdngo,Pr3Hf,43.976,24.977
mp-aaacdngp,Pr3Er,34.921,19.5
mp-aaacdngq,Pr3(CuSn)4,79.671,48.022
mp-aaacdngw,PrZnSbO,61.109,17.24
mp-aaacdngz,LiTm3,36.414,-6.95
mp-aaacdnha,Pr2ZnHg,52.434,21.09
mp-aaacdnhb,PrTm3,40.703,24.774
mp-aaacdnhc,PrTe2,54.837,25.001
mp-aaacdnhg,Pr2NiIr,62.475,28.516
mp-aaacdnhi,PrHo3,39.752,23.682
mp-aaacdnho,NdGe3,69.174,22.539
mp-aaacdnlp,PrYZn2,55.032,27.633
mp-aaacdnmi,Pr2AgHg,54.491,17.233
mp-aaacdnmn,PrTmTl2,51.881,16.163
mp-aaacdnmo,Li3Be,26.474,14.376
mp-aaacdnmr,PrSm3,35.965,21.072
mp-aaacdnmv,PrTlAg2,61.809,18.365
mp-aaacdnni,Mo3H,201.133,-195.246
mp-aaacdnnq,PrNdZn2,51.524,27.862
mp-aaacdnoc,MoRu3,295.76,165.564
mp-aaacdnoq,PrNdMg2,37.416,22.948
mp-aaacdnpk,Li3Al,26.875,18.203
mp-aaacdnpw,PrSmMg2,38.321,23.158
mp-aaacdnpy,Li3Cu,31.489,12.521
mp-aaacdnpz,PrNdHg2,55.153,18.684
mp-aaacdnqm,PrNdTl2,50.892,16.497
mp-aaacdnqu,Li3Cd,22.645,8.36
mp-aaacdnqv,Mo3I,178.725,20.22
mp-aaacdnqw,LiAl3,62.466,39.623
mp-aaacdnqz,LiAu3,102.226,31.714
mp-aaacdnrc,Mo3H,203.988,63.201
mp-aaacdnrd,PrNbO3,187.182,34.435
mp-aaacdnrk,PrSmTl2,51.835,17.144
mp-aaacdnrw,PrLuIn2,55.104,20.724
mp-aaacdnrx,NdHoIn2,55.325,21.051
mp-aaacdntk,PrLuMg2,41.51,23.46
mp-aaacdnuc,NaLiO3,49.933,13.061
mp-aaacdnug,NaLa3,21.316,6.803
mp-aaacdnuj,NaLi2Pb,22.028,13.808
mp-aaacdnuu,NdTmMg2,40.406,22.702
mp-aaacdnuw,Li3Cr,22.421,6.546
mp-aaacdnvd,Li3Co,-83.57,14.761
mp-aaacdnvj,Li3Ga,23.233,19.231
mp-aaacdnvq,PrHoMg2,39.674,23.12
mp-aaacdnwh,Li3Hg,25.641,15.939
mp-aaacdnwp,Li3In,24.671,16.433
mp-aaacdnwu,Li3C,54.763,33.718
mp-aaacdnwv,PrGe3,69.29,22.594
mp-aaacdnxj,Li3Ca,14.299,7.417
mp-aaacdnxk,NaAc2Sn,33.683,15.328
mp-aaacdnxq,Mn2GaW,240.29,114.133
mp-aaacdnyo,Hf3Tl,104.481,55.501
mp-aaacdnyt,Ge3Sb,60.19,-26.787
mp-aaacdnyv,LaAu3,80.791,7.408
mp-aaacdnyw,Li2CdHg,30.724,12.342
mp-aaacdnze,Ge3Sb,60.054,-26.773
mp-aaacdnzh,PrGaAu2,75.216,152.053
mp-aaacdnzl,PrErZn2,55.889,27.557
mp-aaacdnzp,NaAsO3,126.053,121.985
mp-aaacdnzu,PrDy3,38.535,23.324
mp-aaacdnzv,Li3Mg,19.333,11.268
mp-aaacdnzy,PrDyTl2,54.819,16.048
mp-aaacdoag,NaAl3,48.882,25.378
mp-aaacdoah,PrErMg2,39.817,23.028
mp-aaacdoap,PrErIn2,54.562,20.646
mp-aaacdobl,NaBH4,19.495,11.449
mp-aaacdobp,NaBeO3,109.135,30.372
mp-aaacdocy,NaCdHg2,24.122,8.211
mp-aaacdodo,NaCaTl2,24.373,11.459
mp-aaacdoeg,Li3Mg,18.827,4.952
mp-aaacdoei,Li3Mg,18.913,4.316
mp-aaacdoel,LiTmRh2,103.934,38.993
mp-aaacdoem,LiTm2Au,64.88,35.495
mp-aaacdoen,NaCa2In,24.704,15.823
mp-aaacdoeo,LiMg,25.743,18.66
mp-aaacdoep,Li3Nb,31.347,26.561
mp-aaacdoeq,Li3Nd,20.824,1.22
mp-aaacdoer,Hf2OsPd,187.278,51.58
mp-aaacdoex,KTi2F7,83.985,38.463
mp-aaacdoey,LiCa3,15.36,-6.125
mp-aaacdoez,Hf3Ge2,133.921,84.987
mp-aaacdofg,LiBr,19.461,8.428
mp-aaacdofp,NaCd2Au,49.057,7.419
mp-aaacdofr,LiAlH4,24.716,16.29
mp-aaacdofs,NaCu,33.222,11.216
mp-aaacdogt,NaHo3,31.547,5.748
mp-aaacdogv,Li3Pr,20.736,1.26
mp-aaacdohe,LiZr2Ir,131.667,40.126
mp-aaacdohh,Li2AcTl,33.082,14.653
mp-aaacdohi,Li3Tc,34.091,18.07
mp-aaacdohp,Nd2ZnAg,54.104,21.056
mp-aaacdohr,HoErPd2,92.604,26.844
mp-aaacdohs,Nd2ZnGa,54.936,26.014
mp-aaacdoie,NdSc3,44.174,24.132
mp-aaacdokb,NaEr3,33.418,18.579
mp-aaacdokc,MgMnPt2,140.637,1649.05
mp-aaacdokd,Li3Ac,16.677,8.239
mp-aaacdoke,Li3Ag,25.865,12.498
mp-aaacdokh,Li,13.866,6.849
mp-aaacdoki,Li3Zn,23.55,5.487999999999999
mp-aaacdokk,Li3Zn,23.562,63.284
mp-aaacdokp,Hf3Bi,102.841,29.873
mp-aaacdoks,Hf3C,114.527,16.594
mp-aaacdokt,Nd3Pd,44.412,-1.776
mp-aaacdoku,LiLa3,30.515,10.268
mp-aaacdokv,Nd2Mg,36.226,18.853
mp-aaacdokw,LiLuHg2,54.534,16.026
mp-aaacdorc,HoTh3,52.284,33.704
mp-aaacdork,LiLu2Ga,56.068,37.55
mp-aaacdorm,LiHf2Ir,142.948,57.973
mp-aaacdoro,LiHf2Tc,127.886,38.137
mp-aaacdowj,Hf3Au,122.505,10.695
mp-aaacdowl,PrBiO3,114.926,23.371
mp-aaacdoxc,LiEr2Tl,50.836,28.817
mp-aaacdoxj,Nd3Zr,41.816,20.853
mp-aaacdoya,NaMg3,27.664,5.894
mp-aaacdoye,NiAg3,127.322,28.17
mp-aaacdoyg,NiGe3,86.001,21.624
mp-aaacdoyh,NaMgO3,67.537,10.716
mp-aaacdoyq,NiAu3,144.369,20.114
mp-aaacdoyz,LiEr2Ga,54.254,36.081
mp-aaacdozf,Ni3Bi,136.809,40.924
mp-aaacdozm,NiAu3,131.736,26.657
mp-aaacdozy,Ni3Au,173.428,60.99
mp-aaacdpas,Ni3Au,173.553,46.299
mp-aaacdpax,Li2Mg,20.847,15.238
mp-aaacdpbb,Ni3Sb,164.639,57.89
mp-aaacdpbk,NaMg3,24.546,8.351
mp-aaacdpbr,NaTm3,33.868,20.509
mp-aaacdpby,NaNi3,96.01,36.546
mp-aaacdpcm,PrBiPd2,88.095,11.465
mp-aaacdpcv,Ni3Sb,161.359,56.636
mp-aaacdpdz,NaReO3,211.053,96.474
mp-aaacdpet,NaRe3,236.918,94.173
mp-aaacdpfs,NaPdO3,104.533,38.431
mp-aaacdpfv,NaPd3,97.437,36.663
mp-aaacdpga,MgPd5,140.811,37.371
mp-aaacdpgg,Li2Mg,21.725,-1.706
mp-aaacdphj,H3PbCI3NF3,9.507,5.147
mp-aaacdphk,H6PbCBr3N,13.813,5.918
mp-aaacdphl,H6PbCI3N,10.549,4.636
mp-aaacdpjd,NpAs3,99.455,30.199
mp-aaacdpjf,MgPd5,140.05,44.646
mp-aaacdpji,Na3Ca,9.908,2.301
mp-aaacdple,NaSnPd2,80.165,24.056
mp-aaacdplh,MgPdAu2,113.186,-5.241
mp-aaacdpll,NaTeO3,137.484,78.761
mp-aaacdplr,NaTiO3,138.443,68.649
mp-aaacdplu,Li3Ag,26.62,7.681
mp-aaacdplw,NaRu3,172.715,41.644
mp-aaacdpmg,NaTc3,186.78,62.388
mp-aaacdpmi,NaTa3,132.843,16.731
mp-aaacdpml,LaDyRu2,101.916,33.847
mp-aaacdpnh,Li3Co,39.728,-4.58
mp-aaacdpns,NaTcO3,190.453,92.535
mp-aaacdpnx,NaMo3,165.314,14.462
mp-aaacdpny,NaNb3,116.717,176.789
mp-aaacdpod,La2MgTl,40.649,16.716
mp-aaacdpof,Na3Bi,19.11,9.212
mp-aaacdpoq,Na3C,22.193,4.584
mp-aaacdpox,Li2Mg,20.429,3.332
mp-aaacdppi,Li2Mg,21.078,7.239
mp-aaacdppo,PrAs3,75.341,20.306
mp-aaacdppu,Li3Tc,37.523,15.88
mp-aaacdpqd,Li3Th,26.408,5.399
mp-aaacdprc,Pm2Mg,36.536,16.61
mp-aaacdprl,MgRh5,198.411,87.191
mp-aaacdprv,MgRe3,261.655,99.376
mp-aaacdpry,Li3Sm,21.078,0.8260000000000001
mp-aaacdpsw,OsAu3,183.641,15.146
mp-aaacdpum,ThMgZn2,67.816,23.653
mp-aaacdpun,Ta2ReMo,256.583,110.354
mp-aaacdpuo,HoTaOs2,210.79,91.004
mp-aaacdpuq,ZnGaIr2,216.901,92.854
mp-aaacdpus,Ho2AgIr,101.795,33.565
mp-aaacdpuw,ZnGaRh2,177.634,83.13
mp-aaacdpux,Ta2TcMo,242.63,102.984
mp-aaacdpvb,CdInRh2,144.382,59.398
mp-aaacdpvd,HoMgHg2,62.805,26.252
mp-aaacdpvg,Pm2SnHg,58.633,19.612
mp-aaacdpvi,LiLuPd2,84.798,0.971
mp-aaacdpvj,HoBr3,3.636,2.449
mp-aaacdpvk,TbCdAu2,87.541,21.331
mp-aaacdpvo,LiMg2Pd,57.675,25.898
mp-aaacdpvq,Ta2VRu,227.823,82.513
mp-aaacdpvr,ZnPd2Au,142.517,-0.632
mp-aaacdpvs,ZnSiRh2,204.49,66.124
mp-aaacdpvt,NpH3,95.25,58.63
mp-aaacdpvy,Ta3Ru,225.21,86.954
mp-aaacdpvz,LiNd2Os,73.027,30.528
mp-aaacdpwa,Ho2MgIn,53.469,28.17
mp-aaacdpwe,TbMgRh2,113.246,45.839
mp-aaacdpwg,TbCdAg2,71.476,11.975
mp-aaacdpwh,LiMgPd2,84.673,40.498
mp-aaacdpwj,NbGaRu2,233.221,106.447
mp-aaacdpwl,Na3Tl,12.052,5.181
mp-aaacdpwm,Nd2AgIr,83.856,20.958
mp-aaacdpwp,Hf2ReRh,197.44,92.43
mp-aaacdpwq,NbTlO3,176.002,93.616
mp-aaacdpwx,HoCdAu2,89.835,22.834
mp-aaacdpwy,Er2AgIr,103.391,34.938
mp-aaacdpxa,LiMgAu2,68.967,18.185
mp-aaacdpxd,TbGaRh2,132.553,44.279
mp-aaacdpxg,Yb2ZnPb,-100838.684,-54020.802
mp-aaacdpxh,Ta2CrRu,243.884,104.198
mp-aaacdpxj,Zn2PtRh,174.554,67.06
mp-aaacdpxk,YbAl2Cu,68.224,42.706
mp-aaacdpxm,MgNbRu2,188.842,81.355
mp-aaacdpxq,Nb3Ru,208.891,88.985
mp-aaacdpxr,ZrAlRh2,179.07,249.566
mp-aaacdpxs,ZrAlRu2,188.517,75.849
mp-aaacdpxu,MgInRh2,136.968,68.715
mp-aaacdpxv,Ce2ZnPb,35.63,16.368
mp-aaacdpxw,LiTiPt2,148.971,47.643
mp-aaacdpxy,Yb2ZnGa,37.583,26.477
mp-aaacdpxz,ZrGeRu2,205.066,90.314
mp-aaacdpya,PaAgAu2,121.198,16.372
mp-aaacdpyb,Nd2ZnIr,80.699,26.458
mp-aaacdpyl,PaAgO3,140.937,44.187
mp-aaacdpys,ZrCdAu2,121.203,33.045
mp-aaacdpyt,MgMnRh2,136.68,56.653
mp-aaacdqbm,ZrNbTc2,203.512,77.459
mp-aaacdqbp,ZrCdRh2,161.156,52.302
mp-aaacdqbt,Hf2TcOs,206.099,92.747
mp-aaacdqbu,LiTbTl2,42.072,17.115
mp-aaacdqbx,ZrTc2W,238.342,113.467
mp-aaacdqby,Pm2ZnGa,56.628,28.549
mp-aaacdqbz,MgZnRh2,140.599,62.854
mp-aaacdqcb,Zr2OsRu,196.255,91.155
mp-aaacdqcc,ZrScOs2,188.108,91.242
mp-aaacdqce,Be3Tc,175.35,-87.597
mp-aaacdqcf,Yb2PtAu,63.365,20.657
mp-aaacdqcg,MgScAg2,72.567,28.927
mp-aaacdqch,MgNbRh2,175.381,-12.875
mp-aaacdqcl,Dy2MgGe2,73.819,55.444
mp-aaacdqcn,LiTaIr2,222.448,100.908
mp-aaacdqco,NdCdAu2,79.109,0.078
mp-aaacdqcp,LiNbIr2,209.556,85.649
mp-aaacdqcr,NdBiAu2,78.758,9.338
mp-aaacdqcs,MgScPd2,101.961,30.299
mp-aaacdqcu,ZrSnPd2,142.057,14.39
mp-aaacdqcw,LiPr2Os,70.817,28.583
mp-aaacdqcx,MgRh2Pb,130.825,-19.141
mp-aaacdqcy,Hf2MnRh,175.266,73.696
mp-aaacdqcz,HfH3,141.255,84.832
mp-aaacdqde,Zr2TcPd,159.375,52.852
mp-aaacdqdg,MgSc2Al,64.52,43.212
mp-aaacdqdi,ZrZnRh2,172.759,59.624
mp-aaacdqdj,LiNpIr2,183.332,197.522
mp-aaacdqdl,Zr3Tl,96.017,46.953
mp-aaacdqdp,Tm2TlCd,60.245,24.389
mp-aaacdqth,ZnMo3,217.767,57.605
mp-aaacdqtt,HgOs,188.781,64.102
mp-aaacdqus,Rb3Sm,5.436,1.738
mp-aaacdqwp,Pr2ZnAg,52.345,20.487
mp-aaacdqwr,Pr2TlAg,52.072,15.917
mp-aaacdqwu,PrLu3,41.583,26.103
mp-aaacdqwv,Pr2IrAu,89.437,21.893
mp-aaacdqxb,Pr2CdPb,50.071,18.011
mp-aaacdqxg,Pr2InAg,51.212,15.684
mp-aaacdrdg,Mg2TlPb,35.144,4.9350000000000005
mp-aaacdrdl,MnBe2Co,172.297,95.017
mp-aaacdrdo,MgW3,151.681,34.379
mp-aaacdrdp,Mg2ZnPd,72.28,25.948
mp-aaacdrdr,Mg2ZnRh,84.27,29.257
mp-aaacdrds,MgZn,50.041,4.313
mp-aaacdrdt,MgZn2,-11105.186,-6661.016
mp-aaacdrdu,MgZr3,80.271,37.943
mp-aaacdrdv,Mg3Al,44.909,-0.105
mp-aaacdrdw,Mg3Br,26.088,11.401
mp-aaacdrdx,Mg3Cd,37.897,13.932
mp-aaacdrdy,MgCd,42.072,13.131
mp-aaacdrdz,MgB7,183.359,183.073
mp-aaacdrea,Mg3Co,59.866,25.887
mp-aaacdreb,Mg3Cr,44.069,22.719
mp-aaacdrec,Na(BH)6,11.036,6.038
mp-aaacdree,Mg3Ga,40.626,19.659
mp-aaacdref,Mg3Ga,41.632,12.543
mp-aaacdreg,Mg3Hg,40.931,13.677
mp-aaacdreh,Mg3In,38.832,20.553
mp-aaacdrej,Mg3Mn,46.208,28.117
mp-aaacdrek,Mg3Mn,44.054,20.217
mp-aaacdrel,Mg3Mo,72.683,52.21
mp-aaacdreo,Mg3Os,85.241,31.04
mp-aaacdrep,Mg3Pa,48.729,32.735
mp-aaacdrer,Mg3Pb,36.348,18.965
mp-aaacdres,Mg3Sn,41.535,20.038
mp-aaacdrfb,Mg3Re,80.582,30.25
mp-aaacdrfc,Mg3Ta,69.102,42.454
mp-aaacdrmf,SiPbO3,199.931,116.389
mp-aaacdrmg,SiPdO3,232.071,87.065
mp-aaacdrmj,SiSnO3,203.42,116.859
mp-aaacdrml,SiB,125.931,467.03
mp-aaacdrmm,SiB4,129.631,90.777
mp-aaacdrmn,Si3H,99.012,-30.69
mp-aaacdrmo,Sc3Al,64.254,43.099
mp-aaacdrmp,SiAs3,71.607,-4.995
mp-aaacdrmq,Si2TcOs,264.313,95.512
mp-aaacdrmr,Si3Se,70.402,-23.964
mp-aaacdrms,SmAs3,77.887,17.374
mp-aaacdrmu,SmGaO3,182.901,103.136
mp-aaacdrmx,SmTh3,52.79,34.028
mp-aaacdrmz,Si3Ru,153.635,36.773
mp-aaacdrnd,SmErMg2,40.708,21.424
mp-aaacdrne,SmTm3,41.344,25.23
mp-aaacdrnf,SmYAl2,61.458,35.85
mp-aaacdrni,Sm2Ag2O5,122.702,-11.306
mp-aaacdrnj,Sm2AlCd,56.287,28.563
mp-aaacdrnn,Sc2ZnCu,81.396,42.953
mp-aaacdrno,Si3Ag,84.687,20.54
mp-aaacdrnp,Si3Mo,122.507,22.707
mp-aaacdrnr,SmDyTl2,54.144,16.825
mp-aaacdrnt,SmTmHg2,63.549,22.229
mp-aaacdrnx,SiHg3,44.605,-4.6129999999999995
mp-aaacdrny,SiGe,73.122,55.607
mp-aaacdrob,SmHoZn2,57.325,27.18
mp-aaacdrog,SmErIn2,55.814,20.911
mp-aaacdroh,SmErTl2,52.76,14.781
mp-aaacdroj,Sm2AgHg,59.622,18.699
mp-aaacdrok,Sc3Sb,66.598,39.34
mp-aaacdrol,SmLuIn2,56.065,20.047
mp-aaacdron,SmLuZn2,59.305,29.737
mp-aaacdroq,SiRh3,238.173,104.483
mp-aaacdros,SmRe3,218.927,75.823
mp-aaacdrot,Sm2CdIr,83.241,23.106
mp-aaacdrov,SmDyHg2,61.688,18.658
mp-aaacdrpb,SmHoIn2,56.394,21.466
mp-aaacdrpc,SmYTl2,53.46,17.948
mp-aaacdrpg,Si3MoPt2,193.812,94.134
mp-aaacdrqi,Sm2Au2O5,134.376,53.305
mp-aaacdrrk,Sm2MgIr,75.698,18.839
mp-aaacdrrl,Sm2MgTl,46.667,21.479
mp-aaacdrya,SmDyIn2,56.106,22.203
mp-aaacdryb,Sm3Hf,47.667,28.35
mp-aaacdryc,Sm3I,32.856,7.791
mp-aaacdryl,Sm2TlHg,57.031,20.78
mp-aaacdrym,Sm2ZnGa,58.628,30.881
mp-aaacdryt,Sm2TlZn,55.425,22.421
mp-aaacdrzb,SmY3,39.02,22.803
mp-aaacdrzc,Sm2RuAu,93.022,29.788
mp-aaacdrzk,Sm3Pd,47.59,3.231
mp-aaacdrzl,SmYIn2,55.99,22.726
mp-aaacdrzy,SnI2,20.719,6.9190000000000005
mp-aaacdsad,SrAsO3,144.779,86.516
mp-aaacdsaf,Sr(GeIr)2,90.062,63.466
mp-aaacdsah,Sn3B,44.748,-14.543
mp-aaacdsai,SrH3,45.849,29.168
mp-aaacdsbh,SnAs3,67.234,-32.013
mp-aaacdsbl,SnTe3,49.767,-159.993
mp-aaacdsch,TbTlAg2,68.02,20.09
mp-aaacdscl,TbYHg2,64.962,27.122
mp-aaacdscr,Sn3B,53.468,-22.886
mp-aaacdscs,TbZr,59.661,32.407
mp-aaacdsda,SmGeO3,145.68,69.014
mp-aaacdsdd,SrAcZn2,34.157,22.956
mp-aaacdsdy,Sm2ZnIn,55.434,26.257
mp-aaacdsea,SnPbO3,146.405,80.046
mp-aaacdseb,SrAcTl2,33.088,16.505
mp-aaacdsem,Th3Mg,52.8,28.975
mp-aaacdser,TlAu3,86.313,9.318
mp-aaacdsev,Sm2ZnHg,56.78,20.46
mp-aaacdsex,TbYTl2,54.245,16.993
mp-aaacdsey,Ti6Al16Pt7,131.544,38.65
mp-aaacdsfi,Sr(GePd)2,76.495,31.552
mp-aaacdsfj,SrGe3Pd,70.823,26.34
mp-aaacdsfk,TbTmHg2,68.08,27.068
mp-aaacdsfp,Th3S,58.463,21.612
mp-aaacdsfr,TmMnRh2,135.403,49.453
mp-aaacdsgf,Th3Be,62.166,29.253
mp-aaacdsgh,TmZr,67.086,40.177
mp-aaacdsgj,SmGe3,65.983,17.126
mp-aaacdsgk,SrAc3,20.33,12.317
mp-aaacdsgw,SmTm3,41.991,26.898
mp-aaacdshi,Th3O,27.429,-163.985
mp-aaacdshj,Th3Au,72.964,15.655
mp-aaacdsho,Tm2CuAu,86.553,40.594
mp-aaacdsib,Sm2ZnAg,57.911,22.245
mp-aaacdsir,TmMg2Sc,46.104,24.536
mp-aaacdsis,TmO3,158.954,14.701
mp-aaacdskh,Ti2Ag,115.12,38.471
mp-aaacdsmq,Tm2AgHg,71.509,28.734
mp-aaacdsow,Sm3Y,35.996,20.299
mp-aaacdspu,Tm2CdHg,65.115,28.297
mp-aaacdspz,ThMg3,46.981,20.296
mp-aaacdsqb,Ta2CN3,237.169,61.097
mp-aaacdsqd,Ta2FeMo,231.554,107.068
mp-aaacdsqf,Tl3Cd,27.4,6.46
mp-aaacdsqg,Tb2AgIr,96.964,31.058
mp-aaacdsqi,TePdO3,120.533,-4.927
mp-aaacdsqx,TbLuHg2,67.917,26.88
mp-aaacdsqz,TaW3,275.924,121.472
mp-aaacdsrd,Sm3I,32.87,4.8629999999999995
mp-aaacdsre,SrAgO3,110.647,45.527
mp-aaacdssx,Sm3Cd,41.081,20.619
mp-aaacdsvt,W3C,261.699,161.716
mp-aaacdsvx,DyYCd2,56.229,24.488
mp-aaacdsvz,Dy3Y,40.892,25.48
mp-aaacdswb,YErZn2,61.225,31.495
mp-aaacdswc,YGaAu2,85.925,3.029
mp-aaacdswd,YGa3,69.461,42.645
mp-aaacdswe,YErIn2,57.035,21.058
mp-aaacdswf,YHoAg2,68.344,34.495
mp-aaacdswh,YHoZn2,60.525,30.364
mp-aaacdswj,YHoCd2,57.371,26.801
mp-aaacdswk,YLuTl2,55.052,16.293
mp-aaacdswl,YLuZn2,62.844,35.072
mp-aaacdswo,DyYTl2,54.087,16.268
mp-aaacdswp,YMg2Sc,44.842,25.076
mp-aaacdswq,YOsO3,202.703,-105.222
mp-aaacdsxn,Sm5Mg,35.469,16.772
mp-aaacdsxt,SmCd3,54.374,20.865
mp-aaacdtdm,Sm3Er,36.589,20.829
mp-aaacdthg,DyYZn2,59.82,29.032
mp-aaacdthj,YHoAl2,65.616,36.683
mp-aaacdtit,TaTiFe2,211.21,80.366
mp-aaacdtol,Sm3Ho,36.414,20.498
mp-aaacdtow,VCuRh2,218.716,37.09
mp-aaacdtpj,SmMn3,72.777,29.185
mp-aaacdtpr,YNbRu2,169.646,62.863
mp-aaacdtpt,Tm3Si,59.796,24.042
mp-aaacdtpu,YErHg2,63.799,28.694
mp-aaacdtpv,RbYb3,10.064,5.601
mp-aaacdtpw,RbYb3,9.676,5.944
mp-aaacdtpx,Yb3Ru,39.52,8.177
mp-aaacdtpy,Yb3Tc,31.688,15.305
mp-aaacdtqa,Yb3Zr,25.447,16.111
mp-aaacdtqf,Yb3V,20.968,14.683
mp-aaacdtqk,AcYbMg2,27.943,16.494
mp-aaacdtql,Yb3U,-179.252,10.13
mp-aaacdtqp,Yb3Mn,19.156,10.761
mp-aaacdtqq,Yb3Mg,18.16,9.45
mp-aaacdtqv,Yb2AgHg,38.785,18.393
mp-aaacdtqw,AcYbCd2,36.361,18.723
mp-aaacdtqx,Yb3Ti,20.615,14.63
mp-aaacdtqz,YbSmPt2,93.151,35.89
mp-aaacdtrb,Yb2GaHg,39.597,23.271
mp-aaacdtrc,Yb2CdHg,34.65,17.672
mp-aaacdtrs,YbP3,77.34,35.155
mp-aaacdtrv,YbThPt2,106.657,30.747
mp-aaacdtrx,Yb2AgPd,47.651,18.544
mp-aaacdtsj,YbPr3,28.124,14.306
mp-aaacdtsm,SmGa2Co,93.932,39.1
mp-aaacfxzc,SrCdO2,97.832,53.705
mp-aaacfxzd,AgRhO2,141.419,37.018
mp-aaacfxzk,MgSe,44.971,16.917
mp-aaacfxzm,UBi,75.465,21.893
mp-aaacfxzs,LaNiC2,135.707,77.026
mp-aaacfxzu,CrC,336.54,249.439
mp-aaacfxzv,KTiS2,51.441,33.931
mp-aaacfxzx,InCu,68.624,19.561
mp-aaacfxzy,HfPt3,231.325,112.224
mp-aaacfyab,HfBe,116.852,67.239
mp-aaacfyad,GaSb,44.722,29.749
mp-aaacfyae,GaCo2Ni,177.04,60.729
mp-aaacfyaf,FeH3,207.518,138.143
mp-aaacfyag,FeSnRh2,177.299,68.595
mp-aaacfyah,ErH3,102.113,10.755
mp-aaacfyak,CrSnRh2,167.812,69.419
mp-aaacfyal,CrFe3,178.768,77.935
mp-aaacfyam,CrFe2Si,227.075,-57.475
mp-aaacfyap,MnFe2Ge,213.562,17.647
mp-aaacfyaq,KTiS2,51.499,33.145
mp-aaacfyas,GaFeNi2,167.75,27.984
mp-aaacfyax,CrGaP2,79.184,20.698
mp-aaacfyay,CrCo2Bi,137.255,56.721
mp-aaacfyba,CrCo2Sb,173.777,82.553
mp-aaacfybb,CrCdTe2,38.574,8.827
mp-aaacfybd,CoSnRh2,185.482,68.25
mp-aaacfybg,C,255.04,-142.472
mp-aaacfybh,CaZnSe2,41.321,7.128
mp-aaacfybo,Ba2NF,45.001,21.239
mp-aaacfybp,BaCaO2,80.465,47.51
mp-aaacfybq,Ba2BrN,37.437,16.787
mp-aaacfybs,AlSb,49.329,28.721
mp-aaacfybu,ZrPd2,145.885,40.853
mp-aaacfybv,ZrAu2,140.699,23.112
mp-aaacfybw,Zr2Cd,78.996,32.238
mp-aaacfybz,ZrTe2,13.477,13.397
mp-aaacfyce,YSb2,46.26,1.393
mp-aaacfych,PbS,25.09,7.599
mp-aaacfycl,VCoSn,105.185,-62.874
mp-aaacfycn,TiPd2,160.261,99.939
mp-aaacfyco,Tm,43.971,28.525
mp-aaacfycp,TiAu2,147.433,25.114
mp-aaacfycq,Ti2Rh,162.15,84.389
mp-aaacfycs,GaBi,36.141,20.084
mp-aaacfycu,ScAg2,88.836,36.624
mp-aaacfycw,PaC2,185.112,-25.448
mp-aaacfycy,AlBi,38.773,21.569
mp-aaacfycz,LiHPd,82.256,38.705
mp-aaacfyda,Li,13.804,4.151
mp-aaacfydb,LiCdAs,46.596,29.67
mp-aaacfydc,LaBiPt,78.997,33.23
mp-aaacfyde,VI2,9.164,5.8
mp-aaacfydf,HoNiBi,81.591,50.118
mp-aaacfydg,MgNi,88.25,39.279
mp-aaacfydi,NbN,223.571,24.551
mp-aaacfydk,LaH3,82.577,27.554
mp-aaacfydl,MnSn,63.729,-1.488
mp-aaacfydo,ScAu2,117.569,46.472
mp-aaacfydp,ScCu2,101.63,42.846
mp-aaacfydq,NbTe2,21.331,15.431
mp-aaacfydr,NbPd2,194.599,76.958
mp-aaacfydt,HfAu2,152.12,13.529
mp-aaacfydu,Hf2Hg,111.5,44.974
mp-aaacfydx,CrN,215.484,80.193
mp-aaacfyeb,CrNiSb,104.241,46.545
mp-aaacfyee,PtC,213.851,22.598
mp-aaacfyef,PtC,259.237,15.884
mp-aaacfyeg,AlTc2,224.534,119.613
mp-aaacfyet,AlAu2,127.617,25.387
mp-aaacfyvz,ScBPt3,187.164,0.718
mp-aaacfywa,ScPt3C,197.069,-19.081
mp-aaacfywb,YPd3C,153.404,20.546
mp-aaacfywf,LaBPt3,155.423,-148.566
mp-aaacfywh,ScPd3C,166.014,27.529
mp-aaacfywi,SnPd3C,153.925,31.093
mp-aaacfywl,TiSnO3,175.285,85.64
mp-aaacfywn,Tm3AlN,96.02,72.828
mp-aaacfywp,YBPd3,142.867,20.681
mp-aaacfywq,YBPt3,173.83,0.424
mp-aaacfywr,YPt3C,182.457,-31.646
mp-aaacfywt,YbNiH3,99.841,61.016
mp-aaacfywv,BC5,376.878,331.922
mp-aaacfywy,KCdSb,21.748,8.899000000000001
mp-aaacfywz,BaMgPb,17.731,-25.956
mp-aaacfyxc,Ca2H3Br,41.258,25.652
mp-aaacfyxd,CaBiAu,49.307,21.614
mp-aaacfyxf,CeO2,149.642,91.323
mp-aaacfyxk,CeO2,128.806,47.443
mp-aaacfyxs,CoAs2,124.542,87.289
mp-aaacfyxu,DyAlZn,70.298,47.339
mp-aaacfyxz,DyTe2,58.827,22.777
mp-aaacfyyd,DySe2,77.099,40.405
mp-aaacfyye,Er2Mg3Ru,49.451,31.234
mp-aaacfyyf,ErCuSn,76.553,45.507
mp-aaacfyyj,ErZnIn,65.841,40.822
mp-aaacfyyk,ErZnGa,75.136,53.824
mp-aaacfyym,ErTe2,59.579,21.657
mp-aaacfyyo,ErZnGa,75.872,59.377
mp-aaacfyyt,EuZnGe,46.265,37.428
mp-aaacfyyw,EuZnGe,42.42,27.809
mp-aaacfyyx,EuZnGe,49.74,6.449
mp-aaacfyzd,Hf2GaSb3,93.197,62.432
mp-aaacfyzg,HfGa4Co,94.047,54.445
mp-aaacfyzi,HfGaCu,125.165,70.481
mp-aaacfyzl,HfSb2,87.513,34.866
mp-aaacfyzm,HfTa2N3,271.821,91.152
mp-aaacfyzo,HfVSi,160.956,60.257
mp-aaacfyzp,HfO2,185.839,49.71
mp-aaacfyzr,HoCo3Cu2,135.084,60.344
mp-aaacfyzs,HoCuSn,76.985,46.616
mp-aaacfyzt,HoFeSi,101.221,58.103
mp-aaacfyzu,HfVGe,156.878,76.649
mp-aaacfyzw,HoSe2,77.657,40.426
mp-aaacfzaa,HoTe2,59.177,22.227
mp-aaacfzac,IrN,304.326,73.461
mp-aaacfzal,LaNi3Rh2,109.911,51.436
mp-aaacfzan,LaSbPd,78.626,30.133
mp-aaacfzat,LaS2,79.438,41.711
mp-aaacfzau,LaTeCl,55.059,26.822
mp-aaacfzbg,Li3HoSb2,44.465,33.579
mp-aaacfzbm,Li3PrBi2,37.325,27.09
mp-aaacfzbw,Li3SmBi2,38.262,28.031
mp-aaacfzbz,LiBeB,69.944,802.383
mp-aaacfzcc,LiMnSb,30.709,14.417
mp-aaacfzck,Mg2Ge,48.583,15.766
mp-aaacfzco,MgCuGe,61.964,-23.133
mp-aaacfzct,MnCoSb,86.94,36.492
mp-aaacfzcu,MnS2,126.738,110.749
mp-aaacfzcz,MoS2,27.047,17.899
mp-aaacfzda,Na2Cl,14.689,-5.163
mp-aaacfzde,NdSbTe,58.382,24.695
mp-aaacfzdi,NdTeCl,58.83,28.775
mp-aaacfzds,NpSeO,104.067,116.903
mp-aaacfzen,OsN,353.873,130.572
mp-aaacfzeo,OsC2,361.737,206.455
mp-aaacfzep,OsN2,311.159,11.242
mp-aaacfzgh,PrFeSi,77.229,44.381
mp-aaacfzgo,PrSbPt,86.816,35.836
mp-aaacfzhw,PrSbTe,57.378,21.419
mp-aaacfzia,PrSe2,69.96,36.5
mp-aaacfzib,PrTeCl,57.809,28.206
mp-aaacfzii,Re2N,387.147,182.404
mp-aaacfzij,RbMnBi,15.6,9.919
mp-aaacfzmi,ReN,366.211,175.334
mp-aaacfzmk,ReC2,348.768,194.625
mp-aaacfzml,ReN2,384.053,265.328
mp-aaacfznq,CN2,84.186,92.215
mp-aaacfznr,CaSnHg,38.053,15.505
mp-aaacfznt,KMgAs,27.165,18.243
mp-aaacfzob,SiC2,165.345,58.095
mp-aaacfzoe,SmFeSi,84.808,49.211
mp-aaacfzoj,KMgBi,19.85,12.079
mp-aaacfzom,SmCoSi,104.084,55.758
mp-aaacfzon,SmGeRu,89.845,45.174
mp-aaacfzpq,SmSbTe,59.933,29.721
mp-aaacfzud,SmTlCd,52.82,28.712
mp-aaacfzuh,SrSnHg,36.162,21.448
mp-aaacfzuk,Ta2N3O,240.219,77.09
mp-aaacfzuo,SmTe2,56.908,24.397
mp-aaacfzuu,TaN2,288.589,150.555
mp-aaacfzuz,SrHgPb,32.261,18.165
mp-aaacfzvb,SrZnSn,37.518,27.358
mp-aaacfzvc,SrZnPb,32.355,24.914
mp-aaacfzwn,TcB2,309.759,240.891
mp-aaacfzwp,TcN,322.518,156.601
mp-aaacfzwu,TbTe2,58.632,23.413
mp-aaacfzyb,ThAsSe,86.821,41.691
mp-aaacfzyc,ThAsS,97.846,52.831
mp-aaacfzyd,ThSbSe,78.808,39.448
mp-aaacfzye,ThPSe,89.668,41.079
mp-aaacfzyf,ThSbTe,69.097,31.492
mp-aaacfzyg,ThBiTe,65.77,28.967
mp-aaacfzyy,Al3BN4,223.081,145.417
mp-aaacgadw,AlGa3N4,177.124,106.97
mp-aaacgadx,B2S2O9,32.078,30.371
mp-aaacgafd,BaCa3O4,90.795,56.437
mp-aaacgafg,BaZrO3,147.064,90.422
mp-aaacgafm,BeGeN2,189.429,145.289
mp-aaacgafn,BaNa2Mg(PO4)2,82.728,46.497
mp-aaacgaga,Ca6Ge2O,41.392,37.095
mp-aaacgagj,CaAl2SiO6,126.05,71.871
mp-aaacgagu,CaAl2SiO6,125.948,71.471
mp-aaacgamu,GaB3N4,302.943,232.977
mp-aaacgamx,Ga3BN4,206.368,134.04
mp-aaacgaxf,Li14P2(N2O)3,83.023,68.471
mp-aaacgaxn,Li2PNO2,87.664,60.241
mp-aaacgazb,LiGe2N3,122.768,86.576
mp-aaacgbus,SrZrO3,142.374,89.039
mp-aaacgbxv,SiGeN2O,117.612,76.296
mp-aaacgcvr,LiC12,140.283,106.231
mp-aaacgcvv,KLiICl,15.287,8.606
mp-aaacgcvw,H4C,0.79,0.6990000000000001
mp-aaacgczn,KMg6Ti,48.731,21.953
mp-aaacgczo,KMg6Mo,39.445,21.388
mp-aaacgczv,CsNaICl,11.698,5.876
mp-aaacgdbq,SrMg6Ti,35.604,16.23
mp-aaacgdcb,IrO3,202.01,102.231
mp-aaacgdcl,Cu2Se,75.852,26.749
mp-aaacgdcp,SiO2,275.987,133.326
mp-aaacgddc,K2Sn,8.242,3.6390000000000002
mp-aaacgdiy,In3Sb,33.105,-0.12
mp-aaacgdiz,Ba2CuC(NO)2,68.126,11.095
mp-aaacgdjc,Sr2CuC(NO)2,76.475,35.049
mp-aaacgdje,NiCl,64.143,104.314
mp-aaacgdnf,Mg6VB,40.719,125.594
mp-aaacgdpw,KMg6V,27.035,15.503
mp-aaacgdxr,Mg6CoC,46.621,21.126
mp-aaacgeae,Mg6CuB,46.163,15.92
mp-aaacgedr,Mg6FeC,46.323,19.814
mp-aaacgeom,NaMg6Zr,35.637,18.822
mp-aaacgeqz,Mg6ZrC,41.717,18.43
mp-aaacgexl,AlCu,107.236,22.993
mp-aaacgexn,Ce2Cu(NO)2,145.569,60.588
mp-aaacgexo,CaC4,145.368,-129.69
mp-aaacgexp,Sn,46.107,15.269
mp-aaacgexq,Ba2CuH6,30.978,23.505
mp-aaacgexs,Cu3O2,112.469,36.808
mp-aaacgfaq,SrYMg6,31.352,16.441
mp-aaacgfmz,MgCuO2,126.208,71.609
mp-aaacgfnb,Ba4Cu3PbO9,97.683,44.106
mp-aaacgfnc,CuS,104.037,40.689
mp-aaacgfnd,KCuCl3,38.496,17.3
mp-aaacgfng,K2Cu(ClF)2,19.095,10.273
mp-aaacgfoj,CaMg6Mo,41.748,26.463
mp-aaacgfpp,CaMg6Nb,42.167,24.369
mp-aaacgfqe,CaMg6W,43.917,26.629
mp-aaacgfqj,CaMg6B,33.592,-5.63
mp-aaacgful,CaYMg6,34.78,13.092
mp-aaacgfuv,CaMg6Zr,38.262,20.459
mp-aaacgfwg,CaYMg6,33.841,18.212
mp-aaacggrs,MoS2,10.685,8.675
mp-aaacggsc,MoSe2,9.262,6.3629999999999995
mp-aaacggse,WSe2,9.224,7.663
mp-aaacggsh,MoS2,15.035,10.803
mp-aaacggxf,Na2ZnS2,30.666,14.149
mp-aaacggxj,SiPt2,205.034,28.066
mp-aaacgifi,HoCuSn,79.602,53.287
mp-aaacgifj,PrNiSb,88.333,35.539
mp-aaacgifl,TmInCu4,109.749,55.5
mp-aaacgifr,TbCo2B2C,171.359,66.442
mp-aaacgigl,ErInNi4,-8867885.836,-1330112.803
mp-aaacgigm,TbInPt4,161.456,57.587
mp-aaacgigp,HoCu4Ag,104.289,14.049
mp-aaacgigs,LuB2Ir3,251.607,120.981
mp-aaacgigt,ErCu2,86.857,24.491
mp-aaacgigv,DyB2Ir3,247.431,123.13
mp-aaacgigw,HoCu4Au,110.424,33.425
mp-aaacgihm,Be5Fe,146.818,119.851
mp-aaacgiht,NdSi2Ru3,177.35,74.395
mp-aaacgihx,YbMgCu4,79.591,28.588
mp-aaacgihy,HoInPt4,163.795,57.77
mp-aaacgiie,PrSiAg,79.699,25.792
mp-aaacgiig,ErPt5,189.776,76.477
mp-aaacgiiu,AlNi2,170.075,37.02
mp-aaacgiiv,TiGaPd,140.178,44.998
mp-aaacgijd,ThSiTe,1260344.36,-37078.522
mp-aaacgijg,ThSi2Ru3,193.609,95.922
mp-aaacgijr,ReGe2,157.22,96.466
mp-aaacgijt,PrSn2,53.735,30.622
mp-aaacgijv,YbB2Ir3,232.651,131.531
mp-aaacgijz,TbB2Ir3,246.928,123.894
mp-aaacgikb,TbSe2,76.389,40.268
mp-aaacgiku,ErZn2,70.145,42.435
mp-aaacgikx,TbGaI,11.861,9.65
mp-aaacgila,CeAl3Pt2,130.404,65.017
mp-aaacgild,LuAlGe,84.386,58.396
mp-aaacgill,DyInPt4,165.87,59.703
mp-aaacgilo,TmCu4Ag,109.243,27.214
mp-aaacgilv,UNi2B2C,242.745,91.914
mp-aaacgily,MgSi2,72.283,30.387
mp-aaacgilz,UB2Rh2C,216.199,53.324
mp-aaacgimg,HoCu4Pd,115.869,48.519
mp-aaacgimi,EuAl3Cu2,79.76,56.864
mp-aaacgimq,CeGaGe,66.669,-7.658
mp-aaacgimw,Cu2WSe4,30.602,11.26
mp-aaacgimx,Cr2NiSe4,63.633,36.52
mp-aaacgina,UTl2O4,42.627,11.277
mp-aaacginb,LuGa5Co,87.39,50.001
mp-aaacginc,NpB6,170.195,88.212
mp-aaacgine,K2PuO4,53.382,28.851
mp-aaacginh,InPPd5,154.477,53.791
mp-aaacginl,Zr(VGa2)2,131.585,88.202
mp-aaacginn,Hf(VGa2)2,133.265,85.459
mp-aaacgino,RuF6,771589.071,-399597.959
mp-aaacginq,Ti3B4,224.584,217.798
mp-aaacgins,Ho(TiGa2)2,96.685,60.465
mp-aaacgint,Ti(MoS2)2,104.193,65.901
mp-aaacginw,HfGa5Ni,90.233,32.425
mp-aaacginx,Rb2CuF4,35.076,15.978
mp-aaacgioa,Mn(CrSe2)2,48.783,29.443
mp-aaacgiob,Tm2Cr2C3,166.232,74.225
mp-aaacgioc,V2FeSe4,64.874,46.863
mp-aaacgiod,Ho2B4C,165.827,135.007
mp-aaacgiof,Cs2CaCl4,17.305,8.639
mp-aaacgioh,CdPPt5,197.567,60.385
mp-aaacgiok,Co2NiSe4,100.763,41.32
mp-aaacgiol,ScGa5Ni,84.543,43.307
mp-aaacgiom,Ta4C3,292.905,133.885
mp-aaacgion,HfGa5Co,103.655,52.044
mp-aaacgiou,Eu2TiO4,133.071,71.88
mp-aaacgiov,Rb2PdCl4,10.332,6.304
mp-aaacgiox,Ti2VSe4,67.424,46.399
mp-aaacgioz,Y2Re2Si2C,142.796,72.317
mp-aaacgipb,Ti(CrTe2)2,47.988,32.833
mp-aaacgipc,Cs2PuO4,36.666,19.028
mp-aaacgipg,InAsPt5,189.205,59.621
mp-aaacgiph,InPPt5,203.239,57.276
mp-aaacgipm,SiPt5Pb,179.035,56.588
mp-aaacgipn,Ti2VTe4,46.041,33.076
mp-aaacgipo,SiAgPt5,197.096,57.269
mp-aaacgipq,ZnPd5Se,136.71,46.262
mp-aaacgipr,Hf4Al3,116.342,87.932
mp-aaacgips,V(CrS2)2,92.785,58.933
mp-aaacgipt,ErGa5Co,86.188,52.911
mp-aaacgipx,TiGa5Co,108.798,50.857
mp-aaacgiqa,V2CrSe4,76.515,49.825
mp-aaacgiqe,Sc(TiGa2)2,96.87,66.519
mp-aaacgiqf,Ba2RuO4,96.473,52.327
mp-aaacgiqg,Tm(TiGa2)2,96.793,62.39
mp-aaacgiqj,ScGa5Fe,90.193,54.39
mp-aaacgiqk,ScGa5Co,93.026,50.935
mp-aaacgiqo,Er2B4C,167.373,137.312
mp-aaacgiqq,TlPd5Se,126.95,33.622
mp-aaacgiqu,Cs2MnCl4,17.789,7.682
mp-aaacgiqz,TmGa5Co,97.33,52.0
mp-aaacgira,ZnPPd5,157.545,54.705
mp-aaacgird,MgPPd5,144.919,57.259
mp-aaacgire,Sm2Fe2Si2C,110.881,72.64
mp-aaacgirf,Ti2NiS4,91.139,53.452
mp-aaacgirg,U2W2C3,181.898,94.657
mp-aaacgirh,Cs2CuF4,24.684,10.938
mp-aaacgiri,Tb2Cr2C3,156.439,66.367
mp-aaacgirj,Cs2CaBr4,13.971,6.614
mp-aaacgirm,GaPPt5,214.19,67.858
mp-aaacgirn,AlPPt5,218.902,74.715
mp-aaacgiro,ZnPPt5,209.307,73.003
mp-aaacgirp,Cs2YbH4,15.699,11.197
mp-aaacgirq,Cs2NpO4,34.259,21.565
mp-aaacgirs,Sm2AlNO3,177.684,110.244
mp-aaacgirt,Pr2AlNO3,171.663,102.849
mp-aaacgiru,V2CrTe4,53.889,29.918
mp-aaacgirw,Sr2Cu(OF)2,89.884,45.094
mp-aaacgirx,Ti2NiSe4,69.621,41.997
mp-aaacgiry,Ti(VTe2)2,53.833,136.526
mp-aaacgisb,Ce2Re2Si2C,114.211,59.756
mp-aaacgisc,Rb2ZnF4,37.238,17.944
mp-aaacgise,TbGa5Co,92.096,54.393
mp-aaacgish,Ti(NbSe2)2,82.772,49.134
mp-aaacgisj,InAsPd5,144.791,53.252
mp-aaacgism,SnPPd5,154.449,42.415
mp-aaacgisr,GaPPd5,163.164,59.659
mp-aaacgiss,HgPPd5,148.263,45.948
mp-aaacgisu,Zr(TiGa2)2,112.537,70.165
mp-aaacgisw,AlAsPt5,197.309,65.207
mp-aaacgisz,Pr(Re2Si)2,165.622,103.392
mp-aaacgitb,CdAsPt5,183.707,58.167
mp-aaacgitc,Mn(NbS2)2,21.11,9.018
mp-aaacgitd,TiGa5Ni,101.134,34.363
mp-aaacgitf,Mn(AlTe2)2,27.918,15.38
mp-aaacgitg,Ho2Fe2Si2C,132.603,82.417
mp-aaacgiti,Co(NiSe2)2,95.313,34.882
mp-aaacgitl,Rb2Cr(BrCl)2,19.075,7.49
mp-aaacgitm,V(CoSe2)2,76.389,53.225
mp-aaacgitn,Dy2Cr2C3,160.099,68.541
mp-aaacgito,SiSnPt5,201.214,71.228
mp-aaacgitp,NpGa5Co,100.231,72.274
mp-aaacgitt,TlSiPt5,186.651,54.754
mp-aaacgitv,In2AgSe4,21.185,6.531
mp-aaacgity,Cs2TmH4,14.059,10.2
mp-aaacgitz,Lu(TiGa2)2,98.232,62.927
mp-aaacgiuc,Tl2CuF4,36.339,9.03
mp-aaacgiud,Y2Fe2Si2C,124.98,81.239
mp-aaacgiue,Cu2WSe4,347382.73,-114159.321
mp-aaacgiuj,Ti2CrTe4,49.615,34.742
mp-aaacgiuk,GaAsPd5,152.092,58.097
mp-aaacgium,TlPPd5,145.845,47.971
mp-aaacgiun,Sr2ZrO4,117.107,66.772
mp-aaacgiuo,Nb2CoS4,22.211,63.614
mp-aaacgiup,Sr4Bi2O,37.73,25.111
mp-aaacgiur,TlAsPt5,180.729,48.286
mp-aaacgius,Er2Fe2Si2C,131.673,83.433
mp-aaacgiuu,ZnAsPt5,194.2,67.167
mp-aaacgiuv,Lu2Fe2Si2C,141.073,84.313
mp-aaacgiuw,Er(Al2Mo)2,134.393,84.07
mp-aaacgiuy,Na2Ti2As2O,59.913,26.878
mp-aaacgivc,Dy(TiGa2)2,95.067,59.557
mp-aaacgivd,Sc(VGa2)2,118.477,80.656
mp-aaacgive,SiSbPt5,189.634,-2.093
mp-aaacgivi,InSiPt5,198.864,66.434
mp-aaacgivk,Y2Cr2C3,155.926,68.605
mp-aaacgivl,TcF6,6.037,3.815
mp-aaacgivm,ReF6,5.079,-1.283
mp-aaacgivn,YGa5Co,85.957,53.183
mp-aaacgivp,Cd(AgI2)2,10.114,5.05
mp-aaacgivq,V2FeTe4,49.149,32.385
mp-aaacgivr,Tb2B4C,160.424,128.824
mp-aaacgivx,AgPPt5,200.192,52.542
mp-aaacgivy,HgPPt5,196.589,52.206
mp-aaacgiwc,LaSi2Ag,87.646,55.061
mp-aaacgiwf,TmSi2Ni,116.907,64.624
mp-aaacgiwi,NbTl3Se4,18.062,7.445
mp-aaacgiwj,GeRu,171.945,78.948
mp-aaacgiwu,TmCoSi2,123.961,57.852
mp-aaacgiwv,TmPt,110.101,36.535
mp-aaacgiwz,ThSi2Ni,132.143,76.034
mp-aaacgixb,CePd7,143.898,45.333
mp-aaacgixg,SmSi2Ni,101.226,68.458
mp-aaacgixh,SmO3,67.594,23.832
mp-aaacgixl,Co3H,215.784,117.284
mp-aaacgixr,SmPt,97.549,32.196
mp-aaacgixx,CeBi2SeO4,95.872,30.437
mp-aaacgiyb,Ta2AlC,195.615,126.196
mp-aaacgiyi,YPt,102.153,33.963
mp-aaacgiyj,TbInPt2,116.677,70.719
mp-aaacgiyn,SmSi2Rh,122.727,44.065
mp-aaacgiyp,LiNb2O,112.151,2.313
mp-aaacgiyq,CaZrF6,56.574,22.566
mp-aaacgiyr,HfAl5Ni2,126.648,84.924
mp-aaacgiyv,PrBrO2,60.485,24.082
mp-aaacgizh,Li2NdGe,43.547,27.258
mp-aaacgizm,TbAu3,101.371,26.739
mp-aaacgjaf,AlV2C,174.748,134.256
mp-aaacgjai,ZnCu2SnS4,63.497,28.999
mp-aaacgjal,Cr3Co,259.931,-164.244
mp-aaacgjam,TmGa2Ni,100.012,56.193
mp-aaacgjbg,Zr2TlC,115.186,77.68
mp-aaacgjbh,DyInPt2,118.146,1859.482
mp-aaacgjbi,LuAu3,112.13,35.878
mp-aaacgjcf,Tl3VSe4,19.502,7.414
mp-aaacgjcg,Ti2GaN,157.125,111.361
mp-aaacgjch,GaPt,167.158,51.944
mp-aaacgjci,LuGa2Ni,103.459,57.495
mp-aaacgjck,PrSi2Ag,91.203,56.773
mp-aaacgjcn,CoMoP2,212.426,119.819
mp-aaacgjcv,HoO3,71.744,29.665
mp-aaacgjdb,WS2,19.263,14.933
mp-aaacgjdf,Mo(WSe3)2,15.148,11.068
mp-aaacgjlv,MoSe2,13.904,9.713
mp-aaacgjos,MoS2,17.107,11.985
mp-aaacgmog,Mo2SeS3,18.749,8.256
mp-aaacgnti,WSe2,16.447,12.676
mp-aaacgogj,MoW3(SeS3)2,19.986,14.183
mp-aaacgoop,LiRuN,104.541,58.104
mp-aaacgoov,Zn2ReN3,132.827,19.372
mp-aaacgoow,Ca(ZnN)2,122.599,79.606
mp-aaacgopa,VZn2N3,152.958,60.484
mp-aaacgopf,CaZrN2,159.589,113.863
mp-aaacgoqf,CsVN2,105.401,43.204
mp-aaacgoqg,LiSn2N3,83.514,48.959
mp-aaacgoqv,Na2HfN2,33.135,21.646
mp-aaacgoqy,RbVN2,39.935,39.756
mp-aaacgoqz,NaRuN,94.744,35.617
mp-aaacgorc,Na2ZrN2,39.38,24.691
mp-aaacgorq,Hf2SeN2,159.176,81.861
mp-aaacgoru,Zn2SbN3,129.688,64.008
mp-aaacgorw,KZnN,36.495,12.387
mp-aaacgorx,Zr2SeN2,148.143,74.511
mp-aaacgory,LiV2N3,147.437,66.596
mp-aaacgosh,KPtN,66.018,33.563
mp-aaacgosj,Y4Se3N2,67.613,37.741
mp-aaacgosr,NaZnN,63.702,33.023
mp-aaacgost,CaHfN2,167.939,121.918
mp-aaacgotc,Mg2VN3,128.676,54.099
mp-aaacgoti,BaTiN2,144.299,90.866
mp-aaacgotj,BaCN2,46.455,4.322
mp-aaacgotm,Mg2SbN3,114.786,58.969
mp-aaacgott,Li2SnN2,112.952,85.985
mp-aaacgoud,LiCrN2,87.366,47.814
mp-aaacgoue,SrHfN2,114.728,44.495
mp-aaacgoul,RbGe2N3,129.861,83.772
mp-aaacgoum,KGe2N3,135.298,78.625
mp-aaacgoup,NaCrN2,87.392,88.233
mp-aaacgouq,Mg2NbN3,118.753,50.692
mp-aaacgovc,RbCoN,39.714,18.619
mp-aaacgove,NbZn2N3,138.984,52.641
mp-aaacgovg,LiTi2N3,134.345,71.603
mp-aaacgovy,Mg2TaN3,122.385,53.646
mp-aaacgowa,KCoN,43.832,33.031
mp-aaacgowc,CaGeN2,125.73,224.054
mp-aaacgowe,Li5OsN4,70.247,38.982
mp-aaacgown,Ba(CoN)2,94.162,35.797
mp-aaacgowo,Zn2CrN3,154.566,59.218
mp-aaacgoww,NaNiN,60.312,29.1
mp-aaacgowz,ZnSnN2,131.461,65.055
mp-aaacgoxe,Ca7SiN6,79.323,54.329
mp-aaacgoxj,Ca(InN)2,91.659,37.724
mp-aaacgoxu,Sr3B3N5,69.598,26.776
mp-aaacgoxv,CsCoN,24.172,11.342
mp-aaacgoyc,Li6CrN4,84.311,72.584
mp-aaacgoyk,CaSiN2,112.846,-0.803
mp-aaacgoyy,Mg2CrN3,124.288,51.678
mp-aaacgoza,Li7SbN4,75.104,62.895
mp-aaacgozj,Sr3ReN3,58.683,28.697
mp-aaacgozk,Ca2CoN2,74.548,47.916
mp-aaacgozo,MgZrN2,149.501,69.353
mp-aaacgozp,Ba3RuN3,44.581,24.266
mp-aaacgozu,Na6MoN4,54.672,37.513
mp-aaacgpao,Li3InN2,85.511,58.145
mp-aaacgpaz,Ba3GaN3,37.747,19.922
mp-aaacgpba,Na5OsN4,39.663,14.17
mp-aaacgpbg,Sr4ZrN4,71.003,28.485
mp-aaacgpbs,Li3YN2,80.904,44.751
mp-aaacgpbv,Na3OsN2,41.387,20.467
mp-aaacgpcf,Na2MnN2,44.14,22.139
mp-aaacgpck,Ca3CoN3,79.531,45.005
mp-aaacgpdh,CaSnN2,95.413,36.268
mp-aaacgpdo,Ba3OsN3,48.894,26.01
mp-aaacgpea,Y3Si6N11,141.881,94.254
mp-aaacgped,Sr3WN3,56.853,29.774
mp-aaacgpee,Na6WN4,53.691,38.074
mp-aaacgpeh,Ca3FeN3,71.871,46.556
mp-aaacgpei,Ca4ZrN4,86.996,41.251
mp-aaacgpfv,Cs2CN2,17.81,3.776
mp-aaacgpfy,MgTiN2,161.671,77.978
mp-aaacgpgh,NaVN2,46.808,10.582
mp-aaacgpgp,Ca3MoN3,52.788,22.998
mp-aaacgpgw,Li6IrN4,83.44,58.897
mp-aaacgpha,Ca4HfN4,88.682,42.246
mp-aaacgphd,Sr3Al3N5,104.031,52.829
mp-aaacgphh,Ca4VN4,88.844,45.204
mp-aaacgphj,Li6FeN4,76.66,69.192
mp-aaacgphl,Sr3IrN3,65.898,39.114
mp-aaacgphu,Sr3RuN3,61.376,34.671
mp-aaacgpia,K3BN2,29.455,12.232
mp-aaacgpih,ZnSiN2,102.342,-27.923000000000002
mp-aaacgpiu,Li2GeN2,83.069,43.636
mp-aaacgpix,ZnGeN2,148.878,74.731
mp-aaacgpja,Ca3W3N5,108.798,49.934
mp-aaacgpjc,Rb2CN2,25.925,11.927
mp-aaacgpjj,MgSnN2,119.793,61.364
mp-aaacgpjr,Sr4TiN4,72.97,33.654
mp-aaacgpks,Li6OsN4,84.062,64.411
mp-aaacgpky,Ca2NbN3,81.221,41.117
mp-aaacgpla,HfMgN2,157.33,75.632
mp-aaacgple,SrCrN2,92.015,32.947
mp-aaacgpmi,Sr5(SiN3)2,81.348,38.641
mp-aaacgpms,SrMnN2,92.183,30.4
mp-aaacgpnr,LiNbN2,110.992,59.002
mp-aaacgpoj,Ca3Al3N5,112.618,59.404
mp-aaacgpol,Sr2CrN3,88.705,46.392
mp-aaacgpou,LiVN2,80.75,46.341
mp-aaacgppf,Ca3GaN3,79.585,52.24
mp-aaacgqxf,Te2Mo3W(Se2S)2,16.34,11.578
mp-aaachcop,CeMg,35.967,36.589
mp-aaachcoy,Ca2Mg,19.546,5.786
mp-aaachcqp,MgCd,41.755,20.186
mp-aaachcsk,MgCd,42.487,10.818
mp-aaachcso,MgAl,20.499,-15.128
mp-aaachcsz,MgCd,40.104,51.088
mp-aaachcux,Ca3Zn,20.037,8.857
mp-aaachcwh,CaZn,26.262,9.932
mp-aaachcwi,MgAl3,65.112,27.355
mp-aaachcxa,MgAl,48.424,-16.528
mp-aaachcyb,CaMg,21.589,6.514
mp-aaachcym,MgCd,40.284,14.201
mp-aaachcyp,MgCd,40.188,8.885
mp-aaachdah,MgAl,48.143,7.203
mp-aaachdbr,Mg3Cd,38.741,13.855
mp-aaachdcj,Mg3Bi,40.241,12.544
mp-aaachdck,MgBi,38.471,-128.391
mp-aaachdcl,Mg3Bi,39.454,4.819
mp-aaachddq,SnBi,49.232,5.49
mp-aaachded,MgAl3,61.207,-3.025
mp-aaachdeh,CaZn,18.586,0.454
mp-aaachdei,MgCd,41.638,12.967
mp-aaachdez,MgAl,55.516,34.684
mp-aaachdff,CaZn,32.75,19.961
mp-aaachdfg,CaMg,25.36,14.975
mp-aaachdfm,MgBi,46.143,17.567
mp-aaachdhe,Mg3Bi,39.456,7.408
mp-aaachdho,Ca2Zn,22.911,6.963
mp-aaachdij,Ca3Zn,19.475,11.541
mp-aaachdjq,CaZn3,41.447,5.239
mp-aaachdku,Ca3Zn,20.668,2.458
mp-aaachdkv,Mg3Cd,38.235,12.876
mp-aaachdlh,MgBi,39.702,-1888.877
mp-aaachdns,CaMg,21.47,8.429
mp-aaachdoh,CaMg3,29.005,9.348
mp-aaachdoj,Ca5Mg,18.063,7.009
mp-aaachdqg,Mg5Cd,38.04,17.452
mp-aaachdqt,CaZn,26.729,6.686
mp-aaachdtc,Ce2Mg,30.802,-0.969
mp-aaachfdz,RbOsO3,197.673,104.983
mp-aaachgfy,CaTiS2,81.581,53.96
mp-aaachgoh,CaBi4O9,85.547,38.622
mp-aaachhos,TiS2,6.954,8.086
mp-aaachhpv,BiS2,1.7229999999999999,0.5760000000000001
mp-aaachhqt,BaYCuSbO5,78.076,35.946
mp-aaachnky,Ba2TlBi2O7,27.729,8.573
mp-aaachovw,Zn(AgO2)2,64.706,26.799
mp-aaachpav,Mg(CuO2)2,60.487,26.547
mp-aaachpbg,Zn(CuO2)2,63.223,33.875
mp-aaachpsj,Zn(CuO2)2,105.439,49.916
mp-aaachwgl,Mg2Cu,59.925,25.405
mp-aaacidma,IN,79.044,-96.391
mp-aaacidmu,CsI,9.862,5.449
mp-aaacieaw,CsH,8.987,6.816
mp-aaaciegr,RbS,12.355,-32.593
mp-aaacievi,O2,120.896,-786.682
mp-aaacifbn,IN,89.968,15.186
mp-aaacifid,NCl,29.74,10.827
mp-aaacifix,NaS,23.422,-11.402
mp-aaacigyq,Pr,32.605,13.525
mp-aaaciliy,CaO2,-171.337,-141.727
mp-aaacimmv,Li,13.65,5.187
mp-aaaciojo,NaN3,5.642,3.789
mp-aaaciouk,BiRh,111.998,38.731
mp-aaacipap,NaN3,88.221,50.804
mp-aaacipat,LaNi,67.304,14.716
mp-aaacipiz,S,10.987,3.458
mp-aaaciqas,MoN,350.498,216.621
mp-aaaciqqt,SnO,87.558,47.731
mp-aaaciuim,Ca(FeAs)2,56.912,25.387
mp-aaaciwgq,CaSi3Pt,103.918,47.82
mp-aaaciycv,NdSiNi4,167.643,62.88
mp-aaaciycx,TbSiNi4,151.371,72.048
mp-aaaciyzo,CeGaCo,87.707,41.614
mp-aaacizdd,YbBr2,28.836,9.471
mp-aaacjabt,FeSb2,65.924,24.115
mp-aaacjbcb,HoSn2,61.099,15.772
mp-aaacjbeg,TbSn2,60.169,38.323
mp-aaacjhja,TmSn2,61.628,37.017
mp-aaacjhoa,WN2,353.556,226.66
mp-aaacjhsr,TiH2,156.801,90.2
mp-aaacjigx,Zr,88.774,28.123
mp-aaacjiov,La2CuO4,124.285,58.378
mp-aaacjjan,H3CCl,3.07,18.317
mp-aaacjjbh,MnB4,273.514,242.51
mp-aaacjjcg,CrB4,274.936,261.781
mp-aaacjjgn,MoN,351.233,217.459
mp-aaacjjjk,MnGe,142.529,76.408
mp-aaacjjkr,YbGa2Ni,69.78,36.326
mp-aaacjjlu,GaPd,141.771,9.952
mp-aaacjjoq,TmAgTe2,42.537,21.354
mp-aaacjkeu,Ge,61.934,17.699
mp-aaacjkhi,UAlNi,181.635,135.997
mp-aaacjknf,Ho6MnTe2,55.737,32.789
mp-aaacjknu,Co2As,183.184,108.614
mp-aaacjkrk,B3Os2,338.097,195.212
mp-aaacjkuv,FeB4,262.93,188.133
mp-aaacjlcf,Mg(BC)2,145.308,118.054
mp-aaacjlcg,Ba2TaInO6,140.02,78.541
mp-aaacjlmm,Ca2H6Ru,56.915,41.307
mp-aaacjmqa,CrB,304.935,230.98
mp-aaacjwtd,U(FeB3)2,201.105,194.582
mp-aaackiml,ScFe2,34.513,13.115
mp-aaackiov,Ti3GeC2,173.577,124.059
mp-aaackipy,C,149.065,64.776
mp-aaackira,TbCo3,35.76,3.478
mp-aaackisd,Tm3(CuSn)4,85.104,48.429
mp-aaackivq,Fe2Mo,229.35,121.212
mp-aaackkmp,AlO2,121.5,76.989
mp-aaackqye,Zr5N5O2,222.105,117.091
mp-aaackrev,Tb2SeO2,84.414,27.253
mp-aaackryp,PbO2,92.315,35.417
mp-aaackryw,Ho3(CuSn)4,82.772,121.332
mp-aaackshq,DyNi3,130.886,52.85
mp-aaackslv,SmFe3,101.016,37.118
mp-aaackssl,PbO2,68.625,28.161
mp-aaacktbd,UReB4,276.868,213.715
mp-aaackthy,SmAsS,79.756,52.875
mp-aaackumd,Al2Si2O9,-8.141,0.793
mp-aaackupu,Ag(Mo3Se4)2,47.099,12.815
mp-aaackurx,Bi2Pd3Se2,50.704,11.3
mp-aaackuzj,Mg3Si2O9,4138340.245,-945973.311
mp-aaackvdw,NdGa6,60.633,45.953
mp-aaackvor,LuB12,213.636,195.974
mp-aaackwvr,Sr2YOsO6,138.817,66.968
mp-aaackxmx,Zn2SiO5,89.508,31.475
mp-aaackxna,Y3Co,-7558635.616,408363.95
mp-aaackxny,Cs3CoCl5,11.595,6.079
mp-aaackxqf,In2O3,156.673,65.355
mp-aaackxsj,Dy5Ge3,71.114,51.133
mp-aaackxtk,Pr5Si3,214659.673,-66717.161
mp-aaackxtl,NaNbO3,111.184,84.477
mp-aaackxua,Bi2O3,33.361,27.707
mp-aaackxwh,Sm(CoB)4,203.871,115.136
mp-aaackyhw,Y2Co17,-47.533,23.307
mp-aaackyie,Y3Co13B2,129842681.064,-7509982.58
mp-aaackyjk,Re7B3,362.159,142.666
mp-aaackyjo,MnB4,274.672,239.029
mp-aaackysa,Nd(FeB)4,216.78,121.151
mp-aaacltmd,Si,67.85,28.045
mp-aaacmgss,Ca2Mg5(SiO3)8,79.469,53.835
mp-aaacpdqk,NiS2,12.339,26.828
mp-aaacpdyp,MnAsRh,141.905,37.166
mp-aaacpdzj,MgF2,50.398,13.638
mp-aaacpggi,Ca(BH4)2,15.864,10.493
mp-aaacpgxn,BaO2,46.552,16.064
mp-aaacpjap,CrN,357.173,229.681
mp-aaacpkhu,Hg,7.877,3.948
mp-aaacpkij,Hg,11.457,2.516
mp-aaacpkpn,K,3.576,1.623
mp-aaacpkpt,Ir3Os,359.91,239.938
mp-aaacpkqd,Ir3Rh,323.477,198.555
mp-aaacpktr,K3Mo,6.71,2.555
mp-aaacplgz,Li2ZnSi,52.049,42.979
mp-aaacpmmc,Na3Au,18.941,6.198
mp-aaacpnse,Rb3Mg,4.215,1.491
mp-aaacpnub,Re,364.898,196.072
mp-aaacpnuc,Re3Ir,365.406,207.287
mp-aaacpnux,Re3Rh,328.997,175.246
mp-aaacppoz,CsP(HO2)2,21.448,10.388
mp-aaacpqbh,TiCu4,141.045,52.772
mp-aaacpqrt,Nb2N3,302.64,153.142
mp-aaacprkl,Zn2SiO5,91.797,31.336
mp-aaacprlm,La2Co7,340.64,37.755
mp-aaacprod,BeCN2,310.237,292.421
mp-aaacpsqo,YbBr2,29.786,14.6
mp-aaacpthb,Ca(BH4)2,19.985,4.36
mp-aaacptjk,Mg(BH4)2,14.053,4.908
mp-aaacptkb,ScFe2,128.842,64.99
mp-aaacptmd,Cs2H2C2O5,18.333,0.28800000000000003
mp-aaacptpp,Hf2Co,136.052,48.153
mp-aaacptuh,Pr2Fe17N3,155.341,79.573
mp-aaacpufc,YbAlB4,163.313,141.6
mp-aaacpuks,TmAlB4,181.007,153.686
mp-aaacputy,ScCoB4,223.874,172.568
mp-aaacpwgq,Co3W3C,-8827136.513,-1724237.717
mp-aaacpwli,CaAl2(SiO5)2,106.023,64.802
mp-aaacqaek,ZnH6Cl2O3,14.375,7.765
mp-aaacqbhn,CuH10SO9,31.174,13.415
mp-aaacqbkm,Sc2ReB6,226.401,195.537
mp-aaacqbnf,Cu2CO5,61.818,28.883
mp-aaacqcgt,Na2Al2(SiO4)3,46.316,26.647
mp-aaacqexm,Nd2Co7,-1999.062,10.445
mp-aaacqfhu,MgH22SO15,27.639,11.1
mp-aaacqgau,CsCuS6,-0.011,0.753
mp-aaacqgqk,Nd2Fe14C,138.937,62.765
mp-aaacqhqp,MgB2H4C8(N4O)2,27.179,11.096
mp-aaacqiyf,Li4BH10N3,20.395,12.493
mp-aaacqozz,WSCl4,0.936,0.749
mp-aaacqpab,LiB,43.817,32.433
mp-aaacqqrp,V5B6,277.143,232.744
mp-aaacqtpe,Ta2N3,327.072,242.82
mp-aaacqxfa,LuCoB4,218.149,174.986
mp-aaacrdpq,ZrTiB4,242.634,239.732
mp-aaacrdqk,ZrUB24,232.951,193.022
mp-aaacrdqv,ZrTaB4,268.949,221.721
mp-aaacrdqx,ZrNbB4,260.513,219.951
mp-aaacrfgp,VRe11B4,354.771,132.178
mp-aaacrfjr,VCrB4,201.539,188.983
mp-aaacrfko,VCrB2,279.569,219.064
mp-aaacrfmj,V9Cr3B8,271.858,211.081
mp-aaacrfnn,V3ReB4,295.129,218.099
mp-aaacrfof,V3Cr3B8,293.232,229.65
mp-aaacrfux,TiVB4,267.608,252.386
mp-aaacrfvw,TiNbB4,268.26,238.167
mp-aaacrggk,TiCrB4,277.905,223.639
mp-aaacrgvr,TcRu,306.075,167.325
mp-aaacrhne,TaVB4,293.658,224.962
mp-aaacrhqg,TaTiB4,276.819,241.451
mp-aaacrhrg,TaNbC2,308.794,198.354
mp-aaacrhso,TaCrB4,245.291,179.007
mp-aaacrhsu,TaB2Mo3C2,315.136,199.102
mp-aaacrhsv,TaB2Mo,296.676,188.191
mp-aaacrhte,TaB4W3,324.571,194.458
mp-aaacrhtf,Ta3TiB4,266.336,207.503
mp-aaacrjzz,RuRh,282.182,137.973
mp-aaacrkaf,ReOs,385.891,243.938
mp-aaacrkbx,RbBH4,11.822,7.082
mp-aaacrkfs,Rb3H(SeO4)2,19.292,8.997
mp-aaacrktz,OsRu,355.651,219.581
mp-aaacrlgp,NbVB4,287.133,219.876
mp-aaacrlhv,NbB4Mo3,297.126,188.514
mp-aaacrlsc,Nb4B20Mo11,303.254,195.691
mp-aaacrmur,MoWC2,365.494,255.342
mp-aaacrmzn,Mo2CN,353.135,222.816
mp-aaacrqdr,IrOs,374.508,195.756
mp-aaacrqen,Ir4Os,354.211,214.796
mp-aaacrqlo,IrRu,326.804,201.523
mp-aaacrqya,HfZrB4,244.894,237.314
mp-aaacrrav,HfTiN2,269.121,169.356
mp-aaacrrbb,HfTiB4,247.465,250.862
mp-aaacrrbv,HfTaB4,277.689,229.143
mp-aaacrrdo,HfNbB4,268.296,225.412
mp-aaacrtlk,CsBH4,10.872,5.362
mp-aaacrtxj,Cs3H(SeO4)2,17.551,7.136
mp-aaacrtze,CrB2W,301.097,201.556
mp-aaacrudk,Cr2Ir2C,307.831,187.727
mp-aaacrxnb,B4OsW,320.077,232.779
mp-aaacrxne,B4MoIr,291.541,187.638
mp-aaacrxnw,B8O,209.358,186.929
mp-aaacrxpd,B8O,210.762,64.025
mp-aaacsczr,LiC12,128.198,101.322
mp-aaacsmot,B4C,238.023,184.835
mp-aaactgqb,Si3Os,172.924,67.583
mp-aaactvmu,Ti2AlO4,-1461.015,-927.269
mp-aaacyhjq,YCuO3,118.951,56.266
mp-aaacyoks,CaTi2O4,155.411,86.945
mp-aaadaeow,Ca3Sn2O7,128.105,63.424
mp-aaadasyd,MgBiF6,15.823,16.557
mp-aaadattb,AlSbO3,126.099,57.544
mp-aaadaxfe,Ca2Sn3O8,107.769,46.162
mp-aaadbbsq,Cu2SnSe4,29.275,8.09
mp-aaadbcnc,CoSe2,30.307,14.349
mp-aaadbddi,SnO2,42.723,28.477
mp-aaadbevu,Ti(BiO3)2,35.72,246.489
mp-aaadbfsb,AlBiO3,120.35,44.148
mp-aaadbisu,YSnF5,55.059,20.038
mp-aaadbrgu,SbO2,68.54,37.802
mp-aaadbrue,Ca2CoN2,71.914,37.282
mp-aaadbsgu,TeO3,26.839,-0.304
mp-aaadbunb,MoN2,143.969,38.369
mp-aaadbusv,Mg2TiN2,108.953,72.905
mp-aaadbvah,Mg2MnN2,109.74,62.484
mp-aaadbyft,AlAgO3,157.932,47.729
mp-aaadbymz,MoS2,60.301,32.665
mp-aaadbzwy,YBiO3,119.883,36.082
mp-aaadcbsm,CrS2,47.363,17.435
mp-aaadcdgv,TiO2,86.709,32.379
mp-aaadciww,AlCuO3,187.703,33.469
mp-aaadcjdh,La2MgTiO6,145.937,73.976
mp-aaadcjud,YSnO3,135.269,40.831
mp-aaadckzv,AlBiO3,105.509,48.521
mp-aaadclgq,CrS2,39.182,13.302
mp-aaadcppj,YSbO3,115.898,6.923
mp-aaadcsho,AlAgO3,134.977,38.01
mp-aaadctaf,YAgO3,152.504,34.036
mp-aaadctjr,SbO2,36.048,15.287
mp-aaadcvwk,BiN,116.636,6.697
mp-aaadcwvn,AlSbO3,127.135,73.559
mp-aaadcxpl,MnS2,6.171,3.564
mp-aaaddbvu,YBiO3,113.052,19.427
mp-aaadddpu,AlSnO3,152.634,53.245
mp-aaaddgxc,AgN,147.992,27.861
mp-aaaddkle,WN,308.354,149.602
mp-aaaddkuv,Zn(CoN)2,136.422,50.155
mp-aaaddlxh,SbN,127.829,11.997
mp-aaaddmwh,YCuO3,182.599,81.28
mp-aaaddpts,Mg(CoN)2,131.603,-77.919
mp-aaaddtgg,YTiO3,188.993,58.897
mp-aaadedbm,YTiO3,141.445,43.928
mp-aaadeemt,Al(SnO2)2,127.838,41.61
mp-aaadefoj,BiO2,55.273,-101.339
mp-aaadefsc,CaSbF6,7.511,11.184
mp-aaadfzap,TiAlO3,180.192,63.163
mp-aaadhpig,AlCuO3,160.131,47.974
mp-aaadiszd,BiPO4,71.431,40.169
mp-aaaditgp,Zn3N2,132.434,56.294
mp-aaadjlob,HF,9.779,-24.614
mp-aaadjmyx,Ag2S,28.202,8.147
mp-aaadjnqp,YbGa,40.095,33.731
mp-aaadjpcn,Ta2O5,194.214,59.754
mp-aaadjsgw,Mg(ReO4)2,16.491,11.846
mp-aaadjtde,CsSnSe3,12.624,6.148
mp-aaadjulw,TiTlPS5,9.808,4.58
mp-aaadjxmb,NpCl4,-159.796,-95.458
mp-aaadjyvo,Li2Sb,33.938,23.465
mp-aaadjzau,Hg,6.181,3.265
mp-aaaegtjv,CsAgBr3,25.511,10.716
mp-aaaeijno,Na2O,46.967,23.696
mp-aaaeiktf,RbAgCl3,31.598,12.344
mp-aaaekrzj,PCl3O,2.568,68.257
mp-aaaekyeh,BiO2,709112.83,358391.561
mp-aaaelcam,Ag2Se,25.252,12.062
mp-aaaelgps,Ag2S,9.903,6.9190000000000005
mp-aaaelwww,TiCl3,6.83,4.9190000000000005
mp-aaaemsyl,Cd(HO)2,57.133,21.765
mp-aaaevxwh,PH3O4,16.131,8.964
mp-aaaewiwb,Ta2CuO6,133.739,76.212
mp-aaaewpfx,CuTeO4,67.337,37.194
mp-aaafdnwp,ZnO,47.923,11.264
mp-aaafdsif,NbAgO3,117.29,40.927
mp-aaafdsxr,PbS,6.9510000000000005,4.85
mp-aaafdvbl,Si,82.314,205.333
mp-aaafdvdv,MgHg5,23.95,4.889
mp-aaafdvub,HBr,9.513,5.496
mp-aaafdwji,Al2O3,42.688,0.799
mp-aaafdwlt,Zn(InS2)2,12.842,8.873
mp-aaafdxez,TlCoCl3,17.198,6.688
mp-aaafdxgq,ZrCl3,7.86,4.879
mp-aaafeaud,NbSeI,15.322,-4.103
mp-aaafecfi,Li2NbF6,58.448,128.338
mp-aaafecms,PdSeO4,23.43,10.796
mp-aaafehfz,CuBr2,12.606,5.1
mp-aaafekuc,GaAs,65.249,23.295
mp-aaafekuv,LiMg,25.554,12.984
mp-aaafekwf,Li9Ge4,33.833,29.535
mp-aaafepjt,LiNiS2,71.293,34.235
mp-aaafexrn,Cu2B2C,78.177,9.850999999999999
mp-aaaffcsd,SiO2,89.352,42.035
mp-aaaffkqd,Ca2SiO4,87.228,43.197
mp-aaaffoui,CaC2,57.491,22.771
mp-aaafgfrj,VN,299.032,148.726
mp-aaafhbgq,NaCu2O3,93.317,19.434
mp-aaafhlhi,MgZn,43.601,21.384
mp-aaafhmhi,TbSe,60.482,10.16
mp-aaafhsfr,V4GeSe8,47.823,44.806
mp-aaafhsgi,TiO2,56.861,17.976
mp-aaafhsov,RbHS,28.078,18.076
mp-aaafhtqa,O2,3.662,1.1440000000000001
mp-aaafhvbj,Pd(Se3Br)2,2.439,2.054
mp-aaafhwgd,WSCl4,0.203,0.2
mp-aaafhzny,PuRu2,159.058,6.6530000000000005
mp-aaafjsiw,B2(CN2)3,5.5120000000000005,0.512
mp-aaafjtql,PbBr2,4.359,1.297
mp-aaafjttj,CsCuCl3,7.946,4.371
mp-aaafjxek,Zn2MoN3,148.381,59.017
mp-aaafjxih,TePdI2,6.67,3.699
mp-aaafkfqe,KAgCl3,31.855,11.58
mp-aaafkmaw,LiCuS,62.759,30.22
mp-aaafkmcl,LiCoS2,80.565,31.703
mp-aaafkmdf,Li7B18O,129.576,91.595
mp-aaafkwew,LiBe,34.988,27.752
mp-aaaflcev,LiCaSn,33.128,26.704
mp-aaaflckx,Mg3Cu,44.71,22.319
mp-aaaflpdr,Fe11MoC4,201.371,86.946
mp-aaaflvuj,Li2NbS3,52.707,32.578
mp-aaafmqdn,BaCO3,49.604,21.994
mp-aaafnbaf,Tm(CuTe)3,54.308,29.553
mp-aaafnets,C,113.32,87.786
mp-aaafngpc,TePb,37.434,19.608
mp-aaafnrhd,Zr2N2O,160.644,79.641
mp-aaafnzjq,TePd3,134.524,18.854
mp-aaafqzqh,SrTaNO2,-12.404,22.274
mp-aaaftaxl,BaCuO2,79.134,26.205
mp-aaaftbhv,ZrCuF6,37.708,24.755
mp-aaaftlrb,BaCO3,50.172,19.045
mp-aaaftpiy,Hg,7.622,3.832
mp-aaaftrdu,TaO3,187.237,73.013
mp-aaafubiu,Al2O3,89.312,49.715
mp-aaafussj,CsInBr3,21.762,8.403
mp-aaafuupd,Fe2NiSe4,76.885,32.205
mp-aaafvagi,CaSn2O5,122.592,44.726
mp-aaafvitu,LiBH4,17.533,10.774000000000001
mp-aaafvlbp,Li2H2Pt,49.367,26.895
mp-aaafvqnr,MgNb2(PbO3)3,76.292,44.811
mp-aaafwben,MgCu,80.417,43.487
mp-aaafwfix,WN2,100.955,24.65
mp-aaafwilm,PdSO4,27.378,13.766
mp-aaafwmcv,Tl2CS3,7.347,3.907
mp-aaafwmfk,WN2,121.564,25.475
mp-aaafxjyb,CsTlF3,285.83,22.971
mp-aaafxjyp,CdHgO2,77.064,16.08
mp-aaafypsm,CaCO3,75.372,30.213
mp-aaafyqjn,Er(CuTe)3,53.642,29.57
mp-aaafyssc,Ca2SiO4,99.117,45.967
mp-aaafyufe,NaClO3,25.827,14.452
mp-aaafyztd,Li2HfO3,124.693,45.772
mp-aaafzajy,LiCuS,25.653,20.946
mp-aaafzbnm,NaCu3O4,45.84,20.876
mp-aaagbryv,CdS,14.2,4.464
mp-aaagbwbn,Na3Be,14.383,4.861
mp-aaagbxij,Rb3Hf,6.057,2.738
mp-aaagcsia,KMg6Nb,30.941,18.969
mp-aaagcubx,SiHg3,22.077,-0.329
mp-aaagdbcg,RbCaCl3,24.006,12.606
mp-aaagdlwt,H3ClO,8.222,4.34
mp-aaagdntk,AgO,102.564,11.556000000000001
mp-aaageynw,KHfMg6,29.655,17.306
mp-aaageyou,SrMg6Zr,34.536,18.906
mp-aaageypz,RbMg6Zr,25.338,16.268
mp-aaagfcen,Cu2S,87.619,20.647
mp-aaagfddh,RhN2,213.938,108.263
mp-aaagfdgv,Na2CdSnS4,30.022,9.886
mp-aaaggulq,KMg6Zr,29.002,17.592
mp-aaaghkro,CdTe,39.084,15.381
mp-aaaghqrh,DyMn2,74.233,34.868
mp-aaaghxdy,Tm3V,51.93,22.198
mp-aaagirhh,LiMg6Mo,46.099,27.637
mp-aaagjtho,BiBr3,3.5300000000000002,1.748
mp-aaagjtrl,BaCuO2,90.164,-3.976
mp-aaagkhrg,H5W,32.419,-59.249
mp-aaagklfr,NaN3,5.959,144.08
mp-aaagkrhu,Eu(ReO4)2,4.966,-67.643
mp-aaagkrml,HI3,1.7850000000000001,1.164
mp-aaagkufv,FePS3,11.114,-7.34
mp-aaagkumu,ZrScB24,225.71,198.203
mp-aaagkwgv,Cu2Hg2SF6,16.664,2.623
mp-aaagkxvz,CuO2,8.166,4.904
mp-aaaaacnt,U2Ti,130.716,129.399
mp-aaaaacnv,Er3Ge4,78.243,51.693
mp-aaaaacny,FeSi2,182.055,128.034
mp-aaaaacoa,Rh2O3,233.122,105.314
mp-aaaaacoc,ZrFe2,147.055,71.586
mp-aaaaacod,PuN,158.704,69.543
mp-aaaaacoe,SmRu2,157.736,22.054
mp-aaaaacog,Zn13Fe,83.349,42.179
mp-aaaaacoh,UAl3,88.376,63.453
mp-aaaaacoj,CaZn2,44.942,23.828
mp-aaaaacol,SrSi2,52.527,34.563
mp-aaaaacon,SmFe2,91.626,26.401
mp-aaaaacoo,BaGe,30.305,18.207
mp-aaaaacop,LaCo5,786.747,3.9699999999999998
mp-aaaaacos,CaZn5,59.683,35.088
mp-aaaaacot,BaC2,40.053,-118.011
mp-aaaaacow,SmAs,72.532,48.426
mp-aaaaacpb,Mo5As4,152.527,85.16
mp-aaaaacpd,Sm2O3,133.404,55.025
mp-aaaaacpe,MgF2,104.298,56.418
mp-aaaaacpf,K2Te,13.039,7.26
mp-aaaaacpg,NdS,86.452,36.997
mp-aaaaacph,CaAl4,56.287,6.588
mp-aaaaacpj,ThSb,79.402,30.308
mp-aaaaacpk,HoSi2,87.904,19.987
mp-aaaaacpl,ThAs,100.068,47.87
mp-aaaaacpm,UHg2,72.435,37.696
mp-aaaaacpn,ZnAu3,127.051,37.609
mp-aaaaacpo,ThB6,195.95,135.517
mp-aaaaacpp,DyFe2,90.207,30.837
mp-aaaaacpt,LuIr2,365.57,800469189874.404
mp-aaaaacpu,ErRh2,160.655,62.27
mp-aaaaacpy,TmS,102.797,43.054
mp-aaaaacpz,Tm2O3,150.148,70.015
mp-aaaaacqa,LaOs2,182.831,122.559
mp-aaaaacqb,SbPd,104.823,29.332
mp-aaaaacqf,ReB2,337.733,276.94
mp-aaaaacqg,ErB2,171.507,164.724
mp-aaaaacqh,SnAu,72.865,20.977
mp-aaaaacqi,UN2,256.399,93.359
mp-aaaaacqj,Li15Ge4,28.204,19.528
mp-aaaaacqk,BeO,207.897,153.975
mp-aaaaacql,YbTe,39.676,26.05
mp-aaaaacqm,ScRh,138.583,58.07
mp-aaaaacqo,ScSe,81.738,39.59
mp-aaaaacqp,MnS,51.147,15.494
mp-aaaaacqq,CsF,21.461,9.864
mp-aaaaacqr,PrSb,54.454,31.033
mp-aaaaacqs,Ti3Au,137.742,71.311
mp-aaaaacqt,NdMg3,38.838,26.322
mp-aaaaacqx,Al5Rh2,131.181,77.568
mp-aaaaacqz,Zr3Te,105.452,37.599
mp-aaaaacra,BeO,243.273,148.783
mp-aaaaacrb,NbF3,93.987,27.834
mp-aaaaacre,CeMg3,45.536,28.847
mp-aaaaacrf,TaCo2,247.841,123.87
mp-aaaaacri,NbS2,25.187,11.629
mp-aaaaacrk,Fe3N,253.773,180.178
mp-aaaaacro,Ti2Ni,641.344,340.997
mp-aaaaacrr,HgTe,45.79,10.847
mp-aaaaacru,BaAg5,52.275,8.453
mp-aaaaacry,SiF4,7.258,4.652
mp-aaaaacrz,SbO2,82.545,56.104
mp-aaaaacsa,YbS,62.187,44.285
mp-aaaaacsb,WSe2,23.208,17.056
mp-aaaaacsc,TiAs,118.615,71.121
mp-aaaaacsd,Ti3Al,113.96,60.543
mp-aaaaacsf,Cu2Sb,79.248,34.066
mp-aaaaacsh,SrGa4,48.048,23.313
mp-aaaaacsi,ThOs2,122735.858,-13338.654
mp-aaaaacsl,SrAu5,90.516,27.279
mp-aaaaacsm,LaPt5,178.329,71.862
mp-aaaaacso,NdAl4,70.958,21.595
mp-aaaaacsq,TlSe,20.394,9.644
mp-aaaaacsr,TbCu,71.128,31.116
mp-aaaaacsu,TiO2,190.856,78.901
mp-aaaaacsv,SiIr3,298.389,102.452
mp-aaaaacsw,NbAl3,126.155,103.51
mp-aaaaactc,Te2Ru,110.797,76.97
mp-aaaaactd,Mn2P,193.549,101.56
mp-aaaaactf,SnPd2,130.558,18.528
mp-aaaaactg,UF5,14.284,11.448
mp-aaaaacti,EuPd2,91.067,35.417
mp-aaaaactl,YbCd,31.809,15.006
mp-aaaaacto,LaSi,69.385,42.891
mp-aaaaactt,UN,206.53,72.566
mp-aaaaactu,KO2,24.246,9.593
mp-aaaaactv,Ta2Ni,228.033,83.263
mp-aaaaactw,VS,146.997,82.483
mp-aaaaactx,GaPd2,150.478,46.087
mp-aaaaactz,Fe2C,222.238,102.436
mp-aaaaacub,ZnF2,94.832,35.487
mp-aaaaacuc,NbS2,10.712,6.562
mp-aaaaacue,SnS,53.469,31.014
mp-aaaaacuf,HoAl3,76.786,59.484
mp-aaaaacug,HfBe13,125.555,129.905
mp-aaaaacuh,SmS,17.244,55.552
mp-aaaaacui,SbF3,13.266,8.1
mp-aaaaacuk,CaCu5,90.279,36.849
mp-aaaaacul,SnTe,38.189,27.868
mp-aaaaacun,AlIr,229.406,119.385
mp-aaaaacus,BMo,311.129,205.308
mp-aaaaacut,SmAl4,72.01,18.401
mp-aaaaacuw,WC,380.208,263.151
mp-aaaaacux,TaO,231.521,-43.789
mp-aaaaacva,CeSi2,89.084,47.956
mp-aaaaacvd,NaO2,32.685,8.992
mp-aaaaacve,MnPd,132.501,-50.153
mp-aaaaacvf,BaAl4,50.737,29.625
mp-aaaaacvj,TiTe2,20.685,14.171
mp-aaaaacvl,LaMg2,33.099,20.642
mp-aaaaacvm,CeNi5,146.347,65.083
mp-aaaaacvn,CeSn3,58.694,28.745
mp-aaaaacvo,ZnAg,89.933,39.732
mp-aaaaacvp,ErPt3,177.756,75.459
mp-aaaaacvq,YGa2,73.693,52.98
mp-aaaaacvr,Fe2B,220.866,140.537
mp-aaaaacvs,YbSb,35.232,-13.372
mp-aaaaacvu,FeRh,198.729,74.969
mp-aaaaacvv,ZrCr2,-94942695.889,-56965665.311
mp-aaaaacvx,ThTe,83.002,49.635
mp-aaaaacvy,RuSe2,137.146,92.704
mp-aaaaacwa,TbSi,90.719,65.542
mp-aaaaacwb,ZrS,132.151,48.734
mp-aaaaacwc,HoFe2,83.173,34.701
mp-aaaaacwf,NdB6,174.362,117.48
mp-aaaaacwi,Nb3Os,232.709,84.517
mp-aaaaacwj,Cu3N,116.742,38.179
mp-aaaaacwk,LiZn,41.652,22.505
mp-aaaaacwl,BaMg2,21.701,13.481
mp-aaaaacwm,TaAs,175.774,92.363
mp-aaaaacwn,YbCu,38.498,22.182
mp-aaaaacwo,Al2O3,231.614,146.396
mp-aaaaacwp,ErNi2,123.362,47.466
mp-aaaaacwr,GaNi,152.55,42.594
mp-aaaaacwt,GaSe,15.789,8.947
mp-aaaaacwu,CoP3,143.928,115.879
mp-aaaaacwy,LaAg,48.529,14.165
mp-aaaaacwz,TiMn2,181.973,54.384
mp-aaaaacxd,TiAl,113.483,68.456
mp-aaaaacxe,P3N5,136.947,112.016
mp-aaaaacxf,ErCu,73.462,28.142
mp-aaaaacxg,TmGa2,76.021,50.722
mp-aaaaacxi,SrTe,32.317,20.197
mp-aaaaacxj,PuO2,196.245,78.729
mp-aaaaacxk,Li2O,78.6,68.452
mp-aaaaacxl,TiAg,98.421,40.299
mp-aaaaacxn,NbRh,227.229,76.178
mp-aaaaacxs,La2O3,116.022,39.07
mp-aaaaacxt,NbSb2,96.221,69.318
mp-aaaaacxv,HoCu,73.432,32.372
mp-aaaaacxx,NbGa3,122.973,86.662
mp-aaaaacxy,CeB4,-391264.248,60061.749
mp-aaaaacxz,TmN,172.542,137.49
mp-aaaaacya,CaGa4,51.077,6.594
mp-aaaaacyb,NdSn3,56.558,16.292
mp-aaaaacyd,HoPd3,127.535,49.519
mp-aaaaacyg,Al21Pt8,132.661,63.079
mp-aaaaacyi,TaS2,31.338,16.914
mp-aaaaacyj,C3N4,408.257,313.794
mp-aaaaacyk,ZnO,129.269,40.506
mp-aaaaacym,Y5Mg24,85139.928,47182.922
mp-aaaaacyn,Ta5Si3,215.33,131.92
mp-aaaaacyo,Mg3As2,49.199,27.37
mp-aaaaacys,HfB2,252.303,244.359
mp-aaaaacyt,PrC2,97.481,36.052
mp-aaaaacyu,NdIr3,191.377,86.186
mp-aaaaacyx,Sb2O3,12.83,10.31
mp-aaaaacyy,CuSe2,69.631,23.155
mp-aaaaacyz,LaTl3,44.459,17.852
mp-aaaaacze,V3Ir,239.084,123.848
mp-aaaaaczg,FeAs2,135.973,111.737
mp-aaaaaczj,UP,99.646,46.377
mp-aaaaaczk,LiHg,32.253,13.906
mp-aaaaaczm,DyP,87.469,60.67
mp-aaaaaczo,PrNi2,98.368,35.656
mp-aaaaaczq,AlFe3,171.541,83.814
mp-aaaaaczr,LaRu2,128.334,3.61
mp-aaaaaczx,HfBe5,130.956,120.416
mp-aaaaaczz,HfCo,123.98,60.459
mp-aaaaadaa,Be2Nb,156.483,103.427
mp-aaaaadac,RuS2,172.042,121.491
mp-aaaaadad,Be2Cu,135.017,126.036
mp-aaaaadaf,Ni3N,201.929,73.848
mp-aaaaadag,W2C,334.971,167.632
mp-aaaaadak,Sm3S4,95.742,1.08
mp-aaaaadal,ScMn2,173.191,39.923
mp-aaaaadav,ZrMo2,-11092.411,-14315206718497.004
mp-aaaaadaw,HoSb,61.329,35.415
mp-aaaaadax,LaCu2,67.31,20.287
mp-aaaaaday,ScAs,85.701,51.516
mp-aaaaadaz,Nb3Sb,173.865,82.544
mp-aaaaadbc,Ni3Se2,105.255,47.072
mp-aaaaadbd,DyB2,167.701,152.964
mp-aaaaadbe,Ni3B,217.964,81.818
mp-aaaaadbf,NbAs,161.259,85.622
mp-aaaaadbh,ThTl3,58.019,26.727
mp-aaaaadbi,LaSi2,79.133,37.317
mp-aaaaadbj,Pr2O3,121.654,39.845
mp-aaaaadbl,MnS,60.377,34.361
mp-aaaaadbo,RhF3,55.159,28.711
mp-aaaaadbq,CoS2,127.327,72.8
mp-aaaaadbr,Zn3P2,64.514,34.222
mp-aaaaadbu,Li3Sb,32.535,25.62
mp-aaaaadbv,Si3N4,294.14,248.7
mp-aaaaadbw,ZrSe2,15.882,11.72
mp-aaaaadbx,DyMg,41.646,19.61
mp-aaaaadby,TiCu,127.744,62.551
mp-aaaaadbz,Rb2P3,14.668,8.536
mp-aaaaadcc,PIr2,275.878,95.703
mp-aaaaadcd,Sn2Ir,110.242,33.475
mp-aaaaadcf,PrCo2,-2003.788,27.46
mp-aaaaadci,CeAl2,74.275,49.823
mp-aaaaadcj,ZrTe3,19.908,10.753
mp-aaaaadck,FeCo,189.836,91.403
mp-aaaaadcl,V3B2,257.602,199.016
mp-aaaaadcn,Pr3Al,42.665,21.141
mp-aaaaadcr,SnO,29.755,21.245
mp-aaaaadcs,CeOs2,192.391,31.442
mp-aaaaadcw,PrGe,70.295,46.687
mp-aaaaadcx,CuAu3,135.617,23.973
mp-aaaaadcz,Hf3Si2,143.703,95.21
mp-aaaaaddc,Ti5Si3,139.791,94.124
mp-aaaaaddi,YN,159.077,120.831
mp-aaaaaddk,ZrMn2,-20404.314,-10720.538
mp-aaaaaddl,TbN,157.952,120.579
mp-aaaaaddn,TbC2,114.409,39.897
mp-aaaaaddo,HoAg2,76.004,33.252
mp-aaaaaddp,ScAl3,86.5,67.045
mp-aaaaaddr,Nb3Au2,174.046,59.048
mp-aaaaaddt,TeO2,22.059,17.938
mp-aaaaaddu,HfIr3,278.691,150.309
mp-aaaaaddw,Sn4Pd,56.496,24.132
mp-aaaaaddx,NdGe2,66.327,18.615
mp-aaaaaddy,LuNi2,72.924,50.812
mp-aaaaaddz,SrN6,39.156,20.283
mp-aaaaadea,CrN,127.896,97.244
mp-aaaaadeb,ZnO,128.167,42.921
mp-aaaaadec,ErAl3,76.715,59.683
mp-aaaaadef,Mg2Ni,71.061,33.4
mp-aaaaadek,Te2Os,130.119,88.304
mp-aaaaadel,USe,99.592,-87.276
mp-aaaaaden,ErSi2,87.942,22.573
mp-aaaaades,BaTe2,28.302,14.972
mp-aaaaadet,Mg17Al12,49.768,19.098
mp-aaaaadeu,YNi5,147.351,72.438
mp-aaaaadew,CeP,69.44,50.428
mp-aaaaadey,TiS2,18.003,15.707
mp-aaaaadez,Co3W,398.598,146.476
mp-aaaaadfb,DyTe,64.339,21.366
mp-aaaaadfc,Sb2Se3,14.436,-8.269
mp-aaaaadff,HoRh,113.966,41.48
mp-aaaaadfg,Mo3S4,75.814,45.381
mp-aaaaadfj,DyAg,66.847,18.225
mp-aaaaadfk,SnSe,27.105,19.801
mp-aaaaadfm,Li2Pt,66.968,30.516
mp-aaaaadfo,AlAs,67.291,39.773
mp-aaaaadfp,P2O5,40.395,33.316
mp-aaaaadfs,ZnTe,42.833,22.571
mp-aaaaadfu,YbGa2,52.351,49.262
mp-aaaaadfv,TiRe,228.62,69.775
mp-aaaaadfw,HfSb2,84.365,49.015
mp-aaaaadfy,SnAs,64.044,29.701
mp-aaaaadfz,ThSe,101.246,25.536
mp-aaaaadgc,NpAs,79.229,-40.282
mp-aaaaadgd,TiSb,90.133,45.424
mp-aaaaadgf,CrSe,47.608,28.803
mp-aaaaadgh,ErSb,58.352,35.969
mp-aaaaadgi,BPt,259.986,51.85
mp-aaaaadgk,TiSe2,11.057,5.916
mp-aaaaadgp,Fe3Si,210.833,99.533
mp-aaaaadgr,PbSe,46.512,27.177
mp-aaaaadgt,YB6,172.001,84.351
mp-aaaaadgu,Nd3Te4,53.979,16.8
mp-aaaaadgv,LuPd,102.592,40.255
mp-aaaaadgw,LuCo2,191.768,52.371
mp-aaaaadgx,NbSe2,21.189,14.307
mp-aaaaadha,ZrCu,105.385,29.697
mp-aaaaadhb,V3Pt,219.134,96.288
mp-aaaaadhc,ScCo,119.727,58.07
mp-aaaaadhd,FeNi,184.902,87.323
mp-aaaaadhe,TmMg2,44.234,24.287
mp-aaaaadhf,ThHg2,77.59,33.498
mp-aaaaadhl,Zr2Ag,97.936,39.298
mp-aaaaadhm,MnHg,69.323,21.852
mp-aaaaadhp,Be2Fe,154.342,145.09
mp-aaaaadhq,DyPd,91.251,34.497
mp-aaaaadhs,ErMg,42.316,19.228
mp-aaaaadht,ZnO,166.374,62.567
mp-aaaaadhv,SnS,23.336,18.459
mp-aaaaadhw,CS2,0.589,0.419
mp-aaaaadhx,Th2Ag,71.978,24.919
mp-aaaaadhy,Er2S3,69.36,33.204
mp-aaaaadhz,YbRh2,-2757.914,4888.979
mp-aaaaadib,TeO2,146.533,49.766
mp-aaaaadig,GeS,21.382,16.528
mp-aaaaadih,NbS,178.147,98.782
mp-aaaaadij,Si3N4,222.026,133.615
mp-aaaaadil,AgN3,24.282,7.425
mp-aaaaadio,ZrNi2,166.427,73.267
mp-aaaaadip,Li3N,51.984,33.607
mp-aaaaadiq,ScB2,191.13,195.809
mp-aaaaadis,Al2O3,201.586,104.324
mp-aaaaadiw,Cu3Au,104.875,44.872
mp-aaaaadiy,FePt,200.39,92.583
mp-aaaaadjb,ScIr2,216.325,101.732
mp-aaaaadjc,ErGe,80.602,54.614
mp-aaaaadjd,TbCo2,40.461,22.507
mp-aaaaadjf,HoB2,168.393,159.19
mp-aaaaadjg,TbAg,65.884,23.666
mp-aaaaadjh,UTe,58.849,-89.327
mp-aaaaadjl,Ag3Sb,75.098,20.968
mp-aaaaadjn,UF6,4.717,2.694
mp-aaaaadjs,CuSe2,74.484,24.776
mp-aaaaadjt,SmSb,55.79,32.903
mp-aaaaadjv,ZrCo,128.339,48.526
mp-aaaaadjw,AgF2,30.338,11.136
mp-aaaaadjx,Te2Ir,48.777,20.99
mp-aaaaadjy,Li2Se,33.677,26.985
mp-aaaaadjz,SiRh,184.478,90.948
mp-aaaaadkd,Si2Ni,141.692,31.996
mp-aaaaadke,La2O3,114.974,39.632
mp-aaaaadkf,MnSe,53.225,13.311
mp-aaaaadkg,Al3Ir,150.642,34.51
mp-aaaaadki,Ni3P,199.918,56.587
mp-aaaaadkj,NdC2,101.733,37.086
mp-aaaaadkn,NiP3,125.545,75.904
mp-aaaaadko,AsRh2,189.638,71.205
mp-aaaaadkp,DyZn,59.752,25.072
mp-aaaaadkr,MoC,349.501,241.645
mp-aaaaadks,LaMg3,37.949,25.636
mp-aaaaadkw,CdO2,105.752,37.359
mp-aaaaadkx,NbO,242.599,147.84
mp-aaaaadkz,MgIn,38.92,14.062
mp-aaaaadlc,TmZn,63.975,34.632
mp-aaaaadld,LaNi5,114.252,59.861
mp-aaaaadle,Nb2C,223.238,61.973
mp-aaaaadli,YAl2,79.891,61.069
mp-aaaaadlj,BeCu,142.088,30.953
mp-aaaaadln,TiZn16,79.295,24.042
mp-aaaaadlq,Nb2Se3,68.479,42.182
mp-aaaaadlr,B2Mo,300.149,211.409
mp-aaaaadlt,NdPd3,115.77,50.728
mp-aaaaadlu,DyCu,71.228,31.884
mp-aaaaadlx,HfCo2,183.341,71.054
mp-aaaaadly,TbZn2,65.918,35.596
mp-aaaaadlz,Ti3Pt,157.855,56.112
mp-aaaaadma,Na2O2,49.866,29.996
mp-aaaaadmb,Li3N,65.179,44.749
mp-aaaaadmd,Mg2Sn,40.919,28.207
mp-aaaaadmf,Dy2O3,143.814,63.498
mp-aaaaadmh,NiAs,116.72,18.447
mp-aaaaadmi,Zr2Au,119.202,46.202
mp-aaaaadmj,YCd3,55.533,25.172
mp-aaaaadmk,LaS,83.314,40.885
mp-aaaaadml,TmPt3,179.331,77.422
mp-aaaaadmm,Na2O,45.868,30.58
mp-aaaaadmo,Ti3Hg,118.442,68.833
mp-aaaaadmp,MoN,240.145,-348.911
mp-aaaaadms,SmAl2,20143538.788,3021564.222
mp-aaaaadmu,CaGe,48.071,33.926
mp-aaaaadmv,Hf5Al3,111.876,23.687
mp-aaaaadmx,HfMo2,304.609,125320591256.951
mp-aaaaadmy,PaO2,206.71,104.185
mp-aaaaadnb,LaC2,92.301,38.059
mp-aaaaadnd,SnPd,97.577,39.635
mp-aaaaadne,PrNi5,139.425,63.816
mp-aaaaadnf,Ga2Te5,13.543,13.907
mp-aaaaadnn,CoSi2,173.636,55.782
mp-aaaaadnp,ErRh,114.582,44.03
mp-aaaaadns,LaP,71.271,44.222
mp-aaaaadnt,TaCr2,242.207,77.779
mp-aaaaadnw,CdTe,46.602,19.072
mp-aaaaadny,YbP,50.25,-0.915
mp-aaaaadnz,YbPd3,107.848,39.152
mp-aaaaadob,YTl3,46.531,15.556000000000001
mp-aaaaadoe,HoCo2,-321.678,29.35
mp-aaaaadoh,YHg,65.407,31.429
mp-aaaaadoi,NaS,24.869,14.479
mp-aaaaadok,NaSi,17.961,10.842
mp-aaaaadol,YPt3,169.488,70.92
mp-aaaaadom,CaAl2,55.931,35.322
mp-aaaaadoo,Mg5Pd2,62.662,43.682
mp-aaaaadoq,Ga3Pd5,144.994,37.74
mp-aaaaados,SrAg5,60.814,21.072
mp-aaaaadov,Ce3Al,43.376,30.324
mp-aaaaadoz,DyIr3,212.008,96.074
mp-aaaaadpe,ErGa2,74.361,49.575
mp-aaaaadpf,US,126.337,-46.911
mp-aaaaadpg,LaZn5,70.032,33.134
mp-aaaaadpi,LiAg,41.392,18.419
mp-aaaaadpm,ZrGe2,108.179,71.611
mp-aaaaadpn,ErTl3,47.25,19.207
mp-aaaaadpo,CaMg2,30.093,22.012
mp-aaaaadpq,SrTl,25.126,18.121
mp-aaaaadpr,HoCo5,377.141,59.059
mp-aaaaadpv,ZrNi5,-474985.499,-285006.516
mp-aaaaadqa,GaRh,179.773,58.842
mp-aaaaadqf,NbRh3,248.556,148.259
mp-aaaaadqg,CaSn,37.561,22.571
mp-aaaaadqh,YAl3,71.776,44.156
mp-aaaaadqk,TiFe2,163.482,77.415
mp-aaaaadql,As2Os,166.406,119.207
mp-aaaaadqo,TbO2,142.644,120.173
mp-aaaaadqp,YbIn,35.186,23.996
mp-aaaaadqq,Er2O3,152.954,69.138
mp-aaaaadqs,PrCu5,99.806,34.941
mp-aaaaadqt,LuFe2,113.817,46.961
mp-aaaaadqv,DyPt3,172.498,72.237
mp-aaaaadqw,ErAu2,103.81,43.716
mp-aaaaadqz,CdS,53.24,17.126
mp-aaaaadra,DyS,96.9,42.673
mp-aaaaadrc,SrO,84.99,55.772
mp-aaaaadre,YAg,65.962,20.315
mp-aaaaadri,NbSi2,175.204,142.4
mp-aaaaadrl,Mg2Cu,56.418,30.526
mp-aaaaadrm,CaC2,56.56,15.017
mp-aaaaadro,SmSn3,57.389,13.663
mp-aaaaadrq,UC2,173.368,76.295
mp-aaaaadrs,SiOs,209.102,77.908
mp-aaaaadrt,UC,178.518,29.992
mp-aaaaadru,GaP,76.335,51.463
mp-aaaaadrv,ErSe,83.657,28.368
mp-aaaaadrx,CeN,143.06,76.604
mp-aaaaadrz,PrS,84.639,35.905
mp-aaaaadsc,PrOs2,-123864.146,-74412.396
mp-aaaaadsd,BaSi,32.012,20.384
mp-aaaaadse,AlCu,112.579,68.61
mp-aaaaadsf,BMo2,293.327,147.601
mp-aaaaadsl,GaS,18.273,12.041
mp-aaaaadsn,ThRh3,170.311,76.264
mp-aaaaadso,ZrHg,101.293,-60.291
mp-aaaaadsq,AsPd5,151.799,44.754
mp-aaaaadsr,As2Pt,136.486,84.294
mp-aaaaadst,CrPt3,231.851,95.103
mp-aaaaadsu,YZn,60.055,30.473
mp-aaaaadsv,Ca2Si,36.705,22.286
mp-aaaaadsy,TmSb,62.342,36.301
mp-aaaaadtc,NdGa2,70.177,53.203
mp-aaaaadtd,PrAg,54.408,13.044
mp-aaaaadth,PrRh2,138.487,50.28
mp-aaaaadti,Li2Te,26.076,18.389
mp-aaaaadtk,PrTe,57.203,20.901
mp-aaaaadtl,NbO2,234.511,94.33
mp-aaaaadtm,GaAs,60.742,40.715
mp-aaaaadto,Ni2B,238.119,98.426
mp-aaaaadtp,NdS2,-32056999.523,-19234344.271
mp-aaaaadts,VTc,254.937,125.024
mp-aaaaadtu,BeO,208.037,156.717
mp-aaaaadtz,YbPd,60.162,-916.464
mp-aaaaadua,PuAs,71.138,51.563
mp-aaaaadud,DyCo5,873.978,71.871
mp-aaaaadue,TeO3,89.234,77.836
mp-aaaaaduf,HfBe2,127.5,108.178
mp-aaaaadug,Al3V,122.019,98.236
mp-aaaaadui,TlSn,35.834,4.601
mp-aaaaaduj,Zr2Al,103.887,54.176
mp-aaaaaduk,SmMg,36.23,23.128
mp-aaaaadum,Ti3Hg,115.477,47.565
mp-aaaaaduo,MnS,60.391,16.136
mp-aaaaadup,CeSe,93.807,23.207
mp-aaaaaduq,SrMg,19.806,11.488
mp-aaaaadus,PuSb,54.416,29.524
mp-aaaaadut,V3Si,192.13,52.199
mp-aaaaaduu,YSi2,85.401,29.796
mp-aaaaaduy,SrMg2,25.64,16.339
mp-aaaaaduz,NpAl3,95.504,53.34
mp-aaaaadva,ZrO2,167.345,50.773
mp-aaaaadvd,Mn3Rh,238.125,151.231
mp-aaaaadve,NiTe2,57.823,22.605
mp-aaaaadvg,NbB,263.884,198.028
mp-aaaaadvi,TiSi2,142.135,111.779
mp-aaaaadvj,TiRh,187.501,51.647
mp-aaaaadvp,MgO2,129.089,86.082
mp-aaaaadvs,Si2Mo,205.746,180.217
mp-aaaaadvw,NpN,151.141,85.399
mp-aaaaadvx,InTe,39.529,13.03
mp-aaaaadvy,Ta5Sb4,105.592,60.636
mp-aaaaadwa,BaTe,31.625,14.228
mp-aaaaadwc,NdAs,71.185,45.687
mp-aaaaadwe,MgTe2,37.266,22.167
mp-aaaaadwf,CaO,105.841,74.209
mp-aaaaadwg,BaPd5,99.329,39.724
mp-aaaaadwk,Tb5Ge3,13.02,-12.335
mp-aaaaadwl,BaGe2,39.558,22.184
mp-aaaaadwm,GeTe,48.853,41.317
mp-aaaaadwo,HfAl3,106.503,83.451
mp-aaaaadwp,LaZn,49.02,26.359
mp-aaaaadwq,NpO2,192.353,81.895
mp-aaaaadws,DyAg2,74.554,32.809
mp-aaaaadwt,FeSb,110.972,60.628
mp-aaaaadwu,DySi,91.134,65.591
mp-aaaaadwv,ErAg,69.968,16.924
mp-aaaaadwy,AlSb,49.576,28.771
mp-aaaaadwz,U2C3,184.425,100.718
mp-aaaaadxb,DyAs,76.57,52.475
mp-aaaaadxe,SrC2,47.378,11.912
mp-aaaaadxh,GeO2,229.91,139.96
mp-aaaaadxi,NbN,312.566,209.5
mp-aaaaadxk,GdMg,216.967,21.921
mp-aaaaadxl,YSe,78.292,30.01
mp-aaaaadxn,Na3N,21.088,11.725
mp-aaaaadxo,TbAs,76.698,51.167
mp-aaaaadxq,CdAg,73.469,27.634
mp-aaaaadxr,Ti3Cu4,132.608,57.91
mp-aaaaadxs,CoSb,148.223,69.404
mp-aaaaadxt,YbNi5,131.006,69.809
mp-aaaaadxu,Mg3Sb2,42.369,17.743
mp-aaaaadxv,Al2Au,104.282,39.149
mp-aaaaadxw,NbS2,13.237,7.5
mp-aaaaadxx,Zr5Sb3,106.734,-62.135
mp-aaaaadya,Y2O3,138.413,62.199
mp-aaaaadyb,BN,373.485,383.44
mp-aaaaadyc,Al2S3,32.575,21.529
mp-aaaaadyf,TiO2,208.538,107.377
mp-aaaaadyg,AlFe,170.575,96.914
mp-aaaaadyh,LiN3,35.899,18.796
mp-aaaaadyj,SrSi,44.145,30.984
mp-aaaaadyk,MnP,173.538,127.428
mp-aaaaadyl,Nb3Pt,203.6,81.716
mp-aaaaadym,TiO,224.438,64.903
mp-aaaaadyn,PrRu2,151.337,15.68
mp-aaaaadyo,CrSb2,82.324,35.331
mp-aaaaadyp,CsAu,10.059,6.1370000000000005
mp-aaaaadyq,Mn3As,121.507,44.278
mp-aaaaadys,Nb3Ga,166.129,-147.195
mp-aaaaadyu,K2O2,32.413,16.455
mp-aaaaadyv,YbPb,36.103,22.646
mp-aaaaadyw,YPt2,162.277,73.5
mp-aaaaadyx,MgNi2,-1088.079,194.497
mp-aaaaadyy,TaBe2,167.518,119.142
mp-aaaaadyz,ScPd3,143.721,55.443
mp-aaaaadza,VPt,241.671,140.06
mp-aaaaadzc,LaB6,181.75,134.517
mp-aaaaadze,Sb2Rh,104.082,59.183
mp-aaaaadzg,TbGa2,73.518,52.463
mp-aaaaadzh,HgPd,114.745,38.262
mp-aaaaadzi,Ca2N,33.874,15.634
mp-aaaaadzk,HoGa3,69.38,43.833
mp-aaaaadzl,ThFe5,117.852,50.22
mp-aaaaadzn,CdSe,44.641,14.743
mp-aaaaadzo,NbO,227.539,-4493.692
mp-aaaaadzp,SnSe,48.326,29.365
mp-aaaaadzq,LaAl2,64.416,45.077
mp-aaaaadzr,Sb2Os,128.863,87.742
mp-aaaaadzs,MgAg,63.271,36.044
mp-aaaaadzt,SrO2,71.147,44.189
mp-aaaaadzu,YCu2,84.831,20.657
mp-aaaaadzv,CaSi2,62.216,43.161
mp-aaaaadzw,CaSi2,61.714,41.833
mp-aaaaadzx,NbN,314.396,195.263
mp-aaaaaeab,VPt3,247.745,108.174
mp-aaaaaeac,SnF4,36.861,31.729
mp-aaaaaead,USb2,71.721,13.117
mp-aaaaaeae,LaNi2,103.215,28.692
mp-aaaaaeaj,ErIr,140.411,56.862
mp-aaaaaeal,CoAs2,121.796,90.498
mp-aaaaaeam,TiNi,150.897,38.05
mp-aaaaaeaq,NdPt2,151.763,67.611
mp-aaaaaear,Ce2O3,120.983,47.005
mp-aaaaaeat,IrO2,269.435,106.561
mp-aaaaaeau,TbSb,59.906,34.455
mp-aaaaaeav,TbIr2,196.495,86.675
mp-aaaaaeay,MnIr,265.335,186.427
mp-aaaaaeaz,Sn7Os3,119.38,38.727
mp-aaaaaeba,HgTe,34.16,13.132
mp-aaaaaebb,TiGa3,97.756,73.321
mp-aaaaaebc,PRh2,223.688,80.823
mp-aaaaaebd,Al8Mo3,142.751,104.805
mp-aaaaaebf,PaO,188.867,17.012
mp-aaaaaebi,DyNi,78.297,23.865
mp-aaaaaebj,TeO2,31.468,28.985
mp-aaaaaebk,ErCo5,215.833,50.054
mp-aaaaaebl,CaF2,80.16,37.856
mp-aaaaaebn,LiPd,72.655,24.82
mp-aaaaaebo,LiPd,79.812,34.789
mp-aaaaaebq,MoC,333.899,189.755
mp-aaaaaebr,TbPd3,126.101,45.911
mp-aaaaaebs,CeAs,62.335,44.203
mp-aaaaaebt,TiBe2,124.06,108.384
mp-aaaaaebu,Cr2Te3,42.043,25.838
mp-aaaaaebw,Nb3Au,184.705,64.46
mp-aaaaaecb,CdAu,90.157,31.869
mp-aaaaaecc,SrSe,41.256,27.097
mp-aaaaaecd,Ho6Fe23,-34800.193,-1607.604
mp-aaaaaece,Nb6C5,235.464,160.992
mp-aaaaaecg,YIr2,196.294,88.026
mp-aaaaaecl,TiGa,116.187,80.336
mp-aaaaaecm,Ba2As,24.595,14.75
mp-aaaaaecq,ZrAl2,113.59,89.522
mp-aaaaaecr,BeCo,196.762,120.555
mp-aaaaaect,SrAl4,54.006,19.453
mp-aaaaaecu,Ga2Au,65.975,11.065
mp-aaaaaecw,HoAg,68.602,18.274
mp-aaaaaecy,Fe3Se4,85.127,32.298
mp-aaaaaecz,ScPd,110.671,32.904
mp-aaaaaedb,Ta2Si,214.601,108.228
mp-aaaaaedc,Na2Te,19.229,11.389
mp-aaaaaede,Ca5Zn3,27.439,11.457
mp-aaaaaedh,NO2,5.601,3.922
mp-aaaaaedl,AuSe,9.015,6.012
mp-aaaaaedm,Fe5C2,230.615,87.878
mp-aaaaaedn,ZrC,219.051,159.251
mp-aaaaaedp,YCu5,108.45,42.488
mp-aaaaaeds,USi3,129.573,100.19
mp-aaaaaedu,HfRu,198.115,98.917
mp-aaaaaedy,YbSn,41.231,27.276
mp-aaaaaedz,ScP,90.559,61.629
mp-aaaaaeea,ZrRh,164.388,42.54
mp-aaaaaeeb,Sb2S3,16.114,8.865
mp-aaaaaeed,MoN,332.975,196.526
mp-aaaaaeee,HoFe5,122.739,72.045
mp-aaaaaeeg,Yb2O3,85.657,-19.52
mp-aaaaaeeh,MoS2,25.575,18.973
mp-aaaaaeei,Nd2Tl,45.139,17.053
mp-aaaaaeel,InTe,37.644,2.024
mp-aaaaaeeo,TmSe,84.968,27.123
mp-aaaaaeep,NdP,78.398,51.947
mp-aaaaaeeq,AlPd2,157.601,52.588
mp-aaaaaeer,ErPd3,129.717,49.925
mp-aaaaaees,Lu2S3,76.765,26.429
mp-aaaaaeet,YCo5,170.478,50.237
mp-aaaaaeeu,HfN,270.382,164.261
mp-aaaaaeex,FePd,168.069,77.686
mp-aaaaaeey,Cr2Se3,55.481,30.395
mp-aaaaaefd,PrCo5,-738.784,44.484
mp-aaaaaefe,UNi5,183.584,76.268
mp-aaaaaeff,CeC2,95.24,34.764
mp-aaaaaefh,ScSi2,94.18,31.99
mp-aaaaaefk,ThSi2,106.389,45.354
mp-aaaaaefl,SbPt,121.63,33.728
mp-aaaaaefn,ErB4,180.963,137.339
mp-aaaaaefq,B2Os,311.334,167.398
mp-aaaaaefr,VSb2,99.681,47.367
mp-aaaaaefs,C3N4,441.727,375.735
mp-aaaaaeft,GaN,208.803,140.084
mp-aaaaaefw,Mn4Al11,123.19,86.605
mp-aaaaaefx,ScN,200.491,155.674
mp-aaaaaefy,ZrO2,183.109,85.963
mp-aaaaaegd,CeCd3,41.295,27.145
mp-aaaaaegg,Yb(FeSi)2,119.518,70.986
mp-aaaaaego,In2Si2O7,151.63,62.028
mp-aaaaaegr,Nd(CuSi)2,115.656,75.0
mp-aaaaaegs,Li3PO4,70.849,42.146
mp-aaaaaegt,SrSnO3,137.515,74.953
mp-aaaaaegu,LuB2Os3,264.273,125.147
mp-aaaaaegy,Cs2Mn3S4,24.479,11.784
mp-aaaaaegz,Ga(MoS2)4,89.188,-130.998
mp-aaaaaehg,BaNd2O4,97.689,48.593
mp-aaaaaehh,Dy(SiRh)2,153.451,88.803
mp-aaaaaehi,ScSnAu,88.353,43.605
mp-aaaaaehj,Mg2SiO4,119.124,74.609
mp-aaaaaehr,UAl3Ni2,135.451,88.333
mp-aaaaaehu,Ho(NiP)2,151.827,83.385
mp-aaaaaehx,HoAlNi,87.429,39.228
mp-aaaaaehy,KAlF4,47.118,19.31
mp-aaaaaeic,LaSi3Ir,122.782,67.694
mp-aaaaaeif,Dy(CuSi)2,119.315,75.813
mp-aaaaaeig,YCuO2,115.21,35.776
mp-aaaaaeii,LaAlO3,180.191,101.264
mp-aaaaaeij,Gd3Ga5O12,151.971,-2281533237499.651
mp-aaaaaeil,Ca2Os2O7,157.29,79.679
mp-aaaaaeim,Ho(SiNi)2,131.02,71.958
mp-aaaaaeip,LiAg2Sn,59.483,23.975
mp-aaaaaeiq,FePSe3,17.852,8.942
mp-aaaaaeis,Mn3ZnC,192.524,65.249
mp-aaaaaeit,Li2TiO3,110.301,71.679
mp-aaaaaeiu,Y2Si4Mo3,156.022,98.283
mp-aaaaaeiv,Pr2(ReB2)3,212.95,119.223
mp-aaaaaeix,Li2GeAu,61.01,28.556
mp-aaaaaejj,SmB2Rh3,205.017,102.945
mp-aaaaaejl,Ca(NiGe)2,80.39,40.148
mp-aaaaaejr,NaMgF3,69.146,41.752
mp-aaaaaeju,Dy(BC)2,180.481,122.595
mp-aaaaaejv,Yb2CdS4,46.567,22.518
mp-aaaaaejw,HfSnRh,148.752,64.218
mp-aaaaaejx,MgSiP2,72.206,34.75
mp-aaaaaejz,CaAl2O4,81.122,43.029
mp-aaaaaeka,NaNO2,23.903,13.819
mp-aaaaaekb,Ce(MnSi)2,123.478,70.832
mp-aaaaaekd,La(CoB)2,125.812,83.203
mp-aaaaaeke,Sr(MnSb)2,30.716,17.37
mp-aaaaaekm,PrBPd3,131.577,-15.263
mp-aaaaaekn,CuAgTe2,20.693,10.103
mp-aaaaaekp,ZnGeN2,161.837,95.434
mp-aaaaaekx,Li2MgTl,27.001,14.225
mp-aaaaaeky,Li2GaRh,81.563,35.873
mp-aaaaaela,TmAgSn,75.464,40.242
mp-aaaaaelb,Cs2UO4,35.463,22.715
mp-aaaaaelh,ThB2C,181.305,124.008
mp-aaaaaeli,BaTiO3,166.907,106.373
mp-aaaaaelk,Cr3GaN,295.563,110.737
mp-aaaaaelq,P2Pd3S8,5.487999999999999,5.003
mp-aaaaaelv,Th(GeRh)2,145.97,68.15
mp-aaaaaelz,HoInCu,80.4,45.737
mp-aaaaaemc,Nd(MnSi)2,118.634,73.221
mp-aaaaaemd,Tl4SnTe3,26.737,13.957
mp-aaaaaeme,BaNbO3,167.842,89.357
mp-aaaaaemf,Tl(FeSe)2,38.004,22.879
mp-aaaaaemg,TbBPd3,142.81,10.576
mp-aaaaaemp,BaSi2O5,58.4,34.2
mp-aaaaaemq,RbBF4,16.78,8.554
mp-aaaaaems,MgAl2Cu,76.205,48.745
mp-aaaaaemt,Ce(FeSi)2,142.193,77.717
mp-aaaaaemw,Al2HgSe4,31.433,19.26
mp-aaaaaemy,TbCo3B2,205.718,120.709
mp-aaaaaena,K2SiF6,19.56,10.152
mp-aaaaaenb,Sr(Mo3S4)2,58.991,7.572
mp-aaaaaenf,MgGeO3,161.312,45.242
mp-aaaaaeng,U2SeN2,126.252,70.395
mp-aaaaaeni,Y3Al5O12,170.395,103.015
mp-aaaaaenl,DyAlNi,119.796,0.17200000000000001
mp-aaaaaenm,Li2CO3,53.936,28.12
mp-aaaaaenn,NdB2Rh3,199.655,90.324
mp-aaaaaent,TbNiC2,145.7,95.952
mp-aaaaaenx,Ho(FeGe)2,108.973,26.204
mp-aaaaaeoc,Na2CO3,47.059,4.636
mp-aaaaaeok,CdSiAs2,58.932,31.08
mp-aaaaaeon,BeAl2O4,214.562,147.365
mp-aaaaaeou,LaBRh3,165.301,62.911
mp-aaaaaeoy,DyB2Ru3,223.115,105.243
mp-aaaaaeoz,ErB2Ru3,225.055,105.691
mp-aaaaaepa,SrAl2O4,83.129,45.935
mp-aaaaaepd,Tb(SiRh)2,152.124,89.341
mp-aaaaaepe,AlCuO2,178.355,80.28
mp-aaaaaepi,TaCuS3,39.914,25.486
mp-aaaaaepj,Nb4AlC3,216.088,146.872
mp-aaaaaepk,BaZrN2,100.324,40.749
mp-aaaaaepl,LuBPd3,148.81,25.344
mp-aaaaaepn,Ga3PO7,149.786,60.464
mp-aaaaaepo,Lu(SiRh)2,158.887,83.91
mp-aaaaaepp,UGeTe,70.542,40.783
mp-aaaaaeqi,ErCoSi2,124.346,59.572
mp-aaaaaeqq,NaNbO3,176.561,100.088
mp-aaaaaeqs,Na8SnSb4,18.677,8.832
mp-aaaaaeqw,Ca(NO3)2,3.748,8.029
mp-aaaaaeqx,Na2SO4,42.966,23.265
mp-aaaaaeqy,HoNbO4,141.033,58.084
mp-aaaaaerc,Dy(SiPt)2,145.085,12.014
mp-aaaaaerj,Sc3FeC4,174.3,121.834
mp-aaaaaerm,Li2SbPt,79.179,28.96
mp-aaaaaern,Al2CdSe4,31.918,19.435
mp-aaaaaerp,LiAlSi,63.069,55.349
mp-aaaaaerr,BaSnO3,133.913,89.091
mp-aaaaaers,BaSO4,51.775,20.306
mp-aaaaaeru,Th(SiOs)2,183.234,94.675
mp-aaaaaesb,CaAlSi,56.962,39.745
mp-aaaaaesl,DyBRh3,183.388,86.089
mp-aaaaaeso,TbB2Ru3,222.108,104.945
mp-aaaaaess,Er(FeB)2,120.929,83.296
mp-aaaaaesw,Tb2Al3Si2,86.815,65.462
mp-aaaaaesy,NdGaO3,161.789,76.582
mp-aaaaaesz,TbAlPd,93.543,33.168
mp-aaaaaetd,Li2GaPd,67.604,26.29
mp-aaaaaetf,NdTaO4,146.512,65.377
mp-aaaaaetg,YbSnPd,69.65,25.619
mp-aaaaaeth,CaCO3,66.245,8.308
mp-aaaaaetj,Sr(NiGe)2,62.062,34.524
mp-aaaaaetk,ZrGeTe,52.592,43.277
mp-aaaaaetm,Ca(CoP)2,91.812,81.218
mp-aaaaaetn,Nd2SO2,107.491,55.72
mp-aaaaaets,Li2ZrN2,132.436,113.262
mp-aaaaaett,USeO,114.334,27.307
mp-aaaaaetu,Er(SiPd)2,134.258,52.4
mp-aaaaaetz,ThB2Ru3,230.004,94.235
mp-aaaaaeum,Pr2SO2,104.958,54.191
mp-aaaaaeup,Er(CoSi)2,131.977,94.295
mp-aaaaaeur,Sr(CuGe)2,77.539,40.884
mp-aaaaaeva,Ni2SbTe2,33.489,21.669
mp-aaaaaevf,SrCu2O3,96.392,42.367
mp-aaaaaevi,Ca3Ru2O7,148.022,60.41
mp-aaaaaevo,Th(NiGe)2,115.166,22.613
mp-aaaaaevt,NaTh2F9,88.135,47.917
mp-aaaaaevv,Ti3AlC,153.159,103.192
mp-aaaaaevy,NiGePd,165.803,51.908
mp-aaaaaewb,BAsO4,52.254,42.303
mp-aaaaaewf,Al5BO9,159.267,78.213
mp-aaaaaewh,RbNbO3,40.207,18.604
mp-aaaaaewk,Ce(AlZn)2,72.027,50.611
mp-aaaaaewn,LaMgNi4,-594.715,-382.116
mp-aaaaaewq,Tb(CoSi)2,113.474,94.425
mp-aaaaaewx,Sr(FeP)2,94.787,55.96
mp-aaaaaewz,Dy(SiPd)2,133.933,53.071
mp-aaaaaexf,BaSO4,43.4,19.34
mp-aaaaaexn,CaPd3O4,161.478,54.739
mp-aaaaaexv,SrZrO3,152.318,88.002
mp-aaaaaexx,Ce(NiGe)2,87.924,-30.923000000000002
mp-aaaaaeyb,Tb(NiGe)2,112.504,46.914
mp-aaaaaeyi,LaGaO3,161.922,69.839
mp-aaaaaeym,TaAlCo2,203.111,103.041
mp-aaaaaeyo,ZnPS3,14.996,9.292
mp-aaaaaeyr,Cu3AsS4,72.969,33.161
mp-aaaaaeys,HoZrSb,80.205,39.455
mp-aaaaaeyu,LiBIr,163.719,69.518
mp-aaaaaeyv,Sr3Ti2O7,139.441,83.293
mp-aaaaaezf,Ba2SnO4,96.443,51.646
mp-aaaaaezj,Sc2Ni2Sn,105.02,41.918
mp-aaaaaezq,Y2Sn2O7,164.271,91.448
mp-aaaaaezs,Rb2SO4,25.157,13.378
mp-aaaaaezw,Sr2SnO4,108.931,63.505
mp-aaaaaezy,SrHfO3,155.349,92.483
mp-aaaaafac,CaSiO3,215.108,144.683
mp-aaaaafae,Er3Al5O12,173.762,105.755
mp-aaaaafaf,Sr(PPd)2,103.811,49.586
mp-aaaaafah,CaSiO3,214.891,122.375
mp-aaaaafai,U(SiRu)2,326.477,83.923
mp-aaaaafak,Y(CuSi)2,118.289,76.153
mp-aaaaafar,Ba2TiO4,64.743,30.35
mp-aaaaafas,Ho2Ni2Pb,74.964,28.014
mp-aaaaafau,Lu(MnGe)6,141.054,96.788
mp-aaaaafaw,UTeN,38.078,30.992
mp-aaaaafaz,NaAl11O17,152.126,69.533
mp-aaaaafbc,CeAlO3,182.218,59.449
mp-aaaaafbf,Tl(MoSe)3,34.649,15.825
mp-aaaaafbg,Eu(CuSi)2,85.94,60.857
mp-aaaaafbj,Yb(SiRu)2,133.202,67.203
mp-aaaaafbk,Na3AlF6,50.993,28.155
mp-aaaaafbv,LiAlO2,92.356,52.968
mp-aaaaafbw,SmBPd3,137.352,3.312
mp-aaaaafca,ScNiSb,103.751,66.881
mp-aaaaafcb,YMgNi4,90.883,57.883
mp-aaaaafcf,Ce(CoSi)2,137.291,87.99
mp-aaaaafcj,Y(SiRh)2,151.48,88.566
mp-aaaaafck,CaTiO3,171.657,106.112
mp-aaaaafcm,ErTaO4,138.466,67.66
mp-aaaaafcq,KMgF3,74.789,43.567
mp-aaaaafct,BaVS3,64.505,8.829
mp-aaaaafcx,Er(NiP)2,151.308,83.931
mp-aaaaafcy,Tb(CuSi)2,119.971,76.235
mp-aaaaafdg,FeSiRu2,232.733,118.341
mp-aaaaafdi,PrAlO3,184.409,103.755
mp-aaaaafdj,SmB2Ru3,217.544,103.1
mp-aaaaafdl,ZrNi2Sb,145.512,60.623
mp-aaaaafdm,MgSiO3,97.725,67.421
mp-aaaaafdn,La2Ni5B4,136.781,65.972
mp-aaaaafdo,PbSO4,38.265,20.584
mp-aaaaafdt,MgAgAs,65.693,7.627
mp-aaaaafec,KSnSb,19.885,13.626
mp-aaaaafee,Na2Ti3O7,97.103,43.32
mp-aaaaafef,Nd(FeSi)2,118.239,79.69
mp-aaaaafek,CeGa3Pd2,101.993,53.223
mp-aaaaafen,FeCuS2,50.47,19.147
mp-aaaaafeo,HfGaNi2,128.242,22.94
mp-aaaaafep,MnSbPd2,122.697,13.5
mp-aaaaafer,Er(Fe2Ge)2,98.162,58.284
mp-aaaaafet,Li6WN4,84.394,68.603
mp-aaaaafeu,NbNi2Sn,156.967,39.414
mp-aaaaafex,Lu(SiPd)2,136.258,48.004
mp-aaaaaffd,Dy2Al3Si2,87.583,65.851
mp-aaaaafff,Y(CoB)2,153.952,107.661
mp-aaaaaffj,ZrSO,130.347,50.433
mp-aaaaaffl,NaBF4,28.014,12.385
mp-aaaaaffm,MgCuSb,66.779,36.515
mp-aaaaaffo,LiPN2,135.35,100.508
mp-aaaaaffr,Na3AgO2,50.007,27.831
mp-aaaaaffw,CrAgSe2,62.714,22.96
mp-aaaaaffy,Ge2Sb2Te5,22.025,15.452
mp-aaaaafga,MgAl2O4,182.861,98.235
mp-aaaaafgd,NbGaNi2,186.563,37.235
mp-aaaaafgr,KTeAu,27.321,13.392
mp-aaaaafgu,Tm2SO2,127.607,70.856
mp-aaaaafhf,NaVSe2,46.152,-0.5640000000000001
mp-aaaaafhh,Nd(Sb3Os)4,100.469,52.211
mp-aaaaafhm,MnAlCu2,125.381,47.176
mp-aaaaafho,HfGaCo2,172.836,77.795
mp-aaaaafhr,UGeSe,83.522,53.059
mp-aaaaafht,Ta4MnS8,62.712,47.917
mp-aaaaafhu,Mg(BC)2,157.751,104.546
mp-aaaaafhw,NdPO4,114.656,55.684
mp-aaaaafhx,La(SiIr)2,145.667,99.569
mp-aaaaafhz,Sc(SiNi)2,151.528,61.909
mp-aaaaafib,BPO4,59.735,60.977
mp-aaaaafid,NdBRh3,174.728,74.997
mp-aaaaafih,ZnSiAs2,66.291,42.28
mp-aaaaafij,BaRuO3,1442373.521,191192.497
mp-aaaaafio,YAl4Ni,92.48,59.11
mp-aaaaafir,Th(CoGe)2,142.488,66.96
mp-aaaaafis,MnSiN2,184.321,91.55
mp-aaaaafiz,NaErS2,46.984,28.121
mp-aaaaafja,KTaO3,188.716,122.495
mp-aaaaafje,Sc2FeSi2,110.477,75.98
mp-aaaaafjj,MnAlCo2,188.169,102.715
mp-aaaaafjv,LiBO2,62.738,31.277
mp-aaaaafjx,YOF,131.718,56.884
mp-aaaaafjy,Cu2P2O7,80.272,40.718
mp-aaaaafka,Nb6Si7Ni16,218.334,105.841
mp-aaaaafkc,ScCuO2,137.545,46.58
mp-aaaaafki,Zn2CuAu,112.628,18.83
mp-aaaaafkk,HfCu2Te3,41.391,23.641
mp-aaaaafko,RbCaF3,48.191,26.403
mp-aaaaafkr,TiCo2Si,206.714,96.955
mp-aaaaafku,LiB3O5,83.932,47.464
mp-aaaaafla,LiTaO3,121.383,72.113
mp-aaaaaflc,CdGeP2,65.34,35.648
mp-aaaaafld,Mn(NbS2)4,27.063,20.553
mp-aaaaaflf,NaNbO3,101.993,59.156
mp-aaaaaflk,MgCu4Sn,97.854,58.121
mp-aaaaafll,MgSiN2,173.274,105.134
mp-aaaaaflm,Tb(SiRu)2,152.051,79.93
mp-aaaaafln,NiSbS,84.973,51.865
mp-aaaaaflu,YbBRh3,161.964,87.207
mp-aaaaaflx,NdCo4B,157.015,64.147
mp-aaaaafmb,HoBPd3,145.69,18.834
mp-aaaaafmg,SrAlSi,52.321,38.416
mp-aaaaafmi,LiYF4,79.743,31.762
mp-aaaaafmj,Sc(Al2Fe)4,128.938,85.544
mp-aaaaafmk,FeCuPt2,197.434,71.301
mp-aaaaafmo,Ho2Co12P7,201.47,106.337
mp-aaaaafmp,CaGe2O5,121.058,25.3
mp-aaaaafmr,Tb(CoGe)2,131.45,70.892
mp-aaaaafms,HoBRh3,184.167,87.48
mp-aaaaafmy,TbNiSb,89.316,55.203
mp-aaaaafmz,LuBRh3,188.744,90.644
mp-aaaaafna,ThTeO,79.236,51.071
mp-aaaaafnd,SrHfO3,154.085,98.02
mp-aaaaafni,Li2GaPt,82.351,28.95
mp-aaaaafnn,LiNbO3,103.121,49.129
mp-aaaaafno,Ti2CS,179.75,134.771
mp-aaaaafnp,BeTl2F4,24.832,8.47
mp-aaaaafns,ZrAlCu2,127.356,49.2
mp-aaaaafnv,NdCuSe2,62.416,30.024
mp-aaaaafnw,TiNi2Sn,159.419,36.868
mp-aaaaafoa,NaNbO2,146.768,99.169
mp-aaaaafod,Ti3AlC2,158.241,128.029
mp-aaaaafoe,AlCuO2,156.0,81.731
mp-aaaaafoh,AlTlF4,45.26,23.515
mp-aaaaafoo,Eu(NiP)2,108.198,74.64
mp-aaaaafop,MgGeO3,167.305,81.692
mp-aaaaafos,VCu3S4,43.389,24.992
mp-aaaaafoy,KN3O4,14.515,6.382
mp-aaaaafpb,MgTiO3,161.087,74.471
mp-aaaaafpc,Cd(GaSe2)2,31.353,18.984
mp-aaaaafpj,CrSiTe3,12.075,4.726
mp-aaaaafpv,ScCo2Sn,137.52,75.57
mp-aaaaafpw,YAlO3,190.06,111.803
mp-aaaaafpz,NaZnF3,68.824,30.263
mp-aaaaafqd,GdSF,100.481,50.55
mp-aaaaafqg,Ta4AlC3,235.646,150.43
mp-aaaaafqh,Ta4AlC3,236.717,145.106
mp-aaaaafqi,Sr(PRu)2,87.317,50.755
mp-aaaaafqj,Al(FeB)2,224.5,133.097
mp-aaaaafql,Al2CdSe4,63.038,26.285
mp-aaaaafqm,K2UO4,60.113,29.379
mp-aaaaafqr,Ba2ZrS4,55.272,28.767
mp-aaaaafqz,K2PtF6,24.229,10.53
mp-aaaaafra,SrCO3,60.547,29.338
mp-aaaaafre,Ce(SiPd)2,124.834,56.202
mp-aaaaafrf,KFeS2,16.879,9.027
mp-aaaaafrh,CdSnAs2,47.195,23.183
mp-aaaaafri,NiAsS,12363.935,7406.534
mp-aaaaafrl,Mg(AlSi)2,62.188,32.953
mp-aaaaafrm,BaZrO3,148.845,91.419
mp-aaaaafrn,Ba(Mo3S4)2,54.991,14.911
mp-aaaaafrq,Li5ReN4,71.86,46.271
mp-aaaaafrr,GaCuTe2,46.028,24.967
mp-aaaaafsb,TlFeS2,24.875,9.844
mp-aaaaafsg,Y(MnSi)2,125.819,76.237
mp-aaaaafsj,Ba3(PO4)2,66.543,29.566
mp-aaaaafso,Ca(AlGe)2,59.086,37.748
mp-aaaaafsx,Ti2SnC,134.1,94.05
mp-aaaaafth,BaZnF4,57.665,23.691
mp-aaaaaftm,Zr2AlC,125.112,93.417
mp-aaaaaftn,Li3GaN2,98.991,87.141
mp-aaaaaftp,NaBO2,45.442,20.982
mp-aaaaaftv,Ho(SiRh)2,156.376,87.871
mp-aaaaaftw,Y(SiIr)2,179.899,63.404
mp-aaaaafub,NdNbO4,106.12,38.657
mp-aaaaafuj,ZrAlCo2,162.789,79.114
mp-aaaaafur,Cd2GeO4,99.731,33.82
mp-aaaaafux,Th2MnN3,197.985,101.138
mp-aaaaafuy,LiNbO2,156.667,100.566
mp-aaaaafvb,CaAsAu,60.978,27.657
mp-aaaaafvf,SmSF,101.622,51.669
mp-aaaaafvh,Mg2PN3,149.391,87.587
mp-aaaaafvi,Cu3PS4,78.018,35.591
mp-aaaaafvm,ZrSiS,126.096,87.404
mp-aaaaafvq,TmSnPd2,113.153,28.127
mp-aaaaafvr,BaTi2O5,123.542,64.43
mp-aaaaafvs,ZrAlNi2,151.414,-11.47
mp-aaaaafvy,ErInCu,76.827,47.675
mp-aaaaafvz,Ti2CuS4,100.958,37.972
mp-aaaaafwa,BaY2O4,113.773,59.353
mp-aaaaafwb,CaCO3,75.231,33.182
mp-aaaaafwd,AlPO4,30.491,36.63
mp-aaaaafwg,Er(SiOs)2,175.465,86.668
mp-aaaaafwi,CaUO4,137.995,54.77
mp-aaaaafwk,LaPO4,104.626,48.615
mp-aaaaafwl,K2CO3,27.466,12.321
mp-aaaaafws,K2TiF6,27.845,12.002
mp-aaaaafxe,KCuO2,34.178,17.182
mp-aaaaafxk,BaCu3O4,77.551,32.974
mp-aaaaafxn,UMoC2,255.507,145.732
mp-aaaaafxo,PrSF,96.139,47.45
mp-aaaaafxu,LaTaO4,122.275,67.187
mp-aaaaafxv,Y(SiPt)2,144.639,15.533
mp-aaaaafxx,BaTaS3,48.992,10.165
mp-aaaaafxy,Li2ZrF6,58.042,35.314
mp-aaaaafyc,ErPO4,141.94,66.446
mp-aaaaafyd,Nd(SiNi)2,147.126,70.97
mp-aaaaafye,ZnGeAs2,59.569,37.29
mp-aaaaafyf,BaPdS2,39.963,12.375
mp-aaaaafyj,Nd(SiRu)2,134.593,80.896
mp-aaaaafyk,Pr(CuSi)2,108.486,73.831
mp-aaaaafyp,CaTiO3,172.274,102.365
mp-aaaaafys,Zr2CoSi2,167.087,95.112
mp-aaaaafyv,TmNiSb,91.824,61.273
mp-aaaaafyw,KCrS2,55.286,34.149
mp-aaaaafza,Rb2Pt3S4,22.197,8.082
mp-aaaaafzh,TmNiC2,170.384,100.038
mp-aaaaafzn,NbCu3Se4,33.566,22.259
mp-aaaaafzr,Cs2SiF6,16.017,6.5760000000000005
mp-aaaaalsj,BeSiN2,220.956,174.122
mp-aaaaalsk,NaScO2,100.745,66.176
mp-aaaaalsl,ZrSiO,172.699,110.149
mp-aaaaalsm,HfSiS,134.279,93.63
mp-aaaaalsn,HfGeSe,111.031,73.615
mp-aaaaalso,HfGeS,126.583,82.007
mp-aaaaalsr,MgPdF6,30.483,22.643
mp-aaaaalss,CaPdF6,21.718,12.227
mp-aaaaalsu,Li2Sn5,41.724,18.289
mp-aaaaalsw,TaSe2,22.817,13.913
mp-aaaaalsx,Nb4N5,268.181,161.799
mp-aaaaalsy,K2PtS2,35.048,17.968
mp-aaaaalta,Zr3(Cu2Si)2,132.377,76.896
mp-aaaaaltb,SrP,44.749,26.944
mp-aaaaaltf,USbTe,61.912,39.772
mp-aaaaaltg,LiNbS2,82.755,57.167
mp-aaaaalth,NaNbS2,76.388,48.843
mp-aaaaalti,KNbS2,69.488,46.405
mp-aaaaaltj,NaNbSe2,61.06,39.007
mp-aaaaaltk,KNbSe2,56.925,37.527
mp-aaaaaltm,NaTiS2,50.05,34.134
mp-aaaaaltt,Rb2GeF6,20.664,9.303
mp-aaaaaltv,ThSe2,77.932,26.736
mp-aaaaalty,Nd2O3,98.225,37.433
mp-aaaaaltz,Li3Sb,28.627,24.195
mp-aaaaalua,Na3Sb,19.462,12.543
mp-aaaaalud,KErO2,83.58,49.484
mp-aaaaaluf,Sr3SnO,44.124,35.774
mp-aaaaalug,YbAgS2,66.819,24.035
mp-aaaaalui,YAlO3,171.919,82.453
mp-aaaaalur,RbNdO2,68.969,36.925
mp-aaaaalus,RbSmO2,72.801,39.626
mp-aaaaaluu,RbGdO2,76.184,39.962
mp-aaaaaluv,CsSmO2,71.864,36.15
mp-aaaaalux,K2PdF6,23.767,9.335
mp-aaaaalve,CaSnO3,149.034,83.207
mp-aaaaalvg,Cs2O,6.526,3.041
mp-aaaaalvj,BN,97.905,68.078
mp-aaaaalvt,LiAlO2,142.701,96.813
mp-aaaaalvu,LiGaO2,118.336,71.709
mp-aaaaalvv,SiCN,207.657,-63.434
mp-aaaaalwf,KRuF6,11.553,4.906
mp-aaaaalwg,RbRuF6,10.98,6.112
mp-aaaaalwi,AlCuSe2,63.574,28.475
mp-aaaaalwj,AlCuTe2,49.905,24.581
mp-aaaaalwm,LaTiO3,183.62,66.054
mp-aaaaalwo,Al2O,56.23,-67.087
mp-aaaaalwp,AlO,134.577,-10.647
mp-aaaaalwz,PuF3,118.532,34.579
mp-aaaaalxd,BaThO3,110.875,50.624
mp-aaaaalxf,AlF3,124.366,76.51
mp-aaaaalxh,Rb2S,-0.0,1.873
mp-aaaaalxi,ZrGeO4,202.683,86.908
mp-aaaaalxk,V2PC,227.261,151.481
mp-aaaaalxl,V5P3N,209.704,88.907
mp-aaaaalxm,Ta4N5,289.948,175.313
mp-aaaaalxo,NdNi4B,140.198,71.451
mp-aaaaalxt,YCo,73.704,27.181
mp-aaaaalxz,SiO2,19.957,41.802
mp-aaaaalyc,SiC,212.682,187.246
mp-aaaaalyn,AsPd2,124.288,28.671
mp-aaaaalyo,TaSnO3,189.595,22.423
mp-aaaaalyz,Mg3P2,57.133,38.966
mp-aaaaalze,Cu2P2O7,80.27,40.766
mp-aaaaalzh,Ba2Cd,14.827,9.934
mp-aaaaalzi,Ba2Hg,16.104,9.961
mp-aaaaalzk,ZrCuF6,13.999,6.777
mp-aaaaalzl,SiP,61.616,-59.492
mp-aaaaalzm,InGaO3,168.242,74.36
mp-aaaaalzp,WN2,311.395,69.541
mp-aaaaalzq,W3N4,344.254,70.766
mp-aaaaalzy,AlBO3,202.44,121.355
mp-aaaaamak,ErCuSi,97.809,63.774
mp-aaaaamal,TmCuSi,98.396,64.836
mp-aaaaaman,LuCuSi,100.492,65.529
mp-aaaaamao,YCuSi,93.076,60.168
mp-aaaaamau,Li(TiSe2)3,23.112,17.774
mp-aaaaamaw,UO3,168.947,43.216
mp-aaaaamay,ThSO,135.883,63.691
mp-aaaaamaz,NpSO,129.63,70.286
mp-aaaaambm,Ba(CdSb)2,35.993,16.34
mp-aaaaambv,TlCu4S3,50.486,15.68
mp-aaaaambx,CaPdF4,75.302,30.762
mp-aaaaamcl,KTlO2,71.739,27.414
mp-aaaaamcm,RbTlO2,69.312,23.024
mp-aaaaamcn,HgF2,86.276,12.599
mp-aaaaamcq,LiNO3,39.77,22.996
mp-aaaaamcr,Li2CeN2,110.495,65.413
mp-aaaaamcs,As3Rh,115.538,71.782
mp-aaaaamcx,K2ZnO2,42.145,9.082
mp-aaaaamcy,KScO2,95.827,57.465
mp-aaaaamdb,Cs2PtF6,17.328,7.681
mp-aaaaamdk,AgP2,63.049,25.878
mp-aaaaamdo,LiAlB14,194.262,188.166
mp-aaaaamdr,Zn(PtO2)3,193.672,63.614
mp-aaaaamds,Mg(PtO2)3,187.744,69.992
mp-aaaaamdv,GaGeTe,15.227,10.596
mp-aaaaamdw,Cd(PtO2)3,192.406,71.033
mp-aaaaamdz,LaYbS3,54.948,19.623
mp-aaaaamec,PrAlO3,197.512,136.42
mp-aaaaamed,Zr(CuP)2,127.405,64.32
mp-aaaaamef,ZrAsRu,186.495,85.07
mp-aaaaameg,AgO,89.041,-4.755
mp-aaaaamei,CaSnF6,56.223,22.76
mp-aaaaamep,ZrSO,170.185,84.61
mp-aaaaameu,Ba(PPd)2,61.494,32.265
mp-aaaaamev,Ba(AsPd)2,58.202,29.71
mp-aaaaamfh,TlPS3,10.753,5.047
mp-aaaaamfi,La(NiP)2,124.941,75.844
mp-aaaaamfl,Na5ReO6,56.295,37.483
mp-aaaaamfn,CaPtF6,19.548000000000002,11.715
mp-aaaaamfo,ZnPtF6,33.853,19.578
mp-aaaaamfu,K2P3,16.206,9.501
mp-aaaaamfz,KPS3,10.254,4.41
mp-aaaaamgh,CdGeO3,147.362,45.555
mp-aaaaamgi,Sr(ZnP)2,63.496,43.654
mp-aaaaamgj,Sr(CdP)2,53.94,34.745
mp-aaaaamgk,Ba(MgP)2,51.07,38.104
mp-aaaaamgl,Ba(CdP)2,50.707,32.604
mp-aaaaamgm,Ba(MgAs)2,45.089,33.213
mp-aaaaamgn,Ba(CdAs)2,44.501,26.805
mp-aaaaamgo,Ti2N,203.884,120.619
mp-aaaaamgr,ZnGeO3,163.128,42.095
mp-aaaaamgv,SnF3,50.256,15.788
mp-aaaaamgw,BaSnF6,35.683,19.878
mp-aaaaamgx,BaTiF6,49.076,22.261
mp-aaaaamhe,Sr4P2O,50.236,33.556
mp-aaaaamhf,Sr4As2O,46.741,32.082
mp-aaaaamhg,Ba4As2O,38.918,21.736
mp-aaaaamhm,Ba3FeN3,31.23,19.247
mp-aaaaamhn,CaNi4B,132.728,61.205
mp-aaaaamho,Ca3Ni7B2,102.596,50.245
mp-aaaaamhq,Li(NiP)2,111.137,44.076
mp-aaaaamhr,Si3NiP4,104.417,62.095
mp-aaaaamia,SmScSi,69.1,43.35
mp-aaaaamip,Ba2ZrO4,105.829,56.479
mp-aaaaamis,TaF3,100.51,20.136
mp-aaaaamjc,TlSbF6,15.209,5.277
mp-aaaaamjg,SiO2,146.005,53.406
mp-aaaaamji,LaF3,109.184,26.885
mp-aaaaamjw,Pr3GaC,36.668,13.823
mp-aaaaamjy,Ni3GeC,187.015,41.228
mp-aaaaamka,CaSi2,60.404,34.761
mp-aaaaamkb,GeP,33.137,-116.308
mp-aaaaamkd,Th(SiTc)2,151.246,38.343
mp-aaaaamkf,TeO2,21.082,23.269
mp-aaaaamkr,Na6ZnS4,31.23,14.354
mp-aaaaamkz,CsSrF3,39.37,20.108
mp-aaaaamla,CsYbF3,57.116,32.481
mp-aaaaamlb,CsCdF3,53.871,24.043
mp-aaaaamld,CsMgF3,62.499,36.041
mp-aaaaamle,RbMgF3,66.107,41.94
mp-aaaaamlj,Li3LaP2,56.817,45.426
mp-aaaaamll,KYO2,78.584,46.437
mp-aaaaamlq,K2HfF6,15.293,6.037
mp-aaaaamlr,K2HfF6,51.219,25.252
mp-aaaaamlu,ZrCoP,199.308,115.332
mp-aaaaammc,K2Se,15.850999999999999,8.676
mp-aaaaammh,Ca(BRh)2,151.502,52.405
mp-aaaaammi,CaCuP,73.255,50.755
mp-aaaaamml,Ta2PdS6,19.314,11.412
mp-aaaaammm,Ta2PdSe6,17.445,9.351
mp-aaaaammp,Ca5(AlSb3)2,39.186,22.791
mp-aaaaammw,K2CuP,21.887,10.978
mp-aaaaamnc,NaLiS,35.529,23.768
mp-aaaaamne,KF,33.925,14.164
mp-aaaaamng,SrAsPt,72.367,29.338
mp-aaaaamni,BaAsPt,68.239,23.705
mp-aaaaamnj,CdSO4,62.326,26.036
mp-aaaaamnm,Hf3Al2,116.6,68.275
mp-aaaaamns,Sr(SbPd)2,76.461,1.084
mp-aaaaamnu,NaPrO2,84.293,42.149
mp-aaaaamof,LiPrGe,53.023,37.085
mp-aaaaamoi,ZnO2,138.631,62.222
mp-aaaaamol,CaSbPt,81.669,35.587
mp-aaaaamox,Ho2Cr2C3,160.653,70.234
mp-aaaaamqa,Tm(SiRh)2,157.698,86.03
mp-aaaaamqh,ErSi2Rh3,171.529,93.249
mp-aaaaamqj,S(OF)2,3.686,1.6760000000000002
mp-aaaaamql,SrSnP,41.51,23.276
mp-aaaaamqm,NdRhC2,146.188,69.882
mp-aaaaamqp,Na3AlAs2,23.337,12.749
mp-aaaaamrd,BaPaO3,109.369,41.577
mp-aaaaamrm,Ag,88.449,32.087
mp-aaaaamrz,Ba(AgS)2,50.57,20.189
mp-aaaaamsc,Eu(PRh)2,133.042,72.154
mp-aaaaamsd,Ba(PRh)2,81.062,40.46
mp-aaaaamsv,Te4Mo3,32.683,13.203
mp-aaaaamsx,RbAgO,24.529,4.133
mp-aaaaamsz,SrSbPt,58.536,15.928
mp-aaaaamta,BaSbPt,57.332,21.965
mp-aaaaamtc,K(Cu2As)2,51.763,20.635
mp-aaaaamtj,NbBO4,249.352,141.476
mp-aaaaamtp,K2PtSe2,28.157,14.58
mp-aaaaamtq,Rb2PtSe2,27.207,13.652
mp-aaaaamtr,K2Te2Pt,22.506,10.459
mp-aaaaamts,K2Sn2O3,23.501,15.91
mp-aaaaamtw,Te4Pt3,47.518,24.441
mp-aaaaamty,SbIrS,140.919,86.444
mp-aaaaamtz,LuAlB4,182.221,153.632
mp-aaaaamua,V,176.702,-24.16
mp-aaaaamub,Cr,233.911,-121.246
mp-aaaaamuc,Mn,280.959,120.902
mp-aaaaamud,Zr,89.974,29.84
mp-aaaaamue,Nb,167.391,-82.909
mp-aaaaamuf,Mo,242.484,-4.159
mp-aaaaamug,Tc,298.021,140.215
mp-aaaaamuh,Ru,303.897,198.805
mp-aaaaamui,Hf,102.549,45.446
mp-aaaaamuj,W,285.901,-177.398
mp-aaaaamuk,Re,363.048,195.364
mp-aaaaamul,Os,394.005,247.391
mp-aaaaamuq,TiFeSi,187.835,113.376
mp-aaaaamuw,PrSiRu,77.836,47.266
mp-aaaaamvi,CsAgO,21.37,8.448
mp-aaaaamvm,Ca3CrN3,85.654,51.84
mp-aaaaamvo,La2PdO4,120.843,51.1
mp-aaaaamvr,HgPd,103.076,-17.951
mp-aaaaamvs,Tl(CuS)2,28.231,16.05
mp-aaaaamvt,ZrTiTe4,14.309,12.148
mp-aaaaamvy,Ca2SiO4,152.578,98.816
mp-aaaaamwn,ScBO3,158.788,71.217
mp-aaaaamwq,K2Au3,33.183,14.542
mp-aaaaamwt,Na3SbSe4,19.392,5.501
mp-aaaaamxo,K2TeO3,23.313,14.44
mp-aaaaamxw,Ta2Se,42.606,24.229
mp-aaaaamyg,DyCoSi2,127.501,61.207
mp-aaaaamyq,Na4CdP2,23.586,12.6
mp-aaaaamyr,K4HgP2,16.008,8.277
mp-aaaaamys,NaLiTe,24.832,15.62
mp-aaaaamyu,KLiSe,24.635,15.306
mp-aaaaamyw,SmRhC2,149.588,71.025
mp-aaaaamyz,NdCoC2,161.032,81.561
mp-aaaaamzd,Na2CoS2,95.995,695.709
mp-aaaaamzj,Lu2(NiB2)3,202.613,141.073
mp-aaaaamzk,ScB12,218.18,190.491
mp-aaaaamzs,Cr2N,288.234,141.769
mp-aaaaamzt,SnS,7.142,2.426
mp-aaaaamzy,Zr2NiAs2,138.277,68.334
mp-aaaaanab,Ca4As2O,56.917,40.92
mp-aaaaanac,Ba2CuO3,77.113,39.302
mp-aaaaanal,RbNaS,22.388,12.314
mp-aaaaanam,TlCu3Se2,36.601,13.476
mp-aaaaanaq,Li6MoN4,83.422,67.066
mp-aaaaanay,Rb2GeF6,17.736,7.65
mp-aaaaanbe,Ca2ZnN2,81.76,44.53
mp-aaaaanbq,NaRhO2,109.969,59.556
mp-aaaaancc,CaSiPd,65.66,32.776
mp-aaaaancd,SrSiPd,68.756,23.297
mp-aaaaancg,Ba3Nb5O15,160.248,90.19
mp-aaaaancu,Na3As,24.248,11.722
mp-aaaaancv,Rb2MgF4,39.398,21.019
mp-aaaaancy,Li(Co3P2)2,202.474,100.91
mp-aaaaandc,Ba3NaN,1.319,2.319
mp-aaaaandf,CsNa2BO3,47.016,21.559
mp-aaaaandh,LiGeBO4,89.133,60.304
mp-aaaaandi,LiSiBO4,94.759,73.016
mp-aaaaando,AlP,82.62,47.048
mp-aaaaandp,AlAs,67.203,39.618
mp-aaaaandq,GaP,76.25,51.856
mp-aaaaandr,GaAs,60.75,41.228
mp-aaaaands,ZnTe,42.546,22.507
mp-aaaaandz,K2Zr(BO3)2,64.928,34.028
mp-aaaaaned,Ca2B4Rh5,156.278,81.829
mp-aaaaanee,Sr2B4Rh5,146.854,79.667
mp-aaaaaner,RuO2,273.128,147.463
mp-aaaaanet,CuAgS,46.958,15.031
mp-aaaaanfe,Cd(SbO3)2,107.992,47.314
mp-aaaaanfj,TaCuN2,215.162,58.845
mp-aaaaanfo,Cs2SiP2,15.288,8.595
mp-aaaaanfs,SnSe,5.698,5.736
mp-aaaaanft,CrSi2,189.969,171.077
mp-aaaaanfu,Si2Mo,207.258,149.363
mp-aaaaanfv,Si2W,220.371,147.913
mp-aaaaanfz,PtF4,39.735,19.123
mp-aaaaangs,Rb2HgF4,32.512,11.131
mp-aaaaangt,Cs2HgF4,28.269,10.514
mp-aaaaangz,Mg2Ni3P,125.782,69.791
mp-aaaaanhd,NaSi2N3,186.672,116.13
mp-aaaaanhg,Cu2WS4,9.511,8.382
mp-aaaaanhi,CsNbN2,94.476,29.703
mp-aaaaanhm,CaSiPt,61.333,33.737
mp-aaaaanhn,CaSiPt,102.152,40.756
mp-aaaaanhy,Rb2NbF6,21.645,9.05
mp-aaaaanhz,Cs2NbF6,22.614,9.447
mp-aaaaania,Sc3RuC4,182.544,108.952
mp-aaaaanik,Ho2CF2,105.953,65.305
mp-aaaaanio,RbAuS,12.48,6.133
mp-aaaaanjb,ScSiAu,113.183,63.455
mp-aaaaanjd,YSiAu,92.683,44.079
mp-aaaaanjf,TiS2,46.408,30.78
mp-aaaaanjh,Ca3VN3,87.062,50.486
mp-aaaaanjn,NaLuS2,48.095,30.181
mp-aaaaanki,ZrPdF6,7.646,11.439
mp-aaaaankm,RbPdF3,67.565,22.825
mp-aaaaankn,KPdF3,68.848,19.737
mp-aaaaankp,RbSe,12.853,6.659
mp-aaaaanku,K2NaAlP2,24.93,16.531
mp-aaaaankv,K2NaAlAs2,22.098,14.515
mp-aaaaanlb,CdCuF4,84.837,32.065
mp-aaaaanlc,NaTmS2,47.536,28.714
mp-aaaaanll,CsTbS2,41.027,25.399
mp-aaaaanlv,Tb2Si3,73.503,33.445
mp-aaaaanmy,LiZnAs,53.606,40.964
mp-aaaaanmz,Ca(SbO3)2,98.203,50.345
mp-aaaaannb,Ba(SbO3)2,87.909,41.371
mp-aaaaanog,LiCuO2,81.11,41.021
mp-aaaaanom,ThSiAu,119.857,62.806
mp-aaaaanoo,MgCN2,96.751,31.757
mp-aaaaanou,Li4TiO4,79.937,43.617
mp-aaaaanov,TiO2,100.826,53.487
mp-aaaaanoz,Y2Al3Si2,86.1,65.462
mp-aaaaanpb,Ba3Zr2S7,59.427,30.289
mp-aaaaanpq,SmCuSeO,74.998,35.782
mp-aaaaanpr,BaCuSeF,52.129,13.895
mp-aaaaanpu,Fe(SiP)4,112.916,90.786
mp-aaaaanpw,K3AuO,18.66,11.654
mp-aaaaanqe,V2B3,279.124,240.168
mp-aaaaanqh,Tm2Fe2Si2C,139.272,84.491
mp-aaaaanqt,ScGeRu,147.039,82.265
mp-aaaaanqv,ScSiPt,149.146,61.333
mp-aaaaanri,Ba2UCuO6,-14037319.647,-2106678.948
mp-aaaaanro,LiBC,153.134,133.263
mp-aaaaanrr,Ba(CuAs)2,58.575,26.516
mp-aaaaanrs,Cu2SiS3,78.911,36.107
mp-aaaaanrv,TlTe3Pt2,23.076,15.407
mp-aaaaanrw,HgS,7.841,7.541
mp-aaaaanry,Al2Te5,5.745,4.37
mp-aaaaansb,Yb(CdSb)2,40.555,21.583
mp-aaaaansc,SiO2,310.27,213.805
mp-aaaaansg,Cs2PtF6,11.837,7.232
mp-aaaaansi,NaTeAu,31.246,9.325
mp-aaaaanso,SbIrS,142.102,87.554
mp-aaaaansq,TlPt2S3,27.301,15.986
mp-aaaaanss,Rb3Sb2Au3,15.491,5.4879999999999995
mp-aaaaanth,ZrSnTe,81.945,53.344
mp-aaaaantn,TaCu3Te4,34.708,19.87
mp-aaaaantw,DyCuSeO,82.277,38.336
mp-aaaaanty,Sr2ZnN2,67.594,35.522
mp-aaaaantz,Ba2ZnN2,53.731,23.848
mp-aaaaanue,PrNiC2,141.136,84.913
mp-aaaaanuk,KZrCuSe3,30.478,18.801
mp-aaaaanun,Ba2HfS4,56.786,30.354
mp-aaaaanuq,Ba3MnN3,32.686,20.268
mp-aaaaanur,Sr3MnN3,51.62,31.792
mp-aaaaanuw,CdPS3,11.099,6.8469999999999995
mp-aaaaanvf,NbP,185.947,104.288
mp-aaaaanvp,KRb2ScF6,33.983,13.221
mp-aaaaanvq,ScGeAu,100.236,44.379
mp-aaaaanvr,LuGeAu,95.16,42.974
mp-aaaaanwl,ErF3,72.095,44.528
mp-aaaaanwt,Sr(SnAs)2,40.513,28.465
mp-aaaaanwv,Zr6FeTe2,114.77,60.855
mp-aaaaanww,SrZrN2,148.786,101.048
mp-aaaaanwx,SrHfN2,156.263,107.326
mp-aaaaanwz,RbAu3Se2,9.541,3.555
mp-aaaaanxa,CsAu3Se2,7.606,2.961
mp-aaaaanxb,TbCuGe,86.002,53.608
mp-aaaaanxd,HoCuGe,89.851,56.64
mp-aaaaanxf,TaNi2Te3,21.521,10.537
mp-aaaaanxn,SmTe3,22.055,12.107
mp-aaaaanxo,CeAlSi2,82.941,44.343
mp-aaaaanyz,NbFeSb,164.016,80.125
mp-aaaaanzc,YbAgSb,53.668,25.323
mp-aaaaanzp,Sr2ZnCu2(SO)2,82.152,42.477
mp-aaaaanzv,Y4C5,100.83,63.23
mp-aaaaanzw,Zn3N2,131.064,56.059
mp-aaaaanzz,ZrGeSb,98.407,74.614
mp-aaaaaoai,LiAg2Ge,64.676,17.417
mp-aaaaaoaj,Ba(NiP)2,76.493,36.39
mp-aaaaaoap,Mg(AlSe2)2,18.423,10.156
mp-aaaaaoar,TcS2,26.399,18.646
mp-aaaaaoaw,K2AlF5,27.421,13.57
mp-aaaaaoax,USiAu,105.688,1.484
mp-aaaaaoba,KAg2SbS4,30.86,10.721
mp-aaaaaobn,BaDyCuTe3,36.445,14.922
mp-aaaaaoby,Mg(AlC)2,132.844,91.296
mp-aaaaaocb,SrTiN2,121.679,54.446
mp-aaaaaoch,Rb(ThSe3)2,36.343,19.856
mp-aaaaaocl,NdMnSi2,106.828,74.2
mp-aaaaaodg,GeAs,20.046,15.662
mp-aaaaaodh,ScFeGe,98.654,37.767
mp-aaaaaodi,ScMnSi,117.52,78.678
mp-aaaaaodo,SrZnSi,49.807,40.121
mp-aaaaaodt,VS2,20.333,17.569
mp-aaaaaodu,LiBeAs,54.336,35.547
mp-aaaaaodw,Ca(MgAs)2,50.032,36.09
mp-aaaaaodx,Ca(MgSb)2,39.782,26.42
mp-aaaaaody,Sr(MgSb)2,37.968,26.095
mp-aaaaaodz,Ba(MgSb)2,36.216,24.844
mp-aaaaaoea,Li3Ga2,38.44,28.594
mp-aaaaaoeb,Ca(ZnP)2,66.211,45.563
mp-aaaaaoec,Ca(CdP)2,57.023,34.608
mp-aaaaaoed,Ca(ZnAs)2,57.237,35.241
mp-aaaaaoef,NaBeAs,44.531,33.067
mp-aaaaaoeg,NaBeSb,34.453,23.924
mp-aaaaaoeh,LiBeSb,56.099,47.692
mp-aaaaaoej,Ca3(AlSi)2,49.839,35.571
mp-aaaaaoek,Ba3(AlSi)2,35.047,21.934
mp-aaaaaoel,AlTlSe2,27.221,13.611
mp-aaaaaoem,TlGaSe2,24.333,12.675
mp-aaaaaoeo,Yb(ZnP)2,70.369,49.154
mp-aaaaaoep,K2ZnF4,45.168,20.696
mp-aaaaaoes,NbSnS2,68.64,28.417
mp-aaaaaoet,TaMoN,306.124,172.722
mp-aaaaaoeu,LiP,41.365,26.861
mp-aaaaaoey,Yb(MnAs)2,64.678,35.334
mp-aaaaaofb,NbInO4,161.141,59.303
mp-aaaaaofq,Li2CN2,49.164,19.417
mp-aaaaaofv,LiTiS2,65.258,48.553
mp-aaaaaogl,AlAgO2,154.008,59.765
mp-aaaaaogp,Ag2HgS2,52.636,12.745
mp-aaaaaogq,CsSbF6,11.184,4.926
mp-aaaaaohs,K3BP2,18.515,8.013
mp-aaaaaoht,K3BAs2,16.559,7.368
mp-aaaaaoia,K2NiP2,20.879,13.474
mp-aaaaaoip,K2PAu,21.569,9.22
mp-aaaaaois,Ca(AlGa)2,58.788,11.435
mp-aaaaaojn,Ba2Si5N8,159.326,99.809
mp-aaaaaojs,TiBO3,178.989,64.066
mp-aaaaaoju,Rb3BAs2,15.057,6.582
mp-aaaaaojv,Na2LiAlP2,40.227,27.656
mp-aaaaaojx,Ca3GeO,58.534,48.427
mp-aaaaaokh,RbAuSe,10.503,5.168
mp-aaaaaokt,SrAsPd,64.685,27.956
mp-aaaaaoku,BaAsPd,58.991,26.11
mp-aaaaaolf,HfGeO4,213.567,93.452
mp-aaaaaolg,ThGeO4,172.653,65.809
mp-aaaaaoll,ReO3,158.374,111.219
mp-aaaaaols,BaSb2Pd,54.789,21.62
mp-aaaaaolv,UTi2O6,138.601,58.663
mp-aaaaaoma,YbAgGe,60.397,30.788
mp-aaaaaomc,K2AgP,22.143,11.106
mp-aaaaaomx,Yb4As2O,62.732,42.842
mp-aaaaaomz,HfCoAs,177.383,92.377
mp-aaaaaong,Rb3NbO8,27.894,13.316
mp-aaaaaoni,TlFeSe2,9.505,3.583
mp-aaaaaonk,ZnCO3,113.947,43.981
mp-aaaaaonl,WS2,28.713,22.737
mp-aaaaaonm,Cu3SbSe4,60.879,20.692
mp-aaaaaonr,RbAsF6,15.18,6.896
mp-aaaaaonz,RbHg2,10.747,4.682
mp-aaaaaooa,YbPPt,94.698,32.243
mp-aaaaaooc,NbP,155.366,-85.541
mp-aaaaaooh,CoSb2,99.768,63.715
mp-aaaaaool,K2LiAlF6,49.406,25.226
mp-aaaaaoop,Sr3(AlP2)2,51.236,29.669
mp-aaaaaooq,BaAl2B2O7,88.056,30.704
mp-aaaaaoor,RbCaAs,21.936,11.138
mp-aaaaaoow,DyP5,66.326,42.871
mp-aaaaaooz,LuP5,68.608,46.754
mp-aaaaaops,K4BeP2,18.358,8.524000000000001
mp-aaaaaopt,EuZnGe,52.444,36.396
mp-aaaaaoqa,YB2C,177.47,137.397
mp-aaaaaoqb,KAuSe,13.45,5.715
mp-aaaaaoqe,KFeSe2,19.144,7.483
mp-aaaaaoqi,Ir3Se8,83.125,55.304
mp-aaaaaoqj,GaS,14.686,9.646
mp-aaaaaoqs,BaCuAs,51.12,33.441
mp-aaaaaoqw,Sc2CoSi2,120.146,78.022
mp-aaaaaora,Y(Re2Si)2,238.54,78.048
mp-aaaaaorb,SrAs3,37.824,22.866
mp-aaaaaorg,Li2CeP2,57.891,35.063
mp-aaaaaork,NbCrSi,209.159,116.095
mp-aaaaaorm,LiGe,39.993,21.135
mp-aaaaaorn,LiZnSb,46.251,25.849
mp-aaaaaoro,TiS3,14.85,8.458
mp-aaaaaorp,ZrS3,18.634,11.217
mp-aaaaaorq,HfS3,16.695,12.408
mp-aaaaaorr,VP2,154.817,123.748
mp-aaaaaors,Te,19.866,13.84
mp-aaaaaort,Ca2Sb,34.964,25.74
mp-aaaaaoru,SrRhF6,56.453,15.766
mp-aaaaaorv,MgRhF6,22.148,21.445
mp-aaaaaorx,ZrCuSiAs,121.166,76.784
mp-aaaaaosc,BaMgSi,35.072,24.366
mp-aaaaaosd,GeSb,60.206,22.852
mp-aaaaaosg,Hf2Si,141.732,100.146
mp-aaaaaosh,Hf2Ge,133.014,91.279
mp-aaaaaosk,Ti2FeS4,57.144,56.924
mp-aaaaaosn,CoTe2,74.058,44.805
mp-aaaaaoso,ZnS,69.008,33.915
mp-aaaaaosp,SiC,213.105,188.499
mp-aaaaaosq,V5Te4,52.954,1.347
mp-aaaaaoss,BaLiSi,28.242,17.23
mp-aaaaaost,MnNbGe,182.253,81.575
mp-aaaaaosv,HfP,147.126,83.603
mp-aaaaaosw,HfAs,127.118,65.141
mp-aaaaaosy,AlCr2C,188.491,140.846
mp-aaaaaosz,V2GeC,179.763,104.264
mp-aaaaaota,Ti2GeC,154.628,105.974
mp-aaaaaotc,Y3TlC,77.491,63.955
mp-aaaaaotd,Ti2CdC,112.721,59.737
mp-aaaaaotg,Ti3TlN,153.716,40.969
mp-aaaaaotj,NdSi,78.992,53.571
mp-aaaaaotk,PrSi,76.517,50.93
mp-aaaaaotl,ScSi,101.131,70.078
mp-aaaaaotm,ScGe,89.435,57.039
mp-aaaaaotn,YGe,78.14,54.513
mp-aaaaaoto,YSi,89.203,65.637
mp-aaaaaotp,VB,268.991,231.992
mp-aaaaaotu,ErSe2,78.653,40.498
mp-aaaaaotx,Mn2N,198.001,98.928
mp-aaaaaotz,Ta2Se3,70.995,45.809
mp-aaaaaoub,NbNiB,230.082,138.977
mp-aaaaaouc,CsAuO,22.044,8.773
mp-aaaaaoud,Nb2PC,222.653,130.576
mp-aaaaaoue,Nb2CS,194.217,100.032
mp-aaaaaouf,Nb2AsC,204.049,116.039
mp-aaaaaoup,Ni(BMo)2,308.058,179.014
mp-aaaaaouq,Hf2S,133.807,77.674
mp-aaaaaout,Nb4CoSi,194.139,100.741
mp-aaaaaouw,TlAgTe2,33.627,10.05
mp-aaaaaouy,Ca7Ge,-326182.249,-195712.719
mp-aaaaaouz,GaTe,11.919,8.821
mp-aaaaaova,Al(CoSi)2,187.321,97.117
mp-aaaaaovd,SnS,35.35,-2.211
mp-aaaaaove,TaS2,27.546,18.066
mp-aaaaaovf,SiOs,290.957,121.446
mp-aaaaaovi,Ac,23.574,13.226
mp-aaaaaovk,ScC,153.13,75.434
mp-aaaaaovl,Ga,55.429,46.698
mp-aaaaaovp,SiRu2,256.319,102.364
mp-aaaaaovq,ScTe,62.614,33.162
mp-aaaaaovr,TiSe,105.341,56.829
mp-aaaaaovu,RuC,337.414,77.299
mp-aaaaaovx,NbS2,26.113,13.219
mp-aaaaaowa,Ce3AlC,64.659,43.092
mp-aaaaaowb,AlCo3C,232.832,114.737
mp-aaaaaowc,Er3AlC,38.49,16.408
mp-aaaaaowd,Pr3AlC,61.702,40.798
mp-aaaaaowe,AlPt3C,206.681,-1.786
mp-aaaaaowf,Tb3AlC,36.148,14.277
mp-aaaaaowi,BAs,131.927,124.769
mp-aaaaaowk,V2AsC,200.377,115.533
mp-aaaaaowm,GaAs,64.687,22.978
mp-aaaaaown,MnAsRu,164.876,65.328
mp-aaaaaowp,TeAs,62.239,28.154
mp-aaaaaowq,TiAs,115.242,62.395
mp-aaaaaows,ZrAs,117.397,51.514
mp-aaaaaowt,Co2B4Mo,312.139,184.439
mp-aaaaaowu,UCo3B2,479.093,147.434
mp-aaaaaowv,VCoB3,296.493,203.341
mp-aaaaaoww,YbCo3B2,188.619,118.119
mp-aaaaaowx,ZrCo3B2,244.042,140.108
mp-aaaaaowy,DyBPd3,143.573,17.014
mp-aaaaaowz,ErBPd3,146.762,20.647
mp-aaaaaoxb,CdSnSb2,36.646,18.173
mp-aaaaaoxc,SiO2,267.335,-38.26
mp-aaaaaoxd,UFe3B2,256.215,145.512
mp-aaaaaoxh,Ce(P3Ru)4,-130074.213,-77977.487
mp-aaaaaoxm,GeSe2,13.587,10.677
mp-aaaaaoxo,Hf3(NiGe)4,157.766,87.552
mp-aaaaaoxq,TbTiGe,83.674,52.086
mp-aaaaaoxy,YSF,104.335,54.195
mp-aaaaaoye,KCu4Se3,41.111,14.519
mp-aaaaaoyo,KAgC2,29.114,14.306
mp-aaaaaoyr,UTeAs,68.521,30.159
mp-aaaaaoys,Ca2As,37.761,29.961
mp-aaaaaoyw,SiRh,209.057,94.851
mp-aaaaaoyz,ScBIr3,242.814,121.824
mp-aaaaaozb,ThB2Ir3,255.394,120.286
mp-aaaaaoze,Mn3B4,237.291,170.637
mp-aaaaaozg,NdBPd3,134.869,-7.802
mp-aaaaaozl,SbIr,160.755,61.559
mp-aaaaaozo,ThGe2,85.821,33.162
mp-aaaaaozs,UB2Os3,295.443,141.007
mp-aaaaaozt,Sc3BPb,79.042,65.681
mp-aaaaaozu,TmBPd3,147.36,23.258
mp-aaaaaozv,YbBPd3,128.223,-0.961
mp-aaaaaozw,Ti2ReB2,251.582,188.97
mp-aaaaaozz,Sc3SnB,83.179,68.655
mp-aaaaapaa,Sc3TlB,76.574,54.498
mp-aaaaapab,SmB2,140.817,106.77
mp-aaaaapac,Ta3B4,294.112,209.478
mp-aaaaapad,TiB,102.537,1.609
mp-aaaaapae,B2W,321.856,144.049
mp-aaaaapai,InSb,44.937,-19.483
mp-aaaaapaj,InSb,48.001,13.854
mp-aaaaapao,MnSbIr,131.258,42.613
mp-aaaaapap,P2Ir,193.222,129.322
mp-aaaaapar,K,3.578,1.235
mp-aaaaapat,K3Sb,13.114,6.582
mp-aaaaapav,KZnSb,24.144,15.515
mp-aaaaapaw,La3Si2,58.118,26.178
mp-aaaaapax,NaAlTe2,21.938,-443.088
mp-aaaaapaz,KAlTe2,17.465,10.999
mp-aaaaapba,NaAlSe2,28.308,4.292
mp-aaaaapbb,Na3SbS4,21.399,4.399
mp-aaaaapbg,Na,7.777,4.588
mp-aaaaapbh,Li,14.344,7.956
mp-aaaaapbj,KCdF3,55.986,21.121
mp-aaaaapbm,LiMgP,55.743,22.303
mp-aaaaapbo,Li2SbPd,68.437,27.178
mp-aaaaapbp,LiSiNi2,149.838,65.605
mp-aaaaapbq,LiZnP,63.12,51.137
mp-aaaaapbr,MgSbPd,79.924,29.553
mp-aaaaapbs,MgSbPt,88.916,35.31
mp-aaaaapbt,Mg3ZnC,62.165,37.249
mp-aaaaapbu,PuSi2,94.62,49.752
mp-aaaaapbv,TeIr,144.366,28.444
mp-aaaaapbx,LiTiTe2,35.309,27.015
mp-aaaaapca,LuP,86.563,65.526
mp-aaaaapcc,LuSbPt,104.751,50.093
mp-aaaaapce,Ta2N,270.475,117.555
mp-aaaaapcf,ZrO,197.527,29.097
mp-aaaaapci,ZrBeSi,138.583,114.747
mp-aaaaapcj,Ge2Mo,171.888,138.022
mp-aaaaapcm,MnSe,55.613,26.089
mp-aaaaapcq,NiMoP2,162.731,109.297
mp-aaaaapcu,ScGe2,80.354,56.949
mp-aaaaapcv,YGe2,68.32,21.049
mp-aaaaapcw,Y2GeRh3,136.722,50.308
mp-aaaaapdb,YOF,123.796,47.409
mp-aaaaapdg,NaVS2,59.208,33.967
mp-aaaaapdh,NaVS2,57.655,19.874
mp-aaaaapdk,NbSe2,18.487,14.958
mp-aaaaapdw,ScNiP,147.371,92.423
mp-aaaaapea,Zr3(CuSi)4,148.032,84.654
mp-aaaaapeb,Hf3(CuSi)4,155.079,84.106
mp-aaaaaped,U2CrN3,225.315,98.863
mp-aaaaapeg,BaLiF3,69.602,42.339
mp-aaaaapel,Nb3B4,274.679,196.187
mp-aaaaapem,VTe,62.066,40.094
mp-aaaaapen,Ni,197.345,80.204
mp-aaaaapep,Zr(NiP)2,171.208,14.663
mp-aaaaapeq,Ni3Sb,166.012,22.979
mp-aaaaaper,TiNi2Sb,137.552,27.593
mp-aaaaapeu,NiTe,34.863,15.722
mp-aaaaapfa,ScCo3C,208.929,96.179
mp-aaaaapfb,ZnCo3C,227.96,113.893
mp-aaaaapfe,Er3GaC,46.623,21.304
mp-aaaaapff,Er3InC,40.114,12.572
mp-aaaaapfj,Ho3GaC,45.194,20.445
mp-aaaaapfl,ZnS,69.067,33.634
mp-aaaaapfo,YSi3Ni,120.066,85.329
mp-aaaaapft,Ca(BC)2,135.308,95.251
mp-aaaaapfx,BaC2,40.469,19.114
mp-aaaaapge,ZrMoP,197.372,112.914
mp-aaaaapgp,ZrVGe,144.113,72.062
mp-aaaaapgq,HfVGe,154.643,74.585
mp-aaaaapgs,Yb(ZnAs)2,59.843,37.689
mp-aaaaapgu,CeCdAsO,70.396,27.351
mp-aaaaapha,BaHfN2,104.52,44.085
mp-aaaaaphe,Zn(ReO4)2,26.19,12.192
mp-aaaaaphv,Sc2BC2,137.733,68.589
mp-aaaaapii,Ho3InC,39.666,12.289
mp-aaaaapis,Nb2Co3Si,225.621,114.307
mp-aaaaapit,HfSbRh,104.089,-9.388
mp-aaaaapix,Cr2GaN,162.519,79.152
mp-aaaaapiz,Cr3PdN,1860.568,93.487
mp-aaaaapjf,Hf3(Cu2Ge)2,137.085,73.151
mp-aaaaapjh,K2CuSb,17.39,8.653
mp-aaaaapjq,Ta2O5,126.687,71.615
mp-aaaaapju,CrCoGe,183.828,74.08
mp-aaaaapjy,HoNi4B,150.211,79.36
mp-aaaaapkc,TiTl2F6,25.672,7.213
mp-aaaaapkf,Yb(AlSi)2,62.946,43.955
mp-aaaaapki,K2CN2,31.342,14.596
mp-aaaaapkn,AgB(CN)4,32.863,2.992
mp-aaaaapkr,KSbO2,23.533,16.167
mp-aaaaapkv,RbAuC2,30.97,15.538
mp-aaaaapkw,NaAuC2,47.935,23.061
mp-aaaaapkx,KAuC2,34.812,17.635
mp-aaaaapla,Nb2O5,65.935,37.002
mp-aaaaaplj,Y(AlSi)2,77.086,41.59
mp-aaaaapll,Ba(CuSe)2,67.478,21.124
mp-aaaaaplo,Mg(P2Rh3)2,204.177,51.875
mp-aaaaaplr,YbSiAu,80.541,46.731
mp-aaaaaplt,Sc6FeTe2,62.054,-24.237
mp-aaaaaplu,Sc6NiTe2,71.461,15.21
mp-aaaaapmb,Lu(SiRu)2,160.669,75.506
mp-aaaaapmd,YTiGe,82.596,52.547
mp-aaaaapme,HfSiPt,192.495,100.864
mp-aaaaapmf,HfSiPd,169.282,93.146
mp-aaaaapml,YCo4B,173.919,65.313
mp-aaaaapmr,NbSiPt,215.103,82.355
mp-aaaaapms,NbSiRh,221.086,113.62
mp-aaaaapmw,NaPF6,23.499,10.027
mp-aaaaapnh,BaLiSb,30.026,23.278
mp-aaaaapno,Rb2SiF6,17.072,8.245
mp-aaaaapnt,SrC2,49.739,21.069
mp-aaaaapnu,Pr2CuO4,151.748,37.87
mp-aaaaapop,Cu2SnS3,66.366,27.459
mp-aaaaapor,Y(AlGe)2,70.326,38.044
mp-aaaaapot,CeSiO4,148.899,56.926
mp-aaaaapov,NaLi2N,53.888,-24.612
mp-aaaaapox,Y2AlSi2,84.925,53.174
mp-aaaaapoy,Ho2AlSi2,88.264,54.353
mp-aaaaappu,SrMg2N2,93.805,71.102
mp-aaaaapqi,SrN2,68.626,34.11
mp-aaaaaprc,Ba2LiOsO6,82.233,43.765
mp-aaaaapro,FeIr3,-740.944,194.68
mp-aaaaaprp,Ag,90.122,33.559
mp-aaaaaprq,CuSn,76.069,40.891
mp-aaaaaprs,La3AlC,58.829,34.474
mp-aaaaaprt,Y3GaC,78.798,64.388
mp-aaaaapru,Sm3GaC,67.541,48.714
mp-aaaaapry,Sm3TlC,66.659,49.981
mp-aaaaapsa,Y3SnC,81.995,62.479
mp-aaaaapsd,La3PbC,60.77,39.774
mp-aaaaapsg,SrLiP,42.523,29.394
mp-aaaaapsh,BaLiP,37.873,24.535
mp-aaaaapsi,BaLiAs,34.083,22.719
mp-aaaaapso,PrAs,70.29,44.49
mp-aaaaapsp,ThSbRh,112.537,42.792
mp-aaaaapsq,USbRh,134.411,36.636
mp-aaaaapss,Yb(SiRh)2,129.084,77.099
mp-aaaaapst,SrS,51.792,19.98
mp-aaaaapsv,TbS2,-32033941.548,-18932412.96
mp-aaaaapsw,Sb,57.234,-5.451
mp-aaaaapsy,TlS,43.898,1.927
mp-aaaaapsz,TmS2,62.622,-83.195
mp-aaaaaptb,SnSb,51.179,24.656
mp-aaaaaptc,SrSb2,29.551,13.043
mp-aaaaaptd,ThSb,81.728,31.802
mp-aaaaapte,ZrSb,94.274,58.065
mp-aaaaapth,Sc,53.18,10.981
mp-aaaaaptn,TlSe,37.041,-2.43
mp-aaaaaptp,Si,87.289,64.435
mp-aaaaaptr,YbSi,55.819,38.258
mp-aaaaapts,SmTe,62.478,37.283
mp-aaaaaptu,Te,50.533,5.86
mp-aaaaapty,Dy,41.039,27.353
mp-aaaaaptz,Ho,42.255,27.815
mp-aaaaapuc,K2CO3,30.395,-7.663
mp-aaaaapuh,SrAgP,55.717,35.283
mp-aaaaapuj,Ba3(AlGe)2,33.114,21.056
mp-aaaaapuk,Ca3(AlGe)2,45.848,34.119
mp-aaaaapul,Sr3(AlGe)2,40.325,29.986
mp-aaaaapuo,Sm3AlN,34.496,10.871
mp-aaaaapup,Ti3AlN,162.649,40.864
mp-aaaaapuq,Sc2AlSi2,101.354,73.164
mp-aaaaapur,CaPAu,69.582,34.179
mp-aaaaapus,AuSe,88.681,-10.108
mp-aaaaapuu,BaSe,38.98,17.482
mp-aaaaapuy,CaTe,38.427,7.752
mp-aaaaapuz,CdCuSb,55.365,-58.823
mp-aaaaapva,Li2CdGe,40.135,20.058
mp-aaaaapvb,LiCdP,53.16,4.094
mp-aaaaapvc,CeO,148.033,80.747
mp-aaaaapvg,CoGe,54245.001,32533.522
mp-aaaaapvi,ScF3,90.536,40.713
mp-aaaaapvj,ZnS,69.082,33.55
mp-aaaaapvl,Sr(GeRh)2,80.352,53.198
mp-aaaaapvm,Ba(GeRh)2,65.958,39.426
mp-aaaaapvn,LuRh3C,205.343,85.576
mp-aaaaapvo,MgNi3C,168.29,55.797
mp-aaaaapvu,ZrRu3C,258.82,157.252
mp-aaaaapvw,PrRh3C,183.945,66.421
mp-aaaaapvx,ReC,368.671,-79.046
mp-aaaaapvz,VSi2,175.432,148.53
mp-aaaaapwa,ScRh3C,213.993,88.558
mp-aaaaapwc,TmRh3C,203.932,83.513
mp-aaaaapwe,YbRh3C,186.655,80.247
mp-aaaaapwg,Sm3SnC,36.568,9.516
mp-aaaaapwj,Ti2C,121.304,84.645
mp-aaaaapwq,PdO,173.814,22.013
mp-aaaaapwr,Pd2O,129.044,-1.522
mp-aaaaapwu,ThTaN3,241.796,135.904
mp-aaaaapww,Ti4O5,207.408,90.488
mp-aaaaapwy,Ba3N,12.544,5.365
mp-aaaaapxa,SmPPt,122.978,50.263
mp-aaaaapxb,TiPRu,219.7,102.358
mp-aaaaapxc,Pa,94.772,50.133
mp-aaaaapxg,Si3Pt2,161.294,15.067
mp-aaaaapxi,Mg2Cu3Si,96.222,54.613
mp-aaaaapxk,TaCu3S4,32.41,24.368
mp-aaaaapxl,SrCuSb,47.985,32.93
mp-aaaaapxm,Dy,41.225,26.058
mp-aaaaapxo,Er,42.186,26.865
mp-aaaaapxp,Er,41.942,-26.71
mp-aaaaapxr,TiFeSb,119.461,56.301
mp-aaaaapxs,VFeSb,83.654,11.035
mp-aaaaapxv,GeSe,57.611,44.393
mp-aaaaapxw,MgSe,60.707,41.4
mp-aaaaapxx,FeTe,61.5,46.767
mp-aaaaapxy,Cd3As2,45.328,14.071
mp-aaaaapya,HgS,65.862,13.773
mp-aaaaapyn,RbCeSe2,27.312,16.898
mp-aaaaapyo,RbPrSe2,31.371,18.356
mp-aaaaapys,RbTbSe2,34.15,20.777
mp-aaaaapyu,RbErSe2,37.031,21.547
mp-aaaaapyv,RbLuSe2,36.241,22.803
mp-aaaaapzh,CaSiNi2,78.964,41.191
mp-aaaaapzu,TiAgF6,20.057,14.3
mp-aaaaaqai,ZnCu2GeSe4,55.144,26.528
mp-aaaaaqbc,Te2Ir,111.463,53.591
mp-aaaaaqbd,Te2Ir,83.306,-75.602
mp-aaaaaqbe,NiAsSe,693083.667,415843.534
mp-aaaaaqbf,NiSbSe,79.428,48.176
mp-aaaaaqbg,AsPdS,100.205,37.791
mp-aaaaaqbh,AsPdSe,95.795,35.985
mp-aaaaaqbi,SbTePd,79.387,32.354
mp-aaaaaqbl,Pr(BC)2,167.295,117.642
mp-aaaaaqbm,Tb(BC)2,177.757,122.101
mp-aaaaaqbo,Er(BC)2,182.725,122.567
mp-aaaaaqbp,Tm(BC)2,183.742,122.764
mp-aaaaaqbt,Hg,7.842,1.6800000000000002
mp-aaaaaqcd,AlAu,108.705,-9.992
mp-aaaaaqce,HfAlAu2,142.057,22.112
mp-aaaaaqcf,ScAlAu2,114.629,18.822
mp-aaaaaqci,Ca3Al7Cu2,70.706,42.193
mp-aaaaaqcj,Ca(Al2Cu)4,81.186,60.736
mp-aaaaaqck,Ca(MnAl2)4,32.632,62.995
mp-aaaaaqcp,AlCrCo2,199.303,96.223
mp-aaaaaqcq,AlFeCo2,187.706,103.489
mp-aaaaaqcr,AlCrNi2,160.697,41.844
mp-aaaaaqcs,Al3Cu2,97.903,49.461
mp-aaaaaqct,HfAlCu2,134.159,56.709
mp-aaaaaqcv,La3Al,33.748,20.182
mp-aaaaaqcw,LiAl3,63.994,40.501
mp-aaaaaqcx,MnAlPd2,145.343,43.389
mp-aaaaaqcy,MnAlPt,102.361,43.816
mp-aaaaaqcz,MnAlPt2,179.073,-25.764
mp-aaaaaqda,MnAlRh2,185.161,94.704
mp-aaaaaqdb,Mn2AlV,185.386,96.779
mp-aaaaaqdc,Y(MnAl2)4,30.177,-2.133
mp-aaaaaqdd,PrAl2Ni3,108.679,59.669
mp-aaaaaqde,ScAlNi2,129.687,57.619
mp-aaaaaqdf,AlVNi2,167.301,55.002
mp-aaaaaqdh,Al3Pd2,127.891,63.127
mp-aaaaaqdj,AlPt,184.169,46.699
mp-aaaaaqdk,AlPt,179.259,74.581
mp-aaaaaqdl,Al3Pt2,150.267,77.09
mp-aaaaaqdo,AlRe,218.955,52.218
mp-aaaaaqdp,AlRe2,244.694,139.655
mp-aaaaaqdq,Al2Ru,166.651,103.353
mp-aaaaaqdr,Sc2Al3Ru,111.883,67.526
mp-aaaaaqdt,GeO2,216.482,123.464
mp-aaaaaqdy,Rb2PdC2,30.432,13.747
mp-aaaaaqdz,Rb2PtC2,36.208,17.029
mp-aaaaaqee,Mg(Co3P2)2,203.708,97.656
mp-aaaaaqek,TbSF,105.651,55.746
mp-aaaaaqel,HoSF,110.246,56.989
mp-aaaaaqem,ErSF,108.999,58.212
mp-aaaaaqfg,Cu2HgGeS4,64.58,28.359
mp-aaaaaqfh,Sc2CdS4,69.767,24.821
mp-aaaaaqfj,Sn(HgSe2)2,23.898,13.331
mp-aaaaaqfo,Tb2Ti2S2O5,136.183,61.451
mp-aaaaaqft,DyAgSb2,67.671,36.442
mp-aaaaaqfv,CdCu2GeSe4,50.594,22.751
mp-aaaaaqfx,CdCN2,83.537,26.788
mp-aaaaaqgn,RbCu3S2,42.157,19.923000000000002
mp-aaaaaqgt,YCuAs2,96.439,47.451
mp-aaaaaqgy,Yb(MgSb)2,40.911,27.929
mp-aaaaaqhn,RbNdTe4,24.856,14.014
mp-aaaaaqhv,GaCuO2,148.405,58.853
mp-aaaaaqhx,GaAuO2,151.971,54.287
mp-aaaaaqhy,ScAgO2,122.643,39.168
mp-aaaaaqhz,ScAuO2,134.634,43.218
mp-aaaaaqib,ZnP2,68.444,42.518
mp-aaaaaqif,Y(Al2Cu)4,104.534,61.012
mp-aaaaaqio,Zr6Al2Fe,101.192,46.35
mp-aaaaaqjx,Ti3In3Rh2,123.289,57.386
mp-aaaaaqkp,NdMgPt,77.781,26.504
mp-aaaaaqlc,HoInRh,98.675,30.802
mp-aaaaaqlf,Ac2O3,101.296,35.758
mp-aaaaaqll,TiTeAs,77.175,60.194
mp-aaaaaqme,KPrTe4,24.932,14.025
mp-aaaaaqmt,Na5CuSO2,35.442,18.576
mp-aaaaaqnb,NdMgGa,54.881,39.928
mp-aaaaaqnd,SmMgGa,57.196,43.313
mp-aaaaaqnp,Ba(PIr)2,96.768,48.721
mp-aaaaaqnv,LiZnPS4,31.32,15.461
mp-aaaaaqnw,Ca3(SiIr)4,131.909,53.407
mp-aaaaaqny,SrCeN2,114.646,56.597
mp-aaaaaqoa,NaC,28.546,15.367
mp-aaaaaqob,Cs(MnP)2,45.548,30.749
mp-aaaaaqok,VSi2,174.655,148.681
mp-aaaaaqol,CrSi2,194.648,156.37
mp-aaaaaqom,TaSi2,184.679,145.713
mp-aaaaaqon,VAuS2,104.417,51.636
mp-aaaaaqoo,NdMgNi4,122.846,50.0
mp-aaaaaqov,Sc6FeSb2,71.045,45.625
mp-aaaaaqow,Y6FeSb2,60.461,36.168
mp-aaaaaqpd,AlAs,82.001,37.331
mp-aaaaaqpo,Sc2Al,70.371,45.946
mp-aaaaaqpq,Sm3Al,44.626,25.657
mp-aaaaaqpv,Al12W,92.968,58.228
mp-aaaaaqpw,YAl,53.421,28.791
mp-aaaaaqpx,YAl,63.427,34.161
mp-aaaaaqpy,Y2Al,54.836,30.684
mp-aaaaaqpz,YAl3,75.089,58.719
mp-aaaaaqqa,YAl3,32.234,97.757
mp-aaaaaqqb,ZrAl,108.913,70.301
mp-aaaaaqqc,PrMg2Ag,45.818,17.459
mp-aaaaaqqd,SmMg2Ag,47.298,17.019
mp-aaaaaqqe,MgZnAg2,75.529,24.529
mp-aaaaaqqf,ScAg,80.1,29.349
mp-aaaaaqqh,ZrAg,105.282,47.55
mp-aaaaaqql,ErAu,85.251,16.141
mp-aaaaaqqp,Li3Au,33.973,9.25
mp-aaaaaqqq,LiAu3,98.057,10.927
mp-aaaaaqqr,LuAu,96.113,19.139
mp-aaaaaqqt,Mg3Au,43.494,9.418
mp-aaaaaqqu,MnAu2,121.429,28.325
mp-aaaaaqqy,ScAu,103.841,41.675
mp-aaaaaqrb,TiAu,133.377,34.832
mp-aaaaaqrc,Ti3Au,134.279,20.319
mp-aaaaaqrd,YAu,83.993,-8.518
mp-aaaaaqrf,Zr3Au,117.118,53.078
mp-aaaaaqri,BaCd2,26.527,7.8100000000000005
mp-aaaaaqrj,BaHg2,23.258,5.763
mp-aaaaaqrl,BaSn3Pd,55.006,23.411
mp-aaaaaqrm,MnBe2,-275.776,194.459
mp-aaaaaqro,Be2Nb3,166.723,74.026
mp-aaaaaqrp,Be3Nb,153.691,115.023
mp-aaaaaqrq,BePd,173.217,2608.016
mp-aaaaaqrr,Be2Re,241.539,173.672
mp-aaaaaqrs,BeRh,207.982,99.333
mp-aaaaaqrt,ScBe5,108.626,103.678
mp-aaaaaqru,Ta2Be,185.869,111.426
mp-aaaaaqrv,TiBe,124.845,73.705
mp-aaaaaqrw,TiBe12,122.106,39.713
mp-aaaaaqrx,Be2V,158.028,137.179
mp-aaaaaqry,Be2W,217.897,168.39
mp-aaaaaqrz,ZrBe5,126.39,114.539
mp-aaaaaqsa,CaGa2,46.436,41.853
mp-aaaaaqsb,Ca3(GaNi)4,59.548,34.84
mp-aaaaaqsc,CaHg,36.327,19.466
mp-aaaaaqsd,CaHg2,38.37,17.551
mp-aaaaaqse,Ca3Hg2,30.44,10.343
mp-aaaaaqsg,CaSn3,44.225,23.071
mp-aaaaaqsj,ZrCdCu2,113.193,50.865
mp-aaaaaqsk,DyCd2,57.069,32.037
mp-aaaaaqsp,Cd2Hg,37.856,13.28
mp-aaaaaqsq,TiCdHg2,72.925,27.827
mp-aaaaaqsr,HoCd2,57.077,33.057
mp-aaaaaqss,HoCd3,56.766,27.83
mp-aaaaaqsu,Li2CdPb,32.005,11.955
mp-aaaaaqsx,MgCd,42.673,21.298
mp-aaaaaqsz,NbCd3,93.666,48.102
mp-aaaaaqtd,ZrCd3,78.411,27.666
mp-aaaaaqtm,ZrSi,142.355,93.649
mp-aaaaaqtr,Rb2Se,13.717,6.979
mp-aaaaaqts,P2W,188.205,132.466
mp-aaaaaqtt,P2W,189.376,116.307
mp-aaaaaqty,W,298.22,134.395
mp-aaaaaqtz,BeSe,87.774,66.886
mp-aaaaaqug,GaSe,14.697,10.32
mp-aaaaaquh,Th,56.969,-86.184
mp-aaaaaquj,ZrP,135.334,80.903
mp-aaaaaqul,TbF3,101.962,45.728
mp-aaaaaquo,CaAl9Co2,87.08,56.558
mp-aaaaaqup,CeAlNi,87.249,38.825
mp-aaaaaquw,TaCo3,242.198,141.455
mp-aaaaaqux,Ga2Cu,70.807,30.62
mp-aaaaaquy,ScGaCu2,107.905,47.008
mp-aaaaaquz,MgCuSn,78.29,38.37
mp-aaaaaqvb,TbCu5,109.637,39.212
mp-aaaaaqvc,TiCu,129.327,49.243
mp-aaaaaqve,ZrZnCu2,121.262,42.491
mp-aaaaaqvf,DyHg2,63.191,28.091
mp-aaaaaqvh,ErHg2,66.229,27.641
mp-aaaaaqvm,DyTl,53.012,14.909
mp-aaaaaqvn,EuHg,41.48,17.948
mp-aaaaaqvu,NdFe5,102.413,56.671
mp-aaaaaqvx,YFe5,119.682,224.371
mp-aaaaaqvz,HfGa3,100.608,71.102
mp-aaaaaqwa,GaIr,215.702,42.667
mp-aaaaaqwc,LiGaSi,58.688,46.327
mp-aaaaaqwe,TmGa2Pd,100.437,49.426
mp-aaaaaqwf,Nb3Ga2,167.906,99.899
mp-aaaaaqwj,Ga3Ni2,118.283,64.945
mp-aaaaaqwm,ScGaNi2,128.473,50.343
mp-aaaaaqwn,ScGa2Ni,101.551,60.478
mp-aaaaaqwt,GaPt3,215.396,77.72
mp-aaaaaqwx,ScGa,76.65,43.659
mp-aaaaaqwy,ScGa2,79.908,49.437
mp-aaaaaqwz,ScGa2,75.019,51.181
mp-aaaaaqxc,TaGa3,125.826,77.813
mp-aaaaaqxe,TbGa3,72.033,43.497
mp-aaaaaqxh,Gd,172.491,-4.514
mp-aaaaaqxq,Ca3Al7Ag2,62.159,35.969
mp-aaaaaqxr,CaGa3Ni2,90.845,38.686
mp-aaaaaqxv,Er(TiGa2)2,98.06,61.377
mp-aaaaaqxw,Er(VGa2)2,115.021,76.361
mp-aaaaaqyb,Hf2Ga3,116.63,64.955
mp-aaaaaqye,YGa2Ni,91.18,51.773
mp-aaaaaqyf,Y(TiGa2)2,94.316,60.055
mp-aaaaaqyj,HfMn2,357.683,12.124
mp-aaaaaqym,HfOs,225.228,114.202
mp-aaaaaqyn,HfPd3,178.957,84.487
mp-aaaaaqyo,Hf2Pd,136.094,56.325
mp-aaaaaqyp,HfPt,179.474,32.338
mp-aaaaaqyq,HfPt3,230.018,105.973
mp-aaaaaqyr,HfRh,180.032,52.643
mp-aaaaaqyu,HfTc,188.407,83.13
mp-aaaaaqyv,HoHg2,63.968,27.217
mp-aaaaaqyy,MgHg2,40.223,14.936
mp-aaaaaqyz,Mg5Hg3,42.841,19.557
mp-aaaaaqza,NaHg2,18.769,8.158
mp-aaaaaqzb,NdHg,55.951,17.642
mp-aaaaaqzc,NdHg2,55.521,23.982
mp-aaaaaqzd,PrHg,54.378,18.135
mp-aaaaaqze,Hg2Pt,82.793,25.105
mp-aaaaaqzf,ScHg,76.842,26.456
mp-aaaaaqzg,SrHg2,30.199,11.573
mp-aaaaaqzk,HoIr,137.797,51.619
mp-aaaaaqzm,GaAg,65.386,7.734
mp-aaaaaqzo,MnSnIr,116.067,-1.9180000000000001
mp-aaaaaqzp,MoIr,309.568,182.715
mp-aaaaaqzq,MoIr3,337.003,189.314
mp-aaaaaqzs,ZrIr,191.238,54.929
mp-aaaaaqzu,Y2(Al3Co)3,106.898,76.465
mp-aaaaaqzv,LaPt3,138.513,49.969
mp-aaaaaqzw,LaTl,46.826,15.837
mp-aaaaaqzx,Li3Pd,36.429,15.968
mp-aaaaaqzy,Li2ZnSn,37.548,27.734
mp-aaaaaraa,LuNi2Sn,100.82,40.276
mp-aaaaarab,LuPb2,47.55,-8.548
mp-aaaaarae,LuZn,67.899,40.231
mp-aaaaarag,MgTl,33.764,4.18
mp-aaaaarah,YMg2,42.792,22.125
mp-aaaaarai,MnNi,149.255,38.385
mp-aaaabeab,DySiIr,146.12,72.446
mp-aaaabeae,PdF2,77.68,-59.623
mp-aaaabeai,CeCO3F,97.581,15.484
mp-aaaabeak,TbCuPb,69.232,45.363
mp-aaaabeas,SmIn,55.174,21.916
mp-aaaabeay,RhN2,216.587,120.735
mp-aaaabeaz,InAs,48.543,25.68
mp-aaaabebe,LiInSe2,29.929,13.618
mp-aaaabebf,FeSe,21.309,13.304
mp-aaaabebm,Mn2B,301.039,168.637
mp-aaaabebo,InTe,14.809,12.459
mp-aaaabebv,TiP2,131.512,89.952
mp-aaaabebw,U3Se4,64.012,14.148
mp-aaaabebx,InAgO2,108.417,31.048
mp-aaaabecb,PrMnSi,53.092,31.081
mp-aaaabecd,MnNbP,227.683,277.419
mp-aaaabecf,ZrPbO3,118.685,34.182
mp-aaaabecg,CeAl3Ni2,114.955,72.193
mp-aaaabeci,EuN,109.129,53.655
mp-aaaabecl,NaAuO2,40.105,13.28
mp-aaaabecm,Fe3Ge,175.908,71.192
mp-aaaabecs,DyCoC,153.834,63.79
mp-aaaabect,InP,59.35,31.656
mp-aaaabecu,Ba3In2O6,87.964,35.899
mp-aaaabecw,MgMnGe,77.255,49.889
mp-aaaabecy,Ce2SbO2,78.176,22.121
mp-aaaabeda,UInAu2,35.525,34.562
mp-aaaabedf,LiGa2Pt,103.688,34.754
mp-aaaabedo,Ce,34.679,23.828
mp-aaaabedp,Co3B,241.093,96.294
mp-aaaabedv,DyTh,47.183,-44.671
mp-aaaabedy,Ti6Sn5,113443.267,-6465.549
mp-aaaabeea,CeAgAs2,77.05,45.902
mp-aaaabeeb,Nd3InC,63.104,44.171
mp-aaaabeef,Na2CdPb,23.527,10.909
mp-aaaabeel,VAsRh,183.377,76.499
mp-aaaabeeq,Ce(GePt)2,122.45,15.575
mp-aaaabeer,HfCuSi2,139.708,88.21
mp-aaaabeev,V2Ga5,113.09,78.828
mp-aaaabeey,InGaTe2,22.152,13.508
mp-aaaabefb,InN,121.5,51.744
mp-aaaabefi,SiRh2,220.895,74.351
mp-aaaabefm,KMnP,11.679,9.709
mp-aaaabefn,Nd3SnC,35.011,9.034
mp-aaaabefp,NpSi3,175.278,54.819
mp-aaaabefq,Fe2As,136.13,27.967
mp-aaaabefu,Er3PbC,40.95,6.322
mp-aaaabefw,Fe2Ge,141.838,26.348
mp-aaaabega,TaSiRh,234.349,118.177
mp-aaaabegc,PuTe,19.367,33.153
mp-aaaabegd,CeAl,55.79,34.493
mp-aaaabege,MnNi2Sn,141.181,41.266
mp-aaaabegk,SnPt3C,177.192,4.648
mp-aaaabegq,Ba(MgPb)2,30.681,20.078
mp-aaaabegr,TiCoSn,78.539,-1.998
mp-aaaabegu,Co3Se4,98.035,38.025
mp-aaaabegv,InP,73.875,38.448
mp-aaaabegw,PtPbF6,53.788,9.287
mp-aaaabegx,TiPbO3,65.557,40.241
mp-aaaabehb,CaPbF6,51.78,19.973
mp-aaaabehd,As2Pd,110.797,51.467
mp-aaaabehe,Sn7Ir5,135.271,57.92
mp-aaaabehh,YbIn3,38.382,21.04
mp-aaaabehl,Mn2Ge,137.679,39.98
mp-aaaabehm,MnCu2GeS4,70.597,27.746
mp-aaaabehr,SrIn4Ni,47.444,27.899
mp-aaaabeht,MnSnPd2,129.866,28.853
mp-aaaabehv,Pb,39.516,11.204
mp-aaaabehw,Li2FeCu(CN)6,55.127,-37.207
mp-aaaabehx,InSe,10.288,8.123
mp-aaaabehz,La3Ga,40.212,15.802
mp-aaaabeib,SrPbO3,105.376,50.244
mp-aaaabeic,NdNiSn,82.249,33.482
mp-aaaabeid,LaInCu2,70.523,26.891
mp-aaaabeie,ScSiRh,147.712,73.9
mp-aaaabeih,Na2CO3,43.912,200.977
mp-aaaabeij,SrIn2Ir,58.263,26.933
mp-aaaabeil,Sc2FeS4,71.369,31.493
mp-aaaabeiy,FeSn,90.749,107.873
mp-aaaabejh,ScInPt2,141.942,29.805
mp-aaaabeji,TmAgPb,66.924,31.852
mp-aaaabejj,HfNiSn,98.071,-30.406
mp-aaaabejl,CuSO4,63.477,28.551
mp-aaaabejr,NdCoGe,57.838,35.525
mp-aaaabejt,SrIn2Pt,55.359,26.311
mp-aaaabeju,GdMg3,-0.0,12.136
mp-aaaabejw,CoSn,125.544,73.734
mp-aaaabekb,V2P,206.579,103.941
mp-aaaabekc,Pr(MnGe)2,100.458,62.794
mp-aaaabekf,Cu3AsS4,71.506,26.458
mp-aaaabekj,CaPb3,38.108,18.658
mp-aaaabekm,Cr2As,155.123,75.452
mp-aaaabeko,InAgSe2,42.952,14.658
mp-aaaabekp,NaPb3,32.491,14.898
mp-aaaabekr,YSiNi,104.111,62.677
mp-aaaabeku,CeS,16.621,11.772
mp-aaaabekx,Ba(CoAs)2,76.172,35.045
mp-aaaabekz,MnCoGe,149.075,63.031
mp-aaaabela,MgIn3,37.336,0.611
mp-aaaabelb,LiGa2Ru,115.246,46.408
mp-aaaabelp,Ca3In,24.386,12.365
mp-aaaabelq,LaIn,49.919,20.995
mp-aaaabelu,VCo2Si,216.418,94.021
mp-aaaabely,La3InB,44.762,26.55
mp-aaaabemd,Eu(AlSi)2,61.992,42.25
mp-aaaabeme,U(SiNi)2,186.818,66.072
mp-aaaabemh,PdPb2,65.662,17.014
mp-aaaabemj,NdPb3,47.766,8.571
mp-aaaabemn,PbC2(SN)2,26.314,10.896
mp-aaaabemu,NaMnAs,23.526,22.44
mp-aaaabena,Y2Co3Si5,142.289,61.852
mp-aaaabenb,SbRh,133.533,57.121
mp-aaaabene,SiPd3,160.007,44.115
mp-aaaabenf,K2Cd(CN)4,14.761,5.221
mp-aaaabenj,YbGa5Co,66.775,50.449
mp-aaaabeno,UGa2,83.105,43.833
mp-aaaabenp,PbO2,103.849,39.538
mp-aaaabeoe,V2C,244.406,119.66
mp-aaaabeos,Sn4Pt,60.455,29.701
mp-aaaabeot,TmCuPb,68.88,45.973
mp-aaaabeou,Mn2Sb,82.893,29.216
mp-aaaabepe,Ba2YCu3O7,107.52,55.659
mp-aaaabepj,Co3SnC,198.668,86.71
mp-aaaabepn,Cu3Se2,73.545,16.086
mp-aaaabepo,Pr3AlN,31.769,9.57
mp-aaaabepp,Cr3Ge,229.213,133.08
mp-aaaabepq,Ho2In,55.238,26.456
mp-aaaabept,Nb3B2,241.544,170.502
mp-aaaabepu,NdFeSi,86.25,46.56
mp-aaaabepz,Zr3In,96.578,51.211
mp-aaaabeqb,ZrNiSb,133.345,55.766
mp-aaaabeqc,LiCoAs,48.848,30.049
mp-aaaabeqm,In2Ni3S2,60.931,27.627
mp-aaaabeqp,Fe3Ge,142.782,34.23
mp-aaaabeqs,FeSb2,91.182,56.905
mp-aaaabequ,PbSeO3,35.364,7.251
mp-aaaaberc,Mg2Pb,34.401,21.217
mp-aaaaberd,PbO2,114.693,46.309
mp-aaaaberh,LaIn3,49.718,29.861
mp-aaaaberi,HfCo2Sn,161.751,81.16
mp-aaaaberj,In2HgSe4,23.239,13.929
mp-aaaaberl,ErSiIr,151.348,78.089
mp-aaaabern,Ce3Sn,38.321,33.177
mp-aaaabero,Ce,31.937,32.268
mp-aaaaberq,FeSi2,185.12,124.055
mp-aaaaberw,ZrInNi2,140.627,53.067
mp-aaaaberx,Pb,38.724,11.459
mp-aaaabesc,Tb3SnC,39.692,9.784
mp-aaaabesf,CeCoC2,171.563,77.456
mp-aaaabesg,LiCeSn2,47.381,27.191
mp-aaaabesj,MnAlGe,111.84,63.4
mp-aaaabesm,La2In,39.889,15.239
mp-aaaabesn,LaCoGe,61.994,33.99
mp-aaaabess,CeCuGe,81.668,43.907
mp-aaaabesu,ZnFeSb,57.711,-28.21
mp-aaaabetd,SmCoGe,100.361,52.148
mp-aaaabeti,LiInTe2,23.297,11.157
mp-aaaabetl,Nd(FeGe)2,124.467,47.545
mp-aaaabetn,FeB,280.84,142.25
mp-aaaabetq,InPS4,15.077,11.744
mp-aaaabetr,MnVAs,98.235,10.115
mp-aaaabett,Ga2FeS4,16.854,12.987
mp-aaaabetw,InPt3C,196.047,7.245
mp-aaaabeua,ZrIn2,81.529,44.771
mp-aaaabeub,LiIn2Pd,67.719,18.833
mp-aaaabeum,InN,158.992,95.097
mp-aaaabeuo,Dy(BC)2,175.354,114.935
mp-aaaabeup,SnPbF4,24.569,9.6
mp-aaaabeur,GePtSe,120.097,66.408
mp-aaaabeuu,Pb(NO3)2,30.668,10.034
mp-aaaabeuv,NpGa3,97.898,46.799
mp-aaaabeuw,TbMnSi,81.024,46.765
mp-aaaabeva,CuTe,12.527,9.402
mp-aaaabevc,Pt3Pb,172.406,43.661
mp-aaaabevg,Zn(InTe2)2,23.091,14.549
mp-aaaabevo,MnCo2Sn,166.928,81.836
mp-aaaabevp,Ba2CaIrO6,108.746,57.48
mp-aaaabevs,Dy3(CuSn)4,81.322,17.296
mp-aaaabevv,Ti5Sn3,106.614,50.343
mp-aaaabevx,Pd3Pb,129.07,42.248
mp-aaaabewf,CoB,308.915,149.359
mp-aaaabewi,Mn3SnC,215.893,120.102
mp-aaaabewj,CrGe,157.411,86.842
mp-aaaabewk,CoSe2,109.411,55.11
mp-aaaabewm,VNi2Sn,122.027,22.62
mp-aaaabewn,YCuPb,66.035,45.214
mp-aaaabewo,GeRh,101.132,47.092
mp-aaaabewq,Fe2W,259.462,135.348
mp-aaaabewu,Sr(AlPb)2,33.025,5.34
mp-aaaabeww,EuB6,143.683,107.737
mp-aaaabexf,Fe3Sn,116.858,48.902
mp-aaaabexj,VSn2,94.914,51.156
mp-aaaabexl,HfSnPt,103.632,-13.882
mp-aaaabexo,ZrFeP,195.86,119.784
mp-aaaabexr,NpAs,83.6,19.027
mp-aaaabext,Ba4Y2Cu6O13,93.404,48.754
mp-aaaabexu,DyInAg2,64.011,18.398
mp-aaaabexw,Cu3Sb,90.479,25.292
mp-aaaabexx,NiSe2,96.857,38.657
mp-aaaabexz,PrIn3,52.62,30.543
mp-aaaabeyb,OsS2,193.971,139.154
mp-aaaabeyc,HoCoC,147.431,58.45
mp-aaaabeye,Ce(BC)2,163.414,126.426
mp-aaaabeyj,UGeS,90.78,13.408
mp-aaaabeyq,TbIn3,55.261,31.329
mp-aaaabeys,Dy3GaC,44.205,19.481
mp-aaaabeyu,U(FeSi)2,177.23,89.691
mp-aaaabeyy,Sb2Ru,111.249,77.964
mp-aaaabeza,InCuO2,121.57,33.594
mp-aaaabezc,NbNiP,215.347,97.397
mp-aaaabezd,Ce(CoGe)2,121.349,58.575
mp-aaaabezf,ZrSnIr,160.406,64.039
mp-aaaabezh,Cr3C2,319.679,168.003
mp-aaaabezj,PrPb3,47.139,8.839
mp-aaaabezk,TiCdO3,146.93,62.805
mp-aaaabezl,UIn3,61.685,41.165
mp-aaaabezn,TePb,40.408,9.136
mp-aaaabezo,Sr2PbO4,91.606,44.253
mp-aaaabezt,MnSiNi,162.799,86.459
mp-aaaabezu,Nd(SiPt)2,137.703,39.837
mp-aaaabezw,TiNiSb,126.65,59.365
mp-aaaabfad,Ce2InGe2,62.668,39.629
mp-aaaabfaj,GdCd2,-32.809,147.543
mp-aaaabfao,NaMnSb,26.873,16.61
mp-aaaabfap,SnPt3,198.87,57.089
mp-aaaabfaw,Ho3TlC,41.581,12.506
mp-aaaabfbf,YZnSn,63.26,42.778
mp-aaaabfbi,Pr3InN,72.128,49.169
mp-aaaabfbm,TaO2,255.403,113.66
mp-aaaabfbp,InNi,116.101,40.305
mp-aaaabfbq,LiCaPb,29.742,24.614
mp-aaaabfbr,La3InN,65.083,41.796
mp-aaaabfbs,Dy(MnGe)2,115.114,63.746
mp-aaaabfbv,Y2ReC2,122.595,74.404
mp-aaaabfbx,GdIn,104.041,18.822
mp-aaaabfbz,SmSnPt,103.847,51.35
mp-aaaabfca,Ni3Ge,190.994,85.736
mp-aaaabfce,Si3Rh5,198.297,76.444
mp-aaaabfcf,Cs2LiFe(CN)6,24.507,-2.748
mp-aaaabfcj,Y3PbC,77.789,58.485
mp-aaaabfcl,Cr2FeS4,338324.74,50770.337
mp-aaaabfcm,Sr2UO4,96.41,40.606
mp-aaaabfco,Nd3InN,75.749,52.058
mp-aaaabfcp,Ti3SnC2,157.86,116.018
mp-aaaabfcq,SrIn2Pd,47.596,23.163
mp-aaaabfcs,Li2InPt,71.969,18.408
mp-aaaabfct,CaIn2Pt,66.9,26.547
mp-aaaabfcu,Er3TlC,42.482,12.995
mp-aaaabfcv,Li2InPd,59.663,17.086
mp-aaaabfcw,Ti3Sn,116.002,27.179
mp-aaaabfcx,Pd3PbC,141.216,29.434
mp-aaaabfdb,Sc3PbC,94.605,76.167
mp-aaaabfde,Dy3Mn3Ga2Si,75.386,40.184
mp-aaaabfdg,Zr2Fe3Ge,158.937,87.954
mp-aaaabfdj,RbPbF3,77.371,29.602
mp-aaaabfdo,CrP,198.838,139.444
mp-aaaabfdu,PrSnPd,84.625,40.129
mp-aaaabfef,SiP2,108.341,82.444
mp-aaaabfeh,ScInCu2,94.727,47.368
mp-aaaabfej,YSiRu,131.731,50.299
mp-aaaabfep,HfC,239.071,177.337
mp-aaaabfes,Fe3Ge,166.23,69.592
mp-aaaabfet,Tb(GeRu)2,132.27,58.586
mp-aaaabffb,UAs,97.753,28.717
mp-aaaabffe,MnNiGe,116.642,56.472
mp-aaaabffg,InNi2,169.516,42.474
mp-aaaabffk,CaMnSi,42.158,35.285
mp-aaaabffm,UPb,58.263,16.258
mp-aaaabffs,Hf5Sn3,113.876,48.717
mp-aaaabffw,U6Fe,149.256,9.664
mp-aaaabffx,LaAl4,70.525,25.994
mp-aaaabfgb,Y(FeGe)2,129.611,49.23
mp-aaaabfgd,CeSi,69.426,39.155
mp-aaaabfgf,FeGe2,117.621,74.651
mp-aaaabfgm,SrIn4Pt,52.456,26.341
mp-aaaabfgq,Ca3PbN,18.661,8.672
mp-aaaabfgx,Pr3InO,71.496,41.666
mp-aaaabfhb,Mn2SnS4,42.268,29.863
mp-aaaabfhc,CeSb,-34.575,8.211
mp-aaaabfhd,Fe2CuGe2,134.088,-20.908
mp-aaaabfhf,CeP,72.137,11.588
mp-aaaabfhl,GdO2,156.341,93.602
mp-aaaabfht,TmNiGe,108.787,61.869
mp-aaaabfhu,CeAlPd,80.506,60.666
mp-aaaabfhz,SiPt3,199.75,47.08
mp-aaaabfia,SrGePt,67.988,19.913
mp-aaaabfid,Ni2P,191.012,38.833
mp-aaaabfie,EuGa2,46.089,32.199
mp-aaaabfih,MnGaCo2,186.181,85.891
mp-aaaabfil,TaGaNi2,192.999,39.868
mp-aaaabfiv,Cd3P2,53.243,21.626
mp-aaaabfiw,Mn3RhN,48.132,-4.259
mp-aaaabfiy,CeNi,71.273,15.258
mp-aaaabfjc,GdSi2,78.62,22.205
mp-aaaabfje,NdGeRu,82.192,42.405
mp-aaaabfjh,NdIn3,53.471,31.022
mp-aaaabfji,DyAgSn,72.208,41.882
mp-aaaabfjj,Na3(GePt)4,5423.812,3228.528
mp-aaaabfjk,PuGa2,75.088,49.643
mp-aaaabfjl,LaGa3Pd2,100.405,48.952
mp-aaaabfjm,Sm3In,44.614,24.021
mp-aaaabfjq,Yb3GaC,37.775,6.307
mp-aaaabfjv,InFeCo2,160.068,63.718
mp-aaaabfjy,PbSe,56.543,13.524000000000001
mp-aaaabfjz,InPd,110.79,29.49
mp-aaaabfkt,Mn2VGa,187.236,81.286
mp-aaaabfku,BaPPt,79.315,31.085
mp-aaaabfkv,CoGe,156.743,83.056
mp-aaaabfky,Gd(SiRh)2,142.427,86.63
mp-aaaabfla,LiYbPb,30.798000000000002,25.544
mp-aaaabflg,NbSiIr,244.124,121.83
mp-aaaabflh,YMnSi,89.902,56.086
mp-aaaabflj,UGa5Ni,20.367,-18.302
mp-aaaabfll,EuMg,17.65,12.637
mp-aaaabfln,FeGe,156.708,82.565
mp-aaaabfls,FeSn,95.179,53.266
mp-aaaabflw,OsN2,359.603,224.953
mp-aaaabfmd,PrMnGe,67.272,31.756
mp-aaaabfme,ErNiSb,92.177,58.842
mp-aaaabfmf,FeTe,18.22,12.678
mp-aaaabfmi,PbS,61.181,10.789
mp-aaaabfmn,Th(MnGe)2,133.86,65.888
mp-aaaabfms,MnCoGe,145.917,63.269
mp-aaaabfmv,TiZn3,100.968,33.181
mp-aaaabfmw,HoInPt,103.02,38.221
mp-aaaabfna,Y2In,53.665,27.105
mp-aaaabfnc,PtPb4,12.723,4.893
mp-aaaabfnd,LiSn4Ru,68.495,45.755
mp-aaaabfnf,Cr2CoS4,-2565610.522,-1539214.365
mp-aaaabfnh,ScInNi2,128.198,59.957
mp-aaaabfnm,TiCoSi,185.534,100.664
mp-aaaabfnp,MgTe(PbO3)2,122.031,61.486
mp-aaaabfnw,TaSiIr,258.184,125.054
mp-aaaabfny,PtPb2,74.915,19.891
mp-aaaabfob,MnSe2,66.359,30.223
mp-aaaabfof,KO2,16.347,9.297
mp-aaaabfoi,HfSn,101.827,9.431
mp-aaaabfoq,TaFeP,254.448,143.287
mp-aaaabfou,HfGePt,176.04,79.095
mp-aaaabfow,V3Sn,162.896,5.122
mp-aaaabfox,CeB6,172.63,117.511
mp-aaaabfoz,LaGe,63.487,39.804
mp-aaaabfpb,CoBMo,299.575,177.92
mp-aaaabfpr,TbFeSi,97.721,54.466
mp-aaaabfpu,Yb(GeRu)2,113.282,47.997
mp-aaaabfpz,VCoSi,216.773,113.415
mp-aaaabfqa,CePRuO,119.689,66.587
mp-aaaabfqc,Cd(InTe2)2,20.89,12.794
mp-aaaabfqe,Nd2CuO4,155.352,-0.088
mp-aaaabfqf,Sm,36.46,22.798000000000002
mp-aaaabfqj,ThPb3,58.108,20.125
mp-aaaabfqk,Dy2AlGe2,75.399,46.845
mp-aaaabfqn,In3Ni2,105.586,55.446
mp-aaaabfqq,U(CuGe)2,97.198,40.432
mp-aaaabfqt,InAs,61.193,24.866
mp-aaaabfrb,CeMnGe,76.858,36.44
mp-aaaabfrc,Ga3Pt2,130.246,34.54
mp-aaaabfrd,TbSnPd,15295.281,-2748.856
mp-aaaabfrp,RbMnP,16.708,9.385
mp-aaaabfrr,Dy(NiGe)2,114.065,46.8
mp-aaaabfru,MnSnPt,59.75,15.121
mp-aaaabfry,YCoC,141.273,58.224
mp-aaaabfsb,UNiSn,116.316,51.159
mp-aaaabfsg,YbPb3,39.636,20.904
mp-aaaabfsh,HoIn3,55.314,30.395
mp-aaaabfsi,LaPb3,45.604,15.239
mp-aaaabfsj,TbTiGe,81.218,52.977
mp-aaaabfsq,NbCrGe,189.979,93.389
mp-aaaabfst,Ce2Pd2Pb,77.426,29.445
mp-aaaabfsv,Ba3In2O5F2,84.511,35.548
mp-aaaabfsx,Nb4CoP,183.709,99.048
mp-aaaabfsz,NbCoP,233.807,118.544
mp-aaaabftf,EuAlO3,177.251,105.877
mp-aaaabfto,CoReB,352.135,122.896
mp-aaaabftr,TiCo2Sn,165.425,77.267
mp-aaaabfts,PuIn,48.478,11.144
mp-aaaabftt,VCo2Sn,178.311,71.09
mp-aaaabftv,LiFeAs,67.093,39.305
mp-aaaabfua,Fe2N,240.287,88.269
mp-aaaabfub,RbIn4,22.069,12.4
mp-aaaabfud,LaIn5Rh,64.429,36.531
mp-aaaabfuf,Pr3Pb,42.807,21.821
mp-aaaabfuh,Nd3In,41.855,19.312
mp-aaaabfui,PuGe3,76.629,50.621
mp-aaaabfuo,CeSnPd,77.982,32.062
mp-aaaabfur,U2Ga8Ru,92.095,56.915
mp-aaaabfus,UCoSn,24.751,0.78
mp-aaaabfut,CrFeP,238.171,144.123
mp-aaaabfvb,YMgIn,54.137,40.499
mp-aaaabfvd,YAgPb,63.551,31.32
mp-aaaabfvg,Y2Pd2Pb,81.155,29.744
mp-aaaabfvh,LaMgGa,49.819,34.362
mp-aaaabfvt,Cs2PbO3,35.148,13.531
mp-aaaabfzd,SrCuN,67.221,34.378
mp-aaaabgbe,TiFeSi2,180.482,23687.184
mp-aaaabgfd,Pd17Se15,98.118,27.039
mp-aaaabgie,UTl3,51.996,27.469
mp-aaaabgif,FePd3,166.438,69.408
mp-aaaabgih,KMnAs,9.764,10.135
mp-aaaabgii,F2,396.655,-144.17
mp-aaaabgik,Fe3SnC,293.392,143.27
mp-aaaabgil,MnSiIr,163.928,77.404
mp-aaaabgio,Nd3TlC,35.396,9.014
mp-aaaabgip,VCu3Se4,35.323,20.988
mp-aaaabgit,CuAs2,82.504,23.8
mp-aaaabgiv,Cu3TeO6,147.302,62.89
mp-aaaabgiw,VRu3C,274.66,160.459
mp-aaaabgix,Pd3(PbS)2,58.5,17.584
mp-aaaabgiz,FeCu2Sn,114.606,-30.998
mp-aaaabgjh,NiAs2,105.659,57.182
mp-aaaabgjj,Y4GaCo4,96.804,29.546
mp-aaaabgjn,Ba2CePtO6,137.231,62.307
mp-aaaabgjr,VGaFe2,222.851,122.941
mp-aaaabgjv,NdInPd,79.888,27.594
mp-aaaabgjw,Tm3SnC,40.815,8.526
mp-aaaabgjy,NdCoSi,69.818,39.38
mp-aaaabgkb,MnTe2,49.969,24.456
mp-aaaabgkc,LiSn4Ir,69.115,46.562
mp-aaaabgkp,NbSiAs,151.91,96.024
mp-aaaabgks,Nd3AlN,32.77,10.085
mp-aaaabgoh,NaN3,25.56,10.625
mp-aaaabgpf,MnSnAu,79.189,21.172
mp-aaaabgph,MnNi2Ge,160.744,29.281
mp-aaaabgpl,Ti5Sb3,108.776,43.449
mp-aaaabgpo,ZrSbPd,129.477,35.872
mp-aaaabgps,Sn7Ir3,110.258,62.286
mp-aaaabgpw,Sm2Ge2Ru,88.624,44.545
mp-aaaabgqc,Hf2In5,73.035,46.706
mp-aaaabgqe,Zn(InS2)2,67.671,28.122
mp-aaaabgqf,FeCu2GeS4,71.55,31.294
mp-aaaabgqi,YIn2Ni,84.822,40.977
mp-aaaabgqn,In(TeMo)3,32.991,9.685
mp-aaaabgqr,UGePt,124.931,36.408
mp-aaaabgqy,YbF3,83.579,-23.497
mp-aaaabgrf,AsRh,157.445,60.566
mp-aaaabgrn,TaRu3C,291.431,149.144
mp-aaaabgrv,Ga2Pt,101.898,20.333
mp-aaaabgsu,YRh3C,196.814,79.702
mp-aaaabgts,Ta2InC,175.354,107.734
mp-aaaabgtx,DyGeAu,92.206,45.427
mp-aaaabgty,Zr2InCo2,152.951,53.822
mp-aaaabgtz,BaGePt,65.25,23.001
mp-aaaabgua,NaFeAs,48.294,33.541
mp-aaaabguc,In2Au,53.29,13.931000000000001
mp-aaaabguh,UNiAs2,112.758,49.253
mp-aaaabguo,Co3Mo3N,298.478,118.524
mp-aaaabgup,Zr6Ga2Co,109.449,52.158
mp-aaaabguw,Zr3NiSb7,88.746,53.506
mp-aaaabgvb,YTiSi,92.176,49.378
mp-aaaabgvn,HfFeGe,-1304.177,148.403
mp-aaaabgwa,Co2P,223.42,75.138
mp-aaaabgwb,InN,121.971,53.983
mp-aaaabgwc,TbCoSi,110.589,62.194
mp-aaaabgwh,V3Sn,152.004,-115.015
mp-aaaabgwi,NaSbO3,128.735,94.186
mp-aaaabgwq,LaLuO3,146.049,71.956
mp-aaaabgwr,MnCu2Sn,103.969,30.817
mp-aaaabgwx,ZrMnSi,146.187,81.493
mp-aaaabgwz,TbInCu4,103.672,50.032
mp-aaaabgxc,TlInSe2,22.596,11.724
mp-aaaabgxk,MnAs,106.766,78.122
mp-aaaabgxx,Zn(InS2)2,32.235,16.944
mp-aaaabgxz,RbInTe2,13.936,8.246
mp-aaaabgya,NdMnSi,56.943,32.522
mp-aaaabgyc,HfSiMo,188.59,103.44
mp-aaaabgye,Y(MnSn)6,112.507,71.503
mp-aaaabgyg,CoMoP,244.767,123.348
mp-aaaabgyk,GdB6,167.657,96.068
mp-aaaabgym,ZrPRu,208.218,108.505
mp-aaaabgyo,CoP,-513436.447,43839.952
mp-aaaabgyp,Cu(AsO2)2,19.387,11.732
mp-aaaabgyt,YSnPt,108.198,41.035
mp-aaaabgyu,Mn2InCo,135.295,36.221
mp-aaaabgzc,SrInPt,62.337,26.962
mp-aaaabgze,Ag5(PbO3)2,89.855,19.145
mp-aaaabgzf,NbGeIr,223.174,94.126
mp-aaaabgzh,Mn2CoGe,176.138,66.995
mp-aaaabgzi,Mn6Si7Ni16,144868.335,21789.623
mp-aaaabgzp,Cu2Se,87.207,-15.69
mp-aaaabgzs,FeCo2Ge,183.305,58.409
mp-aaaabgzu,ZrVP,177.538,107.666
mp-aaaabgzw,Cd(InSe2)2,23.569,14.371
mp-aaaabgzy,Eu2CuO4,134.635,52.259
mp-aaaabgzz,ScSi2Rh,140.355,85.12
mp-aaaabhab,CoSe2,99.992,63.944
mp-aaaabhae,Nb4FeSi,193.734,64.075
mp-aaaabhaf,Na2PtO2,73.912,27.803
mp-aaaabhah,HfCoSn,130.285,72.418
mp-aaaabhaj,EuGa2,48.779,31.209
mp-aaaabhak,SrAl2,44.927,33.57
mp-aaaabhal,UB12,243.159,182.299
mp-aaaabham,GaRu,204.343,89.664
mp-aaaabhap,In2O3,149.39,52.286
mp-aaaabhbk,Sn7Ru3,106.18,36.31
mp-aaaabhbl,TiCdO3,126.081,20.728
mp-aaaabhbm,BaGe3Pt,74.417,40.321
mp-aaaabhbq,Nd3SnN,35.146,5.284
mp-aaaabhbr,NbRu3C,281.254,148.287
mp-aaaabhbs,Ba3InRu2O9,201.204,33.35
mp-aaaabhco,U(CuSi)2,-176.373,157.267
mp-aaaabhcp,In2S3,70.535,20.656
mp-aaaabhcr,ZrCoSb,94.913,-110.605
mp-aaaabhcy,DyInPt,79.936,26.984
mp-aaaabhda,InAgTe2,36.204,13.697
mp-aaaabhdd,Mn3Sn,93.71,57.01
mp-aaaabhde,SrRuO3,166.165,71.269
mp-aaaabhdi,ThRu3C,224.114,107.105
mp-aaaabhdk,Nb4SiNi,187.702,102.86
mp-aaaabhdo,MnCu2SnSe4,50.85,19.337
mp-aaaabhea,Ba(MnGe)2,50.054,34.428
mp-aaaabhec,CuSeO3,27.12,28.384
mp-aaaabheg,Sr3(SnIr)4,25021.856,14991.641
mp-aaaabhek,Ce3Te4,40.96,27.802
mp-aaaabheo,ScSiNi,134.315,71.704
mp-aaaabheq,SrCeO3,113.27,51.662
mp-aaaabhew,HfFeP,216.434,126.335
mp-aaaabhex,CeBPt3,174.986,62.475
mp-aaaabhfc,LuSiIr,158.407,84.508
mp-aaaabhfd,Ba2MgReO6,121.859,68.97
mp-aaaabhfg,Ta4FeP,214.356,104.168
mp-aaaabhfi,Li2PrSb2,41.299,21.813
mp-aaaabhfj,Zr3P,125.1,63.867
mp-aaaabhfw,LiIn,32.743,7.674
mp-aaaabhfx,Fe3Sn,124.102,60.607
mp-aaaabhfz,TiInNi2,153.635,50.534
mp-aaaabhga,NaO3,23.841,12.571
mp-aaaabhgb,Mn2CoSn,114.714,75.75
mp-aaaabhgd,Sn(PbO2)2,47.458,17.649
mp-aaaabhgn,Ta2P,220.662,110.02
mp-aaaabhgo,FeGe,152.403,77.414
mp-aaaabhgt,NaInTe2,19.763,15.869
mp-aaaabhgw,Tb(MnGe)2,115.215,64.592
mp-aaaabhgy,Co2C,257.718,109.037
mp-aaaabhgz,HfCuSi,153.001,87.244
mp-aaaabhhd,YInAu2,89.598,21.208
mp-aaaabhhg,Nd3TlN,35.606,5.7010000000000005
mp-aaaabhhi,CrSb2,56.636,33.759
mp-aaaabhhn,ZrCo2Sn,153.951,75.173
mp-aaaabhhs,YMn12,138.221,87.231
mp-aaaabhhu,FeGe,136.965,76.238
mp-aaaabhhv,Ce2MgGe2,64.09,47.276
mp-aaaabhhx,Dy3TlC,40.847,12.029
mp-aaaabhhy,Mn2Sn,94.115,44.452
mp-aaaabhig,ZrCuSi,145.249,85.05
mp-aaaabhit,HfPbO3,166.252,87.185
mp-aaaabhiv,Er3SnC,42.274,9.172
mp-aaaabhiz,MnNiSb,98.538,0.5750000000000001
mp-aaaabhje,CoAsRh,195.109,63.555
mp-aaaabhjo,Tm3TlC,43.149,13.276
mp-aaaabhjq,TiSi,131.686,40.349
mp-aaaabhjx,MnSiRh,154.446,70.41
mp-aaaabhjy,TlInS2,45.413,22.184
mp-aaaabhka,V3Ga,168.668,52.731
mp-aaaabhkm,ZrGaNi2,152.161,-33.914
mp-aaaabhkr,GeRh2,200.615,70.269
mp-aaaabhkv,TiFeSn,73.93,-4.197
mp-aaaabhky,CaTi4(CuO4)3,202.999,107.341
mp-aaaabhlb,UAsSe,77.206,47.857
mp-aaaabhle,In2O3,144.766,57.394
mp-aaaabhln,Zn(InSe2)2,27.992,17.561
mp-aaaabhlp,Eu(CdP)2,52.436,35.029
mp-aaaabhlq,Mn2SnW,219.188,105.854
mp-aaaabhlx,YNiSn,88.056,43.823
mp-aaaabhlz,NiP2,132.249,98.281
mp-aaaabhma,CeZnSbO,67.523,9.095
mp-aaaabhmg,OsF6,6.233,3.152
mp-aaaabhml,Co2N,246.43,87.348
mp-aaaabhmq,TaNiGe,196.746,73.151
mp-aaaabhmr,HfNbP,179.549,100.086
mp-aaaabhmt,U(NiP)2,198.349,57.604
mp-aaaabhna,InPd2,129.519,35.51
mp-aaaabhnc,FeCu2SnS4,70.285,26.429
mp-aaaabhng,FeS,154.674,36.714
mp-aaaabhno,InAgO2,107.674,28.665
mp-aaaabhnq,TiGaPt,163.617,61.559
mp-aaaabhny,HoGeRh,120.656,55.178
mp-aaaabhob,MnInCu2,103.816,24.622
mp-aaaabhok,In2Pt,91.458,27.293
mp-aaaabhol,CeCuSn,32.511,43.234
mp-aaaabhon,TbInCu2,90.141,43.172
mp-aaaabhop,BaIn4,33.333,16.521
mp-aaaabhor,ZrSnPd,94.592,-862.811
mp-aaaabhot,InSe,11.006,7.042
mp-aaaabhou,Pb,37.674,17.212
mp-aaaabhov,Te2W,18.391,12.518
mp-aaaabhpa,DyFeSi,101.371,56.128
mp-aaaabhpc,V3Se4,80.248,53.787
mp-aaaabhpd,ScFeSi,126.32,60.573
mp-aaaabhpg,YIn,56.047,20.93
mp-aaaabhpj,EuAgSb,40.661,27.11
mp-aaaabhpo,YPd2Pb,93.034,23.095
mp-aaaabhps,LiCu2P,77.333,32.433
mp-aaaabhpt,CaIn2Pd,59.191,25.46
mp-aaaabhpv,Ba2NdCu3O7,107.725,55.03
mp-aaaabhpy,NbSiPd,194.818,82.78
mp-aaaabhqb,TiInCu2,118.564,46.141
mp-aaaabhqh,MnInNi2,235.971,89.09
mp-aaaabhql,Ca2Sn,29.28,16.906
mp-aaaabhqm,InCuS2,66.112,26.014
mp-aaaabhqp,BaFe2S3,56.257,27.532
mp-aaaabhqq,CeCuSi,84.581,51.325
mp-aaaabhqw,CoSi,206.375,-262.949
mp-aaaabhqx,Pb(CO2)2,22.536,13.958
mp-aaaabhqz,Mn5C2,219.19,-296.987
mp-aaaabhrc,FeSn2,80.683,60.881
mp-aaaabhrg,K2PbO3,39.098,17.293
mp-aaaabhrj,CoBW,325.769,195.015
mp-aaaabhrk,La(MnGe)2,93.376,59.464
mp-aaaabhrt,TiCoGe,168.613,76.495
mp-aaaabhsd,YbSnPt,84.825,36.015
mp-aaaabhsg,TiNiSn,90.615,-8.419
mp-aaaabhsk,ThNiSn,98.7,48.922
mp-aaaabhsl,Fe2Si,237.179,122.609
mp-aaaabhso,VGaCo2,199.274,88.046
mp-aaaabhsq,MnTePd,83.667,19.831
mp-aaaabhsr,AlFe3C,232.51,88.775
mp-aaaabhsz,LuSiRh,137.113,70.8
mp-aaaabhtb,Cr2CuS4,94.549,39.715
mp-aaaabhti,Ce2MgCu2,53.011,23.306
mp-aaaabhtj,InCuSe2,49.798,21.531
mp-aaaabhtp,TaTe4,32.198,20.271
mp-aaaabhuv,BiI3,2.668,1.9500000000000002
mp-aaaabhux,NaCl,25.834,4.456
mp-aaaabhuz,MoCl3,12.057,8.227
mp-aaaabhvb,HgCl2,4.621,-2.198
mp-aaaabhvc,Bi2S3,21.948,-15.742
mp-aaaabhve,TlI,11.664,5.404
mp-aaaabhvf,HgI,10.38,4.529
mp-aaaabhvi,NaCl,23.77,14.298
mp-aaaabhvj,CuI,6.287,11.412
mp-aaaabhvk,Bi2Pt,82.069,26.028
mp-aaaabhvl,CsCl,14.588,7.445
mp-aaaabhvm,HoBi,54.739,29.989
mp-aaaabhvo,BiRh,102.002,29.791
mp-aaaabhvq,InBr,13.519,7.042
mp-aaaabhvr,ZrCl3,4.878,3.407
mp-aaaabhvs,SbCl3,1.673,1.336
mp-aaaabhvt,SmBi,52.053,30.315
mp-aaaabhvv,TlBr,19.646,7.329
mp-aaaabhvw,CsI3,5.347,2.046
mp-aaaabhvx,VCl2,10.488,9.518
mp-aaaabhvy,MnBi,44.541,10.07
mp-aaaabhvz,PuBi,52.25,20.475
mp-aaaabhwa,FeBr2,10.581,5.828
mp-aaaabhwb,CdCl2,8.647,5.888
mp-aaaabhwc,YbBr2,15.965,11.345
mp-aaaabhwd,PbI2,3.943,0.925
mp-aaaabhwg,UBi,71.508,-80.505
mp-aaaabhwh,EuCl2,26.542,11.102
mp-aaaabhwi,CaBr2,19.942,10.337
mp-aaaabhwj,ZnCl2,6.193,5.677
mp-aaaabhwl,Bi2O3,107.798,21.406
mp-aaaabhwo,AgI,25.5,6.592
mp-aaaabhwp,CuI,38.237,15.17
mp-aaaabhwq,LaCl3,31.744,16.294
mp-aaaabhwr,HgCl,11.79,5.628
mp-aaaabhws,KI,10.558,5.635
mp-aaaabhwt,LiI,19.889,12.473
mp-aaaabhwv,KI,12.418,5.209
mp-aaaabhwy,CaCl2,31.987,12.661
mp-aaaabhwz,LiCl,32.161,20.781
mp-aaaabhxa,CsBr,12.31,6.573
mp-aaaabhxb,DyBi,53.954,29.768
mp-aaaabhxc,BiCl3,4.002,3.6950000000000003
mp-aaaabhxd,ZnCl2,6.868,5.593
mp-aaaabhxg,NpBi,14.939,84.218
mp-aaaabhxh,CuBr,42.59,11.405
mp-aaaabhxi,CuCl,56.095,10.104
mp-aaaabhxj,AgI,32.309,-28.395
mp-aaaabhxk,NaBr,19.491,11.281
mp-aaaabhxl,CuBr,5.964,5.924
mp-aaaabhxn,AgI,34.265,10.345
mp-aaaabhxp,TbBi,55.237,29.486
mp-aaaabhxq,AgCl,40.56,6.466
mp-aaaabhxs,NaBi,29.484,12.854
mp-aaaabhxt,AgI,25.685,6.593
mp-aaaabhxy,Rb4CdCl6,14.264,7.736
mp-aaaabhyc,K2PtCl4,12.029,6.6690000000000005
mp-aaaabhyd,CsBrF,15.691,7.063
mp-aaaabhye,Ca2NCl,57.888,35.853
mp-aaaabhyf,Na4I2O,20.124,11.964
mp-aaaabhyh,BiClO,26.218,18.304
mp-aaaabhyj,CaCuBi,44.943,26.718
mp-aaaabhyp,K2ReCl6,11.602,6.545
mp-aaaabhys,CsNiCl3,15.269,6.799
mp-aaaabhyy,K2PdCl4,11.845,6.796
mp-aaaabhyz,SrClF,48.203,23.272
mp-aaaabhza,KBrO3,19.057,10.994
mp-aaaabhzd,Li2ZnCl4,31.855,15.897
mp-aaaabhze,CsTiBr3,13.373,7.225
mp-aaaabhzg,PbClF,47.996,16.906
mp-aaaabhzh,BiTeI,5.729,4.804
mp-aaaabhzi,C(ClF)2,2.89,1.303
mp-aaaabhzj,Li2FeBr4,25.291,16.303
mp-aaaabhzn,SbSBr,7.311,3.768
mp-aaaabhzo,Tb6FeBi2,36.09,8.571
mp-aaaabhzp,NaMnBi,23.646,13.384
mp-aaaabhzr,Rb2TeCl6,9.584,5.213
mp-aaaabhzt,CsVCl3,12.85,4.463
mp-aaaabhzu,Rb2MnCl4,20.776,9.004
mp-aaaabhzv,GaBiO3,173.106,89.283
mp-aaaabhzw,Li2CoCl4,8.956,1.69
mp-aaaabhzy,CuBiS2,49.799,22.669
mp-aaaabiad,BiIO,16.924,11.049
mp-aaaabiah,CsVI3,9.676,2.6790000000000003
mp-aaaabiai,TiClO,22.827,12.826
mp-aaaabiaj,AgClO4,26.665,9.049
mp-aaaabiam,SbSeI,7.09,5.167
mp-aaaabias,TiBrO,25.612,14.541
mp-aaaabiau,CsMgCl3,13.722,4.715
mp-aaaabibd,U(ClO)2,24.898,15.1
mp-aaaabibl,K2ReBr6,11.063,5.229
mp-aaaabibm,KClO3,15.769,7.956
mp-aaaabibo,SrBrF,34.729,18.311
mp-aaaabibp,LaClO,67.468,33.92
mp-aaaabibq,CsAuCl3,35.712,13.125
mp-aaaabibt,Cs3Sb2I9,6.9879999999999995,0.965
mp-aaaabibx,Sr2NCl,47.295,27.118
mp-aaaabiby,SrZnCl4,32.01,12.913
mp-aaaabica,K2SeBr6,11.09,5.006
mp-aaaabicb,CsPbCl3,21.823,9.296
mp-aaaabicc,CsVBr3,11.692,4.405
mp-aaaabicd,Er6MnBi2,52.919,33.704
mp-aaaabicf,SbSI,6.858,45.967
mp-aaaabick,SrIF,10.84,8.443
mp-aaaabicl,Ho6MnBi2,51.435,32.156
mp-aaaabico,GdClO,70.235,31.328
mp-aaaabicq,ZrIN,19.161,15.301
mp-aaaabics,NaBiO3,57.489,23.569
mp-aaaabicu,Sr2BrN,44.628,25.243
mp-aaaabicw,NdClO,74.064,34.045
mp-aaaabicy,Cs2PtI6,7.331,3.998
mp-aaaabida,YCI,7.501,-22.026
mp-aaaabidf,K2PdCl6,12.406,6.418
mp-aaaabidg,NdBrO,20.663,15.753
mp-aaaabidi,BaBrF,36.564,16.453
mp-aaaabidk,BiBrO,18.132,11.592
mp-aaaabids,AlBiO3,190.998,117.305
mp-aaaabidw,BiPbClO2,43.224,17.959
mp-aaaabidx,Ba2Cu3(ClO2)2,45.518,22.391
mp-aaaabidz,Mg3B7ClO13,133.058,94.309
mp-aaaabieb,SrTa2Bi2O9,86.266,65.455
mp-aaaabieh,Ca3Cu2(ClO2)2,53.19,36.986
mp-aaaabieo,Sr2Cu(ClO)2,45.573,29.537
mp-aaaabifc,CuBiSeO,72.93,30.493
mp-aaaabifh,Sr5P3ClO12,66.189,38.059
mp-aaaabifx,Ba2YBiO6,113.974,68.485
mp-aaaabify,SbPbClO2,46.555,21.923000000000002
mp-aaaabigb,Sr5P3BrO12,64.465,35.671
mp-aaaabigd,Ca2Cu(ClO)2,41.495,26.242
mp-aaaabigf,Na4Al3Si3ClO12,56.124,31.02
mp-aaaabigm,Bi,27.767,8.365
mp-aaaabign,I,4.837,3.174
mp-aaaabigo,Br,4.11,2.895
mp-aaaabigp,Ar,0.098,0.266
mp-aaaabigr,Bi,43.62,11.548
mp-aaaabigs,He,1.014,0.124
mp-aaaabigt,SrBi3,42.244,14.827
mp-aaaabigu,ThBr4,26.598,15.046
mp-aaaabigw,ZrCl2,15.281,12.215
mp-aaaabigx,CsBi2,-72630.044,-24791.702
mp-aaaabigy,Bi2Se3,16.965,21.246
mp-aaaabihf,PrBi,49.437,27.031
mp-aaaabihh,HgI2,1.936,2.519
mp-aaaabihk,SbCl5,1.258,0.313
mp-aaaabihl,HgBr,11.597,5.809
mp-aaaabihm,WCl6,1.108,0.59
mp-aaaabihn,NiBi3,29.76,10.642
mp-aaaabiho,In5Bi3,36.164,8.227
mp-aaaabihr,NdCl3,34.633,17.807
mp-aaaabihs,BCl3,0.113,0.10200000000000001
mp-aaaabihw,In2Bi,23.091,-6.373
mp-aaaabihx,BI3,0.806,0.637
mp-aaaabiia,HgI2,3.392,2.493
mp-aaaabiib,KCl,16.489,9.177
mp-aaaabiic,LaI2,10.546,8.796
mp-aaaabiid,Bi2O3,20.242,25.082
mp-aaaabiif,TlI,16.52,6.535
mp-aaaabiih,BaCl2,26.245,9.183
mp-aaaabiij,BaBi3,39.346,17.54
mp-aaaabiik,InI,13.331,7.457
mp-aaaabiim,FeCl3,15.609,9.15
mp-aaaabiin,MgI2,9.165,4.314
mp-aaaabiiq,UCl3,31.673000000000002,16.753
mp-aaaabiir,SrCl2,33.615,14.668
mp-aaaabiis,MgCl2,8.66,6.263
mp-aaaabiiw,CaCl2,16.828,11.051
mp-aaaabiiz,Bi2Rh,82.795,36.378
mp-aaaabija,AsI3,3.438,2.604
mp-aaaabije,Li3Bi,28.2,21.021
mp-aaaabijf,TiI3,2.037,0.079
mp-aaaabijg,BiTe,23.047,14.843
mp-aaaabijh,BBr3,1.53,-0.122
mp-aaaabijj,CuBr,23.429,9.765
mp-aaaabijl,FeCl2,9.771,6.402
mp-aaaabijm,PCl3,0.443,0.302
mp-aaaabijn,AgBr,38.284,8.539
mp-aaaabijq,TmBi,54.948,30.664
mp-aaaabijt,BiF3,54.467,31.812
mp-aaaabijw,CoCl2,-18.587,-57.121
mp-aaaabijx,YBi,53.143,29.04
mp-aaaabika,UI3,6.693,3.645
mp-aaaabikb,ErBi,54.597,30.393
mp-aaaabikd,ZrBr3,5.309,3.074
mp-aaaabikh,KBr,13.432,7.473
mp-aaaabikj,RbBi2,406286.373,243755.644
mp-aaaabikl,UBr3,25.058,13.099
mp-aaaabikp,LiBr,25.963,16.321
mp-aaaabikq,BaI2,16.076,5.955
mp-aaaabikr,I2O5,17.477,14.793
mp-aaaabiks,Bi2O3,53.426,30.036
mp-aaaabikt,LaBr3,25.473,13.286
mp-aaaabiku,TiI3,1.242,1.246
mp-aaaabikv,GdCl3,29.009,15.213
mp-aaaabikx,BeCl2,3.319,-8.602
mp-aaaabiky,NaI,15.1,8.31
mp-aaaabilf,TiCl3,6.025,3.743
mp-aaaabilj,KBi2,33670.871,20183.189
mp-aaaabilk,AsCl3,0.557,0.311
mp-aaaabill,SbI3,3.21,2.106
mp-aaaabilm,ZrI3,3.862,2.612
mp-aaaabilp,CeBi,38.203,25.983
mp-aaaabils,AlBr3,0.983,0.38
mp-aaaabilt,KCl,18.701,8.644
mp-aaaabimb,BrF3,6.798,3.7640000000000002
mp-aaaabimd,RbCl,16.534,8.333
mp-aaaabime,NdBi,50.357,27.498
mp-aaaabimf,BiF3,132.284,-12.591
mp-aaaabimg,RbI,11.14,5.547
mp-aaaabimi,Rb3Bi,9.746,4.598
mp-aaaabimn,ScCl3,5.757,3.138
mp-aaaabimq,MoBr3,4.428,2.4939999999999998
mp-aaaabimr,InBi,31.715,13.341
mp-aaaabimx,RbVCl3,14.05,-0.14200000000000002
mp-aaaabinr,NaBrO3,27.038,16.231
mp-aaaabint,Bi2Pt2O7,179.413,76.076
mp-aaaabiob,Bi(BO2)3,51.828,25.333
mp-aaaabioe,Ge(Bi3O5)4,53.667,29.547
mp-aaaabiof,Cu2HgI4,14.625,8.411
mp-aaaabipj,Rb2TeBr6,9.056,4.79
mp-aaaabips,K4CdCl6,15.735,8.358
mp-aaaabiqg,Cs2PtCl6,8.616,4.775
mp-aaaabiqz,Cs2PbCl6,8.082,4.508
mp-aaaabira,Al4Bi2O9,107.974,70.056
mp-aaaabirb,Ti3(BiO3)4,81.207,20.723
mp-aaaabirf,CsCu2I3,8.359,3.14
mp-aaaabirg,BaClF,40.624,18.465
mp-aaaabirm,BaBiO3,109.77,56.631
mp-aaaabirt,Bi2Ru2O7,178.102,94.649
mp-aaaabist,K2RuCl6,45115.14,14986.449
mp-aaaabitg,CsAuCl3,10.16,4.998
mp-aaaabith,Ag2HgI4,10.806000000000001,5.389
mp-aaaabitj,KIO3,21.031,14.11
mp-aaaabitk,Tl5Se2I,15.431,8.241
mp-aaaabitv,K2SnCl6,11.298,5.661
mp-aaaabiua,Sr2InI5,14.254,14.798
mp-aaaabiub,K2TeBr6,10.176,4.976
mp-aaaabiud,InSn2Br5,11.176,6.001
mp-aaaabiuj,K2PtCl6,12.754,6.625
mp-aaaabiuk,BiSI,7.175,20.538
mp-aaaabiuq,InPb2I5,13.937,22.207
mp-aaaabiuw,KClO4,16.231,8.709
mp-aaaabive,KSn2I5,8.774000000000001,4.925
mp-aaaabivq,Na2UI6,3.215,1.937
mp-aaaabiwc,Ag2BiO3,99.447,20.823
mp-aaaabiwe,Ge3(BiO3)4,50.715,41.051
mp-aaaabiwg,KIO4,20.199,10.494
mp-aaaabjac,LiB(HO)4,41.323,27.904
mp-aaaabjal,LaNi5H7,120.516,30.953
mp-aaaabjay,NaHCO2,25.163,12.017
mp-aaaabjaz,CaH2(CO2)2,23.946,12.259
mp-aaaabjbl,K3AlH6,18.623,-53.67
mp-aaaabjbq,LiH2N,28.876,21.892
mp-aaaabjbr,LiH,36.35,42.538
mp-aaaabjbs,NaAlH4,19.606,13.109
mp-aaaabjbu,YH3,78.381,54.412
mp-aaaabjbx,Mg(AlH4)2,17.913,7.326
mp-aaaabjby,MgH2,49.554,36.195
mp-aaaabjbz,MgH2,48.435,33.062
mp-aaaabjca,MgH2,61.574,25.012
mp-aaaabjcb,CaH2,46.806,32.48
mp-aaaabjcc,SrH2,37.591,24.537
mp-aaaabjcd,BaH2,30.008,17.353
mp-aaaabjck,HCl,56.966,56.466
mp-aaaabjcr,NaBeH3,59.369,49.113
mp-aaaabjcv,Cu3H2(CO4)2,41.379,20.925
mp-aaaabjcy,LiMgH3,40.623,28.674
mp-aaaabjcz,KMgH3,34.622,31.061
mp-aaaabjdo,Cs2MgH4,13.137,9.216
mp-aaaabjdv,SrH2,39.071,24.69
mp-aaaabjea,Mg3Si2H4O9,63.515,35.137
mp-aaaabjeq,Na3H(SO4)2,35.743,19.094
mp-aaaabjfb,B(HO)3,14.465,6.744
mp-aaaabjfe,H4NF,30.444,6.912
mp-aaaabjfh,LiH6ClO7,20.3,13.733
mp-aaaabjfn,GaHO2,132.704,86.963
mp-aaaabjfo,Mg2FeH6,76.609,61.863
mp-aaaabjfr,AlHO2,157.945,134.235
mp-aaaabjgc,BaLiH3,37.474,38.849
mp-aaaabjhe,KHF2,26.337,13.538
mp-aaaabjhi,NaH2N,13.017,10.054
mp-aaaabjho,LiHO,14.251,10.119
mp-aaaabjhs,SrHCl,38.352,22.306
mp-aaaabjhy,H2SeO4,8.966,7.261
mp-aaaabjic,NaH,23.295,19.487
mp-aaaabjih,CuH4(ClO)2,7.042,5.065
mp-aaaabjil,Ca(HO)2,35.543,21.012
mp-aaaabjix,NaHO,33.109,24.155
mp-aaaabjjm,LiH6NO6,24.827,10.563
mp-aaaabjjn,H2,0.101,0.024
mp-aaaabjjv,Ca2Al3Si3HO13,118.621,64.867
mp-aaaabjjy,NaGaH4,13.991,8.089
mp-aaaabjkc,HN,24.384,10.503
mp-aaaabjkn,AlH3,27.922,35.304
mp-aaaabjko,PH6NO4,31.399,10.701
mp-aaaabjli,Na2H2Pd,28.047,18.246
mp-aaaabjlk,K2MgH4,23.064,17.351
mp-aaaabjln,KP(HO2)2,24.639,16.417
mp-aaaabjlr,HIO3,13.126,11.542
mp-aaaabjmy,BeH8SO8,39.315,14.245
mp-aaaabjnn,CeHSe,94.096,91.54
mp-aaaabjno,HoHSe,85.382,65.614
mp-aaaabjpq,SrHClO,40.872,18.806
mp-aaaabjqf,ScHCl,16.745,9.791
mp-aaaabjqg,Ta2H,203.084,67.791
mp-aaaabjqi,KH,13.704,10.516
mp-aaaabjqq,GdH2,68.537,47.226
mp-aaaabjqr,CuH,105.717,34.971
mp-aaaabjqt,PrH2,68.409,39.792
mp-aaaabjqu,NdH2,71.096,40.995
mp-aaaabjsn,CsHSeO4,15.292,6.873
mp-aaaabjst,AcH2,55.135,31.721
mp-aaaabjsu,LiLa2HO3,125.243,72.439
mp-aaaabjsv,LiCe2HO3,123.514,67.366
mp-aaaabjsw,LiNd2HO3,133.492,86.992
mp-aaaabjsx,DyH2,84.452,54.075
mp-aaaabjsy,HoH2,86.522,55.883
mp-aaaabjta,NbH2,179.449,70.17
mp-aaaabjtb,ZrH2,132.884,-37.786
mp-aaaabjth,TiH2,139.455,-22.435
mp-aaaabjum,ErH2,87.63,56.307
mp-aaaabjuv,H2S,85.587,-303.464
mp-aaaabjuw,Th4H15,81.272,42.175
mp-aaaabjuz,SrHI,7.823,6.04
mp-aaaabjvi,KPH3O4F,19.525,10.781
mp-aaaabjwf,ScH2,95.971,65.106
mp-aaaabjyc,ZrH2,131.134,31.121
mp-aaaabjyd,CrH,243.317,139.914
mp-aaaabjyf,HPd,174.968,38.553
mp-aaaabjyg,HS7N,1.828,0.961
mp-aaaabjyh,ThH2,88.564,12.304
mp-aaaabjyi,Sr2H6Ru,48.381,32.026
mp-aaaabkbe,K2ZnH12(SO7)2,27.544,12.739
mp-aaaabkcc,CaPHO4,72.678,39.173
mp-aaaabkdc,MnH,126.111,-26.735
mp-aaaabkdd,MoH,210.772,124.662
mp-aaaabkdg,H2Se,72.754,-161.569
mp-aaaabkdi,CaHBr,14.185,8.906
mp-aaaabkdo,KH2N,19.158,10.617
mp-aaaabkgm,H2,0.46900000000000003,0.247
mp-aaaabkgz,Rb2CaH4,17.899,12.811
mp-aaaabkmc,YH2,81.498,53.752
mp-aaaabkmk,SmH2,75.078,44.862
mp-aaaabkml,UH3,108.814,61.069
mp-aaaabkmu,CsHF2,19.452,8.117
mp-aaaabkmv,CrH,206.427,74.701
mp-aaaabkot,NiH,200.93,66.268
mp-aaaabkov,RbH,11.395,8.535
mp-aaaabkow,HRh,218.492,70.702
mp-aaaabkox,TaH2,196.872,57.999
mp-aaaabkpa,TiH2,140.725,17.855
mp-aaaabkpc,VH2,175.664,88.024
mp-aaaabkte,H4N2O3,24.063,10.798
mp-aaaabljq,TiO2,107.79,73.07
mp-aaaabllt,Li3(CuO2)2,69.336,33.635
mp-aaaablnw,LiCuO2,118.564,59.679
mp-aaaabloj,Li(CuO2)2,-300604.44,-180381.586
mp-aaaablpp,LiTiO2,132.322,77.858
mp-aaaablqf,TiO2,43.04,30.243
mp-aaaablrp,AlCl3,10.009,6.716
mp-aaaabmhq,CuPO4,59.509,44.354
mp-aaaabodu,K2PdBr4,10.178,5.644
mp-aaaaboeb,Ca5Bi3,32.168,20.742
mp-aaaaboee,BeP2,89.366,72.774
mp-aaaaboeu,FeP4,136.947,112.471
mp-aaaaboff,InOF,135.341,57.034
mp-aaaabofg,NaMnCl3,27.676,9.818
mp-aaaabofm,GdBr3,-0.652,87.205
mp-aaaabofy,SnI2,9.95,1.6280000000000001
mp-aaaabogc,Cd(NO3)2,24.793,12.29
mp-aaaabogl,K2MgCl4,21.759,10.672
mp-aaaabogs,CsSnBr3,19.249,8.647
mp-aaaabogx,Mg(SbO2)2,49.538,20.282
mp-aaaabohe,MgCu2O3,98.437,54.6
mp-aaaabohf,LiAg3O2,66.519,19.457
mp-aaaabohv,K2PtBr4,10.721,5.618
mp-aaaabohy,LuSBr,11.68,5.042
mp-aaaaboif,Au2O3,80.505,38.407
mp-aaaaboih,Ga2TeS2,24.352,18.386
mp-aaaaboij,PBr3,1.055,1.613
mp-aaaaboip,Rb2MnBr4,16.876,7.203
mp-aaabfdao,Sr2Cu(BrO)2,20.99,14.909
mp-aaabfddl,SrSnO3,142.602,88.097
mp-aaabfdjh,TbBi2ClO4,67.575,31.122
mp-aaabfdnw,SrBiClO2,38.621,2.055
mp-aaabfeck,Pm2O3,129.418,42.722
mp-aaabffgl,CaCO3,72.76,-29.994
mp-aaabffiz,BaZnSO,59.92,35.008
mp-aaabffqg,RbPO3,23.454,14.52
mp-aaabfgjm,InCuO2,120.572,35.461
mp-aaabfgvr,TbBi2BrO4,66.169,33.63
mp-aaabfgwd,Sr2Cu(IO)2,15.256,10.073
mp-aaabfgwg,KNb4O5F,139.204,85.723
mp-aaabfheo,MgO,110.7,48.431
mp-aaabfher,ErBi2ClO4,70.382,34.205
mp-aaabfhfc,NbI2O,12.477,8.811
mp-aaabfhos,Ba2ZnReO6,124.748,53.073
mp-aaabfhqe,ScBiO3,148.262,71.889
mp-aaabfhso,NbBr2O,15.153,10.177
mp-aaabfhsz,Ba2LaIrO6,122.823,38.399
mp-aaabfhud,SmBi2BrO4,64.294,31.398
mp-aaabfibq,YCu2Bi2(SeO2)2,61.482,33.01
mp-aaabfign,BeZnO2,163.901,82.37
mp-aaabfigr,GdTe2ClO5,61.076,20.662
mp-aaabfilq,EuBi2ClO4,58.82,30.184
mp-aaabfivk,SmZnPO,98.485,54.698
mp-aaabfiyf,HfO2,252.656,116.166
mp-aaabfiyu,SrHfO3,154.13,99.642
mp-aaabfjfw,KLiZnO2,58.328,29.535
mp-aaabfjgf,HoBi2IO4,66.034,37.166
mp-aaabfjly,ErBi2IO4,66.464,37.804
mp-aaabfkch,Li3UO4,94.691,64.714
mp-aaabfkcr,Pb2O,24.735,0.848
mp-aaabfkeq,K4CO4,17.431,0.41100000000000003
mp-aaabfkev,Zn2P2O7,119.151,88.26
mp-aaabfkfm,AgClO4,24.246,-3.833
mp-aaabfkjx,Ca4Bi2O,44.568,29.289
mp-aaabfkkk,Na4CO4,32.124,11.846
mp-aaabfkky,PrBi2BrO4,60.739,28.69
mp-aaabfklq,AlBiO3,126.197,63.244
mp-aaabfkpc,DyBi2ClO4,66.798,33.28
mp-aaabfkpk,YbBi2BrO4,60.024,25.112
mp-aaabfkpw,Nd2Ti2S2O5,127.005,54.774
mp-aaabfkso,Bi2SeO2,77.867,26.569
mp-aaabfkvx,AgNO3,32.285,7.759
mp-aaabfkyz,Bi2SeO2,88.992,21.489
mp-aaabflaa,SmBi2IO4,63.113,34.12
mp-aaabflgg,SrTaNO2,178.247,121.168
mp-aaabfllk,LiNbO3,144.515,76.732
mp-aaabfloh,LiScAs2O7,88.172,46.083
mp-aaabflre,TmBi2IO4,68.302,37.095
mp-aaabfltq,ErU2S3O2,89.139,35.678
mp-aaabflvt,TbBi2IO4,64.933,34.827
mp-aaabflys,Ba2CuBrO2,39.984,14.478
mp-aaabfmay,DyBi2BrO4,67.393,34.704
mp-aaabfmkp,YBi2BrO4,66.252,34.566
mp-aaabfmku,CsLaNb2O7,71.326,36.293
mp-aaabfmmx,CsCu3O2,6.316,7.237
mp-aaabfmnc,CsNdO2,67.258,33.706
mp-aaabfmne,CsCuO2,29.967,12.092
mp-aaabfmrw,TiO2,21.691,18.21
mp-aaabfnix,Zr2SN2,157.723,75.141
mp-aaabfnlc,GaPO4,22.532,25.908
mp-aaabfnlj,CaCO3,72.622,29.508
mp-aaabfnlq,CoAsS,142.377,99.452
mp-aaabfnmf,ScNbO4,166.644,60.602
mp-aaabfnnj,Ti(GaO2)4,150.756,70.401
mp-aaabfnnm,Ni3(BiS)2,57.125,17.879
mp-aaabfnph,Na2Al2B2O7,61.102,33.783
mp-aaabfnrd,SiO2,19.96,36.105
mp-aaabfnsw,SnS,3.8609999999999998,1.184
mp-aaabfnvw,Tl2Ni3S2,46.555,17.662
mp-aaabfnww,CuBiSCl2,44.718,18.654
mp-aaabfnyk,TiO2,180.571,60.573
mp-aaabfobg,Ba2CuF6,57.176,21.226
mp-aaabfobj,CaF2,76.358,35.479
mp-aaabfodh,ZnS,68.961,32.743
mp-aaabfofm,TiS,137.908,93.631
mp-aaabfojt,SiO2,24.084,37.443
mp-aaabfokv,RbCuF3,69.734,31.504
mp-aaabfonu,CaGe2O5,117.103,60.045
mp-aaabforh,MoSBr,50.553,31.655
mp-aaabfoti,CsSb(PO4)2,28.723,27.719
mp-aaabfozd,TlCuF3,70.161,25.725
mp-aaabfpbp,TaS2,21.258,14.506
mp-aaabfpci,SbS2NCl6,4.891,1.901
mp-aaabfpcq,Cd(CO2)2,45.668,22.782
mp-aaabfpgo,BaAg2SnS4,31.441,13.867
mp-aaabfpiz,H5CNO2,18.19,6.13
mp-aaabfpky,ZnS,69.547,33.563
mp-aaabfpll,NbS2,5.711,3.447
mp-aaabfplo,YbTaO4,94.996,40.993
mp-aaabfpok,V(MoS2)2,88.535,69.759
mp-aaabfpqw,As2O5,91.699,51.804
mp-aaabfpsn,Ag2H3IO6,86.697,22.067
mp-aaabfpst,SiO2,119.344,43.519
mp-aaabfpwi,KNaS2O7,23.283,12.267
mp-aaabfpxf,CuS,58.947,20.592
mp-aaabfqag,Na4Ti5O12,133.543,60.956
mp-aaabfqdk,S,6.378,4.006
mp-aaabfqdn,ZnS,68.882,33.044
mp-aaabfqmu,Ba3In2Br2O5,38.546,25.265
mp-aaabfqny,CO2,3.848,2.383
mp-aaabfqpn,SrDy2O4,113.78,63.877
mp-aaabfqpw,KClO3,15.73,8.247
mp-aaabfqqg,AgBiSCl2,36.771,14.436
mp-aaabfqrl,Na2BHO3,47.14,18.023
mp-aaabfquc,SrSbSe2F,43.286,122.464
mp-aaabfqvy,YF3,100.271,49.604
mp-aaabfqwj,Tm2O3,155.798,71.182
mp-aaabfrbi,EuClF,48.258,23.338
mp-aaabfrem,SiO2,134.058,71.266
mp-aaabfrhg,Na2Zr(CuS2)2,49.275,19.957
mp-aaabfrhs,Bi(BO2)3,87.617,50.69
mp-aaabfrig,LiAsH6(OF2)3,16.616,9.562
mp-aaabfrjx,ZrO2,194.099,94.708
mp-aaabfrkb,KSb(PS3)2,10.832,6.848
mp-aaabfrpe,GaS,20.025,12.982
mp-aaabfrqn,Li2CO3,75.034,40.321
mp-aaabfrqy,SiO2,42.63,38.011
mp-aaabfrto,BaCSNCl,26.639,11.927
mp-aaabfrwt,NpIO,14.177,11.809
mp-aaabfrxh,RbPS3,8.701,3.385
mp-aaabfrzu,Cs(CoS)2,53.974,34.445
mp-aaabfsbh,NbO2,207.449,81.941
mp-aaabfseo,Li2S,38.36,24.251
mp-aaabfsib,AlTlF4,40.935,24.485
mp-aaabfsji,HgO2,41.06,15.676
mp-aaabfsnl,Cu2WS4,8.464,13.13
mp-aaabfsrr,YbClF,54.055,30.885
mp-aaabfstf,VS2,9.594,7.8629999999999995
mp-aaabfsup,S,0.876,0.398
mp-aaabfszn,TlHCO2,7.668,3.731
mp-aaabftan,Ba2LaTaO6,121.346,48.516
mp-aaabftcb,K3PO4,36.838,19.669
mp-aaabftck,TiS,128.998,77.715
mp-aaabftfh,SiO2,14.613,32.297
mp-aaabftgg,BaAg2(HgO2)2,45.872,17.366
mp-aaabftiv,Tl(Cu3S2)2,54.153,13.226
mp-aaabftjq,TiZn(BiO3)2,83.663,70.619
mp-aaabftlh,BiO2,51.48,28.904
mp-aaabftpu,TiS2,5.928,13.215
mp-aaabftqj,BaTiO3,102.538,53.631
mp-aaabftqv,AlBPbO4,65.18,45.16
mp-aaabftrh,BF3,5.472,3.883
mp-aaabftsv,Ag3SI,44.61,6.537
mp-aaabfuac,Pd3S,113.764,39.33
mp-aaabfubj,Y2Zr2O7,161.026,86.846
mp-aaabfuce,Na3P(SO)2,27.644,14.486
mp-aaabfufm,K(NiS)2,30.804,22.279
mp-aaabfuhp,Y2O3,142.737,62.537
mp-aaabfuka,CaAl2O4,152.027,89.116
mp-aaabfunt,SiO2,263.994,193.946
mp-aaabfupp,ScTaO4,178.016,73.282
mp-aaabfuvg,KrF2,5.35,2.596
mp-aaabfuzs,CuCSN,47.668,19.3
mp-aaabfuzz,BaBiO3,106.167,49.331
mp-aaabfvfs,Cd(InS2)2,63.647,22.102
mp-aaabfvie,Bi2PdO4,36.71,24.815
mp-aaabfviq,AlBPbO4,74.458,45.124
mp-aaabfvna,CaAl2O4,75.432,42.587
mp-aaabfvqc,AgPbBrO,12.127,3.395
mp-aaabfvqy,Tl(NiS)2,54.929,16.781
mp-aaabfvva,LiScF4,86.711,31.055
mp-aaabfvvo,KLiO,31.925,20.733
mp-aaabfvya,SnS,28.192,23.866
mp-aaabfvyp,Ca2Al2SiO7,101.962,53.471
mp-aaabfwep,Ag5P(S2Cl)2,40.593,10.303
mp-aaabfwid,Ba(PO3)2,51.839,24.574
mp-aaabfwjo,Ta2CS2,34.146,23.124
mp-aaabfwkk,Cs(OsO3)2,134.549,83.735
mp-aaabfwlx,Rb2NaBiF6,32.377,16.405
mp-aaabfwpb,TbCl2F,60.1,22.259
mp-aaabfwsh,SiO2,56.961,44.504
mp-aaabfwxo,La2Pd2O5,128.177,49.329
mp-aaabfwyg,Zr2P2O9,85.09,47.769
mp-aaabfwzv,NaMgF3,71.171,42.484
mp-aaabfxbp,SrEr2O4,120.303,68.24
mp-aaabfxew,Nb2Cd2O7,117.943,7.723
mp-aaabfxft,IrF6,5.619,2.833
mp-aaabfxhc,ZnS,69.08,34.087
mp-aaabfxii,BaZr(PO4)2,65.107,41.188
mp-aaabfxjz,Rb(CoS)2,56.234,32.201
mp-aaabfxkm,CrAgS2,26.548000000000002,16.293
mp-aaabfxnz,KNaTiO3,58.009,27.905
mp-aaabfxud,Y4Al2O9,120.978,26.941
mp-aaabfxyf,CsCu5S3,34.94,13.442
mp-aaabfxzz,CdBiS2Br,31.738,16.051
mp-aaabfyet,F2,-2.515,3.475
mp-aaabfygw,ZnS,68.976,34.258
mp-aaabfylb,F2,21.59,3.033
mp-aaabfynb,V2FeS4,87.476,71.581
mp-aaabfyny,Y2Hf2O7,169.817,95.728
mp-aaabfyqp,FeAsS,139.131,117.383
mp-aaabfyro,NaMgBO3,97.556,33.187
mp-aaabfyrv,BeF2,8.258,14.198
mp-aaabfyty,BaPbO3,61.735,17.699
mp-aaabfywm,TeF4,11.814,7.157
mp-aaabfyzv,CsErS2,41.486,26.154
mp-aaabfzct,Cs3TlF6,19.917,-54.89
mp-aaabfzcw,Cs2CoS2,17.491,5.807
mp-aaabfzdr,CsNO3,-88.209,1.087
mp-aaabfzer,HoF3,71.076,42.75
mp-aaabfzhj,CsHgF3,49.422,16.764
mp-aaabfzhl,GdBO3,117.092,27.567
mp-aaabfzng,NbS3,16.691,12.414
mp-aaabgadh,CaMg(SiO3)2,76.691,49.081
mp-aaabgaon,GdBi2BrO4,57.14,36.117
mp-aaabgaqg,CsNb2BiO7,53.728,31.983
mp-aaabggxd,YbRh,81.33,33.51
mp-aaabggxl,LiCu2Ge,88.21,36.738
mp-aaabggye,YbRu,73.949,24.812
mp-aaabghaa,BRh,276.584,107.112
mp-aaabghar,ZrRh,161.195,47.288
mp-aaabghbb,CaAlSi,55.59,38.055
mp-aaabghbh,YSnAu,77.288,42.304
mp-aaabghbn,La(SiOs)2,136.757,80.697
mp-aaabghbu,TbInAu2,89.859,22.082
mp-aaabghby,NdSnRh,98.469,32.566
mp-aaabghce,Hf2SbP,122.772,69.177
mp-aaabghcn,LuAlSi,93.387,65.957
mp-aaabghcy,Ba(MnSb)2,29.349,20.062
mp-aaabghdc,Mg2Tl,35.591,17.201
mp-aaabghdr,CdI2,9.621,1.967
mp-aaabghei,TaV2,194.158,26.294
mp-aaabghek,Sr(Si3N4)2,148.737,99.896
mp-aaabghel,ZnCl2,6.478,5.067
mp-aaabghew,LaN,86.477,22.739
mp-aaabghfl,CeAl3,65.0,44.645
mp-aaabghfo,Sc,45.528,30.675
mp-aaabghft,Te,19.198,15.001
mp-aaabghfu,ErNi,83.503,24.157
mp-aaabghgz,NbRh,217.831,60.562
mp-aaabghhb,Li2AgSn,46.665,20.768
mp-aaabghhq,BiTe,47.617,18.075
mp-aaabghir,Li2ZnGe,42.925,25.919
mp-aaabghix,Li15Au4,28.91,13.292
mp-aaabghiz,W2C,335.85,169.09
mp-aaabghji,SmZn5,76.323,41.622
mp-aaabghjo,Y5Sn3,62.369,45.075
mp-aaabghjs,Ho3Mn3Ga2Si,81.648,44.054
mp-aaabghkh,ThCl4,24.216,10.533
mp-aaabghkr,HfIN,20.721,11.256
mp-aaabghle,NdGa3,68.84,39.27
mp-aaabghlg,CaGe2,49.42,36.036
mp-aaabghli,Ho(PRu)2,167.766,99.097
mp-aaabghlm,Sc3RhC4,177.972,116.259
mp-aaabghme,MnSbPt,104.517,-7.237
mp-aaabghmi,PtCl2,5.439,-12.744
mp-aaabghnb,PbI2,1.385,2.078
mp-aaabghnc,CrCl3,8.799,5.642
mp-aaabghnd,SiC,213.059,189.705
mp-aaabghni,BaSn2,32.687,17.29
mp-aaabghnl,Ho(SiIr)2,178.854,103.451
mp-aaabghok,YbCu2,66.135,29.254
mp-aaabghom,Ga,49.491,2.943
mp-aaabghox,SiC,213.188,187.138
mp-aaabghpe,CsAgCl2,17.28,4.449
mp-aaabghpu,DyAgGe,85.081,52.137
mp-aaabghqa,PaC,165.088,76.83
mp-aaabghqi,DyInRh,98.902,31.23
mp-aaabghqj,DyAl3,75.98,59.228
mp-aaabghqk,LuOs2,218.705,75.807
mp-aaabghqr,Bi,46.757,16.698
mp-aaabghqv,Sr4CN4,52.92,25.037
mp-aaabghrg,ScOs2,237.275,69.065
mp-aaabghru,MgZn2,46.66,-43.992
mp-aaabghse,VFeSb,162.865,60.034
mp-aaabghsu,Cs2LiYCl6,19.256,9.676
mp-aaabghsv,Ti3Ni4,156.786,39.688
mp-aaabghsx,Sr2C(NCl)2,42.78,18.993
mp-aaabghsz,K(CuSe)2,29.409,13.033
mp-aaabghti,Ba3BiN,24.629,10.225
mp-aaabghtv,TiGaRh,127.691,-38.174
mp-aaabghtx,CsPbBr3,11.602,5.511
mp-aaabghul,UMn2,184.28,34.896
mp-aaabghuo,CsTiI3,10.145,3.45
mp-aaabghut,Fe3NiN,203.967,86.951
mp-aaabghuv,TiAl2,109.691,81.43
mp-aaabghvc,PrCoGe,60.752,37.899
mp-aaabghvd,Nb3TeI7,11.975999999999999,8.516
mp-aaabghvn,Nd(NiAs)2,120.915,51.797
mp-aaabghvo,TaSe2,19.6,11.97
mp-aaabghvz,Nd5Si3,55.178,28.511
mp-aaabghwi,SrBr2,18.143,8.669
mp-aaabghwl,Co7Mo6,317.793,121.476
mp-aaabghwn,Y(SiOs)2,169.339,88.942
mp-aaabghwo,ScRu2,188.959,52.506
mp-aaabghxf,CoCN2,164.34,68.938
mp-aaabghxh,Ca(SiPd)2,103.239,40.154
mp-aaabghxj,Ba(Si3N4)2,157.981,105.514
mp-aaabghxz,LiInAg2,60.474,20.019
mp-aaabghyt,TmZrSb,79.62,38.108
mp-aaabghyu,Tm(CuGe)2,102.384,55.871
mp-aaabghyv,AgI,5.005,1.812
mp-aaabghzd,HfGeTe4,13.342,10.704
mp-aaabghze,Sm(NiAs)2,97.913,52.411
mp-aaabghzs,TiTe,85.973,55.643
mp-aaabgiab,Be3P2,91.876,71.729
mp-aaabgiac,TaBe12,136.248,146.834
mp-aaabgiaq,MnAsRh,147.225,53.657
mp-aaabgiax,Y3Ni13B2,154.502,77.392
mp-aaabgibf,Nb5Si3,185.606,169.219
mp-aaabgibt,C3N4,90.698,70.15
mp-aaabgibx,TiGe2,113.668,80.368
mp-aaabgibz,NdAg2,58.469,17.944
mp-aaabgicl,ZnNi,62.237,-19.284
mp-aaabgicp,P3N5,148.829,88.001
mp-aaabgicu,SmHgPd,83.107,25.976
mp-aaabgidh,MoC,332.992,143.971
mp-aaabgidl,Al13Os4,147.4,78.001
mp-aaabgiee,Rb2Pd(IBr2)2,12.107,4.31
mp-aaabgifl,CrGaCo2,199.836,78.329
mp-aaabgifm,TaSn2,103.041,49.663
mp-aaabgiga,Nb5Si3,192.916,107.54
mp-aaabgigg,HfI3,5.829,2.043
mp-aaabgigj,CsYbBr3,21.39,11.983
mp-aaabgigk,DyFe5,118.137,70.637
mp-aaabgigs,Nb3Bi,158.674,66.883
mp-aaabgigw,RbSb2,13.935,6.536
mp-aaabgihk,Cd(InSe2)2,27.708,15.224
mp-aaabgiih,Nd(PRu)2,124.803,85.444
mp-aaabgiis,Pr2CBr,65.414,36.834
mp-aaabgiiv,Ti2Bi,75.979,24.038
mp-aaabgijb,NbCoSn,80.058,-8.98
mp-aaabgijd,TaFe2,424.186,114.384
mp-aaabgijj,LaNi2B2C,175.52,68.222
mp-aaabgijv,Yb(PRu)2,123.67,88.753
mp-aaabgikn,Ba(AsRh)2,73.313,34.329
mp-aaabgill,Cs3Mg2Cl7,21.386,10.643
mp-aaabgiln,NdInAu2,81.431,20.018
mp-aaabgims,TbCl3,26.359,14.238
mp-aaabgimt,Nd2Al,-6285.637,-3785.546
mp-aaabgimu,Ca3N2,68.719,30.316
mp-aaabgimz,CaAlSiH,54.38,39.121
mp-aaabgini,YRu2,167.183,48.099
mp-aaabgipc,Ti6Sn5,102.154,56.499
mp-aaabgipd,CdI2,8.158,4.29
mp-aaabgipp,NbBr5,2.605,0.798
mp-aaabgiqc,Fe2Ge,127.241,300.763
mp-aaabgiqn,TmNiBi,83.509,51.78
mp-aaabgiqr,LiI,20.169,10.762
mp-aaabgiqy,Ba(NiAs)2,64.021,30.44
mp-aaabgirc,SrI2,13.289,6.9190000000000005
mp-aaabgire,C,118.035,88.909
mp-aaabgirl,Ca3N2,72.375,39.943
mp-aaabgiry,Mg5Si6,62.938,23.069
mp-aaabgisl,DyB6,171.865,85.681
mp-aaabgism,Y4Sb3,65.708,31.924
mp-aaabgisu,FeP4,144.455,118.841
mp-aaabgisz,K2SnBr6,10.429,4.995
mp-aaabgitd,ThRh2,145.788,30.894
mp-aaabgitl,Fe,137.541,-45.192
mp-aaabgitm,HfBrN,25.147,18.845
mp-aaabgitn,NbSe2,17.043,8.66
mp-aaabgitp,Cr(FeSe2)2,64.817,31.014
mp-aaabgitu,DyGa2Cu3,99.195,47.371
mp-aaabgiul,Tm(SiRu)2,158.852,76.801
mp-aaabgiuw,MnBi,56.091,31.575
mp-aaabgiuy,ScB2,180.697,145.697
mp-aaabgivc,BiI,3.863,2.127
mp-aaabgive,Bi2Te3,36.808,-2.408
mp-aaabgivm,CaBiAu,53.944,22.466
mp-aaabgivq,Sr(SiPd)2,90.986,44.751
mp-aaabgivs,Li9Al4,31.163,23.614
mp-aaabgivz,Th2Ga,72.297,32.054
mp-aaabgiwh,Mg3Ir,75.799,31.014
mp-aaabgiwm,CaAlAu,66.363,29.879
mp-aaabgiwq,KNa(BH4)2,16.079,8.573
mp-aaabgiws,BaRh2,93.554,30.235
mp-aaabgixi,Er5Si4,79.019,41.354
mp-aaabgiyc,LiInSn,34.609,19.365
mp-aaabgiyf,Ca4TiN4,90.623,44.997
mp-aaabgiyg,ZrNiSn,82.722,-21.834
mp-aaabgizp,As4C3,117.639,78.133
mp-aaabgizt,Er(CoB)2,150.78,113.309
mp-aaabgjaa,K3Bi,11.606,5.881
mp-aaabgjau,BaI2,21.274,7.604
mp-aaabgjav,YbInAu2,66.646,19.356
mp-aaabgjaz,Dy2B4C,164.005,132.338
mp-aaabgjbc,CsCdCl3,29.552,13.901
mp-aaabgjbn,SmSi2Rh3,171.945,99.601
mp-aaabgjbo,Mg2B24C,208.857,195.607
mp-aaabgjbs,TlBr,16.051,6.436
mp-aaabgjbx,CrAs,97.069,68.271
mp-aaabgjcq,N2,1.314,10.918
mp-aaabgjct,CrCuSe2,79.768,30.456
mp-aaabgjcy,ZrNCl,24.623,12.548
mp-aaabgjdb,Re4Si7,210.961,162.768
mp-aaabgjdc,SmInAu2,85.394,22.155
mp-aaabgjde,Cu2HgI4,17.315,9.009
mp-aaabgjdn,Al5Mo,119.966,97.442
mp-aaabgjdq,Bi,52.755,16.667
mp-aaabgjdz,SiC,213.208,188.038
mp-aaabgjee,Tb2B2C3,152.212,43.587
mp-aaabgjek,LuRu2,178.59,48.129
mp-aaabgjel,Lu3Mn3Ga2Si,92.061,53.078
mp-aaabgjeq,TiCr2,198.395,72.282
mp-aaabgjfi,PrAg2,55.102,17.113
mp-aaabgjfk,SiC,213.229,187.484
mp-aaabgjfp,Cd(InSe2)2,24.544,14.694
mp-aaabgjfq,BaCl2,29.053,11.85
mp-aaabgjfz,V5Si3,193.107,121.043
mp-aaabgjgb,Y(SiRu)2,153.522,80.006
mp-aaabgjgp,TbGa2Co3,135.088,65.247
mp-aaabgjgx,CaCdSn,42.528,25.536
mp-aaabgjgy,SiC,213.095,188.173
mp-aaabgjhh,YbIr,98.022,35.115
mp-aaabgjhn,VPd3,175.556,81.744
mp-aaabgjhu,HfAl3,106.136,83.347
mp-aaabgjhv,SmInAg2,72.272,24.328
mp-aaabgjib,Dy(FeB)2,126.743,81.322
mp-aaabgjil,SiC,213.254,186.767
mp-aaabgjiw,Bi2Pd,55.534,19.911
mp-aaabgjix,K(NiSe)2,36.261,17.982
mp-aaabgjkn,TiSe,112.457,75.306
mp-aaabgjkq,Si5Rh4,181.55,90.151
mp-aaabgjlb,Mg(B6C)2,228.181,213.484
mp-aaabgjle,C,112.835,71.286
mp-aaabgjlh,Ba5Al5Pb,28.583,18.694
mp-aaabgjlv,YbAu3,87.23,21.466
mp-aaabgjlz,Be12W,144.936,154.988
mp-aaabgjmq,BiSe,56.128,17.381
mp-aaabgjmu,GaCl2,3.432,2.31
mp-aaabgjnl,ZrTe,87.502,45.969
mp-aaabgjnm,Na6ZnSn2,16.146,9.403
mp-aaabgjnn,Si3N4,190.714,69.364
mp-aaabgjoa,YInPd2,102.492,30.541
mp-aaabgjol,MnSbRh,105.879,17.49
mp-aaabgjop,BaSbAu,44.396,26.141
mp-aaabgjov,NbFe2,305.721,108.524
mp-aaabgjpc,TiAs,112.073,34.946
mp-aaabgjpg,Be12Nb,134.036,144.017
mp-aaabgjpi,K2WCl6,12.36,5.031
mp-aaabgjpl,LaInAg2,63.889,17.957
mp-aaabgjpo,CaAu5,98.377,25.385
mp-aaabgjpz,YbNiSb,71.524,33.339
mp-aaabgjqe,Ag2Se,56.451,12.175
mp-aaabgjqi,Y(NiP)2,154.034,82.948
mp-aaabgjrq,Ca(CuSn)2,63.562,28.942
mp-aaabgjrz,MnSbRh,104.921,9.443
mp-aaabgjsh,Hf2Al4C5,190.181,129.36
mp-aaabgjsi,ZrIr,186.261,55.113
mp-aaabgjsx,Ga,47.111,12.714
mp-aaabgjsy,PdCl2,4.94,1.982
mp-aaabgjth,PdI2,5.123,3.14
mp-aaabgjti,Mg3Bi2,36.731,14.436
mp-aaabgjts,Rb2SnBr6,10.022,4.644
mp-aaabgjus,La2Co3,70.274,14.097
mp-aaabgjve,Cs2PdI6,7.646,3.865
mp-aaabgjvl,LiSn,34.696,19.881
mp-aaabgjwb,Dy(PRu)2,164.779,99.379
mp-aaabgjwp,Mg3Hg,40.607,6.856
mp-aaabgjws,Yb2CdSb2,32.654,21.329
mp-aaabgjxa,BaAg2SnSe4,28.003,11.553
mp-aaabgjxg,NdPt3,155.153,60.691
mp-aaabgjxl,Mg3In,39.204,9.347
mp-aaabgjxo,SiB3,156.676,129.394
mp-aaabgjyj,K2TeCl6,10.788,5.438
mp-aaabgjyl,MnGaPt,103.094,38.589
mp-aaabgjym,SnCl2,7.644,4.523
mp-aaabgjyr,BiI3,3.613,2.172
mp-aaabgjzb,Nb4N3,282.104,142.488
mp-aaabgjze,CaTe,36.971,23.429
mp-aaabgkae,YNi3,134.026,48.827
mp-aaabgkaf,GdNiSb,-0.0,8.705
mp-aaabgkam,Tl(CuTe)2,27.8,11.85
mp-aaabgkbc,ErRu2,173.521,48.395
mp-aaabgkbk,WN,356.271,23.776
mp-aaabgkcd,Zr(FeSi)2,186.785,89.169
mp-aaabgkcf,Ta3Au,200.678,65.069
mp-aaabgkcg,VIr,272.357,117.569
mp-aaabgkcv,Mg3Pt,69.824,27.622
mp-aaabgkcx,Ca2CdSb2,28.687,19.747
mp-aaabgkda,V3B4,278.729,233.825
mp-aaabgkec,Ca(CoAs)2,93.548,47.963
mp-aaabgked,Be(BC)2,194.761,153.362
mp-aaabgkeo,Sr(POs)2,94.67,47.979
mp-aaabgkfj,Li(Sn3Pd)2,61.911,17.812
mp-aaabgkfw,Zr(CoSi)2,150.78,109.355
mp-aaabgkfy,CuI,38.568,15.146
mp-aaabgkgq,Be22Re,136.579,150.5
mp-aaabgkgs,Nb3Tl,154.29,26.551
mp-aaabgkhc,FeB2,276.937,126.51
mp-aaabgkhj,Ca5(CoN2)2,66.312,33.994
mp-aaabgkhl,DyAl2Ni,92.155,55.971
mp-aaabgkhw,BaLi2(MgGe)2,36.665,27.584
mp-aaabgkic,VP,153.93,43.728
mp-aaabgkig,TmZn2,71.161,43.099
mp-aaabgkii,K(CoAs)2,37.779,28.456
mp-aaabgkiq,C,95.263,62.899
mp-aaabgkix,Ga,62.324,38.547
mp-aaabgkja,SrZn2,35.093,14.647
mp-aaabgkju,NiPb,92.14,40.519
mp-aaabgkjy,LiB6C,196.324,184.076
mp-aaabgkkg,AlV4C3,218.608,169.943
mp-aaabgkle,LaSi2Ru3,169.788,66.041
mp-aaabgklg,Cs3Ti2Cl9,8.691,5.017
mp-aaabgkls,Ce(SiAu2)2,94.876,27.788
mp-aaabgkmh,NiTePd,120.245,37.576
mp-aaabgkms,MnP4,137.141,115.49
mp-aaabgkmt,Y2InNi2,77.414,40.912
mp-aaabgkmw,RbCuCl3,24.515,-20.547
mp-aaabgknf,Ca2Bi,31.265,22.911
mp-aaabgkno,ZrTe,93.82,57.902
mp-aaabgkns,CsAuBr3,9.584,4.436
mp-aaabgkoc,AlAu2,120.192,30.562
mp-aaabgkol,C,435.315,521.927
mp-aaabgkom,Ta3AlC2,225.648,164.088
mp-aaabgkoz,Bi2Pt,35.201,11.831
mp-aaabgkpl,PmMg,40.401,20.482
mp-aaabgkpm,Fe7Mo6,253.202,109.706
mp-aaabgkps,Ge3As4,47.172,29.44
mp-aaabgkpt,ErSi2Rh3,176.446,101.152
mp-aaabgkqc,CoI2,2.998,-11.963
mp-aaabgkqq,HfCr2,186.81,65.612
mp-aaabgkqu,CaCdAu,53.32,22.156
mp-aaabgkrf,TlCl,18.005,6.9190000000000005
mp-aaabgksb,YbInCu4,121.133,66.868
mp-aaabgksc,V2NiSe4,19.078,10.885
mp-aaabgksi,VSe,58.365,37.974
mp-aaabgksl,ZrSb,104.291,59.306
mp-aaabgkso,La(CoAs)2,106.913,49.656
mp-aaabgkst,ZnSe,8.299,5.361
mp-aaabgksx,InAu3,107.88,16.267
mp-aaabgksz,LiZnP,58.055,-72.249
mp-aaabgktl,Ce(NiP)2,140.681,70.203
mp-aaabgktw,TiPt3,234.145,105.465
mp-aaabgkum,ErAgSn,73.07,41.622
mp-aaabgkuz,Tb(SiPt)2,145.156,19.552
mp-aaabgkwl,ZrAl3,102.592,59.186
mp-aaabgkwp,ScSbPd,99.2,46.202
mp-aaabgkwv,TlPd3,132.434,24.612
mp-aaabgkwy,LiZnGe,52.042,35.794
mp-aaabgkxe,Ta,-8469022.694,-1085735.016
mp-aaabgkxm,Si3Ir,114.239,-78.984
mp-aaabgkxn,B2W,320.671,209.293
mp-aaabgkxr,RbTiBr3,14.215,6.05
mp-aaabgkxz,Si2Ru,183.66,108.94
mp-aaabgkyr,Zr2Ga,107.034,55.298
mp-aaabgkys,LiCu2Sn,75.321,44.076
mp-aaabgkyv,Ti3Sb,109.29,59.1
mp-aaabgkzg,LuInPt,118.324,53.401
mp-aaabgkzh,Li15Si4,29.691,20.993
mp-aaabgkzp,K2P3,16.217,9.422
mp-aaabglad,Tm6CoBi2,58.177,32.583
mp-aaabglah,ScBRh3,195.322,96.283
mp-aaabglas,KIn9Ni2,39.521,20.557
mp-aaabglbw,Al3Pt2,122.683,18.02
mp-aaabglch,ErZn5,80.275,46.353
mp-aaabglcl,Pr(NiP)2,168.532,79.991
mp-aaabgldo,ZnBr2,9.581,4.594
mp-aaabglec,Nd(NiP)2,153.813,81.693
mp-aaabgler,Nb2C,226.573,118.704
mp-aaabglfd,Al6Fe,105.11,57.151
mp-aaabglfe,C,311.258,219.493
mp-aaabglfk,Sr3BiN,43.271,36.36
mp-aaabglfq,YbSbPt,77.685,26.578
mp-aaabglfu,Ce3Pb,47.518,28.668
mp-aaabglha,Yb2Sn,35.377,26.28
mp-aaabglhy,Sc3IrC4,189.75,122.916
mp-aaabglif,CuI,7.218,4.377
mp-aaabglip,Rb(CoSe)2,47.913,24.585
mp-aaabglir,DyZn2,65.917,38.077
mp-aaabgliv,Sr(Li2P)2,42.562,33.657
mp-aaabglix,RbVBr3,13.233,0.461
mp-aaabglja,HoSiRu2C,185.265,76.705
mp-aaabgljk,Cr3C2,309.637,144.082
mp-aaabgljl,BiAu2,100.689,23.96
mp-aaabglju,Cr3Te4,29.287,16.95
mp-aaabglki,CuI,8.869,6.081
mp-aaabglkm,AuBr,7.634,1.239
mp-aaabglkw,CaAlSi,56.461,39.274
mp-aaabgllb,PtN2,274.597,167.557
mp-aaabglld,ZrBrN,22.365,16.412
mp-aaabgllo,Rb2ZnBr4,7.958,-12.477
mp-aaabglls,HgIBr,2.114,1.935
mp-aaabgllv,Ce5Si3,-0.0,11.205
mp-aaabgllz,TbAu2,96.855,38.817
mp-aaabglmq,Zr5Sb4,106.781,50.269
mp-aaabglmr,Bi2Pd,52.094,15.119
mp-aaabglms,Ba(ZnAs)2,47.429,24.024
mp-aaabglmt,Ti3Pd5,160.452,43.074
mp-aaabglnh,LiMgBi,31.336,21.657
mp-aaabglnn,InBr3,5.717,3.834
mp-aaabglnr,CsGeBr3,22.345,12.431
mp-aaabglnx,ThBr4,21.662,9.13
mp-aaabgloa,TbCl3,12.883,8.631
mp-aaabgloy,Ag2HgI4,12.21,5.58
mp-aaabglpb,MgCl2,9.627,6.587
mp-aaabglpo,Tb2Mg3Ni2,48.67,23.537
mp-aaabglps,ZrZn,106.664,46.251
mp-aaabglqb,SiBr4,1.204,0.34400000000000003
mp-aaabglqc,BiSe,3.452,2.447
mp-aaabglqd,Ta5Si3,210.57,114.096
mp-aaabglqg,MnTlCl3,34.353,15.324
mp-aaabglqj,Nb5Ga3,164.794,59.837
mp-aaabglqt,KTmI3,17.864,7.948
mp-aaabglry,SiW3,191.427,-145.439
mp-aaabglss,CuBr,51.714,11.215
mp-aaabgltp,Sn3As4,34.489,21.164
mp-aaabgltr,Cs2LiLuCl6,19.84,9.195
mp-aaabgluv,PrAl3,67.033,50.75
mp-aaabglve,YbI2,4.411,0.321
mp-aaabglvq,TaCo2,255.669,93.792
mp-aaabglvw,CaIr2,720887.837,432496.257
mp-aaabglvx,CdI2,6.7940000000000005,3.143
mp-aaabglwm,Y(SiAu)2,114.468,42.308
mp-aaabglwo,TaN,235.627,10.217
mp-aaabglwt,Te,42.656,20.96
mp-aaabglwu,LaCo5,180.839,23.948
mp-aaabglxa,Li2Ca,16.063,11.708
mp-aaabglxr,V5Si3,187.603,53.794
mp-aaabglxt,SrAlSiH,51.695,40.529
mp-aaabglxz,TaNi3,221.34,97.022
mp-aaabglyo,ZrI2,10.273,7.752
mp-aaabglys,Xe,0.643,0.268
mp-aaabglzk,Li2GaIr,87.044,4.657
mp-aaabglzu,NaN3,23.382,3.498
mp-aaabglzz,Mg2Sn,38.486,6.979
mp-aaabgmaj,FeP4,135.276,114.39
mp-aaabgmak,Tb(PRu)2,160.356,98.512
mp-aaabgman,NbCo3,199.865,38.258
mp-aaabgmay,W2NCl8,4.479,2.06
mp-aaabgmbi,ZrIn3,75.835,48.163
mp-aaabgmbv,CsHgCl3,27.743,10.092
mp-aaabgmci,TaN,327.425,185.363
mp-aaabgmcp,PrInAu2,78.371,18.309
mp-aaabgmdk,ScBi,57.536,28.736
mp-aaabgmej,Mg2Si,44.169,1.5230000000000001
mp-aaabgmew,YOs2,212.391,51.03
mp-aaabgmez,ScNi5,159.381,78.332
mp-aaabgmfd,Ba5Al5Sn,29.211,18.994
mp-aaabgmfj,PrInAg2,67.825,21.183
mp-aaabgmfk,ZrOs2,264.389,91.366
mp-aaabgmfm,SnBi,48.347,17.093
mp-aaabgmfp,CaInPt,72.999,28.849
mp-aaabgmfr,Ti3Sn,114.12,37.008
mp-aaabgmfy,V3Au,177.227,45.456
mp-aaabgmgh,NdSe2,65.98,36.511
mp-aaabgmgn,TiAlPt,161.564,51.204
mp-aaabgmgw,NbI3,3.502,2.302
mp-aaabgmhs,Si3As4,58.179,38.466
mp-aaabgmhv,N2,0.8230000000000001,0.866
mp-aaabgmhx,YbHg2,39.227,13.664
mp-aaabgmhz,Nb3Te,170.078,85.959
mp-aaabgmia,H2,0.028,0.015
mp-aaabgmir,CaInCu4,83.946,39.309
mp-aaabgmit,BaLi2(MgSi)2,39.487,29.927
mp-aaabgmix,BaAu,30.79,13.125
mp-aaabgmjg,Hf2Al3C4,196.908,156.611
mp-aaabgmji,KNa2,5.733,1.421
mp-aaabgmjn,SiC,213.212,187.261
mp-aaabgmkh,PrRe2,181.71,-15.965
mp-aaabgmks,Tb3AlC,76.355,58.94
mp-aaabgmkw,VSnRh2,179.263,8.617
mp-aaabgmlc,SrPt5,158.423,71.316
mp-aaabgmlf,NiHg4,50.645,28.861
mp-aaabgmlh,Cs(AsRu)2,43.315,25.056
mp-aaabgmlp,Zn(GaNi)3,130.309,65.19
mp-aaabgmne,BeI2,1.9580000000000002,1.478
mp-aaabgmnj,KBr,15.624,7.04
mp-aaabgmno,Tl2Pd,56.741,12.66
mp-aaabgmnr,YbNi2Sn,98.691,48.37
mp-aaabgmnw,GaNi2,167.858,56.355
mp-aaabgmoc,Rb2CrCl4,20.171,9.206
mp-aaabgmoe,YbInAu,60.156,-94.645
mp-aaabgmoo,MgCl2,5.603,3.946
mp-aaabgmop,YRe2,203.067,55.616
mp-aaabgmow,Bi2Pb2Se5,17.34,11.654
mp-aaabgmpb,LiI,14.86,6.203
mp-aaabgmpq,NaLi2N,13.822,13.772
mp-aaabgmqa,HfOs2,274.968,88.088
mp-aaabgmqd,TaCr2,239.813,85.342
mp-aaabgmqz,SiC,213.186,187.274
mp-aaabgmrf,TiSi2,138.262,107.94
mp-aaabgmrm,NaLi2N,41.942,22.499
mp-aaabgmss,TlPd3,133.935,41.898
mp-aaabgmsv,NiSe,11.162,9.905
mp-aaabgmsx,OsCl4,5.865,3.473
mp-aaabgmtb,CaAlPd,62.104,28.522
mp-aaabgmtd,DyB2Rh2C,204.223,50.0
mp-aaabgmtg,CeSi2Ir3,164.527,93.348
mp-aaabgmtp,Al5Mo,117.921,82.612
mp-aaabgmtv,YCd3,57.047,21.515
mp-aaabgmuh,HoSi2Rh3,175.942,101.432
mp-aaabgmvg,FeCl2,8.913,5.459
mp-aaabgmvm,TlI,13.509,5.91
mp-aaabgmwg,FeI2,10.949,5.833
mp-aaabgmwi,Cs2KScCl6,16.957,7.8629999999999995
mp-aaabgmwk,Ti2BRh6,225.583,110.559
mp-aaabgmwr,NbSe2,20.549,13.684
mp-aaabgmxb,TiCl3,6.621,3.142
mp-aaabgmxf,Hf(SiNi)2,187.543,76.808
mp-aaabgmxh,Tb2Fe17,101.385,55.69
mp-aaabgmxs,Tl2Pt,64.88,19.653
mp-aaabgmxy,CaBr2,25.73,10.446
mp-aaabgmye,In2Bi,33.986,7.8870000000000005
mp-aaabgmyr,HfCoSb,135.604,-149.959
mp-aaabgmyu,Pr3Sn,45.876,24.736
mp-aaabgmyz,MnP4,137.018,116.03
mp-aaabgmzj,Sr(CoAs)2,79.041,33.717
mp-aaabgmzr,V3Si,132.693,-78.499
mp-aaabgmzw,Sr3(AlGe2)2,45.827,31.388
mp-aaabgnac,CsBr,10.316,5.148
mp-aaabgnbb,Al3Mo,135.713,98.633
mp-aaabgnbd,Tb,40.022,26.483
mp-aaabgnbq,CaRh2,118.844,50.018
mp-aaabgnbr,KIn9Co2,48.749,29.539
mp-aaabgnbs,Ca5Au4,41.626,15.392
mp-aaabgnby,NbSe2,27.022,17.146
mp-aaabgnbz,TmPt2,169.621,75.074
mp-aaabgnch,ZrI2,10.245,7.71
mp-aaabgncu,ZnI2,7.077,38.176
mp-aaabgndm,ZrInPt2,160.728,27.431
mp-aaabgndy,Nb3Ge,171.72,-93.916
mp-aaabgneg,Nd3AlC,63.965,43.503
mp-aaabgnel,ThBi2,63.583,26.476
mp-aaabgnep,Ba(CrAs)2,54.127,33.133
mp-aaabgnes,TiGa2,105.655,67.761
mp-aaabgnet,Cs(CoSe)2,49.34,25.52
mp-aaabgnfa,Ba(AsPd)2,75.501,31.358
mp-aaabgnfc,TmB6,174.157,71.283
mp-aaabgnfd,BaSn5,35.93,14.998
mp-aaabgnfr,Hf(CoSi)2,158.095,106.783
mp-aaabgnft,Y(BH4)3,27.174,16.32
mp-aaabgngi,KMnAg3(CN)6,34.471,16.27
mp-aaabgngk,CuCl,56.945,3.416
mp-aaabgnhd,NdTl,51.435,17.104
mp-aaabgnhr,Zr2Al4C5,184.048,124.562
mp-aaabgnhs,Ba(NiP2)2,93.31,49.484
mp-aaabgnia,MgNi3B2,191.72,87.084
mp-aaabgnik,Be12V,129.504,147.448
mp-aaabgnim,K2CuBr3,15.253,7.497
mp-aaabgnip,SrMgIn3,35.493,22.431
mp-aaabgnja,LiAgC2,38.657,20.005
mp-aaabgnje,RbGeI3,18.094,10.168
mp-aaabgnjh,K4ZnAs2,14.495,7.556
mp-aaabgnjn,Cs2NaYBr6,15.187,8.079
mp-aaabgnkf,Tm(SiPd)2,135.34,50.944
mp-aaabgnkl,HoB6,173.233,80.601
mp-aaabgnkn,YbHgPb,38.302,15.009
mp-aaabgnkp,LuB4,181.742,127.875
mp-aaabgnkt,TaIr,273.081,96.097
mp-aaabgnku,Ho(FeB)2,122.263,81.927
mp-aaabgnla,TmAlSi,92.341,65.876
mp-aaabgnlh,Rb2NbCl6,12.468,-1.569
mp-aaabgnlm,WCl6,1.611,0.526
mp-aaabgnlo,Si,79.59,60.71
mp-aaabgnmu,Lu(CoGe)2,133.386,66.56
mp-aaabgnmw,PrAlSi2,77.718,40.872
mp-aaabgnmx,InCl,12.514,6.673
mp-aaabgnoc,Nd(SiOs)2,152.083,88.505
mp-aaabgnof,Mo2C,225.918,-237.81
mp-aaabgnok,K3AgSn3Se8,14.728,7.569
mp-aaabgnop,Ba(BiPd)2,59.927,20.217
mp-aaabgnpj,HfAlPt,163.496,69.364
mp-aaabgnpm,Be12Pt,132.244,33.971
mp-aaabgnqc,Rb2Cu(BrCl)2,12.111,6.631
mp-aaabgnqm,Rb2MnCl6,10.441,5.332
mp-aaabgnqp,TiSe,106.475,62.14
mp-aaabgnqr,C3N4,391.827,375.573
mp-aaabgnqt,B4C,116.418,28.245
mp-aaabgnrc,Zr2Rh,126.117,6.6850000000000005
mp-aaabgnrd,Ho(SiPt)2,145.703,3.08
mp-aaabgphe,ReS2,11.027,18.793
mp-aaabgpsl,ReO3F,6.734,6.173
mp-aaabgpvb,BiRhO3,173.331,-79.512
mp-aaabgqcq,CsPt2Se3,22.171,10.872
mp-aaabgqmd,Sm(CoP)2,140.398,96.947
mp-aaabgqpu,Cs3BAs2,12.943,5.717
mp-aaabgqrh,CsCl,12.229,6.1
mp-aaabgqtn,CsTeAu,9.36,3.5869999999999997
mp-aaabgrct,Ho(CoB)2,156.483,110.53
mp-aaabgrdx,HfInAu2,128.33,28.838
mp-aaabgrkp,Sm(NiP)2,138.122,83.438
mp-aaabgrlz,Yb(NiGe)2,85.789,39.352
mp-aaabgrmd,Tm3AlC,39.315,16.967
mp-aaabgrnv,GdTe,71.741,26.856
mp-aaabgrtu,ThRu2,19721.536,11735.995
mp-aaabgrzz,CsAuSe,10.009,4.7620000000000005
mp-aaabgxxx,NaNbO2,133.066,63.662
mp-aaabgxyc,NaCuO2,111.932,57.044
mp-aaabgzgi,Fe3PtN,206.727,98.815
mp-aaabgzow,Th2Cu,65.07,9.32
mp-aaabhaik,CuSe,25.895,6.978
mp-aaabhais,Fe3RhN,180.818,82.097
mp-aaabhaiu,EuCd,24.939,14.968
mp-aaabhakt,Zr3Cu,111.07,20.3
mp-aaabhani,CeNi3,-5466021.578,386904.471
mp-aaabhanl,Cu3Pd,149.816,48.551
mp-aaabhans,HoCu5,104.747,14.966
mp-aaabhbhu,ZrIN,22.311,12.264
mp-aaabhbjn,MgZn5,62.771,11.369
mp-aaabhbnc,CsK2Sb,12.368,7.769
mp-aaabhcnj,ZrInAu2,122.347,25.139
mp-aaabhcno,TiNiSb,93.894,-24.354
mp-aaabhcoj,Zr4CuP,120.685,48.711
mp-aaabhcpe,Eu(PPd)2,109.711,50.704
mp-aaabhcqk,Cu3Sn,106.169,35.944
mp-aaabhcsf,RbN3,16.297,8.126
mp-aaabhczy,SiC,213.198,187.685
mp-aaabhdhj,Eu(MnSb)2,42.357,20.122
mp-aaabhdmm,TaPd3,201.293,34.185
mp-aaabheay,Eu(MgSb)2,35.981,26.016
mp-aaabhemg,MnSnPt,100.495,10.5
mp-aaabhevi,MgZn,54.259,16.418
mp-aaabidsj,CsPbBr3,18.482,7.962
mp-aaabidts,MnNiSb,101.928,50.092
mp-aaabidtt,HfInCu2,120.211,52.466
mp-aaabidxg,U2Se3,68.88,35.78
mp-aaabiekn,LiRh,106.321,41.679
mp-aaabieme,CuO2,11.725,5.924
mp-aaabifiv,Pt3O4,1134926.496,680807.355
mp-aaabiflh,DyCuPbSe3,45.811,23.788
mp-aaabifmj,MnGaNi2,157.893,62.601
mp-aaabiggy,Fe3Co,182.283,94.289
mp-aaabighb,TaTe2,24.147,18.072
mp-aaabighu,Fe9Co7,1834621.425,218897.653
mp-aaabigia,Fe11Co5,193.849,98.488
mp-aaabiijz,PdO,174.638,-50.161
mp-aaabiinr,TiNi,145.461,61.591
mp-aaabijbz,AlPO4,233.171,172.168
mp-aaabijkc,MgSiO3,102.987,63.039
mp-aaabijyv,Li,9.564,-13.034
mp-aaabijza,K,3.566,1.596
mp-aaabijzd,Rb,2.781,1.12
mp-aaabikfw,CeSiHRu,84.663,65.472
mp-aaabikgq,Y2AlNi2,68.417,34.404
mp-aaabikuu,BN,102.403,73.415
mp-aaabikvs,CoSe,10.701,7.382
mp-aaabikvu,MnSe,22.494,13.087
mp-aaabikvy,VSe,23.858,-16.64
mp-aaabilah,Mg5Pd2,61.997,-5.355
mp-aaabilai,Te2Pd3Pb2,33.635,16.154
mp-aaabilyt,AlPd5,160.22,52.169
mp-aaabimdq,Ba,7.808,-6.411
mp-aaabimgi,Ba2LiN,16.114,6.4030000000000005
mp-aaabinav,NbBr3O,6.824,4.154
mp-aaabiniy,CsLi2F3,43.461,18.167
mp-aaabiocl,AlPt3,218.746,77.711
mp-aaabiojj,Cu3BiS3,33.375,10.463
mp-aaabioml,RuN2,279.032,161.786
mp-aaabioql,Zr4In5Co2,84.627,52.398
mp-aaabipys,CuN6,10.145,9.142
mp-aaabiqfz,Cs2SnCl6,7.82,4.029
mp-aaabitdq,Mn2As,142.715,1328.535
mp-aaabitsv,O2,11.294,0.46
mp-aaabituy,MnGePd,125.652,98.723
mp-aaabiumk,C,435.557,523.699
mp-aaabivce,O2,1.978,0.8190000000000001
mp-aaabivna,Kr,0.597,0.20500000000000002
mp-aaabixhn,Fe(BW)2,325.443,177.956
mp-aaabixpb,Fe3C,180.669,62.54
mp-aaabiyhq,B2O,32.449,-6.922
mp-aaabiyhx,CsSnI3,15.373,7.428
mp-aaabiytj,CsCSN,11.126,4.588
mp-aaabiyym,ZrZn,91.135,-31.834
mp-aaabizep,CsI,8.224,4.02
mp-aaabizzh,Pb(ClO2)2,16.556,9.506
mp-aaabjafy,ScCoC2,202.285,105.884
mp-aaabjbuw,CsSnI3,15.227,6.978
mp-aaabjbxg,C,435.362,522.967
mp-aaabjbxy,Cs2CO3,22.432,8.493
mp-aaabjcbv,Ti2S,147.515,86.318
mp-aaabjccl,MnB,173.805,61.398
mp-aaabjerd,Bi2AuO5,124.209,53.326
mp-aaabjfrj,Cu2S,91.372,29.117
mp-aaabjhpi,Sr2TlCuO5,108.842,50.601
mp-aaabjiad,CaInPd,60.927,22.758
mp-aaabjjea,TiInAu2,113.257,16.645
mp-aaabjker,ThInAu2,99.696,22.021
mp-aaabjkld,Al3Ni,112.917,62.713
mp-aaabjkza,Ti2Cu3,130.158,56.753
mp-aaabjlou,MnTePd,68.845,-7.423
mp-aaabjlpe,GaFe2Ni,158.207,-1756.111
mp-aaabjlqm,TiCdF6,16.341,14.26
mp-aaabjlus,ZrInCu2,115.986,51.305
mp-aaabjmok,TiNiSn,95.54,-5.611
mp-aaabjnlj,Fe6W6C,-143601.86,-84122.955
mp-aaabjnuy,Li(Fe3Ge2)2,127.273,59.397
mp-aaabjobs,BaSb2,28.581,15.19
mp-aaabjolt,CdInGaS4,40.615,19.038
mp-aaabjoqo,AlHO2,106.355,79.123
mp-aaabjoqp,AlHO2,91.937,27.238
mp-aaabjots,CsHO,24.052,9.372
mp-aaabjoug,ScHO2,82.391,49.224
mp-aaabjoui,AlHO2,144.446,113.213
mp-aaabjpdt,Nd(HO)3,65.945,696.449
mp-aaabjphf,Zn(HO)2,54.605,29.387
mp-aaabjqyu,RbHO,26.262,13.038
mp-aaabjrfd,KHO,30.922,17.006
mp-aaabjseh,Mn3GaN,227.986,132.732
mp-aaabjtxe,Rb2PdI6,9.032,3.947
mp-aaabjudp,SnSe,13.848,5.384
mp-aaabjumx,BN,99.716,70.992
mp-aaabjvbp,FeNiN,214.146,92.873
mp-aaabjvdy,BC2N,373.876,411.93
mp-aaabjxva,KMnRu,37.715,-20.232
mp-aaabjxvb,InSiIr,101.347,-148.274
mp-aaabjxvc,FeNiMo,169.578,-9.488
mp-aaabjxvp,LiIrRh,141.531,30.087
mp-aaabjxvu,KFeP,95.326,-39.447
mp-aaabjxwo,HfMoSe,94.647,-27.492
mp-aaabjxwq,KHfNi,34.014,-234.104
mp-aaabjxwt,NbCrCo,126.046,-77.516
mp-aaabjxww,ScVFe,98.321,116.716
mp-aaabjxwx,InReGe,-1657029609.016,41252178517.549
mp-aaabjxwz,Ga2WSe,100.347,15.888
mp-aaabjxxc,SnIrSe2,102.888,-236.888
mp-aaabjxxe,CoReGe2,170.102,-47.643
mp-aaabjxxi,KTaPt,75.145,-22.546
mp-aaabjxxk,Li2GaSb,35.3,32.36
mp-aaabjxxl,NaIrPb,49.954,-166.496
mp-aaabjxxm,KSiTc2,126.524,-121.271
mp-aaabjxxn,LiTiRe,86.699,-27.038
mp-aaabjxxo,TcIrOs,264.415,57.963
mp-aaabjxxq,KSnOs,58.658,15.074
mp-aaabjxxr,HgOsPb2,76.298,5.414
mp-aaabjxxx,KMoRu2,142.296,48.436
mp-aaabjxxy,LiTaW2,174.843,-47.706
mp-aaabjxyb,LiPdW2,189.875,-11.43
mp-aaabjxyc,LiTc2Pd,176.159,-11.236
mp-aaabjxyd,MgTaZn,88.355,36.564
mp-aaabjxye,LaMgNb2,74.131,8.397
mp-aaabjxyf,NaTaNi,70.07,-24.806
mp-aaabjxyg,LiZrSc,25.706,-43.555
mp-aaabjxyh,Na2LiTa,17.782,5.998
mp-aaabjxyk,MnTcPd,139.643,3.578
mp-aaabjxyl,LaRe2W,194.937,81.15
mp-aaabjxyn,KZr2Nb,66.328,-9.647
mp-aaabjxyw,ReOsRu,271.769,40.401
mp-aaabjxyx,SrCrRh2,86.2,-3.149
mp-aaabjxze,SiTe2Os,111.294,36.429
mp-aaabjxzk,SiSbOs2,190.764,-176.459
mp-aaabjxzn,TlCuIr,106.279,14.125
mp-aaabjxzp,TiVW,103.767,-10.839
mp-aaabjxzq,TiTl2W,116.49,-352.409
mp-aaabjxzt,Re2PtRh,293.668,233.098
mp-aaabjxzv,ZnCuMo,110.55,-7.327
mp-aaabjxzx,TeRuSe,79.413,-125.36
mp-aaabjxzy,YMgCu,34.225,-26.819
mp-aaabjxzz,MnCrRe,167.245,33.053
mp-aaabjyad,SnRuW,162.789,-21.408
mp-aaabjyae,CdIrRu,157.642,17.362
mp-aaabjyag,SrZrZn,30.597,4.064
mp-aaabjyak,CaZrPd,48.867,-89.048
mp-aaabjyal,CaTaTc,87.841,-13.279
mp-aaabjyao,TeOsCl2,98.163,88.718
mp-aaabjyap,OsPtCl2,129.476,559.954
mp-aaabjyau,CrIrRu,181.074,15.702
mp-aaabjyaw,ScTl2W,99.597,-281.665
mp-aaabjyay,KSi2Hg,34.801,-13.397
mp-aaabjyaz,TlTcIr2,191.177,-134.272
mp-aaabjyba,CdNiP,85.075,-110.855
mp-aaabjybb,CaTa2Tl,97.416,36.635
mp-aaabjybc,NbRu2Cl,167.909,24.724
mp-aaabjybh,ReRuCl2,146.466,20.711
mp-aaabjybi,CuRe2Cl,202.767,-342.213
mp-aaabjybk,CaRe2Si,162.622,1.1280000000000001
mp-aaabjybl,CrGaTe,36.504,-14.001
mp-aaabjybn,TaPbBr,55.467,-26.181
mp-aaabjybo,ReW2Br,209.674,41.412
mp-aaabjybp,FeTc2Cl,169.338,87.129
mp-aaabjybr,CuIrBr,89.899,-144.2
mp-aaabjybs,TlCoW,134.023,-3.385
mp-aaabjybt,ZrCrFe,88.405,20.655
mp-aaabjybv,InHgW2,171.408,-17.773
mp-aaabjycf,NbBi2Mo,117.828,284.254
mp-aaabjycg,V2CuBr,92.455,-13.058
mp-aaabjycn,LiTaBe,65.88,-19.055
mp-aaabjycp,Ta2CdBi,106.406,20.358
mp-aaabjycq,NbCrW,152.186,-57.668
mp-aaabjyct,HfSi2Br,71.52,-165.072
mp-aaabjyda,BeTcSe,122.422,93.926
mp-aaabjydc,KBePt,38.778,-104.989
mp-aaabjydf,BeInSi2,63.285,-225.567
mp-aaabjydj,YScBe,35.861,-29.914
mp-aaabjydl,KTi2Bi,53.236,23.084
mp-aaabjydm,BiSb2Os,97.004,-1.824
mp-aaabjydn,TlZn2Tc,105.795,16.375
mp-aaabjydr,CaHfBe,49.413,19.0
mp-aaabjyds,IrOs2Br,232.655,-86.794
mp-aaabjydu,BiMoRh,130.515,22.36
mp-aaabjydw,TaTiAl,85.867,-15.169
mp-aaabjydz,LaBeOs2,145.865,-334.671
mp-aaabjyeb,Be2CdP,79.941,-144.504
mp-aaabjyeh,BaYSc,17.332,27.375
mp-aaabjyej,BeInBi,36.571,-13.931000000000001
mp-aaabjyeo,CrNi2Hg,132.121,-12.964
mp-aaabjyep,ZrAlW,104.983,0.641
mp-aaabjyer,BeCuBr,46.71,7.573
mp-aaabjyet,BeBiOs2,180.748,-30.528
mp-aaabjyeu,LaReB,108.531,-160.684
mp-aaabjyev,ZrBeCd,64.871,-17.503
mp-aaabjyfb,CaHfZn,32.221,-0.368
mp-aaabjyfe,ZrBTe,76.67,-92.477
mp-aaabjyfj,TcNiW,201.037,21.798000000000002
mp-aaabjyfk,BTe2As,65.801,8.576
mp-aaabjyfl,KHg2B,22.492,-237.864
mp-aaabjyfn,In2GeB,55.158,-24.853
mp-aaabjyfp,BSe2Cl,65.622,63.846
mp-aaabjyfs,BaBe2Te,28.903,-1.577
mp-aaabxdts,TeBr2,2.7720000000000002,1.687
mp-aaabxezt,LiMgTl2,30.009,13.128
mp-aaabxezu,LiMg2Ag,44.769,22.76
mp-aaabxezv,TbSnAu2,88.449,16.179
mp-aaabxezx,LiMg2Rh,66.418,29.172
mp-aaabxezy,Nd2MgTl,44.88,19.556
mp-aaabxezz,YbH2,50.134,35.539
mp-aaabxfac,AcCuO3,163.571,81.723
mp-aaabxfad,ZrCdPd2,132.25,34.849
mp-aaabxfae,NpGaRh2,104.218,20.073
mp-aaabxfag,Nd2MgAl,46.7,27.158
mp-aaabxfah,Nd2IrRh,105.456,22.447
mp-aaabxfai,Nd2MgIn,46.386,22.87
mp-aaabxfak,LiMg2Pt,70.501,34.393
mp-aaabxfam,ICl2,4.924,2.24
mp-aaabxfan,NdI3,2.955,1.905
mp-aaabxfao,BaHg2Pb,31.615,8.736
mp-aaabxfaq,CaSmCd2,42.683,22.585
mp-aaabxfas,Nd2IrPd,94.942,30.569
mp-aaabxfat,ZnCuAu2,127.282,-28.162
mp-aaabxfau,HoZnRh2,130.834,47.959
mp-aaabxfav,Ho2IrRh,124.915,34.581
mp-aaabxfaw,HoThTc2,121.902,24.383
mp-aaabxfay,Pm2SnPd,67.466,14.374
mp-aaabxfaz,Pm2TlCd,52.345,19.813
mp-aaabxfba,LiMg2Hg,42.537,22.643
mp-aaabxfbb,LiNbRh2,175.191,56.338
mp-aaabxfbd,Nd2SnHg,57.531,19.66
mp-aaabxfbj,Ta2NbOs,240.518,104.993
mp-aaabxfbk,Ta2NbIr,234.508,108.32
mp-aaabxfbl,HoCl2,45.439,20.537
mp-aaabxfbp,YbSiPt2,128.857,47.427
mp-aaabxfbr,Hf2N,194.409,146.294
mp-aaabxfbu,Ta2OsW,272.496,131.157
mp-aaabxfbv,Ta2NbRu,221.392,92.928
mp-aaabxfby,Zn2NiRh,161.838,59.551
mp-aaabxfcb,HoI3,2.8810000000000002,1.97
mp-aaabxfcd,Nd2NiIr,106.997,31.941
mp-aaabxfcf,ZnCuPd2,150.032,56.792
mp-aaabxfcg,HoCl3,4.783,-3.273
mp-aaabxfcl,NdTlAu2,69.742,16.502
mp-aaabxfcm,NdSnAu2,82.554,18.058
mp-aaabxfcn,NbGeRu2,220.427,8.017
mp-aaabxfco,Ta2VOs,245.861,94.95
mp-aaabxfcp,HfAlRh2,187.174,270.528
mp-aaabxfcq,NbSiTc2,245.129,86.818
mp-aaabxfcs,Ho2AlZn,65.575,41.214
mp-aaabxfct,Yb3N2,74.904,29.069
mp-aaabxfdc,Hf2MoIr,189.709,80.044
mp-aaabxfeh,HfInCo2,206.086,107.967
mp-aaabxfey,Yb2CdGe,40.172,26.401
mp-aaabxfez,MoI3,3.156,1.928
mp-aaabxffa,HfInPd2,141.693,35.064
mp-aaabxffb,Mn3Ir,242.395,155.689
mp-aaabxffh,Yb2TlPb,33.91,16.655
mp-aaabxffi,Na3Sn,17.492,5.7219999999999995
mp-aaabxffj,Yb2TlCd,33.659,19.632
mp-aaabxffk,HoMgRh2,113.756,50.305
mp-aaabxffl,Na3ZrF8,41.055,16.564
mp-aaabxffn,HoMgTl2,47.359,10.455
mp-aaabxffo,Gd2MgIn,67.859,21.207
mp-aaabxffv,LiAcTe2,41.104,-4.408
mp-aaabxffw,Yb2MgIn,30.524,17.477
mp-aaabxffy,Na3In,13.554,5.917
mp-aaabxfgb,Ta2MnOs,249.914,79.922
mp-aaabxfgc,LiMg2Zn,40.259,26.795
mp-aaabxfgd,LiYb2Rh,41.92,20.811
mp-aaabxfge,Ta2FeOs,247.114,83.08
mp-aaabxfgf,Na3HfF8,43.786,17.57
mp-aaabxfgj,LiYb2Tl,25.992,16.634
mp-aaabxfgk,Ta2MoOs,265.254,131.074
mp-aaabxfgl,LiYb2Pd,33.235,15.65
mp-aaabxfgm,LiSc2Au,74.156,36.814
mp-aaabxfgp,HoAgHg2,70.325,16.174
mp-aaabxfgu,PaAlAu2,123.458,11.963
mp-aaabxfgw,Ta2MoRu,246.749,118.496
mp-aaabxfgx,Yb2SbAu,49.015,29.746
mp-aaabxfgy,LiSnRh2,142.707,67.926
mp-aaabxfhb,NpCdPt2,56.084,47.324
mp-aaabxfhc,NbInRu2,210.794,96.619
mp-aaabxfhd,Yb2SnHg,39.222,30.672
mp-aaabxfhe,Nd2BC,47.035,25.186
mp-aaabxfhi,ZnAg3,90.519,29.454
mp-aaabxfhj,Ac2SnHg,45.028,15.850999999999999
mp-aaabxfhk,EuCdHg2,37.559,11.896
mp-aaabxfhm,HfZnIr2,211.726,86.11
mp-aaabxfhn,HoLuMg2,43.429,22.812
mp-aaabxfho,Yb2PdAu,55.635,21.308
mp-aaabxfhs,LiTbHg2,52.714,4.747
mp-aaabxfht,Nd2CuIr,86.254,26.005
mp-aaabxfhu,NaAcHg2,40.247,69473798140.241
mp-aaabxfhv,HfZnNi2,150.532,43.706
mp-aaabxfit,NbZnRh2,202.133,-85.511
mp-aaabxfix,Hf2CoIr,184.201,26.08
mp-aaabxfiz,Nd2CuRu,81.88,29.061
mp-aaabxfjb,Zn2PdRh,156.281,66.416
mp-aaabxfjc,NbZnRu2,218.128,77.859
mp-aaabxfjg,Zn2RhAu,145.683,-210.285
mp-aaabxfjt,NbZnCo2,192.655,69.361
mp-aaabxfkn,Hf2CoRe,177.868,87.341
mp-aaabxfko,ZrAlAu2,135.096,19.536
mp-aaabxfkt,MgSnPd2,112.134,33.55
mp-aaabxfku,DyCdHg2,63.398,20.259
mp-aaabxfkz,ZrZn3,101.369,41.219
mp-aaabxfla,Hf2FeIr,180.435,67.035
mp-aaabxflc,NdAgAu2,81.37,9.329
mp-aaabxfld,NdAgHg2,64.746,16.75
mp-aaabxflf,Be2NiRh,194.531,107.76
mp-aaabxflg,Zr2CoTc,93.62,69.086
mp-aaabxflh,Zr2CuOs,162.384,48.901
mp-aaabxfli,Na2TlBi,22.587,16.745
mp-aaabxfll,LaAu3,77.617,20.513
mp-aaabxflm,MgTlRh2,131.037,56.136
mp-aaabxfln,MgTaRu2,198.121,91.46
mp-aaabxflo,HoCdAg2,73.061,16.491
mp-aaabxflq,MgSnIr2,175.938,529.42
mp-aaabxflr,MgZrPd2,121.633,41.79
mp-aaabxfls,MgTiIr2,191.279,107.865
mp-aaabxflt,HfAlRu2,195.913,81.051
mp-aaabxflu,MgZrRh2,149.687,63.086
mp-aaabxflz,HfBr3,5.026,2.429
mp-aaabxfma,Hf2TcRh,187.509,87.375
mp-aaabxfmd,MgTiRh2,161.554,76.667
mp-aaabxfme,MgZrAu2,114.52,36.177
mp-aaabxfmf,MgZrIr2,178.265,83.49
mp-aaabxfmg,MgZnAu2,94.828,25.037
mp-aaabxfmh,MgZnPd2,115.137,-11.996
mp-aaabxfmi,NdMgHg2,58.214,23.305
mp-aaabxfmj,NdMgZn2,56.12,32.136
mp-aaabxfmk,HfPaTc2,171.303,46.246
mp-aaabxfml,Hf2ReOs,217.65,103.317
mp-aaabxfmm,BrCl,1.808,2.04
mp-aaabxfmo,LiTiIr2,190.484,77.224
mp-aaabxfmp,MgCo2,111.473,52.91
mp-aaabxfmq,Mg2AgPt,84.193,30.478
mp-aaabxfmr,Mg2AgRh,88.2,20.608
mp-aaabxfms,MgAg3,76.915,19.291
mp-aaabxfmt,MgAu3,109.614,21.208
mp-aaabxfmu,MnGeRu2,227.345,109.437
mp-aaabxfmv,Mg3Sc,43.21,24.542
mp-aaabxfmw,Mg3Tl,34.56,13.139
mp-aaabxfmx,Hf2CuIr,160.206,49.295
mp-aaabxfmy,Mg2PtRh,120.332,58.45
mp-aaabxfmz,MgSc2,49.044,25.681
mp-aaabxfnb,MnBe2Ir,193.511,108.004
mp-aaabxfnc,MnBe2Pt,139.445,27.168
mp-aaabxfnd,MnBe2Rh,171.181,98.352
mp-aaabxfne,MnCuPd2,143.606,48.766
mp-aaabxfnf,ZrSnRh2,170.483,-46.86
mp-aaabxfng,MnGaPt2,173.179,-48.971
mp-aaabxfnh,MnGaRh2,188.351,86.0
mp-aaabxfni,MnAlIr2,228.585,102.886
mp-aaabxfnk,Mg3Ag,47.879,33.169
mp-aaabxfnl,MnV2Cr,231.986,93.042
mp-aaabxfnm,MgMoN2,246.262,183.147
mp-aaabxfnn,Mn2CrCo,153.099,93.542
mp-aaabxfnp,MnSbRu2,200.874,93.704
mp-aaabxfnr,Dy2CuOs,103.481,44.291
mp-aaabxfnt,Be2PdPt,194.226,42.134
mp-aaabxfnu,CaAcZn2,38.641,23.217
mp-aaabxfnx,Mg2RhAu,100.755,-81.634
mp-aaabxfny,MnSiRu2,247.412,124.181
mp-aaabxfoa,MnInRh2,155.882,66.691
mp-aaabxfob,Mg2PdRh,106.207,58.013
mp-aaabxfoc,MnSiTc2,252.159,102.98
mp-aaabxfod,MnSnRu2,176.935,80.201
mp-aaabxfoe,Mg2PdAu,88.039,26.291
mp-aaabxfog,Hf2CuOs,175.345,56.988
mp-aaabxfoh,Mg2PdPt,106.503,6.267
mp-aaabxfoi,Mg2AgIr,99.15,31.582
mp-aaabxfoj,Dy2AgOs,101.086,41.391
mp-aaabxfok,Mg2AgAu,73.054,33.934
mp-aaabxfom,MnAlRu2,218.933,130.613
mp-aaabxfon,Dy2AgIr,99.317,32.495
mp-aaabxfoo,DyBr3,3.535,2.081
mp-aaabxfop,MnVRu2,228.444,98.864
mp-aaabxfoq,MnV3,210.529,50.037
mp-aaabxfor,MnZnIr2,226.37,78.633
mp-aaabxfot,MnZnRh2,168.969,55.119
mp-aaabxfou,Mn2AlCr,193.97,102.349
mp-aaabxfov,Mn2AlRe,255.756,128.084
mp-aaabxfow,Mn2AlW,237.182,126.511
mp-aaabxfox,Ca2AgPb,37.203,5.626
mp-aaabxfoy,MnNbRu2,218.17,89.826
mp-aaabxfpb,DyAl3,71.682,39.137
mp-aaabxfpd,LiSiPd2,139.601,50.183
mp-aaabxfpg,HfScIr2,182.895,90.315
mp-aaabxfph,HfScOs2,197.703,93.516
mp-aaabxfpi,CaYRh2,89.209,34.602
mp-aaabxfpj,Be2IrPd,214.003,111.931
mp-aaabxfpm,Dy2MgAl,55.262,35.437
mp-aaabxfpn,Dy2MgIn,52.775,27.596
mp-aaabxfpq,HfGaRu2,197.202,78.797
mp-aaabxfpr,Mn2NbAl,195.796,100.021
mp-aaabxfpv,MnSiRh2,208.501,21.435
mp-aaabxfpz,HfGaRh2,183.393,118.314
mp-aaabxfqa,HfMgIr2,187.046,99.508
mp-aaabxfqb,Be2RuPt,219.105,107.454
mp-aaabxfqc,MnIr3,287.886,136.361
mp-aaabxfqd,HfTc2Sb,201.069,95.257
mp-aaabxfqf,HfTaRe2,244.954,109.351
mp-aaabxfqg,Mn2VSi,242.884,131.761
mp-aaabxfqh,Mn3Ge,195.84,84.368
mp-aaabxfqi,AcTlTe2,41.684,19.533
mp-aaabxfqj,LiPaRu2,146.833,9.708
mp-aaabxfqk,HfScRu2,172.957,80.426
mp-aaabxfqm,Mn2PtRh,174.551,77.815
mp-aaabxfqs,HfTaTc2,222.224,99.455
mp-aaabxfqt,HfTc2Sn,187.383,73.235
mp-aaabxfqv,HfScRh2,156.306,949.623
mp-aaabxfqx,MgInPd2,109.21,28.094
mp-aaabxfqy,MgInIr2,165.085,79.164
mp-aaabxfrc,TiZnIr2,226.509,104.561
mp-aaabxfrd,HfMgPd2,128.55,39.982
mp-aaabxfre,HfMgRh2,154.665,68.281
mp-aaabxfrf,NaCa2Tl,22.925,14.702
mp-aaabxfru,HfInRh2,172.181,244.174
mp-aaabxfrv,Li2EuGe,34.651,23.508
mp-aaabxfse,NaCd2Pt,69.41,22.098
mp-aaabxfsf,NaCd3,28.313,-3.797
mp-aaabxfsh,TiZnPd2,150.486,29.824
mp-aaabxfsj,NaAcTe2,40.126,10.792
mp-aaabxfsk,NaCaAu2,41.303,20.408
mp-aaabxfss,NaAcTl2,31.125,12.636
mp-aaabxfst,HfMnRh2,175.043,62.602
mp-aaabxfsu,MgGaNi2,116.982,40.522
mp-aaabxfsv,TiZnNi2,160.513,55.791
mp-aaabxfsw,HfNbTc2,218.707,90.767
mp-aaabxfsy,NaHoTl2,38.106,23.742
mp-aaabxfsz,NaHgPd2,80.025,24.87
mp-aaabxfta,NaLaAu2,55.109,16.143
mp-aaabxftc,NaInHg2,25.727,9.66
mp-aaabxftj,NaMgPb2,15.404,7.06
mp-aaabxftk,NaSmHg2,43.362,14.613
mp-aaabxftl,NaSmTl2,36.766,19.687
mp-aaabxftm,NaMgTl2,24.965,13.0
mp-aaabxftn,NaSmAu2,59.904,18.192
mp-aaabxfto,NaPrTl2,35.668,17.268
mp-aaabxftp,NaNdAu2,57.865,17.696
mp-aaabxftr,NaNdHg2,42.221,14.872
mp-aaabxfts,LiSmTl2,41.722,15.962
mp-aaabxftt,NaErTl2,37.926,23.846
mp-aaabxftu,NaPrAu2,56.68,17.065
mp-aaabxftv,NaPrHg2,41.671,14.842
mp-aaabxftw,NaPaO3,132.432,57.938
mp-aaabxftz,MgGaPd2,120.303,31.091
mp-aaabxfub,MgGaRh2,155.284,80.766
mp-aaabxfuc,NaTlPd2,74.545,-1.208
mp-aaabxfud,NaTl2Cd,23.718,7.617
mp-aaabxfug,Hf2MoRh,173.159,75.907
mp-aaabxfuh,Hf2OsRh,201.65,55.152
mp-aaabxfuo,Hf2MnIr,192.899,88.412
mp-aaabxfuv,NaTl2Bi,27.25,8.941
mp-aaabxfuw,MgAsPt5,182.409,70.948
mp-aaabxfux,Be2CuRu,182.617,96.573
mp-aaabxfuy,PaAlTc2,181.984,42.333
mp-aaabxfuz,PaAlRu2,178.546,15.527
mp-aaabxfva,MgCdAu2,86.378,21.743
mp-aaabxfvb,YbNdRh2,87.977,27.617
mp-aaabxfvc,MgAlPd2,124.171,40.012
mp-aaabxfvf,MgAlRh2,155.745,85.611
mp-aaabxfvg,Dy2ZnGa,65.862,39.796
mp-aaabxfvi,YbNdHg2,49.525,23.048
mp-aaabxfvj,Dy2AlZn,63.933,39.898
mp-aaabxfvk,MgGeIr2,184.958,79.79
mp-aaabxfvm,MgGeRh2,162.451,58.759
mp-aaabxfvn,HfBeRh2,189.784,67.567
mp-aaabxfvp,HfScCo2,138.178,69.939
mp-aaabxfvq,HfPd5,167.044,68.884
mp-aaabxfvr,Ca2CdPb,32.385,21.831
mp-aaabxfvs,Be3Ni,153.479,267.579
mp-aaabxfvu,GaFeRh2,193.286,-22.079
mp-aaabxfvv,YbHg3,38.477,14.403
mp-aaabxfvw,YbTaRu2,171.591,73.821
mp-aaabxfvy,HfCdRh2,169.501,60.425
mp-aaabxfwa,HfCu3,136.591,16.975
mp-aaabxfwc,Hf2IrRh,191.166,11.426
mp-aaabxfwd,Hf2FeOs,201.248,95.692
mp-aaabxfwf,EuGeO3,167.47,101.809
mp-aaabxfwh,MgGaAg2,68.65,15.528
mp-aaabxfwi,LiScPd2,91.829,-47.071
mp-aaabxfwj,Mg(BeAs)2,76.107,45.528
mp-aaabxfwk,MgGaIr2,187.256,96.083
mp-aaabxfwl,MgFeRh2,154.144,73.504
mp-aaabxfwp,FeGeRu2,223.605,101.794
mp-aaabxfwr,Co3Pt,211.803,94.266
mp-aaabxfws,TmF3,152.068,39.096
mp-aaabxfwt,TmGaRh2,147.294,55.923
mp-aaabxfxa,TmCdPt2,123.512,20.588
mp-aaabxfxe,TmCdRh2,127.101,52.847
mp-aaabxfxh,TmHfOs2,182.794,86.548
mp-aaabxfxi,TmLuMg2,45.134,23.143
mp-aaabxfxj,TmInRh2,134.846,40.486
mp-aaabxfxk,Fe3Re,-1181.2,215.462
mp-aaabxfxn,TmHfRu2,161.823,73.726
mp-aaabxfxo,Dy2PdRu,104.247,37.091
mp-aaabxfxq,YbTiO3,188.205,111.444
mp-aaabxfxr,Dy2IrRu,125.9,53.425
mp-aaabxfxw,Th2BiTe,80.336,50.256
mp-aaabxfya,LiScPt2,116.125,61.788
mp-aaabxfyb,Be2NiIr,231.437,114.747
mp-aaabxfyc,TmMgRh2,116.23,52.742
mp-aaabxfyd,LiScTl2,44.718,22.125
mp-aaabxfye,TlPd2Au,124.074,6.664
mp-aaabxfyg,TaZnRu2,226.089,85.139
mp-aaabxfyh,Ti6Al16Ni7,128.39,89.296
mp-aaabxfyj,Tm2ZnIr,100.748,38.748
mp-aaabxfym,Lu2MgIn,55.4,32.495
mp-aaabxfyn,TmNbOs2,205.913,90.483
mp-aaabxfyu,TmNbRu2,179.898,73.733
mp-aaabxfyv,TmSnRu2,153.366,68.88
mp-aaabxfyw,TmTc2W,202.895,78.138
mp-aaabxfyy,TmSnRh2,141.544,187.815
mp-aaabxfza,TbYbHg2,52.205,26.236
mp-aaabxfzb,LuNbRu2,182.535,79.038
mp-aaabxfzd,DyZnRh2,129.806,45.355
mp-aaabxfzi,TmTaRu2,188.12,80.951
mp-aaabxfzt,TmUTc2,108.871,80.134
mp-aaabxfzy,NbAlOs2,260.723,129.33
mp-aaabxgaa,NbAlFe2,209.082,126.798
mp-aaabxgab,Tm2AgPt,96.269,34.96
mp-aaabxgac,Tm2AgRu,96.69,38.929
mp-aaabxgae,Tm2CdOs,101.396,37.595
mp-aaabxgar,Ho2InAg,65.284,29.025
mp-aaabxgas,TmZnPd2,108.889,15.796
mp-aaabxgat,TmZnRh2,135.447,52.839
mp-aaabxgav,TmBr3,3.109,2.236
mp-aaabxgbc,Be2CuRh,171.518,52.236
mp-aaabxgbk,Gd2MgTl,-10.668,20.482
mp-aaabxgbo,Lu2PdRu,115.779,46.14
mp-aaabxgbp,Lu2IrRu,137.722,66.037
mp-aaabxgbq,UTlO3,132.86,59.337
mp-aaabxgbs,LuCl3,3.289,2.7
mp-aaabxgbt,Lu2CoRu,118.848,56.419
mp-aaabxgbx,Lu2MgTc,79.162,27.045
mp-aaabxgcg,Tm2ZnPt,93.112,39.448
mp-aaabxgci,Tm2HgOs,106.578,35.412
mp-aaabxgck,Zn3Rh,128.64,48.806
mp-aaabxgcv,TmI3,2.7359999999999998,1.9609999999999999
mp-aaabxgcx,Zn3Pt,137.109,52.461
mp-aaabxgcy,Tm2MgAl,58.554,38.344
mp-aaabxgcz,Zn3Pd,111.133,44.23
mp-aaabxgdc,Tm2MgIr,87.72,26.832
mp-aaabxgdd,Tm2MgOs,89.938,29.624
mp-aaabxgde,Zn3Ir,146.356,52.945
mp-aaabxgdg,DyTaRu2,181.822,68.958
mp-aaabxgdp,YCo,53.429,22.17
mp-aaabxgds,YMg3,43.03,26.114
mp-aaabxgdu,LuSnRh2,142.714,236.351
mp-aaabxgdv,LuSnRu2,156.439,71.105
mp-aaabxgdy,V3Ru,221.654,89.252
mp-aaabxgeb,V3Re,233.519,59.053
mp-aaabxgeq,ThPt3,174.749,44.381
mp-aaabxges,TmAlCu,85.691,45.234
mp-aaabxget,Tm2MgGe2,76.381,56.917
mp-aaabxgew,Lu2ZnAu,80.916,38.614
mp-aaabxgfl,UGaTc2,191.62,23.041
mp-aaabxgfo,CsUO3,129.135,70.632
mp-aaabxgfp,ZnPd3,151.261,36.377
mp-aaabxgfq,YbNdAg2,50.84,19.85
mp-aaabxgfs,UP3,104.325,79.737
mp-aaabxgfu,YTe,59.171,38.592
mp-aaabxgfw,Y2NiIr,106.626,42.924
mp-aaabxgfx,Y2MgRu,74.058,20.648
mp-aaabxgfy,LuZrRu2,156.979,72.197
mp-aaabxggf,TiAlPd2,158.18,28.706
mp-aaabxggg,TiAlOs2,244.229,113.141
mp-aaabxggh,LuRh2Pb,129.632,168.188
mp-aaabxggi,LiSc2Pt,89.908,37.52
mp-aaabxggk,Lu2AgHg,73.413,29.755
mp-aaabxggm,TiGaRu2,212.674,87.343
mp-aaabxggn,Tm2MgTc,77.305,27.589
mp-aaabxggo,ThGa3,85.675,43.146
mp-aaabxggx,Lu2AgRu,98.781,39.928
mp-aaabxgha,MnV2Os,265.263,115.151
mp-aaabxghd,VCo2Ge,197.789,81.715
mp-aaabxghf,Pm2SnAu,65.878,19.943
mp-aaabxghg,Pm2SiPd,75.342,23.479
mp-aaabxghh,Ti2MnRu,193.143,78.85
mp-aaabxghi,Ac2CuSn,46.296,13.564
mp-aaabxghj,VGaTc2,229.778,78.962
mp-aaabxghk,VSiTc2,258.765,107.994
mp-aaabxghl,VBr3,3.46,3.386
mp-aaabxghu,VTc2Ge,243.003,96.105
mp-aaabxghw,V2CrRe,253.319,112.266
mp-aaabxghx,V2CrOs,261.007,118.265
mp-aaabxghy,VZnRu2,225.829,79.087
mp-aaabxghz,VZnRh2,203.686,18.666
mp-aaabxgic,V2CrFe,231.816,102.939
mp-aaabxgif,VI3,6.8469999999999995,2.292
mp-aaabxgig,V2CrRu,241.192,103.536
mp-aaabxgih,V2CrTc,238.066,95.291
mp-aaabxgii,VIr3,321.065,186.516
mp-aaabxgij,V2ReOs,289.662,136.853
mp-aaabxgil,V2TcOs,275.44,129.105
mp-aaabxgim,Na2Hf2O5,102.218,37.565
mp-aaabxgin,V2TcRu,254.239,109.902
mp-aaabxgio,YAgHg2,69.569,17.156
mp-aaabxgip,YCdAg2,71.324,15.786
mp-aaabxgiq,YAlAg2,82.71,23.742
mp-aaabxgir,Lu2InAg,69.509,32.13
mp-aaabxgis,VSiOs2,286.547,125.357
mp-aaabxgit,VSiRu2,250.046,119.671
mp-aaabxgiy,YMgCd2,53.873,26.509
mp-aaabxgiz,YSbPd2,105.817,-0.531
mp-aaabxgjb,YMgZn2,59.874,36.417
mp-aaabxgjc,YPaRu2,135.535,-102.485
mp-aaabxgjd,YZnRh2,126.817,44.737
mp-aaabxgjf,YTaRu2,179.127,69.742
mp-aaabxgjg,YCdPd2,97.382,27.819
mp-aaabxgjh,LuI3,2.849,2.379
mp-aaabxgji,YCdAu2,87.395,21.097
mp-aaabxgjj,TiMnRh2,183.807,75.228
mp-aaabxgjk,YCdPt2,116.26,20.954
mp-aaabxgjl,YCdHg2,76.015,19.287
mp-aaabxgjn,YAl3,70.402,38.964
mp-aaabxgjp,Ti2NiIr,190.543,7.109
mp-aaabxgjq,YThRu2,124.42,30.249
mp-aaabxgjr,TiMn2Al,159.093,83.1
mp-aaabxgjt,Ti2ReOs,240.23,110.684
mp-aaabxgju,YBr2,35.495,15.633
mp-aaabxgjw,YbZrRh2,127.688,30.229
mp-aaabxgjx,TiMnCo2,168.613,77.429
mp-aaabxgjy,Ti2RePd,193.113,72.804
mp-aaabxgkf,Pm2SiAu,74.428,22.913
mp-aaabxgkg,Yb2AgBi,38.939,24.271
mp-aaabxgkh,Pm2CuSi,68.269,27.721
mp-aaabxgko,Mn2VGe,224.329,110.157
mp-aaabxgks,AcTe3,47.939,20.884
mp-aaabxgku,Y2AlZn,62.953,40.862
mp-aaabxgkv,Y2AgRu,90.313,35.774
mp-aaabxgkw,Be3Ru,180.438,123.56
mp-aaabxgkx,LuZnPd2,111.102,18.066
mp-aaabxgla,LuZnRh2,138.683,56.941
mp-aaabxgld,Ti2MnIr,212.034,97.188
mp-aaabxgll,Li2CdAu,44.869,12.122
mp-aaabxglm,LiNd2Ga,43.608,24.558
mp-aaabxglq,Li2CdPd,50.434,7.9510000000000005
mp-aaabxglr,Y2Mg,41.701,20.535
mp-aaabxglt,VGeRu2,236.881,105.622
mp-aaabxglu,VGaRu2,236.904,112.122
mp-aaabxglv,Y2CuRh,88.993,33.634
mp-aaabxglw,Y2CuRu,92.142,40.684
mp-aaabxglz,Ti2NiMo,170.681,76.912
mp-aaabxgma,Y2ZnRu,87.008,30.47
mp-aaabxgmc,Y2CuIr,99.876,37.98
mp-aaabxgmf,NdPbAu2,75.68,19.233
mp-aaabxgmi,Y2IrPd,109.327,42.364
mp-aaabxgmk,Y2MgAl,54.789,36.348
mp-aaabxgml,Y2IrRh,119.564,33.326
mp-aaabxgmm,Li5Mg,17.412,9.799
mp-aaabxgmp,LuGaPd2,115.558,18.845
mp-aaabxgmq,LuPaOs2,159.674,-1.2690000000000001
mp-aaabxgmr,LuGaRh2,149.694,60.379
mp-aaabxgmt,MgRh3,181.297,85.898
mp-aaabxgmx,GaSiRu2,228.828,88.656
mp-aaabxgnh,Na2MgSn,22.948,18.808
mp-aaabxgnm,Yb2AgGe,46.404,1.24
mp-aaabxgnw,TiGeRu2,228.106,116.587
mp-aaabxgnx,Y2NiRu,104.846,40.076
mp-aaabxgoe,Yb2CdPb,33.75,22.062
mp-aaabxgof,Ti2TcRh,203.459,95.495
mp-aaabxgog,Ti2TcRu,208.121,94.372
mp-aaabxgoi,TiMn2Si,207.779,105.768
mp-aaabxgoj,TiNbRe2,250.96,111.453
mp-aaabxgol,TiNbTc2,223.438,94.868
mp-aaabxgom,TiMn2W,243.092,113.185
mp-aaabxgop,Y2ZnIr,93.884,35.758
mp-aaabxgoq,Yb2AgPt,56.533,22.834
mp-aaabxgor,YbMgCd2,38.38,17.587
mp-aaabxgos,Yb2AgPb,39.074,-3.458
mp-aaabxgot,YbLuRh2,100.492,38.627
mp-aaabxgou,TiRe2W,287.241,142.198
mp-aaabxgov,TiReTc2,271.275,125.232
mp-aaabxgow,Li2TlAg,32.933,17.026
mp-aaabxgoz,TiSiTc2,228.921,85.424
mp-aaabxgpb,Y2ZnIn,59.596,33.082
mp-aaabxgph,ThSnPd2,48485339.016,-17226801.471
mp-aaabxgpi,TiMn2V,195.509,76.292
mp-aaabxgpj,TiSnPd2,146.595,3.057
mp-aaabxgpk,TiSiOs2,283.881,134.466
mp-aaabxgpl,TiSiRu2,244.997,129.794
mp-aaabxgqa,HoGaRh2,143.634,49.846
mp-aaabxgql,TiSnRh2,179.322,-66.294
mp-aaabxgqm,LiSm2Ru,66.47,25.565
mp-aaabxgqo,LiSnAu2,67.96,-6.937
mp-aaabxgqq,Ti2MnNi,173.551,66.646
mp-aaabxgqr,Li2TlBi,30.009,22.827
mp-aaabxgqs,Li2HgAu,40.536,7.09
mp-aaabxgqu,YbCl2,36.225,14.586
mp-aaabxgqv,Ti2ReIr,234.973,118.676
mp-aaabxgrg,Ti2ReNi,194.083,80.092
mp-aaabxgri,TiZnAu2,133.602,28.603
mp-aaabxgrj,Li2HgPd,52.245,13.98
mp-aaabxgrl,CoTc3,287.788,154.37
mp-aaabxgrn,Li2YbGe,38.24,30.808
mp-aaabxgrp,Li2InSn,35.36,14.569
mp-aaabxgrq,LiPrHg2,47.688,9.986
mp-aaabxgrr,YbCdAg2,53.798,15.429
mp-aaabxgru,YbCdHg2,41.342,11.442
mp-aaabxgrv,Ga2IrRh,198.415,48.354
mp-aaabxgrz,Y2MgGe2,72.846,54.985
mp-aaabxgse,YbGa2Ir,119.703,390.759
mp-aaabxgsf,YbErPd2,79.277,27.507
mp-aaabxgsh,YbCeHg2,-206.574,39.613
mp-aaabxgsi,YbGaPd2,94.214,9.818
mp-aaabxgsj,YbGaRh2,130.602,55.665
mp-aaabxgsl,YbHfRh2,134.565,38.75
mp-aaabxgsu,Ti2MnOs,210.074,88.015
mp-aaabxgtf,Ga2CoRu,188.326,88.172
mp-aaabxgtg,TiMn2Ga,160.207,76.368
mp-aaabxgtl,YbHfIr2,159.762,176.796
mp-aaabxgtm,CrPd3,152.758,66.576
mp-aaabxgto,TmPaTc2,155.943,-22.8
mp-aaabxgtp,YbInAg2,55.757,21.769
mp-aaabxgtq,YbInHg2,40.699,8.103
mp-aaabxgtr,CrSiRu2,253.029,138.001
mp-aaabxgts,BeSiNi2,196.801,75.961
mp-aaabxgtt,LiSc2Rh,85.14,30.034
mp-aaabxgtv,LiSc2Ru,87.654,34.245
mp-aaabxgtw,LuCdRh2,128.593,53.675
mp-aaabxgtx,LuCo2Sn,127.341,69.17
mp-aaabxgty,GaCu3,124.561,45.438
mp-aaabxgtz,Yb2AsAu,55.734,36.046
mp-aaabxgua,Yb2BiAu,45.488,26.674
mp-aaabxgub,LuPaTc2,138.404,-18.716
mp-aaabxgud,Ti2MoPt,194.966,87.695
mp-aaabxgue,TaZnRh2,213.299,-141.098
mp-aaabxguf,TaZnCo2,201.21,81.324
mp-aaabxgug,LuGaCu2,94.234,31.195
mp-aaabxguh,Ti2MoIr,208.29,83.939
mp-aaabxgui,LiNd2Ir,-71898502.387,-10122524553.472
mp-aaabxguj,TiTc2Sb,210.128,97.116
mp-aaabxguk,TiTc2W,257.893,119.069
mp-aaabxgul,LaYbAg2,46.367,16.211
mp-aaabxgum,LiSmHg2,50.518,10.941
mp-aaabxgun,YbMgTl2,35.189,17.094
mp-aaabxguo,YbMgHg2,42.899,18.79
mp-aaabxgup,YbPd2Au,104.932,24.769
mp-aaabxgvo,Ti2TcIr,223.944,110.73
mp-aaabxgvp,YbPaPt2,118.801,28.281
mp-aaabxgvq,Ti2OsRu,231.602,119.766
mp-aaabxgvt,Yb2CuIr,69.855,33.64
mp-aaabxgvu,LuHfRu2,163.884,74.76
mp-aaabxgvv,Lu2CuPt,101.128,42.41
mp-aaabxgwc,Yb2CuRh,54.848,25.194
mp-aaabxgwd,Ac2SiPd,57.83,17.435
mp-aaabxgwe,PaBi3,64.281,26.866
mp-aaabxgwf,YbNbRu2,163.841,66.692
mp-aaabxgwg,PaAu3,125.869,15.063
mp-aaabxgwh,LaYbCd2,40.401,20.338
mp-aaabxgwl,Li2TlPd,48.609,13.18
mp-aaabxgwo,LiZrPt2,139.016,27.199
mp-aaabxgwp,Li2YTl,41.319,32.362
mp-aaabxgwq,LiZrRh2,137.351,45.895
mp-aaabxgwr,Be2CuPt,173.915,70.542
mp-aaabxgws,LiZr2Os,134.753,47.3
mp-aaabxgwt,Li2ZnAu,46.741,4.542
mp-aaabxgwu,LiZr2Re,126.874,37.587
mp-aaabxgww,Li2AgHg,37.398,9.484
mp-aaabxgwx,Li3Ag,25.274,2626291758.897
mp-aaabxgwy,Ti2TcOs,225.088,99.119
mp-aaabxgwz,Ti2RePt,212.512,77.792
mp-aaabxgxa,Ti2TcNi,168.312,73.802
mp-aaabxgxb,Li2AgAu,49.503,17.539
mp-aaabxgxg,LuInRh2,138.075,43.403
mp-aaabxgxk,TiSnRu2,205.955,106.326
mp-aaabxgxp,LiZr2Tc,117.351,26.476
mp-aaabxgxq,YbPmAu2,68.459,25.776
mp-aaabxgxr,GaGeRu2,203.806,74.202
mp-aaabxgxs,YbPmAg2,51.003,21.554
mp-aaabxgxt,Li2AcIn,35.03,19.316
mp-aaabxgxu,TiZnCo2,180.042,89.75
mp-aaabxgxv,Ti3Os,160.895,51.02
mp-aaabxgxw,Ti3Tl,108.872,59.015
mp-aaabxgxx,BeCo2Si,226.523,132.598
mp-aaabxgxz,YbPmPt2,91.912,34.918
mp-aaabxgya,BeSiIr2,268.28,105.257
mp-aaabxgyd,LiZn3,56.751,2.197
mp-aaabxgye,Yb2HgPb,37.023,28.619
mp-aaabxgyf,Yb2HgGe,44.342,32.244
mp-aaabxgyi,LiZn2Rh,102.513,37.415
mp-aaabxgyk,TiVTc2,226.153,95.113
mp-aaabxgym,TiVRe2,257.696,111.69
mp-aaabxgyo,Yb2CdSn,36.108,25.303
mp-aaabxgyp,MgAlAg2,80.359,21.024
mp-aaabxgyq,YbPmZn2,45.614,29.381
mp-aaabxgyr,MgAlIr2,188.646,106.717
mp-aaabxgyu,LiZrAu2,103.353,5.343
mp-aaabxgyv,LiZrIr2,164.912,53.838
mp-aaabxgyw,Cd2PdRh,123.024,48.221
mp-aaabxgyx,AcTiO3,179.412,77.02
mp-aaabxgyy,Ti2TcPt,201.234,72.828
mp-aaabxgyz,Cd2PtRh,136.955,44.683
mp-aaabxgza,TiZnCu2,130.031,52.34
mp-aaabxgzb,Ti2TcPd,182.368,65.713
mp-aaabxgzc,Li2CePb,46.894,33.556
mp-aaabxgzd,LiSiIr2,230.966,127.917
mp-aaabxgze,YbF2,81.712,26.713
mp-aaabxgzf,Li2MgSn,34.883,21.546
mp-aaabxgzg,LiSc2Tc,82.734,32.676
mp-aaabxgzj,LiMg2,30.17,19.141
mp-aaabxgzk,LiThAu2,83.821,9.884
mp-aaabxgzo,ThSnRu2,152.686,51.878
mp-aaabxgzr,YbPrAg2,54.172,18.108
mp-aaabxgzs,Ti2ReRh,213.72,102.659
mp-aaabxgzv,Ac2IrAu,75.286,17.573
mp-aaabxgzw,AcTlAu2,59.76,10.319
mp-aaabxhab,AcSnAu2,70.36,14.645
mp-aaabxhae,CoRe3,352.906,163.317
mp-aaabxhah,LiGaAg2,66.916,27.563
mp-aaabxhai,Li2CaSn,34.099,27.664
mp-aaabxhaj,Li2CaSi,40.875,29.73
mp-aaabxhak,BeAlIr2,237.931,124.518
mp-aaabxham,CeAlAg2,68.397,13.835
mp-aaabxhan,LuReTc2,218.979,90.915
mp-aaabxhas,TmNi2Sn,117.1,32.569
mp-aaabxhaw,YbPrHg2,48.488,21.802
mp-aaabxhax,AcMgCd2,43.051,14.378
mp-aaabxhba,TmCdPd2,102.769,28.97
mp-aaabxhbb,TmCdHg2,64.458,20.768
mp-aaabxhbc,BaTlHg2,26.909,8.57
mp-aaabxhbd,CdPd3,135.78,42.281
mp-aaabxhbe,Li2CaGe,37.315,26.755
mp-aaabxhbf,Li2AgPd,56.116,10.22
mp-aaabxhbh,Al2IrRu,218.535,127.182
mp-aaabxhbi,Y3Al7Cu2,86.943,58.97
mp-aaabxhbj,YbSmZn2,45.837,29.126
mp-aaabxhbk,YbSnRh2,126.934,36.271
mp-aaabxhbl,YbSmRh2,90.68,29.843
mp-aaabxhbm,YbScRh2,108.619,40.561
mp-aaabxhbn,YbSnAu2,70.05,15.34
mp-aaabxhbo,YbSbPd2,91.016,23.938
mp-aaabxhbp,YbPrZn2,43.874,28.411
mp-aaabxhbq,HfGaIr2,212.925,67.428
mp-aaabxhbr,YbTlPd2,82.283,15.978
mp-aaabxhbs,CaLaCd2,40.129,20.861
mp-aaabxhbt,AlVRu2,236.108,125.212
mp-aaabxhbu,YbTl2Cd,34.091,11.787
mp-aaabxhbv,ErI3,3.096,1.721
mp-aaabxhbw,Er2InAg,65.736,30.299
mp-aaabxhbx,Dy2TlCd,57.964,25.723
mp-aaabxhby,CaBi3,45.159,13.126
mp-aaabxhbz,DyMgTl2,47.333,10.569
mp-aaabxhca,Dy2TlAg,61.975,25.22
mp-aaabxhce,Hf2ZnRe,160.36,60.682
mp-aaabxhcg,CaSmHg2,49.261,25.27
mp-aaabxhch,CaPrZn2,43.686,26.267
mp-aaabxhck,Ac2ZnGe,47.092,21.003
mp-aaabxhcm,YbSmHg2,50.682,25.265
mp-aaabxhco,CdPt3,189.833,50.231
mp-aaabxhcq,Be2RhAu,183.765,27.888
mp-aaabxhcs,ErNbOs2,202.723,87.3
mp-aaabxhcx,Al2FeIr,203.229,110.178
mp-aaabxhcz,AlZnRh2,184.832,92.448
mp-aaabxhdd,GaNiRh2,173.642,64.205
mp-aaabxhdr,HfFe2Sn,183.726,107.986
mp-aaabxhdw,AcN,77.703,18.975
mp-aaabxheb,CaSmZn2,45.189,27.213
mp-aaabxhec,HfSiRu2,228.517,106.888
mp-aaabxhed,NdDyMg2,40.013,22.984
mp-aaabxhee,NdMgAu2,75.545,-20.063
mp-aaabxheg,B2S3,20.061,14.14
mp-aaabxheh,Nd2CdIn,50.858,21.146
mp-aaabxhej,MgScRh2,127.869,60.221
mp-aaabxhel,MgTaOs2,228.974,100.834
mp-aaabxhem,MgTaRh2,185.429,-32.898
mp-aaabxhen,MgSnRh2,147.583,26.257
mp-aaabxhep,MgTaIr2,216.134,183.204
mp-aaabxher,MgSc2Cd,57.839,33.262
mp-aaabxhet,MgSc2Ru,90.878,16.985
mp-aaabxheu,MgSc2Tl,58.309,23.613
mp-aaabxhev,MgSc2Os,105.142,25.439
mp-aaabxhew,MgSc2Tc,88.439,22.204
mp-aaabxhex,Zr3N2,195.246,102.252
mp-aaabxhfa,MgSiIr2,213.993,97.486
mp-aaabxhfb,MgSiRh2,179.203,75.943
mp-aaabxhfc,Hf2CoTc,177.082,84.695
mp-aaabxhfi,HfZnCu2,129.32,43.166
mp-aaabxhfr,Ac2MgSn,38.111,15.688
mp-aaabxhfs,CaCdHg2,38.807,11.995
mp-aaabxhfv,Ac2IrPd,77.317,20.378
mp-aaabxhfw,HfZn3,106.771,15.766
mp-aaabxhfx,HoNbOs2,200.406,84.188
mp-aaabxhga,HoNbRu2,173.786,66.781
mp-aaabxhgc,HfTc2W,246.139,118.179
mp-aaabxhgd,Be2PdRh,193.549,99.772
mp-aaabxhge,HoTaRu2,183.596,73.942
mp-aaabxhgf,HfZnAu2,137.013,16.877
mp-aaabxhgi,Tm2TlAg,66.273,29.296
mp-aaabxhgj,V3Os,246.21,109.532
mp-aaabxhgn,LuTaRu2,190.885,87.342
mp-aaabxhgp,LuTaOs2,218.717,102.576
mp-aaabxhgq,NaTmTl2,37.535,23.164
mp-aaabxhgt,Lu2TlAg,65.545,29.72
mp-aaabxhgu,Na2TlSb,24.55,18.578
mp-aaabxhgv,Lu2TlCd,60.239,21.558
mp-aaabxhgw,VFe3,195.459,92.605
mp-aaabxhha,LuSbRu2,168.296,88.091
mp-aaabxhhb,TiBe2Ir,189.33,65.793
mp-aaabxhhc,TiGaPd2,155.629,18.4
mp-aaabxhhd,TiFe2Si,230.374,146.521
mp-aaabxhhe,TiGaIr2,227.636,85.752
mp-aaabxhhf,TiBeRh2,203.582,98.384
mp-aaabxhhi,LiSm2Ir,74.686,30.036
mp-aaabxhhm,LiSm2Os,74.266,31.695
mp-aaabxhho,TiBeCo2,191.214,104.999
mp-aaabxhhp,TiAlRh2,194.292,-19.025
mp-aaabxhhq,TiBeIr2,241.903,121.444
mp-aaabxhhr,TiAlRu2,209.627,91.984
mp-aaabxhhs,YGaRh2,138.306,44.976
mp-aaabxhht,TiGaRh2,193.396,-90.038
mp-aaabxhhu,YLuMg2,43.556,23.614
mp-aaabxhhv,YZrRu2,147.893,65.206
mp-aaabxhhw,Y2AgIr,96.832,32.475
mp-aaabxhhx,VRh3,251.039,128.846
mp-aaabxhhy,YMgAg2,64.686,13.385
mp-aaabxhhz,YInRh2,127.682,37.6
mp-aaabxhia,YMgHg2,61.585,26.818
mp-aaabxhib,YMgRh2,109.638,47.658
mp-aaabxhic,Y2PdRu,102.15,37.213
mp-aaabxhie,TiInPd2,125.716,22.501
mp-aaabxhif,KTl2Bi,22.656,5.834
mp-aaabxhig,TiInRh2,174.523,1099.271
mp-aaabxhih,YMgAu2,83.086,20.128
mp-aaabxhii,HoMg3,40.634,26.726
mp-aaabxhij,Y2RuRh,111.433,46.33
mp-aaabxhik,ThSnAu2,99.611,17.763
mp-aaabxhil,Yb2CdIn,34.611,20.71
mp-aaabxhim,Li2PdAu,68.175,23.405
mp-aaabxhin,YbAgPd2,91.195,24.979
mp-aaabxhio,Li2NdAl,42.611,29.333
mp-aaabxhip,Li2NdTl,39.457,28.708
mp-aaabxhiq,Li2YbPb,28.662,23.4
mp-aaabxhir,Li2NdIn,40.663,29.888
mp-aaabxhit,Ti2ZnRe,168.977,62.502
mp-aaabxhiv,CeCdAu2,74.979,2.402
mp-aaabxhiw,Ti3Zn,110.213,52.136
mp-aaabxhix,Ti2ZnTc,158.023,47.873
mp-aaabxhiy,TlCdRh2,137.541,51.879
mp-aaabxhiz,CeCd2,47.338,27.939
mp-aaabxhjb,Li2YbSi,42.316,33.395
mp-aaabxhjc,Li2YbSn,34.107,29.306
mp-aaabxhjd,Li2LaIn,37.747,26.277
mp-aaabxhje,Li2MgCd,28.998,20.86
mp-aaabxhjg,Li2PrIn,38.333,27.925
mp-aaabxhjj,AcAg,43.963,16.405
mp-aaabxhjl,Ti3Bi,103.657,-52.441
mp-aaabxhjm,Li2SnPt,67.708,29.364
mp-aaabxhjn,AcYbHg2,42.483,17.216
mp-aaabxhjo,Pm2SiHg,66.613,21.006
mp-aaabxhjv,Lu2CdIn,59.863,20.582
mp-aaabxhjw,Yb2AgSn,42.185,-7.11
mp-aaabxhjx,TiTc2Mo,248.307,122.887
mp-aaabxhjy,LuBr3,3.474,2.266
mp-aaabxhkc,Ti2MnRh,191.897,80.041
mp-aaabxhkd,HfSnRu2,199.577,107.6
mp-aaabxhke,CaNdZn2,44.441,26.537
mp-aaabxhkf,HfSnRh2,174.628,-3.802
mp-aaabxhkg,AcSi3,64.505,52.263
mp-aaabxhkh,CaYHg2,52.306,27.182
mp-aaabxhki,Be2NiPt,197.731,63.503
mp-aaabxhkj,AcMgHg2,48.779,13.617
mp-aaabxhkl,CaNdRh2,82.434,27.763
mp-aaabxhkm,CaDyHg2,51.03,26.726
mp-aaabxhkn,Ca2SnHg,36.778,28.384
mp-aaabxhml,CaCdPd2,75.884,15.863
mp-aaabxhmq,Al2IrOs,233.311,130.885
mp-aaabxhmr,ErSnRu2,150.594,66.736
mp-aaabxhms,AcMg,30.934,19.546
mp-aaabxhmt,DySnAu2,88.94,15.162
mp-aaabxhmu,BeVCo2,44.835,57.185
mp-aaabxhmv,Ac2ZnSi,48.815,23.997
mp-aaabxhmx,AgBr,27.578,4.678
mp-aaabxhnb,DyLuMg2,43.506,22.533
mp-aaabxhnc,AlCuPd2,161.409,15.865
mp-aaabxhne,BaNaScSi2O7,88.541,48.571
mp-aaabxhnf,ErTaOs2,212.608,95.013
mp-aaabxhnr,Bi3BrO4,59.352,28.1
mp-aaabxhnu,Ca5Al2(SiN4)2,125.918,75.063
mp-aaabxhqd,TiFe2Ge,210.464,127.259
mp-aaabxhqe,TiMn2Ge,191.642,85.453
mp-aaabxhvu,Ca2SnS4,46.185,17.604
mp-aaabxias,La2Si4CN6,151.815,83.776
mp-aaabxihe,Ca2SnS4,42.206,26.896
mp-aaabxihg,CaSnS3,33.29,-39.079
mp-aaabxish,BeSiOs2,286.259,149.646
mp-aaabxisj,ScZn2Ag,84.013,35.169
mp-aaabxisk,Sc2CoOs,137.844,64.672
mp-aaabxiso,TaBeRu2,234.983,73.87
mp-aaabxisq,BeGaIr2,238.142,107.436
mp-aaabxisr,Sc2CuPt,112.788,44.091
mp-aaabxiss,LaSnAu2,77.314,21.755
mp-aaabxist,LiHfPd2,117.376,19.867
mp-aaabxisu,TaMn2Al,201.123,107.903
mp-aaabxisv,LiY2Pt,71.412,30.073
mp-aaabxisx,TaTiOs2,267.946,94.516
mp-aaabxisz,Al2RuPt,201.068,97.729
mp-aaabxita,Rb,2.759,0.995
mp-aaabxitb,ScCdAg2,80.644,26.055
mp-aaabxitc,Sm2PdRu,94.638,29.904
mp-aaabxite,SmHoMg2,40.49,21.549
mp-aaabxitf,SmMgCd2,52.617,25.367
mp-aaabxiti,SmCl2,-4605.475,-337.271
mp-aaabxitj,ScZnPd2,117.696,13.032
mp-aaabxitl,ScVRu2,194.203,87.109
mp-aaabxitp,ReOs3,395.382,248.808
mp-aaabxitr,SmGa3,69.324,41.914
mp-aaabxits,CaMgHg2,40.504,17.74
mp-aaabxitt,LiHo2Ga,54.046,34.678
mp-aaabxitu,ScNbRu2,196.752,92.83
mp-aaabxitv,BaNaHg2,20.768,2.7
mp-aaabxitw,LiHfRh2,145.866,55.025
mp-aaabxitx,Sr2CdSn,29.052,22.989
mp-aaabxiue,ScGaRu2,167.594,62.044
mp-aaabxiuf,SmCdHg2,60.568,13.446
mp-aaabxiug,SmCd3,56.236,23.153
mp-aaabxiuh,SmDyMg2,40.294,21.856
mp-aaabxiui,LiCd2Au,64.741,16.546
mp-aaabxiul,Sr2AgPt,39.938,16.759
mp-aaabxiup,LiCa2Tl,26.242,14.441
mp-aaabxiur,Sr2SnHg,30.248,23.267
mp-aaabxius,LiGaPt2,151.641,153.628
mp-aaabxiut,SrLi2Sn,30.554,21.366
mp-aaabxiuu,SrMgTl2,29.945,8.433
mp-aaabxiuz,PrCdHg2,57.938,18.366
mp-aaabxiva,PrMgCd2,50.25,23.368
mp-aaabxivd,SmMgHg2,59.687,25.006
mp-aaabxive,Sm2ZnIr,86.846,30.325
mp-aaabxivi,CeZn2Ag,58.884,25.752
mp-aaabxivj,ScInIr2,175.784,79.491
mp-aaabxivl,Pm3Pb,44.905,22.668
mp-aaabxivn,Sm2TlCd,53.486,21.025
mp-aaabxivp,Sr2BiAu,35.078,20.738
mp-aaabxivr,SrOsO3,185.233,60.942
mp-aaabxivs,LiCd2Pd,71.539,22.13
mp-aaabxivt,LiGaNi2,117.728,-16.545
mp-aaabxivu,LiGaPd2,117.477,-39.18
mp-aaabxivw,Pm,35.282,22.869
mp-aaabxivy,Sr,11.444,6.8870000000000005
mp-aaabxiwc,LiCd2Pt,84.2,23.689
mp-aaabxiwd,Sr2HgPb,28.446,21.909
mp-aaabxiwg,LiCa2Hg,26.023,12.698
mp-aaabxiwh,LiCa2In,27.505,18.813
mp-aaabxiwi,TcOs3,377.014,239.966
mp-aaabxiwj,Er2OsPd,117.96,47.096
mp-aaabxiwk,Er2IrRu,130.801,58.373
mp-aaabxiwm,TaFeRu2,238.287,104.493
mp-aaabxiwn,CaPrHg2,47.326,22.66
mp-aaabxiwo,SmAgHg2,67.274,18.217
mp-aaabxiwr,Ce3(TaN3)2,171.176,85.541
mp-aaabxiws,LiCa2Ir,48.032,26.111
mp-aaabxiwt,LiGa2Ni,90.52,42.228
mp-aaabxiwu,CaNdCd2,41.739,21.903
mp-aaabxiwv,LaCdAg2,59.779,-0.091
mp-aaabxiww,Li3In,24.555,16.087
mp-aaabxiwx,Li3Pt,46.404,15.779
mp-aaabxiwz,RbSn3,12.419,8.094
mp-aaabxixd,Sc2ZnIr,119.005,40.989
mp-aaabxixe,TbMgHg2,61.719,25.823
mp-aaabxixf,LiY2Ir,80.823,32.546
mp-aaabxixl,Ac2GePd,56.205,16.817
mp-aaabxixm,Sc2ZnGa,78.569,46.4
mp-aaabxixn,Sc2ZnOs,120.86,45.33
mp-aaabxixp,LaAgHg2,59.426,11.582
mp-aaabxixq,TbGa3,71.201,44.485
mp-aaabxixs,LaBi3,53.973,15.364
mp-aaabxixt,TaAlFe2,219.675,139.325
mp-aaabxixu,LiZn2Pd,87.893,26.455
mp-aaabxixv,LiZn2Pt,104.433,31.667
mp-aaabxixw,LiZn2Ni,41.35,35.747
mp-aaabxixx,LiZn2Ir,116.817,40.679
mp-aaabxixy,SmAgAu2,84.99,12.155
mp-aaabxixz,LiZn2Au,80.793,20.303
mp-aaabxiyb,CaPrCd2,40.978,21.552
mp-aaabxiyc,LiZnPd2,109.393,50.885
mp-aaabxiyd,RhCl2,76.882,24.906
mp-aaabxiye,CdAgPd2,115.666,10.784
mp-aaabxiyg,ScTc3,216.144,92.758
mp-aaabxiyh,ScCdHg2,68.137,23.311
mp-aaabxiyi,Re3Os,374.539,203.733
mp-aaabxiyk,CaMgTl2,33.477,10.983
mp-aaabxiyl,LiHo2Pt,74.476,31.91
mp-aaabxiyo,Be2CoPt,207.943,111.666
mp-aaabxiyp,Be2CoNi,194.115,125.949
mp-aaabxiyq,LiAlCu2,87.133,53.421
mp-aaabxiyr,Be2CuIr,210.143,67.75
mp-aaabxiys,Be2CoIr,219.36,113.398
mp-aaabxiyt,BeVOs2,276.013,123.705
mp-aaabxiyv,Ho2MgAl,55.443,36.114
mp-aaabxiyw,DyPaTc2,142.107,-28.842
mp-aaabxiyx,DyPaRu2,137.752,-96.494
mp-aaabxiyy,Be2IrPt,238.159,125.302
mp-aaabxiyz,Tc3Pt,286.08,178.077
mp-aaabxizd,LiTb2Ir,81.503,33.159
mp-aaabxizf,LiInAu2,76.048,20.793
mp-aaabxizg,TbHg3,59.883,21.49
mp-aaabxizi,TbTe,60.402,39.055
mp-aaabxizk,Ga2RuRh,199.112,92.754
mp-aaabxizl,LiCo2Si,171.867,117.437
mp-aaabxizw,BeVFe2,212.177,107.484
mp-aaabxizy,AlCuAu2,134.721,18.751
mp-aaabxizz,Be2RuAu,193.573,99.781
mp-aaabxjaa,InCuPd2,148.622,3.839
mp-aaabxjaf,LiTmPt2,103.456,37.47
mp-aaabxjaj,Cu3Si,144.315,60.128
mp-aaabxjal,Al2CoIr,199.848,93.491
mp-aaabxjas,Al2RuRh,200.128,119.809
mp-aaabxjat,Hf2TcRu,193.02,91.598
mp-aaabxjaw,Al2FeNi,163.496,89.022
mp-aaabxjbe,AcCdAg2,52.821,4.795
mp-aaabxjbi,Li3Ge,32.98,22.258
mp-aaabxjbj,Li3Cd,22.509,5.553
mp-aaabxjbl,TcIr3,341.997,157.989
mp-aaabxjbm,ThCdHg2,72.453,16.677
mp-aaabxjbn,Al3Tc,142.913,80.316
mp-aaabxjbo,DyMgSn,57.967,37.406
mp-aaabxjbp,Dy2MgTl,50.473,21.635
mp-aaabxjbq,Ca2MgIn,30.387,20.709
mp-aaabxjbr,Tc,299.67,149.971
mp-aaabxjbt,ThCdAu2,99.567,19.368
mp-aaabxjbw,TcRu3,308.589,192.283
mp-aaabxjbx,Tc3Ni,286.678,150.925
mp-aaabxjcb,CeTlAu2,83.944,20.109
mp-aaabxjce,LiTmPd2,82.224,-4.548
mp-aaabxjcm,ThCdAg2,82.451,19.287
mp-aaabxjek,AcPbAu2,65.405,17.124
mp-aaabxjhr,TaGaFe2,222.56,126.478
mp-aaabxjka,CsTi6O12,116.019,52.941
mp-aaabxjpd,Li6CuS4,33.107,11.558
mp-aaabxjql,PrSmO2,113.333,64.272
mp-aaabxjqu,LiTi3O4,193.852,81.153
mp-aaabxjqy,ScSnRu2,169.616,80.239
mp-aaabxjrb,Ca2AgSn,39.951,2.711
mp-aaabxjrd,CuSbRh2,187.6,192.924
mp-aaabxjrg,Sc2CuAu,97.087,36.068
mp-aaabxjrl,Sc2CoRu,135.073,59.335
mp-aaabxjrm,DyMgAu2,84.578,20.809
mp-aaabxjrs,ScZnPt2,145.311,-1364.215
mp-aaabxjrt,ScZnRh2,151.149,60.401
mp-aaabxjrv,TaCuRh2,224.467,40.955
mp-aaabxjrx,DyMgCd2,54.341,26.236
mp-aaabxjrz,Al2NiRu,180.486,83.722
mp-aaabxjsd,Ta2CrFe,231.932,99.304
mp-aaabxjse,Al3Cr,106.001,84.189
mp-aaabxjsk,ScNbOs2,220.674,108.258
mp-aaabxjsm,TaGaOs2,268.88,122.335
mp-aaabxjsq,ReIr3,358.896,159.736
mp-aaabxjss,Sc2CuIr,129.422,46.495
mp-aaabxjst,ScNbTc2,186.133,66.322
mp-aaabxjsw,La2AgRu,71.667,8.445
mp-aaabxjsx,Ca2BiAu,42.058,24.891
mp-aaabxjsy,AcSe3,55.602,18.189
mp-aaabxjsz,La2AgSn,49.213,17.588
mp-aaabxjta,Sc2CuOs,127.176,53.734
mp-aaabxjtb,LiCa2Cd,23.718,11.67
mp-aaabxjtd,LiCa2Ga,28.548000000000002,20.928
mp-aaabxjtf,LiYTl2,41.8,16.305
mp-aaabxjti,LiYHg2,52.184,12.474
mp-aaabxjtk,LiAlNi2,117.454,4.832
mp-aaabxjtn,AcGa3,58.767,37.601
mp-aaabxjto,TaRu3,276.055,139.6
mp-aaabxjts,LiAlPd2,119.104,-37.156
mp-aaabxjtt,TaTiMn2,207.781,83.607
mp-aaabxjtu,LiYAu2,70.268,-9004.23
mp-aaabxjty,DyMgHg2,62.879,26.307
mp-aaabxjua,BeNbRu2,227.135,69.434
mp-aaabxjub,LiVRh2,179.191,80.647
mp-aaabxjug,LiHfPt2,146.996,23.595
mp-aaabxjuh,BeSiRu2,247.221,122.52
mp-aaabxjuj,BeCrRu2,254.421,103.767
mp-aaabxjuk,AcAu3,74.927,22.77
mp-aaabxjum,BeFeRh2,206.038,87.815
mp-aaabxjuo,ScInRh2,149.145,70.882
mp-aaabxjus,TaTiRe2,257.421,116.994
mp-aaabxjut,La2ZnRu,69.985,3.618
mp-aaabxjuv,Ca2TlCd,32.155,19.163
mp-aaabxjuw,ScMnRh2,149.04,62.195
mp-aaabxjuz,SmCdAg2,67.735,8.012
mp-aaabxjva,Ca2ZnRh,48.691,21.138
mp-aaabxjvd,SmH3,90.319,18.27
mp-aaabxjvf,Sm2IrRu,114.186,41.151
mp-aaabxjvh,SmYMg2,40.002,21.373
mp-aaabxjvi,SmMgAg2,62.849,6.665
mp-aaabxjvj,SmCu4Ag,100.508,31.012
mp-aaabxjvn,SmMgAu2,78.669,0.457
mp-aaabxjvo,Sm2AgIr,89.778,25.511
mp-aaabxjvp,Sm2AgRu,83.326,27.293
mp-aaabxjvq,SmAl3,68.731,43.821
mp-aaabxjvs,LiCdAg2,58.234,8.994
mp-aaabxjvt,LiTm2Al,53.804,35.568
mp-aaabxjvu,BeVRu2,241.663,90.582
mp-aaabxjvw,SmTlAg2,65.15,19.196
mp-aaabxjvx,LiCdAu2,73.965,-11.833
mp-aaabxjvy,AlFe2Si,214.474,123.796
mp-aaabxjvz,SmHg3,57.544,21.074
mp-aaabxjwb,ScTlRh2,143.099,59.512
mp-aaabxjwc,SmCdAu2,82.573,7.809
mp-aaabxjwh,Sm2CuIr,89.382,30.369
mp-aaabxjwo,Sm2MgAl,50.087,30.872
mp-aaabxjwp,Sm2CuRu,84.831,32.134
mp-aaabxjwq,ScZnCu2,99.218,28.575
mp-aaabxjwr,ScTaRu2,204.892,102.073
mp-aaabxjwt,Sm2IrRh,110.279,24.382
mp-aaabxjwv,ScTaTc2,194.629,73.091
mp-aaabxjww,LiSiRh2,186.513,102.23
mp-aaabxjwy,AlGeRu2,214.114,94.027
mp-aaabxjxc,LaBiAu2,73.505,12.425
mp-aaabxjxd,ScCdRh2,139.152,50.956
mp-aaabxjxf,ScCdPd2,113.454,22.942
mp-aaabxjxi,LaMgAg2,54.712,-6.574
mp-aaabxjxj,ScGaCo2,149.332,87.694
mp-aaabxjxk,ScGaIr2,192.627,94.927
mp-aaabxjxl,CuGeRh2,199.92,66.761
mp-aaabxjxm,ErPaRu2,141.574,-88.01
mp-aaabxjxn,ErNbRu2,177.241,70.762
mp-aaabxjxo,K2Rh2O5,84.38,47.77
mp-aaabxjxp,Sm2ZnRu,81.483,24.579
mp-aaabxjxq,ScAlRh2,163.077,82.681
mp-aaabxjxr,ScGaPt2,151.349,0.02
mp-aaabxjxs,LiCdPd2,93.448,30.879
mp-aaabxjxt,SrAcHg2,37.418,18.913
mp-aaabxjxu,LiInPd2,100.631,-2.593
mp-aaacdtso,Yb3Os,45.883,8.033
mp-aaacdtsw,TmTh3,52.713,33.632
mp-aaacdttq,Yb3Mg,19.265,9.43
mp-aaacdtua,YbPrCd2,41.352,21.5
mp-aaacdtuf,Yb3Re,30.077,6.0
mp-aaacdtuj,YbPrAu2,64.929,20.684
mp-aaacdtuk,YbPbAu2,62.462,14.993
mp-aaacdtul,YErMg2,42.167,20.656
mp-aaacdtuo,RbTbO3,60.84,12.55
mp-aaacdtup,TbPmRh2,102.32,15.253
mp-aaacdtus,YbErZn2,48.824,29.049
mp-aaacdtut,YbDy3,33.683,19.241
mp-aaacdtuu,YbErHg2,52.673,25.653
mp-aaacdtuy,YbSmPd2,71.092,20.256
mp-aaacdtvy,TiPd,151.922,87.665
mp-aaacdtzr,BaSrYb2,11.948,6.437
mp-aaacdtzs,YbOs3,224.333,46.685
mp-aaacdtzt,Ti2H4Pd,139.691,64.14
mp-aaacdtzz,YbDyHg2,52.438,26.151
mp-aaacduaa,Zn3Rh,125.139,36.556
mp-aaacduad,TiOs3,308.449,110.247
mp-aaacduae,TiP3,107.326,23.118
mp-aaacduag,TmScRu2,132.156,53.361
mp-aaacduhk,TmScHg2,72.216,28.405
mp-aaacduiv,Sm3Hg,44.884,17.74
mp-aaacdure,TmSi3,89.137,32.813
mp-aaacduru,YTmAl2,66.272,35.136
mp-aaacdurv,Yb2Mg,21.912,6.47
mp-aaacdurx,Zn2CuIr,158.591,13.058
mp-aaacdusb,TmLuCo2,209.285,47.005
mp-aaacduvd,VFeRu2,232.744,108.03
mp-aaacduvo,SmNiGe2,99.958,44.624
mp-aaacdvbd,ZnSn3,47.267,3.808
mp-aaacdvcm,Ti3N,141.495,-296.085
mp-aaacdvcn,Ti3N,122.949,70.473
mp-aaacdvco,YTmMg2,42.606,21.693
mp-aaacdvcr,Ti3Nb,123.599,17.805
mp-aaacdvcs,Sr3Cr,14.914,8.285
mp-aaacdvct,SrCaHg2,31.022,16.275
mp-aaacdvit,Sr3CdO4,89.762,54.665
mp-aaacdvmm,Zn3Cd,58.196,-27.196
mp-aaacdvmt,Yb3In3Ge2Au,54.772,37.631
mp-aaacdvmv,Ti3Ni,117.97,-1.16
mp-aaacdvmw,Tl3V,37.409,4.946
mp-aaacdvna,SrMg5,28.947,16.656
mp-aaacdvnb,Zn3Co,118.899,45.999
mp-aaacdvns,Ti3Nb,122.685,24.306
mp-aaacdvnt,UCr3,177.103,26.475
mp-aaacdvnu,Yb2InSn,35.777,16.544
mp-aaacdvok,SmPuO3,121.889,20.41
mp-aaacdvom,YMg5,37.533,17.204
mp-aaacdvqt,SrTlHg2,29.409,5.404
mp-aaacdvqu,ZrCu2Hg,122.147,47.151
mp-aaacdvqv,KTbO3,54.299,2.471
mp-aaacdvrs,Zn3C,99.982,-18.479
mp-aaacdvsv,V2ReRu,268.222,126.088
mp-aaacdvsw,Zn3N,101.6,-192.067
mp-aaacdvsx,SrTlO3,98.451,43.398
mp-aaacdvsy,Zn2PdPt,153.945,-60.02
mp-aaacdvtf,HfMg3,55.161,32.213
mp-aaacdvtg,ScSnO3,112.688,44.097
mp-aaacdvti,Sr3Yb,12.899000000000001,6.768
mp-aaacdvtj,Zn3CdS4,65.214,27.769
mp-aaacdvtn,ScSn3,57.057,1.311
mp-aaacdvto,ScOs3,258.846,85.493
mp-aaacdvtp,Sc3P,67.696,45.595
mp-aaacdvtq,ScH4Pd3,141.571,20.16
mp-aaacdvtu,HgBi3,49.206,1.476
mp-aaacdvtv,Hg3Ir,103.752,7.568
mp-aaacdvtx,Lu2HgAu,82.566,32.929
mp-aaacdvub,YbPrMg2,30.717,18.446
mp-aaacdvwk,YbTa,73.373,28.309
mp-aaacdvze,YbPrPd2,64.73,12.754
mp-aaacdvzn,Hf2IrPd,-18135679527.509,16889380351.058
mp-aaacdvzv,PrH3,83.047,42.938
mp-aaacdvzw,YErTl2,53.212,14.644
mp-aaacdvzy,RbTmO3,74.212,8.738
mp-aaacdwhn,Sm5Mg,35.158,17.254
mp-aaacdwhp,TcAg3,104.348,34.212
mp-aaacdwor,NaPd2Pb,72.915,14.516
mp-aaacdwot,Li5Mg,17.319,8.46
mp-aaacdwrk,SmInPd,83.172,30.051
mp-aaacdwro,Hg3F,41.464,-7.591
mp-aaacdwrp,Pr2CdSn,54.037,19.655
mp-aaacdwrq,Pr2CdAg,50.574,17.421
mp-aaacdwrv,LaDyMg2,38.201,22.827
mp-aaacdwrx,PrYTl2,51.765,17.376
mp-aaacdwsu,KBiO3,86.685,65.445
mp-aaacdwtc,Ge2O3,178.568,103.527
mp-aaacdwty,VIr,270.236,116.36
mp-aaacdwyt,KNd3,22.351,7.949
mp-aaacdxar,PbAuO3,132.88,48.968
mp-aaacdxas,PbAu3,84.473,-9.012
mp-aaacdxbh,PbSe2,44.759,18.15
mp-aaacdxfm,Na,7.773,3.678
mp-aaacdxfx,NaCu3,67.875,23.089
mp-aaacdxgb,Np3S5,72.842,44.698
mp-aaacdxgd,Pm2ZnHg,56.196,20.8
mp-aaacdxge,HoTmMg2,42.853,20.63
mp-aaacdxgj,Pm2ZnAg,56.992,21.588
mp-aaacdxkx,HoGa2Pd,97.878,48.755
mp-aaacdxmr,HoGa3,69.96,41.108
mp-aaacdxms,HoGeO3,142.29,64.149
mp-aaacdxod,Na3Re,18.675,3.286
mp-aaacdxoe,TbSc,45.098,28.229
mp-aaacdxov,Pm2InHg,55.365,19.899
mp-aaacdxpt,Na3Mg,11.333,4.612
mp-aaacdxqu,K3In,6.456,3.082
mp-aaacdxqv,K3In,6.339,3.261
mp-aaacdxqw,LiAl2Tc,115.85,61.853
mp-aaacdxqx,LiAl2Os,136.0,67.515
mp-aaacdxtc,HoTmTl2,53.76,14.109
mp-aaacdxtd,Nb2RuW,237.553,106.444
mp-aaacdxtm,WN2,265.886,131.508
mp-aaacdxtr,TmHfCo2,111.695,58.693
mp-aaacdxuy,Pm2PtAu,87.278,24.629
mp-aaacdxuz,Na3Tl,11.861,4.995
mp-aaacdxvf,NbTe,118.463,64.213
mp-aaacdxvg,K3Cd,5.074,2.625
mp-aaacdxyr,PmYAl2,60.622,35.164
mp-aaacdxys,HfAlIr2,214.618,81.996
mp-aaacdxyv,Na3Tl,11.581,3.209
mp-aaacdxzh,KCaO3,40.526,3.548
mp-aaacdycs,LiBeAu2,105.456,34.74
mp-aaacdyct,LiBeO3,112.446,16.251
mp-aaacdycz,Na3Rh,20.449,9.445
mp-aaacdygd,PmSmHg2,58.175,17.81
mp-aaacdyil,HfMgAu2,121.119,33.178
mp-aaacdyio,HoTmZn2,63.012,32.116
mp-aaacdyjo,Li3Re,-18.964,-74.316
mp-aaacdyjq,Pm2ZnPt,75.923,25.95
mp-aaacdymn,Pm2ZnRh,74.896,24.411
mp-aaacdymo,Ga3B,65.049,27.884
mp-aaacdymu,Pm2ZnOs,87.655,28.611
mp-aaacdymv,Ga3Bi,43.085,3.493999999999999
mp-aaacdyrm,HfAlFe2,172.287,92.953
mp-aaacdyrn,GaSi3,80.144,-60.945
mp-aaacdysq,K3Hg,4.365,0.904
mp-aaacdyto,Ga3Au,62.408,-19.55
mp-aaacdyub,Li2PmGe,50.35,26.433
mp-aaacdyud,PmDyHg2,60.869,17.988
mp-aaacdyue,PmDyIn2,55.936,21.872
mp-aaacdyug,HfZnPt2,175.442,6.555
mp-aaacdyvj,HfZr,101.368,45.497
mp-aaacdywv,Pa3Zn,93.69,38.201
mp-aaacdyxh,Na3Cd,11.971,6.122
mp-aaacdyyl,BeAu3,140.648,30.875
mp-aaacdyzb,Er2PdAu,94.432,33.306
mp-aaacdyzc,Er2MgTl,51.119,19.866
mp-aaacdyzk,EuAsO3,164.961,78.314
mp-aaacdyzl,CuBSe2,86.186,49.34
mp-aaacdyzm,Ca2AgGe,43.252,8.029
mp-aaacdyzn,CaAc3,22.937,13.541
mp-aaacdzad,Er2ZnCu,68.856,33.579
mp-aaacdzae,Al3Tl,49.964,10.322
mp-aaacdzaf,Al3Zn,78.655,33.527
mp-aaacdzag,Ac2SiHg,49.655,16.682
mp-aaacdzah,Ac2NiGe,54.432,13.482
mp-aaacdzak,Be3Fe,151.52,99.945
mp-aaacdzao,Al3Ga,61.751,6.133
mp-aaacdzaw,CdAg2Au,91.245,-20.126
mp-aaacdzax,ErZnAsO,75.818,34.846
mp-aaacdzay,Er3As,56.983,18.755
mp-aaacdzbb,V3Cd,119.789,37.671
mp-aaacdzmq,Er2ZnAu,77.836,35.198
mp-aaacdzsc,BiH3,73.332,26.673000000000002
mp-aaacdzsd,CsGeO3,96.084,-7.617
mp-aaacdzue,Dy2IrAu,108.554,34.691
mp-aaacdzzk,CsCaO3,40.397,10.838
mp-aaaceadr,CuAg3,96.627,20.565
mp-aaaceads,Al2CoOs,203.003,111.008
mp-aaaceadx,CsKO3,38.067,33.016
mp-aaaceady,Au3O,111.209,-0.8150000000000001
mp-aaaceakh,CsCa3,9.811,4.65
mp-aaacealc,Dy2ZnIr,95.673,36.14
mp-aaacealj,AcTlHg2,44.138,7.739
mp-aaaceall,BOsO3,286.217,59.98
mp-aaacealm,BPbO3,205.691,44.295
mp-aaaceaoh,Dy2ZnHg,63.653,27.597
mp-aaaceaoi,CaBO3,195.881,59.159
mp-aaacearb,BaSr3,10.675,5.229
mp-aaaceare,CeDyZn2,51.683,30.59
mp-aaacearh,ErRu3,181.137,33.566
mp-aaacearn,Cr3Cu,220.871,72.044
mp-aaacearo,Cr3Se,-243.236,124.341
mp-aaacearq,AgAsS,46.738,14.032
mp-aaacearu,BAs,132.161,126.051
mp-aaacearv,BeAg3,103.296,38.839
mp-aaacearx,BeGaCo2,189.356,99.193
mp-aaaceary,BeGaO3,168.059,-6.455
mp-aaacease,BC,274.047,92.848
mp-aaaceasf,BaSr3O4,79.071,49.114
mp-aaaceasu,Ca3Tl,23.597,8.383
mp-aaaceate,PmHo3,40.295,24.832
mp-aaaceatp,Ba3Te,15.492,-3.088
mp-aaaceatr,DyHoIn2,57.572,21.948
mp-aaaceatw,Ce3Zn,34.023,19.568
mp-aaaceauj,AcMg3,34.101,17.525
mp-aaaceaup,CaTmCd2,45.017,24.297
mp-aaaceauu,BaTh3,37.503,24.562
mp-aaaceaxt,Al3Fe,119.201,55.328
mp-aaaceaxw,Ba2Pd2O5,103.917,37.382
mp-aaacebex,AcLa3,25.05,12.805
mp-aaacebni,AcF3,114.006,34.219
mp-aaacebnk,Co3Bi,147.231,46.944
mp-aaacebnl,CsIr,44.499,15.369
mp-aaacebnm,Ag3Ge,83.095,17.741
mp-aaacebnn,Ag3Ge,82.772,10.842
mp-aaacebnp,CoHg3,63.448,11.284
mp-aaacebnr,AgAu3,121.49,15.796
mp-aaacebnz,Ag3P,90.676,80.813
mp-aaaceboa,Ag3Pd,105.215,33.362
mp-aaacebod,Ag3N,102.239,14.492
mp-aaaceboe,AcEr3,37.45,20.758
mp-aaacebog,Ac3Pr,25.621,14.427
mp-aaaceboh,Ac3Th,32.211,18.276
mp-aaacebtm,Ce2CdHg,77.089,16.069
mp-aaacebtn,BaPAu,57.169,33.396
mp-aaacebto,CrGa3P4,-3016498.924,-832058.201
mp-aaacebtr,Ag3Hg,79.37,22.963
mp-aaacebty,CaAcIn2,37.832,17.546
mp-aaacebxv,CeY3,31.059,20.343
mp-aaacebxy,Ac3Nd,26.403,14.982
mp-aaacebyw,AlFe,90.176,5.364
mp-aaacebyx,AlFe2,147.957,50.081
mp-aaacebzb,Li3PS4,22.427,11.673
mp-aaacebzc,Na3PS4,22.647,6.232
mp-aaacebzd,Li3ClO,51.628,38.236
mp-aaacebze,Na3BrO,31.663,21.887
mp-aaacebzg,FeCl,41.143,98.169
mp-aaacebzj,Li6PS5Br,27.629,-11.852
mp-aaacebzk,Li6PS5Cl,27.54,-20.486
mp-aaacecgs,H2C,17.783,-0.758
mp-aaacechp,AlAg2,94.159,33.298
mp-aaacechq,Al2Cu,96.231,59.777
mp-aaacecij,Al3Cu,64.012,67.864
mp-aaacecim,AgBiS2,67.157,19.836
mp-aaacecin,HfS2,14.334,12.581
mp-aaacecip,HfSe2,16.811,12.019
mp-aaacedqq,Sr3N2,50.639,22.587
mp-aaacegyd,AlAs,59.005,20.016
mp-aaacehhw,SnClF,39.388,18.433
mp-aaacehhx,SnBrF,18.583,18.536
mp-aaacehpk,Rb2SCl6F,18.336,15.863
mp-aaacehpv,Ca6Al2NF,42.035,17.548000000000002
mp-aaacehpy,Sr6In2NF,31.841,11.569
mp-aaacehqa,Ca6In2NF,40.468,13.77
mp-aaacehqb,Cs2LiInBr6,16.592,8.914
mp-aaacehtw,Na2LiNF6,59.139,30.306
mp-aaacehue,LiTl2InCl6,22.841,10.42
mp-aaacehuf,SrWN3,99.971,46.355
mp-aaacehug,Cs2NaSbCl6,17.435,9.454
mp-aaacehui,Cs2ICl6F,14.69,4.966
mp-aaacehuk,Rb2SBrCl6,17.996,-2.248
mp-aaacehun,Cs2SCl6F,13.044,10.592
mp-aaacehup,Rb2NaAsF6,36.315,19.293
mp-aaacehuq,LaWN3,167.515,55.095
mp-aaacehut,Cs2NaNF6,35.858,18.173
mp-aaacehuu,Rb2AlInH6,23.765,14.191
mp-aaacehuv,KRb2InCl6,16.539,-18.145
mp-aaacehuw,SrTcN3,100.89,42.097
mp-aaacehuy,Rb2TlInF6,32.656,-7.138
mp-aaacehuz,NaTl2InF6,39.944,17.814
mp-aaacehvb,Cs2AlInH6,23.35,15.191
mp-aaacehvc,Cs2LiNF6,38.096,-12.71
mp-aaacehvd,Cs2TlInF6,31.424,11.015
mp-aaacehve,Cs2InBiF6,27.515,10.349
mp-aaacehvf,Rb2AlTlH6,23.369,14.582
mp-aaacehvg,Sr6Sn2NO,43.347,28.342
mp-aaacehvh,Rb2NaSbF6,33.711,17.354
mp-aaacehvi,Ba6Tl2NCl,22.374,11.356
mp-aaacehvk,Cs2SeClF6,11.517,0.447
mp-aaacehvl,Rb2NaSbCl6,18.041,9.127
mp-aaacehvo,Rb2NaTlF6,34.898,17.791
mp-aaacehvq,Rb2TlInCl6,17.779,229.284
mp-aaacehvr,LiTl2InF6,41.494,13.628
mp-aaacehvt,Cs2TlGaH6,22.583,15.57
mp-aaacehvu,LaMnN3,135.546,49.111
mp-aaacehvv,Tl2InGaF6,37.626,-2.132
mp-aaacehwa,Cs2TlSiH6,16.605,10.145
mp-aaacehwb,NaTl2GaF6,42.375,18.37
mp-aaacehwc,Cs2LiTlF6,33.191,8.613
mp-aaacehwd,Rb2NaTlCl6,17.958,8.845
mp-aaacehwe,LaOsN3,243.043,92.446
mp-aaacehwg,Rb2InGaF6,37.52,10.4
mp-aaacehwi,Cs2NaMgF6,31.063,12.854
mp-aaacehwk,Cs2CaSnCl6,23.328,11.223
mp-aaacehwn,Rb2BrCl6F,18.72,8.094
mp-aaacehwp,Cs2AlTlH6,23.081,15.28
mp-aaacehwq,YWN3,163.844,35.462
mp-aaacehws,Rb2NaInF6,38.727,20.572
mp-aaacehwt,Rb2LiTlCl6,19.666,10.376
mp-aaacehwu,Cs2KNF6,34.612,17.281
mp-aaacehwx,Rb2LiInCl6,20.952,10.025
mp-aaacehwz,Cs2KPbF6,26.386,13.579
mp-aaacehxa,SrTcN3,85.068,22.858
mp-aaacehxb,K2SBrCl6,17.784,-4.917
mp-aaacehxe,Ca6Sn2NF,45.559,37.923
mp-aaacehxg,Sr6Sn2NF,37.078,29.733
mp-aaacehxt,Cs2RbInF6,28.556,9.87
mp-aaacehxw,Cs2NaAsCl6,18.551,10.352
mp-aaacehxx,YWN3,144.802,69.624
mp-aaacehyb,TiPN3,178.71,62.581
mp-aaacehyx,CaMoN3,106.478,46.526
mp-aaacehze,Cs2NaAlH6,23.548000000000002,15.331
mp-aaacehzg,Cs2NaCaCl6,16.182,4.943
mp-aaacehzn,HfTeSe4,12.699,8.671
mp-aaaceibf,Cu,132.163,65.761
mp-aaaceipw,P2O5,246.057,160.992
mp-aaaceiqe,Na2Cl,13.51,6.628
mp-aaacejdm,SrTa2H2O7,75.39,44.35
mp-aaacejdw,Na2ZrO3,80.895,50.952
mp-aaacekzk,NbCu3Te4,30.476,19.727
mp-aaaceqby,NbS2,11.912,13.306
mp-aaaceqcx,PbBrCl,33.6,0.906
mp-aaaceqef,SnGe,4.869,2.614
mp-aaaceqeu,CO3,148.104,-25.276
mp-aaaceqev,HC,12.473,2.536
mp-aaacerpx,Nb3AlC2,200.473,134.763
mp-aaacerpy,Nb2AlC,169.752,112.681
mp-aaacestw,TiReN3,269.191,103.364
mp-aaacestx,Cs2RbInBr6,12.617,-0.23
mp-aaacesua,Cs2TlInBr6,14.846,4.623
mp-aaacesuk,CuPtO2,172.104,33.467
mp-aaacesuq,AgNO2,19.738,8.52
mp-aaacesur,LiAuO2,56.84,17.227
mp-aaacesuu,CdAgO2,111.634,32.744
mp-aaacesuv,AgBiO2,88.77,19.323
mp-aaacesvb,CuPdO2,155.3,28.501
mp-aaacesvd,CuHgO2,46.181,14.739
mp-aaacesvf,CuAgO2,111.192,14.729
mp-aaacesvj,BaAgO2,67.271,27.745
mp-aaacesvk,AgAuO2,91.988,45.731
mp-aaacesvl,TlAuO2,88.891,18.483
mp-aaacesvn,AgAuO2,63.604,17.878
mp-aaacesvr,LiCuO2,78.449,43.139
mp-aaacesvs,LiAgO2,75.626,6.182
mp-aaacesvu,BaAgO2,82.961,44.442
mp-aaacesvw,LiAgO2,70.805,27.457
mp-aaaceswi,CaAgO2,97.491,51.187
mp-aaaceswj,CaAgO2,97.227,39.248
mp-aaaceswk,AgPtO2,123.077,34.632
mp-aaaceswn,BaAuO2,71.713,25.176
mp-aaaceswo,TlAgO2,87.57,19.118
mp-aaaceswq,CuPdO2,136.396,35.461
mp-aaacesxc,CsAuO2,25.856,10.8
mp-aaacesxd,PbAuO2,68.491,17.253
mp-aaacesxf,AuO2F,17.499,7.771
mp-aaacesxi,CaAgO2,112.571,49.532
mp-aaacesxj,MgCuO2,136.108,63.634
mp-aaacesxm,BaCuO2,76.627,34.529
mp-aaacesxp,CdAuO2,113.831,28.905
mp-aaacesxt,NaCuO2,48.702,22.051
mp-aaacesxu,TlCuO2,21.672,9.227
mp-aaacesyd,PdAuO2,133.776,-44.775
mp-aaacesyg,CuBiO2,45.335,19.29
mp-aaacesyh,CuBiO2,73.064,21.79
mp-aaaceszi,BiAuO2,59.145,20.275
mp-aaaceszk,RbAgO2,40.617,18.339
mp-aaaceszl,SrAgO2,80.968,31.012
mp-aaaceszm,SrAgO2,79.857,33.996
mp-aaaceszu,SrAuO2,80.847,32.871
mp-aaaceszy,CuPtO2,78.908,21.439
mp-aaacetaa,SrAgO2,77.721,41.425
mp-aaacetai,RbAgO2,23.26,10.684
mp-aaacetsb,AlP,8.551,3.592
mp-aaacetsw,La8MgAl7O24,183.604,99.276
mp-aaacettw,BaC,37.274,2.787
mp-aaacettx,BOs,354.637,212.354
mp-aaacetty,BSb,98.422,83.541
mp-aaacetuk,ZnO,165.478,44.222
mp-aaaceuoh,TlCuCl3,39.029,17.428
mp-aaaceuqe,RbCuBr3,30.662,13.156
mp-aaaceuul,CsPdBr3,33.583,17.108
mp-aaaceuyo,CuAgF3,86.522,21.339
mp-aaaceuys,MgAgF3,80.974,60.572
mp-aaacevdw,BaHfO3,159.196,102.329
mp-aaacevps,Al,70.361,48.263
mp-aaacevpt,Br,28.537,-20.315
mp-aaacevpy,C,355.313,470.461
mp-aaacevqp,Ge,61.324,19.966
mp-aaacevqw,Cu,139.175,19.372
mp-aaacevqz,YC,124.296,64.499
mp-aaacevra,YC,82.805,15.041
mp-aaacevrc,YC,119.989,-37.686
mp-aaacevrd,YSb,62.392,-17.473
mp-aaacevrf,YN,141.484,-18.825
mp-aaacevrg,TcN,336.076,34.576
mp-aaacevrh,ThC,134.244,-222.387
mp-aaacevrj,TiN,258.929,68.67
mp-aaacevro,TiN,201.627,80.583
mp-aaacevrt,KO3,14.064,5.756
mp-aaacevtb,TiRu3,247.859,100.073
mp-aaacevtd,TiPt,190.385,105.968
mp-aaacevts,TiGaFeCo,192.595,113.059
mp-aaacevtt,TiInFe2,246.765,130.828
mp-aaacevtw,TiMo,139.085,-85.271
mp-aaacevtx,TiH,121.858,-196.311
mp-aaacevty,TiFe2Sb,187.429,27.731
mp-aaacevtz,TiFeCoSi,215.232,90.291
mp-aaacevub,TiFeCoSb,170.979,68.732
mp-aaacevuc,TiFeCoAs,187.342,52.824
mp-aaacevui,TiAlFeCo,189.547,126.046
mp-aaacevuj,TiAl3,102.749,65.989
mp-aaacevuk,Ti3Sn,113.274,37.386
mp-aaacevuo,Ti3Si,131.4,42.805
mp-aaacevup,Ti3Ge,123.634,38.711
mp-aaacevuq,Ti3Ga,109.768,29.881
mp-aaacevve,TiFe2As,207.251,178.915
mp-aaacevwd,Ti3Al,107.662,33.17
mp-aaacevwx,Ti2MnSi,153.082,43.594
mp-aaacevxc,Ti2MnAl,108.188,56.463
mp-aaacevxd,Ti2GaNi,121.628,45.216
mp-aaacevxe,Ti2GaCo,138.266,52.933
mp-aaacevxk,Ti2CoSi,154.865,54.714
mp-aaacevxr,Ti2CoGe,145.264,49.069
mp-aaacevxs,Ti2AlV,117.59,34.101
mp-aaacevxt,Ti2AlFe,412.064,12.007
mp-aaacevxw,Ti2AlZn,96.88,14.141
mp-aaacevya,Ti2InNi,35.899,43.517
mp-aaacevyd,Ti2AlCu,105.546,42.04
mp-aaacevyh,Ti2MnSn,53.25,-234.481
mp-aaacevyk,TcN,278.811,108.369
mp-aaacevym,ThCoC2,180.213,93.646
mp-aaacevyu,Ti2AlCr,104.525,49.611
mp-aaacevzp,TcN,343.828,144.403
mp-aaacevzq,TcB,288.337,42.622
mp-aaacevzs,TcB,301.077,189.179
mp-aaacevzt,TbTlTe2,29.494,17.502
mp-aaacevzv,TbH3,97.788,18.099
mp-aaacevzw,TbPd,81.785,28.181
mp-aaacevzy,NaTbS2,44.885,27.446
mp-aaacevzz,NaTbSe2,37.348,23.515
mp-aaacewac,TbNi,76.757,27.534
mp-aaacewae,SmTlTe2,28.406,16.803
mp-aaacewaf,TaPd,201.83,71.407
mp-aaacewah,TaCuN2,196.106,706.409
mp-aaacewal,TaHgS2,18.901,12.666
mp-aaacewar,SmNi,70.621,23.373
mp-aaacewch,SiHgP2,74.802,-10.015
mp-aaacewci,NbNi3,198.862,31.581
mp-aaacewcj,Fe3Ni,152.94,0.719
mp-aaacewck,SmCoC2,151.847,90.299
mp-aaacewcm,SiNi,173.822,85.469
mp-aaacewcr,AgN,146.384,2.583
mp-aaacewcs,BMo,308.669,192.421
mp-aaacewcu,Si,81.337,46.823
mp-aaacewcv,Sc2MnSi,93.51,13.769
mp-aaacewcy,ScAl3,82.594,67.287
mp-aaacewdb,Sc2MnSn,72.919,23.849
mp-aaacewer,Sc2MnGe,80.831,13.991
mp-aaacewez,Sc2MnC,113.031,46.178
mp-aaacewfa,Sc2MnGe,81.341,32.765
mp-aaacewfb,RuC,284.565,160.065
mp-aaacewff,RhN,273.586,88.779
mp-aaacewfg,ReN,323.875,153.168
mp-aaacewfi,ReN,392.349,212.91
mp-aaacewfl,RbSmTe2,24.988,14.469
mp-aaacewfq,RbNaH2,14.995,10.939
mp-aaacewgd,PrRhC2,143.047,68.759
mp-aaacewgk,Pd3N,133.636,38.555
mp-aaacewgl,PrN,53.402,19.436
mp-aaacewgm,Pd3N,167.551,50.419
mp-aaacewgo,Pd3Au,159.176,46.576
mp-aaacewgt,PdN,212.496,-14.759
mp-aaacewgx,OsN,329.587,170.722
mp-aaacewgy,OsC,374.861,95.289
mp-aaacewhh,OsN,319.999,197.237
mp-aaacewhi,NiBi,88.03,36.741
mp-aaacewia,NdPd,73.81,25.201
mp-aaacewit,NbN,224.464,53.216
mp-aaacewiv,NbN,304.91,165.167
mp-aaacewjo,NbPt,229.595,109.899
mp-aaacewjp,NbC,273.377,151.933
mp-aaacewjq,NbNi3,200.065,-347.196
mp-aaacewka,NbC,236.476,97.351
mp-aaacewkb,NbFe3,198.022,78.6
mp-aaacewkc,NbCr3,226.813,84.137
mp-aaacewkh,Nb3Fe,187.538,75.731
mp-aaacewki,Nb3Ni,174.363,66.041
mp-aaacewlx,Nb3Ni,187.032,31.409
mp-aaacewlz,Nb3Cr,183.542,23.16
mp-aaacewmb,Nb3Cr,181.79,54.324
mp-aaacewmk,NaSmSe2,35.686,21.517
mp-aaacewmp,NaSmS2,43.099,25.836
mp-aaacewmu,NaScS2,51.116,31.329
mp-aaacewnd,ZnN,157.703,-83.941
mp-aaacewne,NaNdS2,41.505,24.811
mp-aaacewnh,ZnN,169.406,53.439
mp-aaacewni,NaHoSe2,37.932,24.123
mp-aaacewns,YTi,48.406,17.122
mp-aaacewnt,ZnN,135.277,21.899
mp-aaacewny,NaDyS2,45.768,27.774
mp-aaacewod,Na3N,29.531,6.252
mp-aaacewoe,Na3N,27.127,13.547
mp-aaacewog,N2,273.401,243.147
mp-aaacewok,MoPt,275.137,137.971
mp-aaacewol,MoN,258.81,59.475
mp-aaacewoq,MnSiNi2,170.737,22.904
mp-aaacewoy,MnP,105.134,80.838
mp-aaacewpw,MnSe,51.3,13.695
mp-aaacewpy,MnFe3,195.98,93.423
mp-aaacewqb,Mn3Fe,125.464,115.101
mp-aaacewqf,WN2,352.115,226.611
mp-aaacewqg,Mn3Ga,184.623,54.829
mp-aaacewqo,Mn2SiNi,198.379,89.79
mp-aaacewrg,Mn2SiRu,218.838,121.126
mp-aaaceyum,Sc2ZnS4,73.999,32.261
mp-aaaceyut,Mg(ScSe2)2,57.484,20.211
mp-aaaceyux,BeC2,81.201,44.943
mp-aaacezqj,LiC6,150.185,115.671
mp-aaacezre,B12W,238.944,123.5
mp-aaacezro,LuSi,97.309,67.15
mp-aaacezyd,LiSnS2,47.326,26.474
mp-aaacezye,LiTiS2,60.842,39.777
mp-aaacezyf,MoP,188.798,-4.917
mp-aaacezyg,LiScS2,55.65,32.783
mp-aaacezyi,ZrB6,178.43,52.095
mp-aaacezyj,IrC,274.838,72.735
mp-aaacezyk,LiO3,36.573,18.166
mp-aaacezzs,IrC,313.324,-669.869
mp-aaacezzu,VN,218.203,35.297
mp-aaacezzv,IrC,323.532,82.577
mp-aaacezzw,WN,277.814,-237.613
mp-aaacezzz,LiB,125.064,22.505
mp-aaacfaab,InBi,35.088,14.188
mp-aaacfaac,HfN,238.794,72.753
mp-aaacfaad,LiB,70.778,45.849
mp-aaacfaaf,MoP,124.657,1.8639999999999999
mp-aaacfaal,HoP,89.494,-100.125
mp-aaacfadd,HoBi,56.537,-22.097
mp-aaacfade,Li2SnIr,85.092,24.121
mp-aaacfadg,HfN,196.209,85.489
mp-aaacfadi,HfC,205.719,-122.043
mp-aaacfajd,NaLiICl,20.106,11.883
mp-aaacfajp,KNaICl,14.528,8.011
mp-aaacfajr,CsKICl,10.751,5.533
mp-aaacfakn,VN,318.361,228.608
mp-aaacfakr,VCo,158.978,-11.6
mp-aaacfakw,VH,198.204,-40.376
mp-aaacfakz,TcN,335.61,116.329
mp-aaacfale,HfIr,207.546,56.564
mp-aaacfalg,HfC,158.82,30.036
mp-aaacfals,LaAu,64.033,14.169
mp-aaacfamv,GeC,160.406,96.772
mp-aaacfanl,TcN,266.248,-45.552
mp-aaacfanm,TcN,322.051,-8631.367
mp-aaacfann,TcB,311.631,131.046
mp-aaacfano,TcB,183.442,-11.97
mp-aaacfanr,TcB,282.66,38.743
mp-aaacfans,TcB,302.964,177.149
mp-aaacfaok,SiC,252.718,221.298
mp-aaacfaol,ReN,361.49,59.704
mp-aaacfaon,ReN,293.322,-301.974
mp-aaacfaoo,EuS,79.757,18.648
mp-aaacfaoz,ErH,70.446,43.134
mp-aaacfapa,TlN,107.027,48.73
mp-aaacfapb,DyP,89.871,-97.758
mp-aaacfapf,RbSb,8.399000000000001,2.582
mp-aaacfapg,PtC,225.203,-10.477
mp-aaacfaph,ErN,159.266,-67.592
mp-aaacfapi,PuBi,33.229,0.486
mp-aaacfdtx,HfB6,181.947,16.36
mp-aaacfdzq,WS,176.693,76.921
mp-aaacffsn,Sm2InHg,56.894,20.934
mp-aaacfggn,LaPrIn2,51.388,22.228
mp-aaacfgiq,Na3Co,16.754,4.933
mp-aaacfgjy,Eu(MgBi)2,32.63,22.291
mp-aaacfgna,ZnBi,38.35,17.17
mp-aaacfhmc,BaO2,33.298,29.993
mp-aaacfhme,BiB,73.075,59.35
mp-aaacfhmg,CdC,76.042,0.74
mp-aaacfhmh,CoNi,183.268,-193.745
mp-aaacfhmi,CoMo,227.71,-24.615
mp-aaacfhmk,CeS,119.446,40.563
mp-aaacfhml,CdC,102.325,29.038
mp-aaacfiph,KNaH2,17.067,13.115
mp-aaacfiqa,HfPd3,179.875,81.621
mp-aaacfiqb,HfRu3,232.863,85.143
mp-aaacfiqe,IrN,301.33,153.835
mp-aaacfiqh,HoTlTe2,29.727,17.83
mp-aaacfiqi,InPd3,143.481,47.548
mp-aaacfiqk,HoAu,83.589,17.384
mp-aaacfiri,HgPt3,192.168,33.801
mp-aaacfirj,HfPt,176.476,55.584
mp-aaacfirl,HfOs3,288.028,105.077
mp-aaacfisw,HfAl3,103.976,57.804
mp-aaacfiua,Ge,59.529,45.231
mp-aaacfiub,HW,295.549,163.378
mp-aaacfiuk,TlAs,36.447,17.574
mp-aaacfiuq,TlP,45.906,24.306
mp-aaacfius,TlN,89.83,34.723
mp-aaacfiwh,CoW,246.534,308.988
mp-aaacfiwj,GaCo2Ni,198.722,53.674
mp-aaacfiwl,GaBN2,247.284,173.186
mp-aaacfiwm,GaN,50.017,22.424
mp-aaacfixo,FeCo3,191.847,114.871
mp-aaacfixp,Fe3Ni,179.994,72.293
mp-aaacfixq,FeNi3,189.838,-10.600999999999999
mp-aaacfixr,FeNi3,193.048,95.457
mp-aaacfiyr,FeB,251.424,159.067
mp-aaacfizq,ErH,67.398,47.034
mp-aaacfizr,ErTlTe2,29.857,17.841
mp-aaacfizs,DyTlTe2,29.759,17.633
mp-aaacfjac,DyAu,82.469,17.544
mp-aaacfjah,CrNi3,196.281,105.884
mp-aaacfjai,CrCu2Si,130.299,7.905
mp-aaacfjbt,CrInCu2,93.374,29.914
mp-aaacfjcg,CrNi3,205.939,102.844
mp-aaacfjch,CrNi3,176.094,-28.368
mp-aaacfjcy,CrH,201.908,473.571
mp-aaacfjlv,CaSe,32.551,6.014
mp-aaacfjlw,CrCo2Si,222.218,94.391
mp-aaacfjlx,CrFe2Sb,187.126,-394.736
mp-aaacfjly,CrFe2Sn,143.331,22.082
mp-aaacfjnu,Co3W,274.04,146.065
mp-aaacfjnv,Cr3Ni,155.147,100.224
mp-aaacfjnx,CrCo2As,187.113,76.573
mp-aaacfjny,Cr3Ni,240.418,82.757
mp-aaacfjnz,Co3Mo,255.044,140.331
mp-aaacfjoa,CrCo3,380.486,149.373
mp-aaacfjoc,Cr3Fe,227.443,93.238
mp-aaacfjoe,Cr3Ni,-10912814.409,1184416.805
mp-aaacfjof,Cr3Fe,239.14,60.631
mp-aaacfjqr,Co3Ni,258.138,102.21
mp-aaacfjrq,C,311.565,215.557
mp-aaacfjrs,CeH3,41.701,62.301
mp-aaacfjsk,Cl2,2.156,1.254
mp-aaacfjsl,C,401.484,421.283
mp-aaacfjvk,CdSiP2,72.574,-8.822
mp-aaacfjvv,CdN,101.532,19.068
mp-aaacfjvz,BW,339.625,188.232
mp-aaacfjwa,BiPd,89.644,25.074
mp-aaacfjwb,CdN,112.987,-18.177
mp-aaacfjwc,BiI3,34.173,1.423
mp-aaacfjwd,BeSiP2,92.997,-108.517
mp-aaacfjwk,Ca,12.196,-64.248
mp-aaacfjwm,BaO,67.199,28.172
mp-aaacfjws,BaGaSiH,48.357,37.37
mp-aaacfjxj,BC2N,342.032,393.147
mp-aaacfjxk,BeSe,88.735,23.739
mp-aaacfjxl,B2CN,321.128,208.41
mp-aaacfjxm,B2CN,322.966,226.252
mp-aaacfjxn,B2CN,326.549,315.747
mp-aaacfjxo,B2AsP,146.701,141.361
mp-aaacfjxq,AlVFeCo,204.053,82.704
mp-aaacfjyo,Al3V,99.015,67.277
mp-aaacfjyp,AlCu3,138.447,41.554
mp-aaacfjyq,AlGaN2,183.528,110.883
mp-aaacfjyr,AlBN2,257.912,177.148
mp-aaacfjys,AuN,127.626,27.863
mp-aaacfjyt,BP,162.161,162.369
mp-aaacfjyv,TmTlTe2,30.528,18.038
mp-aaacfjzc,ZrTi2,106.1,49.525
mp-aaacfkaj,ZrAg2,108.35,-15.414
mp-aaacfkas,AuN,172.053,29.649
mp-aaacfkaz,YbAg2,51.549,17.035
mp-aaacfkbh,W2C,315.374,155.666
mp-aaacfkbm,WC,366.4,233.691
mp-aaacfkbn,VCoTe,143.581,40.65
mp-aaacfkbo,V2C,218.716,99.627
mp-aaacfkbq,Au,120.075,12.694
mp-aaacfkbr,WC,262.759,21.556
mp-aaacfkby,UC2,197.231,100.403
mp-aaacfkcj,AgC,133.032,18.99
mp-aaacfkcz,U,110.797,58.014
mp-aaacfkdh,TiO2,246.526,83.386
mp-aaacfkdk,TiGePt,151.635,59.294
mp-aaacfkdl,Sc,36.883,-43.139
mp-aaacfkdm,TiS2,60.041,32.196
mp-aaacfkds,Ti2Sn,73.05,17.188
mp-aaacfkdt,Ti2Si,85.712,0.279
mp-aaacfkeg,Ti2In,67.275,0.8130000000000001
mp-aaacfkfe,Ti2Ga,67.202,-6.671
mp-aaacfkff,Ti2Ge,81.245,3.268
mp-aaacfkfg,Ni,192.55,-48.912
mp-aaacfkfl,Ge,62.978,-3.418
mp-aaacfkfm,ThH2,93.607,-41.27
mp-aaacfkgf,Ti2Al,65.503,-7.8469999999999995
mp-aaacfkhc,SrC2,53.228,19.779
mp-aaacfkhl,RuO2,284.209,186.658
mp-aaacfkhm,MgTe,46.024,30.655
mp-aaacfkhy,ReN2,332.601,140.635
mp-aaacfkif,ReC2,348.477,205.664
mp-aaacfkig,ReC2,356.799,90.421
mp-aaacfkih,RbCuO,48.442,-425.525
mp-aaacfkij,PtN2,89.688,-52.306
mp-aaacfkin,RbAgO,34.666,-39.964
mp-aaacfkiu,PdN2,222.571,1.409
mp-aaacfkja,OsN2,334.82,68.185
mp-aaacfkjj,OsC2,357.547,194.292
mp-aaacfkki,NbS2,32.808,25.033
mp-aaacfkko,NaAgO,59.264,20.866
mp-aaacfkku,MnFeTe,111.271,57.648
mp-aaacfkkv,MnCoSe,118.385,29.978
mp-aaacfkkw,MnCoTe,116.02,49.122
mp-aaacfkky,MnCoS,133.924,13.263
mp-aaacfkld,MgNiH,94.365,50.585
mp-aaacfklx,MgH2,95.805,-227745468488.47
mp-aaacfklz,MgAgSb,58.085,16.306
mp-aaacfkmh,LiMnAs,43.203,33.252
mp-aaacfkmi,AgC,108.357,-7.308
mp-aaacfkmo,CdN,119.78,45.938
mp-aaacfkmq,Mn2Ge,174.991,10.534
mp-aaacfkms,CuN,203.809,67.018
mp-aaacfkmu,DySb,63.091,-23.203
mp-aaacfkmv,LiFeP,63.254,71.498
mp-aaacfkmw,CrTe,44.382,5.567
mp-aaacfkmy,EuSe,38.732,15.025
mp-aaacfkmz,FeN,193.323,88.013
mp-aaacfknb,ErSb,64.532,-24.455
mp-aaacfkoj,CdN,100.433,3.451
mp-aaacfkpe,IrN,293.789,-45.175
mp-aaacfkpf,IrN,257.278,42.404
mp-aaacfkpr,LaSe,69.443,38.027
mp-aaacfkpx,IrN,294.742,-13.07
mp-aaacfkpy,LiCdAs,46.662,3.251
mp-aaacfkqa,LaTe,54.624,34.068
mp-aaacfkqb,LiF,70.937,-5.79
mp-aaacfkqg,LiCuO,97.277,46.923
mp-aaacfkqj,HoSb,63.496,-23.878
mp-aaacfkql,FeN,200.505,84.859
mp-aaacfkqm,KCuO,55.043,-446.931
mp-aaacfkro,KAgO,42.453,64.93
mp-aaacfksr,FeH,173.813,87.064
mp-aaacfkss,CoN,297.425,71.779
mp-aaacfkst,CrTe,60.543,29.155
mp-aaacfksx,MgSnP2,55.805,27.179
mp-aaacfktb,BeSiAs2,76.364,57.845
mp-aaacfktc,BeGeAs2,68.992,52.074
mp-aaacfkup,MgO,140.191,-8.28
mp-aaacfkur,MgO,139.206,49.435
mp-aaacfkus,MnN,260.012,47.747
mp-aaacfkut,MnAs,33.641,3.8689999999999998
mp-aaacfkuv,MnCo,192.154,103.431
mp-aaacfkuw,MnFe,1470.468,143.204
mp-aaacfkux,MnP,43.416,-5.992
mp-aaacfkxq,MnSn,27.523,-47.099
mp-aaacfkxr,MnSb,57.942,-7.389
mp-aaacfkxx,MnSb,46.205,0.291
mp-aaacfkyb,MnSb,69.337,29.705
mp-aaacfkyc,MoC,240.168,40.702
mp-aaacfkye,NaH,23.963,4.462
mp-aaacfkyf,NaN,34.757,18.325
mp-aaacfkyg,MnTe,35.201,10.861
mp-aaacfkyh,NaAs,42.172,26.894
mp-aaacfkyo,NdAs,71.533,-65.261
mp-aaacfkyv,NdN,133.053,-76.883
mp-aaacfkyw,Hf2Tl,102.866,5.866
mp-aaacfkzw,NbCo,207.312,70.076
mp-aaacflhi,NbC,206.433,63.06
mp-aaacflhj,NbC,275.894,7.781
mp-aaacflhv,NbN,299.401,199.167
mp-aaacflih,NiN,337.207,17.284
mp-aaacflij,CrN,313.927,140.253
mp-aaacflim,NiN,258.337,85.169
mp-aaacflio,O2,2.873,-0.437
mp-aaacflir,NpN,179.621,-1.271
mp-aaacflit,OsN,328.361,-72.137
mp-aaacfliu,OsN,295.071,-52.905
mp-aaacfljc,EuZnGe,58.661,37.354
mp-aaacflkf,PdC,215.846,47.559
mp-aaacflkj,OsC,389.83,-2.975
mp-aaacflkk,PdC,182.304,0.074
mp-aaacflkl,OsC,354.581,-146.499
mp-aaacflkm,OsC,290.276,3.847
mp-aaacflkq,CsRbP,10.753,4.376
mp-aaacflkr,PaN,221.916,88.72
mp-aaacflku,PdN,211.396,53.9
mp-aaacflmc,NiC,256.077,47.733
mp-aaacflmd,PrAs,70.023,-46.109
mp-aaacflmm,CrFeTe,93.912,54.599
mp-aaacflmn,CrCoTe,101.026,48.166
mp-aaacflmq,PdN,212.33,11.955
mp-aaacfloh,PrN,94.434,24.783
mp-aaacfloi,PrN,133.807,-68.911
mp-aaacfloo,ReN,376.048,8.778
mp-aaacflos,RbSb,4.898,0.902
mp-aaacflou,RhC,280.747,-13.62
mp-aaacflov,CaC2,59.422,8.76
mp-aaacflox,CaC2,185.823,165.657
mp-aaacfloz,CaN2,82.688,39.226
mp-aaacflpf,ReC,282.854,4.703
mp-aaacflqk,ReN,347.345,-12.093
mp-aaacflql,CaB2,121.439,104.665
mp-aaacflqm,RhC,-26570400328.027,21834442463.107
mp-aaacflrk,RhN,268.538,-69.602
mp-aaacflrv,ReC,395.957,151.217
mp-aaacflrx,Ca2Si,36.951,24.717
mp-aaacflry,RhN,220.176,21.628
mp-aaacflrz,ReC,411.017,234.143
mp-aaacflsk,ScP,63.76,9.231
mp-aaacflsl,ScSn,31.662,-20.376
mp-aaacflsm,ScC,149.406,-91.887
mp-aaacflso,ScN,140.651,45.635
mp-aaacflsq,ScSi,43.171,-26.435
mp-aaacflsr,ScGe,42.391,-24.339
mp-aaacflst,Ca2Ge,34.833,23.956
mp-aaacflsu,Ca2Pb,28.076,19.418
mp-aaacflsv,Se,21.351,4.74
mp-aaacflte,AgN,110.704,2.212
mp-aaacflth,RuN,281.889,287.292
mp-aaacflti,RuN,260.463,51.935
mp-aaacfltz,RuC,321.211,44.583
mp-aaacflue,RuC,269.305,63.474
mp-aaacfluz,SiSn,55.027,37.435
mp-aaacflva,SmAs,73.818,-189.775
mp-aaacflve,CN2,397.571,291.21
mp-aaacflvf,SrO,88.931,24.1
mp-aaacflvg,SnC,122.138,84.771
mp-aaacflvi,SnC,130.966,99.677
mp-aaacflvj,BeB2,191.338,52.725
mp-aaacflvn,BaSi2,18.406,-6.172
mp-aaacflvo,BaSiC,24.222,20.55
mp-aaacflvp,Be2Si,98.66,50.046
mp-aaacflvr,TaN,312.497,189.096
mp-aaacflvs,TaC,224.634,76.175
mp-aaacflvt,TaN,247.811,30.186
mp-aaacflvu,Al2Ru,168.314,122.506
mp-aaacflvv,TaC,290.736,-12.909
mp-aaacflvw,ZrN,225.944,66.386
mp-aaacflvx,TcC,348.054,-26.265
mp-aaacflvy,ZrN,217.333,121.807
mp-aaacflwi,TcC,239.569,47.813
mp-aaacflxm,ZrC,193.2,-145.02
mp-aaacflyc,ZrC,145.849,37.043
mp-aaacfmex,CrCo,214.789,113.281
mp-aaacfmhk,Cu,137.832,92.026
mp-aaacfnmv,MgNi,92.625,22.136
mp-aaacfnpv,PrBi,50.945,-17.86
mp-aaacfodb,CeSe2,53.95,48.227
mp-aaacfodc,CeSe2,-252.716,7.114
mp-aaacfopj,Cs2Se,11.808,5.71
mp-aaacfpwh,BaBrCl,29.178,12.482
mp-aaacfpzs,CrFeCoNi,191.177,97.13
mp-aaacfrhs,Ca3N2,61.811,49.482
mp-aaacfrht,VS2,26.366,15.667
mp-aaacfrhu,VS2,16.881,13.814
mp-aaacfrhv,BeGeP2,83.09,64.905
mp-aaacfrhw,Ba3N2,36.533,21.825
mp-aaacfrhx,Sr3N2,46.799,35.077
mp-aaacfrib,Ba3PN,40.54,27.282
mp-aaacfrii,Ca3PN,36.021,21.22
mp-aaacfrim,Ca3SbAs,35.485,24.198
mp-aaacfrio,Ca3Sb2,29.002,16.206
mp-aaacfrip,Ca3P2,39.504,26.663
mp-aaacfriq,Ca3SbN,57.655,49.131
mp-aaacfrir,Ba3BiN,35.813,25.706
mp-aaacfris,Ca3SbP,38.669,27.881
mp-aaacfriv,Sr3AsP,31.673000000000002,21.339
mp-aaacfriw,Sr3PN,49.284,39.817
mp-aaacfrix,Sr3AsN,47.628,39.085
mp-aaacfrja,Ca3BiP,37.265,27.051
mp-aaacfrjg,Sr3BiAs,28.457,19.241
mp-aaacfrjy,Ba3Sb2,20.26,11.131
mp-aaacfrka,Ba3BiSb,20.003,11.101
mp-aaacfrkb,Sr3BiSb,23.823,13.656
mp-aaacfrkd,Sr3Bi2,22.202,12.053
mp-aaacfrke,Sr3SbP,31.726,22.585
mp-aaacfrmg,Ca3AsP,38.905,26.786
mp-aaacfrmh,Sr3BiP,30.724,21.813
mp-aaacfroo,Ca3BiP,26.696,12.171
mp-aaacfrop,Ca3BiAs,26.621,12.547
mp-aaacfroq,Ca3BiSb,26.893,13.792
mp-aaacfrou,Ba3SbN,17.51,7.688
mp-aaacfrow,Ba3BiN,3.9699999999999998,6.834
mp-aaacfroy,Ba3SbP,19.718,10.005
mp-aaacfroz,Ba3BiP,18.193,8.855
mp-aaacfrpa,Ba3SbAs,19.616,10.293
mp-aaacfrpc,Ba3BiAs,18.404,9.183
mp-aaacfrpf,Ba3BiSb,19.129,9.944
mp-aaacfrpt,Ca3BiSb,28.372,15.74
mp-aaacfrpu,Ba3AsN,38.422,27.293
mp-aaacfrpw,Ba3Bi2,18.785,9.982
mp-aaacfsaf,Mn2SiRh,134.27,41.113
mp-aaacfsan,P,2.888,1.662
mp-aaacfseh,Ni,15.039,9.808
mp-aaacfsgm,CsPbBr3,17.687,7.34
mp-aaacfsie,Si,92.478,-22.024
mp-aaacfsig,C3N,105.148,-167.297
mp-aaacfsil,HfZn,115.663,47.206
mp-aaacfsit,Ti2ZnN,147.64,95.909
mp-aaacfsiv,Ti2Zn,112.106,50.566
mp-aaacfsiw,TiZn,110.695,51.57
mp-aaacfsix,Hf2Zn,109.609,58.908
mp-aaacfsjk,ZrZnN2,177.173,80.045
mp-aaacfsjm,ZrB,159.802,84.523
mp-aaacfsjr,HfZnN2,188.438,85.889
mp-aaacfsjs,Hf3ZnN,149.253,92.143
mp-aaacfsjx,Ti3ZnN,145.73,94.61
mp-aaacfskb,IrO2,192.223,75.26
mp-aaacfske,CrN2,265.131,21.11
mp-aaacfskf,Zr2N,174.788,88.758
mp-aaacfslr,Cr3N2,162.71,139.586
mp-aaacfslv,ZrC,217.405,130.486
mp-aaacfsme,C3N,158.721,-156.287
mp-aaacfsoj,CrN2,112.156,21.194
mp-aaacfsrs,Cr3N4,274.267,135.333
mp-aaacfsru,Li2YAl,25.838,-9.986
mp-aaacftmf,CrN2,642826.169,385664.673
mp-aaacfvdc,TiZnN2,154.329,55.654
mp-aaacfvgn,MgSiAs2,57.986,28.695
mp-aaacfvgq,MgGeAs2,52.437,25.811
mp-aaacfvki,SrMg6Mo,39.303,25.678
mp-aaacfvlp,SrMg6Nb,38.931,20.756
mp-aaacfvpy,SrMg6Ga,29.542,19.932
mp-aaacfvwb,Mg6NbC,44.097,24.745
mp-aaacfvxy,BaMg6Nb,-16215.502,-8195.169
mp-aaacfvyh,BaMg6C,27.11,-39.161
mp-aaacfwel,HfZnO3,162.57,55.645
mp-aaacfwem,MgSnO3,154.103,69.68
mp-aaacfwen,BaSiO3,175.849,121.468
mp-aaacfwep,BaGeO3,137.118,103.37
mp-aaacfwer,HfMgO3,168.944,77.756
mp-aaacfwes,MgIrO3,172.48,16.076
mp-aaacfwet,MgGeO3,185.85,100.868
mp-aaacfwev,MgRuO3,161.797,43.417
mp-aaacfwex,HgIrO3,175.489,40.37
mp-aaacfwfc,ZnOsO3,208.753,50.694
mp-aaacfwfd,SnHgO3,138.108,52.382
mp-aaacfwfg,HgOsO3,202.882,47.226
mp-aaacfwfh,HfHgO3,159.867,52.316
mp-aaacfwfi,TiHgO3,174.512,54.005
mp-aaacfwfj,MgOsO3,174.473,12.192
mp-aaacfwfl,ZrCdO3,155.518,58.151
mp-aaacfwfm,TiCdO3,181.549,75.558
mp-aaacfwfo,SrIrO3,169.881,38.702
mp-aaacfwfq,BaRhO3,134.066,54.001
mp-aaacfwfr,HgRuO3,178.37,39.007
mp-aaacfwgl,ZrHgO3,146.764,42.062
mp-aaacfwgm,CaIrO3,172.529,26.92
mp-aaacfwgn,CaHfO3,166.721,93.423
mp-aaacfwgo,SiHgO3,221.487,68.309
mp-aaacfwgq,ZnSiO3,235.713,107.427
mp-aaacfwgr,HgRhO3,148.652,39.585
mp-aaacfwgt,CdSiO3,228.217,103.61
mp-aaacfwgu,ZnRhO3,161.218,66.851
mp-aaacfwgv,CdSnO3,152.367,64.191
mp-aaacfwgw,CdOsO3,192.236,22.11
mp-aaacfwgx,ZrZnO3,149.835,45.061
mp-aaacfwgy,CaGeO3,172.617,115.281
mp-aaacfwho,CaOsO3,190.541,38.385
mp-aaacfwhq,ZnSnO3,151.079,53.821
mp-aaacfwhr,CdGeO3,182.736,86.226
mp-aaacfwio,ZnIrO3,201.293,45.961
mp-aaacfwiq,MgSiO3,230.404,135.037
mp-aaacfwis,ZnGeO3,190.693,76.932
mp-aaacfwlj,SrGeO3,158.897,115.034
mp-aaacfwlk,MgZrO3,157.164,66.663
mp-aaacfwzx,Mg6SiB,46.07,21.502
mp-aaacfxah,RbMg6B,28.187,8.551
mp-aaacfxco,HfCdO3,167.615,69.422
mp-aaacfxcp,HgGeO3,172.111,64.611
mp-aaacfxex,TmAu,86.722,18.132
mp-aaacfxey,LuTlTe2,30.603,18.299
mp-aaacfxez,MgNiH2,90.601,54.062
mp-aaacfxfb,Cr3Fe,284.19,37.134
mp-aaacfxfe,MgSiN2,222.992,171.341
mp-aaacfxff,Mn2CoAs,199.678,76.451
mp-aaacfxfg,MgSiP2,71.464,-14.874
mp-aaacfxfj,IrC,323.158,-0.022
mp-aaacfxft,VCo3,239.242,154.123
mp-aaacfxfv,VPt,236.927,116.114
mp-aaacfxfw,VN,323.541,215.041
mp-aaacfxfx,YN,146.084,87.281
mp-aaacfxfy,ZnCdSe2,50.014,20.132
mp-aaacfxge,ZrCd,79.118,28.439
mp-aaacfxgg,ZrOs3,278.47,107.11
mp-aaacfxgh,ZrPd3,170.19,76.147
mp-aaacfxgi,ZrRu3,224.96,86.307
mp-aaacfxgk,ZrN,225.65,124.34
mp-aaacfxgn,Ca(BH)2,106.786,86.769
mp-aaacfxgo,Be3N2,218.652,65.771
mp-aaacfxgq,Bi2O3,118.12,31.132
mp-aaacfxgs,CdNi3N,182.751,69.531
mp-aaacfxgt,CsBeF3,80.268,25.875
mp-aaacfxhb,GaPt3C,192.195,-67.22
mp-aaacfxhe,GePbO3,157.328,96.824
mp-aaacfxhq,HfBRh3,223.425,101.826
mp-aaacfxhs,KMgH3,20.908,-18.751
mp-aaacfxht,LaPd3C,139.825,-118.099
mp-aaacfxhu,LaPt3C,164.429,182.192
mp-aaacfxjm,LiCaF3,79.537,48.995
mp-aaacfxjn,Lu3AlN,99.463,75.583
mp-aaacfxjp,MgNiH3,109.663,26.812
mp-aaacfxjr,ScBPd3,153.391,20.837
mp-aaacfxjs,Ni3SnN,174.329,44.265
mp-aaacfxxd,Hg,24.448,2.877
mp-aaacfxxh,TiAg,102.455,28.597
mp-aaacfxxj,Tc3N,331.138,180.392
mp-aaacfxyf,Li2MgSi,44.934,36.356
mp-aaacfxyi,TiFeCoGe,197.425,72.561
mp-aaacfxyl,Ti2MnGe,140.634,33.046
mp-aaacfxyq,NiAgSe2,77.26,19.075
mp-aaacfxyt,Mn3Sn,138.52,27.863
mp-aaacfxyu,MnFeCoGe,205.404,88.054
mp-aaacfxyv,LuAgO2,115.236,32.479
mp-aaacfxyw,LiAg,44.019,14.296
mp-aaacfxyx,VN,334.002,255.479
mp-aaacfxyy,TiS,139.693,101.235
mp-aaacfxyz,CuPd,147.228,45.499
mp-aaacfxza,Sr2SO,58.297,39.69
mp-aaacfxzb,KInO2,86.691,43.643
