cif_id,bulk_actual,bulk_predicted,bulk_error,shear_actual,shear_predicted,shear_error
mp-aaaaaaab,1.974,-3.155,5.129,0.604,2.604,2.000
mp-aaaaaaac,166.982,150.185,16.797,48.469,48.608,0.139
mp-aaaaaaad,1.717,13.042,11.325,1.609,2.504,0.895
mp-aaaaaaae,30.908,54.864,23.956,11.480,6.302,5.178
mp-aaaaaaah,1.874,4.314,2.440,1.075,-7.128,8.203
mp-aaaaaaai,365.046,363.474,1.572,168.040,185.233,17.193
mp-aaaaaaaj,39.590,-7.183,46.773,23.200,17.325,5.875
mp-aaaaaaak,79.731,64.848,14.883,32.380,34.410,2.030
mp-aaaaaaal,31.388,56.202,24.814,20.300,31.962,11.662
mp-aaaaaaan,207.093,191.013,16.080,67.563,90.790,23.227
mp-aaaaaaao,4.123,-12.055,16.178,10.032,8.858,1.174
mp-aaaaaaar,252.155,250.302,1.853,116.144,112.405,3.739
mp-aaaaaaas,38.449,37.521,0.928,23.903,21.505,2.398
mp-aaaaaaat,19.355,3.982,15.373,14.952,13.473,1.479
mp-aaaaaaau,125.076,127.565,2.489,111.454,88.752,22.702
mp-aaaaaaav,15.845,12.260,3.585,-6.284,4.493,10.777
mp-aaaaaaax,173.808,243.327,69.519,91.592,78.496,13.096
mp-aaaaaaay,387.827,386.751,1.076,,,
mp-aaaaaaaz,0.692,-3.393,4.085,0.309,3.561,3.252
mp-aaaaaaba,25.860,22.789,3.071,16.922,9.237,7.685
mp-aaaaaabb,82.344,94.001,11.657,-14.386,32.511,46.897
mp-aaaaaabc,39.338,40.142,0.804,33.950,22.480,11.470
mp-aaaaaabe,151.394,181.587,30.193,49.843,59.040,9.197
mp-aaaaaabg,57.916,65.677,7.761,45.070,35.770,9.300
mp-aaaaaabh,310.062,294.851,15.211,193.869,180.541,13.328
mp-aaaaaabi,106.499,96.406,10.093,56.749,86.180,29.431
mp-aaaaaabk,50.651,58.288,7.637,22.413,14.321,8.092
mp-aaaaaabl,55.005,51.596,3.409,39.908,31.801,8.107
mp-aaaaaabm,32.216,24.575,7.641,19.899,9.698,10.201
mp-aaaaaabn,27.941,32.640,4.699,3.464,4.906,1.442
mp-aaaaaabp,88.400,82.193,6.207,1.932,8.106,6.174
mp-aaaaaabq,195.555,178.224,17.331,60.284,53.826,6.458
mp-aaaaaabs,147.810,123.750,24.060,113.597,44.629,68.968
mp-aaaaaabt,17.224,16.616,0.608,7.495,9.202,1.707
mp-aaaaaabu,112.944,105.709,7.235,48.257,23.648,24.609
mp-aaaaaabv,435.374,359.111,76.263,,,
mp-aaaaaabw,115.976,207.655,91.679,89.734,65.002,24.732
mp-aaaaaabx,400.410,393.888,6.522,,,
mp-aaaaaaby,194.527,180.014,14.513,64.830,53.069,11.761
mp-aaaaaabz,13.874,18.192,4.318,3.618,-0.008,3.626
mp-aaaaaacb,98.196,81.010,17.186,-44.235,-14.849,29.386
mp-aaaaaacc,,,,88.882,147.701,58.819
mp-aaaaaacd,46.694,51.194,4.500,5.892,14.853,8.961
mp-aaaaaace,8.259,12.946,4.687,4.782,6.434,1.652
mp-aaaaaack,96.151,84.941,11.210,11.450,35.209,23.759
mp-aaaaaacm,44.169,49.418,5.249,32.576,14.329,18.247
mp-aaaaaaco,435.156,356.969,78.187,,,
mp-aaaaaacp,54.533,58.475,3.942,32.260,14.194,18.066
mp-aaaaaacq,35.412,28.448,6.964,19.245,17.531,1.714
mp-aaaaaacr,36.692,28.306,8.386,24.026,18.876,5.150
mp-aaaaaacs,2.790,-7.416,10.206,0.820,14.454,13.634
mp-aaaaaact,15.868,18.484,2.616,10.038,-2.816,12.854
mp-aaaaaacu,112.881,114.001,1.120,62.245,26.911,35.334
mp-aaaaaacv,111.049,132.673,21.624,-30.266,-21.105,9.161
mp-aaaaaacw,252.900,229.199,23.701,150.160,140.422,9.738
mp-aaaaaacx,172.050,167.224,4.826,25.854,59.901,34.047
mp-aaaaaacy,10.978,17.749,6.771,5.411,11.440,6.029
mp-aaaaaada,69.319,70.584,1.265,39.008,67.068,28.060
mp-aaaaaadb,85.872,86.288,0.416,,,
mp-aaaaaadc,138.650,138.007,0.643,-9.829,-0.928,8.901
mp-aaaaaadd,134.195,132.959,1.236,-5.735,14.410,20.145
mp-aaaaaade,26.378,33.592,7.214,11.153,2.950,8.203
mp-aaaaaadg,47.261,48.467,1.206,25.121,20.366,4.755
mp-aaaaaadh,35.245,36.917,1.672,11.555,3.867,7.688
mp-aaaaaadi,36.407,27.996,8.411,23.389,18.425,4.964
mp-aaaaaadj,120.019,157.647,37.628,133.872,108.292,25.580
mp-aaaaaadk,40.246,25.198,15.048,26.543,18.765,7.778
mp-aaaaaadm,233.652,213.979,19.673,76.972,88.183,11.211
mp-aaaaaadn,302.264,277.083,25.181,148.152,150.962,2.810
mp-aaaaaado,107.613,99.514,8.099,62.896,97.385,34.489
mp-aaaaaadq,41.910,48.938,7.028,13.413,23.389,9.976
mp-aaaaaadr,12.611,18.937,6.326,7.209,7.154,0.055
mp-aaaaaadt,32.210,24.520,7.690,16.891,8.270,8.621
mp-aaaaaadv,44.760,48.523,3.763,31.020,19.559,11.461
mp-aaaaaadw,99.012,87.172,11.840,-27.239,29.320,56.559
mp-aaaaaadx,345.128,318.509,26.619,208.901,164.709,44.192
mp-aaaaaady,200.587,173.564,27.023,120.256,132.912,12.656
mp-aaaaaadz,108.287,101.081,7.206,56.604,49.719,6.885
mp-aaaaaaea,32.445,58.262,25.817,20.273,27.612,7.339
mp-aaaaaaeb,34.252,38.628,4.376,11.377,15.916,4.539
mp-aaaaaaee,141.249,130.929,10.320,,,
mp-aaaaaaef,96.905,104.564,7.659,70.562,119.339,48.777
mp-aaaaaaeg,36.660,42.728,6.068,9.504,14.272,4.768
mp-aaaaaaeh,3.177,21.763,18.586,0.597,-9.806,10.403
mp-aaaaaaei,41.717,-9.782,51.499,27.122,14.622,12.500
mp-aaaaaaej,296.007,269.804,26.203,145.800,145.573,0.227
mp-aaaaaaek,34.900,44.357,9.457,17.687,7.335,10.352
mp-aaaaaaen,35.858,54.459,18.601,22.399,35.238,12.839
mp-aaaaaaeo,0.973,63.558,62.585,0.503,-15.213,15.716
mp-aaaaaaep,73.384,68.610,4.774,-98.413,-27.635,70.778
mp-aaaaaaes,8.934,11.443,2.509,5.667,6.925,1.258
mp-aaaaaaet,33.844,24.969,8.875,21.438,15.725,5.713
mp-aaaaaaeu,87.692,86.903,0.789,13.210,27.415,14.205
mp-aaaaaaew,248.014,219.987,28.027,49.520,79.111,29.591
mp-aaaaaaex,7.808,10.022,2.214,2.099,6.632,4.533
mp-aaaaaaey,55.811,60.438,4.627,40.309,44.374,4.065
mp-aaaaaaez,262.529,249.101,13.428,117.048,103.009,14.039
mp-aaaaaafa,49.335,70.414,21.079,39.838,12.355,27.483
mp-aaaaaafb,93.831,99.684,5.853,33.105,26.028,7.077
mp-aaaaaafc,17.349,16.765,0.584,10.874,9.028,1.846
mp-aaaaaafd,56.475,55.735,0.740,22.101,29.442,7.341
mp-aaaaaafe,76.871,85.302,8.431,-13.986,25.517,39.503
mp-aaaaaaff,13.870,16.743,2.873,3.745,4.863,1.118
mp-aaaaaafg,295.605,292.621,2.984,180.477,176.578,3.899
mp-aaaaaafh,53.667,65.156,11.489,42.715,50.047,7.332
mp-aaaaaafj,11.529,16.112,4.583,7.697,12.154,4.457
mp-aaaaaafk,49.645,67.269,17.624,8.836,12.293,3.457
mp-aaaaaafm,50.024,57.970,7.946,30.010,28.597,1.413
mp-aaaaaafn,45.516,43.005,2.511,31.320,28.764,2.556
mp-aaaaaafo,43.126,42.735,0.391,28.414,21.218,7.196
mp-aaaaaafq,181.232,180.970,0.262,40.746,38.419,2.327
mp-aaaaaafr,4.152,0.884,3.268,4.031,6.303,2.272
mp-aaaaaaft,88.916,86.005,2.911,62.445,60.337,2.108
mp-aaaaaafu,168.195,169.206,1.011,-60.519,-38.964,21.555
mp-aaaaaafv,26.891,32.374,5.483,-4.929,3.173,8.102
mp-aaaaaafx,36.448,37.437,0.989,24.389,14.128,10.261
mp-aaaaaaga,20.188,22.128,1.940,14.360,8.436,5.924
mp-aaaaaagb,20.688,28.745,8.057,12.609,22.614,10.005
mp-aaaaaagd,31.862,24.277,7.585,18.911,15.690,3.221
mp-aaaaaage,210.223,281.300,71.077,172.392,160.009,12.383
mp-aaaaaagf,333.205,276.018,57.187,,,
mp-aaaaaagg,14.766,13.714,1.052,8.320,5.890,2.430
mp-aaaaaagj,88.815,86.053,2.762,61.322,60.770,0.552
mp-aaaaaagk,16.881,15.170,1.711,3.229,5.746,2.517
mp-aaaaaagm,86.240,83.951,2.289,62.471,66.321,3.850
mp-aaaaaagn,115.697,209.984,94.287,80.084,67.278,12.806
mp-aaaaaagp,217.129,227.193,10.064,101.539,109.024,7.485
mp-aaaaaagr,110.784,101.956,8.828,69.344,59.884,9.460
mp-aaaaaagw,72.139,74.317,2.178,37.801,26.488,11.313
mp-aaaaaagx,52.307,66.717,14.410,4.156,3.105,1.051
mp-aaaaaaha,41.237,44.769,3.532,31.131,34.335,3.204
mp-aaaaaahg,224.023,218.580,5.443,86.928,83.300,3.628
mp-aaaaaahh,203.638,206.535,2.897,99.337,88.408,10.929
mp-aaaaaahi,237.846,210.588,27.258,91.956,85.413,6.543
mp-aaaaaahj,106.896,113.302,6.406,41.489,35.535,5.954
mp-aaaaaahl,105.707,78.905,26.802,46.073,35.366,10.707
mp-aaaaaahn,174.749,175.893,1.145,74.077,65.732,8.345
mp-aaaaaaho,124.129,127.467,3.338,83.776,96.272,12.496
mp-aaaaaahv,114.446,83.722,30.724,31.570,44.256,12.686
mp-aaaaaahw,74.162,65.069,9.093,13.894,26.109,12.215
mp-aaaaaahy,77.519,77.582,0.063,,,
mp-aaaaaaif,55.058,48.394,6.664,18.707,15.227,3.480
mp-aaaaaaig,180.261,168.693,11.568,77.994,69.058,8.936
mp-aaaaaaih,57.085,61.469,4.384,34.094,31.268,2.826
mp-aaaaaaii,167.269,139.621,27.648,79.706,75.393,4.313
mp-aaaaaaij,57.284,50.615,6.669,21.314,15.699,5.615
mp-aaaaaaik,130.350,103.135,27.215,55.209,40.473,14.736
mp-aaaaaail,219.328,215.235,4.093,133.065,136.056,2.991
mp-aaaaaaim,223.876,187.358,36.518,2.343,32.908,30.565
mp-aaaaaaip,32.439,42.456,10.017,27.681,30.192,2.511
mp-aaaaaaiq,28.304,94.952,66.648,20.652,23.611,2.959
mp-aaaaaais,145.937,114.923,31.014,135.327,112.614,22.713
mp-aaaaaait,104.928,94.725,10.203,37.739,38.373,0.634
mp-aaaaaaiv,209.808,186.240,23.568,110.129,69.184,40.945
mp-aaaaaaiw,94.068,94.510,0.442,58.618,61.054,2.436
mp-aaaaaaiy,112.175,105.175,7.000,41.330,31.090,10.240
mp-aaaaaaiz,171.463,154.084,17.379,56.461,62.803,6.342
mp-aaaaaajd,66.367,72.617,6.250,18.543,25.211,6.668
mp-aaaaaaje,131.600,119.349,12.252,42.263,19.313,22.950
mp-aaaaaajf,33.079,19.985,13.094,19.508,5.157,14.351
mp-aaaaaajh,95.332,97.380,2.048,27.592,22.419,5.173
mp-aaaaaaji,144.836,148.479,3.643,110.605,95.642,14.963
mp-aaaaaajm,102.198,73.766,28.432,30.021,37.886,7.865
mp-aaaaaajo,248.656,242.394,6.262,92.438,117.678,25.240
mp-aaaaaajp,117.671,112.015,5.656,70.131,77.153,7.022
mp-aaaaaajq,39.618,43.539,3.921,11.194,17.017,5.823
mp-aaaaaajr,330.533,337.512,6.979,142.307,132.499,9.808
mp-aaaaaajs,56.315,57.204,0.889,40.518,38.098,2.420
mp-aaaaaajt,,,,71.056,59.187,11.869
mp-aaaaaajv,17.221,31.687,14.466,6.751,11.944,5.193
mp-aaaaaajw,121.330,127.959,6.629,67.250,38.500,28.750
mp-aaaaaajy,138.858,142.157,3.299,8.879,3.986,4.893
mp-aaaaaajz,224.498,197.397,27.101,120.006,76.042,43.964
mp-aaaaaaka,295.159,258.091,37.068,,,
mp-aaaaaakf,323.564,302.440,21.124,,,
mp-aaaaaakg,123.894,107.447,16.447,49.979,38.970,11.009
mp-aaaaaako,96.984,109.163,12.179,54.863,65.181,10.318
mp-aaaaaakq,119.456,98.641,20.815,45.523,37.345,8.178
mp-aaaaaakt,141.786,147.214,5.428,68.118,50.739,17.379
mp-aaaaaaku,147.937,132.961,14.976,41.220,42.784,1.564
mp-aaaaaakv,93.676,66.465,27.211,14.307,23.680,9.373
mp-aaaaaakw,109.445,114.103,4.658,54.578,47.107,7.471
mp-aaaaaaky,178.781,173.298,5.483,123.627,124.303,0.676
mp-aaaaaalc,131.190,119.962,11.228,33.953,23.382,10.571
mp-aaaaaalf,248.343,225.039,23.304,130.443,118.621,11.822
mp-aaaaaalg,195.129,185.240,9.889,111.483,89.104,22.379
mp-aaaaaalj,77.463,82.850,5.387,53.503,39.738,13.765
mp-aaaaaalo,158.564,154.341,4.223,68.300,61.948,6.352
mp-aaaaaalr,47.618,54.938,7.320,27.225,22.126,5.099
mp-aaaaaalt,198.715,181.929,16.786,94.979,85.850,9.129
mp-aaaaaalu,33.164,86.017,52.853,36.019,40.032,4.013
mp-aaaaaalw,163.668,128.126,35.542,48.125,61.691,13.566
mp-aaaaaalx,83.938,80.172,3.766,36.124,31.824,4.300
mp-aaaaaaly,171.119,126.864,44.255,,,
mp-aaaaaama,,,,172.832,127.561,45.271
mp-aaaaaamb,113.310,145.601,32.291,41.291,13.385,27.906
mp-aaaaaamc,85.628,91.535,5.907,46.181,46.295,0.114
mp-aaaaaamd,67.722,69.932,2.210,24.288,32.238,7.950
mp-aaaaaame,243.086,211.312,31.774,120.425,109.897,10.528
mp-aaaaaamf,140.398,141.153,0.755,54.997,29.595,25.402
mp-aaaaaamg,146.445,136.284,10.161,51.052,47.473,3.579
mp-aaaaaamh,48.346,44.670,3.676,18.805,22.093,3.288
mp-aaaaaamj,80.123,97.553,17.430,28.256,66.647,38.391
mp-aaaaaamk,23.073,20.206,2.867,10.224,2.995,7.229
mp-aaaaaaml,127.629,125.201,2.428,35.883,25.639,10.244
mp-aaaaaamq,117.807,120.620,2.813,20.086,28.762,8.676
mp-aaaaaamt,78.486,81.329,2.843,43.156,41.414,1.742
mp-aaaaaamv,163.391,156.917,6.474,83.525,75.922,7.603
mp-aaaaaamw,101.191,107.951,6.760,39.280,24.775,14.505
mp-aaaaaamx,47.617,51.409,3.792,29.226,32.171,2.945
mp-aaaaaamy,,,,24.103,19.534,4.569
mp-aaaaaanb,-0.000,0.420,0.420,11.560,-12.203,23.763
mp-aaaaaand,31.019,25.567,5.452,23.519,25.497,1.978
mp-aaaaaane,60.983,58.521,2.462,21.954,22.491,0.537
mp-aaaaaanf,133.177,118.254,14.923,87.521,44.566,42.955
mp-aaaaaang,180.219,199.985,19.766,115.861,92.513,23.348
mp-aaaaaanh,172.719,230.968,58.249,90.679,91.528,0.849
mp-aaaaaank,97.651,85.393,12.258,38.402,27.487,10.915
mp-aaaaaanl,52.419,75.695,23.276,41.818,54.461,12.643
mp-aaaaaanm,68.334,72.172,3.838,35.885,43.914,8.029
mp-aaaaaann,164.819,154.733,10.086,91.069,88.291,2.778
mp-aaaaaano,204.904,191.730,13.174,100.522,110.197,9.675
mp-aaaaaanp,68.793,59.244,9.549,-0.015,-5.191,5.176
mp-aaaaaanr,64.481,77.181,12.700,33.016,37.818,4.802
mp-aaaaaant,120.483,102.340,18.143,50.999,40.278,10.721
mp-aaaaaanx,111.715,64.334,47.381,7.888,4.737,3.151
mp-aaaaaany,126.928,112.615,14.313,55.258,69.955,14.697
mp-aaaaaanz,144.240,126.278,17.962,108.792,89.971,18.821
mp-aaaaaaoa,194.408,177.656,16.752,98.810,93.178,5.632
mp-aaaaaaob,158.697,177.615,18.918,113.996,107.218,6.778
mp-aaaaaaoe,2.982,0.639,2.343,0.877,33.197,32.320
mp-aaaaaaog,71.970,46.848,25.122,33.755,38.726,4.971
mp-aaaaaaoi,237.489,219.604,17.885,109.303,106.948,2.355
mp-aaaaaaok,259.702,292.504,32.802,185.971,169.744,16.227
mp-aaaaaaol,153.034,133.902,19.132,63.703,48.118,15.585
mp-aaaaaaom,56.073,56.187,0.114,17.281,20.334,3.053
mp-aaaaaaon,122.628,122.401,0.227,52.590,45.335,7.255
mp-aaaaaaoo,94.174,89.767,4.407,66.701,49.529,17.172
mp-aaaaaaop,50.145,52.388,2.243,2.939,20.687,17.748
mp-aaaaaaoq,56.264,48.810,7.454,27.422,25.159,2.263
mp-aaaaaaor,257.369,229.816,27.553,93.152,102.964,9.812
mp-aaaaaaou,57.463,42.581,14.882,37.098,38.425,1.327
mp-aaaaaaox,54.990,65.776,10.786,-60.014,23.029,83.043
mp-aaaaaaoz,151.127,146.870,4.257,53.453,44.118,9.335
mp-aaaaaapa,184.247,155.967,28.280,47.350,63.569,16.219
mp-aaaaaapc,75.787,91.522,15.735,32.637,27.508,5.129
mp-aaaaaapf,102.705,73.946,28.759,84.766,82.549,2.217
mp-aaaaaaph,38.647,42.474,3.827,24.319,5.726,18.593
mp-aaaaaapi,73.646,69.991,3.655,44.730,34.041,10.689
mp-aaaaaapj,45.176,46.638,1.462,28.839,24.000,4.839
mp-aaaaaapk,72.110,78.588,6.478,47.046,37.704,9.342
mp-aaaaaapl,55.932,34.795,21.137,37.408,28.203,9.205
mp-aaaaaapm,54.996,66.555,11.559,28.366,27.336,1.030
mp-aaaaaapo,46.771,34.370,12.401,23.548,17.715,5.833
mp-aaaaaapq,35.041,43.471,8.430,13.013,6.222,6.791
mp-aaaaaaps,49.429,58.137,8.708,42.782,23.056,19.726
mp-aaaaaapt,26.857,38.209,11.352,13.293,12.255,1.038
mp-aaaaaapu,141.375,127.720,13.655,61.282,53.104,8.178
mp-aaaaaapx,118.372,103.263,15.109,68.706,72.675,3.969
mp-aaaaaapz,339.595,355.151,15.556,206.661,200.604,6.057
mp-aaaaaaqa,279.999,260.700,19.299,116.816,136.929,20.113
mp-aaaaaaqb,183.708,167.829,15.879,85.073,69.934,15.139
mp-aaaaaaqd,154.194,167.455,13.261,90.805,75.609,15.196
mp-aaaaaaqg,92.273,33.323,58.950,66.879,64.149,2.730
mp-aaaaaaqh,152.760,149.532,3.228,42.417,45.936,3.519
mp-aaaaaaqj,153.466,157.123,3.657,127.484,116.510,10.974
mp-aaaaaaqk,132.749,117.509,15.240,42.069,50.665,8.596
mp-aaaaaaql,160.334,160.149,0.185,85.376,81.896,3.480
mp-aaaaaaqm,38.445,38.269,0.176,27.868,18.567,9.301
mp-aaaaaaqn,144.695,155.053,10.358,62.202,52.993,9.209
mp-aaaaaaqo,157.994,198.241,40.247,88.246,107.087,18.840
mp-aaaaaaqq,234.476,213.972,20.504,50.729,87.671,36.942
mp-aaaaaaqr,64.494,67.456,2.962,42.112,33.280,8.832
mp-aaaaaaqt,68.417,76.651,8.234,30.840,28.892,1.948
mp-aaaaaaqu,101.019,96.607,4.412,26.534,24.981,1.553
mp-aaaaaaqv,81.405,80.978,0.427,25.035,17.047,7.988
mp-aaaaaaqw,74.377,57.714,16.663,36.021,29.009,7.012
mp-aaaaaaqz,11.393,-3.252,14.645,5.849,10.248,4.399
mp-aaaaaarb,65.801,56.130,9.671,15.106,24.445,9.339
mp-aaaaaard,,,,19.668,20.295,0.627
mp-aaaaaare,242.700,230.237,12.463,85.420,81.619,3.801
mp-aaaaaarg,248.591,234.577,14.014,47.951,53.276,5.325
mp-aaaaaarh,175.831,179.391,3.560,104.859,102.385,2.474
mp-aaaaaari,286.562,304.425,17.863,201.475,182.205,19.270
mp-aaaaaarj,160.149,165.559,5.410,81.074,61.272,19.802
mp-aaaaaark,108.351,119.317,10.966,83.076,80.193,2.883
mp-aaaaaarm,39.224,53.981,14.757,22.906,25.866,2.960
mp-aaaaaarq,214.394,166.318,48.076,74.827,93.833,19.006
mp-aaaaaars,50.277,47.250,3.027,26.844,21.269,5.575
mp-aaaaaarv,29.839,30.648,0.809,16.899,11.512,5.387
mp-aaaaaarw,82.998,66.268,16.730,29.485,26.482,3.003
mp-aaaaaarz,147.036,156.237,9.201,48.498,69.478,20.980
mp-aaaaaasa,39.119,92.269,53.150,49.835,61.181,11.346
mp-aaaaaasc,202.915,160.345,42.570,130.151,132.674,2.523
mp-aaaaaasd,36.727,44.956,8.229,18.611,15.826,2.785
mp-aaaaaase,82.958,76.785,6.173,,,
mp-aaaaaasf,13.739,41.460,27.721,6.665,28.075,21.410
mp-aaaaaasg,98.282,79.848,18.434,38.227,23.922,14.305
mp-aaaaaash,73.018,68.691,4.327,33.954,31.025,2.929
mp-aaaaaasj,71.852,68.576,3.276,53.193,39.238,13.955
mp-aaaaaasm,166.753,156.701,10.052,74.793,65.313,9.480
mp-aaaaaasn,198.156,202.765,4.609,89.795,72.791,17.004
mp-aaaaaasq,15.222,31.109,15.887,11.435,11.110,0.325
mp-aaaaaasr,173.500,158.605,14.895,68.767,60.816,7.951
mp-aaaaaass,113.025,121.319,8.294,67.142,79.864,12.722
mp-aaaaaast,137.010,128.506,8.504,114.123,137.134,23.011
mp-aaaaaasu,64.721,74.307,9.586,18.079,18.630,0.551
mp-aaaaaasv,108.621,118.298,9.677,58.027,62.468,4.441
mp-aaaaaasy,278.511,298.867,20.356,191.577,134.598,56.979
mp-aaaaaatb,68.978,73.245,4.267,43.840,44.844,1.004
mp-aaaaaatc,58.246,64.238,5.992,29.769,38.174,8.405
mp-aaaaaatg,23.348,30.003,6.655,15.826,13.639,2.187
mp-aaaaaath,24.691,25.111,0.420,16.179,14.774,1.405
mp-aaaaaatj,118.095,87.710,30.385,37.254,24.593,12.661
mp-aaaaaatk,79.551,86.128,6.577,27.234,27.347,0.113
mp-aaaaaatm,93.324,96.752,3.428,8.070,16.440,8.370
mp-aaaaaatn,202.978,176.749,26.229,59.025,76.608,17.583
mp-aaaaaatr,73.985,66.777,7.208,9.662,30.420,20.758
mp-aaaaaatu,110.274,109.666,0.608,59.457,56.085,3.372
mp-aaaaaatw,63.100,67.687,4.587,36.872,27.879,8.993
mp-aaaaaatx,184.701,179.122,5.579,145.738,140.585,5.153
mp-aaaaaatz,94.691,92.957,1.734,-82.799,-53.854,28.945
mp-aaaaaauc,138.201,132.952,5.249,31.300,30.722,0.578
mp-aaaaaaud,62.481,101.251,38.770,47.301,60.372,13.071
mp-aaaaaauf,22.823,33.903,11.080,-124.445,-6.182,118.263
mp-aaaaaauh,19.668,30.913,11.245,12.119,8.584,3.535
mp-aaaaaauo,246.599,264.821,18.222,159.851,155.121,4.730
mp-aaaaaaup,193.027,198.548,5.521,56.748,61.866,5.118
mp-aaaaaaus,34.318,41.334,7.016,13.005,11.904,1.101
mp-aaaaaaut,31.225,13.455,17.770,22.912,32.290,9.378
mp-aaaaaauu,125.320,151.607,26.287,65.405,55.064,10.341
mp-aaaaaauv,187.381,169.256,18.125,85.474,44.191,41.283
mp-aaaaaauw,27.259,20.947,6.312,14.296,12.343,1.953
mp-aaaaaauy,169.105,172.126,3.021,-1.133,24.837,25.970
mp-aaaaaava,156.517,147.085,9.432,61.943,51.869,10.074
mp-aaaaaavc,228.632,202.421,26.211,57.068,70.563,13.495
mp-aaaaaavd,65.333,72.539,7.206,33.538,30.496,3.042
mp-aaaaaave,91.875,93.276,1.401,58.772,61.519,2.747
mp-aaaaaavf,42.631,45.768,3.137,31.802,29.226,2.576
mp-aaaaaavj,185.005,193.774,8.769,89.567,78.589,10.978
mp-aaaaaavk,139.087,130.304,8.783,38.253,28.571,9.682
mp-aaaaaavl,31.251,25.179,6.072,29.509,25.383,4.126
mp-aaaaaavn,124.541,118.034,6.507,48.346,37.523,10.823
mp-aaaaaavo,105.164,101.659,3.505,45.148,27.295,17.853
mp-aaaaaavq,105.593,96.013,9.580,55.904,40.544,15.360
mp-aaaaaavr,383.458,346.366,37.092,175.607,173.518,2.089
mp-aaaaaavs,97.958,90.454,7.504,19.279,22.163,2.884
mp-aaaaaavt,107.752,114.329,6.577,50.824,62.867,12.043
mp-aaaaaavw,89.181,94.414,5.233,54.473,46.391,8.082
mp-aaaaaavx,,,,43.425,37.043,6.382
mp-aaaaaavy,58.456,58.974,0.518,21.328,22.818,1.490
mp-aaaaaavz,154.950,149.359,5.591,-22.888,20.196,43.084
mp-aaaaaawa,51.061,50.427,0.634,18.597,26.967,8.370
mp-aaaaaawb,88.611,86.633,1.978,34.383,33.530,0.853
mp-aaaaaawc,213.632,180.182,33.450,78.733,85.461,6.728
mp-aaaaaawe,223.146,249.155,26.009,155.259,154.461,0.798
mp-aaaaaawg,82.611,77.619,4.992,21.947,25.083,3.136
mp-aaaaaawh,110.843,161.989,51.146,96.262,127.889,31.627
mp-aaaaaawi,120.478,146.275,25.797,143.495,129.771,13.724
mp-aaaaaawk,195.743,198.576,2.833,73.319,66.275,7.044
mp-aaaaaawl,195.215,170.611,24.604,,,
mp-aaaaaawn,253.476,278.960,25.484,171.710,162.868,8.842
mp-aaaaaawr,83.099,60.864,22.235,7.528,13.689,6.161
mp-aaaaaaws,117.218,160.402,43.184,43.793,51.084,7.291
mp-aaaaaawu,215.387,205.808,9.579,108.631,78.526,30.105
mp-aaaaaaww,134.158,122.241,11.917,15.890,37.809,21.919
mp-aaaaaawz,151.359,144.371,6.988,38.641,36.885,1.756
mp-aaaaaaxc,44.634,48.372,3.738,-6.965,14.050,21.015
mp-aaaaaaxd,75.919,79.683,3.764,50.128,43.336,6.792
mp-aaaaaaxe,16.944,29.558,12.614,14.025,7.498,6.527
mp-aaaaaaxf,125.633,134.086,8.453,84.594,85.769,1.175
mp-aaaaaaxh,11.820,39.396,27.576,6.693,13.190,6.497
mp-aaaaaaxi,100.456,90.745,9.711,49.726,49.642,0.084
mp-aaaaaaxj,219.851,194.225,25.626,-8.473,6.459,14.932
mp-aaaaaaxk,142.930,165.658,22.728,94.374,108.260,13.886
mp-aaaaaaxm,61.789,82.514,20.725,55.488,36.801,18.687
mp-aaaaaaxp,106.336,109.560,3.224,25.081,23.960,1.121
mp-aaaaaaxr,41.771,37.390,4.381,20.773,21.812,1.039
mp-aaaaaaxt,41.116,168.335,127.219,30.048,46.716,16.668
mp-aaaaaaxz,143.364,126.864,16.500,27.186,18.472,8.714
mp-aaaaaayb,105.762,121.227,15.465,52.226,37.229,14.997
mp-aaaaaayd,76.476,72.904,3.572,34.822,17.252,17.570
mp-aaaaaaye,110.323,110.921,0.598,23.228,33.434,10.206
mp-aaaaaayh,251.478,237.202,14.276,172.363,168.477,3.886
mp-aaaaaayi,36.569,69.227,32.658,133.594,24.150,109.444
mp-aaaaaayj,56.392,58.295,1.903,23.894,16.786,7.108
mp-aaaaaayk,9.306,33.539,24.233,7.553,18.477,10.924
mp-aaaaaayl,185.005,178.603,6.402,84.210,71.627,12.583
mp-aaaaaayn,177.419,193.422,16.003,139.258,139.011,0.247
mp-aaaaaayo,52.276,55.338,3.062,24.166,26.133,1.967
mp-aaaaaayr,5.969,17.546,11.577,3.185,14.093,10.908
mp-aaaaaayt,188.295,160.829,27.466,91.197,68.929,22.268
mp-aaaaaayv,85.585,83.069,2.516,58.988,51.937,7.051
mp-aaaaaayw,47.806,41.892,5.914,19.440,21.447,2.007
mp-aaaaaayx,178.150,169.533,8.617,100.771,99.938,0.833
mp-aaaaaayy,28.189,33.077,4.888,19.193,3.028,16.165
mp-aaaaaayz,263.838,245.294,18.544,110.344,88.145,22.199
mp-aaaaaaza,142.084,113.110,28.974,131.950,98.879,33.071
mp-aaaaaazg,104.585,96.413,8.172,42.384,40.608,1.776
mp-aaaaaazh,47.078,61.184,14.106,21.379,23.570,2.191
mp-aaaaaazl,194.620,163.046,31.574,122.306,118.356,3.950
mp-aaaaaazm,118.982,107.416,11.566,24.256,39.061,14.805
mp-aaaaaazn,71.314,75.502,4.188,47.984,23.303,24.681
mp-aaaaaazp,11.592,25.119,13.527,9.691,14.267,4.576
mp-aaaaaazs,69.061,74.376,5.315,52.941,37.882,15.059
mp-aaaaaazt,86.769,86.914,0.145,60.691,49.162,11.529
mp-aaaaaazw,53.116,49.772,3.344,17.290,21.689,4.399
mp-aaaaaazx,124.103,115.739,8.364,47.113,46.504,0.609
mp-aaaaaazy,109.965,96.841,13.124,45.919,18.857,27.062
mp-aaaaaazz,213.964,186.706,27.258,87.007,75.471,11.536
mp-aaaaabaa,46.695,59.381,12.686,23.676,22.228,1.448
mp-aaaaabad,145.923,128.712,17.211,65.426,45.134,20.292
mp-aaaaabag,46.136,55.604,9.468,30.163,38.605,8.442
mp-aaaaabap,23.839,26.566,2.727,14.724,16.407,1.683
mp-aaaaabaq,56.514,110.141,53.627,23.825,30.485,6.660
mp-aaaaabar,40.884,39.879,1.005,15.285,17.135,1.850
mp-aaaaabas,17.979,27.106,9.127,11.236,20.460,9.224
mp-aaaaabau,173.672,162.011,11.661,69.894,46.958,22.936
mp-aaaaabav,192.235,115.802,76.433,99.178,77.245,21.933
mp-aaaaabay,19.510,21.696,2.186,13.905,22.949,9.044
mp-aaaaabbe,31.037,34.664,3.627,11.783,17.040,5.257
mp-aaaaabbg,66.566,66.044,0.522,39.976,33.412,6.564
mp-aaaaabbi,80.277,83.265,2.988,54.979,47.675,7.304
mp-aaaaabbk,70.250,55.216,15.034,31.833,30.466,1.367
mp-aaaaabbn,245.659,232.722,12.937,126.396,102.424,23.972
mp-aaaaabbp,168.858,154.616,14.242,157.964,74.382,83.582
mp-aaaaabbq,145.871,133.098,12.773,54.511,40.720,13.791
mp-aaaaabbs,6.828,19.465,12.637,4.150,5.688,1.538
mp-aaaaabbt,54.797,52.360,2.437,22.082,20.506,1.576
mp-aaaaabbx,234.909,209.250,25.659,100.944,99.932,1.012
mp-aaaaabby,17.612,44.558,26.946,10.038,16.316,6.278
mp-aaaaabca,50.698,57.810,7.112,21.970,13.380,8.590
mp-aaaaabcb,246.829,234.061,12.768,154.873,149.134,5.739
mp-aaaaabcc,175.121,103.260,71.861,117.617,100.676,16.941
mp-aaaaabcd,42.628,45.945,3.317,17.515,15.296,2.219
mp-aaaaabcf,37.861,41.213,3.352,28.881,30.214,1.333
mp-aaaaabci,39.519,51.096,11.577,34.450,24.388,10.062
mp-aaaaabck,72.555,76.808,4.253,23.812,37.581,13.769
mp-aaaaabcl,139.085,125.996,13.089,90.022,87.020,3.002
mp-aaaaabcn,224.899,210.533,14.366,93.323,111.571,18.248
mp-aaaaabco,130.928,116.914,14.014,54.059,44.195,9.864
mp-aaaaabcp,17.987,13.078,4.909,9.539,15.233,5.694
mp-aaaaabcq,88.424,95.547,7.123,61.321,55.215,6.106
mp-aaaaabcr,50.194,55.182,4.988,18.428,22.505,4.077
mp-aaaaabct,103.144,103.499,0.355,39.324,31.871,7.453
mp-aaaaabcv,145.300,141.926,3.374,105.756,84.812,20.944
mp-aaaaabcz,47.732,61.665,13.933,28.522,22.562,5.960
mp-aaaaabda,95.422,70.511,24.911,48.854,47.216,1.638
mp-aaaaabdb,98.829,115.601,16.772,63.743,67.894,4.151
mp-aaaaabdc,79.498,78.675,0.823,56.275,47.129,9.146
mp-aaaaabdd,34.809,37.496,2.687,30.480,23.302,7.178
mp-aaaaabdf,49.613,66.837,17.224,28.914,14.043,14.871
mp-aaaaabdg,125.468,64.804,60.664,92.204,67.848,24.356
mp-aaaaabdi,20.713,45.068,24.355,8.299,23.588,15.289
mp-aaaaabdj,147.434,169.504,22.070,114.340,78.611,35.729
mp-aaaaabdm,150.880,142.261,8.619,105.880,92.247,13.633
mp-aaaaabdn,43.833,52.234,8.401,34.758,43.950,9.192
mp-aaaaabdo,77.938,87.541,9.603,59.643,53.870,5.773
mp-aaaaabdr,122.529,122.519,0.010,80.027,61.938,18.089
mp-aaaaabds,89.456,90.132,0.676,28.370,39.209,10.839
mp-aaaaabdu,115.071,114.089,0.982,63.525,46.685,16.840
mp-aaaaabdv,77.600,84.466,6.866,43.758,41.223,2.535
mp-aaaaabdw,45.631,49.816,4.185,17.494,20.292,2.798
mp-aaaaabdy,219.035,217.135,1.900,94.973,99.615,4.642
mp-aaaaabec,53.053,48.365,4.688,17.970,17.190,0.780
mp-aaaaabeg,56.824,65.297,8.473,41.610,29.249,12.361
mp-aaaaabei,113.699,117.065,3.366,50.317,65.718,15.401
mp-aaaaabek,182.998,186.076,3.078,79.492,67.332,12.160
mp-aaaaaben,40.597,45.114,4.517,26.846,30.723,3.877
mp-aaaaabeo,43.579,60.463,16.884,23.178,21.882,1.296
mp-aaaaabep,52.319,57.274,4.955,36.261,43.274,7.013
mp-aaaaabeq,159.438,152.997,6.441,11.999,35.548,23.549
mp-aaaaaber,127.136,120.264,6.872,48.329,48.651,0.322
mp-aaaaabeu,175.007,153.060,21.947,164.653,147.007,17.646
mp-aaaaabev,290.754,278.848,11.906,122.068,119.587,2.481
mp-aaaaabey,172.144,172.845,0.701,104.855,89.607,15.248
mp-aaaaabfa,46.230,44.015,2.215,18.171,25.037,6.866
mp-aaaaabfd,,,,37.758,49.213,11.455
mp-aaaaabfe,108.123,125.582,17.459,50.253,48.279,1.974
mp-aaaaabff,147.734,137.370,10.364,62.266,50.664,11.602
mp-aaaaabfh,104.136,80.083,24.053,15.741,36.934,21.193
mp-aaaaabfi,81.802,58.713,23.089,29.474,29.945,0.471
mp-aaaaabfl,46.269,46.909,0.640,17.128,6.334,10.794
mp-aaaaabfm,195.549,210.719,15.170,95.795,108.228,12.433
mp-aaaaabfn,188.948,164.029,24.919,66.783,59.463,7.320
mp-aaaaabfo,42.533,37.600,4.933,13.947,7.973,5.974
mp-aaaaabfr,351.113,152.046,199.067,68.061,55.910,12.151
mp-aaaaabft,252.231,199.535,52.696,96.302,106.269,9.967
mp-aaaaabfv,20.517,42.234,21.717,11.746,14.073,2.327
mp-aaaaabfw,209.083,228.109,19.026,104.050,89.898,14.152
mp-aaaaabfx,155.221,117.782,37.439,52.682,48.254,4.428
mp-aaaaabfy,171.704,172.777,1.073,103.147,89.236,13.911
mp-aaaaabga,94.522,89.367,5.155,35.725,26.725,9.000
mp-aaaaabgb,93.613,58.553,35.060,38.030,16.824,21.206
mp-aaaaabgc,176.864,124.840,52.024,86.739,67.321,19.418
mp-aaaaabge,57.624,54.652,2.972,23.228,25.816,2.588
mp-aaaaabgg,149.365,85.486,63.879,18.618,16.807,1.811
mp-aaaaabgh,186.748,159.754,26.994,75.505,67.365,8.140
mp-aaaaabgi,146.007,129.250,16.757,55.461,49.317,6.144
mp-aaaaabgj,72.650,108.074,35.424,50.633,55.061,4.428
mp-aaaaabgk,132.905,94.218,38.687,58.912,44.834,14.078
mp-aaaaabgm,67.434,70.405,2.971,33.750,39.827,6.077
mp-aaaaabgo,114.235,111.089,3.146,68.632,84.269,15.637
mp-aaaaabgs,142.020,131.905,10.115,61.092,65.317,4.225
mp-aaaaabgt,95.906,92.113,3.793,37.403,27.360,10.043
mp-aaaaabgv,151.736,157.485,5.749,74.924,64.570,10.354
mp-aaaaabgx,99.848,131.287,31.439,104.389,92.698,11.691
mp-aaaaabgy,171.933,100.087,71.846,87.385,81.765,5.620
mp-aaaaabha,83.144,74.010,9.134,60.864,53.885,6.979
mp-aaaaabhd,140.732,136.107,4.625,19.409,41.630,22.221
mp-aaaaabhe,58.747,65.839,7.092,28.878,46.590,17.712
mp-aaaaabhh,146.893,139.041,7.852,84.870,84.222,0.648
mp-aaaaabhj,59.501,51.358,8.143,29.491,22.972,6.519
mp-aaaaabhl,132.414,143.955,11.541,103.376,111.478,8.102
mp-aaaaabhm,19.737,62.894,43.157,8.923,4.256,4.667
mp-aaaaabhn,201.745,188.395,13.350,142.052,130.082,11.970
mp-aaaaabho,28.386,38.171,9.785,16.162,21.615,5.453
mp-aaaaabhp,190.816,161.107,29.709,75.460,71.788,3.672
mp-aaaaabhr,236.689,222.278,14.411,124.889,139.220,14.331
mp-aaaaabht,55.971,50.899,5.072,27.494,23.181,4.313
mp-aaaaabhv,50.175,51.772,1.597,25.245,20.444,4.801
mp-aaaaabhw,140.767,147.425,6.658,63.032,42.586,20.446
mp-aaaaabhx,54.061,78.457,24.396,16.852,33.663,16.811
mp-aaaaabhz,167.770,182.666,14.896,126.817,106.533,20.284
mp-aaaaabia,81.814,91.875,10.061,25.855,32.907,7.052
mp-aaaaabic,155.545,98.443,57.102,70.553,59.892,10.661
mp-aaaaabie,46.134,37.714,8.420,28.543,30.088,1.545
mp-aaaaabif,300.710,268.492,32.218,205.660,196.003,9.657
mp-aaaaabig,183.307,224.184,40.877,78.105,64.607,13.498
mp-aaaaabih,218.124,189.433,28.691,82.317,104.821,22.504
mp-aaaaabii,137.028,148.740,11.712,37.910,20.175,17.735
mp-aaaaabij,141.728,106.444,35.284,92.826,97.845,5.019
mp-aaaaabik,174.196,183.083,8.887,64.500,46.797,17.703
mp-aaaaabio,76.254,86.979,10.725,56.689,45.118,11.571
mp-aaaaabip,149.828,125.301,24.527,-54.980,38.367,93.347
mp-aaaaabiq,138.031,105.638,32.393,26.750,29.116,2.366
mp-aaaaabis,20.356,17.383,2.973,14.528,13.050,1.478
mp-aaaaabit,180.270,163.853,16.417,54.434,54.215,0.219
mp-aaaaabiv,102.112,108.481,6.369,39.391,25.556,13.835
mp-aaaaabiz,7.518,9.756,2.238,4.430,14.161,9.731
mp-aaaaabja,296.238,234.149,62.089,180.981,164.883,16.098
mp-aaaaabjc,143.888,134.126,9.762,60.396,60.362,0.034
mp-aaaaabjf,56.990,56.388,0.602,28.662,19.202,9.460
mp-aaaaabjh,57.644,80.704,23.060,24.134,9.071,15.063
mp-aaaaabjj,65.126,65.957,0.831,20.766,24.341,3.575
mp-aaaaabjl,152.291,159.139,6.848,61.818,53.385,8.433
mp-aaaaabjm,227.990,207.623,20.367,87.071,90.436,3.365
mp-aaaaabjp,316.753,284.784,31.969,162.007,188.617,26.610
mp-aaaaabjr,87.682,76.322,11.360,51.586,53.455,1.869
mp-aaaaabju,135.366,78.878,56.488,68.268,59.027,9.241
mp-aaaaabjv,112.228,113.761,1.533,56.224,51.185,5.039
mp-aaaaabjw,73.065,76.432,3.367,45.318,33.026,12.292
mp-aaaaabjx,75.352,66.038,9.314,50.989,35.625,15.364
mp-aaaaabjy,26.903,29.514,2.611,-2.521,11.089,13.610
mp-aaaaabka,60.904,67.987,7.083,30.648,16.360,14.288
mp-aaaaabkc,33.016,44.373,11.357,20.165,26.446,6.281
mp-aaaaabkh,147.145,133.747,13.398,11.459,33.095,21.636
mp-aaaaabki,190.335,235.153,44.818,144.826,102.773,42.053
mp-aaaaabkj,216.646,188.281,28.365,93.380,94.244,0.864
mp-aaaaabkk,179.692,175.771,3.921,75.410,61.617,13.793
mp-aaaaabkl,66.577,72.013,5.436,5.800,4.468,1.332
mp-aaaaabkm,53.630,51.551,2.079,20.206,26.482,6.276
mp-aaaaabkn,218.250,186.426,31.824,108.106,96.047,12.059
mp-aaaaabko,64.356,59.812,4.544,47.603,30.766,16.837
mp-aaaaabkp,144.079,128.574,15.505,49.520,45.351,4.169
mp-aaaaabkq,271.801,211.480,60.321,138.285,125.956,12.329
mp-aaaaabkr,118.284,113.091,5.193,74.397,49.303,25.094
mp-aaaaabks,141.127,144.332,3.205,129.899,123.655,6.244
mp-aaaaabku,141.244,105.331,35.913,69.262,71.118,1.856
mp-aaaaabkv,57.045,29.926,27.119,17.977,10.752,7.225
mp-aaaaabkx,61.963,76.931,14.968,41.255,39.123,2.132
mp-aaaaabky,303.426,274.693,28.733,158.777,164.987,6.210
mp-aaaaablb,212.032,192.566,19.466,84.375,83.329,1.046
mp-aaaaabld,160.306,179.949,19.643,144.669,142.803,1.866
mp-aaaaable,9.643,93.240,83.597,18.841,18.936,0.095
mp-aaaaablj,27.218,22.038,5.180,12.490,11.099,1.391
mp-aaaaablk,44.652,55.746,11.094,33.162,18.396,14.766
mp-aaaaabll,198.589,171.636,26.953,92.753,75.570,17.183
mp-aaaaabln,5.548,10.959,5.411,1.734,13.763,12.029
mp-aaaaablo,185.901,198.217,12.316,120.052,105.793,14.259
mp-aaaaablp,54.557,44.409,10.148,25.507,19.413,6.094
mp-aaaaablr,81.547,80.285,1.262,49.955,56.277,6.322
mp-aaaaabls,120.789,82.570,38.219,64.110,79.184,15.074
mp-aaaaablt,65.882,62.051,3.831,32.403,39.274,6.871
mp-aaaaablu,132.296,121.016,11.280,50.923,50.591,0.332
mp-aaaaablw,102.457,196.266,93.809,73.485,86.890,13.405
mp-aaaaablx,74.896,46.391,28.505,28.832,30.136,1.304
mp-aaaaably,35.292,46.369,11.077,21.920,25.059,3.139
mp-aaaaablz,116.179,119.242,3.063,45.918,46.509,0.591
mp-aaaaabma,234.569,180.831,53.738,122.364,130.081,7.717
mp-aaaaabmc,100.832,98.541,2.291,40.982,19.499,21.483
mp-aaaaabmd,375.170,306.632,68.538,165.988,168.334,2.346
mp-aaaaabme,37.610,41.701,4.091,27.803,32.461,4.658
mp-aaaaabmf,87.052,105.556,18.504,23.018,33.334,10.316
mp-aaaaabmg,85.850,75.420,10.430,58.797,48.411,10.386
mp-aaaaabmh,164.260,180.977,16.717,65.400,51.147,14.253
mp-aaaaabmi,281.200,213.127,68.073,103.408,88.986,14.422
mp-aaaaabmk,107.587,107.637,0.050,47.617,63.732,16.115
mp-aaaaabmm,28.286,45.472,17.186,16.564,19.813,3.249
mp-aaaaabmr,207.432,198.831,8.601,133.593,117.354,16.239
mp-aaaaabmt,60.478,76.361,15.883,34.856,30.998,3.858
mp-aaaaabmw,276.056,246.600,29.456,,,
mp-aaaaabna,157.977,91.783,66.194,43.710,30.332,13.378
mp-aaaaabnd,132.953,120.576,12.377,59.206,45.988,13.218
mp-aaaaabng,260.037,217.888,42.149,153.820,128.549,25.271
mp-aaaaabni,18.259,24.597,6.338,9.782,11.526,1.744
mp-aaaaabnk,7.822,50.489,42.667,9.098,30.183,21.085
mp-aaaaabnl,107.422,99.312,8.110,37.338,46.140,8.802
mp-aaaaabnn,215.169,198.971,16.198,111.279,93.651,17.628
mp-aaaaabno,49.227,80.288,31.061,32.562,40.570,8.008
mp-aaaaabnp,54.086,57.530,3.444,25.350,23.069,2.281
mp-aaaaabnr,53.093,49.750,3.343,24.157,26.670,2.513
mp-aaaaabns,248.908,241.814,7.094,179.270,164.296,14.974
mp-aaaaabnt,182.847,187.576,4.729,9.535,49.144,39.609
mp-aaaaabnx,181.498,164.590,16.908,71.476,75.257,3.781
mp-aaaaabny,91.482,72.952,18.530,42.440,48.041,5.601
mp-aaaaabnz,33.954,46.563,12.609,12.887,9.852,3.035
mp-aaaaaboc,151.342,153.784,2.442,95.833,102.982,7.149
mp-aaaaabod,143.701,168.449,24.748,-1.116,-1.560,0.444
mp-aaaaaboe,303.949,410.753,106.804,122.424,131.087,8.663
mp-aaaaabof,124.063,90.915,33.148,50.641,44.105,6.536
mp-aaaaabog,96.844,89.272,7.572,47.291,47.771,0.480
mp-aaaaaboh,70.981,59.666,11.315,33.499,42.158,8.659
mp-aaaaaboi,146.751,153.933,7.182,40.280,47.003,6.723
mp-aaaaabok,119.054,110.977,8.077,45.039,41.901,3.138
mp-aaaaabom,71.011,66.245,4.766,26.679,9.078,17.601
mp-aaaaabon,52.019,48.525,3.494,28.401,20.268,8.133
mp-aaaaabop,59.102,43.175,15.927,26.802,23.348,3.454
mp-aaaaaboq,141.499,108.400,33.099,61.887,44.252,17.635
mp-aaaaabor,131.240,133.601,2.361,87.345,72.182,15.163
mp-aaaaabos,94.029,59.850,34.179,6.318,12.846,6.528
mp-aaaaabot,48.816,51.313,2.497,18.872,22.757,3.885
mp-aaaaaboz,49.747,65.969,16.222,28.091,20.182,7.909
mp-aaaaabpb,48.228,62.459,14.231,32.432,35.111,2.679
mp-aaaaabpc,53.369,31.765,21.604,32.823,48.550,15.727
mp-aaaaabpd,131.995,155.135,23.140,95.031,115.069,20.038
mp-aaaaabpe,44.379,35.412,8.967,15.155,6.932,8.223
mp-aaaaabph,31.367,21.367,10.000,17.651,23.520,5.869
mp-aaaaabpj,-186.307,136.791,323.098,11.526,58.126,46.600
mp-aaaaabpk,133.720,146.343,12.623,97.556,77.278,20.278
mp-aaaaabpl,283.343,290.017,6.674,170.538,177.664,7.126
mp-aaaaabpm,39.906,20.780,19.126,23.145,18.269,4.876
mp-aaaaabpp,97.046,122.490,25.444,70.615,79.287,8.672
mp-aaaaabpq,319.895,305.981,13.914,,,
mp-aaaaabps,233.379,219.432,13.947,,,
mp-aaaaabpt,,,,23.809,29.695,5.886
mp-aaaaabpu,323.894,288.069,35.825,176.246,165.305,10.941
mp-aaaaabpv,48.468,51.646,3.178,32.300,28.506,3.794
mp-aaaaabpx,294.735,293.277,1.458,163.457,144.868,18.589
mp-aaaaabpy,78.571,101.825,23.254,36.343,40.559,4.216
mp-aaaaabqb,86.356,101.973,15.617,42.681,33.443,9.238
mp-aaaaabqe,87.161,73.715,13.446,52.574,33.713,18.861
mp-aaaaabqf,286.134,299.511,13.377,,,
mp-aaaaabqh,137.060,141.961,4.901,52.238,58.116,5.878
mp-aaaaabqi,64.179,112.015,47.836,8.690,16.894,8.204
mp-aaaaabqj,79.857,86.891,7.034,55.255,54.167,1.088
mp-aaaaabqk,178.449,208.199,29.750,146.135,139.869,6.266
mp-aaaaabql,89.031,84.873,4.158,18.279,22.574,4.295
mp-aaaaabqm,33.855,38.955,5.100,21.385,20.734,0.651
mp-aaaaabqn,65.160,87.248,22.088,35.973,23.057,12.916
mp-aaaaabqq,303.164,335.873,32.709,199.428,195.136,4.292
mp-aaaaabqt,313.656,137.197,176.459,101.503,92.088,9.415
mp-aaaaabqv,329.552,283.748,45.804,157.907,162.634,4.727
mp-aaaaabqw,169.325,211.163,41.838,108.026,76.171,31.855
mp-aaaaabqx,2.293,50.677,48.384,11.679,24.023,12.344
mp-aaaaabra,191.400,175.594,15.806,64.237,72.367,8.130
mp-aaaaabrc,282.393,256.539,25.854,107.926,118.504,10.578
mp-aaaaabrd,173.828,179.824,5.996,47.411,89.570,42.159
mp-aaaaabrf,50.248,30.958,19.290,15.799,19.287,3.488
mp-aaaaabrg,63.270,82.366,19.096,43.383,7.468,35.915
mp-aaaaabrh,40.216,43.233,3.017,20.471,23.009,2.538
mp-aaaaabrj,156.601,132.268,24.333,70.297,69.204,1.093
mp-aaaaabrk,215.000,272.979,57.979,88.554,107.102,18.548
mp-aaaaabrl,166.725,168.854,2.129,79.378,70.932,8.446
mp-aaaaabro,127.369,84.891,42.478,44.447,29.499,14.948
mp-aaaaabrr,197.625,154.231,43.394,82.517,74.462,8.055
mp-aaaaabrs,22.238,22.218,0.020,13.902,7.963,5.939
mp-aaaaabru,69.649,70.199,0.550,50.018,42.088,7.930
mp-aaaaabrv,283.145,198.291,84.854,138.782,144.473,5.691
mp-aaaaabrw,101.881,88.604,13.277,36.160,36.579,0.419
mp-aaaaabrz,231.003,176.098,54.905,128.563,128.493,0.070
mp-aaaaabsb,254.220,320.115,65.895,,,
mp-aaaaabsc,90.460,59.033,31.427,33.237,28.656,4.581
mp-aaaaabsd,170.755,163.779,6.976,76.573,78.431,1.858
mp-aaaaabsg,214.274,195.975,18.299,77.530,62.723,14.807
mp-aaaaabsi,228.591,194.466,34.125,123.939,97.719,26.220
mp-aaaaabsj,40.490,42.642,2.152,33.875,11.168,22.707
mp-aaaaabsm,44.793,52.545,7.752,28.856,21.999,6.857
mp-aaaaabsn,213.178,180.171,33.007,85.348,75.097,10.251
mp-aaaaabso,134.504,133.022,1.482,51.613,46.146,5.467
mp-aaaaabsp,123.018,120.783,2.235,31.901,30.496,1.405
mp-aaaaabst,123.142,132.133,8.991,127.915,106.814,21.101
mp-aaaaabsu,97.603,122.022,24.419,71.668,43.454,28.214
mp-aaaaabsx,4.638,10.494,5.856,2.075,14.153,12.078
mp-aaaaabsy,11.773,41.977,30.204,7.300,7.894,0.594
mp-aaaaabsz,86.854,74.430,12.424,35.894,37.167,1.273
mp-aaaaabta,13.762,7.675,6.087,10.862,8.674,2.188
mp-aaaaabtc,115.355,121.689,6.334,59.938,55.001,4.937
mp-aaaaabte,49.321,53.314,3.993,28.271,24.305,3.966
mp-aaaaabtg,63.350,63.162,0.188,21.785,27.477,5.692
mp-aaaaabtj,152.060,153.197,1.137,73.223,57.455,15.768
mp-aaaaabto,106.014,102.396,3.618,11.549,30.008,18.459
mp-aaaaabtp,251.212,213.059,38.153,155.920,132.200,23.720
mp-aaaaabtq,19.062,27.508,8.446,13.618,11.371,2.247
mp-aaaaabtr,203.203,697.577,494.374,75.228,62.132,13.096
mp-aaaaabtt,73.605,85.213,11.608,44.934,50.775,5.841
mp-aaaaabtu,56.491,48.868,7.623,27.288,25.158,2.130
mp-aaaaabty,139.891,134.212,5.679,49.526,29.120,20.406
mp-aaaaabud,41.356,44.267,2.911,19.049,22.966,3.917
mp-aaaaabue,,,,71.175,49.872,21.303
mp-aaaaabuf,19.094,43.947,24.853,13.921,12.979,0.942
mp-aaaaabuh,195.566,166.849,28.717,107.510,94.871,12.639
mp-aaaaabum,82.064,78.024,4.040,59.812,42.112,17.700
mp-aaaaabun,71.996,70.246,1.750,25.159,20.403,4.756
mp-aaaaabuo,66.397,72.372,5.975,37.237,38.010,0.773
mp-aaaaabup,67.024,69.375,2.351,34.535,23.872,10.663
mp-aaaaabur,59.958,72.739,12.781,-3.394,-6.424,3.030
mp-aaaaabus,129.858,153.209,23.351,71.568,63.967,7.601
mp-aaaaabut,183.190,154.746,28.444,110.136,81.920,28.216
mp-aaaaabux,35.919,25.313,10.606,24.771,30.371,5.600
mp-aaaaabuy,138.173,111.843,26.330,114.779,101.364,13.415
mp-aaaaabuz,184.157,212.149,27.992,42.108,44.698,2.590
mp-aaaaabva,194.579,170.059,24.520,156.409,171.079,14.670
mp-aaaaabvc,22.392,34.377,11.985,10.902,13.910,3.008
mp-aaaaabvh,66.947,84.415,17.468,26.442,30.244,3.802
mp-aaaaabvj,217.363,210.943,6.420,121.695,113.151,8.544
mp-aaaaabvk,265.997,237.940,28.057,83.581,105.387,21.806
mp-aaaaabvl,79.958,81.681,1.723,14.854,36.902,22.048
mp-aaaaabvn,227.385,244.765,17.380,82.089,88.018,5.929
mp-aaaaabvo,55.860,54.633,1.227,14.117,11.988,2.129
mp-aaaaabvr,98.200,131.584,33.384,60.310,54.992,5.318
mp-aaaaabvs,99.911,79.041,20.870,42.662,29.297,13.365
mp-aaaaabvx,24.670,65.064,40.394,9.666,31.845,22.179
mp-aaaaabvy,161.822,165.774,3.952,-44.270,40.478,84.748
mp-aaaaabvz,117.399,162.513,45.114,72.314,58.701,13.613
mp-aaaaabwb,92.210,72.152,20.058,51.311,66.035,14.724
mp-aaaaabwc,58.376,68.452,10.076,31.582,29.457,2.125
mp-aaaaabwd,232.563,202.488,30.075,101.713,108.147,6.434
mp-aaaaabwe,118.380,80.287,38.093,89.180,87.501,1.679
mp-aaaaabwf,35.501,29.677,5.824,21.416,31.571,10.155
mp-aaaaabwi,74.229,67.502,6.727,50.758,42.562,8.196
mp-aaaaabwl,59.791,92.429,32.638,53.601,34.937,18.664
mp-aaaaabwm,106.301,92.243,14.058,46.203,32.882,13.321
mp-aaaaabwn,37.377,30.846,6.531,21.060,11.823,9.237
mp-aaaaabwp,200.183,279.181,78.998,92.494,60.348,32.146
mp-aaaaabwq,113.161,115.156,1.995,21.558,14.827,6.731
mp-aaaaabwr,151.450,127.711,23.739,118.820,121.418,2.598
mp-aaaaabws,23.909,20.296,3.613,15.694,11.402,4.292
mp-aaaaabwt,35.167,70.472,35.305,3.296,11.671,8.375
mp-aaaaabwv,90.438,77.071,13.367,39.284,28.898,10.386
mp-aaaaabwy,265.536,233.566,31.970,105.327,130.793,25.466
mp-aaaaabxa,165.111,172.020,6.909,50.421,67.347,16.926
mp-aaaaabxb,251.363,212.796,38.567,129.281,121.888,7.393
mp-aaaaabxe,127.293,102.543,24.750,86.698,68.341,18.357
mp-aaaaabxf,306.305,319.254,12.949,181.327,160.865,20.462
mp-aaaaabxg,65.928,64.919,1.009,20.060,25.368,5.308
mp-aaaaabxh,273.207,265.576,7.631,126.573,137.247,10.674
mp-aaaaabxi,306.705,213.022,93.683,208.742,199.191,9.551
mp-aaaaabxl,209.304,178.488,30.816,87.687,76.592,11.095
mp-aaaaabxr,55.358,48.550,6.808,29.738,30.189,0.451
mp-aaaaabxu,,,,49.343,33.194,16.149
mp-aaaaabxw,174.535,190.902,16.367,75.967,75.403,0.564
mp-aaaaabxz,206.108,188.268,17.840,65.451,51.059,14.392
mp-aaaaabyc,122.030,140.965,18.935,,,
mp-aaaaabyg,85.595,74.777,10.818,43.904,47.102,3.198
mp-aaaaabyh,42.172,57.344,15.172,20.189,31.483,11.294
mp-aaaaabyp,74.305,36.956,37.349,51.763,33.060,18.703
mp-aaaaabyr,84.037,108.678,24.641,57.702,61.858,4.156
mp-aaaaabyt,88.453,56.893,31.560,48.267,29.852,18.415
mp-aaaaabyv,39.053,55.747,16.694,18.412,20.407,1.995
mp-aaaaabza,165.507,151.136,14.371,-37.310,-35.682,1.628
mp-aaaaabzb,37.564,42.936,5.372,20.725,20.074,0.651
mp-aaaaabzd,52.576,48.262,4.314,26.802,22.346,4.456
mp-aaaaabze,252.764,209.946,42.818,,,
mp-aaaaabzf,55.449,58.791,3.342,31.607,37.159,5.552
mp-aaaaabzg,240.773,190.543,50.230,121.292,132.037,10.745
mp-aaaaabzi,59.240,103.651,44.411,31.783,27.725,4.058
mp-aaaaabzj,195.793,182.600,13.193,68.158,74.648,6.490
mp-aaaaabzk,155.722,123.156,32.566,34.529,9.316,25.213
mp-aaaaabzn,313.146,297.078,16.068,205.818,169.276,36.542
mp-aaaaabzo,27.869,12.018,15.851,19.013,19.505,0.492
mp-aaaaabzp,146.115,152.929,6.814,48.875,41.963,6.912
mp-aaaaabzq,68.281,83.864,15.583,37.058,31.987,5.071
mp-aaaaabzr,108.469,95.528,12.941,38.425,34.898,3.527
mp-aaaaabzt,52.775,55.854,3.079,33.528,38.270,4.742
mp-aaaaabzu,228.689,225.600,3.089,207.712,162.882,44.830
mp-aaaaabzv,108.466,110.968,2.502,57.835,41.313,16.522
mp-aaaaabzx,117.262,96.979,20.283,51.148,41.361,9.787
mp-aaaaacaa,247.481,248.541,1.060,147.586,113.713,33.873
mp-aaaaacae,87.651,81.385,6.266,29.488,31.912,2.424
mp-aaaaacaf,149.168,126.283,22.885,97.011,116.546,19.535
mp-aaaaacag,198.438,266.072,67.634,87.843,78.919,8.924
mp-aaaaacah,258.818,236.361,22.457,109.754,106.439,3.315
mp-aaaaacaj,105.860,88.189,17.671,54.983,58.567,3.584
mp-aaaaacam,76.598,85.192,8.594,22.852,37.206,14.354
mp-aaaaacap,54.228,52.972,1.256,46.085,23.036,23.049
mp-aaaaacaq,105.749,111.535,5.786,32.407,50.375,17.968
mp-aaaaacat,64.308,75.434,11.126,23.339,34.711,11.372
mp-aaaaacav,171.519,153.976,17.543,20.090,-19.225,39.315
mp-aaaaacaz,94.521,80.828,13.693,32.470,25.292,7.178
mp-aaaaacba,40.769,94.200,53.431,30.156,33.575,3.419
mp-aaaaacbc,135.455,133.304,2.151,55.505,56.939,1.434
mp-aaaaacbh,49.695,57.699,8.004,24.161,28.889,4.728
mp-aaaaacbj,161.804,179.161,17.357,0.675,51.835,51.160
mp-aaaaacbk,154.129,140.170,13.959,61.485,47.908,13.577
mp-aaaaacbn,78.406,104.507,26.101,18.365,39.183,20.818
mp-aaaaacbp,53.102,65.109,12.007,14.399,22.266,7.867
mp-aaaaacbq,22.839,27.363,4.524,7.730,14.180,6.450
mp-aaaaacbr,230.974,226.147,4.827,84.674,108.013,23.339
mp-aaaaacbt,11.617,4.357,7.260,5.003,8.635,3.632
mp-aaaaacbv,92.438,113.119,20.681,26.205,34.981,8.776
mp-aaaaacbw,222.256,207.384,14.872,94.600,80.520,14.080
mp-aaaaacbx,103.307,88.110,15.197,60.056,57.953,2.103
mp-aaaaacby,110.170,99.916,10.254,42.419,38.541,3.878
mp-aaaaacbz,76.960,65.164,11.796,37.195,32.168,5.027
mp-aaaaacca,89.162,86.781,2.381,15.441,11.396,4.045
mp-aaaaaccb,80.709,80.182,0.527,53.889,42.148,11.741
mp-aaaaaccc,46.537,32.083,14.454,29.189,18.858,10.331
mp-aaaaaccd,74.501,31.389,43.112,46.162,40.165,5.997
mp-aaaaacce,45.593,50.376,4.783,19.452,14.403,5.049
mp-aaaaaccf,189.888,185.908,3.980,96.324,99.447,3.123
mp-aaaaaccg,163.580,157.691,5.889,123.389,107.953,15.436
mp-aaaaacch,14.330,116.253,101.923,8.130,10.826,2.696
mp-aaaaacci,119.611,111.874,7.737,20.295,23.738,3.443
mp-aaaaaccj,187.136,167.422,19.714,138.396,140.088,1.692
mp-aaaaaccl,47.761,37.814,9.947,32.174,19.596,12.578
mp-aaaaaccm,33.398,24.784,8.614,27.791,26.605,1.186
mp-aaaaacco,199.381,219.356,19.975,99.899,92.945,6.954
mp-aaaaacct,117.335,135.690,18.355,42.118,21.060,21.058
mp-aaaaaccu,122.742,126.762,4.020,42.129,46.152,4.023
mp-aaaaaccv,198.812,192.908,5.904,72.775,76.209,3.434
mp-aaaaaccx,156.458,141.308,15.150,73.089,73.762,0.673
mp-aaaaaccz,,,,51.645,40.126,11.519
mp-aaaaacdb,203.381,164.561,38.820,142.935,126.545,16.390
mp-aaaaacdc,144.862,145.764,0.902,92.441,76.137,16.304
mp-aaaaacde,24.506,120.242,95.736,16.102,23.956,7.854
mp-aaaaacdh,35.162,31.223,3.939,11.921,22.530,10.609
mp-aaaaacdi,267.921,265.494,2.427,149.210,129.806,19.404
mp-aaaaacdj,203.794,178.235,25.559,80.898,82.591,1.693
mp-aaaaacdl,18.380,50.927,32.547,4.644,1.519,3.125
mp-aaaaacdo,35.875,23.402,12.473,15.863,20.091,4.228
mp-aaaaacdr,76.170,57.873,18.297,29.406,18.388,11.018
mp-aaaaacds,74.648,58.671,15.977,18.258,26.322,8.064
mp-aaaaacdv,205.078,197.756,7.322,77.484,91.852,14.368
mp-aaaaacdx,73.490,54.974,18.516,28.425,31.993,3.568
mp-aaaaacec,218.977,187.658,31.319,102.506,84.643,17.863
mp-aaaaaced,337.979,331.316,6.663,,,
mp-aaaaaceh,174.499,191.248,16.749,65.070,59.295,5.775
mp-aaaaacep,100.330,84.336,15.994,55.844,47.355,8.489
mp-aaaaaceq,237.763,202.195,35.568,,,
mp-aaaaacer,337.469,221.333,116.136,85.018,103.715,18.697
mp-aaaaaces,183.793,172.331,11.462,136.862,150.490,13.628
mp-aaaaaceu,99.417,59.871,39.546,53.382,43.688,9.694
mp-aaaaacev,31.472,60.234,28.762,18.639,32.237,13.598
mp-aaaaacex,162.017,134.684,27.333,161.948,163.518,1.570
mp-aaaaacez,42.065,22.539,19.526,6.146,9.274,3.128
mp-aaaaacfa,107.690,69.905,37.785,69.751,69.846,0.095
mp-aaaaacfb,221.514,206.067,15.447,83.860,98.216,14.356
mp-aaaaacfe,146.220,141.152,5.068,7.305,40.226,32.921
mp-aaaaacff,157.340,143.046,14.294,70.652,64.887,5.765
mp-aaaaacfi,127.118,128.510,1.392,15.302,20.394,5.092
mp-aaaaacfj,283.799,321.657,37.858,,,
mp-aaaaacfn,202.819,314.193,111.374,90.008,82.588,7.420
mp-aaaaacfp,289.035,313.683,24.648,146.051,129.167,16.884
mp-aaaaacfs,41.171,49.965,8.794,24.774,24.285,0.489
mp-aaaaacft,199.949,187.178,12.771,63.445,75.256,11.811
mp-aaaaacfu,129.675,120.897,8.778,38.584,47.442,8.858
mp-aaaaacfx,43.263,47.324,4.061,21.014,22.359,1.345
mp-aaaaacgb,16.845,18.869,2.024,11.679,7.431,4.248
mp-aaaaacgg,210.847,161.873,48.974,,,
mp-aaaaacgh,126.046,113.769,12.277,96.722,101.436,4.714
mp-aaaaacgk,171.204,156.689,14.515,73.359,56.299,17.060
mp-aaaaacgl,37.042,32.305,4.737,23.516,24.713,1.197
mp-aaaaacgn,107.671,91.257,16.414,52.551,64.997,12.446
mp-aaaaacgo,162.063,116.135,45.928,125.990,102.829,23.161
mp-aaaaacgp,126.441,96.514,29.927,83.188,87.882,4.694
mp-aaaaacgs,104.414,72.735,31.679,47.479,34.639,12.840
mp-aaaaacgt,84.123,51.242,32.881,22.729,30.410,7.681
mp-aaaaacgv,147.522,151.134,3.612,70.328,61.950,8.378
mp-aaaaacgz,41.606,46.512,4.906,16.713,16.183,0.530
mp-aaaaacha,93.243,63.265,29.978,42.129,32.089,10.040
mp-aaaaachb,85.829,100.122,14.293,26.002,26.200,0.198
mp-aaaaachf,94.136,59.010,35.126,55.771,31.722,24.049
mp-aaaaachg,55.065,50.208,4.857,19.277,17.480,1.797
mp-aaaaachh,74.870,46.426,28.444,53.631,42.650,10.981
mp-aaaaachi,163.074,164.544,1.470,152.469,129.382,23.087
mp-aaaaachj,110.087,111.222,1.135,51.923,52.449,0.526
mp-aaaaachl,201.402,175.072,26.330,86.842,52.854,33.988
mp-aaaaachm,41.005,43.234,2.229,24.698,23.308,1.390
mp-aaaaachn,120.170,117.732,2.438,60.390,67.193,6.803
mp-aaaaacho,37.078,41.391,4.313,21.807,21.172,0.635
mp-aaaaachp,169.757,166.308,3.449,71.121,68.633,2.488
mp-aaaaachq,82.769,68.235,14.534,47.415,46.558,0.857
mp-aaaaachr,87.362,103.998,16.636,47.591,20.081,27.510
mp-aaaaachs,295.211,239.999,55.212,151.829,193.744,41.915
mp-aaaaacht,149.455,155.980,6.525,73.617,63.708,9.909
mp-aaaaachv,171.734,150.533,21.201,80.374,57.763,22.611
mp-aaaaachx,57.636,70.142,12.506,34.450,21.842,12.608
mp-aaaaachy,80.634,60.224,20.410,31.664,29.541,2.123
mp-aaaaachz,110.105,134.595,24.490,77.845,77.041,0.804
mp-aaaaacia,54.332,56.049,1.717,21.792,21.312,0.480
mp-aaaaacib,80.122,62.609,17.513,29.910,23.113,6.797
mp-aaaaacic,117.752,132.959,15.207,106.867,96.084,10.783
mp-aaaaacid,53.572,55.329,1.757,38.383,36.118,2.265
mp-aaaaacif,235.389,154.859,80.530,103.516,83.874,19.642
mp-aaaaacig,92.119,123.874,31.755,59.905,43.076,16.829
mp-aaaaacih,154.083,189.805,35.722,65.856,62.057,3.799
mp-aaaaacij,200.504,134.967,65.537,,,
mp-aaaaacik,88.230,125.510,37.280,32.771,33.802,1.031
mp-aaaaacil,111.571,94.895,16.676,42.251,31.634,10.617
mp-aaaaacim,14.135,11.273,2.862,9.134,20.047,10.913
mp-aaaaacin,82.369,92.362,9.993,31.702,45.005,13.303
mp-aaaaacip,58.177,87.062,28.885,23.224,3.228,19.996
mp-aaaaacis,216.564,188.539,28.025,105.892,84.551,21.341
mp-aaaaacit,120.452,138.615,18.163,44.098,22.618,21.480
mp-aaaaaciu,304.766,305.491,0.725,139.843,131.267,8.576
mp-aaaaaciv,9.944,60.400,50.456,8.605,24.042,15.437
mp-aaaaaciz,208.895,189.927,18.968,109.487,85.849,23.638
mp-aaaaacja,58.638,73.515,14.877,31.963,22.847,9.116
mp-aaaaacjd,199.407,193.640,5.767,71.552,77.408,5.856
mp-aaaaacje,179.312,121.979,57.333,70.648,106.155,35.507
mp-aaaaacjf,159.382,145.568,13.814,112.747,105.911,6.836
mp-aaaaacjg,52.909,69.189,16.280,14.653,25.081,10.428
mp-aaaaacji,173.653,164.471,9.182,44.062,55.044,10.982
mp-aaaaacjj,135.559,125.823,9.736,49.941,53.089,3.148
mp-aaaaacjl,206.152,194.477,11.675,92.078,43.904,48.174
mp-aaaaacjm,24.781,30.954,6.173,14.892,10.399,4.493
mp-aaaaacjp,253.312,237.225,16.087,75.517,100.682,25.165
mp-aaaaacjq,6.090,31.260,25.170,4.007,24.594,20.587
mp-aaaaacjr,76.098,69.639,6.459,44.081,33.634,10.447
mp-aaaaacjs,213.174,146.652,66.522,58.894,56.585,2.309
mp-aaaaacju,176.852,123.650,53.202,63.241,50.151,13.090
mp-aaaaacjv,98.016,104.359,6.343,39.517,37.332,2.185
mp-aaaaacjw,82.284,53.263,29.021,14.568,24.637,10.069
mp-aaaaacjx,275.177,273.223,1.954,107.470,117.661,10.191
mp-aaaaacjy,96.236,77.327,18.909,42.109,28.245,13.864
mp-aaaaacki,219.443,190.055,29.388,189.139,197.788,8.649
mp-aaaaackl,99.884,77.290,22.594,43.445,29.795,13.650
mp-aaaaackp,98.313,117.938,19.625,62.627,51.910,10.717
mp-aaaaacks,105.270,85.923,19.347,58.772,34.190,24.582
mp-aaaaackw,18.747,80.250,61.503,12.625,5.956,6.669
mp-aaaaackx,40.716,41.668,0.952,20.807,21.179,0.372
mp-aaaaackz,296.640,254.447,42.193,183.029,164.128,18.901
mp-aaaaacla,47.886,52.174,4.288,32.398,28.428,3.970
mp-aaaaaclb,373.617,259.593,114.024,,,
mp-aaaaaclc,60.210,125.719,65.509,28.625,31.148,2.523
mp-aaaaacld,73.845,88.283,14.438,48.058,45.688,2.370
mp-aaaaacle,418.890,315.213,103.677,,,
mp-aaaaaclg,58.601,64.708,6.107,-0.334,9.722,10.056
mp-aaaaacli,25.438,33.849,8.411,5.618,19.901,14.283
mp-aaaaaclk,98.031,100.146,2.116,77.342,60.500,16.842
mp-aaaaacll,193.206,215.466,22.260,31.661,11.282,20.379
mp-aaaaaclo,140.545,124.055,16.490,58.525,41.113,17.412
mp-aaaaaclq,-0.000,106.680,106.680,14.102,18.666,4.564
mp-aaaaaclr,239.465,595.385,355.920,91.056,79.306,11.750
mp-aaaaaclv,194.385,173.041,21.344,131.709,100.412,31.297
mp-aaaaacly,65.345,56.350,8.995,-43.513,-3.408,40.105
mp-aaaaacma,194.620,170.123,24.497,77.739,64.593,13.146
mp-aaaaacmc,96.675,56.078,40.597,47.098,29.987,17.111
mp-aaaaacmd,208.679,180.644,28.035,54.043,64.158,10.115
mp-aaaaacmg,166.177,164.827,1.350,69.080,46.401,22.679
mp-aaaaacmh,56.612,83.488,26.876,,,
mp-aaaaacmi,56.852,58.294,1.442,39.145,14.818,24.327
mp-aaaaacmk,71.671,55.785,15.886,27.766,27.546,0.220
mp-aaaaacmn,197.598,118.289,79.309,148.915,135.142,13.773
mp-aaaaacmr,44.031,43.539,0.492,24.189,23.673,0.516
mp-aaaaacms,117.987,81.894,36.093,65.248,52.384,12.864
mp-aaaaacmt,15.158,35.270,20.112,11.664,6.326,5.338
mp-aaaaacmu,114.545,107.861,6.684,19.123,7.053,12.070
mp-aaaaacmx,73.421,61.727,11.694,24.388,23.624,0.764
mp-aaaaacmy,79.218,84.729,5.511,53.691,38.958,14.733
mp-aaaaacmz,262.427,237.623,24.804,79.393,62.453,16.940
mp-aaaaacna,21.703,66.204,44.501,15.800,18.313,2.513
mp-aaaaacnc,144.365,117.801,26.564,23.585,42.058,18.473
mp-aaaaacnf,119.540,144.647,25.107,48.318,-18.385,66.703
mp-aaaaacng,111.855,110.743,1.112,45.078,33.897,11.181
mp-aaaaacnh,163.153,145.413,17.740,73.747,66.846,6.901
mp-aaaaacni,32.734,29.531,3.203,21.427,24.904,3.477
mp-aaaaacnj,183.355,162.579,20.776,102.319,97.728,4.591
mp-aaaaacnk,194.648,163.763,30.885,120.714,121.391,0.677
mp-aaaaacnm,131.545,121.466,10.079,42.873,43.439,0.566
mp-aaaaacno,52.499,48.122,4.377,22.879,20.441,2.438
mp-aaaaacnp,125.537,98.899,26.638,75.478,66.883,8.595
mp-aaaaacns,61.724,53.812,7.912,21.921,21.165,0.756
mp-aaaaacnt,130.716,102.830,27.886,129.399,100.568,28.831
mp-aaaaacnv,78.243,79.653,1.410,51.693,50.475,1.218
mp-aaaaacny,182.055,172.750,9.305,128.034,156.562,28.528
mp-aaaaacoa,233.122,223.745,9.377,105.314,92.123,13.191
mp-aaaaacoc,147.055,129.544,17.511,71.586,66.363,5.223
mp-aaaaacod,158.704,119.189,39.515,69.543,70.714,1.171
mp-aaaaacoe,157.736,182.705,24.969,22.054,17.711,4.343
mp-aaaaacog,83.349,91.527,8.178,42.179,34.945,7.234
mp-aaaaacoh,88.376,69.218,19.158,63.453,57.475,5.978
mp-aaaaacoj,44.942,38.814,6.128,23.828,16.813,7.015
mp-aaaaacol,52.527,60.394,7.867,34.563,53.044,18.481
mp-aaaaacon,91.626,61.804,29.822,26.401,24.954,1.447
mp-aaaaacoo,30.305,47.161,16.856,18.207,23.475,5.268
mp-aaaaacop,,,,3.970,32.609,28.639
mp-aaaaacos,59.683,50.940,8.743,35.088,27.645,7.443
mp-aaaaacot,40.053,94.938,54.885,-118.011,-75.479,42.532
mp-aaaaacow,72.532,67.903,4.629,48.426,35.937,12.489
mp-aaaaacpb,152.527,160.308,7.781,85.160,93.906,8.746
mp-aaaaacpd,133.404,123.993,9.411,55.025,46.785,8.240
mp-aaaaacpe,104.298,81.620,22.678,56.418,57.979,1.561
mp-aaaaacpf,13.039,1.165,11.874,7.260,8.457,1.197
mp-aaaaacpg,86.452,66.152,20.300,36.997,29.763,7.234
mp-aaaaacph,56.287,60.560,4.273,6.588,31.983,25.395
mp-aaaaacpj,79.402,94.006,14.604,30.308,45.236,14.928
mp-aaaaacpk,87.904,101.792,13.888,19.987,33.546,13.559
mp-aaaaacpl,100.068,91.163,8.905,47.870,32.358,15.512
mp-aaaaacpm,72.435,75.398,2.963,37.696,31.013,6.683
mp-aaaaacpn,127.051,126.930,0.121,37.609,20.357,17.252
mp-aaaaacpo,195.950,209.174,13.224,135.517,109.049,26.468
mp-aaaaacpp,90.207,80.201,10.006,30.837,27.702,3.135
mp-aaaaacpt,365.570,193.280,172.290,,,
mp-aaaaacpu,160.655,149.474,11.181,62.270,52.954,9.316
mp-aaaaacpy,102.797,72.334,30.463,43.054,36.461,6.593
mp-aaaaacpz,150.148,114.872,35.276,70.015,55.930,14.085
mp-aaaaacqa,182.831,221.259,38.428,122.559,14.393,108.166
mp-aaaaacqb,104.823,106.039,1.216,29.332,39.500,10.168
mp-aaaaacqf,337.733,303.812,33.921,,,
mp-aaaaacqg,171.507,177.573,6.066,164.724,144.229,20.495
mp-aaaaacqh,72.865,89.506,16.641,20.977,25.395,4.418
mp-aaaaacqi,256.399,254.714,1.685,93.359,89.099,4.260
mp-aaaaacqj,28.204,43.254,15.050,19.528,28.385,8.857
mp-aaaaacqk,207.897,105.843,102.054,153.975,131.946,22.029
mp-aaaaacql,39.676,50.341,10.665,26.050,4.151,21.899
mp-aaaaacqm,138.583,124.959,13.624,58.070,58.827,0.757
mp-aaaaacqo,81.738,75.006,6.732,39.590,25.390,14.200
mp-aaaaacqp,51.147,41.528,9.619,15.494,8.643,6.851
mp-aaaaacqq,21.461,39.985,18.524,9.864,-4.962,14.826
mp-aaaaacqr,54.454,61.618,7.164,31.033,21.415,9.618
mp-aaaaacqs,137.742,119.685,18.057,71.311,58.505,12.806
mp-aaaaacqt,38.838,40.206,1.368,26.322,17.788,8.534
mp-aaaaacqx,131.181,135.348,4.167,77.568,76.957,0.611
mp-aaaaacqz,105.452,91.660,13.792,37.599,39.294,1.695
mp-aaaaacra,243.273,146.866,96.407,148.783,154.421,5.638
mp-aaaaacrb,93.987,52.154,41.833,27.834,19.613,8.221
mp-aaaaacre,45.536,39.283,6.253,28.847,19.466,9.381
mp-aaaaacrf,247.841,178.011,69.830,123.870,125.771,1.901
mp-aaaaacri,25.187,72.131,46.944,11.629,23.822,12.193
mp-aaaaacrk,253.773,209.290,44.483,180.178,99.827,80.351
mp-aaaaacrr,45.790,41.403,4.387,10.847,19.322,8.475
mp-aaaaacru,52.275,59.351,7.076,8.453,24.594,16.141
mp-aaaaacry,7.258,31.447,24.189,4.652,11.784,7.132
mp-aaaaacrz,82.545,100.230,17.685,56.104,59.824,3.720
mp-aaaaacsa,62.187,61.770,0.417,44.285,30.535,13.750
mp-aaaaacsb,23.208,64.609,41.401,17.056,10.913,6.143
mp-aaaaacsc,118.615,95.782,22.833,71.121,55.789,15.332
mp-aaaaacsd,113.960,117.149,3.189,60.543,42.043,18.500
mp-aaaaacsf,79.248,72.322,6.926,34.066,25.821,8.245
mp-aaaaacsh,48.048,61.211,13.163,23.313,38.104,14.791
mp-aaaaacsl,90.516,84.768,5.748,27.279,25.321,1.958
mp-aaaaacsm,178.329,168.519,9.810,71.862,76.283,4.421
mp-aaaaacso,70.958,73.915,2.957,21.595,40.231,18.636
mp-aaaaacsq,20.394,1.101,19.293,9.644,13.658,4.014
mp-aaaaacsr,71.128,38.373,32.755,31.116,27.256,3.860
mp-aaaaacsu,190.856,163.533,27.323,78.901,77.258,1.643
mp-aaaaacsv,298.389,326.711,28.322,102.452,120.820,18.368
mp-aaaaacsw,126.155,103.559,22.596,103.510,102.991,0.519
mp-aaaaactc,110.797,51.298,59.499,76.970,66.318,10.652
mp-aaaaactd,193.549,163.162,30.387,101.560,106.437,4.877
mp-aaaaactf,130.558,120.179,10.379,18.528,28.326,9.798
mp-aaaaactg,14.284,6.109,8.175,11.448,21.429,9.981
mp-aaaaacti,91.067,64.501,26.566,35.417,0.899,34.518
mp-aaaaactl,31.809,39.754,7.945,15.006,19.975,4.969
mp-aaaaacto,69.385,76.555,7.170,42.891,36.187,6.704
mp-aaaaactt,206.530,136.658,69.872,72.566,50.396,22.170
mp-aaaaactu,24.246,59.180,34.934,9.593,9.261,0.332
mp-aaaaactv,228.033,178.527,49.506,83.263,86.098,2.835
mp-aaaaactw,146.997,158.162,11.165,82.483,94.079,11.596
mp-aaaaactx,150.478,134.900,15.578,46.087,41.380,4.707
mp-aaaaactz,222.238,185.999,36.240,102.436,86.229,16.207
mp-aaaaacub,94.832,69.421,25.411,35.487,41.414,5.927
mp-aaaaacuc,10.712,124.755,114.043,6.562,26.204,19.642
mp-aaaaacue,53.469,43.516,9.953,31.014,28.246,2.768
mp-aaaaacuf,76.786,86.428,9.642,59.484,46.214,13.270
mp-aaaaacug,125.555,127.640,2.085,129.905,89.910,39.995
mp-aaaaacuh,17.244,71.041,53.797,55.552,26.426,29.126
mp-aaaaacui,13.266,29.987,16.721,8.100,17.019,8.919
mp-aaaaacuk,90.279,79.305,10.974,36.849,34.488,2.361
mp-aaaaacul,38.189,46.071,7.882,27.868,17.500,10.368
mp-aaaaacun,229.406,241.824,12.418,119.385,112.144,7.241
mp-aaaaacus,311.129,278.248,32.881,205.308,205.708,0.400
mp-aaaaacut,72.010,75.119,3.109,18.401,38.907,20.506
mp-aaaaacuw,380.208,210.537,169.671,,,
mp-aaaaacux,231.521,231.410,0.111,-43.789,33.929,77.718
mp-aaaaacva,89.084,89.798,0.714,47.956,41.266,6.690
mp-aaaaacvd,32.685,35.760,3.075,8.992,20.044,11.052
mp-aaaaacve,132.501,113.209,19.292,-50.153,-17.506,32.647
mp-aaaaacvf,50.737,59.579,8.842,29.625,32.962,3.337
mp-aaaaacvj,20.685,36.408,15.723,14.171,12.857,1.314
mp-aaaaacvl,33.099,35.848,2.749,20.642,18.526,2.116
mp-aaaaacvm,146.347,138.886,7.461,65.083,51.453,13.630
mp-aaaaacvn,58.694,66.076,7.382,28.745,21.094,7.651
mp-aaaaacvo,89.933,103.581,13.648,39.732,22.946,16.786
mp-aaaaacvp,177.756,176.891,0.865,75.459,67.209,8.250
mp-aaaaacvq,73.693,54.450,19.243,52.980,41.426,11.554
mp-aaaaacvr,220.866,275.791,54.925,140.537,115.729,24.808
mp-aaaaacvs,35.232,63.185,27.953,-13.372,-3.527,9.845
mp-aaaaacvu,198.729,195.889,2.840,74.969,48.345,26.624
mp-aaaaacvx,83.002,65.532,17.470,49.635,24.359,25.276
mp-aaaaacvy,137.146,52.087,85.059,92.704,81.841,10.863
mp-aaaaacwa,90.719,86.145,4.574,65.542,44.089,21.453
mp-aaaaacwb,132.151,71.924,60.227,48.734,32.497,16.237
mp-aaaaacwc,83.173,78.740,4.433,34.701,24.348,10.353
mp-aaaaacwf,174.362,171.297,3.065,117.480,90.934,26.546
mp-aaaaacwi,232.709,170.544,62.165,84.517,85.259,0.742
mp-aaaaacwj,116.742,186.760,70.018,38.179,37.953,0.226
mp-aaaaacwk,41.652,50.684,9.032,22.505,21.268,1.237
mp-aaaaacwl,21.701,31.144,9.443,13.481,10.551,2.930
mp-aaaaacwm,175.774,151.198,24.576,92.363,84.334,8.029
mp-aaaaacwn,38.498,51.571,13.073,22.182,13.894,8.288
mp-aaaaacwo,231.614,172.407,59.207,146.396,129.790,16.606
mp-aaaaacwp,123.362,116.364,6.998,47.466,47.989,0.523
mp-aaaaacwr,152.550,143.763,8.787,42.594,39.776,2.818
mp-aaaaacwt,15.789,11.233,4.556,8.947,20.008,11.061
mp-aaaaacwu,143.928,156.823,12.895,115.879,135.141,19.262
mp-aaaaacwy,48.529,59.981,11.452,14.165,6.893,7.272
mp-aaaaacwz,181.973,129.812,52.161,54.384,39.865,14.519
mp-aaaaacxd,113.483,112.294,1.189,68.456,68.303,0.153
mp-aaaaacxe,136.947,215.278,78.331,112.016,126.246,14.230
mp-aaaaacxf,73.462,53.553,19.909,28.142,30.548,2.406
mp-aaaaacxg,76.021,64.365,11.656,50.722,34.338,16.384
mp-aaaaacxi,32.317,29.224,3.093,20.197,10.738,9.459
mp-aaaaacxj,196.245,184.621,11.624,78.729,60.651,18.078
mp-aaaaacxk,78.600,109.610,31.010,68.452,40.631,27.821
mp-aaaaacxl,98.421,106.556,8.135,40.299,29.032,11.267
mp-aaaaacxn,227.229,182.798,44.431,76.178,58.208,17.970
mp-aaaaacxs,116.022,126.558,10.536,39.070,36.842,2.228
mp-aaaaacxt,96.221,89.241,6.980,69.318,62.668,6.650
mp-aaaaacxv,73.432,53.005,20.427,32.372,29.802,2.570
mp-aaaaacxx,122.973,94.827,28.146,86.662,74.521,12.141
mp-aaaaacxz,172.542,146.398,26.144,137.490,132.462,5.028
mp-aaaaacya,51.077,52.861,1.784,6.594,31.095,24.501
mp-aaaaacyb,56.558,61.277,4.719,16.292,10.791,5.501
mp-aaaaacyd,127.535,122.813,4.722,49.519,51.223,1.704
mp-aaaaacyg,132.661,127.092,5.569,63.079,53.005,10.074
mp-aaaaacyi,31.338,89.810,58.472,16.914,14.204,2.710
mp-aaaaacyj,408.257,276.725,131.532,,,
mp-aaaaacyk,129.269,93.700,35.569,40.506,38.456,2.050
mp-aaaaacyn,215.330,199.714,15.616,131.920,120.239,11.681
mp-aaaaacyo,49.199,51.415,2.216,27.370,35.257,7.887
mp-aaaaacys,252.303,263.270,10.967,,,
mp-aaaaacyt,97.481,99.877,2.396,36.052,22.532,13.520
mp-aaaaacyu,191.377,233.233,41.856,86.186,87.982,1.796
mp-aaaaacyx,12.830,52.124,39.294,10.310,34.342,24.032
mp-aaaaacyy,69.631,27.632,41.999,23.155,29.719,6.564
mp-aaaaacyz,44.459,47.734,3.275,17.852,15.848,2.004
mp-aaaaacze,239.084,209.425,29.659,123.848,111.821,12.027
mp-aaaaaczg,135.973,138.370,2.397,111.737,115.084,3.347
mp-aaaaaczj,99.646,112.088,12.442,46.377,37.786,8.591
mp-aaaaaczk,32.253,39.524,7.271,13.906,15.047,1.141
mp-aaaaaczm,87.469,88.115,0.646,60.670,56.241,4.429
mp-aaaaaczo,98.368,95.450,2.918,35.656,28.851,6.805
mp-aaaaaczq,171.541,179.916,8.375,83.814,81.740,2.074
mp-aaaaaczr,128.334,183.640,55.306,3.610,8.153,4.543
mp-aaaaaczx,130.956,109.867,21.089,120.416,101.583,18.833
mp-aaaaaczz,123.980,125.660,1.680,60.459,54.148,6.311
mp-aaaaadaa,156.483,95.054,61.429,103.427,77.632,25.795
mp-aaaaadac,172.042,89.275,82.767,121.491,117.191,4.300
mp-aaaaadad,135.017,135.603,0.586,126.036,108.461,17.575
mp-aaaaadaf,201.929,183.443,18.486,73.848,73.235,0.613
mp-aaaaadag,334.971,223.831,111.140,167.632,184.572,16.940
mp-aaaaadak,95.742,73.861,21.881,1.080,33.673,32.593
mp-aaaaadal,173.191,88.512,84.679,39.923,28.220,11.703
mp-aaaaadaw,61.329,83.235,21.906,35.415,32.949,2.466
mp-aaaaadax,67.310,65.910,1.400,20.287,25.721,5.434
mp-aaaaaday,85.701,81.509,4.192,51.516,55.149,3.633
mp-aaaaadaz,173.865,128.700,45.165,82.544,43.388,39.156
mp-aaaaadbc,105.255,112.445,7.190,47.072,50.148,3.076
mp-aaaaadbd,167.701,179.200,11.499,152.964,147.822,5.142
mp-aaaaadbe,217.964,220.596,2.632,81.818,90.527,8.709
mp-aaaaadbf,161.259,126.679,34.580,85.622,88.433,2.811
mp-aaaaadbh,58.019,69.278,11.259,26.727,15.027,11.700
mp-aaaaadbi,79.133,88.311,9.178,37.317,49.017,11.700
mp-aaaaadbj,121.654,116.876,4.778,39.845,37.279,2.566
mp-aaaaadbl,60.377,55.905,4.472,34.361,25.584,8.777
mp-aaaaadbo,55.159,75.875,20.716,28.711,52.197,23.486
mp-aaaaadbq,127.327,110.672,16.655,72.800,63.956,8.844
mp-aaaaadbr,64.514,86.084,21.570,34.222,24.001,10.221
mp-aaaaadbu,32.535,27.010,5.525,25.620,26.135,0.515
mp-aaaaadbv,294.140,264.235,29.905,,,
mp-aaaaadbw,15.882,53.698,37.816,11.720,5.956,5.764
mp-aaaaadbx,41.646,37.101,4.545,19.610,20.852,1.242
mp-aaaaadby,127.744,125.228,2.516,62.551,51.893,10.658
mp-aaaaadbz,14.668,-41.864,56.532,8.536,23.444,14.908
mp-aaaaadcc,275.878,319.307,43.429,95.703,83.242,12.461
mp-aaaaadcd,110.242,128.377,18.135,33.475,50.246,16.771
mp-aaaaadcf,,,,27.460,28.238,0.778
mp-aaaaadci,74.275,78.241,3.966,49.823,46.405,3.418
mp-aaaaadcj,19.908,48.139,28.231,10.753,12.011,1.258
mp-aaaaadck,189.836,168.577,21.259,91.403,106.004,14.601
mp-aaaaadcl,257.602,288.043,30.441,199.016,175.276,23.740
mp-aaaaadcn,42.665,66.053,23.388,21.141,22.476,1.335
mp-aaaaadcr,29.755,77.601,47.846,21.245,34.290,13.045
mp-aaaaadcs,192.391,220.394,28.003,31.442,24.367,7.075
mp-aaaaadcw,70.295,67.214,3.081,46.687,26.890,19.797
mp-aaaaadcx,135.617,133.646,1.971,23.973,21.211,2.762
mp-aaaaadcz,143.703,126.596,17.107,95.210,92.624,2.586
mp-aaaaaddc,139.791,136.703,3.088,94.124,78.826,15.298
mp-aaaaaddi,159.077,167.989,8.912,120.831,57.809,63.022
mp-aaaaaddl,157.952,162.749,4.797,120.579,109.190,11.389
mp-aaaaaddn,114.409,126.200,11.791,39.897,23.374,16.523
mp-aaaaaddo,76.004,78.575,2.571,33.252,27.176,6.076
mp-aaaaaddp,86.500,87.534,1.034,67.045,57.354,9.691
mp-aaaaaddr,174.046,132.125,41.921,59.048,62.238,3.190
mp-aaaaaddt,22.059,22.045,0.014,17.938,22.704,4.766
mp-aaaaaddu,278.691,278.937,0.246,150.309,142.397,7.912
mp-aaaaaddw,56.496,68.951,12.455,24.132,30.227,6.095
mp-aaaaaddx,66.327,78.286,11.959,18.615,8.451,10.164
mp-aaaaaddy,72.924,107.510,34.586,50.812,55.393,4.581
mp-aaaaaddz,39.156,69.930,30.774,20.283,22.139,1.856
mp-aaaaadea,127.896,272.859,144.963,97.244,114.793,17.549
mp-aaaaadeb,128.167,94.915,33.252,42.921,38.256,4.665
mp-aaaaadec,76.715,87.580,10.865,59.683,46.670,13.013
mp-aaaaadef,71.061,76.799,5.738,33.400,35.510,2.110
mp-aaaaadek,130.119,52.825,77.294,88.304,68.758,19.546
mp-aaaaadel,99.592,76.732,22.860,-87.276,-99.124,11.848
mp-aaaaaden,87.942,102.680,14.738,22.573,38.421,15.848
mp-aaaaades,28.302,29.705,1.403,14.972,13.166,1.806
mp-aaaaadet,49.768,61.718,11.950,19.098,5.359,13.739
mp-aaaaadeu,147.351,145.464,1.887,72.438,60.955,11.483
mp-aaaaadew,69.440,82.051,12.611,50.428,49.288,1.140
mp-aaaaadey,18.003,42.434,24.431,15.707,29.125,13.418
mp-aaaaadez,398.598,174.483,224.115,146.476,157.035,10.559
mp-aaaaadfb,64.339,65.054,0.715,21.366,22.082,0.716
mp-aaaaadfc,14.436,30.775,16.339,-8.269,5.832,14.101
mp-aaaaadff,113.966,110.595,3.371,41.480,37.279,4.201
mp-aaaaadfg,75.814,96.152,20.338,45.381,47.846,2.465
mp-aaaaadfj,66.847,59.350,7.497,18.225,21.312,3.087
mp-aaaaadfk,27.105,45.747,18.642,19.801,18.811,0.990
mp-aaaaadfm,66.968,88.039,21.071,30.516,31.126,0.610
mp-aaaaadfo,67.291,79.141,11.850,39.773,26.401,13.372
mp-aaaaadfp,40.395,49.351,8.956,33.316,47.378,14.062
mp-aaaaadfs,42.833,51.218,8.385,22.571,17.837,4.734
mp-aaaaadfv,228.620,202.317,26.303,69.775,85.311,15.536
mp-aaaaadfw,84.365,101.826,17.461,49.015,59.338,10.323
mp-aaaaadfy,64.044,60.113,3.931,29.701,33.818,4.117
mp-aaaaadfz,101.246,72.397,28.849,25.536,16.204,9.332
mp-aaaaadgc,79.229,93.322,14.093,-40.282,22.852,63.134
mp-aaaaadgd,90.133,85.110,5.023,45.424,52.099,6.675
mp-aaaaadgf,47.608,77.673,30.065,28.803,49.379,20.576
mp-aaaaadgh,58.352,83.420,25.068,35.969,34.102,1.867
mp-aaaaadgi,259.986,280.212,20.226,51.850,61.008,9.158
mp-aaaaadgk,11.057,0.745,10.312,5.916,17.041,11.125
mp-aaaaadgp,210.833,189.519,21.314,99.533,87.082,12.451
mp-aaaaadgr,46.512,43.457,3.055,27.177,4.507,22.670
mp-aaaaadgt,172.001,183.521,11.520,84.351,60.460,23.891
mp-aaaaadgu,53.979,52.751,1.228,16.800,24.343,7.543
mp-aaaaadgv,102.592,100.857,1.735,40.255,21.082,19.173
mp-aaaaadgw,191.768,104.346,87.422,52.371,59.402,7.031
mp-aaaaadgx,21.189,22.616,1.427,14.307,10.273,4.034
mp-aaaaadha,105.385,71.164,34.221,29.697,34.942,5.245
mp-aaaaadhb,219.134,188.907,30.227,96.288,83.917,12.371
mp-aaaaadhc,119.727,103.173,16.554,58.070,41.908,16.162
mp-aaaaadhd,184.902,213.910,29.008,87.323,80.849,6.474
mp-aaaaadhe,44.234,40.909,3.325,24.287,21.139,3.148
mp-aaaaadhf,77.590,66.521,11.069,33.498,26.566,6.932
mp-aaaaadhl,97.936,85.647,12.289,39.298,35.938,3.360
mp-aaaaadhm,69.323,55.710,13.613,21.852,17.154,4.698
mp-aaaaadhp,154.342,138.092,16.250,145.090,144.978,0.112
mp-aaaaadhq,91.251,84.292,6.959,34.497,22.872,11.625
mp-aaaaadhs,42.316,44.799,2.483,19.228,23.418,4.190
mp-aaaaadht,166.374,137.884,28.490,62.567,50.910,11.657
mp-aaaaadhv,23.336,31.378,8.042,18.459,4.204,14.255
mp-aaaaadhw,0.589,71.276,70.687,0.419,8.522,8.103
mp-aaaaadhx,71.978,80.482,8.504,24.919,13.932,10.987
mp-aaaaadhy,69.360,57.176,12.184,33.204,25.124,8.080
mp-aaaaadib,146.533,66.435,80.098,49.766,46.725,3.041
mp-aaaaadig,21.382,24.557,3.175,16.528,18.922,2.394
mp-aaaaadih,178.147,168.055,10.092,98.782,102.660,3.878
mp-aaaaadij,222.026,176.761,45.265,133.615,129.709,3.906
mp-aaaaadil,24.282,133.209,108.927,7.425,25.242,17.817
mp-aaaaadio,166.427,145.192,21.235,73.267,68.667,4.600
mp-aaaaadip,51.984,93.496,41.512,33.607,40.499,6.892
mp-aaaaadiq,191.130,174.172,16.958,195.809,169.441,26.368
mp-aaaaadis,201.586,155.251,46.335,104.324,105.876,1.552
mp-aaaaadiw,104.875,141.400,36.525,44.872,48.153,3.281
mp-aaaaadiy,200.390,247.898,47.508,92.583,68.891,23.692
mp-aaaaadjb,216.325,237.312,20.987,101.732,79.688,22.044
mp-aaaaadjc,80.602,83.011,2.409,54.614,47.778,6.836
mp-aaaaadjd,40.461,58.029,17.568,22.507,12.953,9.554
mp-aaaaadjf,168.393,174.875,6.482,159.190,141.249,17.941
mp-aaaaadjg,65.884,53.397,12.487,23.666,23.759,0.093
mp-aaaaadjh,58.849,77.702,18.853,-89.327,-97.810,8.483
mp-aaaaadjl,75.098,67.550,7.548,20.968,17.946,3.022
mp-aaaaadjn,4.717,5.428,0.711,2.694,25.482,22.788
mp-aaaaadjs,74.484,29.946,44.538,24.776,33.769,8.993
mp-aaaaadjt,55.790,68.265,12.475,32.903,27.623,5.280
mp-aaaaadjv,128.339,104.671,23.668,48.526,32.115,16.411
mp-aaaaadjw,30.338,60.970,30.632,11.136,24.566,13.430
mp-aaaaadjx,48.777,101.579,52.802,20.990,29.180,8.190
mp-aaaaadjy,33.677,21.364,12.313,26.985,18.033,8.952
mp-aaaaadjz,184.478,216.878,32.400,90.948,106.067,15.119
mp-aaaaadkd,141.692,144.976,3.284,31.996,71.991,39.995
mp-aaaaadke,114.974,111.489,3.485,39.632,29.582,10.050
mp-aaaaadkf,53.225,42.909,10.316,13.311,15.474,2.163
mp-aaaaadkg,150.642,165.573,14.931,34.510,68.443,33.933
mp-aaaaadki,199.918,188.976,10.942,56.587,41.450,15.137
mp-aaaaadkj,101.733,102.049,0.316,37.086,16.487,20.599
mp-aaaaadkn,125.545,125.665,0.120,75.904,97.194,21.290
mp-aaaaadko,189.638,225.390,35.752,71.205,71.245,0.040
mp-aaaaadkp,59.752,55.980,3.772,25.072,32.890,7.818
mp-aaaaadkr,349.501,224.632,124.869,,,
mp-aaaaadks,37.949,36.056,1.893,25.636,17.676,7.960
mp-aaaaadkw,105.752,96.962,8.790,37.359,18.127,19.232
mp-aaaaadkx,242.599,160.092,82.507,147.840,117.664,30.176
mp-aaaaadkz,38.920,33.404,5.516,14.062,11.136,2.926
mp-aaaaadlc,63.975,63.400,0.575,34.632,34.069,0.563
mp-aaaaadld,114.252,132.831,18.579,59.861,46.048,13.813
mp-aaaaadle,223.238,205.340,17.898,61.973,116.504,54.531
mp-aaaaadli,79.891,66.401,13.490,61.069,34.924,26.145
mp-aaaaadlj,142.088,148.796,6.708,30.953,64.713,33.760
mp-aaaaadln,79.295,91.955,12.660,24.042,37.715,13.673
mp-aaaaadlq,68.479,47.330,21.149,42.182,25.548,16.634
mp-aaaaadlr,300.149,278.914,21.235,,,
mp-aaaaadlt,115.770,95.914,19.856,50.728,30.764,19.964
mp-aaaaadlu,71.228,47.096,24.132,31.884,28.131,3.753
mp-aaaaadlx,183.341,135.746,47.595,71.054,79.580,8.526
mp-aaaaadly,65.918,61.547,4.371,35.596,30.700,4.896
mp-aaaaadlz,157.855,146.944,10.911,56.112,47.873,8.239
mp-aaaaadma,49.866,63.798,13.932,29.996,27.675,2.321
mp-aaaaadmb,65.179,143.961,78.782,44.749,45.358,0.609
mp-aaaaadmd,40.919,55.989,15.070,28.207,11.413,16.794
mp-aaaaadmf,143.814,104.684,39.130,63.498,49.015,14.483
mp-aaaaadmh,116.720,131.880,15.160,18.447,33.757,15.310
mp-aaaaadmi,119.202,88.773,30.429,46.202,31.981,14.221
mp-aaaaadmj,55.533,60.860,5.327,25.172,29.436,4.264
mp-aaaaadmk,83.314,74.008,9.306,40.885,26.356,14.529
mp-aaaaadml,179.331,176.013,3.318,77.422,59.574,17.848
mp-aaaaadmm,45.868,60.255,14.387,30.580,22.771,7.809
mp-aaaaadmo,118.442,108.117,10.325,68.833,46.772,22.061
mp-aaaaadmp,240.145,359.416,119.271,,,
mp-aaaaadmu,48.071,44.241,3.830,33.926,31.605,2.321
mp-aaaaadmv,111.876,121.225,9.349,23.687,48.132,24.445
mp-aaaaadmx,304.609,193.185,111.424,,,
mp-aaaaadmy,206.710,191.706,15.004,104.185,64.821,39.364
mp-aaaaadnb,92.301,109.649,17.348,38.059,32.717,5.342
mp-aaaaadnd,97.577,99.615,2.038,39.635,28.079,11.556
mp-aaaaadne,139.425,125.231,14.194,63.816,58.490,5.326
mp-aaaaadnf,13.543,16.331,2.788,13.907,8.596,5.311
mp-aaaaadnn,173.636,165.154,8.482,55.782,94.442,38.660
mp-aaaaadnp,114.582,111.210,3.372,44.030,39.414,4.616
mp-aaaaadns,71.271,81.129,9.858,44.222,38.651,5.571
mp-aaaaadnt,242.207,215.793,26.414,77.779,81.076,3.297
mp-aaaaadnw,46.602,40.793,5.809,19.072,17.563,1.509
mp-aaaaadnz,107.848,102.850,4.998,39.152,33.308,5.844
mp-aaaaadob,46.531,50.433,3.902,15.556,9.036,6.520
mp-aaaaadoe,,,,29.350,22.922,6.428
mp-aaaaadoh,65.407,37.233,28.174,31.429,15.444,15.985
mp-aaaaadoi,24.869,33.036,8.167,14.479,13.119,1.360
mp-aaaaadok,17.961,51.102,33.141,10.842,16.922,6.080
mp-aaaaadol,169.488,170.714,1.226,70.920,46.361,24.559
mp-aaaaadom,55.931,51.562,4.369,35.322,26.716,8.605
mp-aaaaadoo,62.662,76.746,14.084,43.682,23.795,19.887
mp-aaaaadoq,144.994,136.135,8.859,37.740,43.338,5.598
mp-aaaaados,60.814,54.419,6.395,21.072,26.367,5.295
mp-aaaaadov,43.376,53.587,10.211,30.324,28.350,1.974
mp-aaaaadoz,212.008,273.045,61.037,96.074,90.586,5.488
mp-aaaaadpe,74.361,68.369,5.992,49.575,42.819,6.756
mp-aaaaadpf,126.337,88.850,37.487,-46.911,-39.329,7.582
mp-aaaaadpg,70.032,63.509,6.523,33.134,36.381,3.247
mp-aaaaadpi,41.392,61.491,20.099,18.419,12.897,5.522
mp-aaaaadpm,108.179,106.582,1.597,71.611,75.555,3.944
mp-aaaaadpn,47.250,53.833,6.583,19.207,11.747,7.460
mp-aaaaadpo,30.093,18.731,11.362,22.012,16.531,5.481
mp-aaaaadpq,25.126,32.906,7.780,18.121,20.957,2.836
mp-aaaaadpr,377.141,124.414,252.727,59.059,58.343,0.716
mp-aaaaadqa,179.773,176.184,3.589,58.842,48.306,10.536
mp-aaaaadqf,248.556,208.164,40.392,148.259,105.470,42.789
mp-aaaaadqg,37.561,36.453,1.108,22.571,26.551,3.980
mp-aaaaadqh,71.776,77.585,5.809,44.156,38.625,5.531
mp-aaaaadqk,163.482,182.163,18.681,77.415,78.016,0.601
mp-aaaaadql,166.406,162.470,3.936,119.207,100.896,18.311
mp-aaaaadqo,142.644,202.975,60.331,120.173,68.231,51.942
mp-aaaaadqp,35.186,41.534,6.348,23.996,6.147,17.849
mp-aaaaadqq,152.954,146.697,6.257,69.138,52.558,16.580
mp-aaaaadqs,99.806,78.127,21.679,34.941,37.383,2.442
mp-aaaaadqt,113.817,118.902,5.085,46.961,46.188,0.773
mp-aaaaadqv,172.498,175.928,3.430,72.237,59.134,13.103
mp-aaaaadqw,103.810,99.763,4.047,43.716,18.826,24.890
mp-aaaaadqz,53.240,49.929,3.311,17.126,21.556,4.430
mp-aaaaadra,96.900,74.322,22.578,42.673,30.390,12.283
mp-aaaaadrc,84.990,50.443,34.547,55.772,43.291,12.481
mp-aaaaadre,65.962,56.282,9.680,20.315,23.234,2.919
mp-aaaaadri,175.204,137.140,38.064,142.400,147.786,5.386
mp-aaaaadrl,56.418,52.762,3.656,30.526,33.722,3.196
mp-aaaaadrm,56.560,82.954,26.394,15.017,0.315,14.702
mp-aaaaadro,57.389,61.713,4.324,13.663,21.464,7.801
mp-aaaaadrq,173.368,132.287,41.081,76.295,47.448,28.847
mp-aaaaadrs,209.102,226.453,17.351,77.908,91.755,13.847
mp-aaaaadrt,178.518,140.384,38.134,29.992,36.878,6.886
mp-aaaaadru,76.335,63.219,13.116,51.463,43.998,7.465
mp-aaaaadrv,83.657,67.526,16.131,28.368,26.225,2.143
mp-aaaaadrx,143.060,130.352,12.708,76.604,81.488,4.884
mp-aaaaadrz,84.639,65.261,19.378,35.905,26.238,9.667
mp-aaaaadsd,32.012,46.113,14.101,20.384,28.897,8.513
mp-aaaaadse,112.579,120.436,7.857,68.610,66.445,2.165
mp-aaaaadsf,293.327,277.998,15.329,147.601,152.240,4.639
mp-aaaaadsl,18.273,10.525,7.748,12.041,15.650,3.609
mp-aaaaadsn,170.311,198.736,28.425,76.264,67.221,9.043
mp-aaaaadso,101.293,66.924,34.369,-60.291,34.680,94.971
mp-aaaaadsq,151.799,136.118,15.681,44.754,48.528,3.774
mp-aaaaadsr,136.486,113.347,23.139,84.294,76.068,8.226
mp-aaaaadst,231.851,245.881,14.030,95.103,95.395,0.292
mp-aaaaadsu,60.055,57.425,2.630,30.473,25.612,4.861
mp-aaaaadsv,36.705,32.974,3.731,22.286,27.159,4.873
mp-aaaaadsy,62.342,83.119,20.777,36.301,32.853,3.448
mp-aaaaadtc,70.177,72.299,2.122,53.203,38.739,14.464
mp-aaaaadtd,54.408,50.455,3.953,13.044,12.603,0.441
mp-aaaaadth,138.487,112.018,26.469,50.280,53.470,3.190
mp-aaaaadti,26.076,27.321,1.245,18.389,12.107,6.282
mp-aaaaadtk,57.203,51.121,6.082,20.901,22.383,1.482
mp-aaaaadtl,234.511,122.251,112.260,94.330,111.884,17.554
mp-aaaaadtm,60.742,59.850,0.892,40.715,23.762,16.953
mp-aaaaadto,238.119,260.481,22.362,98.426,84.286,14.140
mp-aaaaadts,254.937,227.399,27.538,125.024,110.852,14.172
mp-aaaaadtu,208.037,106.086,101.951,156.717,132.251,24.466
mp-aaaaadtz,60.162,64.989,4.827,,,
mp-aaaaadua,71.138,94.796,23.658,51.563,37.749,13.814
mp-aaaaadud,,,,71.871,56.736,15.135
mp-aaaaadue,89.234,127.158,37.924,77.836,60.666,17.170
mp-aaaaaduf,127.500,96.881,30.619,108.178,95.865,12.313
mp-aaaaadug,122.019,128.444,6.425,98.236,101.934,3.698
mp-aaaaadui,35.834,43.081,7.247,4.601,2.060,2.541
mp-aaaaaduj,103.887,79.170,24.717,54.176,57.064,2.889
mp-aaaaaduk,36.230,39.418,3.188,23.128,23.489,0.361
mp-aaaaadum,115.477,92.409,23.068,47.565,34.324,13.241
mp-aaaaaduo,60.391,76.108,15.717,16.136,3.131,13.005
mp-aaaaadup,93.807,59.911,33.896,23.207,23.114,0.093
mp-aaaaaduq,19.806,21.909,2.103,11.488,13.155,1.667
mp-aaaaadus,54.416,95.117,40.701,29.524,14.948,14.576
mp-aaaaadut,192.130,207.265,15.135,52.199,59.669,7.470
mp-aaaaaduu,85.401,97.613,12.212,29.796,35.617,5.821
mp-aaaaaduy,25.640,26.998,1.358,16.339,10.139,6.200
mp-aaaaaduz,95.504,76.826,18.678,53.340,58.741,5.401
mp-aaaaadva,167.345,162.793,4.552,50.773,87.854,37.081
mp-aaaaadvd,238.125,215.154,22.971,151.231,108.856,42.375
mp-aaaaadve,57.823,51.885,5.938,22.605,22.402,0.203
mp-aaaaadvg,263.884,253.629,10.255,198.028,190.386,7.642
mp-aaaaadvi,142.135,131.989,10.146,111.779,113.911,2.132
mp-aaaaadvj,187.501,170.952,16.549,51.647,38.386,13.261
mp-aaaaadvp,129.089,112.574,16.515,86.082,93.227,7.145
mp-aaaaadvs,205.746,150.594,55.152,180.217,176.656,3.561
mp-aaaaadvw,151.141,151.172,0.031,85.399,111.236,25.837
mp-aaaaadvx,39.529,22.600,16.929,13.030,12.236,0.794
mp-aaaaadvy,105.592,147.727,42.135,60.636,63.584,2.948
mp-aaaaadwa,31.625,34.275,2.650,14.228,7.243,6.985
mp-aaaaadwc,71.185,67.187,3.998,45.687,37.943,7.744
mp-aaaaadwe,37.266,31.694,5.572,22.167,15.682,6.485
mp-aaaaadwf,105.841,51.308,54.533,74.209,57.487,16.722
mp-aaaaadwg,99.329,86.863,12.466,39.724,27.334,12.390
mp-aaaaadwk,13.020,70.817,57.797,-12.335,34.011,46.346
mp-aaaaadwl,39.558,49.226,9.668,22.184,29.015,6.831
mp-aaaaadwm,48.853,62.025,13.172,41.317,31.260,10.057
mp-aaaaadwo,106.503,101.732,4.771,83.451,77.978,5.473
mp-aaaaadwp,49.020,42.528,6.492,26.359,18.567,7.792
mp-aaaaadwq,192.353,193.734,1.381,81.895,81.747,0.148
mp-aaaaadws,74.554,74.931,0.377,32.809,23.409,9.400
mp-aaaaadwt,110.972,139.022,28.050,60.628,57.854,2.774
mp-aaaaadwu,91.134,88.994,2.140,65.591,48.659,16.932
mp-aaaaadwv,69.968,69.914,0.054,16.924,24.522,7.598
mp-aaaaadwy,49.576,71.689,22.113,28.771,23.747,5.024
mp-aaaaadwz,184.425,137.141,47.284,100.718,62.752,37.966
mp-aaaaadxb,76.570,80.324,3.754,52.475,44.023,8.452
mp-aaaaadxe,47.378,70.441,23.063,11.912,24.836,12.924
mp-aaaaadxh,229.910,126.451,103.459,139.960,116.748,23.212
mp-aaaaadxi,312.566,286.465,26.101,209.500,208.279,1.221
mp-aaaaadxk,216.967,39.716,177.251,21.921,23.957,2.036
mp-aaaaadxl,78.292,50.387,27.905,30.010,20.493,9.517
mp-aaaaadxn,21.088,79.034,57.946,11.725,11.256,0.469
mp-aaaaadxo,76.698,73.559,3.139,51.167,36.640,14.527
mp-aaaaadxq,73.469,73.004,0.465,27.634,15.186,12.448
mp-aaaaadxr,132.608,128.605,4.003,57.910,55.127,2.783
mp-aaaaadxs,148.223,142.334,5.889,69.404,75.833,6.429
mp-aaaaadxt,131.006,134.169,3.163,69.809,56.361,13.448
mp-aaaaadxu,42.369,40.756,1.613,17.743,22.631,4.888
mp-aaaaadxv,104.282,112.084,7.802,39.149,36.076,3.073
mp-aaaaadxw,13.237,124.791,111.554,7.500,26.121,18.621
mp-aaaaadxx,106.734,78.438,28.296,-62.135,29.007,91.142
mp-aaaaadya,138.413,88.395,50.018,62.199,49.721,12.478
mp-aaaaadyb,373.485,261.074,112.411,,,
mp-aaaaadyc,32.575,32.647,0.072,21.529,31.241,9.712
mp-aaaaadyf,208.538,177.654,30.884,107.377,92.472,14.905
mp-aaaaadyg,170.575,178.474,7.899,96.914,103.273,6.359
mp-aaaaadyh,35.899,123.300,87.401,18.796,51.525,32.729
mp-aaaaadyj,44.145,49.284,5.139,30.984,37.501,6.517
mp-aaaaadyk,173.538,163.273,10.265,127.428,123.615,3.813
mp-aaaaadyl,203.600,167.757,35.843,81.716,72.142,9.574
mp-aaaaadym,224.438,180.693,43.745,64.903,85.096,20.193
mp-aaaaadyn,151.337,165.218,13.881,15.680,14.399,1.281
mp-aaaaadyo,82.324,92.518,10.194,35.331,42.278,6.947
mp-aaaaadyp,10.059,11.156,1.097,6.137,1.572,4.565
mp-aaaaadyq,121.507,86.234,35.273,44.278,43.506,0.772
mp-aaaaadys,166.129,148.103,18.026,,,
mp-aaaaadyu,32.413,48.518,16.105,16.455,11.901,4.554
mp-aaaaadyw,162.277,128.002,34.275,73.500,38.634,34.866
mp-aaaaadyx,,,,194.497,108.359,86.138
mp-aaaaadyy,167.518,119.455,48.063,119.142,113.276,5.866
mp-aaaaadyz,143.721,140.205,3.516,55.443,47.395,8.048
mp-aaaaadza,241.671,219.580,22.091,140.060,104.432,35.628
mp-aaaaadzc,181.750,170.040,11.710,134.517,104.651,29.866
mp-aaaaadze,104.082,118.894,14.812,59.183,68.152,8.969
mp-aaaaadzg,73.518,70.964,2.554,52.463,37.304,15.159
mp-aaaaadzh,114.745,103.493,11.252,38.262,26.476,11.786
mp-aaaaadzi,33.874,46.751,12.877,15.634,36.130,20.496
mp-aaaaadzk,69.380,69.529,0.149,43.833,34.207,9.626
mp-aaaaadzl,117.852,145.533,27.681,50.220,47.915,2.305
mp-aaaaadzn,44.641,35.500,9.141,14.743,7.230,7.513
mp-aaaaadzo,227.539,218.006,9.533,,,
mp-aaaaadzp,48.326,55.582,7.256,29.365,14.853,14.512
mp-aaaaadzq,64.416,77.572,13.156,45.077,39.921,5.156
mp-aaaaadzr,128.863,146.250,17.387,87.742,66.489,21.253
mp-aaaaadzs,63.271,65.531,2.260,36.044,24.988,11.056
mp-aaaaadzt,71.147,67.996,3.151,44.189,42.690,1.499
mp-aaaaadzu,84.831,77.082,7.749,20.657,38.105,17.448
mp-aaaaadzv,62.216,65.850,3.634,43.161,43.855,0.694
mp-aaaaadzw,61.714,68.040,6.326,41.833,43.071,1.238
mp-aaaaadzx,314.396,292.404,21.992,195.263,207.993,12.730
mp-aaaaaeab,247.745,220.781,26.964,108.174,108.275,0.101
mp-aaaaaeac,36.861,34.669,2.192,31.729,37.349,5.620
mp-aaaaaead,71.721,89.170,17.449,13.117,39.686,26.569
mp-aaaaaeae,103.215,106.163,2.948,28.692,13.343,15.349
mp-aaaaaeaj,140.411,241.796,101.385,56.862,63.235,6.373
mp-aaaaaeal,121.796,138.692,16.896,90.498,90.306,0.192
mp-aaaaaeam,150.897,148.746,2.151,38.050,42.590,4.540
mp-aaaaaeaq,151.763,129.727,22.036,67.611,69.037,1.426
mp-aaaaaear,120.983,122.047,1.064,47.005,47.648,0.643
mp-aaaaaeat,269.435,233.095,36.340,106.561,81.475,25.086
mp-aaaaaeau,59.906,74.920,15.014,34.455,30.919,3.536
mp-aaaaaeav,196.495,252.423,55.928,86.675,76.296,10.379
mp-aaaaaeay,265.335,245.980,19.355,186.427,141.734,44.693
mp-aaaaaeaz,119.380,96.571,22.809,38.727,57.556,18.829
mp-aaaaaeba,34.160,61.176,27.016,13.132,12.732,0.400
mp-aaaaaebb,97.756,91.813,5.943,73.321,61.636,11.685
mp-aaaaaebc,223.688,243.557,19.869,80.823,76.801,4.022
mp-aaaaaebd,142.751,116.617,26.134,104.805,111.975,7.170
mp-aaaaaebf,188.867,54.172,134.695,17.012,40.792,23.780
mp-aaaaaebi,78.297,104.179,25.882,23.865,28.622,4.757
mp-aaaaaebj,31.468,25.764,5.704,28.985,25.719,3.266
mp-aaaaaebk,215.833,123.611,92.222,50.054,56.995,6.941
mp-aaaaaebl,80.160,68.292,11.868,37.856,38.303,0.447
mp-aaaaaebn,72.655,66.499,6.156,24.820,32.287,7.467
mp-aaaaaebo,79.812,74.433,5.379,34.789,24.335,10.454
mp-aaaaaebq,333.899,244.857,89.042,189.755,184.332,5.423
mp-aaaaaebr,126.101,112.884,13.217,45.911,48.689,2.778
mp-aaaaaebs,62.335,68.276,5.941,44.203,38.174,6.029
mp-aaaaaebt,124.060,108.469,15.591,108.384,108.653,0.269
mp-aaaaaebu,42.043,48.694,6.651,25.838,24.255,1.583
mp-aaaaaebw,184.705,145.003,39.702,64.460,66.724,2.264
mp-aaaaaecb,90.157,83.014,7.143,31.869,10.913,20.956
mp-aaaaaecc,41.256,36.529,4.727,27.097,22.537,4.560
mp-aaaaaece,235.464,218.732,16.732,160.992,161.546,0.554
mp-aaaaaecg,196.294,250.687,54.393,88.026,66.253,21.773
mp-aaaaaecl,116.187,112.871,3.316,80.336,68.197,12.139
mp-aaaaaecm,24.595,27.282,2.687,14.750,18.869,4.119
mp-aaaaaecq,113.590,79.006,34.584,89.522,81.376,8.146
mp-aaaaaecr,196.762,169.238,27.524,120.555,136.433,15.878
mp-aaaaaect,54.006,63.817,9.811,19.453,37.743,18.290
mp-aaaaaecu,65.975,103.747,37.772,11.065,17.110,6.045
mp-aaaaaecw,68.602,68.023,0.579,18.274,24.423,6.149
mp-aaaaaecy,85.127,76.760,8.367,32.298,50.356,18.058
mp-aaaaaecz,110.671,109.918,0.753,32.904,29.020,3.884
mp-aaaaaedb,214.601,195.249,19.352,108.228,104.354,3.874
mp-aaaaaedc,19.229,24.065,4.836,11.389,10.513,0.876
mp-aaaaaede,27.439,29.839,2.400,11.457,17.684,6.227
mp-aaaaaedh,5.601,76.139,70.538,3.922,11.981,8.059
mp-aaaaaedl,9.015,48.598,39.583,6.012,18.171,12.159
mp-aaaaaedm,230.615,214.167,16.449,87.878,86.934,0.944
mp-aaaaaedn,219.051,222.414,3.363,159.251,115.237,44.014
mp-aaaaaedp,108.450,108.789,0.339,42.488,47.216,4.728
mp-aaaaaeds,129.573,69.675,59.898,100.190,76.809,23.381
mp-aaaaaedu,198.115,195.550,2.565,98.917,86.789,12.128
mp-aaaaaedz,90.559,78.098,12.461,61.629,60.790,0.839
mp-aaaaaeea,164.388,124.381,40.007,42.540,10.314,32.226
mp-aaaaaeeb,16.114,19.447,3.333,8.865,17.727,8.862
mp-aaaaaeed,332.975,326.151,6.824,196.526,212.548,16.022
mp-aaaaaeee,122.739,135.492,12.753,72.045,58.733,13.312
mp-aaaaaeeg,85.657,96.804,11.147,-19.520,24.183,43.703
mp-aaaaaeeh,25.575,135.832,110.257,18.973,5.309,13.664
mp-aaaaaeei,45.139,43.570,1.569,17.053,18.427,1.374
mp-aaaaaeel,37.644,22.629,15.015,2.024,7.351,5.327
mp-aaaaaeeo,84.968,76.873,8.095,27.123,29.791,2.668
mp-aaaaaeep,78.398,80.505,2.107,51.947,44.862,7.085
mp-aaaaaeeq,157.601,136.043,21.558,52.588,49.626,2.962
mp-aaaaaeer,129.717,124.615,5.102,49.925,52.406,2.481
mp-aaaaaees,76.765,65.730,11.035,26.429,24.545,1.884
mp-aaaaaeet,170.478,123.682,46.796,50.237,51.066,0.829
mp-aaaaaeeu,270.382,296.189,25.807,164.261,132.837,31.424
mp-aaaaaeex,168.069,175.186,7.117,77.686,38.002,39.684
mp-aaaaaeey,55.481,32.239,23.242,30.395,34.454,4.059
mp-aaaaaefd,,,,44.484,44.469,0.015
mp-aaaaaefe,183.584,151.103,32.481,76.268,44.978,31.290
mp-aaaaaeff,95.240,117.342,22.102,34.764,32.343,2.421
mp-aaaaaefh,94.180,95.436,1.256,31.990,62.825,30.835
mp-aaaaaefk,106.389,115.323,8.934,45.354,48.073,2.719
mp-aaaaaefl,121.630,135.853,14.223,33.728,48.659,14.931
mp-aaaaaefn,180.963,198.081,17.118,137.339,155.586,18.247
mp-aaaaaefq,311.334,335.431,24.097,167.398,173.431,6.033
mp-aaaaaefr,99.681,123.634,23.953,47.367,42.602,4.765
mp-aaaaaefs,441.727,278.374,163.353,,,
mp-aaaaaeft,208.803,188.997,19.806,140.084,128.654,11.430
mp-aaaaaefw,123.190,108.407,14.783,86.605,69.066,17.539
mp-aaaaaefx,200.491,232.300,31.809,155.674,139.251,16.423
mp-aaaaaefy,183.109,157.564,25.545,85.963,86.523,0.560
mp-aaaaaegd,41.295,54.908,13.613,27.145,19.646,7.499
mp-aaaaaegg,119.518,124.215,4.697,70.986,69.781,1.205
mp-aaaaaego,151.630,87.381,64.249,62.028,64.104,2.076
mp-aaaaaegr,115.656,92.420,23.236,75.000,60.495,14.505
mp-aaaaaegs,70.849,84.354,13.505,42.146,44.075,1.929
mp-aaaaaegt,137.515,76.570,60.945,74.953,78.846,3.893
mp-aaaaaegu,264.273,269.290,5.017,125.147,130.907,5.760
mp-aaaaaegy,24.479,46.649,22.170,11.784,9.901,1.883
mp-aaaaaegz,89.188,73.246,15.942,,,
mp-aaaaaehg,97.689,80.134,17.555,48.593,40.948,7.645
mp-aaaaaehh,153.451,152.029,1.422,88.803,91.660,2.857
mp-aaaaaehi,88.353,103.769,15.416,43.605,36.238,7.367
mp-aaaaaehj,119.124,102.932,16.192,74.609,76.882,2.273
mp-aaaaaehr,135.451,129.254,6.197,88.333,68.216,20.117
mp-aaaaaehu,151.827,130.343,21.484,83.385,80.843,2.542
mp-aaaaaehx,87.429,107.628,20.199,39.228,44.652,5.424
mp-aaaaaehy,47.118,62.119,15.001,19.310,36.397,17.087
mp-aaaaaeic,122.782,128.784,6.002,67.694,68.180,0.486
mp-aaaaaeif,119.315,108.648,10.667,75.813,72.998,2.815
mp-aaaaaeig,115.210,58.982,56.228,35.776,31.085,4.691
mp-aaaaaeii,180.191,190.705,10.514,101.264,70.382,30.882
mp-aaaaaeij,151.971,104.966,47.005,,,
mp-aaaaaeil,157.290,139.844,17.446,79.679,62.983,16.696
mp-aaaaaeim,131.020,124.499,6.521,71.958,74.417,2.459
mp-aaaaaeip,59.483,56.706,2.777,23.975,21.641,2.334
mp-aaaaaeiq,17.852,59.358,41.506,8.942,31.414,22.472
mp-aaaaaeis,192.524,111.353,81.171,65.249,72.864,7.615
mp-aaaaaeit,110.301,132.785,22.484,71.679,75.838,4.159
mp-aaaaaeiu,156.022,121.457,34.565,98.283,67.761,30.522
mp-aaaaaeiv,212.950,187.614,25.336,119.223,126.893,7.670
mp-aaaaaeix,61.010,65.837,4.827,28.556,36.501,7.945
mp-aaaaaejj,205.017,227.414,22.397,102.945,100.177,2.768
mp-aaaaaejl,80.390,82.653,2.263,40.148,48.180,8.032
mp-aaaaaejr,69.146,76.002,6.856,41.752,48.156,6.404
mp-aaaaaeju,180.481,163.631,16.850,122.595,107.631,14.964
mp-aaaaaejw,148.752,139.443,9.309,64.218,64.715,0.497
mp-aaaaaejx,72.206,58.091,14.115,34.750,28.897,5.853
mp-aaaaaejz,81.122,73.557,7.565,43.029,50.077,7.048
mp-aaaaaeka,23.903,66.356,42.453,13.819,14.308,0.489
mp-aaaaaekb,123.478,88.040,35.438,70.832,68.359,2.473
mp-aaaaaekd,125.812,152.652,26.840,83.203,78.756,4.447
mp-aaaaaeke,30.716,52.217,21.501,17.370,16.803,0.567
mp-aaaaaekm,131.577,101.188,30.389,-15.263,-7.291,7.972
mp-aaaaaekn,20.693,53.692,32.999,10.103,18.213,8.110
mp-aaaaaekp,161.837,174.222,12.385,95.434,68.539,26.895
mp-aaaaaekx,27.001,31.513,4.512,14.225,16.742,2.517
mp-aaaaaeky,81.563,84.286,2.723,35.873,23.404,12.469
mp-aaaaaela,75.464,73.324,2.140,40.242,35.848,4.394
mp-aaaaaelb,35.463,71.966,36.503,22.715,34.587,11.872
mp-aaaaaelh,181.305,159.695,21.610,124.008,112.306,11.702
mp-aaaaaeli,166.907,138.716,28.191,106.373,71.317,35.056
mp-aaaaaelk,295.563,214.083,81.480,110.737,126.425,15.688
mp-aaaaaelq,5.488,46.566,41.078,5.003,12.634,7.631
mp-aaaaaelv,145.970,188.092,42.122,68.150,65.502,2.648
mp-aaaaaelz,80.400,64.250,16.150,45.737,34.029,11.708
mp-aaaaaemc,118.634,97.643,20.991,73.221,68.301,4.920
mp-aaaaaemd,26.737,15.773,10.964,13.957,3.268,10.689
mp-aaaaaeme,167.842,99.175,68.667,89.357,83.005,6.352
mp-aaaaaemf,38.004,69.075,31.071,22.879,5.819,17.060
mp-aaaaaemg,142.810,114.112,28.698,10.576,-2.559,13.135
mp-aaaaaemp,58.400,68.712,10.312,34.200,39.965,5.765
mp-aaaaaemq,16.780,-0.212,16.992,8.554,10.604,2.050
mp-aaaaaems,76.205,91.761,15.556,48.745,44.392,4.353
mp-aaaaaemt,142.193,109.900,32.293,77.717,77.364,0.353
mp-aaaaaemw,31.433,29.187,2.246,19.260,11.371,7.889
mp-aaaaaemy,205.718,177.506,28.212,120.709,114.748,5.961
mp-aaaaaena,19.560,43.810,24.250,10.152,12.737,2.585
mp-aaaaaenb,58.991,101.549,42.558,7.572,42.118,34.546
mp-aaaaaenf,161.312,156.395,4.917,45.242,74.194,28.952
mp-aaaaaeng,126.252,127.574,1.322,70.395,61.720,8.675
mp-aaaaaeni,170.395,140.207,30.188,103.015,81.964,21.051
mp-aaaaaenl,119.796,108.115,11.681,0.172,41.345,41.173
mp-aaaaaenm,53.936,74.525,20.589,28.120,26.345,1.775
mp-aaaaaenn,199.655,231.173,31.518,90.324,93.400,3.076
mp-aaaaaent,145.700,132.634,13.066,95.952,75.714,20.238
mp-aaaaaenx,108.973,129.677,20.704,26.204,48.879,22.675
mp-aaaaaeoc,47.059,67.653,20.594,4.636,14.378,9.742
mp-aaaaaeok,58.932,69.788,10.856,31.080,40.967,9.887
mp-aaaaaeon,214.562,158.290,56.272,147.365,115.475,31.890
mp-aaaaaeou,165.301,167.686,2.385,62.911,68.643,5.732
mp-aaaaaeoy,223.115,254.845,31.730,105.243,118.023,12.780
mp-aaaaaeoz,225.055,256.182,31.127,105.691,117.071,11.380
mp-aaaaaepa,83.129,70.567,12.562,45.935,52.603,6.668
mp-aaaaaepd,152.124,148.293,3.831,89.341,88.535,0.806
mp-aaaaaepe,178.355,138.675,39.680,80.280,82.839,2.559
mp-aaaaaepi,39.914,49.474,9.560,25.486,31.032,5.546
mp-aaaaaepj,216.088,192.555,23.533,146.872,142.655,4.217
mp-aaaaaepk,100.324,134.528,34.204,40.749,36.911,3.838
mp-aaaaaepl,148.810,117.635,31.175,25.344,22.279,3.065
mp-aaaaaepn,149.786,94.597,55.189,60.464,56.117,4.347
mp-aaaaaepo,158.887,142.153,16.734,83.910,87.609,3.699
mp-aaaaaepp,70.542,65.145,5.397,40.783,27.267,13.516
mp-aaaaaeqi,124.346,115.285,9.061,59.572,76.670,17.098
mp-aaaaaeqq,176.561,91.763,84.798,100.088,68.593,31.495
mp-aaaaaeqs,18.677,23.522,4.845,8.832,13.929,5.097
mp-aaaaaeqw,3.748,92.433,88.685,8.029,40.147,32.118
mp-aaaaaeqx,42.966,55.849,12.883,23.265,25.280,2.015
mp-aaaaaeqy,141.033,151.731,10.698,58.084,52.741,5.343
mp-aaaaaerc,145.085,139.137,5.948,12.014,46.754,34.740
mp-aaaaaerj,174.300,182.545,8.245,121.834,83.758,38.076
mp-aaaaaerm,79.179,64.085,15.094,28.960,38.328,9.368
mp-aaaaaern,31.918,37.572,5.654,19.435,12.740,6.695
mp-aaaaaerp,63.069,83.596,20.527,55.349,39.987,15.362
mp-aaaaaerr,133.913,78.360,55.553,89.091,90.166,1.075
mp-aaaaaers,51.775,68.899,17.124,20.306,17.554,2.752
mp-aaaaaeru,183.234,343.051,159.817,94.675,86.360,8.315
mp-aaaaaesb,56.962,66.472,9.510,39.745,47.668,7.923
mp-aaaaaesl,183.388,175.382,8.006,86.089,85.509,0.580
mp-aaaaaeso,222.108,246.045,23.937,104.945,113.074,8.129
mp-aaaaaess,120.929,201.428,80.499,83.296,110.311,27.015
mp-aaaaaesw,86.815,91.542,4.727,65.462,53.219,12.243
mp-aaaaaesy,161.789,129.192,32.597,76.582,51.418,25.164
mp-aaaaaesz,93.543,93.334,0.209,33.168,40.844,7.676
mp-aaaaaetd,67.604,62.139,5.465,26.290,28.671,2.381
mp-aaaaaetf,146.512,133.757,12.755,65.377,48.964,16.413
mp-aaaaaeth,66.245,82.880,16.635,8.308,23.667,15.359
mp-aaaaaetj,62.062,86.497,24.435,34.524,39.014,4.490
mp-aaaaaetk,52.592,73.000,20.408,43.277,38.786,4.491
mp-aaaaaetm,91.812,105.111,13.299,81.218,75.215,6.003
mp-aaaaaetn,107.491,86.460,21.031,55.720,40.167,15.553
mp-aaaaaets,132.436,171.954,39.518,113.262,89.028,24.234
mp-aaaaaett,114.334,87.504,26.830,27.307,43.737,16.430
mp-aaaaaetu,134.258,119.696,14.562,52.400,57.018,4.618
mp-aaaaaetz,230.004,271.835,41.831,94.235,113.287,19.052
mp-aaaaaeum,104.958,85.562,19.396,54.191,33.200,20.991
mp-aaaaaeup,131.977,128.824,3.153,94.295,91.524,2.771
mp-aaaaaeur,77.539,66.013,11.526,40.884,42.395,1.511
mp-aaaaaeva,33.489,87.699,54.210,21.669,17.904,3.765
mp-aaaaaevf,96.392,97.578,1.186,42.367,58.778,16.411
mp-aaaaaevi,148.022,116.575,31.447,60.410,59.691,0.719
mp-aaaaaevo,115.166,152.864,37.698,22.613,48.155,25.542
mp-aaaaaevt,88.135,69.502,18.633,47.917,33.630,14.287
mp-aaaaaevv,153.159,128.962,24.197,103.192,81.685,21.507
mp-aaaaaevy,165.803,160.648,5.155,51.908,47.630,4.278
mp-aaaaaewb,52.254,81.823,29.569,42.303,43.642,1.339
mp-aaaaaewf,159.267,133.020,26.247,78.213,83.612,5.399
mp-aaaaaewh,40.207,85.271,45.064,18.604,27.742,9.138
mp-aaaaaewk,72.027,69.873,2.154,50.611,45.129,5.482
mp-aaaaaewq,113.474,122.438,8.964,94.425,87.589,6.836
mp-aaaaaewx,94.787,96.167,1.380,55.960,70.409,14.449
mp-aaaaaewz,133.933,119.866,14.067,53.071,55.472,2.401
mp-aaaaaexf,43.400,64.461,21.061,19.340,23.364,4.024
mp-aaaaaexn,161.478,102.594,58.884,54.739,42.966,11.773
mp-aaaaaexv,152.318,70.130,82.188,88.002,76.276,11.726
mp-aaaaaexx,87.924,110.745,22.821,-30.923,36.216,67.139
mp-aaaaaeyb,112.504,109.017,3.487,46.914,52.486,5.572
mp-aaaaaeyi,161.922,150.748,11.174,69.839,36.317,33.522
mp-aaaaaeym,203.111,172.529,30.582,103.041,102.483,0.558
mp-aaaaaeyo,14.996,10.419,4.577,9.292,18.616,9.324
mp-aaaaaeyr,72.969,67.288,5.681,33.161,37.703,4.542
mp-aaaaaeys,80.205,78.613,1.592,39.455,39.776,0.321
mp-aaaaaeyu,163.719,189.941,26.222,69.518,69.187,0.331
mp-aaaaaeyv,139.441,113.260,26.181,83.293,76.694,6.599
mp-aaaaaezf,96.443,66.973,29.470,51.646,67.832,16.186
mp-aaaaaezj,105.020,108.313,3.293,41.918,52.861,10.943
mp-aaaaaezq,164.271,122.722,41.549,91.448,71.971,19.477
mp-aaaaaezs,25.157,14.348,10.809,13.378,11.438,1.940
mp-aaaaaezw,108.931,63.156,45.775,63.505,69.799,6.294
mp-aaaaaezy,155.349,94.732,60.617,92.483,89.527,2.956
mp-aaaaafac,215.108,128.305,86.803,144.683,132.313,12.370
mp-aaaaafae,173.762,154.421,19.341,105.755,83.228,22.527
mp-aaaaafaf,103.811,68.463,35.348,49.586,42.400,7.186
mp-aaaaafah,214.891,131.392,83.499,122.375,125.164,2.789
mp-aaaaafai,326.477,205.648,120.829,83.923,88.881,4.958
mp-aaaaafak,118.289,108.014,10.275,76.153,72.634,3.519
mp-aaaaafar,64.743,66.525,1.782,30.350,23.544,6.806
mp-aaaaafas,74.964,100.531,25.567,28.014,42.546,14.532
mp-aaaaafau,141.054,120.859,20.195,96.788,81.488,15.300
mp-aaaaafaw,38.078,109.571,71.493,30.992,35.569,4.577
mp-aaaaafaz,152.126,150.270,1.856,69.533,99.577,30.044
mp-aaaaafbc,182.218,189.862,7.644,59.449,74.769,15.320
mp-aaaaafbf,34.649,96.946,62.297,15.825,29.750,13.925
mp-aaaaafbg,85.940,88.670,2.730,60.857,55.673,5.184
mp-aaaaafbj,133.202,154.268,21.066,67.203,78.272,11.069
mp-aaaaafbk,50.993,71.092,20.099,28.155,37.389,9.234
mp-aaaaafbv,92.356,80.263,12.093,52.968,52.019,0.949
mp-aaaaafbw,137.352,108.868,28.484,3.312,-6.900,10.212
mp-aaaaafca,103.751,101.793,1.958,66.881,57.680,9.201
mp-aaaaafcb,90.883,111.212,20.329,57.883,70.107,12.224
mp-aaaaafcf,137.291,114.640,22.651,87.990,83.548,4.442
mp-aaaaafcj,151.480,147.417,4.063,88.566,83.957,4.609
mp-aaaaafck,171.657,138.793,32.864,106.112,79.812,26.300
mp-aaaaafcm,138.466,181.402,42.936,67.660,58.958,8.702
mp-aaaaafcq,74.789,52.867,21.922,43.567,40.418,3.149
mp-aaaaafct,64.505,50.659,13.846,8.829,22.550,13.721
mp-aaaaafcx,151.308,130.864,20.444,83.931,81.986,1.945
mp-aaaaafcy,119.971,100.106,19.865,76.235,67.044,9.191
mp-aaaaafdg,232.733,227.098,5.635,118.341,108.864,9.477
mp-aaaaafdi,184.409,185.463,1.054,103.755,82.165,21.590
mp-aaaaafdj,217.544,236.443,18.899,103.100,109.472,6.372
mp-aaaaafdl,145.512,127.807,17.705,60.623,64.425,3.802
mp-aaaaafdm,97.725,102.629,4.904,67.421,73.318,5.897
mp-aaaaafdn,136.781,149.673,12.892,65.972,71.303,5.331
mp-aaaaafdo,38.265,65.731,27.466,20.584,20.864,0.280
mp-aaaaafdt,65.693,68.497,2.804,7.627,19.433,11.806
mp-aaaaafec,19.885,19.420,0.465,13.626,17.600,3.974
mp-aaaaafee,97.103,124.924,27.821,43.320,54.753,11.433
mp-aaaaafef,118.239,108.118,10.121,79.690,77.061,2.629
mp-aaaaafek,101.993,100.828,1.165,53.223,37.963,15.260
mp-aaaaafen,50.470,78.700,28.230,19.147,23.596,4.449
mp-aaaaafeo,128.242,137.780,9.538,22.940,35.485,12.545
mp-aaaaafep,122.697,102.450,20.247,13.500,10.577,2.923
mp-aaaaafer,98.162,158.864,60.702,58.284,51.113,7.171
mp-aaaaafet,84.394,141.988,57.594,68.603,60.317,8.286
mp-aaaaafeu,156.967,143.367,13.600,39.414,47.736,8.322
mp-aaaaafex,136.258,106.621,29.637,48.004,53.117,5.113
mp-aaaaaffd,87.583,93.537,5.954,65.851,58.668,7.183
mp-aaaaafff,153.952,157.698,3.746,107.661,88.810,18.851
mp-aaaaaffj,130.347,82.546,47.801,50.433,60.257,9.824
mp-aaaaaffl,28.014,40.345,12.331,12.385,13.485,1.100
mp-aaaaaffm,66.779,52.376,14.403,36.515,34.610,1.905
mp-aaaaaffo,135.350,136.932,1.582,100.508,93.397,7.111
mp-aaaaaffr,50.007,68.017,18.010,27.831,27.501,0.330
mp-aaaaaffw,62.714,58.264,4.450,22.960,26.699,3.739
mp-aaaaaffy,22.025,48.743,26.718,15.452,18.875,3.423
mp-aaaaafga,182.861,143.728,39.133,98.235,101.495,3.260
mp-aaaaafgd,186.563,162.076,24.487,37.235,37.554,0.319
mp-aaaaafgr,27.321,27.049,0.272,13.392,12.339,1.053
mp-aaaaafgu,127.607,100.597,27.010,70.856,64.704,6.152
mp-aaaaafhf,46.152,38.288,7.864,-0.564,12.804,13.368
mp-aaaaafhh,100.469,110.346,9.877,52.211,51.023,1.188
mp-aaaaafhm,125.381,109.379,16.002,47.176,45.849,1.327
mp-aaaaafho,172.836,155.452,17.384,77.795,87.423,9.628
mp-aaaaafhr,83.522,67.023,16.499,53.059,32.597,20.462
mp-aaaaafht,62.712,92.706,29.994,47.917,34.336,13.581
mp-aaaaafhu,157.751,185.322,27.571,104.546,114.196,9.650
mp-aaaaafhw,114.656,100.592,14.064,55.684,51.480,4.204
mp-aaaaafhx,145.667,182.659,36.992,99.569,85.080,14.489
mp-aaaaafhz,151.528,123.050,28.478,61.909,79.394,17.485
mp-aaaaafib,59.735,64.467,4.732,60.977,57.382,3.595
mp-aaaaafid,174.728,165.513,9.215,74.997,74.811,0.186
mp-aaaaafih,66.291,78.752,12.461,42.280,45.357,3.077
mp-aaaaafio,92.480,93.150,0.670,59.110,55.910,3.200
mp-aaaaafir,142.488,159.294,16.806,66.960,52.749,14.211
mp-aaaaafis,184.321,167.600,16.721,91.550,86.368,5.182
mp-aaaaafiz,46.984,51.619,4.635,28.121,21.799,6.322
mp-aaaaafja,188.716,134.053,54.663,122.495,86.705,35.790
mp-aaaaafje,110.477,116.574,6.097,75.980,76.234,0.254
mp-aaaaafjj,188.169,177.989,10.180,102.715,115.269,12.554
mp-aaaaafjv,62.738,89.285,26.547,31.277,37.778,6.501
mp-aaaaafjx,131.718,112.492,19.226,56.884,55.588,1.296
mp-aaaaafjy,80.272,92.520,12.248,40.718,41.295,0.577
mp-aaaaafka,218.334,170.993,47.341,105.841,98.951,6.890
mp-aaaaafkc,137.545,110.771,26.774,46.580,53.349,6.769
mp-aaaaafki,112.628,106.455,6.173,18.830,25.973,7.143
mp-aaaaafkk,41.391,61.640,20.249,23.641,22.365,1.276
mp-aaaaafko,48.191,-5.104,53.295,26.403,22.977,3.426
mp-aaaaafkr,206.714,167.572,39.142,96.955,119.035,22.080
mp-aaaaafku,83.932,103.577,19.645,47.464,50.536,3.072
mp-aaaaafla,121.383,153.375,31.992,72.113,79.808,7.695
mp-aaaaaflc,65.340,76.254,10.914,35.648,31.958,3.690
mp-aaaaafld,27.063,93.052,65.989,20.553,36.166,15.613
mp-aaaaaflf,101.993,107.969,5.976,59.156,51.766,7.390
mp-aaaaaflk,97.854,76.561,21.293,58.121,45.575,12.546
mp-aaaaafll,173.274,146.740,26.534,105.134,105.823,0.689
mp-aaaaaflm,152.051,179.212,27.161,79.930,81.290,1.360
mp-aaaaafln,84.973,65.991,18.982,51.865,65.588,13.723
mp-aaaaaflu,161.964,169.436,7.472,87.207,88.306,1.099
mp-aaaaaflx,157.015,141.005,16.010,64.147,62.854,1.293
mp-aaaaafmb,145.690,124.485,21.205,18.834,8.776,10.058
mp-aaaaafmg,52.321,62.683,10.362,38.416,44.293,5.877
mp-aaaaafmi,79.743,67.816,11.927,31.762,39.837,8.075
mp-aaaaafmj,128.938,128.075,0.863,85.544,69.099,16.445
mp-aaaaafmk,197.434,205.980,8.546,71.301,76.884,5.583
mp-aaaaafmo,201.470,187.484,13.986,106.337,95.847,10.490
mp-aaaaafmp,121.058,95.124,25.934,25.300,63.765,38.465
mp-aaaaafmr,131.450,116.146,15.304,70.892,72.667,1.775
mp-aaaaafms,184.167,183.347,0.820,87.480,97.770,10.290
mp-aaaaafmy,89.316,98.575,9.259,55.203,47.617,7.586
mp-aaaaafmz,188.744,170.942,17.802,90.644,105.073,14.429
mp-aaaaafna,79.236,50.105,29.131,51.071,31.216,19.855
mp-aaaaafnd,154.085,94.248,59.837,98.020,89.842,8.178
mp-aaaaafni,82.351,77.813,4.538,28.950,48.243,19.293
mp-aaaaafnn,103.121,129.532,26.411,49.129,63.170,14.041
mp-aaaaafno,179.750,169.381,10.369,134.771,122.169,12.602
mp-aaaaafnp,24.832,39.680,14.848,8.470,10.958,2.488
mp-aaaaafns,127.356,89.390,37.966,49.200,46.672,2.528
mp-aaaaafnv,62.416,59.197,3.219,30.024,27.911,2.113
mp-aaaaafnw,159.419,131.231,28.188,36.868,42.890,6.022
mp-aaaaafoa,146.768,146.606,0.162,99.169,87.060,12.109
mp-aaaaafod,158.241,177.934,19.693,128.029,126.096,1.933
mp-aaaaafoe,156.000,138.907,17.093,81.731,82.977,1.246
mp-aaaaafoh,45.260,65.086,19.826,23.515,31.333,7.818
mp-aaaaafoo,108.198,113.703,5.505,74.640,65.024,9.616
mp-aaaaafop,167.305,129.029,38.276,81.692,81.337,0.355
mp-aaaaafos,43.389,102.305,58.916,24.992,41.665,16.673
mp-aaaaafoy,14.515,48.552,34.037,6.382,15.123,8.741
mp-aaaaafpb,161.087,141.055,20.032,74.471,82.700,8.229
mp-aaaaafpc,31.353,23.646,7.707,18.984,14.085,4.899
mp-aaaaafpj,12.075,45.956,33.881,4.726,12.365,7.639
mp-aaaaafpv,137.520,131.215,6.305,75.570,74.834,0.736
mp-aaaaafpw,190.060,184.019,6.041,111.803,90.505,21.298
mp-aaaaafpz,68.824,71.157,2.333,30.263,43.170,12.907
mp-aaaaafqd,100.481,91.940,8.541,50.550,40.893,9.657
mp-aaaaafqg,235.646,240.532,4.886,150.430,153.654,3.224
mp-aaaaafqh,236.717,239.427,2.710,145.106,152.537,7.431
mp-aaaaafqi,87.317,96.447,9.130,50.755,71.961,21.206
mp-aaaaafqj,224.500,256.244,31.744,133.097,137.595,4.498
mp-aaaaafql,63.038,23.146,39.892,26.285,19.300,6.985
mp-aaaaafqm,60.113,56.728,3.385,29.379,38.728,9.349
mp-aaaaafqr,55.272,38.712,16.560,28.767,10.997,17.770
mp-aaaaafqz,24.229,44.642,20.413,10.530,16.943,6.413
mp-aaaaafra,60.547,74.034,13.487,29.338,24.005,5.333
mp-aaaaafre,124.834,107.453,17.381,56.202,53.932,2.270
mp-aaaaafrf,16.879,44.649,27.770,9.027,23.799,14.772
mp-aaaaafrh,47.195,64.568,17.373,23.183,28.956,5.773
mp-aaaaafrl,62.188,90.087,27.899,32.953,37.937,4.984
mp-aaaaafrm,148.845,84.368,64.477,91.419,87.085,4.334
mp-aaaaafrn,54.991,103.526,48.535,14.911,39.467,24.556
mp-aaaaafrq,71.860,137.223,65.363,46.271,55.621,9.350
mp-aaaaafrr,46.028,47.289,1.261,24.967,19.918,5.049
mp-aaaaafsb,24.875,49.319,24.444,9.844,14.591,4.747
mp-aaaaafsg,125.819,115.299,10.520,76.237,76.180,0.057
mp-aaaaafsj,66.543,69.721,3.178,29.566,27.586,1.980
mp-aaaaafso,59.086,77.314,18.228,37.748,32.045,5.703
mp-aaaaafsx,134.100,158.042,23.942,94.050,104.568,10.518
mp-aaaaafth,57.665,72.133,14.468,23.691,35.293,11.602
mp-aaaaaftm,125.112,143.583,18.471,93.417,93.521,0.104
mp-aaaaaftn,98.991,151.787,52.796,87.141,69.067,18.074
mp-aaaaaftp,45.442,65.247,19.805,20.982,20.163,0.819
mp-aaaaaftv,156.376,153.270,3.106,87.871,88.994,1.123
mp-aaaaaftw,179.899,187.672,7.773,63.404,80.842,17.438
mp-aaaaafub,106.120,114.676,8.556,38.657,43.276,4.619
mp-aaaaafuj,162.789,142.425,20.364,79.114,77.656,1.458
mp-aaaaafur,99.731,82.563,17.168,33.820,37.465,3.645
mp-aaaaafux,197.985,161.457,36.528,101.138,76.783,24.355
mp-aaaaafuy,156.667,153.737,2.930,100.566,102.604,2.038
mp-aaaaafvb,60.978,46.952,14.026,27.657,20.820,6.837
mp-aaaaafvf,101.622,90.128,11.494,51.669,39.805,11.864
mp-aaaaafvh,149.391,154.172,4.781,87.587,79.116,8.471
mp-aaaaafvi,78.018,53.185,24.833,35.591,36.837,1.246
mp-aaaaafvm,126.096,85.100,40.996,87.404,74.815,12.589
mp-aaaaafvq,113.153,104.107,9.046,28.127,27.757,0.370
mp-aaaaafvr,123.542,125.519,1.977,64.430,56.221,8.209
mp-aaaaafvs,151.414,130.132,21.282,-11.470,20.198,31.668
mp-aaaaafvy,76.827,65.349,11.478,47.675,35.208,12.467
mp-aaaaafvz,100.958,50.017,50.941,37.972,30.863,7.109
mp-aaaaafwa,113.773,93.080,20.693,59.353,49.805,9.548
mp-aaaaafwb,75.231,60.137,15.094,33.182,31.151,2.031
mp-aaaaafwd,30.491,39.865,9.374,36.630,33.322,3.308
mp-aaaaafwg,175.465,231.835,56.370,86.668,93.060,6.392
mp-aaaaafwi,137.995,120.514,17.481,54.770,55.491,0.721
mp-aaaaafwk,104.626,98.136,6.490,48.615,42.336,6.279
mp-aaaaafwl,27.466,38.274,10.808,12.321,15.410,3.089
mp-aaaaafws,27.845,46.476,18.631,12.002,18.060,6.058
mp-aaaaafxe,34.178,82.704,48.526,17.182,27.080,9.898
mp-aaaaafxk,77.551,119.166,41.615,32.974,43.349,10.375
mp-aaaaafxn,255.507,192.554,62.953,145.732,132.976,12.756
mp-aaaaafxo,96.139,81.617,14.522,47.450,34.707,12.743
mp-aaaaafxu,122.275,157.341,35.066,67.187,57.546,9.641
mp-aaaaafxv,144.639,118.946,25.693,15.533,43.062,27.529
mp-aaaaafxx,48.992,39.310,9.682,10.165,18.559,8.394
mp-aaaaafxy,58.042,58.180,0.138,35.314,51.070,15.756
mp-aaaaafyc,141.940,107.127,34.813,66.446,61.447,4.999
mp-aaaaafyd,147.126,108.558,38.568,70.970,62.347,8.623
mp-aaaaafye,59.569,78.195,18.626,37.290,37.465,0.175
mp-aaaaafyf,39.963,59.706,19.743,12.375,19.496,7.121
mp-aaaaafyj,134.593,166.482,31.889,80.896,78.023,2.873
mp-aaaaafyk,108.486,85.296,23.190,73.831,66.991,6.840
mp-aaaaafyp,172.274,131.718,40.556,102.365,82.778,19.587
mp-aaaaafys,167.087,121.705,45.382,95.112,104.011,8.899
mp-aaaaafyv,91.824,100.701,8.877,61.273,56.895,4.378
mp-aaaaafyw,55.286,54.422,0.864,34.149,23.149,11.000
mp-aaaaafza,22.197,37.083,14.886,8.082,23.643,15.561
mp-aaaaafzh,170.384,128.168,42.216,100.038,84.482,15.556
mp-aaaaafzn,33.566,78.052,44.486,22.259,21.508,0.751
mp-aaaaafzr,16.017,20.165,4.148,6.576,22.042,15.466
mp-aaaaafzv,17.002,38.030,21.028,30.589,34.671,4.082
mp-aaaaafzy,96.501,94.678,1.823,59.711,54.972,4.739
mp-aaaaagaa,144.156,112.518,31.638,82.699,83.995,1.296
mp-aaaaagai,105.433,101.852,3.581,73.682,64.642,9.040
mp-aaaaagaj,175.786,204.642,28.856,105.149,93.481,11.668
mp-aaaaagap,194.285,187.891,6.394,139.105,126.690,12.415
mp-aaaaagaq,143.090,161.847,18.757,81.584,79.447,2.137
mp-aaaaagar,152.954,151.830,1.124,97.846,88.882,8.964
mp-aaaaagat,79.598,75.350,4.248,40.544,37.724,2.820
mp-aaaaagau,141.890,158.436,16.546,55.213,63.957,8.744
mp-aaaaagax,100.358,88.006,12.352,84.205,68.528,15.677
mp-aaaaagaz,41.990,85.481,43.491,22.077,23.132,1.055
mp-aaaaagbb,65.780,63.705,2.075,31.327,33.692,2.365
mp-aaaaagbg,114.246,114.356,0.110,72.994,75.698,2.704
mp-aaaaagbi,143.283,133.474,9.809,87.696,85.583,2.113
mp-aaaaagbj,278.976,203.971,75.005,141.689,130.085,11.604
mp-aaaaagbo,185.363,191.162,5.799,42.507,77.346,34.839
mp-aaaaagbw,138.301,98.959,39.342,63.957,66.913,2.956
mp-aaaaagbx,113.630,109.210,4.420,76.348,71.687,4.661
mp-aaaaagcb,76.622,103.496,26.874,39.593,48.783,9.190
mp-aaaaagce,23.802,23.208,0.594,8.835,13.356,4.521
mp-aaaaagcj,78.037,80.687,2.650,49.052,50.280,1.228
mp-aaaaagcm,64.433,54.251,10.182,42.103,32.183,9.920
mp-aaaaagcq,69.862,76.001,6.139,20.230,21.034,0.804
mp-aaaaagcs,134.466,68.430,66.036,67.688,67.538,0.150
mp-aaaaagcx,154.927,138.557,16.370,91.058,100.924,9.866
mp-aaaaagde,24.861,31.172,6.311,10.780,17.162,6.382
mp-aaaaagdi,83.912,95.784,11.872,1.044,10.136,9.092
mp-aaaaagdo,133.284,119.096,14.188,52.879,55.895,3.016
mp-aaaaagdq,43.915,51.232,7.317,19.476,12.831,6.645
mp-aaaaagds,40.307,46.996,6.689,28.303,34.381,6.078
mp-aaaaagdw,100.625,117.361,16.736,55.316,67.430,12.114
mp-aaaaagdx,31.616,70.434,38.818,13.799,28.870,15.071
mp-aaaaagdy,136.726,119.849,16.877,58.915,49.549,9.366
mp-aaaaaged,129.623,116.384,13.239,65.502,69.071,3.569
mp-aaaaagef,267.592,287.322,19.730,129.730,116.991,12.739
mp-aaaaagek,201.078,123.629,77.449,111.744,81.426,30.318
mp-aaaaagel,111.364,121.481,10.117,66.451,69.575,3.124
mp-aaaaageo,92.380,105.926,13.546,57.242,50.971,6.271
mp-aaaaagep,64.548,80.833,16.285,39.275,23.152,16.123
mp-aaaaager,155.661,189.188,33.527,79.345,85.959,6.614
mp-aaaaageu,96.958,76.123,20.835,48.988,54.612,5.624
mp-aaaaagev,132.588,119.183,13.405,58.074,45.850,12.224
mp-aaaaagew,77.616,65.161,12.455,26.272,29.202,2.930
mp-aaaaagfb,84.757,132.208,47.451,60.474,69.473,8.999
mp-aaaaagfd,39.048,68.806,29.758,34.383,21.306,13.077
mp-aaaaagfg,59.900,35.504,24.396,45.452,42.911,2.541
mp-aaaaagfj,108.431,106.874,1.557,44.072,58.759,14.687
mp-aaaaagfk,113.322,106.671,6.651,81.325,62.784,18.541
mp-aaaaagfm,76.581,85.900,9.319,14.472,27.278,12.806
mp-aaaaagfn,27.015,31.214,4.199,13.524,14.424,0.900
mp-aaaaagfo,149.784,115.128,34.656,78.155,88.493,10.338
mp-aaaaagfq,84.000,75.105,8.895,41.224,44.826,3.602
mp-aaaaagfu,117.844,105.527,12.317,51.105,56.483,5.378
mp-aaaaagfy,142.528,132.381,10.147,60.204,56.248,3.956
mp-aaaaaggc,128.894,168.800,39.906,73.037,59.263,13.774
mp-aaaaaggo,64.206,52.224,11.982,40.013,41.698,1.685
mp-aaaaaggp,46.423,39.089,7.334,2.098,18.705,16.607
mp-aaaaaggq,120.144,118.769,1.375,85.498,77.733,7.765
mp-aaaaaggr,81.818,87.042,5.224,42.854,33.709,9.145
mp-aaaaaggs,97.309,82.109,15.200,81.849,66.793,15.056
mp-aaaaaggv,22.579,32.330,9.751,12.876,6.394,6.482
mp-aaaaaggy,82.555,80.313,2.242,33.339,37.978,4.639
mp-aaaaagha,159.384,145.302,14.082,74.317,77.906,3.589
mp-aaaaaghf,154.842,154.945,0.103,70.601,66.092,4.509
mp-aaaaaghj,31.291,42.663,11.372,3.953,10.559,6.606
mp-aaaaaghk,164.762,148.127,16.635,94.828,80.591,14.237
mp-aaaaaghl,44.013,69.749,25.736,20.522,10.208,10.314
mp-aaaaaghm,130.983,115.950,15.033,53.315,51.122,2.193
mp-aaaaaghn,100.522,109.740,9.218,49.953,50.415,0.462
mp-aaaaagho,16.223,23.436,7.213,11.956,1.062,10.894
mp-aaaaaghp,292.334,211.366,80.968,44.953,157.948,112.995
mp-aaaaaghr,67.265,78.426,11.161,28.683,32.328,3.645
mp-aaaaaghv,73.576,93.127,19.551,61.567,62.226,0.659
mp-aaaaaghy,140.226,172.669,32.443,133.528,98.560,34.968
mp-aaaaagia,20.378,24.529,4.151,10.521,12.677,2.156
mp-aaaaagil,127.742,108.081,19.661,55.498,56.262,0.764
mp-aaaaagim,105.869,110.977,5.108,46.480,38.147,8.333
mp-aaaaagiq,148.134,99.766,48.368,55.030,52.555,2.475
mp-aaaaagit,117.105,110.848,6.257,61.786,49.050,12.736
mp-aaaaagix,106.729,66.105,40.624,50.940,66.428,15.488
mp-aaaaagiy,95.826,106.722,10.896,42.414,49.119,6.705
mp-aaaaagjb,115.228,116.325,1.097,46.459,56.718,10.259
mp-aaaaagjk,88.802,100.675,11.873,30.327,34.343,4.016
mp-aaaaagjm,111.919,105.749,6.170,48.011,41.669,6.342
mp-aaaaagjp,122.639,110.038,12.601,76.330,72.545,3.785
mp-aaaaagjs,74.255,71.320,2.935,42.754,32.541,10.213
mp-aaaaagka,45.823,81.883,36.060,28.001,36.575,8.574
mp-aaaaagkf,101.455,104.036,2.581,71.846,73.937,2.091
mp-aaaaagkg,144.516,149.733,5.217,89.475,89.336,0.139
mp-aaaaagkh,123.290,108.211,15.079,57.139,47.677,9.462
mp-aaaaagki,64.903,55.805,9.098,23.205,25.555,2.350
mp-aaaaagkz,162.522,141.039,21.483,100.692,122.833,22.141
mp-aaaaagla,109.845,106.918,2.927,60.647,70.089,9.442
mp-aaaaaglb,52.687,69.539,16.852,31.048,29.961,1.087
mp-aaaaaglm,38.486,72.570,34.084,13.208,22.394,9.186
mp-aaaaagln,184.267,136.852,47.415,77.988,65.102,12.886
mp-aaaaaglr,97.839,70.545,27.294,55.987,48.164,7.823
mp-aaaaaglw,193.763,180.976,12.787,82.303,76.752,5.551
mp-aaaaagly,54.301,77.319,23.018,25.524,10.788,14.736
mp-aaaaaglz,124.800,114.033,10.767,-10.347,23.346,33.693
mp-aaaaagma,83.274,36.501,46.773,31.472,37.335,5.863
mp-aaaaagmc,79.520,64.973,14.547,32.583,35.463,2.880
mp-aaaaagmg,78.118,75.150,2.968,42.242,39.432,2.810
mp-aaaaagmo,221.788,247.037,25.249,105.493,111.823,6.330
mp-aaaaagmp,156.971,174.990,18.019,80.253,60.688,19.565
mp-aaaaagmq,-27.163,177.686,204.849,23.578,40.125,16.547
mp-aaaaagmr,89.565,87.566,1.999,29.309,16.756,12.553
mp-aaaaagmt,145.804,77.290,68.514,82.978,78.120,4.858
mp-aaaaagmx,199.288,161.915,37.373,108.878,99.589,9.289
mp-aaaaagnb,71.319,84.983,13.664,45.392,41.571,3.821
mp-aaaaagnc,27.443,69.390,41.947,9.771,18.435,8.664
mp-aaaaagnl,15.595,45.412,29.817,9.399,7.706,1.693
mp-aaaaagnm,64.243,56.436,7.807,31.298,38.277,6.979
mp-aaaaagno,162.119,151.405,10.714,87.474,68.183,19.291
mp-aaaaagnv,135.840,122.389,13.451,69.868,76.286,6.418
mp-aaaaagnz,130.639,101.028,29.611,99.908,55.914,43.994
mp-aaaaagob,126.822,144.304,17.482,28.246,62.546,34.300
mp-aaaaagoi,76.748,70.191,6.557,39.815,48.920,9.105
mp-aaaaagoj,92.549,64.091,28.458,47.623,49.076,1.452
mp-aaaaagol,22.910,45.776,22.866,6.110,13.909,7.799
mp-aaaaagon,166.749,175.881,9.132,109.844,89.313,20.531
mp-aaaaagos,143.373,82.268,61.105,77.611,83.595,5.984
mp-aaaaagot,126.482,104.410,22.072,67.988,64.118,3.870
mp-aaaaagov,79.246,65.372,13.874,42.085,45.334,3.249
mp-aaaaagpc,79.684,66.467,13.217,63.961,45.894,18.067
mp-aaaaagpg,36.683,25.042,11.641,22.088,19.900,2.188
mp-aaaaagpi,321.221,173.343,147.878,,,
mp-aaaaagpm,149.607,110.869,38.738,76.620,78.895,2.275
mp-aaaaagpu,120.154,118.241,1.913,73.586,71.201,2.385
mp-aaaaagpw,46.586,62.932,16.346,26.263,32.449,6.186
mp-aaaaagpz,205.767,174.104,31.663,116.509,115.679,0.830
mp-aaaaagqa,316.049,251.913,64.136,172.690,209.518,36.828
mp-aaaaagqd,32.334,77.465,45.131,20.186,22.010,1.824
mp-aaaaagqg,82.686,78.838,3.848,21.792,37.952,16.160
mp-aaaaagqj,89.257,64.702,24.555,49.717,49.194,0.523
mp-aaaaagql,61.135,59.427,1.708,22.406,17.149,5.257
mp-aaaaagqm,88.019,91.354,3.335,48.795,60.099,11.304
mp-aaaaagqq,84.292,88.511,4.219,42.202,51.551,9.349
mp-aaaaagqu,218.693,189.071,29.622,111.468,108.189,3.279
mp-aaaaagqw,36.215,45.066,8.851,11.768,19.464,7.696
mp-aaaaagqx,19.903,4.553,15.350,11.932,10.179,1.753
mp-aaaaagrb,67.736,84.572,16.836,39.357,23.946,15.411
mp-aaaaagrc,173.675,135.637,38.038,100.233,91.663,8.570
mp-aaaaagrh,66.117,68.986,2.869,43.537,33.564,9.973
mp-aaaaagrk,89.710,82.964,6.746,31.411,29.946,1.465
mp-aaaaagrm,90.475,103.653,13.178,56.439,51.766,4.673
mp-aaaaagrq,100.750,108.073,7.323,37.235,39.025,1.790
mp-aaaaagrv,67.630,65.247,2.383,36.621,30.549,6.072
mp-aaaaagrw,103.380,90.247,13.133,55.688,56.729,1.041
mp-aaaaagsa,73.515,82.311,8.796,49.211,47.455,1.756
mp-aaaaagsf,28.688,42.231,13.543,16.186,19.678,3.492
mp-aaaaagsh,26.795,54.586,27.791,12.399,18.164,5.765
mp-aaaaagsj,61.337,64.771,3.434,35.839,35.703,0.136
mp-aaaaagsm,126.056,117.466,8.590,50.791,49.897,0.894
mp-aaaaagsr,58.273,95.971,37.698,31.250,40.272,9.022
mp-aaaaagsz,96.042,113.740,17.698,34.515,59.029,24.514
mp-aaaaagtb,163.199,84.127,79.072,99.605,91.871,7.734
mp-aaaaagtc,88.491,56.418,32.073,42.728,33.121,9.607
mp-aaaaagtg,45.000,74.551,29.551,21.273,32.649,11.376
mp-aaaaagtj,46.663,65.564,18.901,21.432,17.871,3.561
mp-aaaaagtl,116.197,117.516,1.319,63.137,53.732,9.405
mp-aaaaagtn,148.372,121.136,27.236,83.571,69.526,14.045
mp-aaaaagtv,149.043,89.757,59.286,85.190,85.219,0.029
mp-aaaaagtx,28.606,46.241,17.635,16.998,11.076,5.922
mp-aaaaaguh,189.708,160.621,29.087,,,
mp-aaaaagui,20.152,28.356,8.204,11.808,9.937,1.871
mp-aaaaaguk,27.570,42.381,14.811,13.523,10.329,3.194
mp-aaaaaguo,162.924,110.072,52.852,75.837,71.527,4.310
mp-aaaaagur,235.077,104.165,130.912,130.580,94.877,35.703
mp-aaaaagut,243.627,207.955,35.672,2.215,105.158,102.943
mp-aaaaagvc,82.448,158.750,76.302,71.832,72.126,0.294
mp-aaaaagvg,23.365,23.599,0.234,7.181,12.518,5.337
mp-aaaaagvj,161.712,172.724,11.012,55.529,48.088,7.441
mp-aaaaagvk,188.455,170.791,17.664,84.070,90.439,6.369
mp-aaaaagvl,126.349,157.914,31.565,78.073,77.914,0.159
mp-aaaaagvy,71.259,82.155,10.896,33.183,35.570,2.387
mp-aaaaagvz,135.022,122.615,12.407,105.649,94.557,11.092
mp-aaaaagwa,34.808,72.401,37.593,26.884,52.676,25.792
mp-aaaaagwc,109.493,137.049,27.557,-50.211,72.016,122.227
mp-aaaaagwf,108.371,107.405,0.966,40.803,42.616,1.813
mp-aaaaagwg,141.277,140.606,0.671,67.343,57.245,10.098
mp-aaaaagwi,135.234,110.383,24.851,44.365,53.207,8.842
mp-aaaaagwk,34.601,35.360,0.759,20.607,12.554,8.053
mp-aaaaagwp,105.183,129.160,23.977,54.339,55.650,1.311
mp-aaaaagwx,168.220,136.577,31.643,101.114,90.774,10.340
mp-aaaaagwy,151.048,119.785,31.263,28.127,39.064,10.937
mp-aaaaagwz,173.891,180.071,6.180,104.133,79.754,24.379
mp-aaaaagxc,123.771,125.896,2.125,84.620,62.875,21.745
mp-aaaaagxh,142.790,123.237,19.553,62.971,71.128,8.157
mp-aaaaagxi,104.243,85.757,18.486,46.104,54.759,8.655
mp-aaaaagxk,189.249,185.658,3.591,15.755,44.299,28.544
mp-aaaaagxm,74.415,66.717,7.698,39.677,31.143,8.534
mp-aaaaagxo,50.314,68.607,18.293,24.198,22.970,1.228
mp-aaaaagxs,38.774,35.280,3.494,22.162,15.518,6.644
mp-aaaaagxt,154.945,97.797,57.148,91.224,90.912,0.312
mp-aaaaagxu,16.052,23.911,7.859,7.666,6.513,1.153
mp-aaaaagxv,139.770,126.657,13.113,110.721,69.341,41.380
mp-aaaaagxy,142.503,150.672,8.169,97.869,81.890,15.979
mp-aaaaagyb,92.741,108.872,16.131,54.970,51.981,2.989
mp-aaaaagyl,47.972,91.752,43.780,14.143,20.318,6.175
mp-aaaaagym,114.571,127.912,13.341,73.379,75.587,2.208
mp-aaaaagyr,72.426,49.658,22.768,33.234,24.929,8.305
mp-aaaaagyt,127.767,129.917,2.150,47.441,69.329,21.888
mp-aaaaagzf,84.800,110.390,25.590,43.976,47.787,3.811
mp-aaaaagzo,211.027,201.821,9.206,78.437,83.388,4.951
mp-aaaaagzt,107.798,106.965,0.833,38.891,32.961,5.930
mp-aaaaagzw,59.424,79.520,20.096,26.243,29.664,3.421
mp-aaaaagzy,30.818,16.265,14.553,18.665,13.256,5.409
mp-aaaaagzz,45.281,51.922,6.641,21.626,21.797,0.171
mp-aaaaahaa,105.256,77.867,27.389,75.021,42.168,32.853
mp-aaaaahag,64.503,81.660,17.157,39.785,34.922,4.863
mp-aaaaahal,90.675,95.184,4.509,52.162,49.568,2.594
mp-aaaaaham,84.598,80.000,4.598,39.082,40.880,1.798
mp-aaaaahaq,124.843,104.319,20.524,-58.617,55.665,114.282
mp-aaaaahav,142.634,139.712,2.922,88.811,98.784,9.973
mp-aaaaahay,40.984,60.286,19.302,22.498,26.004,3.506
mp-aaaaahaz,18.263,76.126,57.863,11.252,-3.257,14.509
mp-aaaaahbf,84.953,71.909,13.044,54.178,40.343,13.835
mp-aaaaahbj,168.404,190.454,22.050,82.371,87.542,5.171
mp-aaaaahbk,94.667,108.775,14.108,58.471,59.441,0.970
mp-aaaaahbm,42.716,47.592,4.876,21.970,28.292,6.322
mp-aaaaahbn,134.483,119.753,14.730,58.316,58.832,0.516
mp-aaaaahbv,41.920,117.894,75.974,40.743,56.638,15.895
mp-aaaaahca,147.319,126.780,20.539,68.474,68.808,0.334
mp-aaaaahcb,108.295,96.609,11.686,61.657,53.730,7.927
mp-aaaaahce,129.080,180.245,51.165,80.552,71.468,9.084
mp-aaaaahcf,178.185,149.842,28.343,61.536,61.369,0.167
mp-aaaaahcj,141.952,123.541,18.411,48.272,67.192,18.920
mp-aaaaahco,166.256,150.366,15.890,138.550,118.602,19.948
mp-aaaaahcv,112.425,106.477,5.948,60.067,44.389,15.678
mp-aaaaahcz,35.968,20.071,15.897,22.015,22.603,0.588
mp-aaaaahdc,179.033,141.525,37.508,90.257,49.186,41.071
mp-aaaaahdd,181.822,160.596,21.226,49.390,48.946,0.444
mp-aaaaahdf,137.912,126.744,11.168,83.789,84.141,0.352
mp-aaaaahdh,96.912,111.811,14.899,61.918,57.929,3.989
mp-aaaaahdj,111.428,85.783,25.645,65.203,61.833,3.370
mp-aaaaahdk,202.030,126.074,75.956,97.007,80.486,16.521
mp-aaaaahdm,130.582,102.319,28.263,52.738,53.114,0.376
mp-aaaaahdn,47.040,73.067,26.027,22.117,10.897,11.220
mp-aaaaahdo,42.420,64.797,22.377,26.866,27.648,0.782
mp-aaaaahdq,120.874,100.285,20.589,63.044,66.845,3.801
mp-aaaaahds,153.406,122.083,31.323,48.080,52.416,4.336
mp-aaaaahdt,51.138,70.348,19.210,26.423,30.896,4.473
mp-aaaaahdz,82.111,71.218,10.893,45.769,51.798,6.029
mp-aaaaahea,43.870,63.129,19.259,18.882,8.819,10.063
mp-aaaaahee,55.594,51.138,4.456,28.705,28.517,0.188
mp-aaaaaheg,84.975,38.561,46.414,45.424,30.008,15.416
mp-aaaaahek,112.852,121.976,9.124,31.097,30.015,1.082
mp-aaaaaheq,85.507,81.167,4.340,31.876,39.313,7.437
mp-aaaaahes,65.782,81.411,15.629,40.817,33.466,7.351
mp-aaaaaheu,86.145,91.250,5.105,53.558,45.932,7.626
mp-aaaaahez,56.860,55.715,1.145,20.546,31.522,10.976
mp-aaaaahfc,40.739,33.175,7.564,28.662,21.459,7.203
mp-aaaaahfd,122.050,116.847,5.203,47.358,57.694,10.336
mp-aaaaahff,113.819,82.482,31.337,47.283,54.358,7.075
mp-aaaaahfn,142.698,155.630,12.932,65.535,55.115,10.420
mp-aaaaahfo,14.239,13.152,1.087,6.494,9.598,3.104
mp-aaaaahfq,103.022,77.827,25.195,68.946,53.172,15.774
mp-aaaaahft,122.991,125.240,2.249,71.098,75.631,4.533
mp-aaaaahfv,83.619,89.482,5.863,56.871,62.560,5.689
mp-aaaaahfz,103.462,108.103,4.641,41.631,49.236,7.605
mp-aaaaahga,87.368,52.635,34.733,51.893,40.384,11.509
mp-aaaaahgb,132.960,140.091,7.131,62.331,67.009,4.678
mp-aaaaahgf,137.648,167.780,30.132,80.746,96.635,15.889
mp-aaaaahgh,71.159,74.422,3.263,29.644,28.309,1.335
mp-aaaaahgi,140.382,127.108,13.274,34.470,46.822,12.352
mp-aaaaahgj,123.983,111.921,12.062,34.491,35.734,1.243
mp-aaaaahgl,40.225,53.780,13.555,16.928,16.470,0.458
mp-aaaaahgm,109.913,82.489,27.424,27.466,40.693,13.227
mp-aaaaahgn,62.660,56.360,6.300,10.280,23.453,13.173
mp-aaaaahgp,116.757,99.305,17.452,75.636,74.644,0.992
mp-aaaaahgq,130.298,152.589,22.291,79.764,83.503,3.739
mp-aaaaahgu,136.227,115.204,21.023,70.145,74.066,3.921
mp-aaaaahgv,96.085,122.453,26.368,58.493,68.691,10.198
mp-aaaaahgz,103.896,107.517,3.621,33.902,34.937,1.035
mp-aaaaahhg,123.385,130.903,7.518,64.855,57.250,7.605
mp-aaaaahhi,158.539,144.450,14.089,52.165,57.134,4.969
mp-aaaaahhk,95.907,77.150,18.757,53.319,47.547,5.772
mp-aaaaahhq,184.787,154.576,30.211,94.223,105.658,11.435
mp-aaaaahhu,176.285,133.819,42.466,183.311,94.892,88.419
mp-aaaaahhw,122.842,124.141,1.299,30.453,37.164,6.711
mp-aaaaahhy,244.868,184.176,60.692,,,
mp-aaaaahhz,148.310,136.296,12.014,82.764,78.929,3.835
mp-aaaaahik,48.658,-12.678,61.336,25.296,21.641,3.655
mp-aaaaahin,52.238,71.470,19.232,27.331,31.271,3.940
mp-aaaaahio,120.576,106.496,14.080,54.617,51.552,3.065
mp-aaaaahip,195.177,182.734,12.443,101.019,110.503,9.484
mp-aaaaahiv,42.323,47.830,5.507,23.423,23.974,0.551
mp-aaaaahiw,113.942,96.536,17.406,77.053,89.688,12.635
mp-aaaaahiy,96.369,119.314,22.945,47.273,34.300,12.973
mp-aaaaahjd,125.927,109.942,15.985,61.752,72.163,10.411
mp-aaaaahjg,89.584,70.135,19.449,42.279,38.300,3.979
mp-aaaaahjh,84.351,88.010,3.659,46.483,34.333,12.150
mp-aaaaahjm,156.701,181.655,24.954,118.851,105.119,13.732
mp-aaaaahjn,82.165,63.533,18.632,35.549,42.957,7.408
mp-aaaaahjq,175.916,162.819,13.097,78.410,81.284,2.874
mp-aaaaahjt,128.929,115.211,13.718,75.386,79.491,4.105
mp-aaaaahjw,8.873,30.416,21.543,5.635,6.265,0.630
mp-aaaaahjx,130.106,139.800,9.694,61.789,53.705,8.084
mp-aaaaahjy,169.635,146.802,22.833,39.345,21.410,17.935
mp-aaaaahjz,166.521,133.126,33.395,91.856,76.165,15.691
mp-aaaaahka,208.072,195.344,12.728,136.760,132.004,4.756
mp-aaaaahkf,118.661,86.726,31.935,77.929,63.932,13.997
mp-aaaaahkg,128.645,120.346,8.299,47.185,39.299,7.886
mp-aaaaahkh,111.275,115.747,4.472,67.306,59.723,7.583
mp-aaaaahki,29.141,63.265,34.124,15.456,13.950,1.506
mp-aaaaahku,76.805,86.483,9.678,51.443,49.989,1.454
mp-aaaaahkw,43.849,91.579,47.730,16.322,18.556,2.234
mp-aaaaahkx,130.046,134.817,4.771,43.274,54.048,10.774
mp-aaaaahlb,203.252,179.228,24.024,116.996,106.285,10.712
mp-aaaaahlc,94.151,128.171,34.020,40.831,57.029,16.198
mp-aaaaahle,156.818,187.354,30.536,77.629,85.330,7.701
mp-aaaaahlg,131.490,47.478,84.012,51.345,50.567,0.778
mp-aaaaahlh,165.501,149.186,16.315,114.231,91.132,23.099
mp-aaaaahlu,12.848,27.260,14.412,6.173,16.103,9.930
mp-aaaaahly,86.156,84.514,1.642,49.263,48.487,0.776
mp-aaaaahmc,37.858,66.659,28.801,34.279,37.195,2.916
mp-aaaaahme,26.207,28.326,2.119,13.673,9.168,4.505
mp-aaaaahml,30.501,36.478,5.977,13.834,14.407,0.573
mp-aaaaahmm,57.588,41.443,16.145,26.202,31.391,5.189
mp-aaaaahmo,49.061,78.651,29.590,13.985,21.648,7.663
mp-aaaaahmt,110.087,112.149,2.062,68.926,56.680,12.246
mp-aaaaahmv,172.073,160.455,11.618,119.720,124.120,4.400
mp-aaaaahmy,79.781,76.143,3.638,39.479,37.463,2.016
mp-aaaaahnc,23.964,45.882,21.918,11.792,16.052,4.260
mp-aaaaahnd,18.157,42.277,24.120,8.683,14.827,6.144
mp-aaaaahnf,177.226,177.086,0.140,121.093,95.216,25.877
mp-aaaaahng,143.030,77.832,65.198,87.474,78.556,8.918
mp-aaaaahnh,29.136,21.129,8.007,22.606,17.816,4.790
mp-aaaaahni,61.603,58.566,3.037,22.407,35.754,13.347
mp-aaaaahnu,57.172,39.026,18.146,41.074,35.297,5.777
mp-aaaaahoi,69.912,72.741,2.829,23.473,35.025,11.552
mp-aaaaahok,175.952,138.138,37.814,95.326,85.113,10.213
mp-aaaaahon,102.131,109.337,7.206,47.692,53.554,5.862
mp-aaaaahoq,120.671,113.413,7.258,82.295,83.124,0.829
mp-aaaaahpa,28.353,47.557,19.204,15.648,22.535,6.887
mp-aaaaahpc,137.829,112.786,25.043,18.952,42.298,23.346
mp-aaaaahpe,71.110,88.610,17.500,32.925,47.893,14.968
mp-aaaaahpf,69.627,85.331,15.704,32.616,37.060,4.444
mp-aaaaahph,133.147,123.359,9.788,94.082,95.228,1.146
mp-aaaaahpk,133.650,83.368,50.282,60.180,69.872,9.692
mp-aaaaahpn,155.789,166.134,10.345,107.738,108.287,0.549
mp-aaaaahpp,114.043,79.838,34.205,67.669,49.445,18.224
mp-aaaaahpt,37.641,34.845,2.796,21.775,24.238,2.463
mp-aaaaahpy,168.078,192.307,24.229,56.385,56.493,0.108
mp-aaaaahqb,195.157,172.644,22.513,94.077,93.813,0.264
mp-aaaaahqc,128.804,117.503,11.301,66.265,70.137,3.872
mp-aaaaahqd,33.377,36.762,3.385,17.369,19.299,1.930
mp-aaaaahqe,99.469,108.595,9.126,44.933,47.202,2.269
mp-aaaaahqg,166.911,139.786,27.125,98.467,76.625,21.842
mp-aaaaahqj,102.347,110.595,8.248,78.667,90.334,11.667
mp-aaaaahqk,17.312,52.409,35.097,8.418,15.103,6.685
mp-aaaaahql,83.371,83.468,0.097,20.021,28.437,8.416
mp-aaaaahqp,173.360,150.700,22.660,58.779,58.927,0.148
mp-aaaaahqr,168.505,229.926,61.421,88.638,81.438,7.200
mp-aaaaahqs,88.276,58.772,29.504,26.838,31.051,4.213
mp-aaaaahqt,101.792,105.039,3.247,47.319,48.865,1.546
mp-aaaaahqw,119.870,108.094,11.776,62.859,63.960,1.101
mp-aaaaahqz,112.156,98.231,13.925,46.687,41.648,5.039
mp-aaaaahrb,90.689,80.100,10.589,50.611,53.275,2.664
mp-aaaaahrc,127.098,117.994,9.104,73.066,75.445,2.379
mp-aaaaahrm,93.391,111.076,17.685,38.313,49.535,11.222
mp-aaaaahrq,53.372,77.949,24.577,29.953,28.934,1.019
mp-aaaaahrt,69.284,41.007,28.277,36.069,20.162,15.907
mp-aaaaahrx,249.809,390.045,140.236,122.299,108.159,14.140
mp-aaaaahsa,169.867,152.874,16.993,73.418,86.127,12.709
mp-aaaaahsn,57.007,77.581,20.574,29.276,15.496,13.780
mp-aaaaahsp,100.569,103.805,3.236,47.553,36.641,10.912
mp-aaaaahst,173.944,231.927,57.983,87.971,92.499,4.528
mp-aaaaahsv,172.038,152.934,19.104,89.886,89.764,0.122
mp-aaaaahsw,67.821,49.031,18.790,43.016,41.990,1.026
mp-aaaaahsx,184.501,189.858,5.357,108.981,95.961,13.020
mp-aaaaahtd,170.929,132.414,38.515,108.497,91.908,16.589
mp-aaaaahtm,71.436,64.577,6.859,36.055,41.060,5.005
mp-aaaaahtn,82.341,146.786,64.445,48.599,54.843,6.244
mp-aaaaahts,114.291,102.830,11.461,70.239,60.242,9.997
mp-aaaaahtt,40.240,132.598,92.358,4.726,5.521,0.795
mp-aaaaahtu,103.853,107.268,3.415,50.363,68.382,18.019
mp-aaaaahtz,66.517,62.535,3.982,33.929,38.262,4.333
mp-aaaaahuh,45.534,56.304,10.770,28.532,36.060,7.528
mp-aaaaahui,135.733,183.080,47.347,57.245,57.965,0.720
mp-aaaaahuq,99.350,121.370,22.020,46.990,61.890,14.900
mp-aaaaahuw,150.848,135.894,14.954,62.689,59.557,3.132
mp-aaaaahve,33.367,81.596,48.229,11.493,11.634,0.141
mp-aaaaahvg,149.590,112.066,37.524,89.167,85.029,4.138
mp-aaaaahvh,60.595,63.861,3.266,25.048,22.668,2.380
mp-aaaaahvk,147.103,133.935,13.168,82.397,84.948,2.551
mp-aaaaahvo,115.307,93.295,22.012,57.367,60.796,3.429
mp-aaaaahvy,183.909,149.632,34.277,95.771,76.482,19.289
mp-aaaaahwa,194.911,187.700,7.211,129.690,74.665,55.025
mp-aaaaahwb,66.107,73.521,7.414,30.222,35.469,5.247
mp-aaaaahwf,22.107,46.356,24.249,10.288,6.767,3.521
mp-aaaaahwj,203.405,190.059,13.346,125.023,122.104,2.919
mp-aaaaahwo,116.415,106.498,9.917,56.542,48.263,8.279
mp-aaaaahwt,191.964,183.678,8.286,48.718,75.832,27.114
mp-aaaaahww,110.853,118.989,8.136,83.937,84.661,0.724
mp-aaaaahwx,46.607,68.807,22.200,31.019,39.245,8.226
mp-aaaaahxj,14.558,21.714,7.156,7.749,-0.546,8.295
mp-aaaaahxm,59.096,52.891,6.205,22.500,25.907,3.407
mp-aaaaahxq,121.177,105.380,15.797,74.808,73.282,1.526
mp-aaaaahxr,58.079,55.910,2.169,14.059,34.249,20.190
mp-aaaaahxs,103.452,92.248,11.204,56.315,63.084,6.769
mp-aaaaahxu,41.892,20.603,21.289,29.034,30.380,1.346
mp-aaaaahxx,213.346,190.670,22.676,125.896,123.660,2.236
mp-aaaaahyi,80.342,103.357,23.015,29.012,44.290,15.278
mp-aaaaahyn,214.536,215.700,1.164,169.418,114.834,54.584
mp-aaaaahyo,142.997,155.435,12.438,57.979,55.177,2.802
mp-aaaaahyq,19.246,31.570,12.324,8.026,21.001,12.975
mp-aaaaahyr,186.139,136.926,49.213,98.422,72.722,25.700
mp-aaaaahyv,137.531,159.556,22.025,66.772,55.427,11.345
mp-aaaaahyy,61.778,45.154,16.624,43.882,40.049,3.833
mp-aaaaahyz,153.594,158.416,4.822,86.061,74.425,11.636
mp-aaaaahza,159.405,141.920,17.485,82.144,79.723,2.421
mp-aaaaahzb,145.636,106.322,39.314,86.592,73.014,13.578
mp-aaaaahze,157.308,153.832,3.476,88.318,89.708,1.390
mp-aaaaahzf,133.321,138.736,5.415,55.399,52.390,3.009
mp-aaaaahzg,43.305,69.215,25.910,12.537,37.264,24.727
mp-aaaaahzj,156.143,111.170,44.973,102.589,87.406,15.183
mp-aaaaahzk,111.352,106.487,4.865,65.679,77.140,11.461
mp-aaaaahzm,90.315,84.316,5.999,42.488,29.900,12.588
mp-aaaaahzo,174.535,141.100,33.435,76.297,75.940,0.357
mp-aaaaahzr,145.871,115.808,30.063,83.177,70.833,12.344
mp-aaaaahzs,134.222,127.938,6.284,45.909,70.417,24.508
mp-aaaaahzz,179.963,161.242,18.721,98.873,105.888,7.015
mp-aaaaaiab,132.792,100.049,32.743,25.895,51.132,25.237
mp-aaaaaiac,197.382,175.508,21.874,111.407,103.599,7.808
mp-aaaaaiag,23.333,34.670,11.337,14.886,17.088,2.202
mp-aaaaaial,121.949,124.879,2.930,40.935,34.004,6.931
mp-aaaaaiap,114.758,82.036,32.722,71.979,67.491,4.488
mp-aaaaaiat,117.085,92.938,24.147,61.450,60.776,0.674
mp-aaaaaiav,170.188,212.449,42.261,89.207,88.124,1.083
mp-aaaaaiax,43.028,46.624,3.596,20.150,13.734,6.416
mp-aaaaaibc,200.083,177.645,22.438,87.106,100.770,13.664
mp-aaaaaibe,186.370,177.361,9.009,89.666,98.915,9.249
mp-aaaaaibj,161.142,173.048,11.906,81.589,107.024,25.435
mp-aaaaaibk,166.366,113.372,52.994,14.871,64.014,49.143
mp-aaaaaibm,73.939,75.635,1.696,21.617,32.571,10.954
mp-aaaaaibr,134.120,130.079,4.041,48.299,50.189,1.890
mp-aaaaaibs,113.036,91.992,21.044,75.241,69.690,5.551
mp-aaaaaibw,96.649,75.188,21.461,53.877,54.860,0.983
mp-aaaaaibz,71.289,63.350,7.939,34.516,22.475,12.041
mp-aaaaaicb,29.187,57.993,28.806,14.073,19.981,5.908
mp-aaaaaicn,50.491,47.086,3.405,40.749,30.309,10.440
mp-aaaaaicp,136.044,217.166,81.122,88.887,83.995,4.892
mp-aaaaaics,139.649,111.464,28.185,38.327,20.220,18.107
mp-aaaaaict,55.619,45.779,9.840,28.295,34.701,6.406
mp-aaaaaida,97.787,77.571,20.216,55.112,57.989,2.877
mp-aaaaaidd,138.592,190.899,52.307,58.177,75.261,17.084
mp-aaaaaidf,121.118,111.081,10.037,15.261,4.447,10.814
mp-aaaaaidg,79.915,69.077,10.838,43.078,51.108,8.030
mp-aaaaaidh,106.474,100.283,6.191,68.410,57.866,10.544
mp-aaaaaidj,84.084,105.677,21.593,16.270,22.775,6.505
mp-aaaaaidl,134.900,122.776,12.124,69.450,76.916,7.466
mp-aaaaaidm,63.206,71.971,8.765,34.526,33.931,0.595
mp-aaaaaidp,58.448,99.257,40.809,23.471,26.900,3.429
mp-aaaaaidr,154.870,181.286,26.416,73.121,57.708,15.413
mp-aaaaaids,51.872,58.179,6.307,21.914,13.004,8.910
mp-aaaaaidt,85.916,104.341,18.425,52.251,39.109,13.142
mp-aaaaaidw,141.173,140.652,0.521,63.454,55.247,8.207
mp-aaaaaieb,21.006,34.339,13.333,7.070,-0.380,7.450
mp-aaaaaieg,49.331,46.588,2.743,18.696,19.751,1.055
mp-aaaaaieh,93.299,97.722,4.423,45.301,39.967,5.334
mp-aaaaaien,65.943,52.347,13.596,40.349,38.703,1.646
mp-aaaaaieo,117.558,114.085,3.473,76.385,81.691,5.306
mp-aaaaaieq,60.846,88.561,27.715,26.959,36.426,9.467
mp-aaaaaier,237.181,207.215,29.966,23.421,96.733,73.312
mp-aaaaaieu,127.094,105.350,21.744,75.758,71.500,4.258
mp-aaaaaifa,107.794,94.319,13.475,14.252,27.307,13.055
mp-aaaaaifc,147.126,130.164,16.962,118.908,74.964,43.944
mp-aaaaaifd,156.335,141.454,14.881,61.897,83.800,21.903
mp-aaaaaifg,182.023,105.095,76.928,39.122,84.502,45.380
mp-aaaaaifk,155.679,149.208,6.471,84.063,59.134,24.929
mp-aaaaaifl,65.619,83.458,17.839,28.043,21.553,6.490
mp-aaaaaifs,162.197,168.509,6.312,84.537,89.842,5.305
mp-aaaaaifu,21.527,84.848,63.321,10.392,2.062,8.330
mp-aaaaaiga,81.263,82.049,0.786,43.123,38.725,4.398
mp-aaaaaigc,68.887,55.964,12.923,30.350,29.286,1.064
mp-aaaaaign,129.851,130.344,0.493,65.086,60.877,4.209
mp-aaaaaigo,227.908,232.597,4.689,105.804,117.367,11.563
mp-aaaaaigz,77.447,88.132,10.685,47.371,52.062,4.691
mp-aaaaaiha,59.971,57.642,2.329,48.769,28.182,20.587
mp-aaaaaihb,187.564,129.812,57.752,19.633,53.276,33.643
mp-aaaaaihe,160.151,109.008,51.143,72.463,74.343,1.880
mp-aaaaaihh,93.804,108.191,14.387,79.373,78.114,1.259
mp-aaaaaihm,67.353,65.868,1.485,24.062,20.365,3.697
mp-aaaaaihp,90.121,93.483,3.362,51.335,50.555,0.780
mp-aaaaaihq,56.864,55.258,1.606,24.286,35.873,11.587
mp-aaaaaihv,90.551,88.488,2.063,40.544,55.133,14.589
mp-aaaaaihz,60.562,50.660,9.902,36.572,31.530,5.042
mp-aaaaaiic,103.919,84.030,19.889,48.223,49.599,1.376
mp-aaaaaiie,225.910,244.602,18.692,106.066,123.385,17.319
mp-aaaaaiif,44.381,105.058,60.677,25.259,34.646,9.387
mp-aaaaaiig,122.962,131.392,8.430,88.035,82.934,5.101
mp-aaaaaiij,48.044,72.638,24.594,11.243,22.531,11.288
mp-aaaaaiil,114.059,106.150,7.909,77.796,80.950,3.154
mp-aaaaaiiq,127.515,90.822,36.693,54.647,35.182,19.465
mp-aaaaaiis,125.408,108.670,16.738,12.254,46.193,33.939
mp-aaaaaiiv,92.231,79.156,13.075,50.077,46.186,3.891
mp-aaaaaiix,173.178,112.219,60.959,116.187,100.873,15.314
mp-aaaaaijk,140.631,91.807,48.824,59.865,50.022,9.843
mp-aaaaaijr,183.669,185.947,2.278,133.360,130.584,2.776
mp-aaaaaiju,151.877,178.465,26.588,78.895,61.229,17.666
mp-aaaaaijv,111.403,74.234,37.169,52.386,42.908,9.478
mp-aaaaaikd,88.052,92.998,4.946,45.893,68.184,22.291
mp-aaaaaiki,110.879,109.835,1.044,29.228,18.832,10.396
mp-aaaaaiku,132.768,133.983,1.215,79.147,77.847,1.300
mp-aaaaaikw,162.616,128.000,34.616,80.921,81.378,0.457
mp-aaaaaiky,185.684,169.440,16.244,68.207,56.988,11.219
mp-aaaaaikz,60.393,52.411,7.982,34.579,24.878,9.701
mp-aaaaailf,43.612,54.409,10.797,18.902,22.232,3.330
mp-aaaaaili,68.849,82.585,13.736,25.749,32.378,6.629
mp-aaaaailm,17.329,18.785,1.456,11.328,10.930,0.398
mp-aaaaailq,41.009,78.282,37.273,10.424,13.844,3.420
mp-aaaaailu,210.234,175.053,35.181,126.519,124.682,1.837
mp-aaaaaima,159.103,186.931,27.828,78.475,85.218,6.743
mp-aaaaaimd,130.593,105.328,25.265,73.136,56.340,16.796
mp-aaaaaime,26.709,45.587,18.878,29.630,41.523,11.893
mp-aaaaaimj,71.171,69.707,1.464,41.828,41.668,0.160
mp-aaaaaimk,47.902,72.564,24.662,18.109,25.148,7.039
mp-aaaaaimn,92.340,64.054,28.286,47.273,49.119,1.846
mp-aaaaaimt,133.280,146.420,13.140,79.861,58.930,20.931
mp-aaaaaimz,40.643,177.086,136.443,26.257,39.154,12.897
mp-aaaaainc,160.645,137.486,23.160,37.535,37.441,0.094
mp-aaaaaind,52.110,46.433,5.677,33.226,37.905,4.679
mp-aaaaaing,175.730,201.646,25.916,105.010,88.410,16.600
mp-aaaaaink,62.703,77.673,14.970,27.883,23.244,4.639
mp-aaaaainl,205.713,225.333,19.620,99.395,110.745,11.350
mp-aaaaaino,98.364,78.660,19.704,49.193,34.791,14.402
mp-aaaaainu,51.385,73.954,22.569,11.751,33.931,22.180
mp-aaaaainv,132.418,92.884,39.534,62.370,62.524,0.154
mp-aaaaaiob,115.604,120.236,4.632,37.097,62.740,25.643
mp-aaaaaiof,97.867,129.183,31.316,51.278,58.301,7.023
mp-aaaaaiog,220.899,206.749,14.150,137.797,126.141,11.656
mp-aaaaaiok,62.691,56.624,6.067,21.746,26.487,4.741
mp-aaaaaiom,53.912,54.680,0.768,28.066,27.501,0.565
mp-aaaaaioo,-69.752,275.594,345.346,90.466,97.586,7.120
mp-aaaaaiop,86.243,84.618,1.625,41.969,49.788,7.819
mp-aaaaaioq,83.733,62.004,21.729,53.954,53.936,0.018
mp-aaaaaiow,168.278,111.572,56.706,76.893,65.607,11.286
mp-aaaaaiox,101.805,100.645,1.160,73.927,69.878,4.049
mp-aaaaaipa,158.937,149.718,9.219,104.243,103.902,0.341
mp-aaaaaipp,219.542,219.371,0.171,74.925,74.024,0.901
mp-aaaaaipv,116.144,102.746,13.398,45.239,45.197,0.042
mp-aaaaaipw,140.722,125.413,15.309,95.364,93.278,2.086
mp-aaaaaipx,82.882,100.172,17.290,36.596,29.362,7.234
mp-aaaaaiqd,176.478,136.188,40.290,103.379,71.217,32.162
mp-aaaaaiql,135.687,128.525,7.162,94.372,91.441,2.931
mp-aaaaaiqm,162.659,88.076,74.583,58.134,46.440,11.694
mp-aaaaaiqp,102.750,98.112,4.638,63.424,51.207,12.217
mp-aaaaaiqq,118.790,117.017,1.773,81.291,76.440,4.851
mp-aaaaaiqr,16.425,78.662,62.237,14.044,18.204,4.160
mp-aaaaaiqy,80.180,78.993,1.187,38.697,40.674,1.977
mp-aaaaairc,146.212,180.363,34.151,87.485,90.629,3.144
mp-aaaaaird,158.088,154.118,3.969,121.468,113.340,8.128
mp-aaaaairj,58.017,54.671,3.346,22.432,39.970,17.538
mp-aaaaairm,92.238,68.869,23.369,39.336,35.126,4.210
mp-aaaaairq,75.954,65.881,10.073,30.067,25.224,4.843
mp-aaaaairt,112.399,89.606,22.793,61.191,62.474,1.283
mp-aaaaaisc,71.150,43.532,27.618,33.286,30.683,2.603
mp-aaaaaisf,118.332,102.874,15.458,79.673,85.592,5.919
mp-aaaaaisn,193.302,150.041,43.261,102.343,79.659,22.684
mp-aaaaaisr,216.044,125.694,90.350,150.170,136.606,13.564
mp-aaaaaisy,48.085,80.493,32.408,23.193,41.862,18.669
mp-aaaaaitg,80.376,69.136,11.240,42.321,39.467,2.854
mp-aaaaaiti,52.044,42.231,9.813,33.921,37.155,3.234
mp-aaaaaitn,21.657,53.966,32.309,8.290,26.787,18.497
mp-aaaaaito,106.765,112.834,6.069,58.089,70.740,12.651
mp-aaaaaitq,180.029,134.017,46.012,94.851,72.682,22.169
mp-aaaaaits,55.853,83.601,27.748,50.642,39.608,11.034
mp-aaaaaitt,192.409,162.390,30.019,53.507,60.999,7.492
mp-aaaaaitw,189.894,152.408,37.486,103.854,117.261,13.407
mp-aaaaaiua,38.504,36.192,2.312,22.514,22.717,0.203
mp-aaaaaiub,30.046,47.709,17.663,16.822,20.246,3.424
mp-aaaaaiuf,139.365,124.858,14.507,73.886,65.188,8.698
mp-aaaaaiug,98.953,98.250,0.703,54.255,68.237,13.982
mp-aaaaaiuk,96.447,97.919,1.472,44.756,59.173,14.417
mp-aaaaaiuq,77.433,84.445,7.012,12.833,8.357,4.476
mp-aaaaaiuu,133.026,115.941,17.085,75.141,69.807,5.334
mp-aaaaaiux,155.950,118.435,37.515,,,
mp-aaaaaivi,33.163,34.329,1.166,20.602,20.733,0.131
mp-aaaaaivn,141.018,135.235,5.783,74.370,75.660,1.290
mp-aaaaaivr,159.168,151.996,7.172,52.283,24.956,27.327
mp-aaaaaivw,120.084,133.838,13.754,94.317,95.794,1.477
mp-aaaaaivx,158.964,138.044,20.920,86.085,66.045,20.040
mp-aaaaaiwc,113.370,106.147,7.223,49.769,41.982,7.787
mp-aaaaaiwd,131.945,116.021,15.924,68.577,75.647,7.070
mp-aaaaaiwe,229.147,280.586,51.439,99.894,103.627,3.733
mp-aaaaaiwg,107.183,133.078,25.895,49.773,62.560,12.787
mp-aaaaaiwk,30.297,84.632,54.335,17.192,33.085,15.893
mp-aaaaaiwt,130.487,108.862,21.625,58.295,59.322,1.027
mp-aaaaaixc,153.627,114.241,39.386,97.534,78.101,19.433
mp-aaaaaixy,170.348,100.201,70.147,72.955,60.722,12.233
mp-aaaaaiza,41.223,15.419,25.804,23.479,18.684,4.795
mp-aaaaaizh,147.444,85.535,61.909,88.417,63.046,25.371
mp-aaaaaizp,158.130,137.582,20.548,84.574,71.817,12.757
mp-aaaaaizq,34.699,7.934,26.765,22.332,12.629,9.703
mp-aaaaaizx,81.257,82.249,0.992,35.951,40.533,4.582
mp-aaaaajae,79.381,80.608,1.227,40.612,40.321,0.291
mp-aaaaajai,174.217,162.483,11.734,71.075,75.793,4.718
mp-aaaaajak,86.507,72.542,13.965,35.750,47.666,11.916
mp-aaaaajan,66.385,77.474,11.089,39.258,38.913,0.345
mp-aaaaajao,170.408,173.612,3.204,72.989,76.272,3.283
mp-aaaaajap,92.293,92.331,0.038,59.882,59.621,0.261
mp-aaaaajas,185.091,149.762,35.329,66.271,56.638,9.633
mp-aaaaajaz,115.567,104.201,11.366,68.582,66.671,1.911
mp-aaaaajbm,120.710,76.768,43.942,45.988,48.006,2.018
mp-aaaaajbr,84.902,79.894,5.008,31.781,43.882,12.101
mp-aaaaajby,66.385,47.388,18.997,37.152,35.096,2.056
mp-aaaaajco,91.312,76.518,14.794,47.588,42.882,4.706
mp-aaaaajcq,151.657,147.523,4.134,41.096,46.234,5.138
mp-aaaaajdf,124.323,86.416,37.907,48.803,39.452,9.351
mp-aaaaajdm,123.273,80.500,42.773,50.367,49.649,0.718
mp-aaaaajdq,41.268,19.835,21.433,-23.193,8.501,31.694
mp-aaaaajdr,36.141,42.080,5.939,20.883,23.248,2.365
mp-aaaaajeq,34.148,20.757,13.391,17.639,15.505,2.134
mp-aaaaajer,104.048,117.604,13.556,39.752,44.935,5.183
mp-aaaaajfj,174.721,170.306,4.415,70.588,76.980,6.392
mp-aaaaajfk,109.060,97.639,11.421,64.490,63.438,1.052
mp-aaaaajfo,82.829,70.884,11.945,43.090,33.523,9.567
mp-aaaaajgb,96.585,98.537,1.952,60.422,61.184,0.762
mp-aaaaajhe,84.792,106.096,21.304,43.501,44.501,1.000
mp-aaaaajim,144.046,90.949,53.097,47.009,66.711,19.702
mp-aaaaajjb,64.198,66.261,2.063,40.586,38.076,2.510
mp-aaaaajji,114.023,71.694,42.329,45.755,51.080,5.325
mp-aaaaajjk,52.503,57.904,5.401,29.889,23.623,6.266
mp-aaaaajjp,98.189,75.258,22.931,51.456,50.108,1.348
mp-aaaaajjw,132.634,115.810,16.824,77.257,76.854,0.403
mp-aaaaajkb,118.047,101.672,16.375,44.573,54.851,10.278
mp-aaaaajkj,167.246,151.570,15.676,102.676,105.204,2.528
mp-aaaaajks,138.501,103.842,34.659,61.191,47.261,13.930
mp-aaaaajlo,14.178,1.041,13.137,7.871,8.587,0.716
mp-aaaaajlv,77.843,75.598,2.245,34.457,38.550,4.093
mp-aaaaajmm,68.717,73.055,4.338,33.762,35.086,1.324
mp-aaaaajni,155.406,97.370,58.036,18.856,69.227,50.371
mp-aaaaajnu,63.864,72.471,8.607,44.628,51.461,6.833
mp-aaaaajol,88.959,81.834,7.125,41.324,39.572,1.752
mp-aaaaajou,115.481,93.946,21.535,61.928,44.142,17.786
mp-aaaaajoz,83.004,65.319,17.685,46.252,51.372,5.120
mp-aaaaajpa,127.395,91.864,35.531,78.056,68.611,9.445
mp-aaaaajps,129.550,80.710,48.840,78.167,69.160,9.007
mp-aaaaajpt,100.479,77.327,23.152,54.985,52.279,2.706
mp-aaaaajpu,46.261,52.794,6.533,21.788,25.901,4.113
mp-aaaaajpy,72.689,85.045,12.356,32.065,35.963,3.898
mp-aaaaajqe,73.809,72.346,1.463,30.686,37.015,6.329
mp-aaaaajql,15.519,42.656,27.137,8.426,3.867,4.559
mp-aaaaajqv,122.869,122.099,0.770,53.816,57.720,3.904
mp-aaaaajrr,10.516,41.971,31.455,2.107,13.608,11.501
mp-aaaaajsb,105.957,90.715,15.242,64.604,60.251,4.353
mp-aaaaajsi,17.575,8.242,9.333,8.399,9.936,1.537
mp-aaaaajsk,66.455,79.050,12.595,24.898,28.147,3.249
mp-aaaaajsm,86.466,63.364,23.102,43.679,48.917,5.238
mp-aaaaajti,45.766,32.978,12.788,27.366,23.209,4.157
mp-aaaaajtu,34.223,38.987,4.764,20.176,28.862,8.686
mp-aaaaajuc,170.189,147.049,23.140,102.310,92.610,9.700
mp-aaaaajuj,137.826,95.081,42.745,79.834,68.297,11.537
mp-aaaaajuu,127.515,119.957,7.558,80.136,65.096,15.040
mp-aaaaajuv,70.603,84.468,13.865,34.380,36.137,1.757
mp-aaaaajuy,27.837,35.267,7.430,12.769,7.064,5.705
mp-aaaaajvd,18.759,62.632,43.873,8.919,11.046,2.127
mp-aaaaajvq,157.954,172.168,14.214,64.680,74.134,9.454
mp-aaaaajvy,23.035,25.703,2.668,9.426,18.996,9.570
mp-aaaaajwf,108.915,99.705,9.210,57.615,61.877,4.262
mp-aaaaajwm,97.252,112.750,15.498,58.853,61.045,2.192
mp-aaaaajwn,75.339,52.195,23.144,40.323,43.964,3.641
mp-aaaaajwu,137.633,95.373,42.260,68.552,55.649,12.903
mp-aaaaajxe,39.509,0.314,39.195,20.537,22.014,1.477
mp-aaaaajxl,97.630,91.623,6.007,52.483,51.372,1.111
mp-aaaaajxy,79.378,83.303,3.925,46.869,38.797,8.072
mp-aaaaajyp,107.808,115.135,7.327,22.835,50.464,27.629
mp-aaaaajys,30.843,26.258,4.585,15.010,18.507,3.497
mp-aaaaajzf,123.932,97.041,26.891,14.336,45.656,31.320
mp-aaaaajzl,110.559,99.277,11.282,60.904,61.544,0.640
mp-aaaaajzu,154.321,156.884,2.563,73.834,75.227,1.393
mp-aaaaakae,95.182,142.550,47.368,,,
mp-aaaaakag,102.013,85.635,16.378,65.007,58.368,6.639
mp-aaaaakam,84.663,75.495,9.168,51.832,49.424,2.408
mp-aaaaakat,102.385,106.467,4.082,40.374,46.193,5.819
mp-aaaaakav,8.598,40.347,31.749,4.820,8.079,3.259
mp-aaaaakbi,185.956,191.157,5.201,59.085,65.585,6.500
mp-aaaaakca,55.459,53.995,1.464,26.743,27.631,0.888
mp-aaaaakck,169.061,90.305,78.756,16.845,55.308,38.463
mp-aaaaakcm,89.399,65.018,24.381,1.261,42.556,41.295
mp-aaaaakdj,73.072,89.945,16.873,31.840,46.699,14.859
mp-aaaaaked,51.664,42.649,9.015,29.357,21.253,8.104
mp-aaaaakeg,49.645,92.052,42.407,34.420,44.720,10.300
mp-aaaaakep,73.578,85.590,12.012,34.342,38.346,4.004
mp-aaaaakeu,25.800,96.105,70.305,8.334,6.608,1.726
mp-aaaaakfr,38.382,43.536,5.154,6.986,26.353,19.367
mp-aaaaakfs,52.989,62.530,9.541,66.800,26.628,40.172
mp-aaaaakfw,62.221,48.816,13.405,25.283,25.238,0.045
mp-aaaaakfy,37.038,40.309,3.271,27.264,25.075,2.189
mp-aaaaakfz,140.541,133.587,6.954,74.070,77.267,3.197
mp-aaaaakga,173.961,138.359,35.602,119.281,102.943,16.338
mp-aaaaakgb,73.521,74.831,1.310,40.715,41.616,0.901
mp-aaaaakgd,81.571,94.754,13.183,37.389,37.217,0.172
mp-aaaaakgg,134.073,68.665,65.408,35.048,47.400,12.352
mp-aaaaakgk,110.532,74.044,36.488,46.871,48.506,1.635
mp-aaaaakgl,164.957,103.560,61.397,88.803,66.112,22.691
mp-aaaaakgo,33.568,55.571,22.003,46.226,47.700,1.474
mp-aaaaakgp,58.659,75.641,16.982,38.924,29.831,9.093
mp-aaaaakgr,137.800,239.618,101.818,132.223,141.995,9.772
mp-aaaaakgw,171.239,166.218,5.021,74.335,53.472,20.863
mp-aaaaakgx,165.802,213.120,47.318,67.481,72.688,5.207
mp-aaaaakgy,185.335,264.572,79.236,50.107,69.243,19.136
mp-aaaaakhd,12.474,57.569,45.095,46.397,43.994,2.403
mp-aaaaakhf,272.328,158.038,114.290,201.767,180.923,20.844
mp-aaaaakhi,27.116,46.665,19.549,16.980,21.921,4.941
mp-aaaaakhj,55.222,9.046,46.176,22.838,19.577,3.261
mp-aaaaakhk,56.432,-1.166,57.598,30.807,23.661,7.146
mp-aaaaakhl,87.284,89.748,2.464,49.979,50.554,0.575
mp-aaaaakhm,48.889,42.338,6.551,29.294,25.728,3.566
mp-aaaaakhp,129.529,134.747,5.218,90.105,88.727,1.378
mp-aaaaakhr,16.259,49.982,33.723,10.650,24.260,13.610
mp-aaaaakhs,17.864,8.055,9.809,9.887,22.147,12.260
mp-aaaaakht,69.540,63.046,6.494,20.054,27.351,7.297
mp-aaaaakhu,63.365,55.326,8.039,33.454,32.904,0.550
mp-aaaaakhv,63.981,60.717,3.264,26.896,27.322,0.426
mp-aaaaakia,34.359,26.144,8.215,16.596,8.100,8.496
mp-aaaaakib,124.705,114.496,10.209,66.368,78.769,12.401
mp-aaaaakie,115.991,58.943,57.048,32.461,31.100,1.361
mp-aaaaakif,20.614,16.964,3.650,10.436,10.437,0.001
mp-aaaaakil,98.687,82.044,16.643,59.761,40.603,19.158
mp-aaaaakim,79.868,74.577,5.291,37.063,34.118,2.945
mp-aaaaakio,204.567,225.543,20.976,48.692,55.366,6.674
mp-aaaaakir,108.540,104.502,4.038,37.093,23.823,13.270
mp-aaaaakis,191.164,199.047,7.883,,,
mp-aaaaakiu,272.864,195.690,77.174,79.289,74.767,4.522
mp-aaaaakjc,174.855,169.518,5.337,106.824,94.664,12.160
mp-aaaaakjd,32.089,53.333,21.244,21.615,17.951,3.664
mp-aaaaakjf,7.016,41.493,34.477,5.269,10.098,4.829
mp-aaaaakjg,29.797,56.273,26.476,46.637,48.046,1.409
mp-aaaaakji,104.141,131.886,27.745,63.701,68.323,4.622
mp-aaaaakjj,110.052,84.745,25.307,48.649,38.570,10.079
mp-aaaaakjm,173.240,85.200,88.040,79.765,68.874,10.891
mp-aaaaakjn,9.602,33.853,24.251,6.251,13.038,6.787
mp-aaaaakjx,129.459,206.702,77.243,85.619,84.533,1.086
mp-aaaaakkh,149.910,66.639,83.271,61.546,66.552,5.006
mp-aaaaakkm,206.978,160.125,46.853,119.755,86.768,32.987
mp-aaaaakks,22.474,43.240,20.766,12.159,14.434,2.275
mp-aaaaakkv,66.621,25.980,40.641,18.564,23.540,4.976
mp-aaaaaklc,186.365,144.959,41.406,102.826,97.139,5.687
mp-aaaaakls,147.560,113.137,34.423,64.453,48.741,15.712
mp-aaaaaklu,124.163,122.630,1.533,63.254,58.308,4.946
mp-aaaaaklv,49.416,50.136,0.720,29.511,22.546,6.965
mp-aaaaaklw,43.146,54.552,11.406,31.930,33.492,1.562
mp-aaaaakly,179.569,147.804,31.765,75.462,70.424,5.038
mp-aaaaakmb,43.796,21.313,22.483,-0.129,15.018,15.147
mp-aaaaakmf,13.020,52.176,39.156,6.053,11.867,5.814
mp-aaaaakmh,139.562,81.522,58.040,61.970,56.118,5.852
mp-aaaaakmi,77.127,110.263,33.136,46.935,26.599,20.336
mp-aaaaakml,65.047,75.128,10.081,45.062,40.403,4.659
mp-aaaaakmo,16.048,13.839,2.209,5.087,19.508,14.421
mp-aaaaakmp,146.020,64.551,81.469,54.984,53.503,1.481
mp-aaaaakmq,260.465,238.602,21.863,145.673,126.991,18.682
mp-aaaaakmr,23.427,19.863,3.564,14.480,14.721,0.241
mp-aaaaakms,26.982,27.298,0.316,16.180,14.200,1.980
mp-aaaaakmu,145.819,149.915,4.096,99.581,110.324,10.743
mp-aaaaakmv,78.153,80.827,2.674,26.085,37.189,11.104
mp-aaaaaknb,214.904,233.683,18.779,101.199,108.361,7.162
mp-aaaaakng,47.440,7.401,40.039,26.842,27.711,0.869
mp-aaaaaknh,80.010,77.739,2.271,4.652,17.613,12.961
mp-aaaaakno,63.770,80.526,16.756,41.762,44.869,3.107
mp-aaaaaknq,41.472,108.726,67.254,9.405,9.283,0.122
mp-aaaaaknx,78.530,100.495,21.965,43.513,53.474,9.961
mp-aaaaakog,236.198,215.871,20.327,139.147,92.012,47.135
mp-aaaaakoh,58.128,52.712,5.416,35.887,10.683,25.204
mp-aaaaakoi,44.941,57.273,12.332,4.976,16.895,11.919
mp-aaaaakoq,213.563,120.144,93.419,186.481,192.865,6.384
mp-aaaaakos,384.511,314.447,70.064,61.473,86.913,25.440
mp-aaaaakot,118.683,78.122,40.561,56.229,61.803,5.574
mp-aaaaakoz,33.247,58.865,25.618,16.882,26.059,9.177
mp-aaaaakpj,54.494,49.762,4.732,36.156,29.998,6.158
mp-aaaaakpm,46.763,37.956,8.807,11.057,12.560,1.503
mp-aaaaakpn,40.344,39.303,1.041,25.572,22.709,2.863
mp-aaaaakps,127.592,112.995,14.597,48.991,52.557,3.566
mp-aaaaakpt,130.268,124.682,5.586,44.958,50.690,5.732
mp-aaaaakpu,69.175,78.958,9.783,45.435,32.661,12.774
mp-aaaaakpx,112.645,131.273,18.629,53.460,46.296,7.164
mp-aaaaakqk,105.597,110.642,5.045,67.155,56.145,11.010
mp-aaaaakql,164.644,144.048,20.596,62.108,51.880,10.228
mp-aaaaakqm,190.012,177.081,12.931,142.279,127.600,14.679
mp-aaaaakqn,149.850,118.270,31.580,67.929,54.627,13.302
mp-aaaaakqp,60.178,85.938,25.760,38.083,48.563,10.480
mp-aaaaakqq,72.039,74.402,2.363,41.139,40.700,0.439
mp-aaaaakrc,70.349,37.394,32.955,33.123,28.273,4.850
mp-aaaaakrr,34.893,34.507,0.386,21.712,14.889,6.823
mp-aaaaakrv,60.583,28.912,31.671,51.711,45.560,6.151
mp-aaaaakry,202.988,192.648,10.340,96.268,87.060,9.208
mp-aaaaaksb,244.031,283.092,39.061,,,
mp-aaaaakse,20.095,53.897,33.802,8.569,3.599,4.970
mp-aaaaaksj,43.939,99.448,55.509,4.118,31.633,27.515
mp-aaaaaksl,53.714,55.396,1.682,37.828,31.343,6.485
mp-aaaaaksm,94.522,156.878,62.356,16.158,30.726,14.568
mp-aaaaaksp,108.005,87.956,20.049,25.460,24.218,1.242
mp-aaaaakst,88.310,75.909,12.401,47.803,38.378,9.425
mp-aaaaaksw,220.750,174.505,46.245,89.264,90.487,1.223
mp-aaaaaksx,133.322,90.779,42.543,75.750,65.084,10.666
mp-aaaaakti,51.454,67.215,15.761,29.777,28.979,0.798
mp-aaaaaktj,79.362,68.628,10.734,53.688,44.992,8.696
mp-aaaaaktv,52.121,61.698,9.577,33.929,39.588,5.659
mp-aaaaaktw,79.572,50.588,28.984,39.135,24.355,14.780
mp-aaaaakud,170.080,171.518,1.438,155.057,135.215,19.842
mp-aaaaakuf,176.825,158.982,17.843,75.969,76.998,1.029
mp-aaaaakui,139.478,95.003,44.475,67.795,74.523,6.728
mp-aaaaakur,18.663,17.749,0.914,8.750,13.097,4.347
mp-aaaaakus,92.396,70.986,21.410,37.221,49.334,12.113
mp-aaaaakuw,125.759,126.306,0.547,101.107,140.681,39.574
mp-aaaaakux,57.028,56.488,0.540,29.141,26.183,2.958
mp-aaaaakwh,57.994,72.259,14.265,30.968,34.908,3.940
mp-aaaaakwl,55.615,47.711,7.904,17.134,25.048,7.914
mp-aaaaakwr,83.444,139.957,56.513,49.618,53.836,4.218
mp-aaaaakws,67.911,62.522,5.389,42.707,38.642,4.065
mp-aaaaakwu,91.308,72.656,18.652,48.485,52.473,3.988
mp-aaaaakxb,44.723,37.449,7.274,28.524,24.671,3.853
mp-aaaaakxd,71.077,92.979,21.902,52.128,55.158,3.030
mp-aaaaakxf,53.367,68.098,14.731,46.735,38.997,7.738
mp-aaaaakxg,93.089,73.198,19.891,36.257,40.763,4.506
mp-aaaaakxh,86.085,75.193,10.892,41.023,37.370,3.653
mp-aaaaakxi,49.710,45.398,4.312,163.745,20.117,143.628
mp-aaaaakxk,66.917,44.527,22.390,35.068,28.753,6.315
mp-aaaaakxq,56.503,56.941,0.438,21.409,15.491,5.918
mp-aaaaakxr,103.322,101.800,1.522,30.726,67.311,36.585
mp-aaaaakxs,36.254,40.819,4.565,25.252,24.557,0.695
mp-aaaaakxt,31.429,45.511,14.082,20.566,21.883,1.317
mp-aaaaakxx,40.267,42.941,2.674,24.883,21.902,2.981
mp-aaaaakya,112.098,100.779,11.319,48.388,37.895,10.493
mp-aaaaakyd,23.276,45.499,22.223,10.958,14.193,3.235
mp-aaaaakyg,46.921,58.160,11.239,25.775,28.807,3.032
mp-aaaaakym,23.258,29.013,5.755,14.643,14.040,0.603
mp-aaaaakyq,39.291,65.078,25.787,17.053,25.550,8.497
mp-aaaaakyv,179.771,194.928,15.157,110.879,88.048,22.831
mp-aaaaakzk,25.110,-0.481,25.591,14.645,17.373,2.728
mp-aaaaakzl,30.900,10.659,20.241,21.894,15.261,6.633
mp-aaaaakzm,90.672,78.482,12.190,53.158,58.145,4.987
mp-aaaaakzo,173.199,153.312,19.887,46.360,33.261,13.099
mp-aaaaakzq,55.357,60.785,5.428,28.964,35.769,6.805
mp-aaaaakzr,51.414,47.521,3.893,28.814,30.983,2.169
mp-aaaaakzt,43.544,54.296,10.752,14.186,15.761,1.575
mp-aaaaakzu,39.354,46.904,7.550,20.206,19.245,0.961
mp-aaaaakzv,42.070,58.090,16.020,12.806,19.730,6.924
mp-aaaaakzw,37.561,52.024,14.463,17.071,20.084,3.013
mp-aaaaakzx,47.267,42.591,4.676,20.221,23.593,3.372
mp-aaaaakzy,31.971,32.216,0.245,15.202,12.055,3.147
mp-aaaaakzz,35.575,37.917,2.342,21.711,26.529,4.818
mp-aaaaalaa,29.374,25.679,3.695,17.875,10.113,7.762
mp-aaaaalab,36.508,23.201,13.307,26.245,22.243,4.002
mp-aaaaalac,24.441,13.893,10.548,17.165,15.757,1.408
mp-aaaaalad,25.523,36.177,10.654,10.614,20.063,9.449
mp-aaaaalae,29.048,49.662,20.614,12.804,25.961,13.157
mp-aaaaalah,75.556,47.636,27.920,46.361,36.473,9.888
mp-aaaaalav,12.518,11.268,1.250,10.742,17.599,6.857
mp-aaaaalax,18.341,48.434,30.093,10.737,8.461,2.276
mp-aaaaalbb,124.032,136.447,12.415,41.154,36.684,4.470
mp-aaaaalbe,77.591,89.469,11.878,29.185,44.381,15.196
mp-aaaaalbh,47.660,58.298,10.638,22.586,25.485,2.899
mp-aaaaalbi,28.024,30.439,2.415,12.071,15.625,3.554
mp-aaaaalbk,28.089,84.760,56.671,12.606,22.819,10.213
mp-aaaaalbl,105.396,114.246,8.850,55.803,59.037,3.234
mp-aaaaalbm,110.379,107.967,2.412,26.428,30.233,3.805
mp-aaaaalbn,69.384,67.950,1.434,32.899,28.356,4.543
mp-aaaaalbo,78.050,70.331,7.719,44.923,36.054,8.869
mp-aaaaalbp,81.747,84.430,2.683,46.640,36.458,10.182
mp-aaaaalbq,82.532,75.019,7.513,47.336,41.329,6.007
mp-aaaaalbs,84.479,90.479,6.000,49.502,49.638,0.136
mp-aaaaalbu,50.690,-8.309,58.999,14.872,16.614,1.742
mp-aaaaalbv,50.671,-7.191,57.862,12.972,11.689,1.283
mp-aaaaalby,56.285,76.775,20.490,27.769,28.339,0.570
mp-aaaaalcf,34.216,48.344,14.128,17.996,23.800,5.804
mp-aaaaalcj,105.590,116.540,10.950,47.811,48.943,1.132
mp-aaaaalck,68.104,81.424,13.320,38.922,51.457,12.535
mp-aaaaalco,23.584,29.392,5.808,16.772,22.521,5.749
mp-aaaaalcs,224.113,210.161,13.952,131.374,138.692,7.318
mp-aaaaaldj,79.455,119.324,39.869,38.563,38.162,0.401
mp-aaaaaldk,127.788,97.611,30.177,74.558,60.076,14.482
mp-aaaaalea,123.036,135.931,12.895,14.744,33.974,19.230
mp-aaaaaleb,43.262,46.720,3.458,25.390,20.175,5.215
mp-aaaaalec,48.704,71.599,22.895,32.336,33.810,1.474
mp-aaaaaled,64.697,65.946,1.249,189.536,67.826,121.710
mp-aaaaalee,191.197,160.986,30.211,101.543,102.300,0.757
mp-aaaaaleh,30.263,39.227,8.964,12.256,22.801,10.545
mp-aaaaaleo,61.100,59.460,1.640,16.802,23.213,6.411
mp-aaaaalep,73.754,64.590,9.164,33.072,28.851,4.221
mp-aaaaales,148.824,149.375,0.551,108.018,100.888,7.130
mp-aaaaalet,148.286,145.498,2.788,77.117,70.306,6.811
mp-aaaaalez,145.517,178.096,32.579,52.906,82.516,29.610
mp-aaaaalfc,73.110,101.991,28.881,31.269,26.450,4.819
mp-aaaaalfd,16.776,27.988,11.212,6.563,7.803,1.240
mp-aaaaalfg,72.292,87.420,15.128,48.378,36.041,12.337
mp-aaaaalfh,335.374,281.349,54.025,208.110,202.098,6.012
mp-aaaaalfi,211.148,205.890,5.258,134.600,160.878,26.278
mp-aaaaalfj,112.773,158.681,45.908,83.729,75.201,8.528
mp-aaaaalfk,183.655,159.961,23.694,118.732,139.785,21.053
mp-aaaaalfl,226.984,190.329,36.655,115.850,118.202,2.352
mp-aaaaalfp,19.537,81.484,61.947,14.459,5.449,9.010
mp-aaaaalfq,17.991,9.779,8.212,13.525,19.218,5.693
mp-aaaaalfr,27.416,7.973,19.443,18.786,20.602,1.816
mp-aaaaalfu,198.324,154.584,43.740,58.221,78.312,20.091
mp-aaaaalfx,104.566,121.279,16.713,73.225,89.100,15.875
mp-aaaaalfz,68.076,59.316,8.760,36.685,26.495,10.190
mp-aaaaalga,58.752,65.757,7.005,-14.623,22.688,37.311
mp-aaaaalgd,8.284,21.646,13.362,6.065,11.311,5.246
mp-aaaaalge,236.601,263.560,26.959,110.040,113.185,3.145
mp-aaaaalgf,20.516,22.492,1.976,13.817,10.258,3.559
mp-aaaaalgg,125.156,105.532,19.624,90.659,77.035,13.624
mp-aaaaalgh,195.520,106.356,89.164,131.584,127.584,4.000
mp-aaaaalgi,146.711,134.194,12.517,88.832,75.598,13.234
mp-aaaaalgj,162.980,123.776,39.204,59.533,61.807,2.274
mp-aaaaalgl,52.093,71.770,19.677,30.935,42.053,11.118
mp-aaaaalgm,108.207,107.049,1.158,81.341,87.956,6.615
mp-aaaaalgq,91.447,105.214,13.767,43.646,42.247,1.399
mp-aaaaalgx,22.779,2.152,20.627,,,
mp-aaaaalha,19.609,21.405,1.796,-28.397,1.650,30.047
mp-aaaaalhd,17.135,70.044,52.909,10.609,3.651,6.958
mp-aaaaalhe,21.988,32.091,10.103,11.300,15.988,4.688
mp-aaaaalhf,43.341,57.727,14.386,25.406,27.672,2.266
mp-aaaaalhn,213.119,120.182,92.937,188.196,193.131,4.935
mp-aaaaalho,238.287,176.110,62.177,94.385,114.240,19.855
mp-aaaaalhv,34.554,46.742,12.188,20.740,28.426,7.686
mp-aaaaalhz,17.264,29.239,11.975,9.354,8.662,0.692
mp-aaaaalia,136.399,108.514,27.885,63.025,56.654,6.371
mp-aaaaalig,94.252,86.374,7.878,55.927,48.866,7.061
mp-aaaaalil,50.296,61.986,11.690,36.821,31.178,5.643
mp-aaaaalix,14.703,30.627,15.924,9.043,5.294,3.749
mp-aaaaaljw,227.310,223.130,4.180,178.062,178.276,0.214
mp-aaaaalke,150.882,156.633,5.751,23.821,13.893,9.928
mp-aaaaalkf,51.685,53.401,1.716,11.650,37.309,25.659
mp-aaaaalki,60.780,77.351,16.571,42.058,34.473,7.585
mp-aaaaalkl,179.797,135.579,44.218,82.806,93.848,11.042
mp-aaaaalkn,97.812,72.338,25.474,31.521,42.634,11.113
mp-aaaaalkp,94.131,112.001,17.870,21.968,31.970,10.002
mp-aaaaalks,85.449,102.888,17.439,52.804,50.958,1.846
mp-aaaaallb,61.231,57.686,3.545,90.834,37.055,53.779
mp-aaaaalld,70.652,43.310,27.342,33.502,34.734,1.232
mp-aaaaallr,56.113,60.547,4.434,23.869,26.945,3.076
mp-aaaaalma,133.356,125.707,7.649,87.199,65.634,21.565
mp-aaaaalme,45.977,32.525,13.452,38.116,34.400,3.716
mp-aaaaalmf,128.765,126.876,1.889,41.213,38.879,2.334
mp-aaaaalmg,173.191,165.812,7.379,94.850,87.215,7.635
mp-aaaaalmh,70.526,52.164,18.362,4.975,-10.936,15.911
mp-aaaaalmm,49.054,72.977,23.923,28.861,32.388,3.527
mp-aaaaalmw,53.997,59.187,5.190,33.006,27.738,5.268
mp-aaaaalmx,46.795,52.408,5.613,28.778,23.422,5.356
mp-aaaaalnd,49.171,52.952,3.781,23.079,21.113,1.966
mp-aaaaalnf,44.285,41.782,2.503,19.862,23.224,3.362
mp-aaaaalnh,68.832,40.114,28.718,36.572,10.790,25.782
mp-aaaaalnl,44.731,82.395,37.664,20.578,20.735,0.157
mp-aaaaalnm,10.160,66.784,56.624,7.343,12.062,4.719
mp-aaaaalnn,141.028,95.871,45.157,58.701,64.074,5.373
mp-aaaaalnq,179.192,206.141,26.949,105.086,91.510,13.576
mp-aaaaalny,146.174,138.791,7.383,84.791,84.175,0.616
mp-aaaaalob,110.837,101.740,9.097,48.326,67.627,19.301
mp-aaaaaloe,253.383,213.949,39.434,156.930,149.695,7.235
mp-aaaaalom,20.101,36.555,16.454,25.441,27.746,2.305
mp-aaaaaloo,37.686,192.841,155.155,23.281,31.516,8.235
mp-aaaaalov,91.597,121.721,30.124,45.452,48.006,2.554
mp-aaaaalow,87.764,87.242,0.522,72.307,46.610,25.697
mp-aaaaalox,92.708,67.895,24.813,44.695,48.787,4.092
mp-aaaaaloy,26.136,40.599,14.463,10.888,29.025,18.137
mp-aaaaalpd,198.194,142.523,55.671,100.310,112.731,12.421
mp-aaaaalpe,203.147,72.787,130.360,-26.310,-30.425,4.115
mp-aaaaalpg,341.800,305.724,36.076,196.608,208.272,11.664
mp-aaaaalpi,22.878,31.837,8.959,14.651,13.611,1.040
mp-aaaaalpt,56.943,72.460,15.517,22.843,23.535,0.692
mp-aaaaalpu,70.323,87.284,16.961,30.525,32.363,1.838
mp-aaaaalpw,23.763,48.221,24.458,24.692,44.550,19.858
mp-aaaaalpx,23.997,41.325,17.328,18.753,31.041,12.288
mp-aaaaalqf,207.405,264.254,56.849,190.624,180.408,10.216
mp-aaaaalqh,116.090,81.670,34.420,48.599,59.786,11.187
mp-aaaaalqj,68.209,63.316,4.893,21.226,26.265,5.039
mp-aaaaalqx,49.007,45.075,3.932,39.070,31.906,7.164
mp-aaaaalqy,43.231,43.881,0.650,32.923,28.696,4.227
mp-aaaaalqz,86.566,69.317,17.249,55.773,48.697,7.076
mp-aaaaalra,64.213,57.805,6.408,26.011,33.704,7.693
mp-aaaaalrb,59.767,59.896,0.129,31.348,29.799,1.549
mp-aaaaalrc,71.734,68.579,3.155,41.392,38.536,2.856
mp-aaaaalrd,46.529,55.829,9.300,4.623,24.407,19.784
mp-aaaaalre,47.006,52.428,5.422,4.630,18.896,14.266
mp-aaaaalrh,75.663,41.131,34.532,35.872,30.069,5.803
mp-aaaaalrl,142.445,84.442,58.003,51.221,59.747,8.526
mp-aaaaalrn,53.676,54.799,1.123,24.175,27.979,3.804
mp-aaaaalro,199.942,216.464,16.522,155.272,139.340,15.932
mp-aaaaalrt,13.975,-3.685,17.660,6.039,-0.975,7.014
mp-aaaaalru,10.489,5.758,4.731,3.570,6.691,3.121
mp-aaaaalrv,78.484,69.154,9.330,36.031,32.905,3.126
mp-aaaaalrz,18.985,17.291,1.694,9.167,10.866,1.699
mp-aaaaalsa,55.424,60.749,5.325,28.159,40.610,12.451
mp-aaaaalsc,37.528,28.325,9.203,22.148,23.287,1.139
mp-aaaaalsd,36.886,31.224,5.662,24.465,21.116,3.349
mp-aaaaalse,28.836,44.266,15.430,19.161,14.187,4.974
mp-aaaaalsf,25.418,45.443,20.025,15.840,15.180,0.660
mp-aaaaalsg,25.112,45.165,20.053,15.860,9.216,6.644
mp-aaaaalsh,33.195,54.128,20.933,14.741,19.657,4.916
mp-aaaaalsj,220.956,156.819,64.137,174.122,134.533,39.589
mp-aaaaalsk,100.745,109.323,8.578,66.176,62.617,3.559
mp-aaaaalsl,172.699,117.811,54.888,110.149,92.341,17.808
mp-aaaaalsm,134.279,106.541,27.738,93.630,82.584,11.046
mp-aaaaalsn,111.031,77.990,33.041,73.615,68.691,4.924
mp-aaaaalso,126.583,97.209,29.374,82.007,78.395,3.612
mp-aaaaalsr,30.483,62.343,31.860,22.643,33.510,10.867
mp-aaaaalss,21.718,32.305,10.587,12.227,18.911,6.684
mp-aaaaalsu,41.724,40.468,1.256,18.289,24.535,6.246
mp-aaaaalsw,22.817,30.462,7.645,13.913,13.621,0.292
mp-aaaaalsx,268.181,275.206,7.025,161.799,169.207,7.408
mp-aaaaalsy,35.048,45.573,10.525,17.968,22.194,4.226
mp-aaaaalta,132.377,103.086,29.291,76.896,71.240,5.656
mp-aaaaaltb,44.749,40.826,3.923,26.944,31.558,4.614
mp-aaaaaltf,61.912,72.963,11.051,39.772,23.122,16.650
mp-aaaaaltg,82.755,86.901,4.146,57.167,61.124,3.957
mp-aaaaalth,76.388,86.072,9.684,48.843,38.678,10.165
mp-aaaaalti,69.488,74.689,5.201,46.405,30.523,15.882
mp-aaaaaltj,61.060,34.541,26.519,39.007,21.376,17.631
mp-aaaaaltk,56.925,20.851,36.074,37.527,12.218,25.309
mp-aaaaaltm,50.050,47.259,2.791,34.134,27.423,6.711
mp-aaaaaltt,20.664,29.589,8.925,9.303,15.616,6.313
mp-aaaaaltv,77.932,33.448,44.484,26.736,26.329,0.407
mp-aaaaalty,98.225,102.214,3.989,37.433,49.462,12.029
mp-aaaaaltz,28.627,27.965,0.662,24.195,19.985,4.210
mp-aaaaalua,19.462,17.905,1.557,12.543,10.719,1.824
mp-aaaaalud,83.580,91.300,7.720,49.484,38.664,10.820
mp-aaaaaluf,44.124,20.925,23.199,35.774,30.948,4.826
mp-aaaaalug,66.819,58.156,8.663,24.035,17.665,6.370
mp-aaaaalui,171.919,117.669,54.250,82.453,57.607,24.846
mp-aaaaalur,68.969,55.416,13.553,36.925,30.789,6.136
mp-aaaaalus,72.801,64.595,8.206,39.626,31.817,7.809
mp-aaaaaluu,76.184,67.788,8.396,39.962,33.812,6.150
mp-aaaaaluv,71.864,72.033,0.169,36.150,32.868,3.282
mp-aaaaalux,23.767,45.433,21.666,9.335,17.268,7.933
mp-aaaaalve,149.034,74.877,74.157,83.207,61.269,21.938
mp-aaaaalvg,6.526,67.216,60.690,3.041,5.379,2.338
mp-aaaaalvj,97.905,199.468,101.563,68.078,86.751,18.673
mp-aaaaalvt,142.701,153.389,10.688,96.813,91.687,5.126
mp-aaaaalvu,118.336,115.448,2.888,71.709,49.701,22.008
mp-aaaaalvv,207.657,280.216,72.559,-63.434,-24.835,38.599
mp-aaaaalwf,11.553,39.081,27.528,4.906,14.416,9.510
mp-aaaaalwg,10.980,27.462,16.482,6.112,16.212,10.100
mp-aaaaalwi,63.574,62.309,1.265,28.475,27.331,1.144
mp-aaaaalwj,49.905,57.316,7.411,24.581,18.497,6.084
mp-aaaaalwm,183.620,176.429,7.191,66.054,46.614,19.440
mp-aaaaalwo,56.230,89.888,33.658,-67.087,-28.109,38.978
mp-aaaaalwp,134.577,119.376,15.201,-10.647,39.000,49.647
mp-aaaaalwz,118.532,87.116,31.416,34.579,40.239,5.660
mp-aaaaalxd,110.875,59.978,50.897,50.624,42.292,8.332
mp-aaaaalxf,124.366,72.746,51.620,76.510,64.349,12.161
mp-aaaaalxh,-0.000,-4.499,4.499,1.873,2.301,0.428
mp-aaaaalxi,202.683,150.321,52.362,86.908,95.567,8.659
mp-aaaaalxk,227.261,215.835,11.426,151.481,124.806,26.675
mp-aaaaalxl,209.704,225.931,16.227,88.907,84.148,4.759
mp-aaaaalxm,289.948,305.663,15.715,175.313,170.384,4.929
mp-aaaaalxo,140.198,139.009,1.189,71.451,69.657,1.794
mp-aaaaalxt,73.704,78.254,4.550,27.181,15.657,11.524
mp-aaaaalxz,19.957,59.975,40.018,41.802,45.882,4.080
mp-aaaaalyc,212.682,120.381,92.301,187.246,193.397,6.151
mp-aaaaalyn,124.288,127.118,2.830,28.671,41.351,12.680
mp-aaaaalyo,189.595,101.713,87.882,22.423,60.586,38.163
mp-aaaaalyz,57.133,59.407,2.274,38.966,44.223,5.257
mp-aaaaalze,80.270,89.393,9.123,40.766,45.725,4.959
mp-aaaaalzh,14.827,35.990,21.163,9.934,6.060,3.874
mp-aaaaalzi,16.104,30.285,14.181,9.961,10.913,0.952
mp-aaaaalzk,13.999,57.032,43.033,6.777,31.569,24.792
mp-aaaaalzl,61.616,81.649,20.033,-59.492,58.249,117.741
mp-aaaaalzm,168.242,102.380,65.862,74.360,60.788,13.572
mp-aaaaalzp,311.395,330.411,19.017,69.541,70.236,0.695
mp-aaaaalzq,344.254,271.629,72.625,70.766,141.070,70.304
mp-aaaaalzy,202.440,157.247,45.193,121.355,95.507,25.849
mp-aaaaamak,97.809,86.577,11.232,63.774,55.807,7.967
mp-aaaaamal,98.396,73.242,25.154,64.836,54.443,10.393
mp-aaaaaman,100.492,79.184,21.308,65.529,55.452,10.077
mp-aaaaamao,93.076,94.925,1.849,60.168,60.998,0.830
mp-aaaaamau,23.112,11.016,12.096,17.774,23.960,6.186
mp-aaaaamaw,168.947,160.876,8.071,43.216,50.940,7.724
mp-aaaaamay,135.883,99.479,36.404,63.691,58.015,5.676
mp-aaaaamaz,129.630,113.604,16.026,70.286,67.814,2.472
mp-aaaaambm,35.993,46.215,10.222,16.340,19.827,3.487
mp-aaaaambv,50.486,95.851,45.365,15.680,24.152,8.472
mp-aaaaambx,75.302,75.540,0.238,30.762,26.122,4.640
mp-aaaaamcl,71.739,53.446,18.293,27.414,30.248,2.834
mp-aaaaamcm,69.312,41.772,27.540,23.024,29.550,6.526
mp-aaaaamcn,86.276,71.737,14.539,12.599,12.880,0.281
mp-aaaaamcq,39.770,95.939,56.169,22.996,56.586,33.590
mp-aaaaamcr,110.495,127.528,17.033,65.413,64.276,1.137
mp-aaaaamcs,115.538,101.746,13.792,71.782,78.423,6.641
mp-aaaaamcx,42.145,55.500,13.355,9.082,24.783,15.701
mp-aaaaamcy,95.827,94.684,1.143,57.465,53.510,3.955
mp-aaaaamdb,17.328,28.886,11.558,7.681,7.698,0.017
mp-aaaaamdk,63.049,46.040,17.009,25.878,34.016,8.138
mp-aaaaamdo,194.262,234.462,40.200,188.166,153.444,34.722
mp-aaaaamdr,193.672,159.210,34.462,63.614,53.909,9.705
mp-aaaaamds,187.744,157.138,30.606,69.992,52.836,17.156
mp-aaaaamdv,15.227,42.450,27.223,10.596,23.987,13.391
mp-aaaaamdw,192.406,154.042,38.364,71.033,49.928,21.105
mp-aaaaamdz,54.948,57.721,2.773,19.623,20.483,0.860
mp-aaaaamec,197.512,176.575,20.937,136.420,90.367,46.053
mp-aaaaamed,127.405,112.080,15.325,64.320,68.114,3.794
mp-aaaaamef,186.495,150.708,35.787,85.070,87.184,2.114
mp-aaaaameg,89.041,15.888,73.153,-4.755,8.593,13.348
mp-aaaaamei,56.223,30.330,25.893,22.760,26.663,3.903
mp-aaaaamep,170.185,114.517,55.668,84.610,99.492,14.882
mp-aaaaameu,61.494,66.587,5.093,32.265,45.051,12.786
mp-aaaaamev,58.202,63.261,5.059,29.710,35.510,5.800
mp-aaaaamfh,10.753,9.436,1.317,5.047,5.000,0.047
mp-aaaaamfi,124.941,112.100,12.841,75.844,72.477,3.367
mp-aaaaamfl,56.295,100.917,44.622,37.483,41.513,4.030
mp-aaaaamfn,19.548,31.797,12.249,11.715,18.650,6.935
mp-aaaaamfo,33.853,57.618,23.765,19.578,25.636,6.058
mp-aaaaamfu,16.206,7.414,8.792,9.501,14.769,5.268
mp-aaaaamfz,10.254,14.483,4.229,4.410,6.972,2.562
mp-aaaaamgh,147.362,118.348,29.014,45.555,46.024,0.469
mp-aaaaamgi,63.496,67.071,3.575,43.654,42.107,1.547
mp-aaaaamgj,53.940,63.172,9.232,34.745,37.602,2.857
mp-aaaaamgk,51.070,39.608,11.462,38.104,33.867,4.237
mp-aaaaamgl,50.707,58.846,8.139,32.604,31.493,1.111
mp-aaaaamgm,45.089,36.899,8.190,33.213,24.966,8.247
mp-aaaaamgn,44.501,46.556,2.055,26.805,26.066,0.739
mp-aaaaamgo,203.884,178.614,25.270,120.619,81.564,39.055
mp-aaaaamgr,163.128,138.025,25.103,42.095,60.848,18.753
mp-aaaaamgv,50.256,25.273,24.983,15.788,17.520,1.732
mp-aaaaamgw,35.683,57.251,21.568,19.878,30.195,10.317
mp-aaaaamgx,49.076,67.687,18.611,22.261,24.197,1.936
mp-aaaaamhe,50.236,28.928,21.308,33.556,31.187,2.369
mp-aaaaamhf,46.741,29.281,17.460,32.082,26.628,5.454
mp-aaaaamhg,38.918,40.544,1.626,21.736,19.146,2.590
mp-aaaaamhm,31.230,88.314,57.084,19.247,26.124,6.877
mp-aaaaamhn,132.728,122.149,10.579,61.205,58.058,3.147
mp-aaaaamho,102.596,107.900,5.304,50.245,54.026,3.781
mp-aaaaamhq,111.137,93.136,18.001,44.076,47.441,3.365
mp-aaaaamhr,104.417,71.840,32.577,62.095,54.129,7.966
mp-aaaaamia,69.100,81.356,12.256,43.350,42.912,0.438
mp-aaaaamip,105.829,74.009,31.820,56.479,63.569,7.090
mp-aaaaamis,100.510,61.399,39.111,20.136,25.235,5.099
mp-aaaaamjc,15.209,32.227,17.018,5.277,18.030,12.753
mp-aaaaamjg,146.005,64.552,81.453,53.406,53.505,0.099
mp-aaaaamji,109.184,108.590,0.594,26.885,26.755,0.130
mp-aaaaamjw,36.668,76.733,40.065,13.823,13.489,0.334
mp-aaaaamjy,187.015,135.887,51.128,41.228,53.470,12.242
mp-aaaaamka,60.404,62.051,1.647,34.761,42.246,7.485
mp-aaaaamkb,33.137,80.756,47.619,-116.308,-71.683,44.625
mp-aaaaamkd,151.246,179.171,27.925,38.343,78.365,40.022
mp-aaaaamkf,21.082,14.956,6.126,23.269,34.510,11.241
mp-aaaaamkr,31.230,38.358,7.128,14.354,13.203,1.151
mp-aaaaamkz,39.370,-1.542,40.912,20.108,15.619,4.489
mp-aaaaamla,57.116,11.423,45.693,32.481,27.525,4.956
mp-aaaaamlb,53.871,17.325,36.546,24.043,20.721,3.322
mp-aaaaamld,62.499,32.243,30.256,36.041,24.516,11.525
mp-aaaaamle,66.107,38.956,27.151,41.940,43.933,1.993
mp-aaaaamlj,56.817,55.057,1.760,45.426,23.055,22.371
mp-aaaaamll,78.584,70.604,7.980,46.437,39.869,6.568
mp-aaaaamlq,15.293,8.927,6.366,6.037,13.394,7.357
mp-aaaaamlr,51.219,74.218,22.999,25.252,31.743,6.491
mp-aaaaamlu,199.308,144.057,55.251,115.332,107.790,7.542
mp-aaaaammc,15.851,2.402,13.449,8.676,13.588,4.912
mp-aaaaammh,151.502,152.298,0.796,52.405,71.584,19.179
mp-aaaaammi,73.255,69.440,3.815,50.755,47.820,2.935
mp-aaaaamml,19.314,84.567,65.253,11.412,13.946,2.534
mp-aaaaammm,17.445,51.139,33.694,9.351,1.629,7.722
mp-aaaaammp,39.186,44.270,5.084,22.791,22.666,0.125
mp-aaaaammw,21.887,13.548,8.339,10.978,20.492,9.514
mp-aaaaamnc,35.529,44.073,8.544,23.768,13.682,10.086
mp-aaaaamne,33.925,19.199,14.726,14.164,1.306,12.858
mp-aaaaamng,72.367,73.201,0.834,29.338,37.955,8.617
mp-aaaaamni,68.239,77.044,8.805,23.705,27.981,4.276
mp-aaaaamnj,62.326,59.038,3.288,26.036,23.948,2.088
mp-aaaaamnm,116.600,112.098,4.502,68.275,66.862,1.413
mp-aaaaamns,76.461,67.549,8.912,1.084,28.326,27.242
mp-aaaaamnu,84.293,62.290,22.003,42.149,36.947,5.202
mp-aaaaamof,53.023,46.415,6.608,37.085,29.579,7.506
mp-aaaaamoi,138.631,121.315,17.316,62.222,53.140,9.082
mp-aaaaamol,81.669,71.093,10.576,35.587,38.628,3.041
mp-aaaaamox,160.653,143.879,16.774,70.234,74.728,4.494
mp-aaaaamqa,157.698,143.005,14.693,86.030,98.403,12.373
mp-aaaaamqh,171.529,181.094,9.565,93.249,98.491,5.242
mp-aaaaamqj,3.686,5.803,2.117,1.676,10.614,8.938
mp-aaaaamql,41.510,46.409,4.899,23.276,30.946,7.670
mp-aaaaamqm,146.188,124.691,21.497,69.882,60.034,9.848
mp-aaaaamqp,23.337,36.539,13.202,12.749,19.297,6.548
mp-aaaaamrd,109.369,69.663,39.706,41.577,47.184,5.607
mp-aaaaamrm,88.449,86.499,1.950,32.087,27.526,4.561
mp-aaaaamrz,50.570,71.111,20.541,20.189,14.462,5.727
mp-aaaaamsc,133.042,122.879,10.163,72.154,80.243,8.089
mp-aaaaamsd,81.062,96.095,15.033,40.460,54.391,13.931
mp-aaaaamsv,32.683,77.939,45.256,13.203,20.567,7.364
mp-aaaaamsx,24.529,50.106,25.577,4.133,12.443,8.310
mp-aaaaamsz,58.536,75.402,16.866,15.928,35.412,19.484
mp-aaaaamta,57.332,65.925,8.593,21.965,28.041,6.076
mp-aaaaamtc,51.763,88.292,36.529,20.635,18.519,2.116
mp-aaaaamtj,249.352,160.763,88.589,141.476,118.807,22.669
mp-aaaaamtp,28.157,27.671,0.486,14.580,20.652,6.072
mp-aaaaamtq,27.207,-3.018,30.225,13.652,16.128,2.476
mp-aaaaamtr,22.506,20.253,2.253,10.459,16.650,6.191
mp-aaaaamts,23.501,35.490,11.989,15.910,19.850,3.940
mp-aaaaamtw,47.518,69.330,21.812,24.441,25.905,1.464
mp-aaaaamty,140.919,97.170,43.749,86.444,75.478,10.966
mp-aaaaamtz,182.221,198.463,16.242,153.632,132.460,21.172
mp-aaaaamua,176.702,180.648,3.946,-24.160,61.258,85.418
mp-aaaaamub,233.911,268.273,34.362,-121.246,-75.108,46.138
mp-aaaaamuc,280.959,241.860,39.099,120.902,102.262,18.640
mp-aaaaamud,89.974,99.796,9.822,29.840,23.930,5.910
mp-aaaaamue,167.391,180.704,13.313,-82.909,-24.297,58.612
mp-aaaaamuf,242.484,264.648,22.164,-4.159,44.955,49.114
mp-aaaaamug,298.021,267.375,30.646,140.215,145.010,4.795
mp-aaaaamuh,303.897,294.240,9.657,198.805,174.857,23.948
mp-aaaaamui,102.549,101.150,1.399,45.446,49.350,3.904
mp-aaaaamuj,285.901,295.058,9.157,,,
mp-aaaaamuk,363.048,362.430,0.618,195.364,185.226,10.138
mp-aaaaamul,394.005,392.143,1.862,,,
mp-aaaaamuq,187.835,179.888,7.947,113.376,108.704,4.672
mp-aaaaamuw,77.836,133.748,55.912,47.266,59.802,12.536
mp-aaaaamvi,21.370,59.332,37.962,8.448,8.203,0.245
mp-aaaaamvm,85.654,73.410,12.244,51.840,53.104,1.264
mp-aaaaamvo,120.843,118.496,2.347,51.100,35.492,15.608
mp-aaaaamvr,103.076,96.688,6.388,-17.951,2.348,20.299
mp-aaaaamvs,28.231,93.491,65.260,16.050,19.374,3.324
mp-aaaaamvt,14.309,34.153,19.844,12.148,15.072,2.924
mp-aaaaamvy,152.578,108.932,43.646,98.816,102.726,3.910
mp-aaaaamwn,158.788,91.390,67.398,71.217,80.153,8.936
mp-aaaaamwq,33.183,49.771,16.588,14.542,7.137,7.405
mp-aaaaamwt,19.392,11.843,7.549,5.501,14.264,8.763
mp-aaaaamxo,23.313,28.343,5.030,14.440,14.031,0.409
mp-aaaaamxw,42.606,128.103,85.497,24.229,37.662,13.433
mp-aaaaamyg,127.501,121.537,5.964,61.207,79.657,18.450
mp-aaaaamyq,23.586,45.449,21.863,12.600,15.338,2.738
mp-aaaaamyr,16.008,7.846,8.162,8.277,1.360,6.917
mp-aaaaamys,24.832,15.221,9.611,15.620,9.088,6.532
mp-aaaaamyu,24.635,15.067,9.568,15.306,15.544,0.238
mp-aaaaamyw,149.588,130.545,19.043,71.025,67.621,3.404
mp-aaaaamyz,161.032,110.944,50.088,81.561,68.604,12.957
mp-aaaaamzd,95.995,62.004,33.991,,,
mp-aaaaamzj,202.613,187.101,15.512,141.073,117.742,23.331
mp-aaaaamzk,218.180,220.789,2.609,190.491,152.158,38.333
mp-aaaaamzs,288.234,261.840,26.394,141.769,149.876,8.107
mp-aaaaamzt,7.142,41.177,34.035,2.426,12.476,10.050
mp-aaaaamzy,138.277,106.659,31.618,68.334,57.072,11.262
mp-aaaaanab,56.917,37.594,19.323,40.920,32.427,8.493
mp-aaaaanac,77.113,83.047,5.934,39.302,42.625,3.323
mp-aaaaanal,22.388,13.822,8.566,12.314,12.968,0.654
mp-aaaaanam,36.601,68.728,32.127,13.476,11.959,1.517
mp-aaaaanaq,83.422,143.140,59.718,67.066,59.430,7.636
mp-aaaaanay,17.736,19.631,1.895,7.650,14.654,7.004
mp-aaaaanbe,81.760,59.854,21.906,44.530,50.117,5.587
mp-aaaaanbq,109.969,166.688,56.719,59.556,51.788,7.768
mp-aaaaancc,65.660,69.087,3.427,32.776,40.584,7.808
mp-aaaaancd,68.756,68.104,0.652,23.297,32.644,9.347
mp-aaaaancg,160.248,117.436,42.812,90.190,64.589,25.601
mp-aaaaancu,24.248,27.207,2.959,11.722,12.381,0.659
mp-aaaaancv,39.398,38.478,0.920,21.019,34.881,13.862
mp-aaaaancy,202.474,198.411,4.063,100.910,102.817,1.907
mp-aaaaandc,1.319,49.282,47.963,2.319,6.238,3.919
mp-aaaaandf,47.016,42.980,4.036,21.559,20.338,1.221
mp-aaaaandh,89.133,83.280,5.853,60.304,50.799,9.505
mp-aaaaandi,94.759,93.257,1.502,73.016,56.871,16.145
mp-aaaaando,82.620,67.996,14.624,47.048,47.457,0.409
mp-aaaaandp,67.203,78.702,11.499,39.618,27.627,11.991
mp-aaaaandq,76.250,62.940,13.310,51.856,45.055,6.801
mp-aaaaandr,60.750,55.726,5.024,41.228,35.346,5.882
mp-aaaaands,42.546,50.917,8.371,22.507,18.261,4.246
mp-aaaaandz,64.928,64.898,0.030,34.028,35.997,1.969
mp-aaaaaned,156.278,173.484,17.206,81.829,84.592,2.763
mp-aaaaanee,146.854,178.460,31.606,79.667,76.115,3.552
mp-aaaaaner,273.128,188.360,84.768,147.463,147.385,0.078
mp-aaaaanet,46.958,89.184,42.226,15.031,12.827,2.204
mp-aaaaanfe,107.992,90.150,17.842,47.314,53.461,6.147
mp-aaaaanfj,215.162,245.430,30.268,58.845,68.857,10.012
mp-aaaaanfo,15.288,19.409,4.121,8.595,18.370,9.775
mp-aaaaanfs,5.698,48.208,42.510,5.736,16.562,10.826
mp-aaaaanft,189.969,176.562,13.407,171.077,165.634,5.443
mp-aaaaanfu,207.258,149.166,58.092,149.363,169.697,20.334
mp-aaaaanfv,220.371,180.005,40.366,147.913,181.721,33.808
mp-aaaaanfz,39.735,57.381,17.646,19.123,13.483,5.640
mp-aaaaangs,32.512,13.952,18.560,11.131,9.298,1.833
mp-aaaaangt,28.269,22.076,6.193,10.514,9.341,1.173
mp-aaaaangz,125.782,118.494,7.288,69.791,93.001,23.210
mp-aaaaanhd,186.672,154.783,31.889,116.130,93.556,22.574
mp-aaaaanhg,9.511,75.422,65.911,8.382,37.108,28.726
mp-aaaaanhi,94.476,71.517,22.959,29.703,16.113,13.590
mp-aaaaanhm,61.333,83.068,21.735,33.737,48.565,14.828
mp-aaaaanhn,102.152,86.914,15.238,40.756,31.068,9.688
mp-aaaaanhy,21.645,27.378,5.733,9.050,13.016,3.966
mp-aaaaanhz,22.614,18.671,3.943,9.447,13.740,4.293
mp-aaaaania,182.544,201.062,18.518,108.952,81.948,27.004
mp-aaaaanik,105.953,120.685,14.732,65.305,43.017,22.288
mp-aaaaanio,12.480,32.251,19.771,6.133,5.474,0.659
mp-aaaaanjb,113.183,115.169,1.986,63.455,45.586,17.869
mp-aaaaanjd,92.683,94.541,1.858,44.079,30.087,13.992
mp-aaaaanjf,46.408,35.844,10.564,30.780,27.143,3.637
mp-aaaaanjh,87.062,69.201,17.861,50.486,47.425,3.061
mp-aaaaanjn,48.095,55.365,7.270,30.181,22.666,7.515
mp-aaaaanki,7.646,35.066,27.420,11.439,17.785,6.346
mp-aaaaankm,67.565,24.573,42.992,22.825,21.279,1.546
mp-aaaaankn,68.848,19.930,48.918,19.737,22.847,3.110
mp-aaaaankp,12.853,-22.258,35.111,6.659,11.851,5.192
mp-aaaaanku,24.930,26.256,1.326,16.531,18.216,1.685
mp-aaaaankv,22.098,25.093,2.995,14.515,16.429,1.914
mp-aaaaanlb,84.837,92.830,7.993,32.065,21.969,10.096
mp-aaaaanlc,47.536,49.168,1.632,28.714,22.848,5.866
mp-aaaaanll,41.027,42.546,1.519,25.399,16.429,8.970
mp-aaaaanlv,73.503,95.326,21.823,33.445,41.800,8.355
mp-aaaaanmy,53.606,57.242,3.636,40.964,26.260,14.704
mp-aaaaanmz,98.203,77.770,20.433,50.345,55.468,5.123
mp-aaaaannb,87.909,81.352,6.557,41.371,49.886,8.515
mp-aaaaanog,81.110,123.891,42.781,41.021,52.922,11.901
mp-aaaaanom,119.857,115.760,4.097,62.806,46.138,16.668
mp-aaaaanoo,96.751,126.354,29.603,31.757,41.842,10.085
mp-aaaaanou,79.937,93.375,13.438,43.617,41.477,2.140
mp-aaaaanov,100.826,148.693,47.867,53.487,67.779,14.292
mp-aaaaanoz,86.100,82.639,3.461,65.462,57.075,8.387
mp-aaaaanpb,59.427,30.304,29.123,30.289,9.820,20.469
mp-aaaaanpq,74.998,82.238,7.240,35.782,43.679,7.897
mp-aaaaanpr,52.129,62.141,10.012,13.895,20.970,7.075
mp-aaaaanpu,112.916,103.562,9.354,90.786,100.348,9.562
mp-aaaaanpw,18.660,36.350,17.690,11.654,11.328,0.326
mp-aaaaanqe,279.124,309.187,30.063,,,
mp-aaaaanqh,139.272,109.552,29.720,84.491,75.331,9.160
mp-aaaaanqt,147.039,168.524,21.485,82.265,73.152,9.113
mp-aaaaanqv,149.146,131.756,17.390,61.333,54.425,6.908
mp-aaaaanro,153.134,202.593,49.459,133.263,117.613,15.650
mp-aaaaanrr,58.575,58.015,0.560,26.516,29.219,2.703
mp-aaaaanrs,78.911,65.533,13.378,36.107,37.320,1.213
mp-aaaaanrv,23.076,63.179,40.103,15.407,15.162,0.245
mp-aaaaanrw,7.841,19.903,12.062,7.541,10.865,3.324
mp-aaaaanry,5.745,39.887,34.142,4.370,10.535,6.165
mp-aaaaansb,40.555,53.900,13.345,21.583,19.873,1.710
mp-aaaaansc,310.270,175.177,135.093,,,
mp-aaaaansg,11.837,21.500,9.663,7.232,9.391,2.159
mp-aaaaansi,31.246,36.446,5.200,9.325,5.735,3.590
mp-aaaaanso,142.102,105.051,37.051,87.554,71.523,16.031
mp-aaaaansq,27.301,64.524,37.223,15.986,21.956,5.970
mp-aaaaanss,15.491,30.364,14.873,5.488,10.458,4.970
mp-aaaaanth,81.945,69.554,12.391,53.344,39.564,13.780
mp-aaaaantn,34.708,67.526,32.818,19.870,24.749,4.879
mp-aaaaantw,82.277,82.665,0.388,38.336,43.308,4.972
mp-aaaaanty,67.594,79.273,11.679,35.522,31.543,3.979
mp-aaaaantz,53.731,85.082,31.351,23.848,22.517,1.331
mp-aaaaanue,141.136,100.874,40.262,84.913,78.109,6.804
mp-aaaaanuk,30.478,45.362,14.884,18.801,18.614,0.187
mp-aaaaanun,56.786,40.833,15.953,30.354,11.215,19.139
mp-aaaaanuq,32.686,86.042,53.356,20.268,26.029,5.761
mp-aaaaanur,51.620,79.579,27.959,31.792,32.752,0.960
mp-aaaaanuw,11.099,29.847,18.748,6.847,18.308,11.461
mp-aaaaanvf,185.947,186.692,0.745,104.288,112.772,8.484
mp-aaaaanvp,33.983,1.897,32.086,13.221,13.103,0.118
mp-aaaaanvq,100.236,113.873,13.637,44.379,45.532,1.153
mp-aaaaanvr,95.160,96.716,1.556,42.974,43.653,0.679
mp-aaaaanwl,72.095,110.968,38.873,44.528,36.496,8.032
mp-aaaaanwt,40.513,52.809,12.296,28.465,27.188,1.277
mp-aaaaanwv,114.770,108.091,6.679,60.855,45.784,15.071
mp-aaaaanww,148.786,148.996,0.210,101.048,68.608,32.440
mp-aaaaanwx,156.263,174.813,18.550,107.326,75.783,31.543
mp-aaaaanwz,9.541,51.751,42.210,3.555,9.820,6.265
mp-aaaaanxa,7.606,54.284,46.678,2.961,7.414,4.453
mp-aaaaanxb,86.002,67.690,18.312,53.608,43.454,10.154
mp-aaaaanxd,89.851,77.717,12.134,56.640,52.565,4.075
mp-aaaaanxf,21.521,104.138,82.617,10.537,30.849,20.312
mp-aaaaanxn,22.055,49.327,27.272,12.107,23.554,11.447
mp-aaaaanxo,82.941,92.475,9.534,44.343,48.386,4.043
mp-aaaaanyz,164.016,143.679,20.337,80.125,73.448,6.677
mp-aaaaanzp,82.152,74.803,7.349,42.477,44.347,1.870
mp-aaaaanzv,100.830,144.129,43.299,63.230,17.159,46.071
mp-aaaaanzw,131.064,187.386,56.322,56.059,50.079,5.980
mp-aaaaanzz,98.407,86.499,11.908,74.614,61.200,13.414
mp-aaaaaoai,64.676,70.961,6.285,17.417,24.520,7.103
mp-aaaaaoaj,76.493,74.240,2.253,36.390,47.805,11.415
mp-aaaaaoap,18.423,38.308,19.885,10.156,19.825,9.669
mp-aaaaaoar,26.399,85.992,59.593,18.646,43.548,24.902
mp-aaaaaoaw,27.421,55.013,27.592,13.570,23.950,10.380
mp-aaaaaoax,105.688,108.970,3.282,1.484,52.194,50.710
mp-aaaaaoba,30.860,59.222,28.362,10.721,12.370,1.649
mp-aaaaaobn,36.445,52.068,15.623,14.922,21.234,6.312
mp-aaaaaoby,132.844,145.166,12.322,91.296,111.500,20.204
mp-aaaaaocb,121.679,182.637,60.958,54.446,49.337,5.109
mp-aaaaaoch,36.343,36.608,0.265,19.856,23.887,4.031
mp-aaaaaocl,106.828,95.412,11.416,74.200,54.851,19.349
mp-aaaaaodg,20.046,63.593,43.547,15.662,26.926,11.264
mp-aaaaaodh,98.654,128.930,30.276,37.767,53.954,16.187
mp-aaaaaodi,117.520,100.550,16.970,78.678,54.657,24.021
mp-aaaaaodo,49.807,52.436,2.629,40.121,45.471,5.350
mp-aaaaaodt,20.333,93.333,73.000,17.569,27.795,10.226
mp-aaaaaodu,54.336,57.373,3.037,35.547,41.803,6.256
mp-aaaaaodw,50.032,42.924,7.108,36.090,24.549,11.541
mp-aaaaaodx,39.782,38.387,1.395,26.420,22.012,4.408
mp-aaaaaody,37.968,37.357,0.611,26.095,24.484,1.611
mp-aaaaaodz,36.216,40.617,4.401,24.844,24.002,0.842
mp-aaaaaoea,38.440,53.070,14.630,28.594,27.597,0.997
mp-aaaaaoeb,66.211,68.167,1.956,45.563,42.042,3.521
mp-aaaaaoec,57.023,58.842,1.819,34.608,33.236,1.372
mp-aaaaaoed,57.237,55.795,1.442,35.241,29.894,5.347
mp-aaaaaoef,44.531,46.509,1.978,33.067,23.302,9.765
mp-aaaaaoeg,34.453,43.251,8.798,23.924,18.369,5.555
mp-aaaaaoeh,56.099,47.063,9.036,47.692,43.541,4.151
mp-aaaaaoej,49.839,57.173,7.334,35.571,34.326,1.245
mp-aaaaaoek,35.047,45.785,10.738,21.934,24.783,2.849
mp-aaaaaoel,27.221,11.228,15.993,13.611,16.424,2.813
mp-aaaaaoem,24.333,1.496,22.837,12.675,11.787,0.888
mp-aaaaaoeo,70.369,79.718,9.349,49.154,43.370,5.784
mp-aaaaaoep,45.168,50.229,5.061,20.696,23.628,2.932
mp-aaaaaoes,68.640,107.625,38.985,28.417,25.404,3.013
mp-aaaaaoet,306.124,299.587,6.537,172.722,162.821,9.901
mp-aaaaaoeu,41.365,43.440,2.075,26.861,28.407,1.546
mp-aaaaaoey,64.678,68.715,4.037,35.334,28.382,6.952
mp-aaaaaofb,161.141,104.207,56.934,59.303,72.790,13.487
mp-aaaaaofq,49.164,107.687,58.523,19.417,38.018,18.601
mp-aaaaaofv,65.258,51.973,13.285,48.553,57.465,8.912
mp-aaaaaogl,154.008,136.439,17.569,59.765,75.576,15.811
mp-aaaaaogp,52.636,57.017,4.381,12.745,14.618,1.873
mp-aaaaaogq,11.184,16.173,4.989,4.926,12.558,7.632
mp-aaaaaohs,18.515,4.060,14.455,8.013,3.027,4.986
mp-aaaaaoht,16.559,-4.402,20.961,7.368,9.038,1.670
mp-aaaaaoia,20.879,36.761,15.882,13.474,24.117,10.643
mp-aaaaaoip,21.569,21.244,0.325,9.220,12.836,3.616
mp-aaaaaois,58.788,63.055,4.267,11.435,36.287,24.852
mp-aaaaaojn,159.326,151.775,7.551,99.809,93.991,5.818
mp-aaaaaojs,178.989,125.281,53.708,64.066,70.284,6.218
mp-aaaaaoju,15.057,-8.516,23.573,6.582,14.327,7.745
mp-aaaaaojv,40.227,52.583,12.356,27.656,23.687,3.969
mp-aaaaaojx,58.534,37.637,20.897,48.427,49.921,1.494
mp-aaaaaokh,10.503,29.875,19.372,5.168,9.346,4.178
mp-aaaaaokt,64.685,56.810,7.875,27.956,31.572,3.616
mp-aaaaaoku,58.991,48.364,10.627,26.110,30.824,4.714
mp-aaaaaolf,213.567,178.348,35.219,93.452,113.961,20.509
mp-aaaaaolg,172.653,92.644,80.009,65.809,51.576,14.233
mp-aaaaaoll,158.374,169.380,11.006,111.219,95.821,15.398
mp-aaaaaols,54.789,54.527,0.262,21.620,26.409,4.789
mp-aaaaaolv,138.601,139.487,0.886,58.663,62.009,3.346
mp-aaaaaoma,60.397,62.878,2.481,30.788,31.298,0.510
mp-aaaaaomc,22.143,13.530,8.613,11.106,10.364,0.742
mp-aaaaaomx,62.732,58.693,4.039,42.842,29.704,13.138
mp-aaaaaomz,177.383,146.757,30.626,92.377,90.208,2.169
mp-aaaaaong,27.894,53.664,25.770,13.316,18.765,5.449
mp-aaaaaoni,9.505,35.802,26.297,3.583,17.890,14.307
mp-aaaaaonk,113.947,109.526,4.421,43.981,32.855,11.126
mp-aaaaaonl,28.713,94.926,66.213,22.737,23.490,0.753
mp-aaaaaonm,60.879,68.664,7.785,20.692,22.687,1.995
mp-aaaaaonr,15.180,15.646,0.466,6.896,15.629,8.733
mp-aaaaaonz,10.747,3.792,6.955,4.682,4.962,0.280
mp-aaaaaooa,94.698,111.838,17.140,32.243,49.088,16.845
mp-aaaaaooc,155.366,182.738,27.372,-85.541,-47.961,37.580
mp-aaaaaooh,99.768,116.020,16.252,63.715,63.065,0.650
mp-aaaaaool,49.406,53.687,4.281,25.226,25.871,0.645
mp-aaaaaoop,51.236,57.362,6.126,29.669,33.971,4.302
mp-aaaaaooq,88.056,72.448,15.608,30.704,32.145,1.441
mp-aaaaaoor,21.936,22.506,0.569,11.138,14.063,2.925
mp-aaaaaoow,66.326,64.622,1.704,42.871,52.716,9.845
mp-aaaaaooz,68.608,64.420,4.188,46.754,44.779,1.975
mp-aaaaaops,18.358,7.983,10.375,8.524,-2.025,10.549
mp-aaaaaopt,52.444,62.497,10.053,36.396,29.357,7.039
mp-aaaaaoqa,177.470,167.658,9.812,137.397,113.043,24.354
mp-aaaaaoqb,13.450,47.689,34.239,5.715,9.150,3.435
mp-aaaaaoqe,19.144,28.909,9.765,7.483,16.563,9.080
mp-aaaaaoqi,83.125,46.754,36.371,55.304,54.426,0.878
mp-aaaaaoqj,14.686,10.977,3.709,9.646,16.023,6.377
mp-aaaaaoqs,51.120,40.456,10.664,33.441,27.586,5.855
mp-aaaaaoqw,120.146,110.994,9.152,78.022,78.911,0.889
mp-aaaaaora,238.540,193.551,44.989,78.048,114.303,36.256
mp-aaaaaorb,37.824,39.380,1.556,22.866,17.721,5.145
mp-aaaaaorg,57.891,57.532,0.359,35.063,24.727,10.336
mp-aaaaaork,209.159,178.352,30.807,116.095,130.088,13.993
mp-aaaaaorm,39.993,50.007,10.014,21.135,32.928,11.793
mp-aaaaaorn,46.251,40.631,5.620,25.849,27.506,1.657
mp-aaaaaoro,14.850,58.519,43.669,8.458,22.499,14.041
mp-aaaaaorp,18.634,42.489,23.855,11.217,11.677,0.460
mp-aaaaaorq,16.695,49.172,32.477,12.408,16.413,4.005
mp-aaaaaorr,154.817,179.802,24.985,123.748,127.852,4.104
mp-aaaaaors,19.866,19.785,0.081,13.840,16.584,2.744
mp-aaaaaort,34.964,23.142,11.822,25.740,25.922,0.182
mp-aaaaaoru,56.453,72.221,15.768,15.766,34.823,19.057
mp-aaaaaorv,22.148,65.619,43.471,21.445,46.695,25.250
mp-aaaaaorx,121.166,92.609,28.557,76.784,71.669,5.115
mp-aaaaaosc,35.072,42.622,7.550,24.366,25.764,1.398
mp-aaaaaosd,60.206,61.273,1.067,22.852,36.553,13.701
mp-aaaaaosg,141.732,136.850,4.882,100.146,75.798,24.348
mp-aaaaaosh,133.014,124.904,8.110,91.279,67.974,23.305
mp-aaaaaosk,57.144,85.817,28.673,56.924,61.620,4.696
mp-aaaaaosn,74.058,67.665,6.393,44.805,41.550,3.255
mp-aaaaaoso,69.008,63.570,5.438,33.915,32.165,1.750
mp-aaaaaosp,213.105,120.210,92.895,188.499,193.170,4.671
mp-aaaaaosq,52.954,113.727,60.773,1.347,45.955,44.608
mp-aaaaaoss,28.242,31.078,2.836,17.230,25.191,7.961
mp-aaaaaost,182.253,136.716,45.537,81.575,78.388,3.187
mp-aaaaaosv,147.126,97.919,49.207,83.603,59.292,24.311
mp-aaaaaosw,127.118,95.206,31.912,65.141,61.887,3.254
mp-aaaaaosy,188.491,159.277,29.214,140.846,138.796,2.050
mp-aaaaaosz,179.763,189.804,10.041,104.264,97.162,7.102
mp-aaaaaota,154.628,165.407,10.779,105.974,105.754,0.220
mp-aaaaaotc,77.491,65.369,12.122,63.955,48.470,15.485
mp-aaaaaotd,112.721,148.860,36.139,59.737,89.894,30.157
mp-aaaaaotg,153.716,123.654,30.062,40.969,54.726,13.757
mp-aaaaaotj,78.992,76.023,2.969,53.571,31.749,21.822
mp-aaaaaotk,76.517,68.546,7.971,50.930,36.161,14.769
mp-aaaaaotl,101.131,90.739,10.392,70.078,57.765,12.313
mp-aaaaaotm,89.435,92.304,2.869,57.039,52.845,4.194
mp-aaaaaotn,78.140,66.913,11.227,54.513,45.925,8.588
mp-aaaaaoto,89.203,78.322,10.881,65.637,53.213,12.424
mp-aaaaaotp,268.991,297.562,28.571,,,
mp-aaaaaotu,78.653,50.368,28.285,40.498,33.373,7.125
mp-aaaaaotx,198.001,157.946,40.055,98.928,115.820,16.892
mp-aaaaaotz,70.995,56.375,14.620,45.809,23.829,21.980
mp-aaaaaoub,230.082,242.550,12.468,138.977,125.716,13.261
mp-aaaaaouc,22.044,65.670,43.626,8.773,9.609,0.836
mp-aaaaaoud,222.653,202.501,20.152,130.576,137.150,6.574
mp-aaaaaoue,194.217,188.574,5.643,100.032,130.974,30.942
mp-aaaaaouf,204.049,181.682,22.367,116.039,123.796,7.757
mp-aaaaaoup,308.058,231.866,76.192,179.014,187.840,8.826
mp-aaaaaouq,133.807,107.603,26.204,77.674,69.909,7.765
mp-aaaaaout,194.139,172.387,21.752,100.741,98.754,1.987
mp-aaaaaouw,33.627,21.954,11.673,10.050,8.701,1.349
mp-aaaaaouz,11.919,21.574,9.655,8.821,8.131,0.690
mp-aaaaaova,187.321,176.747,10.574,97.117,107.306,10.189
mp-aaaaaovd,35.350,46.423,11.073,-2.211,-1.336,0.875
mp-aaaaaove,27.546,91.597,64.051,18.066,13.581,4.485
mp-aaaaaovf,290.957,255.214,35.743,121.446,118.832,2.614
mp-aaaaaovi,23.574,84.526,60.952,13.226,15.356,2.130
mp-aaaaaovk,153.130,181.299,28.169,75.434,54.518,20.916
mp-aaaaaovl,55.429,69.029,13.600,46.698,20.538,26.160
mp-aaaaaovp,256.319,252.232,4.087,102.364,115.521,13.157
mp-aaaaaovq,62.614,69.168,6.554,33.162,27.834,5.328
mp-aaaaaovr,105.341,68.315,37.026,56.829,55.682,1.147
mp-aaaaaovu,337.414,284.826,52.588,77.299,102.104,24.805
mp-aaaaaovx,26.113,92.298,66.185,13.219,19.170,5.951
mp-aaaaaowa,64.659,79.791,15.132,43.092,42.893,0.199
mp-aaaaaowb,232.832,154.303,78.529,114.737,113.735,1.002
mp-aaaaaowc,38.490,85.291,46.801,16.408,18.073,1.665
mp-aaaaaowd,61.702,66.199,4.497,40.798,39.694,1.104
mp-aaaaaowe,206.681,187.064,19.617,-1.786,-6.326,4.540
mp-aaaaaowf,36.148,78.803,42.655,14.277,7.781,6.496
mp-aaaaaowi,131.927,133.123,1.196,124.769,111.027,13.742
mp-aaaaaowk,200.377,193.554,6.823,115.533,102.912,12.621
mp-aaaaaowm,64.687,57.750,6.937,22.978,37.925,14.947
mp-aaaaaown,164.876,139.625,25.251,65.328,69.245,3.917
mp-aaaaaowp,62.239,58.862,3.377,28.154,21.564,6.590
mp-aaaaaowq,115.242,92.592,22.650,62.395,61.541,0.854
mp-aaaaaows,117.397,86.228,31.169,51.514,50.372,1.142
mp-aaaaaowt,312.139,299.461,12.678,184.439,184.220,0.219
mp-aaaaaowu,,,,147.434,135.331,12.103
mp-aaaaaowv,296.493,314.302,17.809,203.341,191.613,11.728
mp-aaaaaoww,188.619,171.236,17.383,118.119,114.875,3.244
mp-aaaaaowx,244.042,196.849,47.193,140.108,152.478,12.370
mp-aaaaaowy,143.573,122.056,21.517,17.014,0.724,16.290
mp-aaaaaowz,146.762,124.627,22.135,20.647,10.734,9.913
mp-aaaaaoxb,36.646,62.145,25.499,18.173,30.958,12.785
mp-aaaaaoxc,267.335,190.818,76.517,-38.260,1.202,39.462
mp-aaaaaoxd,256.215,200.644,55.571,145.512,105.142,40.370
mp-aaaaaoxm,13.587,39.257,25.670,10.677,22.956,12.279
mp-aaaaaoxo,157.766,140.172,17.594,87.552,79.871,7.681
mp-aaaaaoxq,83.674,94.790,11.116,52.086,46.210,5.876
mp-aaaaaoxy,104.335,83.449,20.886,54.195,52.623,1.572
mp-aaaaaoye,41.111,59.799,18.688,14.519,14.602,0.083
mp-aaaaaoyo,29.114,87.351,58.237,14.306,12.036,2.270
mp-aaaaaoyr,68.521,74.389,5.868,30.159,30.760,0.601
mp-aaaaaoys,37.761,23.131,14.630,29.961,22.022,7.939
mp-aaaaaoyw,209.057,203.646,5.411,94.851,73.007,21.844
mp-aaaaaoyz,242.814,246.836,4.022,121.824,100.138,21.686
mp-aaaaaozb,255.394,504.771,249.377,120.286,107.964,12.322
mp-aaaaaoze,237.291,256.887,19.596,170.637,170.902,0.265
mp-aaaaaozg,134.869,110.002,24.867,-7.802,-17.373,9.571
mp-aaaaaozl,160.755,234.454,73.699,61.559,74.944,13.385
mp-aaaaaozo,85.821,101.656,15.835,33.162,36.783,3.621
mp-aaaaaozs,295.443,356.996,61.553,141.007,139.696,1.311
mp-aaaaaozt,79.042,85.711,6.669,65.681,56.473,9.208
mp-aaaaaozu,147.360,114.357,33.003,23.258,27.008,3.750
mp-aaaaaozv,128.223,103.256,24.967,-0.961,-4.343,3.382
mp-aaaaaozw,251.582,279.903,28.321,188.970,180.830,8.140
mp-aaaaaozz,83.179,89.484,6.305,68.655,59.388,9.267
mp-aaaaapaa,76.574,74.009,2.565,54.498,44.934,9.564
mp-aaaaapab,140.817,150.938,10.121,106.770,102.630,4.140
mp-aaaaapac,294.112,314.612,20.500,209.478,194.964,14.514
mp-aaaaapad,102.537,183.701,81.164,1.609,7.031,5.422
mp-aaaaapae,321.856,320.921,0.935,144.049,162.858,18.809
mp-aaaaapai,44.937,46.584,1.647,-19.483,17.834,37.317
mp-aaaaapaj,48.001,19.133,28.868,13.854,18.925,5.071
mp-aaaaapao,131.258,156.418,25.160,42.613,40.791,1.822
mp-aaaaapap,193.222,170.169,23.053,129.322,135.627,6.305
mp-aaaaapar,3.578,-44.167,47.745,1.235,4.115,2.880
mp-aaaaapat,13.114,6.889,6.225,6.582,8.991,2.409
mp-aaaaapav,24.144,16.396,7.748,15.515,15.844,0.329
mp-aaaaapaw,58.118,69.570,11.452,26.178,36.162,9.984
mp-aaaaapax,21.938,19.753,2.185,,,
mp-aaaaapaz,17.465,18.663,1.198,10.999,14.654,3.655
mp-aaaaapba,28.308,21.205,7.103,4.292,17.820,13.528
mp-aaaaapbb,21.399,30.751,9.352,4.399,15.451,11.052
mp-aaaaapbg,7.777,-3.420,11.197,4.588,7.015,2.427
mp-aaaaapbh,14.344,18.206,3.862,7.956,0.838,7.118
mp-aaaaapbj,55.986,8.884,47.102,21.121,21.106,0.015
mp-aaaaapbm,55.743,68.023,12.280,22.303,11.279,11.024
mp-aaaaapbo,68.437,49.372,19.065,27.178,23.768,3.410
mp-aaaaapbp,149.838,141.820,8.018,65.605,55.820,9.785
mp-aaaaapbq,63.120,72.077,8.957,51.137,22.201,28.936
mp-aaaaapbr,79.924,80.997,1.073,29.553,31.987,2.434
mp-aaaaapbs,88.916,102.006,13.090,35.310,34.891,0.419
mp-aaaaapbt,62.165,80.838,18.673,37.249,30.427,6.822
mp-aaaaapbu,94.620,104.863,10.243,49.752,55.076,5.324
mp-aaaaapbv,144.366,175.487,31.121,28.444,34.248,5.804
mp-aaaaapbx,35.309,41.674,6.365,27.015,25.413,1.602
mp-aaaaapca,86.563,101.046,14.483,65.526,52.818,12.708
mp-aaaaapcc,104.751,126.939,22.188,50.093,55.213,5.120
mp-aaaaapce,270.475,278.931,8.456,117.555,114.740,2.815
mp-aaaaapcf,197.527,155.569,41.958,29.097,57.957,28.860
mp-aaaaapci,138.583,79.509,59.074,114.747,94.661,20.086
mp-aaaaapcj,171.888,135.945,35.943,138.022,154.613,16.591
mp-aaaaapcm,55.613,56.057,0.444,26.089,23.765,2.324
mp-aaaaapcq,162.731,188.892,26.161,109.297,103.068,6.229
mp-aaaaapcu,80.354,102.904,22.550,56.949,48.606,8.343
mp-aaaaapcv,68.320,73.238,4.918,21.049,31.561,10.512
mp-aaaaapcw,136.722,137.583,0.861,50.308,60.960,10.652
mp-aaaaapdb,123.796,115.909,7.887,47.409,57.065,9.656
mp-aaaaapdg,59.208,63.169,3.961,33.967,34.867,0.900
mp-aaaaapdh,57.655,66.241,8.586,19.874,34.569,14.695
mp-aaaaapdk,18.487,15.963,2.524,14.958,11.851,3.107
mp-aaaaapdw,147.371,129.419,17.952,92.423,82.610,9.813
mp-aaaaapea,148.032,112.625,35.407,84.654,95.547,10.893
mp-aaaaapeb,155.079,139.285,15.794,84.106,93.577,9.471
mp-aaaaaped,225.315,194.697,30.618,98.863,81.393,17.470
mp-aaaaapeg,69.602,75.285,5.683,42.339,42.550,0.211
mp-aaaaapel,274.679,278.333,3.654,196.187,186.853,9.334
mp-aaaaapem,62.066,95.615,33.549,40.094,42.659,2.565
mp-aaaaapen,197.345,236.244,38.899,80.204,78.657,1.547
mp-aaaaapep,171.208,147.498,23.710,14.663,93.414,78.751
mp-aaaaapeq,166.012,139.956,26.056,22.979,47.383,24.404
mp-aaaaaper,137.552,124.379,13.173,27.593,35.665,8.072
mp-aaaaapeu,34.863,102.301,67.438,15.722,12.913,2.809
mp-aaaaapfa,208.929,131.455,77.474,96.179,103.045,6.866
mp-aaaaapfb,227.960,142.037,85.923,113.893,107.895,5.998
mp-aaaaapfe,46.623,73.159,26.536,21.304,17.908,3.396
mp-aaaaapff,40.114,104.621,64.507,12.572,8.095,4.477
mp-aaaaapfj,45.194,75.675,30.481,20.445,16.318,4.127
mp-aaaaapfl,69.067,63.624,5.443,33.634,32.127,1.507
mp-aaaaapfo,120.066,107.993,12.074,85.329,72.586,12.743
mp-aaaaapft,135.308,117.757,17.551,95.251,67.956,27.295
mp-aaaaapfx,40.469,94.061,53.592,19.114,-17.800,36.914
mp-aaaaapge,197.372,154.259,43.113,112.914,88.741,24.173
mp-aaaaapgp,144.113,143.370,0.743,72.062,72.376,0.314
mp-aaaaapgq,154.643,162.982,8.339,74.585,84.681,10.096
mp-aaaaapgs,59.843,65.944,6.101,37.689,33.124,4.565
mp-aaaaapgu,70.396,71.815,1.419,27.351,34.465,7.114
mp-aaaaapha,104.520,165.093,60.573,44.085,42.860,1.225
mp-aaaaaphe,26.190,80.110,53.920,12.192,8.442,3.750
mp-aaaaaphv,137.733,151.340,13.607,68.589,60.987,7.602
mp-aaaaapii,39.666,104.100,64.434,12.289,9.618,2.671
mp-aaaaapis,225.621,167.312,58.309,114.307,112.819,1.488
mp-aaaaapit,104.089,148.871,44.782,-9.388,-1.091,8.297
mp-aaaaapix,162.519,209.486,46.967,79.152,99.792,20.640
mp-aaaaapiz,,,,93.487,120.129,26.642
mp-aaaaapjf,137.085,120.735,16.350,73.151,80.884,7.733
mp-aaaaapjh,17.390,19.608,2.218,8.653,15.294,6.641
mp-aaaaapjq,126.687,158.911,32.224,71.615,77.076,5.461
mp-aaaaapju,183.828,183.664,0.164,74.080,80.640,6.560
mp-aaaaapjy,150.211,154.999,4.788,79.360,76.688,2.672
mp-aaaaapkc,25.672,50.783,25.111,7.213,15.002,7.789
mp-aaaaapkf,62.946,92.034,29.088,43.955,47.610,3.655
mp-aaaaapki,31.342,59.929,28.587,14.596,13.548,1.048
mp-aaaaapkn,32.863,111.157,78.294,2.992,15.545,12.553
mp-aaaaapkr,23.533,49.858,26.325,16.167,33.775,17.608
mp-aaaaapkv,30.970,88.458,57.488,15.538,17.737,2.199
mp-aaaaapkw,47.935,89.132,41.197,23.061,22.573,0.488
mp-aaaaapkx,34.812,92.104,57.292,17.635,8.918,8.717
mp-aaaaapla,65.935,176.161,110.226,37.002,59.435,22.433
mp-aaaaaplj,77.086,86.763,9.677,41.590,49.206,7.616
mp-aaaaapll,67.478,56.752,10.726,21.124,23.934,2.810
mp-aaaaaplo,204.177,175.981,28.196,51.875,86.365,34.490
mp-aaaaaplt,62.054,83.730,21.676,-24.237,22.704,46.941
mp-aaaaaplu,71.461,81.913,10.452,15.210,28.688,13.478
mp-aaaaapmb,160.669,150.978,9.691,75.506,84.988,9.482
mp-aaaaapmd,82.596,84.346,1.750,52.547,48.112,4.435
mp-aaaaapme,192.495,161.139,31.356,100.864,66.796,34.068
mp-aaaaapmf,169.282,151.415,17.867,93.146,71.681,21.465
mp-aaaaapml,173.919,149.371,24.548,65.313,76.509,11.196
mp-aaaaapmr,215.103,161.034,54.069,82.355,95.571,13.216
mp-aaaaapms,221.086,184.129,36.957,113.620,100.823,12.797
mp-aaaaapmw,23.499,10.277,13.222,10.027,20.840,10.813
mp-aaaaapnh,30.026,11.323,18.703,23.278,22.995,0.283
mp-aaaaapno,17.072,22.842,5.770,8.245,18.790,10.545
mp-aaaaapnt,49.739,84.573,34.834,21.069,16.620,4.449
mp-aaaaapnu,151.748,132.483,19.265,37.870,46.782,8.912
mp-aaaaapop,66.366,79.036,12.670,27.459,30.681,3.222
mp-aaaaapor,70.326,90.217,19.891,38.044,46.556,8.512
mp-aaaaapot,148.899,99.523,49.376,56.926,44.136,12.790
mp-aaaaapov,53.888,106.515,52.627,-24.612,51.623,76.235
mp-aaaaapox,84.925,80.201,4.724,53.174,61.745,8.571
mp-aaaaapoy,88.264,94.011,5.747,54.353,52.115,2.238
mp-aaaaappu,93.805,94.271,0.466,71.102,52.446,18.656
mp-aaaaapqi,68.626,95.929,27.303,34.110,38.782,4.672
mp-aaaaaprc,82.233,110.292,28.059,43.765,37.556,6.209
mp-aaaaapro,,,,194.680,163.366,31.314
mp-aaaaaprp,90.122,86.563,3.559,33.559,27.633,5.926
mp-aaaaaprq,76.069,77.773,1.704,40.891,34.760,6.131
mp-aaaaaprs,58.829,58.879,0.050,34.474,35.562,1.088
mp-aaaaaprt,78.798,68.870,9.928,64.388,52.788,11.600
mp-aaaaapru,67.541,63.200,4.341,48.714,40.329,8.385
mp-aaaaapry,66.659,62.623,4.036,49.981,41.815,8.166
mp-aaaaapsa,81.995,63.720,18.275,62.479,62.419,0.060
mp-aaaaapsd,60.770,55.521,5.249,39.774,31.083,8.691
mp-aaaaapsg,42.523,28.638,13.885,29.394,36.057,6.663
mp-aaaaapsh,37.873,19.767,18.106,24.535,28.704,4.169
mp-aaaaapsi,34.083,11.552,22.531,22.719,28.929,6.210
mp-aaaaapso,70.290,61.534,8.756,44.490,38.241,6.249
mp-aaaaapsp,112.537,164.646,52.109,42.792,53.028,10.236
mp-aaaaapsq,134.411,135.042,0.631,36.636,27.779,8.857
mp-aaaaapst,51.792,47.696,4.096,19.980,22.668,2.688
mp-aaaaapsw,57.234,138.099,80.865,-5.451,-0.740,4.711
mp-aaaaapsy,43.898,37.772,6.126,1.927,-5.542,7.469
mp-aaaaapsz,62.622,53.151,9.471,-83.195,-84.800,1.605
mp-aaaaaptb,51.179,38.762,12.417,24.656,30.369,5.713
mp-aaaaaptc,29.551,48.319,18.768,13.043,22.188,9.145
mp-aaaaaptd,81.728,102.217,20.489,31.802,16.717,15.085
mp-aaaaapte,94.274,81.500,12.774,58.065,43.033,15.032
mp-aaaaapth,53.180,64.027,10.847,10.981,6.554,4.427
mp-aaaaaptn,37.041,14.046,22.995,-2.430,-10.114,7.684
mp-aaaaaptp,87.289,95.451,8.162,64.435,36.346,28.089
mp-aaaaaptr,55.819,69.702,13.883,38.258,42.579,4.321
mp-aaaaapts,62.478,55.561,6.917,37.283,21.321,15.962
mp-aaaaaptu,50.533,39.776,10.757,5.860,16.036,10.176
mp-aaaaapty,41.039,26.405,14.634,27.353,18.790,8.563
mp-aaaaaptz,42.255,44.806,2.551,27.815,22.452,5.363
mp-aaaaapuc,30.395,31.782,1.387,-7.663,12.507,20.170
mp-aaaaapuh,55.717,45.474,10.243,35.283,30.678,4.605
mp-aaaaapuj,33.114,51.586,18.472,21.056,24.502,3.446
mp-aaaaapuk,45.848,52.795,6.947,34.119,32.120,1.999
mp-aaaaapul,40.325,54.766,14.441,29.986,31.117,1.131
mp-aaaaapuo,34.496,104.746,70.250,10.871,16.616,5.745
mp-aaaaapup,162.649,134.361,28.288,40.864,74.461,33.597
mp-aaaaapuq,101.354,92.046,9.308,73.164,64.348,8.816
mp-aaaaapur,69.582,60.993,8.589,34.179,29.921,4.258
mp-aaaaapus,88.681,78.957,9.724,-10.108,-9.277,0.831
mp-aaaaapuu,38.980,22.600,16.380,17.482,17.491,0.009
mp-aaaaapuy,38.427,12.217,26.210,7.752,16.319,8.567
mp-aaaaapuz,55.365,43.674,11.691,-58.823,-36.283,22.540
mp-aaaaapva,40.135,42.891,2.756,20.058,24.358,4.300
mp-aaaaapvb,53.160,68.342,15.182,4.094,5.477,1.383
mp-aaaaapvc,148.033,91.196,56.837,80.747,54.762,25.985
mp-aaaaapvi,90.536,56.506,34.030,40.713,38.955,1.758
mp-aaaaapvj,69.082,63.718,5.364,33.550,32.120,1.430
mp-aaaaapvl,80.352,102.494,22.142,53.198,54.494,1.296
mp-aaaaapvm,65.958,102.644,36.686,39.426,43.997,4.571
mp-aaaaapvn,205.343,172.292,33.051,85.576,107.932,22.356
mp-aaaaapvo,168.290,118.599,49.691,55.797,79.777,23.980
mp-aaaaapvu,258.820,222.794,36.026,157.252,135.960,21.292
mp-aaaaapvw,183.945,147.891,36.054,66.421,87.999,21.578
mp-aaaaapvx,368.671,255.799,112.872,-79.046,-27.874,51.172
mp-aaaaapvz,175.432,188.919,13.487,148.530,147.538,0.992
mp-aaaaapwa,213.993,173.905,40.088,88.558,96.615,8.057
mp-aaaaapwc,203.932,178.001,25.931,83.513,103.485,19.972
mp-aaaaapwe,186.655,169.247,17.408,80.247,86.453,6.206
mp-aaaaapwg,36.568,90.928,54.360,9.516,13.668,4.152
mp-aaaaapwj,121.304,182.212,60.908,84.645,103.753,19.108
mp-aaaaapwq,173.814,150.646,23.168,22.013,17.937,4.076
mp-aaaaapwr,129.044,74.182,54.862,-1.522,-41.327,39.805
mp-aaaaapwu,241.796,204.616,37.180,135.904,140.852,4.948
mp-aaaaapww,207.408,172.373,35.035,90.488,101.131,10.643
mp-aaaaapwy,12.544,37.973,25.429,5.365,32.603,27.238
mp-aaaaapxa,122.978,108.998,13.980,50.263,52.196,1.933
mp-aaaaapxb,219.700,188.671,31.029,102.358,96.701,5.657
mp-aaaaapxc,94.772,47.757,47.015,50.133,31.330,18.803
mp-aaaaapxg,161.294,142.550,18.744,15.067,50.805,35.738
mp-aaaaapxi,96.222,77.759,18.463,54.613,44.222,10.391
mp-aaaaapxk,32.410,111.002,78.592,24.368,34.369,10.001
mp-aaaaapxl,47.985,35.086,12.899,32.930,25.326,7.604
mp-aaaaapxm,41.225,27.048,14.177,26.058,18.505,7.553
mp-aaaaapxo,42.186,51.621,9.435,26.865,20.244,6.621
mp-aaaaapxp,41.942,68.747,26.805,-26.710,-9.616,17.094
mp-aaaaapxr,119.461,139.963,20.502,56.301,51.847,4.454
mp-aaaaapxs,83.654,135.486,51.832,11.035,15.685,4.650
mp-aaaaapxv,57.611,43.379,14.232,44.393,35.044,9.349
mp-aaaaapxw,60.707,49.013,11.694,41.400,18.788,22.612
mp-aaaaapxx,61.500,110.034,48.534,46.767,58.044,11.277
mp-aaaaapxy,45.328,56.348,11.020,14.071,10.893,3.178
mp-aaaaapya,65.862,30.103,35.759,13.773,19.387,5.614
mp-aaaaapyn,27.312,23.511,3.801,16.898,9.938,6.960
mp-aaaaapyo,31.371,23.324,8.047,18.356,12.593,5.763
mp-aaaaapys,34.150,27.151,6.999,20.777,16.450,4.327
mp-aaaaapyu,37.031,31.556,5.475,21.547,17.117,4.430
mp-aaaaapyv,36.241,39.446,3.205,22.803,13.048,9.755
mp-aaaaapzh,78.964,101.306,22.342,41.191,61.068,19.877
mp-aaaaapzu,20.057,45.587,25.530,14.300,20.104,5.804
mp-aaaaaqai,55.144,65.308,10.164,26.528,26.710,0.182
mp-aaaaaqbc,111.463,87.652,23.811,53.591,41.084,12.507
mp-aaaaaqbd,83.306,94.513,11.207,-75.602,2.566,78.168
mp-aaaaaqbf,79.428,66.888,12.540,48.176,57.029,8.853
mp-aaaaaqbg,100.205,56.737,43.468,37.791,47.869,10.078
mp-aaaaaqbh,95.795,35.243,60.552,35.985,43.521,7.536
mp-aaaaaqbi,79.387,63.536,15.851,32.354,28.405,3.949
mp-aaaaaqbl,167.295,125.226,42.069,117.642,104.067,13.575
mp-aaaaaqbm,177.757,157.285,20.472,122.101,105.841,16.260
mp-aaaaaqbo,182.725,164.172,18.553,122.567,106.772,15.795
mp-aaaaaqbp,183.742,150.002,33.740,122.764,104.514,18.250
mp-aaaaaqbt,7.842,1.211,6.631,1.680,1.701,0.021
mp-aaaaaqcd,108.705,112.175,3.470,-9.992,8.193,18.185
mp-aaaaaqce,142.057,111.046,31.011,22.112,21.388,0.724
mp-aaaaaqcf,114.629,110.384,4.245,18.822,10.435,8.387
mp-aaaaaqci,70.706,65.287,5.419,42.193,38.323,3.870
mp-aaaaaqcj,81.186,97.525,16.339,60.736,56.144,4.592
mp-aaaaaqck,32.632,100.451,67.819,62.995,52.714,10.281
mp-aaaaaqcp,199.303,171.853,27.450,96.223,117.639,21.416
mp-aaaaaqcq,187.706,178.155,9.551,103.489,119.909,16.420
mp-aaaaaqcr,160.697,149.122,11.575,41.844,54.301,12.457
mp-aaaaaqcs,97.903,112.961,15.058,49.461,67.205,17.744
mp-aaaaaqct,134.159,108.344,25.815,56.709,50.625,6.084
mp-aaaaaqcv,33.748,52.769,19.021,20.182,20.145,0.037
mp-aaaaaqcw,63.994,81.431,17.437,40.501,35.570,4.931
mp-aaaaaqcx,145.343,121.475,23.868,43.389,7.823,35.566
mp-aaaaaqcy,102.361,137.862,35.501,43.816,43.247,0.569
mp-aaaaaqcz,179.073,155.854,23.219,-25.764,-4.122,21.642
mp-aaaaaqda,185.161,177.285,7.876,94.704,69.721,24.983
mp-aaaaaqdb,185.386,140.280,45.106,96.779,44.049,52.730
mp-aaaaaqdc,30.177,102.669,72.492,-2.133,55.865,57.998
mp-aaaaaqdd,108.679,117.021,8.342,59.669,60.599,0.930
mp-aaaaaqde,129.687,126.562,3.125,57.619,48.426,9.193
mp-aaaaaqdf,167.301,167.193,0.108,55.002,64.508,9.506
mp-aaaaaqdh,127.891,112.815,15.076,63.127,61.599,1.528
mp-aaaaaqdj,184.169,155.317,28.852,46.699,44.894,1.805
mp-aaaaaqdk,179.259,154.253,25.006,74.581,65.725,8.856
mp-aaaaaqdl,150.267,141.094,9.173,77.090,61.815,15.275
mp-aaaaaqdo,218.955,175.914,43.041,52.218,70.526,18.308
mp-aaaaaqdp,244.694,242.038,2.656,139.655,125.408,14.247
mp-aaaaaqdq,166.651,158.529,8.122,103.353,109.965,6.612
mp-aaaaaqdr,111.883,105.002,6.881,67.526,56.679,10.847
mp-aaaaaqdt,216.482,165.997,50.485,123.464,125.020,1.556
mp-aaaaaqdy,30.432,19.266,11.166,13.747,18.397,4.650
mp-aaaaaqdz,36.208,24.602,11.606,17.029,20.082,3.053
mp-aaaaaqee,203.708,194.603,9.105,97.656,103.904,6.248
mp-aaaaaqek,105.651,94.768,10.883,55.746,45.118,10.628
mp-aaaaaqel,110.246,98.871,11.375,56.989,42.651,14.338
mp-aaaaaqem,108.999,99.640,9.359,58.212,43.614,14.598
mp-aaaaaqfg,64.580,67.284,2.704,28.359,33.190,4.831
mp-aaaaaqfh,69.767,49.566,20.201,24.821,23.536,1.285
mp-aaaaaqfj,23.898,30.218,6.320,13.331,13.857,0.526
mp-aaaaaqfo,136.183,110.100,26.083,61.451,57.780,3.671
mp-aaaaaqft,67.671,83.670,15.999,36.442,38.714,2.272
mp-aaaaaqfv,50.594,58.468,7.874,22.751,25.404,2.653
mp-aaaaaqfx,83.537,120.010,36.473,26.788,16.419,10.369
mp-aaaaaqgn,42.157,78.327,36.170,19.923,24.913,4.990
mp-aaaaaqgt,96.439,81.186,15.253,47.451,47.029,0.422
mp-aaaaaqgy,40.911,54.521,13.610,27.929,24.166,3.763
mp-aaaaaqhn,24.856,27.827,2.971,14.014,-0.388,14.402
mp-aaaaaqhv,148.405,99.687,48.718,58.853,52.507,6.346
mp-aaaaaqhx,151.971,118.126,33.845,54.287,53.024,1.263
mp-aaaaaqhy,122.643,116.804,5.839,39.168,46.760,7.592
mp-aaaaaqhz,134.634,116.902,17.732,43.218,44.509,1.291
mp-aaaaaqib,68.444,44.875,23.569,42.518,30.707,11.811
mp-aaaaaqif,104.534,100.113,4.421,61.012,59.551,1.461
mp-aaaaaqio,101.192,97.992,3.200,46.350,51.111,4.761
mp-aaaaaqjx,123.289,117.635,5.654,57.386,43.153,14.233
mp-aaaaaqkp,77.781,86.241,8.460,26.504,20.949,5.555
mp-aaaaaqlc,98.675,98.168,0.507,30.802,41.897,11.095
mp-aaaaaqlf,101.296,107.195,5.899,35.758,38.481,2.723
mp-aaaaaqll,77.175,77.369,0.194,60.194,47.755,12.439
mp-aaaaaqme,24.932,28.313,3.381,14.025,5.683,8.342
mp-aaaaaqmt,35.442,46.304,10.862,18.576,23.145,4.569
mp-aaaaaqnb,54.881,55.824,0.943,39.928,31.520,8.408
mp-aaaaaqnd,57.196,56.177,1.019,43.313,31.683,11.630
mp-aaaaaqnp,96.768,129.034,32.266,48.721,60.646,11.925
mp-aaaaaqnv,31.320,28.877,2.443,15.461,17.885,2.424
mp-aaaaaqnw,131.909,121.694,10.215,53.407,55.834,2.427
mp-aaaaaqny,114.646,108.527,6.119,56.597,54.410,2.187
mp-aaaaaqoa,28.546,70.651,42.105,15.367,12.536,2.831
mp-aaaaaqob,45.548,70.508,24.960,30.749,29.337,1.412
mp-aaaaaqok,174.655,188.964,14.309,148.681,147.785,0.896
mp-aaaaaqol,194.648,176.669,17.979,156.370,164.699,8.329
mp-aaaaaqom,184.679,177.560,7.119,145.713,136.487,9.226
mp-aaaaaqon,104.417,124.177,19.760,51.636,28.257,23.379
mp-aaaaaqoo,122.846,101.342,21.504,50.000,64.369,14.369
mp-aaaaaqov,71.045,81.156,10.111,45.625,35.288,10.337
mp-aaaaaqow,60.461,59.277,1.184,36.168,28.876,7.292
mp-aaaaaqpd,82.001,75.326,6.675,37.331,56.207,18.876
mp-aaaaaqpo,70.371,73.414,3.043,45.946,25.626,20.320
mp-aaaaaqpq,44.626,70.383,25.757,25.657,20.994,4.663
mp-aaaaaqpv,92.968,94.813,1.845,58.228,59.058,0.830
mp-aaaaaqpw,53.421,57.785,4.364,28.791,22.751,6.040
mp-aaaaaqpx,63.427,54.764,8.663,34.161,28.286,5.875
mp-aaaaaqpy,54.836,47.252,7.584,30.684,26.673,4.011
mp-aaaaaqpz,75.089,75.177,0.088,58.719,46.036,12.683
mp-aaaaaqqa,32.234,80.260,48.026,97.757,12.259,85.498
mp-aaaaaqqb,108.913,77.193,31.720,70.301,63.476,6.825
mp-aaaaaqqc,45.818,48.622,2.804,17.459,15.950,1.509
mp-aaaaaqqd,47.298,52.769,5.471,17.019,20.140,3.121
mp-aaaaaqqe,75.529,83.192,7.663,24.529,23.138,1.391
mp-aaaaaqqf,80.100,92.844,12.744,29.349,24.037,5.312
mp-aaaaaqqh,105.282,78.426,26.856,47.550,31.317,16.233
mp-aaaaaqql,85.251,89.917,4.666,16.141,11.554,4.587
mp-aaaaaqqp,33.973,50.579,16.606,9.250,15.595,6.345
mp-aaaaaqqq,98.057,108.953,10.896,10.927,20.869,9.942
mp-aaaaaqqr,96.113,92.424,3.689,19.139,32.715,13.576
mp-aaaaaqqt,43.494,62.461,18.967,9.418,13.491,4.073
mp-aaaaaqqu,121.429,116.887,4.542,28.325,26.568,1.757
mp-aaaaaqqy,103.841,103.152,0.689,41.675,19.708,21.967
mp-aaaaaqrb,133.377,107.933,25.444,34.832,40.602,5.770
mp-aaaaaqrc,134.279,115.865,18.414,20.319,47.317,26.998
mp-aaaaaqrd,83.993,52.506,31.487,-8.518,7.181,15.699
mp-aaaaaqrf,117.118,89.686,27.432,53.078,34.329,18.749
mp-aaaaaqri,26.527,29.848,3.321,7.810,10.028,2.218
mp-aaaaaqrj,23.258,25.598,2.340,5.763,11.832,6.069
mp-aaaaaqrl,55.006,51.738,3.268,23.411,26.390,2.979
mp-aaaaaqrm,,,,194.459,153.372,41.087
mp-aaaaaqro,166.723,106.965,59.758,74.026,86.174,12.148
mp-aaaaaqrp,153.691,104.119,49.572,115.023,115.859,0.836
mp-aaaaaqrq,173.217,112.547,60.670,,,
mp-aaaaaqrr,241.539,124.724,116.815,173.672,172.940,0.732
mp-aaaaaqrs,207.982,157.610,50.372,99.333,113.016,13.683
mp-aaaaaqrt,108.626,106.787,1.839,103.678,98.051,5.627
mp-aaaaaqru,185.869,131.085,54.784,111.426,104.031,7.395
mp-aaaaaqrv,124.845,89.892,34.953,73.705,65.428,8.277
mp-aaaaaqrw,122.106,122.850,0.744,39.713,89.744,50.031
mp-aaaaaqrx,158.028,125.489,32.539,137.179,139.436,2.257
mp-aaaaaqry,217.897,114.614,103.283,168.390,183.121,14.731
mp-aaaaaqrz,126.390,103.429,22.961,114.539,106.881,7.658
mp-aaaaaqsa,46.436,59.552,13.116,41.853,33.142,8.711
mp-aaaaaqsb,59.548,78.179,18.631,34.840,39.733,4.893
mp-aaaaaqsc,36.327,25.204,11.123,19.466,14.418,5.048
mp-aaaaaqsd,38.370,25.689,12.681,17.551,15.845,1.706
mp-aaaaaqse,30.440,28.026,2.414,10.343,15.243,4.900
mp-aaaaaqsg,44.225,32.076,12.149,23.071,13.597,9.474
mp-aaaaaqsj,113.193,71.315,41.878,50.865,45.922,4.943
mp-aaaaaqsk,57.069,50.878,6.191,32.037,35.258,3.221
mp-aaaaaqsp,37.856,60.596,22.740,13.280,10.148,3.132
mp-aaaaaqsq,72.925,61.050,11.875,27.827,22.773,5.054
mp-aaaaaqsr,57.077,48.204,8.873,33.057,36.751,3.694
mp-aaaaaqss,56.766,56.953,0.187,27.830,25.941,1.889
mp-aaaaaqsu,32.005,35.147,3.142,11.955,9.899,2.056
mp-aaaaaqsx,42.673,54.418,11.745,21.298,13.376,7.922
mp-aaaaaqsz,93.666,62.145,31.521,48.102,27.391,20.711
mp-aaaaaqtd,78.411,65.837,12.574,27.666,24.889,2.777
mp-aaaaaqtm,142.355,106.811,35.544,93.649,99.775,6.126
mp-aaaaaqtr,13.717,-25.723,39.440,6.979,9.755,2.776
mp-aaaaaqts,188.205,153.320,34.885,132.466,147.155,14.689
mp-aaaaaqtt,189.376,143.307,46.069,116.307,149.689,33.382
mp-aaaaaqty,298.220,250.827,47.393,134.395,158.916,24.521
mp-aaaaaqtz,87.774,49.073,38.701,66.886,56.163,10.723
mp-aaaaaqug,14.697,10.255,4.442,10.320,19.545,9.225
mp-aaaaaquh,56.969,68.149,11.180,-86.184,-57.387,28.797
mp-aaaaaquj,135.334,76.080,59.254,80.903,68.120,12.783
mp-aaaaaqul,101.962,109.753,7.791,45.728,40.394,5.334
mp-aaaaaquo,87.080,99.029,11.949,56.558,55.855,0.703
mp-aaaaaqup,87.249,98.631,11.382,38.825,42.428,3.603
mp-aaaaaquw,242.198,178.191,64.007,141.455,135.097,6.358
mp-aaaaaqux,70.807,93.735,22.928,30.620,29.798,0.822
mp-aaaaaquy,107.905,94.732,13.173,47.008,40.482,6.526
mp-aaaaaquz,78.290,65.771,12.519,38.370,35.796,2.574
mp-aaaaaqvb,109.637,94.116,15.521,39.212,40.492,1.280
mp-aaaaaqvc,129.327,115.311,14.016,49.243,45.328,3.915
mp-aaaaaqve,121.262,95.526,25.736,42.491,43.655,1.164
mp-aaaaaqvf,63.191,46.484,16.707,28.091,30.101,2.010
mp-aaaaaqvh,66.229,43.344,22.885,27.641,28.397,0.756
mp-aaaaaqvm,53.012,47.083,5.929,14.909,15.592,0.683
mp-aaaaaqvn,41.480,26.314,15.166,17.948,11.547,6.401
mp-aaaaaqvu,102.413,123.893,21.480,56.671,39.512,17.159
mp-aaaaaqvx,119.682,152.748,33.066,,,
mp-aaaaaqvz,100.608,84.731,15.877,71.102,61.544,9.558
mp-aaaaaqwa,215.702,238.119,22.417,42.667,47.190,4.523
mp-aaaaaqwc,58.688,70.556,11.868,46.327,33.254,13.073
mp-aaaaaqwe,100.437,84.002,16.435,49.426,39.196,10.230
mp-aaaaaqwf,167.906,157.309,10.597,99.899,93.783,6.116
mp-aaaaaqwj,118.283,134.203,15.920,64.945,52.855,12.090
mp-aaaaaqwm,128.473,131.681,3.208,50.343,45.416,4.927
mp-aaaaaqwn,101.551,111.150,9.599,60.478,59.471,1.007
mp-aaaaaqwt,215.396,227.267,11.871,77.720,66.188,11.532
mp-aaaaaqwx,76.650,71.015,5.635,43.659,45.058,1.399
mp-aaaaaqwy,79.908,81.771,1.863,49.437,45.335,4.102
mp-aaaaaqwz,75.019,79.669,4.650,51.181,45.062,6.119
mp-aaaaaqxc,125.826,128.235,2.409,77.813,79.866,2.053
mp-aaaaaqxe,72.033,67.656,4.377,43.497,29.056,14.441
mp-aaaaaqxh,172.491,60.063,112.428,-4.514,10.064,14.578
mp-aaaaaqxq,62.159,62.502,0.343,35.969,29.333,6.636
mp-aaaaaqxr,90.845,89.317,1.528,38.686,45.876,7.190
mp-aaaaaqxv,98.060,97.551,0.509,61.377,60.447,0.930
mp-aaaaaqxw,115.021,121.965,6.944,76.361,66.413,9.948
mp-aaaaaqyb,116.630,103.705,12.925,64.955,83.032,18.077
mp-aaaaaqye,91.180,84.415,6.765,51.773,47.572,4.201
mp-aaaaaqyf,94.316,83.955,10.361,60.055,57.922,2.133
mp-aaaaaqyj,357.683,159.338,198.345,12.124,22.336,10.212
mp-aaaaaqym,225.228,212.935,12.293,114.202,100.394,13.808
mp-aaaaaqyn,178.957,153.206,25.751,84.487,60.003,24.484
mp-aaaaaqyo,136.094,118.534,17.560,56.325,49.307,7.018
mp-aaaaaqyp,179.474,152.134,27.340,32.338,35.138,2.800
mp-aaaaaqyq,230.018,191.641,38.377,105.973,87.962,18.011
mp-aaaaaqyr,180.032,152.967,27.065,52.643,34.232,18.411
mp-aaaaaqyu,188.407,172.880,15.527,83.130,81.441,1.689
mp-aaaaaqyv,63.968,42.504,21.464,27.217,27.568,0.351
mp-aaaaaqyy,40.223,44.002,3.779,14.936,9.617,5.319
mp-aaaaaqyz,42.841,50.854,8.013,19.557,16.860,2.697
mp-aaaaaqza,18.769,35.966,17.197,8.158,12.130,3.972
mp-aaaaaqzb,55.951,49.931,6.020,17.642,15.646,1.996
mp-aaaaaqzc,55.521,47.205,8.316,23.982,19.495,4.487
mp-aaaaaqzd,54.378,47.850,6.528,18.135,17.940,0.195
mp-aaaaaqze,82.793,116.484,33.691,25.105,15.588,9.517
mp-aaaaaqzf,76.842,55.610,21.232,26.456,24.114,2.342
mp-aaaaaqzg,30.199,27.433,2.766,11.573,15.092,3.519
mp-aaaaaqzk,137.797,242.853,105.056,51.619,59.048,7.429
mp-aaaaaqzm,65.386,69.754,4.368,7.734,-3.026,10.760
mp-aaaaaqzo,116.067,140.743,24.676,-1.918,23.582,25.500
mp-aaaaaqzp,309.568,270.645,38.923,182.715,177.287,5.428
mp-aaaaaqzq,337.003,288.644,48.359,189.314,172.950,16.364
mp-aaaaaqzs,191.238,186.135,5.103,54.929,47.989,6.940
mp-aaaaaqzu,106.898,103.261,3.637,76.465,63.835,12.630
mp-aaaaaqzv,138.513,152.295,13.782,49.969,55.496,5.527
mp-aaaaaqzw,46.826,51.590,4.764,15.837,11.314,4.523
mp-aaaaaqzx,36.429,40.177,3.748,15.968,14.632,1.336
mp-aaaaaqzy,37.548,43.960,6.412,27.734,20.169,7.565
mp-aaaaaraa,100.820,103.857,3.037,40.276,49.556,9.280
mp-aaaaarab,47.550,63.892,16.342,-8.548,22.609,31.157
mp-aaaaarae,67.899,79.427,11.528,40.231,34.814,5.417
mp-aaaaarag,33.764,38.996,5.232,4.180,4.153,0.027
mp-aaaaarah,42.792,37.984,4.808,22.125,19.339,2.786
mp-aaaaarai,149.255,138.632,10.623,38.385,49.712,11.327
mp-aaaaaral,91.942,97.348,5.406,-31.463,-4.142,27.321
mp-aaaaaram,80.961,101.942,20.981,48.083,27.470,20.613
mp-aaaaarao,214.444,192.394,22.050,91.253,99.597,8.344
mp-aaaaarap,209.680,195.661,14.019,92.581,102.376,9.795
mp-aaaaaraq,135.442,104.927,30.515,96.673,99.722,3.049
mp-aaaaarat,70.446,95.307,24.861,47.270,37.987,9.283
mp-aaaaarau,135.916,134.152,1.764,52.607,84.440,31.833
mp-aaaaarav,197.229,198.189,0.960,90.468,92.677,2.209
mp-aaaaaraw,241.924,190.198,51.726,110.128,96.675,13.453
mp-aaaaarax,219.994,186.941,33.053,56.006,66.560,10.554
mp-aaaaaray,228.567,201.920,26.647,155.083,98.781,56.302
mp-aaaaaraz,254.366,246.964,7.402,135.775,106.344,29.431
mp-aaaaarbb,180.244,176.115,4.129,20.057,56.979,36.922
mp-aaaaarbc,88.707,91.563,2.856,55.328,41.407,13.921
mp-aaaaarbd,106.024,114.082,8.058,43.860,39.048,4.812
mp-aaaaarbe,166.201,142.298,23.903,76.925,71.648,5.277
mp-aaaaarbf,163.220,141.827,21.393,17.165,46.056,28.891
mp-aaaaarbi,155.253,143.324,11.929,75.801,60.258,15.543
mp-aaaaarbn,229.507,219.225,10.282,85.560,107.635,22.075
mp-aaaaarbp,162.623,154.843,7.780,70.469,73.969,3.500
mp-aaaaarbq,166.958,86.410,80.548,112.037,97.941,14.096
mp-aaaaarbs,215.446,205.359,10.087,71.946,68.761,3.185
mp-aaaaarbt,230.476,214.122,16.354,116.780,98.853,17.927
mp-aaaaarbv,111.237,96.495,14.742,63.557,54.759,8.798
mp-aaaaarbw,191.199,159.164,32.035,-11.601,7.362,18.963
mp-aaaaarbx,208.008,187.437,20.571,98.481,93.346,5.135
mp-aaaaarcc,153.552,137.171,16.381,19.089,22.864,3.775
mp-aaaaarcd,81.983,70.217,11.766,25.047,23.890,1.157
mp-aaaaarcf,192.283,164.530,27.753,78.469,72.533,5.936
mp-aaaaarcg,90.609,108.107,17.498,27.047,8.717,18.330
mp-aaaaarci,185.077,167.718,17.359,25.456,27.378,1.922
mp-aaaaarcj,62.299,124.181,61.882,7.605,21.810,14.205
mp-aaaaarck,165.913,140.085,25.828,11.349,15.987,4.638
mp-aaaaarcn,226.157,156.824,69.333,75.273,51.573,23.700
mp-aaaaarcq,203.131,195.621,7.510,103.155,109.990,6.835
mp-aaaaarcr,109.058,107.628,1.430,37.508,42.023,4.515
mp-aaaaarcs,179.088,189.839,10.751,76.027,77.157,1.130
mp-aaaaarct,187.050,159.071,27.979,,,
mp-aaaaarcu,118.772,112.265,6.507,47.637,49.174,1.537
mp-aaaaarcv,178.749,191.313,12.564,76.122,61.610,14.512
mp-aaaaarcw,75.344,91.133,15.789,45.806,39.944,5.862
mp-aaaaarcx,81.144,81.699,0.555,49.667,47.776,1.891
mp-aaaaarcy,52.780,52.789,0.009,17.365,13.180,4.185
mp-aaaaardb,57.293,66.578,9.285,1.966,37.058,35.092
mp-aaaaardc,257.672,212.772,44.900,128.640,109.597,19.043
mp-aaaaardd,204.076,192.445,11.631,80.038,78.080,1.958
mp-aaaaardg,32.524,37.120,4.596,25.063,5.889,19.174
mp-aaaaardh,27.526,49.918,22.392,7.410,-1.972,9.382
mp-aaaaardi,117.948,116.559,1.389,65.384,45.071,20.313
mp-aaaaardk,206.197,180.031,26.166,123.545,124.608,1.063
mp-aaaaardm,34.670,17.460,17.210,17.624,17.666,0.042
mp-aaaaardn,159.854,171.301,11.447,68.795,81.511,12.716
mp-aaaaardo,49.878,78.989,29.111,35.782,29.953,5.829
mp-aaaaardx,243.781,331.140,87.359,122.516,122.240,0.276
mp-aaaaardy,231.473,316.558,85.085,96.666,121.358,24.692
mp-aaaaarea,167.556,154.378,13.178,61.066,56.932,4.134
mp-aaaaareb,170.929,161.264,9.665,60.983,53.665,7.318
mp-aaaaarel,254.688,174.490,80.198,149.374,134.454,14.920
mp-aaaaareo,152.622,134.918,17.704,62.966,65.140,2.174
mp-aaaaaret,97.514,71.859,25.655,62.325,39.212,23.113
mp-aaaaarey,93.503,111.293,17.790,16.841,28.950,12.109
mp-aaaaarez,96.917,118.005,21.088,40.075,39.324,0.751
mp-aaaaarfw,16.117,0.063,16.054,8.546,10.277,1.731
mp-aaaaargb,58.542,46.807,11.735,46.042,46.419,0.377
mp-aaaaarge,58.432,58.175,0.257,50.196,8.976,41.220
mp-aaaaargk,55.604,66.167,10.563,22.247,23.715,1.468
mp-aaaaargn,200.814,274.557,73.743,116.039,127.003,10.964
mp-aaaaargt,75.880,85.344,9.464,51.194,42.005,9.189
mp-aaaaarhb,28.028,47.743,19.715,19.583,29.618,10.035
mp-aaaaarhk,110.695,78.234,32.461,59.798,49.858,9.940
mp-aaaaarhn,25.137,57.713,32.576,17.848,26.412,8.564
mp-aaaaarhq,185.303,187.447,2.144,131.667,136.420,4.753
mp-aaaaarht,46.872,89.817,42.945,19.788,24.602,4.814
mp-aaaaarhu,15.031,44.854,29.823,5.749,9.556,3.807
mp-aaaaarhv,18.720,26.071,7.351,7.235,18.642,11.407
mp-aaaaarhw,134.969,150.009,15.040,76.425,91.604,15.179
mp-aaaaarhx,101.369,127.882,26.513,72.515,63.223,9.292
mp-aaaaarhy,40.128,36.598,3.530,26.556,22.944,3.612
mp-aaaaaria,43.743,33.224,10.519,29.179,22.796,6.383
mp-aaaaarif,129.258,127.558,1.700,81.477,72.170,9.307
mp-aaaaario,213.331,120.077,93.254,188.708,192.991,4.283
mp-aaaaaris,25.133,40.977,15.844,13.408,13.160,0.248
mp-aaaaarit,17.068,13.637,3.431,8.485,4.911,3.574
mp-aaaaariw,64.615,74.203,9.588,22.802,17.459,5.343
mp-aaaaarjh,95.187,101.005,5.818,72.270,68.756,3.514
mp-aaaaarji,131.312,94.442,36.870,74.578,58.026,16.552
mp-aaaaarjk,222.449,153.498,68.951,101.928,97.052,4.876
mp-aaaaarjl,78.989,99.793,20.804,53.188,61.471,8.283
mp-aaaaarjm,25.786,41.354,15.568,12.971,10.830,2.141
mp-aaaaarjy,149.647,151.683,2.036,105.780,87.750,18.030
mp-aaaaarka,66.909,85.717,18.808,35.549,31.785,3.764
mp-aaaaarkc,72.034,91.649,19.615,26.817,31.939,5.122
mp-aaaaarkd,64.762,82.258,17.496,37.541,33.199,4.342
mp-aaaaarkn,84.426,75.135,9.291,47.028,51.943,4.915
mp-aaaaarks,68.316,84.706,16.390,27.976,31.399,3.423
mp-aaaaarkx,132.148,67.559,64.589,69.574,55.235,14.339
mp-aaaaarlk,51.516,47.392,4.124,16.855,24.396,7.541
mp-aaaaarlm,56.604,60.152,3.548,29.194,26.345,2.849
mp-aaaaarlp,62.981,60.712,2.269,30.835,30.817,0.018
mp-aaaaarlw,91.783,92.628,0.845,41.970,38.207,3.763
mp-aaaaarlx,2.720,48.740,46.020,1.430,11.660,10.230
mp-aaaaarmc,86.934,79.780,7.154,37.269,33.792,3.477
mp-aaaaarmd,113.442,116.621,3.179,51.982,45.173,6.809
mp-aaaaarme,140.435,125.955,14.480,57.323,73.969,16.646
mp-aaaaarmf,109.309,109.114,0.195,82.494,79.222,3.272
mp-aaaaarmm,34.647,31.945,2.702,23.720,27.205,3.485
mp-aaaaarmo,39.873,43.792,3.919,29.175,28.479,0.696
mp-aaaaarmp,30.976,48.328,17.352,19.584,15.552,4.032
mp-aaaaarmq,8.587,15.016,6.429,5.631,2.249,3.382
mp-aaaaarms,55.627,38.110,17.517,36.988,47.811,10.823
mp-aaaaarmu,63.211,33.370,29.841,53.243,53.916,0.673
mp-aaaaarmw,115.090,87.968,27.122,50.004,29.880,20.124
mp-aaaaarnc,1.972,-53.636,55.608,0.854,2.342,1.488
mp-aaaaarnd,92.884,85.879,7.005,34.780,40.870,6.090
mp-aaaaarne,81.671,96.194,14.523,38.407,36.733,1.674
mp-aaaaarng,90.514,104.283,13.769,44.187,37.140,7.047
mp-aaaaarnj,-0.000,116.476,116.476,10.946,40.444,29.498
mp-aaaaarnl,39.055,55.966,16.911,26.525,23.907,2.618
mp-aaaaarny,73.265,78.179,4.914,55.383,41.860,13.523
mp-aaaaaron,123.996,116.290,7.706,58.332,48.140,10.192
mp-aaaaaroo,88.269,99.577,11.308,38.861,31.023,7.838
mp-aaaaaroq,125.939,119.997,5.942,21.458,24.890,3.432
mp-aaaaaror,136.553,128.676,7.877,48.595,43.126,5.469
mp-aaaaarox,46.496,47.783,1.287,31.724,29.355,2.369
mp-aaaaarpa,100.973,74.526,26.447,12.437,29.276,16.839
mp-aaaaarpb,197.340,183.215,14.125,57.181,59.884,2.703
mp-aaaaarqj,184.695,165.797,18.898,166.544,121.498,45.046
mp-aaaaarqk,112.136,93.925,18.211,62.379,64.090,1.711
mp-aaaaarql,104.820,98.352,6.468,68.742,65.843,2.899
mp-aaaaarrn,71.270,81.194,9.924,32.565,24.126,8.439
mp-aaaaarrx,75.338,68.284,7.054,38.941,39.029,0.088
mp-aaaaarry,58.694,52.819,5.875,22.729,25.907,3.178
mp-aaaaarrz,66.913,61.893,5.020,32.392,41.002,8.610
mp-aaaaarse,80.182,95.299,15.117,32.529,29.286,3.243
mp-aaaaarsl,108.644,103.017,5.627,45.248,60.035,14.787
mp-aaaaarsn,82.861,94.045,11.184,25.415,44.759,19.344
mp-aaaaarso,111.197,107.560,3.637,48.404,69.717,21.313
mp-aaaaarsr,58.955,63.148,4.193,14.507,24.104,9.597
mp-aaaaarsy,53.855,45.011,8.844,39.795,22.316,17.479
mp-aaaaarts,89.518,93.659,4.141,66.418,58.092,8.326
mp-aaaaartt,90.245,90.793,0.548,66.441,63.161,3.280
mp-aaaaartu,121.691,115.753,5.938,53.332,43.404,9.928
mp-aaaaartv,104.872,66.232,38.640,51.211,37.292,13.919
mp-aaaaartw,101.387,67.681,33.706,52.422,38.231,14.191
mp-aaaaarud,55.676,41.341,14.335,19.499,16.329,3.170
mp-aaaaarur,58.571,71.271,12.700,47.499,36.027,11.472
mp-aaaaarvq,298.232,274.222,24.010,185.951,188.033,2.082
mp-aaaaarvr,45.263,42.324,2.939,26.186,29.912,3.726
mp-aaaaarvu,169.707,171.561,1.854,99.704,106.439,6.735
mp-aaaaarvv,142.120,152.646,10.526,93.691,96.968,3.277
mp-aaaaarvx,187.743,201.622,13.879,76.060,114.386,38.326
mp-aaaaarvy,144.873,186.872,41.999,-1.049,-12.552,11.503
mp-aaaaarvz,74.431,86.852,12.421,36.150,33.869,2.281
mp-aaaaarwb,121.006,111.681,9.325,34.758,36.555,1.797
mp-aaaaarwd,145.789,126.956,18.833,-70.762,69.786,140.548
mp-aaaaarwg,106.034,107.385,1.351,24.932,41.936,17.004
mp-aaaaarwh,126.897,117.927,8.970,44.714,34.258,10.456
mp-aaaaarwi,111.096,100.210,10.886,48.418,31.011,17.407
mp-aaaaarwj,100.302,225.061,124.759,64.050,63.543,0.507
mp-aaaaarwl,128.275,173.550,45.275,79.786,97.428,17.642
mp-aaaaarwn,126.563,174.812,48.249,81.112,74.821,6.291
mp-aaaaarwp,57.052,94.238,37.186,30.734,33.988,3.254
mp-aaaaarwt,307.958,328.289,20.331,,,
mp-aaaaarww,169.333,168.459,0.874,55.578,56.935,1.357
mp-aaaaarwx,91.395,120.773,29.378,21.175,22.993,1.818
mp-aaaaarxd,63.414,82.985,19.571,27.414,15.246,12.168
mp-aaaaarxh,166.894,181.401,14.507,104.163,88.460,15.703
mp-aaaaarxi,54.245,86.726,32.481,32.900,43.834,10.934
mp-aaaaarxk,128.686,116.146,12.540,67.540,72.735,5.195
mp-aaaaarxl,179.764,152.128,27.636,83.799,90.564,6.765
mp-aaaaarxn,0.637,45.890,45.253,0.209,5.600,5.391
mp-aaaaarxo,175.016,137.145,37.871,142.771,147.737,4.966
mp-aaaaarxp,20.844,30.809,9.965,7.798,2.029,5.769
mp-aaaaarxr,238.047,212.015,26.032,106.959,93.490,13.469
mp-aaaaarxs,246.671,219.687,26.984,114.484,110.670,3.814
mp-aaaaarxt,252.922,172.893,80.029,75.042,54.829,20.213
mp-aaaaarxu,241.270,220.323,20.947,137.208,105.324,31.884
mp-aaaaaryc,100.651,63.436,37.215,-1.137,23.223,24.360
mp-aaaaarye,293.289,340.891,47.602,175.639,147.328,28.311
mp-aaaaarym,29.856,31.499,1.643,20.946,21.220,0.274
mp-aaaaaryv,69.984,69.287,0.697,-10.187,40.412,50.599
mp-aaaaasaj,47.587,82.057,34.470,39.669,45.934,6.265
mp-aaaaasdu,74.693,75.548,0.855,34.337,30.527,3.810
mp-aaaaasdw,53.979,76.282,22.303,15.813,29.990,14.177
mp-aaaaasef,67.623,60.233,7.390,41.180,31.139,10.041
mp-aaaaasel,24.305,29.190,4.885,16.195,14.109,2.086
mp-aaaaasft,56.929,84.316,27.387,13.863,25.375,11.512
mp-aaaaasgl,95.244,148.924,53.680,33.227,27.407,5.820
mp-aaaaashj,52.694,58.937,6.243,18.779,16.054,2.725
mp-aaaaashk,48.782,59.230,10.448,16.926,16.261,0.665
mp-aaaaasif,96.952,86.829,10.123,33.420,48.018,14.598
mp-aaaaasig,126.591,117.484,9.107,65.384,70.903,5.519
mp-aaaaasij,135.914,97.370,38.544,80.852,62.063,18.789
mp-aaaaasim,85.284,96.207,10.923,61.119,48.476,12.643
mp-aaaaasjb,14.836,23.339,8.503,7.539,20.489,12.950
mp-aaaaasjj,48.483,59.254,10.771,38.377,33.744,4.633
mp-aaaaasjm,36.136,42.427,6.291,22.025,3.564,18.461
mp-aaaaasjz,159.165,123.493,35.672,88.394,78.373,10.021
mp-aaaaaskq,65.563,67.304,1.741,32.756,44.644,11.888
mp-aaaaasln,36.153,31.049,5.104,25.807,23.406,2.401
mp-aaaaasma,149.536,137.271,12.265,69.610,67.765,1.845
mp-aaaaasmz,74.223,78.546,4.323,39.843,44.955,5.112
mp-aaaaasnk,62.385,73.305,10.920,23.131,24.693,1.562
mp-aaaaasno,69.921,100.602,30.681,31.853,40.160,8.307
mp-aaaaasnp,92.315,120.511,28.196,27.896,40.566,12.670
mp-aaaaasnr,100.063,121.181,21.118,48.444,65.271,16.827
mp-aaaaasns,158.714,130.643,28.071,171.783,124.027,47.756
mp-aaaaasnv,21.093,72.958,51.865,14.556,33.964,19.408
mp-aaaaasoa,36.776,50.967,14.191,13.319,11.987,1.332
mp-aaaaasob,160.548,156.626,3.922,89.983,71.437,18.546
mp-aaaaasof,138.904,152.275,13.371,110.605,101.022,9.583
mp-aaaaasoo,141.202,145.290,4.088,51.729,67.624,15.895
mp-aaaaasor,85.769,95.969,10.200,43.997,51.080,7.083
mp-aaaaasos,194.163,173.170,20.993,83.607,73.150,10.457
mp-aaaaasov,65.851,81.028,15.177,44.296,45.068,0.772
mp-aaaaasoz,57.771,45.017,12.754,39.629,34.205,5.424
mp-aaaaaspa,46.549,41.351,5.198,36.802,25.807,10.995
mp-aaaaaspb,130.581,111.224,19.357,8.795,-15.166,23.961
mp-aaaaaspd,133.144,132.487,0.657,96.926,79.550,17.376
mp-aaaaaspg,53.850,61.924,8.074,8.279,11.765,3.486
mp-aaaaasph,130.268,127.450,2.818,30.710,25.619,5.091
mp-aaaaaspn,147.205,107.991,39.214,117.352,89.154,28.198
mp-aaaaaspo,133.657,90.029,43.628,1.984,-6.248,8.232
mp-aaaaaspq,57.181,106.666,49.485,26.988,29.546,2.558
mp-aaaaaspw,35.899,33.903,1.996,23.104,20.630,2.474
mp-aaaaaspx,34.687,42.960,8.273,5.920,14.114,8.194
mp-aaaaasqb,230.758,209.037,21.721,154.192,128.236,25.956
mp-aaaaasqj,243.259,249.214,5.955,111.389,111.060,0.329
mp-aaaaasqk,218.372,233.351,14.979,87.624,69.342,18.282
mp-aaaaasql,265.285,244.683,20.602,132.684,95.303,37.381
mp-aaaaasqo,153.052,141.873,11.179,58.109,55.725,2.384
mp-aaaaasqq,44.062,41.639,2.423,16.519,16.795,0.276
mp-aaaaasqs,73.779,63.383,10.396,34.330,43.070,8.740
mp-aaaaasqv,222.923,202.401,20.522,120.031,151.022,30.991
mp-aaaaasqy,229.485,212.301,17.184,67.266,81.133,13.867
mp-aaaaasrd,73.286,87.337,14.051,31.135,33.452,2.317
mp-aaaaasre,24.150,35.051,10.901,12.724,15.460,2.736
mp-aaaaasrk,86.826,59.847,26.979,43.449,40.467,2.982
mp-aaaaasrm,62.819,63.862,1.043,23.430,27.445,4.015
mp-aaaaasrn,53.745,49.128,4.617,15.044,19.821,4.777
mp-aaaaasrs,2.805,15.658,12.853,0.899,5.901,5.002
mp-aaaaasru,60.907,74.770,13.863,39.538,32.686,6.852
mp-aaaaasrv,181.627,105.488,76.139,54.765,63.715,8.950
mp-aaaaasrz,146.220,131.746,14.474,39.965,33.076,6.889
mp-aaaaassl,134.127,143.673,9.546,53.917,49.796,4.121
mp-aaaaassm,126.701,124.012,2.689,144.287,86.458,57.829
mp-aaaaassp,113.116,119.813,6.697,-31.924,-6.550,25.374
mp-aaaaassv,119.513,111.849,7.664,89.118,69.768,19.350
mp-aaaaassx,223.474,123.270,100.204,77.447,71.693,5.754
mp-aaaaassz,36.705,62.844,26.139,15.689,10.891,4.798
mp-aaaaaste,125.309,122.823,2.486,-11.301,68.737,80.038
mp-aaaaasth,120.352,102.489,17.863,65.300,59.571,5.729
mp-aaaaastm,113.610,99.185,14.425,35.386,11.654,23.732
mp-aaaaastw,52.592,63.378,10.786,34.891,29.849,5.042
mp-aaaaasuf,63.800,89.514,25.714,43.121,51.288,8.167
mp-aaaaasui,71.355,71.006,0.349,21.372,25.074,3.702
mp-aaaaasul,51.992,62.597,10.605,16.615,21.289,4.674
mp-aaaaasum,249.254,200.136,49.118,101.745,94.244,7.501
mp-aaaaasun,55.135,65.260,10.125,31.099,25.702,5.397
mp-aaaaasup,63.238,81.171,17.933,30.122,33.303,3.181
mp-aaaaasuw,77.401,74.179,3.222,29.073,29.468,0.395
mp-aaaaasuy,144.324,123.445,20.879,30.697,32.934,2.237
mp-aaaaasvc,94.163,92.666,1.497,36.325,30.187,6.138
mp-aaaaasvj,47.167,59.791,12.624,18.660,16.823,1.837
mp-aaaaasvk,24.149,31.465,7.316,8.793,15.835,7.042
mp-aaaaasvl,187.023,137.009,50.014,77.819,28.840,48.979
mp-aaaaasvu,109.306,94.992,14.314,61.070,52.741,8.329
mp-aaaaasvw,202.448,209.030,6.582,51.366,53.266,1.900
mp-aaaaasvx,201.495,223.765,22.270,52.887,39.333,13.554
mp-aaaaaswb,115.038,117.897,2.859,37.951,37.002,0.949
mp-aaaaaswc,129.074,126.817,2.257,40.626,38.906,1.720
mp-aaaaaswd,26.690,46.599,19.909,19.236,4.102,15.134
mp-aaaaaswi,92.241,35.083,57.158,65.624,46.392,19.232
mp-aaaaaswk,68.822,77.536,8.715,24.776,21.060,3.716
mp-aaaaaswl,-31.848,119.872,151.720,-45.700,-1.331,44.369
mp-aaaaaswm,107.665,80.305,27.360,78.177,57.118,21.059
mp-aaaaaswt,112.113,117.755,5.642,31.739,35.447,3.708
mp-aaaaaswu,105.440,95.622,9.818,51.741,49.265,2.476
mp-aaaaaswv,137.288,114.925,22.363,27.364,35.217,7.853
mp-aaaaasww,173.840,163.609,10.231,117.539,114.964,2.575
mp-aaaaaswx,174.096,183.945,9.849,88.469,74.227,14.242
mp-aaaaaswy,106.514,113.388,6.874,37.163,26.925,10.238
mp-aaaaaswz,82.475,116.982,34.507,40.245,30.674,9.571
mp-aaaaasxa,48.999,69.191,20.192,22.218,15.428,6.790
mp-aaaaasxd,85.550,95.887,10.337,19.816,35.080,15.264
mp-aaaaasxe,88.042,106.997,18.955,18.126,39.440,21.314
mp-aaaaasxf,38.837,35.918,2.919,-89.425,-91.852,2.427
mp-aaaaasxg,111.173,121.396,10.223,53.800,47.065,6.735
mp-aaaaasxh,97.792,80.878,16.914,41.265,42.472,1.207
mp-aaaaasxl,138.352,126.599,11.753,47.920,51.652,3.732
mp-aaaaasxm,284.950,251.385,33.565,122.261,125.911,3.650
mp-aaaaasxn,34.727,43.260,8.533,13.496,7.052,6.444
mp-aaaaasxp,95.155,104.189,9.034,65.059,69.374,4.315
mp-aaaaasxq,63.701,101.180,37.479,42.116,46.134,4.018
mp-aaaaasxr,43.715,49.141,5.426,27.739,25.813,1.926
mp-aaaaasyc,99.432,103.928,4.496,58.974,55.218,3.756
mp-aaaaasyg,202.169,182.072,20.097,90.940,102.209,11.269
mp-aaaaasyj,-105.397,110.790,216.187,4.264,26.318,22.054
mp-aaaaasyk,131.586,140.456,8.870,46.444,52.061,5.617
mp-aaaaasyl,85.459,86.758,1.299,36.511,31.977,4.534
mp-aaaaasyo,49.734,58.110,8.376,21.715,25.137,3.422
mp-aaaaasyw,26.349,59.763,33.414,7.698,20.076,12.378
mp-aaaaaszq,117.353,106.410,10.943,23.000,36.674,13.674
mp-aaaaatak,47.476,61.902,14.426,22.690,18.284,4.406
mp-aaaaatal,53.306,55.058,1.752,22.713,23.096,0.383
mp-aaaaatan,203.771,214.396,10.625,71.803,139.373,67.570
mp-aaaaatas,161.120,198.019,36.899,73.874,77.266,3.392
mp-aaaaatat,38.836,69.805,30.969,13.543,33.436,19.893
mp-aaaaatax,138.388,76.395,61.993,83.126,78.607,4.519
mp-aaaaatbe,160.872,153.615,7.257,-42.433,45.654,88.087
mp-aaaaatbf,295.868,194.529,101.339,133.476,136.693,3.217
mp-aaaaatbo,77.308,93.392,16.084,36.907,42.327,5.420
mp-aaaaatbw,53.843,65.779,11.936,61.724,42.707,19.017
mp-aaaaatcd,92.828,89.066,3.762,66.189,47.990,18.199
mp-aaaaatce,93.264,88.362,4.902,67.711,48.466,19.245
mp-aaaaatch,39.447,64.035,24.588,19.888,23.541,3.653
mp-aaaaatck,47.647,78.955,31.308,29.980,38.225,8.245
mp-aaaaatcm,61.141,67.853,6.712,20.845,16.456,4.389
mp-aaaaatco,23.949,44.295,20.346,19.766,17.085,2.681
mp-aaaaatdb,98.247,95.198,3.049,31.257,42.815,11.558
mp-aaaaatdf,98.183,89.161,9.022,62.055,56.440,5.615
mp-aaaaatdj,148.256,150.900,2.644,67.474,53.923,13.551
mp-aaaaated,124.475,91.675,32.800,61.519,45.829,15.690
mp-aaaaatee,131.425,116.255,15.170,63.900,52.304,11.596
mp-aaaaatef,47.341,66.060,18.719,18.114,24.363,6.249
mp-aaaaateg,117.314,84.748,32.566,63.314,60.661,2.653
mp-aaaaatei,157.162,135.833,21.329,108.383,130.390,22.007
mp-aaaaatej,1.738,57.900,56.162,1.038,9.688,8.650
mp-aaaaaten,93.559,84.297,9.262,27.628,32.238,4.610
mp-aaaaateo,111.254,101.855,9.399,59.351,43.044,16.307
mp-aaaaater,159.788,155.924,3.864,79.509,77.355,2.154
mp-aaaaatey,118.611,104.145,14.466,60.061,38.362,21.699
mp-aaaaatff,185.310,119.430,65.880,57.406,51.864,5.542
mp-aaaaatfh,180.503,253.644,73.141,,,
mp-aaaaatfi,85.186,96.343,11.157,-14.720,20.739,35.459
mp-aaaaatfj,68.171,72.225,4.054,-46.267,44.704,90.971
mp-aaaaatfl,205.885,160.137,45.748,65.201,85.107,19.906
mp-aaaaatfq,137.103,151.635,14.532,115.936,107.142,8.794
mp-aaaaatgf,87.663,93.341,5.678,67.377,34.571,32.806
mp-aaaaatgh,88.559,87.797,0.762,62.104,34.633,27.471
mp-aaaaatgi,8.593,89.842,81.249,-36.332,30.037,66.369
mp-aaaaatgk,59.361,63.389,4.028,37.676,43.851,6.175
mp-aaaaathf,45.241,44.112,1.129,16.372,20.429,4.057
mp-aaaaathg,55.408,55.673,0.265,19.977,16.691,3.286
mp-aaaaathh,35.367,46.378,11.011,12.698,9.883,2.815
mp-aaaaathi,254.255,265.264,11.009,-34.527,-16.728,17.799
mp-aaaaathj,326.003,354.903,28.900,,,
mp-aaaaathk,348.484,315.893,32.591,164.499,198.084,33.585
mp-aaaaathp,64.282,112.155,47.873,104.473,39.867,64.606
mp-aaaaathz,30.437,30.474,0.037,17.973,16.393,1.580
mp-aaaaatib,44.901,49.038,4.137,33.357,36.299,2.942
mp-aaaaatij,140.624,110.002,30.622,43.654,49.233,5.579
mp-aaaaatiq,155.662,168.642,12.980,47.365,88.466,41.101
mp-aaaaatis,86.185,119.865,33.680,56.900,51.150,5.750
mp-aaaaatit,80.643,114.149,33.506,55.047,34.385,20.662
mp-aaaaatiw,86.727,87.342,0.615,47.251,54.812,7.561
mp-aaaaatiy,320.194,350.371,30.177,194.111,179.543,14.568
mp-aaaaatjb,158.934,164.352,5.418,102.599,96.131,6.468
mp-aaaaatje,220.339,179.651,40.688,98.352,94.085,4.267
mp-aaaaatjh,171.446,117.286,54.160,74.447,76.642,2.195
mp-aaaaatjl,46.933,50.563,3.630,19.796,19.517,0.279
mp-aaaaatjm,57.528,55.978,1.550,44.769,27.392,17.377
mp-aaaaatjo,111.940,94.366,17.574,51.435,46.512,4.923
mp-aaaaatjq,93.804,94.446,0.642,57.961,51.662,6.299
mp-aaaaatjr,92.941,94.994,2.053,38.915,38.138,0.777
mp-aaaaatjt,36.358,50.882,14.524,21.583,16.637,4.946
mp-aaaaatju,148.248,169.384,21.136,-74.573,-69.334,5.239
mp-aaaaatjv,112.414,139.651,27.237,33.918,38.989,5.071
mp-aaaaatjw,252.326,196.754,55.572,105.846,100.801,5.045
mp-aaaaatke,156.926,87.921,69.005,91.657,90.033,1.624
mp-aaaaatkf,157.502,96.690,60.812,87.118,88.751,1.633
mp-aaaaatkn,161.331,191.953,30.622,29.635,50.249,20.614
mp-aaaaatko,99.644,87.300,12.344,34.678,32.938,1.740
mp-aaaaatkp,91.875,0.717,91.158,19.754,8.689,11.065
mp-aaaaatkr,95.273,102.211,6.938,40.715,51.726,11.011
mp-aaaaatkw,229.371,146.321,83.050,6.272,34.459,28.187
mp-aaaaatlc,128.447,143.897,15.450,-41.288,-49.842,8.554
mp-aaaaatle,160.083,143.092,16.991,-112.117,37.883,150.000
mp-aaaaatlg,365.029,226.070,138.959,130.115,133.405,3.290
mp-aaaaatlh,178.939,172.045,6.894,126.437,107.336,19.101
mp-aaaaatli,106.478,97.997,8.481,47.503,28.201,19.302
mp-aaaaatll,44.210,35.750,8.460,-3.305,-0.655,2.650
mp-aaaaatls,56.859,68.682,11.823,-5.581,35.594,41.175
mp-aaaaatlt,48.725,39.867,8.858,37.374,30.138,7.236
mp-aaaaatlu,94.626,199.282,104.656,71.023,86.759,15.736
mp-aaaaatly,201.825,179.127,22.698,90.624,62.543,28.081
mp-aaaaatlz,111.100,106.568,4.532,49.936,45.461,4.475
mp-aaaaatma,114.117,106.863,7.254,45.823,41.208,4.615
mp-aaaaatme,76.810,85.045,8.235,54.248,48.314,5.934
mp-aaaaatmf,160.554,176.569,16.015,-46.768,-44.268,2.500
mp-aaaaatmi,141.684,133.937,7.747,64.242,29.410,34.832
mp-aaaaatmp,60.094,54.484,5.610,22.255,34.937,12.682
mp-aaaaatmq,90.416,69.344,21.072,45.743,40.973,4.770
mp-aaaaatmr,176.104,275.865,99.761,1.966,25.896,23.930
mp-aaaaatms,195.814,227.009,31.195,14.500,33.213,18.713
mp-aaaaatmt,234.662,277.618,42.956,26.883,19.251,7.632
mp-aaaaatmw,204.816,204.972,0.156,122.484,134.555,12.071
mp-aaaaatmz,125.291,111.738,13.553,12.210,16.339,4.129
mp-aaaaatni,35.653,13.685,21.968,15.358,14.234,1.124
mp-aaaaatns,78.999,76.871,2.128,54.432,49.295,5.137
mp-aaaaatnu,77.995,62.077,15.918,52.304,51.668,0.636
mp-aaaaatnv,89.047,82.057,6.990,54.852,49.523,5.329
mp-aaaaatoa,70.693,93.120,22.427,36.113,15.373,20.740
mp-aaaaatpc,75.030,78.394,3.364,50.530,43.332,7.198
mp-aaaaatpg,114.133,90.240,23.893,60.675,54.510,6.165
mp-aaaaatpu,51.635,61.003,9.368,33.459,18.985,14.474
mp-aaaaatqd,136.107,165.320,29.213,81.553,99.113,17.560
mp-aaaaatqk,48.592,46.109,2.483,15.092,18.186,3.094
mp-aaaaatqm,43.108,49.466,6.358,34.095,29.724,4.371
mp-aaaaatqq,44.645,24.931,19.714,36.890,29.701,7.189
mp-aaaaatqr,39.363,16.220,23.143,29.534,28.243,1.291
mp-aaaaatrc,12.858,47.675,34.817,0.547,5.346,4.799
mp-aaaaatrq,79.222,87.818,8.596,40.523,36.651,3.872
mp-aaaaatrr,78.252,85.099,6.847,42.379,39.481,2.898
mp-aaaaatrw,86.610,95.858,9.248,31.821,35.065,3.244
mp-aaaaatrz,46.288,63.825,17.537,33.949,36.048,2.099
mp-aaaaatsa,50.088,40.671,9.417,28.849,6.580,22.269
mp-aaaaatsb,41.765,36.623,5.142,24.788,7.749,17.039
mp-aaaaatsc,32.504,45.589,13.085,18.692,9.537,9.155
mp-aaaaatsk,168.200,163.726,4.474,90.626,83.716,6.910
mp-aaaaatsw,164.367,115.597,48.770,62.670,61.654,1.016
mp-aaaaattz,203.951,193.689,10.262,59.761,42.732,17.029
mp-aaaaatua,46.953,38.739,8.214,29.598,25.823,3.775
mp-aaaaatub,36.313,37.495,1.182,20.102,28.611,8.509
mp-aaaaatvg,90.326,79.549,10.777,37.101,37.878,0.777
mp-aaaaatvi,101.513,104.001,2.488,60.872,64.652,3.780
mp-aaaaatvj,113.636,110.433,3.203,44.000,55.016,11.016
mp-aaaaatwp,82.859,103.956,21.097,30.594,34.961,4.367
mp-aaaaatwu,113.482,102.138,11.344,48.482,57.619,9.137
mp-aaaaatxc,37.597,28.921,8.676,17.536,30.019,12.483
mp-aaaaatxe,229.015,239.535,10.520,133.101,98.262,34.839
mp-aaaaatxf,88.419,97.017,8.598,40.635,39.229,1.406
mp-aaaaatxh,46.483,66.777,20.294,35.142,31.680,3.462
mp-aaaaatxi,100.739,111.474,10.735,59.904,61.758,1.854
mp-aaaaatxk,166.194,121.603,44.591,67.770,57.959,9.811
mp-aaaaatxl,158.862,130.164,28.698,35.489,48.771,13.282
mp-aaaaatxo,68.983,63.591,5.392,33.527,32.145,1.382
mp-aaaaatxr,32.293,32.517,0.224,13.704,13.024,0.680
mp-aaaaatxv,211.801,217.854,6.053,92.083,90.338,1.745
mp-aaaaatye,189.725,186.196,3.529,98.602,91.705,6.897
mp-aaaaatyg,59.851,53.552,6.299,47.510,40.379,7.131
mp-aaaaatyh,195.504,230.550,35.046,103.095,102.253,0.842
mp-aaaaatym,161.585,314.867,153.282,21.340,42.739,21.399
mp-aaaaatzb,137.302,118.188,19.114,36.610,26.955,9.655
mp-aaaaatzc,138.768,118.643,20.125,,,
mp-aaaaatze,39.124,42.446,3.322,15.539,24.189,8.650
mp-aaaaatzh,177.407,149.084,28.323,98.793,85.868,12.925
mp-aaaaatzi,172.008,133.360,38.648,100.095,95.049,5.046
mp-aaaaatzj,81.128,93.098,11.970,49.625,51.717,2.092
mp-aaaaatzk,88.552,101.377,12.825,64.222,62.371,1.851
mp-aaaaatzs,74.289,77.505,3.216,35.772,45.299,9.527
mp-aaaaatzt,66.576,81.168,14.592,37.748,41.361,3.613
mp-aaaaauaa,23.139,45.217,22.078,15.794,23.172,7.378
mp-aaaaauaf,111.539,144.230,32.691,36.260,41.720,5.460
mp-aaaaauap,70.660,89.947,19.287,31.218,34.094,2.876
mp-aaaaauaq,78.188,91.553,13.365,34.647,35.287,0.640
mp-aaaaauaw,13.848,42.820,28.972,10.867,16.663,5.796
mp-aaaaauaz,26.708,78.112,51.404,10.041,22.996,12.955
mp-aaaaaubc,12.618,47.893,35.275,4.817,-6.012,10.829
mp-aaaaauby,69.339,72.679,3.340,43.420,41.625,1.795
mp-aaaaauca,173.750,157.777,15.973,72.253,49.042,23.211
mp-aaaaaucl,121.632,126.765,5.133,68.945,67.937,1.008
mp-aaaaaucs,28.204,90.598,62.394,6.383,15.416,9.033
mp-aaaaaudm,20.125,41.702,21.577,16.281,30.599,14.318
mp-aaaaauer,148.770,130.400,18.370,42.573,48.159,5.586
mp-aaaaauez,30.729,40.267,9.538,10.708,15.225,4.517
mp-aaaaaufk,49.159,36.749,12.410,32.933,30.835,2.098
mp-aaaaaugd,27.619,48.200,20.581,18.473,23.704,5.231
mp-aaaaaugg,21.582,57.052,35.470,16.515,23.125,6.610
mp-aaaaaugh,111.883,112.954,1.071,67.117,94.629,27.512
mp-aaaaauhx,70.982,82.082,11.100,43.757,41.199,2.558
mp-aaaaaukr,42.815,28.745,14.070,24.134,17.418,6.716
mp-aaaaauks,37.066,-9.821,46.887,18.040,19.612,1.572
mp-aaaaaukt,36.926,-6.005,42.931,19.851,20.369,0.518
mp-aaaaaukv,170.426,119.371,51.055,83.891,68.561,15.330
mp-aaaaaulf,104.102,73.577,30.525,57.230,78.983,21.753
mp-aaaaaulj,34.753,1.343,33.410,19.848,22.451,2.603
mp-aaaaaulk,31.129,13.077,18.052,17.633,24.098,6.465
mp-aaaaaulx,41.713,91.373,49.660,15.730,23.342,7.612
mp-aaaaaumu,174.776,152.571,22.205,82.389,93.571,11.182
mp-aaaaaumv,170.079,129.783,40.296,114.248,116.117,1.869
mp-aaaaaumw,300.208,283.402,16.806,172.829,176.926,4.097
mp-aaaaaunk,37.214,65.288,28.074,18.844,19.387,0.543
mp-aaaaauoq,68.022,73.565,5.543,26.331,24.321,2.010
mp-aaaaauot,21.356,45.731,24.375,19.106,35.041,15.935
mp-aaaaauox,12.236,21.090,8.854,11.044,20.904,9.860
mp-aaaaaupa,55.955,55.232,0.723,30.515,27.042,3.473
mp-aaaaaupb,57.614,63.990,6.376,15.908,38.633,22.725
mp-aaaaaupe,154.032,156.614,2.582,97.165,95.041,2.124
mp-aaaaaupf,112.914,106.565,6.349,29.525,32.662,3.137
mp-aaaaaupg,47.840,56.523,8.683,36.127,35.959,0.168
mp-aaaaaupk,43.515,53.273,9.758,20.036,22.427,2.391
mp-aaaaaupp,32.420,5.503,26.917,16.618,24.668,8.050
mp-aaaaauqb,142.094,82.846,59.248,43.535,49.225,5.690
mp-aaaaauqi,102.784,164.288,61.504,99.981,88.123,11.858
mp-aaaaauqk,19.966,24.007,4.041,10.778,15.562,4.784
mp-aaaaauql,21.791,30.183,8.392,11.185,19.978,8.793
mp-aaaaauqm,19.374,23.073,3.699,9.084,13.664,4.580
mp-aaaaauqn,25.359,25.771,0.412,15.703,13.539,2.164
mp-aaaaaura,70.196,85.018,14.822,53.913,62.561,8.648
mp-aaaaaurb,33.487,90.348,56.861,28.667,42.490,13.823
mp-aaaaaurc,93.679,78.994,14.685,60.152,45.182,14.970
mp-aaaaaurf,180.208,141.786,38.422,99.478,102.438,2.960
mp-aaaaauru,68.712,70.310,1.598,27.986,33.126,5.140
mp-aaaaaurv,40.303,59.644,19.341,21.554,27.928,6.374
mp-aaaaause,20.277,53.370,33.093,6.760,16.258,9.498
mp-aaaaausf,73.570,67.651,5.919,41.198,43.058,1.860
mp-aaaaauss,49.629,62.139,12.510,21.423,24.006,2.583
mp-aaaaaute,12.830,2.189,10.641,5.999,5.606,0.393
mp-aaaaautf,261.814,273.098,11.284,104.142,93.055,11.087
mp-aaaaautk,131.559,120.944,10.615,52.090,46.200,5.890
mp-aaaaauty,40.086,24.731,15.355,21.126,21.762,0.636
mp-aaaaautz,43.639,24.435,19.204,22.615,19.634,2.981
mp-aaaaauvd,92.213,26.779,65.434,47.586,30.385,17.201
mp-aaaaauve,91.475,22.499,68.976,43.214,36.002,7.212
mp-aaaaauvw,12.393,24.635,12.242,8.333,8.579,0.246
mp-aaaaauvx,56.964,56.812,0.152,22.129,24.554,2.425
mp-aaaaauvy,48.836,48.724,0.112,18.075,24.549,6.474
mp-aaaaauvz,52.422,56.936,4.514,18.993,18.275,0.718
mp-aaaaauwa,42.200,68.804,26.604,16.770,15.068,1.702
mp-aaaaauwh,81.455,55.092,26.363,25.207,23.825,1.382
mp-aaaaauwn,96.438,39.550,56.888,34.159,19.163,14.996
mp-aaaaauwu,35.031,54.590,19.559,20.591,18.217,2.374
mp-aaaaauwx,114.358,168.193,53.835,43.813,58.519,14.706
mp-aaaaauwy,163.487,167.018,3.531,42.539,45.497,2.958
mp-aaaaauxy,169.135,144.597,24.538,45.719,58.602,12.883
mp-aaaaauyy,22.604,41.374,18.770,11.680,13.007,1.327
mp-aaaaavaj,23.904,31.827,7.923,10.210,19.586,9.376
mp-aaaaavam,62.422,57.864,4.558,48.636,36.332,12.304
mp-aaaaavan,59.504,49.241,10.263,46.996,36.227,10.769
mp-aaaaavbb,57.328,35.914,21.414,4.985,21.795,16.810
mp-aaaaavbe,50.889,28.335,22.554,1.073,21.868,20.795
mp-aaaaavcg,197.949,168.909,29.040,138.548,93.647,44.901
mp-aaaaavdl,164.337,181.554,17.217,122.955,146.988,24.033
mp-aaaaavfk,13.155,59.141,45.986,4.317,15.600,11.283
mp-aaaaavfm,15.169,57.804,42.635,6.519,12.453,5.934
mp-aaaaavfs,166.869,171.076,4.207,119.842,113.746,6.096
mp-aaaaavhu,111.164,74.339,36.825,53.909,51.017,2.892
mp-aaaaavjd,134.959,133.298,1.661,77.934,76.965,0.969
mp-aaaaavku,124.841,168.709,43.868,39.318,55.862,16.544
mp-aaaaavnp,179.442,153.336,26.106,35.321,41.887,6.566
mp-aaaaavoi,59.463,68.135,8.672,29.668,41.424,11.756
mp-aaaaavpb,66.685,49.135,17.550,37.354,33.876,3.478
mp-aaaaavpo,78.458,72.455,6.003,44.590,51.853,7.263
mp-aaaaavqk,197.034,264.363,67.329,43.850,72.466,28.616
mp-aaaaavqn,92.959,99.248,6.289,53.156,48.005,5.151
mp-aaaaavqq,143.830,111.523,32.307,32.654,62.492,29.838
mp-aaaaavvl,82.815,150.699,67.884,64.790,63.555,1.235
mp-aaaaavvv,88.138,74.964,13.174,50.938,49.200,1.738
mp-aaaaavww,20.643,41.362,20.719,15.343,17.663,2.320
mp-aaaaavwx,25.980,44.637,18.657,21.480,21.112,0.368
mp-aaaaavwz,98.070,103.823,5.753,57.571,30.099,27.472
mp-aaaaavxc,24.605,57.404,32.799,11.179,23.037,11.858
mp-aaaaavxd,23.717,46.450,22.733,11.021,21.552,10.531
mp-aaaaavxv,20.983,66.788,45.805,12.991,14.474,1.483
mp-aaaaavyh,81.654,150.446,68.792,63.726,60.289,3.437
mp-aaaaaweh,119.975,96.899,23.076,86.833,83.695,3.138
mp-aaaaawgx,147.983,125.594,22.389,47.350,30.201,17.149
mp-aaaaawgz,155.622,139.526,16.096,61.345,32.665,28.680
mp-aaaaawhy,92.441,68.679,23.762,31.054,49.858,18.804
mp-aaaaawjh,101.485,104.359,2.874,67.825,68.775,0.950
mp-aaaaawjo,20.081,42.353,22.272,8.887,19.280,10.393
mp-aaaaawkz,32.545,20.512,12.033,14.702,15.283,0.581
mp-aaaaawlu,128.084,140.587,12.503,76.958,18.974,57.984
mp-aaaaawlv,72.794,59.513,13.281,35.040,27.869,7.171
mp-aaaaawnq,295.098,313.888,18.790,142.003,168.475,26.472
mp-aaaaawoa,31.363,24.499,6.864,19.498,20.170,0.672
mp-aaaaawoq,72.817,76.031,3.214,33.867,35.122,1.255
mp-aaaaawos,47.682,73.051,25.369,29.604,44.972,15.368
mp-aaaaawqj,131.265,122.041,9.224,72.060,60.053,12.007
mp-aaaaawrc,54.980,52.664,2.316,27.750,43.791,16.041
mp-aaaaawre,34.367,5.638,28.729,17.647,19.236,1.589
mp-aaaaawri,113.813,100.741,13.072,76.911,68.860,8.051
mp-aaaaawuf,196.424,150.346,46.078,85.772,77.030,8.742
mp-aaaaaxai,11.807,-17.534,29.341,6.537,18.158,11.621
mp-aaaaaxcf,135.947,118.628,17.319,70.188,75.996,5.808
mp-aaaaaxch,131.155,110.502,20.653,81.551,63.328,18.223
mp-aaaaaxci,7.360,56.534,49.174,2.873,24.953,22.080
mp-aaaaaxcr,290.926,259.246,31.680,196.282,208.452,12.170
mp-aaaaaxct,57.058,44.893,12.165,40.993,37.080,3.913
mp-aaaaaxcv,48.470,71.887,23.417,29.724,30.789,1.065
mp-aaaaaxcw,14.390,29.430,15.040,10.616,14.503,3.887
mp-aaaaaxcy,27.607,26.248,1.359,19.874,22.959,3.085
mp-aaaaaxdj,28.907,34.581,5.674,1.061,12.901,11.840
mp-aaaaaxdl,35.559,63.910,28.351,19.802,40.815,21.013
mp-aaaaaxdn,24.756,47.697,22.941,8.073,21.207,13.134
mp-aaaaaxdp,46.805,43.903,2.902,37.809,28.121,9.688
mp-aaaaaxdq,43.089,40.488,2.601,33.218,26.772,6.446
mp-aaaaaxdr,39.991,40.072,0.081,31.634,25.117,6.517
mp-aaaaaxdx,152.046,180.313,28.267,96.953,91.497,5.456
mp-aaaaaxdz,109.537,95.207,14.330,46.377,49.374,2.997
mp-aaaaaxef,177.798,177.682,0.116,103.013,110.220,7.207
mp-aaaaaxeh,135.898,156.188,20.290,20.292,37.229,16.937
mp-aaaaaxei,269.426,219.663,49.763,127.450,143.587,16.137
mp-aaaaaxej,113.058,141.440,28.382,68.134,37.370,30.764
mp-aaaaaxeq,21.931,17.552,4.379,11.917,14.076,2.159
mp-aaaaaxer,52.172,62.132,9.960,34.865,31.242,3.623
mp-aaaaaxet,365.183,328.942,36.241,,,
mp-aaaaaxfb,161.139,172.443,11.304,76.351,86.298,9.947
mp-aaaaaxfg,22.329,13.048,9.281,9.944,21.032,11.088
mp-aaaaaxfh,31.898,36.328,4.430,18.430,25.256,6.826
mp-aaaaaxfi,51.282,58.052,6.770,37.960,30.207,7.753
mp-aaaaaxfj,30.741,8.521,22.220,20.548,14.319,6.229
mp-aaaaaxfq,116.084,105.669,10.415,54.249,37.158,17.091
mp-aaaaaxfr,111.197,108.091,3.106,47.400,29.654,17.746
mp-aaaaaxft,31.995,19.310,12.685,22.573,22.597,0.024
mp-aaaaaxfx,174.541,151.862,22.679,99.161,105.400,6.239
mp-aaaaaxfy,236.074,186.719,49.355,138.965,120.486,18.479
mp-aaaaaxfz,314.973,197.431,117.542,,,
mp-aaaaaxgs,322.925,286.494,36.431,169.103,173.726,4.623
mp-aaaaaxgu,18.878,3.150,15.728,12.629,7.368,5.261
mp-aaaaaxiu,36.647,15.311,21.336,24.208,21.188,3.020
mp-aaaaaxiv,29.631,31.066,1.435,19.075,13.775,5.300
mp-aaaaaxiw,83.144,86.221,3.077,46.001,44.153,1.848
mp-aaaaaxix,124.710,112.040,12.670,74.315,83.102,8.787
mp-aaaaaxiy,197.337,179.848,17.489,75.061,70.393,4.668
mp-aaaaaxiz,37.153,56.314,19.161,20.828,14.545,6.283
mp-aaaaaxjb,40.489,58.574,18.085,25.094,19.572,5.522
mp-aaaaaxjg,48.397,39.299,9.098,27.464,22.702,4.762
mp-aaaaaxjh,49.046,43.828,5.218,27.451,31.320,3.869
mp-aaaaaxjj,50.021,39.596,10.425,28.514,29.474,0.960
mp-aaaaaxjl,40.551,36.167,4.384,23.333,24.522,1.189
mp-aaaaaxjn,41.119,37.242,3.877,24.176,28.662,4.486
mp-aaaaaxjo,40.461,34.758,5.703,24.071,27.010,2.939
mp-aaaaaxjr,298.990,287.578,11.412,138.373,204.734,66.361
mp-aaaaaxjs,181.870,165.729,16.141,66.326,92.052,25.726
mp-aaaaaxjv,51.637,43.562,8.075,18.906,17.008,1.898
mp-aaaaaxkb,292.013,263.234,28.779,188.047,207.921,19.874
mp-aaaaaxkl,114.667,111.806,2.861,64.797,77.545,12.748
mp-aaaaaxkm,61.118,53.132,7.986,48.427,39.755,8.672
mp-aaaaaxkn,54.525,49.601,4.924,38.814,29.736,9.078
mp-aaaaaxld,112.670,96.694,15.976,52.617,68.197,15.580
mp-aaaaaxll,52.666,82.794,30.128,28.749,40.783,12.034
mp-aaaaaxlw,199.853,170.156,29.697,79.683,88.473,8.790
mp-aaaaaxmz,42.596,32.770,9.826,25.019,19.512,5.507
mp-aaaaaxnj,78.369,62.832,15.537,35.964,35.522,0.442
mp-aaaaaxnk,63.392,81.865,18.473,28.611,31.097,2.486
mp-aaaaaxnp,107.176,144.840,37.664,69.730,62.448,7.282
mp-aaaaaxok,136.020,150.238,14.218,59.655,56.161,3.494
mp-aaaaaxpn,21.345,57.285,35.940,27.825,19.528,8.297
mp-aaaaaxpp,164.999,146.488,18.511,106.028,127.761,21.733
mp-aaaaaxpq,134.441,133.407,1.034,78.547,90.935,12.388
mp-aaaaaxpr,170.622,151.748,18.874,110.229,90.640,19.589
mp-aaaaaxpw,80.916,105.162,24.246,54.227,51.848,2.379
mp-aaaaaxpz,220.115,186.877,33.238,95.480,100.477,4.997
mp-aaaaaxqa,115.025,114.643,0.382,49.685,51.596,1.911
mp-aaaaaxqb,140.749,141.806,1.057,88.346,93.683,5.337
mp-aaaaaxqe,118.652,117.166,1.486,91.081,85.959,5.122
mp-aaaaaxqk,87.181,55.120,32.061,34.024,26.145,7.879
mp-aaaaaxqv,133.221,103.482,29.739,71.657,62.981,8.676
mp-aaaaaxqw,128.834,118.505,10.329,67.701,61.927,5.774
mp-aaaaaxqx,145.521,125.864,19.657,80.979,83.609,2.630
mp-aaaaaxqy,52.716,42.147,10.569,33.809,21.673,12.136
mp-aaaaaxrj,40.186,54.543,14.357,20.397,16.327,4.070
mp-aaaaaxsq,70.350,68.206,2.144,34.028,20.428,13.600
mp-aaaaaxsr,75.322,75.281,0.041,36.804,27.099,9.705
mp-aaaaaxst,73.923,77.054,3.131,35.465,29.226,6.239
mp-aaaaaxsu,79.972,77.863,2.109,38.705,32.592,6.113
mp-aaaaaxtb,172.795,167.944,4.851,53.110,68.478,15.368
mp-aaaaaxtd,163.160,149.848,13.312,61.104,63.849,2.745
mp-aaaaaxtk,76.143,80.855,4.712,13.558,16.807,3.249
mp-aaaaaxtl,31.454,85.323,53.869,19.986,43.123,23.137
mp-aaaaaxvv,124.593,127.257,2.664,50.075,44.032,6.043
mp-aaaaaxwq,93.461,81.802,11.659,46.289,45.875,0.414
mp-aaaaaxzw,61.244,93.556,32.312,37.170,74.990,37.820
mp-aaaaayae,65.572,54.905,10.667,-24.499,-45.422,20.923
mp-aaaaayam,27.612,36.510,8.898,13.172,8.280,4.892
mp-aaaaayao,46.551,35.192,11.359,20.639,21.340,0.701
mp-aaaaayav,52.219,48.420,3.799,22.259,27.603,5.344
mp-aaaaayaw,69.142,85.598,16.456,14.861,7.872,6.989
mp-aaaaayba,127.616,128.877,1.261,51.748,46.025,5.723
mp-aaaaaybd,31.094,36.095,5.001,18.718,19.469,0.751
mp-aaaaaybe,56.726,42.857,13.869,37.446,32.230,5.216
mp-aaaaaybj,116.990,120.876,3.886,64.491,70.555,6.064
mp-aaaaaybk,85.580,72.409,13.171,27.195,38.944,11.749
mp-aaaaaybn,49.099,54.025,4.926,37.699,32.735,4.964
mp-aaaaaybq,54.426,58.947,4.521,41.666,31.578,10.088
mp-aaaaaybr,62.141,65.033,2.892,22.866,21.007,1.859
mp-aaaaaybv,36.538,29.354,7.184,0.834,21.186,20.352
mp-aaaaaybw,168.858,139.949,28.909,133.263,137.298,4.035
mp-aaaaaycl,186.801,163.016,23.785,67.992,74.703,6.711
mp-aaaaayco,194.302,145.447,48.855,54.987,73.095,18.108
mp-aaaaaycr,112.518,83.452,29.066,73.035,58.913,14.122
mp-aaaaaycv,101.411,101.058,0.353,81.286,61.896,19.390
mp-aaaaaydc,126.409,114.510,11.899,49.574,43.703,5.871
mp-aaaaaydd,175.386,162.546,12.840,102.271,91.425,10.846
mp-aaaaaydm,103.205,127.904,24.699,49.592,45.002,4.590
mp-aaaaaydp,253.998,189.460,64.538,-104.678,44.735,149.413
mp-aaaaaydq,51.784,30.225,21.559,31.835,15.619,16.216
mp-aaaaayds,91.169,54.748,36.421,-32.143,17.197,49.340
mp-aaaaaydt,65.501,54.373,11.128,46.074,42.271,3.803
mp-aaaaaydy,127.339,127.824,0.485,45.952,46.945,0.993
mp-aaaaaydz,100.142,135.257,35.115,48.071,48.134,0.063
mp-aaaaayea,61.139,65.491,4.352,-100.853,-122.600,21.747
mp-aaaaayeb,101.691,131.481,29.790,49.226,43.314,5.912
mp-aaaaayei,170.614,131.532,39.082,93.200,82.544,10.656
mp-aaaaayej,25.141,30.176,5.035,15.716,9.168,6.548
mp-aaaaayem,-164.284,111.746,276.030,20.028,55.195,35.167
mp-aaaaayen,41.262,45.678,4.416,4.176,25.642,21.466
mp-aaaaayeo,80.872,82.879,2.007,54.586,46.541,8.045
mp-aaaaayep,37.377,54.256,16.879,33.386,28.757,4.629
mp-aaaaayev,132.644,128.969,3.675,46.128,46.223,0.095
mp-aaaaayfc,158.126,152.879,5.247,83.324,71.360,11.964
mp-aaaaayfe,150.684,146.277,4.407,34.806,39.556,4.750
mp-aaaaayfj,123.363,123.327,0.036,106.060,103.603,2.457
mp-aaaaayfk,24.740,94.104,69.364,-0.953,6.221,7.174
mp-aaaaayfl,29.442,75.173,45.731,-10.960,3.573,14.533
mp-aaaaayfm,84.187,76.787,7.400,5.813,11.619,5.806
mp-aaaaayfq,80.239,89.545,9.306,41.432,29.202,12.230
mp-aaaaayfr,87.818,90.474,2.656,48.812,42.735,6.077
mp-aaaaayfw,99.731,131.800,32.069,47.964,42.768,5.196
mp-aaaaayfy,61.905,59.319,2.586,-108.598,-125.810,17.212
mp-aaaaayhp,95.970,72.380,23.590,46.996,44.601,2.395
mp-aaaaayjx,130.385,121.482,8.903,54.244,54.237,0.007
mp-aaaaayjy,138.455,116.637,21.818,26.152,25.073,1.079
mp-aaaaayjz,79.367,104.788,25.421,44.138,51.174,7.036
mp-aaaaayke,107.487,109.336,1.849,72.220,70.061,2.159
mp-aaaaaykh,65.439,100.454,35.015,60.932,57.760,3.172
mp-aaaaaykj,93.210,96.415,3.205,44.624,49.804,5.180
mp-aaaaaykk,119.908,113.996,5.912,48.944,47.073,1.871
mp-aaaaaykl,223.142,201.111,22.031,92.876,105.367,12.491
mp-aaaaaykm,210.864,163.163,47.701,90.488,76.313,14.175
mp-aaaaaykn,106.697,94.633,12.064,52.175,45.855,6.320
mp-aaaaaykr,156.936,131.081,25.855,7.228,32.284,25.056
mp-aaaaaykt,97.439,110.143,12.704,57.089,59.273,2.184
mp-aaaaaykw,38.920,55.860,16.940,32.272,31.187,1.085
mp-aaaaayld,66.853,77.873,11.020,39.767,39.289,0.478
mp-aaaaayle,172.818,159.958,12.860,75.145,74.304,0.841
mp-aaaaaylg,90.658,106.474,15.816,55.210,57.895,2.685
mp-aaaaaylh,100.232,103.295,3.063,59.378,64.533,5.155
mp-aaaaayll,202.423,198.585,3.838,117.084,130.339,13.255
mp-aaaaaylm,109.960,102.072,7.888,31.202,46.921,15.719
mp-aaaaayln,157.304,132.972,24.332,48.459,51.129,2.670
mp-aaaaaylo,129.942,113.687,16.255,41.369,25.498,15.871
mp-aaaaaylq,203.954,190.103,13.851,60.327,68.583,8.256
mp-aaaaayls,112.677,104.490,8.187,72.365,65.104,7.261
mp-aaaaaylt,111.884,112.111,0.227,73.629,66.603,7.026
mp-aaaaaymm,84.573,47.323,37.250,30.321,25.947,4.374
mp-aaaaaynd,49.675,53.791,4.116,20.463,22.329,1.866
mp-aaaaayne,49.545,53.295,3.750,20.154,22.482,2.328
mp-aaaaayoz,172.084,142.982,29.102,71.746,75.501,3.755
mp-aaaaayqf,80.640,88.887,8.247,25.724,26.475,0.751
mp-aaaaayqg,72.105,73.430,1.325,27.733,27.435,0.298
mp-aaaaayqi,63.729,78.415,14.686,40.822,49.232,8.410
mp-aaaaayta,107.586,99.036,8.550,69.162,57.608,11.554
mp-aaaaaytb,96.935,96.304,0.631,75.356,59.045,16.311
mp-aaaaaytc,80.850,94.670,13.820,50.525,56.010,5.485
mp-aaaaaytf,59.161,50.933,8.228,33.730,25.682,8.048
mp-aaaaaytg,101.787,67.520,34.267,44.441,53.588,9.147
mp-aaaaaytm,327.755,329.144,1.389,14.157,97.943,83.786
mp-aaaaaytn,86.948,74.289,12.659,-106.741,-20.454,86.287
mp-aaaaayto,77.023,64.139,12.884,,,
mp-aaaaaytp,86.195,125.082,38.887,53.796,48.343,5.453
mp-aaaaaytq,105.535,95.306,10.229,53.198,40.843,12.355
mp-aaaaaytr,169.302,156.187,13.115,60.198,75.745,15.547
mp-aaaaaytw,149.123,143.119,6.004,57.852,73.508,15.656
mp-aaaaayub,66.619,71.729,5.110,32.980,36.785,3.805
mp-aaaaayug,69.964,60.228,9.736,45.797,49.262,3.465
mp-aaaaayuh,71.734,60.435,11.299,46.030,50.234,4.204
mp-aaaaayuj,72.224,70.478,1.746,45.561,51.209,5.648
mp-aaaaayul,21.873,35.505,13.632,14.885,33.717,18.832
mp-aaaaayuu,26.110,29.645,3.535,15.968,9.771,6.197
mp-aaaaayuv,21.346,61.015,39.669,17.264,26.714,9.450
mp-aaaaayuw,78.309,87.302,8.993,27.456,35.669,8.213
mp-aaaaayvf,100.935,73.555,27.380,30.995,34.450,3.455
mp-aaaaaywa,132.861,99.876,32.985,64.717,57.989,6.728
mp-aaaaayxg,64.468,110.037,45.569,39.327,52.721,13.394
mp-aaaaayym,60.240,74.086,13.846,27.013,29.137,2.124
mp-aaaaayzm,93.631,85.874,7.757,26.460,9.919,16.541
mp-aaaaazan,31.512,63.374,31.862,8.633,27.848,19.215
mp-aaaaazaq,77.543,78.514,0.971,34.172,40.419,6.247
mp-aaaaazat,85.427,63.384,22.043,45.222,24.915,20.307
mp-aaaaazci,205.051,195.148,9.903,83.974,79.322,4.652
mp-aaaaazcm,-3.477,61.672,65.149,,,
mp-aaaaazdp,115.912,144.252,28.340,54.525,53.707,0.818
mp-aaaaazen,122.342,123.082,0.740,75.362,88.403,13.041
mp-aaaaazfp,192.803,185.102,7.701,66.741,70.058,3.317
mp-aaaaazhk,103.247,101.451,1.796,50.612,49.014,1.598
mp-aaaaazhn,12.126,28.786,16.660,7.433,13.427,5.994
mp-aaaaazip,203.505,205.847,2.342,120.912,113.356,7.556
mp-aaaaaziq,56.951,59.187,2.236,20.961,25.499,4.538
mp-aaaaaziv,85.441,101.056,15.615,45.483,58.395,12.912
mp-aaaaazkr,143.453,130.402,13.051,58.521,62.768,4.247
mp-aaaaazle,84.782,90.786,6.004,67.801,41.152,26.649
mp-aaaaazol,112.287,92.457,19.830,62.641,54.697,7.944
mp-aaaaazox,17.614,84.667,67.053,12.492,18.031,5.539
mp-aaaaazqq,70.414,74.691,4.277,68.245,32.508,35.737
mp-aaaaazsp,170.822,163.252,7.570,43.404,49.831,6.427
mp-aaaaaztt,204.618,184.186,20.432,71.393,51.428,19.965
mp-aaaaazwj,148.830,137.172,11.658,76.439,91.109,14.670
mp-aaaaazxu,69.088,106.067,36.979,38.896,41.758,2.862
mp-aaaaazya,13.477,56.903,43.426,10.712,29.430,18.718
mp-aaaaazyw,18.521,35.477,16.956,7.793,5.848,1.945
mp-aaaabaab,78.322,78.705,0.383,38.848,35.893,2.955
mp-aaaababk,71.162,73.182,2.020,30.552,33.303,2.751
mp-aaaabacl,80.602,78.337,2.265,51.513,42.161,9.352
mp-aaaabaep,72.275,71.934,0.341,52.028,35.246,16.782
mp-aaaabaev,70.857,99.306,28.449,38.942,44.214,5.272
mp-aaaabagt,70.050,56.864,13.186,52.258,41.659,10.599
mp-aaaabahz,57.457,67.652,10.195,34.638,19.630,15.008
mp-aaaabakm,183.507,164.296,19.211,74.346,106.644,32.298
mp-aaaabaku,112.097,114.202,2.105,65.271,74.196,8.925
mp-aaaabala,64.884,72.486,7.602,35.962,25.497,10.465
mp-aaaabaln,71.121,79.031,7.910,28.855,42.059,13.204
mp-aaaabame,93.415,95.893,2.478,50.422,48.849,1.573
mp-aaaabatx,225.380,145.511,79.869,81.165,118.368,37.203
mp-aaaabauj,8.401,25.075,16.674,5.594,11.420,5.826
mp-aaaabawp,28.173,43.310,15.137,15.493,15.935,0.442
mp-aaaabawt,28.128,16.990,11.138,15.413,20.262,4.849
mp-aaaabaxy,116.177,120.270,4.093,54.332,45.634,8.698
mp-aaaabbaf,240.169,221.096,19.073,93.407,92.920,0.487
mp-aaaabbbk,63.040,100.776,37.736,19.604,31.943,12.339
mp-aaaabbbw,37.606,46.081,8.475,23.128,24.457,1.329
mp-aaaabbcm,68.210,81.680,13.470,27.547,22.314,5.233
mp-aaaabbdh,214.318,181.425,32.893,185.759,128.430,57.329
mp-aaaabbgt,159.974,146.715,13.259,82.863,65.701,17.162
mp-aaaabbii,205.196,172.258,32.938,116.345,108.251,8.094
mp-aaaabbkb,35.573,33.028,2.545,19.958,21.188,1.230
mp-aaaabbmt,171.113,143.827,27.286,101.052,95.514,5.538
mp-aaaabbrb,181.802,185.451,3.649,84.311,89.487,5.176
mp-aaaabbrn,69.596,87.079,17.483,23.933,0.249,23.684
mp-aaaabbrs,76.484,73.289,3.195,25.948,23.223,2.725
mp-aaaabdei,79.926,79.306,0.620,56.436,52.708,3.728
mp-aaaabdej,38.461,72.167,33.706,24.006,14.517,9.489
mp-aaaabdeo,64.725,79.721,14.996,23.957,27.939,3.982
mp-aaaabdeq,123.646,145.362,21.716,44.057,33.236,10.821
mp-aaaabdet,22.297,120.806,98.509,6.787,14.888,8.101
mp-aaaabdeu,124.598,124.101,0.497,62.797,60.513,2.284
mp-aaaabdev,55.073,56.159,1.086,28.196,26.467,1.729
mp-aaaabdfa,20.958,41.094,20.136,19.324,35.960,16.636
mp-aaaabdfb,142.568,133.069,9.499,50.382,42.163,8.219
mp-aaaabdfc,50.965,23.408,27.557,11.726,8.736,2.990
mp-aaaabdfg,100.795,98.974,1.821,37.842,26.995,10.847
mp-aaaabdfh,129.653,116.429,13.224,71.170,75.901,4.731
mp-aaaabdfn,57.203,82.993,25.790,17.818,19.093,1.275
mp-aaaabdfp,32.389,77.363,44.974,8.891,11.620,2.729
mp-aaaabdfu,145.684,111.076,34.608,64.185,60.980,3.205
mp-aaaabdfy,36.110,82.936,46.826,7.230,15.245,8.015
mp-aaaabdgb,62.983,88.483,25.500,17.740,20.981,3.241
mp-aaaabdgc,121.842,101.032,20.810,,,
mp-aaaabdge,41.265,37.554,3.711,17.990,14.599,3.391
mp-aaaabdgf,20.250,31.193,10.943,12.565,11.254,1.311
mp-aaaabdgn,84.386,68.247,16.139,51.145,40.075,11.070
mp-aaaabdgo,38.252,60.211,21.959,18.867,21.664,2.797
mp-aaaabdgr,38.199,56.697,18.498,9.670,18.980,9.310
mp-aaaabdgw,76.971,59.836,17.135,43.513,28.962,14.551
mp-aaaabdgy,230.416,138.889,91.527,91.928,125.001,33.073
mp-aaaabdhb,78.082,115.354,37.272,51.356,53.136,1.780
mp-aaaabdhd,297.065,292.845,4.220,188.623,195.182,6.559
mp-aaaabdhf,103.004,107.848,4.844,48.899,63.300,14.401
mp-aaaabdhj,20.396,22.463,2.067,15.524,15.596,0.072
mp-aaaabdhk,177.267,117.026,60.241,103.306,98.785,4.521
mp-aaaabdhn,45.434,54.968,9.534,17.411,24.603,7.192
mp-aaaabdho,222.032,202.502,19.530,109.921,104.505,5.416
mp-aaaabdhv,101.711,120.611,18.900,54.940,59.394,4.454
mp-aaaabdhw,56.803,78.636,21.833,35.695,36.004,0.309
mp-aaaabdhx,160.562,168.010,7.448,85.796,98.344,12.548
mp-aaaabdic,102.300,123.978,21.678,52.095,64.829,12.734
mp-aaaabdie,48.746,44.162,4.584,20.676,22.330,1.654
mp-aaaabdif,78.064,65.983,12.081,63.498,50.854,12.644
mp-aaaabdii,49.521,85.057,35.536,6.186,25.757,19.571
mp-aaaabdij,202.882,158.053,44.829,80.367,99.385,19.018
mp-aaaabdim,80.263,69.766,10.497,54.912,39.392,15.520
mp-aaaabdis,169.316,190.375,21.059,132.589,107.412,25.177
mp-aaaabdiu,55.064,86.666,31.602,31.713,33.921,2.208
mp-aaaabdiv,51.173,60.176,9.003,16.323,16.316,0.007
mp-aaaabdix,161.184,166.883,5.699,99.016,91.611,7.405
mp-aaaabdiy,40.323,95.793,55.470,11.741,5.035,6.706
mp-aaaabdjh,170.269,146.873,23.396,90.612,91.505,0.893
mp-aaaabdjm,197.347,184.131,13.216,93.978,88.032,5.946
mp-aaaabdjn,14.982,8.923,6.059,9.325,8.052,1.273
mp-aaaabdjs,127.368,117.078,10.290,44.847,38.606,6.241
mp-aaaabdjt,82.846,89.304,6.458,48.364,39.524,8.840
mp-aaaabdju,8.938,21.850,12.912,-56.008,14.160,70.168
mp-aaaabdjy,61.803,86.335,24.532,17.315,26.270,8.955
mp-aaaabdkg,169.400,179.757,10.357,55.803,13.841,41.962
mp-aaaabdkh,82.187,104.891,22.704,21.597,12.820,8.777
mp-aaaabdkm,102.664,106.065,3.401,52.845,53.605,0.760
mp-aaaabdkn,146.647,119.107,27.540,45.056,40.852,4.204
mp-aaaabdkq,94.192,50.826,43.366,73.813,67.833,5.980
mp-aaaabdkw,109.300,143.837,34.537,42.631,45.310,2.679
mp-aaaabdkz,68.606,90.278,21.672,58.614,29.346,29.268
mp-aaaabdld,57.971,74.684,16.713,21.437,24.540,3.103
mp-aaaabdlf,75.371,94.657,19.286,38.660,42.640,3.980
mp-aaaabdlg,41.491,27.157,14.334,19.979,17.901,2.078
mp-aaaabdlo,143.863,108.721,35.142,28.872,26.348,2.524
mp-aaaabdlp,212.261,206.285,5.976,107.785,111.390,3.605
mp-aaaabdlq,128.163,110.189,17.974,59.224,47.755,11.469
mp-aaaabdls,84.280,88.195,3.915,14.903,23.172,8.269
mp-aaaabdmb,32.766,71.371,38.605,30.223,42.039,11.816
mp-aaaabdmc,73.164,76.186,3.022,46.120,39.730,6.390
mp-aaaabdme,43.072,52.425,9.353,28.756,30.141,1.385
mp-aaaabdmf,15.634,74.874,59.240,10.522,20.367,9.845
mp-aaaabdmm,101.457,92.932,8.525,49.807,56.110,6.303
mp-aaaabdmn,106.537,101.831,4.706,41.076,51.863,10.787
mp-aaaabdms,79.546,86.422,6.876,30.741,23.522,7.219
mp-aaaabdmy,138.579,160.755,22.176,86.366,81.693,4.673
mp-aaaabdnb,74.523,66.384,8.139,35.383,34.182,1.201
mp-aaaabdne,84.230,52.605,31.625,39.817,34.818,4.999
mp-aaaabdng,57.601,107.324,49.723,-36.490,-26.033,10.457
mp-aaaabdnh,70.626,78.703,8.077,35.690,42.703,7.013
mp-aaaabdnl,128.949,110.434,18.515,89.065,91.410,2.345
mp-aaaabdnn,157.602,168.311,10.709,75.992,68.252,7.740
mp-aaaabdnu,92.692,108.236,15.544,28.197,51.774,23.577
mp-aaaabdnv,183.277,166.040,17.237,108.178,85.117,23.061
mp-aaaabdny,32.249,51.563,19.314,14.765,13.142,1.623
mp-aaaabdnz,103.621,92.089,11.532,55.573,50.271,5.302
mp-aaaabdoa,45.357,48.804,3.447,32.042,19.603,12.439
mp-aaaabdoc,81.806,103.534,21.728,35.049,45.495,10.446
mp-aaaabdod,179.248,175.721,3.527,26.300,90.760,64.460
mp-aaaabdof,86.372,99.141,12.769,54.869,49.066,5.803
mp-aaaabdog,42.934,60.461,17.527,15.587,12.737,2.850
mp-aaaabdoj,54.505,52.460,2.045,31.505,27.846,3.659
mp-aaaabdop,103.401,94.699,8.702,55.201,59.691,4.490
mp-aaaabdou,90.833,90.049,0.784,53.705,44.898,8.807
mp-aaaabdow,92.233,107.049,14.816,0.487,41.701,41.214
mp-aaaabdox,47.850,56.065,8.215,24.856,22.342,2.514
mp-aaaabdph,69.787,68.217,1.570,28.578,25.478,3.100
mp-aaaabdpk,118.251,149.356,31.105,85.132,70.499,14.633
mp-aaaabdpn,142.033,139.496,2.537,60.689,52.109,8.580
mp-aaaabdpq,83.761,79.888,3.873,54.767,50.505,4.262
mp-aaaabdps,36.737,42.231,5.494,19.944,8.516,11.428
mp-aaaabdqd,51.835,57.209,5.374,20.530,15.916,4.614
mp-aaaabdqf,38.003,37.611,0.392,22.730,29.998,7.268
mp-aaaabdqh,175.013,161.593,13.420,154.075,160.092,6.017
mp-aaaabdqn,154.138,156.760,2.622,58.196,59.440,1.244
mp-aaaabdqo,34.167,20.952,13.215,18.789,30.862,12.073
mp-aaaabdqx,122.853,117.946,4.907,56.481,60.773,4.292
mp-aaaabdrd,71.576,107.723,36.147,51.439,61.613,10.174
mp-aaaabdre,47.968,63.527,15.559,22.314,23.141,0.827
mp-aaaabdri,111.302,112.671,1.369,52.781,42.749,10.032
mp-aaaabdrj,70.610,112.725,42.115,31.362,26.098,5.264
mp-aaaabdrm,87.985,89.572,1.587,21.176,43.197,22.021
mp-aaaabdrn,81.216,105.105,23.889,68.296,69.262,0.966
mp-aaaabdrp,176.427,189.946,13.519,32.814,44.859,12.045
mp-aaaabdrs,74.223,76.738,2.515,51.788,41.949,9.839
mp-aaaabdru,4.630,36.182,31.552,2.479,-5.849,8.328
mp-aaaabdrv,55.843,100.791,44.948,37.641,41.081,3.440
mp-aaaabdry,73.046,91.178,18.132,43.448,49.334,5.886
mp-aaaabdsd,221.539,29.045,192.494,-54.209,-34.067,20.142
mp-aaaabdsf,69.255,50.284,18.971,16.907,16.993,0.086
mp-aaaabdsk,171.742,163.783,7.959,60.769,68.930,8.161
mp-aaaabdsl,110.432,100.050,10.382,61.217,71.711,10.494
mp-aaaabdso,66.375,75.605,9.230,50.437,58.172,7.735
mp-aaaabdsz,163.949,151.817,12.132,,,
mp-aaaabdta,85.368,73.060,12.308,43.424,50.227,6.803
mp-aaaabdti,41.162,44.866,3.704,21.469,23.026,1.557
mp-aaaabdto,161.837,141.089,20.748,67.389,69.507,2.118
mp-aaaabdtr,100.771,99.216,1.555,44.183,39.647,4.536
mp-aaaabdtw,112.111,123.798,11.687,64.910,45.883,19.027
mp-aaaabdty,81.505,85.429,3.924,54.729,46.591,8.138
mp-aaaabdub,101.405,88.194,13.211,15.334,34.407,19.073
mp-aaaabdue,63.082,80.994,17.912,33.490,37.765,4.275
mp-aaaabduh,54.648,47.586,7.062,29.977,27.095,2.882
mp-aaaabduj,283.872,270.434,13.438,160.729,152.103,8.626
mp-aaaabdum,24.299,52.333,28.034,13.484,12.834,0.650
mp-aaaabduu,214.246,178.024,36.222,115.435,124.939,9.504
mp-aaaabduv,182.718,164.878,17.840,87.666,94.956,7.290
mp-aaaabduw,134.490,119.400,15.090,59.967,48.154,11.813
mp-aaaabdux,174.291,116.187,58.104,111.101,101.470,9.631
mp-aaaabdvb,55.443,83.632,28.189,38.376,36.643,1.733
mp-aaaabdvf,103.565,103.559,0.006,55.693,57.920,2.227
mp-aaaabdvi,134.544,136.822,2.278,28.736,41.868,13.132
mp-aaaabdvy,96.833,100.624,3.791,50.419,54.432,4.013
mp-aaaabdwf,115.855,119.599,3.744,71.811,33.714,38.097
mp-aaaabdwj,96.168,96.532,0.364,62.894,56.193,6.701
mp-aaaabdwp,200.155,180.458,19.697,115.548,95.564,19.984
mp-aaaabdwq,163.306,140.639,22.667,85.586,79.307,6.279
mp-aaaabdwr,205.750,186.438,19.312,122.306,117.511,4.795
mp-aaaabdws,170.992,193.325,22.333,73.939,56.435,17.504
mp-aaaabdwt,59.796,72.162,12.366,28.945,34.612,5.667
mp-aaaabdwu,32.222,43.143,10.921,20.449,14.837,5.612
mp-aaaabdwv,183.799,163.439,20.360,120.232,124.383,4.151
mp-aaaabdwz,61.258,67.405,6.147,43.259,27.816,15.443
mp-aaaabdxa,73.432,86.049,12.618,49.190,51.270,2.080
mp-aaaabdxb,104.956,126.995,22.039,25.421,67.627,42.206
mp-aaaabdxe,65.840,50.841,14.999,31.631,23.370,8.261
mp-aaaabdxj,227.244,168.504,58.740,100.274,92.592,7.682
mp-aaaabdxm,83.085,44.381,38.704,52.872,35.227,17.645
mp-aaaabdxx,50.804,84.667,33.863,18.878,20.370,1.492
mp-aaaabdxz,47.234,77.721,30.487,34.395,48.404,14.009
mp-aaaabdya,157.338,144.721,12.617,37.296,42.232,4.936
mp-aaaabdyb,34.955,93.912,58.957,9.831,9.868,0.037
mp-aaaabdyf,40.380,43.034,2.654,24.968,22.471,2.497
mp-aaaabdyh,42.796,63.608,20.812,33.947,36.387,2.440
mp-aaaabdyj,160.052,131.829,28.223,49.515,69.151,19.636
mp-aaaabdyk,145.046,136.581,8.465,72.532,39.138,33.394
mp-aaaabdyr,82.529,111.023,28.494,33.359,58.069,24.710
mp-aaaabdyv,201.268,190.485,10.783,108.089,101.654,6.435
mp-aaaabdzb,147.728,135.216,12.512,77.370,89.189,11.819
mp-aaaabdzd,87.148,101.229,14.081,28.112,29.232,1.120
mp-aaaabdzh,32.669,31.529,1.140,19.199,17.989,1.210
mp-aaaabdzj,34.020,27.442,6.578,15.815,16.856,1.041
mp-aaaabdzk,109.098,127.138,18.040,11.686,44.463,32.777
mp-aaaabdzl,81.018,83.458,2.440,28.966,43.178,14.212
mp-aaaabdzo,150.678,138.811,11.867,68.935,71.343,2.408
mp-aaaabdzp,123.891,141.927,18.036,21.757,10.240,11.517
mp-aaaabdzv,70.170,88.539,18.369,18.402,31.339,12.937
mp-aaaabdzw,78.546,68.706,9.840,42.193,37.159,5.034
mp-aaaabdzy,197.749,230.709,32.960,,,
mp-aaaabeab,146.120,185.986,39.866,72.446,70.890,1.556
mp-aaaabeae,77.680,72.216,5.464,-59.623,-1.030,58.593
mp-aaaabeai,97.581,108.128,10.547,15.484,24.619,9.135
mp-aaaabeak,69.232,56.299,12.933,45.363,44.089,1.274
mp-aaaabeas,55.174,54.422,0.752,21.916,18.844,3.072
mp-aaaabeay,216.587,264.537,47.950,120.735,111.061,9.674
mp-aaaabeaz,48.543,44.976,3.567,25.680,27.134,1.454
mp-aaaabebe,29.929,23.605,6.324,13.618,18.735,5.117
mp-aaaabebf,21.309,89.128,67.819,13.304,13.129,0.175
mp-aaaabebm,301.039,242.324,58.715,168.637,141.985,26.652
mp-aaaabebo,14.809,11.906,2.903,12.459,4.958,7.501
mp-aaaabebv,131.512,130.945,0.567,89.952,97.375,7.423
mp-aaaabebw,64.012,64.137,0.125,14.148,-0.333,14.481
mp-aaaabebx,108.417,81.908,26.509,31.048,36.192,5.144
mp-aaaabecb,53.092,80.502,27.410,31.081,58.722,27.641
mp-aaaabecd,227.683,149.593,78.090,,,
mp-aaaabecf,118.685,89.084,29.601,34.182,50.797,16.615
mp-aaaabecg,114.955,114.126,0.829,72.193,56.632,15.561
mp-aaaabeci,109.129,77.775,31.354,53.655,60.301,6.646
mp-aaaabecl,40.105,81.120,41.015,13.280,24.749,11.469
mp-aaaabecm,175.908,189.967,14.059,71.192,26.254,44.938
mp-aaaabecs,153.834,134.115,19.719,63.790,48.037,15.753
mp-aaaabect,59.350,56.985,2.365,31.656,32.429,0.773
mp-aaaabecu,87.964,70.688,17.276,35.899,61.210,25.311
mp-aaaabecw,77.255,79.977,2.722,49.889,26.076,23.813
mp-aaaabecy,78.176,87.287,9.111,22.121,19.289,2.832
mp-aaaabeda,35.525,84.261,48.736,34.562,7.689,26.873
mp-aaaabedf,103.688,99.793,3.895,34.754,40.664,5.910
mp-aaaabedo,34.679,41.846,7.167,23.828,21.795,2.033
mp-aaaabedp,241.093,223.319,17.774,96.294,128.720,32.426
mp-aaaabedv,47.183,73.716,26.533,-44.671,-17.192,27.479
mp-aaaabeea,77.050,78.901,1.851,45.902,45.711,0.191
mp-aaaabeeb,63.104,53.126,9.978,44.171,38.188,5.983
mp-aaaabeef,23.527,38.016,14.489,10.909,12.179,1.270
mp-aaaabeel,183.377,181.716,1.661,76.499,80.819,4.320
mp-aaaabeeq,122.450,139.034,16.584,15.575,46.171,30.596
mp-aaaabeer,139.708,141.624,1.916,88.210,99.799,11.589
mp-aaaabeev,113.090,134.317,21.227,78.828,69.606,9.222
mp-aaaabeey,22.152,18.480,3.672,13.508,10.092,3.416
mp-aaaabefb,121.500,82.368,39.132,51.744,41.082,10.662
mp-aaaabefi,220.895,237.003,16.108,74.351,89.810,15.459
mp-aaaabefm,11.679,67.601,55.922,9.709,35.888,26.179
mp-aaaabefn,35.011,80.237,45.226,9.034,14.011,4.977
mp-aaaabefp,175.278,90.931,84.347,54.819,63.782,8.963
mp-aaaabefq,136.130,183.941,47.811,27.967,45.639,17.672
mp-aaaabefu,40.950,101.047,60.097,6.322,6.525,0.203
mp-aaaabefw,141.838,187.793,45.955,26.348,42.359,16.011
mp-aaaabega,234.349,230.678,3.671,118.177,106.006,12.171
mp-aaaabegc,19.367,56.742,37.375,33.153,22.642,10.511
mp-aaaabegd,55.790,65.183,9.393,34.493,37.865,3.372
mp-aaaabege,141.181,127.521,13.660,41.266,46.869,5.603
mp-aaaabegk,177.192,162.341,14.851,4.648,13.643,8.995
mp-aaaabegq,30.681,41.632,10.951,20.078,18.118,1.960
mp-aaaabegr,78.539,136.158,57.619,-1.998,-28.181,26.183
mp-aaaabegu,98.035,89.548,8.487,38.025,32.879,5.146
mp-aaaabegv,73.875,62.630,11.245,38.448,40.561,2.113
mp-aaaabegw,53.788,75.514,21.726,9.287,24.848,15.561
mp-aaaabegx,65.557,113.651,48.094,40.241,49.730,9.489
mp-aaaabehb,51.780,23.844,27.936,19.973,19.392,0.581
mp-aaaabehd,110.797,80.408,30.389,51.467,49.867,1.600
mp-aaaabehe,135.271,139.795,4.524,57.920,60.220,2.300
mp-aaaabehh,38.382,45.367,6.985,21.040,18.386,2.654
mp-aaaabehl,137.679,133.279,4.400,39.980,55.188,15.208
mp-aaaabehm,70.597,80.079,9.482,27.746,34.467,6.721
mp-aaaabehr,47.444,54.899,7.455,27.899,28.436,0.537
mp-aaaabeht,129.866,112.287,17.579,28.853,14.554,14.299
mp-aaaabehv,39.516,58.355,18.839,11.204,2.932,8.272
mp-aaaabehw,55.127,102.412,47.285,-37.207,17.751,54.958
mp-aaaabehx,10.288,29.141,18.853,8.123,15.207,7.084
mp-aaaabehz,40.212,49.094,8.882,15.802,22.191,6.389
mp-aaaabeib,105.376,76.621,28.755,50.244,57.291,7.047
mp-aaaabeic,82.249,86.109,3.860,33.482,29.107,4.375
mp-aaaabeid,70.523,47.916,22.607,26.891,26.133,0.758
mp-aaaabeie,147.712,139.753,7.959,73.900,80.189,6.289
mp-aaaabeih,43.912,61.388,17.476,200.977,8.337,192.640
mp-aaaabeij,58.263,78.205,19.942,26.933,25.463,1.470
mp-aaaabeil,71.369,52.757,18.612,31.493,34.541,3.048
mp-aaaabeiy,90.749,127.642,36.893,107.873,37.464,70.409
mp-aaaabejh,141.942,147.493,5.551,29.805,29.077,0.728
mp-aaaabeji,66.924,64.357,2.567,31.852,38.048,6.196
mp-aaaabejj,98.071,111.613,13.542,-30.406,11.768,42.174
mp-aaaabejl,63.477,97.541,34.064,28.551,34.050,5.499
mp-aaaabejr,57.838,103.204,45.366,35.525,39.173,3.648
mp-aaaabejt,55.359,66.200,10.841,26.311,28.151,1.840
mp-aaaabeju,-0.000,41.712,41.712,12.136,23.424,11.288
mp-aaaabejw,125.544,124.611,0.933,73.734,53.737,19.997
mp-aaaabekb,206.579,217.903,11.324,103.941,103.599,0.342
mp-aaaabekc,100.458,80.577,19.881,62.794,50.759,12.035
mp-aaaabekf,71.506,73.964,2.458,26.458,36.457,9.999
mp-aaaabekj,38.108,48.917,10.809,18.658,23.924,5.266
mp-aaaabekm,155.123,174.227,19.104,75.452,105.663,30.211
mp-aaaabeko,42.952,53.238,10.286,14.658,16.253,1.595
mp-aaaabekp,32.491,63.103,30.612,14.898,14.290,0.608
mp-aaaabekr,104.111,101.698,2.413,62.677,59.394,3.283
mp-aaaabeku,16.621,67.930,51.309,11.772,29.155,17.383
mp-aaaabekx,76.172,82.880,6.708,35.045,46.356,11.311
mp-aaaabekz,149.075,162.598,13.523,63.031,72.619,9.588
mp-aaaabela,37.336,30.969,6.367,0.611,9.523,8.912
mp-aaaabelb,115.246,108.404,6.842,46.408,53.778,7.370
mp-aaaabelp,24.386,10.418,13.968,12.365,10.686,1.679
mp-aaaabelq,49.919,56.316,6.397,20.995,12.095,8.900
mp-aaaabelu,216.418,191.176,25.242,94.021,98.531,4.510
mp-aaaabely,44.762,54.888,10.126,26.550,27.971,1.421
mp-aaaabemd,61.992,83.277,21.285,42.250,35.530,6.720
mp-aaaabeme,186.818,133.266,53.552,66.072,80.613,14.541
mp-aaaabemh,65.662,73.619,7.957,17.014,15.054,1.960
mp-aaaabemj,47.766,74.721,26.955,8.571,17.648,9.077
mp-aaaabemn,26.314,68.114,41.800,10.896,-3.968,14.864
mp-aaaabemu,23.526,47.880,24.354,22.440,26.478,4.038
mp-aaaabena,142.289,114.968,27.321,61.852,89.217,27.365
mp-aaaabenb,133.533,148.193,14.660,57.121,55.145,1.976
mp-aaaabene,160.007,152.777,7.230,44.115,49.587,5.472
mp-aaaabenf,14.761,83.333,68.572,5.221,5.204,0.017
mp-aaaabenj,66.775,89.182,22.407,50.449,37.973,12.476
mp-aaaabeno,83.105,60.725,22.380,43.833,38.249,5.584
mp-aaaabenp,103.849,91.055,12.794,39.538,54.044,14.506
mp-aaaabeoe,244.406,190.300,54.106,119.660,120.469,0.809
mp-aaaabeos,60.455,71.735,11.280,29.701,33.773,4.072
mp-aaaabeot,68.880,52.458,16.422,45.973,49.460,3.487
mp-aaaabeou,82.893,53.319,29.574,29.216,20.579,8.637
mp-aaaabepe,107.520,115.100,7.580,55.659,48.305,7.354
mp-aaaabepj,198.668,143.843,54.825,86.710,98.406,11.696
mp-aaaabepn,73.545,93.766,20.221,16.086,21.219,5.133
mp-aaaabepo,31.769,93.135,61.366,9.570,11.582,2.012
mp-aaaabepp,229.213,233.630,4.417,133.080,129.260,3.820
mp-aaaabepq,55.238,47.409,7.829,26.456,24.498,1.958
mp-aaaabept,241.544,230.950,10.594,170.502,168.035,2.467
mp-aaaabepu,86.250,104.393,18.143,46.560,56.399,9.839
mp-aaaabepz,96.578,94.408,2.170,51.211,40.100,11.111
mp-aaaabeqb,133.345,113.003,20.342,55.766,51.765,4.001
mp-aaaabeqc,48.848,90.853,42.005,30.049,58.016,27.967
mp-aaaabeqm,60.931,95.033,34.102,27.627,31.203,3.576
mp-aaaabeqp,142.782,192.220,49.438,34.230,53.929,19.699
mp-aaaabeqs,91.182,113.167,21.985,56.905,57.811,0.906
mp-aaaabequ,35.364,29.370,5.994,7.251,23.616,16.365
mp-aaaaberc,34.401,49.180,14.779,21.217,12.502,8.715
mp-aaaaberd,114.693,105.678,9.015,46.309,53.106,6.797
mp-aaaaberh,49.718,50.893,1.175,29.861,19.127,10.734
mp-aaaaberi,161.751,136.779,24.972,81.160,85.691,4.531
mp-aaaaberj,23.239,27.735,4.496,13.929,20.622,6.693
mp-aaaaberl,151.348,192.730,41.382,78.089,74.036,4.053
mp-aaaabern,38.321,58.569,20.248,33.177,35.466,2.289
mp-aaaabero,31.937,43.815,11.878,32.268,16.217,16.051
mp-aaaaberq,185.120,167.473,17.647,124.055,129.892,5.837
mp-aaaaberw,140.627,115.449,25.178,53.067,49.984,3.083
mp-aaaaberx,38.724,54.806,16.082,11.459,4.689,6.770
mp-aaaabesc,39.692,94.371,54.679,9.784,4.370,5.414
mp-aaaabesf,171.563,120.155,51.408,77.456,75.379,2.077
mp-aaaabesg,47.381,52.466,5.085,27.191,33.980,6.789
mp-aaaabesj,111.840,129.866,18.026,63.400,74.081,10.681
mp-aaaabesm,39.889,34.797,5.092,15.239,16.261,1.022
mp-aaaabesn,61.994,104.447,42.453,33.990,38.838,4.848
mp-aaaabess,81.668,73.506,8.162,43.907,35.759,8.148
mp-aaaabesu,57.711,93.679,35.968,-28.210,1.547,29.757
mp-aaaabetd,100.361,94.292,6.069,52.148,48.426,3.722
mp-aaaabeti,23.297,29.033,5.736,11.157,5.383,5.774
mp-aaaabetl,124.467,118.285,6.182,47.545,33.116,14.429
mp-aaaabetn,280.840,297.497,16.657,142.250,142.307,0.057
mp-aaaabetq,15.077,18.858,3.781,11.744,0.783,10.961
mp-aaaabetr,98.235,131.536,33.301,10.115,62.645,52.530
mp-aaaabett,16.854,50.046,33.192,12.987,23.122,10.135
mp-aaaabetw,196.047,161.482,34.565,7.245,21.023,13.778
mp-aaaabeua,81.529,66.236,15.293,44.771,29.538,15.233
mp-aaaabeub,67.719,68.208,0.489,18.833,32.103,13.270
mp-aaaabeum,158.992,161.095,2.103,95.097,93.356,1.741
mp-aaaabeuo,175.354,159.810,15.544,114.935,105.785,9.150
mp-aaaabeup,24.569,57.222,32.653,9.600,19.297,9.697
mp-aaaabeur,120.097,79.502,40.595,66.408,63.960,2.448
mp-aaaabeuu,30.668,85.117,54.449,10.034,28.441,18.407
mp-aaaabeuv,97.898,61.848,36.050,46.799,38.317,8.482
mp-aaaabeuw,81.024,88.793,7.769,46.765,55.813,9.048
mp-aaaabeva,12.527,66.669,54.142,9.402,14.450,5.048
mp-aaaabevc,172.406,156.359,16.047,43.661,69.775,26.114
mp-aaaabevg,23.091,37.554,14.463,14.549,9.215,5.334
mp-aaaabevo,166.928,157.621,9.307,81.836,80.763,1.073
mp-aaaabevp,108.746,96.694,12.052,57.480,45.442,12.038
mp-aaaabevs,81.322,69.761,11.561,17.296,42.544,25.248
mp-aaaabevv,106.614,108.565,1.951,50.343,47.778,2.565
mp-aaaabevx,129.070,124.828,4.242,42.248,58.301,16.053
mp-aaaabewf,308.915,317.343,8.428,149.359,153.752,4.393
mp-aaaabewi,215.893,104.214,111.679,120.102,67.325,52.777
mp-aaaabewj,157.411,158.841,1.430,86.842,92.994,6.152
mp-aaaabewk,109.411,65.785,43.626,55.110,44.819,10.291
mp-aaaabewm,122.027,159.650,37.623,22.620,34.575,11.955
mp-aaaabewn,66.035,55.650,10.385,45.214,52.178,6.964
mp-aaaabewo,101.132,184.232,83.100,47.092,80.640,33.548
mp-aaaabewq,259.462,208.890,50.572,135.348,110.231,25.117
mp-aaaabewu,33.025,58.982,25.957,5.340,19.696,14.356
mp-aaaabeww,143.683,163.435,19.752,107.737,96.275,11.462
mp-aaaabexf,116.858,159.941,43.083,48.902,43.830,5.072
mp-aaaabexj,94.914,111.888,16.974,51.156,51.700,0.544
mp-aaaabexl,103.632,134.490,30.858,-13.882,-1.309,12.573
mp-aaaabexo,195.860,145.821,50.039,119.784,115.422,4.362
mp-aaaabexr,83.600,105.193,21.593,19.027,31.837,12.810
mp-aaaabext,93.404,109.873,16.469,48.754,43.569,5.185
mp-aaaabexu,64.011,75.804,11.793,18.398,21.644,3.246
mp-aaaabexw,90.479,61.558,28.921,25.292,19.670,5.622
mp-aaaabexx,96.857,42.366,54.491,38.657,42.074,3.417
mp-aaaabexz,52.620,51.123,1.497,30.543,23.332,7.211
mp-aaaabeyb,193.971,84.725,109.246,139.154,124.880,14.274
mp-aaaabeyc,147.431,133.684,13.747,58.450,63.394,4.944
mp-aaaabeye,163.414,140.250,23.164,126.426,107.266,19.160
mp-aaaabeyj,90.780,74.580,16.200,13.408,33.953,20.545
mp-aaaabeyq,55.261,49.941,5.320,31.329,30.641,0.688
mp-aaaabeys,44.205,64.433,20.228,19.481,13.698,5.783
mp-aaaabeyu,177.230,118.782,58.448,89.691,69.857,19.834
mp-aaaabeyy,111.249,125.903,14.654,77.964,64.614,13.350
mp-aaaabeza,121.570,73.407,48.163,33.594,45.360,11.766
mp-aaaabezc,215.347,165.772,49.575,97.397,95.735,1.662
mp-aaaabezd,121.349,118.154,3.195,58.575,54.991,3.584
mp-aaaabezf,160.406,154.520,5.886,64.039,73.063,9.024
mp-aaaabezh,319.679,222.266,97.413,168.003,182.213,14.210
mp-aaaabezj,47.139,71.530,24.391,8.839,18.103,9.264
mp-aaaabezk,146.930,143.350,3.580,62.805,44.798,18.007
mp-aaaabezl,61.685,52.051,9.634,41.165,26.072,15.093
mp-aaaabezn,40.408,28.432,11.976,9.136,9.061,0.075
mp-aaaabezo,91.606,72.609,18.997,44.253,55.014,10.761
mp-aaaabezt,162.799,149.972,12.827,86.459,87.632,1.173
mp-aaaabezu,137.703,127.219,10.484,39.837,39.854,0.017
mp-aaaabezw,126.650,126.877,0.227,59.365,62.831,3.466
mp-aaaabfad,62.668,80.925,18.257,39.629,33.903,5.726
mp-aaaabfaj,-32.809,51.887,84.696,147.543,46.624,100.919
mp-aaaabfao,26.873,33.295,6.422,16.610,17.011,0.401
mp-aaaabfap,198.870,166.374,32.496,57.089,55.563,1.526
mp-aaaabfaw,41.581,105.570,63.989,12.506,10.937,1.569
mp-aaaabfbf,63.260,72.284,9.024,42.778,43.707,0.929
mp-aaaabfbi,72.128,61.127,11.001,49.169,39.734,9.435
mp-aaaabfbm,255.403,151.362,104.041,113.660,114.666,1.006
mp-aaaabfbp,116.101,101.120,14.981,40.305,57.711,17.406
mp-aaaabfbq,29.742,23.236,6.506,24.614,22.709,1.905
mp-aaaabfbr,65.083,57.595,7.488,41.796,33.490,8.306
mp-aaaabfbs,115.114,96.801,18.313,63.746,58.466,5.280
mp-aaaabfbv,122.595,144.199,21.604,74.404,61.320,13.084
mp-aaaabfbx,104.041,54.240,49.801,18.822,18.958,0.136
mp-aaaabfbz,103.847,102.485,1.362,51.350,39.059,12.291
mp-aaaabfca,190.994,204.893,13.899,85.736,78.149,7.587
mp-aaaabfce,198.297,226.802,28.505,76.444,91.657,15.213
mp-aaaabfcf,24.507,91.674,67.167,-2.748,10.067,12.815
mp-aaaabfcj,77.789,74.335,3.454,58.485,51.497,6.988
mp-aaaabfcm,96.410,65.220,31.190,40.606,39.364,1.242
mp-aaaabfco,75.749,68.015,7.734,52.058,43.390,8.668
mp-aaaabfcp,157.860,183.279,25.419,116.018,124.773,8.755
mp-aaaabfcq,47.596,58.368,10.772,23.163,22.246,0.917
mp-aaaabfcs,71.969,69.639,2.330,18.408,32.090,13.682
mp-aaaabfct,66.900,63.316,3.584,26.547,24.175,2.372
mp-aaaabfcu,42.482,106.439,63.957,12.995,9.708,3.287
mp-aaaabfcv,59.663,55.064,4.599,17.086,17.675,0.589
mp-aaaabfcw,116.002,97.168,18.834,27.179,34.186,7.007
mp-aaaabfcx,141.216,117.834,23.382,29.434,24.018,5.416
mp-aaaabfdb,94.605,90.429,4.176,76.167,68.273,7.894
mp-aaaabfde,75.386,79.620,4.234,40.184,43.069,2.885
mp-aaaabfdg,158.937,138.955,19.982,87.954,68.571,19.383
mp-aaaabfdj,77.371,-16.809,94.180,29.602,14.498,15.104
mp-aaaabfdo,198.838,193.179,5.659,139.444,139.379,0.065
mp-aaaabfdu,84.625,79.911,4.714,40.129,32.586,7.543
mp-aaaabfef,108.341,88.969,19.372,82.444,90.437,7.993
mp-aaaabfeh,94.727,75.414,19.313,47.368,45.061,2.307
mp-aaaabfej,131.731,133.419,1.688,50.299,47.293,3.006
mp-aaaabfep,239.071,246.537,7.466,177.337,156.424,20.913
mp-aaaabfes,166.230,191.491,25.261,69.592,30.345,39.247
mp-aaaabfet,132.270,175.291,43.021,58.586,56.547,2.039
mp-aaaabffb,97.753,101.678,3.925,28.717,33.197,4.480
mp-aaaabffe,116.642,138.359,21.717,56.472,55.631,0.841
mp-aaaabffg,169.516,115.500,54.016,42.474,41.682,0.792
mp-aaaabffk,42.158,76.991,34.833,35.285,44.576,9.291
mp-aaaabffm,58.263,89.645,31.382,16.258,3.529,12.729
mp-aaaabffs,113.876,97.831,16.045,48.717,53.890,5.173
mp-aaaabffw,149.256,125.808,23.448,9.664,3.137,6.527
mp-aaaabffx,70.525,73.549,3.024,25.994,44.919,18.925
mp-aaaabfgb,129.611,125.256,4.355,49.230,44.495,4.735
mp-aaaabfgd,69.426,77.837,8.411,39.155,35.006,4.149
mp-aaaabfgf,117.621,149.185,31.564,74.651,74.500,0.151
mp-aaaabfgm,52.456,60.533,8.077,26.341,24.046,2.295
mp-aaaabfgq,18.661,53.884,35.223,8.672,3.875,4.797
mp-aaaabfgx,71.496,55.763,15.733,41.666,31.576,10.090
mp-aaaabfhb,42.268,38.691,3.577,29.863,30.673,0.810
mp-aaaabfhc,-34.575,77.433,112.008,8.211,13.617,5.406
mp-aaaabfhd,134.088,166.491,32.403,-20.908,44.463,65.371
mp-aaaabfhf,72.137,72.575,0.438,11.588,26.017,14.429
mp-aaaabfhl,156.341,168.464,12.123,93.602,67.082,26.520
mp-aaaabfht,108.787,94.629,14.158,61.869,43.198,18.671
mp-aaaabfhu,80.506,91.151,10.645,60.666,40.456,20.210
mp-aaaabfhz,199.750,201.623,1.873,47.080,41.915,5.165
mp-aaaabfia,67.988,78.679,10.691,19.913,27.947,8.034
mp-aaaabfid,191.012,185.061,5.951,38.833,51.742,12.909
mp-aaaabfie,46.089,60.500,14.411,32.199,21.659,10.540
mp-aaaabfih,186.181,178.630,7.551,85.891,93.697,7.806
mp-aaaabfil,192.999,162.502,30.497,39.868,50.260,10.392
mp-aaaabfiv,53.243,69.752,16.509,21.626,35.218,13.592
mp-aaaabfiw,48.132,99.307,51.175,-4.259,-11.862,7.603
mp-aaaabfiy,71.273,93.118,21.845,15.258,21.811,6.553
mp-aaaabfjc,78.620,87.984,9.364,22.205,33.482,11.277
mp-aaaabfje,82.192,140.636,58.444,42.405,32.419,9.986
mp-aaaabfjh,53.471,56.486,3.015,31.022,21.418,9.604
mp-aaaabfji,72.208,77.723,5.515,41.882,36.578,5.304
mp-aaaabfjk,75.088,56.315,18.773,49.643,32.277,17.366
mp-aaaabfjl,100.405,97.268,3.137,48.952,34.830,14.122
mp-aaaabfjm,44.614,49.321,4.707,24.021,28.836,4.815
mp-aaaabfjq,37.775,62.249,24.474,6.307,25.102,18.795
mp-aaaabfjv,160.068,153.504,6.564,63.718,68.491,4.773
mp-aaaabfjy,56.543,32.592,23.951,13.524,8.980,4.544
mp-aaaabfjz,110.790,109.137,1.653,29.490,29.154,0.336
mp-aaaabfkt,187.236,141.506,45.730,81.286,40.573,40.713
mp-aaaabfku,79.315,71.529,7.786,31.085,24.773,6.312
mp-aaaabfkv,156.743,179.200,22.457,83.056,89.992,6.936
mp-aaaabfky,142.427,135.208,7.219,86.630,87.534,0.904
mp-aaaabfla,30.798,33.128,2.330,25.544,19.642,5.902
mp-aaaabflg,244.124,227.182,16.942,121.830,115.509,6.321
mp-aaaabflh,89.902,96.441,6.539,56.086,62.272,6.186
mp-aaaabflj,20.367,72.082,51.715,-18.302,39.505,57.807
mp-aaaabfll,17.650,32.771,15.121,12.637,14.757,2.120
mp-aaaabfln,156.708,165.636,8.928,82.565,64.439,18.126
mp-aaaabfls,95.179,124.371,29.192,53.266,41.552,11.714
mp-aaaabflw,359.603,292.885,66.718,,,
mp-aaaabfmd,67.272,63.701,3.571,31.756,37.996,6.240
mp-aaaabfme,92.177,107.117,14.940,58.842,53.035,5.807
mp-aaaabfmf,18.220,94.943,76.723,12.678,7.679,4.999
mp-aaaabfmi,61.181,30.116,31.065,10.789,14.751,3.962
mp-aaaabfmn,133.860,98.450,35.410,65.888,56.991,8.897
mp-aaaabfms,145.917,154.971,9.054,63.269,65.682,2.413
mp-aaaabfmv,100.968,127.203,26.235,33.181,31.719,1.462
mp-aaaabfmw,103.020,107.527,4.507,38.221,32.818,5.403
mp-aaaabfna,53.665,37.494,16.171,27.105,29.604,2.499
mp-aaaabfnc,12.723,74.061,61.338,4.893,7.840,2.947
mp-aaaabfnd,68.495,79.283,10.788,45.755,55.153,9.398
mp-aaaabfnh,128.198,113.697,14.501,59.957,56.920,3.037
mp-aaaabfnm,185.534,169.155,16.379,100.664,99.023,1.641
mp-aaaabfnp,122.031,95.191,26.840,61.486,57.052,4.434
mp-aaaabfnw,258.184,292.732,34.548,125.054,123.835,1.219
mp-aaaabfny,74.915,83.238,8.323,19.891,4.821,15.070
mp-aaaabfob,66.359,32.170,34.189,30.223,34.119,3.896
mp-aaaabfof,16.347,41.325,24.978,9.297,7.170,2.127
mp-aaaabfoi,101.827,96.496,5.331,9.431,55.312,45.881
mp-aaaabfoq,254.448,212.916,41.532,143.287,143.663,0.376
mp-aaaabfou,176.040,150.868,25.172,79.095,70.786,8.309
mp-aaaabfow,162.896,170.298,7.402,5.122,-22.223,27.345
mp-aaaabfox,172.630,170.582,2.048,117.511,102.159,15.352
mp-aaaabfoz,63.487,77.392,13.905,39.804,25.087,14.717
mp-aaaabfpb,299.575,266.944,32.631,177.920,184.487,6.567
mp-aaaabfpr,97.721,120.337,22.616,54.466,54.215,0.251
mp-aaaabfpu,113.282,143.018,29.736,47.997,55.419,7.422
mp-aaaabfpz,216.773,212.999,3.774,113.415,111.875,1.540
mp-aaaabfqa,119.689,133.223,13.534,66.587,79.290,12.703
mp-aaaabfqc,20.890,32.743,11.853,12.794,7.557,5.237
mp-aaaabfqe,155.352,130.715,24.637,-0.088,50.457,50.545
mp-aaaabfqf,36.460,27.730,8.730,22.798,18.896,3.902
mp-aaaabfqj,58.108,106.942,48.834,20.125,20.624,0.499
mp-aaaabfqk,75.399,96.491,21.092,46.845,47.106,0.261
mp-aaaabfqn,105.586,88.394,17.192,55.446,51.830,3.616
mp-aaaabfqq,97.198,91.880,5.318,40.432,54.630,14.198
mp-aaaabfqt,61.193,62.710,1.517,24.866,23.157,1.709
mp-aaaabfrb,76.858,82.374,5.516,36.440,47.084,10.644
mp-aaaabfrc,130.246,136.237,5.991,34.540,33.262,1.278
mp-aaaabfrp,16.708,40.015,23.307,9.385,13.786,4.401
mp-aaaabfrr,114.065,118.358,4.293,46.800,54.185,7.385
mp-aaaabfru,59.750,120.779,61.029,15.121,15.534,0.413
mp-aaaabfry,141.273,135.505,5.768,58.224,57.805,0.419
mp-aaaabfsb,116.316,99.161,17.155,51.159,30.200,20.959
mp-aaaabfsg,39.636,80.802,41.166,20.904,8.899,12.005
mp-aaaabfsh,55.314,48.293,7.021,30.395,29.873,0.522
mp-aaaabfsi,45.604,71.918,26.314,15.239,17.107,1.868
mp-aaaabfsj,81.218,94.601,13.383,52.977,46.840,6.137
mp-aaaabfsq,189.979,178.848,11.131,93.389,97.647,4.258
mp-aaaabfst,77.426,74.518,2.908,29.445,23.555,5.890
mp-aaaabfsv,84.511,65.824,18.687,35.548,51.973,16.425
mp-aaaabfsx,183.709,177.047,6.662,99.048,98.374,0.674
mp-aaaabfsz,233.807,186.079,47.728,118.544,133.611,15.067
mp-aaaabftf,177.251,177.713,0.462,105.877,70.929,34.948
mp-aaaabfto,352.135,292.589,59.546,122.896,148.061,25.165
mp-aaaabftr,165.425,150.994,14.431,77.267,76.016,1.251
mp-aaaabfts,48.478,48.823,0.345,11.144,18.575,7.431
mp-aaaabftt,178.311,176.660,1.651,71.090,46.307,24.783
mp-aaaabftv,67.093,88.939,21.846,39.305,53.581,14.276
mp-aaaabfua,240.287,240.101,0.186,88.269,113.851,25.582
mp-aaaabfub,22.069,26.667,4.598,12.400,17.249,4.849
mp-aaaabfud,64.429,76.821,12.392,36.531,25.385,11.146
mp-aaaabfuf,42.807,47.402,4.595,21.821,29.049,7.228
mp-aaaabfuh,41.855,43.536,1.681,19.312,16.717,2.595
mp-aaaabfui,76.629,85.413,8.784,50.621,37.693,12.928
mp-aaaabfuo,77.982,85.815,7.833,32.062,28.705,3.357
mp-aaaabfur,92.095,67.448,24.647,56.915,36.187,20.728
mp-aaaabfus,24.751,101.623,76.872,0.780,34.680,33.900
mp-aaaabfut,238.171,214.958,23.213,144.123,117.436,26.687
mp-aaaabfvb,54.137,47.504,6.633,40.499,21.779,18.720
mp-aaaabfvd,63.551,57.770,5.781,31.320,39.241,7.921
mp-aaaabfvg,81.155,77.594,3.561,29.744,36.042,6.298
mp-aaaabfvh,49.819,53.957,4.138,34.362,31.656,2.706
mp-aaaabfvt,35.148,48.146,12.998,13.531,14.930,1.399
mp-aaaabfzd,67.221,86.228,19.007,34.378,39.545,5.167
mp-aaaabgbe,180.482,157.653,22.829,,,
mp-aaaabgfd,98.118,50.925,47.193,27.039,29.644,2.605
mp-aaaabgie,51.996,66.526,14.530,27.469,8.595,18.874
mp-aaaabgif,166.438,169.109,2.671,69.408,46.981,22.427
mp-aaaabgih,9.764,37.421,27.657,10.135,13.234,3.099
mp-aaaabgii,396.655,96.493,300.162,,,
mp-aaaabgik,293.392,155.126,138.266,143.270,77.497,65.773
mp-aaaabgil,163.928,189.857,25.929,77.404,70.693,6.711
mp-aaaabgio,35.396,80.446,45.050,9.014,12.039,3.025
mp-aaaabgip,35.323,88.268,52.945,20.988,29.323,8.335
mp-aaaabgit,82.504,82.959,0.455,23.800,45.375,21.575
mp-aaaabgiv,147.302,140.549,6.753,62.890,53.359,9.531
mp-aaaabgiw,274.660,227.358,47.302,160.459,128.888,31.571
mp-aaaabgix,58.500,80.982,22.482,17.584,24.571,6.987
mp-aaaabgiz,114.606,104.385,10.221,-30.998,17.156,48.154
mp-aaaabgjh,105.659,117.678,12.019,57.182,64.981,7.799
mp-aaaabgjj,96.804,83.808,12.996,29.546,27.356,2.190
mp-aaaabgjn,137.231,86.200,51.031,62.307,61.108,1.199
mp-aaaabgjr,222.851,205.154,17.697,122.941,113.538,9.403
mp-aaaabgjv,79.888,77.811,2.077,27.594,23.182,4.412
mp-aaaabgjw,40.815,95.785,54.970,8.526,15.856,7.330
mp-aaaabgjy,69.818,107.189,37.371,39.380,61.712,22.332
mp-aaaabgkb,49.969,30.357,19.612,24.456,21.664,2.792
mp-aaaabgkc,69.115,79.393,10.278,46.562,39.640,6.922
mp-aaaabgkp,151.910,127.146,24.764,96.024,122.341,26.317
mp-aaaabgks,32.770,92.362,59.592,10.085,16.149,6.064
mp-aaaabgoh,25.560,72.454,46.894,10.625,17.764,7.139
mp-aaaabgpf,79.189,99.219,20.030,21.172,16.117,5.055
mp-aaaabgph,160.744,147.067,13.677,29.281,42.761,13.480
mp-aaaabgpl,108.776,102.781,5.995,43.449,46.749,3.300
mp-aaaabgpo,129.477,100.767,28.710,35.872,29.433,6.439
mp-aaaabgps,110.258,100.619,9.639,62.286,48.668,13.618
mp-aaaabgpw,88.624,103.758,15.134,44.545,31.566,12.979
mp-aaaabgqc,73.035,62.064,10.971,46.706,31.039,15.667
mp-aaaabgqe,67.671,36.495,31.176,28.122,25.115,3.007
mp-aaaabgqf,71.550,86.163,14.613,31.294,32.061,0.767
mp-aaaabgqi,84.822,71.389,13.433,40.977,41.148,0.171
mp-aaaabgqn,32.991,99.448,66.457,9.685,20.767,11.082
mp-aaaabgqr,124.931,146.542,21.611,36.408,35.370,1.038
mp-aaaabgqy,83.579,87.936,4.357,-23.497,21.423,44.920
mp-aaaabgrf,157.445,171.346,13.901,60.566,75.405,14.839
mp-aaaabgrn,291.431,245.475,45.956,149.144,136.849,12.295
mp-aaaabgrv,101.898,113.512,11.614,20.333,33.033,12.700
mp-aaaabgsu,196.814,187.440,9.374,79.702,90.013,10.311
mp-aaaabgts,175.354,196.326,20.972,107.734,95.612,12.122
mp-aaaabgtx,92.206,96.842,4.636,45.427,40.662,4.765
mp-aaaabgty,152.951,106.436,46.515,53.822,59.069,5.247
mp-aaaabgtz,65.250,77.332,12.082,23.001,28.842,5.841
mp-aaaabgua,48.294,77.646,29.352,33.541,29.213,4.328
mp-aaaabguc,53.290,95.930,42.640,13.931,-3.265,17.196
mp-aaaabguh,112.758,114.449,1.691,49.253,50.769,1.516
mp-aaaabguo,298.478,211.163,87.315,118.524,156.981,38.457
mp-aaaabgup,109.449,96.311,13.138,52.158,46.205,5.953
mp-aaaabguw,88.746,91.244,2.498,53.506,51.124,2.382
mp-aaaabgvb,92.176,91.844,0.332,49.378,49.664,0.286
mp-aaaabgvn,,,,148.403,94.126,54.277
mp-aaaabgwa,223.420,227.052,3.632,75.138,95.624,20.486
mp-aaaabgwb,121.971,83.667,38.304,53.983,41.302,12.681
mp-aaaabgwc,110.589,107.018,3.571,62.194,69.057,6.863
mp-aaaabgwh,152.004,162.018,10.014,-115.015,-95.289,19.726
mp-aaaabgwi,128.735,82.960,45.775,94.186,61.614,32.572
mp-aaaabgwq,146.049,129.676,16.373,71.956,65.864,6.092
mp-aaaabgwr,103.969,77.218,26.751,30.817,26.369,4.448
mp-aaaabgwx,146.187,107.229,38.958,81.493,79.133,2.360
mp-aaaabgwz,103.672,55.622,48.050,50.032,39.371,10.661
mp-aaaabgxc,22.596,6.334,16.262,11.724,12.941,1.217
mp-aaaabgxk,106.766,107.839,1.073,78.122,76.054,2.068
mp-aaaabgxx,32.235,37.502,5.267,16.944,22.999,6.055
mp-aaaabgxz,13.936,11.931,2.005,8.246,4.715,3.531
mp-aaaabgya,56.943,83.156,26.213,32.522,54.961,22.439
mp-aaaabgyc,188.590,161.384,27.206,103.440,85.751,17.689
mp-aaaabgye,112.507,77.068,35.439,71.503,48.838,22.665
mp-aaaabgyg,244.767,201.697,43.070,123.348,146.733,23.385
mp-aaaabgyk,167.657,169.435,1.778,96.068,94.533,1.535
mp-aaaabgym,208.218,166.742,41.476,108.505,117.384,8.879
mp-aaaabgyp,19.387,68.623,49.236,11.732,30.295,18.563
mp-aaaabgyt,108.198,91.124,17.074,41.035,38.997,2.038
mp-aaaabgyu,135.295,116.223,19.072,36.221,52.906,16.685
mp-aaaabgzc,62.337,70.090,7.753,26.962,24.141,2.821
mp-aaaabgze,89.855,93.446,3.591,19.145,30.961,11.816
mp-aaaabgzf,223.174,215.487,7.687,94.126,101.724,7.598
mp-aaaabgzh,176.138,174.343,1.795,66.995,74.706,7.711
mp-aaaabgzp,87.207,90.622,3.415,-15.690,20.205,35.895
mp-aaaabgzs,183.305,180.507,2.798,58.409,72.666,14.257
mp-aaaabgzu,177.538,141.224,36.314,107.666,80.341,27.325
mp-aaaabgzw,23.569,33.390,9.821,14.371,17.973,3.602
mp-aaaabgzy,134.635,113.530,21.105,52.259,42.441,9.818
mp-aaaabgzz,140.355,140.463,0.108,85.120,86.057,0.937
mp-aaaabhab,99.992,67.200,32.792,63.944,47.990,15.954
mp-aaaabhae,193.734,176.485,17.249,64.075,94.799,30.724
mp-aaaabhaf,73.912,83.770,9.858,27.803,31.285,3.482
mp-aaaabhah,130.285,122.922,7.363,72.418,79.767,7.349
mp-aaaabhaj,48.779,66.915,18.136,31.209,24.378,6.831
mp-aaaabhak,44.927,53.914,8.987,33.570,28.140,5.430
mp-aaaabhal,243.159,226.181,16.978,182.299,165.752,16.547
mp-aaaabham,204.343,191.575,12.768,89.664,82.318,7.346
mp-aaaabhap,149.390,85.353,64.037,52.286,72.152,19.866
mp-aaaabhbk,106.180,102.318,3.862,36.310,69.657,33.347
mp-aaaabhbl,126.081,111.226,14.855,20.728,32.301,11.573
mp-aaaabhbm,74.417,75.421,1.004,40.321,38.962,1.359
mp-aaaabhbq,35.146,98.729,63.583,5.284,8.967,3.683
mp-aaaabhbr,281.254,228.996,52.258,148.287,137.879,10.408
mp-aaaabhbs,201.204,99.057,102.147,33.350,68.214,34.864
mp-aaaabhco,-176.373,100.052,276.425,157.267,84.751,72.516
mp-aaaabhcp,70.535,20.980,49.555,20.656,12.593,8.063
mp-aaaabhcr,94.913,97.267,2.354,-110.605,-77.260,33.345
mp-aaaabhcy,79.936,109.959,30.023,26.984,31.526,4.542
mp-aaaabhda,36.204,59.136,22.932,13.697,12.706,0.991
mp-aaaabhdd,93.710,80.906,12.804,57.010,24.235,32.775
mp-aaaabhde,166.165,125.630,40.535,71.269,68.668,2.601
mp-aaaabhdi,224.114,271.949,47.835,107.105,21.897,85.208
mp-aaaabhdk,187.702,174.283,13.419,102.860,100.139,2.721
mp-aaaabhdo,50.850,58.995,8.145,19.337,23.091,3.754
mp-aaaabhea,50.054,76.937,26.883,34.428,27.583,6.845
mp-aaaabhec,27.120,80.233,53.113,28.384,30.535,2.151
mp-aaaabhek,40.960,52.131,11.171,27.802,20.999,6.803
mp-aaaabheo,134.315,118.530,15.785,71.704,73.605,1.901
mp-aaaabheq,113.270,77.031,36.239,51.662,45.546,6.116
mp-aaaabhew,216.434,171.446,44.988,126.335,124.322,2.013
mp-aaaabhex,174.986,164.216,10.770,62.475,56.037,6.438
mp-aaaabhfc,158.407,138.030,20.377,84.508,74.767,9.741
mp-aaaabhfd,121.859,103.454,18.405,68.970,59.817,9.153
mp-aaaabhfg,214.356,184.564,29.792,104.168,94.543,9.625
mp-aaaabhfi,41.299,42.543,1.244,21.813,24.589,2.776
mp-aaaabhfj,125.100,102.586,22.514,63.867,56.384,7.483
mp-aaaabhfw,32.743,28.789,3.954,7.674,21.571,13.897
mp-aaaabhfx,124.102,165.283,41.181,60.607,57.729,2.878
mp-aaaabhfz,153.635,126.879,26.756,50.534,48.625,1.909
mp-aaaabhga,23.841,18.570,5.271,12.571,7.241,5.330
mp-aaaabhgb,114.714,117.298,2.584,75.750,56.520,19.230
mp-aaaabhgd,47.458,82.275,34.817,17.649,40.485,22.836
mp-aaaabhgn,220.662,182.487,38.175,110.020,112.236,2.216
mp-aaaabhgo,152.403,177.204,24.801,77.414,52.044,25.370
mp-aaaabhgt,19.763,6.942,12.821,15.869,10.251,5.618
mp-aaaabhgw,115.215,88.122,27.093,64.592,56.343,8.249
mp-aaaabhgy,257.718,163.258,94.460,109.037,105.278,3.759
mp-aaaabhgz,153.001,129.022,23.979,87.244,92.847,5.603
mp-aaaabhhd,89.598,85.933,3.665,21.208,10.989,10.219
mp-aaaabhhg,35.606,97.522,61.916,5.701,2.799,2.902
mp-aaaabhhi,56.636,71.438,14.802,33.759,39.948,6.189
mp-aaaabhhn,153.951,127.281,26.670,75.173,72.863,2.310
mp-aaaabhhs,138.221,121.366,16.855,87.231,75.666,11.565
mp-aaaabhhu,136.965,180.694,43.729,76.238,65.799,10.439
mp-aaaabhhv,64.090,72.588,8.498,47.276,34.803,12.473
mp-aaaabhhx,40.847,89.667,48.820,12.029,8.699,3.330
mp-aaaabhhy,94.115,68.768,25.347,44.452,27.705,16.747
mp-aaaabhig,145.249,101.820,43.429,85.050,91.088,6.038
mp-aaaabhit,166.252,94.953,71.299,87.185,96.086,8.901
mp-aaaabhiv,42.274,108.877,66.603,9.172,9.194,0.022
mp-aaaabhiz,98.538,94.649,3.889,0.575,11.862,11.287
mp-aaaabhje,195.109,171.734,23.375,63.555,81.876,18.321
mp-aaaabhjo,43.149,95.359,52.210,13.276,18.818,5.542
mp-aaaabhjq,131.686,131.115,0.571,40.349,70.280,29.931
mp-aaaabhjx,154.446,164.045,9.599,70.410,73.327,2.917
mp-aaaabhjy,45.413,26.381,19.032,22.184,3.946,18.238
mp-aaaabhka,168.668,199.605,30.937,52.731,55.863,3.132
mp-aaaabhkm,152.161,134.311,17.850,-33.914,15.658,49.572
mp-aaaabhkr,200.615,215.218,14.603,70.269,81.528,11.259
mp-aaaabhkv,73.930,128.067,54.137,-4.197,-0.996,3.201
mp-aaaabhky,202.999,154.109,48.890,107.341,69.381,37.960
mp-aaaabhlb,77.206,70.660,6.546,47.857,35.375,12.482
mp-aaaabhle,144.766,84.151,60.616,57.394,58.717,1.323
mp-aaaabhln,27.992,28.765,0.773,17.561,20.433,2.872
mp-aaaabhlp,52.436,65.221,12.785,35.029,35.127,0.098
mp-aaaabhlq,219.188,141.692,77.496,105.854,97.144,8.710
mp-aaaabhlx,88.056,87.190,0.866,43.823,49.271,5.448
mp-aaaabhlz,132.249,145.170,12.921,98.281,111.651,13.370
mp-aaaabhma,67.523,74.916,7.393,9.095,24.323,15.228
mp-aaaabhmg,6.233,42.107,35.874,3.152,14.358,11.206
mp-aaaabhml,246.430,221.978,24.452,87.348,96.308,8.960
mp-aaaabhmq,196.746,178.331,18.415,73.151,89.555,16.404
mp-aaaabhmr,179.549,144.690,34.859,100.086,88.906,11.180
mp-aaaabhmt,198.349,160.042,38.307,57.604,80.532,22.928
mp-aaaabhna,129.519,125.172,4.347,35.510,29.795,5.715
mp-aaaabhnc,70.285,80.482,10.197,26.429,29.780,3.351
mp-aaaabhng,154.674,152.638,2.036,36.714,84.407,47.693
mp-aaaabhno,107.674,81.738,25.936,28.665,36.107,7.442
mp-aaaabhnq,163.617,147.184,16.433,61.559,63.242,1.683
mp-aaaabhny,120.656,117.361,3.295,55.178,59.558,4.380
mp-aaaabhob,103.816,82.153,21.663,24.622,35.652,11.030
mp-aaaabhok,91.458,110.389,18.931,27.293,17.948,9.345
mp-aaaabhol,32.511,63.308,30.797,43.234,31.555,11.679
mp-aaaabhon,90.141,49.058,41.083,43.172,29.094,14.078
mp-aaaabhop,33.333,48.029,14.696,16.521,23.044,6.523
mp-aaaabhor,94.592,104.511,9.919,,,
mp-aaaabhot,11.006,29.392,18.386,7.042,15.557,8.515
mp-aaaabhou,37.674,52.118,14.444,17.212,5.890,11.322
mp-aaaabhov,18.391,60.394,42.003,12.518,26.339,13.821
mp-aaaabhpa,101.371,128.325,26.954,56.128,57.643,1.515
mp-aaaabhpc,80.248,58.287,21.961,53.787,53.290,0.497
mp-aaaabhpd,126.320,128.843,2.523,60.573,74.601,14.028
mp-aaaabhpg,56.047,49.302,6.745,20.930,20.823,0.107
mp-aaaabhpj,40.661,55.069,14.408,27.110,18.350,8.760
mp-aaaabhpo,93.034,89.573,3.461,23.095,36.131,13.036
mp-aaaabhps,77.333,99.457,22.124,32.433,26.683,5.750
mp-aaaabhpt,59.191,55.134,4.057,25.460,17.388,8.072
mp-aaaabhpv,107.725,105.175,2.550,55.030,49.759,5.271
mp-aaaabhpy,194.818,151.317,43.501,82.780,92.223,9.443
mp-aaaabhqb,118.564,99.248,19.316,46.141,51.466,5.325
mp-aaaabhqh,235.971,122.381,113.590,89.090,51.664,37.426
mp-aaaabhql,29.280,18.418,10.862,16.906,19.629,2.723
mp-aaaabhqm,66.112,69.957,3.845,26.014,29.622,3.608
mp-aaaabhqp,56.257,75.499,19.242,27.532,31.517,3.985
mp-aaaabhqq,84.581,73.966,10.615,51.325,52.454,1.129
mp-aaaabhqw,206.375,182.682,23.693,,,
mp-aaaabhqx,22.536,75.273,52.737,13.958,6.184,7.774
mp-aaaabhqz,219.190,180.984,38.206,,,
mp-aaaabhrc,80.683,102.473,21.790,60.881,52.909,7.972
mp-aaaabhrg,39.098,52.781,13.683,17.293,25.047,7.754
mp-aaaabhrj,325.769,284.077,41.692,195.015,194.503,0.512
mp-aaaabhrk,93.376,86.788,6.588,59.464,45.066,14.398
mp-aaaabhrt,168.613,165.495,3.118,76.495,80.317,3.822
mp-aaaabhsd,84.825,98.016,13.191,36.015,35.683,0.332
mp-aaaabhsg,90.615,123.841,33.226,-8.419,-7.705,0.714
mp-aaaabhsk,98.700,111.036,12.336,48.922,52.325,3.403
mp-aaaabhsl,237.179,203.596,33.583,122.609,101.058,21.551
mp-aaaabhso,199.274,190.335,8.939,88.046,88.646,0.600
mp-aaaabhsq,83.667,81.032,2.635,19.831,14.727,5.104
mp-aaaabhsr,232.510,179.195,53.315,88.775,67.036,21.739
mp-aaaabhsz,137.113,120.177,16.936,70.800,63.199,7.601
mp-aaaabhtb,94.549,63.956,30.593,39.715,26.277,13.438
mp-aaaabhti,53.011,46.200,6.811,23.306,23.408,0.102
mp-aaaabhtj,49.798,53.486,3.688,21.531,28.775,7.244
mp-aaaabhtp,32.198,60.370,28.172,20.271,6.024,14.247
mp-aaaabhuv,2.668,23.780,21.112,1.950,1.552,0.398
mp-aaaabhux,25.834,49.497,23.663,4.456,13.137,8.681
mp-aaaabhuz,12.057,88.989,76.932,8.227,2.180,6.047
mp-aaaabhvb,4.621,63.804,59.183,-2.198,6.600,8.798
mp-aaaabhvc,21.948,39.644,17.696,-15.742,9.574,25.316
mp-aaaabhve,11.664,-3.108,14.772,5.404,1.433,3.971
mp-aaaabhvf,10.380,12.253,1.873,4.529,3.387,1.142
mp-aaaabhvi,23.770,49.964,26.194,14.298,13.800,0.498
mp-aaaabhvj,6.287,41.255,34.968,11.412,4.971,6.441
mp-aaaabhvk,82.069,83.196,1.127,26.028,33.845,7.817
mp-aaaabhvl,14.588,1.840,12.748,7.445,14.134,6.689
mp-aaaabhvm,54.739,77.105,22.366,29.989,30.284,0.295
mp-aaaabhvo,102.002,123.058,21.056,29.791,29.282,0.509
mp-aaaabhvq,13.519,34.892,21.373,7.042,3.515,3.527
mp-aaaabhvr,4.878,74.583,69.705,3.407,4.450,1.043
mp-aaaabhvs,1.673,66.901,65.228,1.336,7.801,6.465
mp-aaaabhvt,52.053,66.078,14.025,30.315,27.142,3.173
mp-aaaabhvv,19.646,19.395,0.251,7.329,3.995,3.334
mp-aaaabhvw,5.347,-6.012,11.359,2.046,1.916,0.130
mp-aaaabhvx,10.488,96.138,85.650,9.518,8.841,0.677
mp-aaaabhvy,44.541,59.945,15.404,10.070,20.106,10.036
mp-aaaabhvz,52.250,95.369,43.119,20.475,5.924,14.551
mp-aaaabhwa,10.581,63.821,53.240,5.828,4.962,0.866
mp-aaaabhwb,8.647,73.138,64.491,5.888,4.774,1.114
mp-aaaabhwc,15.965,38.142,22.177,11.345,14.376,3.031
mp-aaaabhwd,3.943,28.399,24.456,0.925,3.809,2.884
mp-aaaabhwg,71.508,92.492,20.984,-80.505,-105.955,25.450
mp-aaaabhwh,26.542,74.573,48.031,11.102,3.237,7.865
mp-aaaabhwi,19.942,41.084,21.142,10.337,14.517,4.180
mp-aaaabhwj,6.193,79.950,73.757,5.677,5.844,0.167
mp-aaaabhwl,107.798,100.142,7.656,21.406,27.656,6.250
mp-aaaabhwo,25.500,55.971,30.471,6.592,12.590,5.998
mp-aaaabhwp,38.237,47.177,8.940,15.170,8.768,6.402
mp-aaaabhwq,31.744,80.811,49.067,16.294,3.475,12.819
mp-aaaabhwr,11.790,58.205,46.415,5.628,15.593,9.965
mp-aaaabhws,10.558,-1.304,11.862,5.635,6.982,1.347
mp-aaaabhwt,19.889,22.676,2.787,12.473,9.369,3.104
mp-aaaabhwv,12.418,-26.469,38.887,5.209,8.343,3.134
mp-aaaabhwy,31.987,73.796,41.809,12.661,11.555,1.106
mp-aaaabhwz,32.161,39.556,7.395,20.781,22.443,1.662
mp-aaaabhxa,12.310,-1.926,14.236,6.573,3.723,2.850
mp-aaaabhxb,53.954,69.076,15.122,29.768,28.769,0.999
mp-aaaabhxc,4.002,70.663,66.661,3.695,-1.991,5.686
mp-aaaabhxd,6.868,78.843,71.975,5.593,5.532,0.061
mp-aaaabhxg,14.939,98.307,83.368,84.218,45.414,38.804
mp-aaaabhxh,42.590,98.367,55.777,11.405,13.374,1.969
mp-aaaabhxi,56.095,140.817,84.722,10.104,11.158,1.054
mp-aaaabhxj,32.309,9.252,23.057,-28.395,1.485,29.880
mp-aaaabhxk,19.491,34.471,14.980,11.281,4.775,6.506
mp-aaaabhxl,5.964,95.389,89.425,5.924,13.163,7.239
mp-aaaabhxn,34.265,49.318,15.053,10.345,3.259,7.086
mp-aaaabhxp,55.237,67.836,12.599,29.486,30.818,1.332
mp-aaaabhxq,40.560,98.595,58.035,6.466,17.829,11.363
mp-aaaabhxs,29.484,42.578,13.094,12.854,14.045,1.191
mp-aaaabhxt,25.685,56.200,30.515,6.593,12.525,5.932
mp-aaaabhxy,14.264,33.232,18.968,7.736,7.193,0.543
mp-aaaabhyc,12.029,69.031,57.002,6.669,11.967,5.298
mp-aaaabhyd,15.691,24.833,9.142,7.063,-0.841,7.904
mp-aaaabhye,57.888,67.202,9.314,35.853,32.539,3.314
mp-aaaabhyf,20.124,19.798,0.326,11.964,10.476,1.488
mp-aaaabhyh,26.218,93.647,67.429,18.304,14.043,4.261
mp-aaaabhyj,44.943,44.188,0.755,26.718,28.607,1.889
mp-aaaabhyp,11.602,25.271,13.669,6.545,9.443,2.898
mp-aaaabhys,15.269,44.762,29.493,6.799,14.277,7.478
mp-aaaabhyy,11.845,64.264,52.419,6.796,5.410,1.386
mp-aaaabhyz,48.203,59.849,11.646,23.272,23.923,0.651
mp-aaaabhza,19.057,27.994,8.937,10.994,15.457,4.463
mp-aaaabhzd,31.855,50.011,18.156,15.897,13.105,2.792
mp-aaaabhze,13.373,19.132,5.759,7.225,5.967,1.258
mp-aaaabhzg,47.996,69.353,21.357,16.906,21.312,4.406
mp-aaaabhzh,5.729,36.533,30.804,4.804,8.339,3.535
mp-aaaabhzi,2.890,20.826,17.936,1.303,8.247,6.944
mp-aaaabhzj,25.291,44.190,18.899,16.303,10.971,5.332
mp-aaaabhzn,7.311,22.897,15.586,3.768,14.744,10.976
mp-aaaabhzo,36.090,69.736,33.646,8.571,20.469,11.898
mp-aaaabhzp,23.646,48.843,25.197,13.384,15.252,1.868
mp-aaaabhzr,9.584,-6.919,16.503,5.213,9.498,4.285
mp-aaaabhzt,12.850,45.488,32.638,4.463,14.728,10.265
mp-aaaabhzu,20.776,32.174,11.398,9.004,12.131,3.127
mp-aaaabhzv,173.106,174.178,1.072,89.283,72.916,16.367
mp-aaaabhzw,8.956,70.012,61.056,1.690,11.127,9.437
mp-aaaabhzy,49.799,72.699,22.900,22.669,24.807,2.138
mp-aaaabiad,16.924,30.272,13.348,11.049,4.242,6.807
mp-aaaabiah,9.676,11.808,2.132,2.679,10.275,7.596
mp-aaaabiai,22.827,128.827,106.000,12.826,26.877,14.051
mp-aaaabiaj,26.665,62.715,36.050,9.049,20.403,11.354
mp-aaaabiam,7.090,6.280,0.810,5.167,0.997,4.170
mp-aaaabias,25.612,101.893,76.281,14.541,22.399,7.858
mp-aaaabiau,13.722,33.897,20.175,4.715,11.307,6.592
mp-aaaabibd,24.898,43.045,18.147,15.100,12.689,2.411
mp-aaaabibl,11.063,-7.368,18.431,5.229,8.591,3.362
mp-aaaabibm,15.769,10.791,4.978,7.956,8.954,0.998
mp-aaaabibo,34.729,29.457,5.272,18.311,14.601,3.710
mp-aaaabibp,67.468,85.017,17.549,33.920,31.612,2.308
mp-aaaabibq,35.712,24.371,11.341,13.125,13.847,0.722
mp-aaaabibt,6.988,8.211,1.223,0.965,7.673,6.708
mp-aaaabibx,47.295,70.909,23.614,27.118,21.541,5.577
mp-aaaabiby,32.010,70.213,38.203,12.913,8.790,4.123
mp-aaaabica,11.090,-19.883,30.973,5.006,6.630,1.624
mp-aaaabicb,21.823,63.249,41.426,9.296,7.485,1.811
mp-aaaabicc,11.692,21.332,9.640,4.405,4.741,0.336
mp-aaaabicd,52.919,62.764,9.845,33.704,25.392,8.312
mp-aaaabicf,6.858,6.257,0.601,45.967,6.916,39.051
mp-aaaabick,10.840,11.495,0.655,8.443,15.562,7.119
mp-aaaabicl,51.435,61.479,10.044,32.156,25.392,6.764
mp-aaaabico,70.235,106.664,36.429,31.328,31.614,0.286
mp-aaaabicq,19.161,116.090,96.929,15.301,27.158,11.857
mp-aaaabics,57.489,74.673,17.184,23.569,38.108,14.539
mp-aaaabicu,44.628,57.175,12.547,25.243,17.135,8.108
mp-aaaabicw,74.064,90.025,15.961,34.045,32.861,1.184
mp-aaaabicy,7.331,-8.459,15.790,3.998,4.873,0.875
mp-aaaabida,7.501,81.306,73.805,-22.026,-15.085,6.941
mp-aaaabidf,12.406,27.866,15.460,6.418,10.330,3.912
mp-aaaabidg,20.663,61.764,41.101,15.753,21.449,5.696
mp-aaaabidi,36.564,31.175,5.389,16.453,9.724,6.729
mp-aaaabidk,18.132,64.408,46.276,11.592,7.239,4.353
mp-aaaabids,190.998,168.708,22.290,117.305,90.111,27.194
mp-aaaabidw,43.224,77.229,34.005,17.959,15.333,2.626
mp-aaaabidx,45.518,90.790,45.272,22.391,28.826,6.435
mp-aaaabidz,133.058,130.569,2.489,94.309,60.831,33.478
mp-aaaabieb,86.266,124.955,38.689,65.455,61.604,3.851
mp-aaaabieh,53.190,87.741,34.551,36.986,42.368,5.382
mp-aaaabieo,45.573,70.089,24.516,29.537,23.383,6.154
mp-aaaabifc,72.930,71.068,1.862,30.493,25.691,4.802
mp-aaaabifh,66.189,52.435,13.754,38.059,37.925,0.134
mp-aaaabifx,113.974,77.197,36.777,68.485,65.948,2.537
mp-aaaabify,46.555,63.687,17.132,21.923,28.468,6.545
mp-aaaabigb,64.465,47.284,17.181,35.671,35.104,0.567
mp-aaaabigd,41.495,81.728,40.233,26.242,29.902,3.660
mp-aaaabigf,56.124,68.031,11.907,31.020,34.346,3.326
mp-aaaabigm,27.767,71.355,43.588,8.365,8.401,0.036
mp-aaaabign,4.837,-5.956,10.793,3.174,-2.187,5.361
mp-aaaabigo,4.110,29.412,25.302,2.895,8.023,5.128
mp-aaaabigp,0.098,7.452,7.354,0.266,-1.662,1.928
mp-aaaabigr,43.620,73.243,29.623,11.548,-4.045,15.593
mp-aaaabigs,1.014,27.828,26.814,0.124,0.439,0.315
mp-aaaabigt,42.244,53.033,10.789,14.827,12.706,2.121
mp-aaaabigu,26.598,33.048,6.450,15.046,3.608,11.438
mp-aaaabigw,15.281,91.293,76.012,12.215,6.732,5.483
mp-aaaabigy,16.965,34.630,17.665,21.246,6.569,14.677
mp-aaaabihf,49.437,66.404,16.967,27.031,26.384,0.647
mp-aaaabihh,1.936,12.424,10.488,2.519,6.437,3.918
mp-aaaabihk,1.258,90.140,88.882,0.313,10.372,10.059
mp-aaaabihl,11.597,51.411,39.814,5.809,11.505,5.696
mp-aaaabihm,1.108,71.087,69.979,0.590,-3.421,4.011
mp-aaaabihn,29.760,94.454,64.694,10.642,13.009,2.367
mp-aaaabiho,36.164,51.792,15.628,8.227,10.473,2.246
mp-aaaabihr,34.633,81.585,46.952,17.807,10.446,7.361
mp-aaaabihs,0.113,74.431,74.318,0.102,10.742,10.640
mp-aaaabihw,23.091,39.963,16.872,-6.373,11.310,17.683
mp-aaaabihx,0.806,5.025,4.219,0.637,1.482,0.845
mp-aaaabiia,3.392,19.131,15.739,2.493,5.882,3.389
mp-aaaabiib,16.489,38.746,22.257,9.177,4.214,4.963
mp-aaaabiic,10.546,14.738,4.192,8.796,3.976,4.820
mp-aaaabiid,20.242,90.728,70.486,25.082,29.519,4.437
mp-aaaabiif,16.520,-28.978,45.498,6.535,3.504,3.031
mp-aaaabiih,26.245,57.852,31.607,9.183,12.238,3.055
mp-aaaabiij,39.346,40.137,0.791,17.540,11.907,5.633
mp-aaaabiik,13.331,2.515,10.816,7.457,2.934,4.523
mp-aaaabiim,15.609,120.443,104.834,9.150,9.880,0.730
mp-aaaabiin,9.165,22.694,13.529,4.314,5.746,1.432
mp-aaaabiiq,31.673,82.359,50.686,16.753,-0.980,17.733
mp-aaaabiir,33.615,63.020,29.405,14.668,10.632,4.036
mp-aaaabiis,8.660,59.200,50.540,6.263,6.002,0.261
mp-aaaabiiw,16.828,70.890,54.062,11.051,10.498,0.553
mp-aaaabiiz,82.795,90.964,8.169,36.378,46.515,10.137
mp-aaaabija,3.438,2.724,0.714,2.604,-1.294,3.898
mp-aaaabije,28.200,29.389,1.189,21.021,22.763,1.742
mp-aaaabijf,2.037,11.185,9.148,0.079,5.426,5.347
mp-aaaabijg,23.047,55.292,32.245,14.843,8.023,6.820
mp-aaaabijh,1.530,39.462,37.932,-0.122,16.553,16.675
mp-aaaabijj,23.429,82.384,58.955,9.765,7.540,2.225
mp-aaaabijl,9.771,103.035,93.264,6.402,10.320,3.918
mp-aaaabijm,0.443,75.491,75.048,0.302,4.284,3.982
mp-aaaabijn,38.284,65.377,27.093,8.539,12.688,4.149
mp-aaaabijq,54.948,68.968,14.020,30.664,23.000,7.664
mp-aaaabijt,54.467,77.031,22.564,31.812,25.887,5.925
mp-aaaabijw,-18.587,104.991,123.578,-57.121,-45.850,11.271
mp-aaaabijx,53.143,63.482,10.339,29.040,24.922,4.118
mp-aaaabika,6.693,-1.010,7.703,3.645,2.806,0.839
mp-aaaabikb,54.597,77.188,22.591,30.393,30.599,0.206
mp-aaaabikd,5.309,29.726,24.417,3.074,9.357,6.283
mp-aaaabikh,13.432,19.542,6.110,7.473,-2.325,9.798
mp-aaaabikl,25.058,25.440,0.382,13.099,-2.332,15.431
mp-aaaabikp,25.963,31.715,5.752,16.321,15.732,0.589
mp-aaaabikq,16.076,-0.524,16.600,5.955,8.098,2.143
mp-aaaabikr,17.477,17.649,0.172,14.793,13.686,1.107
mp-aaaabiks,53.426,84.821,31.395,30.036,24.919,5.117
mp-aaaabikt,25.473,34.579,9.106,13.286,5.625,7.661
mp-aaaabiku,1.242,10.581,9.339,1.246,4.813,3.567
mp-aaaabikv,29.009,85.548,56.539,15.213,11.350,3.863
mp-aaaabikx,3.319,89.969,86.650,-8.602,4.253,12.855
mp-aaaabiky,15.100,7.111,7.989,8.310,7.336,0.974
mp-aaaabilf,6.025,80.511,74.486,3.743,2.286,1.457
mp-aaaabilk,0.557,63.974,63.417,0.311,5.391,5.080
mp-aaaabill,3.210,23.415,20.205,2.106,3.519,1.413
mp-aaaabilm,3.862,14.690,10.828,2.612,9.131,6.519
mp-aaaabilp,38.203,65.951,27.748,25.983,15.788,10.195
mp-aaaabils,0.983,36.315,35.332,0.380,11.496,11.116
mp-aaaabilt,18.701,15.193,3.508,8.644,1.578,7.066
mp-aaaabimb,6.798,-12.359,19.157,3.764,-0.713,4.477
mp-aaaabimd,16.534,7.666,8.868,8.333,10.818,2.485
mp-aaaabime,50.357,71.148,20.791,27.498,21.418,6.080
mp-aaaabimf,132.284,107.780,24.504,-12.591,25.283,37.874
mp-aaaabimg,11.140,-16.397,27.537,5.547,3.931,1.616
mp-aaaabimi,9.746,18.438,8.692,4.598,6.235,1.637
mp-aaaabimn,5.757,64.435,58.678,3.138,-1.572,4.710
mp-aaaabimq,4.428,41.704,37.276,2.494,6.913,4.419
mp-aaaabimr,31.715,43.236,11.521,13.341,16.495,3.154
mp-aaaabimx,14.050,48.896,34.846,-0.142,11.126,11.268
mp-aaaabinr,27.038,18.803,8.235,16.231,19.358,3.127
mp-aaaabint,179.413,142.774,36.639,76.076,58.614,17.462
mp-aaaabiob,51.828,86.073,34.245,25.333,43.203,17.870
mp-aaaabioe,53.667,80.696,27.029,29.547,25.655,3.892
mp-aaaabiof,14.625,33.298,18.673,8.411,11.879,3.468
mp-aaaabipj,9.056,-17.411,26.467,4.790,5.447,0.657
mp-aaaabips,15.735,39.809,24.074,8.358,3.743,4.615
mp-aaaabiqg,8.616,32.670,24.054,4.775,9.788,5.013
mp-aaaabiqz,8.082,26.060,17.978,4.508,9.082,4.574
mp-aaaabira,107.974,126.766,18.792,70.056,76.690,6.634
mp-aaaabirb,81.207,127.938,46.731,20.723,43.057,22.334
mp-aaaabirf,8.359,25.583,17.224,3.140,0.762,2.378
mp-aaaabirg,40.624,50.180,9.556,18.465,12.735,5.730
mp-aaaabirm,109.770,69.304,40.466,56.631,48.345,8.286
mp-aaaabirt,178.102,152.202,25.900,94.649,63.353,31.296
mp-aaaabitg,10.160,49.627,39.467,4.998,8.651,3.653
mp-aaaabith,10.806,48.240,37.434,5.389,10.398,5.009
mp-aaaabitj,21.031,28.966,7.935,14.110,16.202,2.092
mp-aaaabitk,15.431,-2.976,18.407,8.241,3.990,4.251
mp-aaaabitv,11.298,14.821,3.523,5.661,8.864,3.203
mp-aaaabiua,14.254,-9.507,23.761,14.798,3.715,11.083
mp-aaaabiub,10.176,-9.937,20.113,4.976,4.210,0.766
mp-aaaabiud,11.176,24.670,13.494,6.001,7.030,1.029
mp-aaaabiuj,12.754,29.653,16.899,6.625,11.307,4.682
mp-aaaabiuk,7.175,7.736,0.561,20.538,5.374,15.164
mp-aaaabiuq,13.937,-1.353,15.290,22.207,1.480,20.727
mp-aaaabiuw,16.231,50.215,33.984,8.709,15.730,7.021
mp-aaaabive,8.774,-25.102,33.876,4.925,6.835,1.910
mp-aaaabivq,3.215,5.768,2.553,1.937,5.534,3.597
mp-aaaabiwc,99.447,94.570,4.877,20.823,27.333,6.510
mp-aaaabiwe,50.715,56.709,5.994,41.051,32.242,8.809
mp-aaaabiwg,20.199,19.595,0.604,10.494,18.796,8.302
mp-aaaabjac,41.323,71.558,30.235,27.904,32.778,4.874
mp-aaaabjal,120.516,86.251,34.265,30.953,39.308,8.355
mp-aaaabjay,25.163,39.651,14.488,12.017,5.698,6.319
mp-aaaabjaz,23.946,26.507,2.561,12.259,13.106,0.847
mp-aaaabjbl,18.623,27.435,8.812,-53.670,2.778,56.448
mp-aaaabjbq,28.876,63.806,34.930,21.892,22.524,0.632
mp-aaaabjbr,36.350,64.827,28.477,42.538,24.976,17.562
mp-aaaabjbs,19.606,48.794,29.188,13.109,18.505,5.396
mp-aaaabjbu,78.381,84.535,6.154,54.412,37.488,16.924
mp-aaaabjbx,17.913,40.644,22.731,7.326,4.052,3.274
mp-aaaabjby,49.554,62.826,13.272,36.195,25.022,11.173
mp-aaaabjbz,48.435,65.764,17.329,33.062,22.103,10.959
mp-aaaabjca,61.574,90.782,29.208,25.012,35.855,10.843
mp-aaaabjcb,46.806,33.154,13.652,32.480,33.330,0.850
mp-aaaabjcc,37.591,42.811,5.220,24.537,21.268,3.269
mp-aaaabjcd,30.008,26.640,3.368,17.353,7.612,9.741
mp-aaaabjck,56.966,86.281,29.315,56.466,48.278,8.188
mp-aaaabjcr,59.369,67.012,7.643,49.113,31.336,17.777
mp-aaaabjcv,41.379,90.115,48.736,20.925,22.558,1.633
mp-aaaabjcy,40.623,65.050,24.427,28.674,23.544,5.130
mp-aaaabjcz,34.622,41.996,7.374,31.061,17.927,13.134
mp-aaaabjdo,13.137,40.222,27.085,9.216,0.006,9.210
mp-aaaabjdv,39.071,37.480,1.591,24.690,37.339,12.649
mp-aaaabjea,63.515,78.639,15.124,35.137,35.804,0.667
mp-aaaabjeq,35.743,38.261,2.518,19.094,23.231,4.137
mp-aaaabjfb,14.465,37.709,23.244,6.744,15.868,9.124
mp-aaaabjfe,30.444,2.575,27.869,6.912,8.433,1.521
mp-aaaabjfh,20.300,46.978,26.678,13.733,10.881,2.852
mp-aaaabjfn,132.704,95.197,37.507,86.963,57.210,29.753
mp-aaaabjfo,76.609,111.894,35.285,61.863,63.345,1.482
mp-aaaabjfr,157.945,126.289,31.656,134.235,96.081,38.154
mp-aaaabjgc,37.474,39.784,2.310,38.849,21.524,17.325
mp-aaaabjhe,26.337,23.626,2.711,13.538,-13.444,26.982
mp-aaaabjhi,13.017,30.934,17.917,10.054,5.288,4.766
mp-aaaabjho,14.251,62.017,47.766,10.119,18.515,8.396
mp-aaaabjhs,38.352,48.360,10.008,22.306,19.887,2.419
mp-aaaabjhy,8.966,33.975,25.009,7.261,15.069,7.808
mp-aaaabjic,23.295,35.345,12.050,19.487,20.231,0.744
mp-aaaabjih,7.042,33.353,26.311,5.065,10.835,5.770
mp-aaaabjil,35.543,45.077,9.534,21.012,32.859,11.847
mp-aaaabjix,33.109,52.991,19.882,24.155,22.154,2.001
mp-aaaabjjm,24.827,47.060,22.233,10.563,12.320,1.757
mp-aaaabjjn,0.101,-22.654,22.755,0.024,-3.729,3.753
mp-aaaabjjv,118.621,113.919,4.702,64.867,74.627,9.760
mp-aaaabjjy,13.991,31.181,17.190,8.089,11.684,3.595
mp-aaaabjkc,24.384,65.315,40.931,10.503,11.443,0.940
mp-aaaabjkn,27.922,45.035,17.113,35.304,18.346,16.958
mp-aaaabjko,31.399,38.200,6.801,10.701,11.155,0.454
mp-aaaabjli,28.047,45.014,16.967,18.246,15.754,2.492
mp-aaaabjlk,23.064,32.430,9.366,17.351,15.359,1.992
mp-aaaabjln,24.639,34.967,10.328,16.417,16.672,0.255
mp-aaaabjlr,13.126,10.267,2.859,11.542,15.905,4.363
mp-aaaabjmy,39.315,48.480,9.165,14.245,14.882,0.637
mp-aaaabjnn,94.096,56.196,37.900,91.540,78.301,13.239
mp-aaaabjno,85.382,65.571,19.811,65.614,67.447,1.833
mp-aaaabjpq,40.872,32.217,8.655,18.806,16.269,2.537
mp-aaaabjqf,16.745,75.086,58.341,9.791,18.422,8.631
mp-aaaabjqg,203.084,147.616,55.468,67.791,43.485,24.306
mp-aaaabjqi,13.704,24.905,11.201,10.516,3.300,7.216
mp-aaaabjqq,68.537,62.477,6.060,47.226,35.618,11.608
mp-aaaabjqr,105.717,60.952,44.765,34.971,22.127,12.844
mp-aaaabjqt,68.409,57.590,10.819,39.792,23.774,16.018
mp-aaaabjqu,71.096,58.362,12.734,40.995,30.917,10.078
mp-aaaabjsn,15.292,1.091,14.201,6.873,9.395,2.522
mp-aaaabjst,55.135,53.627,1.508,31.721,11.764,19.957
mp-aaaabjsu,125.243,107.937,17.306,72.439,55.845,16.594
mp-aaaabjsv,123.514,115.621,7.893,67.366,59.618,7.748
mp-aaaabjsw,133.492,105.557,27.935,86.992,63.684,23.308
mp-aaaabjsx,84.452,58.628,25.824,54.075,37.647,16.428
mp-aaaabjsy,86.522,60.794,25.728,55.883,34.370,21.513
mp-aaaabjta,179.449,147.002,32.447,70.170,42.472,27.698
mp-aaaabjtb,132.884,96.130,36.754,-37.786,30.479,68.265
mp-aaaabjth,139.455,101.100,38.355,-22.435,48.301,70.736
mp-aaaabjum,87.630,60.068,27.562,56.307,34.288,22.019
mp-aaaabjuv,85.587,82.621,2.966,,,
mp-aaaabjuw,81.272,82.940,1.668,42.175,25.435,16.740
mp-aaaabjuz,7.823,8.400,0.577,6.040,16.828,10.788
mp-aaaabjvi,19.525,41.758,22.233,10.781,9.710,1.071
mp-aaaabjwf,95.971,78.969,17.002,65.106,19.545,45.561
mp-aaaabjyc,131.134,97.710,33.424,31.121,32.137,1.016
mp-aaaabjyd,243.317,138.154,105.163,139.914,121.534,18.380
mp-aaaabjyf,174.968,109.080,65.888,38.553,28.571,9.982
mp-aaaabjyg,1.828,35.862,34.034,0.961,3.901,2.940
mp-aaaabjyh,88.564,66.698,21.866,12.304,11.808,0.496
mp-aaaabjyi,48.381,55.434,7.053,32.026,30.912,1.114
mp-aaaabkbe,27.544,41.363,13.819,12.739,13.979,1.240
mp-aaaabkcc,72.678,54.331,18.347,39.173,42.859,3.686
mp-aaaabkdc,126.111,121.371,4.740,-26.735,-9.038,17.697
mp-aaaabkdd,210.772,172.688,38.084,124.662,136.190,11.528
mp-aaaabkdg,72.754,36.226,36.528,,,
mp-aaaabkdi,14.185,28.572,14.387,8.906,25.854,16.948
mp-aaaabkdo,19.158,43.105,23.947,10.617,-4.030,14.647
mp-aaaabkgm,0.469,-15.831,16.300,0.247,1.299,1.052
mp-aaaabkgz,17.899,15.452,2.447,12.811,4.403,8.408
mp-aaaabkmc,81.498,65.499,15.999,53.752,38.020,15.732
mp-aaaabkmk,75.078,65.777,9.301,44.862,34.471,10.391
mp-aaaabkml,108.814,75.053,33.761,61.069,40.399,20.670
mp-aaaabkmu,19.452,-14.185,33.637,8.117,5.254,2.863
mp-aaaabkmv,206.427,118.827,87.600,74.701,57.778,16.923
mp-aaaabkot,200.930,111.551,89.379,66.268,60.482,5.786
mp-aaaabkov,11.395,23.844,12.449,8.535,4.481,4.054
mp-aaaabkow,218.492,158.469,60.023,70.702,47.782,22.920
mp-aaaabkox,196.872,134.744,62.128,57.999,37.076,20.923
mp-aaaabkpa,140.725,104.676,36.049,17.855,47.155,29.300
mp-aaaabkpc,175.664,118.846,56.818,88.024,67.941,20.083
mp-aaaabkte,24.063,52.857,28.794,10.798,15.112,4.314
mp-aaaabljq,107.790,148.319,40.529,73.070,58.115,14.955
mp-aaaabllt,69.336,99.607,30.271,33.635,42.054,8.419
mp-aaaablnw,118.564,120.991,2.427,59.679,55.654,4.025
mp-aaaablpp,132.322,139.726,7.404,77.858,79.973,2.115
mp-aaaablqf,43.040,147.980,104.940,30.243,56.993,26.750
mp-aaaablrp,10.009,86.079,76.070,6.716,5.843,0.873
mp-aaaabmhq,59.509,85.335,25.826,44.354,34.670,9.684
mp-aaaabodu,10.178,24.766,14.588,5.644,4.265,1.379
mp-aaaaboeb,32.168,28.464,3.704,20.742,20.396,0.346
mp-aaaaboee,89.366,34.287,55.079,72.774,58.143,14.631
mp-aaaaboeu,136.947,134.070,2.877,112.471,136.865,24.394
mp-aaaaboff,135.341,73.685,61.656,57.034,47.230,9.804
mp-aaaabofg,27.676,72.391,44.715,9.818,6.818,3.000
mp-aaaabofm,-0.652,49.307,49.959,87.205,17.499,69.706
mp-aaaabofy,9.950,-9.086,19.036,1.628,6.820,5.192
mp-aaaabogc,24.793,93.994,69.201,12.290,23.549,11.259
mp-aaaabogl,21.759,34.216,12.457,10.672,9.118,1.554
mp-aaaabogs,19.249,23.487,4.238,8.647,9.804,1.157
mp-aaaabogx,49.538,61.982,12.444,20.282,46.664,26.382
mp-aaaabohe,98.437,124.091,25.654,54.600,51.930,2.670
mp-aaaabohf,66.519,84.887,18.368,19.457,25.636,6.179
mp-aaaabohv,10.721,29.236,18.515,5.618,6.796,1.178
mp-aaaabohy,11.680,70.403,58.723,5.042,20.271,15.229
mp-aaaaboif,80.505,139.958,59.453,38.407,21.085,17.322
mp-aaaaboih,24.352,22.998,1.354,18.386,2.849,15.537
mp-aaaaboij,1.055,32.159,31.104,1.613,3.310,1.697
mp-aaaaboip,16.876,5.339,11.537,7.203,5.885,1.318
mp-aaaabojb,72.847,108.375,35.528,42.251,43.841,1.590
mp-aaaaboju,34.272,50.850,16.578,22.458,12.690,9.768
mp-aaaabojw,114.231,111.637,2.594,40.626,46.352,5.726
mp-aaaaboke,11.197,35.468,24.271,6.094,14.371,8.277
mp-aaaabokp,58.073,33.019,25.054,25.205,20.462,4.743
mp-aaaabokt,151.636,128.011,23.625,79.245,80.799,1.554
mp-aaaabokv,41.123,69.663,28.540,18.701,28.107,9.406
mp-aaaabolj,40.723,62.819,22.096,19.975,26.979,7.004
mp-aaaabomi,136.128,155.988,19.860,63.278,59.438,3.840
mp-aaaabomp,8.580,0.222,8.358,5.136,11.445,6.309
mp-aaaabond,9.875,-3.456,13.331,4.784,6.899,2.115
mp-aaaabonk,62.603,96.426,33.823,37.793,43.350,5.557
mp-aaaabonp,15.439,101.856,86.417,12.330,22.140,9.810
mp-aaaabons,17.245,108.787,91.542,9.563,13.961,4.398
mp-aaaaboof,12.959,6.414,6.545,3.423,7.461,4.038
mp-aaaabooo,46.429,75.180,28.751,18.352,35.162,16.810
mp-aaaaboor,13.584,24.312,10.728,6.409,14.291,7.882
mp-aaaaboov,41.760,55.726,13.966,25.359,32.632,7.273
mp-aaaabopi,27.664,51.915,24.251,15.950,8.627,7.323
mp-aaaabopk,18.837,88.002,69.165,3.242,9.355,6.113
mp-aaaabopy,27.210,36.216,9.006,16.167,25.885,9.718
mp-aaaabopz,5.717,72.661,66.944,3.334,2.964,0.370
mp-aaaaboqa,21.780,44.580,22.800,7.820,7.359,0.461
mp-aaaaboqg,6.855,41.741,34.886,4.068,10.315,6.247
mp-aaaaboqm,81.939,143.510,61.571,42.907,39.221,3.686
mp-aaaaboqp,139.088,127.843,11.245,72.998,68.356,4.642
mp-aaaaboqw,42.892,61.907,19.015,19.864,20.408,0.544
mp-aaaaborg,241.568,298.565,56.997,98.734,82.979,15.755
mp-aaaaborx,108.798,139.318,30.520,53.526,51.751,1.775
mp-aaaaborz,6.959,69.298,62.339,2.887,4.415,1.528
mp-aaaabose,123.110,109.055,14.055,61.657,67.201,5.544
mp-aaaabosl,5.110,28.803,23.693,3.287,12.281,8.994
mp-aaaabotk,8.611,14.362,5.751,4.661,2.541,2.120
mp-aaaabotm,49.817,72.996,23.179,23.323,27.613,4.290
mp-aaaabouc,94.869,109.142,14.273,34.888,30.554,4.334
mp-aaaabour,36.257,38.737,2.480,18.640,19.257,0.617
mp-aaaabout,45.175,58.170,12.995,24.379,41.154,16.775
mp-aaaabovu,109.701,80.007,29.694,71.768,65.446,6.322
mp-aaaabovw,182.130,121.800,60.330,112.527,103.198,9.329
mp-aaaabows,10.055,92.494,82.439,7.434,3.941,3.493
mp-aaaabowu,11.330,23.868,12.538,5.731,8.878,3.147
mp-aaaabowy,7.069,-7.175,14.244,3.906,8.657,4.751
mp-aaaabowz,11.992,56.792,44.800,7.055,8.247,1.192
mp-aaaaboxa,20.290,22.664,2.374,6.877,-0.843,7.720
mp-aaaaboxb,2.085,13.785,11.700,1.135,-14.015,15.150
mp-aaaaboxw,41.504,25.700,15.804,18.920,23.436,4.516
mp-aaaaboyc,12.169,133.724,121.555,6.513,5.105,1.408
mp-aaaaboye,51.099,73.383,22.284,24.366,8.796,15.570
mp-aaaaboyn,47.956,92.946,44.990,18.881,26.821,7.940
mp-aaaaboyo,15.328,63.560,48.232,11.944,5.819,6.125
mp-aaaaboyp,12.532,59.284,46.752,4.615,13.218,8.603
mp-aaaaboys,39.706,31.548,8.158,20.865,18.505,2.360
mp-aaaaboyz,14.902,-2.419,17.321,8.571,3.687,4.884
mp-aaaabozb,12.515,-8.343,20.858,5.950,9.607,3.657
mp-aaaabozd,190.279,202.853,12.574,150.727,131.125,19.602
mp-aaaabozp,32.884,49.558,16.674,23.382,31.482,8.100
mp-aaaabozu,282.538,260.674,21.864,,,
mp-aaaabpac,22.568,15.496,7.072,8.363,5.962,2.401
mp-aaaabpad,188.445,148.162,40.283,33.920,100.948,67.028
mp-aaaabpaj,2.167,48.934,46.767,2.170,-2.271,4.441
mp-aaaabpak,4.436,6.087,1.651,2.642,6.974,4.332
mp-aaaabpap,146.977,110.116,36.861,37.678,37.537,0.141
mp-aaaabpas,6.419,33.730,27.311,4.002,5.163,1.161
mp-aaaabpbb,13.737,22.836,9.099,10.508,24.944,14.436
mp-aaaabpbp,138.194,144.368,6.174,144.093,81.782,62.311
mp-aaaabpbs,80.530,87.471,6.941,27.008,35.570,8.562
mp-aaaabpbu,21.314,104.793,83.479,16.394,20.160,3.766
mp-aaaabpca,331.967,289.720,42.247,203.680,201.413,2.267
mp-aaaabpcb,190.279,190.197,0.082,76.549,97.173,20.624
mp-aaaabpcr,3.721,44.434,40.713,5.097,7.158,2.061
mp-aaaabpeb,52.412,36.895,15.517,32.910,36.500,3.590
mp-aaaabped,74.842,103.256,28.414,34.161,30.835,3.326
mp-aaaabpeh,9.650,9.885,0.235,5.044,11.647,6.603
mp-aaaabpei,9.126,27.056,17.930,4.099,9.360,5.261
mp-aaaabpek,8.965,18.137,9.172,5.067,9.171,4.104
mp-aaaabpel,10.523,-1.195,11.718,5.344,9.461,4.117
mp-aaaabpen,11.525,38.730,27.205,5.702,12.304,6.602
mp-aaaabpeo,13.744,65.209,51.465,6.203,17.042,10.839
mp-aaaabpep,12.514,-10.967,23.481,5.247,11.401,6.154
mp-aaaabper,32.742,25.877,6.865,10.903,10.281,0.622
mp-aaaabpes,17.175,25.142,7.967,10.693,15.096,4.403
mp-aaaabpet,12.238,24.645,12.407,5.720,10.713,4.993
mp-aaaabpeu,59.625,43.390,16.235,34.015,39.019,5.004
mp-aaaabpfc,24.065,130.893,106.828,17.040,23.949,6.909
mp-aaaabpfd,27.742,186.523,158.781,19.671,22.083,2.412
mp-aaaabpfe,30.511,206.967,176.456,21.367,29.161,7.794
mp-aaaabpfp,177.680,195.480,17.800,97.153,109.831,12.678
mp-aaaabpfr,32.289,117.623,85.334,20.406,42.862,22.456
mp-aaaabpft,31.053,39.843,8.790,15.706,12.288,3.418
mp-aaaabpgk,8.703,27.681,18.978,4.521,11.921,7.400
mp-aaaabpgq,198.421,154.699,43.722,48.748,96.767,48.019
mp-aaaabpgt,43.238,71.566,28.328,25.849,30.577,4.728
mp-aaaabpgz,30.201,44.723,14.522,12.511,11.760,0.751
mp-aaaabphg,123.849,102.351,21.498,95.505,89.602,5.903
mp-aaaabphs,55.442,56.045,0.603,16.440,17.067,0.627
mp-aaaabphv,168.542,197.706,29.164,97.532,123.495,25.963
mp-aaaabpid,173.006,147.208,25.798,74.472,91.917,17.445
mp-aaaabpig,32.647,49.747,17.100,28.995,30.342,1.347
mp-aaaabpik,7.509,37.478,29.969,3.700,16.707,13.007
mp-aaaabpjd,377.071,296.923,80.148,182.174,179.490,2.684
mp-aaaabpje,15.781,94.582,78.801,4.885,3.527,1.358
mp-aaaabpjv,27.477,66.890,39.413,14.801,10.259,4.542
mp-aaaabpjw,24.348,17.840,6.508,12.791,8.233,4.558
mp-aaaabpjz,9.801,36.295,26.494,5.380,8.491,3.111
mp-aaaabpka,10.180,42.383,32.203,5.194,6.816,1.622
mp-aaaabpkd,6.847,7.562,0.715,3.843,5.171,1.328
mp-aaaabpki,72.722,86.838,14.116,33.187,35.134,1.947
mp-aaaabpkn,3.927,93.581,89.654,2.160,11.015,8.855
mp-aaaabple,78.254,84.270,6.016,15.310,27.082,11.772
mp-aaaabpll,7.357,23.706,16.349,4.455,6.539,2.084
mp-aaaabplp,74.063,112.311,38.248,43.590,46.763,3.173
mp-aaaabpls,10.740,79.189,68.449,6.127,6.986,0.859
mp-aaaabplw,126.394,106.005,20.389,50.100,45.801,4.299
mp-aaaabpmq,12.303,54.010,41.707,11.563,1.632,9.931
mp-aaaabpmv,15.233,60.720,45.487,5.971,9.015,3.044
mp-aaaabpnc,209.142,206.538,2.604,60.797,89.187,28.390
mp-aaaabpnm,24.781,99.983,75.202,20.167,22.374,2.207
mp-aaaabpnn,18.541,52.520,33.979,15.059,23.051,7.992
mp-aaaabpnp,37.483,67.339,29.856,25.136,16.239,8.897
mp-aaaabpoe,10.289,-21.424,31.713,4.884,8.924,4.040
mp-aaaabpoq,1.029,47.199,46.170,0.187,5.324,5.137
mp-aaaabppe,8.577,-18.891,27.468,3.938,3.920,0.018
mp-aaaabppk,12.683,81.945,69.262,6.039,2.887,3.152
mp-aaaabpqn,10.810,16.685,5.875,6.046,11.649,5.603
mp-aaaabpqs,90.563,112.003,21.440,35.739,51.481,15.742
mp-aaaabprf,24.004,42.686,18.682,9.850,9.214,0.636
mp-aaaabpri,19.399,0.821,18.578,12.792,7.509,5.283
mp-aaaabprn,18.587,-8.237,26.824,12.762,7.827,4.935
mp-aaaabprq,2.346,67.335,64.989,2.360,1.179,1.181
mp-aaaabptu,13.437,27.419,13.982,5.992,13.249,7.257
mp-aaaabptw,162.509,145.766,16.743,72.047,73.158,1.111
mp-aaaabptx,7.158,83.071,75.913,4.202,2.917,1.285
mp-aaaabpue,2.012,18.846,16.834,1.038,5.510,4.472
mp-aaaabpuo,19.113,39.609,20.496,11.927,8.504,3.423
mp-aaaabpus,196.978,170.362,26.616,103.758,85.125,18.633
mp-aaaabpvc,23.952,36.390,12.438,10.843,8.473,2.370
mp-aaaabpve,110.324,82.434,27.890,58.503,63.546,5.043
mp-aaaabpvi,16.721,68.218,51.497,5.768,13.997,8.229
mp-aaaabpvl,27.774,34.403,6.629,13.205,13.730,0.525
mp-aaaabpvu,16.921,15.408,1.513,8.008,14.472,6.464
mp-aaaabpvv,15.527,29.582,14.055,9.192,10.829,1.637
mp-aaaabpwo,16.356,11.994,4.362,7.963,2.787,5.176
mp-aaaabpws,9.387,54.228,44.841,6.232,1.620,4.612
mp-aaaabpxj,44.532,89.716,45.184,12.248,7.072,5.176
mp-aaaabpxw,24.186,35.829,11.643,11.791,28.863,17.072
mp-aaaabpxz,95.286,80.017,15.269,39.105,50.464,11.359
mp-aaaabpyr,23.318,43.123,19.805,2.200,16.454,14.254
mp-aaaabpyy,36.278,45.018,8.740,14.225,18.313,4.088
mp-aaaabpzd,1.243,24.522,23.279,0.967,2.640,1.673
mp-aaaabpzk,30.801,61.596,30.795,13.085,23.019,9.934
mp-aaaabpzz,0.521,84.659,84.138,0.163,5.760,5.597
mp-aaaabqad,198.464,230.605,32.141,173.797,149.143,24.654
mp-aaaabqce,9.947,80.215,70.268,3.729,1.262,2.467
mp-aaaabqcq,5.004,-25.022,30.026,2.591,4.398,1.807
mp-aaaabqdj,21.429,127.558,106.129,11.575,4.389,7.186
mp-aaaabqdk,28.825,143.843,115.018,17.814,29.649,11.835
mp-aaaabqeb,17.295,30.321,13.026,7.552,6.938,0.614
mp-aaaabqgb,77.448,101.071,23.623,56.475,49.515,6.960
mp-aaaabqgf,50.374,37.821,12.553,31.593,17.045,14.548
mp-aaaabqgt,75.053,60.666,14.387,26.886,30.064,3.178
mp-aaaabqhr,23.476,43.960,20.484,12.461,13.059,0.598
mp-aaaabqhs,37.683,49.639,11.956,25.035,27.329,2.294
mp-aaaabqht,48.727,60.677,11.950,35.622,31.263,4.359
mp-aaaabqhz,25.283,39.964,14.681,14.596,14.683,0.087
mp-aaaabqic,32.992,44.078,11.086,22.436,22.839,0.403
mp-aaaabqih,264.934,197.887,67.047,191.090,160.716,30.374
mp-aaaabqik,13.370,22.917,9.547,,,
mp-aaaabqio,154.883,136.236,18.647,34.515,48.816,14.301
mp-aaaabqjb,15.726,-1.424,17.150,8.724,5.785,2.939
mp-aaaabqjd,291.265,309.974,18.709,204.868,198.166,6.702
mp-aaaabqje,46.765,74.843,28.078,24.856,31.925,7.069
mp-aaaabqjt,107.264,86.716,20.548,55.197,46.468,8.729
mp-aaaabqkn,125.248,132.277,7.029,62.129,51.306,10.823
mp-aaaabqlf,3.984,22.932,18.948,2.594,3.491,0.897
mp-aaaabqlo,-6.384,25.469,31.853,-8.839,9.245,18.084
mp-aaaabqlu,41.960,74.193,32.233,21.927,31.240,9.313
mp-aaaabqmh,11.667,30.018,18.351,10.585,22.795,12.210
mp-aaaabqms,-2.320,76.886,79.206,2.594,2.343,0.251
mp-aaaabqnb,237.852,198.102,39.750,175.410,176.033,0.623
mp-aaaabqnx,2.392,1.655,0.737,9.017,3.322,5.695
mp-aaaabqoo,77.679,79.947,2.268,42.257,59.341,17.084
mp-aaaabqpa,22.958,35.956,12.998,10.928,12.790,1.862
mp-aaaabqpe,219.890,327.906,108.016,106.867,109.262,2.395
mp-aaaabqpl,90.273,118.543,28.270,47.964,53.599,5.635
mp-aaaabqpn,118.955,128.405,9.450,59.136,57.670,1.466
mp-aaaabqpp,81.843,59.461,22.382,62.621,67.806,5.185
mp-aaaabqqc,16.312,46.572,30.260,7.334,8.826,1.492
mp-aaaabqrb,16.739,20.684,3.945,10.994,11.509,0.515
mp-aaaabqre,136.797,108.214,28.583,80.702,92.981,12.279
mp-aaaabqrj,19.458,19.252,0.206,8.949,6.655,2.294
mp-aaaabqsm,16.727,12.580,4.147,9.591,2.485,7.106
mp-aaaabqsy,43.521,87.496,43.975,26.483,20.897,5.586
mp-aaaabqtj,87.709,66.438,21.271,34.758,46.380,11.622
mp-aaaabqtk,195.576,251.045,55.469,67.035,69.849,2.814
mp-aaaabqtl,236.227,290.861,54.634,73.014,93.285,20.271
mp-aaaabquh,37.225,77.271,40.046,23.847,35.842,11.995
mp-aaaabqup,104.512,67.992,36.520,96.350,57.739,38.611
mp-aaaabqur,10.461,46.594,36.133,5.307,13.289,7.982
mp-aaaabqva,12.425,81.846,69.421,8.640,6.912,1.728
mp-aaaabqvh,108.208,71.877,36.331,56.276,56.184,0.092
mp-aaaabqvq,31.919,28.779,3.140,8.703,10.204,1.501
mp-aaaabqwo,33.026,52.006,18.980,13.188,6.663,6.525
mp-aaaabqwq,12.443,15.089,2.646,7.072,8.020,0.948
mp-aaaabqxf,89.914,76.133,13.781,54.300,50.699,3.601
mp-aaaabqxp,144.899,174.864,29.965,84.753,121.666,36.913
mp-aaaabqxt,19.912,27.486,7.574,12.262,12.577,0.315
mp-aaaabqxv,74.017,67.385,6.632,26.776,30.648,3.872
mp-aaaabqxz,9.879,34.293,24.414,5.456,6.948,1.492
mp-aaaabqyj,26.516,54.326,27.810,16.903,24.273,7.370
mp-aaaabqyk,289.385,243.125,46.260,115.863,101.545,14.318
mp-aaaabqzp,12.982,29.984,17.002,7.903,4.652,3.251
mp-aaaabrab,58.012,73.987,15.975,22.313,29.280,6.967
mp-aaaabrai,228.877,286.071,57.194,128.086,138.773,10.687
mp-aaaabrau,50.267,75.279,25.012,30.528,35.304,4.776
mp-aaaabrax,75.053,110.434,35.381,37.645,38.698,1.053
mp-aaaabrbr,173.637,161.641,11.995,105.494,110.748,5.254
mp-aaaabrcl,80.907,72.922,7.985,46.598,56.231,9.633
mp-aaaabrcn,36.377,114.738,78.361,22.510,22.438,0.072
mp-aaaabrcp,121.804,101.630,20.174,65.726,52.651,13.075
mp-aaaabrcq,63.615,78.407,14.792,27.585,32.266,4.681
mp-aaaabrcs,20.785,18.612,2.173,8.939,13.982,5.043
mp-aaaabrcz,8.895,30.146,21.251,3.613,3.484,0.129
mp-aaaabrdd,40.286,81.599,41.313,28.342,32.138,3.796
mp-aaaabrdf,38.043,71.768,33.725,26.953,28.945,1.992
mp-aaaabrdg,158.429,120.457,37.972,79.053,75.745,3.308
mp-aaaabrdh,157.834,118.808,39.026,82.497,64.743,17.754
mp-aaaabrdi,171.950,135.033,36.917,86.955,91.187,4.232
mp-aaaabrdl,122.687,100.850,21.837,81.176,77.511,3.665
mp-aaaabred,59.670,59.900,0.230,26.965,36.030,9.065
mp-aaaabrey,36.759,80.844,44.085,20.852,5.353,15.499
mp-aaaabrfj,32.353,57.012,24.659,18.785,20.867,2.082
mp-aaaabrfk,34.698,42.772,8.074,22.208,25.305,3.097
mp-aaaabrfl,31.668,41.988,10.320,21.056,26.000,4.944
mp-aaaabrfm,33.134,46.695,13.561,27.310,24.841,2.469
mp-aaaabrgr,54.846,26.931,27.915,45.672,41.950,3.722
mp-aaaabrgt,36.771,51.540,14.769,25.902,18.166,7.736
mp-aaaabrhj,51.718,93.299,41.581,16.451,26.786,10.335
mp-aaaabrjg,33.706,57.003,23.297,14.373,24.660,10.287
mp-aaaabrjz,22.040,76.803,54.763,15.101,21.060,5.959
mp-aaaabrko,40.064,68.657,28.593,26.861,20.579,6.282
mp-aaaabrky,86.049,78.273,7.776,44.286,40.799,3.487
mp-aaaabrlc,143.935,139.606,4.329,77.985,69.123,8.862
mp-aaaabrli,10.789,73.895,63.106,5.407,8.030,2.623
mp-aaaabrlk,94.256,107.453,13.197,64.692,62.119,2.573
mp-aaaabrlu,21.147,38.394,17.247,13.849,23.301,9.452
mp-aaaabrlz,9.122,19.999,10.877,4.756,9.206,4.450
mp-aaaabrmq,49.450,75.123,25.673,17.547,25.792,8.245
mp-aaaabrms,6.990,-2.453,9.443,4.160,8.502,4.342
mp-aaaabrmu,23.393,48.822,25.429,-1.641,15.021,16.662
mp-aaaabrmx,8.702,13.052,4.350,4.898,2.976,1.922
mp-aaaabrnl,14.933,45.572,30.639,6.566,4.204,2.362
mp-aaaabrox,152.853,112.267,40.586,72.500,65.509,6.991
mp-aaaabroy,14.872,1.558,13.314,8.101,9.951,1.850
mp-aaaabrpf,92.715,131.614,38.899,65.035,84.281,19.246
mp-aaaabrps,51.967,67.617,15.650,17.901,22.343,4.442
mp-aaaabrpx,9.727,-18.654,28.381,4.388,8.521,4.133
mp-aaaabrqa,14.347,8.397,5.950,7.232,8.046,0.814
mp-aaaabrqm,-2.294,30.283,32.577,-0.810,8.641,9.451
mp-aaaabrqs,-0.000,46.062,46.062,1.662,11.963,10.301
mp-aaaabrrk,6.138,21.721,15.583,3.800,3.971,0.171
mp-aaaabrrt,29.913,44.874,14.961,18.993,14.500,4.493
mp-aaaabrsf,5.463,1.346,4.117,2.962,0.001,2.961
mp-aaaabrsp,12.299,15.565,3.266,5.400,6.438,1.038
mp-aaaabrsu,14.578,60.017,45.439,5.262,16.492,11.230
mp-aaaabrtw,16.006,5.491,10.515,8.037,4.062,3.975
mp-aaaabrtx,14.836,11.049,3.787,7.057,8.835,1.778
mp-aaaabrui,93.704,91.725,1.979,48.550,55.596,7.046
mp-aaaabrvb,31.174,58.463,27.289,13.621,14.409,0.788
mp-aaaabrvd,102.880,133.912,31.032,-4.889,44.569,49.458
mp-aaaabrve,205.053,168.041,37.012,104.220,126.255,22.035
mp-aaaabrvh,6.865,40.648,33.783,14.483,15.428,0.945
mp-aaaabrvj,30.573,55.652,25.079,15.677,19.522,3.845
mp-aaaabrvk,16.399,41.009,24.610,10.996,21.489,10.493
mp-aaaabrvt,121.813,107.300,14.513,37.662,49.004,11.342
mp-aaaabrvy,86.263,74.742,11.521,32.854,35.495,2.641
mp-aaaabrwb,18.188,46.651,28.463,14.027,17.375,3.348
mp-aaaabrwd,42.788,60.384,17.596,9.879,13.198,3.319
mp-aaaabrwg,114.549,97.850,16.699,75.643,68.074,7.569
mp-aaaabrwh,58.083,78.085,20.002,28.693,21.468,7.225
mp-aaaabrwm,19.248,42.319,23.071,13.686,-15.653,29.339
mp-aaaabrwq,47.470,70.432,22.962,15.999,13.828,2.171
mp-aaaabrws,166.689,113.398,53.291,69.397,49.849,19.548
mp-aaaabrwt,49.299,80.688,31.389,13.740,13.517,0.223
mp-aaaabrwv,180.761,167.193,13.568,70.297,46.792,23.505
mp-aaaabrwx,144.525,156.600,12.075,11.431,15.687,4.256
mp-aaaabrwz,66.290,78.825,12.535,18.302,25.241,6.939
mp-aaaabrxa,12.946,40.344,27.398,9.841,8.737,1.104
mp-aaaabrxi,230.449,261.135,30.686,103.580,144.963,41.383
mp-aaaabrxm,61.742,63.919,2.177,14.291,18.763,4.472
mp-aaaabrzh,181.021,187.905,6.884,85.796,88.243,2.447
mp-aaaabrzi,164.797,159.954,4.843,91.599,95.051,3.452
mp-aaaabrzn,67.211,117.954,50.743,30.398,27.225,3.173
mp-aaaabrzp,69.981,78.643,8.662,35.796,35.017,0.779
mp-aaaabrzs,81.107,81.191,0.084,56.760,49.348,7.412
mp-aaaabrzy,166.120,166.342,0.222,98.975,97.417,1.558
mp-aaaabsae,24.702,49.798,25.096,12.965,5.639,7.326
mp-aaaabsag,11.461,15.401,3.940,3.787,7.350,3.563
mp-aaaabsah,9.340,12.921,3.581,0.299,7.263,6.964
mp-aaaabsai,195.587,184.825,10.762,57.888,46.506,11.382
mp-aaaabsak,54.044,56.654,2.610,28.446,41.273,12.827
mp-aaaabsar,38.531,71.382,32.851,24.118,31.603,7.485
mp-aaaabsat,12.077,17.634,5.557,-1.893,4.204,6.097
mp-aaaabsau,22.876,11.226,11.650,10.868,-0.563,11.431
mp-aaaabsbb,77.515,115.847,38.332,30.575,19.631,10.944
mp-aaaabsbc,73.159,71.330,1.829,51.058,49.919,1.139
mp-aaaabsch,14.705,51.987,37.282,9.255,9.931,0.676
mp-aaaabsck,9.131,-5.647,14.778,4.015,0.573,3.442
mp-aaaabscn,77.721,73.154,4.567,54.318,62.788,8.470
mp-aaaabscu,39.693,66.911,27.218,12.451,20.094,7.643
mp-aaaabsde,70.643,122.810,52.167,24.477,26.063,1.586
mp-aaaabseo,5.015,29.983,24.968,1.482,10.720,9.238
mp-aaaabseu,50.028,125.058,75.030,25.135,29.968,4.833
mp-aaaabsez,19.054,24.277,5.223,7.960,8.121,0.161
mp-aaaabsfp,13.465,83.674,70.209,6.248,9.586,3.338
mp-aaaabsfw,149.778,155.856,6.078,37.797,50.013,12.216
mp-aaaabsfy,18.684,71.302,52.618,7.562,5.091,2.471
mp-aaaabsga,110.731,128.143,17.412,47.537,64.143,16.606
mp-aaaabsgu,-12.521,28.645,41.166,,,
mp-aaaabshp,70.965,141.499,70.534,9.328,46.599,37.271
mp-aaaabshy,12.959,91.397,78.438,8.720,0.854,7.866
mp-aaaabsim,165.266,181.625,16.359,85.631,77.026,8.605
mp-aaaabsiv,39.109,75.028,35.919,25.771,31.101,5.330
mp-aaaabska,12.914,1.653,11.261,6.882,7.865,0.983
mp-aaaabskp,35.784,56.037,20.253,19.930,22.108,2.178
mp-aaaabsky,173.958,183.359,9.401,100.445,100.394,0.051
mp-aaaabslb,3.823,-9.498,13.321,2.514,5.116,2.602
mp-aaaabsld,36.206,53.185,16.979,-45.445,-22.917,22.528
mp-aaaabsle,7.410,32.341,24.931,2.537,8.360,5.823
mp-aaaabslk,33.265,45.065,11.800,21.701,22.177,0.476
mp-aaaabsln,185.912,189.200,3.288,90.753,90.332,0.421
mp-aaaabslo,158.882,185.207,26.325,3.563,45.867,42.304
mp-aaaabslp,122.975,147.303,24.328,66.091,81.958,15.867
mp-aaaabslr,117.067,99.439,17.628,70.540,76.533,5.993
mp-aaaabslx,18.145,69.456,51.311,11.602,3.399,8.203
mp-aaaabsmb,23.889,71.997,48.108,8.104,20.289,12.185
mp-aaaabsmg,8.763,0.223,8.540,4.908,3.724,1.184
mp-aaaabsmk,139.813,125.104,14.709,28.979,37.442,8.463
mp-aaaabsmm,5.029,44.229,39.200,3.178,6.256,3.078
mp-aaaabsmn,147.435,118.825,28.610,26.623,33.203,6.580
mp-aaaabsmx,38.234,47.829,9.595,-52.540,3.097,55.637
mp-aaaabsmy,62.413,64.395,1.982,22.035,38.930,16.895
mp-aaaabsnb,36.786,54.915,18.129,16.885,7.996,8.889
mp-aaaabsnj,208.317,212.109,3.792,152.913,141.762,11.151
mp-aaaabspf,2.676,43.621,40.945,1.835,11.956,10.121
mp-aaaabspn,137.302,112.328,24.974,70.614,61.131,9.483
mp-aaaabspo,375.423,291.533,83.890,,,
mp-aaaabspr,29.101,41.787,12.686,19.356,20.711,1.355
mp-aaaabspw,96.016,124.680,28.664,79.534,84.382,4.848
mp-aaaabsqa,105.736,123.827,18.091,-1.456,14.258,15.714
mp-aaaabsqb,134.468,147.743,13.275,25.701,66.626,40.925
mp-aaaabsqp,62.198,62.710,0.512,40.313,29.295,11.018
mp-aaaabsqr,116.530,105.013,11.517,78.364,72.891,5.473
mp-aaaabsqs,101.138,102.772,1.634,58.206,61.377,3.171
mp-aaaabsqu,111.709,103.981,7.728,74.751,84.613,9.862
mp-aaaabsqv,104.057,107.653,3.596,64.543,57.403,7.140
mp-aaaabsqw,122.373,132.190,9.817,75.405,60.565,14.840
mp-aaaabsqx,119.733,109.203,10.530,85.414,81.090,4.324
mp-aaaabsru,12.446,8.896,3.550,5.747,7.795,2.048
mp-aaaabsrv,41.385,65.469,24.084,22.985,12.289,10.696
mp-aaaabsrw,113.331,91.783,21.548,69.552,68.139,1.413
mp-aaaabsrx,15.533,60.445,44.912,7.936,17.367,9.431
mp-aaaabssp,11.060,9.724,1.336,4.887,12.849,7.962
mp-aaaabste,88.485,109.084,20.599,69.588,80.068,10.480
mp-aaaabstg,62.075,94.481,32.406,34.799,59.206,24.407
mp-aaaabsth,54.791,92.559,37.768,34.467,54.271,19.804
mp-aaaabstj,51.731,88.561,36.830,40.488,46.396,5.908
mp-aaaabstn,113.218,62.637,50.581,29.163,29.070,0.093
mp-aaaabsuj,62.710,60.859,1.851,30.419,34.397,3.978
mp-aaaabsvl,30.023,69.489,39.466,18.037,24.981,6.944
mp-aaaabsvr,96.913,98.913,2.000,40.652,49.606,8.954
mp-aaaabsvw,96.593,107.312,10.719,40.151,50.039,9.888
mp-aaaabsvz,80.701,70.015,10.686,22.835,38.859,16.024
mp-aaaabswu,116.786,110.987,5.799,76.786,96.027,19.241
mp-aaaabswv,126.403,114.848,11.555,102.302,94.409,7.893
mp-aaaabsww,49.823,44.033,5.790,32.502,30.405,2.097
mp-aaaabswx,77.336,78.929,1.593,34.070,28.057,6.013
mp-aaaabswy,77.665,76.794,0.871,25.820,24.202,1.618
mp-aaaabswz,78.331,75.430,2.901,28.717,22.179,6.538
mp-aaaabsxa,77.054,76.283,0.771,26.089,23.621,2.468
mp-aaaabsxb,77.989,73.150,4.839,14.930,22.752,7.822
mp-aaaabsxc,43.023,44.721,1.698,15.372,14.393,0.979
mp-aaaabsxf,83.809,83.072,0.737,26.910,30.135,3.225
mp-aaaabsxh,39.481,44.098,4.617,13.522,22.455,8.933
mp-aaaabsxj,77.693,77.480,0.213,17.218,24.203,6.985
mp-aaaabsxk,47.598,52.516,4.918,20.815,17.724,3.091
mp-aaaabsxl,200.369,181.613,18.756,62.854,58.207,4.647
mp-aaaabsxm,89.295,92.415,3.120,35.942,30.910,5.032
mp-aaaabsxn,27.873,36.364,8.491,13.764,11.964,1.800
mp-aaaabsxp,21.352,34.850,13.498,9.351,9.473,0.122
mp-aaaabsxq,72.426,69.419,3.007,29.940,25.385,4.555
mp-aaaabsxs,74.075,75.650,1.575,18.548,15.395,3.153
mp-aaaabsxu,97.309,89.003,8.306,21.026,33.925,12.899
mp-aaaabsxv,44.664,59.765,15.101,16.757,18.929,2.172
mp-aaaabsxw,80.248,91.348,11.100,16.568,25.872,9.304
mp-aaaabsxx,148.197,101.366,46.831,42.582,39.058,3.524
mp-aaaabsyd,73.514,74.638,1.124,11.916,12.527,0.611
mp-aaaabsyg,90.936,84.075,6.861,22.045,11.677,10.368
mp-aaaabsyn,59.891,66.223,6.332,25.706,30.000,4.294
mp-aaaabsyp,133.005,103.637,29.368,58.098,39.393,18.705
mp-aaaabsyy,53.673,57.880,4.207,16.653,15.183,1.470
mp-aaaabszb,101.827,104.336,2.509,24.732,13.420,11.312
mp-aaaabszj,44.376,53.070,8.694,11.552,21.353,9.801
mp-aaaabszk,54.242,46.838,7.404,21.767,23.009,1.242
mp-aaaabszl,55.812,55.171,0.641,21.316,23.012,1.696
mp-aaaabszm,45.771,46.541,0.770,8.488,14.786,6.298
mp-aaaabszo,111.519,112.183,0.664,29.873,21.408,8.465
mp-aaaabszp,107.796,106.421,1.375,40.081,62.672,22.591
mp-aaaabszq,127.572,122.915,4.657,32.116,27.732,4.384
mp-aaaabszy,114.725,120.816,6.091,21.951,14.624,7.327
mp-aaaabszz,25.037,84.914,59.877,66.090,23.806,42.284
mp-aaaabtad,125.266,126.156,0.890,26.935,31.252,4.317
mp-aaaabtag,30.641,50.050,19.409,18.744,22.291,3.547
mp-aaaabtah,31.416,55.213,23.797,17.133,19.075,1.942
mp-aaaabtan,60.919,53.625,7.294,26.771,28.228,1.457
mp-aaaabtao,25.239,41.071,15.832,17.206,13.870,3.336
mp-aaaabtap,27.550,42.886,15.336,7.882,11.880,3.998
mp-aaaabtar,66.403,53.376,13.027,24.277,24.683,0.406
mp-aaaabtas,182.568,105.385,77.183,162.402,161.170,1.232
mp-aaaabtav,140.051,121.636,18.415,150.117,111.626,38.491
mp-aaaabtax,151.947,134.257,17.690,117.848,100.552,17.296
mp-aaaabtay,133.551,133.948,0.397,149.843,112.327,37.516
mp-aaaabtbd,56.495,51.726,4.769,29.042,24.500,4.542
mp-aaaabtbf,40.538,40.040,0.498,27.691,23.651,4.040
mp-aaaabtbg,79.997,98.093,18.096,50.161,42.373,7.788
mp-aaaabtbh,89.435,125.838,36.403,40.218,36.253,3.965
mp-aaaabtbi,90.805,124.353,33.548,40.701,35.340,5.361
mp-aaaabtbj,90.608,124.121,33.513,40.665,34.112,6.553
mp-aaaabtbl,82.386,93.949,11.563,50.280,51.695,1.415
mp-aaaabtbn,87.697,94.568,6.871,53.578,45.278,8.300
mp-aaaabtbo,80.316,87.480,7.164,49.382,36.253,13.129
mp-aaaabtbp,83.365,95.345,11.980,23.445,33.566,10.121
mp-aaaabtbt,94.378,90.218,4.160,6.461,16.100,9.639
mp-aaaabtbw,73.550,122.214,48.664,25.236,0.780,24.456
mp-aaaabtbx,40.558,50.971,10.413,12.030,7.678,4.352
mp-aaaabtca,53.652,46.408,7.244,25.146,28.890,3.744
mp-aaaabtcj,167.886,136.045,31.841,79.033,75.204,3.829
mp-aaaabtck,21.746,7.522,14.224,10.484,13.982,3.498
mp-aaaabtcl,32.099,34.067,1.968,14.606,15.104,0.498
mp-aaaabtcn,22.439,29.835,7.396,9.782,13.411,3.629
mp-aaaabtcq,30.017,45.933,15.916,10.680,12.452,1.772
mp-aaaabtcs,39.972,49.125,9.153,19.676,17.032,2.644
mp-aaaabtct,43.169,56.114,12.945,-5.096,9.295,14.391
mp-aaaabtcv,154.491,149.801,4.690,57.642,43.339,14.303
mp-aaaabtcw,61.151,69.730,8.579,29.259,21.946,7.313
mp-aaaabtcx,53.428,50.675,2.753,25.460,45.397,19.937
mp-aaaabtcz,54.807,47.094,7.713,30.672,32.987,2.315
mp-aaaabtda,56.173,56.262,0.089,21.640,25.661,4.021
mp-aaaabtdc,81.552,90.676,9.124,26.541,31.157,4.616
mp-aaaabtdd,89.283,105.279,15.996,29.006,27.006,2.000
mp-aaaabtde,57.293,58.447,1.154,29.664,23.419,6.245
mp-aaaabtdi,64.176,53.172,11.004,30.596,24.188,6.408
mp-aaaabtdj,231.621,315.521,83.900,101.532,106.462,4.930
mp-aaaabtee,34.135,68.601,34.466,12.796,14.714,1.918
mp-aaaabteg,12.984,52.011,39.027,5.629,32.051,26.422
mp-aaaabtej,31.590,64.991,33.401,13.097,24.925,11.828
mp-aaaabtem,90.199,145.017,54.818,52.070,54.538,2.468
mp-aaaabtfb,190.304,182.466,7.838,88.288,97.642,9.354
mp-aaaabtff,195.874,177.003,18.871,90.532,87.362,3.170
mp-aaaabtfk,75.199,143.981,68.782,-106.263,-62.145,44.118
mp-aaaabtfn,140.779,114.340,26.439,67.418,71.408,3.990
mp-aaaabtfo,101.930,121.845,19.915,22.233,-2.529,24.762
mp-aaaabtfq,96.827,140.167,43.340,24.714,12.595,12.119
mp-aaaabtft,173.449,148.144,25.305,59.120,78.533,19.413
mp-aaaabtfu,204.598,191.785,12.813,105.307,82.699,22.608
mp-aaaabtfv,38.126,60.092,21.966,8.532,-2.526,11.058
mp-aaaabtfw,119.010,117.743,1.267,63.266,55.919,7.347
mp-aaaabtgc,107.720,88.620,19.100,23.276,27.142,3.866
mp-aaaabtgd,106.265,96.393,9.872,14.638,31.717,17.079
mp-aaaabtge,52.608,64.281,11.673,26.153,30.504,4.351
mp-aaaabtgf,123.959,98.543,25.416,54.412,51.823,2.589
mp-aaaabtgg,105.976,66.698,39.278,17.253,25.285,8.032
mp-aaaabtgj,116.726,107.677,9.049,53.682,46.446,7.236
mp-aaaabtgk,86.981,59.169,27.812,41.739,33.828,7.911
mp-aaaabtgl,100.153,77.293,22.860,31.240,52.048,20.808
mp-aaaabtgp,52.666,51.724,0.942,30.448,33.171,2.723
mp-aaaabtgq,149.253,125.751,23.502,27.073,32.190,5.117
mp-aaaabtgr,143.323,178.544,35.221,62.437,65.906,3.469
mp-aaaabtgs,145.218,151.582,6.364,47.364,48.450,1.086
mp-aaaabtgt,177.039,149.505,27.534,63.304,75.958,12.654
mp-aaaabtgw,47.714,36.022,11.692,24.239,29.685,5.446
mp-aaaabtgx,139.182,126.477,12.705,34.657,56.076,21.419
mp-aaaabtgy,109.138,93.057,16.081,13.382,25.795,12.413
mp-aaaabthb,136.626,112.257,24.369,60.974,42.572,18.402
mp-aaaabthc,68.534,65.559,2.975,42.601,33.151,9.450
mp-aaaabthi,76.471,105.550,29.079,25.794,23.341,2.453
mp-aaaabthj,131.951,138.124,6.173,48.795,49.843,1.048
mp-aaaabthl,60.804,74.914,14.110,37.354,36.083,1.271
mp-aaaabthr,103.802,119.987,16.185,35.813,31.872,3.941
mp-aaaabths,180.429,189.074,8.645,75.831,71.895,3.936
mp-aaaabtht,175.481,177.299,1.818,101.516,101.752,0.236
mp-aaaabthx,53.540,47.048,6.492,22.798,22.105,0.693
mp-aaaabtiu,38.321,39.715,1.394,26.698,16.531,10.167
mp-aaaabtiw,45.747,47.067,1.320,25.130,18.889,6.241
mp-aaaabtix,49.454,70.307,20.853,17.471,5.869,11.602
mp-aaaabtjb,135.145,131.211,3.934,66.100,44.057,22.043
mp-aaaabtjc,127.561,138.489,10.928,65.377,65.769,0.392
mp-aaaabtjd,166.368,146.072,20.296,48.916,43.220,5.696
mp-aaaabtje,167.969,172.088,4.119,38.510,44.086,5.576
mp-aaaabtjh,127.531,119.879,7.652,35.179,22.296,12.883
mp-aaaabtjo,177.165,176.274,0.891,,,
mp-aaaabtjq,74.250,63.989,10.261,24.825,29.194,4.369
mp-aaaabtjr,120.013,107.690,12.323,64.019,57.601,6.418
mp-aaaabtjs,118.806,117.014,1.792,55.181,41.797,13.384
mp-aaaabtjt,107.755,102.036,5.719,70.461,73.646,3.185
mp-aaaabtkc,113.596,60.364,53.232,75.217,59.540,15.677
mp-aaaabtkd,99.541,70.048,29.493,62.966,64.948,1.982
mp-aaaabtke,111.017,68.010,43.007,66.922,60.451,6.471
mp-aaaabtkf,97.364,71.827,25.537,72.855,62.193,10.662
mp-aaaabtkg,110.808,71.633,39.175,67.469,65.985,1.484
mp-aaaabtll,11.826,5.844,5.982,4.929,4.051,0.878
mp-aaaabtln,44.345,47.716,3.371,15.581,19.304,3.723
mp-aaaabtlp,68.584,68.448,0.136,10.762,18.855,8.093
mp-aaaabtlq,63.522,54.411,9.111,22.049,21.184,0.865
mp-aaaabtlt,62.527,47.078,15.449,27.952,20.924,7.028
mp-aaaabtlu,59.331,47.251,12.080,21.426,18.708,2.718
mp-aaaabtlv,69.740,68.600,1.140,25.347,21.660,3.687
mp-aaaabtlz,110.960,106.371,4.589,20.177,30.898,10.721
mp-aaaabtmf,54.978,60.103,5.125,36.231,27.896,8.335
mp-aaaabtmg,242.519,233.460,9.059,112.944,107.499,5.445
mp-aaaabtmh,76.899,94.538,17.639,27.796,34.023,6.227
mp-aaaabtmj,259.630,378.135,118.505,131.200,116.769,14.431
mp-aaaabtmm,333.760,291.625,42.135,184.951,184.900,0.051
mp-aaaabtmn,350.814,305.576,45.238,194.892,197.173,2.281
mp-aaaabtmo,130.242,192.944,62.702,46.637,27.991,18.646
mp-aaaabtms,89.025,98.256,9.231,64.291,60.414,3.877
mp-aaaabtmv,126.008,110.594,15.414,47.043,36.078,10.965
mp-aaaabtna,36.254,38.370,2.116,14.747,17.456,2.709
mp-aaaabtnb,32.073,35.026,2.953,13.480,6.617,6.863
mp-aaaabtnc,25.566,33.601,8.035,15.278,26.121,10.843
mp-aaaabtnf,81.931,87.024,5.093,9.173,15.422,6.249
mp-aaaabtng,135.254,104.937,30.317,64.550,66.858,2.308
mp-aaaabtnh,217.916,197.440,20.476,77.090,82.341,5.251
mp-aaaabtni,29.691,28.168,1.523,21.604,24.891,3.287
mp-aaaabtnj,27.747,33.150,5.403,22.949,23.863,0.914
mp-aaaabtnk,30.336,28.945,1.391,23.766,25.841,2.075
mp-aaaabtnl,29.762,29.729,0.033,24.659,25.804,1.145
mp-aaaabtnp,113.990,93.560,20.430,41.733,27.156,14.577
mp-aaaabtnq,116.057,107.491,8.566,51.674,46.495,5.179
mp-aaaabtnt,183.899,175.364,8.535,78.069,71.376,6.693
mp-aaaabtnu,112.559,86.926,25.633,68.756,38.331,30.425
mp-aaaabtnv,39.515,41.051,1.536,26.455,22.915,3.540
mp-aaaabtoa,68.686,80.225,11.539,39.903,19.783,20.120
mp-aaaabtod,268.478,238.828,29.650,132.343,125.357,6.986
mp-aaaabtoe,216.251,187.639,28.612,102.767,66.094,36.673
mp-aaaabtof,179.585,151.784,27.801,-9.903,-42.781,32.878
mp-aaaabtog,193.868,197.353,3.485,33.700,40.543,6.843
mp-aaaabtom,127.669,148.530,20.861,-114.163,-14.503,99.660
mp-aaaabton,89.583,95.717,6.134,43.695,69.531,25.836
mp-aaaabtoo,140.627,98.180,42.447,82.962,70.236,12.726
mp-aaaabtop,76.140,73.987,2.153,28.036,22.497,5.539
mp-aaaabtoq,56.978,57.956,0.978,23.092,29.303,6.211
mp-aaaabtor,75.202,64.720,10.482,36.423,39.797,3.374
mp-aaaabtov,51.162,50.506,0.656,24.888,32.193,7.305
mp-aaaabtoy,143.336,140.596,2.740,72.199,59.196,13.003
mp-aaaabtpb,226.168,192.249,33.919,97.776,107.409,9.633
mp-aaaabtpf,102.670,93.120,9.550,56.516,49.423,7.093
mp-aaaabtpg,68.314,68.700,0.386,29.042,31.096,2.054
mp-aaaabtph,104.819,93.733,11.086,56.274,60.692,4.418
mp-aaaabtpi,84.603,86.331,1.728,37.313,54.682,17.369
mp-aaaabtpj,124.378,111.132,13.246,59.706,78.539,18.833
mp-aaaabtpk,80.792,86.274,5.482,39.204,32.049,7.155
mp-aaaabtpl,119.342,115.429,3.913,55.198,73.058,17.860
mp-aaaabtpp,212.903,187.819,25.084,92.757,56.449,36.308
mp-aaaabtpy,56.392,50.216,6.176,13.412,25.829,12.417
mp-aaaabtpz,205.117,168.589,36.528,73.846,67.114,6.732
mp-aaaabtqa,210.488,165.997,44.491,86.887,61.002,25.885
mp-aaaabtqd,79.566,123.686,44.120,21.272,19.678,1.594
mp-aaaabtqe,154.553,144.413,10.140,41.930,50.457,8.527
mp-aaaabtqg,170.268,141.931,28.337,80.861,62.269,18.592
mp-aaaabtqi,142.674,137.063,5.611,13.402,32.709,19.307
mp-aaaabtqj,160.432,156.930,3.502,64.907,64.825,0.082
mp-aaaabtqk,102.187,115.735,13.548,30.087,42.433,12.346
mp-aaaabtql,136.970,136.567,0.403,56.643,51.291,5.352
mp-aaaabtqm,145.047,130.556,14.491,53.407,42.082,11.325
mp-aaaabtqn,243.933,201.405,42.528,75.583,83.313,7.730
mp-aaaabtqo,259.644,211.451,48.193,90.679,95.594,4.915
mp-aaaabtqp,202.970,191.721,11.249,73.603,76.879,3.276
mp-aaaabtqq,240.535,218.154,22.381,86.388,84.465,1.923
mp-aaaabtqu,211.734,210.863,0.871,67.417,65.421,1.996
mp-aaaabtqw,221.479,187.306,34.173,103.854,81.306,22.548
mp-aaaabtre,282.841,212.771,70.070,137.344,148.332,10.988
mp-aaaabtrf,148.847,171.137,22.290,55.613,55.781,0.168
mp-aaaabtrj,178.536,162.990,15.546,-53.314,-44.960,8.354
mp-aaaabtrk,71.526,84.790,13.264,40.547,38.708,1.839
mp-aaaabtrn,114.555,102.779,11.776,61.103,49.201,11.902
mp-aaaabtro,103.006,108.715,5.709,39.314,47.710,8.396
mp-aaaabtrp,26.768,36.721,9.953,16.996,5.530,11.466
mp-aaaabtrq,52.636,53.905,1.269,14.522,16.254,1.732
mp-aaaabtru,105.490,112.255,6.765,65.278,55.584,9.694
mp-aaaabtrv,125.541,133.175,7.634,38.221,41.650,3.429
mp-aaaabtrw,72.174,75.104,2.930,41.301,35.294,6.007
mp-aaaabtrx,78.306,72.874,5.432,45.395,39.484,5.911
mp-aaaabtry,79.823,80.110,0.287,54.123,38.834,15.289
mp-aaaabtse,24.169,44.356,20.187,11.495,9.495,2.000
mp-aaaabtth,56.904,55.192,1.712,8.761,27.282,18.521
mp-aaaabttq,1.042,12.098,11.056,0.713,3.422,2.709
mp-aaaabttt,82.991,75.943,7.048,48.372,31.993,16.379
mp-aaaabtud,10.068,30.434,20.366,6.512,12.327,5.815
mp-aaaabtum,0.919,60.716,59.797,0.772,8.625,7.853
mp-aaaabtun,0.727,21.765,21.038,1.064,13.243,12.179
mp-aaaabtuo,1.125,1.044,0.081,0.757,3.507,2.750
mp-aaaabtvp,26.626,63.811,37.185,18.976,27.454,8.478
mp-aaaabtwh,6.140,114.925,108.785,4.404,2.778,1.626
mp-aaaabtwt,106.197,107.846,1.649,64.641,60.035,4.606
mp-aaaabtwz,144.347,157.949,13.602,89.672,80.037,9.635
mp-aaaabtxa,35.760,49.545,13.785,20.895,26.088,5.193
mp-aaaabtxn,113.246,116.033,2.787,50.422,38.493,11.929
mp-aaaabtxu,5.622,53.777,48.155,5.137,16.218,11.081
mp-aaaabtxz,30.335,43.084,12.749,11.003,6.829,4.174
mp-aaaabtyl,96.711,101.119,4.408,74.295,75.228,0.933
mp-aaaabtyp,43.029,77.224,34.195,19.745,32.237,12.492
mp-aaaabtyu,14.126,85.526,71.400,3.607,-2.208,5.815
mp-aaaabtzc,72.813,83.728,10.915,,,
mp-aaaabtzk,87.972,81.686,6.286,63.155,57.432,5.723
mp-aaaabtzl,153.967,107.065,46.902,97.394,54.612,42.782
mp-aaaabtzq,35.625,42.446,6.821,19.553,22.926,3.373
mp-aaaabtzx,101.890,104.336,2.446,61.658,62.683,1.025
mp-aaaabuaa,36.478,63.266,26.788,24.109,25.157,1.048
mp-aaaabuau,153.924,120.525,33.399,79.013,71.462,7.551
mp-aaaabuaw,162.110,126.271,35.839,81.837,80.848,0.989
mp-aaaabuax,163.461,127.701,35.760,82.231,77.430,4.801
mp-aaaabuay,164.678,129.230,35.448,82.262,72.364,9.898
mp-aaaabubo,65.165,82.453,17.288,38.649,39.708,1.059
mp-aaaabubq,146.973,146.312,0.661,53.987,51.093,2.894
mp-aaaabubs,38.213,58.745,20.532,,,
mp-aaaabubt,39.321,43.898,4.577,-13.715,15.821,29.536
mp-aaaabubu,38.630,65.094,26.464,-22.986,10.312,33.298
mp-aaaabubw,45.356,34.971,10.385,14.575,17.780,3.205
mp-aaaabubx,38.096,38.746,0.650,24.080,20.116,3.964
mp-aaaabubz,43.884,41.456,2.428,31.194,27.993,3.201
mp-aaaabuca,34.655,45.609,10.954,25.518,22.251,3.267
mp-aaaabuce,81.877,71.906,9.971,24.132,31.340,7.208
mp-aaaabucf,89.711,80.760,8.951,35.644,35.909,0.265
mp-aaaabucm,46.540,49.127,2.587,37.248,29.257,7.991
mp-aaaabucu,50.135,64.341,14.206,25.281,21.319,3.962
mp-aaaabucv,93.143,96.160,3.017,31.362,33.589,2.227
mp-aaaabucw,82.477,79.066,3.411,13.904,14.614,0.710
mp-aaaabucx,102.933,104.481,1.548,25.725,16.630,9.095
mp-aaaabucz,53.250,60.115,6.865,17.503,11.377,6.126
mp-aaaabude,72.759,78.982,6.223,52.022,42.588,9.434
mp-aaaabudi,93.639,110.453,16.814,57.442,60.130,2.688
mp-aaaabudk,131.215,187.092,55.877,47.246,83.032,35.786
mp-aaaabudl,204.228,195.410,8.818,131.417,104.513,26.904
mp-aaaabudm,133.148,177.954,44.806,,,
mp-aaaabudn,184.183,182.881,1.302,85.502,103.336,17.834
mp-aaaabuef,102.072,122.819,20.747,37.707,38.934,1.227
mp-aaaabuei,103.987,91.082,12.905,40.176,33.746,6.430
mp-aaaabuej,71.325,69.539,1.786,48.951,53.228,4.277
mp-aaaabuem,45.872,52.247,6.375,26.717,28.924,2.207
mp-aaaabuet,267.109,232.518,34.591,121.199,151.548,30.349
mp-aaaabueu,14.548,43.170,28.622,8.574,7.390,1.184
mp-aaaabufj,23.376,21.986,1.390,16.323,15.027,1.296
mp-aaaabuge,28.801,93.199,64.398,25.536,47.048,21.512
mp-aaaabugz,71.396,87.696,16.300,37.376,36.376,1.000
mp-aaaabuhq,58.384,65.483,7.099,26.802,22.359,4.443
mp-aaaabuhx,62.451,82.313,19.862,20.244,24.819,4.575
mp-aaaabuiu,28.365,30.687,2.322,23.649,18.434,5.215
mp-aaaabuiw,6.144,33.850,27.706,,,
mp-aaaabuiy,70.027,112.993,42.966,-2.536,15.098,17.634
mp-aaaabuja,91.094,91.281,0.187,44.340,29.094,15.246
mp-aaaabujh,143.036,135.632,7.404,37.467,34.121,3.346
mp-aaaabujj,118.985,110.233,8.752,41.443,31.535,9.908
mp-aaaabujt,17.296,41.052,23.756,7.912,14.803,6.891
mp-aaaabukh,12.244,22.415,10.171,4.805,9.536,4.731
mp-aaaabukm,17.963,25.623,7.660,7.959,11.545,3.586
mp-aaaabukx,106.569,75.648,30.921,29.962,27.157,2.805
mp-aaaabuky,75.905,80.228,4.323,26.496,21.276,5.220
mp-aaaabulb,107.370,117.655,10.285,59.853,43.686,16.167
mp-aaaabulu,131.740,113.537,18.203,45.013,58.859,13.846
mp-aaaabulw,47.255,73.279,26.024,20.315,19.491,0.824
mp-aaaabulx,60.473,78.482,18.009,-20.130,27.557,47.687
mp-aaaabumd,119.170,104.853,14.317,87.328,78.271,9.057
mp-aaaabune,78.942,67.277,11.665,41.125,33.693,7.432
mp-aaaabunh,95.635,100.581,4.946,41.728,28.712,13.016
mp-aaaabuni,70.882,70.363,0.519,25.237,22.428,2.809
mp-aaaabunj,82.523,79.134,3.389,28.256,20.878,7.378
mp-aaaabunr,118.226,102.055,16.171,61.850,40.935,20.915
mp-aaaabuns,99.372,103.219,3.847,37.576,39.193,1.617
mp-aaaabunt,149.831,150.145,0.314,42.085,39.387,2.698
mp-aaaabunu,176.103,199.415,23.312,71.486,69.410,2.076
mp-aaaabunv,161.485,189.941,28.456,48.967,59.933,10.966
mp-aaaabunw,142.704,171.375,28.671,47.250,56.536,9.286
mp-aaaabunx,136.523,147.405,10.882,45.611,57.865,12.254
mp-aaaabuny,144.540,162.577,18.037,28.092,45.988,17.896
mp-aaaabunz,165.084,163.652,1.432,66.374,69.470,3.096
mp-aaaabuoa,193.533,132.639,60.894,59.158,64.520,5.362
mp-aaaabuoh,150.991,139.005,11.986,50.274,43.830,6.444
mp-aaaabuoi,69.668,67.470,2.198,40.787,46.870,6.083
mp-aaaabuoj,118.269,100.260,18.009,63.711,56.464,7.247
mp-aaaabupk,47.106,51.133,4.027,21.387,29.293,7.906
mp-aaaabupm,49.609,63.499,13.890,19.133,20.915,1.782
mp-aaaabupq,53.455,58.408,4.953,62.402,18.438,43.964
mp-aaaabupy,65.953,71.480,5.527,37.452,35.287,2.165
mp-aaaabwdw,140.204,135.654,4.550,46.383,38.118,8.265
mp-aaaabwes,197.042,158.118,38.924,111.213,112.382,1.169
mp-aaaabwhl,39.492,12.135,27.357,-36.107,14.791,50.898
mp-aaaabwix,226.442,213.228,13.214,133.288,147.182,13.894
mp-aaaabwmu,10.267,84.569,74.302,2.471,2.497,0.026
mp-aaaabwnz,52.857,74.922,22.065,12.209,22.816,10.607
mp-aaaabwor,1.099,53.717,52.618,1.644,-1.880,3.524
mp-aaaabwqx,11.738,37.801,26.063,10.089,18.651,8.562
mp-aaaabwsl,134.172,176.334,42.162,50.448,52.506,2.058
mp-aaaabwva,225.032,260.165,35.133,97.549,119.275,21.726
mp-aaaabwvy,10.942,8.430,2.512,5.083,5.172,0.089
mp-aaaabwwj,113.322,93.244,20.078,45.787,28.694,17.093
mp-aaaabwwl,163.713,121.717,41.996,123.406,103.449,19.957
mp-aaaabwwm,100.901,95.756,5.145,33.760,31.399,2.361
mp-aaaabwxt,334.316,223.796,110.520,171.769,181.824,10.055
mp-aaaabwys,268.043,231.083,36.960,142.833,131.146,11.687
mp-aaaabwzg,80.158,86.983,6.825,44.220,37.096,7.124
mp-aaaabwzj,5.902,-34.395,40.297,0.270,9.019,8.749
mp-aaaabxan,255.970,175.094,80.876,111.765,118.431,6.666
mp-aaaabxhq,46.754,36.653,10.101,31.404,27.127,4.277
mp-aaaabxjf,53.265,42.830,10.435,36.134,23.789,12.345
mp-aaaabxjh,182.932,182.889,0.043,27.336,35.664,8.328
mp-aaaabxpm,49.655,36.882,12.773,32.521,31.343,1.178
mp-aaaabxrw,67.777,55.227,12.550,48.769,44.247,4.522
mp-aaaabxta,53.367,56.046,2.679,21.010,15.107,5.903
mp-aaaabxux,53.412,44.993,8.419,36.047,30.970,5.077
mp-aaaabxvn,58.043,59.861,1.818,-19.395,6.755,26.150
mp-aaaabxxb,6.627,44.014,37.387,4.678,12.158,7.480
mp-aaaabydc,22.920,30.675,7.755,13.800,16.838,3.038
mp-aaaabyhp,183.266,134.837,48.429,91.410,81.798,9.612
mp-aaaabyip,24.277,39.925,15.648,53.855,11.311,42.544
mp-aaaabykv,68.677,77.049,8.372,32.050,34.757,2.707
mp-aaaabyof,28.627,29.861,1.234,17.702,20.918,3.216
mp-aaaabypm,14.402,50.867,36.465,11.629,8.836,2.793
mp-aaaabyqy,42.014,55.493,13.479,15.206,13.838,1.368
mp-aaaabysv,20.023,53.623,33.600,16.077,20.227,4.150
mp-aaaabysz,48.648,79.024,30.376,36.943,19.564,17.379
mp-aaaabyui,-7.386,104.144,111.530,-23.104,5.413,28.517
mp-aaaabyxu,25.022,7.487,17.535,4.150,12.408,8.258
mp-aaaabyzk,42.873,47.985,5.112,1.937,12.469,10.532
mp-aaaabyzr,45.540,21.002,24.538,29.444,29.002,0.442
mp-aaaabzab,50.115,49.726,0.389,32.154,24.748,7.406
mp-aaaabzdz,39.246,67.730,28.484,16.325,29.395,13.070
mp-aaaabzff,65.472,83.900,18.428,,,
mp-aaaabzjz,64.932,59.242,5.690,30.307,28.561,1.746
mp-aaaabzor,14.294,16.809,2.515,8.844,7.450,1.394
mp-aaaabzql,63.914,68.989,5.075,32.097,22.813,9.284
mp-aaaabztx,153.169,157.488,4.319,123.673,102.919,20.754
mp-aaaabzvn,15.286,59.731,44.445,7.891,6.111,1.780
mp-aaaabzxi,8.054,46.780,38.726,4.310,6.771,2.461
mp-aaaabzzr,47.800,38.964,8.836,10.702,14.246,3.544
mp-aaaacabl,133.616,126.358,7.258,60.404,71.706,11.302
mp-aaaacace,131.316,113.895,17.421,58.164,44.805,13.359
mp-aaaacaeu,48.787,94.695,45.908,24.423,28.046,3.623
mp-aaaacaga,9.228,94.873,85.645,14.778,9.838,4.940
mp-aaaacajc,43.726,35.897,7.829,27.524,22.069,5.455
mp-aaaacakf,103.312,129.704,26.392,91.621,69.097,22.524
mp-aaaacaox,34.738,47.951,13.213,20.858,27.828,6.970
mp-aaaacaqx,53.745,43.703,10.042,37.776,29.853,7.923
mp-aaaacasy,58.192,81.455,23.263,34.694,35.773,1.079
mp-aaaacavt,46.015,40.148,5.867,30.614,28.353,2.261
mp-aaaacayb,21.234,24.661,3.427,12.398,9.063,3.335
mp-aaaacayj,61.871,55.759,6.112,22.805,20.150,2.655
mp-aaaacban,58.787,71.512,12.725,40.226,39.170,1.056
mp-aaaacbbp,289.181,301.487,12.306,148.536,138.699,9.837
mp-aaaacbdd,8.640,36.529,27.889,-4.260,1.083,5.343
mp-aaaacbht,53.466,68.886,15.420,20.563,22.703,2.140
mp-aaaacbhx,124.080,119.741,4.339,55.446,42.678,12.768
mp-aaaacbiq,98.649,75.382,23.267,34.446,22.852,11.594
mp-aaaacbje,53.348,104.465,51.117,54.638,44.276,10.362
mp-aaaacbjy,104.609,123.804,19.195,90.318,65.300,25.018
mp-aaaacbkx,53.996,52.178,1.818,43.198,31.125,12.073
mp-aaaacboc,20.518,109.990,89.472,12.943,46.978,34.035
mp-aaaacbor,65.942,66.079,0.137,29.485,25.475,4.010
mp-aaaacboy,27.991,64.350,36.359,8.545,9.899,1.354
mp-aaaacbqe,18.724,2.940,15.784,9.681,9.600,0.081
mp-aaaacbth,132.524,125.542,6.982,45.623,52.583,6.960
mp-aaaacbzc,120.072,128.079,8.007,51.158,42.385,8.773
mp-aaaaccae,16.357,24.887,8.530,9.206,19.354,10.148
mp-aaaaccaw,106.534,95.513,11.021,46.716,29.992,16.724
mp-aaaaccdk,60.875,46.457,14.418,28.881,31.615,2.734
mp-aaaaccgc,91.502,114.378,22.876,45.480,54.211,8.731
mp-aaaacchn,,,,12.022,48.681,36.659
mp-aaaacckl,88.628,66.529,22.099,44.834,50.325,5.491
mp-aaaacckp,51.111,101.995,50.884,53.892,48.147,5.745
mp-aaaacclb,47.891,44.839,3.052,29.894,22.005,7.889
mp-aaaacclk,243.254,240.847,2.407,173.986,139.859,34.127
mp-aaaaccnw,122.947,137.245,14.298,87.311,84.454,2.857
mp-aaaaccqu,35.297,107.898,72.601,2.902,16.334,13.432
mp-aaaaccwp,23.229,47.746,24.517,14.651,13.404,1.247
mp-aaaaccyz,25.367,24.358,1.009,5.244,16.368,11.124
mp-aaaacdht,136.531,142.954,6.423,61.265,49.865,11.400
mp-aaaacdlh,134.531,100.846,33.685,70.894,51.448,19.446
mp-aaaacdmw,108.889,88.816,20.073,63.360,59.938,3.422
mp-aaaacdsj,95.423,67.935,27.488,52.632,53.895,1.263
mp-aaaacdvp,49.590,35.074,14.516,26.418,25.024,1.394
mp-aaaacdxg,68.329,72.759,4.430,34.084,28.687,5.397
mp-aaaaceax,45.569,36.534,9.035,30.214,21.901,8.313
mp-aaaaceby,98.683,119.846,21.163,82.964,83.111,0.147
mp-aaaacefu,101.094,106.223,5.129,42.718,44.558,1.840
mp-aaaacegx,62.636,17.526,45.110,22.129,25.061,2.932
mp-aaaacejn,20.812,51.479,30.667,11.502,16.283,4.781
mp-aaaacena,141.676,121.706,19.970,65.184,51.983,13.201
mp-aaaaceqi,170.849,143.390,27.459,122.647,91.873,30.774
mp-aaaaceus,21.215,46.531,25.316,13.061,13.493,0.432
mp-aaaacfcv,16.764,49.591,32.827,13.418,12.904,0.514
mp-aaaacfgh,46.042,38.228,7.814,29.910,24.721,5.189
mp-aaaacfhl,19.433,33.095,13.662,11.009,10.852,0.157
mp-aaaacfla,268.540,281.885,13.345,,,
mp-aaaacflz,203.358,147.256,56.102,107.446,67.971,39.475
mp-aaaacfqw,21.714,25.591,3.877,14.943,10.017,4.926
mp-aaaacfwb,275.660,276.529,0.869,202.375,172.880,29.495
mp-aaaacgsf,103.839,120.102,16.263,32.797,43.366,10.569
mp-aaaachjz,29.868,12.800,17.068,16.081,10.983,5.098
mp-aaaachlt,289.195,113.892,175.303,-112.455,2.378,114.833
mp-aaaachmi,31.533,28.773,2.760,7.198,14.887,7.689
mp-aaaachod,141.408,123.348,18.060,37.417,38.425,1.008
mp-aaaaciiz,225.484,224.523,0.961,208.455,149.661,58.794
mp-aaaackeg,28.677,5.474,23.203,13.976,11.417,2.559
mp-aaabcsjn,106.995,94.172,12.823,46.810,57.346,10.536
mp-aaabcslm,20.885,47.120,26.235,-6.901,7.024,13.925
mp-aaabcsls,19.203,36.635,17.432,10.767,8.808,1.959
mp-aaabcsnz,149.153,115.683,33.470,78.671,69.580,9.091
mp-aaabcsor,57.140,41.890,15.250,8.424,22.089,13.665
mp-aaabcspb,60.998,70.888,9.890,22.010,13.577,8.433
mp-aaabcspf,88.940,89.879,0.939,38.837,44.024,5.187
mp-aaabcspw,1.924,45.568,43.644,3.144,7.100,3.956
mp-aaabcsqd,54.646,45.419,9.227,3.148,21.997,18.849
mp-aaabcsqr,11.305,20.721,9.416,6.937,9.662,2.725
mp-aaabcsqt,68.624,69.823,1.199,29.302,29.171,0.131
mp-aaabcsrd,181.136,168.628,12.508,91.290,110.044,18.754
mp-aaabcsrk,51.897,58.907,7.010,10.688,28.180,17.492
mp-aaabcsws,131.730,103.585,28.145,55.657,41.599,14.058
mp-aaabcsxo,141.455,88.852,52.603,60.251,54.833,5.418
mp-aaabcsyp,38.231,50.738,12.507,19.096,27.389,8.293
mp-aaabctbh,93.891,154.863,60.972,37.956,64.577,26.621
mp-aaabctbv,83.812,130.517,46.705,53.613,45.658,7.955
mp-aaabctcs,56.918,97.027,40.109,26.984,32.049,5.065
mp-aaabctdv,163.342,154.398,8.944,38.309,55.257,16.948
mp-aaabctis,37.252,64.168,26.916,15.102,14.097,1.005
mp-aaabctja,20.916,84.352,63.436,15.495,30.604,15.109
mp-aaabctjb,178.372,161.673,16.699,74.726,95.437,20.711
mp-aaabctjg,7.783,60.585,52.802,1.091,-0.430,1.521
mp-aaabctjj,66.243,98.490,32.247,24.781,28.773,3.992
mp-aaabctkm,22.682,78.694,56.012,4.469,15.289,10.820
mp-aaabctkr,167.095,163.569,3.526,70.895,75.614,4.719
mp-aaabctly,109.376,103.601,5.775,29.558,42.107,12.549
mp-aaabctmm,68.732,68.545,0.187,51.581,39.492,12.089
mp-aaabctmn,168.993,166.382,2.611,67.952,64.000,3.952
mp-aaabctnj,7.167,50.663,43.496,2.458,1.406,1.052
mp-aaabctnv,81.905,71.410,10.495,22.855,46.086,23.231
mp-aaabctnw,72.640,104.757,32.117,39.227,47.689,8.462
mp-aaabctpg,40.636,57.704,17.068,21.852,29.116,7.264
mp-aaabctus,111.202,121.561,10.359,61.884,66.007,4.123
mp-aaabctux,62.734,41.806,20.928,13.558,24.240,10.682
mp-aaabctuz,183.851,126.558,57.293,108.317,106.918,1.399
mp-aaabctvn,27.657,101.494,73.837,17.295,32.615,15.320
mp-aaabctvw,176.642,157.655,18.987,76.463,56.216,20.247
mp-aaabctwk,172.302,146.021,26.281,111.219,93.990,17.229
mp-aaabctwz,-182.273,67.101,249.374,40.090,31.060,9.030
mp-aaabctxc,112.279,106.034,6.245,68.175,75.702,7.527
mp-aaabctyd,142.304,150.132,7.828,47.873,59.757,11.884
mp-aaabcufc,141.767,145.937,4.170,85.130,77.737,7.393
mp-aaabcufd,134.593,127.345,7.248,22.932,5.430,17.502
mp-aaabcufe,21.231,27.112,5.881,10.568,7.868,2.700
mp-aaabcufz,114.365,145.244,30.879,40.972,49.361,8.389
mp-aaabcuga,90.931,85.198,5.733,51.886,48.307,3.579
mp-aaabcugs,189.963,187.244,2.719,75.142,88.315,13.173
mp-aaabcugu,27.319,28.861,1.542,12.019,13.879,1.860
mp-aaabcugv,32.694,34.636,1.942,14.590,15.389,0.799
mp-aaabdaoi,14.598,24.429,9.831,7.755,8.274,0.519
mp-aaabdaos,44.387,44.397,0.010,30.063,32.817,2.754
mp-aaabdarg,22.797,97.468,74.671,5.475,43.418,37.943
mp-aaabdata,125.941,146.226,20.285,49.325,65.543,16.218
mp-aaabdatv,117.026,126.028,9.002,63.673,79.701,16.028
mp-aaabdavs,18.920,42.467,23.547,6.469,15.360,8.891
mp-aaabdaxe,208.603,202.356,6.247,203.456,174.596,28.860
mp-aaabdaxj,29.868,48.853,18.985,20.614,17.458,3.156
mp-aaabdays,26.650,17.517,9.133,13.917,15.174,1.257
mp-aaabdayt,30.845,22.400,8.445,16.474,12.410,4.064
mp-aaabdazu,78.507,69.152,9.355,46.696,37.808,8.888
mp-aaabdazw,190.777,162.468,28.309,56.573,72.936,16.363
mp-aaabdbav,85.387,84.122,1.265,54.500,50.091,4.409
mp-aaabdbaw,86.458,79.810,6.648,47.722,29.321,18.401
mp-aaabdbax,98.600,67.927,30.673,31.190,27.626,3.564
mp-aaabdbay,97.929,59.099,38.830,35.871,22.901,12.970
mp-aaabdbbd,176.474,158.858,17.616,104.824,91.116,13.708
mp-aaabdbbg,230.632,235.699,5.067,104.687,107.920,3.233
mp-aaabdbby,22.544,28.655,6.111,17.785,17.607,0.178
mp-aaabdbcf,88.536,100.306,11.770,35.851,27.717,8.134
mp-aaabdbcj,121.073,128.619,7.546,39.147,31.823,7.324
mp-aaabdbet,53.972,68.020,14.048,30.308,21.783,8.525
mp-aaabdbfz,27.061,67.321,40.260,16.982,20.281,3.299
mp-aaabdbgv,15.276,24.377,9.101,7.301,18.617,11.316
mp-aaabdbjf,184.008,209.150,25.142,48.139,87.847,39.708
mp-aaabdbjj,218.157,212.340,5.817,68.482,76.880,8.398
mp-aaabdblz,111.118,96.583,14.535,64.424,63.094,1.330
mp-aaabeedm,219.382,223.982,4.600,186.743,156.782,29.961
mp-aaabeele,184.943,232.172,47.229,107.776,106.111,1.665
mp-aaabeepz,196.082,163.777,32.305,120.442,115.604,4.838
mp-aaabegkp,189.975,247.149,57.174,174.610,161.318,13.292
mp-aaabetge,43.445,83.804,40.359,29.816,25.358,4.458
mp-aaabetqo,22.716,31.220,8.504,11.199,9.556,1.643
mp-aaabetrs,54.425,67.258,12.833,17.436,12.238,5.198
mp-aaabetsr,9.466,12.021,2.555,2.656,5.767,3.111
mp-aaabetyx,69.975,33.448,36.527,33.616,8.689,24.927
mp-aaabetzj,3.799,58.058,54.259,2.284,-3.170,5.454
mp-aaabetzp,14.975,28.452,13.477,1.087,3.731,2.644
mp-aaabetzr,178.662,201.647,22.985,88.800,97.799,8.999
mp-aaabeuaj,215.004,190.685,24.319,126.142,104.761,21.381
mp-aaabeubn,9.811,12.877,3.066,4.607,2.493,2.114
mp-aaabeuei,128.270,126.722,1.548,83.893,75.295,8.598
mp-aaabeueu,5.474,12.820,7.346,0.547,6.409,5.862
mp-aaabeuev,17.530,29.048,11.518,5.849,9.575,3.726
mp-aaabeugb,7.489,-0.026,7.515,3.894,9.583,5.689
mp-aaabeuhr,28.435,33.909,5.474,-6.905,4.977,11.882
mp-aaabeuif,1.991,5.194,3.203,1.848,3.333,1.485
mp-aaabeuig,8.137,8.988,0.851,4.516,8.614,4.098
mp-aaabeuir,40.697,51.213,10.516,7.629,12.004,4.375
mp-aaabeujd,13.660,61.656,47.996,6.941,12.521,5.580
mp-aaabeujn,148.827,119.842,28.985,52.246,30.897,21.349
mp-aaabeupg,176.981,170.102,6.879,112.719,90.444,22.275
mp-aaabeush,12.286,23.685,11.399,5.649,10.154,4.505
mp-aaabeusv,65.707,46.840,18.867,30.591,23.989,6.602
mp-aaabeuvt,47.287,44.593,2.694,49.922,35.080,14.842
mp-aaabeuyh,71.587,57.858,13.729,36.758,36.279,0.479
mp-aaabeuyr,20.093,51.441,31.348,8.060,20.855,12.795
mp-aaabeuyz,12.438,50.651,38.213,8.261,12.523,4.262
mp-aaabeval,22.482,62.773,40.291,14.331,20.961,6.630
mp-aaabevfv,18.725,82.757,64.032,8.879,5.059,3.820
mp-aaabevgg,35.777,62.119,26.342,19.961,41.899,21.938
mp-aaabevks,41.734,63.254,21.520,25.085,26.706,1.621
mp-aaabevlx,8.161,44.464,36.303,5.086,16.383,11.297
mp-aaabevma,2.809,27.857,25.048,-0.042,-0.447,0.405
mp-aaabevnx,10.752,34.803,24.051,7.588,9.820,2.232
mp-aaabevoa,117.411,135.491,18.080,41.047,28.546,12.501
mp-aaabevqd,36.443,66.640,30.197,20.662,41.509,20.847
mp-aaabevqh,10.141,18.532,8.391,0.275,7.961,7.686
mp-aaabevqt,30.612,178.729,148.117,11.245,39.617,28.372
mp-aaabevrt,32.329,37.245,4.916,17.426,22.906,5.480
mp-aaabevtt,39.851,87.647,47.796,19.095,9.729,9.366
mp-aaabevwr,58.715,73.422,14.707,6.418,13.705,7.287
mp-aaabevxq,24.097,63.236,39.139,28.081,35.107,7.026
mp-aaabevyd,196.967,174.225,22.742,77.674,96.677,19.003
mp-aaabevyg,126.402,124.231,2.171,39.637,26.351,13.286
mp-aaabevym,155.280,73.186,82.094,81.711,70.635,11.076
mp-aaabevzk,38.660,43.336,4.676,22.051,25.740,3.689
mp-aaabewas,141.033,114.824,26.209,66.176,62.508,3.668
mp-aaabewau,48.382,61.750,13.368,40.060,38.017,2.043
mp-aaabewei,74.920,85.039,10.119,34.761,24.760,10.001
mp-aaabewkr,65.593,80.157,14.564,26.555,34.404,7.849
mp-aaabewkx,92.251,142.718,50.467,60.664,62.780,2.116
mp-aaabewlu,76.111,73.769,2.342,52.030,39.763,12.267
mp-aaabewlx,1.090,25.211,24.121,0.565,8.198,7.633
mp-aaabewng,64.172,56.200,7.972,24.717,24.439,0.278
mp-aaabewqa,65.098,59.676,5.422,20.975,20.635,0.340
mp-aaabewqb,203.483,202.759,0.724,107.621,117.465,9.844
mp-aaabewqc,1.962,19.148,17.186,0.987,18.309,17.322
mp-aaabewqp,32.560,48.145,15.585,22.782,6.340,16.442
mp-aaabewrb,170.049,151.469,18.580,131.740,147.741,16.001
mp-aaabewsu,141.112,154.371,13.259,53.162,51.861,1.301
mp-aaabewwg,249.054,200.757,48.297,178.711,183.716,5.005
mp-aaabewwo,2.832,85.465,82.633,1.739,18.987,17.248
mp-aaabewxh,56.557,91.692,35.135,25.934,23.056,2.878
mp-aaabewyb,444.605,172.930,271.675,116.723,80.058,36.665
mp-aaabewyp,25.629,152.246,126.617,14.551,37.035,22.484
mp-aaabewzk,9.638,19.316,9.678,7.349,13.554,6.205
mp-aaabexaf,90.488,98.771,8.283,30.787,27.112,3.675
mp-aaabexba,58.465,53.948,4.517,38.545,22.738,15.807
mp-aaabexcx,111.123,90.799,20.324,61.413,54.233,7.180
mp-aaabexdd,248.693,72.891,175.802,81.197,85.028,3.831
mp-aaabexdj,106.208,105.090,1.118,86.395,78.624,7.771
mp-aaabexgr,104.158,90.671,13.487,64.238,50.939,13.299
mp-aaabexho,11.422,-9.272,20.694,5.269,0.582,4.687
mp-aaabfasu,56.269,103.016,46.747,17.613,19.899,2.286
mp-aaabfaxn,56.183,111.259,55.076,32.011,52.540,20.529
mp-aaabfayb,27.645,64.717,37.072,16.752,22.607,5.855
mp-aaabfayc,17.966,75.582,57.616,11.723,12.146,0.423
mp-aaabfazg,86.059,54.788,31.271,34.214,49.754,15.540
mp-aaabfazx,61.877,107.188,45.311,27.064,26.214,0.850
mp-aaabfbco,114.796,98.315,16.481,40.843,40.766,0.077
mp-aaabfbiq,70.500,68.389,2.111,8.515,26.601,18.086
mp-aaabfbjw,58.353,81.752,23.399,29.130,27.003,2.127
mp-aaabfbra,121.145,67.621,53.524,39.099,34.185,4.914
mp-aaabfbrz,86.643,113.854,27.211,0.010,38.762,38.752
mp-aaabfbsl,74.762,71.297,3.465,33.473,41.123,7.650
mp-aaabfbvb,85.731,128.392,42.661,-52.694,45.768,98.462
mp-aaabfbwv,142.550,90.340,52.210,67.656,53.922,13.734
mp-aaabfbxm,42.279,39.203,3.076,24.830,26.319,1.489
mp-aaabfbxw,63.228,117.212,53.984,28.016,28.521,0.505
mp-aaabfbzs,111.810,51.700,60.110,58.323,61.605,3.282
mp-aaabfccg,67.212,106.186,38.974,36.507,34.140,2.367
mp-aaabfcct,22.781,70.485,47.704,13.410,28.127,14.717
mp-aaabfcfm,69.604,104.015,34.411,37.545,26.775,10.770
mp-aaabfclg,27.617,61.465,33.848,12.586,3.015,9.571
mp-aaabfcna,63.433,71.008,7.575,31.521,51.935,20.414
mp-aaabfcpx,69.714,117.495,47.781,36.579,29.031,7.548
mp-aaabfcqj,15.769,51.471,35.702,7.160,17.928,10.768
mp-aaabfcsd,174.661,154.151,20.510,105.689,73.455,32.234
mp-aaabfctj,10.709,32.042,21.333,5.142,11.403,6.261
mp-aaabfcwk,67.396,69.024,1.628,-5.159,23.379,28.538
mp-aaabfcwo,35.060,59.769,24.709,33.443,45.218,11.775
mp-aaabfdao,20.990,63.695,42.705,14.909,17.313,2.404
mp-aaabfddl,142.602,63.162,79.440,88.097,76.586,11.511
mp-aaabfdjh,67.575,124.850,57.275,31.122,29.853,1.269
mp-aaabfdnw,38.621,68.848,30.227,2.055,23.028,20.973
mp-aaabfeck,129.418,131.580,2.162,42.722,32.640,10.082
mp-aaabffgl,72.760,103.728,30.968,-29.994,32.544,62.538
mp-aaabffiz,59.920,55.571,4.349,35.008,27.372,7.636
mp-aaabffqg,23.454,18.308,5.146,14.520,16.586,2.066
mp-aaabfgjm,120.572,73.111,47.461,35.461,45.206,9.745
mp-aaabfgvr,66.169,111.086,44.917,33.630,30.706,2.924
mp-aaabfgwd,15.256,41.357,26.101,10.073,15.171,5.098
mp-aaabfgwg,139.204,110.715,28.489,85.723,90.102,4.379
mp-aaabfheo,110.700,86.475,24.225,48.431,54.332,5.901
mp-aaabfher,70.382,130.100,59.718,34.205,30.704,3.501
mp-aaabfhfc,12.477,-10.076,22.553,8.811,7.924,0.887
mp-aaabfhos,124.748,108.088,16.660,53.073,53.169,0.096
mp-aaabfhqe,148.262,103.222,45.040,71.889,65.243,6.646
mp-aaabfhso,15.153,25.790,10.637,10.177,0.816,9.361
mp-aaabfhsz,122.823,98.327,24.496,38.399,40.023,1.624
mp-aaabfhud,64.294,104.525,40.231,31.398,29.375,2.023
mp-aaabfibq,61.482,106.974,45.492,33.010,34.935,1.925
mp-aaabfign,163.901,115.040,48.861,82.370,57.779,24.591
mp-aaabfigr,61.076,113.236,52.160,20.662,22.134,1.472
mp-aaabfilq,58.820,102.315,43.495,30.184,18.421,11.763
mp-aaabfivk,98.485,82.745,15.740,54.698,47.715,6.983
mp-aaabfiyf,252.656,181.364,71.292,116.166,107.975,8.191
mp-aaabfiyu,154.130,94.066,60.064,99.642,90.051,9.591
mp-aaabfjfw,58.328,72.012,13.684,29.535,40.354,10.819
mp-aaabfjgf,66.034,111.280,45.246,37.166,35.306,1.860
mp-aaabfjly,66.464,111.754,45.290,37.804,35.475,2.329
mp-aaabfkch,94.691,104.240,9.549,64.714,50.395,14.319
mp-aaabfkcr,24.735,8.608,16.127,0.848,4.456,3.608
mp-aaabfkeq,17.431,53.139,35.708,0.411,12.375,11.964
mp-aaabfkev,119.151,87.689,31.462,88.260,65.301,22.959
mp-aaabfkfm,24.246,73.223,48.977,-3.833,3.344,7.177
mp-aaabfkjx,44.568,33.942,10.626,29.289,23.299,5.990
mp-aaabfkkk,32.124,83.211,51.087,11.846,26.659,14.813
mp-aaabfkky,60.739,92.103,31.364,28.690,25.862,2.828
mp-aaabfklq,126.197,151.104,24.907,63.244,68.315,5.071
mp-aaabfkpc,66.798,122.751,55.953,33.280,27.468,5.812
mp-aaabfkpk,60.024,105.073,45.049,25.112,24.837,0.275
mp-aaabfkpw,127.005,102.015,24.990,54.774,53.744,1.030
mp-aaabfkso,77.867,69.879,7.988,26.569,25.784,0.785
mp-aaabfkvx,32.285,101.583,69.298,7.759,16.105,8.346
mp-aaabfkyz,88.992,59.485,29.507,21.489,18.067,3.422
mp-aaabflaa,63.113,91.888,28.775,34.120,24.640,9.480
mp-aaabflgg,178.247,131.525,46.722,121.168,87.139,34.029
mp-aaabfllk,144.515,115.247,29.268,76.732,71.513,5.219
mp-aaabfloh,88.172,68.346,19.826,46.083,36.843,9.240
mp-aaabflre,68.302,99.482,31.180,37.095,33.336,3.759
mp-aaabfltq,89.139,97.956,8.817,35.678,33.608,2.070
mp-aaabflvt,64.933,108.484,43.551,34.827,35.984,1.157
mp-aaabflys,39.984,51.966,11.982,14.478,19.605,5.127
mp-aaabfmay,67.393,109.412,42.019,34.704,27.599,7.105
mp-aaabfmkp,66.252,103.195,36.943,34.566,28.470,6.096
mp-aaabfmku,71.326,137.836,66.510,36.293,37.528,1.235
mp-aaabfmmx,6.316,67.695,61.379,7.237,13.428,6.191
mp-aaabfmnc,67.258,65.068,2.190,33.706,31.358,2.348
mp-aaabfmne,29.967,79.448,49.481,12.092,15.437,3.345
mp-aaabfmrw,21.691,75.865,54.174,18.210,16.168,2.042
mp-aaabfnix,157.723,171.350,13.627,75.141,81.238,6.097
mp-aaabfnlc,22.532,24.833,2.301,25.908,23.299,2.609
mp-aaabfnlj,72.622,70.113,2.509,29.508,32.214,2.706
mp-aaabfnlq,142.377,125.404,16.973,99.452,102.408,2.956
mp-aaabfnmf,166.644,128.778,37.866,60.602,70.770,10.168
mp-aaabfnnj,150.756,114.721,36.035,70.401,62.050,8.351
mp-aaabfnnm,57.125,99.933,42.808,17.879,21.949,4.070
mp-aaabfnph,61.102,63.279,2.177,33.783,29.241,4.542
mp-aaabfnrd,19.960,56.198,36.238,36.105,43.563,7.458
mp-aaabfnsw,3.861,41.315,37.454,1.184,12.591,11.407
mp-aaabfnvw,46.555,90.600,44.045,17.662,23.548,5.886
mp-aaabfnww,44.718,72.765,28.047,18.654,12.331,6.323
mp-aaabfnyk,180.571,143.112,37.459,60.573,56.947,3.626
mp-aaabfobg,57.176,68.306,11.130,21.226,30.279,9.053
mp-aaabfobj,76.358,68.881,7.478,35.479,43.196,7.717
mp-aaabfodh,68.961,63.565,5.396,32.743,32.106,0.637
mp-aaabfofm,137.908,99.826,38.082,93.631,87.811,5.820
mp-aaabfojt,24.084,56.805,32.721,37.443,43.260,5.817
mp-aaabfokv,69.734,46.725,23.009,31.504,29.837,1.667
mp-aaabfonu,117.103,93.698,23.405,60.045,66.454,6.409
mp-aaabforh,50.553,51.511,0.958,31.655,30.158,1.497
mp-aaabfoti,28.723,59.463,30.740,27.719,33.559,5.840
mp-aaabfozd,70.161,54.424,15.737,25.725,30.031,4.306
mp-aaabfpbp,21.258,66.033,44.775,14.506,18.328,3.822
mp-aaabfpci,4.891,53.267,48.376,1.901,5.691,3.790
mp-aaabfpcq,45.668,83.187,37.519,22.782,-3.233,26.015
mp-aaabfpgo,31.441,62.546,31.105,13.867,15.222,1.355
mp-aaabfpiz,18.190,38.517,20.327,6.130,13.658,7.528
mp-aaabfpky,69.547,63.626,5.921,33.563,32.143,1.420
mp-aaabfpll,5.711,124.750,119.039,3.447,26.218,22.771
mp-aaabfplo,94.996,165.184,70.188,40.993,56.623,15.630
mp-aaabfpok,88.535,114.837,26.302,69.759,75.066,5.307
mp-aaabfpqw,91.699,102.623,10.924,51.804,49.752,2.052
mp-aaabfpsn,86.697,76.274,10.423,22.067,27.611,5.544
mp-aaabfpst,119.344,49.116,70.228,43.519,42.231,1.288
mp-aaabfpwi,23.283,32.913,9.630,12.267,22.149,9.882
mp-aaabfpxf,58.947,79.770,20.823,20.592,28.833,8.241
mp-aaabfqdk,6.378,19.197,12.819,4.006,-3.326,7.332
mp-aaabfqdn,68.882,63.473,5.409,33.044,32.166,0.878
mp-aaabfqmu,38.546,61.309,22.763,25.265,38.543,13.278
mp-aaabfqny,3.848,21.563,17.715,2.383,2.641,0.258
mp-aaabfqpn,113.780,100.047,13.733,63.877,56.891,6.986
mp-aaabfqpw,15.730,2.781,12.949,8.247,7.573,0.674
mp-aaabfqqg,36.771,73.305,36.534,14.436,9.090,5.346
mp-aaabfqrl,47.140,54.860,7.720,18.023,25.270,7.247
mp-aaabfquc,43.286,38.026,5.260,122.464,29.277,93.187
mp-aaabfqvy,100.271,82.871,17.400,49.604,35.623,13.981
mp-aaabfqwj,155.798,135.402,20.396,71.182,65.821,5.361
mp-aaabfrbi,48.258,74.575,26.317,23.338,17.095,6.243
mp-aaabfrem,134.058,73.339,60.719,71.266,54.753,16.513
mp-aaabfrhg,49.275,66.625,17.350,19.957,31.125,11.168
mp-aaabfrhs,87.617,109.314,21.697,50.690,54.382,3.692
mp-aaabfrig,16.616,41.298,24.682,9.562,10.835,1.273
mp-aaabfrjx,194.099,159.290,34.809,94.708,88.972,5.736
mp-aaabfrkb,10.832,10.781,0.051,6.848,9.299,2.451
mp-aaabfrpe,20.025,10.428,9.597,12.982,16.383,3.401
mp-aaabfrqn,75.034,96.800,21.766,40.321,39.709,0.612
mp-aaabfrqy,42.630,78.696,36.066,38.011,52.096,14.085
mp-aaabfrto,26.639,63.033,36.394,11.927,6.000,5.927
mp-aaabfrwt,14.177,21.259,7.082,11.809,16.820,5.011
mp-aaabfrxh,8.701,-1.666,10.367,3.385,11.712,8.327
mp-aaabfrzu,53.974,81.412,27.438,34.445,31.625,2.820
mp-aaabfsbh,207.449,134.673,72.776,81.941,81.420,0.521
mp-aaabfseo,38.360,41.730,3.370,24.251,13.189,11.062
mp-aaabfsib,40.935,61.455,20.520,24.485,35.806,11.321
mp-aaabfsji,41.060,26.779,14.281,15.676,15.301,0.375
mp-aaabfsnl,8.464,73.992,65.528,13.130,37.987,24.857
mp-aaabfstf,9.594,93.628,84.034,7.863,28.124,20.261
mp-aaabfsup,0.876,12.526,11.650,0.398,-4.175,4.573
mp-aaabfszn,7.668,2.336,5.332,3.731,10.053,6.322
mp-aaabftan,121.346,96.375,24.971,48.516,43.758,4.758
mp-aaabftcb,36.838,41.992,5.154,19.669,21.000,1.331
mp-aaabftck,128.998,88.270,40.728,77.715,86.025,8.310
mp-aaabftfh,14.613,56.534,41.921,32.297,43.739,11.442
mp-aaabftgg,45.872,54.982,9.110,17.366,14.422,2.944
mp-aaabftiv,54.153,97.177,43.024,13.226,20.976,7.750
mp-aaabftjq,83.663,117.330,33.667,70.619,43.002,27.617
mp-aaabftlh,51.480,97.917,46.437,28.904,47.294,18.390
mp-aaabftpu,5.928,42.284,36.356,13.215,29.095,15.880
mp-aaabftqj,102.538,122.403,19.865,53.631,62.301,8.670
mp-aaabftqv,65.180,120.173,54.993,45.160,61.186,16.026
mp-aaabftrh,5.472,11.095,5.623,3.883,3.132,0.751
mp-aaabftsv,44.610,9.715,34.895,6.537,1.957,4.580
mp-aaabfuac,113.764,123.443,9.679,39.330,32.809,6.521
mp-aaabfubj,161.026,130.561,30.465,86.846,58.038,28.808
mp-aaabfuce,27.644,37.299,9.655,14.486,16.437,1.951
mp-aaabfufm,30.804,71.581,40.777,22.279,34.206,11.927
mp-aaabfuhp,142.737,109.095,33.642,62.537,51.500,11.037
mp-aaabfuka,152.027,144.858,7.169,89.116,102.438,13.322
mp-aaabfunt,263.994,167.465,96.529,193.946,169.473,24.473
mp-aaabfupp,178.016,142.973,35.043,73.282,74.129,0.847
mp-aaabfuvg,5.350,-12.731,18.081,2.596,9.369,6.773
mp-aaabfuzs,47.668,98.701,51.033,19.300,15.812,3.488
mp-aaabfuzz,106.167,75.441,30.726,49.331,43.566,5.765
mp-aaabfvfs,63.647,28.425,35.222,22.102,19.906,2.196
mp-aaabfvie,36.710,85.797,49.087,24.815,20.099,4.716
mp-aaabfviq,74.458,121.499,47.041,45.124,61.930,16.806
mp-aaabfvna,75.432,69.349,6.083,42.587,50.615,8.028
mp-aaabfvqc,12.127,67.151,55.024,3.395,13.281,9.886
mp-aaabfvqy,54.929,80.324,25.395,16.781,27.240,10.459
mp-aaabfvva,86.711,81.831,4.880,31.055,37.160,6.105
mp-aaabfvvo,31.925,45.551,13.626,20.733,26.475,5.742
mp-aaabfvya,28.192,43.275,15.083,23.866,16.216,7.650
mp-aaabfvyp,101.962,77.082,24.880,53.471,50.928,2.543
mp-aaabfwep,40.593,68.999,28.406,10.303,16.449,6.146
mp-aaabfwid,51.839,41.174,10.665,24.574,34.220,9.646
mp-aaabfwjo,34.146,192.848,158.702,23.124,31.487,8.363
mp-aaabfwkk,134.549,186.855,52.306,83.735,65.037,18.698
mp-aaabfwlx,32.377,-18.206,50.583,16.405,19.662,3.257
mp-aaabfwpb,60.100,67.523,7.423,22.259,18.995,3.264
mp-aaabfwsh,56.961,66.654,9.693,44.504,51.571,7.067
mp-aaabfwxo,128.177,124.000,4.177,49.329,44.453,4.876
mp-aaabfwyg,85.090,65.566,19.524,47.769,42.302,5.467
mp-aaabfwzv,71.171,59.781,11.390,42.484,54.916,12.432
mp-aaabfxbp,120.303,107.292,13.011,68.240,56.291,11.949
mp-aaabfxew,117.943,124.659,6.716,7.723,47.545,39.822
mp-aaabfxft,5.619,50.603,44.984,2.833,12.105,9.272
mp-aaabfxhc,69.080,63.511,5.569,34.087,32.119,1.968
mp-aaabfxii,65.107,69.591,4.484,41.188,40.615,0.573
mp-aaabfxjz,56.234,84.713,28.479,32.201,34.319,2.118
mp-aaabfxkm,26.548,99.282,72.734,16.293,42.558,26.265
mp-aaabfxnz,58.009,72.980,14.971,27.905,35.321,7.416
mp-aaabfxud,120.978,99.388,21.590,26.941,51.451,24.510
mp-aaabfxyf,34.940,90.553,55.613,13.442,22.272,8.830
mp-aaabfxzz,31.738,41.449,9.711,16.051,20.774,4.723
mp-aaabfyet,-2.515,-6.594,4.079,3.475,8.648,5.173
mp-aaabfygw,68.976,63.578,5.398,34.258,32.157,2.101
mp-aaabfylb,21.590,-3.092,24.682,3.033,7.531,4.498
mp-aaabfynb,87.476,130.344,42.868,71.581,78.386,6.805
mp-aaabfyny,169.817,143.981,25.836,95.728,72.503,23.225
mp-aaabfyqp,139.131,122.203,16.928,117.383,116.619,0.764
mp-aaabfyro,97.556,85.386,12.170,33.187,41.167,7.980
mp-aaabfyrv,8.258,53.955,45.697,14.198,26.823,12.625
mp-aaabfyty,61.735,40.770,20.965,17.699,20.540,2.841
mp-aaabfywm,11.814,19.549,7.735,7.157,10.731,3.574
mp-aaabfyzv,41.486,46.645,5.159,26.154,13.964,12.190
mp-aaabfzct,19.917,22.060,2.143,-54.890,4.342,59.232
mp-aaabfzcw,17.491,31.894,14.403,5.807,13.035,7.228
mp-aaabfzdr,-88.209,25.893,114.102,1.087,14.582,13.495
mp-aaabfzer,71.076,109.235,38.159,42.750,37.043,5.707
mp-aaabfzhj,49.422,3.602,45.820,16.764,18.914,2.150
mp-aaabfzhl,117.092,86.044,31.048,27.567,22.894,4.673
mp-aaabfzng,16.691,76.607,59.916,12.414,14.149,1.735
mp-aaabgadh,76.691,67.639,9.052,49.081,50.012,0.931
mp-aaabgaon,57.140,106.991,49.851,36.117,29.790,6.327
mp-aaabgaqg,53.728,98.462,44.734,31.983,29.672,2.311
mp-aaabggxd,81.330,103.597,22.267,33.510,23.305,10.205
mp-aaabggxl,88.210,101.232,13.022,36.738,43.909,7.171
mp-aaabggye,73.949,102.072,28.123,24.812,8.116,16.696
mp-aaabghaa,276.584,365.591,89.007,107.112,126.745,19.633
mp-aaabghar,161.195,134.049,27.146,47.288,21.960,25.328
mp-aaabghbb,55.590,69.724,14.134,38.055,45.084,7.029
mp-aaabghbh,77.288,73.750,3.538,42.304,32.774,9.530
mp-aaabghbn,136.757,203.335,66.578,80.697,88.037,7.340
mp-aaabghbu,89.859,81.627,8.232,22.082,8.279,13.803
mp-aaabghby,98.469,92.999,5.470,32.566,42.990,10.424
mp-aaabghce,122.772,103.382,19.390,69.177,64.587,4.590
mp-aaabghcn,93.387,94.839,1.452,65.957,61.290,4.667
mp-aaabghcy,29.349,53.256,23.907,20.062,21.509,1.447
mp-aaabghdc,35.591,37.819,2.228,17.201,7.586,9.615
mp-aaabghdr,9.621,21.106,11.485,1.967,7.853,5.886
mp-aaabghei,194.158,180.730,13.428,26.294,39.714,13.420
mp-aaabghek,148.737,161.024,12.287,99.896,102.633,2.737
mp-aaabghel,6.478,74.541,68.063,5.067,4.490,0.577
mp-aaabghew,86.477,134.626,48.149,22.739,30.606,7.867
mp-aaabghfl,65.000,78.007,13.007,44.645,42.302,2.343
mp-aaabghfo,45.528,65.277,19.749,30.675,11.106,19.569
mp-aaabghft,19.198,6.109,13.089,15.001,12.975,2.026
mp-aaabghfu,83.503,107.988,24.485,24.157,33.938,9.781
mp-aaabghgz,217.831,185.402,32.429,60.562,62.592,2.030
mp-aaabghhb,46.665,41.649,5.016,20.768,23.379,2.611
mp-aaabghhq,47.617,71.256,23.639,18.075,11.101,6.974
mp-aaabghir,42.925,54.791,11.866,25.919,26.546,0.627
mp-aaabghix,28.910,44.830,15.920,13.292,20.443,7.151
mp-aaabghiz,335.850,223.537,112.313,169.090,181.426,12.336
mp-aaabghji,76.323,65.220,11.103,41.622,44.191,2.569
mp-aaabghjo,62.369,53.032,9.337,45.075,33.561,11.514
mp-aaabghjs,81.648,73.445,8.203,44.054,40.606,3.448
mp-aaabghkh,24.216,75.609,51.393,10.533,-6.712,17.245
mp-aaabghkr,20.721,109.384,88.663,11.256,27.716,16.460
mp-aaabghle,68.840,65.931,2.909,39.270,33.893,5.377
mp-aaabghlg,49.420,54.626,5.206,36.036,28.817,7.219
mp-aaabghli,167.766,170.662,2.896,99.097,106.071,6.974
mp-aaabghlm,177.972,205.273,27.301,116.259,83.120,33.139
mp-aaabghme,104.517,103.596,0.921,-7.237,-25.763,18.526
mp-aaabghmi,5.439,95.330,89.891,-12.744,2.909,15.653
mp-aaabghnb,1.385,28.187,26.802,2.078,3.855,1.777
mp-aaabghnc,8.799,92.445,83.646,5.642,3.984,1.658
mp-aaabghnd,213.059,120.224,92.835,189.705,193.185,3.480
mp-aaabghni,32.687,46.623,13.936,17.290,23.337,6.047
mp-aaabghnl,178.854,213.120,34.266,103.451,89.968,13.483
mp-aaabghok,66.135,55.490,10.645,29.254,30.058,0.804
mp-aaabghom,49.491,68.325,18.834,2.943,18.227,15.284
mp-aaabghox,213.188,120.162,93.026,187.138,193.103,5.965
mp-aaabghpe,17.280,48.580,31.300,4.449,11.498,7.049
mp-aaabghpu,85.081,84.145,0.936,52.137,37.451,14.686
mp-aaabghqa,165.088,110.416,54.672,76.830,48.968,27.862
mp-aaabghqi,98.902,99.503,0.601,31.230,42.748,11.518
mp-aaabghqj,75.980,85.872,9.892,59.228,54.507,4.721
mp-aaabghqk,218.705,206.706,11.999,75.807,61.059,14.748
mp-aaabghqr,46.757,69.247,22.490,16.698,6.896,9.802
mp-aaabghqv,52.920,74.836,21.916,25.037,28.100,3.063
mp-aaabghrg,237.275,243.016,5.741,69.065,82.449,13.384
mp-aaabghru,46.660,68.506,21.846,-43.992,-12.826,31.166
mp-aaabghse,162.865,163.560,0.695,60.034,71.084,11.050
mp-aaabghsu,19.256,32.971,13.715,9.676,12.469,2.793
mp-aaabghsv,156.786,154.975,1.811,39.688,40.929,1.241
mp-aaabghsx,42.780,66.616,23.836,18.993,16.177,2.816
mp-aaabghsz,29.409,53.647,24.238,13.033,14.843,1.810
mp-aaabghti,24.629,63.186,38.557,10.225,20.710,10.485
mp-aaabghtv,127.691,156.866,29.175,-38.174,21.798,59.972
mp-aaabghtx,11.602,32.842,21.240,5.511,0.567,4.944
mp-aaabghul,184.280,63.181,121.099,34.896,-1.535,36.431
mp-aaabghuo,10.145,9.107,1.038,3.450,9.306,5.856
mp-aaabghut,203.967,211.252,7.285,86.951,74.633,12.318
mp-aaabghuv,109.691,109.318,0.373,81.430,79.205,2.225
mp-aaabghvc,60.752,100.061,39.309,37.899,45.191,7.292
mp-aaabghvd,11.976,5.189,6.787,8.516,5.498,3.018
mp-aaabghvn,120.915,107.741,13.174,51.797,43.824,7.973
mp-aaabghvo,19.600,19.326,0.274,11.970,15.643,3.673
mp-aaabghvz,55.178,75.292,20.114,28.511,34.299,5.788
mp-aaabghwi,18.143,39.011,20.868,8.669,6.784,1.885
mp-aaabghwl,317.793,203.751,114.042,121.476,124.486,3.010
mp-aaabghwn,169.339,181.959,12.620,88.942,85.508,3.434
mp-aaabghwo,188.959,236.188,47.229,52.506,62.277,9.771
mp-aaabghxf,164.340,197.665,33.325,68.938,69.568,0.630
mp-aaabghxh,103.239,82.711,20.528,40.154,44.679,4.525
mp-aaabghxj,157.981,161.985,4.004,105.514,103.897,1.617
mp-aaabghxz,60.474,58.900,1.574,20.019,15.707,4.312
mp-aaabghyt,79.620,80.049,0.429,38.108,41.315,3.207
mp-aaabghyu,102.384,87.686,14.698,55.871,57.640,1.769
mp-aaabghyv,5.005,57.129,52.124,1.812,8.944,7.132
mp-aaabghzd,13.342,44.840,31.498,10.704,15.746,5.042
mp-aaabghze,97.913,106.407,8.494,52.411,53.261,0.850
mp-aaabghzs,85.973,63.003,22.970,55.643,46.307,9.336
mp-aaabgiab,91.876,75.974,15.902,71.729,74.037,2.308
mp-aaabgiac,136.248,129.014,7.234,146.834,102.449,44.385
mp-aaabgiaq,147.225,130.973,16.252,53.657,43.398,10.259
mp-aaabgiax,154.502,143.877,10.625,77.392,63.905,13.487
mp-aaabgibf,185.606,154.373,31.233,169.219,135.122,34.096
mp-aaabgibt,90.698,189.525,98.827,70.150,48.390,21.760
mp-aaabgibx,113.668,116.308,2.640,80.368,84.002,3.634
mp-aaabgibz,58.469,59.485,1.016,17.944,21.165,3.221
mp-aaabgicl,62.237,132.958,70.721,-19.284,-16.118,3.166
mp-aaabgicp,148.829,167.115,18.286,88.001,62.644,25.357
mp-aaabgicu,83.107,71.373,11.734,25.976,31.044,5.068
mp-aaabgidh,332.992,232.851,100.141,143.971,216.789,72.818
mp-aaabgidl,147.400,148.889,1.489,78.001,94.795,16.794
mp-aaabgiee,12.107,-17.384,29.491,4.310,3.741,0.569
mp-aaabgifl,199.836,177.240,22.596,78.329,94.465,16.136
mp-aaabgifm,103.041,108.239,5.198,49.663,47.230,2.433
mp-aaabgiga,192.916,158.039,34.877,107.540,128.816,21.276
mp-aaabgigg,5.829,22.056,16.227,2.043,5.194,3.151
mp-aaabgigj,21.390,17.811,3.579,11.983,12.485,0.502
mp-aaabgigk,118.137,136.489,18.352,70.637,58.984,11.653
mp-aaabgigs,158.674,147.722,10.952,66.883,56.677,10.206
mp-aaabgigw,13.935,28.519,14.584,6.536,11.691,5.155
mp-aaabgihk,27.708,32.528,4.820,15.224,18.568,3.344
mp-aaabgiih,124.803,155.245,30.442,85.444,91.128,5.684
mp-aaabgiis,65.414,82.447,17.033,36.834,15.934,20.900
mp-aaabgiiv,75.979,88.369,12.390,24.038,15.213,8.825
mp-aaabgijb,80.058,151.698,71.640,-8.980,-52.342,43.362
mp-aaabgijd,424.186,196.061,228.125,114.384,122.640,8.256
mp-aaabgijj,175.520,144.492,31.028,68.222,59.731,8.491
mp-aaabgijv,123.670,147.594,23.924,88.753,97.644,8.891
mp-aaabgikn,73.313,102.178,28.865,34.329,46.619,12.290
mp-aaabgill,21.386,20.658,0.728,10.643,8.272,2.371
mp-aaabgiln,81.431,73.773,7.658,20.018,16.200,3.818
mp-aaabgims,26.359,85.178,58.819,14.238,14.255,0.017
mp-aaabgimu,68.719,69.874,1.155,30.316,37.037,6.721
mp-aaabgimz,54.380,53.792,0.588,39.121,37.008,2.113
mp-aaabgini,167.183,199.909,32.726,48.099,39.456,8.643
mp-aaabgipc,102.154,95.415,6.739,56.499,58.219,1.720
mp-aaabgipd,8.158,21.042,12.884,4.290,7.828,3.538
mp-aaabgipp,2.605,14.854,12.249,0.798,2.136,1.338
mp-aaabgiqc,127.241,169.287,42.046,,,
mp-aaabgiqn,83.509,92.069,8.560,51.780,41.356,10.424
mp-aaabgiqr,20.169,20.380,0.211,10.762,10.022,0.740
mp-aaabgiqy,64.021,76.654,12.633,30.440,34.833,4.393
mp-aaabgirc,13.289,5.031,8.258,6.919,6.446,0.473
mp-aaabgire,118.035,211.253,93.218,88.909,68.324,20.585
mp-aaabgirl,72.375,59.453,12.922,39.943,46.046,6.103
mp-aaabgiry,62.938,73.112,10.174,23.069,25.702,2.633
mp-aaabgisl,171.865,190.081,18.216,85.681,80.011,5.670
mp-aaabgism,65.708,62.339,3.369,31.924,28.364,3.560
mp-aaabgisu,144.455,136.892,7.563,118.841,140.646,21.805
mp-aaabgisz,10.429,-6.636,17.065,4.995,6.782,1.787
mp-aaabgitd,145.788,185.667,39.879,30.894,34.011,3.117
mp-aaabgitl,137.541,172.511,34.970,-45.192,-36.032,9.160
mp-aaabgitm,25.147,180.638,155.491,18.845,32.530,13.685
mp-aaabgitn,17.043,27.044,10.001,8.660,11.760,3.100
mp-aaabgitp,64.817,59.010,5.807,31.014,40.724,9.710
mp-aaabgitu,99.195,90.775,8.420,47.371,47.445,0.074
mp-aaabgiul,158.852,165.391,6.539,76.801,91.435,14.634
mp-aaabgiuw,56.091,69.719,13.628,31.575,26.126,5.449
mp-aaabgiuy,180.697,223.349,42.652,145.697,149.444,3.747
mp-aaabgivc,3.863,38.483,34.620,2.127,8.841,6.714
mp-aaabgive,36.808,52.092,15.284,-2.408,10.951,13.359
mp-aaabgivm,53.944,60.382,6.438,22.466,18.596,3.870
mp-aaabgivq,90.986,81.095,9.891,44.751,40.702,4.049
mp-aaabgivs,31.163,46.397,15.234,23.614,26.523,2.909
mp-aaabgivz,72.297,68.611,3.686,32.054,24.773,7.281
mp-aaabgiwh,75.799,89.432,13.633,31.014,31.422,0.408
mp-aaabgiwm,66.363,62.416,3.947,29.879,26.952,2.927
mp-aaabgiwq,16.079,36.709,20.630,8.573,1.210,7.363
mp-aaabgiws,93.554,82.564,10.990,30.235,43.876,13.641
mp-aaabgixi,79.019,84.914,5.895,41.354,42.213,0.859
mp-aaabgiyc,34.609,31.920,2.689,19.365,18.753,0.612
mp-aaabgiyf,90.623,79.182,11.441,44.997,61.425,16.428
mp-aaabgiyg,82.722,103.582,20.860,-21.834,-18.900,2.934
mp-aaabgizp,117.639,126.984,9.345,78.133,104.792,26.659
mp-aaabgizt,150.780,168.835,18.055,113.309,115.989,2.680
mp-aaabgjaa,11.606,9.584,2.022,5.881,11.006,5.125
mp-aaabgjau,21.274,-2.263,23.537,7.604,4.798,2.806
mp-aaabgjav,66.646,80.520,13.874,19.356,-4.006,23.362
mp-aaabgjaz,164.005,171.439,7.434,132.338,120.008,12.330
mp-aaabgjbc,29.552,29.351,0.201,13.901,11.628,2.273
mp-aaabgjbn,171.945,160.029,11.917,99.601,102.787,3.186
mp-aaabgjbo,208.857,242.524,33.667,195.607,162.911,32.696
mp-aaabgjbs,16.051,50.462,34.411,6.436,-8.223,14.659
mp-aaabgjbx,97.069,100.312,3.243,68.271,54.043,14.228
mp-aaabgjcq,1.314,5.795,4.481,10.918,6.883,4.035
mp-aaabgjct,79.768,68.527,11.241,30.456,27.930,2.526
mp-aaabgjcy,24.623,152.253,127.630,12.548,37.043,24.495
mp-aaabgjdb,210.961,197.307,13.654,162.768,130.589,32.179
mp-aaabgjdc,85.394,78.539,6.855,22.155,14.819,7.336
mp-aaabgjde,17.315,33.967,16.652,9.009,11.277,2.268
mp-aaabgjdn,119.966,109.597,10.369,97.442,94.079,3.363
mp-aaabgjdq,52.755,79.214,26.459,16.667,-8.347,25.014
mp-aaabgjdz,213.208,120.214,92.994,188.038,193.139,5.101
mp-aaabgjee,152.212,158.102,5.890,43.587,39.483,4.104
mp-aaabgjek,178.590,198.623,20.033,48.129,52.109,3.980
mp-aaabgjel,92.061,96.488,4.427,53.078,36.869,16.209
mp-aaabgjeq,198.395,193.056,5.339,72.282,76.600,4.318
mp-aaabgjfi,55.102,55.920,0.818,17.113,23.374,6.261
mp-aaabgjfk,213.229,120.147,93.082,187.484,193.085,5.601
mp-aaabgjfp,24.544,31.958,7.414,14.694,17.417,2.723
mp-aaabgjfq,29.053,61.117,32.064,11.850,14.053,2.203
mp-aaabgjfz,193.107,209.521,16.414,121.043,93.832,27.211
mp-aaabgjgb,153.522,168.640,15.118,80.006,77.155,2.851
mp-aaabgjgp,135.088,126.871,8.217,65.247,57.501,7.746
mp-aaabgjgx,42.528,38.452,4.076,25.536,23.903,1.633
mp-aaabgjgy,213.095,120.212,92.883,188.173,193.170,4.997
mp-aaabgjhh,98.022,133.081,35.059,35.115,66.658,31.543
mp-aaabgjhn,175.556,159.581,15.975,81.744,71.655,10.089
mp-aaabgjhu,106.136,103.604,2.532,83.347,78.009,5.338
mp-aaabgjhv,72.272,69.525,2.747,24.328,16.385,7.943
mp-aaabgjib,126.743,173.116,46.373,81.322,93.055,11.733
mp-aaabgjil,213.254,120.118,93.136,186.767,193.046,6.279
mp-aaabgjiw,55.534,91.860,36.326,19.911,22.921,3.010
mp-aaabgjix,36.261,67.667,31.406,17.982,16.783,1.199
mp-aaabgjkn,112.457,70.287,42.170,75.306,62.910,12.396
mp-aaabgjkq,181.550,206.920,25.370,90.151,99.955,9.804
mp-aaabgjlb,228.181,237.954,9.773,,,
mp-aaabgjle,112.835,210.095,97.260,71.286,67.375,3.911
mp-aaabgjlh,28.583,49.785,21.202,18.694,24.186,5.492
mp-aaabgjlv,87.230,105.640,18.410,21.466,16.700,4.766
mp-aaabgjlz,144.936,124.569,20.367,154.988,125.754,29.234
mp-aaabgjmq,56.128,43.582,12.546,17.381,-13.840,31.221
mp-aaabgjmu,3.432,61.040,57.608,2.310,10.410,8.100
mp-aaabgjnl,87.502,68.287,19.215,45.969,34.953,11.016
mp-aaabgjnm,16.146,27.337,11.191,9.403,14.563,5.160
mp-aaabgjnn,190.714,214.799,24.085,69.364,135.727,66.363
mp-aaabgjoa,102.492,91.916,10.576,30.541,23.130,7.411
mp-aaabgjol,105.879,111.639,5.760,17.490,21.053,3.563
mp-aaabgjop,44.396,51.820,7.424,26.141,24.729,1.412
mp-aaabgjov,305.721,178.158,127.563,108.524,115.314,6.790
mp-aaabgjpc,112.073,96.221,15.852,34.946,45.251,10.305
mp-aaabgjpg,134.036,123.487,10.549,144.017,107.748,36.269
mp-aaabgjpi,12.360,23.550,11.190,5.031,11.433,6.402
mp-aaabgjpl,63.889,62.806,1.083,17.957,9.606,8.351
mp-aaabgjpo,98.377,74.871,23.506,25.385,13.007,12.378
mp-aaabgjpz,71.524,87.425,15.901,33.339,32.911,0.428
mp-aaabgjqe,56.451,69.373,12.922,12.175,13.533,1.358
mp-aaabgjqi,154.034,126.529,27.505,82.948,74.737,8.211
mp-aaabgjrq,63.562,55.100,8.462,28.942,29.169,0.227
mp-aaabgjrz,104.921,133.131,28.210,9.443,39.790,30.347
mp-aaabgjsh,190.181,183.607,6.574,129.360,135.284,5.924
mp-aaabgjsi,186.261,203.083,16.822,55.113,52.111,3.002
mp-aaabgjsx,47.111,75.696,28.585,12.714,18.276,5.562
mp-aaabgjsy,4.940,92.061,87.121,1.982,1.172,0.810
mp-aaabgjth,5.123,34.721,29.598,3.140,1.721,1.419
mp-aaabgjti,36.731,39.757,3.026,14.436,21.515,7.079
mp-aaabgjts,10.022,-15.536,25.558,4.644,6.430,1.786
mp-aaabgjus,70.274,95.663,25.389,14.097,9.684,4.413
mp-aaabgjve,7.646,-10.918,18.564,3.865,5.529,1.664
mp-aaabgjvl,34.696,32.741,1.955,19.881,29.491,9.610
mp-aaabgjwb,164.779,172.036,7.257,99.379,104.061,4.682
mp-aaabgjwp,40.607,45.124,4.517,6.856,19.462,12.606
mp-aaabgjws,32.654,57.849,25.195,21.329,25.109,3.780
mp-aaabgjxa,28.003,50.188,22.184,11.553,22.143,10.590
mp-aaabgjxg,155.153,152.789,2.364,60.691,62.574,1.883
mp-aaabgjxl,39.204,33.919,5.285,9.347,15.900,6.553
mp-aaabgjxo,156.676,223.772,67.096,129.394,130.522,1.128
mp-aaabgjyj,10.788,3.042,7.746,5.438,4.974,0.464
mp-aaabgjyl,103.094,132.924,29.830,38.589,26.743,11.846
mp-aaabgjym,7.644,62.753,55.109,4.523,10.506,5.983
mp-aaabgjyr,3.613,23.835,20.222,2.172,0.856,1.316
mp-aaabgjzb,282.104,283.508,1.404,142.488,137.035,5.453
mp-aaabgjze,36.971,32.643,4.328,23.429,22.042,1.387
mp-aaabgkae,134.026,125.690,8.336,48.827,56.035,7.208
mp-aaabgkaf,-0.000,91.359,91.359,8.705,37.335,28.630
mp-aaabgkam,27.800,40.728,12.928,11.850,8.952,2.898
mp-aaabgkbc,173.521,215.447,41.926,48.395,32.778,15.617
mp-aaabgkbk,356.271,282.196,74.075,23.776,70.610,46.834
mp-aaabgkcd,186.785,151.678,35.107,89.169,109.196,20.027
mp-aaabgkcf,200.678,146.398,54.280,65.069,57.769,7.300
mp-aaabgkcg,272.357,271.444,0.913,117.569,123.693,6.124
mp-aaabgkcv,69.824,88.677,18.853,27.622,3.602,24.020
mp-aaabgkcx,28.687,37.810,9.123,19.747,21.658,1.911
mp-aaabgkda,278.729,304.683,25.954,,,
mp-aaabgkec,93.548,89.345,4.203,47.963,56.853,8.890
mp-aaabgked,194.761,177.724,17.037,153.362,89.247,64.115
mp-aaabgkeo,94.670,113.388,18.718,47.979,81.045,33.066
mp-aaabgkfj,61.911,73.930,12.019,17.812,35.066,17.254
mp-aaabgkfw,150.780,152.352,1.572,109.355,117.312,7.957
mp-aaabgkfy,38.568,47.332,8.764,15.146,8.803,6.343
mp-aaabgkgq,136.579,135.960,0.619,150.500,107.676,42.824
mp-aaabgkgs,154.290,149.382,4.908,26.551,42.208,15.657
mp-aaabgkhc,276.937,344.091,67.154,126.510,143.320,16.810
mp-aaabgkhj,66.312,70.027,3.715,33.994,40.217,6.223
mp-aaabgkhl,92.155,110.925,18.770,55.971,60.543,4.572
mp-aaabgkhw,36.665,41.406,4.741,27.584,24.142,3.442
mp-aaabgkic,153.930,211.522,57.592,43.728,60.441,16.713
mp-aaabgkig,71.161,70.432,0.729,43.099,38.525,4.574
mp-aaabgkii,37.779,87.966,50.187,28.456,42.571,14.115
mp-aaabgkiq,95.263,210.107,114.844,62.899,67.385,4.486
mp-aaabgkix,62.324,78.680,16.356,38.547,18.746,19.801
mp-aaabgkja,35.093,40.826,5.733,14.647,19.695,5.048
mp-aaabgkju,92.140,103.282,11.142,40.519,41.950,1.431
mp-aaabgkjy,196.324,232.520,36.196,184.076,146.207,37.869
mp-aaabgkkg,218.608,184.228,34.380,169.943,158.676,11.267
mp-aaabgkle,169.788,193.322,23.534,66.041,83.913,17.872
mp-aaabgklg,8.691,30.258,21.567,5.017,9.672,4.655
mp-aaabgkls,94.876,104.414,9.538,27.788,36.596,8.808
mp-aaabgkmh,120.245,129.480,9.235,37.576,37.454,0.122
mp-aaabgkms,137.141,128.348,8.793,115.490,135.809,20.319
mp-aaabgkmt,77.414,84.583,7.169,40.912,39.099,1.813
mp-aaabgkmw,24.515,26.403,1.888,-20.547,17.121,37.668
mp-aaabgknf,31.265,23.610,7.655,22.911,22.462,0.449
mp-aaabgkno,93.820,56.187,37.633,57.902,33.014,24.888
mp-aaabgkns,9.584,16.961,7.377,4.436,3.090,1.346
mp-aaabgkoc,120.192,122.041,1.849,30.562,22.787,7.775
mp-aaabgkol,435.315,358.026,77.289,,,
mp-aaabgkom,225.648,225.118,0.530,164.088,148.903,15.185
mp-aaabgkoz,35.201,97.240,62.039,11.831,16.099,4.268
mp-aaabgkpl,40.401,44.748,4.347,20.482,18.060,2.422
mp-aaabgkpm,253.202,206.412,46.790,109.706,60.215,49.491
mp-aaabgkps,47.172,56.320,9.148,29.440,29.934,0.494
mp-aaabgkpt,176.446,183.131,6.685,101.152,107.115,5.963
mp-aaabgkqc,2.998,20.695,17.697,-11.963,-7.510,4.453
mp-aaabgkqq,186.810,164.512,22.298,65.612,59.847,5.765
mp-aaabgkqu,53.320,45.043,8.277,22.156,19.144,3.012
mp-aaabgkrf,18.005,73.242,55.237,6.919,4.623,2.296
mp-aaabgksc,19.078,50.681,31.603,10.885,28.241,17.356
mp-aaabgksi,58.365,77.225,18.860,37.974,42.776,4.802
mp-aaabgksl,104.291,86.234,18.057,59.306,43.866,15.440
mp-aaabgkso,106.913,116.497,9.584,49.656,59.858,10.202
mp-aaabgkst,8.299,47.850,39.551,5.361,23.707,18.346
mp-aaabgksx,107.880,117.711,9.831,16.267,23.950,7.683
mp-aaabgksz,58.055,82.228,24.173,-72.249,2.617,74.866
mp-aaabgktl,140.681,119.976,20.705,70.203,82.642,12.439
mp-aaabgktw,234.145,211.720,22.425,105.465,93.116,12.349
mp-aaabgkum,73.070,77.131,4.061,41.622,39.537,2.085
mp-aaabgkuz,145.156,137.471,7.685,19.552,45.309,25.757
mp-aaabgkwl,102.592,72.246,30.346,59.186,79.536,20.350
mp-aaabgkwp,99.200,99.461,0.261,46.202,40.819,5.383
mp-aaabgkwv,132.434,130.226,2.208,24.612,39.283,14.671
mp-aaabgkwy,52.042,60.780,8.738,35.794,41.491,5.697
mp-aaabgkxm,114.239,185.405,71.166,-78.984,-12.592,66.392
mp-aaabgkxn,320.671,307.241,13.430,209.293,201.241,8.052
mp-aaabgkxr,14.215,7.386,6.829,6.050,7.498,1.448
mp-aaabgkxz,183.660,184.930,1.270,108.940,108.687,0.253
mp-aaabgkyr,107.034,81.317,25.717,55.298,42.336,12.962
mp-aaabgkys,75.321,74.464,0.857,44.076,38.697,5.379
mp-aaabgkyv,109.290,115.629,6.339,59.100,33.833,25.267
mp-aaabgkzg,118.324,109.926,8.398,53.401,43.081,10.320
mp-aaabgkzh,29.691,47.477,17.786,20.993,32.974,11.981
mp-aaabgkzp,16.217,7.166,9.051,9.422,15.083,5.661
mp-aaabglad,58.177,64.486,6.309,32.583,27.803,4.780
mp-aaabglah,195.322,176.817,18.505,96.283,99.866,3.583
mp-aaabglas,39.521,44.818,5.297,20.557,18.774,1.783
mp-aaabglbw,122.683,135.309,12.626,18.020,49.312,31.292
mp-aaabglch,80.275,68.800,11.475,46.353,46.570,0.217
mp-aaabglcl,168.532,109.254,59.278,79.991,74.637,5.354
mp-aaabgldo,9.581,39.535,29.954,4.594,4.656,0.062
mp-aaabglec,153.813,116.639,37.174,81.693,76.076,5.617
mp-aaabgler,226.573,202.025,24.548,118.704,119.954,1.250
mp-aaabglfd,105.110,110.963,5.853,57.151,63.994,6.843
mp-aaabglfe,311.258,276.566,34.692,,,
mp-aaabglfk,43.271,39.426,3.845,36.360,31.207,5.153
mp-aaabglfq,77.685,103.379,25.694,26.578,33.746,7.168
mp-aaabglfu,47.518,59.459,11.941,28.668,26.728,1.940
mp-aaabglha,35.377,33.251,2.126,26.280,15.484,10.796
mp-aaabglhy,189.750,212.411,22.661,122.916,74.208,48.708
mp-aaabglif,7.218,44.549,37.331,4.377,5.629,1.252
mp-aaabglip,47.913,58.623,10.710,24.585,29.209,4.624
mp-aaabglir,65.917,66.231,0.314,38.077,36.162,1.915
mp-aaabgliv,42.562,39.719,2.843,33.657,27.807,5.850
mp-aaabglix,13.233,16.258,3.025,0.461,3.532,3.071
mp-aaabglja,185.265,180.400,4.865,76.705,73.285,3.420
mp-aaabgljk,309.637,213.693,95.944,144.082,168.031,23.949
mp-aaabgljl,100.689,105.178,4.489,23.960,14.492,9.468
mp-aaabglju,29.287,53.908,24.621,16.950,24.491,7.541
mp-aaabglki,8.869,44.412,35.543,6.081,5.667,0.414
mp-aaabglkm,7.634,49.451,41.817,1.239,3.348,2.109
mp-aaabglkw,56.461,68.670,12.209,39.274,45.541,6.267
mp-aaabgllb,274.597,236.539,38.058,167.557,172.473,4.916
mp-aaabglld,22.365,153.597,131.232,16.412,25.598,9.186
mp-aaabgllo,7.958,1.216,6.742,-12.477,7.408,19.885
mp-aaabglls,2.114,14.106,11.992,1.935,10.132,8.197
mp-aaabgllv,-0.000,71.566,71.566,11.205,41.034,29.829
mp-aaabgllz,96.855,92.881,3.974,38.817,22.374,16.443
mp-aaabglmq,106.781,81.647,25.134,50.269,46.019,4.250
mp-aaabglmr,52.094,93.373,41.279,15.119,5.278,9.841
mp-aaabglms,47.429,52.539,5.110,24.024,30.075,6.051
mp-aaabglmt,160.452,147.271,13.181,43.074,42.621,0.453
mp-aaabglnh,31.336,38.102,6.766,21.657,15.340,6.317
mp-aaabglnn,5.717,28.654,22.937,3.834,11.204,7.370
mp-aaabglnr,22.345,5.333,17.012,12.431,6.983,5.448
mp-aaabglnx,21.662,31.556,9.894,9.130,2.197,6.933
mp-aaabgloa,12.883,75.667,62.784,8.631,8.036,0.595
mp-aaabgloy,12.210,49.675,37.465,5.580,9.464,3.884
mp-aaabglpb,9.627,59.592,49.965,6.587,6.039,0.548
mp-aaabglpo,48.670,70.568,21.898,23.537,27.894,4.357
mp-aaabglps,106.664,87.681,18.983,46.251,33.339,12.912
mp-aaabglqb,1.204,29.908,28.704,0.344,6.339,5.995
mp-aaabglqc,3.452,43.857,40.405,2.447,8.561,6.114
mp-aaabglqd,210.570,198.524,12.046,114.096,120.017,5.921
mp-aaabglqg,34.353,58.730,24.377,15.324,17.659,2.335
mp-aaabglqj,164.794,151.375,13.419,59.837,83.416,23.579
mp-aaabglqt,17.864,9.026,8.838,7.948,9.655,1.707
mp-aaabglry,191.427,210.837,19.410,,,
mp-aaabglss,51.714,81.637,29.923,11.215,2.228,8.987
mp-aaabgltp,34.489,59.563,25.074,21.164,19.486,1.678
mp-aaabgltr,19.840,31.970,12.130,9.195,11.867,2.672
mp-aaabgluv,67.033,70.356,3.323,50.750,53.091,2.341
mp-aaabglve,4.411,14.569,10.158,0.321,5.222,4.901
mp-aaabglvq,255.669,172.474,83.195,93.792,114.234,20.442
mp-aaabglvx,6.794,20.919,14.125,3.143,7.892,4.749
mp-aaabglwm,114.468,100.831,13.637,42.308,37.731,4.577
mp-aaabglwo,235.627,299.631,64.004,10.217,86.749,76.532
mp-aaabglwt,42.656,31.166,11.490,20.960,18.030,2.930
mp-aaabglwu,180.839,114.415,66.424,23.948,29.823,5.875
mp-aaabglxa,16.063,-0.172,16.235,11.708,10.567,1.141
mp-aaabglxr,187.603,203.487,15.884,53.794,77.513,23.719
mp-aaabglxt,51.695,45.697,5.998,40.529,31.795,8.734
mp-aaabglxz,221.340,189.848,31.492,97.022,104.905,7.883
mp-aaabglyo,10.273,15.616,5.343,7.752,6.651,1.101
mp-aaabglys,0.643,59.634,58.991,0.268,8.973,8.705
mp-aaabglzk,87.044,107.519,20.475,4.657,31.560,26.903
mp-aaabglzu,23.382,70.113,46.731,3.498,16.325,12.827
mp-aaabglzz,38.486,42.914,4.428,6.979,3.894,3.085
mp-aaabgmaj,135.276,135.983,0.707,114.390,140.856,26.466
mp-aaabgmak,160.356,154.448,5.908,98.512,103.583,5.071
mp-aaabgman,199.865,167.417,32.449,38.258,95.432,57.174
mp-aaabgmay,4.479,93.724,89.245,2.060,1.137,0.923
mp-aaabgmbi,75.835,61.686,14.149,48.163,28.532,19.631
mp-aaabgmbv,27.743,44.591,16.848,10.092,8.294,1.798
mp-aaabgmci,327.425,328.317,0.892,185.363,194.269,8.906
mp-aaabgmcp,78.371,68.080,10.291,18.309,17.443,0.866
mp-aaabgmdk,57.536,57.601,0.065,28.736,13.293,15.443
mp-aaabgmej,44.169,46.791,2.622,1.523,31.274,29.751
mp-aaabgmew,212.391,227.655,15.264,51.030,62.576,11.546
mp-aaabgmez,159.381,163.305,3.924,78.332,56.313,22.019
mp-aaabgmfd,29.211,48.042,18.831,18.994,23.157,4.163
mp-aaabgmfj,67.825,63.254,4.571,21.183,14.846,6.337
mp-aaabgmfk,264.389,251.384,13.005,91.366,90.700,0.666
mp-aaabgmfm,48.347,75.166,26.819,17.093,18.247,1.154
mp-aaabgmfp,72.999,67.258,5.741,28.849,23.845,5.004
mp-aaabgmfr,114.120,96.017,18.103,37.008,33.683,3.325
mp-aaabgmfy,177.227,157.936,19.291,45.456,46.994,1.538
mp-aaabgmgh,65.980,45.905,20.076,36.511,31.502,5.009
mp-aaabgmgn,161.564,147.131,14.433,51.204,67.135,15.931
mp-aaabgmgw,3.502,18.658,15.156,2.302,8.471,6.169
mp-aaabgmhs,58.179,81.055,22.876,38.466,47.012,8.546
mp-aaabgmhv,0.823,-9.681,10.504,0.866,6.123,5.257
mp-aaabgmhx,39.227,34.589,4.638,13.664,26.122,12.458
mp-aaabgmhz,170.078,140.163,29.915,85.959,72.675,13.284
mp-aaabgmia,0.028,-42.545,42.573,0.015,1.695,1.680
mp-aaabgmir,83.946,53.271,30.675,39.309,36.084,3.225
mp-aaabgmit,39.487,43.484,3.997,29.927,27.320,2.607
mp-aaabgmix,30.790,46.424,15.634,13.125,16.659,3.534
mp-aaabgmjg,196.908,188.911,7.997,156.611,140.080,16.531
mp-aaabgmji,5.733,-18.665,24.398,1.421,-1.526,2.947
mp-aaabgmjn,213.212,120.135,93.077,187.261,193.065,5.804
mp-aaabgmkh,181.710,109.292,72.418,-15.965,-9.023,6.942
mp-aaabgmks,76.355,99.744,23.389,58.940,37.593,21.347
mp-aaabgmkw,179.263,170.505,8.758,8.617,4.345,4.272
mp-aaabgmlc,158.423,137.205,21.218,71.316,66.607,4.709
mp-aaabgmlf,50.645,52.567,1.922,28.861,25.026,3.835
mp-aaabgmlh,43.315,126.408,83.093,25.056,37.053,11.997
mp-aaabgmlp,130.309,135.993,5.684,65.190,46.334,18.856
mp-aaabgmne,1.958,13.815,11.857,1.478,-2.247,3.725
mp-aaabgmnj,15.624,-15.665,31.289,7.040,6.519,0.521
mp-aaabgmno,56.741,76.217,19.476,12.660,17.777,5.117
mp-aaabgmnr,98.691,87.779,10.912,48.370,45.900,2.470
mp-aaabgmnw,167.858,158.948,8.910,56.355,48.980,7.375
mp-aaabgmoc,20.171,35.416,15.245,9.206,13.735,4.529
mp-aaabgmoe,60.156,72.326,12.170,-94.645,-8.286,86.359
mp-aaabgmoo,5.603,85.800,80.197,3.946,10.016,6.070
mp-aaabgmop,203.067,147.698,55.369,55.616,61.694,6.078
mp-aaabgmow,17.340,36.058,18.718,11.654,12.776,1.122
mp-aaabgmpb,14.860,15.910,1.050,6.203,9.243,3.040
mp-aaabgmpq,13.822,4.765,9.057,13.772,8.120,5.652
mp-aaabgmqa,274.968,258.728,16.240,88.088,85.035,3.053
mp-aaabgmqd,239.813,215.865,23.948,85.342,81.137,4.205
mp-aaabgmqz,213.186,120.165,93.021,187.274,193.108,5.834
mp-aaabgmrf,138.262,128.042,10.220,107.940,92.925,15.015
mp-aaabgmrm,41.942,82.518,40.576,22.499,33.024,10.525
mp-aaabgmss,133.935,129.704,4.231,41.898,38.301,3.597
mp-aaabgmsv,11.162,92.546,81.384,9.905,25.073,15.168
mp-aaabgmsx,5.865,92.159,86.294,3.473,4.949,1.476
mp-aaabgmtb,62.104,60.592,1.512,28.522,27.647,0.875
mp-aaabgmtd,204.223,219.735,15.512,50.000,59.973,9.973
mp-aaabgmtg,164.527,234.999,70.472,93.348,108.250,14.902
mp-aaabgmtp,117.921,108.482,9.439,82.612,95.380,12.768
mp-aaabgmtv,57.047,54.697,2.350,21.515,19.740,1.775
mp-aaabgmuh,175.942,179.128,3.186,101.432,103.233,1.801
mp-aaabgmvg,8.913,101.393,92.480,5.459,10.456,4.997
mp-aaabgmvm,13.509,0.275,13.234,5.910,2.411,3.499
mp-aaabgmwg,10.949,24.025,13.076,5.833,4.174,1.659
mp-aaabgmwi,16.957,47.516,30.559,7.863,6.534,1.329
mp-aaabgmwk,225.583,199.405,26.178,110.559,75.300,35.259
mp-aaabgmwr,20.549,22.286,1.737,13.684,10.269,3.415
mp-aaabgmxb,6.621,88.686,82.065,3.142,1.231,1.911
mp-aaabgmxf,187.543,151.766,35.777,76.808,92.746,15.938
mp-aaabgmxh,101.385,152.960,51.575,55.690,49.070,6.620
mp-aaabgmxs,64.880,89.869,24.989,19.653,16.813,2.840
mp-aaabgmxy,25.730,40.304,14.574,10.446,14.080,3.634
mp-aaabgmye,33.986,46.268,12.282,7.887,17.733,9.846
mp-aaabgmyr,135.604,109.569,26.035,,,
mp-aaabgmyu,45.876,48.625,2.749,24.736,27.188,2.452
mp-aaabgmyz,137.018,126.991,10.027,116.030,133.140,17.110
mp-aaabgmzj,79.041,86.123,7.082,33.717,49.049,15.332
mp-aaabgmzr,132.693,206.034,73.341,-78.499,-66.564,11.935
mp-aaabgmzw,45.827,64.824,18.997,31.388,33.306,1.918
mp-aaabgnac,10.316,19.663,9.347,5.148,2.579,2.569
mp-aaabgnbb,135.713,115.153,20.560,98.633,109.239,10.606
mp-aaabgnbd,40.022,31.436,8.586,26.483,23.613,2.870
mp-aaabgnbq,118.844,118.678,0.166,50.018,48.140,1.878
mp-aaabgnbr,48.749,53.247,4.498,29.539,16.757,12.782
mp-aaabgnbs,41.626,48.960,7.334,15.392,16.422,1.030
mp-aaabgnby,27.022,18.692,8.330,17.146,11.356,5.790
mp-aaabgnbz,169.621,154.859,14.762,75.074,47.935,27.139
mp-aaabgnch,10.245,15.521,5.276,7.710,6.707,1.003
mp-aaabgncu,7.077,-9.482,16.559,38.176,-1.414,39.590
mp-aaabgndm,160.728,137.647,23.081,27.431,24.202,3.229
mp-aaabgndy,171.720,152.927,18.793,-93.916,-95.840,1.924
mp-aaabgneg,63.965,62.084,1.881,43.503,39.122,4.381
mp-aaabgnel,63.583,91.040,27.457,26.476,11.039,15.437
mp-aaabgnep,54.127,71.840,17.713,33.133,43.518,10.385
mp-aaabgnes,105.655,102.012,3.643,67.761,72.966,5.205
mp-aaabgnet,49.340,69.728,20.388,25.520,29.429,3.909
mp-aaabgnfa,75.501,60.517,14.984,31.358,38.449,7.091
mp-aaabgnfc,174.157,165.465,8.692,71.283,64.211,7.072
mp-aaabgnfd,35.930,44.862,8.932,14.998,18.371,3.373
mp-aaabgnfr,158.095,172.776,14.681,106.783,113.161,6.378
mp-aaabgnft,27.174,55.057,27.883,16.320,15.412,0.908
mp-aaabgngi,34.471,108.734,74.263,16.270,17.697,1.427
mp-aaabgngk,56.945,107.170,50.225,3.416,19.044,15.628
mp-aaabgnhd,51.435,56.224,4.789,17.104,10.751,6.353
mp-aaabgnhr,184.048,167.048,17.000,124.562,125.847,1.285
mp-aaabgnhs,93.310,66.623,26.687,49.484,58.089,8.605
mp-aaabgnia,191.720,173.327,18.393,87.084,102.665,15.581
mp-aaabgnik,129.504,125.519,3.985,147.448,109.865,37.583
mp-aaabgnim,15.253,36.559,21.306,7.497,8.092,0.595
mp-aaabgnip,35.493,37.796,2.303,22.431,15.289,7.142
mp-aaabgnja,38.657,115.789,77.132,20.005,22.292,2.287
mp-aaabgnje,18.094,-5.084,23.178,10.168,10.229,0.061
mp-aaabgnjh,14.495,8.625,5.870,7.556,11.498,3.942
mp-aaabgnjn,15.187,17.710,2.523,8.079,9.205,1.126
mp-aaabgnkf,135.340,111.822,23.518,50.944,59.735,8.791
mp-aaabgnkl,173.233,190.911,17.678,80.601,75.635,4.966
mp-aaabgnkn,38.302,50.339,12.037,15.009,14.154,0.855
mp-aaabgnkp,181.742,201.990,20.248,127.875,128.249,0.374
mp-aaabgnkt,273.081,283.912,10.831,96.097,112.208,16.111
mp-aaabgnku,122.263,195.540,73.277,81.927,106.807,24.880
mp-aaabgnla,92.341,89.894,2.447,65.876,63.456,2.420
mp-aaabgnlh,12.468,-0.493,12.961,-1.569,10.367,11.936
mp-aaabgnlm,1.611,69.539,67.928,0.526,-3.722,4.248
mp-aaabgnlo,79.590,89.068,9.478,60.710,82.632,21.922
mp-aaabgnmu,133.386,120.312,13.074,66.560,78.749,12.189
mp-aaabgnmw,77.718,86.869,9.151,40.872,43.725,2.853
mp-aaabgnmx,12.514,59.406,46.892,6.673,8.710,2.037
mp-aaabgnoc,152.083,197.654,45.571,88.505,86.184,2.321
mp-aaabgnof,225.918,219.450,6.468,,,
mp-aaabgnok,14.728,25.308,10.580,7.569,13.292,5.723
mp-aaabgnop,59.927,66.878,6.951,20.217,30.021,9.804
mp-aaabgnpj,163.496,143.130,20.366,69.364,46.793,22.571
mp-aaabgnpm,132.244,128.430,3.814,33.971,69.290,35.319
mp-aaabgnqc,12.111,20.641,8.530,6.631,9.978,3.347
mp-aaabgnqm,10.441,25.311,14.870,5.332,12.184,6.852
mp-aaabgnqp,106.475,66.549,39.926,62.140,58.325,3.815
mp-aaabgnqr,391.827,290.799,101.028,,,
mp-aaabgnqt,116.418,220.407,103.989,28.245,101.078,72.833
mp-aaabgnrc,126.117,117.334,8.783,6.685,24.222,17.537
mp-aaabgnrd,145.703,138.229,7.474,3.080,44.567,41.487
mp-aaabgphe,11.027,89.899,78.872,18.793,56.701,37.908
mp-aaabgpsl,6.734,96.588,89.854,6.173,22.894,16.721
mp-aaabgpvb,173.331,143.148,30.182,-79.512,31.943,111.455
mp-aaabgqcq,22.171,57.243,35.072,10.872,21.950,11.078
mp-aaabgqmd,140.398,121.172,19.226,96.947,89.636,7.311
mp-aaabgqpu,12.943,24.062,11.119,5.717,8.474,2.757
mp-aaabgqrh,12.229,25.974,13.745,6.100,0.203,5.897
mp-aaabgqtn,9.360,51.649,42.289,3.587,4.650,1.063
mp-aaabgrct,156.483,167.290,10.807,110.530,111.073,0.543
mp-aaabgrdx,128.330,105.648,22.682,28.838,24.547,4.291
mp-aaabgrkp,138.122,117.384,20.738,83.438,83.498,0.060
mp-aaabgrlz,85.789,100.781,14.992,39.352,49.245,9.893
mp-aaabgrmd,39.315,62.698,23.383,16.967,26.397,9.430
mp-aaabgrnv,71.741,58.750,12.991,26.856,21.632,5.224
mp-aaabgrzz,10.009,38.568,28.559,4.762,6.208,1.446
mp-aaabgxxx,133.066,137.946,4.880,63.662,80.976,17.314
mp-aaabgxyc,111.932,127.765,15.833,57.044,38.335,18.709
mp-aaabgzgi,206.727,248.587,41.860,98.815,62.175,36.640
mp-aaabgzow,65.070,89.373,24.303,9.320,16.815,7.495
mp-aaabhaik,25.895,76.997,51.102,6.978,21.585,14.607
mp-aaabhais,180.818,213.032,32.214,82.097,88.877,6.780
mp-aaabhaiu,24.939,31.056,6.117,14.968,12.057,2.911
mp-aaabhakt,111.070,93.532,17.538,20.300,25.042,4.742
mp-aaabhanl,149.816,149.014,0.802,48.551,47.333,1.218
mp-aaabhans,104.747,94.346,10.401,14.966,31.032,16.066
mp-aaabhbhu,22.311,88.720,66.409,12.264,22.424,10.160
mp-aaabhbjn,62.771,77.430,14.659,11.369,9.366,2.003
mp-aaabhbnc,12.368,12.116,0.252,7.769,10.899,3.130
mp-aaabhcnj,122.347,96.342,26.005,25.139,14.967,10.172
mp-aaabhcno,93.894,109.616,15.722,-24.354,-31.664,7.310
mp-aaabhcoj,120.685,94.051,26.634,48.711,43.789,4.922
mp-aaabhcpe,109.711,82.929,26.782,50.704,42.693,8.011
mp-aaabhcqk,106.169,97.858,8.311,35.944,27.227,8.717
mp-aaabhcsf,16.297,38.234,21.937,8.126,15.573,7.447
mp-aaabhczy,213.198,120.210,92.988,187.685,193.173,5.488
mp-aaabhdhj,42.357,62.964,20.607,20.122,10.460,9.662
mp-aaabhdmm,201.293,160.687,40.606,34.185,58.790,24.605
mp-aaabheay,35.981,57.344,21.363,26.016,27.106,1.090
mp-aaabhemg,100.495,126.992,26.497,10.500,10.594,0.094
mp-aaabhevi,54.259,72.051,17.792,16.418,8.842,7.576
mp-aaabidsj,18.482,29.729,11.247,7.962,11.084,3.122
mp-aaabidts,101.928,101.706,0.222,50.092,46.218,3.874
mp-aaabidtt,120.211,89.549,30.662,52.466,56.207,3.741
mp-aaabidxg,68.880,58.371,10.509,35.780,-10.416,46.196
mp-aaabiekn,106.321,110.672,4.351,41.679,40.987,0.692
mp-aaabieme,11.725,76.369,64.644,5.924,13.145,7.221
mp-aaabiflh,45.811,57.182,11.371,23.788,28.395,4.607
mp-aaabifmj,157.893,150.345,7.548,62.601,60.013,2.588
mp-aaabiggy,182.283,178.290,3.993,94.289,104.291,10.002
mp-aaabighb,24.147,70.333,46.186,18.072,20.172,2.100
mp-aaabigia,193.849,175.818,18.031,98.488,105.336,6.848
mp-aaabiijz,174.638,183.043,8.405,-50.161,-48.284,1.877
mp-aaabiinr,145.461,149.264,3.803,61.591,44.358,17.233
mp-aaabijbz,233.171,154.594,78.577,172.168,157.983,14.185
mp-aaabijkc,102.987,100.037,2.950,63.039,70.789,7.750
mp-aaabijyv,9.564,35.705,26.141,-13.034,13.656,26.690
mp-aaabijza,3.566,-41.097,44.663,1.596,3.253,1.657
mp-aaabijzd,2.781,12.034,9.253,1.120,7.877,6.757
mp-aaabikfw,84.663,127.660,42.997,65.472,64.270,1.202
mp-aaabikgq,68.417,92.869,24.452,34.404,32.992,1.412
mp-aaabikuu,102.403,199.288,96.885,73.415,86.758,13.343
mp-aaabikvs,10.701,97.139,86.438,7.382,44.578,37.196
mp-aaabikvu,22.494,71.535,49.041,13.087,20.233,7.146
mp-aaabikvy,23.858,81.204,57.346,-16.640,18.424,35.064
mp-aaabilah,61.997,69.489,7.492,-5.355,15.613,20.968
mp-aaabilai,33.635,76.313,42.678,16.154,16.992,0.838
mp-aaabilyt,160.220,141.861,18.359,52.169,47.478,4.691
mp-aaabimdq,7.808,4.070,3.738,-6.411,0.363,6.774
mp-aaabimgi,16.114,57.646,41.532,6.403,12.383,5.980
mp-aaabinav,6.824,18.674,11.850,4.154,3.037,1.117
mp-aaabiniy,43.461,36.495,6.966,18.167,17.790,0.377
mp-aaabiocl,218.746,207.135,11.611,77.711,76.673,1.038
mp-aaabiojj,33.375,82.958,49.583,10.463,25.296,14.833
mp-aaabioml,279.032,227.697,51.335,161.786,182.090,20.304
mp-aaabioql,84.627,89.538,4.911,52.398,42.543,9.855
mp-aaabipys,10.145,126.019,115.874,9.142,16.932,7.790
mp-aaabiqfz,7.820,25.267,17.447,4.029,11.268,7.239
mp-aaabitdq,142.715,102.187,40.528,,,
mp-aaabitsv,11.294,-60.282,71.576,0.460,-2.782,3.242
mp-aaabituy,125.652,127.177,1.525,98.723,40.764,57.959
mp-aaabiumk,435.557,358.963,76.594,,,
mp-aaabivce,1.978,-13.547,15.525,0.819,0.760,0.059
mp-aaabivna,0.597,34.547,33.950,0.205,-8.214,8.419
mp-aaabixhn,325.443,295.854,29.589,177.956,184.336,6.380
mp-aaabixpb,180.669,183.073,2.404,62.540,66.376,3.836
mp-aaabiyhq,32.449,187.635,155.186,-6.922,55.767,62.689
mp-aaabiyhx,15.373,-3.747,19.120,7.428,2.013,5.415
mp-aaabiytj,11.126,39.978,28.852,4.588,9.497,4.909
mp-aaabiyym,91.135,81.594,9.541,-31.834,-4.784,27.050
mp-aaabizep,8.224,21.745,13.521,4.020,1.329,2.691
mp-aaabizzh,16.556,27.958,11.402,9.506,4.673,4.833
mp-aaabjafy,202.285,169.804,32.481,105.884,109.245,3.361
mp-aaabjbuw,15.227,4.798,10.429,6.978,5.587,1.391
mp-aaabjbxg,435.362,357.880,77.482,,,
mp-aaabjbxy,22.432,41.636,19.204,8.493,5.951,2.542
mp-aaabjcbv,147.515,109.910,37.605,86.318,87.165,0.847
mp-aaabjccl,173.805,182.257,8.452,61.398,93.852,32.454
mp-aaabjerd,124.209,115.140,9.069,53.326,38.086,15.240
mp-aaabjfrj,91.372,106.771,15.399,29.117,39.217,10.100
mp-aaabjhpi,108.842,84.866,23.976,50.601,52.926,2.325
mp-aaabjiad,60.927,53.678,7.249,22.758,14.703,8.055
mp-aaabjjea,113.257,108.465,4.792,16.645,24.287,7.642
mp-aaabjker,99.696,78.170,21.526,22.021,18.548,3.473
mp-aaabjkld,112.917,116.818,3.901,62.713,68.467,5.754
mp-aaabjkza,130.158,130.292,0.134,56.753,56.808,0.055
mp-aaabjlou,68.845,84.492,15.647,-7.423,-3.828,3.595
mp-aaabjlpe,158.207,179.247,21.040,,,
mp-aaabjlqm,16.341,34.565,18.224,14.260,21.318,7.058
mp-aaabjlus,115.986,71.538,44.448,51.305,47.024,4.281
mp-aaabjmok,95.540,116.256,20.716,-5.611,5.505,11.116
mp-aaabjnuy,127.273,160.764,33.491,59.397,53.575,5.822
mp-aaabjobs,28.581,40.929,12.348,15.190,20.288,5.098
mp-aaabjolt,40.615,31.453,9.162,19.038,11.271,7.767
mp-aaabjoqo,106.355,129.625,23.270,79.123,84.738,5.615
mp-aaabjoqp,91.937,118.888,26.951,27.238,75.212,47.974
mp-aaabjots,24.052,24.978,0.926,9.372,7.977,1.395
mp-aaabjoug,82.391,99.636,17.245,49.224,48.874,0.350
mp-aaabjoui,144.446,118.095,26.351,113.213,94.141,19.072
mp-aaabjpdt,65.945,75.386,9.441,,,
mp-aaabjphf,54.605,98.165,43.560,29.387,35.746,6.359
mp-aaabjqyu,26.262,37.114,10.852,13.038,13.692,0.654
mp-aaabjrfd,30.922,44.709,13.787,17.006,9.279,7.727
mp-aaabjseh,227.986,112.591,115.395,132.732,69.456,63.276
mp-aaabjtxe,9.032,-16.894,25.926,3.947,5.232,1.285
mp-aaabjudp,13.848,43.200,29.352,5.384,18.973,13.589
mp-aaabjumx,99.716,199.391,99.675,70.992,86.754,15.762
mp-aaabjvbp,214.146,245.379,31.233,92.873,85.103,7.770
mp-aaabjvdy,373.876,293.967,79.909,,,
mp-aaabjxva,37.715,74.571,36.856,-20.232,-34.596,14.364
mp-aaabjxvb,101.347,140.970,39.623,,,
mp-aaabjxvc,169.578,181.410,11.832,-9.488,38.557,48.045
mp-aaabjxvp,141.531,206.463,64.932,30.087,65.005,34.918
mp-aaabjxvu,95.326,79.107,16.219,-39.447,0.085,39.532
mp-aaabjxwo,94.647,116.902,22.255,-27.492,-18.320,9.172
mp-aaabjxwq,34.014,87.565,53.551,,,
mp-aaabjxwt,126.046,186.742,60.696,-77.516,-50.103,27.413
mp-aaabjxww,98.321,149.663,51.342,116.716,75.258,41.458
mp-aaabjxwz,100.347,91.566,8.781,15.888,8.085,7.803
mp-aaabjxxc,102.888,103.011,0.123,,,
mp-aaabjxxe,170.102,163.147,6.955,-47.643,3.890,51.533
mp-aaabjxxi,75.145,110.122,34.977,-22.546,-24.603,2.057
mp-aaabjxxk,35.300,27.388,7.912,32.360,23.013,9.347
mp-aaabjxxl,49.954,90.538,40.584,,,
mp-aaabjxxm,126.524,89.605,36.919,-121.271,-119.696,1.575
mp-aaabjxxn,86.699,103.983,17.284,-27.038,-20.712,6.326
mp-aaabjxxo,264.415,322.271,57.856,57.963,73.947,15.984
mp-aaabjxxq,58.658,73.269,14.611,15.074,14.753,0.321
mp-aaabjxxr,76.298,78.319,2.021,5.414,10.352,4.938
mp-aaabjxxx,142.296,158.154,15.858,48.436,-17.310,65.746
mp-aaabjxxy,174.843,144.101,30.742,-47.706,-15.870,31.836
mp-aaabjxyb,189.875,133.171,56.704,-11.430,2.980,14.410
mp-aaabjxyc,176.159,106.492,69.667,-11.236,17.491,28.727
mp-aaabjxyd,88.355,100.843,12.488,36.564,9.055,27.509
mp-aaabjxye,74.131,84.108,9.977,8.397,26.294,17.897
mp-aaabjxyf,70.070,111.867,41.797,-24.806,0.560,25.366
mp-aaabjxyg,25.706,63.841,38.135,-43.555,-31.598,11.957
mp-aaabjxyh,17.782,47.537,29.755,5.998,9.445,3.447
mp-aaabjxyk,139.643,161.057,21.414,3.578,8.486,4.908
mp-aaabjxyl,194.937,159.160,35.777,81.150,63.772,17.378
mp-aaabjxyn,66.328,57.008,9.320,-9.647,9.030,18.677
mp-aaabjxyw,271.769,295.081,23.312,40.401,60.889,20.488
mp-aaabjxyx,86.200,93.378,7.178,-3.149,-5.816,2.667
mp-aaabjxze,111.294,113.939,2.645,36.429,51.491,15.062
mp-aaabjxzk,190.764,210.993,20.229,,,
mp-aaabjxzn,106.279,122.355,16.076,14.125,25.514,11.389
mp-aaabjxzp,103.767,173.266,69.499,-10.839,-34.080,23.241
mp-aaabjxzq,116.490,99.141,17.349,,,
mp-aaabjxzt,293.668,207.771,85.897,,,
mp-aaabjxzv,110.550,132.018,21.468,-7.327,-7.235,0.092
mp-aaabjxzx,79.413,92.781,13.368,-125.360,-107.482,17.878
mp-aaabjxzy,34.225,51.455,17.230,-26.819,-16.339,10.480
mp-aaabjxzz,167.245,191.634,24.389,33.053,48.904,15.851
mp-aaabjyad,162.789,177.816,15.027,-21.408,24.200,45.608
mp-aaabjyae,157.642,234.464,76.822,17.362,37.475,20.113
mp-aaabjyag,30.597,58.485,27.888,4.064,8.069,4.005
mp-aaabjyak,48.867,65.268,16.401,-89.048,-29.455,59.593
mp-aaabjyal,87.841,83.660,4.181,-13.279,4.804,18.083
mp-aaabjyao,98.163,115.477,17.313,88.718,58.211,30.507
mp-aaabjyap,129.476,150.846,21.370,,,
mp-aaabjyau,181.074,271.414,90.340,15.702,35.968,20.266
mp-aaabjyaw,99.597,81.663,17.934,,,
mp-aaabjyay,34.801,45.624,10.823,-13.397,-2.488,10.909
mp-aaabjyaz,191.177,190.892,0.285,,,
mp-aaabjyba,85.075,116.895,31.820,-110.855,-68.667,42.188
mp-aaabjybb,97.416,86.118,11.298,36.635,27.433,9.202
mp-aaabjybc,167.909,179.738,11.829,24.724,46.808,22.084
mp-aaabjybh,146.466,143.715,2.751,20.711,90.434,69.723
mp-aaabjybi,202.767,143.797,58.970,,,
mp-aaabjybk,162.622,117.924,44.698,1.128,22.976,21.848
mp-aaabjybl,36.504,62.007,25.503,-14.001,-12.277,1.724
mp-aaabjybn,55.467,108.693,53.226,-26.181,-4.689,21.492
mp-aaabjybo,209.674,155.769,53.905,41.412,33.874,7.538
mp-aaabjybp,169.338,180.613,11.275,87.129,90.729,3.600
mp-aaabjybr,89.899,139.682,49.783,,,
mp-aaabjybs,134.023,131.466,2.557,-3.385,-2.491,0.894
mp-aaabjybt,88.405,149.254,60.849,20.655,25.386,4.731
mp-aaabjybv,171.408,134.552,36.856,-17.773,46.699,64.472
mp-aaabjycf,117.828,121.958,4.130,,,
mp-aaabjycg,92.455,129.484,37.029,-13.058,-8.762,4.296
mp-aaabjycn,65.880,84.950,19.070,-19.055,-9.061,9.994
mp-aaabjycp,106.406,134.716,28.310,20.358,25.202,4.844
mp-aaabjycq,152.186,201.154,48.968,-57.668,-19.846,37.822
mp-aaabjyct,71.520,93.229,21.709,,,
mp-aaabjyda,122.422,95.498,26.924,93.926,68.377,25.549
mp-aaabjydc,38.778,79.440,40.662,-104.989,-61.116,43.873
mp-aaabjydf,63.285,66.071,2.786,,,
mp-aaabjydj,35.861,67.186,31.325,-29.914,-37.832,7.918
mp-aaabjydl,53.236,68.713,15.477,23.084,11.648,11.436
mp-aaabjydm,97.004,131.338,34.334,-1.824,22.104,23.928
mp-aaabjydn,105.795,103.429,2.366,16.375,8.973,7.402
mp-aaabjydr,49.413,54.944,5.531,19.000,6.213,12.787
mp-aaabjyds,232.655,241.502,8.847,-86.794,56.622,143.416
mp-aaabjydu,130.515,143.435,12.920,22.360,-2.653,25.013
mp-aaabjydw,85.867,137.062,51.195,-15.169,-17.533,2.364
mp-aaabjydz,145.865,130.911,14.954,,,
mp-aaabjyeb,79.941,64.328,15.613,,,
mp-aaabjyeh,17.332,40.717,23.385,27.375,13.507,13.868
mp-aaabjyej,36.571,56.785,20.214,-13.931,-20.326,6.395
mp-aaabjyeo,132.121,137.340,5.219,-12.964,9.702,22.666
mp-aaabjyep,104.983,120.951,15.968,0.641,19.869,19.228
mp-aaabjyer,46.710,73.225,26.515,7.573,-4.142,11.715
mp-aaabjyet,180.748,149.735,31.013,-30.528,-13.054,17.474
mp-aaabjyeu,108.531,140.637,32.106,,,
mp-aaabjyev,64.871,58.240,6.631,-17.503,-34.655,17.152
mp-aaabjyfb,32.221,56.860,24.639,-0.368,3.237,3.605
mp-aaabjyfe,76.670,88.787,12.117,-92.477,-87.676,4.801
mp-aaabjyfj,201.037,192.077,8.960,21.798,19.588,2.210
mp-aaabjyfk,65.801,84.840,19.039,8.576,3.057,5.519
mp-aaabjyfl,22.492,32.723,10.231,,,
mp-aaabjyfn,55.158,68.763,13.605,-24.853,21.931,46.784
mp-aaabjyfp,65.622,67.720,2.098,63.846,-78.938,142.784
mp-aaabjyfs,28.903,54.296,25.393,-1.577,-0.886,0.691
mp-aaabjyfv,180.881,133.302,47.579,15.248,92.998,77.750
mp-aaabjyfw,136.470,175.859,39.389,27.990,9.124,18.866
mp-aaabjyfx,182.019,183.282,1.263,,,
mp-aaabjyfy,103.380,139.260,35.880,,,
mp-aaabjyfz,36.436,94.786,58.350,,,
mp-aaabjyga,114.568,138.040,23.472,,,
mp-aaabjygb,111.116,155.837,44.721,3.995,1.995,2.000
mp-aaabjygd,56.712,89.278,32.566,-27.655,26.020,53.675
mp-aaabjygh,107.248,110.740,3.492,3.701,1.005,2.696
mp-aaabjygi,25.669,69.457,43.788,-19.699,17.152,36.851
mp-aaabjygl,119.440,136.515,17.075,1.572,46.618,45.046
mp-aaabjygm,24.543,65.754,41.211,-54.118,-27.204,26.914
mp-aaabjygn,59.944,75.827,15.883,-22.722,-31.882,9.160
mp-aaabjygo,37.563,55.263,17.700,-23.148,15.847,38.995
mp-aaabjygp,,,,-12.202,36.068,48.270
mp-aaabjygq,43.591,62.616,19.025,0.933,0.537,0.396
mp-aaabjygr,54.894,63.624,8.730,-17.595,-24.317,6.722
mp-aaabjygv,116.857,129.916,13.059,-11.203,-4.336,6.867
mp-aaabjygw,113.956,162.581,48.625,-82.002,-46.373,35.629
mp-aaabjygx,61.312,96.988,35.676,-39.837,-49.815,9.978
mp-aaabjygy,99.010,135.320,36.310,,,
mp-aaabjygz,140.592,111.633,28.959,,,
mp-aaabjyha,96.422,112.906,16.484,-4.638,-6.207,1.569
mp-aaabjyhb,170.769,175.231,4.462,-8.309,15.846,24.155
mp-aaabjyhc,91.718,140.817,49.099,-17.413,13.211,30.624
mp-aaabjyhe,65.046,94.590,29.544,91.332,59.285,32.047
mp-aaabjyhf,106.645,119.561,12.916,65.202,9.040,56.162
mp-aaabjyhg,117.004,134.170,17.166,,,
mp-aaabjyhh,209.201,137.591,71.610,-7.963,-13.726,5.763
mp-aaabjyhj,76.897,130.761,53.864,-5.352,1.565,6.917
mp-aaabjyhk,173.980,148.363,25.617,53.948,27.317,26.631
mp-aaabjyhm,69.602,63.219,6.383,-57.796,-79.034,21.238
mp-aaabjyhp,55.577,77.930,22.353,-80.417,-62.615,17.802
mp-aaabjyjp,448.872,131.205,317.667,68.240,44.697,23.543
mp-aaabjykr,84.228,114.158,29.930,,,
mp-aaabjyly,150.025,107.615,42.410,-29.097,49.270,78.367
mp-aaabjyog,114.439,129.575,15.136,-14.031,10.494,24.525
mp-aaabjzgd,112.984,60.727,52.257,169.416,46.507,122.909
mp-aaabjzhi,0.038,7.297,7.259,0.010,0.994,0.984
mp-aaabjzjr,202.519,145.075,57.444,64.761,42.863,21.898
mp-aaabjzjz,11.732,-7.584,19.316,7.858,-1.340,9.198
mp-aaabjzne,44.136,46.319,2.183,14.907,29.038,14.131
mp-aaabjzos,137.887,145.630,7.743,86.229,112.436,26.207
mp-aaabjzwz,23.709,117.396,93.687,14.281,21.490,7.209
mp-aaabkacu,16.673,-57.171,73.844,6.439,13.551,7.112
mp-aaabkbew,193.287,275.058,81.771,107.233,137.651,30.418
mp-aaabkcnf,23.521,38.820,15.299,11.610,14.941,3.331
mp-aaabkcvx,21.406,32.671,11.265,10.172,9.301,0.871
mp-aaabkcvz,0.157,-26.180,26.337,0.048,-1.598,1.646
mp-aaabkcwq,14.213,12.579,1.634,8.001,2.050,5.951
mp-aaabkczn,48.082,23.058,25.024,33.752,24.004,9.748
mp-aaabkddr,58.943,77.703,18.760,123.900,62.012,61.888
mp-aaabkdht,129.596,49.891,79.705,69.155,37.452,31.703
mp-aaabkeau,51.353,125.857,74.504,-9.203,-9.116,0.087
mp-aaabkekn,65.520,102.257,36.737,25.095,34.443,9.348
mp-aaabkexs,4.298,75.041,70.743,4.717,7.341,2.624
mp-aaabkfds,157.963,174.312,16.349,15.311,64.751,49.440
mp-aaabkfgb,38.830,89.887,51.057,10.717,15.197,4.480
mp-aaabkfhw,190.307,181.520,8.787,102.391,96.390,6.001
mp-aaabkfie,179.376,160.056,19.320,88.699,55.089,33.610
mp-aaabkfih,209.896,197.448,12.448,,,
mp-aaabkfik,176.402,183.846,7.444,53.156,81.953,28.797
mp-aaabkfjs,102.587,110.649,8.062,66.476,49.425,17.051
mp-aaabkfsp,200.710,208.654,7.944,88.857,74.181,14.676
mp-aaabkfwk,72.894,58.833,14.061,-59.573,14.923,74.496
mp-aaabkgox,19.651,52.867,33.216,9.480,4.445,5.035
mp-aaabkgrv,87.487,87.435,0.052,48.891,55.595,6.704
mp-aaabkhed,248.749,244.876,3.873,182.763,174.619,8.144
mp-aaabkhee,63.552,90.384,26.832,-8.524,-20.621,12.097
mp-aaabkhfq,53.459,43.621,9.838,22.686,25.531,2.845
mp-aaabkiwn,9.790,24.939,15.149,5.257,8.121,2.864
mp-aaabkkgh,168.560,161.003,7.557,60.566,52.162,8.404
mp-aaabkkix,1.972,-53.651,55.623,0.829,2.353,1.524
mp-aaabkkoo,161.550,172.506,10.956,54.621,53.880,0.741
mp-aaabkkpy,117.643,119.343,1.700,55.679,63.921,8.242
mp-aaabkkui,145.405,123.459,21.946,57.313,59.999,2.686
mp-aaabkkwf,43.783,82.364,38.581,19.144,22.708,3.564
mp-aaabkkxb,32.741,67.395,34.654,12.416,17.639,5.223
mp-aaabkldq,64.785,99.782,34.997,42.746,45.563,2.817
mp-aaabklft,39.169,57.063,17.894,24.137,26.780,2.643
mp-aaabklop,74.091,74.524,0.433,34.907,45.381,10.474
mp-aaabklou,18.824,57.368,38.544,40.013,43.644,3.631
mp-aaabkluq,128.509,163.679,35.170,67.937,93.109,25.172
mp-aaabknac,170.181,180.429,10.248,82.143,99.442,17.299
mp-aaabknap,254.919,240.338,14.581,160.943,156.109,4.834
mp-aaabknpj,7.650,-2.842,10.492,4.313,3.240,1.073
mp-aaabkogh,195.665,174.969,20.696,,,
mp-aaabkorc,190.350,158.153,32.197,44.977,26.310,18.667
mp-aaabkorr,191.732,158.317,33.415,57.721,26.107,31.614
mp-aaabkoxy,58.929,80.073,21.144,20.203,9.795,10.408
mp-aaabkozf,35.005,50.658,15.653,-7.014,7.960,14.974
mp-aaabkpew,76.044,98.444,22.400,56.035,58.917,2.882
mp-aaabkpfd,37.878,51.535,13.657,26.867,24.583,2.284
mp-aaabkphe,9.349,-38.463,47.812,5.553,11.033,5.480
mp-aaabkphf,21.889,18.541,3.348,15.092,11.175,3.917
mp-aaabkpia,94.858,125.918,31.060,60.907,48.857,12.050
mp-aaabkpir,13.624,34.549,20.925,8.420,9.452,1.032
mp-aaabkpod,11.873,13.720,1.847,5.377,15.218,9.841
mp-aaabkpor,14.628,17.497,2.869,8.069,1.383,6.686
mp-aaabkpou,20.548,49.190,28.642,11.385,14.705,3.320
mp-aaabkpoy,51.372,80.404,29.032,40.431,38.323,2.108
mp-aaabkpph,108.766,97.072,11.694,34.066,27.827,6.239
mp-aaabkppn,15.531,41.111,25.580,9.309,-0.069,9.378
mp-aaabkpsx,9.772,103.787,94.015,6.494,-5.097,11.591
mp-aaabkpta,38.587,36.394,2.193,30.856,17.428,13.428
mp-aaabkpun,103.322,90.352,12.970,50.961,45.403,5.558
mp-aaabkpvj,8.860,16.194,7.334,6.910,10.623,3.713
mp-aaabkqgk,36.372,42.642,6.270,28.352,18.024,10.328
mp-aaabkqgt,28.159,9.442,18.717,8.568,6.018,2.550
mp-aaabkqhu,29.989,28.743,1.246,10.733,7.819,2.914
mp-aaabkqpd,176.085,148.221,27.864,73.984,66.001,7.983
mp-aaabkqqv,18.439,11.925,6.514,10.788,2.608,8.180
mp-aaabkqzx,44.442,47.696,3.254,36.437,34.791,1.646
mp-aaabkrab,42.514,41.776,0.738,36.787,34.508,2.279
mp-aaabkras,86.912,53.928,32.984,38.110,38.940,0.830
mp-aaabkrbk,57.274,67.650,10.376,44.040,39.124,4.916
mp-aaabkrbr,21.446,16.883,4.563,7.822,5.517,2.305
mp-aaabkrby,95.473,81.513,13.960,66.735,36.569,30.166
mp-aaabkrca,188.800,179.818,8.982,69.795,59.629,10.166
mp-aaabkrcb,63.812,83.433,19.621,30.422,32.731,2.309
mp-aaabkrdf,190.686,177.121,13.565,68.019,70.311,2.292
mp-aaabkrgf,42.316,62.487,20.171,29.177,23.966,5.211
mp-aaabkrhj,21.647,16.775,4.872,6.659,5.045,1.614
mp-aaabkrjt,184.583,140.800,43.783,103.187,93.344,9.843
mp-aaabkrjv,123.281,97.545,25.736,24.897,29.099,4.202
mp-aaabkrkj,22.363,60.857,38.494,23.855,16.325,7.530
mp-aaabkrkm,101.103,110.154,9.051,45.801,39.179,6.622
mp-aaabkrkq,46.464,50.762,4.298,17.132,16.662,0.470
mp-aaabkrop,4.674,21.736,17.062,2.184,0.894,1.290
mp-aaabkrrx,49.084,91.968,42.884,20.284,68.701,48.417
mp-aaabkrtr,59.389,69.615,10.226,45.523,32.666,12.857
mp-aaabkrud,299.812,270.646,29.166,,,
mp-aaabkujr,154.562,126.692,27.870,67.477,59.907,7.570
mp-aaabkuvw,49.399,52.510,3.111,17.366,20.621,3.255
mp-aaabkviy,59.344,66.161,6.817,73.669,32.339,41.330
mp-aaabkvua,444.534,161.719,282.815,-100.878,-14.473,86.405
mp-aaabkytz,35.751,38.787,3.036,19.610,18.267,1.343
mp-aaablgrc,98.773,163.210,64.437,69.661,-38.163,107.824
mp-aaablkkg,67.946,95.223,27.277,54.694,65.088,10.394
mp-aaabmced,78.848,46.618,32.230,33.832,24.263,9.569
mp-aaabmche,18.076,52.972,34.896,35.939,41.447,5.508
mp-aaabmckj,77.880,64.892,12.988,39.303,32.452,6.851
mp-aaabmclu,149.807,118.703,31.104,62.629,54.603,8.026
mp-aaabmcrk,196.318,154.056,42.262,80.945,74.030,6.915
mp-aaabmdab,155.521,132.117,23.404,46.847,25.087,21.760
mp-aaabmdac,187.018,172.595,14.423,77.938,34.559,43.379
mp-aaabmgkx,71.135,59.055,12.080,40.353,35.983,4.370
mp-aaabmglc,177.562,158.574,18.988,11.728,50.969,39.241
mp-aaabmgld,-1.170,46.074,47.244,-0.054,1.768,1.822
mp-aaabmglu,90.431,104.916,14.485,,,
mp-aaabmgly,57.601,55.180,2.421,27.400,23.295,4.105
mp-aaabmgmd,230.256,179.270,50.986,52.491,52.278,0.213
mp-aaabmgmj,152.324,149.225,3.099,65.218,47.381,17.837
mp-aaabmgnf,32.333,49.466,17.133,28.036,31.087,3.051
mp-aaabmgnh,163.420,150.042,13.378,90.833,96.330,5.497
mp-aaabmgnm,101.060,115.472,14.412,77.888,76.705,1.183
mp-aaabmgnr,85.206,80.389,4.817,35.401,41.265,5.864
mp-aaabmgpd,86.695,124.034,37.339,19.052,42.597,23.545
mp-aaabmgpg,95.132,72.980,22.152,41.998,48.189,6.191
mp-aaabmgpw,93.999,122.402,28.403,-10.592,14.572,25.164
mp-aaabmgql,168.202,142.535,25.667,51.560,70.577,19.017
mp-aaabmgqo,146.821,102.614,44.207,45.894,49.234,3.340
mp-aaabmgrc,64.039,80.876,16.837,-3.584,29.691,33.275
mp-aaabmhaz,187.886,187.486,0.400,89.044,66.282,22.762
mp-aaabmhbp,169.932,181.201,11.269,41.414,66.447,25.033
mp-aaabmhda,46.694,43.260,3.434,3.555,12.537,8.982
mp-aaabmhvf,24.142,10.099,14.043,-10.096,-18.527,8.431
mp-aaabmhvi,210.460,217.820,7.360,93.260,103.199,9.938
mp-aaabmhyd,135.747,125.819,9.928,57.501,45.660,11.841
mp-aaabminb,201.279,209.461,8.182,93.123,98.131,5.008
mp-aaabmjhe,0.108,-103.594,103.702,0.027,-5.085,5.112
mp-aaabmjtm,52.012,55.394,3.382,15.063,21.365,6.302
mp-aaabmklt,49.179,59.423,10.244,21.681,24.563,2.882
mp-aaabmknx,48.972,46.850,2.122,11.154,12.731,1.577
mp-aaabmkon,187.689,123.012,64.677,94.281,74.825,19.456
mp-aaabmkro,20.048,59.526,39.478,8.160,7.691,0.469
mp-aaabmkse,51.832,56.046,4.214,24.981,24.629,0.352
mp-aaabmkue,208.145,175.276,32.869,120.083,110.139,9.944
mp-aaabmkum,65.035,68.300,3.265,28.853,26.797,2.056
mp-aaabmkyl,13.435,31.562,18.127,2.746,26.906,24.160
mp-aaabmkyp,23.924,40.593,16.669,30.852,11.725,19.127
mp-aaabmlak,168.606,158.618,9.988,114.219,93.083,21.136
mp-aaabmlaz,64.673,65.890,1.217,28.215,27.031,1.184
mp-aaabmlfg,35.091,59.513,24.422,16.043,9.022,7.021
mp-aaabmlfk,132.026,80.921,51.105,41.566,39.389,2.177
mp-aaabmlfx,31.593,44.668,13.075,18.669,15.017,3.652
mp-aaabmlhz,27.308,36.058,8.750,21.644,16.639,5.005
mp-aaabmllq,61.042,77.497,16.455,22.196,22.843,0.647
mp-aaabmlon,41.864,54.545,12.681,28.249,20.047,8.202
mp-aaabmlqi,41.016,49.438,8.422,25.051,29.408,4.357
mp-aaabmlqp,79.739,105.276,25.537,26.249,32.042,5.793
mp-aaabmlsg,71.340,88.518,17.178,32.839,31.991,0.848
mp-aaabmlvk,45.399,52.957,7.558,19.187,18.572,0.615
mp-aaabmlwg,61.605,58.830,2.775,27.881,22.596,5.285
mp-aaabmmcg,77.971,115.919,37.948,102.936,51.291,51.645
mp-aaabmmjh,6.185,90.836,84.651,2.166,6.200,4.034
mp-aaabmmqa,304.511,242.168,62.343,200.726,199.195,1.531
mp-aaabmmts,47.494,67.531,20.037,23.772,35.587,11.815
mp-aaabmmuu,14.241,35.747,21.506,6.331,8.608,2.277
mp-aaabmmwo,43.286,80.317,37.031,17.426,28.702,11.276
mp-aaabmnhd,197.857,157.076,40.781,120.349,119.170,1.179
mp-aaabmnpg,22.877,23.671,0.794,3.435,12.336,8.901
mp-aaabmnqn,58.829,80.505,21.676,26.470,28.858,2.388
mp-aaabmnzj,29.965,15.057,14.908,19.522,17.887,1.635
mp-aaabmsxx,125.829,141.440,15.611,58.454,72.908,14.454
mp-aaabmxwx,79.394,91.885,12.491,51.059,46.793,4.266
mp-aaabmysl,141.633,150.322,8.689,83.335,102.526,19.191
mp-aaabmysr,47.174,43.031,4.143,18.782,14.758,4.024
mp-aaabmyvf,23.552,-40.626,64.178,-18.183,-4.879,13.304
mp-aaabmyvp,79.879,40.391,39.488,-17.323,-9.398,7.925
mp-aaabmyvv,119.442,104.245,15.197,70.699,67.366,3.333
mp-aaabmywz,97.130,140.801,43.672,68.913,65.932,2.981
mp-aaabmyzg,126.271,180.703,54.432,52.094,45.642,6.452
mp-aaabmzgz,55.493,35.677,19.816,38.964,28.309,10.655
mp-aaabmzjo,189.803,153.139,36.664,,,
mp-aaabmzkh,30.068,39.736,9.668,16.759,13.107,3.652
mp-aaabmzlx,208.480,190.082,18.398,109.345,115.931,6.586
mp-aaabmznw,137.137,143.829,6.692,54.669,64.156,9.487
mp-aaabmzpq,108.701,141.422,32.721,60.558,57.358,3.200
mp-aaabnasd,60.062,72.228,12.166,35.545,36.425,0.880
mp-aaabnauh,35.658,48.935,13.277,27.044,19.683,7.361
mp-aaabnhur,10.776,36.755,25.979,6.367,18.346,11.979
mp-aaabnhvs,127.744,91.723,36.021,29.293,34.492,5.199
mp-aaabnhwr,22.335,55.852,33.517,15.848,20.132,4.284
mp-aaabnhwv,25.075,24.240,0.835,8.757,0.704,8.053
mp-aaabnhxa,39.431,53.977,14.546,27.030,30.815,3.785
mp-aaabnpjm,7.855,72.770,64.915,5.381,4.539,0.842
mp-aaabnppe,16.778,25.151,8.373,11.148,-2.372,13.520
mp-aaabnptq,-123.405,104.978,228.383,-109.374,-46.338,63.036
mp-aaabnqij,54.317,86.775,32.458,30.348,51.145,20.797
mp-aaabnqlg,104.788,132.249,27.461,28.707,58.827,30.120
mp-aaabnqry,226.426,240.353,13.927,176.541,152.137,24.404
mp-aaabnqse,26.171,25.277,0.894,10.626,12.085,1.459
mp-aaabnrcw,75.094,100.439,25.345,53.259,56.844,3.585
mp-aaabnrde,42.322,37.601,4.721,21.525,21.002,0.523
mp-aaabnrdk,41.590,36.907,4.683,20.000,20.817,0.817
mp-aaabnrei,177.478,160.872,16.606,48.503,49.605,1.102
mp-aaabnrfk,22.706,52.634,29.928,12.865,15.667,2.802
mp-aaabnrfz,15.606,17.120,1.514,8.999,14.406,5.407
mp-aaabnrgo,75.603,45.303,30.300,40.914,37.971,2.943
mp-aaabnrgv,15.217,5.994,9.223,10.568,10.423,0.145
mp-aaabnrgy,57.926,88.654,30.728,45.414,59.448,14.034
mp-aaabnrip,119.121,75.054,44.067,24.169,37.171,13.002
mp-aaabnrol,52.729,77.001,24.272,36.277,30.900,5.377
mp-aaabnsbm,60.988,59.532,1.456,31.661,37.215,5.554
mp-aaaboaqo,29.325,35.213,5.888,4.705,11.218,6.513
mp-aaaboeuu,27.358,46.712,19.354,12.500,11.801,0.699
mp-aaabogza,57.584,55.483,2.101,34.407,24.192,10.215
mp-aaabpbaw,25.943,28.398,2.455,14.764,14.929,0.165
mp-aaabpbrz,0.145,416.006,415.861,0.170,-29.715,29.885
mp-aaabpclq,19.430,58.639,39.209,3.138,15.613,12.475
mp-aaabpdkj,135.395,132.923,2.472,84.456,81.507,2.949
mp-aaabpjau,2.505,-29.942,32.447,2.059,0.856,1.203
mp-aaabpkvk,144.449,124.605,19.844,77.839,87.646,9.807
mp-aaabqvak,98.185,85.971,12.214,54.904,45.571,9.333
mp-aaabqvan,35.661,46.206,10.545,13.136,19.259,6.123
mp-aaabqvbb,139.921,101.019,38.902,52.116,62.654,10.538
mp-aaabqvbm,38.534,17.741,20.793,25.974,24.536,1.438
mp-aaabqvcx,177.394,187.985,10.591,57.723,67.818,10.095
mp-aaabqvdb,94.407,86.927,7.480,57.843,55.220,2.623
mp-aaabqvee,154.987,152.338,2.649,66.392,86.857,20.465
mp-aaabqvll,105.128,102.989,2.139,46.263,48.466,2.203
mp-aaabqvne,64.347,61.136,3.211,31.103,32.409,1.306
mp-aaabqvnj,206.243,140.872,65.371,-9.251,4.472,13.723
mp-aaabqvqw,166.160,158.227,7.933,81.144,117.109,35.965
mp-aaabqvrn,42.328,65.401,23.073,15.213,30.853,15.640
mp-aaabqvrt,139.254,118.551,20.703,70.675,60.353,10.322
mp-aaabqvsz,45.823,52.675,6.852,16.474,29.349,12.875
mp-aaabqvut,68.307,80.552,12.245,14.637,34.934,20.297
mp-aaabqvvn,53.161,49.938,3.223,36.796,29.819,6.977
mp-aaabqvvt,133.961,125.984,7.977,72.906,65.532,7.374
mp-aaabqvzv,38.582,121.577,82.995,27.664,62.261,34.597
mp-aaabqwar,61.320,77.349,16.029,23.563,28.157,4.594
mp-aaabqwbi,57.622,68.632,11.010,24.837,37.401,12.564
mp-aaabqwdo,128.506,153.985,25.479,58.428,48.449,9.979
mp-aaabqwei,64.424,93.180,28.756,-19.919,19.273,39.192
mp-aaabqwey,53.820,64.538,10.718,36.155,18.528,17.627
mp-aaabqwfb,6.489,40.442,33.953,4.129,9.263,5.134
mp-aaabqwfd,182.734,151.938,30.796,74.280,80.332,6.052
mp-aaabqwgg,100.303,89.823,10.480,24.628,24.994,0.366
mp-aaabqwhl,27.725,63.054,35.329,19.272,32.899,13.627
mp-aaabqwho,90.615,109.475,18.860,23.117,23.794,0.677
mp-aaabqwja,115.762,97.790,17.972,77.530,47.685,29.845
mp-aaabqwjg,6.758,15.412,8.654,3.256,7.520,4.264
mp-aaabqwji,190.218,170.635,19.583,34.164,63.358,29.194
mp-aaabqwjr,155.464,133.232,22.232,99.010,80.924,18.086
mp-aaabqwkc,50.447,30.265,20.182,17.197,26.847,9.650
mp-aaabqwlk,44.218,79.225,35.007,27.419,25.714,1.705
mp-aaabqwlv,32.045,47.459,15.414,8.094,18.728,10.634
mp-aaabqwme,68.884,108.660,39.776,21.538,30.264,8.726
mp-aaabqwpf,212.133,138.791,73.342,90.785,80.237,10.548
mp-aaabqwqk,127.282,121.889,5.393,71.103,72.749,1.646
mp-aaabqwqp,169.580,113.269,56.311,105.424,68.786,36.638
mp-aaabqwra,60.947,35.278,25.669,36.004,31.366,4.638
mp-aaabqwrc,38.109,70.778,32.669,15.988,18.972,2.984
mp-aaabqwsj,39.822,74.643,34.821,12.424,22.400,9.976
mp-aaabqwtx,178.775,171.376,7.399,32.967,52.598,19.631
mp-aaabqwuk,113.680,101.970,11.710,39.898,37.908,1.990
mp-aaabqwuv,26.248,60.397,34.149,16.527,25.292,8.765
mp-aaabqwvj,75.036,70.584,4.452,44.502,45.024,0.522
mp-aaabqwvt,153.477,136.892,16.585,76.375,54.402,21.973
mp-aaabqwwu,19.518,60.660,41.142,13.074,28.574,15.500
mp-aaabqwwv,188.024,120.232,67.792,94.772,78.871,15.901
mp-aaabqwxj,53.971,103.025,49.054,22.372,48.726,26.354
mp-aaabqwyf,129.156,86.155,43.001,49.518,42.542,6.976
mp-aaabqwyu,135.307,94.163,41.144,57.512,48.875,8.637
mp-aaabqwyy,18.076,17.503,0.573,12.222,17.499,5.277
mp-aaabqwzh,126.672,133.579,6.907,53.616,50.561,3.055
mp-aaabqwzi,41.616,69.489,27.873,16.147,22.504,6.357
mp-aaabqxag,5.740,31.277,25.537,3.671,14.449,10.778
mp-aaabqxah,233.926,174.085,59.841,118.214,91.124,27.090
mp-aaabqxbi,85.994,82.526,3.468,50.551,43.633,6.918
mp-aaabqxbp,165.391,127.003,38.388,95.032,72.113,22.919
mp-aaabqxcg,43.223,37.951,5.272,18.638,26.446,7.808
mp-aaabqxch,80.308,71.236,9.072,43.860,44.371,0.511
mp-aaabqxck,137.672,112.686,24.986,48.995,47.756,1.239
mp-aaabqxdf,184.155,172.749,11.406,82.439,67.080,15.359
mp-aaabqxee,89.756,123.415,33.659,41.778,40.032,1.746
mp-aaabqxfu,201.621,143.031,58.590,75.077,75.073,0.004
mp-aaabqxgc,119.536,110.945,8.591,83.776,56.459,27.317
mp-aaabqxgp,138.263,103.426,34.837,59.557,42.856,16.701
mp-aaabqxgy,119.030,95.729,23.301,67.155,52.943,14.212
mp-aaabqxhy,76.010,99.230,23.220,47.947,46.575,1.372
mp-aaabqxji,11.688,44.386,32.698,5.266,6.856,1.590
mp-aaabqxkj,96.558,97.607,1.049,39.586,46.957,7.371
mp-aaabqxkk,90.850,124.692,33.842,35.895,38.800,2.905
mp-aaabqxlb,91.596,74.657,16.939,48.531,43.602,4.929
mp-aaabqxlo,141.282,96.998,44.284,73.418,61.266,12.152
mp-aaabqxmd,80.061,82.011,1.950,42.918,41.137,1.781
mp-aaabqxmn,101.620,82.433,19.187,30.952,48.974,18.022
mp-aaabqxng,24.570,76.327,51.757,10.449,22.945,12.496
mp-aaabqxog,100.001,89.750,10.251,27.104,24.959,2.145
mp-aaabqxoj,17.642,99.844,82.202,13.897,27.352,13.455
mp-aaabqxov,126.323,140.417,14.094,,,
mp-aaabqxow,147.559,140.983,6.576,31.825,35.341,3.516
mp-aaabqxoy,124.136,92.472,31.664,71.974,79.820,7.846
mp-aaabqxpe,203.819,144.021,59.798,98.598,86.655,11.943
mp-aaabqxpi,78.024,69.259,8.765,40.984,38.571,2.413
mp-aaabqxpt,82.300,94.406,12.106,-93.937,11.677,105.614
mp-aaabqxpu,114.302,97.146,17.156,44.069,45.510,1.441
mp-aaabqxpy,79.157,79.551,0.394,41.192,40.836,0.356
mp-aaabqxqb,181.883,110.539,71.344,88.934,70.708,18.226
mp-aaabqxqc,69.683,63.952,5.731,38.368,34.141,4.227
mp-aaabqxqj,179.215,135.959,43.256,83.392,67.867,15.525
mp-aaabqxrd,63.250,80.094,16.844,28.377,30.978,2.601
mp-aaabqxsf,114.265,122.381,8.116,58.508,63.123,4.615
mp-aaabqxte,90.724,111.458,20.734,55.545,45.990,9.555
mp-aaabqxtm,25.074,126.304,101.230,17.517,28.569,11.052
mp-aaabqxuc,103.132,80.859,22.273,18.432,34.816,16.384
mp-aaabqxwk,104.977,111.500,6.523,56.612,67.609,10.997
mp-aaabqxwo,58.425,94.540,36.115,26.511,32.325,5.814
mp-aaabqxwp,150.981,139.163,11.818,58.736,54.821,3.915
mp-aaabqxwv,231.655,192.780,38.875,156.899,117.911,38.988
mp-aaabqxxg,101.841,124.062,22.221,45.232,58.677,13.445
mp-aaabqxxl,120.948,133.310,12.362,51.007,49.429,1.578
mp-aaabqxxo,50.896,55.827,4.931,26.427,23.709,2.718
mp-aaabqxxu,63.922,72.336,8.414,30.510,27.369,3.141
mp-aaabqxxz,109.181,89.458,19.723,59.646,65.128,5.482
mp-aaabqxya,144.406,130.165,14.241,57.572,50.949,6.623
mp-aaabqxyl,141.836,146.091,4.255,81.135,79.618,1.517
mp-aaabqxzl,92.512,78.772,13.740,45.373,53.857,8.484
mp-aaabqxzn,169.342,125.132,44.210,39.788,53.887,14.099
mp-aaabqyab,14.134,23.147,9.013,8.451,0.104,8.347
mp-aaabqyas,212.613,271.839,59.226,66.114,96.238,30.124
mp-aaabqybn,138.896,138.238,0.658,69.540,78.494,8.954
mp-aaabqych,89.409,56.621,32.788,29.031,39.442,10.411
mp-aaabqyck,204.400,144.730,59.669,98.032,87.897,10.135
mp-aaabqycm,103.674,66.963,36.711,48.284,28.938,19.346
mp-aaabqycp,33.577,74.127,40.550,21.098,30.510,9.412
mp-aaabqydb,142.058,203.283,61.225,49.906,67.083,17.177
mp-aaabqydi,104.052,106.293,2.241,43.610,36.513,7.097
mp-aaabqydv,33.215,42.543,9.328,22.349,24.163,1.814
mp-aaabqydw,59.926,96.878,36.952,32.248,35.597,3.349
mp-aaabqyel,106.927,104.257,2.670,57.732,77.203,19.471
mp-aaabqyeo,95.497,99.828,4.331,38.795,43.492,4.697
mp-aaabqyer,96.985,123.452,26.467,46.120,60.202,14.082
mp-aaabqyes,39.043,137.315,98.272,14.826,22.544,7.718
mp-aaabqyew,61.175,61.835,0.660,32.603,52.700,20.097
mp-aaabqyfv,69.553,74.027,4.474,28.076,28.893,0.817
mp-aaabqygy,78.145,-25.569,103.714,24.897,25.486,0.589
mp-aaabqyhh,114.047,124.868,10.821,69.919,71.017,1.098
mp-aaabqyia,187.289,168.896,18.393,110.963,127.995,17.032
mp-aaabqyih,69.185,82.757,13.572,36.587,34.772,1.815
mp-aaabqyjx,62.487,77.670,15.183,29.664,23.821,5.843
mp-aaabqykc,177.458,107.098,70.360,94.012,93.538,0.474
mp-aaabqyku,187.179,171.944,15.235,68.846,61.223,7.623
mp-aaabqykw,160.143,125.876,34.267,48.466,58.638,10.172
mp-aaabqykz,135.519,103.647,31.872,52.000,61.882,9.882
mp-aaabqylj,146.353,106.831,39.522,77.006,56.395,20.611
mp-aaabqylq,59.984,71.124,11.140,20.992,26.778,5.786
mp-aaabqymn,109.287,125.169,15.882,49.055,77.580,28.525
mp-aaabqymy,186.140,193.490,7.350,61.596,67.136,5.540
mp-aaabqynf,135.891,108.312,27.579,53.717,52.688,1.029
mp-aaabqynx,63.943,52.179,11.764,32.067,34.647,2.580
mp-aaabqypc,132.923,124.912,8.011,78.047,44.285,33.762
mp-aaabqypg,128.947,122.071,6.876,53.564,90.718,37.154
mp-aaabqypj,4.557,36.475,31.918,2.819,12.607,9.788
mp-aaabqypr,87.263,82.903,4.360,36.283,35.916,0.367
mp-aaabqypt,89.390,94.415,5.025,53.390,47.624,5.766
mp-aaabqypu,62.741,43.828,18.913,14.836,12.400,2.436
mp-aaabqyqh,118.856,88.558,30.298,31.907,30.432,1.475
mp-aaabqyqs,52.215,50.840,1.375,30.741,29.579,1.162
mp-aaabqyrr,174.624,172.320,2.304,101.443,102.977,1.534
mp-aaabqyrz,82.791,88.461,5.670,47.939,38.770,9.169
mp-aaabqysi,17.011,36.277,19.266,9.970,6.409,3.561
mp-aaabqytc,109.670,121.215,11.545,25.035,48.001,22.966
mp-aaabqytx,79.013,65.379,13.634,31.987,28.441,3.546
mp-aaabqyue,39.278,47.880,8.602,26.756,18.648,8.108
mp-aaabqyuy,15.981,48.095,32.114,9.760,16.413,6.653
mp-aaabqyvh,17.479,68.982,51.503,-18.302,20.445,38.747
mp-aaabqyvo,23.555,37.216,13.661,8.606,1.244,7.362
mp-aaabqyvq,75.269,108.493,33.224,27.570,38.330,10.760
mp-aaabqywm,129.822,141.182,11.360,57.795,81.603,23.808
mp-aaabqyww,61.719,74.455,12.736,18.755,25.915,7.160
mp-aaabqywz,101.668,123.024,21.356,68.963,65.983,2.980
mp-aaabqyxe,104.305,104.618,0.313,20.922,60.541,39.619
mp-aaabqyza,182.223,140.748,41.475,84.014,100.181,16.167
mp-aaabqyzf,139.796,110.771,29.025,49.089,62.175,13.086
mp-aaabqyzx,154.271,154.796,0.525,77.349,80.896,3.547
mp-aaabqzax,47.537,151.307,103.770,30.382,42.505,12.123
mp-aaabqzca,55.978,59.442,3.464,39.050,46.529,7.479
mp-aaabqzdf,189.101,170.207,18.894,125.957,129.076,3.119
mp-aaabqzex,99.101,93.451,5.650,42.556,54.478,11.922
mp-aaabqzfd,93.569,110.979,17.410,55.213,50.600,4.613
mp-aaabqzge,136.012,49.008,87.004,38.210,27.491,10.719
mp-aaabqzgf,158.131,127.674,30.457,100.522,72.738,27.784
mp-aaabqzgp,33.052,65.290,32.238,19.441,17.294,2.147
mp-aaabqzgq,234.957,199.697,35.260,165.923,122.271,43.652
mp-aaabqzhn,109.381,58.031,51.350,63.525,54.551,8.974
mp-aaabqzht,41.230,34.182,7.048,27.873,17.434,10.439
mp-aaabqzhy,73.687,90.431,16.744,37.488,41.480,3.992
mp-aaabqzia,208.643,149.804,58.839,46.453,85.966,39.513
mp-aaabqzic,162.315,150.872,11.443,27.544,56.336,28.792
mp-aaabqzij,11.108,51.292,40.184,7.241,11.181,3.940
mp-aaabqzin,172.651,129.309,43.342,70.819,86.399,15.580
mp-aaabqzis,155.028,82.218,72.810,52.193,46.495,5.698
mp-aaabqzix,69.640,107.778,38.138,32.308,32.265,0.043
mp-aaabqzjc,87.588,86.744,0.844,53.789,46.346,7.443
mp-aaabqzjq,172.400,133.564,38.836,80.173,61.662,18.511
mp-aaabqzka,106.444,128.657,22.213,66.947,77.223,10.276
mp-aaabqzla,86.526,101.166,14.640,45.178,29.998,15.180
mp-aaabqznf,37.616,61.581,23.965,4.547,8.358,3.811
mp-aaabqznu,133.226,132.171,1.055,60.716,39.712,21.004
mp-aaabqznx,130.329,121.922,8.407,97.194,127.030,29.836
mp-aaabqzow,100.020,95.103,4.917,28.386,32.558,4.172
mp-aaabqzoy,17.770,12.240,5.530,5.392,8.878,3.486
mp-aaabqzpb,212.651,137.635,75.016,103.635,101.012,2.623
mp-aaabqzrj,107.968,86.024,21.944,59.121,45.361,13.760
mp-aaabqzrk,83.732,59.693,24.039,34.596,36.717,2.121
mp-aaabqzrs,69.089,40.876,28.213,43.120,23.090,20.030
mp-aaabqzsi,103.348,107.849,4.501,36.043,40.011,3.968
mp-aaabqzsk,72.246,87.872,15.626,20.112,36.657,16.545
mp-aaabqzsv,64.896,52.738,12.158,36.388,38.158,1.770
mp-aaabqzta,82.441,59.777,22.664,37.902,33.897,4.005
mp-aaabqzti,150.108,143.632,6.476,65.836,63.160,2.676
mp-aaabqztx,84.366,48.735,35.631,25.303,38.605,13.302
mp-aaabqzvi,28.615,62.303,33.688,17.231,26.004,8.773
mp-aaabqzvn,76.461,72.356,4.105,37.118,35.519,1.599
mp-aaabqzwz,19.511,115.739,96.228,12.683,20.861,8.178
mp-aaabqzxa,181.643,135.266,46.377,94.335,106.085,11.750
mp-aaabqzxy,80.014,43.349,36.665,54.350,37.883,16.467
mp-aaabqzzr,213.895,168.667,45.228,82.002,94.991,12.989
mp-aaabraab,159.745,123.006,36.739,45.236,50.630,5.394
mp-aaabraed,179.336,163.860,15.476,93.478,98.347,4.869
mp-aaabraew,71.014,126.266,55.252,44.318,33.213,11.105
mp-aaabraex,119.003,78.389,40.614,67.526,73.319,5.793
mp-aaabrafw,183.115,180.683,2.432,75.836,75.884,0.048
mp-aaabrahj,38.429,38.220,0.209,16.356,14.046,2.310
mp-aaabrahy,67.632,72.979,5.347,24.372,30.694,6.322
mp-aaabrajq,79.228,59.706,19.522,40.188,36.461,3.727
mp-aaabrakg,74.437,55.269,19.168,40.862,40.370,0.492
mp-aaabralj,62.925,85.536,22.611,17.347,34.849,17.502
mp-aaabrami,151.127,129.946,21.181,92.324,82.130,10.194
mp-aaabramo,70.860,86.952,16.092,31.867,49.881,18.014
mp-aaabraoa,20.591,54.461,33.870,0.923,32.644,31.721
mp-aaabraoc,144.420,111.863,32.557,74.860,57.322,17.538
mp-aaabraqd,29.394,70.394,41.000,13.543,21.928,8.385
mp-aaabrare,188.656,173.977,14.679,86.342,65.934,20.408
mp-aaabrarz,19.590,-0.928,20.518,6.651,6.953,0.302
mp-aaabrauj,137.377,87.485,49.892,58.558,57.178,1.380
mp-aaabrawv,121.879,77.928,43.951,48.154,36.181,11.973
mp-aaabrbbu,42.149,41.708,0.441,26.741,19.174,7.567
mp-aaabrbfx,95.328,124.561,29.233,52.736,65.392,12.656
mp-aaabrbhe,191.925,193.486,1.561,113.320,86.688,26.632
mp-aaabrbhm,215.160,163.133,52.027,81.083,90.205,9.122
mp-aaabrbjf,129.509,119.421,10.088,61.088,52.802,8.286
mp-aaabrbnc,62.775,22.741,40.034,35.827,27.858,7.969
mp-aaabrbwp,146.153,131.852,14.301,71.912,69.427,2.485
mp-aaabrbzg,69.930,93.062,23.132,19.302,33.250,13.948
mp-aaabrdjw,72.986,74.289,1.303,4.969,40.958,35.989
mp-aaabrdlw,142.138,137.626,4.512,56.025,47.706,8.319
mp-aaabrdtm,54.712,62.486,7.774,112.431,32.273,80.158
mp-aaabrdwd,170.465,170.198,0.267,76.264,78.835,2.571
mp-aaabrees,175.385,186.161,10.776,39.309,92.634,53.325
mp-aaabrefc,36.273,48.578,12.305,1.696,23.643,21.947
mp-aaabrehe,84.622,72.301,12.321,42.222,46.090,3.868
mp-aaabrekj,126.556,105.974,20.582,66.399,74.800,8.401
mp-aaabrenz,127.552,119.614,7.938,79.085,52.878,26.207
mp-aaabrert,204.847,241.716,36.869,179.969,163.339,16.630
mp-aaabrfpd,65.978,96.353,30.375,24.505,21.413,3.092
mp-aaabrfsu,177.534,143.150,34.384,52.642,72.146,19.504
mp-aaabrgcb,53.165,44.994,8.171,15.960,30.258,14.298
mp-aaabrgcv,45.218,72.964,27.746,7.397,24.839,17.442
mp-aaabrgep,196.991,150.776,46.215,111.116,104.853,6.263
mp-aaabrgvf,13.233,51.385,38.152,5.774,8.077,2.303
mp-aaabrgvg,52.449,73.153,20.704,24.293,28.328,4.035
mp-aaabrgvl,81.684,68.226,13.458,16.632,28.534,11.902
mp-aaabrgwa,215.809,176.276,39.533,117.113,115.065,2.048
mp-aaabrgwe,58.661,76.789,18.128,38.102,39.408,1.306
mp-aaabrgwf,188.369,126.334,62.035,60.171,63.149,2.978
mp-aaabrgwh,120.187,72.308,47.879,49.517,38.172,11.345
mp-aaabrgwm,94.162,124.317,30.155,49.385,52.784,3.399
mp-aaabrgwo,31.260,38.519,7.259,25.169,36.021,10.852
mp-aaabrgwp,99.855,86.847,13.008,43.642,19.123,24.519
mp-aaabrgws,170.984,127.403,43.581,45.205,48.841,3.636
mp-aaabrgwt,28.938,32.940,4.002,13.461,11.382,2.079
mp-aaabrgwv,11.880,11.451,0.429,5.095,6.681,1.586
mp-aaabrgxk,95.160,171.232,76.072,44.243,47.424,3.181
mp-aaabrgzi,2.658,-57.351,60.009,1.552,3.781,2.229
mp-aaabrgzj,103.120,122.070,18.950,56.718,50.045,6.673
mp-aaabrgzs,54.146,88.858,34.712,30.888,28.068,2.820
mp-aaabrhbn,106.055,150.209,44.154,61.957,76.219,14.262
mp-aaabrhuo,237.818,247.792,9.974,124.731,126.947,2.216
mp-aaabrhuq,52.257,33.382,18.875,20.744,19.814,0.930
mp-aaabrizq,182.505,138.809,43.696,77.664,83.035,5.371
mp-aaabrjau,30.323,47.572,17.249,23.861,31.387,7.526
mp-aaabrndo,140.834,149.058,8.224,93.619,85.547,8.072
mp-aaabrock,25.933,37.021,11.088,16.320,17.361,1.041
mp-aaabrplx,94.546,88.809,5.737,53.210,56.175,2.965
mp-aaabrpva,155.372,160.490,5.118,65.111,76.210,11.099
mp-aaabrpwg,46.834,60.333,13.499,21.639,29.052,7.413
mp-aaabrrft,34.760,33.782,0.978,29.197,22.860,6.337
mp-aaabrrkf,34.924,36.674,1.750,12.923,14.636,1.713
mp-aaabrskb,38.444,30.075,8.369,24.406,16.906,7.500
mp-aaabrsls,78.825,71.249,7.576,31.896,30.923,0.973
mp-aaabrslt,125.554,82.470,43.084,48.501,45.470,3.031
mp-aaabrsof,122.770,79.602,43.168,72.528,67.520,5.008
mp-aaabrsok,57.541,82.399,24.858,15.033,30.034,15.001
mp-aaabrspq,147.015,139.262,7.753,72.302,93.948,21.646
mp-aaabrsqg,151.834,74.059,77.775,59.427,60.411,0.984
mp-aaabrsqq,13.588,-12.630,26.218,7.139,7.894,0.755
mp-aaabrsux,152.130,94.860,57.270,70.113,55.868,14.245
mp-aaabrsym,55.637,82.219,26.582,36.039,51.873,15.834
mp-aaabrtcq,11.204,34.953,23.749,3.779,8.583,4.804
mp-aaabrtjs,69.273,62.984,6.289,37.800,34.071,3.729
mp-aaabrtjy,22.378,38.428,16.050,13.661,17.430,3.769
mp-aaabrtsq,117.205,119.595,2.390,89.323,120.472,31.149
mp-aaabrttf,113.974,98.780,15.194,7.312,51.365,44.053
mp-aaabrtxi,19.456,27.958,8.502,-16.509,15.723,32.232
mp-aaabrtyr,85.195,62.037,23.158,26.274,40.093,13.819
mp-aaabrucz,71.196,69.118,2.078,28.639,27.150,1.489
mp-aaabrvfy,86.219,112.685,26.466,47.620,50.418,2.798
mp-aaabrwaj,99.640,112.137,12.497,64.543,56.753,7.790
mp-aaabrwfb,141.067,106.969,34.098,81.465,74.205,7.260
mp-aaabrwpz,154.842,110.728,44.114,83.545,64.342,19.203
mp-aaabrxbr,161.174,162.266,1.092,53.715,55.328,1.613
mp-aaabryed,127.189,129.435,2.246,48.069,38.035,10.034
mp-aaabrzom,57.048,102.004,44.956,22.461,42.366,19.905
mp-aaabrzsb,16.088,27.965,11.877,8.723,10.424,1.701
mp-aaabsaua,163.816,126.475,37.341,47.131,58.244,11.113
mp-aaabscaq,53.764,56.883,3.119,17.871,29.106,11.235
mp-aaabscgv,22.146,70.432,48.286,10.683,23.928,13.245
mp-aaabscis,6.146,52.431,46.285,13.893,12.959,0.934
mp-aaabsdov,217.870,193.382,24.488,103.555,112.240,8.685
mp-aaabsdoz,33.661,57.983,24.322,7.739,22.020,14.281
mp-aaabsdqu,115.534,77.620,37.914,50.630,49.846,0.784
mp-aaabsduo,139.432,106.457,32.975,64.912,55.314,9.598
mp-aaabsdup,128.193,108.669,19.524,63.430,51.521,11.909
mp-aaabsdur,194.576,134.280,60.296,92.442,81.745,10.697
mp-aaabsdus,188.210,181.389,6.821,98.430,95.346,3.084
mp-aaabsdvr,127.742,133.075,5.333,50.589,54.746,4.157
mp-aaabsebj,22.014,130.779,108.765,14.412,33.658,19.246
mp-aaabsebx,200.242,149.750,50.492,96.744,100.646,3.902
mp-aaabseen,123.896,144.952,21.056,56.909,45.597,11.312
mp-aaabsegb,177.628,223.299,45.671,90.580,96.696,6.116
mp-aaabsekm,50.551,142.067,91.516,6.569,50.417,43.848
mp-aaabsens,196.653,159.831,36.822,89.526,87.878,1.648
mp-aaabseps,206.646,188.788,17.858,108.773,102.829,5.944
mp-aaabseql,212.727,159.267,53.460,127.515,113.392,14.123
mp-aaabsera,228.207,175.848,52.359,145.301,137.764,7.537
mp-aaabsesq,211.548,150.794,60.754,106.112,111.870,5.758
mp-aaabsfgq,55.283,81.200,25.917,25.761,37.955,12.194
mp-aaabsfhf,115.543,75.290,40.253,50.224,49.051,1.173
mp-aaabsfml,93.296,93.767,0.471,40.168,54.795,14.627
mp-aaabsgan,160.352,123.119,37.233,87.319,74.902,12.417
mp-aaabsgaw,106.131,89.092,17.039,56.792,50.018,6.774
mp-aaabshlc,46.367,66.337,19.970,25.335,27.881,2.546
mp-aaabsjdl,135.285,79.154,56.131,80.788,74.733,6.055
mp-aaabsjen,43.258,46.540,3.282,16.370,23.956,7.586
mp-aaabskga,27.439,121.898,94.459,16.375,52.494,36.119
mp-aaabsqsc,240.432,190.005,50.427,96.666,89.445,7.221
mp-aaabsqsd,221.367,232.755,11.388,111.762,101.580,10.182
mp-aaabwiae,12.703,93.528,80.825,11.615,28.044,16.429
mp-aaabwjtz,125.464,134.612,9.148,20.715,55.778,35.063
mp-aaabwjuw,0.312,0.960,0.648,0.072,-1.112,1.184
mp-aaabwjux,9.928,35.287,25.359,5.909,8.397,2.488
mp-aaabwpgx,42.412,52.522,10.110,15.398,18.103,2.705
mp-aaabwzyk,24.697,39.948,15.251,14.592,16.843,2.251
mp-aaabwzym,4.842,43.361,38.519,2.584,9.183,6.599
mp-aaabxaae,38.568,52.326,13.758,19.728,18.603,1.125
mp-aaabxajc,42.162,17.507,24.655,17.936,14.744,3.192
mp-aaabxajv,39.202,41.513,2.311,22.951,18.227,4.724
mp-aaabxajx,75.998,66.348,9.650,22.525,15.440,7.085
mp-aaabxajz,91.797,85.587,6.210,28.342,29.823,1.481
mp-aaabxako,53.360,57.818,4.458,18.268,23.652,5.384
mp-aaabxakp,84.313,75.085,9.228,24.217,30.923,6.706
mp-aaabxakr,117.832,110.869,6.963,0.118,16.805,16.687
mp-aaabxakv,43.757,49.573,5.816,17.977,18.259,0.282
mp-aaabxaky,78.497,79.411,0.914,24.587,25.657,1.070
mp-aaabxala,53.848,56.307,2.459,19.059,22.188,3.129
mp-aaabxaoa,78.771,57.969,20.802,27.350,22.022,5.328
mp-aaabxaog,48.605,49.551,0.946,17.214,16.342,0.872
mp-aaabxaom,60.928,51.202,9.726,31.772,31.711,0.061
mp-aaabxaor,69.171,54.893,14.278,31.322,24.166,7.156
mp-aaabxaow,252.716,220.657,32.059,144.737,131.857,12.880
mp-aaabxapc,99.243,98.015,1.228,38.644,30.209,8.435
mp-aaabxapd,69.273,56.316,12.957,3.220,13.589,10.369
mp-aaabxapf,182.047,175.427,6.620,-2.967,12.448,15.415
mp-aaabxapk,44.988,37.373,7.615,9.091,12.164,3.073
mp-aaabxapl,65.489,78.891,13.402,15.670,20.633,4.963
mp-aaabxapn,150.337,137.653,12.684,40.787,53.385,12.598
mp-aaabxapo,59.121,49.526,9.595,24.637,24.796,0.159
mp-aaabxapp,102.805,89.303,13.502,43.455,24.906,18.549
mp-aaabxapq,303.390,266.328,37.062,161.012,156.158,4.854
mp-aaabxapx,159.815,141.714,18.101,61.979,55.314,6.665
mp-aaabxapz,193.269,181.687,11.582,71.126,55.003,16.123
mp-aaabxaqa,172.000,151.674,20.326,72.215,59.586,12.629
mp-aaabxaqb,190.189,168.596,21.593,96.956,78.885,18.071
mp-aaabxaqd,29.610,28.201,1.409,18.121,15.995,2.126
mp-aaabxaqf,28.633,21.308,7.325,18.831,15.443,3.388
mp-aaabxaqg,127.909,140.826,12.917,,,
mp-aaabxaql,50.293,59.975,9.682,20.181,24.969,4.788
mp-aaabxaqm,106.050,116.881,10.831,41.098,45.299,4.201
mp-aaabxaqn,101.664,68.304,33.360,30.932,27.393,3.539
mp-aaabxaqq,194.370,199.821,5.451,78.863,67.877,10.986
mp-aaabxaqs,134.070,127.622,6.448,50.068,57.906,7.838
mp-aaabxaqu,48.714,34.118,14.596,9.543,14.640,5.097
mp-aaabxaqv,61.849,45.727,16.122,22.364,20.004,2.360
mp-aaabxaqw,120.366,87.594,32.772,34.247,29.154,5.093
mp-aaabxaqx,125.906,107.666,18.240,52.058,33.748,18.310
mp-aaabxaqz,38.577,33.139,5.438,18.108,20.961,2.853
mp-aaabxara,221.989,178.499,43.490,82.095,74.692,7.403
mp-aaabxarb,149.879,121.314,28.565,13.887,68.990,55.103
mp-aaabxarg,191.953,201.973,10.020,75.782,63.442,12.340
mp-aaabxatg,67.493,132.892,65.399,14.533,12.601,1.932
mp-aaabxatp,94.385,80.261,14.124,19.117,18.073,1.044
mp-aaabxatr,39.982,42.471,2.489,10.424,18.159,7.735
mp-aaabxats,107.809,81.125,26.684,33.967,19.580,14.387
mp-aaabxatu,36.510,34.412,2.098,25.863,24.386,1.477
mp-aaabxayt,2.551,-8.487,11.038,1.677,9.872,8.195
mp-aaabxayy,47.445,63.049,15.604,14.917,22.409,7.492
mp-aaabxayz,187.786,122.250,65.536,104.711,85.859,18.852
mp-aaabxazb,137.660,111.469,26.191,44.212,24.790,19.422
mp-aaabxazc,39.953,31.100,8.853,22.936,22.579,0.357
mp-aaabxaze,104.190,101.029,3.161,15.442,33.021,17.579
mp-aaabxazg,93.343,107.584,14.241,27.025,26.765,0.260
mp-aaabxazh,77.804,85.273,7.469,17.072,20.378,3.306
mp-aaabxazi,206.944,217.619,10.675,107.147,87.798,19.349
mp-aaabxazj,68.935,105.570,36.635,18.099,11.497,6.602
mp-aaabxazk,43.131,14.826,28.305,14.998,17.281,2.283
mp-aaabxazo,114.419,65.792,48.627,-7.190,15.980,23.170
mp-aaabxazp,89.781,100.300,10.519,30.851,22.324,8.527
mp-aaabxazw,69.136,72.280,3.144,11.597,19.268,7.671
mp-aaabxbaa,85.118,90.600,5.482,26.976,25.315,1.661
mp-aaabxbab,86.815,95.621,8.806,36.374,39.644,3.270
mp-aaabxbaf,82.613,81.179,1.434,15.710,4.403,11.307
mp-aaabxbai,234.152,212.253,21.899,70.548,86.342,15.794
mp-aaabxbaj,160.280,149.641,10.639,52.518,30.173,22.345
mp-aaabxbam,230.754,200.931,29.823,101.829,94.014,7.815
mp-aaabxban,49.683,44.152,5.531,31.250,26.754,4.496
mp-aaabxbbe,102.194,89.519,12.675,11.699,9.786,1.913
mp-aaabxbbf,182.434,174.308,8.126,85.615,92.543,6.928
mp-aaabxbbg,86.570,90.343,3.773,0.923,12.367,11.444
mp-aaabxbbh,54.296,40.224,14.072,15.603,20.608,5.005
mp-aaabxbbj,116.199,100.346,15.853,38.677,39.825,1.148
mp-aaabxbbk,120.749,110.367,10.382,37.805,35.935,1.870
mp-aaabxbbl,36.968,31.972,4.996,20.318,15.432,4.886
mp-aaabxbbn,34.933,53.746,18.813,20.594,12.811,7.783
mp-aaabxbbo,34.346,26.672,7.674,24.541,26.821,2.280
mp-aaabxbbr,179.835,224.826,44.991,62.621,48.416,14.205
mp-aaabxbbu,57.650,59.237,1.587,36.576,27.631,8.945
mp-aaabxbbv,41.038,39.179,1.859,25.461,22.374,3.087
mp-aaabxbbz,185.431,156.315,29.116,67.999,47.151,20.848
mp-aaabxbcb,193.542,193.671,0.129,40.729,67.539,26.810
mp-aaabxbcc,190.046,178.710,11.336,66.077,66.945,0.868
mp-aaabxbcd,52.428,47.391,5.037,26.487,29.490,3.003
mp-aaabxbce,73.728,76.732,3.004,28.359,34.366,6.007
mp-aaabxbcg,153.777,107.604,46.173,55.985,68.642,12.657
mp-aaabxbcj,190.201,173.515,16.686,83.010,38.138,44.872
mp-aaabxbco,61.312,52.992,8.320,-10.602,3.641,14.243
mp-aaabxbcw,145.981,141.780,4.201,32.810,22.184,10.626
mp-aaabxbcx,252.209,204.107,48.102,54.533,59.954,5.421
mp-aaabxbda,213.322,196.611,16.711,103.795,83.978,19.817
mp-aaabxbdb,165.426,187.326,21.900,71.569,85.407,13.838
mp-aaabxbdf,184.197,151.631,32.566,76.543,42.437,34.106
mp-aaabxbdp,63.714,63.785,0.071,26.760,23.397,3.363
mp-aaabxbdq,59.723,49.648,10.075,25.452,23.462,1.990
mp-aaabxbns,144.311,128.709,15.602,-15.622,29.579,45.201
mp-aaabxbnv,66.919,74.181,7.262,42.694,28.412,14.282
mp-aaabxbnw,79.006,99.901,20.895,29.499,31.621,2.122
mp-aaabxbny,52.817,48.578,4.239,14.129,16.027,1.898
mp-aaabxbox,199.230,165.971,33.259,102.765,113.694,10.929
mp-aaabxboy,238.376,191.246,47.130,45.537,91.513,45.976
mp-aaabxboz,46.985,45.772,1.213,12.999,16.192,3.193
mp-aaabxbpa,145.894,159.809,13.915,65.499,62.060,3.439
mp-aaabxbpb,200.601,157.832,42.769,91.436,91.176,0.260
mp-aaabxbpg,151.998,138.780,13.218,104.435,105.704,1.269
mp-aaabxbph,147.585,149.810,2.225,66.739,88.028,21.289
mp-aaabxbpw,124.471,91.470,33.001,56.945,50.918,6.027
mp-aaabxbqa,165.822,127.170,38.652,79.648,84.655,5.007
mp-aaabxbqc,103.846,109.996,6.150,69.544,68.174,1.370
mp-aaabxbqd,42.615,51.090,8.475,16.536,18.935,2.399
mp-aaabxbqf,108.466,87.919,20.547,35.687,36.976,1.289
mp-aaabxbqn,19.725,17.489,2.236,,,
mp-aaabxbqt,160.442,142.286,18.156,59.369,76.290,16.921
mp-aaabxbqw,113.161,109.875,3.286,46.784,45.124,1.660
mp-aaabxbqx,81.210,86.051,4.841,41.463,32.475,8.988
mp-aaabxbqy,85.089,75.694,9.395,45.774,37.057,8.717
mp-aaabxbrs,137.387,131.686,5.701,49.792,54.915,5.123
mp-aaabxbrt,145.388,138.969,6.419,62.463,54.504,7.959
mp-aaabxbsa,130.308,129.424,0.884,7.693,32.250,24.557
mp-aaabxbse,148.186,140.079,8.107,63.627,57.052,6.575
mp-aaabxbsf,,,,-3.561,7.511,11.072
mp-aaabxbsg,115.643,114.778,0.865,16.611,24.118,7.507
mp-aaabxbsh,109.754,95.701,14.053,27.740,34.320,6.580
mp-aaabxbsi,107.482,96.044,11.438,48.992,37.980,11.012
mp-aaabxbsj,139.753,131.786,7.967,64.707,69.798,5.091
mp-aaabxbsk,124.283,113.597,10.686,49.234,30.365,18.869
mp-aaabxbsl,108.026,110.942,2.916,42.330,35.216,7.114
mp-aaabxbud,123.752,117.471,6.281,53.036,36.489,16.547
mp-aaabxbue,164.547,121.165,43.382,,,
mp-aaabxbul,123.096,129.849,6.753,45.470,44.719,0.751
mp-aaabxbum,120.565,123.651,3.086,37.764,45.660,7.896
mp-aaabxbuz,268.452,259.167,9.285,143.473,120.681,22.792
mp-aaabxbva,240.988,227.410,13.578,132.422,106.833,25.589
mp-aaabxbwb,111.847,128.741,16.894,37.977,38.176,0.199
mp-aaabxbwo,123.137,127.216,4.079,49.483,47.937,1.546
mp-aaabxbwu,43.284,37.911,5.373,21.383,18.905,2.478
mp-aaabxbyt,109.061,105.353,3.708,43.786,38.851,4.935
mp-aaabxbyw,110.743,115.388,4.645,39.474,44.317,4.843
mp-aaabxbyy,76.171,85.440,9.269,45.758,40.838,4.920
mp-aaabxbyz,34.711,29.871,4.840,6.170,10.945,4.775
mp-aaabxbzd,112.509,93.637,18.872,47.296,38.806,8.490
mp-aaabxbzf,50.306,44.707,5.599,33.330,15.141,18.189
mp-aaabxbzg,142.610,123.216,19.394,32.762,27.985,4.777
mp-aaabxbzl,181.046,172.282,8.764,100.408,94.008,6.400
mp-aaabxbzn,105.286,83.909,21.377,45.330,32.529,12.801
mp-aaabxbzp,37.721,45.014,7.293,20.383,4.628,15.755
mp-aaabxcak,297.088,265.341,31.747,173.524,150.148,23.376
mp-aaabxcam,68.896,57.164,11.732,31.932,21.521,10.411
mp-aaabxcan,325.952,306.436,19.516,204.280,179.885,24.395
mp-aaabxcay,216.114,147.603,68.511,113.636,84.935,28.701
mp-aaabxcaz,55.598,33.990,21.608,13.605,2.959,10.646
mp-aaabxcba,146.391,136.835,9.556,94.037,90.910,3.127
mp-aaabxcbc,317.142,260.129,57.013,179.065,161.357,17.708
mp-aaabxcbi,174.685,176.974,2.289,62.733,71.302,8.569
mp-aaabxcbl,33.104,17.532,15.572,19.764,13.098,6.666
mp-aaabxcbp,58.815,57.895,0.920,34.916,34.934,0.018
mp-aaabxcbr,43.830,39.415,4.415,20.144,23.636,3.492
mp-aaabxcbs,321.281,311.820,9.461,185.926,167.041,18.885
mp-aaabxcbu,270.586,175.985,94.601,117.740,105.296,12.444
mp-aaabxcbv,154.264,140.726,13.538,,,
mp-aaabxccb,139.016,117.882,21.134,187.799,136.039,51.760
mp-aaabxccd,31.487,40.800,9.313,17.679,18.510,0.831
mp-aaabxcce,29.043,23.845,5.198,20.041,16.509,3.532
mp-aaabxcch,156.139,133.443,22.696,,,
mp-aaabxcdb,308.427,285.557,22.870,168.416,166.196,2.220
mp-aaabxcdc,76.785,88.177,11.392,56.514,46.074,10.440
mp-aaabxcdd,144.978,100.361,44.617,37.593,34.801,2.792
mp-aaabxcde,92.453,135.340,42.887,43.619,49.815,6.196
mp-aaabxcdi,51.066,57.023,5.957,28.284,14.142,14.142
mp-aaabxcdj,71.480,61.129,10.351,19.936,13.407,6.529
mp-aaabxcdk,86.047,64.821,21.226,39.669,39.600,0.069
mp-aaabxcdm,141.670,120.829,20.841,47.905,38.129,9.776
mp-aaabxcdn,38.715,26.382,12.333,20.637,20.206,0.431
mp-aaabxcdp,219.307,192.313,26.994,127.552,115.973,11.579
mp-aaabxcds,94.264,66.149,28.115,,,
mp-aaabxcdt,70.948,66.670,4.278,29.280,24.267,5.013
mp-aaabxcdx,42.546,37.856,4.690,19.632,18.215,1.417
mp-aaabxcdz,151.886,131.129,20.757,90.589,73.964,16.625
mp-aaabxcea,65.630,64.935,0.695,12.356,14.523,2.167
mp-aaabxcec,111.605,91.295,20.310,54.122,58.938,4.816
mp-aaabxcee,145.945,121.048,24.897,59.172,51.462,7.710
mp-aaabxcek,24.648,84.089,59.441,17.221,15.265,1.956
mp-aaabxcel,179.509,176.855,2.654,118.533,115.727,2.806
mp-aaabxcem,43.612,40.544,3.068,18.839,22.023,3.184
mp-aaabxceo,211.649,205.524,6.125,97.627,95.810,1.817
mp-aaabxcep,185.345,178.230,7.115,112.686,119.038,6.352
mp-aaabxcer,75.034,79.642,4.608,56.657,39.910,16.747
mp-aaabxces,56.494,65.793,9.299,16.796,20.966,4.170
mp-aaabxcet,235.290,229.389,5.901,121.918,103.463,18.455
mp-aaabxceu,270.525,250.228,20.297,140.544,140.699,0.155
mp-aaabxcew,79.681,78.265,1.416,32.127,30.771,1.356
mp-aaabxcex,91.964,98.423,6.459,32.821,27.136,5.685
mp-aaabxcey,123.901,129.637,5.736,29.224,16.605,12.619
mp-aaabxcez,220.942,232.208,11.266,108.285,84.442,23.843
mp-aaabxcfa,201.076,167.599,33.477,80.844,108.624,27.780
mp-aaabxcfe,100.691,102.004,1.313,31.014,32.044,1.030
mp-aaabxcfg,137.361,121.543,15.818,60.261,54.666,5.595
mp-aaabxcfh,227.447,183.429,44.018,99.655,106.195,6.540
mp-aaabxcfi,189.038,180.597,8.441,188.109,150.530,37.579
mp-aaabxcfj,180.532,154.232,26.300,80.631,89.818,9.187
mp-aaabxcfk,66.506,65.567,0.939,24.289,21.487,2.802
mp-aaabxcfl,97.735,95.837,1.898,36.270,31.114,5.156
mp-aaabxcfn,80.346,76.347,3.999,34.286,34.888,0.602
mp-aaabxcfo,26.360,35.890,9.530,15.966,20.873,4.907
mp-aaabxcfp,27.344,36.874,9.530,21.316,23.411,2.095
mp-aaabxcfr,207.886,177.930,29.956,80.503,82.908,2.405
mp-aaabxcft,219.455,170.833,48.622,89.291,98.977,9.686
mp-aaabxcfv,54.069,53.510,0.559,19.066,19.570,0.504
mp-aaabxcfw,78.796,74.942,3.854,22.938,19.419,3.519
mp-aaabxcfy,148.873,146.754,2.119,59.775,66.516,6.741
mp-aaabxcga,64.957,61.982,2.975,15.758,26.116,10.358
mp-aaabxcgb,64.649,65.415,0.766,27.683,22.321,5.362
mp-aaabxcgc,58.086,56.908,1.178,21.841,18.802,3.039
mp-aaabxcgf,97.049,87.443,9.606,22.700,10.263,12.437
mp-aaabxcgi,25.727,33.879,8.152,15.711,22.197,6.486
mp-aaabxcgk,62.046,62.745,0.699,26.438,26.032,0.406
mp-aaabxcgl,73.024,62.246,10.778,-13.323,15.128,28.451
mp-aaabxcgn,30.834,38.291,7.457,14.401,8.667,5.734
mp-aaabxcgp,45.405,56.557,11.152,19.997,5.142,14.855
mp-aaabxcgs,57.570,56.008,1.562,27.429,32.000,4.571
mp-aaabxcgu,92.277,80.424,11.853,9.574,15.108,5.534
mp-aaabxcgw,52.732,47.215,5.517,22.607,19.671,2.936
mp-aaabxcgx,53.986,48.645,5.341,22.842,21.102,1.740
mp-aaabxcgy,66.478,77.025,10.547,44.283,32.688,11.595
mp-aaabxcgz,39.675,40.178,0.503,23.289,20.870,2.419
mp-aaabxchb,55.055,58.696,3.641,26.176,18.745,7.431
mp-aaabxchj,54.108,53.250,0.858,26.564,19.163,7.401
mp-aaabxchl,19.114,24.289,5.175,12.139,24.167,12.028
mp-aaabxchq,128.499,122.695,5.804,129.985,71.248,58.737
mp-aaabxchr,125.117,111.773,13.344,36.120,54.458,18.338
mp-aaabxchu,230.759,224.843,5.916,113.371,115.012,1.641
mp-aaabxchv,325.151,281.433,43.718,174.876,166.946,7.930
mp-aaabxchx,230.931,215.750,15.181,111.317,121.458,10.141
mp-aaabxcic,54.864,52.077,2.787,19.110,25.503,6.393
mp-aaabxcie,61.635,52.660,8.975,31.697,33.112,1.415
mp-aaabxcig,246.944,206.908,40.036,108.248,97.404,10.844
mp-aaabxcih,185.797,159.461,26.336,,,
mp-aaabxcil,44.205,42.350,1.855,19.952,9.224,10.728
mp-aaabxcin,36.494,1.462,35.032,17.941,12.490,5.451
mp-aaabxcio,283.476,229.532,53.944,112.353,120.128,7.775
mp-aaabxciq,2.546,13.608,11.062,1.806,7.534,5.728
mp-aaabxciv,80.550,70.258,10.292,17.514,16.464,1.050
mp-aaabxcjd,102.518,76.223,26.295,14.015,16.428,2.413
mp-aaabxcje,200.716,131.868,68.848,42.399,35.980,6.419
mp-aaabxcjf,82.368,86.497,4.129,15.743,13.174,2.569
mp-aaabxcjk,122.743,88.114,34.629,73.385,52.779,20.606
mp-aaabxcjl,109.742,86.206,23.536,15.551,21.103,5.552
mp-aaabxcjo,118.043,140.448,22.405,,,
mp-aaabxcju,99.510,79.808,19.702,24.885,13.662,11.223
mp-aaabxcjv,172.516,133.954,38.562,49.108,34.860,14.248
mp-aaabxcjw,133.398,77.617,55.781,57.351,60.627,3.276
mp-aaabxckb,77.247,77.767,0.520,15.124,15.688,0.564
mp-aaabxckc,86.005,60.051,25.953,12.642,21.053,8.411
mp-aaabxckf,74.575,63.166,11.409,31.331,32.771,1.440
mp-aaabxckg,63.715,57.906,5.809,20.936,25.590,4.654
mp-aaabxckh,175.731,162.446,13.285,34.878,27.620,7.258
mp-aaabxcki,95.953,80.017,15.936,49.122,48.053,1.069
mp-aaabxckk,44.947,28.601,16.346,22.000,17.270,4.730
mp-aaabxckl,202.995,205.732,2.737,148.952,130.733,18.219
mp-aaabxckn,71.229,139.966,68.737,20.391,26.745,6.354
mp-aaabxcks,159.305,125.253,34.052,52.044,36.345,15.699
mp-aaabxckt,141.582,110.065,31.517,50.388,41.836,8.552
mp-aaabxcky,66.843,62.766,4.077,-5.434,5.087,10.521
mp-aaabxckz,108.501,105.117,3.384,59.249,63.302,4.053
mp-aaabxcla,104.598,73.721,30.877,62.028,46.463,15.565
mp-aaabxclb,105.402,61.721,43.681,60.794,35.573,25.221
mp-aaabxclc,111.033,93.181,17.852,56.445,44.569,11.876
mp-aaabxcld,90.652,69.018,21.634,6.371,38.323,31.952
mp-aaabxclf,87.038,62.850,24.188,-71.481,-45.030,26.451
mp-aaabxclg,24.977,56.254,31.277,7.332,10.027,2.695
mp-aaabxcli,194.213,145.005,49.208,79.846,67.461,12.385
mp-aaabxclj,29.472,78.507,49.035,8.309,14.929,6.620
mp-aaabxclk,83.952,82.403,1.549,10.746,14.075,3.329
mp-aaabxcll,52.065,51.702,0.363,0.917,10.337,9.420
mp-aaabxclm,66.323,48.031,18.292,17.984,13.445,4.539
mp-aaabxcln,100.300,82.509,17.791,11.401,9.959,1.442
mp-aaabxclq,-264.609,72.396,337.005,-46.159,7.522,53.681
mp-aaabxclr,80.185,71.798,8.387,9.199,11.594,2.395
mp-aaabxcls,90.900,81.972,8.928,10.223,5.828,4.395
mp-aaabxclt,42.236,34.268,7.968,22.358,22.009,0.349
mp-aaabxclu,66.309,52.645,13.664,27.483,16.035,11.448
mp-aaabxclv,48.969,32.331,16.638,24.664,14.733,9.931
mp-aaabxclw,67.273,54.477,12.796,24.337,14.955,9.382
mp-aaabxclx,83.697,87.483,3.786,28.891,20.695,8.196
mp-aaabxcly,87.525,88.612,1.087,34.909,29.990,4.919
mp-aaabxclz,98.860,98.313,0.547,40.992,36.239,4.753
mp-aaabxcma,44.865,37.877,6.988,26.906,14.616,12.290
mp-aaabxcmc,60.159,48.009,12.150,10.533,7.774,2.759
mp-aaabxcmd,79.050,72.284,6.766,6.423,10.746,4.323
mp-aaabxcme,60.320,42.846,17.474,16.513,13.973,2.540
mp-aaabxcmh,92.632,96.580,3.948,33.200,27.828,5.372
mp-aaabxcmi,111.806,109.571,2.235,38.736,42.053,3.317
mp-aaabxcmj,108.292,117.365,9.073,17.543,22.014,4.471
mp-aaabxcmk,90.071,83.349,6.722,19.041,9.869,9.172
mp-aaabxcml,55.770,48.790,6.980,23.661,18.319,5.342
mp-aaabxcmn,136.242,126.675,9.567,46.704,37.160,9.544
mp-aaabxcmo,40.229,42.457,2.228,22.558,20.276,2.282
mp-aaabxcmp,66.067,67.596,1.529,11.484,7.544,3.940
mp-aaabxcmr,80.394,80.622,0.228,-29.425,-6.435,22.990
mp-aaabxcmx,187.175,174.804,12.371,91.654,71.667,19.987
mp-aaabxcmy,80.514,66.116,14.398,6.170,10.108,3.938
mp-aaabxcne,40.038,45.647,5.609,22.248,20.671,1.577
mp-aaabxcnj,71.516,68.391,3.125,23.111,12.828,10.283
mp-aaabxcnm,65.291,65.216,0.075,67.790,20.262,47.528
mp-aaabxcnn,49.810,32.352,17.458,11.196,12.611,1.415
mp-aaabxcno,41.737,38.391,3.346,15.462,9.823,5.639
mp-aaabxcnq,38.084,25.753,12.331,30.714,21.412,9.302
mp-aaabxcnu,39.836,25.007,14.829,30.085,20.715,9.370
mp-aaabxcnw,60.967,63.032,2.065,5.559,12.040,6.481
mp-aaabxcny,59.195,42.749,16.446,24.499,15.797,8.702
mp-aaabxcoc,59.173,54.488,4.685,18.208,12.632,5.576
mp-aaabxcod,43.007,31.672,11.335,14.658,12.268,2.390
mp-aaabxcof,44.621,23.001,21.620,12.633,5.612,7.021
mp-aaabxcoi,40.010,30.928,9.082,24.170,25.961,1.791
mp-aaabxcoj,36.356,36.520,0.164,18.771,7.569,11.202
mp-aaabxcoo,117.777,101.748,16.029,52.142,28.617,23.525
mp-aaabxcoq,83.851,77.255,6.596,17.853,15.571,2.282
mp-aaabxcow,42.467,31.721,10.746,25.998,16.377,9.621
mp-aaabxcoy,39.146,43.753,4.607,23.357,20.986,2.371
mp-aaabxcpa,65.448,66.281,0.833,18.899,14.017,4.882
mp-aaabxcpd,39.687,40.740,1.053,22.085,18.356,3.729
mp-aaabxcpg,66.953,55.047,11.906,,,
mp-aaabxcpi,82.867,82.023,0.844,8.779,10.507,1.728
mp-aaabxcpl,86.836,108.548,21.712,23.457,25.106,1.649
mp-aaabxcpn,64.380,66.077,1.697,23.361,22.653,0.708
mp-aaabxcpo,68.914,77.509,8.595,41.964,36.059,5.905
mp-aaabxcpp,60.360,50.711,9.649,27.973,27.096,0.877
mp-aaabxcpr,5.376,85.584,80.208,3.058,-1.724,4.782
mp-aaabxcps,144.750,195.846,51.096,110.498,102.265,8.233
mp-aaabxcpu,3.842,56.316,52.474,1.747,10.480,8.733
mp-aaabxcpx,78.671,81.214,2.543,22.251,19.016,3.235
mp-aaabxcpy,61.036,60.846,0.190,21.122,17.608,3.514
mp-aaabxcqb,58.946,71.906,12.960,37.695,33.736,3.959
mp-aaabxcqc,58.544,62.536,3.992,20.724,27.049,6.325
mp-aaabxcqe,52.402,49.256,3.146,23.145,16.148,6.997
mp-aaabxcrd,105.611,80.970,24.641,50.033,66.957,16.924
mp-aaabxcri,4.313,93.500,89.187,2.666,7.506,4.840
mp-aaabxcrk,2.800,17.433,14.633,1.882,8.787,6.905
mp-aaabxcrl,4.864,89.139,84.275,2.495,-1.130,3.625
mp-aaabxctg,72.864,95.396,22.533,-25.143,24.620,49.763
mp-aaabxczz,37.562,38.546,0.984,22.936,11.652,11.284
mp-aaabxdaf,39.269,49.003,9.734,19.567,20.031,0.464
mp-aaabxdag,42.139,33.429,8.710,25.646,13.283,12.363
mp-aaabxdai,47.545,36.926,10.619,35.480,24.951,10.529
mp-aaabxdam,3.138,12.845,9.707,2.630,7.565,4.935
mp-aaabxdpj,59.553,50.266,9.287,28.777,25.812,2.965
mp-aaabxdpk,97.343,104.062,6.719,33.714,31.757,1.957
mp-aaabxdpm,62.306,64.163,1.857,21.073,25.411,4.338
mp-aaabxdpn,56.296,54.412,1.884,19.511,22.889,3.378
mp-aaabxdpr,57.209,51.301,5.908,15.302,17.407,2.105
mp-aaabxdpw,66.228,59.648,6.580,24.887,30.920,6.033
mp-aaabxdpz,64.936,64.793,0.143,27.903,25.022,2.881
mp-aaabxdqa,92.175,82.312,9.863,35.405,19.503,15.902
mp-aaabxdqb,80.655,82.687,2.032,26.778,18.553,8.225
mp-aaabxdqd,83.241,70.301,12.940,31.005,11.726,19.279
mp-aaabxdqe,54.634,54.015,0.619,25.799,22.024,3.775
mp-aaabxdqf,62.498,59.204,3.294,22.513,23.249,0.736
mp-aaabxdqg,64.404,47.181,17.223,25.837,23.342,2.495
mp-aaabxdqh,65.347,57.277,8.070,24.444,22.741,1.703
mp-aaabxdqi,61.633,57.586,4.047,19.596,23.766,4.170
mp-aaabxdqj,78.335,79.718,1.383,25.855,23.524,2.331
mp-aaabxdql,185.741,200.431,14.690,78.278,71.454,6.824
mp-aaabxdqq,71.259,66.782,4.477,22.807,22.670,0.137
mp-aaabxdqr,73.852,70.076,3.776,21.327,23.865,2.538
mp-aaabxdqs,64.276,60.477,3.799,21.386,23.894,2.508
mp-aaabxdqw,185.408,162.946,22.462,83.539,88.659,5.120
mp-aaabxdrb,2.900,15.710,12.810,1.732,3.217,1.485
mp-aaabxdrc,54.978,62.664,7.686,23.108,27.978,4.870
mp-aaabxdrd,55.755,53.164,2.591,30.263,30.570,0.307
mp-aaabxdre,48.974,51.862,2.888,29.340,18.816,10.524
mp-aaabxdri,54.510,48.647,5.863,28.117,22.761,5.356
mp-aaabxdrj,50.105,53.038,2.933,19.158,20.381,1.223
mp-aaabxdrk,45.993,48.270,2.277,20.753,15.195,5.558
mp-aaabxdrl,48.403,51.487,3.084,26.907,21.857,5.050
mp-aaabxdrn,16.554,10.031,6.523,10.679,10.400,0.279
mp-aaabxdrp,324.498,283.453,41.045,203.512,163.850,39.661
mp-aaabxdrq,37.606,3.279,34.327,18.514,17.015,1.499
mp-aaabxdrr,145.122,123.582,21.540,52.644,35.953,16.691
mp-aaabxdrt,97.769,124.332,26.563,34.119,28.757,5.362
mp-aaabxdrv,95.226,105.169,9.943,26.464,26.845,0.381
mp-aaabxdrw,97.934,111.882,13.948,32.964,26.695,6.269
mp-aaabxdrx,89.451,99.392,9.941,28.709,9.429,19.280
mp-aaabxdsa,139.163,133.290,5.873,29.205,38.585,9.380
mp-aaabxdsd,74.856,79.298,4.442,14.344,39.349,25.005
mp-aaabxdse,135.641,115.956,19.685,10.065,19.173,9.108
mp-aaabxdsf,89.689,83.271,6.418,26.998,20.893,6.105
mp-aaabxdsh,154.975,145.663,9.312,60.474,49.670,10.804
mp-aaabxdsm,96.963,102.788,5.825,33.757,21.480,12.277
mp-aaabxdsn,91.146,80.679,10.467,28.354,17.265,11.089
mp-aaabxdso,139.222,109.137,30.085,-25.032,-18.864,6.168
mp-aaabxdsp,126.347,111.251,15.096,158.517,119.554,38.963
mp-aaabxdsq,113.765,123.939,10.174,42.631,29.085,13.546
mp-aaabxdsr,50.028,52.109,2.081,30.054,18.395,11.659
mp-aaabxdss,101.867,104.215,2.348,28.245,27.350,0.895
mp-aaabxdst,125.414,116.306,9.108,51.651,50.596,1.055
mp-aaabxdsu,111.946,144.229,32.283,38.388,22.486,15.902
mp-aaabxdsv,92.259,90.178,2.081,28.348,16.165,12.183
mp-aaabxdsx,67.211,71.908,4.697,25.639,23.346,2.293
mp-aaabxdsy,51.164,48.697,2.467,22.324,20.435,1.889
mp-aaabxdtd,90.266,82.657,7.609,44.219,50.421,6.202
mp-aaabxdte,121.457,124.979,3.522,25.136,19.257,5.879
mp-aaabxdtl,16.330,25.267,8.937,8.023,12.349,4.326
mp-aaabxdtn,10.835,14.796,3.961,6.637,9.763,3.126
mp-aaabxdto,34.847,19.842,15.005,16.227,9.802,6.425
mp-aaabxdts,2.772,40.250,37.478,1.687,-3.335,5.022
mp-aaabxezt,30.009,34.273,4.264,13.128,5.682,7.446
mp-aaabxezu,44.769,46.658,1.889,22.760,24.332,1.572
mp-aaabxezv,88.449,81.983,6.466,16.179,22.212,6.033
mp-aaabxezx,66.418,67.945,1.527,29.172,25.450,3.722
mp-aaabxezy,44.880,49.505,4.625,19.556,15.379,4.177
mp-aaabxfac,163.571,168.154,4.583,81.723,70.222,11.501
mp-aaabxfad,132.250,121.732,10.518,34.849,25.539,9.310
mp-aaabxfae,104.218,140.456,36.238,20.073,44.527,24.454
mp-aaabxfag,46.700,51.275,4.575,27.158,20.039,7.119
mp-aaabxfah,105.456,121.017,15.561,22.447,24.349,1.902
mp-aaabxfai,46.386,48.592,2.206,22.870,15.583,7.287
mp-aaabxfak,70.501,73.199,2.698,34.393,7.184,27.209
mp-aaabxfam,4.924,76.160,71.236,2.240,1.889,0.351
mp-aaabxfan,2.955,9.280,6.325,1.905,8.122,6.217
mp-aaabxfao,31.615,38.106,6.491,8.736,17.265,8.529
mp-aaabxfaq,42.683,33.940,8.743,22.585,26.590,4.005
mp-aaabxfas,94.942,108.378,13.436,30.569,29.078,1.491
mp-aaabxfat,127.282,114.950,12.332,-28.162,18.720,46.882
mp-aaabxfau,130.834,121.943,8.891,47.959,42.522,5.437
mp-aaabxfav,124.915,158.700,33.785,34.581,36.758,2.177
mp-aaabxfaw,121.902,110.110,11.792,24.383,6.370,18.013
mp-aaabxfay,67.466,62.473,4.993,14.374,17.087,2.713
mp-aaabxfaz,52.345,50.920,1.425,19.813,16.335,3.478
mp-aaabxfba,42.537,45.203,2.666,22.643,20.238,2.405
mp-aaabxfbb,175.191,150.998,24.193,56.338,31.724,24.614
mp-aaabxfbd,57.531,58.631,1.100,19.660,17.177,2.483
mp-aaabxfbj,240.518,202.461,38.057,104.993,96.634,8.359
mp-aaabxfbk,234.508,213.467,21.041,108.320,94.199,14.121
mp-aaabxfbl,45.439,84.925,39.486,20.537,11.072,9.465
mp-aaabxfbr,194.409,189.759,4.650,146.294,99.695,46.599
mp-aaabxfbu,272.496,231.737,40.759,131.157,114.892,16.265
mp-aaabxfbv,221.392,193.979,27.413,92.928,92.099,0.829
mp-aaabxfby,161.838,158.338,3.500,59.551,58.612,0.939
mp-aaabxfcb,2.881,20.088,17.207,1.970,6.977,5.007
mp-aaabxfcd,106.997,119.946,12.949,31.941,31.478,0.463
mp-aaabxfcf,150.032,127.377,22.655,56.792,30.190,26.602
mp-aaabxfcg,4.783,87.602,82.819,-3.273,0.095,3.368
mp-aaabxfcl,69.742,64.915,4.827,16.502,14.911,1.591
mp-aaabxfcm,82.554,74.170,8.384,18.058,15.644,2.414
mp-aaabxfcn,220.427,218.847,1.580,8.017,76.279,68.262
mp-aaabxfco,245.861,206.873,38.988,94.950,96.625,1.675
mp-aaabxfcp,187.174,160.313,26.861,,,
mp-aaabxfcq,245.129,190.163,54.966,86.818,96.484,9.666
mp-aaabxfcs,65.575,63.142,2.433,41.214,31.352,9.862
mp-aaabxfct,74.904,92.577,17.673,29.069,37.481,8.412
mp-aaabxfdc,189.709,185.351,4.358,80.044,64.115,15.929
mp-aaabxfeh,206.086,134.547,71.539,107.967,85.656,22.311
mp-aaabxfey,40.172,49.494,9.322,26.401,31.465,5.064
mp-aaabxfez,3.156,31.038,27.882,1.928,1.216,0.712
mp-aaabxffa,141.693,124.941,16.752,35.064,40.335,5.271
mp-aaabxffb,242.395,156.243,86.152,155.689,128.859,26.830
mp-aaabxffh,33.910,40.902,6.992,16.655,6.942,9.713
mp-aaabxffi,17.492,18.841,1.349,5.722,10.818,5.096
mp-aaabxffj,33.659,35.230,1.571,19.632,17.991,1.641
mp-aaabxffk,113.756,109.124,4.632,50.305,31.774,18.531
mp-aaabxffl,41.055,74.284,33.229,16.564,23.520,6.956
mp-aaabxffn,47.359,47.170,0.189,10.455,13.984,3.529
mp-aaabxffo,67.859,44.551,23.308,21.207,18.873,2.334
mp-aaabxffv,41.104,11.651,29.453,-4.408,12.760,17.168
mp-aaabxffw,30.524,40.272,9.748,17.477,16.536,0.941
mp-aaabxffy,13.554,13.242,0.312,5.917,8.402,2.485
mp-aaabxfgb,249.914,200.772,49.142,79.922,101.388,21.466
mp-aaabxfgc,40.259,50.082,9.823,26.795,17.960,8.835
mp-aaabxfgd,41.920,57.546,15.626,20.811,25.375,4.564
mp-aaabxfge,247.114,211.191,35.923,83.080,98.770,15.690
mp-aaabxfgf,43.786,74.134,30.348,17.570,25.118,7.548
mp-aaabxfgj,25.992,26.510,0.518,16.634,17.991,1.357
mp-aaabxfgk,265.254,220.570,44.684,131.074,110.998,20.076
mp-aaabxfgl,33.235,42.873,9.638,15.650,26.835,11.185
mp-aaabxfgm,74.156,78.174,4.018,36.814,23.864,12.950
mp-aaabxfgp,70.325,58.406,11.919,16.174,22.867,6.693
mp-aaabxfgu,123.458,96.782,26.676,11.963,5.303,6.660
mp-aaabxfgw,246.749,212.209,34.540,118.496,108.751,9.745
mp-aaabxfgx,49.015,50.119,1.104,29.746,21.634,8.112
mp-aaabxfgy,142.707,129.751,12.956,67.926,51.836,16.090
mp-aaabxfhb,56.084,159.104,103.020,47.324,52.595,5.271
mp-aaabxfhc,210.794,186.673,24.121,96.619,88.770,7.849
mp-aaabxfhd,39.222,40.021,0.799,30.672,19.852,10.820
mp-aaabxfhe,47.035,106.180,59.145,25.186,42.664,17.478
mp-aaabxfhi,90.519,100.412,9.893,29.454,23.361,6.093
mp-aaabxfhj,45.028,52.248,7.220,15.851,17.427,1.576
mp-aaabxfhk,37.559,41.704,4.145,11.896,16.165,4.269
mp-aaabxfhm,211.726,212.905,1.179,86.110,76.710,9.400
mp-aaabxfhn,43.429,51.305,7.876,22.812,23.069,0.257
mp-aaabxfho,55.635,62.903,7.268,21.308,11.894,9.414
mp-aaabxfhs,52.714,36.771,15.943,4.747,13.715,8.968
mp-aaabxfht,86.254,93.922,7.668,26.005,28.112,2.107
mp-aaabxfhu,40.247,27.474,12.773,,,
mp-aaabxfhv,150.532,141.782,8.750,43.706,34.206,9.500
mp-aaabxfit,202.133,164.762,37.371,-85.511,16.412,101.923
mp-aaabxfix,184.201,161.062,23.139,26.080,42.572,16.492
mp-aaabxfiz,81.880,65.060,16.820,29.061,19.281,9.780
mp-aaabxfjb,156.281,139.504,16.777,66.416,44.042,22.374
mp-aaabxfjc,218.128,194.086,24.042,77.859,72.031,5.828
mp-aaabxfjg,145.683,127.802,17.881,,,
mp-aaabxfjt,192.655,168.301,24.354,69.361,71.210,1.849
mp-aaabxfkn,177.868,150.095,27.773,87.341,66.255,21.086
mp-aaabxfko,135.096,100.544,34.552,19.536,21.274,1.738
mp-aaabxfkt,112.134,102.573,9.561,33.550,24.779,8.771
mp-aaabxfku,63.398,46.455,16.943,20.259,22.099,1.840
mp-aaabxfkz,101.369,92.415,8.954,41.219,36.242,4.977
mp-aaabxfla,180.435,183.915,3.480,67.035,66.660,0.375
mp-aaabxflc,81.370,77.328,4.042,9.329,20.748,11.419
mp-aaabxfld,64.746,48.687,16.059,16.750,17.355,0.605
mp-aaabxflf,194.531,172.487,22.044,107.760,90.632,17.128
mp-aaabxflg,93.620,120.860,27.240,69.086,45.589,23.497
mp-aaabxflh,162.384,109.646,52.738,48.901,48.113,0.788
mp-aaabxfli,22.587,28.467,5.880,16.745,6.802,9.943
mp-aaabxfll,77.617,80.487,2.870,20.513,25.404,4.891
mp-aaabxflm,131.037,107.202,23.835,56.136,35.010,21.126
mp-aaabxfln,198.121,187.775,10.346,91.460,80.366,11.094
mp-aaabxflo,73.061,72.679,0.382,16.491,20.228,3.737
mp-aaabxflq,175.938,152.511,23.427,,,
mp-aaabxflr,121.633,106.328,15.305,41.790,29.064,12.726
mp-aaabxfls,191.279,192.033,0.754,107.865,96.282,11.583
mp-aaabxflt,195.913,204.540,8.627,81.051,88.601,7.550
mp-aaabxflu,149.687,122.634,27.053,63.086,20.853,42.233
mp-aaabxflz,5.026,58.062,53.036,2.429,-0.570,2.999
mp-aaabxfma,187.509,155.439,32.070,87.375,71.415,15.960
mp-aaabxfmd,161.554,142.832,18.722,76.667,36.182,40.485
mp-aaabxfme,114.520,86.162,28.358,36.177,21.070,15.107
mp-aaabxfmf,178.265,159.944,18.321,83.490,79.063,4.427
mp-aaabxfmg,94.828,93.106,1.722,25.037,4.854,20.183
mp-aaabxfmh,115.137,109.264,5.873,-11.996,13.586,25.582
mp-aaabxfmi,58.214,41.510,16.704,23.305,17.550,5.755
mp-aaabxfmj,56.120,59.862,3.742,32.136,18.624,13.513
mp-aaabxfmk,171.303,147.965,23.338,46.246,36.740,9.506
mp-aaabxfml,217.650,193.626,24.024,103.317,96.771,6.546
mp-aaabxfmm,1.808,61.088,59.280,2.040,0.366,1.674
mp-aaabxfmo,190.484,207.084,16.600,77.224,78.475,1.251
mp-aaabxfmp,111.473,105.479,5.994,52.910,48.801,4.109
mp-aaabxfmq,84.193,95.393,11.200,30.478,22.040,8.438
mp-aaabxfmr,88.200,90.953,2.753,20.608,39.099,18.491
mp-aaabxfms,76.915,77.557,0.642,19.291,24.398,5.107
mp-aaabxfmt,109.614,111.984,2.370,21.208,20.801,0.407
mp-aaabxfmu,227.345,215.476,11.869,109.437,98.160,11.277
mp-aaabxfmv,43.210,42.962,0.248,24.542,25.434,0.892
mp-aaabxfmw,34.560,37.177,2.617,13.139,4.433,8.706
mp-aaabxfmx,160.206,142.566,17.640,49.295,43.791,5.504
mp-aaabxfmy,120.332,117.126,3.206,58.450,35.251,23.199
mp-aaabxfmz,49.044,56.378,7.334,25.681,23.621,2.060
mp-aaabxfnb,193.511,148.849,44.662,108.004,90.735,17.269
mp-aaabxfnc,139.445,117.276,22.169,27.168,60.234,33.066
mp-aaabxfnd,171.181,129.306,41.875,98.352,82.389,15.963
mp-aaabxfne,143.606,120.918,22.688,48.766,18.865,29.901
mp-aaabxfnf,170.483,140.289,30.194,-46.860,8.707,55.567
mp-aaabxfng,173.179,162.561,10.618,-48.971,-10.971,38.000
mp-aaabxfnh,188.351,174.372,13.979,86.000,52.667,33.333
mp-aaabxfni,228.585,232.612,4.027,102.886,92.828,10.058
mp-aaabxfnk,47.879,54.091,6.212,33.169,21.464,11.705
mp-aaabxfnl,231.986,192.860,39.126,93.042,72.426,20.616
mp-aaabxfnm,246.262,250.596,4.334,183.147,182.409,0.738
mp-aaabxfnn,153.099,145.784,7.315,93.542,74.905,18.637
mp-aaabxfnp,200.874,167.596,33.278,93.704,88.417,5.287
mp-aaabxfnr,103.481,100.293,3.188,44.291,28.226,16.065
mp-aaabxfnt,194.226,125.159,69.067,42.134,56.725,14.591
mp-aaabxfnu,38.641,27.282,11.359,23.217,12.177,11.040
mp-aaabxfnx,100.755,94.706,6.049,-81.634,35.523,117.157
mp-aaabxfny,247.412,210.988,36.424,124.181,122.020,2.161
mp-aaabxfoa,155.882,137.129,18.753,66.691,49.293,17.398
mp-aaabxfob,106.207,105.203,1.004,58.013,44.210,13.803
mp-aaabxfoc,252.159,185.840,66.319,102.980,91.097,11.883
mp-aaabxfod,176.935,174.048,2.887,80.201,83.913,3.712
mp-aaabxfoe,88.039,88.080,0.041,26.291,17.452,8.839
mp-aaabxfog,175.345,144.844,30.501,56.988,65.727,8.739
mp-aaabxfoh,106.503,109.890,3.387,6.267,-0.233,6.500
mp-aaabxfoi,99.150,98.296,0.854,31.582,43.384,11.802
mp-aaabxfoj,101.086,116.917,15.831,41.391,22.016,19.375
mp-aaabxfok,73.054,74.571,1.517,33.934,25.920,8.014
mp-aaabxfom,218.933,200.301,18.632,130.613,116.585,14.028
mp-aaabxfon,99.317,122.359,23.042,32.495,31.675,0.820
mp-aaabxfoo,3.535,51.452,47.917,2.081,6.615,4.534
mp-aaabxfop,228.444,209.517,18.927,98.864,107.850,8.986
mp-aaabxfoq,210.529,198.130,12.399,50.037,75.822,25.785
mp-aaabxfor,226.370,229.360,2.990,78.633,79.772,1.139
mp-aaabxfot,168.969,169.658,0.689,55.119,47.432,7.687
mp-aaabxfou,193.970,108.285,85.685,102.349,47.366,54.983
mp-aaabxfov,255.756,188.162,67.594,128.084,111.562,16.522
mp-aaabxfow,237.182,169.937,67.245,126.511,106.439,20.072
mp-aaabxfox,37.203,33.032,4.171,5.626,18.544,12.918
mp-aaabxfoy,218.170,193.326,24.844,89.826,93.527,3.701
mp-aaabxfpb,71.682,87.235,15.553,39.137,46.075,6.938
mp-aaabxfpd,139.601,115.318,24.283,50.183,55.189,5.006
mp-aaabxfpg,182.895,192.247,9.352,90.315,82.795,7.520
mp-aaabxfph,197.703,203.795,6.092,93.516,97.896,4.380
mp-aaabxfpi,89.209,92.146,2.937,34.602,23.956,10.646
mp-aaabxfpj,214.003,157.227,56.776,111.931,91.530,20.401
mp-aaabxfpm,55.262,50.796,4.466,35.437,28.880,6.557
mp-aaabxfpn,52.775,42.243,10.532,27.596,20.172,7.424
mp-aaabxfpq,197.202,198.727,1.525,78.797,84.955,6.158
mp-aaabxfpr,195.796,148.041,47.755,100.021,79.833,20.188
mp-aaabxfpv,208.501,195.695,12.806,21.435,71.735,50.300
mp-aaabxfpz,183.393,156.642,26.751,118.314,29.902,88.412
mp-aaabxfqa,187.046,171.543,15.503,99.508,91.184,8.324
mp-aaabxfqb,219.105,147.027,72.078,107.454,106.223,1.231
mp-aaabxfqc,287.886,278.130,9.755,136.361,146.827,10.466
mp-aaabxfqd,201.069,150.588,50.481,95.257,83.381,11.876
mp-aaabxfqf,244.954,205.990,38.964,109.351,102.214,7.137
mp-aaabxfqg,242.884,201.849,41.035,131.761,110.812,20.949
mp-aaabxfqh,195.840,151.945,43.895,84.368,67.405,16.963
mp-aaabxfqi,41.684,16.429,25.255,19.533,12.984,6.549
mp-aaabxfqj,146.833,120.662,26.171,9.708,28.279,18.571
mp-aaabxfqk,172.957,186.019,13.062,80.426,83.125,2.699
mp-aaabxfqm,174.551,154.804,19.747,77.815,25.435,52.380
mp-aaabxfqs,222.224,192.023,30.201,99.455,99.000,0.455
mp-aaabxfqt,187.383,148.754,38.629,73.235,57.876,15.359
mp-aaabxfqv,156.306,137.732,18.574,,,
mp-aaabxfqx,109.210,99.746,9.464,28.094,26.505,1.589
mp-aaabxfqy,165.085,147.965,17.120,79.164,75.912,3.252
mp-aaabxfrc,226.509,244.533,18.024,104.561,78.394,26.167
mp-aaabxfrd,128.550,110.207,18.343,39.982,31.615,8.367
mp-aaabxfre,154.665,135.600,19.065,68.281,37.006,31.275
mp-aaabxfrf,22.925,2.831,20.094,14.702,12.073,2.629
mp-aaabxfru,172.181,141.773,30.408,,,
mp-aaabxfrv,34.651,30.558,4.093,23.508,22.102,1.406
mp-aaabxfse,69.410,79.342,9.932,22.098,20.086,2.012
mp-aaabxfsf,28.313,38.566,10.253,-3.797,12.698,16.495
mp-aaabxfsh,150.486,134.785,15.701,29.824,27.028,2.796
mp-aaabxfsj,40.126,10.156,29.970,10.792,11.059,0.267
mp-aaabxfsk,41.303,46.610,5.307,20.408,13.023,7.385
mp-aaabxfss,31.125,27.356,3.769,12.636,11.757,0.879
mp-aaabxfst,175.043,152.556,22.487,62.602,51.500,11.102
mp-aaabxfsu,116.982,120.366,3.384,40.522,39.457,1.065
mp-aaabxfsv,160.513,150.588,9.925,55.791,48.006,7.785
mp-aaabxfsw,218.707,189.594,29.113,90.767,87.416,3.351
mp-aaabxfsy,38.106,34.708,3.398,23.742,13.465,10.277
mp-aaabxfsz,80.025,85.325,5.300,24.870,19.989,4.881
mp-aaabxfta,55.109,45.880,9.229,16.143,12.312,3.831
mp-aaabxftc,25.727,36.765,11.038,9.660,8.284,1.376
mp-aaabxftj,15.404,36.858,21.454,7.060,15.889,8.829
mp-aaabxftk,43.362,30.600,12.762,14.613,16.226,1.613
mp-aaabxftl,36.766,33.528,3.238,19.687,11.399,8.288
mp-aaabxftm,24.965,31.152,6.187,13.000,2.247,10.753
mp-aaabxftn,59.904,55.429,4.475,18.192,15.680,2.512
mp-aaabxfto,35.668,37.311,1.643,17.268,9.828,7.440
mp-aaabxftp,57.865,50.671,7.194,17.696,14.403,3.293
mp-aaabxftr,42.221,29.733,12.488,14.872,14.238,0.634
mp-aaabxfts,41.722,38.977,2.745,15.962,13.594,2.368
mp-aaabxftt,37.926,34.729,3.197,23.846,13.968,9.878
mp-aaabxftu,56.680,47.994,8.686,17.065,13.748,3.317
mp-aaabxftv,41.671,33.079,8.592,14.842,16.218,1.376
mp-aaabxftw,132.432,60.029,72.403,57.938,55.193,2.745
mp-aaabxftz,120.303,110.326,9.977,31.091,22.395,8.696
mp-aaabxfub,155.284,142.218,13.066,80.766,57.154,23.612
mp-aaabxfuc,74.545,81.881,7.336,-1.208,21.128,22.336
mp-aaabxfud,23.718,36.777,13.059,7.617,3.799,3.818
mp-aaabxfug,173.159,152.780,20.379,75.907,56.736,19.171
mp-aaabxfuh,201.650,171.838,29.812,55.152,71.625,16.473
mp-aaabxfuo,192.899,166.088,26.811,88.412,74.731,13.681
mp-aaabxfuv,27.250,37.002,9.752,8.941,8.782,0.159
mp-aaabxfuw,182.409,182.429,0.020,70.948,62.333,8.615
mp-aaabxfux,182.617,149.074,33.543,96.573,88.118,8.455
mp-aaabxfuy,181.984,127.919,54.065,42.333,39.134,3.199
mp-aaabxfuz,178.546,164.788,13.758,15.527,21.691,6.164
mp-aaabxfva,86.378,83.905,2.473,21.743,9.221,12.522
mp-aaabxfvb,87.977,98.309,10.332,27.617,19.953,7.664
mp-aaabxfvc,124.171,110.754,13.417,40.012,22.739,17.273
mp-aaabxfvf,155.745,145.017,10.728,85.611,68.085,17.526
mp-aaabxfvg,65.862,59.670,6.192,39.796,35.892,3.904
mp-aaabxfvi,49.525,40.027,9.498,23.048,18.309,4.739
mp-aaabxfvj,63.933,58.247,5.686,39.898,32.688,7.210
mp-aaabxfvk,184.958,196.605,11.647,79.790,76.155,3.635
mp-aaabxfvm,162.451,159.262,3.189,58.759,58.313,0.446
mp-aaabxfvn,189.784,141.886,47.898,67.567,69.457,1.890
mp-aaabxfvp,138.178,112.757,25.421,69.939,63.177,6.762
mp-aaabxfvq,167.044,150.985,16.059,68.884,54.835,14.049
mp-aaabxfvr,32.385,24.317,8.068,21.831,28.374,6.543
mp-aaabxfvs,153.479,190.163,36.684,,,
mp-aaabxfvu,193.286,193.972,0.686,-22.079,40.233,62.312
mp-aaabxfvv,38.477,43.962,5.485,14.403,20.927,6.524
mp-aaabxfvw,171.591,158.812,12.779,73.821,72.985,0.836
mp-aaabxfvy,169.501,148.590,20.911,60.425,35.729,24.696
mp-aaabxfwa,136.591,109.625,26.966,16.975,31.831,14.856
mp-aaabxfwc,191.166,178.534,12.632,11.426,57.074,45.648
mp-aaabxfwd,201.248,181.410,19.838,95.692,89.815,5.877
mp-aaabxfwf,167.470,158.886,8.584,101.809,73.945,27.864
mp-aaabxfwh,68.650,70.092,1.442,15.528,23.256,7.728
mp-aaabxfwi,91.829,90.088,1.741,-47.071,15.769,62.840
mp-aaabxfwj,76.107,75.220,0.887,45.528,44.381,1.147
mp-aaabxfwk,187.256,193.268,6.012,96.083,80.051,16.032
mp-aaabxfwl,154.144,152.644,1.500,73.504,58.455,15.049
mp-aaabxfwp,223.605,239.389,15.784,101.794,83.335,18.459
mp-aaabxfwr,211.803,171.775,40.028,94.266,108.960,14.694
mp-aaabxfws,152.068,140.209,11.859,39.096,38.009,1.087
mp-aaabxfwt,147.294,116.833,30.461,55.923,52.091,3.832
mp-aaabxfxa,123.512,130.643,7.131,20.588,31.968,11.380
mp-aaabxfxe,127.101,116.126,10.975,52.847,56.467,3.620
mp-aaabxfxh,182.794,212.505,29.711,86.548,85.606,0.942
mp-aaabxfxi,45.134,48.404,3.270,23.143,24.619,1.476
mp-aaabxfxj,134.846,109.799,25.047,40.486,76.316,35.830
mp-aaabxfxn,161.823,181.811,19.988,73.726,72.074,1.652
mp-aaabxfxo,104.247,117.562,13.315,37.091,17.372,19.719
mp-aaabxfxq,188.205,191.310,3.105,111.444,87.527,23.917
mp-aaabxfxr,125.900,181.906,56.006,53.425,29.374,24.051
mp-aaabxfxw,80.336,92.186,11.850,50.256,15.242,35.014
mp-aaabxfya,116.125,127.462,11.337,61.788,38.970,22.818
mp-aaabxfyb,231.437,190.149,41.288,114.747,84.589,30.158
mp-aaabxfyc,116.230,113.253,2.977,52.742,47.591,5.151
mp-aaabxfyd,44.718,46.450,1.732,22.125,18.733,3.392
mp-aaabxfye,124.074,111.262,12.812,6.664,12.987,6.323
mp-aaabxfyg,226.089,202.764,23.325,85.139,78.571,6.568
mp-aaabxfyh,128.390,128.267,0.123,89.296,77.503,11.793
mp-aaabxfyj,100.748,115.331,14.583,38.748,40.236,1.488
mp-aaabxfym,55.400,62.393,6.993,32.495,29.154,3.341
mp-aaabxfyn,205.913,206.987,1.074,90.483,78.949,11.534
mp-aaabxfyu,179.898,174.046,5.852,73.733,64.403,9.330
mp-aaabxfyv,153.366,158.905,5.539,68.880,75.521,6.641
mp-aaabxfyw,202.895,144.798,58.097,78.138,84.509,6.371
mp-aaabxfyy,141.544,126.191,15.353,187.815,90.955,96.860
mp-aaabxfza,52.205,33.309,18.896,26.236,21.491,4.745
mp-aaabxfzb,182.535,174.652,7.883,79.038,70.871,8.167
mp-aaabxfzd,129.806,120.378,9.428,45.355,43.526,1.829
mp-aaabxfzi,188.120,191.518,3.398,80.951,75.732,5.219
mp-aaabxfzt,108.871,109.832,0.961,80.134,10.876,69.258
mp-aaabxfzy,260.723,244.119,16.604,129.330,117.761,11.569
mp-aaabxgaa,209.082,187.790,21.292,126.798,96.103,30.695
mp-aaabxgab,96.269,101.724,5.455,34.960,26.750,8.210
mp-aaabxgac,96.690,105.472,8.782,38.929,14.716,24.213
mp-aaabxgae,101.396,103.960,2.564,37.595,31.318,6.277
mp-aaabxgar,65.284,65.349,0.065,29.025,25.059,3.966
mp-aaabxgas,108.889,100.074,8.815,15.796,25.018,9.222
mp-aaabxgat,135.447,119.299,16.148,52.839,52.891,0.052
mp-aaabxgav,3.109,34.257,31.148,2.236,-0.454,2.690
mp-aaabxgbc,171.518,148.466,23.052,52.236,86.909,34.673
mp-aaabxgbk,-10.668,44.393,55.061,20.482,18.358,2.124
mp-aaabxgbo,115.779,117.765,1.986,46.140,35.672,10.468
mp-aaabxgbp,137.722,143.960,6.238,66.037,61.948,4.089
mp-aaabxgbq,132.860,74.658,58.202,59.337,73.514,14.177
mp-aaabxgbs,3.289,104.332,101.043,2.700,6.530,3.830
mp-aaabxgbt,118.848,112.975,5.873,56.419,59.356,2.937
mp-aaabxgbx,79.162,81.563,2.401,27.045,24.014,3.031
mp-aaabxgcg,93.112,96.151,3.039,39.448,32.019,7.429
mp-aaabxgci,106.578,95.648,10.930,35.412,27.628,7.784
mp-aaabxgck,128.640,127.687,0.953,48.806,44.009,4.797
mp-aaabxgcv,2.736,12.840,10.104,1.961,5.552,3.591
mp-aaabxgcx,137.109,145.249,8.140,52.461,41.832,10.629
mp-aaabxgcy,58.554,58.527,0.027,38.344,35.033,3.311
mp-aaabxgcz,111.133,113.535,2.401,44.230,46.961,2.731
mp-aaabxgdc,87.720,103.703,15.983,26.832,31.667,4.835
mp-aaabxgdd,89.938,100.834,10.896,29.624,20.687,8.937
mp-aaabxgde,146.356,157.738,11.382,52.945,54.009,1.064
mp-aaabxgdg,181.822,203.437,21.615,68.958,62.558,6.400
mp-aaabxgdp,53.429,85.859,32.430,22.170,19.498,2.672
mp-aaabxgds,43.030,42.755,0.275,26.114,24.807,1.307
mp-aaabxgdu,142.714,131.041,11.673,,,
mp-aaabxgdv,156.439,156.041,0.398,71.105,67.970,3.135
mp-aaabxgdy,221.654,201.391,20.263,89.252,81.120,8.132
mp-aaabxgeb,233.519,203.764,29.755,59.053,75.919,16.866
mp-aaabxgeq,174.749,201.076,26.327,44.381,66.796,22.415
mp-aaabxges,85.691,76.759,8.932,45.234,46.613,1.379
mp-aaabxget,76.381,75.771,0.610,56.917,40.191,16.726
mp-aaabxgew,80.916,86.832,5.916,38.614,33.510,5.104
mp-aaabxgfl,191.620,129.757,61.863,23.041,27.143,4.102
mp-aaabxgfo,129.135,73.613,55.522,70.632,58.404,12.228
mp-aaabxgfp,151.261,143.485,7.776,36.377,45.554,9.177
mp-aaabxgfq,50.840,49.580,1.260,19.850,17.081,2.769
mp-aaabxgfs,104.325,140.279,35.954,79.737,94.654,14.917
mp-aaabxgfu,59.171,46.621,12.550,38.592,18.940,19.652
mp-aaabxgfw,106.626,121.353,14.727,42.924,33.245,9.679
mp-aaabxgfx,74.058,77.885,3.827,20.648,29.530,8.882
mp-aaabxgfy,156.979,156.751,0.228,72.197,58.755,13.442
mp-aaabxggf,158.180,131.654,26.526,28.706,28.561,0.145
mp-aaabxggg,244.229,229.348,14.882,113.141,125.349,12.208
mp-aaabxggh,129.632,115.470,14.162,168.188,129.318,38.870
mp-aaabxggi,89.908,95.990,6.082,37.520,21.815,15.705
mp-aaabxggk,73.413,72.169,1.244,29.755,30.247,0.492
mp-aaabxggm,212.674,205.375,7.299,87.343,81.729,5.614
mp-aaabxggn,77.305,67.915,9.390,27.589,20.051,7.538
mp-aaabxggo,85.675,65.325,20.350,43.146,37.838,5.308
mp-aaabxggx,98.781,101.261,2.480,39.928,29.358,10.570
mp-aaabxgha,265.263,210.148,55.115,115.151,109.388,5.763
mp-aaabxghd,197.789,196.255,1.534,81.715,72.974,8.741
mp-aaabxghf,65.878,61.171,4.707,19.943,15.368,4.575
mp-aaabxghg,75.342,73.180,2.162,23.479,20.696,2.783
mp-aaabxghh,193.143,169.796,23.347,78.850,71.198,7.652
mp-aaabxghi,46.296,49.878,3.582,13.564,13.704,0.140
mp-aaabxghj,229.778,214.352,15.426,78.962,89.207,10.245
mp-aaabxghk,258.765,220.250,38.515,107.994,103.209,4.785
mp-aaabxghl,3.460,65.224,61.764,3.386,-0.489,3.875
mp-aaabxghu,243.003,227.594,15.409,96.105,80.498,15.607
mp-aaabxghw,253.319,221.228,32.091,112.266,98.409,13.857
mp-aaabxghx,261.007,212.966,48.041,118.265,103.853,14.412
mp-aaabxghy,225.829,206.182,19.647,79.087,91.185,12.098
mp-aaabxghz,203.686,185.919,17.767,18.666,39.389,20.723
mp-aaabxgic,231.816,210.349,21.467,102.939,105.086,2.147
mp-aaabxgif,6.847,37.296,30.449,2.292,6.150,3.858
mp-aaabxgig,241.192,212.220,28.972,103.536,103.177,0.359
mp-aaabxgih,238.066,220.975,17.091,95.291,98.004,2.713
mp-aaabxgii,321.065,306.833,14.232,186.516,170.247,16.269
mp-aaabxgij,289.662,230.845,58.817,136.853,111.683,25.170
mp-aaabxgil,275.440,227.491,47.949,129.105,122.190,6.915
mp-aaabxgim,102.218,84.444,17.774,37.565,48.858,11.293
mp-aaabxgin,254.239,223.450,30.789,109.902,113.852,3.950
mp-aaabxgio,69.569,55.108,14.461,17.156,19.458,2.302
mp-aaabxgip,71.324,74.463,3.139,15.786,20.249,4.463
mp-aaabxgiq,82.710,83.737,1.027,23.742,24.846,1.104
mp-aaabxgir,69.509,75.446,5.937,32.130,31.288,0.842
mp-aaabxgis,286.547,273.049,13.498,125.357,133.626,8.269
mp-aaabxgit,250.046,239.784,10.262,119.671,119.240,0.431
mp-aaabxgiy,53.873,54.464,0.591,26.509,17.248,9.261
mp-aaabxgiz,105.817,92.788,13.029,-0.531,19.207,19.738
mp-aaabxgjb,59.874,72.099,12.225,36.417,18.921,17.496
mp-aaabxgjc,135.535,152.921,17.386,-102.485,-68.553,33.932
mp-aaabxgjd,126.817,116.473,10.344,44.737,42.024,2.713
mp-aaabxgjf,179.127,179.525,0.398,69.742,64.453,5.289
mp-aaabxgjg,97.382,97.947,0.565,27.819,20.789,7.030
mp-aaabxgjh,2.849,12.257,9.408,2.379,5.086,2.707
mp-aaabxgji,87.395,80.611,6.784,21.097,12.247,8.850
mp-aaabxgjj,183.807,167.676,16.131,75.228,38.363,36.865
mp-aaabxgjk,116.260,125.413,9.153,20.954,20.084,0.870
mp-aaabxgjl,76.015,43.364,32.651,19.287,14.950,4.337
mp-aaabxgjn,70.402,77.734,7.332,38.964,36.783,2.181
mp-aaabxgjp,190.543,189.815,0.728,7.109,40.894,33.785
mp-aaabxgjq,124.420,168.313,43.893,30.249,-22.059,52.308
mp-aaabxgjr,159.093,122.703,36.390,83.100,46.642,36.458
mp-aaabxgjt,240.230,206.169,34.061,110.684,105.356,5.328
mp-aaabxgju,35.495,42.127,6.632,15.633,11.005,4.628
mp-aaabxgjw,127.688,102.613,25.075,30.229,31.549,1.320
mp-aaabxgjx,168.613,160.594,8.019,77.429,84.013,6.584
mp-aaabxgjy,193.113,167.675,25.438,72.804,51.624,21.180
mp-aaabxgkf,74.428,70.721,3.707,22.913,16.286,6.627
mp-aaabxgkg,38.939,46.764,7.825,24.271,20.591,3.680
mp-aaabxgkh,68.269,61.726,6.543,27.721,32.704,4.983
mp-aaabxgko,224.329,193.173,31.156,110.157,84.071,26.086
mp-aaabxgks,47.939,25.932,22.007,20.884,3.464,17.420
mp-aaabxgku,62.953,54.221,8.732,40.862,25.148,15.714
mp-aaabxgkv,90.313,100.600,10.287,35.774,23.490,12.284
mp-aaabxgkw,180.438,143.625,36.813,123.560,120.475,3.085
mp-aaabxgkx,111.102,110.543,0.559,18.066,14.222,3.844
mp-aaabxgla,138.683,130.672,8.011,56.941,60.645,3.704
mp-aaabxgld,212.034,193.407,18.627,97.188,77.919,19.269
mp-aaabxgll,44.869,57.317,12.448,12.122,11.926,0.196
mp-aaabxglm,43.608,36.158,7.450,24.558,20.162,4.396
mp-aaabxglq,50.434,57.117,6.683,7.951,18.952,11.001
mp-aaabxglr,41.701,29.893,11.808,20.535,23.414,2.879
mp-aaabxglt,236.881,248.207,11.326,105.622,98.524,7.098
mp-aaabxglu,236.904,224.914,11.990,112.122,114.981,2.859
mp-aaabxglv,88.993,78.477,10.516,33.634,27.092,6.542
mp-aaabxglw,92.142,83.712,8.430,40.684,30.007,10.677
mp-aaabxglz,170.681,163.725,6.956,76.912,39.080,37.832
mp-aaabxgma,87.008,96.204,9.196,30.470,31.469,0.999
mp-aaabxgmc,99.876,103.070,3.194,37.980,31.436,6.544
mp-aaabxgmf,75.680,66.960,8.720,19.233,14.918,4.315
mp-aaabxgmi,109.327,126.594,17.267,42.364,26.724,15.640
mp-aaabxgmk,54.789,47.019,7.770,36.348,28.506,7.842
mp-aaabxgml,119.564,145.913,26.349,33.326,20.724,12.602
mp-aaabxgmm,17.412,24.110,6.698,9.799,2.920,6.879
mp-aaabxgmp,115.558,115.289,0.269,18.845,19.847,1.002
mp-aaabxgmq,159.674,210.231,50.557,-1.269,-1.537,0.268
mp-aaabxgmr,149.694,128.097,21.597,60.379,58.320,2.059
mp-aaabxgmt,181.297,176.123,5.174,85.898,94.879,8.981
mp-aaabxgmx,228.828,210.167,18.661,88.656,99.308,10.652
mp-aaabxgnh,22.948,25.104,2.156,18.808,12.682,6.126
mp-aaabxgnm,46.404,55.589,9.185,1.240,22.982,21.742
mp-aaabxgnw,228.106,227.393,0.713,116.587,92.164,24.423
mp-aaabxgnx,104.846,104.390,0.456,40.076,25.120,14.956
mp-aaabxgoe,33.750,39.464,5.714,22.062,18.944,3.118
mp-aaabxgof,203.459,175.989,27.470,95.495,62.464,33.031
mp-aaabxgog,208.121,196.184,11.937,94.372,85.381,8.991
mp-aaabxgoi,207.779,167.457,40.322,105.768,121.439,15.671
mp-aaabxgoj,250.960,193.410,57.550,111.453,88.542,22.911
mp-aaabxgol,223.438,198.924,24.514,94.868,84.227,10.641
mp-aaabxgom,243.092,180.953,62.139,113.185,108.222,4.963
mp-aaabxgop,93.884,117.164,23.280,35.758,30.049,5.709
mp-aaabxgoq,56.533,83.159,26.626,22.834,19.116,3.718
mp-aaabxgor,38.380,48.643,10.263,17.587,20.023,2.436
mp-aaabxgos,39.074,43.935,4.861,-3.458,21.529,24.987
mp-aaabxgot,100.492,113.564,13.072,38.627,41.815,3.188
mp-aaabxgou,287.241,230.109,57.132,142.198,115.634,26.564
mp-aaabxgov,271.275,210.746,60.529,125.232,100.858,24.374
mp-aaabxgow,32.933,47.558,14.625,17.026,15.106,1.920
mp-aaabxgoz,228.921,192.066,36.855,85.424,88.981,3.557
mp-aaabxgpb,59.596,50.298,9.298,33.082,27.919,5.163
mp-aaabxgpi,195.509,165.091,30.418,76.292,76.180,0.112
mp-aaabxgpj,146.595,123.340,23.255,3.057,34.020,30.963
mp-aaabxgpk,283.881,247.598,36.283,134.466,128.422,6.044
mp-aaabxgpl,244.997,229.109,15.888,129.794,104.355,25.439
mp-aaabxgqa,143.634,121.502,22.132,49.846,35.859,13.987
mp-aaabxgql,179.322,153.961,25.361,-66.294,-28.595,37.699
mp-aaabxgqm,66.470,55.499,10.971,25.565,24.250,1.315
mp-aaabxgqo,67.960,80.117,12.157,-6.937,14.358,21.295
mp-aaabxgqq,173.551,150.426,23.125,66.646,67.773,1.127
mp-aaabxgqr,30.009,32.884,2.875,22.827,13.864,8.963
mp-aaabxgqs,40.536,60.861,20.325,7.090,7.185,0.095
mp-aaabxgqu,36.225,72.545,36.320,14.586,9.954,4.632
mp-aaabxgqv,234.973,213.073,21.900,118.676,93.717,24.959
mp-aaabxgrg,194.083,163.567,30.516,80.092,66.491,13.601
mp-aaabxgri,133.602,115.143,18.459,28.603,24.103,4.500
mp-aaabxgrj,52.245,60.660,8.415,13.980,16.696,2.716
mp-aaabxgrl,287.788,244.952,42.836,154.370,148.387,5.983
mp-aaabxgrn,38.240,39.684,1.444,30.808,34.476,3.668
mp-aaabxgrp,35.360,25.484,9.876,14.569,20.354,5.785
mp-aaabxgrq,47.688,37.312,10.376,9.986,14.460,4.474
mp-aaabxgrr,53.798,65.777,11.979,15.429,14.392,1.037
mp-aaabxgru,41.342,34.001,7.341,11.442,16.792,5.350
mp-aaabxgrv,198.415,202.913,4.498,48.354,46.264,2.090
mp-aaabxgrz,72.846,67.366,5.480,54.985,39.142,15.843
mp-aaabxgse,119.703,130.574,10.871,,,
mp-aaabxgsf,79.277,77.774,1.503,27.507,20.349,7.158
mp-aaabxgsh,-206.574,38.999,245.573,39.613,18.883,20.730
mp-aaabxgsi,94.214,91.859,2.355,9.818,6.255,3.563
mp-aaabxgsj,130.602,113.342,17.260,55.665,9.293,46.372
mp-aaabxgsl,134.565,120.407,14.158,38.750,50.396,11.646
mp-aaabxgsu,210.074,177.088,32.986,88.015,88.098,0.083
mp-aaabxgtf,188.326,181.062,7.264,88.172,79.605,8.567
mp-aaabxgtg,160.207,115.605,44.602,76.368,43.602,32.766
mp-aaabxgtl,159.762,171.269,11.507,176.796,92.844,83.952
mp-aaabxgtm,152.758,177.770,25.012,66.576,59.766,6.810
mp-aaabxgto,155.943,106.183,49.760,-22.800,-8.145,14.655
mp-aaabxgtp,55.757,66.003,10.246,21.769,12.366,9.403
mp-aaabxgtq,40.699,41.486,0.787,8.103,7.341,0.762
mp-aaabxgtr,253.029,223.586,29.443,138.001,130.697,7.304
mp-aaabxgts,196.801,159.767,37.034,75.961,72.780,3.181
mp-aaabxgtt,85.140,81.262,3.878,30.034,34.293,4.259
mp-aaabxgtv,87.654,89.550,1.896,34.245,33.130,1.115
mp-aaabxgtw,128.593,129.038,0.445,53.675,65.551,11.876
mp-aaabxgtx,127.341,110.692,16.649,69.170,73.119,3.949
mp-aaabxgty,124.561,136.001,11.440,45.438,47.002,1.564
mp-aaabxgtz,55.734,58.741,3.007,36.046,25.923,10.123
mp-aaabxgua,45.488,43.392,2.096,26.674,17.458,9.216
mp-aaabxgub,138.404,123.248,15.156,-18.716,5.931,24.647
mp-aaabxgud,194.966,170.814,24.152,87.695,68.404,19.291
mp-aaabxgue,213.299,174.215,39.084,,,
mp-aaabxguf,201.210,167.402,33.808,81.324,80.194,1.130
mp-aaabxgug,94.234,81.099,13.135,31.195,25.695,5.500
mp-aaabxguh,208.290,193.555,14.735,83.939,71.300,12.639
mp-aaabxguj,210.128,143.429,66.699,97.116,89.787,7.329
mp-aaabxguk,257.893,208.279,49.615,119.069,109.710,9.359
mp-aaabxgul,46.367,47.445,1.078,16.211,12.483,3.728
mp-aaabxgum,50.518,37.846,12.672,10.941,15.845,4.904
mp-aaabxgun,35.189,42.673,7.484,17.094,9.432,7.662
mp-aaabxguo,42.899,41.678,1.221,18.790,21.108,2.318
mp-aaabxgup,104.932,85.507,19.425,24.769,10.820,13.949
mp-aaabxgvo,223.944,203.863,20.081,110.730,85.796,24.934
mp-aaabxgvp,118.801,131.808,13.007,28.281,21.418,6.863
mp-aaabxgvq,231.602,207.675,23.927,119.766,97.594,22.172
mp-aaabxgvt,69.855,79.838,9.983,33.640,28.360,5.280
mp-aaabxgvu,163.884,172.361,8.477,74.760,72.899,1.861
mp-aaabxgvv,101.128,101.235,0.107,42.410,39.551,2.859
mp-aaabxgwc,54.848,69.346,14.498,25.194,20.256,4.938
mp-aaabxgwd,57.830,73.500,15.670,17.435,22.803,5.368
mp-aaabxgwe,64.281,82.930,18.649,26.866,11.885,14.981
mp-aaabxgwf,163.841,142.646,21.195,66.692,61.115,5.577
mp-aaabxgwg,125.869,100.864,25.005,15.063,13.870,1.193
mp-aaabxgwh,40.401,43.404,3.003,20.338,19.306,1.032
mp-aaabxgwl,48.609,62.945,14.336,13.180,20.080,6.900
mp-aaabxgwo,139.016,119.563,19.453,27.199,37.017,9.818
mp-aaabxgwp,41.319,37.641,3.678,32.362,19.324,13.038
mp-aaabxgwq,137.351,117.639,19.712,45.895,30.216,15.679
mp-aaabxgwr,173.915,137.407,36.508,70.542,57.746,12.796
mp-aaabxgws,134.753,91.640,43.113,47.300,43.831,3.469
mp-aaabxgwt,46.741,65.220,18.479,4.542,21.888,17.346
mp-aaabxgwu,126.874,81.186,45.688,37.587,35.124,2.463
mp-aaabxgww,37.398,53.166,15.768,9.484,11.265,1.781
mp-aaabxgwx,25.274,41.135,15.861,,,
mp-aaabxgwy,225.088,198.512,26.576,99.119,103.763,4.644
mp-aaabxgwz,212.512,181.577,30.935,77.792,62.047,15.745
mp-aaabxgxa,168.312,166.517,1.795,73.802,59.814,13.988
mp-aaabxgxb,49.503,67.143,17.640,17.539,17.749,0.210
mp-aaabxgxg,138.075,120.080,17.995,43.403,74.174,30.771
mp-aaabxgxk,205.955,194.011,11.944,106.326,80.413,25.913
mp-aaabxgxp,117.351,72.597,44.754,26.476,35.651,9.175
mp-aaabxgxq,68.459,56.987,11.472,25.776,10.275,15.501
mp-aaabxgxr,203.806,210.861,7.055,74.202,84.366,10.164
mp-aaabxgxs,51.003,51.446,0.443,21.554,13.956,7.598
mp-aaabxgxt,35.030,22.367,12.663,19.316,17.253,2.063
mp-aaabxgxu,180.042,165.352,14.690,89.750,102.428,12.678
mp-aaabxgxv,160.895,170.116,9.221,51.020,42.804,8.216
mp-aaabxgxw,108.872,93.339,15.533,59.015,32.537,26.478
mp-aaabxgxx,226.523,188.913,37.610,132.598,125.420,7.178
mp-aaabxgxz,91.912,104.079,12.167,34.918,28.221,6.697
mp-aaabxgya,268.280,244.324,23.956,105.257,91.036,14.221
mp-aaabxgyd,56.751,67.698,10.947,2.197,23.932,21.735
mp-aaabxgye,37.023,35.759,1.264,28.619,19.569,9.050
mp-aaabxgyf,44.342,47.477,3.135,32.244,29.045,3.199
mp-aaabxgyi,102.513,101.120,1.393,37.415,41.810,4.395
mp-aaabxgyk,226.153,212.084,14.069,95.113,90.674,4.439
mp-aaabxgym,257.696,221.832,35.864,111.690,101.057,10.633
mp-aaabxgyo,36.108,43.741,7.633,25.303,19.952,5.351
mp-aaabxgyp,80.359,81.871,1.512,21.024,25.738,4.714
mp-aaabxgyq,45.614,46.645,1.031,29.381,18.604,10.777
mp-aaabxgyr,188.646,194.345,5.699,106.717,99.329,7.388
mp-aaabxgyu,103.353,77.454,25.899,5.343,17.670,12.327
mp-aaabxgyv,164.912,160.613,4.299,53.838,65.568,11.730
mp-aaabxgyw,123.024,123.285,0.261,48.221,35.957,12.264
mp-aaabxgyx,179.412,155.197,24.215,77.020,85.966,8.946
mp-aaabxgyy,201.234,173.188,28.046,72.828,64.371,8.457
mp-aaabxgyz,136.955,140.533,3.578,44.683,21.923,22.760
mp-aaabxgza,130.031,126.234,3.797,52.340,52.757,0.417
mp-aaabxgzb,182.368,156.921,25.447,65.713,50.744,14.969
mp-aaabxgzc,46.894,35.194,11.700,33.556,28.462,5.094
mp-aaabxgzd,230.966,249.721,18.755,127.917,99.185,28.732
mp-aaabxgze,81.712,17.379,64.333,26.713,23.704,3.009
mp-aaabxgzf,34.883,32.130,2.753,21.546,26.435,4.889
mp-aaabxgzg,82.734,80.507,2.227,32.676,23.287,9.389
mp-aaabxgzj,30.170,36.066,5.896,19.141,14.515,4.626
mp-aaabxgzk,83.821,59.892,23.929,9.884,21.024,11.140
mp-aaabxgzo,152.686,186.017,33.331,51.878,44.591,7.287
mp-aaabxgzr,54.172,48.459,5.713,18.108,15.850,2.258
mp-aaabxgzs,213.720,179.733,33.987,102.659,71.418,31.241
mp-aaabxgzv,75.286,146.862,71.576,17.573,16.403,1.170
mp-aaabxgzw,59.760,62.269,2.509,10.319,5.506,4.813
mp-aaabxhab,70.360,62.309,8.051,14.645,10.823,3.822
mp-aaabxhae,352.906,270.974,81.932,163.317,158.098,5.219
mp-aaabxhah,66.916,69.964,3.048,27.563,17.731,9.832
mp-aaabxhai,34.099,25.475,8.624,27.664,21.166,6.498
mp-aaabxhaj,40.875,35.969,4.906,29.730,23.255,6.475
mp-aaabxhak,237.931,234.458,3.473,124.518,121.645,2.873
mp-aaabxham,68.397,72.820,4.423,13.835,16.450,2.615
mp-aaabxhan,218.979,150.318,68.661,90.915,82.206,8.709
mp-aaabxhas,117.100,95.061,22.039,32.569,48.305,15.736
mp-aaabxhaw,48.488,40.033,8.455,21.802,18.778,3.024
mp-aaabxhax,43.051,45.060,2.009,14.378,16.464,2.086
mp-aaabxhba,102.769,98.467,4.302,28.970,23.529,5.441
mp-aaabxhbb,64.458,43.554,20.904,20.768,20.509,0.259
mp-aaabxhbc,26.909,28.670,1.761,8.570,11.526,2.956
mp-aaabxhbd,135.780,136.549,0.769,42.281,46.420,4.139
mp-aaabxhbe,37.315,28.733,8.582,26.755,26.980,0.225
mp-aaabxhbf,56.116,66.982,10.866,10.220,24.130,13.910
mp-aaabxhbh,218.535,222.552,4.017,127.182,115.452,11.730
mp-aaabxhbi,86.943,77.993,8.950,58.970,44.342,14.628
mp-aaabxhbj,45.837,48.311,2.474,29.126,26.511,2.615
mp-aaabxhbk,126.934,116.301,10.633,36.271,47.842,11.571
mp-aaabxhbl,90.680,100.148,9.468,29.843,23.559,6.284
mp-aaabxhbm,108.619,107.057,1.562,40.561,38.481,2.080
mp-aaabxhbn,70.050,79.329,9.279,15.340,17.752,2.412
mp-aaabxhbo,91.016,84.224,6.792,23.938,14.780,9.158
mp-aaabxhbp,43.874,45.594,1.720,28.411,25.274,3.137
mp-aaabxhbq,212.925,218.832,5.907,67.428,58.139,9.289
mp-aaabxhbr,82.283,79.598,2.685,15.978,11.484,4.494
mp-aaabxhbs,40.129,29.873,10.256,20.861,23.418,2.557
mp-aaabxhbt,236.108,225.917,10.191,125.212,127.130,1.918
mp-aaabxhbu,34.091,44.700,10.609,11.787,12.429,0.642
mp-aaabxhbv,3.096,17.787,14.691,1.721,7.594,5.873
mp-aaabxhbw,65.736,66.635,0.899,30.299,26.455,3.844
mp-aaabxhbx,57.964,47.033,10.931,25.723,22.105,3.618
mp-aaabxhby,45.159,50.838,5.679,13.126,12.867,0.259
mp-aaabxhbz,47.333,45.620,1.713,10.569,11.976,1.407
mp-aaabxhca,61.975,57.611,4.364,25.220,23.253,1.967
mp-aaabxhce,160.360,154.399,5.961,60.682,49.277,11.405
mp-aaabxhcg,49.261,32.395,16.866,25.270,18.474,6.796
mp-aaabxhch,43.686,34.898,8.788,26.267,20.226,6.041
mp-aaabxhck,47.092,56.565,9.473,21.003,26.709,5.706
mp-aaabxhcm,50.682,39.040,11.642,25.265,20.827,4.438
mp-aaabxhco,189.833,184.381,5.452,50.231,52.338,2.107
mp-aaabxhcq,183.765,126.278,57.487,27.888,64.132,36.244
mp-aaabxhcs,202.723,225.227,22.504,87.300,85.682,1.618
mp-aaabxhcx,203.229,201.812,1.417,110.178,100.966,9.212
mp-aaabxhcz,184.832,177.321,7.511,92.448,72.473,19.975
mp-aaabxhdd,173.642,199.335,25.693,64.205,70.899,6.694
mp-aaabxhdr,183.726,156.240,27.486,107.986,93.020,14.966
mp-aaabxhdw,77.703,132.806,55.103,18.975,30.334,11.359
mp-aaabxheb,45.189,36.994,8.195,27.213,19.671,7.542
mp-aaabxhec,228.517,219.418,9.099,106.888,98.275,8.613
mp-aaabxhed,40.013,40.330,0.317,22.984,20.665,2.319
mp-aaabxhee,75.545,67.400,8.145,-20.063,14.145,34.208
mp-aaabxheg,20.061,64.707,44.646,14.140,18.480,4.340
mp-aaabxheh,50.858,53.966,3.108,21.146,18.512,2.634
mp-aaabxhej,127.869,121.474,6.395,60.221,63.142,2.921
mp-aaabxhel,228.974,204.512,24.462,100.834,102.813,1.979
mp-aaabxhem,185.429,157.167,28.262,-32.898,40.419,73.317
mp-aaabxhen,147.583,132.247,15.336,26.257,19.839,6.418
mp-aaabxhep,216.134,196.279,19.855,183.204,118.259,64.945
mp-aaabxher,57.839,65.385,7.546,33.262,22.686,10.576
mp-aaabxhet,90.878,99.937,9.059,16.985,23.876,6.891
mp-aaabxheu,58.309,60.211,1.902,23.613,27.080,3.467
mp-aaabxhev,105.142,111.753,6.611,25.439,32.763,7.324
mp-aaabxhew,88.439,91.052,2.613,22.204,22.282,0.078
mp-aaabxhex,195.246,214.735,19.489,102.252,89.472,12.780
mp-aaabxhfa,213.993,211.405,2.588,97.486,85.579,11.907
mp-aaabxhfb,179.203,166.885,12.318,75.943,78.024,2.081
mp-aaabxhfc,177.082,147.773,29.309,84.695,73.952,10.743
mp-aaabxhfi,129.320,114.234,15.086,43.166,39.109,4.057
mp-aaabxhfr,38.111,50.769,12.658,15.688,16.416,0.728
mp-aaabxhfs,38.807,34.705,4.102,11.995,11.839,0.156
mp-aaabxhfv,77.317,139.746,62.429,20.378,14.472,5.906
mp-aaabxhfw,106.771,112.642,5.871,15.766,30.190,14.424
mp-aaabxhfx,200.406,222.384,21.978,84.188,81.204,2.984
mp-aaabxhga,173.786,179.117,5.331,66.781,58.767,8.014
mp-aaabxhgc,246.139,198.893,47.246,118.179,118.819,0.640
mp-aaabxhgd,193.549,135.835,57.714,99.772,80.119,19.653
mp-aaabxhge,183.596,199.600,16.004,73.942,69.835,4.107
mp-aaabxhgf,137.013,108.653,28.360,16.877,24.221,7.344
mp-aaabxhgi,66.273,59.969,6.304,29.296,24.242,5.054
mp-aaabxhgj,246.210,205.616,40.594,109.532,88.709,20.823
mp-aaabxhgn,190.885,187.746,3.139,87.342,81.158,6.184
mp-aaabxhgp,218.717,218.865,0.148,102.576,82.346,20.230
mp-aaabxhgq,37.535,34.505,3.030,23.164,8.266,14.898
mp-aaabxhgt,65.545,74.230,8.685,29.720,28.893,0.827
mp-aaabxhgu,24.550,21.421,3.129,18.578,8.637,9.941
mp-aaabxhgv,60.239,71.453,11.214,21.558,23.091,1.533
mp-aaabxhgw,195.459,185.264,10.195,92.605,90.006,2.599
mp-aaabxhha,168.296,153.355,14.941,88.091,79.062,9.029
mp-aaabxhhb,189.330,145.975,43.355,65.793,80.553,14.760
mp-aaabxhhc,155.629,135.042,20.587,18.400,30.141,11.741
mp-aaabxhhd,230.374,196.261,34.113,146.521,126.351,20.170
mp-aaabxhhe,227.636,237.836,10.200,85.752,61.369,24.383
mp-aaabxhhf,203.582,158.876,44.706,98.384,75.236,23.148
mp-aaabxhhi,74.686,74.158,0.528,30.036,33.238,3.202
mp-aaabxhhm,74.266,62.646,11.620,31.695,31.387,0.308
mp-aaabxhho,191.214,153.773,37.441,104.999,118.057,13.058
mp-aaabxhhp,194.292,176.949,17.343,-19.025,32.748,51.773
mp-aaabxhhq,241.903,225.390,16.513,121.444,91.622,29.822
mp-aaabxhhr,209.627,210.525,0.898,91.984,91.509,0.475
mp-aaabxhhs,138.306,120.224,18.082,44.976,36.879,8.097
mp-aaabxhht,193.396,173.145,20.251,-90.038,13.287,103.325
mp-aaabxhhu,43.556,47.548,3.992,23.614,24.240,0.626
mp-aaabxhhv,147.893,151.711,3.818,65.206,43.172,22.034
mp-aaabxhhw,96.832,121.812,24.980,32.475,30.839,1.636
mp-aaabxhhx,251.039,213.908,37.131,128.846,131.868,3.022
mp-aaabxhhy,64.686,66.725,2.039,13.385,17.139,3.754
mp-aaabxhhz,127.682,113.369,14.313,37.600,62.099,24.499
mp-aaabxhia,61.585,43.355,18.230,26.818,17.871,8.947
mp-aaabxhib,109.638,109.568,0.070,47.658,32.076,15.582
mp-aaabxhic,102.150,105.895,3.745,37.213,25.853,11.360
mp-aaabxhie,125.716,124.775,0.941,22.501,36.441,13.940
mp-aaabxhif,22.656,29.482,6.826,5.834,8.151,2.317
mp-aaabxhig,174.523,145.609,28.914,,,
mp-aaabxhih,83.086,76.400,6.686,20.128,9.407,10.721
mp-aaabxhii,40.634,45.404,4.770,26.726,24.188,2.538
mp-aaabxhij,111.433,124.831,13.398,46.330,28.488,17.842
mp-aaabxhik,99.611,79.644,19.967,17.763,24.607,6.844
mp-aaabxhil,34.611,39.392,4.781,20.710,18.571,2.139
mp-aaabxhim,68.175,71.761,3.586,23.405,31.503,8.098
mp-aaabxhin,91.195,86.637,4.558,24.979,9.884,15.095
mp-aaabxhio,42.611,31.239,11.372,29.333,25.614,3.719
mp-aaabxhip,39.457,27.704,11.753,28.708,20.226,8.482
mp-aaabxhiq,28.662,27.007,1.655,23.400,24.238,0.838
mp-aaabxhir,40.663,30.287,10.376,29.888,20.538,9.350
mp-aaabxhit,168.977,162.510,6.467,62.502,43.763,18.739
mp-aaabxhiv,74.979,66.178,8.801,2.402,17.016,14.614
mp-aaabxhiw,110.213,126.477,16.264,52.136,37.924,14.212
mp-aaabxhix,158.023,148.476,9.547,47.873,47.271,0.602
mp-aaabxhiy,137.541,118.748,18.793,51.879,59.352,7.473
mp-aaabxhiz,47.338,57.149,9.811,27.939,40.111,12.172
mp-aaabxhjb,42.316,50.851,8.535,33.395,29.251,4.144
mp-aaabxhjc,34.107,26.328,7.779,29.306,30.604,1.298
mp-aaabxhjd,37.747,33.162,4.585,26.277,16.795,9.482
mp-aaabxhje,28.998,34.788,5.790,20.860,22.172,1.312
mp-aaabxhjg,38.333,31.215,7.118,27.925,19.746,8.179
mp-aaabxhjj,43.963,60.813,16.850,16.405,11.696,4.709
mp-aaabxhjl,103.657,99.960,3.697,-52.441,-2.881,49.560
mp-aaabxhjm,67.708,80.243,12.535,29.364,40.926,11.562
mp-aaabxhjn,42.483,40.800,1.683,17.216,15.223,1.993
mp-aaabxhjo,66.613,62.632,3.981,21.006,22.041,1.035
mp-aaabxhjv,59.863,73.908,14.045,20.582,28.279,7.697
mp-aaabxhjw,42.185,49.066,6.881,-7.110,19.971,27.081
mp-aaabxhjx,248.307,208.961,39.346,122.887,91.033,31.854
mp-aaabxhjy,3.474,60.661,57.187,2.266,5.103,2.837
mp-aaabxhkc,191.897,166.661,25.236,80.041,59.925,20.116
mp-aaabxhkd,199.577,191.953,7.624,107.600,96.772,10.828
mp-aaabxhke,44.441,36.987,7.454,26.537,19.212,7.325
mp-aaabxhkf,174.628,151.943,22.685,-3.802,6.321,10.123
mp-aaabxhkg,64.505,82.074,17.569,52.263,70.175,17.912
mp-aaabxhkh,52.306,33.822,18.484,27.182,15.189,11.993
mp-aaabxhki,197.731,153.384,44.347,63.503,58.409,5.094
mp-aaabxhkj,48.779,37.663,11.116,13.617,17.602,3.985
mp-aaabxhkl,82.434,78.792,3.642,27.763,21.695,6.068
mp-aaabxhkm,51.030,32.836,18.194,26.726,21.488,5.238
mp-aaabxhkn,36.778,26.260,10.518,28.384,21.663,6.721
mp-aaabxhml,75.884,65.026,10.858,15.863,6.478,9.385
mp-aaabxhmq,233.311,235.590,2.279,130.885,125.574,5.311
mp-aaabxhmr,150.594,161.097,10.503,66.736,65.171,1.565
mp-aaabxhms,30.934,43.337,12.403,19.546,14.798,4.748
mp-aaabxhmt,88.940,84.792,4.148,15.162,23.420,8.258
mp-aaabxhmu,44.835,178.199,133.364,57.185,90.938,33.753
mp-aaabxhmv,48.815,56.541,7.726,23.997,29.042,5.045
mp-aaabxhmx,27.578,72.398,44.820,4.678,11.840,7.162
mp-aaabxhnb,43.506,49.234,5.728,22.533,22.722,0.189
mp-aaabxhnc,161.409,126.709,34.700,15.865,35.896,20.031
mp-aaabxhne,88.541,77.050,11.491,48.571,46.814,1.757
mp-aaabxhnf,212.608,257.011,44.403,95.013,92.259,2.754
mp-aaabxhnr,59.352,81.024,21.672,28.100,16.410,11.690
mp-aaabxhnu,125.918,105.579,20.339,75.063,64.181,10.882
mp-aaabxhqd,210.464,196.831,13.633,127.259,102.043,25.216
mp-aaabxhqe,191.642,153.637,38.005,85.453,89.767,4.314
mp-aaabxhvu,46.185,44.746,1.439,17.604,19.880,2.276
mp-aaabxias,151.815,143.851,7.964,83.776,100.002,16.226
mp-aaabxihe,42.206,44.727,2.521,26.896,20.766,6.130
mp-aaabxihg,33.290,10.957,22.333,-39.079,3.362,42.441
mp-aaabxish,286.259,220.995,65.264,149.646,136.948,12.698
mp-aaabxisj,84.013,101.316,17.303,35.169,26.738,8.431
mp-aaabxisk,137.844,128.675,9.169,64.672,63.776,0.896
mp-aaabxiso,234.983,185.849,49.134,73.870,88.701,14.831
mp-aaabxisq,238.142,228.606,9.536,107.436,88.300,19.136
mp-aaabxisr,112.788,111.639,1.149,44.091,34.480,9.611
mp-aaabxiss,77.314,68.688,8.626,21.755,13.786,7.969
mp-aaabxist,117.376,98.583,18.793,19.867,23.959,4.092
mp-aaabxisu,201.123,163.118,38.005,107.903,98.951,8.952
mp-aaabxisv,71.412,62.414,8.998,30.073,24.144,5.929
mp-aaabxisx,267.946,241.766,26.180,94.516,108.445,13.929
mp-aaabxisz,201.068,173.225,27.843,97.729,102.518,4.789
mp-aaabxita,2.759,11.734,8.975,0.995,8.140,7.145
mp-aaabxitb,80.644,83.232,2.588,26.055,27.928,1.873
mp-aaabxitc,94.638,90.575,4.063,29.904,25.279,4.625
mp-aaabxite,40.490,41.838,1.348,21.549,23.702,2.153
mp-aaabxitf,52.617,50.772,1.845,25.367,19.734,5.633
mp-aaabxitj,117.696,116.277,1.419,13.032,16.873,3.841
mp-aaabxitl,194.203,200.907,6.704,87.109,82.219,4.890
mp-aaabxitp,395.382,350.655,44.727,,,
mp-aaabxitr,69.324,74.577,5.253,41.914,33.174,8.740
mp-aaabxits,40.504,33.727,6.777,17.740,15.873,1.867
mp-aaabxitt,54.046,43.207,10.839,34.678,30.384,4.294
mp-aaabxitu,196.752,193.393,3.359,92.830,79.534,13.296
mp-aaabxitv,20.768,17.121,3.647,2.700,12.978,10.278
mp-aaabxitw,145.866,132.469,13.397,55.025,44.877,10.148
mp-aaabxitx,29.052,32.694,3.642,22.989,23.532,0.543
mp-aaabxiue,167.594,182.142,14.548,62.044,67.262,5.218
mp-aaabxiuf,60.568,45.241,15.327,13.446,18.497,5.051
mp-aaabxiug,56.236,50.342,5.894,23.153,22.583,0.570
mp-aaabxiuh,40.294,38.201,2.093,21.856,23.239,1.383
mp-aaabxiui,64.741,58.696,6.045,16.546,15.337,1.209
mp-aaabxiul,39.938,53.381,13.443,16.759,6.777,9.982
mp-aaabxiup,26.242,17.570,8.672,14.441,14.598,0.157
mp-aaabxiur,30.248,27.467,2.781,23.267,17.973,5.294
mp-aaabxius,151.641,136.083,15.558,153.628,93.044,60.584
mp-aaabxiut,30.554,20.028,10.526,21.366,23.515,2.149
mp-aaabxiuu,29.945,29.478,0.467,8.433,9.645,1.212
mp-aaabxiuz,57.938,47.466,10.472,18.366,16.957,1.409
mp-aaabxiva,50.250,46.845,3.405,23.368,17.232,6.136
mp-aaabxivd,59.687,42.495,17.192,25.006,20.251,4.755
mp-aaabxive,86.846,97.719,10.873,30.325,31.484,1.159
mp-aaabxivi,58.884,72.097,13.213,25.752,22.838,2.914
mp-aaabxivj,175.784,171.629,4.155,79.491,66.888,12.603
mp-aaabxivl,44.905,43.876,1.029,22.668,15.064,7.604
mp-aaabxivn,53.486,51.289,2.197,21.025,20.997,0.028
mp-aaabxivp,35.078,40.342,5.264,20.738,12.183,8.555
mp-aaabxivr,185.233,114.950,70.283,60.942,33.236,27.706
mp-aaabxivs,71.539,70.187,1.352,22.130,19.406,2.724
mp-aaabxivt,117.728,129.437,11.709,-16.545,32.809,49.354
mp-aaabxivu,117.477,97.341,20.136,-39.180,45.178,84.358
mp-aaabxivw,35.282,34.314,0.968,22.869,19.335,3.534
mp-aaabxivy,11.444,15.214,3.770,6.887,12.414,5.527
mp-aaabxiwc,84.200,80.118,4.082,23.689,13.703,9.986
mp-aaabxiwd,28.446,30.954,2.508,21.909,19.816,2.093
mp-aaabxiwg,26.023,16.123,9.900,12.698,14.509,1.811
mp-aaabxiwh,27.505,17.785,9.720,18.813,15.555,3.258
mp-aaabxiwi,377.014,343.395,33.619,,,
mp-aaabxiwj,117.960,145.423,27.463,47.096,35.042,12.054
mp-aaabxiwk,130.801,188.574,57.773,58.373,42.896,15.477
mp-aaabxiwm,238.287,223.809,14.478,104.493,96.658,7.835
mp-aaabxiwn,47.326,29.721,17.605,22.660,18.141,4.519
mp-aaabxiwo,67.274,54.147,13.127,18.217,19.116,0.899
mp-aaabxiwr,171.176,189.061,17.885,85.541,83.189,2.352
mp-aaabxiws,48.032,44.912,3.120,26.111,23.163,2.948
mp-aaabxiwt,90.520,100.820,10.300,42.228,42.086,0.142
mp-aaabxiwu,41.739,33.005,8.734,21.903,26.468,4.565
mp-aaabxiwv,59.779,59.533,0.246,-0.091,5.569,5.660
mp-aaabxiww,24.555,30.145,5.590,16.087,18.417,2.330
mp-aaabxiwx,46.404,56.745,10.341,15.779,21.981,6.202
mp-aaabxiwz,12.419,27.845,15.426,8.094,20.136,12.042
mp-aaabxixd,119.005,126.539,7.534,40.989,45.753,4.764
mp-aaabxixe,61.719,42.792,18.927,25.823,21.802,4.021
mp-aaabxixf,80.823,88.603,7.780,32.546,33.186,0.640
mp-aaabxixl,56.205,72.828,16.623,16.817,21.514,4.697
mp-aaabxixm,78.569,91.872,13.303,46.400,41.789,4.611
mp-aaabxixn,120.860,129.985,9.125,45.330,44.714,0.616
mp-aaabxixp,59.426,50.317,9.109,11.582,15.422,3.840
mp-aaabxixq,71.201,76.080,4.879,44.485,26.581,17.904
mp-aaabxixs,53.973,72.783,18.810,15.364,10.587,4.777
mp-aaabxixt,219.675,193.587,26.088,139.325,123.996,15.329
mp-aaabxixu,87.893,80.353,7.540,26.455,24.767,1.688
mp-aaabxixv,104.433,99.547,4.886,31.667,31.786,0.119
mp-aaabxixw,41.350,93.588,52.238,35.747,41.937,6.190
mp-aaabxixx,116.817,117.488,0.671,40.679,43.159,2.480
mp-aaabxixy,84.990,84.132,0.858,12.155,22.926,10.771
mp-aaabxixz,80.793,81.570,0.777,20.303,10.824,9.479
mp-aaabxiyb,40.978,27.733,13.245,21.552,25.047,3.495
mp-aaabxiyc,109.393,92.332,17.061,50.885,35.638,15.247
mp-aaabxiyd,76.882,130.794,53.912,24.906,15.232,9.674
mp-aaabxiye,115.666,117.715,2.049,10.784,20.069,9.285
mp-aaabxiyg,216.144,190.366,25.778,92.758,77.804,14.954
mp-aaabxiyh,68.137,47.427,20.710,23.311,19.559,3.752
mp-aaabxiyi,374.539,324.972,49.567,203.733,190.344,13.389
mp-aaabxiyk,33.477,32.541,0.936,10.983,7.808,3.175
mp-aaabxiyl,74.476,71.279,3.197,31.910,30.779,1.131
mp-aaabxiyo,207.943,157.300,50.643,111.666,88.862,22.804
mp-aaabxiyp,194.115,182.917,11.198,125.949,96.252,29.697
mp-aaabxiyq,87.133,102.228,15.094,53.421,48.156,5.265
mp-aaabxiyr,210.143,164.707,45.436,67.750,71.315,3.565
mp-aaabxiys,219.360,181.256,38.104,113.398,117.942,4.544
mp-aaabxiyt,276.013,220.213,55.800,123.705,118.343,5.362
mp-aaabxiyv,55.443,57.517,2.074,36.114,27.645,8.469
mp-aaabxiyw,142.107,111.487,30.620,-28.842,-26.865,1.977
mp-aaabxiyx,137.752,158.257,20.505,-96.494,-78.316,18.178
mp-aaabxiyy,238.159,173.710,64.449,125.302,102.159,23.143
mp-aaabxiyz,286.080,247.994,38.086,178.077,162.188,15.889
mp-aaabxizd,81.503,85.862,4.359,33.159,40.831,7.672
mp-aaabxizf,76.048,82.407,6.359,20.793,10.912,9.881
mp-aaabxizg,59.883,48.298,11.585,21.490,18.542,2.948
mp-aaabxizi,60.402,55.359,5.043,39.055,34.081,4.974
mp-aaabxizk,199.112,183.291,15.821,92.754,67.528,25.226
mp-aaabxizl,171.867,179.055,7.188,117.437,112.917,4.520
mp-aaabxizw,212.177,192.524,19.653,107.484,104.913,2.571
mp-aaabxizy,134.721,116.037,18.684,18.751,18.442,0.309
mp-aaabxizz,193.573,128.600,64.973,99.781,86.768,13.013
mp-aaabxjaa,148.622,109.213,39.409,3.839,22.887,19.048
mp-aaabxjaf,103.456,107.012,3.556,37.470,37.053,0.417
mp-aaabxjaj,144.315,162.681,18.366,60.128,64.159,4.031
mp-aaabxjal,199.848,184.589,15.259,93.491,105.134,11.643
mp-aaabxjas,200.128,190.586,9.542,119.809,103.169,16.640
mp-aaabxjat,193.020,177.476,15.544,91.598,91.248,0.350
mp-aaabxjaw,163.496,160.828,2.668,89.022,85.784,3.238
mp-aaabxjbe,52.821,51.146,1.675,4.795,-4.853,9.648
mp-aaabxjbi,32.980,45.527,12.547,22.258,25.118,2.860
mp-aaabxjbj,22.509,25.620,3.111,5.553,21.348,15.795
mp-aaabxjbl,341.997,312.382,29.615,157.989,159.538,1.549
mp-aaabxjbm,72.453,59.296,13.157,16.677,25.358,8.681
mp-aaabxjbn,142.913,120.725,22.188,80.316,91.529,11.213
mp-aaabxjbo,57.967,69.318,11.351,37.406,36.105,1.301
mp-aaabxjbp,50.473,42.687,7.786,21.635,19.578,2.057
mp-aaabxjbq,30.387,22.040,8.347,20.709,14.250,6.459
mp-aaabxjbr,299.670,269.947,29.723,149.971,145.558,4.413
mp-aaabxjbt,99.567,73.995,25.572,19.368,19.896,0.528
mp-aaabxjbw,308.589,277.751,30.838,192.283,168.303,23.980
mp-aaabxjbx,286.678,229.942,56.736,150.925,141.008,9.917
mp-aaabxjcb,83.944,62.352,21.592,20.109,12.470,7.639
mp-aaabxjce,82.224,76.544,5.680,-4.548,13.024,17.572
mp-aaabxjcm,82.451,70.556,11.895,19.287,12.363,6.924
mp-aaabxjek,65.405,64.860,0.545,17.124,8.408,8.716
mp-aaabxjhr,222.560,191.401,31.159,126.478,112.831,13.647
mp-aaabxjka,116.019,142.294,26.275,52.941,65.216,12.275
mp-aaabxjpd,33.107,44.690,11.583,11.558,24.101,12.543
mp-aaabxjql,113.333,98.794,14.539,64.272,53.698,10.574
mp-aaabxjqu,193.852,159.018,34.834,81.153,92.321,11.168
mp-aaabxjqy,169.616,177.047,7.431,80.239,90.440,10.201
mp-aaabxjrb,39.951,30.531,9.420,2.711,17.555,14.844
mp-aaabxjrd,187.600,142.482,45.118,192.924,94.147,98.777
mp-aaabxjrg,97.087,92.106,4.981,36.068,30.941,5.127
mp-aaabxjrl,135.073,127.063,8.010,59.335,61.890,2.555
mp-aaabxjrm,84.578,76.320,8.258,20.809,13.268,7.541
mp-aaabxjrs,145.311,158.298,12.987,,,
mp-aaabxjrt,151.149,137.838,13.311,60.401,59.021,1.380
mp-aaabxjrv,224.467,186.491,37.976,40.955,58.050,17.095
mp-aaabxjrx,54.341,54.215,0.126,26.236,21.429,4.807
mp-aaabxjrz,180.486,170.403,10.083,83.722,96.374,12.652
mp-aaabxjsd,231.932,200.132,31.800,99.304,85.023,14.281
mp-aaabxjse,106.001,108.453,2.452,84.189,93.281,9.092
mp-aaabxjsk,220.674,214.381,6.293,108.258,100.797,7.461
mp-aaabxjsm,268.880,254.922,13.958,122.335,114.712,7.623
mp-aaabxjsq,358.896,303.324,55.572,159.736,164.598,4.862
mp-aaabxjss,129.422,108.771,20.651,46.495,45.750,0.745
mp-aaabxjst,186.133,171.075,15.058,66.322,63.420,2.902
mp-aaabxjsw,71.667,75.524,3.857,8.445,9.190,0.745
mp-aaabxjsx,42.058,34.635,7.423,24.891,19.609,5.282
mp-aaabxjsy,55.602,33.053,22.549,18.189,33.482,15.293
mp-aaabxjsz,49.213,69.104,19.891,17.588,9.696,7.892
mp-aaabxjta,127.176,115.201,11.975,53.734,47.961,5.773
mp-aaabxjtb,23.718,10.707,13.011,11.670,16.025,4.355
mp-aaabxjtd,28.548,20.623,7.925,20.928,20.344,0.584
mp-aaabxjtf,41.800,38.904,2.896,16.305,13.337,2.968
mp-aaabxjti,52.184,39.036,13.148,12.474,10.393,2.081
mp-aaabxjtk,117.454,129.427,11.973,4.832,42.653,37.821
mp-aaabxjtn,58.767,59.198,0.431,37.601,29.753,7.848
mp-aaabxjto,276.055,258.956,17.099,139.600,114.333,25.267
mp-aaabxjts,119.104,99.410,19.694,-37.156,48.068,85.224
mp-aaabxjtt,207.781,169.909,37.872,83.607,83.402,0.205
mp-aaabxjtu,70.268,73.125,2.857,,,
mp-aaabxjty,62.879,46.618,16.261,26.307,24.924,1.383
mp-aaabxjua,227.135,169.347,57.788,69.434,67.413,2.021
mp-aaabxjub,179.191,169.155,10.036,80.647,60.865,19.782
mp-aaabxjug,146.996,127.752,19.244,23.595,34.966,11.371
mp-aaabxjuh,247.221,185.222,61.999,122.520,123.525,1.005
mp-aaabxjuj,254.421,174.776,79.645,103.767,111.123,7.356
mp-aaabxjuk,74.927,93.990,19.063,22.770,15.110,7.660
mp-aaabxjum,206.038,172.696,33.342,87.815,89.992,2.177
mp-aaabxjuo,149.145,127.746,21.399,70.882,79.273,8.391
mp-aaabxjus,257.421,207.138,50.283,116.994,105.317,11.677
mp-aaabxjut,69.985,66.348,3.637,3.618,19.011,15.393
mp-aaabxjuv,32.155,22.751,9.404,19.163,20.867,1.704
mp-aaabxjuw,149.040,136.099,12.941,62.195,59.836,2.359
mp-aaabxjuz,67.735,66.937,0.798,8.012,15.686,7.674
mp-aaabxjva,48.691,51.940,3.249,21.138,24.580,3.442
mp-aaabxjvd,90.319,79.456,10.863,18.270,46.938,28.668
mp-aaabxjvf,114.186,140.290,26.104,41.151,30.950,10.201
mp-aaabxjvh,40.002,41.321,1.319,21.373,21.338,0.035
mp-aaabxjvi,62.849,59.578,3.271,6.665,16.697,10.032
mp-aaabxjvj,100.508,73.417,27.091,31.012,28.641,2.371
mp-aaabxjvn,78.669,72.216,6.453,0.457,15.580,15.123
mp-aaabxjvo,89.778,103.581,13.803,25.511,26.027,0.516
mp-aaabxjvp,83.326,86.069,2.743,27.293,17.587,9.706
mp-aaabxjvq,68.731,79.662,10.931,43.821,40.680,3.141
mp-aaabxjvs,58.234,59.683,1.449,8.994,13.899,4.905
mp-aaabxjvt,53.804,47.378,6.426,35.568,32.269,3.299
mp-aaabxjvu,241.663,189.551,52.112,90.582,96.086,5.504
mp-aaabxjvw,65.150,67.264,2.114,19.196,17.749,1.447
mp-aaabxjvx,73.965,76.038,2.073,-11.833,11.355,23.188
mp-aaabxjvy,214.474,197.087,17.387,123.796,113.136,10.660
mp-aaabxjvz,57.544,48.055,9.489,21.074,21.836,0.762
mp-aaabxjwb,143.099,116.282,26.817,59.512,84.800,25.288
mp-aaabxjwc,82.573,74.379,8.194,7.809,20.823,13.014
mp-aaabxjwh,89.382,92.756,3.374,30.369,33.627,3.258
mp-aaabxjwo,50.087,48.222,1.865,30.872,25.668,5.204
mp-aaabxjwp,84.831,69.847,14.984,32.134,26.176,5.958
mp-aaabxjwq,99.218,97.857,1.361,28.575,37.440,8.865
mp-aaabxjwr,204.892,199.863,5.029,102.073,90.953,11.120
mp-aaabxjwt,110.279,122.562,12.283,24.382,28.748,4.366
mp-aaabxjwv,194.629,171.279,23.350,73.091,78.124,5.033
mp-aaabxjww,186.513,179.899,6.614,102.230,93.523,8.707
mp-aaabxjwy,214.114,226.894,12.780,94.027,100.584,6.557
mp-aaabxjxc,73.505,62.797,10.708,12.425,14.367,1.942
mp-aaabxjxd,139.152,131.568,7.584,50.956,58.965,8.009
mp-aaabxjxf,113.454,114.957,1.503,22.942,23.236,0.294
mp-aaabxjxi,54.712,51.731,2.981,-6.574,10.003,16.577
mp-aaabxjxj,149.332,145.130,4.202,87.694,73.232,14.462
mp-aaabxjxk,192.627,197.930,5.303,94.927,67.035,27.892
mp-aaabxjxl,199.920,186.907,13.013,66.761,75.436,8.675
mp-aaabxjxm,141.574,152.695,11.121,-88.010,-65.874,22.136
mp-aaabxjxn,177.241,179.999,2.758,70.762,60.488,10.274
mp-aaabxjxo,84.380,101.756,17.376,47.770,42.878,4.892
mp-aaabxjxp,81.483,73.915,7.568,24.579,26.606,2.027
mp-aaabxjxq,163.077,143.682,19.395,82.681,75.452,7.229
mp-aaabxjxr,151.349,162.498,11.149,0.020,3.950,3.930
mp-aaabxjxs,93.448,88.046,5.402,30.879,17.087,13.792
mp-aaabxjxt,37.418,28.347,9.071,18.913,17.211,1.702
mp-aaabxjxu,100.631,85.483,15.148,-2.593,20.176,22.769
mp-aaabxjxv,223.046,230.774,7.728,108.216,103.249,4.967
mp-aaabxjxw,163.021,145.871,17.150,75.808,60.299,15.509
mp-aaabxjya,68.500,71.419,2.919,50.773,37.036,13.737
mp-aaabxjzu,121.874,100.481,21.393,38.283,52.325,14.042
mp-aaabxjzv,52.025,50.090,1.935,11.561,12.317,0.756
mp-aaabxkab,77.954,71.152,6.802,18.567,18.332,0.235
mp-aaabyfua,35.497,43.610,8.113,13.954,16.885,2.931
mp-aaabyhvh,21.596,56.496,34.900,10.234,18.264,8.030
mp-aaacapbk,127.878,122.904,4.974,77.933,57.382,20.551
mp-aaacapbl,115.909,121.565,5.656,73.110,48.227,24.883
mp-aaacapbm,123.819,122.660,1.159,69.076,65.728,3.348
mp-aaacbgit,172.610,108.204,64.406,109.553,75.826,33.727
mp-aaacbjfs,118.816,210.164,91.348,91.861,67.434,24.427
mp-aaacboiv,16.486,107.827,91.341,10.386,14.462,4.076
mp-aaacbufg,42.341,56.320,13.979,20.022,24.331,4.309
mp-aaacbzxc,33.622,44.716,11.094,3.491,24.311,20.820
mp-aaacccut,26.780,17.242,9.538,13.335,10.757,2.578
mp-aaaccfde,22.663,33.658,10.995,13.031,19.578,6.547
mp-aaacckiy,170.582,156.429,14.153,76.603,74.712,1.891
mp-aaaccsoj,48.554,89.498,40.944,4.560,31.213,26.653
mp-aaaccsok,158.831,175.770,16.939,62.489,63.178,0.689
mp-aaaccsol,45.125,49.504,4.379,,,
mp-aaaccsom,25.882,27.038,1.156,-12.045,15.423,27.468
mp-aaaccson,135.818,128.782,7.036,74.150,59.380,14.770
mp-aaaccsoo,119.158,157.210,38.052,139.154,60.642,78.512
mp-aaaccsop,143.448,124.111,19.337,68.035,65.151,2.884
mp-aaaccsoq,119.495,117.550,1.945,67.211,53.403,13.808
mp-aaaccsor,226.039,189.100,36.939,121.257,79.039,42.218
mp-aaaccsos,97.257,124.310,27.053,-31.592,-17.654,13.938
mp-aaaccsot,40.768,50.105,9.337,-18.955,9.368,28.323
mp-aaaccsou,134.140,157.683,23.543,53.837,51.511,2.326
mp-aaaccsov,107.291,116.576,9.285,33.705,47.156,13.451
mp-aaaccsow,138.506,158.065,19.559,51.107,62.305,11.198
mp-aaaccsox,145.487,135.310,10.177,56.487,57.526,1.039
mp-aaaccsoy,157.629,138.966,18.663,76.634,79.757,3.123
mp-aaaccsoz,138.820,123.807,15.013,55.905,48.611,7.294
mp-aaaccspa,94.091,118.628,24.537,-35.297,-24.980,10.317
mp-aaaccspc,120.160,147.615,27.455,31.185,29.110,2.075
mp-aaaccspd,54.545,67.608,13.063,37.789,23.703,14.086
mp-aaaccspg,139.456,179.371,39.915,27.745,46.579,18.834
mp-aaaccsph,135.124,168.777,33.653,0.506,-34.058,34.564
mp-aaaccspi,146.902,161.662,14.760,-37.488,16.226,53.714
mp-aaaccspj,123.324,155.576,32.252,-3.699,3.253,6.952
mp-aaaccspl,146.311,145.240,1.071,73.592,73.553,0.039
mp-aaaccspm,145.001,185.688,40.687,3.848,18.922,15.074
mp-aaaccspn,129.129,130.646,1.517,70.695,81.819,11.124
mp-aaaccspo,114.252,148.626,34.374,-23.486,-31.456,7.970
mp-aaaccspp,143.510,172.014,28.504,-6.282,-28.682,22.400
mp-aaaccspq,110.522,116.762,6.240,66.456,59.979,6.477
mp-aaaccspr,140.712,172.891,32.179,-0.997,-9.762,8.765
mp-aaaccsps,134.021,172.908,38.887,-0.804,-18.179,17.375
mp-aaaccspt,109.470,132.507,23.037,-26.763,-40.293,13.530
mp-aaaccspu,118.974,114.784,4.190,47.761,47.727,0.034
mp-aaaccspv,49.919,48.059,1.860,4.158,25.745,21.587
mp-aaaccspw,37.314,28.236,9.078,17.972,21.264,3.292
mp-aaaccspx,33.378,18.001,15.377,21.704,23.168,1.464
mp-aaaccspy,125.600,136.541,10.941,20.992,43.548,22.556
mp-aaaccspz,118.393,115.311,3.082,55.653,46.336,9.317
mp-aaaccsqa,136.177,181.540,45.363,15.440,21.124,5.684
mp-aaaccsqb,90.741,117.729,26.988,-24.859,-83.299,58.440
mp-aaaccsqd,96.833,130.293,33.460,-36.665,-23.764,12.901
mp-aaaccsqe,107.624,131.032,23.408,-15.992,-1.818,14.174
mp-aaaccsqf,106.206,106.319,0.113,48.870,16.747,32.123
mp-aaaccsqg,106.389,131.456,25.067,-11.683,8.857,20.540
mp-aaaccsqh,85.096,88.666,3.570,22.703,10.020,12.683
mp-aaaccsqi,181.264,178.032,3.232,72.168,64.251,7.917
mp-aaaccsqj,95.062,111.367,16.305,38.126,36.937,1.189
mp-aaaccsqk,64.164,64.068,0.096,34.294,35.458,1.164
mp-aaaccsql,37.881,47.214,9.333,,,
mp-aaaccsqm,74.991,140.009,65.018,-20.653,-19.262,1.391
mp-aaaccsqn,99.922,126.896,26.974,-36.755,-38.066,1.311
mp-aaaccsqp,28.036,54.814,26.778,-40.599,-2.745,37.854
mp-aaaccsqr,100.641,127.604,26.963,-11.924,-13.106,1.182
mp-aaaccsqs,165.342,149.261,16.081,68.623,50.814,17.809
mp-aaaccsqu,122.186,142.950,20.764,,,
mp-aaaccsqv,93.141,119.224,26.083,-11.673,-6.556,5.117
mp-aaaccsqw,171.875,176.687,4.812,47.772,61.563,13.791
mp-aaaccsqx,154.395,140.069,14.326,61.799,47.611,14.188
mp-aaaccsqy,153.200,160.121,6.921,54.063,46.110,7.953
mp-aaaccsqz,133.908,135.147,1.239,63.302,49.259,14.043
mp-aaaccsrc,137.912,165.503,27.591,40.965,34.406,6.559
mp-aaaccsre,128.349,149.308,20.959,-7.600,-13.084,5.484
mp-aaaccsrf,117.613,137.358,19.745,-25.213,-30.018,4.805
mp-aaaccsrg,111.447,117.377,5.930,-29.301,-42.500,13.199
mp-aaaccsri,100.988,127.439,26.451,-2.274,-22.807,20.533
mp-aaaccsrj,42.619,60.107,17.488,8.295,5.585,2.710
mp-aaaccsrl,118.263,174.210,55.947,8.741,46.022,37.281
mp-aaaccsrm,141.318,179.628,38.310,-10.145,-20.600,10.455
mp-aaaccsrn,148.038,182.383,34.345,-11.415,-19.840,8.425
mp-aaaccsti,24.711,20.897,3.814,11.206,8.102,3.104
mp-aaacctef,25.109,36.077,10.968,-25.412,21.458,46.870
mp-aaacctei,38.721,52.944,14.223,0.269,21.946,21.677
mp-aaacctej,31.472,48.377,16.905,-12.968,19.601,32.569
mp-aaacctek,20.126,26.761,6.635,2.317,25.321,23.004
mp-aaacctel,35.592,50.096,14.504,12.985,19.829,6.844
mp-aaacctem,31.152,51.603,20.451,-0.566,17.076,17.642
mp-aaaccten,20.701,24.608,3.907,-15.532,14.451,29.983
mp-aaaccteo,21.842,18.652,3.190,-58.994,2.433,61.427
mp-aaacctep,18.381,26.144,7.763,3.472,12.086,8.614
mp-aaaccteq,33.364,43.809,10.445,17.467,22.460,4.993
mp-aaaccter,40.089,46.666,6.577,-1.732,6.344,8.076
mp-aaacctes,48.827,64.399,15.572,-3.379,0.227,3.606
mp-aaacctet,35.436,65.301,29.865,-5.105,12.364,17.469
mp-aaaccteu,26.230,40.724,14.494,8.847,18.710,9.863
mp-aaacctev,14.567,19.082,4.515,11.023,12.347,1.324
mp-aaacctew,36.492,45.256,8.764,-10.293,15.786,26.079
mp-aaacctex,20.676,26.170,5.494,-74.574,5.493,80.067
mp-aaacctey,25.431,56.201,30.770,-86.508,-21.620,64.888
mp-aaacctez,68.261,112.700,44.439,5.193,13.231,8.038
mp-aaacctfa,46.537,43.386,3.151,17.166,12.521,4.645
mp-aaacdaeq,59.233,57.182,2.051,32.374,31.898,0.476
mp-aaacdhil,76.842,50.328,26.514,-12.481,8.609,21.090
mp-aaacdhjp,79.715,89.474,9.759,47.329,64.313,16.984
mp-aaacdhjq,75.910,84.388,8.478,45.957,58.070,12.113
mp-aaacdhjx,100.502,98.607,1.895,47.232,60.581,13.349
mp-aaacdhkb,23.495,34.060,10.565,11.797,8.765,3.032
mp-aaacdhkk,142.078,116.427,25.651,72.850,78.756,5.906
mp-aaacdhkl,68.864,190.899,122.035,51.344,53.360,2.016
mp-aaacdhkw,99.291,97.905,1.386,52.658,53.080,0.422
mp-aaacdhlc,98.680,178.747,80.067,4.182,-10.881,15.063
mp-aaacdhld,72.558,87.770,15.212,-65.608,-49.471,16.137
mp-aaacdhle,42.101,46.738,4.637,21.937,21.196,0.741
mp-aaacdhlf,159.817,162.379,2.562,28.888,50.437,21.549
mp-aaacdhlg,227.552,167.696,59.856,-4.400,44.771,49.171
mp-aaacdhlh,51.653,49.223,2.430,19.590,19.955,0.365
mp-aaacdhli,152.502,164.103,11.601,59.718,47.147,12.571
mp-aaacdhlo,60.274,56.390,3.884,24.036,26.586,2.550
mp-aaacdhlu,49.557,74.723,25.166,24.613,12.678,11.935
mp-aaacdhlw,48.624,78.044,29.420,-17.927,-22.211,4.284
mp-aaacdhmo,155.672,170.979,15.307,56.716,51.164,5.552
mp-aaacdhmp,183.726,169.423,14.303,55.834,24.435,31.399
mp-aaacdhmu,183.266,154.026,29.240,51.410,90.366,38.956
mp-aaacdhnc,108.873,183.694,74.821,71.217,64.988,6.229
mp-aaacdhnd,61.403,96.143,34.740,5.969,0.240,5.729
mp-aaacdhnh,18.132,35.874,17.742,-10.383,-2.388,7.995
mp-aaacdhnl,78.371,96.175,17.804,-42.517,-19.067,23.450
mp-aaacdhnn,51.452,76.593,25.141,-57.824,-31.150,26.674
mp-aaacdhod,209.272,185.499,23.773,91.273,65.137,26.136
mp-aaacdhox,66.150,44.124,22.026,27.672,20.363,7.309
mp-aaacdhpb,21.227,44.297,23.070,3.365,-0.524,3.889
mp-aaacdhpy,24.583,23.490,1.093,-31.870,-16.133,15.737
mp-aaacdhpz,142.949,134.577,8.372,3.265,30.327,27.062
mp-aaacdhqi,176.569,179.208,2.639,56.286,55.217,1.069
mp-aaacdhqj,38.904,43.374,4.470,17.206,17.866,0.660
mp-aaacdhqz,98.999,109.477,10.478,-127.808,-75.485,52.323
mp-aaacdhrd,96.641,127.819,31.178,-51.090,-76.189,25.099
mp-aaacdhrf,95.012,109.374,14.362,-0.897,-76.193,75.296
mp-aaacdhrj,62.715,49.929,12.786,-24.478,14.685,39.163
mp-aaacdhrk,-70.166,149.116,219.282,15.750,41.966,26.216
mp-aaacdhsl,128.444,110.148,18.296,18.995,16.215,2.780
mp-aaacdhtd,149.877,143.229,6.648,0.619,45.654,45.035
mp-aaacdhtf,130.313,173.937,43.624,30.673,44.495,13.822
mp-aaacdhti,78.261,78.956,0.695,27.152,30.231,3.079
mp-aaacdhto,40.818,35.240,5.578,20.140,19.736,0.404
mp-aaacdhtq,65.046,62.915,2.131,36.907,27.791,9.116
mp-aaacdhts,67.395,59.056,8.339,33.808,19.779,14.029
mp-aaacdhtw,65.750,108.381,42.631,7.680,-9.932,17.612
mp-aaacdhub,62.206,62.798,0.592,36.189,41.537,5.348
mp-aaacdhuq,101.878,121.131,19.253,15.750,67.299,51.549
mp-aaacdhus,51.360,88.891,37.531,10.059,10.124,0.065
mp-aaacdhut,128.477,114.656,13.821,16.539,21.590,5.051
mp-aaacdhva,60.974,72.428,11.454,21.319,38.937,17.618
mp-aaacdhvc,150.672,141.404,9.268,-4.070,46.239,50.309
mp-aaacdhvr,102.967,66.099,36.868,42.810,45.602,2.792
mp-aaacdhvv,68.975,70.522,1.547,31.805,29.252,2.553
mp-aaacdhwb,92.528,65.987,26.541,23.388,30.875,7.487
mp-aaacdhwm,84.713,73.127,11.586,46.093,47.897,1.804
mp-aaacdhxl,95.953,57.395,38.558,41.576,71.036,29.460
mp-aaacdhya,298.554,254.883,43.671,66.458,149.336,82.878
mp-aaacdhyg,92.401,103.020,10.619,63.909,46.043,17.866
mp-aaacdhyi,44.763,40.082,4.681,31.315,22.920,8.395
mp-aaacdhym,91.897,99.682,7.785,48.313,28.635,19.678
mp-aaacdhyw,96.796,101.310,4.514,45.698,53.428,7.730
mp-aaacdhza,53.312,38.269,15.043,25.438,23.678,1.760
mp-aaacdhze,217.280,153.823,63.457,98.184,68.516,29.668
mp-aaacdhzh,116.433,113.996,2.437,64.387,43.533,20.854
mp-aaacdhzj,203.583,199.480,4.103,36.670,50.862,14.192
mp-aaacdhzp,114.297,112.866,1.431,2.215,-11.799,14.014
mp-aaacdhzu,34.443,47.168,12.725,9.412,6.861,2.551
mp-aaacdhzz,129.755,137.570,7.815,78.184,65.296,12.888
mp-aaacdiaa,94.083,95.029,0.946,40.008,36.550,3.458
mp-aaacdial,28.790,37.809,9.019,11.895,19.782,7.887
mp-aaacdiap,177.966,110.079,67.887,70.859,59.727,11.132
mp-aaacdibf,28.313,23.639,4.674,16.901,15.298,1.603
mp-aaacdicq,39.722,-7.914,47.636,23.922,23.842,0.080
mp-aaacdido,37.737,42.786,5.049,17.921,13.823,4.098
mp-aaacdidr,146.226,127.679,18.547,5.176,21.972,16.796
mp-aaacdidt,26.920,38.301,11.381,8.347,2.610,5.737
mp-aaacdiek,130.278,101.304,28.974,40.429,-67.998,108.427
mp-aaacdien,263.582,222.386,41.196,116.670,118.621,1.951
mp-aaacdier,250.356,205.353,45.003,104.672,116.758,12.086
mp-aaacdiez,167.170,138.687,28.483,52.288,66.059,13.771
mp-aaacdifc,233.898,212.131,21.767,90.295,93.340,3.045
mp-aaacdife,277.307,217.092,60.215,103.594,62.940,40.654
mp-aaacdifk,125.408,86.313,39.095,62.953,57.922,5.031
mp-aaacdift,238.733,181.360,57.373,-20.120,19.078,39.198
mp-aaacdifu,179.691,190.628,10.937,84.534,62.343,22.191
mp-aaacdifx,217.331,187.663,29.668,83.786,81.994,1.792
mp-aaacdiga,68.836,61.680,7.156,41.351,36.961,4.390
mp-aaacdign,34.964,24.578,10.386,19.382,19.724,0.342
mp-aaacdihe,68.285,53.988,14.297,32.424,29.860,2.564
mp-aaacdihf,219.690,189.962,29.728,93.590,83.834,9.756
mp-aaacdihp,11.008,19.429,8.421,8.744,6.259,2.485
mp-aaacdiia,220.397,165.870,54.527,,,
mp-aaacdiin,236.240,290.849,54.609,88.105,111.799,23.694
mp-aaacdiio,58.091,81.872,23.781,20.696,24.639,3.943
mp-aaacdijb,251.053,211.253,39.800,123.911,97.086,26.825
mp-aaacdijc,247.646,188.776,58.870,89.479,97.798,8.319
mp-aaacdije,261.344,215.500,45.844,134.934,115.101,19.833
mp-aaacdijp,216.082,205.740,10.342,92.111,90.951,1.160
mp-aaacdike,24.014,38.955,14.941,13.027,20.835,7.808
mp-aaacdikf,96.534,107.850,11.316,34.507,-3.405,37.912
mp-aaacdikq,14.690,13.242,1.448,9.767,7.281,2.486
mp-aaacdikw,36.324,34.785,1.539,18.490,14.712,3.778
mp-aaacdikz,26.806,32.114,5.308,-5.562,3.226,8.788
mp-aaacdilw,230.659,175.295,55.364,71.729,68.259,3.470
mp-aaacdimp,65.872,65.183,0.689,36.138,26.429,9.709
mp-aaacdimu,68.674,63.069,5.605,35.034,22.839,12.195
mp-aaacdinq,225.060,138.763,86.297,73.067,80.574,7.507
mp-aaacdiod,57.350,58.455,1.105,15.051,21.769,6.718
mp-aaacdioe,42.339,59.408,17.069,37.307,14.613,22.694
mp-aaacdipq,38.754,31.870,6.884,17.395,25.750,8.355
mp-aaacdiqa,56.309,50.907,5.402,31.189,28.399,2.790
mp-aaacdiqh,62.377,65.257,2.880,21.731,21.315,0.416
mp-aaacdiqs,58.598,55.598,3.000,27.032,30.352,3.320
mp-aaacdiqw,84.809,78.924,5.885,17.723,21.157,3.434
mp-aaacdiqy,63.294,57.160,6.134,27.002,18.663,8.339
mp-aaacdiqz,84.394,94.857,10.463,,,
mp-aaacdira,79.206,74.916,4.290,21.569,23.229,1.660
mp-aaacdirg,57.182,62.841,5.659,18.836,14.678,4.158
mp-aaacdirk,59.049,52.777,6.272,27.058,24.242,2.816
mp-aaacdirl,52.625,50.908,1.717,15.513,13.256,2.257
mp-aaacdirt,43.336,75.497,32.161,28.525,32.239,3.714
mp-aaacditt,40.910,47.890,6.980,22.235,21.921,0.314
mp-aaacdiup,83.971,71.887,12.084,11.832,18.329,6.497
mp-aaacdius,82.054,81.475,0.579,-25.724,7.987,33.711
mp-aaacdivb,62.653,45.845,16.808,21.019,19.987,1.032
mp-aaacdivg,57.307,51.498,5.809,27.830,31.454,3.624
mp-aaacdivh,127.431,206.874,79.443,124.147,53.339,70.808
mp-aaacdivt,52.516,52.228,0.288,15.194,13.496,1.698
mp-aaacdivx,81.328,70.961,10.367,9.128,17.222,8.094
mp-aaacdivz,136.209,98.686,37.523,72.161,73.547,1.386
mp-aaacdiwu,83.302,88.346,5.044,41.540,39.847,1.693
mp-aaacdixg,44.231,72.793,28.562,14.712,21.437,6.725
mp-aaacdiyk,75.418,71.336,4.082,-10.855,18.192,29.047
mp-aaacdizd,96.364,93.895,2.469,-16.813,-3.891,12.922
mp-aaacdize,46.102,57.277,11.175,32.427,13.238,19.189
mp-aaacdizk,144.110,140.064,4.046,,,
mp-aaacdizn,83.175,86.762,3.587,34.903,27.486,7.417
mp-aaacdizo,82.602,83.384,0.782,-35.930,-13.804,22.126
mp-aaacdizz,117.273,130.396,13.123,-7.469,27.296,34.765
mp-aaacdjad,98.224,99.773,1.549,-65.089,-39.871,25.218
mp-aaacdjbd,159.167,158.635,0.532,-93.936,-32.850,61.086
mp-aaacdjbe,90.641,88.007,2.634,11.961,4.530,7.431
mp-aaacdjbs,25.788,63.100,37.312,36.205,45.296,9.091
mp-aaacdjbu,286.173,208.995,77.178,99.977,115.061,15.084
mp-aaacdjcg,232.445,193.690,38.755,24.580,-34.590,59.170
mp-aaacdjcl,130.571,173.270,42.699,76.857,92.993,16.136
mp-aaacdjcm,136.430,164.987,28.557,53.369,65.390,12.021
mp-aaacdjcv,52.214,71.010,18.796,-24.290,2.505,26.795
mp-aaacdjcx,203.008,170.200,32.808,53.644,41.097,12.547
mp-aaacdjdd,199.027,162.441,36.586,101.530,121.579,20.049
mp-aaacdjdt,103.541,93.736,9.805,32.002,30.923,1.079
mp-aaacdjdy,107.160,105.408,1.752,28.725,24.520,4.205
mp-aaacdjeb,107.133,121.858,14.725,36.880,21.962,14.918
mp-aaacdjeg,15.512,40.885,25.373,9.245,9.594,0.349
mp-aaacdjei,59.118,69.078,9.960,34.349,18.878,15.471
mp-aaacdjej,117.540,121.981,4.441,51.800,43.546,8.254
mp-aaacdjel,125.306,122.016,3.290,30.673,38.936,8.263
mp-aaacdjeo,72.853,81.864,9.011,31.094,30.435,0.659
mp-aaacdjeq,81.231,74.148,7.083,38.357,35.981,2.376
mp-aaacdjey,22.072,39.133,17.061,19.340,5.894,13.446
mp-aaacdjfb,116.515,129.614,13.099,29.776,33.324,3.548
mp-aaacdjfe,90.144,99.207,9.063,35.177,28.860,6.317
mp-aaacdjff,118.555,125.410,6.855,47.121,38.094,9.027
mp-aaacdjfn,78.735,85.454,6.719,34.736,29.746,4.990
mp-aaacdjfo,29.518,17.080,12.438,15.277,10.933,4.344
mp-aaacdjfs,29.595,19.313,10.282,16.724,12.477,4.247
mp-aaacdjfu,72.984,71.715,1.269,37.110,32.522,4.588
mp-aaacdjgf,98.751,102.417,3.666,37.129,19.817,17.312
mp-aaacdjgv,32.912,62.606,29.694,11.214,10.570,0.644
mp-aaacdjgz,69.968,69.136,0.832,35.826,24.504,11.322
mp-aaacdjhd,49.862,43.721,6.141,26.851,21.413,5.438
mp-aaacdjhi,42.980,54.986,12.006,4.888,8.596,3.708
mp-aaacdjhl,177.267,192.411,15.144,77.929,65.797,12.132
mp-aaacdjho,86.527,84.145,2.382,12.239,23.410,11.171
mp-aaacdjhp,118.070,114.349,3.721,40.973,46.902,5.929
mp-aaacdjht,136.043,128.890,7.153,-1.491,22.786,24.277
mp-aaacdjhu,135.881,133.257,2.624,36.621,40.570,3.949
mp-aaacdjhy,179.189,158.321,20.868,40.670,88.829,48.159
mp-aaacdjim,67.462,71.550,4.088,36.470,26.840,9.630
mp-aaacdjjg,203.337,244.175,40.838,64.747,58.692,6.055
mp-aaacdjjy,203.422,244.363,40.941,59.908,59.036,0.872
mp-aaacdjka,40.645,51.861,11.216,21.816,20.270,1.546
mp-aaacdjld,110.897,123.592,12.695,30.278,23.375,6.903
mp-aaacdjlg,17.144,29.892,12.748,7.485,9.132,1.647
mp-aaacdjli,54.590,66.011,11.421,35.495,26.720,8.775
mp-aaacdjlk,57.229,68.462,11.233,33.265,3.211,30.054
mp-aaacdjlq,172.900,158.732,14.168,161.339,75.298,86.041
mp-aaacdjlr,128.767,128.667,0.100,23.656,50.773,27.117
mp-aaacdjls,186.205,169.141,17.064,68.294,64.650,3.644
mp-aaacdjmm,68.284,66.921,1.363,19.238,23.555,4.317
mp-aaacdjmq,103.118,102.238,0.880,39.197,39.383,0.186
mp-aaacdjmy,102.363,98.478,3.885,7.858,35.093,27.235
mp-aaacdjnh,120.551,190.283,69.732,64.194,34.350,29.844
mp-aaacdjnj,35.220,37.698,2.478,-5.415,1.913,7.328
mp-aaacdjnv,118.718,116.422,2.296,23.645,37.473,13.828
mp-aaacdjof,127.319,113.136,14.183,,,
mp-aaacdjon,90.970,73.139,17.831,37.258,39.418,2.160
mp-aaacdjoo,104.061,106.856,2.795,33.304,20.068,13.236
mp-aaacdjop,78.798,93.669,14.871,38.927,14.233,24.694
mp-aaacdjov,179.795,156.180,23.615,91.053,90.549,0.504
mp-aaacdjoz,157.156,154.918,2.238,14.097,12.187,1.910
mp-aaacdjpc,135.670,143.458,7.788,45.595,25.496,20.099
mp-aaacdjpm,27.528,50.108,22.580,10.710,5.889,4.821
mp-aaacdjpu,52.516,57.109,4.593,21.232,23.621,2.389
mp-aaacdjpv,55.254,76.750,21.496,20.144,12.305,7.839
mp-aaacdjqb,199.466,144.719,54.747,65.253,55.291,9.962
mp-aaacdjqf,122.232,116.483,5.749,37.565,46.593,9.028
mp-aaacdjql,26.317,41.706,15.389,7.189,1.284,5.905
mp-aaacdjrl,6.279,12.790,6.511,1.942,8.883,6.941
mp-aaacdjrx,102.567,113.357,10.790,32.331,24.905,7.426
mp-aaacdjsa,40.739,39.568,1.171,23.677,24.932,1.255
mp-aaacdjss,19.467,27.522,8.055,6.112,10.507,4.395
mp-aaacdjsy,44.465,43.176,1.289,15.150,12.067,3.083
mp-aaacdjth,6.941,32.929,25.988,2.439,5.231,2.792
mp-aaacdjti,53.348,70.953,17.605,33.866,28.576,5.290
mp-aaacdjtj,180.938,151.457,29.481,111.434,89.587,21.847
mp-aaacdjtl,125.028,47.919,77.109,40.829,52.539,11.710
mp-aaacdjtm,104.310,103.288,1.022,35.688,20.640,15.048
mp-aaacdjtn,7.141,24.782,17.641,-10.740,8.875,19.615
mp-aaacdjts,59.674,61.876,2.202,28.768,20.971,7.797
mp-aaacdjuq,53.035,75.554,22.519,27.112,29.591,2.479
mp-aaacdjvg,11.571,11.703,0.132,5.990,5.250,0.740
mp-aaacdjvp,38.780,45.301,6.521,25.839,31.285,5.446
mp-aaacdjwg,205.763,182.483,23.280,100.722,104.522,3.800
mp-aaacdjwh,30.915,35.210,4.295,18.917,17.460,1.457
mp-aaacdjwq,29.646,109.962,80.316,168.403,111.766,56.637
mp-aaacdjwr,178.413,175.584,2.829,26.833,38.338,11.505
mp-aaacdjxc,35.997,36.373,0.376,24.167,13.871,10.296
mp-aaacdjxm,28.486,33.776,5.290,13.561,12.050,1.511
mp-aaacdjyi,92.168,145.929,53.761,27.945,30.778,2.833
mp-aaacdjyo,143.223,124.965,18.258,9.073,15.820,6.747
mp-aaacdjzb,23.830,33.144,9.314,8.867,16.810,7.943
mp-aaacdjzs,130.571,122.298,8.273,46.272,50.462,4.190
mp-aaacdjzu,199.022,201.591,2.569,,,
mp-aaacdkac,99.763,97.557,2.206,35.918,34.073,1.845
mp-aaacdkad,199.747,174.158,25.589,79.557,80.153,0.596
mp-aaacdkag,8.076,22.960,14.884,2.930,7.782,4.852
mp-aaacdkak,60.843,44.925,15.918,-10.527,-12.437,1.910
mp-aaacdkap,29.769,35.143,5.374,23.398,16.063,7.335
mp-aaacdkaz,49.414,50.613,1.199,27.113,20.463,6.650
mp-aaacdkbf,201.940,159.287,42.653,119.458,110.841,8.617
mp-aaacdkdk,9.969,12.791,2.822,0.640,11.199,10.559
mp-aaacdkdp,99.882,108.039,8.157,14.401,5.479,8.922
mp-aaacdkdq,319.664,250.850,68.814,156.612,131.897,24.715
mp-aaacdkdr,23.854,54.260,30.406,15.512,2.896,12.616
mp-aaacdkds,151.069,122.385,28.684,85.959,87.126,1.167
mp-aaacdkdu,67.890,81.735,13.845,40.238,40.478,0.240
mp-aaacdkdw,181.461,198.597,17.136,150.520,132.184,18.336
mp-aaacdkek,6.764,24.540,17.776,12.973,5.759,7.214
mp-aaacdkem,51.667,81.307,29.640,34.157,33.148,1.009
mp-aaacdker,65.477,59.132,6.345,6.700,21.215,14.515
mp-aaacdkeu,45.039,49.646,4.607,16.180,17.218,1.038
mp-aaacdkfb,44.851,74.664,29.813,28.755,36.360,7.605
mp-aaacdkfc,48.249,49.729,1.480,17.844,14.637,3.207
mp-aaacdkgk,92.210,99.671,7.461,24.250,25.856,1.606
mp-aaacdkgr,156.051,168.858,12.807,17.775,70.401,52.626
mp-aaacdkgs,9.269,2.395,6.874,2.325,5.554,3.229
mp-aaacdkha,4.901,5.924,1.023,1.584,5.529,3.945
mp-aaacdkhe,35.965,30.309,5.656,-8.384,-3.303,5.081
mp-aaacdkhf,4.920,-10.645,15.565,1.335,2.399,1.064
mp-aaacdkhl,128.819,104.889,23.930,63.787,63.699,0.088
mp-aaacdkho,68.940,80.088,11.148,40.108,42.073,1.965
mp-aaacdkhy,70.073,70.889,0.816,32.936,27.186,5.750
mp-aaacdkie,191.106,225.687,34.581,58.922,44.344,14.578
mp-aaacdkif,69.957,79.084,9.127,32.871,32.900,0.029
mp-aaacdkjh,189.552,234.425,44.873,28.686,48.981,20.295
mp-aaacdkjk,41.172,38.265,2.907,18.141,19.654,1.513
mp-aaacdkjp,44.373,65.167,20.794,30.304,34.722,4.418
mp-aaacdkli,65.863,66.452,0.589,24.399,25.006,0.607
mp-aaacdklk,68.682,71.951,3.269,5.810,12.260,6.450
mp-aaacdklm,202.009,169.473,32.536,,,
mp-aaacdkly,60.626,54.572,6.054,19.562,4.158,15.404
mp-aaacdkme,167.213,167.692,0.479,89.256,98.721,9.465
mp-aaacdkmp,53.458,65.515,12.057,5.094,12.916,7.822
mp-aaacdkmt,57.128,62.156,5.028,25.804,23.388,2.416
mp-aaacdkmz,43.402,46.420,3.018,0.147,-14.157,14.304
mp-aaacdkna,40.994,28.555,12.439,-4.842,0.050,4.892
mp-aaacdknh,76.656,121.320,44.664,3.110,19.535,16.425
mp-aaacdkni,51.750,77.196,25.446,-3.783,35.804,39.587
mp-aaacdkno,90.320,61.253,29.067,17.107,22.852,5.745
mp-aaacdkou,22.639,28.080,5.441,18.474,5.757,12.717
mp-aaacdkow,46.456,42.696,3.760,79.056,33.460,45.596
mp-aaacdkpa,65.414,68.916,3.502,3.327,36.571,33.244
mp-aaacdkpe,143.059,130.591,12.468,22.521,24.413,1.892
mp-aaacdkpf,169.430,165.302,4.128,-1.135,-10.616,9.481
mp-aaacdkpl,51.616,47.788,3.828,33.455,26.924,6.531
mp-aaacdkpr,47.145,46.429,0.716,25.569,23.843,1.726
mp-aaacdkqj,93.654,78.296,15.358,66.056,51.617,14.439
mp-aaacdkqn,130.971,110.328,20.643,44.298,37.724,6.574
mp-aaacdkqs,36.572,41.349,4.777,21.112,19.131,1.981
mp-aaacdkqt,49.122,60.285,11.163,19.565,12.944,6.621
mp-aaacdkrf,51.146,48.566,2.580,17.531,17.661,0.130
mp-aaacdkri,157.415,186.674,29.259,71.534,65.118,6.416
mp-aaacdkrl,63.570,66.221,2.651,21.382,21.459,0.077
mp-aaacdkrm,47.768,45.724,2.044,27.055,19.619,7.436
mp-aaacdkro,140.931,124.073,16.858,23.914,29.969,6.055
mp-aaacdksc,112.124,73.357,38.767,27.647,32.393,4.746
mp-aaacdksm,177.355,167.835,9.520,80.165,67.770,12.395
mp-aaacdksz,210.715,194.421,16.294,32.427,48.175,15.748
mp-aaacdktb,207.427,210.505,3.078,115.236,84.665,30.571
mp-aaacdktg,41.518,34.853,6.665,5.772,22.121,16.349
mp-aaacdktw,66.319,73.720,7.401,28.195,27.872,0.323
mp-aaacdktx,48.916,54.629,5.713,16.435,15.045,1.390
mp-aaacdkug,29.761,28.044,1.717,21.039,21.588,0.549
mp-aaacdkur,90.383,85.601,4.782,34.590,41.301,6.711
mp-aaacdkut,119.616,112.363,7.253,34.793,37.125,2.332
mp-aaacdkux,174.379,162.230,12.149,20.430,44.036,23.606
mp-aaacdkva,42.273,45.242,2.969,28.439,22.698,5.741
mp-aaacdkxw,32.831,32.041,0.790,-5.240,18.228,23.468
mp-aaacdkxx,178.452,134.633,43.819,117.855,79.585,38.270
mp-aaacdkxz,130.162,157.454,27.292,51.077,34.254,16.823
mp-aaacdkyc,34.408,25.171,9.237,19.689,15.468,4.221
mp-aaacdleb,52.564,50.190,2.374,13.122,17.649,4.527
mp-aaacdlfh,62.845,58.836,4.009,30.971,32.449,1.478
mp-aaacdlfy,14.872,14.600,0.272,4.102,4.831,0.729
mp-aaacdlhj,73.474,65.963,7.511,16.667,28.623,11.956
mp-aaacdlhr,41.961,103.483,61.522,6.575,9.444,2.869
mp-aaacdlhy,41.030,47.830,6.800,25.844,24.917,0.927
mp-aaacdlib,38.234,17.508,20.726,22.519,19.857,2.662
mp-aaacdlic,331.196,309.772,21.424,,,
mp-aaacdlig,16.635,49.684,33.049,8.547,-1.199,9.746
mp-aaacdlii,23.338,8.554,14.784,10.805,-14.251,25.056
mp-aaacdlil,265.771,245.337,20.434,166.990,140.089,26.901
mp-aaacdlir,267.514,244.844,22.670,110.675,139.036,28.361
mp-aaacdlji,337.871,343.675,5.804,,,
mp-aaacdlju,252.972,224.068,28.904,132.714,100.777,31.937
mp-aaacdljw,194.991,159.277,35.714,-108.409,-165.348,56.939
mp-aaacdlkl,56.880,54.874,2.006,17.033,14.938,2.095
mp-aaacdlkt,248.019,208.994,39.025,78.168,78.962,0.794
mp-aaacdlky,0.501,51.374,50.873,0.032,4.825,4.793
mp-aaacdllj,348.896,277.904,70.992,170.331,176.052,5.721
mp-aaacdlln,244.499,201.090,43.409,26.112,29.694,3.582
mp-aaacdllo,342.858,310.218,32.640,146.125,204.819,58.694
mp-aaacdllp,259.398,212.228,47.170,53.395,62.184,8.789
mp-aaacdllt,329.122,317.645,11.477,156.327,169.946,13.619
mp-aaacdlly,261.298,208.908,52.390,-92.546,-90.904,1.642
mp-aaacdlmc,366.016,319.170,46.846,,,
mp-aaacdlmh,388.181,365.689,22.492,,,
mp-aaacdlmj,400.846,283.322,117.524,,,
mp-aaacdlmy,297.264,265.492,31.772,46.257,53.745,7.488
mp-aaacdlnb,352.990,292.967,60.023,193.100,170.631,22.469
mp-aaacdlnd,200.100,214.459,14.359,82.095,45.283,36.812
mp-aaacdlne,277.045,187.652,89.393,48.767,34.454,14.313
mp-aaacdlnk,162.958,150.808,12.150,27.220,32.656,5.436
mp-aaacdlnu,145.813,133.144,12.669,54.122,1.716,52.406
mp-aaacdlpf,206.425,118.819,87.606,-6.952,13.361,20.313
mp-aaacdlpl,40.097,43.831,3.734,22.854,21.470,1.384
mp-aaacdlpr,51.522,54.487,2.965,14.981,11.492,3.489
mp-aaacdlpv,53.007,47.976,5.031,28.981,23.381,5.600
mp-aaacdlra,7.760,-7.220,14.980,2.856,5.365,2.509
mp-aaacdlrh,185.152,126.621,58.531,76.961,106.943,29.982
mp-aaacdlrx,203.021,141.286,61.735,-9.864,51.676,61.540
mp-aaacdlrz,116.681,174.589,57.908,,,
mp-aaacdlsa,-90.510,148.931,239.441,54.174,38.917,15.257
mp-aaacdltd,81.774,95.317,13.543,,,
mp-aaacdltg,249.556,207.428,42.128,79.874,76.611,3.263
mp-aaacdlth,68.071,64.829,3.242,5.286,0.642,4.644
mp-aaacdltp,350.663,290.260,60.403,184.629,172.610,12.019
mp-aaacdltr,5.574,36.898,31.324,2.908,0.346,2.562
mp-aaacdluc,57.029,52.165,4.864,27.584,27.922,0.338
mp-aaacdluf,5.319,29.669,24.350,0.352,-2.836,3.188
mp-aaacdlug,47.164,60.277,13.113,8.871,24.473,15.602
mp-aaacdlwu,52.034,52.747,0.713,16.032,9.913,6.119
mp-aaacdlxy,9.273,1.451,7.822,4.848,5.131,0.283
mp-aaacdlya,116.027,99.003,17.024,22.598,26.237,3.639
mp-aaacdlyd,5.686,42.246,36.560,2.138,4.980,2.842
mp-aaacdlzi,5.403,30.289,24.886,1.895,6.594,4.699
mp-aaacdlzq,62.880,60.726,2.154,18.307,12.486,5.821
mp-aaacdlzx,7.046,28.058,21.012,0.432,10.642,10.210
mp-aaacdmah,3.974,-31.146,35.120,1.448,3.535,2.087
mp-aaacdmas,3.293,34.812,31.519,2.700,4.527,1.827
mp-aaacdmbj,21.468,11.387,10.081,6.489,6.174,0.315
mp-aaacdmbo,6.311,23.767,17.456,0.480,10.108,9.628
mp-aaacdmby,119.312,105.704,13.608,51.104,69.555,18.451
mp-aaacdmbz,6.657,25.583,18.926,2.648,6.755,4.107
mp-aaacdmcv,38.765,-4.871,43.636,21.650,13.255,8.395
mp-aaacdmcw,3.340,-33.075,36.415,1.364,1.953,0.589
mp-aaacdmdn,3.363,8.732,5.369,1.150,-0.155,1.305
mp-aaacdmfl,5.203,39.564,34.361,1.881,4.179,2.298
mp-aaacdmfq,3.531,39.607,36.076,1.539,-3.546,5.085
mp-aaacdmfv,182.079,155.485,26.594,71.432,65.060,6.372
mp-aaacdmga,4.908,-54.123,59.031,2.719,3.564,0.845
mp-aaacdmgb,12.992,2.175,10.817,4.304,9.194,4.890
mp-aaacdmgc,3.577,24.708,21.131,1.129,2.222,1.093
mp-aaacdmgz,109.761,101.116,8.645,49.601,36.821,12.780
mp-aaacdmhi,5.083,-36.606,41.689,0.931,5.230,4.299
mp-aaacdmhq,3.088,11.121,8.033,0.512,3.125,2.613
mp-aaacdmjc,3.570,13.019,9.449,0.915,2.532,1.617
mp-aaacdmjr,4.327,-10.675,15.002,1.545,-1.221,2.766
mp-aaacdmjs,162.926,157.552,5.374,68.685,75.819,7.134
mp-aaacdmjx,57.477,49.144,8.333,18.171,17.644,0.527
mp-aaacdmjy,9.437,37.324,27.887,0.168,7.604,7.436
mp-aaacdmkb,3.694,0.451,3.243,-0.172,3.238,3.410
mp-aaacdmkd,5.073,13.824,8.751,8.733,4.817,3.916
mp-aaacdmkn,365.253,363.532,1.721,182.644,185.276,2.632
mp-aaacdmmc,57.614,55.353,2.261,35.292,26.906,8.386
mp-aaacdmou,10.354,4.079,6.275,4.825,4.407,0.418
mp-aaacdmpi,122.161,52.527,69.634,88.194,59.094,29.100
mp-aaacdmpq,16.913,8.406,8.507,0.775,15.789,15.014
mp-aaacdmpy,117.294,61.995,55.299,105.897,59.464,46.433
mp-aaacdmqa,155.247,137.465,17.782,85.574,60.680,24.894
mp-aaacdmqi,195.873,135.997,59.876,126.820,79.723,47.097
mp-aaacdmqo,8.532,-2.039,10.571,4.504,5.005,0.501
mp-aaacdmrt,20.132,24.114,3.982,7.573,5.512,2.061
mp-aaacdmrv,95.483,76.578,18.905,47.559,47.518,0.041
mp-aaacdmsp,17.884,3.315,14.569,10.261,6.534,3.727
mp-aaacdmsy,141.653,135.116,6.537,78.796,50.336,28.460
mp-aaacdmtc,133.382,69.623,63.759,69.830,54.831,14.999
mp-aaacdmtk,66.130,58.244,7.886,7.311,15.596,8.285
mp-aaacdmtn,74.482,54.483,19.999,11.050,42.616,31.566
mp-aaacdmua,20.725,7.393,13.332,3.405,0.856,2.549
mp-aaacdmuj,40.544,79.290,38.746,1.582,33.080,31.498
mp-aaacdmvj,149.618,141.430,8.188,70.624,31.429,39.195
mp-aaacdmvv,39.583,89.017,49.434,24.942,20.532,4.410
mp-aaacdmwa,84.711,91.643,6.932,31.992,36.601,4.609
mp-aaacdmwe,20.611,2.325,18.286,9.154,12.257,3.103
mp-aaacdmwq,38.168,63.493,25.326,-2.853,10.425,13.278
mp-aaacdmws,40.141,19.743,20.398,9.212,10.289,1.077
mp-aaacdmwt,11.416,27.733,16.317,5.159,3.677,1.482
mp-aaacdmwv,123.719,137.124,13.405,-60.784,-94.486,33.702
mp-aaacdmxa,11.666,17.970,6.304,5.689,5.344,0.345
mp-aaacdmxe,84.653,132.577,47.924,13.871,-11.710,25.581
mp-aaacdmxo,11.180,27.887,16.707,5.022,3.609,1.413
mp-aaacdmyh,172.329,169.398,2.931,86.583,86.667,0.084
mp-aaacdmyj,102.651,116.484,13.833,101.456,35.581,65.875
mp-aaacdmyl,112.414,131.453,19.039,41.005,43.863,2.858
mp-aaacdmyx,179.718,130.428,49.290,51.052,49.517,1.535
mp-aaacdmzb,160.872,159.220,1.652,55.989,66.722,10.733
mp-aaacdmzv,61.109,24.293,36.816,33.337,17.782,15.555
mp-aaacdnbr,44.916,79.497,34.581,8.082,16.903,8.821
mp-aaacdnbs,53.357,66.222,12.865,12.164,14.020,1.856
mp-aaacdnbv,40.599,47.007,6.408,23.058,19.492,3.566
mp-aaacdnby,55.675,64.945,9.270,20.488,15.064,5.424
mp-aaacdncb,139.787,155.842,16.055,-14.438,31.180,45.618
mp-aaacdncc,52.906,61.668,8.762,17.653,10.801,6.852
mp-aaacdnck,10.655,17.856,7.201,-1.937,13.238,15.175
mp-aaacdneg,36.577,32.643,3.934,-26.630,20.240,46.870
mp-aaacdneq,259.080,141.507,117.573,21.626,38.967,17.341
mp-aaacdnfk,56.120,74.727,18.607,17.316,24.539,7.223
mp-aaacdnfl,29.094,36.287,7.193,2.173,14.266,12.093
mp-aaacdnfn,65.787,80.731,14.944,-22.901,-22.730,0.171
mp-aaacdngo,43.976,60.293,16.317,24.977,19.411,5.566
mp-aaacdngp,34.921,28.095,6.826,19.500,16.929,2.571
mp-aaacdngq,79.671,60.799,18.872,48.022,32.185,15.837
mp-aaacdngw,61.109,73.996,12.887,17.240,23.725,6.485
mp-aaacdngz,36.414,23.238,13.176,-6.950,20.299,27.249
mp-aaacdnha,52.434,46.739,5.695,21.090,19.576,1.514
mp-aaacdnhb,40.703,33.956,6.747,24.774,22.920,1.854
mp-aaacdnhc,54.837,42.466,12.371,25.001,20.932,4.069
mp-aaacdnhg,62.475,96.514,34.039,28.516,36.849,8.333
mp-aaacdnhi,39.752,29.316,10.436,23.682,24.861,1.179
mp-aaacdnho,69.174,71.859,2.685,22.539,10.925,11.614
mp-aaacdnlp,55.032,51.773,3.259,27.633,22.189,5.444
mp-aaacdnmi,54.491,51.711,2.780,17.233,16.841,0.392
mp-aaacdnmn,51.881,52.988,1.107,16.163,10.533,5.630
mp-aaacdnmo,26.474,53.700,27.226,14.376,36.240,21.864
mp-aaacdnmr,35.965,27.650,8.315,21.072,19.518,1.554
mp-aaacdnmv,61.809,57.756,4.053,18.365,13.633,4.732
mp-aaacdnni,201.133,196.888,4.245,,,
mp-aaacdnnq,51.524,47.375,4.149,27.862,22.499,5.363
mp-aaacdnoc,295.760,275.069,20.691,165.564,174.407,8.843
mp-aaacdnoq,37.416,41.571,4.155,22.948,21.706,1.242
mp-aaacdnpk,26.875,34.834,7.959,18.203,22.452,4.249
mp-aaacdnpw,38.321,40.525,2.204,23.158,23.096,0.062
mp-aaacdnpy,31.489,45.230,13.741,12.521,18.076,5.555
mp-aaacdnpz,55.153,47.704,7.449,18.684,17.388,1.296
mp-aaacdnqm,50.892,55.494,4.602,16.497,12.722,3.775
mp-aaacdnqu,22.645,24.872,2.227,8.360,15.686,7.326
mp-aaacdnqv,178.725,145.609,33.116,20.220,23.305,3.085
mp-aaacdnqw,62.466,81.239,18.773,39.623,35.391,4.232
mp-aaacdnqz,102.226,108.383,6.157,31.714,20.973,10.741
mp-aaacdnrc,203.988,199.438,4.550,63.201,80.222,17.021
mp-aaacdnrd,187.182,129.294,57.888,34.435,42.734,8.299
mp-aaacdnrk,51.835,55.317,3.482,17.144,13.676,3.468
mp-aaacdnrw,55.104,63.578,8.474,20.724,13.755,6.969
mp-aaacdnrx,55.325,54.964,0.361,21.051,16.090,4.961
mp-aaacdntk,41.510,45.196,3.686,23.460,21.145,2.315
mp-aaacdnuc,49.933,116.272,66.339,13.061,50.183,37.122
mp-aaacdnug,21.316,2.732,18.584,6.803,10.431,3.628
mp-aaacdnuj,22.028,33.304,11.276,13.808,13.796,0.012
mp-aaacdnuu,40.406,43.355,2.949,22.702,20.340,2.362
mp-aaacdnuw,22.421,19.138,3.283,6.546,25.330,18.784
mp-aaacdnvd,-83.570,72.855,156.425,14.761,18.014,3.253
mp-aaacdnvj,23.233,39.961,16.728,19.231,22.130,2.899
mp-aaacdnvq,39.674,43.108,3.434,23.120,22.068,1.052
mp-aaacdnwh,25.641,31.429,5.788,15.939,20.868,4.929
mp-aaacdnwp,24.671,24.971,0.300,16.433,16.698,0.265
mp-aaacdnwu,54.763,100.939,46.176,33.718,21.030,12.688
mp-aaacdnwv,69.290,68.950,0.340,22.594,11.644,10.950
mp-aaacdnxj,14.299,6.900,7.399,7.417,19.031,11.614
mp-aaacdnxk,33.683,36.696,3.013,15.328,20.850,5.522
mp-aaacdnxq,240.290,170.117,70.173,114.133,102.659,11.474
mp-aaacdnyo,104.481,94.959,9.522,55.501,40.092,15.409
mp-aaacdnyt,60.190,64.243,4.053,-26.787,-20.973,5.814
mp-aaacdnyv,80.791,73.898,6.893,7.408,16.388,8.980
mp-aaacdnyw,30.724,40.056,9.332,12.342,19.553,7.211
mp-aaacdnze,60.054,68.354,8.300,-26.773,13.503,40.276
mp-aaacdnzh,75.216,65.846,9.370,152.053,24.767,127.286
mp-aaacdnzl,55.889,50.852,5.037,27.557,29.857,2.300
mp-aaacdnzp,126.053,106.851,19.202,121.985,91.845,30.140
mp-aaacdnzu,38.535,26.967,11.568,23.324,22.308,1.016
mp-aaacdnzv,19.333,26.755,7.422,11.268,3.865,7.403
mp-aaacdnzy,54.819,56.003,1.184,16.048,11.946,4.102
mp-aaacdoag,48.882,55.644,6.762,25.378,34.599,9.221
mp-aaacdoah,39.817,43.085,3.268,23.028,22.194,0.834
mp-aaacdoap,54.562,53.283,1.279,20.646,16.935,3.711
mp-aaacdobl,19.495,29.237,9.742,11.449,9.348,2.101
mp-aaacdobp,109.135,97.399,11.736,30.372,18.808,11.564
mp-aaacdocy,24.122,34.496,10.374,8.211,8.339,0.128
mp-aaacdodo,24.373,20.191,4.182,11.459,7.999,3.460
mp-aaacdoeg,18.827,26.407,7.580,4.952,2.484,2.468
mp-aaacdoei,18.913,23.650,4.737,4.316,8.998,4.682
mp-aaacdoel,103.934,102.087,1.847,38.993,48.269,9.276
mp-aaacdoem,64.880,51.882,12.998,35.495,34.301,1.194
mp-aaacdoen,24.704,5.385,19.319,15.823,9.678,6.145
mp-aaacdoeo,25.743,31.842,6.099,18.660,14.553,4.107
mp-aaacdoep,31.347,43.863,12.516,26.561,20.647,5.914
mp-aaacdoeq,20.824,18.041,2.783,1.220,11.925,10.705
mp-aaacdoer,187.278,170.917,16.361,51.580,65.766,14.186
mp-aaacdoex,83.985,65.518,18.467,38.463,38.753,0.290
mp-aaacdoey,15.360,-15.442,30.802,-6.125,1.657,7.782
mp-aaacdoez,133.921,111.257,22.664,84.987,94.279,9.292
mp-aaacdofg,19.461,34.358,14.897,8.428,6.744,1.684
mp-aaacdofp,49.057,50.463,1.406,7.419,9.839,2.420
mp-aaacdofr,24.716,52.525,27.809,16.290,25.342,9.052
mp-aaacdofs,33.222,11.147,22.075,11.216,16.653,5.437
mp-aaacdogt,31.547,12.136,19.411,5.748,28.206,22.458
mp-aaacdogv,20.736,19.394,1.342,1.260,10.928,9.668
mp-aaacdohe,131.667,96.849,34.818,40.126,21.964,18.162
mp-aaacdohh,33.082,22.749,10.333,14.653,16.945,2.292
mp-aaacdohi,34.091,48.610,14.519,18.070,6.209,11.861
mp-aaacdohp,54.104,55.179,1.075,21.056,17.128,3.928
mp-aaacdohr,92.604,90.753,1.851,26.844,27.015,0.171
mp-aaacdohs,54.936,48.572,6.364,26.014,26.006,0.008
mp-aaacdoie,44.174,51.291,7.117,24.132,16.972,7.160
mp-aaacdokb,33.418,37.801,4.383,18.579,8.194,10.385
mp-aaacdokc,140.637,132.252,8.385,,,
mp-aaacdokd,16.677,1.085,15.592,8.239,16.900,8.661
mp-aaacdoke,25.865,37.586,11.721,12.498,20.582,8.084
mp-aaacdokh,13.866,18.209,4.343,6.849,0.434,6.415
mp-aaacdoki,23.550,34.730,11.180,5.488,20.652,15.164
mp-aaacdokk,23.562,36.153,12.591,63.284,28.374,34.910
mp-aaacdokp,102.841,114.984,12.143,29.873,35.257,5.384
mp-aaacdoks,114.527,127.354,12.827,16.594,9.675,6.919
mp-aaacdokt,44.412,61.275,16.863,-1.776,8.760,10.536
mp-aaacdoku,30.515,18.694,11.821,10.268,16.367,6.099
mp-aaacdokv,36.226,46.800,10.574,18.853,17.575,1.278
mp-aaacdokw,54.534,50.099,4.435,16.026,14.835,1.191
mp-aaacdorc,52.284,52.829,0.545,33.704,33.774,0.070
mp-aaacdork,56.068,64.035,7.967,37.550,29.376,8.174
mp-aaacdorm,142.948,124.968,17.980,57.973,32.733,25.240
mp-aaacdoro,127.886,96.900,30.986,38.137,39.927,1.790
mp-aaacdowj,122.505,100.522,21.983,10.695,29.975,19.280
mp-aaacdowl,114.926,101.625,13.301,23.371,29.958,6.587
mp-aaacdoxc,50.836,40.770,10.066,28.817,19.544,9.273
mp-aaacdoxj,41.816,38.142,3.674,20.853,15.858,4.995
mp-aaacdoya,27.664,17.830,9.834,5.894,15.443,9.549
mp-aaacdoye,127.322,109.011,18.311,28.170,20.312,7.858
mp-aaacdoyg,86.001,96.393,10.392,21.624,-49.835,71.459
mp-aaacdoyh,67.537,63.952,3.585,10.716,54.718,44.002
mp-aaacdoyq,144.369,138.079,6.290,20.114,27.843,7.729
mp-aaacdoyz,54.254,43.965,10.289,36.081,31.203,4.878
mp-aaacdozf,136.809,125.154,11.655,40.924,38.011,2.913
mp-aaacdozm,131.736,138.292,6.556,26.657,28.462,1.805
mp-aaacdozy,173.428,161.801,11.627,60.990,70.429,9.439
mp-aaacdpas,173.553,161.522,12.031,46.299,66.995,20.696
mp-aaacdpax,20.847,28.061,7.214,15.238,10.605,4.633
mp-aaacdpbb,164.639,141.927,22.712,57.890,69.663,11.773
mp-aaacdpbk,24.546,17.579,6.967,8.351,15.634,7.283
mp-aaacdpbr,33.868,29.423,4.445,20.509,11.847,8.662
mp-aaacdpby,96.010,122.732,26.722,36.546,46.431,9.885
mp-aaacdpcm,88.095,72.125,15.970,11.465,13.714,2.249
mp-aaacdpcv,161.359,141.283,20.076,56.636,69.960,13.324
mp-aaacdpdz,211.053,133.611,77.442,96.474,87.042,9.432
mp-aaacdpet,236.918,153.461,83.457,94.173,18.417,75.756
mp-aaacdpfs,104.533,88.739,15.794,38.431,45.477,7.046
mp-aaacdpfv,97.437,109.395,11.958,36.663,32.311,4.352
mp-aaacdpga,140.811,133.631,7.180,37.371,42.786,5.415
mp-aaacdpgg,21.725,28.438,6.713,-1.706,9.567,11.273
mp-aaacdphj,9.507,-12.608,22.115,5.147,13.851,8.704
mp-aaacdphk,13.813,2.619,11.194,5.918,5.580,0.338
mp-aaacdphl,10.549,-12.007,22.556,4.636,10.433,5.797
mp-aaacdpjd,99.455,95.648,3.807,30.199,29.772,0.427
mp-aaacdpjf,140.050,133.670,6.380,44.646,42.833,1.813
mp-aaacdpji,9.908,-6.978,16.886,2.301,4.829,2.528
mp-aaacdple,80.165,89.828,9.663,24.056,23.340,0.716
mp-aaacdplh,113.186,94.046,19.140,-5.241,11.028,16.269
mp-aaacdpll,137.484,50.311,87.173,78.761,52.550,26.211
mp-aaacdplr,138.443,119.928,18.515,68.649,74.494,5.845
mp-aaacdplu,26.620,34.593,7.973,7.681,19.178,11.497
mp-aaacdplw,172.715,200.229,27.514,41.644,48.606,6.962
mp-aaacdpmg,186.780,133.391,53.389,62.388,42.321,20.067
mp-aaacdpmi,132.843,132.460,0.383,16.731,33.596,16.865
mp-aaacdpml,101.916,136.852,34.936,33.847,-2.990,36.837
mp-aaacdpnh,39.728,77.837,38.109,-4.580,6.880,11.460
mp-aaacdpns,190.453,124.482,65.971,92.535,76.976,15.559
mp-aaacdpnx,165.314,148.576,16.738,14.462,38.279,23.817
mp-aaacdpny,116.717,120.965,4.248,176.789,86.901,89.888
mp-aaacdpod,40.649,45.340,4.691,16.716,17.945,1.229
mp-aaacdpof,19.110,20.864,1.754,9.212,8.466,0.746
mp-aaacdpoq,22.193,19.330,2.863,4.584,8.177,3.593
mp-aaacdpox,20.429,27.302,6.873,3.332,7.515,4.183
mp-aaacdppi,21.078,28.378,7.300,7.239,6.556,0.683
mp-aaacdppo,75.341,58.322,17.019,20.306,8.486,11.820
mp-aaacdppu,37.523,53.665,16.142,15.880,17.836,1.956
mp-aaacdpqd,26.408,12.366,14.042,5.399,13.659,8.260
mp-aaacdprc,36.536,52.706,16.170,16.610,17.267,0.657
mp-aaacdprl,198.411,192.638,5.773,87.191,109.655,22.464
mp-aaacdprv,261.655,165.722,95.933,99.376,92.770,6.606
mp-aaacdpry,21.078,21.140,0.062,0.826,14.288,13.462
mp-aaacdpsw,183.641,146.540,37.101,15.146,28.393,13.247
mp-aaacdpum,67.816,68.604,0.788,23.653,20.658,2.995
mp-aaacdpun,256.583,201.660,54.923,110.354,103.531,6.823
mp-aaacdpuo,210.790,254.857,44.067,91.004,87.515,3.489
mp-aaacdpuq,216.901,237.850,20.949,92.854,73.427,19.427
mp-aaacdpus,101.795,141.122,39.327,33.565,33.664,0.099
mp-aaacdpuw,177.634,176.989,0.645,83.130,63.003,20.127
mp-aaacdpux,242.630,204.632,37.998,102.984,102.988,0.004
mp-aaacdpvb,144.382,127.729,16.653,59.398,56.658,2.740
mp-aaacdpvd,62.805,46.704,16.101,26.252,22.978,3.274
mp-aaacdpvg,58.633,53.175,5.458,19.612,17.875,1.737
mp-aaacdpvi,84.798,83.997,0.801,0.971,7.518,6.547
mp-aaacdpvj,3.636,51.016,47.380,2.449,2.989,0.540
mp-aaacdpvk,87.541,77.548,9.993,21.331,16.361,4.970
mp-aaacdpvo,57.675,60.816,3.141,25.898,22.125,3.773
mp-aaacdpvq,227.823,195.823,32.000,82.513,90.836,8.323
mp-aaacdpvr,142.517,118.820,23.697,-0.632,12.995,13.627
mp-aaacdpvs,204.490,202.031,2.459,66.124,84.212,18.088
mp-aaacdpvt,95.250,103.743,8.493,58.630,39.900,18.730
mp-aaacdpvy,225.210,199.076,26.134,86.954,87.923,0.969
mp-aaacdpvz,73.027,57.367,15.660,30.528,21.989,8.539
mp-aaacdpwa,53.469,47.750,5.719,28.170,21.879,6.291
mp-aaacdpwe,113.246,108.110,5.136,45.839,38.984,6.855
mp-aaacdpwg,71.476,68.903,2.573,11.975,14.688,2.713
mp-aaacdpwh,84.673,84.390,0.283,40.498,28.027,12.471
mp-aaacdpwj,233.221,209.986,23.235,106.447,91.843,14.604
mp-aaacdpwl,12.052,12.803,0.751,5.181,13.003,7.822
mp-aaacdpwm,83.856,100.481,16.625,20.958,19.934,1.024
mp-aaacdpwp,197.440,163.578,33.862,92.430,72.614,19.816
mp-aaacdpwq,176.002,99.162,76.840,93.616,84.611,9.005
mp-aaacdpwx,89.835,81.103,8.732,22.834,17.831,5.003
mp-aaacdpwy,103.391,141.921,38.530,34.938,33.989,0.949
mp-aaacdpxa,68.967,72.606,3.639,18.185,10.631,7.554
mp-aaacdpxd,132.553,113.521,19.032,44.279,48.009,3.730
mp-aaacdpxh,243.884,207.723,36.161,104.198,98.393,5.805
mp-aaacdpxj,174.554,163.356,11.198,67.060,39.116,27.944
mp-aaacdpxk,68.224,85.779,17.555,42.706,40.900,1.806
mp-aaacdpxm,188.842,176.711,12.131,81.355,67.675,13.680
mp-aaacdpxq,208.891,177.823,31.068,88.985,86.319,2.666
mp-aaacdpxr,179.070,140.022,39.048,,,
mp-aaacdpxs,188.517,181.896,6.621,75.849,86.098,10.249
mp-aaacdpxu,136.968,115.179,21.789,68.715,39.181,29.534
mp-aaacdpxv,35.630,55.008,19.378,16.368,28.759,12.391
mp-aaacdpxw,148.971,138.118,10.853,47.643,56.782,9.139
mp-aaacdpxy,37.583,50.798,13.215,26.477,27.380,0.903
mp-aaacdpxz,205.066,200.322,4.744,90.314,84.469,5.845
mp-aaacdpya,121.198,88.686,32.512,16.372,16.177,0.195
mp-aaacdpyb,80.699,95.288,14.589,26.458,25.268,1.190
mp-aaacdpyl,140.937,103.689,37.248,44.187,27.165,17.022
mp-aaacdpys,121.203,90.794,30.409,33.045,24.617,8.428
mp-aaacdpyt,136.680,132.517,4.163,56.653,54.306,2.347
mp-aaacdqbm,203.512,172.380,31.132,77.459,76.097,1.362
mp-aaacdqbp,161.156,130.658,30.498,52.302,23.184,29.118
mp-aaacdqbt,206.099,185.741,20.358,92.747,98.191,5.444
mp-aaacdqbu,42.072,37.581,4.491,17.115,14.384,2.731
mp-aaacdqbx,238.342,181.349,56.993,113.467,108.088,5.379
mp-aaacdqby,56.628,50.091,6.537,28.549,20.460,8.089
mp-aaacdqbz,140.599,140.573,0.026,62.854,42.633,20.221
mp-aaacdqcb,196.255,176.301,19.954,91.155,80.127,11.028
mp-aaacdqcc,188.108,185.402,2.706,91.242,91.683,0.441
mp-aaacdqce,175.350,119.376,55.974,-87.597,-84.259,3.338
mp-aaacdqcf,63.365,81.995,18.630,20.657,12.386,8.271
mp-aaacdqcg,72.567,79.593,7.026,28.927,25.888,3.039
mp-aaacdqch,175.381,147.242,28.139,-12.875,10.472,23.347
mp-aaacdqcl,73.819,81.538,7.719,55.444,41.423,14.021
mp-aaacdqcn,222.448,204.921,17.527,100.908,89.878,11.030
mp-aaacdqco,79.109,69.367,9.742,0.078,20.784,20.706
mp-aaacdqcp,209.556,195.210,14.346,85.649,93.305,7.656
mp-aaacdqcr,78.758,67.822,10.936,9.338,15.524,6.186
mp-aaacdqcs,101.961,104.059,2.098,30.299,25.900,4.399
mp-aaacdqcu,142.057,118.381,23.676,14.390,28.416,14.026
mp-aaacdqcw,70.817,50.371,20.446,28.583,22.207,6.376
mp-aaacdqcx,130.825,110.070,20.755,-19.141,19.674,38.815
mp-aaacdqcy,175.266,143.628,31.638,73.696,65.107,8.589
mp-aaacdqcz,141.255,157.315,16.060,84.832,72.789,12.043
mp-aaacdqde,159.375,126.619,32.756,52.852,46.215,6.637
mp-aaacdqdg,64.520,73.085,8.565,43.212,25.479,17.733
mp-aaacdqdi,172.759,141.143,31.616,59.624,44.986,14.638
mp-aaacdqdj,183.332,234.573,51.241,197.522,124.581,72.941
mp-aaacdqdl,96.017,88.623,7.394,46.953,39.692,7.261
mp-aaacdqdp,60.245,53.793,6.452,24.389,22.549,1.840
mp-aaacdqth,217.767,198.682,19.085,57.605,80.843,23.238
mp-aaacdqtt,188.781,163.703,25.078,64.102,56.180,7.922
mp-aaacdqus,5.436,29.446,24.010,1.738,3.320,1.582
mp-aaacdqwp,52.345,51.270,1.075,20.487,17.820,2.667
mp-aaacdqwr,52.072,61.328,9.256,15.917,11.620,4.297
mp-aaacdqwu,41.583,66.845,25.262,26.103,27.767,1.664
mp-aaacdqwv,89.437,77.397,12.040,21.893,26.982,5.089
mp-aaacdqxb,50.071,53.494,3.423,18.011,26.543,8.532
mp-aaacdqxg,51.212,60.229,9.017,15.684,12.786,2.898
mp-aaacdrdg,35.144,40.021,4.877,4.935,10.979,6.044
mp-aaacdrdl,172.297,141.690,30.607,95.017,105.344,10.327
mp-aaacdrdo,151.681,152.271,0.590,34.379,41.649,7.270
mp-aaacdrdp,72.280,84.892,12.612,25.948,5.114,20.834
mp-aaacdrdr,84.270,86.677,2.407,29.257,16.180,13.077
mp-aaacdrds,50.041,80.000,29.959,4.313,7.779,3.466
mp-aaacdrdu,80.271,91.400,11.129,37.943,30.375,7.568
mp-aaacdrdv,44.909,55.365,10.456,-0.105,0.623,0.728
mp-aaacdrdw,26.088,31.352,5.264,11.401,9.755,1.646
mp-aaacdrdx,37.897,48.460,10.563,13.932,16.325,2.393
mp-aaacdrdy,42.072,53.685,11.613,13.131,13.714,0.583
mp-aaacdrdz,183.359,216.058,32.699,183.073,158.341,24.732
mp-aaacdrea,59.866,63.160,3.294,25.887,14.445,11.442
mp-aaacdreb,44.069,47.922,3.853,22.719,18.592,4.127
mp-aaacdrec,11.036,98.961,87.925,6.038,3.250,2.788
mp-aaacdree,40.626,51.478,10.852,19.659,11.731,7.928
mp-aaacdref,41.632,52.529,10.897,12.543,11.717,0.826
mp-aaacdreg,40.931,47.730,6.799,13.677,13.355,0.322
mp-aaacdreh,38.832,32.787,6.045,20.553,14.956,5.597
mp-aaacdrej,46.208,52.546,6.338,28.117,22.349,5.768
mp-aaacdrek,44.054,45.813,1.759,20.217,18.139,2.078
mp-aaacdrel,72.683,76.068,3.385,52.210,36.406,15.804
mp-aaacdreo,85.241,92.383,7.142,31.040,30.722,0.318
mp-aaacdrep,48.729,48.562,0.167,32.735,26.872,5.863
mp-aaacdrer,36.348,37.602,1.254,18.965,17.870,1.095
mp-aaacdres,41.535,43.020,1.485,20.038,12.257,7.781
mp-aaacdrfb,80.582,79.530,1.052,30.250,23.275,6.975
mp-aaacdrfc,69.102,80.660,11.558,42.454,31.908,10.546
mp-aaacdrmf,199.931,156.594,43.337,116.389,119.824,3.435
mp-aaacdrmg,232.071,164.738,67.333,87.065,57.340,29.725
mp-aaacdrmj,203.420,138.960,64.460,116.859,122.770,5.911
mp-aaacdrml,125.931,135.229,9.298,,,
mp-aaacdrmm,129.631,210.268,80.637,90.777,123.987,33.210
mp-aaacdrmn,99.012,104.485,5.473,-30.690,-3.124,27.566
mp-aaacdrmo,64.254,75.442,11.188,43.099,29.292,13.807
mp-aaacdrmp,71.607,79.461,7.854,-4.995,14.992,19.987
mp-aaacdrmq,264.313,211.280,53.033,95.512,110.317,14.805
mp-aaacdrmr,70.402,65.710,4.692,-23.964,-12.071,11.893
mp-aaacdrms,77.887,70.032,7.855,17.374,19.164,1.790
mp-aaacdrmu,182.901,189.616,6.715,103.136,57.903,45.233
mp-aaacdrmx,52.790,50.934,1.856,34.028,34.967,0.939
mp-aaacdrmz,153.635,152.207,1.428,36.773,67.784,31.011
mp-aaacdrnd,40.708,42.080,1.372,21.424,23.800,2.376
mp-aaacdrne,41.344,45.350,4.006,25.230,29.774,4.544
mp-aaacdrnf,61.458,60.788,0.670,35.850,27.430,8.420
mp-aaacdrni,122.702,127.344,4.642,-11.306,31.563,42.869
mp-aaacdrnj,56.287,50.865,5.422,28.563,29.631,1.068
mp-aaacdrnn,81.396,84.914,3.518,42.953,39.363,3.590
mp-aaacdrno,84.687,92.572,7.885,20.540,21.854,1.314
mp-aaacdrnp,122.507,120.480,2.027,22.707,99.784,77.077
mp-aaacdrnr,54.144,50.631,3.513,16.825,13.395,3.430
mp-aaacdrnt,63.549,47.975,15.574,22.229,18.964,3.265
mp-aaacdrnx,44.605,55.254,10.649,-4.613,4.452,9.065
mp-aaacdrny,73.122,73.975,0.853,55.607,49.095,6.512
mp-aaacdrob,57.325,52.405,4.920,27.180,30.159,2.979
mp-aaacdrog,55.814,52.356,3.458,20.911,19.238,1.673
mp-aaacdroh,52.760,52.003,0.757,14.781,13.712,1.069
mp-aaacdroj,59.622,55.393,4.229,18.699,20.730,2.031
mp-aaacdrok,66.598,73.439,6.841,39.340,32.692,6.648
mp-aaacdrol,56.065,64.907,8.842,20.047,19.555,0.492
mp-aaacdron,59.305,62.647,3.342,29.737,25.360,4.377
mp-aaacdroq,238.173,207.080,31.093,104.483,90.303,14.180
mp-aaacdros,218.927,162.872,56.055,75.823,65.323,10.500
mp-aaacdrot,83.241,90.883,7.642,23.106,25.567,2.461
mp-aaacdrov,61.688,45.388,16.300,18.658,20.812,2.154
mp-aaacdrpb,56.394,52.263,4.131,21.466,18.934,2.532
mp-aaacdrpc,53.460,51.380,2.080,17.948,12.375,5.573
mp-aaacdrpg,193.812,168.812,25.000,94.134,90.765,3.369
mp-aaacdrqi,134.376,133.253,1.123,53.305,20.366,32.939
mp-aaacdrrk,75.698,83.288,7.590,18.839,26.189,7.350
mp-aaacdrrl,46.667,44.786,1.881,21.479,18.291,3.188
mp-aaacdrya,56.106,51.107,4.999,22.203,17.809,4.394
mp-aaacdryb,47.667,72.964,25.297,28.350,30.129,1.779
mp-aaacdryc,32.856,28.512,4.344,7.791,13.614,5.823
mp-aaacdryl,57.031,48.563,8.468,20.780,15.944,4.836
mp-aaacdrym,58.628,49.224,9.404,30.881,30.383,0.498
mp-aaacdryt,55.425,47.078,8.347,22.421,19.959,2.462
mp-aaacdrzb,39.020,4.029,34.991,22.803,14.860,7.943
mp-aaacdrzc,93.022,79.551,13.471,29.788,22.587,7.201
mp-aaacdrzk,47.590,60.986,13.396,3.231,20.504,17.273
mp-aaacdrzl,55.990,56.663,0.673,22.726,16.923,5.803
mp-aaacdrzy,20.719,-2.426,23.145,6.919,4.521,2.398
mp-aaacdsad,144.779,90.585,54.194,86.516,64.427,22.089
mp-aaacdsaf,90.062,135.295,45.233,63.466,56.950,6.516
mp-aaacdsah,44.748,52.230,7.482,-14.543,-28.609,14.066
mp-aaacdsai,45.849,53.408,7.559,29.168,24.407,4.761
mp-aaacdsbh,67.234,78.655,11.421,-32.013,-19.701,12.312
mp-aaacdsbl,49.767,19.251,30.516,,,
mp-aaacdsch,68.020,67.218,0.802,20.090,19.633,0.457
mp-aaacdscl,64.962,39.331,25.631,27.122,18.152,8.970
mp-aaacdscr,53.468,57.023,3.555,-22.886,-17.974,4.912
mp-aaacdscs,59.661,69.869,10.208,32.407,30.345,2.062
mp-aaacdsda,145.680,162.668,16.988,69.014,44.976,24.038
mp-aaacdsdd,34.157,31.013,3.144,22.956,16.884,6.072
mp-aaacdsdy,55.434,48.313,7.121,26.257,23.949,2.308
mp-aaacdsea,146.405,80.623,65.782,80.046,90.067,10.021
mp-aaacdseb,33.088,37.840,4.752,16.505,17.537,1.032
mp-aaacdsem,52.800,57.562,4.762,28.975,16.242,12.733
mp-aaacdser,86.313,97.883,11.570,9.318,0.219,9.099
mp-aaacdsev,56.780,45.203,11.577,20.460,22.139,1.679
mp-aaacdsex,54.245,48.868,5.377,16.993,16.796,0.197
mp-aaacdsey,131.544,128.604,2.940,38.650,49.030,10.380
mp-aaacdsfi,76.495,81.657,5.162,31.552,33.602,2.050
mp-aaacdsfj,70.823,66.934,3.889,26.340,43.723,17.383
mp-aaacdsfk,68.080,44.346,23.734,27.068,21.401,5.667
mp-aaacdsfp,58.463,59.509,1.046,21.612,25.225,3.613
mp-aaacdsfr,135.403,110.512,24.891,49.453,52.416,2.963
mp-aaacdsgf,62.166,69.737,7.571,29.253,18.076,11.177
mp-aaacdsgh,67.086,64.466,2.620,40.177,29.074,11.103
mp-aaacdsgj,65.983,78.092,12.109,17.126,30.717,13.591
mp-aaacdsgk,20.330,50.918,30.588,12.317,13.388,1.071
mp-aaacdsgw,41.991,45.741,3.750,26.898,28.144,1.246
mp-aaacdshi,27.429,62.693,35.264,,,
mp-aaacdshj,72.964,94.203,21.239,15.655,-8.659,24.314
mp-aaacdsho,86.553,69.536,17.017,40.594,31.941,8.653
mp-aaacdsib,57.911,57.928,0.017,22.245,22.195,0.050
mp-aaacdsir,46.104,46.655,0.551,24.536,25.923,1.387
mp-aaacdsis,158.954,202.139,43.185,14.701,24.504,9.803
mp-aaacdskh,115.120,113.751,1.369,38.471,37.982,0.489
mp-aaacdsmq,71.509,57.065,14.444,28.734,28.609,0.125
mp-aaacdsow,35.996,30.027,5.969,20.299,13.681,6.618
mp-aaacdspu,65.115,53.961,11.154,28.297,19.849,8.448
mp-aaacdspz,46.981,34.363,12.618,20.296,32.009,11.713
mp-aaacdsqb,237.169,287.636,50.467,61.097,100.296,39.199
mp-aaacdsqd,231.554,201.327,30.227,107.068,95.192,11.876
mp-aaacdsqf,27.400,47.302,19.902,6.460,15.306,8.846
mp-aaacdsqg,96.964,115.629,18.665,31.058,33.775,2.717
mp-aaacdsqi,120.533,112.676,7.857,-4.927,-5.211,0.284
mp-aaacdsqx,67.917,55.837,12.080,26.880,17.359,9.521
mp-aaacdsqz,275.924,247.997,27.927,121.472,115.534,5.938
mp-aaacdsrd,32.870,37.322,4.452,4.863,12.910,8.047
mp-aaacdsre,110.647,75.175,35.472,45.527,40.839,4.688
mp-aaacdssx,41.081,42.022,0.941,20.619,27.182,6.563
mp-aaacdsvt,261.699,205.439,56.260,161.716,164.448,2.732
mp-aaacdsvx,56.229,54.449,1.780,24.488,19.029,5.459
mp-aaacdsvz,40.892,25.352,15.540,25.480,21.760,3.720
mp-aaacdswb,61.225,59.618,1.607,31.495,28.412,3.083
mp-aaacdswc,85.925,86.651,0.726,3.029,-5.222,8.251
mp-aaacdswd,69.461,55.378,14.083,42.645,38.987,3.658
mp-aaacdswe,57.035,54.767,2.268,21.058,21.097,0.039
mp-aaacdswf,68.344,62.039,6.305,34.495,22.658,11.837
mp-aaacdswh,60.525,58.529,1.996,30.364,27.948,2.416
mp-aaacdswj,57.371,55.214,2.157,26.801,20.588,6.213
mp-aaacdswk,55.052,55.117,0.065,16.293,14.594,1.699
mp-aaacdswl,62.844,70.245,7.401,35.072,29.282,5.790
mp-aaacdswo,54.087,49.161,4.926,16.268,13.446,2.822
mp-aaacdswp,44.842,47.355,2.513,25.076,23.415,1.661
mp-aaacdswq,202.703,179.454,23.249,-105.222,-33.759,71.463
mp-aaacdsxn,35.469,46.854,11.385,16.772,24.050,7.278
mp-aaacdsxt,54.374,54.334,0.040,20.865,34.661,13.796
mp-aaacdtdm,36.589,28.177,8.412,20.829,21.103,0.274
mp-aaacdthg,59.820,57.865,1.955,29.032,27.512,1.520
mp-aaacdthj,65.616,64.079,1.537,36.683,26.456,10.227
mp-aaacdtit,211.210,183.524,27.686,80.366,77.329,3.037
mp-aaacdtol,36.414,27.510,8.904,20.498,20.853,0.355
mp-aaacdtow,218.716,197.812,20.904,37.090,62.104,25.014
mp-aaacdtpj,72.777,27.914,44.863,29.185,23.165,6.020
mp-aaacdtpr,169.646,164.300,5.346,62.863,53.131,9.732
mp-aaacdtpt,59.796,70.308,10.512,24.042,27.252,3.210
mp-aaacdtpu,63.799,43.989,19.810,28.694,19.632,9.062
mp-aaacdtpv,10.064,-20.022,30.086,5.601,9.604,4.003
mp-aaacdtpw,9.676,-26.484,36.160,5.944,10.483,4.539
mp-aaacdtqa,25.447,26.398,0.951,16.111,2.343,13.768
mp-aaacdtqf,20.968,30.604,9.636,14.683,4.271,10.412
mp-aaacdtqk,27.943,32.088,4.145,16.494,16.179,0.315
mp-aaacdtql,-179.252,34.322,213.574,10.130,0.766,9.364
mp-aaacdtqp,19.156,37.251,18.095,10.761,5.058,5.703
mp-aaacdtqq,18.160,25.955,7.795,9.450,6.768,2.682
mp-aaacdtqv,38.785,41.679,2.894,18.393,18.257,0.136
mp-aaacdtqw,36.361,41.613,5.252,18.723,13.917,4.806
mp-aaacdtqx,20.615,29.627,9.012,14.630,8.723,5.907
mp-aaacdtqz,93.151,104.838,11.687,35.890,35.174,0.716
mp-aaacdtrb,39.597,38.062,1.535,23.271,25.486,2.215
mp-aaacdtrc,34.650,36.199,1.549,17.672,21.217,3.545
mp-aaacdtrs,77.340,107.897,30.557,35.155,52.325,17.170
mp-aaacdtrv,106.657,132.370,25.713,30.747,38.217,7.470
mp-aaacdtrx,47.651,64.701,17.050,18.544,14.678,3.866
mp-aaacdtsj,28.124,24.390,3.734,14.306,11.798,2.508
mp-aaacdtsm,93.932,101.054,7.122,39.100,44.301,5.201
mp-aaacdtso,45.883,62.458,16.575,8.033,18.175,10.142
mp-aaacdtsw,52.713,52.436,0.277,33.632,32.455,1.177
mp-aaacdttq,19.265,31.400,12.135,9.430,14.023,4.593
mp-aaacdtua,41.352,40.333,1.019,21.500,20.141,1.359
mp-aaacdtuf,30.077,55.483,25.406,6.000,3.388,2.612
mp-aaacdtuj,64.929,51.920,13.009,20.684,20.274,0.410
mp-aaacdtuk,62.462,71.477,9.015,14.993,16.070,1.077
mp-aaacdtul,42.167,42.543,0.376,20.656,21.653,0.997
mp-aaacdtuo,60.840,48.216,12.624,12.550,9.353,3.197
mp-aaacdtup,102.320,106.206,3.886,15.253,24.782,9.529
mp-aaacdtus,48.824,55.918,7.094,29.049,29.118,0.069
mp-aaacdtut,33.683,33.909,0.226,19.241,15.488,3.753
mp-aaacdtuu,52.673,39.068,13.605,25.653,24.576,1.077
mp-aaacdtuy,71.092,67.665,3.427,20.256,20.860,0.604
mp-aaacdtvy,151.922,150.162,1.760,87.665,56.519,31.146
mp-aaacdtzr,11.948,32.061,20.113,6.437,12.278,5.841
mp-aaacdtzs,224.333,237.629,13.296,46.685,64.925,18.240
mp-aaacdtzt,139.691,120.201,19.490,64.140,47.454,16.686
mp-aaacdtzz,52.438,38.535,13.903,26.151,24.805,1.346
mp-aaacduaa,125.139,128.454,3.315,36.556,42.098,5.542
mp-aaacduad,308.449,303.847,4.602,110.247,115.348,5.101
mp-aaacduae,107.326,125.216,17.890,23.118,53.005,29.887
mp-aaacduag,132.156,153.651,21.495,53.361,37.604,15.757
mp-aaacduhk,72.216,51.210,21.006,28.405,26.036,2.369
mp-aaacduiv,44.884,48.756,3.872,17.740,24.362,6.622
mp-aaacdure,89.137,75.443,13.694,32.813,30.413,2.400
mp-aaacduru,66.272,63.580,2.692,35.136,29.725,5.411
mp-aaacdurv,21.912,27.865,5.953,6.470,14.017,7.547
mp-aaacdurx,158.591,152.170,6.421,13.058,45.771,32.713
mp-aaacdusb,209.285,80.869,128.416,47.005,39.534,7.471
mp-aaacduvd,232.744,224.768,7.976,108.030,109.890,1.860
mp-aaacduvo,99.958,102.447,2.489,44.624,45.047,0.423
mp-aaacdvbd,47.267,55.474,8.207,3.808,14.565,10.757
mp-aaacdvcm,141.495,185.595,44.100,,,
mp-aaacdvcn,122.949,192.323,69.374,70.473,26.426,44.047
mp-aaacdvco,42.606,41.046,1.560,21.693,20.784,0.909
mp-aaacdvcr,123.599,106.703,16.896,17.805,24.628,6.823
mp-aaacdvcs,14.914,24.371,9.457,8.285,12.434,4.149
mp-aaacdvct,31.022,20.376,10.646,16.275,12.624,3.651
mp-aaacdvit,89.762,42.036,47.726,54.665,39.823,14.842
mp-aaacdvmm,58.196,78.458,20.262,-27.196,-14.735,12.461
mp-aaacdvmt,54.772,69.594,14.822,37.631,21.714,15.917
mp-aaacdvmv,117.970,138.015,20.045,-1.160,5.798,6.958
mp-aaacdvmw,37.409,81.941,44.532,4.946,-8.398,13.344
mp-aaacdvna,28.947,32.131,3.184,16.656,15.305,1.351
mp-aaacdvnb,118.899,119.713,0.814,45.999,65.463,19.464
mp-aaacdvns,122.685,116.057,6.628,24.306,28.640,4.334
mp-aaacdvnt,177.103,177.526,0.423,26.475,21.651,4.824
mp-aaacdvnu,35.777,41.262,5.485,16.544,13.339,3.205
mp-aaacdvok,121.889,115.266,6.623,20.410,42.025,21.615
mp-aaacdvom,37.533,40.127,2.594,17.204,21.866,4.662
mp-aaacdvqt,29.409,33.570,4.161,5.404,6.790,1.386
mp-aaacdvqu,122.147,68.686,53.461,47.151,37.159,9.992
mp-aaacdvqv,54.299,62.169,7.870,2.471,25.157,22.686
mp-aaacdvrs,99.982,127.539,27.557,-18.479,-75.121,56.642
mp-aaacdvsv,268.222,216.486,51.736,126.088,107.867,18.221
mp-aaacdvsw,101.600,156.407,54.807,,,
mp-aaacdvsx,98.451,58.809,39.642,43.398,61.760,18.362
mp-aaacdvsy,153.945,138.638,15.307,-60.020,16.609,76.629
mp-aaacdvtf,55.161,59.469,4.308,32.213,29.245,2.968
mp-aaacdvtg,112.688,73.822,38.866,44.097,52.258,8.161
mp-aaacdvti,12.899,29.665,16.766,6.768,6.995,0.227
mp-aaacdvtj,65.214,58.543,6.671,27.769,28.261,0.492
mp-aaacdvtn,57.057,67.593,10.536,1.311,14.588,13.277
mp-aaacdvto,258.846,287.580,28.734,85.493,90.936,5.443
mp-aaacdvtp,67.696,96.049,28.353,45.595,37.248,8.347
mp-aaacdvtq,141.571,102.149,39.422,20.160,31.686,11.526
mp-aaacdvtu,49.206,63.080,13.874,1.476,7.796,6.320
mp-aaacdvtv,103.752,89.951,13.801,7.568,18.342,10.774
mp-aaacdvtx,82.566,79.332,3.234,32.929,28.526,4.403
mp-aaacdvub,30.717,38.327,7.610,18.446,20.316,1.870
mp-aaacdvwk,73.373,84.622,11.249,28.309,19.418,8.891
mp-aaacdvze,64.730,60.870,3.860,12.754,19.516,6.762
mp-aaacdvzv,83.047,61.385,21.662,42.938,40.868,2.070
mp-aaacdvzw,53.212,49.433,3.779,14.644,16.051,1.407
mp-aaacdvzy,74.212,60.183,14.029,8.738,16.461,7.723
mp-aaacdwhn,35.158,39.116,3.958,17.254,25.224,7.970
mp-aaacdwhp,104.348,101.571,2.777,34.212,43.215,9.003
mp-aaacdwor,72.915,83.517,10.602,14.516,27.817,13.301
mp-aaacdwot,17.319,24.167,6.848,8.460,2.518,5.942
mp-aaacdwrk,83.172,78.095,5.077,30.051,25.702,4.349
mp-aaacdwro,41.464,44.381,2.917,-7.591,-10.123,2.532
mp-aaacdwrp,54.037,51.367,2.670,19.655,24.198,4.543
mp-aaacdwrq,50.574,52.369,1.795,17.421,17.127,0.294
mp-aaacdwrv,38.201,36.186,2.015,22.827,20.645,2.182
mp-aaacdwrx,51.765,52.932,1.167,17.376,9.641,7.735
mp-aaacdwsu,86.685,62.936,23.749,65.445,52.042,13.403
mp-aaacdwtc,178.568,129.588,48.980,103.527,75.146,28.381
mp-aaacdwty,270.236,269.674,0.562,116.360,123.596,7.236
mp-aaacdwyt,22.351,28.312,5.961,7.949,8.758,0.809
mp-aaacdxar,132.880,96.888,35.992,48.968,75.124,26.156
mp-aaacdxas,84.473,97.459,12.986,-9.012,4.289,13.301
mp-aaacdxbh,44.759,22.933,21.826,18.150,11.468,6.682
mp-aaacdxfm,7.773,-4.790,12.563,3.678,6.466,2.788
mp-aaacdxfx,67.875,64.039,3.836,23.089,25.326,2.237
mp-aaacdxgb,72.842,59.951,12.891,44.698,32.034,12.664
mp-aaacdxgd,56.196,45.514,10.682,20.800,15.731,5.069
mp-aaacdxge,42.853,46.401,3.548,20.630,22.933,2.303
mp-aaacdxgj,56.992,56.043,0.949,21.588,13.750,7.838
mp-aaacdxkx,97.878,86.898,10.980,48.755,39.052,9.703
mp-aaacdxmr,69.960,77.059,7.099,41.108,32.308,8.800
mp-aaacdxms,142.290,176.386,34.096,64.149,43.894,20.255
mp-aaacdxod,18.675,30.137,11.462,3.286,-3.079,6.365
mp-aaacdxoe,45.098,57.685,12.587,28.229,23.376,4.853
mp-aaacdxov,55.365,46.616,8.749,19.899,11.441,8.458
mp-aaacdxpt,11.333,10.508,0.825,4.612,13.171,8.559
mp-aaacdxqu,6.456,43.351,36.895,3.082,0.077,3.005
mp-aaacdxqv,6.339,40.383,34.044,3.261,0.094,3.167
mp-aaacdxqw,115.850,96.499,19.351,61.853,56.183,5.670
mp-aaacdxqx,136.000,124.832,11.168,67.515,100.840,33.325
mp-aaacdxtc,53.760,51.755,2.005,14.109,16.201,2.092
mp-aaacdxtd,237.553,193.166,44.387,106.444,99.810,6.634
mp-aaacdxtm,265.886,263.926,1.960,131.508,151.553,20.045
mp-aaacdxtr,111.695,92.299,19.396,58.693,50.970,7.723
mp-aaacdxuy,87.278,79.558,7.720,24.629,18.232,6.397
mp-aaacdxuz,11.861,11.646,0.215,4.995,13.779,8.784
mp-aaacdxvf,118.463,63.080,55.383,64.213,68.678,4.465
mp-aaacdxvg,5.074,36.391,31.317,2.625,1.103,1.522
mp-aaacdxyr,60.622,57.134,3.488,35.164,22.241,12.923
mp-aaacdxys,214.618,216.454,1.836,81.996,84.124,2.128
mp-aaacdxyv,11.581,10.985,0.596,3.209,6.094,2.885
mp-aaacdxzh,40.526,29.844,10.682,3.548,16.981,13.433
mp-aaacdycs,105.456,85.235,20.221,34.740,42.118,7.378
mp-aaacdyct,112.446,103.788,8.658,16.251,12.277,3.974
mp-aaacdycz,20.449,39.025,18.576,9.445,12.667,3.222
mp-aaacdygd,58.175,47.738,10.437,17.810,17.271,0.539
mp-aaacdyil,121.119,92.467,28.652,33.178,27.986,5.192
mp-aaacdyio,63.012,61.320,1.692,32.116,33.037,0.921
mp-aaacdyjo,-18.964,75.977,94.941,-74.316,-60.608,13.708
mp-aaacdyjq,75.923,72.938,2.985,25.950,18.462,7.488
mp-aaacdymn,74.896,70.726,4.170,24.411,19.626,4.785
mp-aaacdymo,65.049,93.332,28.283,27.884,11.366,16.518
mp-aaacdymu,87.655,85.906,1.749,28.611,24.540,4.071
mp-aaacdymv,43.085,64.994,21.909,3.494,14.951,11.457
mp-aaacdyrm,172.287,170.593,1.694,92.953,87.257,5.696
mp-aaacdyrn,80.144,82.259,2.115,-60.945,27.998,88.943
mp-aaacdysq,4.365,12.371,8.006,0.904,0.206,0.698
mp-aaacdyto,62.408,90.760,28.352,-19.550,-17.393,2.157
mp-aaacdyub,50.350,36.627,13.723,26.433,36.300,9.867
mp-aaacdyud,60.869,45.098,15.771,17.988,18.698,0.710
mp-aaacdyue,55.936,51.737,4.199,21.872,13.642,8.230
mp-aaacdyug,175.442,159.886,15.556,6.555,17.550,10.995
mp-aaacdyvj,101.368,98.676,2.692,45.497,36.289,9.208
mp-aaacdywv,93.690,64.873,28.817,38.201,32.463,5.738
mp-aaacdyxh,11.971,15.030,3.059,6.122,14.446,8.324
mp-aaacdyyl,140.648,110.516,30.132,30.875,25.971,4.904
mp-aaacdyzb,94.432,83.000,11.432,33.306,25.823,7.483
mp-aaacdyzc,51.119,48.547,2.572,19.866,21.813,1.947
mp-aaacdyzk,164.961,126.452,38.509,78.314,32.777,45.537
mp-aaacdyzl,86.186,64.999,21.187,49.340,43.538,5.802
mp-aaacdyzm,43.252,38.356,4.896,8.029,22.782,14.753
mp-aaacdyzn,22.937,46.368,23.431,13.541,13.556,0.015
mp-aaacdzad,68.856,64.551,4.305,33.579,30.979,2.600
mp-aaacdzae,49.964,63.541,13.577,10.322,13.701,3.379
mp-aaacdzaf,78.655,100.168,21.513,33.527,41.090,7.563
mp-aaacdzag,49.655,61.007,11.352,16.682,23.607,6.925
mp-aaacdzah,54.432,71.246,16.814,13.482,22.294,8.812
mp-aaacdzak,151.520,173.721,22.201,99.945,102.574,2.629
mp-aaacdzao,61.751,88.938,27.187,6.133,22.157,16.024
mp-aaacdzaw,91.245,86.970,4.275,-20.126,20.135,40.261
mp-aaacdzax,75.818,90.285,14.467,34.846,39.401,4.555
mp-aaacdzay,56.983,63.287,6.304,18.755,-20.815,39.570
mp-aaacdzbb,119.789,137.679,17.890,37.671,21.558,16.113
mp-aaacdzmq,77.836,71.173,6.663,35.198,27.895,7.303
mp-aaacdzsc,73.332,85.775,12.443,26.673,37.081,10.408
mp-aaacdzsd,96.084,100.172,4.088,-7.617,33.440,41.057
mp-aaacdzue,108.554,121.793,13.239,34.691,32.601,2.090
mp-aaacdzzk,40.397,20.266,20.131,10.838,20.696,9.858
mp-aaaceadr,96.627,73.428,23.199,20.565,21.122,0.557
mp-aaaceads,203.003,178.386,24.617,111.008,116.488,5.480
mp-aaaceadx,38.067,48.023,9.956,33.016,10.606,22.410
mp-aaaceady,111.209,136.558,25.349,-0.815,1.972,2.787
mp-aaaceakh,9.811,33.766,23.955,4.650,3.459,1.191
mp-aaacealc,95.673,119.110,23.437,36.140,38.109,1.969
mp-aaacealj,44.138,48.509,4.371,7.739,15.854,8.115
mp-aaaceall,286.217,238.022,48.195,59.980,63.773,3.793
mp-aaacealm,205.691,154.906,50.785,44.295,86.638,42.343
mp-aaaceaoh,63.653,44.770,18.883,27.597,27.474,0.123
mp-aaaceaoi,195.881,141.517,54.364,59.159,92.792,33.633
mp-aaacearb,10.675,14.321,3.646,5.229,7.561,2.332
mp-aaaceare,51.683,48.279,3.404,30.590,28.308,2.282
mp-aaacearh,181.137,241.695,60.558,33.566,27.526,6.040
mp-aaacearn,220.871,201.784,19.087,72.044,5.673,66.371
mp-aaacearo,-243.236,181.514,424.750,124.341,119.670,4.671
mp-aaacearq,46.738,70.309,23.571,14.032,17.979,3.947
mp-aaacearu,132.161,133.402,1.241,126.051,113.324,12.727
mp-aaacearv,103.296,70.448,32.848,38.839,9.204,29.635
mp-aaacearx,189.356,171.311,18.045,99.193,106.528,7.335
mp-aaaceary,168.059,123.227,44.832,-6.455,-19.330,12.875
mp-aaacease,274.047,273.911,0.136,92.848,100.830,7.982
mp-aaaceasf,79.071,64.940,14.131,49.114,47.039,2.075
mp-aaaceasu,23.597,-3.866,27.463,8.383,13.968,5.585
mp-aaaceate,40.295,38.304,1.991,24.832,21.885,2.947
mp-aaaceatp,15.492,44.604,29.112,-3.088,7.966,11.054
mp-aaaceatr,57.572,48.860,8.712,21.948,20.022,1.926
mp-aaaceatw,34.023,39.948,5.925,19.568,37.388,17.820
mp-aaaceauj,34.101,27.720,6.381,17.525,20.204,2.679
mp-aaaceaup,45.017,39.554,5.463,24.297,21.568,2.729
mp-aaaceauu,37.503,46.298,8.795,24.562,25.587,1.025
mp-aaaceaxt,119.201,131.030,11.829,55.328,70.673,15.345
mp-aaaceaxw,103.917,85.446,18.471,37.382,45.003,7.621
mp-aaacebex,25.050,36.487,11.437,12.805,12.419,0.386
mp-aaacebni,114.006,105.963,8.043,34.219,31.188,3.031
mp-aaacebnk,147.231,116.096,31.135,46.944,51.351,4.407
mp-aaacebnl,44.499,38.001,6.498,15.369,5.179,10.190
mp-aaacebnm,83.095,83.590,0.495,17.741,26.818,9.077
mp-aaacebnn,82.772,77.707,5.065,10.842,14.193,3.351
mp-aaacebnp,63.448,47.051,16.397,11.284,41.805,30.521
mp-aaacebnr,121.490,124.120,2.630,15.796,19.191,3.395
mp-aaacebnz,90.676,87.861,2.815,80.813,44.170,36.643
mp-aaaceboa,105.215,106.578,1.363,33.362,29.959,3.403
mp-aaacebod,102.239,122.947,20.708,14.492,14.693,0.201
mp-aaaceboe,37.450,25.251,12.199,20.758,27.437,6.679
mp-aaacebog,25.621,66.168,40.547,14.427,16.486,2.059
mp-aaaceboh,32.211,50.345,18.134,18.276,9.992,8.284
mp-aaacebtm,77.089,49.070,28.019,16.069,19.381,3.312
mp-aaacebtn,57.169,45.028,12.141,33.396,28.630,4.766
mp-aaacebtr,79.370,78.263,1.107,22.963,25.456,2.493
mp-aaacebty,37.832,28.580,9.252,17.546,10.114,7.432
mp-aaacebxv,31.059,26.155,4.904,20.343,17.780,2.563
mp-aaacebxy,26.403,67.655,41.252,14.982,12.793,2.189
mp-aaacebyw,90.176,134.773,44.597,5.364,9.414,4.050
mp-aaacebyx,147.957,172.337,24.380,50.081,50.660,0.579
mp-aaacebzb,22.427,34.700,12.273,11.673,10.513,1.160
mp-aaacebzc,22.647,28.693,6.046,6.232,10.128,3.896
mp-aaacebzd,51.628,71.137,19.509,38.236,36.070,2.166
mp-aaacebze,31.663,37.122,5.459,21.887,21.000,0.887
mp-aaacebzg,41.143,131.975,90.832,98.169,74.482,23.687
mp-aaacebzj,27.629,16.671,10.958,-11.852,9.380,21.232
mp-aaacebzk,27.540,19.864,7.676,-20.486,9.611,30.097
mp-aaacecgs,17.783,68.483,50.700,-0.758,16.286,17.044
mp-aaacechp,94.159,97.623,3.464,33.298,35.432,2.134
mp-aaacechq,96.231,109.080,12.849,59.777,57.879,1.898
mp-aaacecij,64.012,101.000,36.988,67.864,60.648,7.216
mp-aaacecim,67.157,63.513,3.644,19.836,17.815,2.021
mp-aaacecin,14.334,20.449,6.115,12.581,17.329,4.748
mp-aaacecip,16.811,35.269,18.458,12.019,13.684,1.665
mp-aaacedqq,50.639,74.091,23.452,22.587,34.436,11.849
mp-aaacegyd,59.005,75.022,16.017,20.016,52.946,32.930
mp-aaacehhw,39.388,61.145,21.757,18.433,24.222,5.789
mp-aaacehhx,18.583,31.370,12.787,18.536,16.253,2.283
mp-aaacehpk,18.336,12.123,6.213,15.863,9.942,5.921
mp-aaacehpv,42.035,36.422,5.613,17.548,26.801,9.253
mp-aaacehpy,31.841,44.547,12.706,11.569,18.248,6.679
mp-aaacehqa,40.468,23.886,16.582,13.770,23.357,9.587
mp-aaacehqb,16.592,6.695,9.897,8.914,6.755,2.159
mp-aaacehtw,59.139,83.370,24.231,30.306,32.026,1.720
mp-aaacehue,22.841,44.060,21.219,10.420,16.599,6.179
mp-aaacehuf,99.971,150.079,50.108,46.355,53.176,6.821
mp-aaacehug,17.435,44.341,26.906,9.454,8.329,1.125
mp-aaacehui,14.690,25.176,10.486,4.966,7.208,2.242
mp-aaacehuk,17.996,34.050,16.054,-2.248,8.150,10.398
mp-aaacehun,13.044,24.868,11.824,10.592,8.984,1.608
mp-aaacehup,36.315,11.749,24.566,19.293,18.244,1.049
mp-aaacehuq,167.515,206.285,38.770,55.095,68.131,13.036
mp-aaacehut,35.858,41.459,5.601,18.173,13.214,4.959
mp-aaacehuu,23.765,25.029,1.264,14.191,10.030,4.161
mp-aaacehuv,16.539,39.856,23.317,-18.145,7.257,25.402
mp-aaacehuw,100.890,141.945,41.055,42.097,36.892,5.205
mp-aaacehuy,32.656,-9.968,42.624,-7.138,16.411,23.549
mp-aaacehuz,39.944,30.575,9.369,17.814,12.530,5.284
mp-aaacehvb,23.350,19.448,3.902,15.191,10.773,4.418
mp-aaacehvc,38.096,48.692,10.596,-12.710,8.143,20.853
mp-aaacehvd,31.424,-0.579,32.003,11.015,12.827,1.812
mp-aaacehve,27.515,-15.617,43.132,10.349,14.381,4.032
mp-aaacehvf,23.369,20.851,2.518,14.582,10.756,3.826
mp-aaacehvg,43.347,28.297,15.050,28.342,30.568,2.226
mp-aaacehvh,33.711,-14.145,47.856,17.354,21.479,4.125
mp-aaacehvi,22.374,67.718,45.344,11.356,19.874,8.518
mp-aaacehvk,11.517,7.301,4.216,0.447,7.279,6.832
mp-aaacehvl,18.041,35.691,17.650,9.127,10.117,0.990
mp-aaacehvo,34.898,-11.543,46.441,17.791,21.142,3.351
mp-aaacehvq,17.779,45.785,28.006,,,
mp-aaacehvr,41.494,35.117,6.377,13.628,16.434,2.806
mp-aaacehvt,22.583,16.347,6.236,15.570,12.353,3.217
mp-aaacehvu,135.546,146.900,11.354,49.111,56.130,7.019
mp-aaacehvv,37.626,32.612,5.014,-2.132,16.819,18.951
mp-aaacehwa,16.605,15.945,0.660,10.145,16.330,6.185
mp-aaacehwb,42.375,45.415,3.040,18.370,17.657,0.713
mp-aaacehwc,33.191,12.308,20.883,8.613,21.455,12.842
mp-aaacehwd,17.958,30.462,12.504,8.845,8.337,0.508
mp-aaacehwe,243.043,236.750,6.293,92.446,81.991,10.455
mp-aaacehwg,37.520,0.454,37.066,10.400,18.820,8.420
mp-aaacehwi,31.063,26.107,4.956,12.854,15.424,2.570
mp-aaacehwk,23.328,51.360,28.032,11.223,8.833,2.390
mp-aaacehwn,18.720,0.699,18.021,8.094,12.289,4.195
mp-aaacehwp,23.081,15.718,7.363,15.280,11.424,3.856
mp-aaacehwq,163.844,212.075,48.231,35.462,33.742,1.720
mp-aaacehws,38.727,-1.270,39.997,20.572,22.082,1.510
mp-aaacehwt,19.666,12.599,7.067,10.376,10.849,0.473
mp-aaacehwu,34.612,30.550,4.062,17.281,11.743,5.538
mp-aaacehwx,20.952,3.047,17.905,10.025,11.044,1.019
mp-aaacehwz,26.386,-3.203,29.589,13.579,12.582,0.997
mp-aaacehxa,85.068,103.130,18.062,22.858,31.296,8.438
mp-aaacehxb,17.784,40.039,22.255,-4.917,6.048,10.965
mp-aaacehxe,45.559,24.599,20.960,37.923,34.690,3.233
mp-aaacehxg,37.078,31.250,5.828,29.733,27.911,1.822
mp-aaacehxt,28.556,0.765,27.791,9.870,12.944,3.074
mp-aaacehxw,18.551,31.013,12.462,10.352,8.992,1.360
mp-aaacehxx,144.802,188.786,43.984,69.624,43.364,26.260
mp-aaacehyb,178.710,223.876,45.166,62.581,78.504,15.923
mp-aaacehyx,106.478,143.335,36.857,46.526,49.003,2.477
mp-aaacehze,23.548,30.645,7.097,15.331,11.306,4.025
mp-aaacehzg,16.182,47.193,31.011,4.943,9.592,4.649
mp-aaacehzn,12.699,35.028,22.329,8.671,15.318,6.647
mp-aaaceibf,132.163,181.028,48.865,65.761,58.821,6.940
mp-aaaceipw,246.057,123.369,122.688,160.992,129.862,31.130
mp-aaaceiqe,13.510,24.350,10.840,6.628,5.994,0.634
mp-aaacejdm,75.390,107.240,31.850,44.350,59.787,15.437
mp-aaacejdw,80.895,105.830,24.935,50.952,52.196,1.244
mp-aaacekzk,30.476,59.727,29.251,19.727,24.303,4.576
mp-aaaceqby,11.912,70.392,58.480,13.306,23.953,10.647
mp-aaaceqcx,33.600,58.747,25.147,0.906,-1.390,2.296
mp-aaaceqef,4.869,82.328,77.459,2.614,25.403,22.789
mp-aaaceqeu,148.104,201.555,53.451,-25.276,-32.754,7.478
mp-aaaceqev,12.473,98.026,85.553,2.536,10.388,7.852
mp-aaacerpx,200.473,181.332,19.141,134.763,134.188,0.575
mp-aaacerpy,169.752,160.371,9.381,112.681,118.019,5.338
mp-aaacestw,269.191,287.900,18.709,103.364,126.458,23.094
mp-aaacestx,12.617,20.197,7.580,-0.230,4.052,4.282
mp-aaacesua,14.846,22.253,7.407,4.623,5.511,0.888
mp-aaacesuk,172.104,122.519,49.585,33.467,28.994,4.473
mp-aaacesuq,19.738,47.250,27.512,8.520,14.950,6.430
mp-aaacesur,56.840,106.788,49.948,17.227,24.539,7.312
mp-aaacesuu,111.634,114.816,3.182,32.744,28.650,4.094
mp-aaacesuv,88.770,70.288,18.482,19.323,10.207,9.116
mp-aaacesvb,155.300,109.650,45.650,28.501,29.103,0.602
mp-aaacesvd,46.181,61.560,15.379,14.739,21.568,6.829
mp-aaacesvf,111.192,104.611,6.581,14.729,26.433,11.704
mp-aaacesvj,67.271,85.143,17.872,27.745,28.356,0.611
mp-aaacesvk,91.988,105.146,13.158,45.731,20.908,24.823
mp-aaacesvl,88.891,47.728,41.163,18.483,24.869,6.386
mp-aaacesvn,63.604,99.508,35.904,17.878,25.280,7.402
mp-aaacesvr,78.449,134.687,56.238,43.139,50.012,6.873
mp-aaacesvs,75.626,77.170,1.544,6.182,24.534,18.352
mp-aaacesvu,82.961,76.170,6.791,44.442,38.137,6.305
mp-aaacesvw,70.805,107.438,36.633,27.457,28.771,1.314
mp-aaaceswi,97.491,87.384,10.107,51.187,45.987,5.200
mp-aaaceswj,97.227,85.414,11.813,39.248,44.850,5.602
mp-aaaceswk,123.077,120.597,2.480,34.632,29.462,5.170
mp-aaaceswn,71.713,89.169,17.456,25.176,32.852,7.676
mp-aaaceswo,87.570,53.568,34.002,19.118,21.951,2.833
mp-aaaceswq,136.396,111.357,25.039,35.461,32.544,2.917
mp-aaacesxc,25.856,82.694,56.838,10.800,18.850,8.050
mp-aaacesxd,68.491,73.892,5.401,17.253,15.614,1.639
mp-aaacesxf,17.499,57.217,39.718,7.771,16.414,8.643
mp-aaacesxi,112.571,87.189,25.382,49.532,43.333,6.199
mp-aaacesxj,136.108,128.707,7.401,63.634,63.564,0.070
mp-aaacesxm,76.627,95.939,19.312,34.529,38.820,4.291
mp-aaacesxp,113.831,90.868,22.963,28.905,22.329,6.576
mp-aaacesxt,48.702,76.757,28.055,22.051,31.332,9.281
mp-aaacesxu,21.672,80.766,59.094,9.227,24.676,15.449
mp-aaacesyd,133.776,123.114,10.662,-44.775,5.715,50.490
mp-aaacesyg,45.335,79.703,34.368,19.290,23.711,4.421
mp-aaacesyh,73.064,74.683,1.619,21.790,20.383,1.407
mp-aaaceszi,59.145,98.858,39.713,20.275,22.839,2.564
mp-aaaceszk,40.617,62.993,22.376,18.339,19.919,1.580
mp-aaaceszl,80.968,74.546,6.422,31.012,37.818,6.806
mp-aaaceszm,79.857,62.412,17.445,33.996,34.968,0.972
mp-aaaceszu,80.847,69.987,10.860,32.871,38.482,5.611
mp-aaaceszy,78.908,120.580,41.672,21.439,26.868,5.429
mp-aaacetaa,77.721,68.158,9.563,41.425,39.856,1.569
mp-aaacetai,23.260,72.603,49.343,10.684,20.875,10.191
mp-aaacetsb,8.551,70.057,61.506,3.592,12.555,8.963
mp-aaacetsw,183.604,185.269,1.665,99.276,54.010,45.266
mp-aaacettw,37.274,56.669,19.395,2.787,11.088,8.301
mp-aaacettx,354.637,339.782,14.855,,,
mp-aaacetty,98.422,161.051,62.629,83.541,81.313,2.228
mp-aaacetuk,165.478,139.618,25.860,44.222,49.619,5.397
mp-aaaceuoh,39.029,82.126,43.097,17.428,24.267,6.839
mp-aaaceuqe,30.662,-16.135,46.797,13.156,11.224,1.932
mp-aaaceuul,33.583,8.010,25.573,17.108,6.979,10.129
mp-aaaceuyo,86.522,60.361,26.161,21.339,29.690,8.351
mp-aaaceuys,80.974,77.802,3.172,60.572,38.732,21.840
mp-aaacevdw,159.196,97.554,61.642,102.329,102.999,0.670
mp-aaacevps,70.361,86.986,16.625,48.263,44.038,4.225
mp-aaacevpt,28.537,7.745,20.792,-20.315,-10.835,9.480
mp-aaacevpy,355.313,456.454,101.142,,,
mp-aaacevqp,61.324,77.984,16.660,19.966,34.900,14.934
mp-aaacevqw,139.175,161.354,22.179,19.372,46.474,27.102
mp-aaacevqz,124.296,140.650,16.354,64.499,36.954,27.545
mp-aaacevra,82.805,158.090,75.285,15.041,24.746,9.705
mp-aaacevrc,119.989,129.744,9.755,-37.686,-74.655,36.969
mp-aaacevrd,62.392,53.536,8.856,-17.473,0.668,18.141
mp-aaacevrf,141.484,172.294,30.810,-18.825,36.530,55.355
mp-aaacevrg,336.076,296.924,39.152,34.576,103.370,68.794
mp-aaacevrh,134.244,116.123,18.121,,,
mp-aaacevrj,258.929,384.551,125.622,68.670,71.941,3.271
mp-aaacevro,201.627,232.592,30.965,80.583,65.489,15.094
mp-aaacevrt,14.064,28.695,14.631,5.756,8.121,2.365
mp-aaacevtb,247.859,246.617,1.242,100.073,92.381,7.692
mp-aaacevtd,190.385,184.751,5.634,105.968,84.599,21.369
mp-aaacevts,192.595,175.053,17.542,113.059,97.143,15.916
mp-aaacevtt,246.765,154.208,92.557,130.828,75.857,54.971
mp-aaacevtw,139.085,154.446,15.361,-85.271,-66.409,18.862
mp-aaacevtx,121.858,120.036,1.822,,,
mp-aaacevty,187.429,159.022,28.407,27.731,75.187,47.456
mp-aaacevtz,215.232,173.758,41.474,90.291,106.102,15.811
mp-aaacevub,170.979,149.365,21.614,68.732,63.421,5.311
mp-aaacevuc,187.342,171.523,15.819,52.824,79.552,26.728
mp-aaacevui,189.547,168.609,20.938,126.046,96.527,29.519
mp-aaacevuj,102.749,109.604,6.855,65.989,74.961,8.972
mp-aaacevuk,113.274,110.941,2.333,37.386,24.998,12.388
mp-aaacevuo,131.400,137.298,5.898,42.805,19.620,23.185
mp-aaacevup,123.634,131.282,7.648,38.711,18.299,20.412
mp-aaacevuq,109.768,123.640,13.872,29.881,23.942,5.939
mp-aaacevve,207.251,184.405,22.846,178.915,103.717,75.198
mp-aaacevwd,107.662,121.091,13.429,33.170,15.790,17.380
mp-aaacevwx,153.082,142.995,10.087,43.594,73.999,30.405
mp-aaacevxc,108.188,120.843,12.655,56.463,30.263,26.200
mp-aaacevxd,121.628,129.367,7.739,45.216,25.794,19.422
mp-aaacevxe,138.266,137.492,0.774,52.933,45.473,7.460
mp-aaacevxk,154.865,147.017,7.848,54.714,62.267,7.553
mp-aaacevxr,145.264,143.295,1.969,49.069,46.739,2.330
mp-aaacevxs,117.590,133.753,16.163,34.101,31.807,2.294
mp-aaacevxt,412.064,151.439,260.625,12.007,45.418,33.411
mp-aaacevxw,96.880,113.524,16.644,14.141,11.957,2.184
mp-aaacevya,35.899,116.670,80.771,43.517,39.603,3.914
mp-aaacevyd,105.546,108.803,3.257,42.040,36.858,5.182
mp-aaacevyh,53.250,108.676,55.426,,,
mp-aaacevyk,278.811,236.268,42.543,108.369,101.939,6.430
mp-aaacevym,180.213,148.897,31.316,93.646,86.775,6.871
mp-aaacevyu,104.525,128.246,23.721,49.611,36.920,12.691
mp-aaacevzp,343.828,299.496,44.332,144.403,112.279,32.124
mp-aaacevzq,288.337,253.541,34.796,42.622,102.701,60.079
mp-aaacevzs,301.077,245.270,55.807,189.179,169.989,19.190
mp-aaacevzt,29.494,45.746,16.252,17.502,16.850,0.652
mp-aaacevzv,97.788,82.612,15.176,18.099,37.665,19.566
mp-aaacevzw,81.785,81.227,0.558,28.181,27.376,0.805
mp-aaacevzy,44.885,50.142,5.257,27.446,21.751,5.695
mp-aaacevzz,37.348,40.823,3.475,23.515,18.218,5.297
mp-aaacewac,76.757,95.357,18.600,27.534,31.479,3.945
mp-aaacewae,28.406,46.397,17.991,16.803,12.522,4.281
mp-aaacewaf,201.830,163.219,38.611,71.407,50.069,21.338
mp-aaacewah,196.106,299.208,103.102,,,
mp-aaacewal,18.901,57.021,38.120,12.666,13.483,0.817
mp-aaacewar,70.621,91.884,21.263,23.373,32.917,9.544
mp-aaacewch,74.802,89.143,14.341,-10.015,-1.249,8.766
mp-aaacewci,198.862,185.450,13.412,31.581,81.886,50.305
mp-aaacewcj,152.940,202.346,49.406,0.719,45.222,44.503
mp-aaacewck,151.847,118.086,33.761,90.299,76.300,13.999
mp-aaacewcm,173.822,152.529,21.293,85.469,83.848,1.621
mp-aaacewcr,146.384,253.347,106.963,2.583,34.783,32.200
mp-aaacewcs,308.669,277.006,31.663,192.421,203.167,10.746
mp-aaacewcu,81.337,88.748,7.411,46.823,54.104,7.281
mp-aaacewcv,93.510,98.845,5.335,13.769,41.654,27.885
mp-aaacewcy,82.594,82.305,0.289,67.287,56.264,11.023
mp-aaacewdb,72.919,85.842,12.923,23.849,38.250,14.401
mp-aaacewer,80.831,101.750,20.919,13.991,39.179,25.188
mp-aaacewez,113.031,114.861,1.830,46.178,28.847,17.331
mp-aaacewfa,81.341,96.658,15.317,32.765,35.794,3.029
mp-aaacewfb,284.565,216.458,68.107,160.065,157.803,2.262
mp-aaacewff,273.586,375.967,102.381,88.779,15.242,73.537
mp-aaacewfg,323.875,308.785,15.090,153.168,125.432,27.736
mp-aaacewfi,392.349,375.093,17.256,,,
mp-aaacewfl,24.988,37.054,12.066,14.469,12.155,2.314
mp-aaacewfq,14.995,7.067,7.928,10.939,11.368,0.429
mp-aaacewgd,143.047,117.089,25.958,68.759,68.536,0.223
mp-aaacewgk,133.636,172.203,38.567,38.555,28.860,9.695
mp-aaacewgl,53.402,110.338,56.936,19.436,43.412,23.976
mp-aaacewgm,167.551,154.594,12.957,50.419,1.826,48.593
mp-aaacewgo,159.176,137.763,21.413,46.576,41.221,5.355
mp-aaacewgt,212.496,248.355,35.859,-14.759,24.126,38.885
mp-aaacewgx,329.587,341.737,12.150,170.722,187.889,17.167
mp-aaacewgy,374.861,305.969,68.892,95.289,89.885,5.404
mp-aaacewhh,319.999,365.987,45.988,197.237,179.198,18.039
mp-aaacewhi,88.030,113.841,25.811,36.741,33.676,3.065
mp-aaacewia,73.810,76.089,2.279,25.201,22.669,2.532
mp-aaacewit,224.464,232.879,8.415,53.216,63.155,9.939
mp-aaacewiv,304.910,284.761,20.149,165.167,206.508,41.341
mp-aaacewjo,229.595,173.485,56.110,109.899,98.171,11.728
mp-aaacewjp,273.377,228.293,45.084,151.933,165.058,13.125
mp-aaacewjq,200.065,182.118,17.947,,,
mp-aaacewka,236.476,196.952,39.524,97.351,153.227,55.876
mp-aaacewkb,198.022,179.731,18.291,78.600,58.330,20.270
mp-aaacewkc,226.813,235.002,8.189,84.137,59.336,24.801
mp-aaacewkh,187.538,167.319,20.219,75.731,71.690,4.041
mp-aaacewki,174.363,165.932,8.431,66.041,59.497,6.544
mp-aaacewlx,187.032,152.194,34.838,31.409,-12.552,43.961
mp-aaacewlz,183.542,177.354,6.188,23.160,67.264,44.104
mp-aaacewmb,181.790,183.024,1.234,54.324,46.576,7.748
mp-aaacewmk,35.686,41.274,5.588,21.517,16.727,4.790
mp-aaacewmp,43.099,42.942,0.157,25.836,22.864,2.972
mp-aaacewmu,51.116,41.134,9.982,31.329,23.294,8.035
mp-aaacewnd,157.703,278.126,120.423,-83.941,-104.843,20.902
mp-aaacewne,41.505,40.849,0.656,24.811,21.375,3.436
mp-aaacewnh,169.406,227.686,58.280,53.439,64.863,11.424
mp-aaacewni,37.932,41.983,4.051,24.123,18.831,5.292
mp-aaacewns,48.406,56.833,8.427,17.122,10.329,6.793
mp-aaacewnt,135.277,171.612,36.335,21.899,45.666,23.767
mp-aaacewny,45.768,49.393,3.625,27.774,20.446,7.328
mp-aaacewod,29.531,59.219,29.688,6.252,26.990,20.738
mp-aaacewoe,27.127,58.093,30.966,13.547,17.910,4.363
mp-aaacewog,273.401,259.625,13.776,,,
mp-aaacewok,275.137,213.420,61.717,137.971,142.763,4.792
mp-aaacewol,258.810,270.438,11.628,59.475,110.647,51.172
mp-aaacewoq,170.737,146.419,24.318,22.904,67.670,44.766
mp-aaacewoy,105.134,158.424,53.290,80.838,107.128,26.290
mp-aaacewpw,51.300,42.791,8.509,13.695,15.403,1.708
mp-aaacewpy,195.980,192.297,3.683,93.423,99.239,5.816
mp-aaacewqb,125.464,132.012,6.548,115.101,90.064,25.037
mp-aaacewqf,352.115,270.214,81.901,,,
mp-aaacewqg,184.623,140.522,44.101,54.829,79.581,24.752
mp-aaacewqo,198.379,155.860,42.519,89.790,85.137,4.653
mp-aaacewrg,218.838,174.124,44.714,121.126,108.022,13.104
mp-aaaceyum,73.999,45.784,28.215,32.261,29.375,2.886
mp-aaaceyut,57.484,56.611,0.873,20.211,14.925,5.286
mp-aaaceyux,81.201,115.281,34.080,44.943,39.817,5.126
mp-aaacezqj,150.185,239.307,89.122,115.671,102.092,13.579
mp-aaacezre,238.944,249.616,10.672,123.500,135.605,12.105
mp-aaacezro,97.309,83.065,14.244,67.150,55.485,11.665
mp-aaacezyd,47.326,33.934,13.392,26.474,21.908,4.566
mp-aaacezye,60.842,41.734,19.108,39.777,43.800,4.023
mp-aaacezyf,188.798,145.889,42.909,-4.917,28.699,33.616
mp-aaacezyg,55.650,35.693,19.957,32.783,29.196,3.587
mp-aaacezyi,178.430,165.434,12.996,52.095,40.926,11.169
mp-aaacezyj,274.838,290.205,15.367,72.735,77.619,4.884
mp-aaacezyk,36.573,85.245,48.672,18.166,12.176,5.990
mp-aaacezzs,313.324,424.258,110.934,,,
mp-aaacezzu,218.203,220.479,2.276,35.297,28.967,6.330
mp-aaacezzv,323.532,430.210,106.678,82.577,54.481,28.096
mp-aaacezzw,277.814,229.350,48.464,,,
mp-aaacezzz,125.064,197.458,72.394,22.505,28.338,5.833
mp-aaacfaab,35.088,52.166,17.078,14.188,3.374,10.814
mp-aaacfaac,238.794,302.279,63.485,72.753,74.013,1.260
mp-aaacfaad,70.778,75.315,4.537,45.849,41.008,4.841
mp-aaacfaaf,124.657,143.147,18.490,1.864,23.834,21.970
mp-aaacfaal,89.494,85.200,4.294,-100.125,-59.940,40.185
mp-aaacfadd,56.537,72.925,16.388,-22.097,-1.958,20.139
mp-aaacfade,85.092,89.498,4.406,24.121,36.718,12.597
mp-aaacfadg,196.209,205.203,8.994,85.489,43.589,41.900
mp-aaacfadi,205.719,205.168,0.551,-122.043,-156.088,34.045
mp-aaacfajd,20.106,33.864,13.758,11.883,9.957,1.926
mp-aaacfajp,14.528,18.185,3.657,8.011,6.985,1.026
mp-aaacfajr,10.751,14.894,4.143,5.533,4.981,0.552
mp-aaacfakn,318.361,373.126,54.765,,,
mp-aaacfakr,158.978,186.656,27.678,-11.600,56.419,68.019
mp-aaacfakw,198.204,140.611,57.593,-40.376,12.654,53.030
mp-aaacfakz,335.610,334.459,1.151,116.329,115.399,0.930
mp-aaacfale,207.546,216.936,9.390,56.564,64.889,8.325
mp-aaacfalg,158.820,174.506,15.686,30.036,44.205,14.169
mp-aaacfals,64.033,63.902,0.131,14.169,16.651,2.482
mp-aaacfamv,160.406,176.347,15.941,96.772,119.174,22.402
mp-aaacfanl,266.248,231.814,34.434,-45.552,-34.510,11.042
mp-aaacfanm,322.051,293.627,28.424,,,
mp-aaacfann,311.631,314.066,2.435,131.046,138.282,7.236
mp-aaacfano,183.442,204.166,20.724,-11.970,-6.736,5.234
mp-aaacfanr,282.660,242.508,40.152,38.743,57.887,19.144
mp-aaacfans,302.964,244.777,58.187,177.149,169.335,7.814
mp-aaacfaok,252.718,140.726,111.992,,,
mp-aaacfaol,361.490,374.481,12.991,59.704,144.350,84.646
mp-aaacfaon,293.322,247.000,46.322,,,
mp-aaacfaoo,79.757,68.033,11.724,18.648,10.888,7.760
mp-aaacfaoz,70.446,56.387,14.059,43.134,47.896,4.762
mp-aaacfapa,107.027,110.979,3.952,48.730,46.590,2.140
mp-aaacfapb,89.871,79.992,9.879,-97.758,-79.075,18.683
mp-aaacfapf,8.399,17.419,9.020,2.582,0.924,1.658
mp-aaacfapg,225.203,239.378,14.175,-10.477,-23.192,12.715
mp-aaacfaph,159.266,177.498,18.232,-67.592,-83.540,15.948
mp-aaacfapi,33.229,85.801,52.572,0.486,-2.409,2.895
mp-aaacfdtx,181.947,200.724,18.777,16.360,-3.355,19.715
mp-aaacfdzq,176.693,123.627,53.066,76.921,72.543,4.378
mp-aaacffsn,56.894,49.539,7.355,20.934,18.026,2.908
mp-aaacfggn,51.388,57.717,6.329,22.228,14.728,7.500
mp-aaacfgiq,16.754,40.224,23.470,4.933,8.660,3.727
mp-aaacfgjy,32.630,54.974,22.344,22.291,23.054,0.763
mp-aaacfgna,38.350,67.613,29.263,17.170,24.185,7.015
mp-aaacfhmc,33.298,74.323,41.025,29.993,29.096,0.897
mp-aaacfhme,73.075,116.120,43.045,59.350,38.785,20.565
mp-aaacfhmg,76.042,97.362,21.320,0.740,25.021,24.281
mp-aaacfhmh,183.268,173.510,9.758,,,
mp-aaacfhmi,227.710,212.787,14.923,-24.615,9.013,33.628
mp-aaacfhmk,119.446,75.821,43.625,40.563,35.162,5.401
mp-aaacfhml,102.325,161.127,58.802,29.038,27.303,1.735
mp-aaacfiph,17.067,2.980,14.087,13.115,9.563,3.552
mp-aaacfiqa,179.875,153.335,26.540,81.621,60.139,21.482
mp-aaacfiqb,232.863,253.559,20.696,85.143,79.473,5.670
mp-aaacfiqe,301.330,419.275,117.945,153.835,152.711,1.124
mp-aaacfiqh,29.727,48.898,19.171,17.830,14.367,3.463
mp-aaacfiqi,143.481,134.013,9.468,47.548,32.870,14.678
mp-aaacfiqk,83.589,89.562,5.973,17.384,12.082,5.302
mp-aaacfiri,192.168,180.434,11.734,33.801,33.077,0.724
mp-aaacfirj,176.476,165.571,10.905,55.584,37.575,18.009
mp-aaacfirl,288.028,288.607,0.579,105.077,94.660,10.417
mp-aaacfisw,103.976,104.259,0.283,57.804,74.671,16.867
mp-aaacfiua,59.529,65.206,5.677,45.231,37.252,7.979
mp-aaacfiub,295.549,142.611,152.938,163.378,152.451,10.927
mp-aaacfiuk,36.447,46.543,10.096,17.574,11.508,6.066
mp-aaacfiuq,45.906,45.748,0.158,24.306,30.007,5.701
mp-aaacfius,89.830,106.487,16.657,34.723,29.612,5.111
mp-aaacfiwh,246.534,191.199,55.335,,,
mp-aaacfiwj,198.722,173.303,25.419,53.674,79.096,25.422
mp-aaacfiwl,247.284,211.922,35.362,173.186,148.487,24.699
mp-aaacfiwm,50.017,124.406,74.389,22.424,56.759,34.335
mp-aaacfixo,191.847,174.915,16.932,114.871,129.893,15.022
mp-aaacfixp,179.994,194.804,14.810,72.293,73.728,1.435
mp-aaacfixq,189.838,185.563,4.275,-10.601,34.256,44.857
mp-aaacfixr,193.048,205.853,12.805,95.457,89.979,5.478
mp-aaacfiyr,251.424,298.135,46.711,159.067,143.037,16.030
mp-aaacfizq,67.398,52.507,14.891,47.034,43.592,3.442
mp-aaacfizr,29.857,48.363,18.506,17.841,14.611,3.230
mp-aaacfizs,29.759,47.027,17.268,17.633,11.642,5.991
mp-aaacfjac,82.469,79.031,3.438,17.544,13.439,4.105
mp-aaacfjah,196.281,213.471,17.190,105.884,98.770,7.114
mp-aaacfjai,130.299,124.415,5.884,7.905,40.612,32.707
mp-aaacfjbt,93.374,89.219,4.155,29.914,31.991,2.077
mp-aaacfjcg,205.939,198.743,7.196,102.844,95.381,7.463
mp-aaacfjch,176.094,174.746,1.348,-28.368,26.003,54.371
mp-aaacfjcy,201.908,142.614,59.294,,,
mp-aaacfjlv,32.551,32.590,0.039,6.014,-2.030,8.044
mp-aaacfjlw,222.218,181.009,41.209,94.391,111.138,16.747
mp-aaacfjlx,187.126,153.215,33.911,,,
mp-aaacfjly,143.331,164.941,21.610,22.082,46.415,24.333
mp-aaacfjnu,274.040,175.523,98.517,146.065,156.238,10.173
mp-aaacfjnv,155.147,197.902,42.755,100.224,77.228,22.996
mp-aaacfjnx,187.113,171.607,15.506,76.573,83.873,7.300
mp-aaacfjny,240.418,233.528,6.890,82.757,30.338,52.419
mp-aaacfjnz,255.044,201.259,53.785,140.331,146.786,6.455
mp-aaacfjoa,380.486,182.487,197.999,149.373,141.326,8.047
mp-aaacfjoc,227.443,212.819,14.624,93.238,89.506,3.732
mp-aaacfjof,239.140,233.454,5.686,60.631,-8.892,69.523
mp-aaacfjqr,258.138,200.462,57.676,102.210,127.795,25.585
mp-aaacfjrq,311.565,319.422,7.857,,,
mp-aaacfjrs,41.701,77.704,36.003,62.301,48.463,13.838
mp-aaacfjsl,401.484,343.207,58.277,,,
mp-aaacfjvk,72.574,95.923,23.349,-8.822,-0.578,8.244
mp-aaacfjvv,101.532,163.981,62.449,19.068,36.428,17.360
mp-aaacfjvz,339.625,304.027,35.598,188.232,206.014,17.783
mp-aaacfjwa,89.644,95.152,5.508,25.074,38.938,13.864
mp-aaacfjwb,112.987,140.213,27.226,-18.177,-21.910,3.733
mp-aaacfjwc,34.173,-21.466,55.639,1.423,-0.719,2.142
mp-aaacfjwd,92.997,88.434,4.563,-108.517,36.029,144.546
mp-aaacfjwk,12.196,19.758,7.562,-64.248,9.937,74.185
mp-aaacfjwm,67.199,78.427,11.228,28.172,39.655,11.483
mp-aaacfjws,48.357,47.549,0.808,37.370,25.042,12.328
mp-aaacfjxj,342.032,292.592,49.440,,,
mp-aaacfjxk,88.735,53.759,34.976,23.739,56.031,32.292
mp-aaacfjxl,321.128,277.228,43.900,208.410,131.637,76.773
mp-aaacfjxm,322.966,279.856,43.110,,,
mp-aaacfjxn,326.549,279.384,47.165,,,
mp-aaacfjxo,146.701,133.460,13.241,141.361,138.675,2.686
mp-aaacfjxq,204.053,188.401,15.652,82.704,108.256,25.552
mp-aaacfjyo,99.015,124.518,25.503,67.277,90.628,23.351
mp-aaacfjyp,138.447,139.962,1.515,41.554,51.597,10.043
mp-aaacfjyq,183.528,167.253,16.275,110.883,112.834,1.951
mp-aaacfjyr,257.912,214.531,43.381,177.148,158.172,18.976
mp-aaacfjys,127.626,139.923,12.297,27.863,23.353,4.510
mp-aaacfjyt,162.161,135.516,26.645,162.369,163.535,1.166
mp-aaacfjyv,30.528,46.028,15.500,18.038,14.046,3.992
mp-aaacfjzc,106.100,104.142,1.958,49.525,39.723,9.802
mp-aaacfkaj,108.350,80.193,28.157,-15.414,33.809,49.223
mp-aaacfkas,172.053,235.601,63.548,29.649,3.565,26.084
mp-aaacfkaz,51.549,72.529,20.980,17.035,15.400,1.635
mp-aaacfkbh,315.374,208.829,106.544,155.666,177.439,21.773
mp-aaacfkbm,366.400,278.944,87.456,,,
mp-aaacfkbn,143.581,158.281,14.700,40.650,55.877,15.227
mp-aaacfkbo,218.716,178.999,39.717,99.627,127.042,27.415
mp-aaacfkbq,120.075,134.996,14.921,12.694,20.728,8.034
mp-aaacfkbr,262.759,209.341,53.418,21.556,40.280,18.724
mp-aaacfkby,197.231,177.659,19.572,100.403,76.758,23.645
mp-aaacfkcj,133.032,227.615,94.583,18.990,25.235,6.245
mp-aaacfkcz,110.797,130.213,19.416,58.014,45.537,12.477
mp-aaacfkdh,246.526,180.726,65.800,83.386,80.365,3.021
mp-aaacfkdk,151.635,152.364,0.729,59.294,60.005,0.711
mp-aaacfkdl,36.883,77.966,41.083,-43.139,-54.600,11.461
mp-aaacfkdm,60.041,87.913,27.872,32.196,26.403,5.793
mp-aaacfkds,73.050,108.818,35.768,17.188,-3.004,20.192
mp-aaacfkdt,85.712,129.190,43.478,0.279,-8.073,8.352
mp-aaacfkeg,67.275,111.072,43.797,0.813,-12.562,13.375
mp-aaacfkfe,67.202,111.384,44.182,-6.671,-26.105,19.434
mp-aaacfkff,81.245,121.943,40.698,3.268,-5.174,8.442
mp-aaacfkfg,192.550,182.020,10.530,-48.912,7.633,56.545
mp-aaacfkfl,62.978,82.474,19.496,-3.418,15.310,18.728
mp-aaacfkfm,93.607,71.996,21.611,-41.270,10.780,52.050
mp-aaacfkgf,65.503,115.725,50.222,-7.847,-46.912,39.065
mp-aaacfkhc,53.228,59.046,5.818,19.779,12.600,7.179
mp-aaacfkhl,284.209,197.994,86.215,186.658,46.368,140.290
mp-aaacfkhm,46.024,44.606,1.418,30.655,17.452,13.203
mp-aaacfkhy,332.601,289.346,43.255,140.635,108.870,31.765
mp-aaacfkif,348.477,191.122,157.355,205.664,188.248,17.416
mp-aaacfkig,356.799,332.279,24.520,90.421,92.409,1.988
mp-aaacfkih,48.442,45.351,3.091,,,
mp-aaacfkij,89.688,202.756,113.068,-52.306,47.757,100.063
mp-aaacfkin,34.666,62.320,27.654,-39.964,4.960,44.924
mp-aaacfkiu,222.571,274.429,51.858,1.409,15.280,13.871
mp-aaacfkja,334.820,382.728,47.908,68.185,74.947,6.762
mp-aaacfkjj,357.547,231.109,126.438,194.292,166.208,28.084
mp-aaacfkki,32.808,124.487,91.679,25.033,16.066,8.967
mp-aaacfkko,59.264,94.076,34.812,20.866,16.470,4.396
mp-aaacfkku,111.271,113.766,2.495,57.648,43.347,14.301
mp-aaacfkkv,118.385,123.365,4.980,29.978,49.263,19.285
mp-aaacfkkw,116.020,113.220,2.800,49.122,58.648,9.526
mp-aaacfkky,133.924,152.012,18.088,13.263,40.303,27.040
mp-aaacfkld,94.365,82.553,11.812,50.585,34.409,16.176
mp-aaacfklx,95.805,79.085,16.720,,,
mp-aaacfklz,58.085,62.218,4.133,16.306,32.950,16.644
mp-aaacfkmh,43.203,48.762,5.559,33.252,26.646,6.606
mp-aaacfkmi,108.357,156.145,47.788,-7.308,9.191,16.499
mp-aaacfkmo,119.780,172.207,52.427,45.938,41.077,4.861
mp-aaacfkmq,174.991,158.490,16.501,10.534,29.071,18.537
mp-aaacfkms,203.809,261.844,58.035,67.018,75.022,8.004
mp-aaacfkmu,63.091,74.473,11.382,-23.203,-4.159,19.044
mp-aaacfkmv,63.254,125.069,61.815,71.498,81.254,9.756
mp-aaacfkmw,44.382,76.486,32.104,5.567,4.589,0.978
mp-aaacfkmy,38.732,27.604,11.128,15.025,6.067,8.958
mp-aaacfkmz,193.323,265.569,72.246,88.013,124.097,36.084
mp-aaacfknb,64.532,78.282,13.750,-24.455,-19.243,5.212
mp-aaacfkoj,100.433,159.523,59.090,3.451,32.020,28.569
mp-aaacfkpe,293.789,433.462,139.673,-45.175,27.411,72.586
mp-aaacfkpf,257.278,321.918,64.640,42.404,52.795,10.391
mp-aaacfkpr,69.443,40.469,28.974,38.027,27.783,10.244
mp-aaacfkpx,294.742,515.394,220.652,-13.070,91.854,104.924
mp-aaacfkpy,46.662,48.846,2.184,3.251,8.969,5.718
mp-aaacfkqa,54.624,59.781,5.157,34.068,12.447,21.621
mp-aaacfkqb,70.937,88.248,17.311,-5.790,7.515,13.305
mp-aaacfkqg,97.277,133.940,36.663,46.923,46.554,0.369
mp-aaacfkqj,63.496,78.850,15.354,-23.878,-19.376,4.502
mp-aaacfkql,200.505,356.453,155.948,84.859,95.282,10.423
mp-aaacfkqm,55.043,78.167,23.124,,,
mp-aaacfkro,42.453,70.070,27.617,64.930,13.180,51.750
mp-aaacfksr,173.813,141.012,32.801,87.064,71.416,15.648
mp-aaacfkss,297.425,351.238,53.813,71.779,103.889,32.110
mp-aaacfkst,60.543,56.823,3.720,29.155,25.604,3.551
mp-aaacfksx,55.805,69.396,13.591,27.179,5.834,21.345
mp-aaacfktb,76.364,75.530,0.834,57.845,50.086,7.759
mp-aaacfktc,68.992,64.781,4.211,52.074,40.564,11.510
mp-aaacfkup,140.191,164.419,24.228,-8.280,-16.283,8.003
mp-aaacfkur,139.206,131.508,7.698,49.435,84.154,34.719
mp-aaacfkus,260.012,172.298,87.714,47.747,80.364,32.617
mp-aaacfkut,33.641,82.831,49.190,3.869,1.239,2.630
mp-aaacfkuv,192.154,174.523,17.631,103.431,90.931,12.500
mp-aaacfkuw,,,,143.204,111.318,31.886
mp-aaacfkux,43.416,96.215,52.799,-5.992,17.175,23.167
mp-aaacfkxq,27.523,68.832,41.309,-47.099,8.810,55.909
mp-aaacfkxr,57.942,53.033,4.909,-7.389,-1.930,5.459
mp-aaacfkxx,46.205,56.408,10.203,0.291,23.158,22.867
mp-aaacfkyb,69.337,62.773,6.564,29.705,21.295,8.410
mp-aaacfkyc,240.168,230.245,9.923,40.702,62.537,21.835
mp-aaacfkye,23.963,42.278,18.315,4.462,14.954,10.492
mp-aaacfkyf,34.757,75.781,41.024,18.325,19.667,1.342
mp-aaacfkyg,35.201,55.568,20.367,10.861,10.099,0.762
mp-aaacfkyh,42.172,31.836,10.336,26.894,23.028,3.866
mp-aaacfkyo,71.533,57.966,13.567,-65.261,-34.728,30.533
mp-aaacfkyv,133.053,136.004,2.951,-76.883,-85.331,8.448
mp-aaacfkyw,102.866,80.204,22.662,5.866,34.368,28.502
mp-aaacfkzw,207.312,177.764,29.548,70.076,56.203,13.873
mp-aaacflhi,206.433,195.585,10.848,63.060,68.396,5.336
mp-aaacflhj,275.894,255.715,20.179,7.781,40.127,32.346
mp-aaacflhv,299.401,354.506,55.105,199.167,205.142,5.975
mp-aaacflih,337.207,450.905,113.698,17.284,13.184,4.100
mp-aaacflij,313.927,368.665,54.738,140.253,93.244,47.009
mp-aaacflim,258.337,268.816,10.479,85.169,82.439,2.730
mp-aaacflio,2.873,-42.658,45.531,-0.437,-1.178,0.741
mp-aaacflir,179.621,175.292,4.329,-1.271,-44.421,43.150
mp-aaacflit,328.361,356.139,27.778,-72.137,-28.260,43.877
mp-aaacfliu,295.071,306.862,11.791,-52.905,-19.504,33.401
mp-aaacfljc,58.661,61.118,2.457,37.354,31.763,5.591
mp-aaacflkf,215.846,225.052,9.206,47.559,53.718,6.159
mp-aaacflkj,389.830,411.995,22.165,-2.975,-5.132,2.157
mp-aaacflkk,182.304,175.653,6.651,0.074,13.690,13.616
mp-aaacflkl,354.581,339.608,14.973,,,
mp-aaacflkm,290.276,270.135,20.141,3.847,37.146,33.299
mp-aaacflkq,10.753,-31.392,42.145,4.376,8.070,3.694
mp-aaacflkr,221.916,110.224,111.692,88.720,89.435,0.715
mp-aaacflku,211.396,240.283,28.887,53.900,11.381,42.519
mp-aaacflmc,256.077,168.041,88.036,47.733,70.392,22.659
mp-aaacflmd,70.023,50.141,19.882,-46.109,-15.429,30.680
mp-aaacflmm,93.912,126.720,32.808,54.599,41.552,13.047
mp-aaacflmn,101.026,126.593,25.567,48.166,58.078,9.912
mp-aaacflmq,212.330,254.174,41.844,11.955,-20.316,32.271
mp-aaacfloh,94.434,140.730,46.296,24.783,24.815,0.032
mp-aaacfloi,133.807,135.011,1.204,-68.911,-70.926,2.015
mp-aaacfloo,376.048,369.893,6.155,8.778,148.401,139.623
mp-aaacflos,4.898,-2.501,7.399,0.902,4.350,3.448
mp-aaacflou,280.747,308.650,27.903,-13.620,47.679,61.299
mp-aaacflov,59.422,79.294,19.872,8.760,-7.410,16.170
mp-aaacflox,185.823,126.120,59.703,165.657,126.550,39.107
mp-aaacfloz,82.688,69.806,12.882,39.226,44.180,4.954
mp-aaacflpf,282.854,212.341,70.513,4.703,3.477,1.226
mp-aaacflqk,347.345,299.150,48.195,-12.093,-29.304,17.211
mp-aaacflql,121.439,123.482,2.043,104.665,107.519,2.854
mp-aaacflrk,268.538,348.896,80.358,-69.602,-13.426,56.176
mp-aaacflrv,395.957,305.241,90.716,151.217,145.755,5.462
mp-aaacflrx,36.951,41.372,4.421,24.717,25.514,0.797
mp-aaacflry,220.176,238.347,18.171,21.628,19.350,2.278
mp-aaacflrz,411.017,250.051,160.966,,,
mp-aaacflsk,63.760,80.680,16.920,9.231,20.633,11.402
mp-aaacflsl,31.662,81.301,49.639,-20.376,-12.884,7.492
mp-aaacflsm,149.406,163.606,14.200,-91.887,-168.270,76.383
mp-aaacflso,140.651,118.790,21.861,45.635,44.189,1.446
mp-aaacflsq,43.171,76.540,33.369,-26.435,-25.068,1.367
mp-aaacflsr,42.391,84.100,41.709,-24.339,-7.248,17.091
mp-aaacflst,34.833,34.607,0.226,23.956,28.477,4.521
mp-aaacflsu,28.076,31.260,3.184,19.418,16.980,2.438
mp-aaacflsv,21.351,28.211,6.860,4.740,2.592,2.148
mp-aaacflte,110.704,132.702,21.998,2.212,10.199,7.987
mp-aaacflth,281.889,302.675,20.786,,,
mp-aaacflti,260.463,235.533,24.931,51.935,-27.367,79.302
mp-aaacfltz,321.211,293.039,28.172,44.583,51.727,7.144
mp-aaacflue,269.305,212.372,56.933,63.474,24.067,39.407
mp-aaacfluz,55.027,64.751,9.724,37.435,27.164,10.271
mp-aaacflva,73.818,58.610,15.208,,,
mp-aaacflve,397.571,269.676,127.895,,,
mp-aaacflvf,88.931,65.756,23.175,24.100,30.343,6.243
mp-aaacflvg,122.138,106.897,15.241,84.771,36.612,48.159
mp-aaacflvi,130.966,192.811,61.845,99.677,87.965,11.712
mp-aaacflvj,191.338,229.374,38.036,52.725,60.420,7.695
mp-aaacflvn,18.406,48.657,30.251,-6.172,23.466,29.638
mp-aaacflvo,24.222,70.084,45.862,20.550,17.512,3.038
mp-aaacflvp,98.660,107.473,8.813,50.046,81.876,31.830
mp-aaacflvr,312.497,360.688,48.191,189.096,190.701,1.605
mp-aaacflvs,224.634,222.919,1.715,76.175,72.921,3.254
mp-aaacflvt,247.811,240.955,6.856,30.186,35.283,5.097
mp-aaacflvu,168.314,158.209,10.105,122.506,110.427,12.079
mp-aaacflvv,290.736,287.948,2.788,-12.909,34.658,47.567
mp-aaacflvw,225.944,253.700,27.756,66.386,60.140,6.246
mp-aaacflvx,348.054,226.373,121.681,-26.265,14.101,40.366
mp-aaacflvy,217.333,246.044,28.711,121.807,129.334,7.527
mp-aaacflwi,239.569,191.764,47.805,47.813,-3.249,51.062
mp-aaacflxm,193.200,175.453,17.747,,,
mp-aaacflyc,145.849,136.467,9.382,37.043,43.670,6.627
mp-aaacfmex,214.789,187.878,26.911,113.281,112.741,0.540
mp-aaacfmhk,137.832,161.769,23.937,92.026,47.034,44.992
mp-aaacfnmv,92.625,99.382,6.757,22.136,22.100,0.036
mp-aaacfnpv,50.945,61.196,10.251,-17.860,4.959,22.819
mp-aaacfodb,53.950,50.063,3.887,48.227,17.852,30.375
mp-aaacfodc,-252.716,35.396,288.112,7.114,6.110,1.004
mp-aaacfopj,11.808,6.791,5.017,5.710,3.830,1.880
mp-aaacfpwh,29.178,48.025,18.847,12.482,11.197,1.285
mp-aaacfpzs,191.177,204.847,13.670,97.130,95.108,2.022
mp-aaacfrhs,61.811,46.927,14.884,49.482,44.802,4.680
mp-aaacfrht,26.366,111.848,85.482,15.667,28.084,12.417
mp-aaacfrhu,16.881,92.982,76.101,13.814,27.780,13.966
mp-aaacfrhv,83.090,46.330,36.760,64.905,47.521,17.384
mp-aaacfrhw,36.533,74.819,38.286,21.825,21.214,0.611
mp-aaacfrhx,46.799,34.104,12.695,35.077,30.592,4.485
mp-aaacfrib,40.540,56.182,15.642,27.282,28.630,1.348
mp-aaacfrii,36.021,17.638,18.383,21.220,19.009,2.211
mp-aaacfrim,35.485,33.152,2.333,24.198,24.096,0.102
mp-aaacfrio,29.002,42.547,13.545,16.206,15.966,0.240
mp-aaacfrip,39.504,13.028,26.476,26.663,25.310,1.353
mp-aaacfriq,57.655,29.517,28.138,49.131,49.302,0.171
mp-aaacfrir,35.813,63.924,28.111,25.706,18.749,6.957
mp-aaacfris,38.669,29.162,9.507,27.881,25.328,2.553
mp-aaacfriv,31.673,32.751,1.078,21.339,24.057,2.718
mp-aaacfriw,49.284,22.963,26.321,39.817,45.674,5.857
mp-aaacfrix,47.628,24.346,23.282,39.085,36.299,2.786
mp-aaacfrja,37.265,21.912,15.353,27.051,26.106,0.945
mp-aaacfrjg,28.457,39.288,10.831,19.241,19.837,0.596
mp-aaacfrjy,20.260,27.891,7.631,11.131,13.860,2.729
mp-aaacfrka,20.003,29.911,9.908,11.101,11.460,0.359
mp-aaacfrkb,23.823,20.211,3.612,13.656,16.885,3.229
mp-aaacfrkd,22.202,18.756,3.446,12.053,13.329,1.276
mp-aaacfrke,31.726,38.886,7.160,22.585,24.432,1.847
mp-aaacfrmg,38.905,12.866,26.039,26.786,24.337,2.449
mp-aaacfrmh,30.724,37.004,6.280,21.813,24.707,2.894
mp-aaacfroo,26.696,41.015,14.319,12.171,11.993,0.178
mp-aaacfrop,26.621,37.392,10.771,12.547,14.740,2.193
mp-aaacfroq,26.893,42.125,15.232,13.792,9.497,4.295
mp-aaacfrou,17.510,48.966,31.456,7.688,0.322,7.366
mp-aaacfrow,3.970,53.056,49.086,6.834,1.610,5.224
mp-aaacfroy,19.718,28.387,8.669,10.005,14.033,4.028
mp-aaacfroz,18.193,32.353,14.160,8.855,10.862,2.007
mp-aaacfrpa,19.616,23.117,3.501,10.293,14.740,4.447
mp-aaacfrpc,18.404,28.248,9.844,9.183,15.899,6.716
mp-aaacfrpf,19.129,31.588,12.459,9.944,13.966,4.022
mp-aaacfrpt,28.372,34.839,6.467,15.740,15.209,0.531
mp-aaacfrpu,38.422,60.165,21.743,27.293,23.927,3.366
mp-aaacfrpw,18.785,36.604,17.819,9.982,7.665,2.317
mp-aaacfsaf,134.270,150.889,16.619,41.113,55.498,14.385
mp-aaacfsan,2.888,26.850,23.962,1.662,12.679,11.017
mp-aaacfseh,15.039,224.752,209.713,9.808,21.145,11.337
mp-aaacfsgm,17.687,32.331,14.644,7.340,6.909,0.431
mp-aaacfsie,92.478,99.389,6.911,-22.024,67.702,89.726
mp-aaacfsig,105.148,314.807,209.659,,,
mp-aaacfsil,115.663,117.611,1.948,47.206,31.526,15.680
mp-aaacfsit,147.640,199.381,51.741,95.909,91.941,3.968
mp-aaacfsiv,112.106,122.997,10.891,50.566,39.083,11.483
mp-aaacfsiw,110.695,124.728,14.033,51.570,25.559,26.011
mp-aaacfsix,109.609,106.224,3.385,58.908,51.484,7.424
mp-aaacfsjk,177.173,205.727,28.554,80.045,86.848,6.803
mp-aaacfsjm,159.802,179.857,20.055,84.523,90.558,6.035
mp-aaacfsjr,188.438,235.073,46.635,85.889,93.590,7.701
mp-aaacfsjs,149.253,156.404,7.151,92.143,79.434,12.709
mp-aaacfsjx,145.730,162.786,17.056,94.610,71.757,22.853
mp-aaacfskb,192.223,230.393,38.170,75.260,54.308,20.952
mp-aaacfske,265.131,354.280,89.149,21.110,39.335,18.225
mp-aaacfskf,174.788,181.776,6.988,88.758,78.109,10.649
mp-aaacfslr,162.710,302.085,139.374,139.586,145.467,5.881
mp-aaacfslv,217.405,226.214,8.809,130.486,112.897,17.589
mp-aaacfsme,158.721,381.705,222.984,,,
mp-aaacfsoj,112.156,236.343,124.187,21.194,32.931,11.737
mp-aaacfsrs,274.267,329.011,54.744,135.333,140.419,5.086
mp-aaacfsru,25.838,41.651,15.813,-9.986,12.526,22.512
mp-aaacfvdc,154.329,199.463,45.134,55.654,62.904,7.250
mp-aaacfvgn,57.986,69.742,11.756,28.695,34.038,5.343
mp-aaacfvgq,52.437,69.507,17.070,25.811,20.462,5.349
mp-aaacfvki,39.303,43.421,4.118,25.678,17.451,8.227
mp-aaacfvlp,38.931,38.529,0.402,20.756,19.405,1.351
mp-aaacfvpy,29.542,32.297,2.755,19.932,17.182,2.750
mp-aaacfvwb,44.097,62.931,18.834,24.745,31.906,7.161
mp-aaacfvyh,27.110,55.921,28.811,-39.161,19.943,59.104
mp-aaacfwel,162.570,123.422,39.148,55.645,60.770,5.125
mp-aaacfwem,154.103,95.678,58.425,69.680,60.831,8.849
mp-aaacfwen,175.849,176.261,0.412,121.468,107.572,13.896
mp-aaacfwep,137.118,129.980,7.138,103.370,62.339,41.031
mp-aaacfwer,168.944,103.937,65.007,77.756,79.263,1.507
mp-aaacfwes,172.480,148.483,23.997,16.076,22.593,6.517
mp-aaacfwet,185.850,123.075,62.775,100.868,71.806,29.062
mp-aaacfwev,161.797,138.405,23.392,43.417,40.801,2.616
mp-aaacfwex,175.489,186.094,10.605,40.370,19.205,21.165
mp-aaacfwfc,208.753,199.423,9.330,50.694,47.385,3.309
mp-aaacfwfd,138.108,101.608,36.500,52.382,58.733,6.351
mp-aaacfwfg,202.882,186.215,16.667,47.226,19.767,27.459
mp-aaacfwfh,159.867,109.344,50.523,52.316,75.478,23.162
mp-aaacfwfi,174.512,180.422,5.910,54.005,44.861,9.144
mp-aaacfwfj,174.473,142.997,31.476,12.192,23.769,11.577
mp-aaacfwfl,155.518,90.255,65.263,58.151,53.318,4.833
mp-aaacfwfm,181.549,156.855,24.694,75.558,56.755,18.803
mp-aaacfwfo,169.881,121.028,48.853,38.702,25.931,12.771
mp-aaacfwfq,134.066,109.722,24.344,54.001,63.925,9.924
mp-aaacfwfr,178.370,184.040,5.670,39.007,36.790,2.217
mp-aaacfwgl,146.764,89.397,57.367,42.062,64.506,22.444
mp-aaacfwgm,172.529,151.263,21.266,26.920,25.000,1.920
mp-aaacfwgn,166.721,99.981,66.740,93.423,80.122,13.301
mp-aaacfwgo,221.487,137.794,83.693,68.309,84.196,15.887
mp-aaacfwgq,235.713,128.457,107.256,107.427,82.380,25.047
mp-aaacfwgr,148.652,172.851,24.199,39.585,36.612,2.973
mp-aaacfwgt,228.217,136.430,91.787,103.610,100.501,3.109
mp-aaacfwgu,161.218,183.140,21.922,66.851,40.364,26.487
mp-aaacfwgv,152.367,95.922,56.445,64.191,50.694,13.497
mp-aaacfwgw,192.236,160.430,31.806,22.110,27.596,5.486
mp-aaacfwgx,149.835,102.119,47.716,45.061,54.157,9.096
mp-aaacfwgy,172.617,126.766,45.851,115.281,103.718,11.563
mp-aaacfwho,190.541,141.256,49.285,38.385,29.581,8.804
mp-aaacfwhq,151.079,122.123,28.956,53.821,53.161,0.660
mp-aaacfwhr,182.736,151.329,31.407,86.226,75.260,10.966
mp-aaacfwio,201.293,201.846,0.553,45.961,31.917,14.044
mp-aaacfwiq,230.404,130.754,99.650,135.037,55.233,79.804
mp-aaacfwis,190.693,148.709,41.984,76.932,85.767,8.835
mp-aaacfwlj,158.897,128.402,30.495,115.034,103.646,11.388
mp-aaacfwlk,157.164,92.125,65.039,66.663,70.681,4.018
mp-aaacfwzx,46.070,58.839,12.769,21.502,19.030,2.472
mp-aaacfxah,28.187,45.853,17.666,8.551,17.398,8.847
mp-aaacfxco,167.615,104.885,62.730,69.422,69.730,0.308
mp-aaacfxcp,172.111,174.424,2.313,64.611,57.958,6.653
mp-aaacfxex,86.722,92.326,5.604,18.132,26.509,8.377
mp-aaacfxey,30.603,43.685,13.082,18.299,7.600,10.699
mp-aaacfxez,90.601,83.664,6.937,54.062,44.945,9.117
mp-aaacfxfb,284.190,228.622,55.568,37.134,45.603,8.469
mp-aaacfxfe,222.992,205.809,17.184,171.341,152.588,18.753
mp-aaacfxff,199.678,154.483,45.195,76.451,75.498,0.953
mp-aaacfxfg,71.464,83.705,12.241,-14.874,-5.598,9.276
mp-aaacfxfj,323.158,476.293,153.135,-0.022,-48.908,48.886
mp-aaacfxft,239.242,224.265,14.977,154.123,163.549,9.426
mp-aaacfxfv,236.927,218.138,18.789,116.114,103.850,12.264
mp-aaacfxfw,323.541,327.022,3.481,,,
mp-aaacfxfx,146.084,165.610,19.526,87.281,44.434,42.847
mp-aaacfxfy,50.014,46.173,3.841,20.132,23.284,3.152
mp-aaacfxge,79.118,86.527,7.409,28.439,32.589,4.150
mp-aaacfxgg,278.470,276.604,1.866,107.110,94.580,12.530
mp-aaacfxgh,170.190,142.446,27.744,76.147,62.657,13.490
mp-aaacfxgi,224.960,246.664,21.704,86.307,73.003,13.304
mp-aaacfxgk,225.650,243.923,18.273,124.340,119.499,4.841
mp-aaacfxgn,106.786,98.254,8.532,86.769,41.957,44.812
mp-aaacfxgo,218.652,201.394,17.258,65.771,102.293,36.522
mp-aaacfxgq,118.120,103.283,14.837,31.132,34.532,3.400
mp-aaacfxgs,182.751,159.364,23.387,69.531,62.034,7.497
mp-aaacfxgt,80.268,67.512,12.756,25.875,27.773,1.898
mp-aaacfxhb,192.195,184.796,7.399,-67.220,-35.073,32.147
mp-aaacfxhe,157.328,157.256,0.072,96.824,105.618,8.794
mp-aaacfxhq,223.425,213.819,9.606,101.826,98.333,3.493
mp-aaacfxhs,20.908,25.851,4.943,-18.751,-16.776,1.975
mp-aaacfxht,139.825,109.044,30.781,-118.099,-40.036,78.063
mp-aaacfxhu,164.429,161.068,3.361,182.192,68.520,113.672
mp-aaacfxjm,79.537,77.549,1.988,48.995,43.798,5.197
mp-aaacfxjn,99.463,102.730,3.267,75.583,73.688,1.895
mp-aaacfxjp,109.663,85.989,23.674,26.812,41.255,14.443
mp-aaacfxjr,153.391,123.789,29.602,20.837,22.225,1.388
mp-aaacfxjs,174.329,127.684,46.645,44.265,61.667,17.402
mp-aaacfxxd,24.448,28.905,4.457,2.877,8.790,5.913
mp-aaacfxxh,102.455,108.090,5.635,28.597,35.682,7.085
mp-aaacfxxj,331.138,290.758,40.380,180.392,153.451,26.941
mp-aaacfxyf,44.934,46.481,1.547,36.356,30.675,5.681
mp-aaacfxyi,197.425,176.860,20.565,72.561,80.296,7.735
mp-aaacfxyl,140.634,137.919,2.715,33.046,65.877,32.831
mp-aaacfxyq,77.260,73.832,3.428,19.075,22.221,3.146
mp-aaacfxyt,138.520,91.458,47.062,27.863,45.071,17.208
mp-aaacfxyu,205.404,183.891,21.513,88.054,64.387,23.667
mp-aaacfxyv,115.236,113.813,1.423,32.479,40.231,7.752
mp-aaacfxyw,44.019,53.020,9.001,14.296,18.124,3.828
mp-aaacfxyx,334.002,332.383,1.619,,,
mp-aaacfxyy,139.693,100.406,39.286,101.235,87.017,14.218
mp-aaacfxyz,147.228,135.713,11.515,45.499,30.372,15.127
mp-aaacfxza,58.297,47.565,10.732,39.690,35.935,3.755
mp-aaacfxzb,86.691,66.341,20.350,43.643,42.900,0.743
mp-aaacfxzc,97.832,37.488,60.344,53.705,36.432,17.273
mp-aaacfxzd,141.419,176.976,35.557,37.018,33.118,3.900
mp-aaacfxzk,44.971,44.027,0.944,16.917,20.376,3.459
mp-aaacfxzm,75.465,95.168,19.703,21.893,16.318,5.575
mp-aaacfxzs,135.707,111.278,24.429,77.026,75.347,1.679
mp-aaacfxzu,336.540,234.628,101.912,,,
mp-aaacfxzv,51.441,46.862,4.579,33.931,19.027,14.904
mp-aaacfxzx,68.624,75.538,6.914,19.561,40.908,21.347
mp-aaacfxzy,231.325,192.018,39.307,112.224,88.584,23.640
mp-aaacfyab,116.852,88.644,28.208,67.239,62.145,5.094
mp-aaacfyad,44.722,53.673,8.951,29.749,22.450,7.299
mp-aaacfyae,177.040,184.647,7.607,60.729,82.242,21.513
mp-aaacfyaf,207.518,123.082,84.436,138.143,199.316,61.173
mp-aaacfyag,177.299,171.453,5.846,68.595,58.610,9.985
mp-aaacfyah,102.113,93.434,8.679,10.755,45.087,34.332
mp-aaacfyak,167.812,161.154,6.658,69.419,62.918,6.501
mp-aaacfyal,178.768,184.884,6.116,77.935,69.583,8.352
mp-aaacfyam,227.075,197.465,29.610,-57.475,87.121,144.596
mp-aaacfyap,213.562,199.616,13.946,17.647,71.873,54.226
mp-aaacfyaq,51.499,45.310,6.189,33.145,18.730,14.415
mp-aaacfyas,167.750,166.619,1.131,27.984,39.255,11.271
mp-aaacfyax,79.184,85.142,5.958,20.698,43.635,22.937
mp-aaacfyay,137.255,126.464,10.791,56.721,54.620,2.101
mp-aaacfyba,173.777,148.304,25.473,82.553,74.266,8.287
mp-aaacfybb,38.574,57.318,18.744,8.827,11.856,3.029
mp-aaacfybd,185.482,169.762,15.720,68.250,77.779,9.529
mp-aaacfybg,255.040,235.648,19.392,,,
mp-aaacfybh,41.321,39.361,1.960,7.128,17.023,9.895
mp-aaacfybo,45.001,76.481,31.480,21.239,22.749,1.510
mp-aaacfybp,80.465,66.589,13.876,47.510,43.108,4.402
mp-aaacfybq,37.437,69.200,31.763,16.787,15.753,1.034
mp-aaacfybs,49.329,72.191,22.862,28.721,24.032,4.689
mp-aaacfybu,145.885,131.833,14.052,40.853,41.409,0.556
mp-aaacfybv,140.699,103.643,37.056,23.112,27.237,4.125
mp-aaacfybw,78.996,92.465,13.469,32.238,35.139,2.901
mp-aaacfybz,13.477,31.414,17.937,13.397,16.454,3.057
mp-aaacfyce,46.260,63.487,17.227,1.393,26.266,24.873
mp-aaacfych,25.090,20.011,5.079,7.599,20.244,12.645
mp-aaacfycl,105.185,168.724,63.539,-62.874,-29.589,33.285
mp-aaacfycn,160.261,144.521,15.740,99.939,36.934,63.005
mp-aaacfyco,43.971,37.590,6.381,28.525,29.672,1.147
mp-aaacfycp,147.433,124.190,23.243,25.114,39.184,14.070
mp-aaacfycq,162.150,152.679,9.471,84.389,34.873,49.516
mp-aaacfycs,36.141,63.671,27.530,20.084,21.594,1.510
mp-aaacfycu,88.836,94.377,5.541,36.624,29.848,6.776
mp-aaacfycw,185.112,116.295,68.817,-25.448,32.861,58.309
mp-aaacfycy,38.773,93.153,54.380,21.569,16.272,5.297
mp-aaacfycz,82.256,67.146,15.110,38.705,35.339,3.366
mp-aaacfyda,13.804,18.175,4.371,4.151,0.133,4.018
mp-aaacfydb,46.596,46.583,0.013,29.670,20.945,8.725
mp-aaacfydc,78.997,102.392,23.395,33.230,24.461,8.769
mp-aaacfyde,9.164,34.457,25.293,5.800,5.396,0.404
mp-aaacfydf,81.591,99.131,17.540,50.118,41.892,8.226
mp-aaacfydg,88.250,100.331,12.081,39.279,29.425,9.854
mp-aaacfydi,223.571,223.017,0.554,24.551,45.538,20.987
mp-aaacfydk,82.577,71.207,11.370,27.554,40.495,12.941
mp-aaacfydl,63.729,70.107,6.378,-1.488,24.406,25.894
mp-aaacfydo,117.569,118.276,0.707,46.472,28.322,18.150
mp-aaacfydp,101.630,89.985,11.645,42.846,37.698,5.148
mp-aaacfydq,21.331,42.410,21.079,15.431,29.821,14.390
mp-aaacfydr,194.599,152.432,42.167,76.958,82.246,5.288
mp-aaacfydt,152.120,116.393,35.727,13.529,41.054,27.525
mp-aaacfydu,111.500,88.183,23.317,44.974,32.156,12.818
mp-aaacfydx,215.484,220.796,5.312,80.193,58.948,21.245
mp-aaacfyeb,104.241,113.928,9.687,46.545,53.617,7.072
mp-aaacfyee,213.851,233.088,19.237,22.598,46.690,24.092
mp-aaacfyef,259.237,270.024,10.787,15.884,43.304,27.420
mp-aaacfyeg,224.534,188.106,36.428,119.613,107.257,12.356
mp-aaacfyet,127.617,120.950,6.667,25.387,20.601,4.786
mp-aaacfyvz,187.164,174.363,12.801,0.718,-9.262,9.980
mp-aaacfywa,197.069,176.433,20.636,-19.081,-4.989,14.092
mp-aaacfywb,153.404,121.556,31.848,20.546,4.861,15.685
mp-aaacfywf,155.423,154.805,0.618,,,
mp-aaacfywh,166.014,125.473,40.541,27.529,28.732,1.203
mp-aaacfywi,153.925,126.488,27.437,31.093,29.442,1.651
mp-aaacfywl,175.285,119.057,56.228,85.640,69.527,16.113
mp-aaacfywn,96.020,74.354,21.666,72.828,61.818,11.010
mp-aaacfywp,142.867,115.595,27.272,20.681,15.586,5.095
mp-aaacfywq,173.830,171.089,2.741,0.424,27.018,26.594
mp-aaacfywr,182.457,176.482,5.975,-31.646,20.949,52.595
mp-aaacfywt,99.841,50.131,49.710,61.016,37.832,23.184
mp-aaacfywv,376.878,349.766,27.112,,,
mp-aaacfywy,21.748,21.177,0.571,8.899,6.988,1.911
mp-aaacfywz,17.731,42.182,24.451,-25.956,22.662,48.618
mp-aaacfyxc,41.258,30.175,11.083,25.652,37.707,12.055
mp-aaacfyxd,49.307,59.889,10.582,21.614,23.950,2.336
mp-aaacfyxf,149.642,178.087,28.445,91.323,24.345,66.978
mp-aaacfyxk,128.806,120.888,7.918,47.443,39.978,7.465
mp-aaacfyxs,124.542,138.381,13.839,87.289,90.408,3.119
mp-aaacfyxu,70.298,68.614,1.684,47.339,37.058,10.281
mp-aaacfyxz,58.827,51.325,7.502,22.777,18.069,4.708
mp-aaacfyyd,77.099,50.660,26.439,40.405,33.804,6.601
mp-aaacfyye,49.451,77.278,27.827,31.234,23.332,7.902
mp-aaacfyyf,76.553,66.209,10.344,45.507,46.775,1.268
mp-aaacfyyj,65.841,54.349,11.492,40.822,33.940,6.882
mp-aaacfyyk,75.136,62.938,12.198,53.824,40.696,13.128
mp-aaacfyym,59.579,53.916,5.663,21.657,16.157,5.500
mp-aaacfyyo,75.872,71.272,4.600,59.377,41.470,17.907
mp-aaacfyyt,46.265,61.029,14.764,37.428,30.056,7.373
mp-aaacfyyw,42.420,58.972,16.552,27.809,29.863,2.054
mp-aaacfyyx,49.740,59.369,9.629,6.449,30.173,23.724
mp-aaacfyzd,93.197,88.435,4.762,62.432,63.850,1.418
mp-aaacfyzg,94.047,94.588,0.541,54.445,62.159,7.714
mp-aaacfyzi,125.165,87.272,37.893,70.481,65.875,4.606
mp-aaacfyzl,87.513,98.762,11.249,34.866,53.628,18.762
mp-aaacfyzm,271.821,309.837,38.016,91.152,116.194,25.042
mp-aaacfyzo,160.956,164.100,3.144,60.257,76.405,16.148
mp-aaacfyzp,185.839,187.753,1.914,49.710,104.507,54.797
mp-aaacfyzr,135.084,115.060,20.024,60.344,57.394,2.950
mp-aaacfyzs,76.985,66.356,10.629,46.616,46.473,0.143
mp-aaacfyzt,101.221,124.937,23.716,58.103,62.056,3.953
mp-aaacfyzu,156.878,157.834,0.956,76.649,81.124,4.475
mp-aaacfyzw,77.657,51.047,26.610,40.426,33.448,6.978
mp-aaacfzaa,59.177,53.882,5.295,22.227,15.748,6.479
mp-aaacfzac,304.326,343.227,38.901,73.461,116.636,43.175
mp-aaacfzal,109.911,154.411,44.500,51.436,53.816,2.380
mp-aaacfzan,78.626,93.702,15.076,30.133,25.045,5.088
mp-aaacfzat,79.438,66.436,13.002,41.711,30.059,11.652
mp-aaacfzau,55.059,66.181,11.122,26.822,18.257,8.565
mp-aaacfzbg,44.465,32.491,11.974,33.579,28.938,4.641
mp-aaacfzbm,37.325,33.009,4.316,27.090,24.771,2.319
mp-aaacfzbw,38.262,34.322,3.940,28.031,27.189,0.842
mp-aaacfzbz,69.944,113.375,43.431,,,
mp-aaacfzcc,30.709,41.517,10.808,14.417,14.967,0.550
mp-aaacfzck,48.583,58.624,10.041,15.766,8.143,7.623
mp-aaacfzco,61.964,68.740,6.776,-23.133,9.636,32.769
mp-aaacfzct,86.940,103.907,16.967,36.492,60.746,24.254
mp-aaacfzcu,126.738,87.742,38.996,110.749,80.375,30.374
mp-aaacfzcz,27.047,121.268,94.221,17.899,21.813,3.914
mp-aaacfzda,14.689,34.229,19.540,-5.163,7.595,12.758
mp-aaacfzde,58.382,64.619,6.237,24.695,21.452,3.243
mp-aaacfzdi,58.830,67.040,8.210,28.775,18.727,10.048
mp-aaacfzds,104.067,95.945,8.122,116.903,70.954,45.949
mp-aaacfzen,353.873,320.879,32.994,130.572,162.932,32.360
mp-aaacfzeo,361.737,230.868,130.869,206.455,163.611,42.844
mp-aaacfzep,311.159,276.972,34.187,11.242,43.730,32.488
mp-aaacfzgh,77.229,104.633,27.404,44.381,56.780,12.399
mp-aaacfzgo,86.816,99.499,12.683,35.836,26.640,9.196
mp-aaacfzhw,57.378,59.759,2.381,21.419,21.793,0.374
mp-aaacfzia,69.960,53.118,16.842,36.500,29.535,6.965
mp-aaacfzib,57.809,65.215,7.406,28.206,20.694,7.512
mp-aaacfzii,387.147,358.483,28.664,182.404,180.793,1.611
mp-aaacfzij,15.600,40.043,24.443,9.919,10.408,0.489
mp-aaacfzmi,366.211,345.974,20.237,175.334,152.584,22.750
mp-aaacfzmk,348.768,182.688,166.080,194.625,183.122,11.503
mp-aaacfzml,384.053,325.100,58.953,,,
mp-aaacfznq,84.186,291.157,206.971,92.215,76.704,15.511
mp-aaacfznr,38.053,22.581,15.472,15.505,20.183,4.678
mp-aaacfznt,27.165,10.903,16.262,18.243,12.341,5.902
mp-aaacfzob,165.345,112.937,52.408,58.095,93.242,35.147
mp-aaacfzoe,84.808,106.936,22.128,49.211,62.571,13.360
mp-aaacfzoj,19.850,23.078,3.228,12.079,12.780,0.701
mp-aaacfzom,104.084,105.327,1.243,55.758,68.364,12.606
mp-aaacfzon,89.845,138.932,49.087,45.174,41.152,4.022
mp-aaacfzpq,59.933,64.693,4.760,29.721,25.501,4.220
mp-aaacfzud,52.820,54.770,1.950,28.712,29.306,0.594
mp-aaacfzuh,36.162,38.451,2.289,21.448,16.746,4.702
mp-aaacfzuk,240.219,302.389,62.170,77.090,90.633,13.543
mp-aaacfzuo,56.908,47.717,9.191,24.397,26.728,2.331
mp-aaacfzuu,288.589,278.077,10.512,150.555,109.164,41.391
mp-aaacfzuz,32.261,42.073,9.812,18.165,17.800,0.365
mp-aaacfzvb,37.518,41.569,4.051,27.358,27.796,0.438
mp-aaacfzvc,32.355,46.381,14.026,24.914,19.662,5.252
mp-aaacfzwn,309.759,260.000,49.759,,,
mp-aaacfzwp,322.518,277.638,44.880,156.601,159.629,3.028
mp-aaacfzwu,58.632,52.277,6.355,23.413,22.276,1.137
mp-aaacfzyb,86.821,71.694,15.127,41.691,44.232,2.541
mp-aaacfzyc,97.846,79.474,18.372,52.831,41.177,11.654
mp-aaacfzyd,78.808,73.373,5.435,39.448,36.480,2.968
mp-aaacfzye,89.668,75.038,14.630,41.079,44.670,3.591
mp-aaacfzyf,69.097,75.470,6.373,31.492,33.456,1.964
mp-aaacfzyg,65.770,73.769,7.999,28.967,24.427,4.540
mp-aaacfzyy,223.081,172.066,51.015,145.417,134.545,10.872
mp-aaacgadw,177.124,170.789,6.335,106.970,101.538,5.432
mp-aaacgadx,32.078,63.539,31.461,30.371,49.928,19.557
mp-aaacgafd,90.795,41.197,49.598,56.437,42.671,13.766
mp-aaacgafg,147.064,85.007,62.057,90.422,87.923,2.499
mp-aaacgafm,189.429,142.047,47.382,145.289,117.475,27.814
mp-aaacgafn,82.728,72.553,10.175,46.497,36.265,10.232
mp-aaacgaga,41.392,21.924,19.468,37.095,38.433,1.338
mp-aaacgagj,126.050,106.088,19.962,71.871,70.187,1.684
mp-aaacgagu,125.948,105.237,20.711,71.471,69.499,1.972
mp-aaacgamu,302.943,256.691,46.252,,,
mp-aaacgamx,206.368,173.137,33.231,134.040,109.652,24.388
mp-aaacgaxf,83.023,129.539,46.516,68.471,63.387,5.084
mp-aaacgaxn,87.664,101.149,13.485,60.241,56.700,3.541
mp-aaacgazb,122.768,133.590,10.822,86.576,86.313,0.263
mp-aaacgbus,142.374,77.777,64.597,89.039,78.995,10.044
mp-aaacgbxv,117.612,146.477,28.865,76.296,84.867,8.571
mp-aaacgcvr,140.283,224.324,84.041,106.231,87.940,18.291
mp-aaacgcvv,15.287,27.252,11.965,8.606,10.015,1.409
mp-aaacgcvw,0.790,2.983,2.193,0.699,5.179,4.480
mp-aaacgczn,48.731,34.608,14.123,21.953,15.236,6.717
mp-aaacgczo,39.445,42.118,2.673,21.388,14.995,6.393
mp-aaacgczv,11.698,24.464,12.766,5.876,0.407,5.469
mp-aaacgdbq,35.604,36.928,1.324,16.230,21.118,4.888
mp-aaacgdcb,202.010,259.261,57.251,102.231,90.850,11.381
mp-aaacgdcl,75.852,78.125,2.273,26.749,18.971,7.778
mp-aaacgdcp,275.987,146.741,129.246,133.326,120.157,13.169
mp-aaacgddc,8.242,11.427,3.185,3.639,2.671,0.968
mp-aaacgdiy,33.105,28.373,4.732,-0.120,5.581,5.701
mp-aaacgdiz,68.126,87.248,19.122,11.095,32.584,21.489
mp-aaacgdjc,76.475,87.835,11.360,35.049,37.670,2.621
mp-aaacgdje,64.143,129.563,65.420,104.314,36.694,67.620
mp-aaacgdnf,40.719,67.253,26.534,125.594,22.982,102.612
mp-aaacgdpw,27.035,34.326,7.291,15.503,14.746,0.757
mp-aaacgdxr,46.621,74.137,27.516,21.126,27.966,6.840
mp-aaacgeae,46.163,57.972,11.809,15.920,19.852,3.932
mp-aaacgedr,46.323,70.895,24.572,19.814,33.198,13.384
mp-aaacgeom,35.637,31.432,4.205,18.822,19.367,0.545
mp-aaacgeqz,41.717,57.669,15.952,18.430,30.828,12.398
mp-aaacgexl,107.236,105.230,2.006,22.993,49.187,26.194
mp-aaacgexn,145.569,150.000,4.431,60.588,70.139,9.551
mp-aaacgexo,145.368,119.017,26.351,-129.690,-19.334,110.356
mp-aaacgexp,46.107,47.471,1.364,15.269,2.107,13.162
mp-aaacgexq,30.978,38.703,7.725,23.505,18.285,5.220
mp-aaacgexs,112.469,108.376,4.093,36.808,25.352,11.456
mp-aaacgfaq,31.352,25.310,6.042,16.441,19.712,3.271
mp-aaacgfmz,126.208,124.749,1.459,71.609,73.576,1.967
mp-aaacgfnb,97.683,83.507,14.176,44.106,42.615,1.491
mp-aaacgfnc,104.037,78.279,25.758,40.689,42.481,1.792
mp-aaacgfnd,38.496,56.283,17.787,17.300,24.312,7.012
mp-aaacgfng,19.095,44.006,24.911,10.273,11.327,1.054
mp-aaacgfoj,41.748,50.937,9.189,26.463,21.601,4.862
mp-aaacgfpp,42.167,43.493,1.326,24.369,20.873,3.496
mp-aaacgfqe,43.917,49.210,5.293,26.629,23.987,2.642
mp-aaacgfqj,33.592,51.758,18.166,-5.630,14.673,20.303
mp-aaacgful,34.780,29.054,5.726,13.092,23.477,10.385
mp-aaacgfuv,38.262,36.789,1.473,20.459,22.893,2.434
mp-aaacgfwg,33.841,27.363,6.478,18.212,24.047,5.835
mp-aaacggrs,10.685,137.110,126.425,8.675,9.449,0.774
mp-aaacggsc,9.262,98.399,89.137,6.363,-3.774,10.137
mp-aaacggse,9.224,78.674,69.450,7.663,4.052,3.611
mp-aaacggsh,15.035,128.584,113.549,10.803,17.315,6.512
mp-aaacggxf,30.666,44.300,13.634,14.149,18.839,4.690
mp-aaacggxj,205.034,186.592,18.442,28.066,43.721,15.655
mp-aaacgifi,79.602,63.626,15.976,53.287,46.201,7.086
mp-aaacgifj,88.333,88.142,0.191,35.539,32.886,2.653
mp-aaacgifl,109.749,63.499,46.250,55.500,43.120,12.380
mp-aaacgifr,171.359,178.637,7.278,66.442,106.480,40.038
mp-aaacgigm,161.456,146.375,15.081,57.587,61.153,3.566
mp-aaacgigp,104.289,84.875,19.414,14.049,36.350,22.301
mp-aaacgigs,251.607,282.865,31.258,120.981,110.062,10.919
mp-aaacgigt,86.857,68.951,17.906,24.491,39.520,15.029
mp-aaacgigv,247.431,361.477,114.046,123.130,112.455,10.675
mp-aaacgigw,110.424,101.737,8.687,33.425,42.348,8.923
mp-aaacgihm,146.818,127.663,19.155,119.851,121.736,1.885
mp-aaacgiht,177.350,187.712,10.362,74.395,86.586,12.191
mp-aaacgihy,163.795,148.676,15.119,57.770,54.400,3.370
mp-aaacgiie,79.699,75.045,4.654,25.792,42.502,16.710
mp-aaacgiig,189.776,201.558,11.782,76.477,81.112,4.635
mp-aaacgiiu,170.075,156.688,13.387,37.020,58.063,21.043
mp-aaacgiiv,140.178,120.888,19.290,44.998,55.028,10.030
mp-aaacgijg,193.609,240.361,46.752,95.922,96.847,0.925
mp-aaacgijr,157.220,136.885,20.335,96.466,78.087,18.379
mp-aaacgijt,53.735,61.540,7.805,30.622,31.361,0.739
mp-aaacgijv,232.651,316.754,84.103,131.531,91.474,40.057
mp-aaacgijz,246.928,352.994,106.066,123.894,106.083,17.811
mp-aaacgikb,76.389,50.586,25.803,40.268,34.788,5.480
mp-aaacgiku,70.145,66.009,4.136,42.435,36.966,5.469
mp-aaacgikx,11.861,46.999,35.138,9.650,18.674,9.024
mp-aaacgila,130.404,120.975,9.429,65.017,56.248,8.769
mp-aaacgild,84.386,96.525,12.139,58.396,54.261,4.135
mp-aaacgill,165.870,148.642,17.228,59.703,54.044,5.659
mp-aaacgilo,109.243,81.640,27.603,27.214,32.169,4.955
mp-aaacgilv,242.745,176.780,65.965,91.914,95.353,3.439
mp-aaacgily,72.283,83.928,11.645,30.387,17.300,13.087
mp-aaacgilz,216.199,220.829,4.630,53.324,71.929,18.605
mp-aaacgimg,115.869,102.013,13.856,48.519,42.214,6.305
mp-aaacgimi,79.760,85.745,5.985,56.864,45.166,11.698
mp-aaacgimq,66.669,86.006,19.337,-7.658,34.703,42.361
mp-aaacgimw,30.602,71.629,41.027,11.260,18.194,6.934
mp-aaacgimx,63.633,50.764,12.869,36.520,35.381,1.139
mp-aaacgina,42.627,70.421,27.794,11.277,48.445,37.168
mp-aaacginb,87.390,88.678,1.288,50.001,47.962,2.039
mp-aaacginc,170.195,210.062,39.867,88.212,108.110,19.898
mp-aaacgine,53.382,50.332,3.050,28.851,36.726,7.875
mp-aaacginh,154.477,134.981,19.496,53.791,44.328,9.463
mp-aaacginl,131.585,137.289,5.704,88.202,87.416,0.786
mp-aaacginn,133.265,152.514,19.249,85.459,96.040,10.581
mp-aaacginq,224.584,286.947,62.363,,,
mp-aaacgins,96.685,97.035,0.350,60.465,59.854,0.611
mp-aaacgint,104.193,101.587,2.606,65.901,59.446,6.455
mp-aaacginw,90.233,90.331,0.098,32.425,50.427,18.002
mp-aaacginx,35.076,41.741,6.665,15.978,21.619,5.641
mp-aaacgioa,48.783,44.933,3.850,29.443,32.507,3.064
mp-aaacgiob,166.232,136.685,29.547,74.225,87.029,12.804
mp-aaacgioc,64.874,65.705,0.831,46.863,51.084,4.221
mp-aaacgiod,165.827,170.876,5.049,135.007,115.243,19.764
mp-aaacgiof,17.305,35.634,18.329,8.639,7.077,1.562
mp-aaacgioh,197.567,182.714,14.853,60.385,55.055,5.330
mp-aaacgiok,100.763,88.748,12.015,41.320,40.467,0.853
mp-aaacgiol,84.543,92.103,7.560,43.307,44.197,0.890
mp-aaacgiom,292.905,262.641,30.264,133.885,137.352,3.467
mp-aaacgion,103.655,97.817,5.838,52.044,57.036,4.992
mp-aaacgiou,133.071,126.308,6.763,71.880,62.877,9.003
mp-aaacgiov,10.332,59.307,48.975,6.304,5.242,1.062
mp-aaacgiox,67.424,43.865,23.559,46.399,35.608,10.791
mp-aaacgioz,142.796,128.885,13.911,72.317,67.598,4.719
mp-aaacgipb,47.988,55.089,7.101,32.833,25.594,7.239
mp-aaacgipc,36.666,66.015,29.349,19.028,30.768,11.740
mp-aaacgipg,189.205,193.309,4.104,59.621,55.275,4.346
mp-aaacgiph,203.239,187.746,15.493,57.276,61.330,4.054
mp-aaacgipm,179.035,170.567,8.468,56.588,55.314,1.274
mp-aaacgipn,46.041,68.187,22.146,33.076,33.914,0.838
mp-aaacgipo,197.096,184.324,12.772,57.269,51.586,5.683
mp-aaacgipq,136.710,128.053,8.657,46.262,39.450,6.812
mp-aaacgipr,116.342,112.372,3.970,87.932,58.290,29.642
mp-aaacgips,92.785,81.990,10.795,58.933,56.039,2.894
mp-aaacgipt,86.188,91.800,5.612,52.911,45.914,6.997
mp-aaacgipx,108.798,106.497,2.301,50.857,56.792,5.935
mp-aaacgiqa,76.515,58.190,18.325,49.825,49.296,0.529
mp-aaacgiqe,96.870,101.622,4.752,66.519,61.859,4.660
mp-aaacgiqf,96.473,104.866,8.393,52.327,49.856,2.471
mp-aaacgiqg,96.793,93.951,2.842,62.390,65.215,2.826
mp-aaacgiqj,90.193,95.864,5.671,54.390,45.869,8.521
mp-aaacgiqk,93.026,94.749,1.723,50.935,45.851,5.084
mp-aaacgiqo,167.373,172.982,5.609,137.312,118.407,18.905
mp-aaacgiqq,126.950,120.745,6.205,33.622,35.499,1.877
mp-aaacgiqu,17.789,27.964,10.175,7.682,7.148,0.534
mp-aaacgiqz,97.330,89.623,7.707,52.000,45.198,6.802
mp-aaacgira,157.545,143.405,14.140,54.705,51.242,3.463
mp-aaacgird,144.919,132.893,12.026,57.259,47.811,9.448
mp-aaacgirf,91.139,78.793,12.346,53.452,48.377,5.075
mp-aaacgirg,181.898,187.569,5.671,94.657,106.713,12.056
mp-aaacgirh,24.684,49.004,24.320,10.938,7.604,3.334
mp-aaacgiri,156.439,134.818,21.621,66.367,70.136,3.769
mp-aaacgirj,13.971,25.181,11.210,6.614,3.635,2.979
mp-aaacgirm,214.190,210.012,4.178,67.858,67.980,0.122
mp-aaacgirn,218.902,206.717,12.185,74.715,76.554,1.839
mp-aaacgiro,209.307,198.725,10.582,73.003,65.842,7.161
mp-aaacgirp,15.699,26.538,10.839,11.197,9.677,1.520
mp-aaacgirq,34.259,68.611,34.352,21.565,34.763,13.198
mp-aaacgirs,177.684,169.558,8.126,110.244,85.599,24.645
mp-aaacgirt,171.663,154.907,16.756,102.849,78.397,24.452
mp-aaacgiru,53.889,71.772,17.883,29.918,39.181,9.263
mp-aaacgirw,89.884,75.766,14.118,45.094,50.501,5.407
mp-aaacgirx,69.621,39.662,29.959,41.997,33.174,8.823
mp-aaacgiry,53.833,74.124,20.291,136.526,40.422,96.104
mp-aaacgisb,114.211,115.447,1.236,59.756,59.484,0.272
mp-aaacgisc,37.238,43.034,5.796,17.944,24.489,6.545
mp-aaacgise,92.096,89.487,2.609,54.393,42.884,11.509
mp-aaacgish,82.772,46.503,36.269,49.134,37.352,11.782
mp-aaacgisj,144.791,131.893,12.898,53.252,40.959,12.293
mp-aaacgism,154.449,134.041,20.408,42.415,45.632,3.217
mp-aaacgisr,163.164,152.794,10.370,59.659,51.766,7.893
mp-aaacgiss,148.263,131.922,16.341,45.948,43.007,2.941
mp-aaacgisu,112.537,102.020,10.517,70.165,73.416,3.251
mp-aaacgisw,197.309,208.865,11.556,65.207,73.407,8.200
mp-aaacgisz,165.622,184.202,18.580,103.392,103.987,0.595
mp-aaacgitb,183.707,186.056,2.349,58.167,49.467,8.700
mp-aaacgitc,21.110,94.855,73.745,9.018,33.573,24.555
mp-aaacgitd,101.134,94.391,6.743,34.363,47.589,13.226
mp-aaacgitf,27.918,50.874,22.956,15.380,16.043,0.663
mp-aaacgiti,95.313,89.271,6.042,34.882,35.454,0.572
mp-aaacgitl,19.075,14.179,4.896,7.490,13.151,5.661
mp-aaacgitm,76.389,79.898,3.509,53.225,43.584,9.641
mp-aaacgitn,160.099,145.195,14.904,68.541,71.195,2.654
mp-aaacgito,201.214,176.916,24.298,71.228,53.146,18.082
mp-aaacgitp,100.231,87.718,12.513,72.274,49.609,22.665
mp-aaacgitt,186.651,185.853,0.798,54.754,47.258,7.496
mp-aaacgitv,21.185,42.044,20.859,6.531,15.665,9.134
mp-aaacgity,14.059,26.151,12.092,10.200,10.084,0.116
mp-aaacgitz,98.232,102.409,4.177,62.927,57.726,5.201
mp-aaacgiuc,36.339,57.079,20.740,9.030,21.653,12.623
mp-aaacgiud,124.980,127.894,2.914,81.239,72.842,8.397
mp-aaacgiuj,49.615,59.407,9.792,34.742,25.697,9.045
mp-aaacgiuk,152.092,145.978,6.114,58.097,46.262,11.835
mp-aaacgium,145.845,130.893,14.952,47.971,46.111,1.860
mp-aaacgiun,117.107,58.809,58.298,66.772,61.064,5.708
mp-aaacgiuo,22.211,118.649,96.438,63.614,35.217,28.397
mp-aaacgiup,37.730,38.622,0.892,25.111,19.969,5.142
mp-aaacgiur,180.729,183.528,2.799,48.286,36.580,11.706
mp-aaacgius,131.673,123.329,8.344,83.433,76.504,6.929
mp-aaacgiuu,194.200,202.244,8.044,67.167,60.220,6.947
mp-aaacgiuw,134.393,110.185,24.208,84.070,87.978,3.908
mp-aaacgiuy,59.913,75.403,15.490,26.878,22.899,3.979
mp-aaacgivc,95.067,100.292,5.225,59.557,59.245,0.312
mp-aaacgivd,118.477,134.185,15.708,80.656,67.501,13.155
mp-aaacgive,189.634,179.579,10.055,-2.093,46.765,48.858
mp-aaacgivi,198.864,190.258,8.606,66.434,55.052,11.382
mp-aaacgivk,155.926,144.055,11.871,68.605,54.854,13.751
mp-aaacgivl,6.037,-9.436,15.473,3.815,12.520,8.705
mp-aaacgivm,5.079,4.619,0.460,-1.283,14.098,15.381
mp-aaacgivn,85.957,80.126,5.831,53.183,50.950,2.233
mp-aaacgivp,10.114,46.123,36.009,5.050,7.258,2.208
mp-aaacgivq,49.149,82.051,32.902,32.385,38.155,5.770
mp-aaacgivr,160.424,168.235,7.811,128.824,112.409,16.415
mp-aaacgivx,200.192,179.825,20.367,52.542,53.532,0.990
mp-aaacgivy,196.589,182.106,14.483,52.206,48.239,3.967
mp-aaacgiwc,87.646,90.312,2.666,55.061,51.014,4.047
mp-aaacgiwf,116.907,105.887,11.020,64.624,74.381,9.757
mp-aaacgiwi,18.062,16.545,1.517,7.445,7.135,0.310
mp-aaacgiwj,171.945,219.982,48.037,78.948,96.472,17.524
mp-aaacgiwu,123.961,106.254,17.707,57.852,78.263,20.411
mp-aaacgiwv,110.101,125.797,15.696,36.535,42.649,6.114
mp-aaacgiwz,132.143,140.304,8.161,76.034,72.307,3.727
mp-aaacgixb,143.898,127.728,16.170,45.333,46.557,1.224
mp-aaacgixg,101.226,104.853,3.627,68.458,67.104,1.354
mp-aaacgixh,67.594,113.665,46.071,23.832,48.214,24.382
mp-aaacgixl,215.784,150.106,65.678,117.284,124.814,7.530
mp-aaacgixr,97.549,112.735,15.186,32.196,37.427,5.231
mp-aaacgixx,95.872,104.360,8.488,30.437,37.453,7.016
mp-aaacgiyb,195.615,196.944,1.329,126.196,131.997,5.801
mp-aaacgiyi,102.153,111.517,9.364,33.963,30.529,3.434
mp-aaacgiyj,116.677,119.925,3.248,70.719,45.411,25.308
mp-aaacgiyn,122.727,116.813,5.914,44.065,68.844,24.779
mp-aaacgiyp,112.151,121.317,9.166,2.313,53.369,51.056
mp-aaacgiyq,56.574,26.095,30.479,22.566,13.215,9.351
mp-aaacgiyr,126.648,125.176,1.472,84.924,80.151,4.773
mp-aaacgiyv,60.485,62.966,2.481,24.082,14.363,9.719
mp-aaacgizh,43.547,41.606,1.941,27.258,16.731,10.527
mp-aaacgizm,101.371,95.393,5.978,26.739,28.000,1.261
mp-aaacgjaf,174.748,164.292,10.456,134.256,122.529,11.727
mp-aaacgjai,63.497,74.820,11.323,28.999,34.148,5.149
mp-aaacgjal,259.931,232.991,26.940,,,
mp-aaacgjam,100.012,92.168,7.844,56.193,46.491,9.702
mp-aaacgjbg,115.186,148.508,33.322,77.680,69.859,7.821
mp-aaacgjbh,118.146,122.976,4.830,,,
mp-aaacgjbi,112.130,115.135,3.005,35.878,38.927,3.049
mp-aaacgjcf,19.502,16.676,2.826,7.414,10.773,3.359
mp-aaacgjcg,157.125,183.700,26.575,111.361,100.154,11.207
mp-aaacgjch,167.158,155.366,11.792,51.944,32.863,19.081
mp-aaacgjci,103.459,103.153,0.306,57.495,44.823,12.672
mp-aaacgjck,91.203,86.921,4.282,56.773,49.190,7.583
mp-aaacgjcn,212.426,216.020,3.594,119.819,140.874,21.055
mp-aaacgjcv,71.744,141.251,69.507,29.665,47.447,17.782
mp-aaacgjdb,19.263,98.712,79.449,14.933,23.682,8.749
mp-aaacgjdf,15.148,83.170,68.022,11.068,0.085,10.983
mp-aaacgjlv,13.904,86.482,72.578,9.713,2.612,7.101
mp-aaacgjos,17.107,125.887,108.780,11.985,19.276,7.291
mp-aaacgmog,18.749,115.729,96.980,8.256,10.624,2.368
mp-aaacgnti,16.447,67.893,51.446,12.676,9.190,3.486
mp-aaacgogj,19.986,97.569,77.583,14.183,8.814,5.369
mp-aaacgoop,104.541,146.652,42.111,58.104,76.988,18.884
mp-aaacgoov,132.827,193.421,60.594,19.372,40.562,21.190
mp-aaacgoow,122.599,127.360,4.761,79.606,66.004,13.602
mp-aaacgopa,152.958,181.810,28.852,60.484,46.009,14.475
mp-aaacgopf,159.589,148.378,11.211,113.863,85.191,28.672
mp-aaacgoqf,105.401,73.090,32.311,43.204,30.205,12.999
mp-aaacgoqg,83.514,93.962,10.448,48.959,41.235,7.724
mp-aaacgoqv,33.135,158.910,125.775,21.646,42.606,20.960
mp-aaacgoqy,39.935,86.587,46.652,39.756,25.149,14.607
mp-aaacgoqz,94.744,122.564,27.820,35.617,38.014,2.397
mp-aaacgorc,39.380,135.550,96.170,24.691,48.276,23.585
mp-aaacgorq,159.176,187.013,27.837,81.861,87.554,5.693
mp-aaacgoru,129.688,157.941,28.253,64.008,52.812,11.196
mp-aaacgorw,36.495,64.708,28.213,12.387,20.356,7.969
mp-aaacgorx,148.143,163.722,15.579,74.511,72.138,2.373
mp-aaacgory,147.437,243.250,95.813,66.596,103.388,36.792
mp-aaacgosh,66.018,74.382,8.364,33.563,22.921,10.642
mp-aaacgosj,67.613,80.479,12.866,37.741,35.912,1.829
mp-aaacgosr,63.702,104.001,40.299,33.023,37.854,4.831
mp-aaacgost,167.939,174.411,6.472,121.918,94.063,27.855
mp-aaacgotc,128.676,148.957,20.281,54.099,61.948,7.849
mp-aaacgoti,144.299,171.088,26.789,90.866,64.514,26.352
mp-aaacgotj,46.455,85.772,39.317,4.322,17.374,13.052
mp-aaacgotm,114.786,110.151,4.635,58.969,59.416,0.447
mp-aaacgott,112.952,155.117,42.165,85.985,77.038,8.947
mp-aaacgoud,87.366,149.179,61.813,47.814,58.469,10.655
mp-aaacgoue,114.728,164.401,49.673,44.495,47.533,3.038
mp-aaacgoul,129.861,124.169,5.692,83.772,73.758,10.014
mp-aaacgoum,135.298,132.252,3.046,78.625,65.805,12.820
mp-aaacgoup,87.392,133.129,45.737,88.233,49.122,39.111
mp-aaacgouq,118.753,150.591,31.838,50.692,48.957,1.735
mp-aaacgovc,39.714,84.476,44.762,18.619,9.647,8.972
mp-aaacgove,138.984,183.000,44.016,52.641,51.612,1.029
mp-aaacgovg,134.345,221.558,87.213,71.603,87.765,16.162
mp-aaacgovy,122.385,155.728,33.343,53.646,50.571,3.075
mp-aaacgowa,43.832,109.713,65.881,33.031,17.276,15.755
mp-aaacgowc,125.730,135.197,9.467,,,
mp-aaacgowe,70.247,129.499,59.252,38.982,57.539,18.557
mp-aaacgown,94.162,124.291,30.129,35.797,35.730,0.067
mp-aaacgowo,154.566,186.731,32.165,59.218,51.717,7.501
mp-aaacgoww,60.312,121.249,60.937,29.100,34.559,5.459
mp-aaacgowz,131.461,150.714,19.253,65.055,51.632,13.423
mp-aaacgoxe,79.323,75.891,3.432,54.329,54.431,0.102
mp-aaacgoxj,91.659,84.593,7.066,37.724,57.804,20.080
mp-aaacgoxu,69.598,110.909,41.311,26.776,47.445,20.669
mp-aaacgoxv,24.172,97.237,73.065,11.342,3.162,8.180
mp-aaacgoyc,84.311,146.945,62.634,72.584,63.252,9.332
mp-aaacgoyk,112.846,107.749,5.097,-0.803,53.774,54.577
mp-aaacgoyy,124.288,155.440,31.152,51.678,72.087,20.409
mp-aaacgoza,75.104,122.918,47.814,62.895,50.015,12.880
mp-aaacgozj,58.683,82.311,23.628,28.697,26.470,2.227
mp-aaacgozk,74.548,68.673,5.875,47.916,42.093,5.823
mp-aaacgozo,149.501,190.087,40.586,69.353,97.391,28.038
mp-aaacgozp,44.581,81.395,36.814,24.266,23.892,0.374
mp-aaacgozu,54.672,102.616,47.944,37.513,31.067,6.446
mp-aaacgpao,85.511,131.599,46.088,58.145,57.047,1.098
mp-aaacgpaz,37.747,94.123,56.376,19.922,33.528,13.606
mp-aaacgpba,39.663,98.597,58.934,14.170,31.203,17.033
mp-aaacgpbg,71.003,78.505,7.502,28.485,44.960,16.475
mp-aaacgpbs,80.904,122.929,42.025,44.751,43.917,0.834
mp-aaacgpbv,41.387,78.584,37.197,20.467,29.153,8.686
mp-aaacgpcf,44.140,90.035,45.895,22.139,32.928,10.789
mp-aaacgpck,79.531,74.018,5.513,45.005,48.590,3.585
mp-aaacgpdh,95.413,73.136,22.277,36.268,45.796,9.528
mp-aaacgpdo,48.894,91.234,42.340,26.010,23.668,2.342
mp-aaacgpea,141.881,180.604,38.723,94.254,89.239,5.015
mp-aaacgped,56.853,81.123,24.270,29.774,33.427,3.653
mp-aaacgpee,53.691,102.563,48.872,38.074,33.490,4.584
mp-aaacgpeh,71.871,72.890,1.019,46.556,55.953,9.397
mp-aaacgpei,86.996,65.534,21.462,41.251,58.227,16.976
mp-aaacgpfv,17.810,61.115,43.305,3.776,3.997,0.221
mp-aaacgpfy,161.671,202.939,41.268,77.978,97.307,19.329
mp-aaacgpgh,46.808,141.028,94.220,10.582,37.403,26.821
mp-aaacgpgw,83.440,137.802,54.362,58.897,46.165,12.732
mp-aaacgpha,88.682,72.500,16.182,42.246,61.996,19.750
mp-aaacgphd,104.031,118.960,14.929,52.829,65.494,12.665
mp-aaacgphh,88.844,77.129,11.715,45.204,51.480,6.276
mp-aaacgphj,76.660,147.283,70.623,69.192,64.233,4.959
mp-aaacgphl,65.898,92.886,26.988,39.114,33.062,6.052
mp-aaacgphu,61.376,78.688,17.312,34.671,35.747,1.076
mp-aaacgpia,29.455,42.973,13.518,12.232,9.212,3.020
mp-aaacgpih,102.342,182.541,80.199,-27.923,34.770,62.693
mp-aaacgpiu,83.069,131.960,48.891,43.636,66.879,23.243
mp-aaacgpix,148.878,178.796,29.918,74.731,74.062,0.669
mp-aaacgpja,108.798,117.154,8.356,49.934,62.706,12.772
mp-aaacgpjc,25.925,41.933,16.008,11.927,16.075,4.148
mp-aaacgpjj,119.793,110.010,9.783,61.364,48.452,12.912
mp-aaacgpjr,72.970,87.636,14.666,33.654,40.606,6.952
mp-aaacgpks,84.062,139.451,55.389,64.411,60.818,3.593
mp-aaacgpky,81.221,89.651,8.430,41.117,46.752,5.635
mp-aaacgpla,157.330,204.844,47.514,75.632,101.493,25.861
mp-aaacgple,92.015,127.622,35.607,32.947,50.017,17.070
mp-aaacgpmi,81.348,92.549,11.201,38.641,53.150,14.509
mp-aaacgpms,92.183,119.401,27.218,30.400,43.957,13.557
mp-aaacgpnr,110.992,189.716,78.724,59.002,86.749,27.747
mp-aaacgpoj,112.618,110.006,2.612,59.404,72.470,13.066
mp-aaacgpol,88.705,105.521,16.816,46.392,50.500,4.108
mp-aaacgpou,80.750,159.667,78.917,46.341,49.387,3.046
mp-aaacgppf,79.585,69.131,10.454,52.240,61.844,9.604
mp-aaacgqxf,16.340,86.409,70.069,11.578,12.266,0.688
mp-aaachcqp,41.755,53.531,11.776,20.186,12.741,7.445
mp-aaachcsk,42.487,55.608,13.121,10.818,10.659,0.159
mp-aaachcso,20.499,65.953,45.454,-15.128,-6.003,9.125
mp-aaachcux,20.037,-30.937,50.974,8.857,10.640,1.783
mp-aaachcwh,26.262,37.511,11.249,9.932,4.208,5.724
mp-aaachcwi,65.112,83.178,18.066,27.355,19.787,7.568
mp-aaachcxa,48.424,71.968,23.544,-16.528,-3.191,13.337
mp-aaachcyb,21.589,2.568,19.021,6.514,12.611,6.097
mp-aaachcym,40.284,52.425,12.141,14.201,14.956,0.755
mp-aaachcyp,40.188,50.746,10.558,8.885,14.826,5.941
mp-aaachdah,48.143,77.238,29.095,7.203,19.886,12.683
mp-aaachdbr,38.741,44.734,5.993,13.855,14.183,0.328
mp-aaachdcj,40.241,32.912,7.329,12.544,8.699,3.845
mp-aaachdck,38.471,44.892,6.421,-128.391,15.054,143.445
mp-aaachdcl,39.454,35.051,4.403,4.819,11.367,6.548
mp-aaachded,61.207,85.131,23.924,-3.025,22.636,25.661
mp-aaachdeh,18.586,46.582,27.996,0.454,-5.103,5.557
mp-aaachdei,41.638,54.847,13.209,12.967,17.125,4.158
mp-aaachdff,32.750,31.469,1.281,19.961,16.459,3.502
mp-aaachdfm,46.143,43.475,2.668,17.567,6.463,11.104
mp-aaachdhe,39.456,30.751,8.705,7.408,15.498,8.090
mp-aaachdho,22.911,44.329,21.418,6.963,6.899,0.064
mp-aaachdij,19.475,-27.621,47.096,11.541,10.088,1.453
mp-aaachdjq,41.447,48.965,7.518,5.239,12.126,6.887
mp-aaachdku,20.668,-16.104,36.772,2.458,11.693,9.235
mp-aaachdkv,38.235,47.355,9.120,12.876,16.147,3.271
mp-aaachdlh,39.702,40.113,0.411,,,
mp-aaachdns,21.470,1.111,20.359,8.429,12.896,4.467
mp-aaachdoh,29.005,20.452,8.553,9.348,20.646,11.298
mp-aaachdoj,18.063,18.467,0.404,7.009,8.342,1.333
mp-aaachdqg,38.040,39.366,1.326,17.452,13.240,4.212
mp-aaachdqt,26.729,46.072,19.343,6.686,5.093,1.593
mp-aaachdtc,30.802,56.565,25.763,-0.969,-3.120,2.151
mp-aaachfdz,197.673,145.643,52.030,104.983,53.868,51.116
mp-aaachgfy,81.581,54.129,27.452,53.960,38.365,15.595
mp-aaachgoh,85.547,95.121,9.574,38.622,43.521,4.899
mp-aaachhos,6.954,41.550,34.596,8.086,15.044,6.958
mp-aaachhpv,1.723,46.420,44.697,0.576,10.089,9.513
mp-aaachhqt,78.076,91.596,13.520,35.946,40.019,4.073
mp-aaachnky,27.729,77.769,50.040,8.573,25.749,17.176
mp-aaachovw,64.706,77.852,13.146,26.799,20.516,6.283
mp-aaachpav,60.487,113.251,52.764,26.547,44.010,17.463
mp-aaachpbg,63.223,125.800,62.577,33.875,40.500,6.625
mp-aaachpsj,105.439,139.485,34.046,49.916,42.617,7.299
mp-aaachwgl,59.925,52.518,7.407,25.405,33.306,7.901
mp-aaacidma,79.044,76.533,2.511,-96.391,-101.019,4.628
mp-aaacidmu,9.862,-4.671,14.533,5.449,0.313,5.136
mp-aaacieaw,8.987,18.713,9.726,6.816,2.198,4.618
mp-aaaciegr,12.355,11.437,0.918,-32.593,-7.748,24.845
mp-aaacievi,120.896,103.720,17.176,,,
mp-aaacifbn,89.968,29.080,60.888,15.186,-2.224,17.410
mp-aaacifid,29.740,171.426,141.686,10.827,8.053,2.774
mp-aaacifix,23.422,23.146,0.276,-11.402,11.299,22.701
mp-aaacigyq,32.605,26.324,6.281,13.525,9.683,3.842
mp-aaaciliy,-171.337,61.535,232.872,,,
mp-aaacimmv,13.650,15.712,2.062,5.187,6.720,1.533
mp-aaaciojo,5.642,66.447,60.805,3.789,13.050,9.261
mp-aaaciouk,111.998,120.178,8.180,38.731,61.446,22.715
mp-aaacipap,88.221,168.566,80.345,50.804,58.704,7.900
mp-aaacipat,67.304,90.989,23.685,14.716,19.110,4.394
mp-aaacipiz,10.987,-68.153,79.140,3.458,-16.768,20.226
mp-aaaciqas,350.498,316.882,33.616,,,
mp-aaaciqqt,87.558,72.001,15.557,47.731,55.808,8.077
mp-aaaciuim,56.912,90.748,33.836,25.387,38.148,12.761
mp-aaaciwgq,103.918,86.672,17.246,47.820,53.356,5.536
mp-aaaciycv,167.643,130.140,37.503,62.880,66.238,3.358
mp-aaaciycx,151.371,138.439,12.932,72.048,69.073,2.975
mp-aaaciyzo,87.707,106.501,18.794,41.614,45.465,3.851
mp-aaacizdd,28.836,37.973,9.137,9.471,14.421,4.950
mp-aaacjabt,65.924,113.090,47.166,24.115,40.192,16.077
mp-aaacjbcb,61.099,74.548,13.449,15.772,35.352,19.580
mp-aaacjbeg,60.169,69.311,9.142,38.323,31.413,6.910
mp-aaacjhja,61.628,69.475,7.847,37.017,34.313,2.704
mp-aaacjhoa,353.556,267.996,85.560,,,
mp-aaacjhsr,156.801,74.831,81.970,90.200,46.361,43.839
mp-aaacjigx,88.774,94.707,5.933,28.123,14.246,13.877
mp-aaacjiov,124.285,120.180,4.105,58.378,44.355,14.023
mp-aaacjjan,3.070,16.391,13.321,18.317,11.345,6.972
mp-aaacjjbh,273.514,249.153,24.361,,,
mp-aaacjjcg,274.936,259.833,15.103,,,
mp-aaacjjgn,351.233,323.742,27.491,,,
mp-aaacjjjk,142.529,127.823,14.706,76.408,80.936,4.528
mp-aaacjjkr,69.780,88.151,18.371,36.326,38.457,2.131
mp-aaacjjlu,141.771,117.430,24.341,9.952,36.770,26.818
mp-aaacjjoq,42.537,63.386,20.849,21.354,26.010,4.656
mp-aaacjkeu,61.934,79.750,17.816,17.699,33.881,16.182
mp-aaacjkhi,181.635,118.647,62.988,135.997,66.990,69.007
mp-aaacjknf,55.737,58.223,2.486,32.789,27.796,4.993
mp-aaacjknu,183.184,171.862,11.322,108.614,78.560,30.054
mp-aaacjkrk,338.097,338.294,0.197,195.212,175.167,20.045
mp-aaacjkuv,262.930,296.985,34.055,188.133,153.534,34.599
mp-aaacjlcf,145.308,189.723,44.415,118.054,122.355,4.301
mp-aaacjlcg,140.020,91.788,48.232,78.541,78.335,0.206
mp-aaacjlmm,56.915,48.852,8.063,41.307,40.052,1.255
mp-aaacjmqa,304.935,258.008,46.927,,,
mp-aaacjwtd,201.105,244.366,43.261,194.582,162.580,32.002
mp-aaackiml,34.513,150.799,116.286,13.115,54.178,41.063
mp-aaackiov,173.577,187.469,13.892,124.059,125.230,1.171
mp-aaackipy,149.065,169.088,20.023,64.776,34.185,30.591
mp-aaackira,35.760,87.109,51.349,3.478,31.696,28.218
mp-aaackisd,85.104,65.573,19.531,48.429,45.912,2.517
mp-aaackivq,229.350,191.639,37.711,121.212,72.519,48.693
mp-aaackkmp,121.500,143.180,21.680,76.989,89.344,12.355
mp-aaackqye,222.105,212.018,10.087,117.091,114.479,2.612
mp-aaackrev,84.414,70.231,14.183,27.253,39.119,11.866
mp-aaackryp,92.315,102.576,10.261,35.417,33.708,1.709
mp-aaackryw,82.772,67.673,15.100,121.332,45.296,76.036
mp-aaackshq,130.886,131.296,0.410,52.850,44.626,8.224
mp-aaackslv,101.016,94.945,6.071,37.118,36.686,0.432
mp-aaackssl,68.625,102.370,33.745,28.161,44.145,15.984
mp-aaacktbd,276.868,225.958,50.910,,,
mp-aaackthy,79.756,68.214,11.542,52.875,33.036,19.839
mp-aaackumd,-8.141,97.261,105.402,0.793,63.335,62.542
mp-aaackupu,47.099,76.177,29.078,12.815,29.843,17.028
mp-aaackurx,50.704,72.650,21.946,11.300,18.585,7.285
mp-aaackvdw,60.633,69.937,9.304,45.953,34.377,11.576
mp-aaackvor,213.636,228.173,14.537,195.974,141.652,54.322
mp-aaackwvr,138.817,97.536,41.281,66.968,52.347,14.621
mp-aaackxmx,89.508,85.689,3.819,31.475,33.529,2.054
mp-aaackxny,11.595,40.088,28.493,6.079,3.351,2.728
mp-aaackxqf,156.673,83.069,73.604,65.355,73.468,8.113
mp-aaackxsj,71.114,74.504,3.390,51.133,41.166,9.967
mp-aaackxtl,111.184,103.126,8.058,84.477,54.541,29.936
mp-aaackxua,33.361,86.156,52.795,27.707,25.484,2.223
mp-aaackxwh,203.871,189.386,14.485,115.136,128.801,13.665
mp-aaackyhw,-47.533,142.809,190.342,23.307,57.882,34.575
mp-aaackyjk,362.159,319.027,43.132,142.666,154.534,11.868
mp-aaackyjo,274.672,250.688,23.984,,,
mp-aaackysa,216.780,203.636,13.144,121.151,116.930,4.221
mp-aaacltmd,67.850,97.655,29.805,28.045,82.304,54.259
mp-aaacmgss,79.469,87.188,7.719,53.835,58.112,4.277
mp-aaacpdqk,12.339,81.564,69.225,26.828,40.280,13.452
mp-aaacpdyp,141.905,137.142,4.763,37.166,48.553,11.387
mp-aaacpdzj,50.398,31.856,18.542,13.638,31.439,17.801
mp-aaacpggi,15.864,35.123,19.259,10.493,9.633,0.860
mp-aaacpgxn,46.552,66.249,19.697,16.064,20.975,4.911
mp-aaacpjap,357.173,361.497,4.324,,,
mp-aaacpkhu,7.877,5.295,2.582,3.948,5.580,1.632
mp-aaacpkij,11.457,2.353,9.104,2.516,12.657,10.141
mp-aaacpkpn,3.576,-39.457,43.033,1.623,2.767,1.144
mp-aaacpkpt,359.910,350.052,9.858,,,
mp-aaacpkqd,323.477,283.223,40.254,198.555,163.854,34.701
mp-aaacpktr,6.710,45.233,38.523,2.555,-0.279,2.834
mp-aaacplgz,52.049,54.668,2.619,42.979,36.201,6.778
mp-aaacpmmc,18.941,32.348,13.407,6.198,2.914,3.284
mp-aaacpnse,4.215,1.975,2.240,1.491,8.673,7.182
mp-aaacpnub,364.898,363.528,1.370,196.072,185.252,10.820
mp-aaacpnuc,365.406,319.333,46.073,207.287,199.164,8.123
mp-aaacpnux,328.997,270.490,58.507,175.246,173.577,1.669
mp-aaacppoz,21.448,5.847,15.601,10.388,6.648,3.740
mp-aaacpqbh,141.045,151.637,10.592,52.772,65.520,12.748
mp-aaacpqrt,302.640,320.150,17.510,153.142,159.202,6.060
mp-aaacprkl,91.797,84.472,7.325,31.336,34.429,3.093
mp-aaacprlm,340.640,101.848,238.792,37.755,23.464,14.291
mp-aaacprod,310.237,195.919,114.318,,,
mp-aaacpthb,19.985,34.081,14.096,4.360,8.573,4.213
mp-aaacptjk,14.053,39.488,25.435,4.908,4.730,0.178
mp-aaacptkb,128.842,155.249,26.407,64.990,58.763,6.227
mp-aaacptmd,18.333,1.500,16.833,0.288,2.021,1.733
mp-aaacptpp,136.052,120.834,15.218,48.153,51.999,3.846
mp-aaacptuh,155.341,174.019,18.678,79.573,61.405,18.168
mp-aaacpuks,181.007,180.943,0.064,153.686,143.340,10.346
mp-aaacputy,223.874,239.907,16.033,172.568,170.461,2.107
mp-aaacpwli,106.023,120.028,14.005,64.802,70.002,5.200
mp-aaacqaek,14.375,19.582,5.207,7.765,6.033,1.732
mp-aaacqbhn,31.174,53.720,22.546,13.415,13.162,0.253
mp-aaacqbkm,226.401,210.407,15.994,195.537,175.477,20.060
mp-aaacqbnf,61.818,112.316,50.498,28.883,28.760,0.123
mp-aaacqcgt,46.316,61.860,15.544,26.647,32.027,5.380
mp-aaacqexm,,,,10.445,25.411,14.966
mp-aaacqfhu,27.639,40.176,12.537,11.100,10.642,0.458
mp-aaacqgau,-0.011,34.233,34.244,0.753,9.462,8.709
mp-aaacqgqk,138.937,155.960,17.023,62.765,46.847,15.918
mp-aaacqhqp,27.179,77.667,50.488,11.096,8.284,2.812
mp-aaacqiyf,20.395,51.901,31.506,12.493,14.864,2.371
mp-aaacqozz,0.936,59.700,58.764,0.749,6.924,6.175
mp-aaacqpab,43.817,79.640,35.823,32.433,34.752,2.319
mp-aaacqqrp,277.143,302.131,24.988,,,
mp-aaacqtpe,327.072,359.016,31.944,,,
mp-aaacqxfa,218.149,247.863,29.714,174.986,149.099,25.887
mp-aaacrdpq,242.634,250.813,8.179,,,
mp-aaacrdqk,232.951,222.271,10.680,193.022,166.417,26.605
mp-aaacrdqv,268.949,261.221,7.728,,,
mp-aaacrdqx,260.513,249.248,11.265,,,
mp-aaacrfgp,354.771,311.871,42.900,132.178,156.155,23.977
mp-aaacrfjr,201.539,308.308,106.769,188.983,186.749,2.234
mp-aaacrfko,279.569,283.589,4.020,,,
mp-aaacrfmj,271.858,293.924,22.066,211.081,196.206,14.875
mp-aaacrfnn,295.129,308.728,13.599,,,
mp-aaacrfof,293.232,291.827,1.405,,,
mp-aaacrfux,267.608,330.545,62.937,,,
mp-aaacrfvw,268.260,305.046,36.786,,,
mp-aaacrggk,277.905,312.959,35.054,,,
mp-aaacrgvr,306.075,271.580,34.495,167.325,159.058,8.267
mp-aaacrhne,293.658,332.448,38.790,,,
mp-aaacrhqg,276.819,327.720,50.901,,,
mp-aaacrhrg,308.794,255.619,53.175,198.354,168.380,29.974
mp-aaacrhso,245.291,315.508,70.217,179.007,187.822,8.815
mp-aaacrhsu,315.136,259.568,55.568,199.102,206.924,7.822
mp-aaacrhsv,296.676,282.070,14.606,188.191,187.779,0.412
mp-aaacrhte,324.571,302.516,22.055,194.458,198.629,4.171
mp-aaacrhtf,266.336,291.147,24.811,207.503,195.418,12.085
mp-aaacrjzz,282.182,253.883,28.299,137.973,145.227,7.254
mp-aaacrkaf,385.891,327.477,58.414,,,
mp-aaacrkbx,11.822,26.162,14.340,7.082,0.441,6.641
mp-aaacrkfs,19.292,6.562,12.730,8.997,9.478,0.481
mp-aaacrktz,355.651,337.005,18.646,,,
mp-aaacrlgp,287.133,308.914,21.781,,,
mp-aaacrlhv,297.126,272.748,24.378,188.514,200.741,12.227
mp-aaacrlsc,303.254,285.784,17.470,195.691,200.448,4.757
mp-aaacrmur,365.494,213.151,152.343,,,
mp-aaacrmzn,353.135,265.561,87.574,,,
mp-aaacrqdr,374.508,363.320,11.188,195.756,180.559,15.197
mp-aaacrqen,354.211,326.154,28.057,,,
mp-aaacrqlo,326.804,317.649,9.155,201.523,169.841,31.682
mp-aaacrqya,244.894,228.922,15.972,,,
mp-aaacrrav,269.121,301.022,31.901,169.356,132.668,36.688
mp-aaacrrbb,247.465,289.476,42.011,,,
mp-aaacrrbv,277.689,300.957,23.268,,,
mp-aaacrrdo,268.296,281.951,13.655,,,
mp-aaacrtlk,10.872,11.824,0.952,5.362,0.220,5.142
mp-aaacrtxj,17.551,11.333,6.218,7.136,7.967,0.831
mp-aaacrtze,301.097,293.825,7.272,201.556,225.089,23.533
mp-aaacrudk,307.831,255.171,52.660,187.727,157.005,30.723
mp-aaacrxnb,320.077,303.452,16.625,,,
mp-aaacrxne,291.541,315.190,23.649,187.638,185.561,2.077
mp-aaacrxnw,209.358,243.516,34.158,186.929,162.637,24.292
mp-aaacrxpd,210.762,243.510,32.748,64.025,162.616,98.591
mp-aaacsczr,128.198,224.100,95.902,101.322,87.863,13.459
mp-aaacsmot,238.023,242.801,4.778,184.835,159.496,25.339
mp-aaactgqb,172.924,166.833,6.091,67.583,67.754,0.171
mp-aaacyhjq,118.951,152.926,33.975,56.266,53.956,2.310
mp-aaacyoks,155.411,131.220,24.191,86.945,81.795,5.150
mp-aaadaeow,128.105,66.447,61.658,63.424,68.341,4.917
mp-aaadasyd,15.823,36.854,21.031,16.557,25.308,8.751
mp-aaadattb,126.099,84.794,41.305,57.544,40.872,16.672
mp-aaadaxfe,107.769,85.316,22.453,46.162,61.795,15.633
mp-aaadbbsq,29.275,53.960,24.685,8.090,18.644,10.554
mp-aaadbcnc,30.307,70.998,40.691,14.349,27.863,13.514
mp-aaadbddi,42.723,100.394,57.671,28.477,57.842,29.365
mp-aaadbevu,35.720,96.674,60.954,,,
mp-aaadbfsb,120.350,91.228,29.122,44.148,26.662,17.486
mp-aaadbisu,55.059,15.174,39.885,20.038,23.109,3.071
mp-aaadbrgu,68.540,81.734,13.194,37.802,49.971,12.169
mp-aaadbrue,71.914,83.873,11.959,37.282,52.860,15.578
mp-aaadbsgu,26.839,41.436,14.597,-0.304,10.645,10.949
mp-aaadbunb,143.969,260.657,116.688,38.369,72.102,33.733
mp-aaadbusv,108.953,167.104,58.151,72.905,73.841,0.937
mp-aaadbvah,109.740,159.923,50.183,62.484,77.197,14.713
mp-aaadbyft,157.932,108.576,49.356,47.729,35.101,12.628
mp-aaadbymz,60.301,94.128,33.827,32.665,19.908,12.757
mp-aaadbzwy,119.883,95.490,24.393,36.082,31.654,4.428
mp-aaadcbsm,47.363,63.123,15.760,17.435,16.912,0.523
mp-aaadcdgv,86.709,131.093,44.384,32.379,42.037,9.658
mp-aaadciww,187.703,147.682,40.021,33.469,78.896,45.427
mp-aaadcjdh,145.937,145.285,0.652,73.976,44.160,29.816
mp-aaadcjud,135.269,92.486,42.783,40.831,33.903,6.928
mp-aaadckzv,105.509,77.197,28.312,48.521,66.168,17.647
mp-aaadclgq,39.182,91.313,52.131,13.302,47.587,34.285
mp-aaadcppj,115.898,84.517,31.381,6.923,25.485,18.562
mp-aaadcsho,134.977,131.492,3.485,38.010,41.641,3.631
mp-aaadctaf,152.504,125.524,26.980,34.036,-15.431,49.467
mp-aaadctjr,36.048,60.307,24.259,15.287,35.769,20.482
mp-aaadcvwk,116.636,139.680,23.044,6.697,2.196,4.501
mp-aaadcwvn,127.135,92.726,34.409,73.559,71.905,1.654
mp-aaadcxpl,6.171,53.036,46.865,3.564,30.286,26.722
mp-aaaddbvu,113.052,91.331,21.721,19.427,20.652,1.225
mp-aaadddpu,152.634,103.974,48.660,53.245,72.511,19.266
mp-aaaddgxc,147.992,240.636,92.644,27.861,27.777,0.084
mp-aaaddkle,308.354,327.443,19.089,149.602,182.236,32.634
mp-aaaddkuv,136.422,213.892,77.470,50.155,25.258,24.897
mp-aaaddlxh,127.829,130.237,2.408,11.997,6.268,5.729
mp-aaaddmwh,182.599,163.349,19.250,81.280,48.404,32.876
mp-aaaddpts,131.603,177.507,45.904,-77.919,-47.551,30.368
mp-aaaddtgg,188.993,168.714,20.279,58.897,32.027,26.870
mp-aaadedbm,141.445,116.593,24.852,43.928,48.078,4.150
mp-aaadeemt,127.838,70.980,56.858,41.610,51.570,9.960
mp-aaadefoj,55.273,34.848,20.425,-101.339,-1.484,99.855
mp-aaadefsc,7.511,15.136,7.625,11.184,21.615,10.431
mp-aaadfzap,180.192,171.918,8.274,63.163,51.743,11.420
mp-aaadhpig,160.131,142.555,17.576,47.974,33.154,14.820
mp-aaadiszd,71.431,65.477,5.954,40.169,49.289,9.120
mp-aaaditgp,132.434,179.593,47.159,56.294,48.870,7.424
mp-aaadjlob,9.779,57.230,47.451,-24.614,4.625,29.239
mp-aaadjmyx,28.202,71.259,43.057,8.147,13.040,4.893
mp-aaadjpcn,194.214,168.956,25.258,59.754,71.987,12.233
mp-aaadjsgw,16.491,75.587,59.096,11.846,9.313,2.533
mp-aaadjtde,12.624,18.497,5.873,6.148,11.423,5.275
mp-aaadjulw,9.808,33.791,23.983,4.580,5.302,0.722
mp-aaadjxmb,-159.796,73.773,233.569,-95.458,-10.901,84.557
mp-aaadjyvo,33.938,27.408,6.530,23.465,22.346,1.119
mp-aaadjzau,6.181,17.407,11.226,3.265,10.142,6.877
mp-aaaegtjv,25.511,12.142,13.369,10.716,6.173,4.543
mp-aaaeijno,46.967,57.235,10.268,23.696,31.782,8.086
mp-aaaeiktf,31.598,16.846,14.752,12.344,14.143,1.799
mp-aaaekrzj,2.568,53.158,50.590,68.257,4.685,63.572
mp-aaaelcam,25.252,76.875,51.623,12.062,18.072,6.010
mp-aaaelgps,9.903,78.501,68.598,6.919,17.282,10.363
mp-aaaelwww,6.830,79.073,72.243,4.919,3.369,1.550
mp-aaaemsyl,57.133,72.342,15.209,21.765,21.909,0.144
mp-aaaewiwb,133.739,161.297,27.558,76.212,72.495,3.717
mp-aaaewpfx,67.337,92.902,25.565,37.194,35.197,1.997
mp-aaafdnwp,47.923,52.651,4.728,11.264,17.228,5.964
mp-aaafdsif,117.290,132.367,15.077,40.927,36.396,4.531
mp-aaafdsxr,6.951,27.087,20.136,4.850,17.605,12.755
mp-aaafdvbl,82.314,100.996,18.682,205.333,121.390,83.943
mp-aaafdvub,9.513,3.520,5.993,5.496,8.661,3.165
mp-aaafdwji,42.688,138.248,95.560,0.799,72.514,71.715
mp-aaafdwlt,12.842,39.161,26.319,8.873,20.736,11.863
mp-aaafdxez,17.198,79.542,62.344,6.688,11.504,4.816
mp-aaafdxgq,7.860,70.081,62.221,4.879,-0.988,5.867
mp-aaafeaud,15.322,20.504,5.182,-4.103,8.635,12.738
mp-aaafecfi,58.448,51.565,6.883,128.338,47.281,81.057
mp-aaafecms,23.430,54.610,31.180,10.796,17.989,7.193
mp-aaafehfz,12.606,71.235,58.629,5.100,5.298,0.198
mp-aaafekuc,65.249,72.268,7.019,23.295,15.717,7.578
mp-aaafekuv,25.554,32.061,6.507,12.984,8.495,4.489
mp-aaafekwf,33.833,43.149,9.316,29.535,28.260,1.275
mp-aaafepjt,71.293,75.002,3.709,34.235,28.069,6.166
mp-aaafexrn,78.177,137.698,59.521,9.851,38.186,28.335
mp-aaaffcsd,89.352,80.370,8.982,42.035,55.169,13.134
mp-aaaffkqd,87.228,65.826,21.402,43.197,46.434,3.237
mp-aaaffoui,57.491,74.651,17.160,22.771,14.827,7.944
mp-aaafgfrj,299.032,302.420,3.388,148.726,170.681,21.955
mp-aaafhbgq,93.317,105.818,12.501,19.434,38.944,19.510
mp-aaafhlhi,43.601,67.364,23.763,21.384,15.351,6.033
mp-aaafhmhi,60.482,65.137,4.655,10.160,20.355,10.195
mp-aaafhsfr,47.823,43.272,4.551,44.806,37.367,7.439
mp-aaafhsgi,56.861,103.459,46.598,17.976,26.528,8.552
mp-aaafhsov,28.078,-4.317,32.395,18.076,14.392,3.684
mp-aaafhtqa,3.662,-0.800,4.462,1.144,-6.460,7.604
mp-aaafhvbj,2.439,22.540,20.101,2.054,8.829,6.775
mp-aaafhwgd,0.203,90.821,90.618,0.200,10.948,10.748
mp-aaafhzny,159.058,248.486,89.428,6.653,-15.256,21.909
mp-aaafjsiw,5.512,117.978,112.466,0.512,7.821,7.309
mp-aaafjtql,4.359,56.552,52.193,1.297,4.359,3.062
mp-aaafjttj,7.946,59.062,51.116,4.371,6.616,2.245
mp-aaafjxek,148.381,187.628,39.247,59.017,44.834,14.183
mp-aaafjxih,6.670,33.682,27.012,3.699,2.696,1.003
mp-aaafkfqe,31.855,31.194,0.661,11.580,11.168,0.412
mp-aaafkmaw,62.759,71.240,8.481,30.220,30.020,0.200
mp-aaafkmcl,80.565,96.310,15.745,31.703,44.137,12.434
mp-aaafkmdf,129.576,160.324,30.748,91.595,91.951,0.356
mp-aaafkwew,34.988,76.084,41.096,27.752,33.260,5.508
mp-aaaflcev,33.128,15.681,17.447,26.704,23.971,2.733
mp-aaaflckx,44.710,42.450,2.260,22.319,24.041,1.722
mp-aaaflpdr,201.371,189.989,11.382,86.946,84.113,2.833
mp-aaaflvuj,52.707,43.066,9.641,32.578,43.070,10.492
mp-aaafmqdn,49.604,65.682,16.078,21.994,15.603,6.391
mp-aaafnbaf,54.308,59.834,5.526,29.553,27.563,1.990
mp-aaafnets,113.320,210.035,96.715,87.786,67.323,20.463
mp-aaafngpc,37.434,64.500,27.066,19.608,14.435,5.173
mp-aaafnrhd,160.644,190.728,30.084,79.641,76.208,3.433
mp-aaafnzjq,134.524,129.113,5.411,18.854,22.181,3.327
mp-aaafqzqh,-12.404,131.993,144.397,22.274,82.838,60.564
mp-aaaftaxl,79.134,78.422,0.712,26.205,38.940,12.735
mp-aaaftbhv,37.708,44.053,6.345,24.755,26.084,1.329
mp-aaaftlrb,50.172,61.969,11.797,19.045,14.633,4.412
mp-aaaftpiy,7.622,-30.702,38.324,3.832,2.003,1.829
mp-aaaftrdu,187.237,180.081,7.156,73.013,75.855,2.842
mp-aaafubiu,89.312,95.575,6.263,49.715,68.725,19.010
mp-aaafussj,21.762,14.379,7.383,8.403,9.864,1.461
mp-aaafuupd,76.885,71.311,5.574,32.205,41.552,9.347
mp-aaafvagi,122.592,73.134,49.458,44.726,56.399,11.673
mp-aaafvitu,17.533,45.998,28.465,10.774,13.429,2.655
mp-aaafvlbp,49.367,70.487,21.120,26.895,30.394,3.499
mp-aaafvqnr,76.292,95.113,18.821,44.811,41.315,3.496
mp-aaafwben,80.417,46.997,33.420,43.487,32.399,11.088
mp-aaafwfix,100.955,191.100,90.145,24.650,31.242,6.592
mp-aaafwilm,27.378,52.657,25.279,13.766,24.192,10.426
mp-aaafwmcv,7.347,47.487,40.140,3.907,2.099,1.808
mp-aaafwmfk,121.564,231.429,109.865,25.475,14.014,11.461
mp-aaafxjyb,285.830,-10.265,296.095,22.971,9.871,13.100
mp-aaafxjyp,77.064,28.404,48.660,16.080,12.504,3.576
mp-aaafypsm,75.372,62.354,13.018,30.213,30.970,0.757
mp-aaafyqjn,53.642,61.621,7.979,29.570,29.118,0.452
mp-aaafyssc,99.117,64.485,34.632,45.967,47.055,1.088
mp-aaafyufe,25.827,35.755,9.928,14.452,22.691,8.239
mp-aaafyztd,124.693,128.029,3.336,45.772,71.645,25.873
mp-aaafzajy,25.653,71.344,45.691,20.946,28.342,7.396
mp-aaafzbnm,45.840,99.253,53.413,20.876,32.276,11.400
mp-aaagbryv,14.200,57.915,43.715,4.464,8.702,4.238
mp-aaagbwbn,14.383,25.186,10.803,4.861,-4.548,9.409
mp-aaagbxij,6.057,33.932,27.875,2.738,6.581,3.843
mp-aaagcsia,30.941,35.165,4.224,18.969,15.020,3.949
mp-aaagdbcg,24.006,49.618,25.612,12.606,10.037,2.569
mp-aaagdlwt,8.222,-10.069,18.291,4.340,9.303,4.963
mp-aaagdntk,102.564,93.596,8.968,11.556,22.038,10.482
mp-aaageynw,29.655,34.355,4.700,17.306,19.347,2.041
mp-aaageyou,34.536,32.594,1.942,18.906,22.129,3.223
mp-aaageypz,25.338,32.152,6.814,16.268,20.339,4.071
mp-aaagfcen,87.619,95.740,8.121,20.647,25.461,4.814
mp-aaagfddh,213.938,260.569,46.631,108.263,126.187,17.924
mp-aaagfdgv,30.022,44.770,14.748,9.886,11.214,1.328
mp-aaaggulq,29.002,29.627,0.625,17.592,17.984,0.392
mp-aaaghkro,39.084,28.043,11.041,15.381,14.126,1.255
mp-aaaghqrh,74.233,61.164,13.069,34.868,33.578,1.290
mp-aaaghxdy,51.930,57.562,5.632,22.198,14.744,7.454
mp-aaagirhh,46.099,55.982,9.883,27.637,24.227,3.410
mp-aaagjtho,3.530,49.150,45.620,1.748,9.742,7.994
mp-aaagjtrl,90.164,83.111,7.053,-3.976,43.538,47.514
mp-aaagkhrg,32.419,90.545,58.126,-59.249,58.803,118.052
mp-aaagklfr,5.959,61.817,55.858,144.080,12.507,131.573
mp-aaagkrhu,4.966,25.645,20.679,-67.643,-5.074,62.569
mp-aaagkrml,1.785,-1.849,3.634,1.164,-0.901,2.065
mp-aaagkufv,11.114,49.154,38.040,-7.340,30.399,37.739
mp-aaagkumu,225.710,219.549,6.161,198.203,158.769,39.434
mp-aaagkwgv,16.664,61.903,45.239,2.623,14.995,12.372
mp-aaagkxvz,8.166,89.010,80.844,4.904,14.232,9.328
