mp-aaaaakzo,46.36000061035156,33.261348724365234
mp-aaacdoeg,4.952000141143799,2.4840316772460938
mp-aaaaabct,39.32400131225586,31.870807647705078
mp-aaabxflg,69.08599853515625,45.588775634765625
mp-aaaaaurf,99.47799682617188,102.43843841552734
mp-aaaaapac,209.47799682617188,194.9639434814453
mp-aaacdlpv,28.981000900268555,23.38117790222168
mp-aaabxhii,26.72599983215332,24.188011169433594
mp-aaadjsgw,11.845999717712402,9.313034057617188
mp-aaabdarg,5.474999904632568,43.41807556152344
mp-aaabfrig,9.562000274658203,10.835012435913086
mp-aaabxcfe,31.013999938964844,32.043724060058594
mp-aaaaarxi,32.900001525878906,43.83415222167969
mp-aaabctdv,38.308998107910156,55.25682830810547
mp-aaabgked,153.36199951171875,89.24732971191406
mp-aaaaamzj,141.072998046875,117.74195861816406
mp-aaaaause,6.760000228881836,16.258413314819336
mp-aaacdzag,16.68199920654297,23.607202529907227
mp-aaaaaoxo,87.552001953125,79.87139892578125
mp-aaacdtsj,14.305999755859375,11.797754287719727
mp-aaacgilv,91.91400146484375,95.35272216796875
mp-aaaaabip,-54.97999954223633,38.366546630859375
mp-aaabxdqj,25.854999542236328,23.52395248413086
mp-aaafhmhi,10.15999984741211,20.355209350585938
mp-aaabxajz,28.341999053955078,29.823341369628906
mp-aaaaabfr,68.06099700927734,55.91045379638672
mp-aaacewmb,54.32400131225586,46.57583236694336
mp-aaaaarne,38.40700149536133,36.7332763671875
mp-aaabgjcq,10.918000221252441,6.882957458496094
mp-aaaaaebc,80.822998046875,76.8009033203125
mp-aaaaaeoz,105.69100189208984,117.07110595703125
mp-aaaabhew,126.33499908447266,124.32156372070312
mp-aaaaasln,25.80699920654297,23.40595245361328
mp-aaabxitx,22.98900032043457,23.531940460205078
mp-aaacfxgk,124.33999633789062,119.499267578125
mp-aaaaaece,160.99200439453125,161.54600524902344
mp-aaabxhaj,29.729999542236328,23.254751205444336
mp-aaaaaubc,4.816999912261963,-6.012210845947266
mp-aaaaamgl,32.604000091552734,31.493236541748047
mp-aaabxbqc,69.54399871826172,68.17364501953125
mp-aaaaahly,49.26300048828125,48.48694610595703
mp-aaacdikf,34.50699996948242,-3.404613494873047
mp-aaacgiwc,55.06100082397461,51.014278411865234
mp-aaaabhxd,5.5929999351501465,5.532367706298828
mp-aaadbzwy,36.082000732421875,31.65442657470703
mp-aaaaamuc,120.9020004272461,102.26248168945312
mp-aaabxgzd,127.91699981689453,99.18486785888672
mp-aaaaabeu,164.6529998779297,147.00669860839844
mp-aaabjyfv,15.248000144958496,92.99755859375
mp-aaabgnoc,88.50499725341797,86.18405151367188
mp-aaaaabns,179.27000427246094,164.29627990722656
mp-aaacgiku,42.435001373291016,36.96601867675781
mp-aaaabequ,7.250999927520752,23.61605453491211
mp-aaaabtgp,30.447999954223633,33.17083740234375
mp-aaabxiyp,125.9489974975586,96.2523193359375
mp-aaabxfvc,40.012001037597656,22.738595962524414
mp-aaaaanxd,56.63999938964844,52.56549072265625
mp-aaabqyqh,31.906999588012695,30.43183135986328
mp-aaaaaczo,35.65599822998047,28.850746154785156
mp-aaabdbet,30.308000564575195,21.782960891723633
mp-aaaaaaye,23.22800064086914,33.434452056884766
mp-aaacdifk,62.952999114990234,57.922183990478516
mp-aaacdsxt,20.864999771118164,34.66115188598633
mp-aaaabepj,86.70999908447266,98.40550231933594
mp-aaaaarpa,12.437000274658203,29.275890350341797
mp-aaaaaoeu,26.861000061035156,28.407169342041016
mp-aaaaadbz,8.53600025177002,23.443937301635742
mp-aaacewcr,2.5829999446868896,34.78268051147461
mp-aaaabdfh,71.16999816894531,75.90056610107422
mp-aaaaakse,8.569000244140625,3.5987281799316406
mp-aaaaagev,58.07400131225586,45.849525451660156
mp-aaabglld,16.41200065612793,25.59758186340332
mp-aaaaafwk,48.6150016784668,42.336463928222656
mp-aaaabqgb,56.474998474121094,49.51457595825195
mp-aaaabgiv,62.88999938964844,53.359317779541016
mp-aaaaacgt,22.729000091552734,30.40983009338379
mp-aaaaatef,18.11400032043457,24.36302947998047
mp-aaaaaefx,155.6739959716797,139.25120544433594
mp-aaaaaugd,18.472999572753906,23.703989028930664
mp-aaaaaagx,4.156000137329102,3.1048316955566406
mp-aaaaaixy,72.95500183105469,60.722103118896484
mp-aaacgitt,54.75400161743164,47.25807189941406
mp-aaacdjhi,4.888000011444092,8.595806121826172
mp-aaaabojw,40.625999450683594,46.35175323486328
mp-aaaaaari,201.47500610351562,182.20498657226562
mp-aaacdxvf,64.21299743652344,68.67767333984375
mp-aaaaaoxb,18.17300033569336,30.958160400390625
mp-aaaaatbo,36.90700149536133,42.32676315307617
mp-aaabqyqs,30.740999221801758,29.579038619995117
mp-aaacdpvq,82.51300048828125,90.83643341064453
mp-aaacdmgc,1.128999948501587,2.2220077514648438
mp-aaacdvtq,20.15999984741211,31.686119079589844
mp-aaaaaqqp,9.25,15.595260620117188
mp-aaaabqpn,59.13600158691406,57.66956329345703
mp-aaaaaclc,28.625,31.147872924804688
mp-aaabxfac,81.7229995727539,70.22233581542969
mp-aaacdqcl,55.444000244140625,41.4229736328125
mp-aaacehxx,69.6240005493164,43.36359786987305
mp-aaaaabuf,13.920999526977539,12.979024887084961
mp-aaabjbuw,6.978000164031982,5.586936950683594
mp-aaaaagym,73.37899780273438,75.58660888671875
mp-aaabxgtf,88.1719970703125,79.60494995117188
mp-aaaaatze,15.538999557495117,24.189075469970703
mp-aaacdswj,26.801000595092773,20.5883731842041
mp-aaabqyzx,77.3489990234375,80.89588928222656
mp-aaacdozm,26.656999588012695,28.462120056152344
mp-aaaabikq,5.954999923706055,8.09786605834961
mp-aaabxisj,35.16899871826172,26.738285064697266
mp-aaaabupq,62.402000427246094,18.438486099243164
mp-aaacfxgt,25.875,27.773006439208984
mp-aaabxfvp,69.93900299072266,63.177345275878906
mp-aaaaarts,66.41799926757812,58.09170913696289
mp-aaacfdzq,76.9209976196289,72.54277801513672
mp-aaaaastm,35.38600158691406,11.654157638549805
mp-aaabetzp,1.0870000123977661,3.7311248779296875
mp-aaaaapyu,21.547000885009766,17.11701011657715
mp-aaaaarjm,12.970999717712402,10.830249786376953
mp-aaaabpxj,12.248000144958496,7.072124481201172
mp-aaaaadgk,5.915999889373779,17.04140281677246
mp-aaacdple,24.055999755859375,23.339736938476562
mp-aaaabfbi,49.16899871826172,39.734039306640625
mp-aaacdvcr,17.80500030517578,24.627626419067383
mp-aaaaaove,18.06599998474121,13.580825805664062
mp-aaaaacre,28.847000122070312,19.46558380126953
mp-aaacewia,25.201000213623047,22.668790817260742
mp-aaabgkoz,11.831000328063965,16.098608016967773
mp-aaacdhtd,0.6190000176429749,45.65443801879883
mp-aaabxhgw,92.6050033569336,90.00574493408203
mp-aaaaadpo,22.011999130249023,16.530963897705078
mp-aaaaalgh,131.58399963378906,127.58436584472656
mp-aaabgkpl,20.48200035095215,18.06010627746582
mp-aaafkmdf,91.59500122070312,91.95145416259766
mp-aaabxgnh,18.808000564575195,12.681848526000977
mp-aaabxala,19.05900001525879,22.18838882446289
mp-aaaaabpx,163.45700073242188,144.8677978515625
mp-aaacgiuk,58.09700012207031,46.262481689453125
mp-aaaaamgm,33.2130012512207,24.966394424438477
mp-aaaaamcr,65.41300201416016,64.27555847167969
mp-aaaaaspa,36.801998138427734,25.80678367614746
mp-aaabxjvt,35.56800079345703,32.26949691772461
mp-aaaaabdg,92.2040023803711,67.84770202636719
mp-aaaaayav,22.259000778198242,27.602615356445312
mp-aaaaarcq,103.15499877929688,109.99041748046875
mp-aaacdswl,35.071998596191406,29.28152084350586
mp-aaaaanhd,116.12999725341797,93.55615234375
mp-aaacdmjs,68.68499755859375,75.81926727294922
mp-aaadbyft,47.729000091552734,35.10072326660156
mp-aaaaancu,11.722000122070312,12.381093978881836
mp-aaaabero,32.268001556396484,16.217199325561523
mp-aaacgiri,66.36699676513672,70.13631439208984
mp-aaaaaeac,31.729000091552734,37.3494758605957
mp-aaacevps,48.26300048828125,44.03750228881836
mp-aaacgiss,45.948001861572266,43.00710678100586
mp-aaaaagwc,-50.21099853515625,72.01560974121094
mp-aaabgjwp,6.855999946594238,19.46219825744629
mp-aaaaaxdp,37.808998107910156,28.120906829833984
mp-aaabqwfb,4.129000186920166,9.263111114501953
mp-aaabxcgx,22.841999053955078,21.10193634033203
mp-aaabrgwt,13.461000442504883,11.381925582885742
mp-aaaabfry,58.2239990234375,57.804996490478516
mp-aaabgijv,88.75299835205078,97.64368438720703
mp-aaacfvgq,25.81100082397461,20.461984634399414
mp-aaaabida,-22.025999069213867,-15.08535385131836
mp-aaaaaouz,8.821000099182129,8.130855560302734
mp-aaabxhcq,27.88800048828125,64.13209533691406
mp-aaabmlfx,18.66900062561035,15.016912460327148
mp-aaabqwrc,15.98799991607666,18.971920013427734
mp-aaaabeda,34.5620002746582,7.688682556152344
mp-aaaaakzv,12.805999755859375,19.73004913330078
mp-aaaaacni,21.427000045776367,24.90374755859375
mp-aaabxhce,60.68199920654297,49.276947021484375
mp-aaabxcpl,23.457000732421875,25.10556411743164
mp-aaacevve,178.9149932861328,103.71748352050781
mp-aaacfyxc,25.652000427246094,37.70689392089844
mp-aaacimmv,5.186999797821045,6.720245361328125
mp-aaaabfua,88.26899719238281,113.85099792480469
mp-aaacfkpe,-45.17499923706055,27.411243438720703
mp-aaaabeno,43.83300018310547,38.2490234375
mp-aaacdsea,80.0459976196289,90.06730651855469
mp-aaaaaids,21.913999557495117,13.004348754882812
mp-aaabqvsz,16.474000930786133,29.349464416503906
mp-aaabxcep,112.68599700927734,119.03837585449219
mp-aaaabagt,52.257999420166016,41.65908432006836
mp-aaabghvn,51.797000885009766,43.82416534423828
mp-aaacgjcn,119.81900024414062,140.87423706054688
mp-aaaaanjh,50.486000061035156,47.424835205078125
mp-aaabgmaj,114.38999938964844,140.85647583007812
mp-aaaaaykk,48.944000244140625,47.07276153564453
mp-aaacfzwu,23.413000106811523,22.275890350341797
mp-aaabxckt,50.38800048828125,41.836185455322266
mp-aaabgmay,2.059999942779541,1.1365776062011719
mp-aaaaaxqy,33.808998107910156,21.672693252563477
mp-aaaaahza,82.14399719238281,79.72286987304688
mp-aaacdiaa,40.007999420166016,36.55049133300781
mp-aaaabhsq,19.83099937438965,14.72705078125
mp-aaaaartt,66.44100189208984,63.16101837158203
mp-aaabxbcb,40.729000091552734,67.53857421875
mp-aaaaaped,98.86299896240234,81.39305114746094
mp-aaacgijg,95.9219970703125,96.84733581542969
mp-aaaabiif,6.534999847412109,3.5042190551757812
mp-aaaaatij,43.65399932861328,49.23314666748047
mp-aaaaajks,61.191001892089844,47.26091384887695
mp-aaabgzgi,98.81500244140625,62.17547607421875
mp-aaacdnpy,12.520999908447266,18.075538635253906
mp-aaaaaowv,203.34100341796875,191.6134796142578
mp-aaacfaaf,1.8639999628067017,23.83391571044922
mp-aaaabdsl,61.21699905395508,71.71096801757812
mp-aaabxfcf,56.79199981689453,30.190446853637695
mp-aaaaaztt,71.39299774169922,51.42828369140625
mp-aaaaabur,-3.3940000534057617,-6.424282073974609
mp-aaacgirh,10.937999725341797,7.603740692138672
mp-aaaaagek,111.74400329589844,81.42630767822266
mp-aaaaabzd,26.802000045776367,22.345643997192383
mp-aaaabpgz,12.51099967956543,11.759733200073242
mp-aaaabqxz,5.455999851226807,6.947544097900391
mp-aaaaacsd,60.542999267578125,42.04344177246094
mp-aaacdsai,29.167999267578125,24.406522750854492
mp-aaaaadaw,35.415000915527344,32.94868087768555
mp-aaaaafll,105.13400268554688,105.82295227050781
mp-aaabkcvx,10.17199993133545,9.301300048828125
mp-aaaaaosp,188.49899291992188,193.1703338623047
mp-aaaaaout,100.74099731445312,98.75428771972656
mp-aaaaafmi,31.761999130249023,39.83688735961914
mp-aaaaaytm,14.156999588012695,97.94315338134766
mp-aaacfzat,41.71099853515625,30.059078216552734
mp-aaacehvd,11.015000343322754,12.827407836914062
mp-aaabxgvu,74.76000213623047,72.89878845214844
mp-aaaaaaeo,0.503000020980835,-15.212574005126953
mp-aaabxjwy,94.0270004272461,100.58427429199219
mp-aaaaaqwy,49.4370002746582,45.33473587036133
mp-aaaccten,-15.531999588012695,14.450889587402344
mp-aaaccsqx,61.79899978637695,47.61065673828125
mp-aaaaadcz,95.20999908447266,92.62382507324219
mp-aaabxdsn,28.354000091552734,17.264503479003906
mp-aaaaalsk,66.1760025024414,62.617279052734375
mp-aaabxghf,19.94300079345703,15.36799430847168
mp-aaaaamof,37.084999084472656,29.579185485839844
mp-aaaaatey,60.06100082397461,38.36203384399414
mp-aaabjxxq,15.074000358581543,14.753047943115234
mp-aaaaakxx,24.882999420166016,21.90239715576172
mp-aaabrsls,31.895999908447266,30.922866821289062
mp-aaaaaapx,68.70600128173828,72.67510986328125
mp-aaabeush,5.64900016784668,10.153800964355469
mp-aaabxgld,97.18800354003906,77.91932678222656
mp-aaacdkif,32.87099838256836,32.89971160888672
mp-aaachdcl,4.818999767303467,11.367137908935547
mp-aaaaalil,36.82099914550781,31.17820167541504
mp-aaaaabdn,34.757999420166016,43.9504280090332
mp-aaaaaxwq,46.28900146484375,45.87529754638672
mp-aaabxfqj,9.708000183105469,28.279052734375
mp-aaabgjbs,6.435999870300293,-8.223037719726562
mp-aaaaadmk,40.8849983215332,26.355754852294922
mp-aaaaaadh,11.555000305175781,3.8666229248046875
mp-aaaaabtq,13.618000030517578,11.370624542236328
mp-aaaaabxi,208.74200439453125,199.19139099121094
mp-aaaabtjc,65.37699890136719,65.76887512207031
mp-aaacfyah,10.755000114440918,45.08672332763672
mp-aaacdofg,8.428000450134277,6.744327545166016
mp-aaaaadne,63.816001892089844,58.48992919921875
mp-aaaaaacy,5.410999774932861,11.440177917480469
mp-aaacfkyf,18.325000762939453,19.66706085205078
mp-aaabjyfs,-1.5770000219345093,-0.886077880859375
mp-aaaaapis,114.30699920654297,112.81929016113281
mp-aaacfkja,68.18499755859375,74.94683074951172
mp-aaaabdfu,64.18499755859375,60.98023223876953
mp-aaacfizq,47.034000396728516,43.59170913696289
mp-aaabxcel,118.53299713134766,115.72746276855469
mp-aaacrhsu,199.1020050048828,206.92425537109375
mp-aaaaapab,106.7699966430664,102.63020324707031
mp-aaacfzud,28.711999893188477,29.306468963623047
mp-aaabxiwz,8.093999862670898,20.135648727416992
mp-aaacfzco,-23.132999420166016,9.635955810546875
mp-aaaaaxdl,19.802000045776367,40.81468200683594
mp-aaaabfud,36.53099822998047,25.384550094604492
mp-aaaaafnd,98.0199966430664,89.84217834472656
mp-aaaabdnn,75.99199676513672,68.25226593017578
mp-aaabxdre,29.34000015258789,18.815689086914062
mp-aaabgnqt,28.2450008392334,101.07769775390625
mp-aaabmckj,39.303001403808594,32.45234680175781
mp-aaabgmxy,10.446000099182129,14.080324172973633
mp-aaacehvt,15.569999694824219,12.352750778198242
mp-aaaaadqf,148.25900268554688,105.47012329101562
mp-aaaaboys,20.864999771118164,18.505414962768555
mp-aaabfccg,36.50699996948242,34.140350341796875
mp-aaabsfgq,25.76099967956543,37.95541000366211
mp-aaabjphf,29.386999130249023,35.745933532714844
mp-aaaaakbi,59.084999084472656,65.58499145507812
mp-aaacgdiz,11.095000267028809,32.584014892578125
mp-aaabfpqw,51.80400085449219,49.752262115478516
mp-aaaaaqbo,122.56700134277344,106.77188110351562
mp-aaaabgpw,44.54499816894531,31.565567016601562
mp-aaaabuky,26.496000289916992,21.275972366333008
mp-aaacgcvr,106.23100280761719,87.94029998779297
mp-aaaceqev,2.5360000133514404,10.388092041015625
mp-aaaaadih,98.78199768066406,102.65971374511719
mp-aaaabidx,22.391000747680664,28.82577896118164
mp-aaacfjzc,49.525001525878906,39.723419189453125
mp-aaabxgiq,23.742000579833984,24.846120834350586
mp-aaaaamcm,23.02400016784668,29.549802780151367
mp-aaabxfre,68.28099822998047,37.00624084472656
mp-aaacdphl,4.636000156402588,10.433467864990234
mp-aaaaauwa,16.770000457763672,15.068126678466797
mp-aaacfxgh,76.14700317382812,62.656742095947266
mp-aaabxfwd,95.69200134277344,89.8148193359375
mp-aaabjyhb,-8.309000015258789,15.845893859863281
mp-aaaabfgd,39.154998779296875,35.005821228027344
mp-aaaaalrl,51.22100067138672,59.74677276611328
mp-aaacgoqy,39.75600051879883,25.149137496948242
mp-aaaaassm,144.28700256347656,86.45796203613281
mp-aaabxgci,35.4119987487793,27.6284236907959
mp-aaaabgks,10.085000038146973,16.148834228515625
mp-aaacdoyz,36.08100128173828,31.202625274658203
mp-aaaaaafe,-13.986000061035156,25.51719856262207
mp-aaaaagsm,50.79100036621094,49.89688491821289
mp-aaaaakti,29.777000427246094,28.979084014892578
mp-aaaaacpn,37.60900115966797,20.357389450073242
mp-aaaabouc,34.88800048828125,30.55354881286621
mp-aaaaasqk,87.6240005493164,69.34178924560547
mp-aaabxjrb,2.7109999656677246,17.555217742919922
mp-aaabglnr,12.430999755859375,6.9831085205078125
mp-aaaaaqqf,29.349000930786133,24.036907196044922
mp-aaaaarwi,48.417999267578125,31.011089324951172
mp-aaacfkas,29.64900016784668,3.5649185180664062
mp-aaabfzdr,1.0870000123977661,14.58194351196289
mp-aaaaabor,87.34500122070312,72.1824722290039
mp-aaacdzsd,-7.617000102996826,33.4403076171875
mp-aaaaaqrv,73.70500183105469,65.4281005859375
mp-aaaaajuv,34.380001068115234,36.13676834106445
mp-aaacdpvg,19.61199951171875,17.874792098999023
mp-aaaaacjg,14.652999877929688,25.080961227416992
mp-aaaaaglb,31.04800033569336,29.96073341369629
mp-aaabxcmc,10.532999992370605,7.773834228515625
mp-aaacdjfs,16.724000930786133,12.477413177490234
mp-aaabfobj,35.479000091552734,43.19561767578125
mp-aaaabjaz,12.258999824523926,13.106311798095703
mp-aaaaapvw,66.4209976196289,87.9993896484375
mp-aaaaafek,53.222999572753906,37.962615966796875
mp-aaaaaeqy,58.08399963378906,52.74098587036133
mp-aaabgnbd,26.482999801635742,23.61286735534668
mp-aaaabsmg,4.9079999923706055,3.7235755920410156
mp-aaaaajxy,46.86899948120117,38.79708480834961
mp-aaaaacvs,-13.371999740600586,-3.5274085998535156
mp-aaabcsor,8.423999786376953,22.088863372802734
mp-aaaabtda,21.639999389648438,25.661149978637695
mp-aaaaaqny,56.59700012207031,54.409854888916016
mp-aaabsqsc,96.66600036621094,89.44488525390625
mp-aaabqykw,48.465999603271484,58.63774108886719
mp-aaaaaiug,54.255001068115234,68.23707580566406
mp-aaaaaotz,45.808998107910156,23.828659057617188
mp-aaacfrii,21.219999313354492,19.00889015197754
mp-aaabxjtd,20.92799949645996,20.344104766845703
mp-aaaaahqe,44.93299865722656,47.20161437988281
mp-aaaaboee,72.77400207519531,58.1431770324707
mp-aaaaaqwa,42.66699981689453,47.18980407714844
mp-aaacevrf,-18.825000762939453,36.529685974121094
mp-aaacdiyk,-10.854999542236328,18.19162368774414
mp-aaaabtpl,55.198001861572266,73.05799865722656
mp-aaaaaoue,100.03199768066406,130.9744110107422
mp-aaabfcsd,105.68900299072266,73.45540618896484
mp-aaaabesc,9.784000396728516,4.369739532470703
mp-aaabxccd,17.679000854492188,18.510168075561523
mp-aaaaabio,56.68899917602539,45.1182861328125
mp-aaabkluq,67.93699645996094,93.10931396484375
mp-aaacfpwh,12.482000350952148,11.196794509887695
mp-aaaaapuk,34.11899948120117,32.12049865722656
mp-aaabgihk,15.223999977111816,18.567771911621094
mp-aaaabhlp,35.02899932861328,35.127132415771484
mp-aaaaaeqq,100.08799743652344,68.59304809570312
mp-aaaaaown,65.3280029296875,69.24491119384766
mp-aaacdpyb,26.45800018310547,25.267562866210938
mp-aaaaamlj,45.42599868774414,23.055469512939453
mp-aaaaaifk,84.06300354003906,59.13428497314453
mp-aaaabsmn,26.62299919128418,33.20255661010742
mp-aaaaawhy,31.054000854492188,49.85826110839844
mp-aaacfkux,-5.992000102996826,17.174898147583008
mp-aaabxdsu,38.38800048828125,22.48569107055664
mp-aaaaarao,91.25299835205078,99.59678649902344
mp-aaacfxza,39.689998626708984,35.934715270996094
mp-aaaabezu,39.83700180053711,39.854496002197266
mp-aaaaaheu,53.55799865722656,45.931678771972656
mp-aaaaamgh,45.55500030517578,46.02376937866211
mp-aaaaapme,100.86399841308594,66.7958984375
mp-aaacdoye,28.170000076293945,20.311567306518555
mp-aaaabupm,19.132999420166016,20.91486930847168
mp-aaabgpsl,6.172999858856201,22.89449691772461
mp-aaabmgrc,-3.5840001106262207,29.690736770629883
mp-aaabxixt,139.3249969482422,123.99591064453125
mp-aaacfzyc,52.83100128173828,41.1767692565918
mp-aaaabjst,31.72100067138672,11.763917922973633
mp-aaaabjgc,38.8489990234375,21.524362564086914
mp-aaacgoue,44.494998931884766,47.53293991088867
mp-aaaabdiy,11.741000175476074,5.035392761230469
mp-aaacewoy,80.83799743652344,107.12750244140625
mp-aaacevzz,23.514999389648438,18.218355178833008
mp-aaacfxgo,65.77100372314453,102.29288482666016
mp-aaacdtqv,18.39299964904785,18.256797790527344
mp-aaaaasjm,22.024999618530273,3.5643653869628906
mp-aaacdneg,-26.6299991607666,20.23995590209961
mp-aaaabjyd,139.91400146484375,121.53350830078125
mp-aaaaafyj,80.89600372314453,78.02349853515625
mp-aaabqvcx,57.722999572753906,67.81835174560547
mp-aaaabiin,4.314000129699707,5.745647430419922
mp-aaabgims,14.23799991607666,14.255399703979492
mp-aaacfwfo,38.70199966430664,25.93061637878418
mp-aaabkrkm,45.80099868774414,39.179195404052734
mp-aaaaafdt,7.626999855041504,19.432802200317383
mp-aaaaabhv,25.2450008392334,20.444002151489258
mp-aaabxfeh,107.96700286865234,85.6557846069336
mp-aaacgoru,64.00800323486328,52.812007904052734
mp-aaacdjrl,1.9420000314712524,8.882743835449219
mp-aaacdwrq,17.42099952697754,17.126508712768555
mp-aaabeupg,112.71900177001953,90.44378662109375
mp-aaabxfon,32.494998931884766,31.674808502197266
mp-aaacearu,126.0510025024414,113.32359313964844
mp-aaabxgjp,7.109000205993652,40.89409255981445
mp-aaaabtap,7.881999969482422,11.880435943603516
mp-aaabxhjv,20.582000732421875,28.27894401550293
mp-aaaaboyc,6.513000011444092,5.105354309082031
mp-aaabkpta,30.856000900268555,17.42789077758789
mp-aaaaarsl,45.24800109863281,60.03523254394531
mp-aaacfzbm,27.09000015258789,24.770702362060547
mp-aaaabokv,18.701000213623047,28.107080459594727
mp-aaabxbqa,79.64800262451172,84.655029296875
mp-aaabghew,22.73900032043457,30.60562515258789
mp-aaacdvtx,32.92900085449219,28.52578353881836
mp-aaacewgo,46.57600021362305,41.22113037109375
mp-aaaaadsd,20.384000778198242,28.897308349609375
mp-aaacfius,34.722999572753906,29.61208724975586
mp-aaabxffh,16.655000686645508,6.942333221435547
mp-aaachcyb,6.513999938964844,12.610624313354492
mp-aaaaaydt,46.07400131225586,42.27111053466797
mp-aaabexdd,81.1969985961914,85.0277099609375
mp-aaacflrv,151.2169952392578,145.75479125976562
mp-aaacgirj,6.613999843597412,3.6353912353515625
mp-aaaaayzm,26.459999084472656,9.919227600097656
mp-aaabxixu,26.454999923706055,24.76705551147461
mp-aaaaapox,53.17399978637695,61.745147705078125
mp-aaacfybz,13.397000312805176,16.45357894897461
mp-aaacdhox,27.672000885009766,20.362821578979492
mp-aaadjpcn,59.75400161743164,71.98709106445312
mp-aaaaacaj,54.983001708984375,58.56673812866211
mp-aaaaaayk,7.552999973297119,18.476839065551758
mp-aaacdkqj,66.05599975585938,51.617347717285156
mp-aaadcsho,38.0099983215332,41.640602111816406
mp-aaacgogj,14.182999610900879,8.814468383789062
mp-aaabqwra,36.00400161743164,31.366424560546875
mp-aaaaacwc,34.70100021362305,24.348237991333008
mp-aaaaaqzq,189.31399536132812,172.95033264160156
mp-aaaaaqfv,22.750999450683594,25.403881072998047
mp-aaafyztd,45.77199935913086,71.64481353759766
mp-aaaaapju,74.08000183105469,80.64030456542969
mp-aaabseen,56.909000396728516,45.59653091430664
mp-aaaaaupf,29.524999618530273,32.6615104675293
mp-aaacdmtk,7.310999870300293,15.596136093139648
mp-aaabqzgf,100.52200317382812,72.73831176757812
mp-aaaaaaoa,98.80999755859375,93.17841339111328
mp-aaaaayuv,17.263999938964844,26.71444320678711
mp-aaaaacjm,14.892000198364258,10.398929595947266
mp-aaaaafuy,100.56600189208984,102.60360717773438
mp-aaaaacui,8.100000381469727,17.019235610961914
mp-aaabfufm,22.27899932861328,34.20600891113281
mp-aaaaabis,14.527999877929688,13.049787521362305
mp-aaacfkpr,38.027000427246094,27.782737731933594
mp-aaabxaqs,50.06800079345703,57.90625
mp-aaaaaibe,89.66600036621094,98.91511535644531
mp-aaabxixl,16.816999435424805,21.514196395874023
mp-aaabxfgx,29.746000289916992,21.633785247802734
mp-aaaaaqda,94.7040023803711,69.72134399414062
mp-aaacfkmz,88.01300048828125,124.09672546386719
mp-aaabxfcq,86.81800079345703,96.48434448242188
mp-aaacfiwl,173.18600463867188,148.4866485595703
mp-aaaabexf,48.902000427246094,43.82992172241211
mp-aaaabjlr,11.541999816894531,15.90499496459961
mp-aaabglch,46.35300064086914,46.57037353515625
mp-aaabxclb,60.79399871826172,35.573341369628906
mp-aaabxcmd,6.422999858856201,10.74637222290039
mp-aaaaaptc,13.043000221252441,22.188064575195312
mp-aaacewgy,95.28900146484375,89.8851318359375
mp-aaacgiig,76.47699737548828,81.1121597290039
mp-aaacgiyb,126.19599914550781,131.99703979492188
mp-aaaaafku,47.4640007019043,50.53612518310547
mp-aaabxhgq,23.163999557495117,8.26580810546875
mp-aaaabhze,7.224999904632568,5.966617584228516
mp-aaachgfy,53.959999084472656,38.364967346191406
mp-aaabxgma,30.469999313354492,31.468997955322266
mp-aaacdjel,30.67300033569336,38.935665130615234
mp-aaabglju,16.950000762939453,24.49112892150879
mp-aaabkozf,-7.013999938964844,7.960430145263672
mp-aaadjlob,-24.61400032043457,4.625041961669922
mp-aaaaaqfg,28.358999252319336,33.18950271606445
mp-aaacfjwm,28.172000885009766,39.654632568359375
mp-aaabetyx,33.61600112915039,8.689197540283203
mp-aaaaberc,21.216999053955078,12.501737594604492
mp-aaacflvp,50.04600143432617,81.87614440917969
mp-aaacpmmc,6.197999954223633,2.9144935607910156
mp-aaaabewo,47.09199905395508,80.63975524902344
mp-aaaaaooz,46.75400161743164,44.77914810180664
mp-aaaaacuc,6.561999797821045,26.204334259033203
mp-aaaabsxl,62.854000091552734,58.207271575927734
mp-aaabgjxo,129.3939971923828,130.52220153808594
mp-aaabfrqy,38.01100158691406,52.096473693847656
mp-aaaaageo,57.242000579833984,50.97080993652344
mp-aaaabsqb,25.701000213623047,66.62557983398438
mp-aaaaalbm,26.42799949645996,30.232707977294922
mp-aaaaaauu,65.40499877929688,55.064388275146484
mp-aaabxjts,-37.15599822998047,48.06793212890625
mp-aaaaaoeo,49.15399932861328,43.370460510253906
mp-aaabqyfv,28.076000213623047,28.893001556396484
mp-aaafjxek,59.016998291015625,44.83407974243164
mp-aaaaarcw,45.805999755859375,39.943809509277344
mp-aaabxapl,15.670000076293945,20.63278579711914
mp-aaaaaieu,75.75800323486328,71.49951171875
mp-aaaaalxl,88.90699768066406,84.14804077148438
mp-aaachcux,8.857000350952148,10.64013671875
mp-aaaaaheg,45.42399978637695,30.007965087890625
mp-aaaaafbw,3.312000036239624,-6.899951934814453
mp-aaaaabzv,57.834999084472656,41.3128776550293
mp-aaaaapmd,52.547000885009766,48.111961364746094
mp-aaaabejl,28.551000595092773,34.04972457885742
mp-aaabevyg,39.637001037597656,26.35086441040039
mp-aaabgnlm,0.5260000228881836,-3.72174072265625
mp-aaaaanoo,31.756999969482422,41.841896057128906
mp-aaabxhjg,27.924999237060547,19.746185302734375
mp-aaabgikn,34.32899856567383,46.618553161621094
mp-aaaaaorb,22.865999221801758,17.720827102661133
mp-aaabxfws,39.09600067138672,38.00928497314453
mp-aaabikgq,34.40399932861328,32.99161148071289
mp-aaaaajcq,41.09600067138672,46.233604431152344
mp-aaabjxxm,-121.27100372314453,-119.69589233398438
mp-aaabxjvx,-11.833000183105469,11.354898452758789
mp-aaacgigw,33.42499923706055,42.34830856323242
mp-aaabxgfq,19.850000381469727,17.08140754699707
mp-aaaaagrw,55.6879997253418,56.72866439819336
mp-aaaabijq,30.663999557495117,23.000411987304688
mp-aaaaaoru,15.765999794006348,34.82316207885742
mp-aaabcsqr,6.936999797821045,9.661670684814453
mp-aaaabhma,9.095000267028809,24.323347091674805
mp-aaabgisl,85.68099975585938,80.01140594482422
mp-aaaaaawg,21.94700050354004,25.082603454589844
mp-aaacdvna,16.6560001373291,15.30459976196289
mp-aaaaaqyr,52.643001556396484,34.2315673828125
mp-aaabxgza,52.34000015258789,52.756797790527344
mp-aaabxghd,81.71499633789062,72.97377014160156
mp-aaaaaklv,29.51099967956543,22.546175003051758
mp-aaabmlqp,26.249000549316406,32.04216384887695
mp-aaabxjsy,18.18899917602539,33.48220443725586
mp-aaacdlpr,14.980999946594238,11.49220085144043
mp-aaaaaewf,78.21299743652344,83.61165618896484
mp-aaaabszk,21.767000198364258,23.00922966003418
mp-aaaabfhu,60.66600036621094,40.45634078979492
mp-aaabxfts,15.961999893188477,13.594306945800781
mp-aaaaaehh,88.8030014038086,91.6603775024414
mp-aaabjyly,-29.097000122070312,49.2701301574707
mp-aaaaansb,21.58300018310547,19.872982025146484
mp-aaabjxyn,-9.647000312805176,9.02975082397461
mp-aaabxivi,25.75200080871582,22.837514877319336
mp-aaaabsqw,75.40499877929688,60.56488800048828
mp-aaacdkem,34.15700149536133,33.1475715637207
mp-aaabxbsl,42.33000183105469,35.215694427490234
mp-aaaaabqe,52.57400131225586,33.71312713623047
mp-aaaabsfy,7.561999797821045,5.0908966064453125
mp-aaabxizi,39.05500030517578,34.08055877685547
mp-aaaabdkz,58.61399841308594,29.34572982788086
mp-aaabglfd,57.1510009765625,63.993865966796875
mp-aaaaasqs,34.33000183105469,43.069515228271484
mp-aaabivna,0.20499999821186066,-8.214214324951172
mp-aaacfktb,57.845001220703125,50.086212158203125
mp-aaabgkix,38.547000885009766,18.746427536010742
mp-aaaaafmp,25.299999237060547,63.76512145996094
mp-aaabetge,29.81599998474121,25.35834312438965
mp-aaaaabga,35.724998474121094,26.725418090820312
mp-aaaaabka,30.648000717163086,16.359899520874023
mp-aaaaameg,-4.755000114440918,8.592750549316406
mp-aaabgjvl,19.881000518798828,29.491287231445312
mp-aaaaaanp,-0.014999999664723873,-5.191493988037109
mp-aaacdymo,27.884000778198242,11.366483688354492
mp-aaabpdkj,84.45600128173828,81.50677490234375
mp-aaacfwes,16.076000213623047,22.5930233001709
mp-aaaddgxc,27.861000061035156,27.777462005615234
mp-aaaaadgf,28.80299949645996,49.3786735534668
mp-aaaaadov,30.323999404907227,28.35010528564453
mp-aaaftrdu,73.01300048828125,75.85531616210938
mp-aaaaawlv,35.040000915527344,27.86886978149414
mp-aaabgkcg,117.56900024414062,123.69349670410156
mp-aaaaakrr,21.711999893188477,14.88922119140625
mp-aaaaadfm,30.516000747680664,31.125991821289062
mp-aaabxgcy,38.34400177001953,35.03264617919922
mp-aaabxfwi,-47.07099914550781,15.768533706665039
mp-aaacfkhm,30.655000686645508,17.451772689819336
mp-aaaaapki,14.595999717712402,13.54794692993164
mp-aaaaaqyq,105.9729995727539,87.961669921875
mp-aaaaalra,26.01099967956543,33.70439910888672
mp-aaacetsw,99.2760009765625,54.01031494140625
mp-aaaabeyb,139.1540069580078,124.88026428222656
mp-aaaaaort,25.739999771118164,25.921728134155273
mp-aaaaaand,23.518999099731445,25.496713638305664
mp-aaaaaent,95.9520034790039,75.71409606933594
mp-aaaaamug,140.21499633789062,145.00985717773438
mp-aaaaagzf,43.97600173950195,47.78742980957031
mp-aaaaacex,161.947998046875,163.51803588867188
mp-aaaaacnc,23.584999084472656,42.05778884887695
mp-aaaciouk,38.73099899291992,61.446250915527344
mp-aaaaabwb,51.31100082397461,66.03541564941406
mp-aaaaarny,55.382999420166016,41.86026382446289
mp-aaaaaowx,140.10800170898438,152.47772216796875
mp-aaaaamtz,153.6320037841797,132.4598388671875
mp-aaabgjpl,17.957000732421875,9.606342315673828
mp-aaabfkcr,0.8479999899864197,4.4555816650390625
mp-aaabxbdq,25.45199966430664,23.462312698364258
mp-aaabxhie,22.500999450683594,36.44145584106445
mp-aaaabtmn,194.89199829101562,197.17300415039062
mp-aaaaaucs,6.382999897003174,15.416128158569336
mp-aaabxjhr,126.47799682617188,112.83091735839844
mp-aaaaayds,-32.143001556396484,17.196876525878906
mp-aaabxgzr,18.107999801635742,15.849885940551758
mp-aaaaaqrb,34.832000732421875,40.6022834777832
mp-aaaaaghf,70.60099792480469,66.0921630859375
mp-aaaaaetj,34.52399826049805,39.01350021362305
mp-aaaaabnd,59.20600128173828,45.98825454711914
mp-aaaaaoar,18.645999908447266,43.548065185546875
mp-aaabxggh,168.18800354003906,129.31822204589844
mp-aaabxffj,19.631999969482422,17.991317749023438
mp-aaabigia,98.48799896240234,105.33609008789062
mp-aaaaatoa,36.112998962402344,15.372673034667969
mp-aaaaaxcw,10.616000175476074,14.503036499023438
mp-aaaaalqh,48.5989990234375,59.78617858886719
mp-aaacgagu,71.47100067138672,69.4993896484375
mp-aaaabira,70.05599975585938,76.69039916992188
mp-aaabgnes,67.76100158691406,72.96556091308594
mp-aaaaadhq,34.49700164794922,22.87226676940918
mp-aaaaajaz,68.58200073242188,66.67062377929688
mp-aaacdrmq,95.51200103759766,110.31718444824219
mp-aaaabwnz,12.208999633789062,22.816286087036133
mp-aaacfyym,21.656999588012695,16.157329559326172
mp-aaaaagtx,16.99799919128418,11.075628280639648
mp-aaabqyhh,69.91899871826172,71.01738739013672
mp-aaadcbsm,17.434999465942383,16.9123592376709
mp-aaaaafkr,96.95500183105469,119.03538513183594
mp-aaaaarkn,47.02799987792969,51.94318389892578
mp-aaabxgog,94.37200164794922,85.38137817382812
mp-aaaabdou,53.70500183105469,44.897769927978516
mp-aaafxjyb,22.97100067138672,9.870655059814453
mp-aaaaahpk,60.18000030517578,69.87199401855469
mp-aaaaaozb,120.28600311279297,107.96417236328125
mp-aaacfwex,40.369998931884766,19.20457649230957
mp-aaabqwho,23.117000579833984,23.794227600097656
mp-aaaaanpu,90.78600311279297,100.34820556640625
mp-aaabqwvt,76.375,54.4015998840332
mp-aaaabfjk,49.643001556396484,32.276832580566406
mp-aaabgkno,57.902000427246094,33.01430892944336
mp-aaacdsdd,22.95599937438965,16.88410758972168
mp-aaabmkue,120.08300018310547,110.13914489746094
mp-aaachdfm,17.566999435424805,6.463268280029297
mp-aaabsjen,16.3700008392334,23.9559326171875
mp-aaacfwio,45.96099853515625,31.91668701171875
mp-aaaaaqdq,103.35299682617188,109.96542358398438
mp-aaabgigs,66.88300323486328,56.67665481567383
mp-aaabxjwb,59.512001037597656,84.80036926269531
mp-aaaaardm,17.624000549316406,17.66575813293457
mp-aaaaaeea,42.540000915527344,10.313850402832031
mp-aaaaalqx,39.06999969482422,31.90609359741211
mp-aaabgltp,21.163999557495117,19.486328125
mp-aaabghul,34.895999908447266,-1.5349273681640625
mp-aaaaaabh,193.86900329589844,180.541259765625
mp-aaaaaldj,38.5629997253418,38.16179656982422
mp-aaabxgun,17.0939998626709,9.432422637939453
mp-aaaaagmt,82.97799682617188,78.1199951171875
mp-aaaaasth,65.30000305175781,59.571495056152344
mp-aaaaasig,65.38400268554688,70.90281677246094
mp-aaaaarhy,26.555999755859375,22.944229125976562
mp-aaabqxah,118.21399688720703,91.1243896484375
mp-aaacesxm,34.52899932861328,38.820457458496094
mp-aaaaatkp,19.753999710083008,8.688892364501953
mp-aaaabegd,34.49300003051758,37.86493682861328
mp-aaabxazc,22.93600082397461,22.579444885253906
mp-aaaaablo,120.052001953125,105.79315185546875
mp-aaabfuzz,49.33100128173828,43.565574645996094
mp-aaaaaeff,34.763999938964844,32.34260177612305
mp-aaabxckh,34.87799835205078,27.620389938354492
mp-aaaabrdl,81.1760025024414,77.51114654541016
mp-aaaaaimk,18.108999252319336,25.148025512695312
mp-aaaabtrf,55.612998962402344,55.78122329711914
mp-aaaabtzq,19.55299949645996,22.925613403320312
mp-aaaabgqi,40.97700119018555,41.14837646484375
mp-aaaaaooc,-85.54100036621094,-47.960872650146484
mp-aaaaactf,18.527999877929688,28.32573890686035
mp-aaaabgwh,-115.01499938964844,-95.2890625
mp-aaaaaquz,38.369998931884766,35.79612350463867
mp-aaacjjjk,76.40799713134766,80.93643188476562
mp-aaaaaakw,54.577999114990234,47.10740661621094
mp-aaaabfjm,24.020999908447266,28.835750579833984
mp-aaacdkqt,19.565000534057617,12.94390869140625
mp-aaabxfxj,40.486000061035156,76.3160171508789
mp-aaabgpvb,-79.51200103759766,31.94332504272461
mp-aaabgmqd,85.34200286865234,81.13655090332031
mp-aaaaapgp,72.06199645996094,72.37583923339844
mp-aaaaafet,68.60299682617188,60.31688690185547
mp-aaabjoug,49.2239990234375,48.87376022338867
mp-aaacflit,-72.13700103759766,-28.259601593017578
mp-aaaabtmg,112.94400024414062,107.49853515625
mp-aaaaaiom,28.06599998474121,27.500858306884766
mp-aaaaabgj,50.632999420166016,55.06084060668945
mp-aaaabdfb,50.38199996948242,42.16307067871094
mp-aaacctej,-12.968000411987305,19.601215362548828
mp-aaabxcoy,23.35700035095215,20.985509872436523
mp-aaaaacsw,103.51000213623047,102.99073791503906
mp-aaaaalkp,21.968000411987305,31.970314025878906
mp-aaaaahpy,56.3849983215332,56.49294662475586
mp-aaaabdyb,9.831000328063965,9.868419647216797
mp-aaaacbqe,9.680999755859375,9.599769592285156
mp-aaacdjtl,40.82899856567383,52.538726806640625
mp-aaaabxjf,36.13399887084961,23.788558959960938
mp-aaaaabpv,32.29999923706055,28.505874633789062
mp-aaacfybb,8.82699966430664,11.856136322021484
mp-aaaaaayo,24.166000366210938,26.13254737854004
mp-aaabftpu,13.21500015258789,29.0949649810791
mp-aaacdtsm,39.099998474121094,44.30081558227539
mp-aaaaadqa,58.84199905395508,48.30595016479492
mp-aaaaatvg,37.10100173950195,37.878387451171875
mp-aaacdvnt,26.475000381469727,21.65126609802246
mp-aaabxgwc,25.194000244140625,20.255678176879883
mp-aaaaakgg,35.04800033569336,47.39972686767578
mp-aaaaaasy,191.57699584960938,134.59774780273438
mp-aaabxgyx,77.0199966430664,85.9661865234375
mp-aaacfyag,68.59500122070312,58.60984802246094
mp-aaacgint,65.9010009765625,59.44631576538086
mp-aaacflmq,11.954999923706055,-20.315853118896484
mp-aaaaaiiv,50.07699966430664,46.185543060302734
mp-aaabxjty,26.30699920654297,24.923791885375977
mp-aaabxfku,20.259000778198242,22.099185943603516
mp-aaacdrdo,34.37900161743164,41.64946365356445
mp-aaabxfud,7.617000102996826,3.798877716064453
mp-aaabxfnt,42.13399887084961,56.72465896606445
mp-aaaaaoys,29.961000442504883,22.021774291992188
mp-aaacgihy,57.77000045776367,54.40016174316406
mp-aaaabtoq,23.091999053955078,29.303142547607422
mp-aaacdoeq,1.2200000286102295,11.924592971801758
mp-aaaabesn,33.9900016784668,38.83806228637695
mp-aaabglas,20.55699920654297,18.77407455444336
mp-aaaaaiuq,12.833000183105469,8.356590270996094
mp-aaaaagno,87.4739990234375,68.18287658691406
mp-aaaaasjb,7.539000034332275,20.48917007446289
mp-aaaaahwx,31.018999099731445,39.245323181152344
mp-aaacdspu,28.297000885009766,19.8488826751709
mp-aaaaaauh,12.119000434875488,8.584487915039062
mp-aaachcwh,9.932000160217285,4.208122253417969
mp-aaaabjfb,6.74399995803833,15.868131637573242
mp-aaacfycu,36.624000549316406,29.847774505615234
mp-aaabfylb,3.0329999923706055,7.530574798583984
mp-aaacdltp,184.62899780273438,172.6099090576172
mp-aaabctja,15.494999885559082,30.603652954101562
mp-aaaabitv,5.660999774932861,8.864341735839844
mp-aaaaakzy,15.20199966430664,12.055213928222656
mp-aaaabfsh,30.395000457763672,29.872804641723633
mp-aaacdmbz,2.6480000019073486,6.755092620849609
mp-aaacgovy,53.645999908447266,50.57105255126953
mp-aaabgllo,-12.47700023651123,7.4082489013671875
mp-aaaaateo,59.35100173950195,43.044044494628906
mp-aaabxjwc,7.809000015258789,20.822614669799805
mp-aaaabikl,13.098999977111816,-2.3315696716308594
mp-aaaaaipw,95.36399841308594,93.2779541015625
mp-aaabxgts,75.96099853515625,72.77981567382812
mp-aaabghnb,2.078000068664551,3.855113983154297
mp-aaaaamlu,115.33200073242188,107.789794921875
mp-aaaabeot,45.972999572753906,49.459739685058594
mp-aaaaabqk,146.13499450683594,139.86927795410156
mp-aaacfrio,16.20599937438965,15.966222763061523
mp-aaaaakep,34.34199905395508,38.3456916809082
mp-aaaaafnw,36.86800003051758,42.889949798583984
mp-aaaaaaan,67.56300354003906,90.79011535644531
mp-aaaaaqzu,76.46499633789062,63.835086822509766
mp-aaaaaned,81.8290023803711,84.59184265136719
mp-aaaaaaar,116.14399719238281,112.4053955078125
mp-aaacfxgg,107.11000061035156,94.57966613769531
mp-aaabfvva,31.05500030517578,37.159725189208984
mp-aaacdmyl,41.005001068115234,43.86306381225586
mp-aaaabwes,111.21299743652344,112.38243103027344
mp-aaaaafko,26.402999877929688,22.977149963378906
mp-aaaaatzi,100.09500122070312,95.04933166503906
mp-aaacgdnf,125.59400177001953,22.981807708740234
mp-aaaaapml,65.31300354003906,76.50888061523438
mp-aaaaafhr,53.058998107910156,32.596710205078125
mp-aaabxcdc,56.513999938964844,46.07443618774414
mp-aaaaaykr,7.228000164031982,32.28368377685547
mp-aaaaacve,-50.15299987792969,-17.50634765625
mp-aaaaaiix,116.18699645996094,100.87254333496094
mp-aaaaaaff,3.744999885559082,4.863059997558594
mp-aaabxgnw,116.58699798583984,92.16382598876953
mp-aaaaacih,65.85600280761719,62.056549072265625
mp-aaacfznq,92.21499633789062,76.70404052734375
mp-aaacfyyw,27.80900001525879,29.862712860107422
mp-aaacdkhy,32.93600082397461,27.186153411865234
mp-aaabxfmj,32.13600158691406,18.62350082397461
mp-aaabxces,16.79599952697754,20.96595573425293
mp-aaaaafck,106.11199951171875,79.8115005493164
mp-aaaaabue,71.17500305175781,49.87153244018555
mp-aaaabiib,9.177000045776367,4.214321136474609
mp-aaackupu,12.8149995803833,29.84292221069336
mp-aaaabexo,119.78399658203125,115.4219970703125
mp-aaabxbbh,15.602999687194824,20.608062744140625
mp-aaaabiir,14.668000221252441,10.631832122802734
mp-aaaaaddt,17.937999725341797,22.704120635986328
mp-aaabxgor,17.586999893188477,20.02347755432129
mp-aaaaarkd,37.54100036621094,33.19877624511719
mp-aaabxflt,81.0510025024414,88.60075378417969
mp-aaaabstn,29.163000106811523,29.07009506225586
mp-aaaaajzu,73.83399963378906,75.22743225097656
mp-aaacewpy,93.4229965209961,99.23904418945312
mp-aaaaaccm,27.791000366210938,26.604698181152344
mp-aaacgopa,60.48400115966797,46.00914764404297
mp-aaabeuyz,8.26099967956543,12.523294448852539
mp-aaabgnok,7.568999767303467,13.292482376098633
mp-aaacpqbh,52.77199935913086,65.52044677734375
mp-aaacdijc,89.47899627685547,97.7982406616211
mp-aaabxgzc,33.555999755859375,28.4615421295166
mp-aaaaalom,25.44099998474121,27.745906829833984
mp-aaabrgwh,49.516998291015625,38.17216873168945
mp-aaacgipb,32.83300018310547,25.593870162963867
mp-aaaabhvl,7.445000171661377,14.134117126464844
mp-aaaaarbi,75.8010025024414,60.25846481323242
mp-aaabqyer,46.119998931884766,60.2017822265625
mp-aaabxfcd,31.94099998474121,31.478260040283203
mp-aaabfcfm,37.54499816894531,26.774738311767578
mp-aaackisd,48.42900085449219,45.912261962890625
mp-aaaabtgw,24.23900032043457,29.684926986694336
mp-aaaaadqt,46.96099853515625,46.1877326965332
mp-aaaaagxy,97.86900329589844,81.89014434814453
mp-aaaghxdy,22.197999954223633,14.743965148925781
mp-aaabxgsu,88.01499938964844,88.09756469726562
mp-aaabgrlz,39.35200119018555,49.244842529296875
mp-aaaaapbo,27.17799949645996,23.768108367919922
mp-aaacdrdg,4.934999942779541,10.978939056396484
mp-aaaaajxe,20.53700065612793,22.01375961303711
mp-aaaaanso,87.55400085449219,71.52285766601562
mp-aaaaacdh,11.920999526977539,22.52977180480957
mp-aaabmklt,21.680999755859375,24.56329345703125
mp-aaacdnmi,17.232999801635742,16.840869903564453
mp-aaabrbjf,61.0880012512207,52.80194854736328
mp-aaaaalke,23.820999145507812,13.893243789672852
mp-aaagjtho,1.7480000257492065,9.742328643798828
mp-aaabxgmt,85.89800262451172,94.8785400390625
mp-aaaabign,3.1740000247955322,-2.186626434326172
mp-aaabjyhf,65.2020034790039,9.040199279785156
mp-aaacfwem,69.68000030517578,60.83052444458008
mp-aaabxbqd,16.535999298095703,18.935171127319336
mp-aaabmgnf,28.035999298095703,31.086772918701172
mp-aaaabfil,39.86800003051758,50.260108947753906
mp-aaaaaoub,138.9770050048828,125.71638488769531
mp-aaaabtgl,31.239999771118164,52.0475959777832
mp-aaaaakhf,201.76699829101562,180.92271423339844
mp-aaaaafns,49.20000076293945,46.67206573486328
mp-aaaaacia,21.79199981689453,21.312402725219727
mp-aaabxguh,83.93900299072266,71.29964447021484
mp-aaacdphk,5.918000221252441,5.580204010009766
mp-aaaaabjx,50.98899841308594,35.625160217285156
mp-aaaabdlq,59.2239990234375,47.75494384765625
mp-aaaaabwc,31.582000732421875,29.45745086669922
mp-aaacduvo,44.624000549316406,45.046539306640625
mp-aaaabhye,35.85300064086914,32.539344787597656
mp-aaaaatco,19.766000747680664,17.085153579711914
mp-aaabxfwh,15.527999877929688,23.25587272644043
mp-aaabfqdk,4.00600004196167,-3.3263473510742188
mp-aaacrqlo,201.5229949951172,169.84085083007812
mp-aaacease,92.8479995727539,100.82981872558594
mp-aaacbufg,20.02199935913086,24.331079483032227
mp-aaacdvzv,42.9379997253418,40.86802673339844
mp-aaabgxyc,57.04399871826172,38.33510208129883
mp-aaacdkxz,51.07699966430664,34.25442886352539
mp-aaaabdub,15.333999633789062,34.40699768066406
mp-aaaabegk,4.6479997634887695,13.642959594726562
mp-aaacehws,20.57200050354004,22.082324981689453
mp-aaacfhmg,0.7400000095367432,25.021270751953125
mp-aaaabfqk,46.845001220703125,47.10557556152344
mp-aaacezyg,32.78300094604492,29.196271896362305
mp-aaabxhij,46.33000183105469,28.487625122070312
mp-aaacevzv,18.099000930786133,37.665042877197266
mp-aaaaaaif,18.707000732421875,15.226556777954102
mp-aaacebtm,16.069000244140625,19.381380081176758
mp-aaacfkye,4.461999893188477,14.954065322875977
mp-aaaaaurc,60.152000427246094,45.18180847167969
mp-aaaabpnp,25.13599967956543,16.239038467407227
mp-aaacfkin,-39.9640007019043,4.960235595703125
mp-aaaabtzx,61.65800094604492,62.68259811401367
mp-aaaaaxld,52.617000579833984,68.19725036621094
mp-aaaaalbl,55.803001403808594,59.037078857421875
mp-aaabxcbs,185.92599487304688,167.0413360595703
mp-aaabqxpu,44.069000244140625,45.50968933105469
mp-aaaaamkf,23.268999099731445,34.509971618652344
mp-aaaabpmv,5.9710001945495605,9.015357971191406
mp-aaaaaaek,17.687000274658203,7.334728240966797
mp-aaaaamho,50.244998931884766,54.026023864746094
mp-aaabjybs,-3.384999990463257,-2.4909934997558594
mp-aaabraoc,74.86000061035156,57.32201385498047
mp-aaabxjrv,40.95500183105469,58.05009841918945
mp-aaabxgwr,70.54199981689453,57.745704650878906
mp-aaaaaboz,28.090999603271484,20.181507110595703
mp-aaabgndy,-93.91600036621094,-95.84036254882812
mp-aaabqzxy,54.349998474121094,37.88339614868164
mp-aaaaacfx,21.013999938964844,22.35871696472168
mp-aaaaaqro,74.0260009765625,86.17437744140625
mp-aaacfzds,116.90299987792969,70.95418548583984
mp-aaaaanxa,2.9609999656677246,7.414253234863281
mp-aaaaabhe,28.878000259399414,46.59031295776367
mp-aaacfadd,-22.097000122070312,-1.9582252502441406
mp-aaacjhsr,90.19999694824219,46.36129379272461
mp-aaaaaflf,59.15599822998047,51.76605224609375
mp-aaaaaowz,20.64699935913086,10.73350715637207
mp-aaaaafeo,22.940000534057617,35.484619140625
mp-aaaabpak,2.6419999599456787,6.9743804931640625
mp-aaabxcfo,15.965999603271484,20.873430252075195
mp-aaaabecm,71.19200134277344,26.25389862060547
mp-aaaaagnv,69.86799621582031,76.28602600097656
mp-aaaaabmm,16.56399917602539,19.812782287597656
mp-aaaabdyf,24.968000411987305,22.47123146057129
mp-aaacdlnb,193.10000610351562,170.63087463378906
mp-aaaaahku,51.44300079345703,49.988609313964844
mp-aaabxfnh,86.0,52.66690444946289
mp-aaaaaffm,36.51499938964844,34.61031723022461
mp-aaacdjld,30.277999877929688,23.37546157836914
mp-aaaabpeu,34.01499938964844,39.01921844482422
mp-aaaabwsl,50.448001861572266,52.50640869140625
mp-aaacdmpy,105.89700317382812,59.46421813964844
mp-aaaaafvr,64.43000030517578,56.22089385986328
mp-aaaaadbc,47.071998596191406,50.14834976196289
mp-aaaaaeeu,164.26100158691406,132.8369903564453
mp-aaaaakfz,74.06999969482422,77.26657104492188
mp-aaaaauaa,15.793999671936035,23.171846389770508
mp-aaaabept,170.5019989013672,168.03521728515625
mp-aaabmknx,11.154000282287598,12.731021881103516
mp-aaacdhlc,4.182000160217285,-10.880691528320312
mp-aaabkhee,-8.52400016784668,-20.621063232421875
mp-aaaabhvz,20.475000381469727,5.924095153808594
mp-aaacfskf,88.75800323486328,78.108642578125
mp-aaacdhmp,55.83399963378906,24.43472671508789
mp-aaaaadxq,27.634000778198242,15.185609817504883
mp-aaacqcgt,26.64699935913086,32.02676010131836
mp-aaaaadld,59.861000061035156,46.04789733886719
mp-aaaaaaej,145.8000030517578,145.57313537597656
mp-aaabgjwb,99.37899780273438,104.06101989746094
mp-aaacdwot,8.460000038146973,2.518035888671875
mp-aaaaberi,81.16000366210938,85.69107055664062
mp-aaabqwpf,90.78500366210938,80.23726654052734
mp-aaacdpwx,22.833999633789062,17.831388473510742
mp-aaaabfub,12.399999618530273,17.248767852783203
mp-aaabghwn,88.94200134277344,85.50828552246094
mp-aaadaeow,63.42399978637695,68.34080505371094
mp-aaaaadlq,42.18199920654297,25.54776954650879
mp-aaaabfow,5.122000217437744,-22.222972869873047
mp-aaaabysz,36.94300079345703,19.56423568725586
mp-aaaaanhm,33.73699951171875,48.56548309326172
mp-aaacdohh,14.652999877929688,16.945241928100586
mp-aaaaabvr,60.310001373291016,54.992340087890625
mp-aaabrgzj,56.71799850463867,50.044898986816406
mp-aaaaalma,87.1989974975586,65.63384246826172
mp-aaaaacms,65.24800109863281,52.38369369506836
mp-aaabmlfk,41.566001892089844,39.3891487121582
mp-aaaaacoj,23.827999114990234,16.81305503845215
mp-aaaaadib,49.76599884033203,46.72523880004883
mp-aaaaadkx,147.83999633789062,117.663818359375
mp-aaacfxez,54.0620002746582,44.94548034667969
mp-aaaaaiqy,38.696998596191406,40.673927307128906
mp-aaabxclf,-71.48100280761719,-45.0301399230957
mp-aaabxcmj,17.542999267578125,22.01363182067871
mp-aaaaborg,98.73400115966797,82.97941589355469
mp-aaabhemg,10.5,10.593751907348633
mp-aaaaabca,21.969999313354492,13.380077362060547
mp-aaafhsfr,44.805999755859375,37.367210388183594
mp-aaaaaadd,-5.735000133514404,14.410179138183594
mp-aaaaacks,58.77199935913086,34.189945220947266
mp-aaabxixx,40.67900085449219,43.15851974487305
mp-aaaaaron,58.332000732421875,48.140316009521484
mp-aaaabgjw,8.526000022888184,15.856252670288086
mp-aaacgafm,145.28900146484375,117.47509765625
mp-aaacdplr,68.64900207519531,74.49423217773438
mp-aaaaaomc,11.105999946594238,10.363826751708984
mp-aaabevfv,8.878999710083008,5.0594940185546875
mp-aaaaadup,23.207000732421875,23.114418029785156
mp-aaacfxjm,48.994998931884766,43.797523498535156
mp-aaaaajkj,102.6760025024414,105.20437622070312
mp-aaabgkig,43.0989990234375,38.525230407714844
mp-aaabgixi,41.354000091552734,42.21331024169922
mp-aaacdpet,94.1729965209961,18.416603088378906
mp-aaaabxjh,27.336000442504883,35.6638069152832
mp-aaaccsoz,55.904998779296875,48.61104202270508
mp-aaaaaczm,60.66999816894531,56.24114990234375
mp-aaaaacbw,94.5999984741211,80.52005767822266
mp-aaaccsph,0.5059999823570251,-34.058467864990234
mp-aaaaabsg,77.52999877929688,62.723419189453125
mp-aaaaanov,53.48699951171875,67.77912902832031
mp-aaaaaiil,77.7959976196289,80.94985961914062
mp-aaaaancv,21.018999099731445,34.88130569458008
mp-aaacfkyw,5.866000175476074,34.36767578125
mp-aaaabscn,54.31800079345703,62.787864685058594
mp-aaacfkky,13.262999534606934,40.303428649902344
mp-aaaaaedh,3.921999931335449,11.980945587158203
mp-aaabxbnw,29.499000549316406,31.62082862854004
mp-aaacdnxq,114.13300323486328,102.65919494628906
mp-aaabexba,38.54499816894531,22.738235473632812
mp-aaaaaerj,121.83399963378906,83.75839233398438
mp-aaaabewj,86.84200286865234,92.99444580078125
mp-aaachgoh,38.62200164794922,43.52068328857422
mp-aaaabtrv,38.22100067138672,41.64986038208008
mp-aaaaagon,109.84400177001953,89.3128662109375
mp-aaaaaapt,13.293000221252441,12.254770278930664
mp-aaabmysl,83.33499908447266,102.52595520019531
mp-aaaabtof,-9.902999877929688,-42.78139877319336
mp-aaabqwwv,94.77200317382812,78.8712158203125
mp-aaaaayfj,106.05999755859375,103.60272216796875
mp-aaaabtkg,67.46900177001953,65.9852294921875
mp-aaaabtph,56.27399826049805,60.692134857177734
mp-aaabhbnc,7.769000053405762,10.899175643920898
mp-aaabgmwr,13.684000015258789,10.268882751464844
mp-aaacfzyd,39.448001861572266,36.47997283935547
mp-aaabexcx,61.41299819946289,54.23332977294922
mp-aaaaatbf,133.4759979248047,136.6927947998047
mp-aaacdnyw,12.342000007629395,19.552675247192383
mp-aaaabtrj,-53.31399917602539,-44.95981979370117
mp-aaabxhik,17.76300048828125,24.606517791748047
mp-aaaaadrq,76.29499816894531,47.4484748840332
mp-aaacdvtn,1.3109999895095825,14.588102340698242
mp-aaaaaeky,35.87300109863281,23.404157638549805
mp-aaacgiok,41.31999969482422,40.46714401245117
mp-aaaaafiz,28.121000289916992,21.799169540405273
mp-aaaabhkv,-4.197000026702881,-0.9955291748046875
mp-aaabqyia,110.96299743652344,127.99497985839844
mp-aaacgeae,15.920000076293945,19.851642608642578
mp-aaaaaeae,28.691999435424805,13.342761993408203
mp-aaaaacxk,68.4520034790039,40.63144302368164
mp-aaaaaeif,75.81300354003906,72.99793243408203
mp-aaabrizq,77.66400146484375,83.03459167480469
mp-aaabxfmy,58.45000076293945,35.251060485839844
mp-aaaaalix,9.043000221252441,5.293910980224609
mp-aaacebog,14.427000045776367,16.486011505126953
mp-aaabghix,13.291999816894531,20.442548751831055
mp-aaacdkaz,27.113000869750977,20.46329116821289
mp-aaaaaspx,5.920000076293945,14.113605499267578
mp-aaacdngp,19.5,16.929279327392578
mp-aaacqexm,10.444999694824219,25.411251068115234
mp-aaaabslk,21.701000213623047,22.177457809448242
mp-aaacdywv,38.20100021362305,32.46348571777344
mp-aaaabdne,39.81700134277344,34.81819152832031
mp-aaaabrlu,13.848999977111816,23.300600051879883
mp-aaaaauqk,10.777999877929688,15.562223434448242
mp-aaaaabgh,75.50499725341797,67.36478424072266
mp-aaacgivl,3.815000057220459,12.520164489746094
mp-aaabxfwl,73.50399780273438,58.455039978027344
mp-aaaaagmo,105.49299621582031,111.822509765625
mp-aaacgowe,38.981998443603516,57.53879928588867
mp-aaabqypr,36.28300094604492,35.91624450683594
mp-aaacfiuk,17.573999404907227,11.508197784423828
mp-aaaabpbu,16.393999099731445,20.160472869873047
mp-aaaaahqd,17.368999481201172,19.299057006835938
mp-aaaabpjv,14.800999641418457,10.258522033691406
mp-aaacfrpu,27.292999267578125,23.927291870117188
mp-aaacebnl,15.369000434875488,5.179378509521484
mp-aaabxhfs,11.994999885559082,11.839262008666992
mp-aaaaaroo,38.861000061035156,31.02311897277832
mp-aaacdhvc,-4.070000171661377,46.238643646240234
mp-aaaaaaiw,58.61800003051758,61.05402374267578
mp-aaaaacrb,27.833999633789062,19.612525939941406
mp-aaabfuhp,62.5369987487793,51.49980545043945
mp-aaacfycs,20.083999633789062,21.594160079956055
mp-aaaaadxu,17.743000030517578,22.631410598754883
mp-aaaaalmx,28.777999877929688,23.422155380249023
mp-aaabxgae,37.595001220703125,31.317684173583984
mp-aaaabfkv,83.05599975585938,89.99208068847656
mp-aaacfrpt,15.739999771118164,15.208681106567383
mp-aaaaaeiv,119.2229995727539,126.892822265625
mp-aaaceaxt,55.327999114990234,70.67271423339844
mp-aaaaapvm,39.42599868774414,43.99726486206055
mp-aaaaaqpz,58.71900177001953,46.03644943237305
mp-aaaaabzp,48.875,41.962764739990234
mp-aaaaacgv,70.3280029296875,61.950477600097656
mp-aaabxfox,5.625999927520752,18.543859481811523
mp-aaaaalaa,17.875,10.113452911376953
mp-aaacfxgi,86.30699920654297,73.00259399414062
mp-aaacpdzj,13.637999534606934,31.439481735229492
mp-aaaaakno,41.762001037597656,44.86921310424805
mp-aaachdqt,6.685999870300293,5.093242645263672
mp-aaacdmah,1.4479999542236328,3.5345535278320312
mp-aaacdvmw,4.946000099182129,-8.397701263427734
mp-aaacdkdu,40.237998962402344,40.47771072387695
mp-aaaabidz,94.30899810791016,60.831382751464844
mp-aaaaadvp,86.08200073242188,93.22660064697266
mp-aaacdymv,3.49399995803833,14.951126098632812
mp-aaaabjhi,10.053999900817871,5.287776947021484
mp-aaaaccnw,87.31099700927734,84.45353698730469
mp-aaaaalhf,25.4060001373291,27.67239761352539
mp-aaaaatbe,-42.43299865722656,45.65412521362305
mp-aaaaasdu,34.33700180053711,30.52650260925293
mp-aaabxjxr,0.019999999552965164,3.9501113891601562
mp-aaaaaddn,39.89699935913086,23.373931884765625
mp-aaacgivd,80.65599822998047,67.50128173828125
mp-aaafdsxr,4.849999904632568,17.604833602905273
mp-aaaabrpf,65.03500366210938,84.2806396484375
mp-aaaabtbp,23.44499969482422,33.56568145751953
mp-aaacgosr,33.02299880981445,37.85419464111328
mp-aaabkddr,123.9000015258789,62.01154327392578
mp-aaaaabwe,89.18000030517578,87.50112915039062
mp-aaaaabjv,56.2239990234375,51.185096740722656
mp-aaaabijw,-57.12099838256836,-45.85032272338867
mp-aaaaaqvh,27.641000747680664,28.397239685058594
mp-aaaaaijk,59.8650016784668,50.02191162109375
mp-aaabxgtx,69.16999816894531,73.118896484375
mp-aaaaaiqp,63.42399978637695,51.206573486328125
mp-aaabknpj,4.313000202178955,3.239978790283203
mp-aaaaahaa,75.02100372314453,42.16758346557617
mp-aaaabekb,103.94100189208984,103.59898376464844
mp-aaabxcea,12.355999946594238,14.523216247558594
mp-aaabxiyz,178.07699584960938,162.18777465820312
mp-aaaabjhe,13.538000106811523,-13.443527221679688
mp-aaacdjmm,19.238000869750977,23.555278778076172
mp-aaaacaeu,24.42300033569336,28.04641342163086
mp-aaaaafql,26.28499984741211,19.299930572509766
mp-aaaabsae,12.96500015258789,5.638881683349609
mp-aaaaarvy,-1.0490000247955322,-12.55167007446289
mp-aaacesyg,19.290000915527344,23.711183547973633
mp-aaaaaoyz,121.8239974975586,100.13770294189453
mp-aaaabhuv,1.9500000476837158,1.5519142150878906
mp-aaaaaeju,122.59500122070312,107.63105773925781
mp-aaacgczo,21.38800048828125,14.995149612426758
mp-aaabrtsq,89.322998046875,120.47235107421875
mp-aaaaaahn,74.0770034790039,65.73228454589844
mp-aaaaadvy,60.63600158691406,63.584228515625
mp-aaabiggy,94.28900146484375,104.29142761230469
mp-aaaabfoi,9.430999755859375,55.31222915649414
mp-aaabxiyq,53.42100143432617,48.15632629394531
mp-aaaaadyu,16.454999923706055,11.900793075561523
mp-aaabqxuc,18.43199920654297,34.816070556640625
mp-aaaaahni,22.406999588012695,35.75444412231445
mp-aaacjwtd,194.58200073242188,162.57992553710938
mp-aaaaaora,78.0479965209961,114.30349731445312
mp-aaabglpb,6.586999893188477,6.039340972900391
mp-aaaaaiis,12.253999710083008,46.1932373046875
mp-aaaabqsm,9.590999603271484,2.4847183227539062
mp-aaabxhjy,2.2660000324249268,5.102783203125
mp-aaaaakud,155.0570068359375,135.21519470214844
mp-aaaaaalo,68.30000305175781,61.94773864746094
mp-aaaaabdi,8.298999786376953,23.588014602661133
mp-aaabxgit,119.6709976196289,119.24002075195312
mp-aaacfxzc,53.70500183105469,36.431846618652344
mp-aaaaabvo,14.116999626159668,11.987699508666992
mp-aaaaayqi,40.821998596191406,49.23207473754883
mp-aaaaagtn,83.57099914550781,69.52581787109375
mp-aaabrgwf,60.17100143432617,63.14926528930664
mp-aaaaaeeg,-19.520000457763672,24.18280601501465
mp-aaaabids,117.30500030517578,90.11149597167969
mp-aaaabhxj,-28.395000457763672,1.4853897094726562
mp-aaaaabop,26.802000045776367,23.34795379638672
mp-aaabxgyo,25.30299949645996,19.951797485351562
mp-aaaaanwl,44.52799987792969,36.49569320678711
mp-aaacfklz,16.305999755859375,32.95044708251953
mp-aaaaamvt,12.14799976348877,15.072101593017578
mp-aaabfmne,12.092000007629395,15.436990737915039
mp-aaabxfxa,20.58799934387207,31.968069076538086
mp-aaaaahdc,90.25700378417969,49.18638610839844
mp-aaabxbbu,36.57600021362305,27.631481170654297
mp-aaacdrmr,-23.964000701904297,-12.071037292480469
mp-aaabqvee,66.39199829101562,86.8569564819336
mp-aaaabszq,32.11600112915039,27.732255935668945
mp-aaabxggf,28.70599937438965,28.56090545654297
mp-aaaaaekb,70.83200073242188,68.3591537475586
mp-aaaaaytp,53.79600143432617,48.34337615966797
mp-aaabfvie,24.815000534057617,20.098649978637695
mp-aaaaatej,1.0379999876022339,9.687881469726562
mp-aaacgczv,5.875999927520752,0.4069023132324219
mp-aaaaabeq,11.99899959564209,35.54838562011719
mp-aaaaawjo,8.88700008392334,19.280101776123047
mp-aaabgmtb,28.52199935913086,27.64720916748047
mp-aaaaaifl,28.042999267578125,21.5526065826416
mp-aaabxazb,44.21200180053711,24.790267944335938
mp-aaaaarox,31.724000930786133,29.35470199584961
mp-aaacewni,24.12299919128418,18.830934524536133
mp-aaackxwh,115.13600158691406,128.80108642578125
mp-aaabxhit,62.50199890136719,43.76314926147461
mp-aaabxgzg,32.67599868774414,23.28702735900879
mp-aaaaalxt,27.180999755859375,15.65655517578125
mp-aaacfjxo,141.36099243164062,138.67466735839844
mp-aaabkhfq,22.68600082397461,25.53090476989746
mp-aaabfygw,34.257999420166016,32.157466888427734
mp-aaabqxck,48.994998931884766,47.75577163696289
mp-aaaaapit,-9.387999534606934,-1.0909805297851562
mp-aaaaaolv,58.66299819946289,62.00907897949219
mp-aaacdvmt,37.63100051879883,21.713533401489258
mp-aaacdryl,20.780000686645508,15.944425582885742
mp-aaaaaird,121.46800231933594,113.34011840820312
mp-aaabxgii,186.51600646972656,170.24688720703125
mp-aaacdjsa,23.677000045776367,24.932353973388672
mp-aaabxhnr,28.100000381469727,16.410049438476562
mp-aaaaadqq,69.13800048828125,52.558006286621094
mp-aaacdssx,20.618999481201172,27.181949615478516
mp-aaabxflm,56.13600158691406,35.00959396362305
mp-aaacdksm,80.16500091552734,67.76969146728516
mp-aaaaadnw,19.07200050354004,17.563032150268555
mp-aaaaabqb,42.680999755859375,33.44305419921875
mp-aaabxayz,104.71099853515625,85.85923767089844
mp-aaabjzne,14.906999588012695,29.03842544555664
mp-aaaaaefq,167.3979949951172,173.43115234375
mp-aaabxcbp,34.91600036621094,34.93431854248047
mp-aaaaalny,84.79100036621094,84.17497253417969
mp-aaadattb,57.54399871826172,40.87199401855469
mp-aaaaafho,77.79499816894531,87.42341613769531
mp-aaaaaayv,58.987998962402344,51.93693923950195
mp-aaaaagdq,19.47599983215332,12.830554962158203
mp-aaabxfgk,131.07400512695312,110.99845886230469
mp-aaaabsxx,42.582000732421875,39.05778503417969
mp-aaaaatma,45.823001861572266,41.2076416015625
mp-aaacdoks,16.5939998626709,9.67520523071289
mp-aaabgaqg,31.982999801635742,29.671878814697266
mp-aaacdiqa,31.18899917602539,28.39858055114746
mp-aaacflvw,66.38600158691406,60.140193939208984
mp-aaaaapbt,37.249000549316406,30.427322387695312
mp-aaaaaecz,32.90399932861328,29.020002365112305
mp-aaabxjxl,66.76100158691406,75.43592834472656
mp-aaabglfu,28.667999267578125,26.727506637573242
mp-aaaaaled,189.53599548339844,67.82579040527344
mp-aaabxgum,10.940999984741211,15.845247268676758
mp-aaaaazol,62.64099884033203,54.69676208496094
mp-aaaceszk,18.339000701904297,19.919034957885742
mp-aaabfpcq,22.781999588012695,-3.23291015625
mp-aaafnbaf,29.55299949645996,27.562843322753906
mp-aaaabtgj,53.68199920654297,46.44646072387695
mp-aaacdwrx,17.375999450683594,9.641395568847656
mp-aaaabtpk,39.20399856567383,32.04869079589844
mp-aaaaaalt,94.97899627685547,85.8504638671875
mp-aaaaalfr,18.785999298095703,20.601869583129883
mp-aaaaaodu,35.547000885009766,41.803245544433594
mp-aaacfaac,72.75299835205078,74.01284790039062
mp-aaaaalgm,81.34100341796875,87.95611572265625
mp-aaabmlon,28.249000549316406,20.04738998413086
mp-aaaabgwa,75.13800048828125,95.62434387207031
mp-aaabxcec,54.12200164794922,58.938194274902344
mp-aaaaceqi,122.64700317382812,91.87338256835938
mp-aaabqzax,30.381999969482422,42.50513458251953
mp-aaaabevv,50.34299850463867,47.778289794921875
mp-aaaaajgb,60.422000885009766,61.184349060058594
mp-aaaabuni,25.23699951171875,22.428279876708984
mp-aaabxaoa,27.350000381469727,22.021686553955078
mp-aaacesuv,19.322999954223633,10.207080841064453
mp-aaabxfyh,89.2959976196289,77.50318145751953
mp-aaaaayfk,-0.953000009059906,6.2209625244140625
mp-aaaaaasn,89.79499816894531,72.79093933105469
mp-aaacdpmi,16.731000900268555,33.59557342529297
mp-aaaaabhm,8.92300033569336,4.255779266357422
mp-aaacdqch,-12.875,10.47177505493164
mp-aaaaaklc,102.82599639892578,97.13941955566406
mp-aaacevuq,29.881000518798828,23.942163467407227
mp-aaabxcie,31.69700050354004,33.11234664916992
mp-aaaaaitq,94.85099792480469,72.68228912353516
mp-aaabsfml,40.167999267578125,54.795204162597656
mp-aaaabpft,15.706000328063965,12.288225173950195
mp-aaabkfds,15.310999870300293,64.75077819824219
mp-aaacewal,12.666000366210938,13.482841491699219
mp-aaabjyfb,-0.36800000071525574,3.2365875244140625
mp-aaaaapeu,15.722000122070312,12.912567138671875
mp-aaaaacns,21.92099952697754,21.16456413269043
mp-aaaaarry,22.729000091552734,25.907400131225586
mp-aaacdifc,90.29499816894531,93.34024047851562
mp-aaaabtjd,48.91600036621094,43.21994400024414
mp-aaaaaisy,23.19300079345703,41.86231994628906
mp-aaabgktl,70.2030029296875,82.64208221435547
mp-aaaaagcs,67.68800354003906,67.538330078125
mp-aaaaaqsk,32.0369987487793,35.25779724121094
mp-aaabxcow,25.99799919128418,16.37685775756836
mp-aaaaahwj,125.02300262451172,122.10409545898438
mp-aaaaaqqr,19.138999938964844,32.71479034423828
mp-aaabxisx,94.51599884033203,108.44529724121094
mp-aaabxdqd,31.0049991607666,11.725852966308594
mp-aaaabaln,28.854999542236328,42.0593147277832
mp-aaaaadsq,44.75400161743164,48.52839279174805
mp-aaaabfpu,47.99700164794922,55.41946029663086
mp-aaaccsom,-12.045000076293945,15.423103332519531
mp-aaaaabpe,15.154999732971191,6.932151794433594
mp-aaabxcgu,9.574000358581543,15.10811996459961
mp-aaaaapuc,-7.663000106811523,12.50741195678711
mp-aaaabieb,65.45500183105469,61.604007720947266
mp-aaabghdr,1.9670000076293945,7.852748870849609
mp-aaacfsjm,84.52300262451172,90.55785369873047
mp-aaaaagwg,67.34300231933594,57.2449836730957
mp-aaaabgye,71.50299835205078,48.83760070800781
mp-aaabgmgh,36.51100158691406,31.501544952392578
mp-aaaaaoej,35.57099914550781,34.32624816894531
mp-aaaceszi,20.274999618530273,22.83902359008789
mp-aaabwzym,2.5840001106262207,9.183292388916016
mp-aaacdrmg,87.06500244140625,57.33998107910156
mp-aaaaapsq,36.63600158691406,27.778963088989258
mp-aaaabiby,12.913000106811523,8.79049301147461
mp-aaaaacil,42.250999450683594,31.634422302246094
mp-aaaaakrv,51.71099853515625,45.559906005859375
mp-aaaaaork,116.09500122070312,130.08822631835938
mp-aaaaaswi,65.6240005493164,46.392059326171875
mp-aaaaacis,105.89199829101562,84.55097961425781
mp-aaaabulu,45.01300048828125,58.859161376953125
mp-aaaaaqzw,15.836999893188477,11.314470291137695
mp-aaacdnwp,16.433000564575195,16.698284149169922
mp-aaaccsqv,-11.67300033569336,-6.555946350097656
mp-aaacdree,19.659000396728516,11.731252670288086
mp-aaaaaqon,51.63600158691406,28.257070541381836
mp-aaaaaicp,88.88700103759766,83.99481201171875
mp-aaaabhdk,102.86000061035156,100.13941955566406
mp-aaaaadmy,104.18499755859375,64.82144927978516
mp-aaaaamsd,40.459999084472656,54.390602111816406
mp-aaaaaqsx,21.29800033569336,13.375974655151367
mp-aaaaabtg,21.78499984741211,27.47735595703125
mp-aaaabqgt,26.88599967956543,30.063533782958984
mp-aaabxgub,-18.715999603271484,5.930774688720703
mp-aaaabhrg,17.292999267578125,25.04706573486328
mp-aaacdpdz,96.4739990234375,87.04222869873047
mp-aaaaakzl,21.893999099731445,15.260627746582031
mp-aaaaaboc,95.83300018310547,102.98172760009766
mp-aaaaaccl,32.17399978637695,19.5959529876709
mp-aaaaairq,30.066999435424805,25.22406578063965
mp-aaabxjbj,5.552999973297119,21.34795570373535
mp-aaaaacbr,84.67400360107422,108.01272583007812
mp-aaacgoud,47.81399917602539,58.46855926513672
mp-aaabxjxc,12.425000190734863,14.366573333740234
mp-aaaaaabl,39.90800094604492,31.80144691467285
mp-aaabghuv,81.43000030517578,79.20487976074219
mp-aaacevxe,52.93299865722656,45.47298812866211
mp-aaabqyzf,49.0890007019043,62.17464828491211
mp-aaaaacwb,48.73400115966797,32.49653625488281
mp-aaaabsrx,7.935999870300293,17.36703872680664
mp-aaabghyt,38.108001708984375,41.31524658203125
mp-aaaaadhp,145.08999633789062,144.97816467285156
mp-aaacgisb,59.75600051879883,59.48408508300781
mp-aaaabigw,12.21500015258789,6.7322998046875
mp-aaaaasvj,18.65999984741211,16.822690963745117
mp-aaabxflr,41.790000915527344,29.06418228149414
mp-aaaaafvi,35.590999603271484,36.83711624145508
mp-aaaaabkk,75.41000366210938,61.61724090576172
mp-aaabqvqw,81.14399719238281,117.1092529296875
mp-aaacjjkr,36.32600021362305,38.45726013183594
mp-aaaaaotm,57.03900146484375,52.844749450683594
mp-aaaaaavn,48.34600067138672,37.523399353027344
mp-aaabgmwi,7.86299991607666,6.533721923828125
mp-aaabrafw,75.83599853515625,75.88371276855469
mp-aaaabfiy,15.258000373840332,21.810619354248047
mp-aaaaagqg,21.79199981689453,37.952003479003906
mp-aaabgitp,31.013999938964844,40.723758697509766
mp-aaaabsqx,85.41400146484375,81.09041595458984
mp-aaaabdzb,77.37000274658203,89.18865966796875
mp-aaabxgdd,29.624000549316406,20.687219619750977
mp-aaaaaynd,20.46299934387207,22.329092025756836
mp-aaabrfsu,52.641998291015625,72.14588928222656
mp-aaaaacbz,37.19499969482422,32.16838455200195
mp-aaaabtoo,82.96199798583984,70.23573303222656
mp-aaabxihe,26.895999908447266,20.766109466552734
mp-aaabdbjj,68.48200225830078,76.87991333007812
mp-aaaaadws,32.808998107910156,23.40939712524414
mp-aaaaabvz,72.31400299072266,58.701385498046875
mp-aaacfywt,61.01599884033203,37.832096099853516
mp-aaaaaqdf,55.00199890136719,64.50770568847656
mp-aaaaaeon,147.36500549316406,115.475341796875
mp-aaaabfnw,125.05400085449219,123.83500671386719
mp-aaaabenp,39.53799819946289,54.04443359375
mp-aaacdmua,3.4049999713897705,0.8564071655273438
mp-aaabqykz,52.0,61.88237762451172
mp-aaacfsjs,92.14299774169922,79.43400573730469
mp-aaacflso,45.6349983215332,44.18863296508789
mp-aaaaarlp,30.834999084472656,30.817420959472656
mp-aaaaaajr,142.3070068359375,132.49949645996094
mp-aaabilai,16.15399932861328,16.991636276245117
mp-aaaabfbq,24.61400032043457,22.708887100219727
mp-aaaaasqo,58.10900115966797,55.725013732910156
mp-aaabxfni,102.88600158691406,92.82820129394531
mp-aaacfapb,-97.75800323486328,-79.07464599609375
mp-aaacdkgk,24.25,25.85617446899414
mp-aaaaahvy,95.77100372314453,76.48216247558594
mp-aaabfrhg,19.957000732421875,31.124618530273438
mp-aaaabdnl,89.06500244140625,91.41024780273438
mp-aaaaacgl,23.516000747680664,24.712535858154297
mp-aaacdnwh,15.939000129699707,20.868192672729492
mp-aaaaaovl,46.698001861572266,20.537635803222656
mp-aaaabfep,177.33700561523438,156.42391967773438
mp-aaacfydi,24.551000595092773,45.53790283203125
mp-aaaabufj,16.322999954223633,15.027353286743164
mp-aaacdsib,22.2450008392334,22.19487762451172
mp-aaaaacun,119.38500213623047,112.14360046386719
mp-aaabxckg,20.93600082397461,25.590288162231445
mp-aaacgjlv,9.713000297546387,2.6115570068359375
mp-aaabxjwt,24.381999969482422,28.74789047241211
mp-aaacevuo,42.80500030517578,19.619871139526367
mp-aaabgnfa,31.357999801635742,38.448604583740234
mp-aaabgzow,9.319999694824219,16.815338134765625
mp-aaaabyzk,1.937000036239624,12.46854019165039
mp-aaabgijd,114.38400268554688,122.64035034179688
mp-aaacdrel,52.209999084472656,36.40605926513672
mp-aaaaaakt,68.11799621582031,50.738731384277344
mp-aaaabgiw,160.45899963378906,128.88827514648438
mp-aaacdtqq,9.449999809265137,6.767658233642578
mp-aaacdira,21.569000244140625,23.229244232177734
mp-aaaaaptr,38.257999420166016,42.57863998413086
mp-aaaaahaz,11.251999855041504,-3.2572784423828125
mp-aaabpjau,2.059000015258789,0.855987548828125
mp-aaabikuu,73.41500091552734,86.75799560546875
mp-aaaaadfc,-8.269000053405762,5.831825256347656
mp-aaaaalsw,13.913000106811523,13.620691299438477
mp-aaaabujj,41.44300079345703,31.534603118896484
mp-aaabxhck,21.003000259399414,26.70907974243164
mp-aaaabeji,31.851999282836914,38.04823684692383
mp-aaaaaacx,25.854000091552734,59.90120315551758
mp-aaaaapfb,113.89299774169922,107.89533996582031
mp-aaaaaisc,33.2859992980957,30.68331527709961
mp-aaabxjtk,4.831999778747559,42.65340805053711
mp-aaabxggn,27.589000701904297,20.051015853881836
mp-aaabglqc,2.447000026702881,8.560565948486328
mp-aaaabgqc,46.70600128173828,31.03920555114746
mp-aaacfych,7.598999977111816,20.243982315063477
mp-aaaaatwu,48.481998443603516,57.619041442871094
mp-aaaabhrj,195.01499938964844,194.50318908691406
mp-aaaaaozs,141.0070037841797,139.6963348388672
mp-aaaaakil,59.76100158691406,40.60348892211914
mp-aaabxfva,21.743000030517578,9.221477508544922
mp-aaaabdxz,34.39500045776367,48.403743743896484
mp-aaaaaqek,55.74599838256836,45.118492126464844
mp-aaaaalha,-28.39699935913086,1.650421142578125
mp-aaabjyfj,21.79800033569336,19.587669372558594
mp-aaaaanvf,104.28800201416016,112.77151489257812
mp-aaaaaieg,18.695999145507812,19.751434326171875
mp-aaabpbrz,0.17000000178813934,-29.714595794677734
mp-aaabfvqy,16.7810001373291,27.239768981933594
mp-aaaccsot,-18.954999923706055,9.368114471435547
mp-aaaabgzy,52.25899887084961,42.44099426269531
mp-aaaaaayn,139.25799560546875,139.01141357421875
mp-aaaabpfe,21.367000579833984,29.16119384765625
mp-aaaaaebs,44.202999114990234,38.173736572265625
mp-aaabfhsz,38.39899826049805,40.02336502075195
mp-aaabctuz,108.31700134277344,106.91835021972656
mp-aaabxjxp,24.57900047302246,26.606468200683594
mp-aaacdhlf,28.88800048828125,50.43711853027344
mp-aaabfnph,33.78300094604492,29.24054718017578
mp-aaaaafpb,74.47100067138672,82.6999740600586
mp-aaacjknu,108.61399841308594,78.56024169921875
mp-aaaaamgk,38.104000091552734,33.86654281616211
mp-aaabxgxr,74.2020034790039,84.3658218383789
mp-aaabxgcv,1.9609999656677246,5.551654815673828
mp-aaaaaswc,40.625999450683594,38.90635299682617
mp-aaacdjrx,32.33100128173828,24.905027389526367
mp-aaaaadhs,19.22800064086914,23.418066024780273
mp-aaaaamle,41.939998626708984,43.9326057434082
mp-aaaaathh,12.697999954223633,9.883110046386719
mp-aaaabdis,132.58900451660156,107.41221618652344
mp-aaaabqvh,56.2760009765625,56.18363952636719
mp-aaaaaepa,45.935001373291016,52.60285568237305
mp-aaabxgcx,52.46099853515625,41.83177947998047
mp-aaaabexr,19.027000427246094,31.836708068847656
mp-aaaaakwr,49.61800003051758,53.83592987060547
mp-aaabxfht,26.0049991607666,28.111713409423828
mp-aaabwjuw,0.07199999690055847,-1.1120872497558594
mp-aaaaadbd,152.96400451660156,147.82241821289062
mp-aaaaadhl,39.29800033569336,35.93815994262695
mp-aaacfyap,17.64699935913086,71.873291015625
mp-aaabcsqt,29.302000045776367,29.170597076416016
mp-aaaaamtr,10.458999633789062,16.64971923828125
mp-aaaaagce,8.835000038146973,13.356155395507812
mp-aaaaadqg,22.570999145507812,26.551326751708984
mp-aaaaakyq,17.05299949645996,25.55022621154785
mp-aaaabpes,10.692999839782715,15.09619140625
mp-aaaaacze,123.8479995727539,111.82072448730469
mp-aaacdkad,79.55699920654297,80.15266418457031
mp-aaaaadht,62.56700134277344,50.91043472290039
mp-aaabgmfm,17.093000411987305,18.246936798095703
mp-aaabfcwo,33.44300079345703,45.217735290527344
mp-aaaccspp,-6.2820000648498535,-28.68179702758789
mp-aaaaably,21.920000076293945,25.058874130249023
mp-aaaaabxg,20.059999465942383,25.368106842041016
mp-aaaabsxq,29.940000534057617,25.384693145751953
mp-aaafhtqa,1.1440000534057617,-6.4595794677734375
mp-aaabxfnb,108.00399780273438,90.73497772216797
mp-aaaaacxj,78.72899627685547,60.650909423828125
mp-aaaaackw,12.625,5.956459045410156
mp-aaaabgzp,-15.6899995803833,20.204648971557617
mp-aaaaabar,15.28499984741211,17.13530731201172
mp-aaaabhrc,60.88100051879883,52.90864562988281
mp-aaaaaltg,57.16699981689453,61.12403106689453
mp-aaaabflh,56.08599853515625,62.27231216430664
mp-aaaaahdo,26.865999221801758,27.64838409423828
mp-aaabxfsj,10.791999816894531,11.05853271484375
mp-aaaaammi,50.755001068115234,47.820465087890625
mp-aaaaacfp,146.05099487304688,129.16729736328125
mp-aaaabrdf,26.952999114990234,28.944917678833008
mp-aaaaarit,8.484999656677246,4.910610198974609
mp-aaaabhln,17.56100082397461,20.432954788208008
mp-aaaaabws,15.694000244140625,11.402029037475586
mp-aaacdkha,1.5839999914169312,5.529472351074219
mp-aaacflrk,-69.60199737548828,-13.426250457763672
mp-aaaabqmh,10.585000038146973,22.795495986938477
mp-aaabgmkw,8.616999626159668,4.344764709472656
mp-aaaaalgf,13.817000389099121,10.25802993774414
mp-aaabxbbe,11.699000358581543,9.786243438720703
mp-aaaaaxdj,1.0609999895095825,12.901317596435547
mp-aaagfdgv,9.88599967956543,11.214401245117188
mp-aaaaaaac,48.46900177001953,48.607994079589844
mp-aaafhwgd,0.20000000298023224,10.94791030883789
mp-aaaabhsr,88.7750015258789,67.03558349609375
mp-aaabxcnq,30.714000701904297,21.412105560302734
mp-aaabgnqm,5.331999778747559,12.183906555175781
mp-aaabdbcf,35.85100173950195,27.71657943725586
mp-aaacdhrd,-51.09000015258789,-76.18939208984375
mp-aaaaaaat,14.95199966430664,13.472522735595703
mp-aaadedbm,43.928001403808594,48.07832336425781
mp-aaadctjr,15.286999702453613,35.76940155029297
mp-aaabxfbv,92.9280014038086,92.09866333007812
mp-aaabxghx,118.26499938964844,103.85285949707031
mp-aaaaakjd,21.614999771118164,17.950536727905273
mp-aaacgoxj,37.7239990234375,57.80359649658203
mp-aaaaaong,13.315999984741211,18.764760971069336
mp-aaacdrny,55.606998443603516,49.09517288208008
mp-aaacfrpf,9.944000244140625,13.966407775878906
mp-aaabrwfb,81.46499633789062,74.20498657226562
mp-aaabgjmq,17.381000518798828,-13.840324401855469
mp-aaabgphe,18.792999267578125,56.700904846191406
mp-aaabiocl,77.71099853515625,76.672607421875
mp-aaaceatw,19.56800079345703,37.388057708740234
mp-aaaabdxa,49.189998626708984,51.26998519897461
mp-aaaaafcb,57.882999420166016,70.10749053955078
mp-aaabfclg,12.586000442504883,3.015247344970703
mp-aaaaasdw,15.812999725341797,29.989906311035156
mp-aaaabtjr,64.01899719238281,57.60052490234375
mp-aaacdqdl,46.952999114990234,39.69228744506836
mp-aaaabtvp,18.97599983215332,27.453826904296875
mp-aaabevxq,28.08099937438965,35.106571197509766
mp-aaaaarxt,75.04199981689453,54.82904052734375
mp-aaabxcjl,15.550999641418457,21.103471755981445
mp-aaaaaizq,22.332000732421875,12.629415512084961
mp-aaaddkuv,50.154998779296875,25.257736206054688
mp-aaabmgnm,77.88800048828125,76.70545959472656
mp-aaaabhbs,33.349998474121094,68.2138900756836
mp-aaaaajer,39.75199890136719,44.93532180786133
mp-aaacpkqd,198.55499267578125,163.8538055419922
mp-aaaaamcq,22.996000289916992,56.58573532104492
mp-aaabgmhs,38.465999603271484,47.01173782348633
mp-aaabkkoo,54.62099838256836,53.88007354736328
mp-aaaabtbo,49.38199996948242,36.25250244140625
mp-aaacdlzi,1.8949999809265137,6.593608856201172
mp-aaabdays,13.916999816894531,15.174480438232422
mp-aaaaagbo,42.50699996948242,77.34645080566406
mp-aaaabfet,58.58599853515625,56.54686737060547
mp-aaaaadcs,31.441999435424805,24.367002487182617
mp-aaabfxzz,16.051000595092773,20.77391815185547
mp-aaabxfvu,-22.07900047302246,40.232948303222656
mp-aaabflaa,34.119998931884766,24.639768600463867
mp-aaaaaezj,41.917999267578125,52.86076354980469
mp-aaabxfxr,53.42499923706055,29.373538970947266
mp-aaaabdue,33.4900016784668,37.76517105102539
mp-aaaabhzg,16.9060001373291,21.312305450439453
mp-aaaaaxdn,8.072999954223633,21.206865310668945
mp-aaabewqb,107.62100219726562,117.46476745605469
mp-aaabxats,33.96699905395508,19.580032348632812
mp-aaacdmjc,0.9150000214576721,2.5316314697265625
mp-aaaabdii,6.185999870300293,25.757394790649414
mp-aaabkfhw,102.39099884033203,96.38998413085938
mp-aaabqycp,21.097999572753906,30.509531021118164
mp-aaaabemu,22.440000534057617,26.477569580078125
mp-aaaabdrd,51.43899917602539,61.613487243652344
mp-aaacgoxu,26.775999069213867,47.444828033447266
mp-aaaaafbg,60.856998443603516,55.67262649536133
mp-aaacgisc,17.944000244140625,24.489295959472656
mp-aaaaathf,16.371999740600586,20.429454803466797
mp-aaaaalpx,18.753000259399414,31.041154861450195
mp-aaaaaiiq,54.64699935913086,35.182037353515625
mp-aaaaapsa,62.479000091552734,62.41862106323242
mp-aaaaagcq,20.229999542236328,21.033845901489258
mp-aaaaacam,22.851999282836914,37.2061882019043
mp-aaaaaouc,8.77299976348877,9.60891342163086
mp-aaacfdtx,16.360000610351562,-3.3549652099609375
mp-aaabxist,19.867000579833984,23.95917320251465
mp-aaaaaetu,52.400001525878906,57.01763916015625
mp-aaabqznu,60.715999603271484,39.711849212646484
mp-aaacfybv,23.11199951171875,27.23711585998535
mp-aaabgrmd,16.966999053955078,26.39706802368164
mp-aaabevqt,11.244999885559082,39.61680221557617
mp-aaabcsxo,60.250999450683594,54.83280563354492
mp-aaaaagfj,44.071998596191406,58.759361267089844
mp-aaacgipn,33.07600021362305,33.91389465332031
mp-aaacdlnd,82.09500122070312,45.2827262878418
mp-aaaaaefy,85.96299743652344,86.52256774902344
mp-aaabxhhf,98.38400268554688,75.23641967773438
mp-aaabgiyc,19.364999771118164,18.752723693847656
mp-aaabxbdf,76.54299926757812,42.43723678588867
mp-aaabfbsl,33.472999572753906,41.12311553955078
mp-aaacfybd,68.25,77.77943420410156
mp-aaaaaeix,28.555999755859375,36.50114440917969
mp-aaabjygm,-54.11800003051758,-27.204418182373047
mp-aaaaberq,124.05500030517578,129.89222717285156
mp-aaabxisu,107.90299987792969,98.95147705078125
mp-aaacdjoz,14.097000122070312,12.187078475952148
mp-aaabxgim,37.564998626708984,48.858421325683594
mp-aaaaadkp,25.07200050354004,32.88983917236328
mp-aaaceads,111.00800323486328,116.48774719238281
mp-aaaaavoi,29.667999267578125,41.42448043823242
mp-aaaaaezw,63.505001068115234,69.79850769042969
mp-aaaaathp,104.4729995727539,39.86693572998047
mp-aaaaaict,28.295000076293945,34.7010612487793
mp-aaabxgmi,42.36399841308594,26.723690032958984
mp-aaaaapyn,16.898000717163086,9.937915802001953
mp-aaacdryc,7.790999889373779,13.613866806030273
mp-aaaaagrc,100.23300170898438,91.66288757324219
mp-aaacevuc,52.82400131225586,79.55224609375
mp-aaabxdsh,60.4739990234375,49.669921875
mp-aaaaadef,33.400001525878906,35.51005554199219
mp-aaaabtfu,105.30699920654297,82.699462890625
mp-aaaaabsm,28.856000900268555,21.998559951782227
mp-aaaaattz,59.76100158691406,42.731727600097656
mp-aaacdkds,85.95899963378906,87.1258544921875
mp-aaabxgku,40.86199951171875,25.148006439208984
mp-aaacdjop,38.926998138427734,14.233417510986328
mp-aaaaaydy,45.95199966430664,46.9446907043457
mp-aaacflyc,37.042999267578125,43.66956329345703
mp-aaaaailq,10.423999786376953,13.844039916992188
mp-aaaaalcf,17.996000289916992,23.800125122070312
mp-aaabjzjz,7.857999801635742,-1.3398208618164062
mp-aaaabuce,24.131999969482422,31.340301513671875
mp-aaabgjcy,12.54800033569336,37.04318618774414
mp-aaaaaxsr,36.80400085449219,27.099075317382812
mp-aaacdzao,6.132999897003174,22.157291412353516
mp-aaacfrjg,19.240999221801758,19.837289810180664
mp-aaaaaitg,42.32099914550781,39.466590881347656
mp-aaaabtqm,53.40700149536133,42.082252502441406
mp-aaacdnck,-1.937000036239624,13.237894058227539
mp-aaaaacyb,16.29199981689453,10.791284561157227
mp-aaaabegx,40.24100112915039,49.730377197265625
mp-aaacgion,52.04399871826172,57.03596496582031
mp-aaacfvdc,55.65399932861328,62.9038200378418
mp-aaaaacgb,11.678999900817871,7.4314117431640625
mp-aaabrttf,7.311999797821045,51.36494445800781
mp-aaaachod,37.41699981689453,38.42511749267578
mp-aaaaahuq,46.9900016784668,61.88968276977539
mp-aaaaarbf,17.165000915527344,46.05575942993164
mp-aaaccsqn,-36.755001068115234,-38.06559371948242
mp-aaacfzcu,110.7490005493164,80.37516784667969
mp-aaaaahea,18.881999969482422,8.819427490234375
mp-aaabqytc,25.03499984741211,48.00075149536133
mp-aaacdhsl,18.9950008392334,16.215435028076172
mp-aaaaamfi,75.84400177001953,72.47665405273438
mp-aaaabjho,10.119000434875488,18.515413284301758
mp-aaabjyhp,-80.41699981689453,-62.61503219604492
mp-aaaaacvx,49.6349983215332,24.359268188476562
mp-aaaaacnk,120.71399688720703,121.39118957519531
mp-aaabfmku,36.292999267578125,37.5279541015625
mp-aaaabeht,28.85300064086914,14.554464340209961
mp-aaacearx,99.19300079345703,106.52828979492188
mp-aaaaaazx,47.112998962402344,46.50442886352539
mp-aaaabepe,55.659000396728516,48.304744720458984
mp-aaaaaozw,188.97000122070312,180.82977294921875
mp-aaacdktg,5.771999835968018,22.121261596679688
mp-aaabxdrd,30.26300048828125,30.569549560546875
mp-aaaaaamq,20.086000442504883,28.761802673339844
mp-aaaaacba,30.1560001373291,33.574981689453125
mp-aaacewcm,85.46900177001953,83.84757995605469
mp-aaaaaaol,63.702999114990234,48.1184196472168
mp-aaaaahga,51.893001556396484,40.38417434692383
mp-aaabxgxz,34.917999267578125,28.221467971801758
mp-aaabqvbm,25.974000930786133,24.53640365600586
mp-aaaaafkc,46.58000183105469,53.34922790527344
mp-aaaaadql,119.20700073242188,100.89602661132812
mp-aaaaarlx,1.4299999475479126,11.659929275512695
mp-aaaaajpt,54.98500061035156,52.27938461303711
mp-aaaaapvc,80.74700164794922,54.76201248168945
mp-aaaaaaqt,30.84000015258789,28.891559600830078
mp-aaabewlx,0.5649999976158142,8.19826889038086
mp-aaaaafqj,133.0970001220703,137.59524536132812
mp-aaaaaatw,36.87200164794922,27.878761291503906
mp-aaaaaktj,53.6879997253418,44.9923210144043
mp-aaacfywz,-25.95599937438965,22.661972045898438
mp-aaaabdrn,68.2959976196289,69.26200866699219
mp-aaabxgqm,25.565000534057617,24.250492095947266
mp-aaaaakdj,31.84000015258789,46.69930648803711
mp-aaaaannb,41.37099838256836,49.886070251464844
mp-aaaaadlc,34.63199996948242,34.068843841552734
mp-aaaaaost,81.57499694824219,78.38752746582031
mp-aaacgirn,74.71499633789062,76.55361938476562
mp-aaabxfqa,99.50800323486328,91.18382263183594
mp-aaabjxyd,36.56399917602539,9.05548095703125
mp-aaacdsda,69.01399993896484,44.9763298034668
mp-aaaaaazt,60.691001892089844,49.162498474121094
mp-aaabxfpr,100.02100372314453,79.83257293701172
mp-aaaaardo,35.78200149536133,29.953399658203125
mp-aaabgnrc,6.684999942779541,24.221826553344727
mp-aaacdtqx,14.630000114440918,8.723018646240234
mp-aaaccsoj,4.559999942779541,31.21280288696289
mp-aaacdlnu,54.12200164794922,1.7157516479492188
mp-aaabkbew,107.23300170898438,137.65052795410156
mp-aaaaadhc,58.06999969482422,41.90794372558594
mp-aaacdvct,16.274999618530273,12.623991012573242
mp-aaaaalck,38.922000885009766,51.456634521484375
mp-aaacdjqb,65.25299835205078,55.291378021240234
mp-aaaabdnh,35.689998626708984,42.70281982421875
mp-aaabkqqv,10.788000106811523,2.6077728271484375
mp-aaaaacyd,49.51900100708008,51.223289489746094
mp-aaaabfrp,9.385000228881836,13.785820007324219
mp-aaaaafbj,67.2030029296875,78.27201843261719
mp-aaabgmno,12.65999984741211,17.776906967163086
mp-aaacdpnx,14.461999893188477,38.27888488769531
mp-aaacgfng,10.27299976348877,11.327104568481445
mp-aaaabicc,4.40500020980835,4.741390228271484
mp-aaabxhkf,-3.802000045776367,6.321140289306641
mp-aaaabdgo,18.867000579833984,21.664087295532227
mp-aaaaadse,68.61000061035156,66.44517517089844
mp-aaaabiqz,4.507999897003174,9.082435607910156
mp-aaabxhga,66.78099822998047,58.76713562011719
mp-aaabscgv,10.682999610900879,23.928003311157227
mp-aaacgitl,7.489999771118164,13.150760650634766
mp-aaaaaaiv,110.12899780273438,69.18368530273438
mp-aaabgjdc,22.155000686645508,14.819473266601562
mp-aaaaahyo,57.979000091552734,55.17748260498047
mp-aaaaadpe,49.57500076293945,42.818695068359375
mp-aaacgful,13.092000007629395,23.477081298828125
mp-aaaabgwc,62.194000244140625,69.05661010742188
mp-aaaabepo,9.569999694824219,11.582487106323242
mp-aaaabuem,26.716999053955078,28.924274444580078
mp-aaaabfcq,23.163000106811523,22.245655059814453
mp-aaabxgjq,30.249000549316406,-22.058589935302734
mp-aaacdseb,16.5049991607666,17.537029266357422
mp-aaaabfvt,13.531000137329102,14.930288314819336
mp-aaaabigp,0.26600000262260437,-1.6622047424316406
mp-aaaabias,14.541000366210938,22.399234771728516
mp-aaaaaada,39.007999420166016,67.06757354736328
mp-aaabmlsg,32.8390007019043,31.990604400634766
mp-aaaaaoow,42.87099838256836,52.715667724609375
mp-aaacdoep,26.56100082397461,20.646848678588867
mp-aaaaacnv,51.69300079345703,50.475276947021484
mp-aaaabtor,36.42300033569336,39.79739761352539
mp-aaaceyux,44.94300079345703,39.8172721862793
mp-aaaaaahw,13.894000053405762,26.109418869018555
mp-aaacfwfm,75.55799865722656,56.754730224609375
mp-aaacfvlp,20.756000518798828,19.40526580810547
mp-aaaaanay,7.650000095367432,14.654258728027344
mp-aaaabqwo,13.187999725341797,6.662883758544922
mp-aaaaaxcv,29.724000930786133,30.78891372680664
mp-aaaaahdq,63.04399871826172,66.84512329101562
mp-aaaaaqzb,17.642000198364258,15.645931243896484
mp-aaabgkpt,101.1520004272461,107.11491394042969
mp-aaacdhpz,3.265000104904175,30.32693862915039
mp-aaacfkyc,40.70199966430664,62.53669738769531
mp-aaabxbbf,85.61499786376953,92.54317474365234
mp-aaaabija,2.6040000915527344,-1.2944488525390625
mp-aaaabows,7.434000015258789,3.9408493041992188
mp-aaabxjzu,38.28300094604492,52.32484436035156
mp-aaabfpxf,20.591999053955078,28.83294677734375
mp-aaaaafct,8.829000473022461,22.549650192260742
mp-aaaabtgr,62.4370002746582,65.90558624267578
mp-aaabxfgc,26.795000076293945,17.959636688232422
mp-aaaaapbm,22.30299949645996,11.279056549072266
mp-aaacdkdp,14.401000022888184,5.479450225830078
mp-aaaaaacw,150.16000366210938,140.42213439941406
mp-aaaaasft,13.86299991607666,25.375242233276367
mp-aaacdpoq,4.584000110626221,8.176776885986328
mp-aaaabevg,14.548999786376953,9.215007781982422
mp-aaackyjk,142.66600036621094,154.53382873535156
mp-aaaaaoto,65.63700103759766,53.21266555786133
mp-aaacfyam,-57.474998474121094,87.12116241455078
mp-aaaaaluf,35.77399826049805,30.948047637939453
mp-aaacfkif,205.66400146484375,188.24765014648438
mp-aaaaadtc,53.202999114990234,38.738922119140625
mp-aaabrsqq,7.138999938964844,7.893741607666016
mp-aaaaapdk,14.958000183105469,11.850931167602539
mp-aaaaafqz,10.529999732971191,16.94273567199707
mp-aaacdtpv,5.60099983215332,9.60385513305664
mp-aaaaalab,26.2450008392334,22.242830276489258
mp-aaacdobp,30.371999740600586,18.808094024658203
mp-aaaaackl,43.44499969482422,29.795124053955078
mp-aaaceswn,25.176000595092773,32.8516960144043
mp-aaaabrwh,28.69300079345703,21.467817306518555
mp-aaacdsgj,17.125999450683594,30.71650505065918
mp-aaabkpew,56.03499984741211,58.91749954223633
mp-aaaabeuo,114.93499755859375,105.78497314453125
mp-aaacdpxa,18.184999465942383,10.631061553955078
mp-aaacdkmt,25.804000854492188,23.38776969909668
mp-aaaaadlu,31.884000778198242,28.131338119506836
mp-aaacesvn,17.878000259399414,25.279800415039062
mp-aaaaabog,47.29100036621094,47.771034240722656
mp-aaaaayfc,83.3239974975586,71.36033630371094
mp-aaacecgs,-0.7580000162124634,16.286067962646484
mp-aaaabucz,17.503000259399414,11.37679672241211
mp-aaaaamvr,-17.951000213623047,2.3480873107910156
mp-aaacctef,-25.41200065612793,21.458181381225586
mp-aaabrauj,58.55799865722656,57.17755126953125
mp-aaacfsru,-9.986000061035156,12.525583267211914
mp-aaacdifu,84.53399658203125,62.342735290527344
mp-aaaabibq,13.125,13.846689224243164
mp-aaacehqa,13.770000457763672,23.35747528076172
mp-aaacdzaf,33.527000427246094,41.08987045288086
mp-aaaaaaml,35.882999420166016,25.63913345336914
mp-aaabxfne,48.76599884033203,18.865022659301758
mp-aaabjxye,8.397000312805176,26.29353141784668
mp-aaaaaeel,2.0239999294281006,7.351020812988281
mp-aaacdnuc,13.060999870300293,50.18296813964844
mp-aaaaakxf,46.73500061035156,38.99655532836914
mp-aaaabhpv,55.029998779296875,49.75886535644531
mp-aaaaakgb,40.71500015258789,41.61585998535156
mp-aaabxiws,26.111000061035156,23.16331672668457
mp-aaaaazkr,58.520999908447266,62.76805877685547
mp-aaaceate,24.832000732421875,21.884546279907227
mp-aaaabezj,8.83899974822998,18.103147506713867
mp-aaaaasqb,154.19200134277344,128.2360076904297
mp-aaabevqd,20.66200065612793,41.509342193603516
mp-aaaabszl,21.31599998474121,23.012170791625977
mp-aaaaaamt,43.15599822998047,41.413604736328125
mp-aaaabhyh,18.304000854492188,14.043048858642578
mp-aaaaaqrf,53.077999114990234,34.329254150390625
mp-aaaabypm,11.628999710083008,8.83597183227539
mp-aaabxbud,53.0359992980957,36.489498138427734
mp-aaaaaonm,20.691999435424805,22.6866455078125
mp-aaacehwt,10.37600040435791,10.849065780639648
mp-aaabgjdz,188.03799438476562,193.13925170898438
mp-aaaaasxm,122.26100158691406,125.9105224609375
mp-aaaaamsx,4.132999897003174,12.443244934082031
mp-aaadciww,33.46900177001953,78.89552307128906
mp-aaaabiky,8.3100004196167,7.33612060546875
mp-aaaaaqzs,54.92900085449219,47.98897171020508
mp-aaabfqpn,63.87699890136719,56.89112854003906
mp-aaacflkk,0.07400000095367432,13.689659118652344
mp-aaacyoks,86.94499969482422,81.79508972167969
mp-aaaaafwg,86.66799926757812,93.0595703125
mp-aaabghfo,30.674999237060547,11.105682373046875
mp-aaabgjkq,90.1510009765625,99.95543670654297
mp-aaabxcml,23.660999298095703,18.3194580078125
mp-aaabgmvm,5.909999847412109,2.4113998413085938
mp-aaacdiek,40.42900085449219,-67.99847412109375
mp-aaabxixd,40.98899841308594,45.75285339355469
mp-aaaaatmf,-46.768001556396484,-44.26822280883789
mp-aaaaahlu,6.172999858856201,16.102914810180664
mp-aaabghti,10.225000381469727,20.710187911987305
mp-aaaaaquw,141.4550018310547,135.09674072265625
mp-aaaaauty,21.125999450683594,21.76211929321289
mp-aaacjkuv,188.13299560546875,153.53445434570312
mp-aaabgliv,33.65700149536133,27.80657196044922
mp-aaaaajuj,79.83399963378906,68.29698181152344
mp-aaaabecw,49.888999938964844,26.075790405273438
mp-aaaaanro,133.26300048828125,117.61347961425781
mp-aaaaapcc,50.09299850463867,55.21324920654297
mp-aaaabpue,1.0379999876022339,5.510410308837891
mp-aaaaabzn,205.8179931640625,169.27590942382812
mp-aaaabtgq,27.072999954223633,32.190067291259766
mp-aaaaaghr,28.683000564575195,32.328460693359375
mp-aaaabozb,5.949999809265137,9.607364654541016
mp-aaaabdho,109.9209976196289,104.50468444824219
mp-aaaabjhs,22.305999755859375,19.886823654174805
mp-aaacdhva,21.319000244140625,38.9365234375
mp-aaaaaswk,24.775999069213867,21.059663772583008
mp-aaachhos,8.086000442504883,15.04361343383789
mp-aaaabdrs,51.78799819946289,41.94927215576172
mp-aaaabiis,6.263000011444092,6.0015716552734375
mp-aaacdmyx,51.051998138427734,49.5169563293457
mp-aaabijbz,172.16799926757812,157.98289489746094
mp-aaacevyu,49.611000061035156,36.91958236694336
mp-aaaaacyx,10.3100004196167,34.34196472167969
mp-aaafwfix,24.649999618530273,31.241878509521484
mp-aaaaabon,28.400999069213867,20.2679500579834
mp-aaaaaegs,42.145999908447266,44.075260162353516
mp-aaaaaefk,45.354000091552734,48.07337188720703
mp-aaaabdgb,17.739999771118164,20.98080825805664
mp-aaacgfoj,26.46299934387207,21.600982666015625
mp-aaaaafwd,36.630001068115234,33.32225036621094
mp-aaaaautz,22.614999771118164,19.634260177612305
mp-aaaaaazz,87.00700378417969,75.47145080566406
mp-aaabqxoy,71.9739990234375,79.82005310058594
mp-aaabxhhm,31.69499969482422,31.38718032836914
mp-aaaabeme,66.0719985961914,80.61337280273438
mp-aaaceadx,33.01599884033203,10.606046676635742
mp-aaaaaddp,67.04499816894531,57.35380172729492
mp-aaaabhpy,82.77999877929688,92.22276306152344
mp-aaaaaqsg,23.070999145507812,13.596702575683594
mp-aaacfrow,6.834000110626221,1.61029052734375
mp-aaaaamqa,86.02999877929688,98.4028549194336
mp-aaabqyvq,27.56999969482422,38.330345153808594
mp-aaaaapuh,35.28300094604492,30.67753791809082
mp-aaaabqxf,54.29999923706055,50.699363708496094
mp-aaaaapbh,7.955999851226807,0.837799072265625
mp-aaacdvns,24.305999755859375,28.639873504638672
mp-aaabrplx,53.209999084472656,56.17500305175781
mp-aaaaavam,48.63600158691406,36.33180618286133
mp-aaadbbsq,8.09000015258789,18.64407730102539
mp-aaafzbnm,20.875999450683594,32.276329040527344
mp-aaaabdix,99.01599884033203,91.61149597167969
mp-aaaabqre,80.7020034790039,92.98118591308594
mp-aaabkpou,11.385000228881836,14.704967498779297
mp-aaaaagxt,91.2239990234375,90.91177368164062
mp-aaabfwep,10.303000450134277,16.449289321899414
mp-aaacdhod,91.27300262451172,65.13713073730469
mp-aaafyqjn,29.56999969482422,29.117691040039062
mp-aaaabrdg,79.0530014038086,75.74482727050781
mp-aaaaapwq,22.01300048828125,17.936872482299805
mp-aaaabhhg,5.701000213623047,2.7991561889648438
mp-aaaabohe,54.599998474121094,51.93015670776367
mp-aaaaapeb,84.10600280761719,93.57711791992188
mp-aaabxgxx,132.59800720214844,125.4197998046875
mp-aaabgmxs,19.652999877929688,16.812570571899414
mp-aaaaatxe,133.1009979248047,98.26234436035156
mp-aaabkviy,73.66899871826172,32.33855438232422
mp-aaaaabph,17.650999069213867,23.520214080810547
mp-aaacgczn,21.952999114990234,15.236417770385742
mp-aaaaafsb,9.843999862670898,14.591066360473633
mp-aaaaaxjg,27.464000701904297,22.70166778564453
mp-aaaaadbe,81.81800079345703,90.52738952636719
mp-aaaabilk,0.3109999895095825,5.391223907470703
mp-aaaabrgt,25.902000427246094,18.166217803955078
mp-aaaabiai,12.826000213623047,26.877012252807617
mp-aaabgmbi,48.16299819946289,28.53214454650879
mp-aaabmkro,8.15999984741211,7.690929412841797
mp-aaaaabkx,41.255001068115234,39.12321472167969
mp-aaabxiwx,15.779000282287598,21.980873107910156
mp-aaacdpwh,40.49800109863281,28.026561737060547
mp-aaaabsqr,78.36399841308594,72.891357421875
mp-aaaaated,61.51900100708008,45.82904815673828
mp-aaacdreo,31.040000915527344,30.721811294555664
mp-aaaabfqn,55.44599914550781,51.82966613769531
mp-aaacfkkw,49.12200164794922,58.64848327636719
mp-aaabetrs,17.43600082397461,12.237789154052734
mp-aaacdnrw,20.724000930786133,13.754581451416016
mp-aaabxcce,20.041000366210938,16.509082794189453
mp-aaabxghh,78.8499984741211,71.19806671142578
mp-aaabfrhs,50.689998626708984,54.381927490234375
mp-aaaabibx,27.118000030517578,21.54129409790039
mp-aaabxhqd,127.25900268554688,102.04299926757812
mp-aaaaairm,39.33599853515625,35.12629699707031
mp-aaaabtqj,64.90699768066406,64.82512664794922
mp-aaaaapxc,50.132999420166016,31.3299560546875
mp-aaabxcnj,23.111000061035156,12.828445434570312
mp-aaaaaaob,113.99600219726562,107.21823120117188
mp-aaaaagzy,18.665000915527344,13.256464004516602
mp-aaaaalld,33.50199890136719,34.734283447265625
mp-aaaaabtu,27.288000106811523,25.15766716003418
mp-aaaaalme,38.11600112915039,34.39964294433594
mp-aaabfnix,75.14099884033203,81.23822021484375
mp-aaaabhzi,1.3029999732971191,8.247291564941406
mp-aaacfkcz,58.013999938964844,45.53740692138672
mp-aaacgipm,56.5880012512207,55.313758850097656
mp-aaabqylj,77.00599670410156,56.3950309753418
mp-aaaddkle,149.6020050048828,182.2359161376953
mp-aaaaapya,13.77299976348877,19.38673973083496
mp-aaabkrbk,44.040000915527344,39.123897552490234
mp-aaaabtln,15.581000328063965,19.304363250732422
mp-aaacfkqa,34.06800079345703,12.446767807006836
mp-aaaaafbc,59.44900131225586,74.76864624023438
mp-aaabxfse,22.097999572753906,20.086421966552734
mp-aaaaalve,83.20700073242188,61.26935577392578
mp-aaacdsvx,24.488000869750977,19.028810501098633
mp-aaaaapgs,37.68899917602539,33.12383270263672
mp-aaaaanrv,15.406999588012695,15.1617431640625
mp-aaaaakqq,41.138999938964844,40.70011901855469
mp-aaaaagjp,76.33000183105469,72.54502868652344
mp-aaaaalsy,17.968000411987305,22.194442749023438
mp-aaaaboip,7.203000068664551,5.885250091552734
mp-aaabxitj,13.031999588012695,16.873332977294922
mp-aaabxhje,20.860000610351562,22.171953201293945
mp-aaacgqxf,11.57800006866455,12.265947341918945
mp-aaaaaarb,15.105999946594238,24.44497299194336
mp-aaacfyee,22.597999572753906,46.690391540527344
mp-aaaabtbj,40.665000915527344,34.11201095581055
mp-aaabgkwv,24.61199951171875,39.283172607421875
mp-aaaaaxkm,48.426998138427734,39.75459671020508
mp-aaaabqic,22.43600082397461,22.839372634887695
mp-aaacewae,16.80299949645996,12.521787643432617
mp-aaaaabcr,18.42799949645996,22.504961013793945
mp-aaaaadtd,13.043999671936035,12.603466033935547
mp-aaabxgnm,1.2400000095367432,22.981548309326172
mp-aaabxftu,17.065000534057617,13.747743606567383
mp-aaaaaozt,65.68099975585938,56.472618103027344
mp-aaaaaafu,-60.51900100708008,-38.96440505981445
mp-aaabmzgz,38.9640007019043,28.309471130371094
mp-aaaaacyk,40.50600051879883,38.455780029296875
mp-aaaaatjm,44.76900100708008,27.391698837280273
mp-aaacgpaz,19.922000885009766,33.52819061279297
mp-aaaaadza,140.05999755859375,104.4322280883789
mp-aaaabenf,5.2210001945495605,5.204132080078125
mp-aaaaadbq,72.80000305175781,63.955970764160156
mp-aaacdrot,23.106000900268555,25.567493438720703
mp-aaacfyet,25.386999130249023,20.601364135742188
mp-aaabqyww,18.7549991607666,25.915422439575195
mp-aaabxhia,26.81800079345703,17.870939254760742
mp-aaaaakgw,74.33499908447266,53.4715576171875
mp-aaabxazo,-7.190000057220459,15.979610443115234
mp-aaaccsor,121.25700378417969,79.03933715820312
mp-aaabhbhu,12.263999938964844,22.424314498901367
mp-aaaabsxw,16.56800079345703,25.871782302856445
mp-aaaabsyd,11.916000366210938,12.52685546875
mp-aaaabdiu,31.71299934387207,33.92108154296875
mp-aaaaacbc,55.505001068115234,56.9393310546875
mp-aaaaapbu,49.75199890136719,55.075904846191406
mp-aaabfivk,54.698001861572266,47.71521759033203
mp-aaaaatub,20.101999282836914,28.610898971557617
mp-aaaaaapm,28.365999221801758,27.33611297607422
mp-aaaabpeb,32.90999984741211,36.50003433227539
mp-aaaabgts,107.73400115966797,95.61215209960938
mp-aaabxhbv,1.7209999561309814,7.594165802001953
mp-aaabxivt,-16.545000076293945,32.80888366699219
mp-aaaabehv,11.204000473022461,2.932476043701172
mp-aaaabukh,4.804999828338623,9.535541534423828
mp-aaaaafmk,71.3010025024414,76.88440704345703
mp-aaacehuq,55.095001220703125,68.1312255859375
mp-aaabglwm,42.30799865722656,37.73138427734375
mp-aaaabgjn,62.30699920654297,61.10832214355469
mp-aaaabflj,-18.302000045776367,39.50497817993164
mp-aaaaambv,15.680000305175781,24.151987075805664
mp-aaaabigm,8.364999771118164,8.400772094726562
mp-aaacgivq,32.3849983215332,38.155025482177734
mp-aaaaazci,83.9739990234375,79.3216323852539
mp-aaaabkdi,8.906000137329102,25.85394859313965
mp-aaaaaboh,33.499000549316406,42.15772247314453
mp-aaaaadip,33.606998443603516,40.49922561645508
mp-aaaaaqtm,93.64900207519531,99.77474975585938
mp-aaaccspq,66.45600128173828,59.97895050048828
mp-aaaabjsy,55.882999420166016,34.36997604370117
mp-aaaabhsg,-8.418999671936035,-7.7049407958984375
mp-aaabxhfv,20.378000259399414,14.472185134887695
mp-aaaaacvm,65.08300018310547,51.45319747924805
mp-aaaaafmr,70.89199829101562,72.66697692871094
mp-aaabxivs,22.1299991607666,19.405681610107422
mp-aaaaacip,23.224000930786133,3.2278366088867188
mp-aaaaarjk,101.9280014038086,97.05175018310547
mp-aaabqzjq,80.1729965209961,61.661834716796875
mp-aaaaahsp,47.553001403808594,36.641178131103516
mp-aaabxcfy,59.775001525878906,66.51576232910156
mp-aaaaassz,15.689000129699707,10.891241073608398
mp-aaaabsqs,58.20600128173828,61.37739562988281
mp-aaabqxji,5.265999794006348,6.856365203857422
mp-aaaaatzk,64.22200012207031,62.37074279785156
mp-aaaceqby,13.305999755859375,23.95319366455078
mp-aaaaaqqb,70.3010025024414,63.47569274902344
mp-aaaaarhn,17.847999572753906,26.41165542602539
mp-aaabcslm,-6.901000022888184,7.0241241455078125
mp-aaacdizo,-35.93000030517578,-13.804336547851562
mp-aaaaaqbf,48.17599868774414,57.02936553955078
mp-aaaaaadc,-9.829000473022461,-0.9279136657714844
mp-aaacfyzs,46.61600112915039,46.47307205200195
mp-aaaaafre,56.20199966430664,53.93197250366211
mp-aaaabude,52.02199935913086,42.58829879760742
mp-aaacdnhc,25.000999450683594,20.931528091430664
mp-aaabctbh,37.95600128173828,64.57745361328125
mp-aaaaabmi,103.40799713134766,88.986328125
mp-aaaaaehu,83.38500213623047,80.8427734375
mp-aaaaaeeo,27.12299919128418,29.790775299072266
mp-aaaaawgx,47.349998474121094,30.200763702392578
mp-aaaabjal,30.952999114990234,39.30808639526367
mp-aaabgmgw,2.302000045776367,8.471149444580078
mp-aaaaacbx,60.055999755859375,57.95280456542969
mp-aaaaabwd,101.71299743652344,108.14665222167969
mp-aaabxgmx,88.65599822998047,99.30795288085938
mp-aaaabhwh,11.10200023651123,3.2367095947265625
mp-aaacjjoq,21.354000091552734,26.010177612304688
mp-aaaabucv,31.36199951171875,33.5889778137207
mp-aaacdnwu,33.71799850463867,21.02989959716797
mp-aaaaatyg,47.5099983215332,40.3785285949707
mp-aaaaaeqs,8.831999778747559,13.928539276123047
mp-aaaabehe,57.91999816894531,60.220191955566406
mp-aaaaarmw,50.00400161743164,29.880002975463867
mp-aaaabimd,8.333000183105469,10.817562103271484
mp-aaaabeti,11.156999588012695,5.382789611816406
mp-aaacehvf,14.581999778747559,10.755531311035156
mp-aaaabhvc,-15.741999626159668,9.574169158935547
mp-aaaaacpl,47.869998931884766,32.35763168334961
mp-aaabxhhx,128.8459930419922,131.8683624267578
mp-aaaaalah,46.361000061035156,36.473060607910156
mp-aaacehvr,13.628000259399414,16.433591842651367
mp-aaabxfug,75.90699768066406,56.73612976074219
mp-aaabxfnm,183.14700317382812,182.4091796875
mp-aaabxezu,22.760000228881836,24.331689834594727
mp-aaadaxfe,46.1619987487793,61.794532775878906
mp-aaaabszz,66.08999633789062,23.80623435974121
mp-aaabqxxg,45.231998443603516,58.67749786376953
mp-aaabqwuk,39.89799880981445,37.907981872558594
mp-aaaabdwp,115.5479965209961,95.56446075439453
mp-aaaaapea,84.65399932861328,95.54656982421875
mp-aaaaaagm,62.47100067138672,66.32093048095703
mp-aaacggsh,10.803000450134277,17.315217971801758
mp-aaaabdxe,31.631000518798828,23.369592666625977
mp-aaabxgkx,18.06599998474121,14.221761703491211
mp-aaaaavxc,11.178999900817871,23.037006378173828
mp-aaaaaqbt,1.6799999475479126,1.700958251953125
mp-aaabxgjk,20.95400047302246,20.08424949645996
mp-aaabxcpp,27.972999572753906,27.095653533935547
mp-aaaabkdc,-26.735000610351562,-9.038139343261719
mp-aaabctnw,39.22700119018555,47.68873596191406
mp-aaaaacfe,7.304999828338623,40.22554397583008
mp-aaaaasuy,30.69700050354004,32.933738708496094
mp-aaacdozf,40.92399978637695,38.01059341430664
mp-aaabxaow,144.73699951171875,131.85745239257812
mp-aaabxdqw,83.53900146484375,88.65855407714844
mp-aaaabfsi,15.23900032043457,17.107070922851562
mp-aaabxclg,7.331999778747559,10.02655029296875
mp-aaaaafzn,22.259000778198242,21.507781982421875
mp-aaacdokh,6.848999977111816,0.4342498779296875
mp-aaacflsv,4.739999771118164,2.592212677001953
mp-aaaccsti,11.206000328063965,8.10201644897461
mp-aaaabhbk,36.310001373291016,69.65670776367188
mp-aaabxfaw,24.382999420166016,6.3700103759765625
mp-aaaaagqq,42.20199966430664,51.55140686035156
mp-aaabxiwm,104.49299621582031,96.65811157226562
mp-aaaaazdp,54.525001525878906,53.707489013671875
mp-aaabkpoy,40.430999755859375,38.32316589355469
mp-aaaabtog,33.70000076293945,40.54335403442383
mp-aaabxdsv,28.347999572753906,16.164960861206055
mp-aaacdxqv,3.260999917984009,0.09375
mp-aaaaamvy,98.81600189208984,102.72627258300781
mp-aaacdoey,-6.125,1.657470703125
mp-aaabctbv,53.612998962402344,45.657798767089844
mp-aaacfjyq,110.88300323486328,112.83439636230469
mp-aaabkrbr,7.822000026702881,5.517326354980469
mp-aaabxgqo,-6.936999797821045,14.357542037963867
mp-aaaaaego,62.02799987792969,64.10404968261719
mp-aaaabubw,14.574999809265137,17.780410766601562
mp-aaaaaked,29.35700035095215,21.25324249267578
mp-aaaabihl,5.809000015258789,11.505027770996094
mp-aaacfzoe,49.21099853515625,62.57105255126953
mp-aaaaaybe,37.44599914550781,32.229652404785156
mp-aaabxguj,97.11599731445312,89.7874755859375
mp-aaabeuev,5.848999977111816,9.574665069580078
mp-aaaabple,15.3100004196167,27.082372665405273
mp-aaacdpvk,21.33099937438965,16.361024856567383
mp-aaabdbby,17.78499984741211,17.60746955871582
mp-aaaaapys,20.777000427246094,16.450214385986328
mp-aaacdjhp,40.972999572753906,46.90186309814453
mp-aaaaagma,31.472000122070312,37.33485412597656
mp-aaaaapmf,93.14600372314453,71.68148040771484
mp-aaacdkdq,156.61199951171875,131.89743041992188
mp-aaacfxxj,180.39199829101562,153.45094299316406
mp-aaaaagdi,1.0440000295639038,10.135993957519531
mp-aaaabsld,-45.44499969482422,-22.916622161865234
mp-aaabnpjm,5.38100004196167,4.538951873779297
mp-aaaabrwt,13.739999771118164,13.517396926879883
mp-aaaaanac,39.301998138427734,42.62514114379883
mp-aaaabiaj,9.048999786376953,20.40267562866211
mp-aaaaboyz,8.571000099182129,3.6866722106933594
mp-aaaaacuk,36.8489990234375,34.487510681152344
mp-aaabxgvv,42.40999984741211,39.55141067504883
mp-aaabqyih,36.58700180053711,34.772193908691406
mp-aaaaabko,47.60300064086914,30.766237258911133
mp-aaabxfss,12.63599967956543,11.757238388061523
mp-aaaaamdv,10.595999717712402,23.986637115478516
mp-aaaabiim,9.149999618530273,9.880321502685547
mp-aaabghom,2.943000078201294,18.226892471313477
mp-aaacebni,34.21900177001953,31.187562942504883
mp-aaaaalzi,9.961000442504883,10.912948608398438
mp-aaaabwva,97.54900360107422,119.275390625
mp-aaabhcoj,48.71099853515625,43.78933334350586
mp-aaaaarvz,36.150001525878906,33.868892669677734
mp-aaaaaxll,28.749000549316406,40.782814025878906
mp-aaabkfik,53.15599822998047,81.95283508300781
mp-aaacdohr,26.8439998626709,27.01451873779297
mp-aaacdnmn,16.163000106811523,10.532787322998047
mp-aaacebex,12.805000305175781,12.418519973754883
mp-aaaaaumu,82.38899993896484,93.57099914550781
mp-aaaabhbl,20.72800064086914,32.301021575927734
mp-aaacflvo,20.549999237060547,17.511852264404297
mp-aaaaafys,95.11199951171875,104.0113525390625
mp-aaabglnn,3.8340001106262207,11.204280853271484
mp-aaaabhyc,6.669000148773193,11.966623306274414
mp-aaaabfbx,18.82200050354004,18.957670211791992
mp-aaabxjst,66.3219985961914,63.42041015625
mp-aaabxgop,35.757999420166016,30.049497604370117
mp-aaabxfmm,2.0399999618530273,0.3663063049316406
mp-aaaaaqwn,60.47800064086914,59.471397399902344
mp-aaaaamtc,20.635000228881836,18.51898956298828
mp-aaabqzka,66.9469985961914,77.2227783203125
mp-aaacdidt,8.347000122070312,2.6103515625
mp-aaaaadks,25.63599967956543,17.67635726928711
mp-aaacfmhk,92.0260009765625,47.03361511230469
mp-aaabxbrs,49.79199981689453,54.91520690917969
mp-aaaaaadx,208.9010009765625,164.7091827392578
mp-aaacgisr,59.659000396728516,51.76591491699219
mp-aaaaagwz,104.13300323486328,79.7543716430664
mp-aaacdikw,18.489999771118164,14.712413787841797
mp-aaabxgtr,138.00100708007812,130.69679260253906
mp-aaaaamfo,19.577999114990234,25.636266708374023
mp-aaaaaavf,31.802000045776367,29.225666046142578
mp-aaaaboye,24.365999221801758,8.796329498291016
mp-aaacdrzl,22.72599983215332,16.922618865966797
mp-aaabkpun,50.96099853515625,45.40321350097656
mp-aaabjygb,3.994999885559082,1.9946632385253906
mp-aaaaalki,42.05799865722656,34.473388671875
mp-aaaaaibm,21.617000579833984,32.57130813598633
mp-aaacdimp,36.13800048828125,26.42885398864746
mp-aaacehvg,28.341999053955078,30.56829833984375
mp-aaaaadzw,41.83300018310547,43.07054138183594
mp-aaaaaadt,16.891000747680664,8.270477294921875
mp-aaaaasqq,16.518999099731445,16.795015335083008
mp-aaaabsyp,58.097999572753906,39.39277648925781
mp-aaabgjlz,154.98800659179688,125.75398254394531
mp-aaaaaybn,37.69900131225586,32.73530578613281
mp-aaaaaldk,74.55799865722656,60.075801849365234
mp-aaacptkb,64.98999786376953,58.762516021728516
mp-aaabxgpi,76.29199981689453,76.18046569824219
mp-aaabxiyx,-96.49400329589844,-78.31629943847656
mp-aaaabiic,8.795999526977539,3.975605010986328
mp-aaagkrhu,-67.64299774169922,-5.074359893798828
mp-aaaabwwl,123.40599822998047,103.448974609375
mp-aaaaatdb,31.256999969482422,42.815101623535156
mp-aaaabhfz,50.534000396728516,48.624595642089844
mp-aaaabhcr,-110.6050033569336,-77.25994873046875
mp-aaacgitb,58.16699981689453,49.4665641784668
mp-aaaaapww,90.48799896240234,101.13108825683594
mp-aaacdzue,34.691001892089844,32.600563049316406
mp-aaacdjho,12.23900032043457,23.410184860229492
mp-aaacfkpx,-13.069999694824219,91.85404205322266
mp-aaabfgvr,33.630001068115234,30.70635223388672
mp-aaaabgkp,96.02400207519531,122.34149169921875
mp-aaacecim,19.836000442504883,17.815309524536133
mp-aaacgdpw,15.503000259399414,14.746091842651367
mp-aaabxitf,25.367000579833984,19.734481811523438
mp-aaaceuqe,13.156000137329102,11.22358512878418
mp-aaacfkdt,0.27900001406669617,-8.072601318359375
mp-aaabqxxo,26.427000045776367,23.709096908569336
mp-aaaaaucl,68.94499969482422,67.93682861328125
mp-aaaaadra,42.67300033569336,30.390026092529297
mp-aaaaaabu,48.25699996948242,23.648418426513672
mp-aaaabezl,41.165000915527344,26.071733474731445
mp-aaacdtso,8.032999992370605,18.174577713012695
mp-aaabfbwv,67.65599822998047,53.92222595214844
mp-aaaaardd,80.03800201416016,78.07967376708984
mp-aaaabjih,5.065000057220459,10.835306167602539
mp-aaabxftj,7.059999942779541,15.889127731323242
mp-aaabgmuh,101.43199920654297,103.23333740234375
mp-aaabgnje,10.168000221252441,10.228679656982422
mp-aaabgmxh,55.689998626708984,49.069664001464844
mp-aaaaapva,20.058000564575195,24.358001708984375
mp-aaabgjde,9.008999824523926,11.277053833007812
mp-aaabxfxh,86.5479965209961,85.60557556152344
mp-aaaabtxz,11.003000259399414,6.828601837158203
mp-aaaaahft,71.0979995727539,75.63148498535156
mp-aaaabtge,26.152999877929688,30.503511428833008
mp-aaaaancc,32.7760009765625,40.5844612121582
mp-aaacebxy,14.982000350952148,12.792510986328125
mp-aaaaagat,40.54399871826172,37.72438430786133
mp-aaaabtgs,47.36399841308594,48.45035934448242
mp-aaaaayeo,54.58599853515625,46.540672302246094
mp-aaaabflg,121.83000183105469,115.50900268554688
mp-aaaaabbg,39.97600173950195,33.41239929199219
mp-aaabxbqt,59.36899948120117,76.29013061523438
mp-aaabqwzh,53.61600112915039,50.561424255371094
mp-aaacdrdw,11.401000022888184,9.754951477050781
mp-aaaaalxk,151.4810028076172,124.80642700195312
mp-aaaaabso,51.612998962402344,46.146419525146484
mp-aaacgjcf,7.414000034332275,10.77311897277832
mp-aaaabrwd,9.878999710083008,13.198379516601562
mp-aaacewoq,22.90399932861328,67.66950988769531
mp-aaaaakeg,34.41999816894531,44.72005844116211
mp-aaaaacmk,27.766000747680664,27.546405792236328
mp-aaaaaatu,59.457000732421875,56.08538818359375
mp-aaacdlpl,22.854000091552734,21.469675064086914
mp-aaacehut,18.17300033569336,13.214433670043945
mp-aaacfiqe,153.8350067138672,152.71067810058594
mp-aaaaaner,147.46299743652344,147.38470458984375
mp-aaaaacto,42.89099884033203,36.18672561645508
mp-aaaaahxm,22.5,25.907182693481445
mp-aaabjyfp,63.84600067138672,-78.93754577636719
mp-aaaaaqgy,27.929000854492188,24.16647720336914
mp-aaaaaakg,49.979000091552734,38.96959686279297
mp-aaacfxhb,-67.22000122070312,-35.07331466674805
mp-aaacdxkx,48.755001068115234,39.05156326293945
mp-aaacgiro,73.00299835205078,65.84194946289062
mp-aaabxitw,55.025001525878906,44.876895904541016
mp-aaaaaoek,21.93400001525879,24.782676696777344
mp-aaaabicw,34.04499816894531,32.861061096191406
mp-aaaaafae,105.75499725341797,83.22808837890625
mp-aaaaabzt,33.52799987792969,38.270118713378906
mp-aaabxdqr,21.32699966430664,23.865264892578125
mp-aaabrwaj,64.54299926757812,56.75258255004883
mp-aaacdmtn,11.050000190734863,42.616390228271484
mp-aaacdokb,18.57900047302246,8.1944580078125
mp-aaabxgir,32.130001068115234,31.287654876708984
mp-aaaaapat,6.581999778747559,8.991287231445312
mp-aaacpdyp,37.16600036621094,48.55348205566406
mp-aaaabjea,35.137001037597656,35.804405212402344
mp-aaabrbfx,52.736000061035156,65.39212036132812
mp-aaaaabgv,74.92400360107422,64.57010650634766
mp-aaaaahgf,80.74600219726562,96.63505554199219
mp-aaaabfvh,34.36199951171875,31.65593910217285
mp-aaabkrgf,29.177000045776367,23.966123580932617
mp-aaaaatkf,87.11799621582031,88.75096130371094
mp-aaacdkro,23.913999557495117,29.968799591064453
mp-aaacdhnl,-42.516998291015625,-19.067035675048828
mp-aaacesvl,18.482999801635742,24.869388580322266
mp-aaaaatqr,29.534000396728516,28.242931365966797
mp-aaabxfwr,94.26599884033203,108.95997619628906
mp-aaaaaogl,59.76499938964844,75.57575988769531
mp-aaaaahgb,62.33100128173828,67.00920104980469
mp-aaaaahjz,91.85600280761719,76.16545104980469
mp-aaabxgxw,59.01499938964844,32.536529541015625
mp-aaacrhtf,207.5030059814453,195.41815185546875
mp-aaaaaxiu,24.20800018310547,21.188270568847656
mp-aaaaadva,50.77299880981445,87.85352325439453
mp-aaabxgtp,21.768999099731445,12.365814208984375
mp-aaacdnzv,11.267999649047852,3.865009307861328
mp-aaaaachm,24.697999954223633,23.308324813842773
mp-aaaaadgd,45.42399978637695,52.098602294921875
mp-aaabeugb,3.8940000534057617,9.582962036132812
mp-aaabxbbl,20.31800079345703,15.431844711303711
mp-aaaaapxo,26.864999771118164,20.24396324157715
mp-aaaaadac,121.49099731445312,117.19119262695312
mp-aaaabbdh,185.75900268554688,128.42990112304688
mp-aaabhevi,16.417999267578125,8.842342376708984
mp-aaaaalsd,24.46500015258789,21.115650177001953
mp-aaacehqb,8.913999557495117,6.755241394042969
mp-aaabjyej,-13.930999755859375,-20.325912475585938
mp-aaabraab,45.236000061035156,50.62994384765625
mp-aaacgiqa,49.82500076293945,49.29622268676758
mp-aaabxcjv,49.108001708984375,34.859535217285156
mp-aaaaaibj,81.58899688720703,107.02410888671875
mp-aaabgkkg,169.9429931640625,158.67645263671875
mp-aaacfsiw,51.56999969482422,25.5593204498291
mp-aaabewyp,14.550999641418457,37.03531265258789
mp-aaacdtrc,17.672000885009766,21.2165584564209
mp-aaacfrkd,12.053000450134277,13.328948974609375
mp-aaaaaxqb,88.34600067138672,93.68281555175781
mp-aaabfupp,73.28199768066406,74.12854766845703
mp-aaaceboh,18.275999069213867,9.992382049560547
mp-aaachpbg,33.875,40.49996566772461
mp-aaaaaesy,76.58200073242188,51.418331146240234
mp-aaaaaiok,21.746000289916992,26.487163543701172
mp-aaackxsj,51.132999420166016,41.16633605957031
mp-aaacdqby,28.548999786376953,20.459697723388672
mp-aaaabhvi,14.29800033569336,13.800090789794922
mp-aaabxgin,109.9020004272461,113.85182189941406
mp-aaaabewf,149.35899353027344,153.75152587890625
mp-aaacdrpb,21.465999603271484,18.934099197387695
mp-aaabgivc,2.127000093460083,8.841297149658203
mp-aaaaamev,29.709999084472656,35.510189056396484
mp-aaabnsbm,31.660999298095703,37.21532440185547
mp-aaaaaaik,55.20899963378906,40.47311782836914
mp-aaaaahmc,34.27899932861328,37.1954345703125
mp-aaacdohp,21.055999755859375,17.12790298461914
mp-aaacdjfb,29.775999069213867,33.323795318603516
mp-aaaaaykh,60.93199920654297,57.76038360595703
mp-aaaacbhx,55.44599914550781,42.677547454833984
mp-aaabxiyr,67.75,71.31547546386719
mp-aaaaagaa,82.6989974975586,83.99530029296875
mp-aaaaamhn,61.20500183105469,58.0582160949707
mp-aaabqyes,14.826000213623047,22.5444278717041
mp-aaabglbw,18.020000457763672,49.31170654296875
mp-aaaacdsj,52.63199996948242,53.89521789550781
mp-aaaaapro,194.67999267578125,163.3663787841797
mp-aaaaabpc,32.823001861572266,48.54966735839844
mp-aaabxhbw,30.298999786376953,26.45461654663086
mp-aaaaaofv,48.553001403808594,57.46533203125
mp-aaacfjof,60.63100051879883,-8.891670227050781
mp-aaabkqhu,10.732999801635742,7.819404602050781
mp-aaaaarkc,26.816999435424805,31.939189910888672
mp-aaaabrcz,3.61299991607666,3.4844818115234375
mp-aaaaaaou,37.097999572753906,38.425235748291016
mp-aaabxbzp,20.382999420166016,4.627788543701172
mp-aaacdrfb,30.25,23.275049209594727
mp-aaabqzsv,36.38800048828125,38.1584587097168
mp-aaaaabvc,10.902000427246094,13.910327911376953
mp-aaaaaaxk,94.3740005493164,108.25979614257812
mp-aaaaaazn,47.98400115966797,23.302900314331055
mp-aaaaapnt,21.069000244140625,16.619577407836914
mp-aaabgkmh,37.57600021362305,37.4539794921875
mp-aaaaaofq,19.41699981689453,38.01765441894531
mp-aaaboaqo,4.704999923706055,11.21798324584961
mp-aaaaatfi,-14.720000267028809,20.73929786682129
mp-aaabkcvz,0.04800000041723251,-1.5978469848632812
mp-aaacdoap,20.645999908447266,16.935068130493164
mp-aaaabdif,63.49800109863281,50.85380554199219
mp-aaaacdlh,70.89399719238281,51.447776794433594
mp-aaabxgjb,36.41699981689453,18.921119689941406
mp-aaaaaqri,7.809999942779541,10.02823257446289
mp-aaabrgzs,30.88800048828125,28.06756591796875
mp-aaaaanhg,8.381999969482422,37.1075439453125
mp-aaabxcdj,19.93600082397461,13.407388687133789
mp-aaaaagfm,14.472000122070312,27.278188705444336
mp-aaacgpea,94.25399780273438,89.23896789550781
mp-aaacgphd,52.82899856567383,65.49420928955078
mp-aaaabtlz,20.177000045776367,30.898284912109375
mp-aaaaabjw,45.31800079345703,33.02631759643555
mp-aaaaapjq,71.61499786376953,77.07635498046875
mp-aaaaagwf,40.803001403808594,42.61611557006836
mp-aaacgpdh,36.268001556396484,45.79555130004883
mp-aaacdjxc,24.16699981689453,13.871318817138672
mp-aaabjbxy,8.493000030517578,5.950763702392578
mp-aaachdeh,0.45399999618530273,-5.1027069091796875
mp-aaabfwpb,22.259000778198242,18.995269775390625
mp-aaaabdej,24.006000518798828,14.51688003540039
mp-aaafhbgq,19.43400001525879,38.9444465637207
mp-aaacdtuu,25.652999877929688,24.576431274414062
mp-aaabxfqy,79.16400146484375,75.91178131103516
mp-aaaabdqx,56.48099899291992,60.773284912109375
mp-aaabxiyg,92.75800323486328,77.80426025390625
mp-aaabxiww,16.086999893188477,18.41677474975586
mp-aaabxcfp,21.31599998474121,23.41054916381836
mp-aaaaabcz,28.52199935913086,22.562089920043945
mp-aaacdrmu,103.13600158691406,57.90256881713867
mp-aaacdjad,-65.08899688720703,-39.87130355834961
mp-aaabgjxg,60.691001892089844,62.57378387451172
mp-aaaaabff,62.26599884033203,50.66416931152344
mp-aaabfkpk,25.11199951171875,24.83724594116211
mp-aaacdrmm,90.7770004272461,123.98687744140625
mp-aaacdqcf,20.656999588012695,12.38566780090332
mp-aaacdnnq,27.86199951171875,22.498624801635742
mp-aaaabhql,16.9060001373291,19.6289119720459
mp-aaaaaovf,121.44599914550781,118.83216857910156
mp-aaacgorc,24.69099998474121,48.27621841430664
mp-aaaaaijr,133.36000061035156,130.58436584472656
mp-aaaaamzt,2.4260001182556152,12.476457595825195
mp-aaacdrob,27.18000030517578,30.159034729003906
mp-aaaabrjz,15.10099983215332,21.060131072998047
mp-aaaabfct,26.547000885009766,24.174972534179688
mp-aaabfrxh,3.384999990463257,11.712322235107422
mp-aaacdsmq,28.733999252319336,28.609355926513672
mp-aaaceuul,17.107999801635742,6.978973388671875
mp-aaaaaabw,89.73400115966797,65.00155639648438
mp-aaabfxew,7.7230000495910645,47.54468536376953
mp-aaaaajvd,8.918999671936035,11.046218872070312
mp-aaaaaoss,17.229999542236328,25.191253662109375
mp-aaaaapov,-24.61199951171875,51.622657775878906
mp-aaacdsow,20.298999786376953,13.680540084838867
mp-aaaabtfv,8.531999588012695,-2.5258026123046875
mp-aaabxclq,-46.159000396728516,7.522377014160156
mp-aaabxbzl,100.40799713134766,94.00823211669922
mp-aaaaabzx,51.14799880981445,41.361488342285156
mp-aaaaanzp,42.47700119018555,44.347442626953125
mp-aaacdnrc,63.20100021362305,80.22218322753906
mp-aaaabsyy,16.652999877929688,15.182876586914062
mp-aaabxfmf,83.48999786376953,79.06294250488281
mp-aaaaajeq,17.638999938964844,15.505008697509766
mp-aaabxbqf,35.6870002746582,36.975643157958984
mp-aaacgiuc,9.029999732971191,21.65252113342285
mp-aaabxcin,17.94099998474121,12.490255355834961
mp-aaacflkf,47.558998107910156,53.7181396484375
mp-aaabxbul,45.470001220703125,44.71854782104492
mp-aaaaaotx,98.9280014038086,115.81993103027344
mp-aaacduvd,108.02999877929688,109.88990783691406
mp-aaaabitk,8.241000175476074,3.9896392822265625
mp-aaaaanwx,107.32599639892578,75.7830810546875
mp-aaabxjvz,21.073999404907227,21.836252212524414
mp-aaacpggi,10.493000030517578,9.632972717285156
mp-aaabkiwn,5.256999969482422,8.120903015136719
mp-aaacjiov,58.37799835205078,44.355464935302734
mp-aaaaafrr,24.966999053955078,19.918067932128906
mp-aaaaalsm,93.62999725341797,82.58365631103516
mp-aaaabecy,22.121000289916992,19.288944244384766
mp-aaaaabmg,58.797000885009766,48.4113883972168
mp-aaafyufe,14.45199966430664,22.691362380981445
mp-aaabxjus,116.99400329589844,105.31674194335938
mp-aaabfpci,1.9010000228881836,5.690879821777344
mp-aaabqvrn,15.213000297546387,30.852676391601562
mp-aaaaaeqx,23.264999389648438,25.280080795288086
mp-aaaabjsx,54.07500076293945,37.646663665771484
mp-aaaaaodo,40.12099838256836,45.47077941894531
mp-aaaceuoh,17.42799949645996,24.26673126220703
mp-aaaaamvs,16.049999237060547,19.373817443847656
mp-aaaaabhl,103.3759994506836,111.47763061523438
mp-aaaaboov,25.358999252319336,32.632240295410156
mp-aaaaaukt,19.85099983215332,20.36852264404297
mp-aaaaaovr,56.82899856567383,55.682273864746094
mp-aaabxcmo,22.558000564575195,20.276227951049805
mp-aaaaaegd,27.145000457763672,19.645601272583008
mp-aaaabtpg,29.04199981689453,31.096080780029297
mp-aaaaalxi,86.90799713134766,95.56731414794922
mp-aaaaabbt,22.082000732421875,20.505550384521484
mp-aaaaadzg,52.4630012512207,37.30412673950195
mp-aaaaaltz,24.19499969482422,19.98495101928711
mp-aaacdnwv,22.5939998626709,11.64358139038086
mp-aaaaaanl,41.81800079345703,54.46089172363281
mp-aaaaadyz,55.44300079345703,47.3953742980957
mp-aaaaboqa,7.820000171661377,7.359424591064453
mp-aaaaacid,38.382999420166016,36.1176643371582
mp-aaacgowa,33.03099822998047,17.276227951049805
mp-aaaabepq,26.45599937438965,24.497957229614258
mp-aaaaaavt,50.82400131225586,62.86723327636719
mp-aaaaactu,9.593000411987305,9.261180877685547
mp-aaaaaurv,21.554000854492188,27.927656173706055
mp-aaaaaouf,116.03900146484375,123.79554748535156
mp-aaabxggx,39.928001403808594,29.358421325683594
mp-aaaaaaiy,41.33000183105469,31.090370178222656
mp-aaacehui,4.966000080108643,7.207763671875
mp-aaabxjtb,11.670000076293945,16.025148391723633
mp-aaaaapai,-19.482999801635742,17.834253311157227
mp-aaaabpuo,11.927000045776367,8.503826141357422
mp-aaabxgla,56.941001892089844,60.64544677734375
mp-aaaaaxef,103.01300048828125,110.21952819824219
mp-aaabmgmj,65.21800231933594,47.380584716796875
mp-aaaabucu,25.2810001373291,21.31876564025879
mp-aaaaaffl,12.385000228881836,13.485422134399414
mp-aaaabthi,25.79400062561035,23.34056854248047
mp-aaabjxwt,-77.51599884033203,-50.102664947509766
mp-aaacdtqa,16.111000061035156,2.3433494567871094
mp-aaaaaddc,94.1240005493164,78.82621765136719
mp-aaaaabwl,53.60100173950195,34.93685531616211
mp-aaaaahvo,57.367000579833984,60.79593276977539
mp-aaabfxft,2.8329999446868896,12.105104446411133
mp-aaaaacwo,146.39599609375,129.7900848388672
mp-aaabxcps,110.49800109863281,102.2651596069336
mp-aaaaajqv,53.816001892089844,57.720367431640625
mp-aaacrlsc,195.6909942626953,200.4478302001953
mp-aaacggse,7.663000106811523,4.052028656005859
mp-aaabqyue,26.756000518798828,18.647958755493164
mp-aaaaaghk,94.8280029296875,80.59140014648438
mp-aaaaaial,40.935001373291016,34.003570556640625
mp-aaaaatni,15.357999801635742,14.234481811523438
mp-aaabxdse,10.0649995803833,19.172502517700195
mp-aaaaaasv,58.027000427246094,62.46784973144531
mp-aaaabhfx,60.606998443603516,57.729248046875
mp-aaaceszm,33.99599838256836,34.96771240234375
mp-aaabxgrj,13.979999542236328,16.696317672729492
mp-aaabxfao,8.736000061035156,17.264816284179688
mp-aaaabtnl,24.659000396728516,25.804101943969727
mp-aaaabths,75.83100128173828,71.89518737792969
mp-aaaaaskq,32.75600051879883,44.64422607421875
mp-aaabwjtz,20.71500015258789,55.777828216552734
mp-aaabevks,25.084999084472656,26.705562591552734
mp-aaacgish,49.13399887084961,37.35228729248047
mp-aaaaapsy,1.9270000457763672,-5.542186737060547
mp-aaacfjyr,177.1479949951172,158.17184448242188
mp-aaacfjwa,25.073999404907227,38.93845748901367
mp-aaaaalhz,9.354000091552734,8.66220474243164
mp-aaaaaadw,-27.23900032043457,29.319982528686523
mp-aaaabioe,29.547000885009766,25.654579162597656
mp-aaaabrai,128.08599853515625,138.7728271484375
mp-aaacdtzt,64.13999938964844,47.45418930053711
mp-aaaaacut,18.400999069213867,38.90732955932617
mp-aaaaadfw,49.01499938964844,59.338497161865234
mp-aaacdswe,21.058000564575195,21.09657859802246
mp-aaaaahcz,22.014999389648438,22.602642059326172
mp-aaaaabzf,31.60700035095215,37.158695220947266
mp-aaaabdng,-36.4900016784668,-26.033092498779297
mp-aaaabeyq,31.32900047302246,30.640995025634766
mp-aaaaadxs,69.40399932861328,75.83270263671875
mp-aaabghji,41.62200164794922,44.19071578979492
mp-aaaaaalj,53.50299835205078,39.73821258544922
mp-aaaaathk,164.49899291992188,198.0841522216797
mp-aaaabeib,50.24399948120117,57.29061508178711
mp-aaacgiqq,33.62200164794922,35.498878479003906
mp-aaacgphj,69.19200134277344,64.23326110839844
mp-aaacewki,66.04100036621094,59.496620178222656
mp-aaackqye,117.09100341796875,114.47933959960938
mp-aaaabdhd,188.6230010986328,195.18223571777344
mp-aaaabdeu,62.797000885009766,60.513267517089844
mp-aaacfskb,75.26000213623047,54.30826187133789
mp-aaaaadsn,76.26399993896484,67.22055053710938
mp-aaabxckl,148.95199584960938,130.73297119140625
mp-aaacgise,54.393001556396484,42.88399124145508
mp-aaaaaayz,110.34400177001953,88.14510345458984
mp-aaabghme,-7.236999988555908,-25.763370513916016
mp-aaabkrrx,20.284000396728516,68.7009506225586
mp-aaabogza,34.40700149536133,24.191926956176758
mp-aaaaadyl,81.71600341796875,72.14176177978516
mp-aaaaadmd,28.207000732421875,11.412525177001953
mp-aaaaarbb,20.05699920654297,56.97931671142578
mp-aaaabdjn,9.324999809265137,8.051666259765625
mp-aaaaarel,149.37399291992188,134.4540557861328
mp-aaaaaxdr,31.634000778198242,25.11659812927246
mp-aaaaabdd,30.479999542236328,23.30234146118164
mp-aaaabwdw,46.382999420166016,38.118003845214844
mp-aaaaamhr,62.095001220703125,54.12931823730469
mp-aaabxaqa,72.21499633789062,59.586463928222656
mp-aaaabfuo,32.0620002746582,28.705223083496094
mp-aaacfrmg,26.785999298095703,24.33710479736328
mp-aaabxdpn,19.51099967956543,22.889339447021484
mp-aaabnqlg,28.707000732421875,58.826690673828125
mp-aaacehhw,18.433000564575195,24.222341537475586
mp-aaaabtbh,40.21799850463867,36.25272750854492
mp-aaabxiut,21.365999221801758,23.514801025390625
mp-aaacewff,88.77899932861328,15.242212295532227
mp-aaabxfvg,39.79600143432617,35.891910552978516
mp-aaaaadaz,82.54399871826172,43.38846969604492
mp-aaaaalhe,11.300000190734863,15.988180160522461
mp-aaaabsky,100.44499969482422,100.39358520507812
mp-aaabjjea,16.645000457763672,24.28667640686035
mp-aaaaaedz,61.62900161743164,60.789939880371094
mp-aaaaabit,54.433998107910156,54.21479034423828
mp-aaadbusv,72.90499877929688,73.84149932861328
mp-aaaaabks,129.8990020751953,123.65533447265625
mp-aaabjydj,-29.913999557495117,-37.83242416381836
mp-aaaaasoz,39.62900161743164,34.20477294921875
mp-aaaaaycl,67.99199676513672,74.70257568359375
mp-aaaaakga,119.28099822998047,102.94297790527344
mp-aaabdbbg,104.68699645996094,107.91957092285156
mp-aaaaalfj,83.72899627685547,75.20059204101562
mp-aaaabibt,0.9649999737739563,7.672966003417969
mp-aaaabezc,97.39700317382812,95.73513793945312
mp-aaacfybp,47.5099983215332,43.1080207824707
mp-aaaabfpz,113.41500091552734,111.87528991699219
mp-aaabghtv,-38.17399978637695,21.7976016998291
mp-aaaabgjh,57.18199920654297,64.98117065429688
mp-aaaceaoi,59.159000396728516,92.79173278808594
mp-aaabqznx,97.19400024414062,127.03030395507812
mp-aaaaalsc,22.148000717163086,23.28702735900879
mp-aaaaabhw,63.03200149536133,42.58580017089844
mp-aaaaadzu,20.656999588012695,38.10487365722656
mp-aaaaadhf,33.49800109863281,26.56552505493164
mp-aaaabtql,56.643001556396484,51.29146194458008
mp-aaaaadko,71.20500183105469,71.24461364746094
mp-aaaaaggs,81.8489990234375,66.79338073730469
mp-aaacdrdr,29.256999969482422,16.179540634155273
mp-aaaaafla,72.11299896240234,79.80809020996094
mp-aaaabper,10.902999877929688,10.281074523925781
mp-aaabxbcj,83.01000213623047,38.13792419433594
mp-aaaaafxe,17.18199920654297,27.079517364501953
mp-aaaaaaqa,116.81600189208984,136.92906188964844
mp-aaaaaayy,19.19300079345703,3.0280075073242188
mp-aaabgnbb,98.63300323486328,109.23867797851562
mp-aaabxbbn,20.5939998626709,12.811470031738281
mp-aaacdjwh,18.91699981689453,17.460081100463867
mp-aaabgirl,39.94300079345703,46.04573059082031
mp-aaaaaail,133.06500244140625,136.05621337890625
mp-aaaabdvy,50.41899871826172,54.43175506591797
mp-aaacdxge,20.6299991607666,22.932889938354492
mp-aaaabilp,25.982999801635742,15.787986755371094
mp-aaaaacep,55.84400177001953,47.355323791503906
mp-aaaaaebk,50.05400085449219,56.99458312988281
mp-aaacetuk,44.22200012207031,49.619483947753906
mp-aaacehvc,-12.710000038146973,8.142982482910156
mp-aaaaanam,13.47599983215332,11.958564758300781
mp-aaaaaxft,22.572999954223633,22.597103118896484
mp-aaacewkc,84.13700103759766,59.33631896972656
mp-aaaaaemt,77.71700286865234,77.3637924194336
mp-aaaabtgc,23.275999069213867,27.142314910888672
mp-aaabfseo,24.250999450683594,13.189414978027344
mp-aaaaajdq,-23.19300079345703,8.50149154663086
mp-aaaabdqd,20.530000686645508,15.915719985961914
mp-aaaaaybd,18.718000411987305,19.468666076660156
mp-aaadefsc,11.184000015258789,21.615365982055664
mp-aaaaadwm,41.31700134277344,31.260074615478516
mp-aaaaandq,51.85599899291992,45.05458068847656
mp-aaaaarnc,0.8539999723434448,2.3416290283203125
mp-aaaabkdo,10.616999626159668,-4.030036926269531
mp-aaaabfjc,22.204999923706055,33.482208251953125
mp-aaabxbsh,27.739999771118164,34.31965637207031
mp-aaaaafpv,75.56999969482422,74.83404541015625
mp-aaacdpxq,88.98500061035156,86.31895446777344
mp-aaaaauby,43.41999816894531,41.62477493286133
mp-aaaaankn,19.73699951171875,22.84657859802246
mp-aaabjxzv,-7.327000141143799,-7.234928131103516
mp-aaabxfrv,23.507999420166016,22.102130889892578
mp-aaaaacyt,36.051998138427734,22.532045364379883
mp-aaaaarcy,17.364999771118164,13.180320739746094
mp-aaaabill,2.1059999465942383,3.51922607421875
mp-aaabxitt,34.678001403808594,30.383922576904297
mp-aaacgadw,106.97000122070312,101.53753662109375
mp-aaaaabnk,9.097999572753906,30.182601928710938
mp-aaacfkfl,-3.4179999828338623,15.310087203979492
mp-aaacdqcn,100.90799713134766,89.87762451171875
mp-aaaaabwp,92.49400329589844,60.34823989868164
mp-aaaabjqr,34.97100067138672,22.126657485961914
mp-aaaaadcd,33.474998474121094,50.245521545410156
mp-aaaaaswb,37.95100021362305,37.002296447753906
mp-aaacehug,9.454000473022461,8.32855224609375
mp-aaaabhxa,6.572999954223633,3.7234725952148438
mp-aaaaaulf,57.22999954223633,78.98281860351562
mp-aaaaabxz,65.45099639892578,51.058902740478516
mp-aaacfkby,100.40299987792969,76.75814056396484
mp-aaaaaevy,51.90800094604492,47.6297607421875
mp-aaaaagde,10.779999732971191,17.161584854125977
mp-aaaaapxx,46.766998291015625,58.0438117980957
mp-aaaaaett,27.30699920654297,43.73711013793945
mp-aaaabezf,64.03900146484375,73.06327819824219
mp-aaabxfez,1.9279999732971191,1.2164688110351562
mp-aaaaacsm,71.86199951171875,76.28282165527344
mp-aaabxfyu,73.73300170898438,64.40263366699219
mp-aaaaabna,43.709999084472656,30.33151626586914
mp-aaaaatjq,57.96099853515625,51.66167449951172
mp-aaaaabnp,25.350000381469727,23.069272994995117
mp-aaaceipw,160.99200439453125,129.8623504638672
mp-aaaaabfv,11.746000289916992,14.073314666748047
mp-aaaaabsn,85.3479995727539,75.0968017578125
mp-aaaaaeym,103.04100036621094,102.48265838623047
mp-aaacgikx,9.649999618530273,18.67395782470703
mp-aaaabfut,144.1230010986328,117.43624877929688
mp-aaaccteq,17.466999053955078,22.459592819213867
mp-aaacdsqb,61.09700012207031,100.29635620117188
mp-aaaabpka,5.193999767303467,6.816234588623047
mp-aaaaatls,-5.580999851226807,35.59351348876953
mp-aaaabkcc,39.17300033569336,42.85871505737305
mp-aaaaabll,92.75299835205078,75.57048034667969
mp-aaaaaozv,-0.9610000252723694,-4.342647552490234
mp-aaaaapwa,88.55799865722656,96.61480712890625
mp-aaabxhiq,23.399999618530273,24.237672805786133
mp-aaacfrop,12.54699993133545,14.740074157714844
mp-aaaaabls,64.11000061035156,79.18401336669922
mp-aaaaaear,47.005001068115234,47.648231506347656
mp-aaaaanmy,40.9640007019043,26.2602481842041
mp-aaafussj,8.402999877929688,9.864463806152344
mp-aaaabfna,27.104999542236328,29.604137420654297
mp-aaacctew,-10.293000221252441,15.785707473754883
mp-aaaabdsf,16.906999588012695,16.992700576782227
mp-aaacfkfg,-48.9119987487793,7.632965087890625
mp-aaabftqj,53.63100051879883,62.301456451416016
mp-aaaceswj,39.24800109863281,44.850040435791016
mp-aaacdsis,14.701000213623047,24.504056930541992
mp-aaacfwhq,53.82099914550781,53.1605224609375
mp-aaabxfaz,19.812999725341797,16.335092544555664
mp-aaaabiuw,8.708999633789062,15.729673385620117
mp-aaabgmvg,5.459000110626221,10.456039428710938
mp-aaacgpiu,43.63600158691406,66.87919616699219
mp-aaaaayfr,48.8120002746582,42.7354736328125
mp-aaaboeuu,12.5,11.800909042358398
mp-aaabcugs,75.14199829101562,88.31476593017578
mp-aaacdhjq,45.957000732421875,58.07010269165039
mp-aaacdlky,0.03200000151991844,4.825237274169922
mp-aaabxcln,11.401000022888184,9.95867919921875
mp-aaabkrkj,23.854999542236328,16.324811935424805
mp-aaabglvx,3.1429998874664307,7.891815185546875
mp-aaabjxwz,15.887999534606934,8.08469009399414
mp-aaacdpvt,58.630001068115234,39.90019226074219
mp-aaabxckz,59.249000549316406,63.30207824707031
mp-aaabxiyk,10.982999801635742,7.808441162109375
mp-aaabxfba,22.64299964904785,20.238435745239258
mp-aaacdnqz,31.714000701904297,20.972700119018555
mp-aaaaaage,172.39199829101562,160.00936889648438
mp-aaaabtpp,92.75700378417969,56.44888687133789
mp-aaaabrvj,15.677000045776367,19.522048950195312
mp-aaacdyyl,30.875,25.970996856689453
mp-aaabjafy,105.88400268554688,109.24478149414062
mp-aaacptuh,79.572998046875,61.40497970581055
mp-aaabjker,22.020999908447266,18.548118591308594
mp-aaacewgk,38.55500030517578,28.860239028930664
mp-aaaaagwx,101.11399841308594,90.77447509765625
mp-aaaaagyt,47.441001892089844,69.3292465209961
mp-aaabxcaz,13.604999542236328,2.9593887329101562
mp-aaaabica,5.00600004196167,6.630229949951172
mp-aaacdpxj,67.05999755859375,39.115943908691406
mp-aaacettw,2.7869999408721924,11.087509155273438
mp-aaafecfi,128.33799743652344,47.28065872192383
mp-aaabxjsm,122.33499908447266,114.7115478515625
mp-aaaabswu,76.78600311279297,96.02708435058594
mp-aaaaarcs,76.0270004272461,77.15693664550781
mp-aaaaarka,35.54899978637695,31.78469467163086
mp-aaabfofm,93.63099670410156,87.81108093261719
mp-aaabqxpt,-93.93699645996094,11.67689323425293
mp-aaaabijn,8.538999557495117,12.687686920166016
mp-aaaaacru,8.45300006866455,24.594284057617188
mp-aaaaapbs,35.310001373291016,34.89101028442383
mp-aaacgpms,30.399999618530273,43.95723342895508
mp-aaaabfcv,17.086000442504883,17.674503326416016
mp-aaaaanwz,3.555000066757202,9.819751739501953
mp-aaabxfph,93.51599884033203,97.89569091796875
mp-aaacgjbg,77.68000030517578,69.85884857177734
mp-aaabgjgy,188.17300415039062,193.17013549804688
mp-aaaabgkb,24.45599937438965,21.663793563842773
mp-aaaaahyn,169.41799926757812,114.83430480957031
mp-aaacfzyb,41.691001892089844,44.23240280151367
mp-aaabxgou,142.197998046875,115.633544921875
mp-aaaaacxi,20.19700050354004,10.737716674804688
mp-aaaaagbi,87.69599914550781,85.58325958251953
mp-aaaaaepi,25.486000061035156,31.03171157836914
mp-aaabfnlq,99.4520034790039,102.40830993652344
mp-aaaaacjy,42.10900115966797,28.245376586914062
mp-aaabxcfh,99.65499877929688,106.194580078125
mp-aaacfkql,84.85900115966797,95.28204345703125
mp-aaacehuu,14.190999984741211,10.029830932617188
mp-aaaaachy,31.663999557495117,29.54092025756836
mp-aaabfheo,48.430999755859375,54.33196258544922
mp-aaaccspn,70.69499969482422,81.81919860839844
mp-aaaabhve,5.4039998054504395,1.4331474304199219
mp-aaaaacxt,69.31800079345703,62.667625427246094
mp-aaadfzap,63.16299819946289,51.743465423583984
mp-aaaaaofb,59.303001403808594,72.78993225097656
mp-aaacdncc,17.652999877929688,10.80061149597168
mp-aaaaaytw,57.85200119018555,73.50841522216797
mp-aaaaauwx,43.8129997253418,58.51882553100586
mp-aaacdscr,-22.88599967956543,-17.973541259765625
mp-aaaaaesl,86.08899688720703,85.50885009765625
mp-aaabgqcq,10.871999740600586,21.949827194213867
mp-aaacgozj,28.69700050354004,26.46976661682129
mp-aaaabthc,42.60100173950195,33.15066909790039
mp-aaabxfmt,21.20800018310547,20.801044464111328
mp-aaaabgix,17.583999633789062,24.570829391479492
mp-aaabxfod,80.20099639892578,83.9131088256836
mp-aaaaaosh,91.27899932861328,67.97415161132812
mp-aaabxflf,107.76000213623047,90.63241577148438
mp-aaabxfae,20.072999954223633,44.526710510253906
mp-aaacccut,13.335000038146973,10.756624221801758
mp-aaaabfmn,65.88800048828125,56.99053192138672
mp-aaabxfyd,22.125,18.732585906982422
mp-aaaabdfn,17.81800079345703,19.092565536499023
mp-aaacgisz,103.39199829101562,103.98678588867188
mp-aaaaalro,155.27200317382812,139.34027099609375
mp-aaacfwer,77.75599670410156,79.26319885253906
mp-aaaabtan,26.770999908447266,28.227977752685547
mp-aaaabolj,19.975000381469727,26.978626251220703
mp-aaabjxww,116.71600341796875,75.25821685791016
mp-aaaaabzb,20.725000381469727,20.073802947998047
mp-aaacewiv,165.16700744628906,206.50830078125
mp-aaacfyda,4.151000022888184,0.13332748413085938
mp-aaacdycz,9.444999694824219,12.66745376586914
mp-aaaaadut,52.19900131225586,59.668975830078125
mp-aaaaakpn,25.57200050354004,22.708574295043945
mp-aaaabtgx,34.65700149536133,56.07571792602539
mp-aaabxcjd,14.015000343322754,16.427919387817383
mp-aaaaasvl,77.81900024414062,28.839603424072266
mp-aaadbfsb,44.14799880981445,26.66208839416504
mp-aaaabepp,133.0800018310547,129.259521484375
mp-aaacfkqg,46.92300033569336,46.554412841796875
mp-aaaaaibr,48.29899978637695,50.188697814941406
mp-aaabdbgv,7.301000118255615,18.61738395690918
mp-aaaabhfj,63.867000579833984,56.383853912353516
mp-aaacdjwg,100.72200012207031,104.52225494384766
mp-aaabxfko,19.535999298095703,21.274024963378906
mp-aaaaakws,42.707000732421875,38.64198684692383
mp-aaacfals,14.168999671936035,16.650527954101562
mp-aaabxhbp,28.410999298095703,25.274269104003906
mp-aaaabppe,3.937999963760376,3.9200172424316406
mp-aaaflvuj,32.577999114990234,43.07020950317383
mp-aaaabjcz,31.06100082397461,17.926973342895508
mp-aaacdppo,20.305999755859375,8.486129760742188
mp-aaaaafyc,66.44599914550781,61.446773529052734
mp-aaabxcex,32.82099914550781,27.136049270629883
mp-aaacfiub,163.3780059814453,152.45138549804688
mp-aaaaapwr,-1.5219999551773071,-41.32667922973633
mp-aaabghqr,16.697999954223633,6.895965576171875
mp-aaaabfkt,81.28600311279297,40.57270431518555
mp-aaaaaekn,10.102999687194824,18.21344566345215
mp-aaaaaflu,87.20700073242188,88.30567932128906
mp-aaaaaddx,18.614999771118164,8.451190948486328
mp-aaaaarme,57.323001861572266,73.96891021728516
mp-aaachdcj,12.543999671936035,8.698688507080078
mp-aaacdjgf,37.12900161743164,19.817066192626953
mp-aaabqzla,45.178001403808594,29.998380661010742
mp-aaabjqyu,13.038000106811523,13.691812515258789
mp-aaabxgyw,48.22100067138672,35.95664596557617
mp-aaacfzde,24.69499969482422,21.45151138305664
mp-aaacewfl,14.468999862670898,12.155069351196289
mp-aaacfade,24.121000289916992,36.718360900878906
mp-aaaabihm,0.5899999737739563,-3.4207611083984375
mp-aaabgjyj,5.438000202178955,4.974273681640625
mp-aaaaagcx,91.05799865722656,100.92387390136719
mp-aaaaalfk,118.73200225830078,139.78501892089844
mp-aaacdkag,2.930000066757202,7.782440185546875
mp-aaaaarsn,25.415000915527344,44.75907516479492
mp-aaaaaghl,20.52199935913086,10.207939147949219
mp-aaaaakzt,14.185999870300293,15.760833740234375
mp-aaacehvh,17.354000091552734,21.47919273376465
mp-aaaaalrc,41.391998291015625,38.536033630371094
mp-aaaaahok,95.32599639892578,85.11344909667969
mp-aaaaaeiq,8.942000389099121,31.414108276367188
mp-aaabxhkj,13.616999626159668,17.602386474609375
mp-aaaaabvj,121.69499969482422,113.1510009765625
mp-aaaabpki,33.1870002746582,35.133949279785156
mp-aaaaanbq,59.555999755859375,51.78763198852539
mp-aaabkqpd,73.98400115966797,66.001220703125
mp-aaaaacuh,55.551998138427734,26.42577362060547
mp-aaaaagmg,42.242000579833984,39.43182373046875
mp-aaacdrov,18.658000946044922,20.81219482421875
mp-aaabxfov,128.08399963378906,111.56158447265625
mp-aaaaagql,22.4060001373291,17.148653030395508
mp-aaaaartv,51.21099853515625,37.2921257019043
mp-aaacflir,-1.2710000276565552,-44.42136001586914
mp-aaabmsxx,58.45399856567383,72.90849304199219
mp-aaabgksc,10.885000228881836,28.240888595581055
mp-aaacdrog,20.910999298095703,19.23756980895996
mp-aaaaasxg,53.79999923706055,47.0654296875
mp-aaabjyba,-110.8550033569336,-68.66706848144531
mp-aaaaaeyr,33.1609992980957,37.70273971557617
mp-aaacgjam,56.19300079345703,46.491294860839844
mp-aaaaailf,18.902000427246094,22.232404708862305
mp-aaacgiyp,2.312999963760376,53.368865966796875
mp-aaabeuvt,49.922000885009766,35.07987976074219
mp-aaacdkrm,27.05500030517578,19.618703842163086
mp-aaacapbk,77.93299865722656,57.38228988647461
mp-aaaaabst,127.91500091552734,106.81396484375
mp-aaabxfhv,43.70600128173828,34.2060546875
mp-aaacjjlu,9.95199966430664,36.76972198486328
mp-aaabfkvx,7.758999824523926,16.104642868041992
mp-aaaaaoze,170.63699340820312,170.90187072753906
mp-aaaaacdo,15.86299991607666,20.090600967407227
mp-aaaaaatn,59.025001525878906,76.6076431274414
mp-aaaaaarj,81.0739974975586,61.27157974243164
mp-aaaabkox,57.999000549316406,37.07624816894531
mp-aaaaadzh,38.262001037597656,26.47564697265625
mp-aaaabhiz,0.574999988079071,11.861799240112305
mp-aaaaaoeh,47.69200134277344,43.54100036621094
mp-aaaaaiat,61.45000076293945,60.77639389038086
mp-aaaabffx,25.993999481201172,44.91880798339844
mp-aaabxcoo,52.141998291015625,28.61651611328125
mp-aaabxbny,14.128999710083008,16.026796340942383
mp-aaaabjcc,24.53700065612793,21.26801872253418
mp-aaaabsvw,40.1510009765625,50.0391731262207
mp-aaaaafyf,12.375,19.496395111083984
mp-aaaaacpk,19.98699951171875,33.54595184326172
mp-aaacipat,14.715999603271484,19.109617233276367
mp-aaabxjxv,108.21600341796875,103.24858856201172
mp-aaaaasor,43.99700164794922,51.080101013183594
mp-aaaabste,69.58799743652344,80.06770324707031
mp-aaacdlne,48.766998291015625,34.45415496826172
mp-aaaabjsu,72.43900299072266,55.84480285644531
mp-aaaaaann,91.06900024414062,88.29093933105469
mp-aaaaacci,20.295000076293945,23.73773956298828
mp-aaaaadhm,21.851999282836914,17.154369354248047
mp-aaacdplw,41.64400100708008,48.606040954589844
mp-aaacdjmy,7.857999801635742,35.09332275390625
mp-aaaabdhx,85.7959976196289,98.3441162109375
mp-aaaaabjy,-2.5209999084472656,11.089118957519531
mp-aaacfajd,11.883000373840332,9.957157135009766
mp-aaabgldo,4.593999862670898,4.655597686767578
mp-aaabxhiv,2.4019999504089355,17.016023635864258
mp-aaaghqrh,34.86800003051758,33.577728271484375
mp-aaaaacuf,59.48400115966797,46.21373748779297
mp-aaabxcde,43.61899948120117,49.81452941894531
mp-aaacesyh,21.790000915527344,20.38278579711914
mp-aaacfxhu,182.19200134277344,68.51956939697266
mp-aaaaaaog,33.755001068115234,38.72623825073242
mp-aaafdvub,5.495999813079834,8.661029815673828
mp-aaabxcod,14.657999992370605,12.26829719543457
mp-aaabfnlj,29.507999420166016,32.214271545410156
mp-aaabxgtz,36.04600143432617,25.922565460205078
mp-aaaablqf,30.243000030517578,56.99347686767578
mp-aaabxfgm,36.81399917602539,23.863903045654297
mp-aaaggulq,17.591999053955078,17.984432220458984
mp-aaabqych,29.0310001373291,39.44206619262695
mp-aaacfywy,8.89900016784668,6.988063812255859
mp-aaaaboor,6.408999919891357,14.290857315063477
mp-aaaaaeal,90.49800109863281,90.30551147460938
mp-aaacgaga,37.095001220703125,38.43339920043945
mp-aaabfign,82.37000274658203,57.77891159057617
mp-aaacdtzr,6.436999797821045,12.277687072753906
mp-aaabctvn,17.295000076293945,32.61528015136719
mp-aaaabedp,96.29399871826172,128.71998596191406
mp-aaaaapel,196.18699645996094,186.85302734375
mp-aaadbcnc,14.348999977111816,27.86257553100586
mp-aaaelgps,6.919000148773193,17.282407760620117
mp-aaaaakog,139.14700317382812,92.01158142089844
mp-aaaabgzu,107.66600036621094,80.34074401855469
mp-aaaaaqsp,13.279999732971191,10.148101806640625
mp-aaaaavvl,64.79000091552734,63.55498504638672
mp-aaabxhax,14.378000259399414,16.463539123535156
mp-aaabrvfy,47.619998931884766,50.417884826660156
mp-aaaaasif,33.41999816894531,48.01824188232422
mp-aaabctjb,74.72599792480469,95.4365234375
mp-aaabsqsd,111.76200103759766,101.58026123046875
mp-aaaabege,41.26599884033203,46.868656158447266
mp-aaaaamkb,-116.30799865722656,-71.68269348144531
mp-aaaaaasf,6.664999961853027,28.074996948242188
mp-aaaabqxp,84.75299835205078,121.66629028320312
mp-aaachdck,-128.39100646972656,15.054351806640625
mp-aaacdjfn,34.736000061035156,29.746496200561523
mp-aaabxhex,102.25199890136719,89.47183227539062
mp-aaacgpei,41.250999450683594,58.22721481323242
mp-aaabxcpx,22.250999450683594,19.016050338745117
mp-aaaaazyw,7.793000221252441,5.848472595214844
mp-aaaaanrr,26.516000747680664,29.218751907348633
mp-aaaabsww,32.50199890136719,30.404544830322266
mp-aaaabspw,79.53399658203125,84.38215637207031
mp-aaaaafqg,150.42999267578125,153.65432739257812
mp-aaaaanqt,82.26499938964844,73.15238189697266
mp-aaaaaenm,28.1200008392334,26.344594955444336
mp-aaacearv,38.8390007019043,9.204368591308594
mp-aaaaahtu,50.362998962402344,68.38154602050781
mp-aaaabhqp,27.531999588012695,31.517040252685547
mp-aaaaakks,12.159000396728516,14.433975219726562
mp-aaabxhfw,15.765999794006348,30.19047737121582
mp-aaaaaalr,27.225000381469727,22.12617301940918
mp-aaabftqv,45.15999984741211,61.18560791015625
mp-aaaaabkl,5.800000190734863,4.468376159667969
mp-aaaaacvo,39.731998443603516,22.946155548095703
mp-aaacpktr,2.555000066757202,-0.2792778015136719
mp-aaafngpc,19.607999801635742,14.434871673583984
mp-aaabxfay,14.37399959564209,17.086950302124023
mp-aaaaagly,25.52400016784668,10.787738800048828
mp-aaabexaf,30.78700065612793,27.112163543701172
mp-aaacfxgs,69.53099822998047,62.034332275390625
mp-aaaaagcm,42.10300064086914,32.18316650390625
mp-aaabgitu,47.37099838256836,47.44458770751953
mp-aaacdlju,132.71400451660156,100.77662658691406
mp-aaaaaeyu,69.51799774169922,69.18671417236328
mp-aaaceboe,20.757999420166016,27.43708038330078
mp-aaageypz,16.26799964904785,20.339492797851562
mp-aaabqxgy,67.15499877929688,52.942649841308594
mp-aaaaaefd,44.48400115966797,44.4688606262207
mp-aaaaacjf,112.74700164794922,105.91116333007812
mp-aaaaacyz,17.851999282836914,15.847940444946289
mp-aaaaahuw,62.68899917602539,59.55681228637695
mp-aaabxfgu,11.963000297546387,5.302829742431641
mp-aaaaaxcr,196.28199768066406,208.45175170898438
mp-aaaaalbv,12.972000122070312,11.688587188720703
mp-aaaaasma,69.61000061035156,67.76451110839844
mp-aaabqwvj,44.50199890136719,45.023536682128906
mp-aaacdlrh,76.96099853515625,106.94261169433594
mp-aaabgiac,146.83399963378906,102.44914245605469
mp-aaaabooo,18.351999282836914,35.16192626953125
mp-aaaabrsu,5.26200008392334,16.492101669311523
mp-aaaaanhz,9.446999549865723,13.740121841430664
mp-aaaabslb,2.5139999389648438,5.1163787841796875
mp-aaaaaqzp,182.71499633789062,177.2869415283203
mp-aaabxbph,66.73899841308594,88.02783203125
mp-aaaaaoia,13.473999977111816,24.116514205932617
mp-aaabfvvo,20.732999801635742,26.47466278076172
mp-aaaaagqx,11.932000160217285,10.179313659667969
mp-aaaaacvq,52.97999954223633,41.4261474609375
mp-aaacgpja,49.933998107910156,62.706336975097656
mp-aaafxjyp,16.079999923706055,12.504051208496094
mp-aaaaagpu,73.58599853515625,71.20116424560547
mp-aaacdike,13.027000427246094,20.834871292114258
mp-aaaabunt,42.084999084472656,39.38658905029297
mp-aaaaaaql,85.3759994506836,81.89646911621094
mp-aaaabfhd,-20.908000946044922,44.46265411376953
mp-aaaaaowd,40.79800033569336,39.69384002685547
mp-aaadckzv,48.520999908447266,66.1678466796875
mp-aaacfydp,42.84600067138672,37.697532653808594
mp-aaaabgyg,123.3479995727539,146.7327117919922
mp-aaaaacap,46.084999084472656,23.035770416259766
mp-aaabxheg,14.140000343322754,18.480005264282227
mp-aaaaacht,73.61699676513672,63.70753479003906
mp-aaaaaien,40.3489990234375,38.70335006713867
mp-aaabxfbd,19.65999984741211,17.17706298828125
mp-aaabqwtx,32.96699905395508,52.598270416259766
mp-aaaaalwf,4.906000137329102,14.415990829467773
mp-aaaabqhr,12.461000442504883,13.059097290039062
mp-aaaabduh,29.976999282836914,27.094676971435547
mp-aaachdah,7.203000068664551,19.88575553894043
mp-aaaaapeq,22.979000091552734,47.38336181640625
mp-aaaabdoj,31.5049991607666,27.845691680908203
mp-aaaaahdh,61.917999267578125,57.929439544677734
mp-aaabxfpj,111.93099975585938,91.53012084960938
mp-aaaaauvz,18.993000030517578,18.275226593017578
mp-aaaaadmj,25.172000885009766,29.436424255371094
mp-aaabxiyb,21.552000045776367,25.046890258789062
mp-aaabxjbn,80.31600189208984,91.52888488769531
mp-aaaaaehr,88.33300018310547,68.21601104736328
mp-aaaaatnv,54.85200119018555,49.52302169799805
mp-aaacdvmv,-1.159999966621399,5.798149108886719
mp-aaaaayym,27.01300048828125,29.13654327392578
mp-aaabxbbg,0.9229999780654907,12.367071151733398
mp-aaacgpjc,11.927000045776367,16.075363159179688
mp-aaaaajby,37.152000427246094,35.09636688232422
mp-aaabxckf,31.33099937438965,32.77117156982422
mp-aaacfjai,7.90500020980835,40.612117767333984
mp-aaabgmzw,31.38800048828125,33.30562973022461
mp-aaaaaagn,80.08399963378906,67.27813720703125
mp-aaacdnpz,18.68400001525879,17.388437271118164
mp-aaaaamuf,-4.158999919891357,44.95476531982422
mp-aaabxfai,22.8700008392334,15.582588195800781
mp-aaabxbva,132.4219970703125,106.83296203613281
mp-aaaaaptd,31.802000045776367,16.71656036376953
mp-aaaabqms,2.5940001010894775,2.3433609008789062
mp-aaacfjvv,19.06800079345703,36.42769241333008
mp-aaaaahav,88.81099700927734,98.7841796875
mp-aaaaaqyj,12.12399959564209,22.335983276367188
mp-aaacdnqw,39.62300109863281,35.39115524291992
mp-aaaaaswt,31.73900032043457,35.4466438293457
mp-aaacdvze,12.753999710083008,19.51551055908203
mp-aaabxczz,22.93600082397461,11.65226936340332
mp-aaaaafgd,37.23500061035156,37.553688049316406
mp-aaaaaaby,64.83000183105469,53.069480895996094
mp-aaabgjpg,144.01699829101562,107.74842834472656
mp-aaacfrhs,49.481998443603516,44.80190658569336
mp-aaaaaqyo,56.32500076293945,49.3068962097168
mp-aaaabfnp,61.486000061035156,57.05225372314453
mp-aaabxcgw,22.60700035095215,19.67059898376465
mp-aaaaaotg,40.96900177001953,54.726287841796875
mp-aaaaafoa,99.16899871826172,87.05951690673828
mp-aaacdkjh,28.68600082397461,48.98088836669922
mp-aaaaacqj,19.527999877929688,28.38513946533203
mp-aaacfzhw,21.41900062561035,21.792940139770508
mp-aaaabdgr,9.670000076293945,18.979644775390625
mp-aaacdmgz,49.60100173950195,36.82111740112305
mp-aaaaamyu,15.305999755859375,15.543994903564453
mp-aaaaankv,14.515000343322754,16.428972244262695
mp-aaabxdso,-25.031999588012695,-18.86425018310547
mp-aaabrslt,48.500999450683594,45.469505310058594
mp-aaaaapdw,92.4229965209961,82.61033630371094
mp-aaabxfhb,47.32400131225586,52.595252990722656
mp-aaaaagla,60.64699935913086,70.089111328125
mp-aaabxgfp,36.37699890136719,45.55359649658203
mp-aaabewqc,0.9869999885559082,18.3089599609375
mp-aaacrtze,201.55599975585938,225.0894775390625
mp-aaaaabxb,129.281005859375,121.8878173828125
mp-aaaaabux,24.770999908447266,30.37093162536621
mp-aaacdmpq,0.7749999761581421,15.788612365722656
mp-aaacfyzu,76.64900207519531,81.12384033203125
mp-aaaaaxtk,13.557999610900879,16.807415008544922
mp-aaadcjud,40.83100128173828,33.90283203125
mp-aaacfwfh,52.316001892089844,75.47816467285156
mp-aaabgman,38.257999420166016,95.43156433105469
mp-aaaaaglm,13.208000183105469,22.393878936767578
mp-aaaaaacu,62.244998931884766,26.910968780517578
mp-aaaaabkv,17.976999282836914,10.752096176147461
mp-aaacdjbu,99.97699737548828,115.06068420410156
mp-aaaaamvi,8.447999954223633,8.20322036743164
mp-aaabxfgw,118.49600219726562,108.75105285644531
mp-aaacewez,46.178001403808594,28.84687042236328
mp-aaaaaesz,33.167999267578125,40.84412384033203
mp-aaaaalwz,34.57899856567383,40.239051818847656
mp-aaaabicf,45.96699905395508,6.916358947753906
mp-aaacevpt,-20.315000534057617,-10.835220336914062
mp-aaabgmej,1.5230000019073486,31.27352523803711
mp-aaaabhqx,13.958000183105469,6.1844940185546875
mp-aaaaapae,144.0489959716797,162.85836791992188
mp-aaaaacyo,27.3700008392334,35.256797790527344
mp-aaabctus,61.88399887084961,66.00706481933594
mp-aaaaahww,83.93699645996094,84.66078186035156
mp-aaaaaadj,133.8719940185547,108.29229736328125
mp-aaaaajjp,51.45600128173828,50.10820007324219
mp-aaaabsfp,6.248000144958496,9.586353302001953
mp-aaabghzs,55.643001556396484,46.30686569213867
mp-aaaaaggc,73.03700256347656,59.263450622558594
mp-aaaaalsf,15.84000015258789,15.180164337158203
mp-aaabxcll,0.9169999957084656,10.336959838867188
mp-aaaaaoch,19.856000900268555,23.887237548828125
mp-aaaaacoa,105.31400299072266,92.12281799316406
mp-aaaaabpy,36.34299850463867,40.5588493347168
mp-aaaabena,61.85200119018555,89.21678924560547
mp-aaaabjfh,13.732999801635742,10.880998611450195
mp-aaabrhbn,61.957000732421875,76.21939086914062
mp-aaaabtmf,36.23099899291992,27.895919799804688
mp-aaabxdsm,33.75699996948242,21.480253219604492
mp-aaaaajlv,34.457000732421875,38.54956817626953
mp-aaaabtlq,22.048999786376953,21.184446334838867
mp-aaaaalcj,47.81100082397461,48.94327926635742
mp-aaaaawnq,142.0030059814453,168.47470092773438
mp-aaaaabdb,63.74300003051758,67.89434814453125
mp-aaaaaqdz,17.02899932861328,20.082239151000977
mp-aaaabdzv,18.402000427246094,31.339183807373047
mp-aaacehxe,37.92300033569336,34.690486907958984
mp-aaabxdrx,28.708999633789062,9.42879867553711
mp-aaaaaebq,189.7550048828125,184.3315887451172
mp-aaabgmkh,-15.96500015258789,-9.022762298583984
mp-aaabglif,4.376999855041504,5.629398345947266
mp-aaaaaxqk,34.02399826049805,26.14491081237793
mp-aaabxgmr,60.37900161743164,58.31959533691406
mp-aaaaagqm,48.79499816894531,60.098846435546875
mp-aaabxfrc,104.56099700927734,78.39427185058594
mp-aaaaagxk,15.755000114440918,44.299190521240234
mp-aaaaalsu,18.288999557495117,24.5350399017334
mp-aaabsebx,96.74400329589844,100.64608764648438
mp-aaaaberd,46.308998107910156,53.10610580444336
mp-aaablgrc,69.66100311279297,-38.163387298583984
mp-aaacehwd,8.845000267028809,8.336540222167969
mp-aaabglms,24.02400016784668,30.07501792907715
mp-aaacggrs,8.675000190734863,9.449161529541016
mp-aaabjyad,-21.408000946044922,24.200178146362305
mp-aaaaaitt,53.50699996948242,60.99889373779297
mp-aaabxceu,140.54400634765625,140.69859313964844
mp-aaabxgmk,36.347999572753906,28.505897521972656
mp-aaabdbbd,104.8239974975586,91.11628723144531
mp-aaaaanft,171.07699584960938,165.63369750976562
mp-aaabjygi,-19.698999404907227,17.151748657226562
mp-aaaabpvv,9.192000389099121,10.829401016235352
mp-aaaaasum,101.74500274658203,94.24393463134766
mp-aaaabexl,-13.881999969482422,-1.3089447021484375
mp-aaaabsyg,22.045000076293945,11.676897048950195
mp-aaaceswi,51.1870002746582,45.986663818359375
mp-aaabmhvi,93.26000213623047,103.19850158691406
mp-aaacdpya,16.371999740600586,16.17652702331543
mp-aaaaaddl,120.5790023803711,109.18989562988281
mp-aaaabpgk,4.520999908447266,11.920804977416992
mp-aaacgfqe,26.628999710083008,23.987051010131836
mp-aaaaayke,72.22000122070312,70.06077575683594
mp-aaaccsrf,-25.21299934387207,-30.017574310302734
mp-aaaaabkc,20.165000915527344,26.446474075317383
mp-aaaaadqo,120.1729965209961,68.23100280761719
mp-aaacgedr,19.81399917602539,33.19792938232422
mp-aaabxhkl,27.76300048828125,21.694713592529297
mp-aaaaadxt,69.80899810791016,56.36098098754883
mp-aaaaavbb,4.985000133514404,21.795148849487305
mp-aaaaavxd,11.020999908447266,21.552154541015625
mp-aaaabrli,5.4070000648498535,8.029747009277344
mp-aaaaafyk,73.83100128173828,66.9905776977539
mp-aaabxgnx,40.07600021362305,25.120454788208008
mp-aaaaahsa,73.41799926757812,86.12712097167969
mp-aaabsjdl,80.78800201416016,74.73312377929688
mp-aaaaaxmz,25.018999099731445,19.512239456176758
mp-aaacevxt,12.006999969482422,45.41831970214844
mp-aaabjygv,-11.20300006866455,-4.3356475830078125
mp-aaacdlrx,-9.86400032043457,51.67607116699219
mp-aaaabimb,3.7639999389648438,-0.7132720947265625
mp-aaaaaesb,39.744998931884766,47.667545318603516
mp-aaaaahwa,129.69000244140625,74.66534423828125
mp-aaacdjoo,33.30400085449219,20.067819595336914
mp-aaaaabyv,18.41200065612793,20.40660285949707
mp-aaaabiuj,6.625,11.307388305664062
mp-aaabgkhj,33.99399948120117,40.21702575683594
mp-aaabgmks,58.939998626708984,37.592708587646484
mp-aaaabjqg,67.79100036621094,43.484745025634766
mp-aaaabpeh,5.044000148773193,11.647014617919922
mp-aaaaaaoo,66.70099639892578,49.52851486206055
mp-aaabxfav,34.58100128173828,36.75761795043945
mp-aaacdkie,58.922000885009766,44.34375762939453
mp-aaabxhan,90.91500091552734,82.20600891113281
mp-aaaabdpk,85.13200378417969,70.49877166748047
mp-aaacfkij,-52.305999755859375,47.75678253173828
mp-aaaaberj,13.928999900817871,20.621749877929688
mp-aaabghox,187.13800048828125,193.10284423828125
mp-aaaaadcj,10.753000259399414,12.010610580444336
mp-aaabxhbx,25.722999572753906,22.10482406616211
mp-aaabixpb,62.540000915527344,66.37577056884766
mp-aaabmzpq,60.55799865722656,57.35753631591797
mp-aaaciyzo,41.61399841308594,45.46543502807617
mp-aaabxazk,14.998000144958496,17.280502319335938
mp-aaaaatkr,40.71500015258789,51.72626876831055
mp-aaabjxxr,5.414000034332275,10.351619720458984
mp-aaaaacfa,69.7509994506836,69.84556579589844
mp-aaaaaafa,39.8380012512207,12.354730606079102
mp-aaaabhot,7.041999816894531,15.55694580078125
mp-aaaaapnh,23.277999877929688,22.994728088378906
mp-aaaaahuh,28.531999588012695,36.059600830078125
mp-aaacgixx,30.437000274658203,37.45253372192383
mp-aaabgjhn,81.74400329589844,71.65502166748047
mp-aaabxaqq,78.86299896240234,67.87690734863281
mp-aaaaaovx,13.218999862670898,19.170087814331055
mp-aaaaadcl,199.01600646972656,175.27593994140625
mp-aaabglja,76.70500183105469,73.28488159179688
mp-aaacgjcv,29.665000915527344,47.44668960571289
mp-aaabjyhh,-7.9629998207092285,-13.726158142089844
mp-aaaabhfw,7.673999786376953,21.570804595947266
mp-aaaaaiij,11.243000030517578,22.530717849731445
mp-aaaaardx,122.51599884033203,122.240478515625
mp-aaaaadpr,59.058998107910156,58.34269714355469
mp-aaabxfuw,70.947998046875,62.33348083496094
mp-aaaabqvq,8.70300006866455,10.20428466796875
mp-aaaaawlu,76.95800018310547,18.97354507446289
mp-aaaaaptz,27.815000534057617,22.452091217041016
mp-aaaaaffj,50.43299865722656,60.257469177246094
mp-aaaaaeqi,59.571998596191406,76.66975402832031
mp-aaaabaab,38.847999572753906,35.89287185668945
mp-aaaabtdd,29.006000518798828,27.005691528320312
mp-aaabgnbr,29.538999557495117,16.757266998291016
mp-aaaccsqe,-15.991999626159668,-1.8182830810546875
mp-aaaaadkg,34.5099983215332,68.44279479980469
mp-aaaaadjf,159.19000244140625,141.2494354248047
mp-aaabrdjw,4.968999862670898,40.957908630371094
mp-aaaabebw,14.14799976348877,-0.332672119140625
mp-aaaaaenn,90.3239974975586,93.40032958984375
mp-aaaaaccc,29.18899917602539,18.858455657958984
mp-aaacdmkb,-0.1720000058412552,3.237621307373047
mp-aaaaaors,13.84000015258789,16.58438491821289
mp-aaacdxfx,23.089000701904297,25.3259220123291
mp-aaacgijt,30.621999740600586,31.360960006713867
mp-aaabxgwf,66.69200134277344,61.11529541015625
mp-aaacfaph,-67.59200286865234,-83.54029846191406
mp-aaabxhbe,26.7549991607666,26.979827880859375
mp-aaabgndm,27.430999755859375,24.20172119140625
mp-aaabjzwz,14.281000137329102,21.490251541137695
mp-aaachdku,2.4579999446868896,11.693292617797852
mp-aaaaabbq,54.51100158691406,40.71986389160156
mp-aaaabbii,116.34500122070312,108.2506103515625
mp-aaacfjyt,162.36900329589844,163.53475952148438
mp-aaaabopi,15.949999809265137,8.626716613769531
mp-aaaaaacr,24.025999069213867,18.875925064086914
mp-aaacealj,7.738999843597412,15.854021072387695
mp-aaaaajim,47.00899887084961,66.7113037109375
mp-aaaccsps,-0.8040000200271606,-18.178646087646484
mp-aaaaaukv,83.89099884033203,68.5612564086914
mp-aaafwben,43.48699951171875,32.399349212646484
mp-aaabghek,99.89600372314453,102.63301086425781
mp-aaaaanik,65.30500030517578,43.01738739013672
mp-aaacgins,60.46500015258789,59.854278564453125
mp-aaaaadfk,19.801000595092773,18.81112289428711
mp-aaabqzvn,37.11800003051758,35.518959045410156
mp-aaaabxta,21.010000228881836,15.107486724853516
mp-aaaaadzs,36.04399871826172,24.988096237182617
mp-aaabqwqp,105.42400360107422,68.78558349609375
mp-aaabxjxw,75.80799865722656,60.29876708984375
mp-aaaaaqzo,-1.9179999828338623,23.582181930541992
mp-aaaaazhn,7.433000087738037,13.427444458007812
mp-aaacdpuq,92.85399627685547,73.42708587646484
mp-aaaaaepe,80.27999877929688,82.83931732177734
mp-aaabkdht,69.15499877929688,37.45152282714844
mp-aaaaautf,104.14199829101562,93.05491638183594
mp-aaaaaxrj,20.39699935913086,16.326997756958008
mp-aaabxhbl,29.843000411987305,23.558826446533203
mp-aaaaacnf,48.31800079345703,-18.384902954101562
mp-aaacgilz,53.32400131225586,71.92915344238281
mp-aaacgjos,11.984999656677246,19.276334762573242
mp-aaaabftv,39.30500030517578,53.580562591552734
mp-aaaaaayi,133.593994140625,24.15009880065918
mp-aaacdpbb,57.88999938964844,69.66287231445312
mp-aaabxjbe,4.795000076293945,-4.853420257568359
mp-aaaaaloo,23.2810001373291,31.51565170288086
mp-aaaaacva,47.95600128173828,41.266319274902344
mp-aaacgexo,-129.69000244140625,-19.334060668945312
mp-aaabforh,31.655000686645508,30.158123016357422
mp-aaacdjts,28.76799964904785,20.970701217651367
mp-aaabkoxy,20.202999114990234,9.795356750488281
mp-aaaabogl,10.67199993133545,9.118488311767578
mp-aaaaales,108.01799774169922,100.8876724243164
mp-aaabcspf,38.83700180053711,44.024044036865234
mp-aaacgirs,110.24400329589844,85.59883117675781
mp-aaaaaqwz,51.180999755859375,45.06241226196289
mp-aaaabjuz,6.039999961853027,16.82770538330078
mp-aaabgmrm,22.499000549316406,33.02424621582031
mp-aaaaaqzv,49.96900177001953,55.49645233154297
mp-aaaaatiy,194.11099243164062,179.54324340820312
mp-aaaabhwi,10.336999893188477,14.516944885253906
mp-aaaaafhu,104.5459976196289,114.19560241699219
mp-aaaaaasg,38.22700119018555,23.922351837158203
mp-aaabghwo,52.50600051879883,62.277198791503906
mp-aaaaaikw,80.9209976196289,81.37786865234375
mp-aaacdtpt,24.04199981689453,27.25164031982422
mp-aaaacboc,12.942999839782715,46.97758865356445
mp-aaabxbnv,42.694000244140625,28.411855697631836
mp-aaabqxmn,30.95199966430664,48.97385787963867
mp-aaaabhbm,40.32099914550781,38.96224594116211
mp-aaaaayfe,34.805999755859375,39.55624771118164
mp-aaaabhxy,7.736000061035156,7.1926727294921875
mp-aaaabhsz,70.80000305175781,63.199031829833984
mp-aaabxfoy,89.82599639892578,93.52693176269531
mp-aaacfkoj,3.4509999752044678,32.019775390625
mp-aaaabtnf,9.17300033569336,15.421964645385742
mp-aaabxfmx,49.29499816894531,43.791038513183594
mp-aaacdoen,15.822999954223633,9.6778564453125
mp-aaaaaabg,45.06999969482422,35.77004623413086
mp-aaabgnch,7.710000038146973,6.7074127197265625
mp-aaaaakjn,6.250999927520752,13.038312911987305
mp-aaabseps,108.77300262451172,102.82862091064453
mp-aaaaamzk,190.49099731445312,152.15782165527344
mp-aaaaabdr,80.0270004272461,61.93822479248047
mp-aaaaadyq,44.27799987792969,43.50638961791992
mp-aaaaaheq,31.875999450683594,39.3133659362793
mp-aaaaaaba,16.922000885009766,9.237442016601562
mp-aaacgiwz,76.03399658203125,72.30707550048828
mp-aaaaahkx,43.27399826049805,54.04813003540039
mp-aaacgily,30.386999130249023,17.29987335205078
mp-aaaabonp,12.329999923706055,22.139652252197266
mp-aaacfyef,15.883999824523926,43.30426788330078
mp-aaaabfqj,20.125,20.623960494995117
mp-aaabghwl,121.47599792480469,124.48582458496094
mp-aaaaarai,38.3849983215332,49.71188735961914
mp-aaabxctg,-25.14299964904785,24.620126724243164
mp-aaacdnpk,18.202999114990234,22.451976776123047
mp-aaacgdxr,21.125999450683594,27.96610450744629
mp-aaaaackz,183.0290069580078,164.12754821777344
mp-aaaaadyg,96.91400146484375,103.27305603027344
mp-aaaaamyq,12.600000381469727,15.338296890258789
mp-aaaaaxei,127.44999694824219,143.58656311035156
mp-aaabrbhm,81.08300018310547,90.20465087890625
mp-aaaaaaez,117.0479965209961,103.00940704345703
mp-aaaaatzh,98.79299926757812,85.86785125732422
mp-aaacfkup,-8.279999732971191,-16.283302307128906
mp-aaacevrj,68.66999816894531,71.940673828125
mp-aaaccspr,-0.996999979019165,-9.76214599609375
mp-aaaabhuz,8.22700023651123,2.1796875
mp-aaaaaqyb,64.95500183105469,83.03189086914062
mp-aaaaaatj,37.25400161743164,24.593212127685547
mp-aaaaapxv,44.393001556396484,35.04414367675781
mp-aaabxcla,62.02799987792969,46.46267318725586
mp-aaaaapxm,26.058000564575195,18.50540542602539
mp-aaaabhqh,89.08999633789062,51.664039611816406
mp-aaaaaaex,2.0989999771118164,6.631874084472656
mp-aaabxgxp,26.47599983215332,35.651485443115234
mp-aaaaaaut,22.91200065612793,32.289756774902344
mp-aaabxiyw,-28.841999053955078,-26.864795684814453
mp-aaacevxr,49.069000244140625,46.738990783691406
mp-aaaaamfn,11.71500015258789,18.649917602539062
mp-aaaaamta,21.96500015258789,28.040973663330078
mp-aaachpsj,49.91600036621094,42.617225646972656
mp-aaaaaaww,15.890000343322754,37.80903244018555
mp-aaaaacwi,84.51699829101562,85.25890350341797
mp-aaacdxfm,3.677999973297119,6.466373443603516
mp-aaaaacpg,36.99700164794922,29.763324737548828
mp-aaabghru,-43.992000579833984,-12.82620620727539
mp-aaabxhbi,58.970001220703125,44.341976165771484
mp-aaagfcen,20.64699935913086,25.460708618164062
mp-aaabxgyq,29.381000518798828,18.604167938232422
mp-aaabgire,88.90899658203125,68.32389068603516
mp-aaabqxfu,75.0770034790039,75.07328796386719
mp-aaaaaxej,68.13400268554688,37.370033264160156
mp-aaaabtms,64.29100036621094,60.413848876953125
mp-aaaaabvk,83.58100128173828,105.38671875
mp-aaabxhnf,95.01300048828125,92.25926208496094
mp-aaaaactv,83.26300048828125,86.0979995727539
mp-aaabfvqc,3.3949999809265137,13.281421661376953
mp-aaabgltr,9.194999694824219,11.867237091064453
mp-aaabrehe,42.22200012207031,46.09019470214844
mp-aaacgijz,123.89399719238281,106.08261108398438
mp-aaachpav,26.547000885009766,44.00986862182617
mp-aaaaabec,17.969999313354492,17.19049644470215
mp-aaabxiuf,13.446000099182129,18.497278213500977
mp-aaaabyqy,15.206000328063965,13.837657928466797
mp-aaabgjav,19.356000900268555,-4.005836486816406
mp-aaabxggo,43.145999908447266,37.837867736816406
mp-aaacdpwl,5.181000232696533,13.003450393676758
mp-aaaaaadq,13.413000106811523,23.388809204101562
mp-aaaacejn,11.501999855041504,16.282806396484375
mp-aaabxguo,18.790000915527344,21.10845375061035
mp-aaaaaber,48.32899856567383,48.65071487426758
mp-aaabjygw,-82.00199890136719,-46.3734245300293
mp-aaacgiwj,78.947998046875,96.47154998779297
mp-aaaaafai,83.9229965209961,88.88102722167969
mp-aaacdivz,72.16100311279297,73.54666137695312
mp-aaaaarbe,76.92500305175781,71.64783477783203
mp-aaabxcmp,11.484000205993652,7.543949127197266
mp-aaabgjws,21.32900047302246,25.109413146972656
mp-aaabxgxk,106.32599639892578,80.41340637207031
mp-aaabxgdg,68.95800018310547,62.55840301513672
mp-aaaaapor,38.04399871826172,46.555904388427734
mp-aaaaacqx,77.56800079345703,76.95724487304688
mp-aaacfwel,55.64500045776367,60.7702751159668
mp-aaabghle,39.27000045776367,33.892818450927734
mp-aaaaapno,8.244999885559082,18.789987564086914
mp-aaaabptw,72.0469970703125,73.1581802368164
mp-aaaaafrn,14.91100025177002,39.466957092285156
mp-aaaftaxl,26.204999923706055,38.93964767456055
mp-aaacdqcy,73.69599914550781,65.1069107055664
mp-aaaabjsw,86.99199676513672,63.68446350097656
mp-aaacdtul,20.6560001373291,21.653369903564453
mp-aaacdtut,19.240999221801758,15.487905502319336
mp-aaaaahco,138.5500030517578,118.60194396972656
mp-aaabwzyk,14.592000007629395,16.84272575378418
mp-aaacdkfc,17.8439998626709,14.636589050292969
mp-aaacdjwr,26.83300018310547,38.3377685546875
mp-aaacfsix,58.90800094604492,51.48442840576172
mp-aaabgmfr,37.007999420166016,33.683082580566406
mp-aaaacflz,107.44599914550781,67.97075653076172
mp-aaabxcoc,18.20800018310547,12.632009506225586
mp-aaaaamcy,57.46500015258789,53.509971618652344
mp-aaaabeva,9.402000427246094,14.450428009033203
mp-aaaaatrr,42.37900161743164,39.48075866699219
mp-aaaaaodt,17.569000244140625,27.795120239257812
mp-aaaaaikz,34.57899856567383,24.877758026123047
mp-aaaaafrl,32.952999114990234,37.93683624267578
mp-aaaaaecr,120.55500030517578,136.4334716796875
mp-aaaaaauv,85.4739990234375,44.19149398803711
mp-aaagkrml,1.1640000343322754,-0.9014778137207031
mp-aaabxfas,30.569000244140625,29.07838249206543
mp-aaaaabbs,4.150000095367432,5.687587738037109
mp-aaaaahgh,29.643999099731445,28.309490203857422
mp-aaaaadzc,134.51699829101562,104.65118408203125
mp-aaaaafje,75.9800033569336,76.23416137695312
mp-aaaabfiw,-4.258999824523926,-11.861896514892578
mp-aaaaafcx,83.93099975585938,81.9857177734375
mp-aaaaalse,19.160999298095703,14.18719482421875
mp-aaaaazan,8.633000373840332,27.847902297973633
mp-aaaaacmx,24.38800048828125,23.62444496154785
mp-aaaaasvw,51.36600112915039,53.2656135559082
mp-aaaabetd,52.14799880981445,48.426177978515625
mp-aaabxchq,129.98500061035156,71.24828338623047
mp-aaaaadtk,20.900999069213867,22.38266372680664
mp-aaabeuhr,-6.90500020980835,4.9774017333984375
mp-aaaaajhe,43.500999450683594,44.50065231323242
mp-aaacdrpc,17.947999954223633,12.375003814697266
mp-aaabxizg,21.489999771118164,18.541688919067383
mp-aaaaaayj,23.893999099731445,16.78583526611328
mp-aaaabyxu,4.150000095367432,12.407991409301758
mp-aaaaaino,49.19300079345703,34.79105758666992
mp-aaacdipq,17.395000457763672,25.75006866455078
mp-aaabrgws,45.20500183105469,48.84138488769531
mp-aaaaacnj,102.31900024414062,97.72779083251953
mp-aaaabrey,20.851999282836914,5.353233337402344
mp-aaaaapfa,96.17900085449219,103.04544067382812
mp-aaaaaxsu,38.70500183105469,32.59243392944336
mp-aaacqbhn,13.414999961853027,13.161552429199219
mp-aaaaaoap,10.156000137329102,19.82503318786621
mp-aaaaakot,56.229000091552734,61.80336380004883
mp-aaaaaano,100.52200317382812,110.19691467285156
mp-aaaaalea,14.744000434875488,33.97403335571289
mp-aaaaanlc,28.714000701904297,22.8479061126709
mp-aaaabimf,-12.590999603271484,25.283010482788086
mp-aaabfodh,32.74300003051758,32.10578155517578
mp-aaabxcdn,20.636999130249023,20.205787658691406
mp-aaabxgqq,66.64600372314453,67.77284240722656
mp-aaaabhrk,59.4640007019043,45.065521240234375
mp-aaaaayls,72.36499786376953,65.10444641113281
mp-aaacidmu,5.448999881744385,0.313018798828125
mp-aaacewgx,170.7220001220703,187.88897705078125
mp-aaaaabcc,117.61699676513672,100.67593383789062
mp-aaacdpuw,83.12999725341797,63.00251770019531
mp-aaaaaqcj,60.736000061035156,56.14408493041992
mp-aaaaaotn,54.51300048828125,45.92496109008789
mp-aaaaakgd,37.388999938964844,37.2171630859375
mp-aaaabihk,0.31299999356269836,10.372180938720703
mp-aaacdhzu,9.411999702453613,6.861057281494141
mp-aaabxffn,10.454999923706055,13.984092712402344
mp-aaabjxyg,-43.55500030517578,-31.597660064697266
mp-aaabxdrq,18.513999938964844,17.014968872070312
mp-aaaabuoj,63.71099853515625,56.46392059326172
mp-aaabgjxl,9.347000122070312,15.899986267089844
mp-aaacflvr,189.0959930419922,190.7007598876953
mp-aaaaavaj,10.210000038146973,19.586355209350586
mp-aaacdzak,99.94499969482422,102.57427978515625
mp-aaaabakm,74.34600067138672,106.64448547363281
mp-aaacewlx,31.409000396728516,-12.551532745361328
mp-aaacdvqu,47.1510009765625,37.15949630737305
mp-aaacdjpm,10.710000038146973,5.888984680175781
mp-aaacfzan,30.132999420166016,25.044572830200195
mp-aaabgkbk,23.775999069213867,70.6097640991211
mp-aaaaacop,3.9700000286102295,32.608699798583984
mp-aaaabhmq,73.1510009765625,89.55470275878906
mp-aaabsebj,14.411999702453613,33.65835189819336
mp-aaabghby,32.566001892089844,42.99028015136719
mp-aaabxfqg,131.76100158691406,110.81233215332031
mp-aaacfsjx,94.61000061035156,71.75658416748047
mp-aaaaacsa,44.28499984741211,30.535369873046875
mp-aaacdtrv,30.746999740600586,38.21685028076172
mp-aaabxfcg,-3.2730000019073486,0.09549331665039062
mp-aaaaaqrt,103.6780014038086,98.05106353759766
mp-aaaaaman,65.52899932861328,55.451942443847656
mp-aaabqydv,22.349000930786133,24.162771224975586
mp-aaaaaqtt,116.30699920654297,149.6891632080078
mp-aaacfiri,33.80099868774414,33.0770149230957
mp-aaaaacod,69.54299926757812,70.7138671875
mp-aaaaaoea,28.5939998626709,27.59697914123535
mp-aaabxhiz,27.93899917602539,40.11054611206055
mp-aaaaaipp,74.92500305175781,74.0243911743164
mp-aaaaanrs,36.106998443603516,37.31953430175781
mp-aaaaabtc,59.9379997253418,55.00127029418945
mp-aaaaatfl,65.20099639892578,85.10737609863281
mp-aaaaatqk,15.092000007629395,18.18622589111328
mp-aaacewac,27.534000396728516,31.478763580322266
mp-aaaaajyp,22.834999084472656,50.463890075683594
mp-aaaabepz,51.21099853515625,40.099578857421875
mp-aaaaaqhy,39.167999267578125,46.75988006591797
mp-aaaaacbt,5.002999782562256,8.634891510009766
mp-aaaceibf,65.76100158691406,58.82056427001953
mp-aaabxhmt,15.161999702453613,23.420490264892578
mp-aaaaacqb,29.332000732421875,39.500125885009766
mp-aaaaabxu,49.34299850463867,33.19403076171875
mp-aaaaablr,49.95500183105469,56.277244567871094
mp-aaaabigb,35.67100143432617,35.10441207885742
mp-aaabhaiu,14.968000411987305,12.056537628173828
mp-aaabxgfs,79.73699951171875,94.65397644042969
mp-aaabxdsx,25.638999938964844,23.346054077148438
mp-aaaabdwf,71.81099700927734,33.714324951171875
mp-aaaabuoh,50.27399826049805,43.82952117919922
mp-aaaabeiy,107.87300109863281,37.464019775390625
mp-aaaabubx,24.079999923706055,20.115734100341797
mp-aaaaario,188.70799255371094,192.99107360839844
mp-aaabrgzi,1.5520000457763672,3.7813949584960938
mp-aaabxcfn,34.2859992980957,34.887882232666016
mp-aaabghbn,80.6969985961914,88.03707885742188
mp-aaabxffo,21.207000732421875,18.873493194580078
mp-aaaaafib,60.97700119018555,57.3817024230957
mp-aaaaaden,22.572999954223633,38.420562744140625
mp-aaaaaifa,14.251999855041504,27.30727767944336
mp-aaageyou,18.9060001373291,22.129417419433594
mp-aaaaapgu,27.35099983215332,34.46531677246094
mp-aaacgmog,8.255999565124512,10.623554229736328
mp-aaacfywa,-19.08099937438965,-4.989414215087891
mp-aaagjtrl,-3.9760000705718994,43.53795623779297
mp-aaaabiiq,16.753000259399414,-0.9799880981445312
mp-aaaaadhe,24.28700065612793,21.139188766479492
mp-aaaaadnf,13.906999588012695,8.595542907714844
mp-aaabgjbc,13.901000022888184,11.627922058105469
mp-aaacgiwv,36.53499984741211,42.649192810058594
mp-aaaaagol,6.110000133514404,13.909032821655273
mp-aaaabiah,2.678999900817871,10.274829864501953
mp-aaaabjqf,9.791000366210938,18.422077178955078
mp-aaacdorm,57.972999572753906,32.73310089111328
mp-aaabgnja,20.0049991607666,22.29215431213379
mp-aaaaansq,15.986000061035156,21.956130981445312
mp-aaaaaytq,53.198001861572266,40.843284606933594
mp-aaaaakib,66.36799621582031,78.76896667480469
mp-aaaaabwf,21.416000366210938,31.571338653564453
mp-aaaaabza,-37.310001373291016,-35.6822624206543
mp-aaaaachn,60.38999938964844,67.19288635253906
mp-aaacdhjp,47.32899856567383,64.31254577636719
mp-aaaabpoe,4.883999824523926,8.92391586303711
mp-aaaabjno,65.61399841308594,67.44660186767578
mp-aaaaaacb,-44.23500061035156,-14.849445343017578
mp-aaaabrfj,18.78499984741211,20.867101669311523
mp-aaacdpvb,59.39799880981445,56.65825653076172
mp-aaacfrip,26.663000106811523,25.309907913208008
mp-aaaabrbr,105.49400329589844,110.74821472167969
mp-aaaaahee,28.704999923706055,28.517353057861328
mp-aaaaamjg,53.40599822998047,53.504844665527344
mp-aaaaainc,37.53499984741211,37.440860748291016
mp-aaacgpee,38.07400131225586,33.490478515625
mp-aaaaabdy,94.9729995727539,99.61506652832031
mp-aaabghqk,75.80699920654297,61.05931091308594
mp-aaaabgyt,41.03499984741211,38.996795654296875
mp-aaaabjsv,67.36599731445312,59.61763000488281
mp-aaabxhix,47.87300109863281,47.27083969116211
mp-aaacevqz,64.4990005493164,36.953731536865234
mp-aaaaamdz,19.62299919128418,20.48334503173828
mp-aaabxftr,14.871999740600586,14.23785400390625
mp-aaabgkaf,8.704999923706055,37.33484649658203
mp-aaaaboeu,112.47100067138672,136.86514282226562
mp-aaabxfgj,16.634000778198242,17.99056053161621
mp-aaaaaamc,46.180999755859375,46.29526901245117
mp-aaacfycy,21.569000244140625,16.272045135498047
mp-aaaaahhu,183.31100463867188,94.89212036132812
mp-aaaaaqxe,43.49700164794922,29.055606842041016
mp-aaaabehm,27.746000289916992,34.46727752685547
mp-aaabctwz,40.09000015258789,31.060335159301758
mp-aaaaabos,6.317999839782715,12.846231460571289
mp-aaaabhsd,36.01499938964844,35.682525634765625
mp-aaabxhhu,23.61400032043457,24.24030303955078
mp-aaaaaqyn,84.48699951171875,60.00286865234375
mp-aaabfgwd,10.072999954223633,15.171466827392578
mp-aaaaapep,14.663000106811523,93.41419982910156
mp-aaaaadwc,45.6870002746582,37.942962646484375
mp-aaabglqd,114.09600067138672,120.01701354980469
mp-aaacfkku,57.64799880981445,43.34663391113281
mp-aaabgmop,55.61600112915039,61.6943359375
mp-aaacfkbn,40.650001525878906,55.876861572265625
mp-aaabhakt,20.299999237060547,25.042484283447266
mp-aaaabrzy,98.9749984741211,97.41728210449219
mp-aaaabgua,33.54100036621094,29.21307373046875
mp-aaaaageu,48.987998962402344,54.61219787597656
mp-aaabqzfd,55.2130012512207,50.599525451660156
mp-aaaaaarh,104.85900115966797,102.3846664428711
mp-aaacgiqe,66.51899719238281,61.85877990722656
mp-aaabxcdi,28.284000396728516,14.142330169677734
mp-aaaaadzx,195.26300048828125,207.99317932128906
mp-aaacfjny,82.75700378417969,30.337764739990234
mp-aaaaaier,23.42099952697754,96.73263549804688
mp-aaabnptq,-109.3740005493164,-46.33822250366211
mp-aaabglqj,59.83700180053711,83.41563415527344
mp-aaachdqg,17.45199966430664,13.239696502685547
mp-aaabrbzg,19.302000045776367,33.250083923339844
mp-aaaaabgs,61.09199905395508,65.31685638427734
mp-aaaabeys,19.481000900268555,13.698432922363281
mp-aaaaandp,39.61800003051758,27.62696075439453
mp-aaaabhzn,3.7679998874664307,14.74370002746582
mp-aaaaalug,24.03499984741211,17.665061950683594
mp-aaafubiu,49.71500015258789,68.72457122802734
mp-aaabgisz,4.994999885559082,6.7822113037109375
mp-aaaaaatc,29.768999099731445,38.173561096191406
mp-aaaaaprt,64.38800048828125,52.78849411010742
mp-aaaaamqh,93.2490005493164,98.49067687988281
mp-aaabgirc,6.919000148773193,6.4464111328125
mp-aaaabawp,15.493000030517578,15.935297012329102
mp-aaacfkdk,59.29399871826172,60.005165100097656
mp-aaaaaanz,108.79199981689453,89.97085571289062
mp-aaaaalzm,74.36000061035156,60.78839874267578
mp-aaacgioa,29.44300079345703,32.507301330566406
mp-aaabqznf,4.546999931335449,8.358234405517578
mp-aaaaatsc,18.691999435424805,9.536827087402344
mp-aaabgmix,13.125,16.65866470336914
mp-aaacdmkd,8.732999801635742,4.816860198974609
mp-aaabglwt,20.959999084472656,18.029541015625
mp-aaacfkhc,19.77899932861328,12.600080490112305
mp-aaacdqcr,9.338000297546387,15.524127960205078
mp-aaacdvtv,7.567999839782715,18.341650009155273
mp-aaacgphl,39.11399841308594,33.061607360839844
mp-aaacdljw,-108.40899658203125,-165.34786987304688
mp-aaaaaafx,24.388999938964844,14.127851486206055
mp-aaaaaaoz,53.452999114990234,44.11771011352539
mp-aaacfwet,100.86799621582031,71.8056869506836
mp-aaabidtt,52.465999603271484,56.20710754394531
mp-aaabqzia,46.452999114990234,85.96607971191406
mp-aaacdpwj,106.4469985961914,91.84329223632812
mp-aaaacchn,12.022000312805176,48.68123245239258
mp-aaaaacho,21.80699920654297,21.17243194580078
mp-aaabxfxi,23.14299964904785,24.61861801147461
mp-aaaaadze,59.18299865722656,68.15222930908203
mp-aaaaaado,62.895999908447266,97.38487243652344
mp-aaacdrmx,34.02799987792969,34.96735382080078
mp-aaabxiye,10.784000396728516,20.06947898864746
mp-aaabxfng,-48.97100067138672,-10.971000671386719
mp-aaaabpvu,8.008000373840332,14.472169876098633
mp-aaabkrdf,68.01899719238281,70.31124877929688
mp-aaaaassv,89.11799621582031,69.76823425292969
mp-aaaaarjh,72.2699966430664,68.75588989257812
mp-aaaaatiw,47.250999450683594,54.81169509887695
mp-aaabxgbo,46.13999938964844,35.67190933227539
mp-aaaabegu,38.025001525878906,32.878971099853516
mp-aaacewcv,13.769000053405762,41.653621673583984
mp-aaaaafdn,65.97200012207031,71.3033447265625
mp-aaaaalzq,70.76599884033203,141.07041931152344
mp-aaaaaass,67.14199829101562,79.86445617675781
mp-aaaabhnc,26.429000854492188,29.780399322509766
mp-aaacflmn,48.16600036621094,58.077693939208984
mp-aaaaarhu,5.749000072479248,9.555652618408203
mp-aaaabjbl,-53.66999816894531,2.777801513671875
mp-aaaaahiw,77.0530014038086,89.68804931640625
mp-aaaaaces,136.86199951171875,150.4904022216797
mp-aaaaaili,25.749000549316406,32.37832260131836
mp-aaacdtpu,28.694000244140625,19.632116317749023
mp-aaacfydk,27.554000854492188,40.49515151977539
mp-aaaaajdr,20.882999420166016,23.248397827148438
mp-aaabxget,56.91699981689453,40.191070556640625
mp-aaaaaczj,46.37699890136719,37.786319732666016
mp-aaaaaqov,45.625,35.288124084472656
mp-aaaabpbs,27.007999420166016,35.56961441040039
mp-aaaabpik,3.700000047683716,16.706558227539062
mp-aaabxdto,16.226999282836914,9.801746368408203
mp-aaabxfml,103.31700134277344,96.77064514160156
mp-aaaaakmo,5.086999893188477,19.508441925048828
mp-aaacdhya,66.45800018310547,149.33633422851562
mp-aaacgpks,64.41100311279297,60.818450927734375
mp-aaabmgpw,-10.592000007629395,14.57158088684082
mp-aaaaabfo,13.946999549865723,7.972728729248047
mp-aaabxiwc,23.68899917602539,13.703390121459961
mp-aaaaagvc,71.83200073242188,72.12631225585938
mp-aaaaapar,1.2350000143051147,4.115406036376953
mp-aaaccsoy,76.63400268554688,79.75659942626953
mp-aaabgkae,48.82699966430664,56.034603118896484
mp-aaaaahgl,16.92799949645996,16.470075607299805
mp-aaabcsrd,91.29000091552734,110.04417419433594
mp-aaaabtrn,61.10300064086914,49.20119094848633
mp-aaaaaqcf,18.82200050354004,10.435142517089844
mp-aaaabtuo,0.7570000290870667,3.506755828857422
mp-aaaaakir,37.09299850463867,23.823102951049805
mp-aaaabhwg,-80.50499725341797,-105.95463562011719
mp-aaabfmmx,7.236999988555908,13.42750358581543
mp-aaabxisk,64.6719970703125,63.775909423828125
mp-aaaaagqd,20.18600082397461,22.00969886779785
mp-aaacesxd,17.253000259399414,15.613752365112305
mp-aaaabuns,37.57600021362305,39.193363189697266
mp-aaaaalxd,50.624000549316406,42.291568756103516
mp-aaaaaxdq,33.21799850463867,26.771533966064453
mp-aaaaaaje,42.26300048828125,19.313220977783203
mp-aaacfans,177.1490020751953,169.33543395996094
mp-aaaaagbj,141.68899536132812,130.084716796875
mp-aaabxfls,107.86499786376953,96.28170013427734
mp-aaabxbwo,49.483001708984375,47.93659973144531
mp-aaacfxfy,20.131999969482422,23.283935546875
mp-aaabxgkh,27.72100067138672,32.704193115234375
mp-aaabxgrq,9.986000061035156,14.459981918334961
mp-aaaaaguo,75.83699798583984,71.52666473388672
mp-aaackxny,6.078999996185303,3.35113525390625
mp-aaaabegr,-1.9980000257492065,-28.180553436279297
mp-aaaaaajd,18.542999267578125,25.211172103881836
mp-aaabgkec,47.9630012512207,56.85340118408203
mp-aaabxhbb,20.76799964904785,20.508668899536133
mp-aaaaavnp,35.32099914550781,41.8869514465332
mp-aaaaahjm,118.85099792480469,105.11947631835938
mp-aaabxhgi,29.29599952697754,24.241832733154297
mp-aaackivq,121.21199798583984,72.5185775756836
mp-aaaabzql,32.09700012207031,22.813438415527344
mp-aaacqpab,32.43299865722656,34.7518424987793
mp-aaaabyip,53.85499954223633,11.31085205078125
mp-aaabxhif,5.834000110626221,8.15066146850586
mp-aaaabekj,18.658000946044922,23.923599243164062
mp-aaacdpwg,11.975000381469727,14.687503814697266
mp-aaabkrkq,17.131999969482422,16.66227912902832
mp-aaacdoxc,28.816999435424805,19.543664932250977
mp-aaacdkpl,33.45500183105469,26.92350196838379
mp-aaabxboy,45.5369987487793,91.5133285522461
mp-aaabgmwg,5.833000183105469,4.173816680908203
mp-aaachdkv,12.87600040435791,16.1466064453125
mp-aaaabhjo,13.276000022888184,18.81780433654785
mp-aaabxiwh,18.812999725341797,15.554662704467773
mp-aaagkxvz,4.9039998054504395,14.232458114624023
mp-aaaabiij,17.540000915527344,11.907329559326172
mp-aaacdlnk,27.219999313354492,32.655853271484375
mp-aaaaarhx,72.51499938964844,63.22260284423828
mp-aaabkytz,19.610000610351562,18.266830444335938
mp-aaaaagmx,108.87799835205078,99.58909606933594
mp-aaaaatsb,24.788000106811523,7.748809814453125
mp-aaaaahon,47.69200134277344,53.55438232421875
mp-aaaaaiog,137.7969970703125,126.14080810546875
mp-aaabrtjs,37.79999923706055,34.07064437866211
mp-aaabgjeq,72.28199768066406,76.60001373291016
mp-aaabdblz,64.42400360107422,63.093711853027344
mp-aaaaammp,22.791000366210938,22.666126251220703
mp-aaabfstf,7.86299991607666,28.124267578125
mp-aaacflox,165.65699768066406,126.55036926269531
mp-aaabkczn,33.75199890136719,24.00394058227539
mp-aaabxcoj,18.770999908447266,7.569488525390625
mp-aaacpnuc,207.28700256347656,199.16371154785156
mp-aaaaabqh,52.237998962402344,58.115970611572266
mp-aaaaaqce,22.11199951171875,21.38783073425293
mp-aaaaardc,128.63999938964844,109.59724426269531
mp-aaaabqtl,73.01399993896484,93.28500366210938
mp-aaabizep,4.019999980926514,1.3294334411621094
mp-aaabxixv,31.66699981689453,31.785818099975586
mp-aaaaaamg,51.051998138427734,47.47328186035156
mp-aaaacavt,30.61400032043457,28.353187561035156
mp-aaaabtbn,53.577999114990234,45.27798843383789
mp-aaabxgxa,73.802001953125,59.814144134521484
mp-aaabgifm,49.66299819946289,47.229759216308594
mp-aaaaafeu,39.41400146484375,47.735958099365234
mp-aaafwilm,13.765999794006348,24.19162940979004
mp-aaaabatx,81.16500091552734,118.3682861328125
mp-aaabxfya,61.78799819946289,38.96973419189453
mp-aaaabhnq,61.558998107910156,63.24223327636719
mp-aaaaacwa,65.54199981689453,44.08948516845703
mp-aaabxfob,58.01300048828125,44.20961380004883
mp-aaaaaytr,60.198001861572266,75.74502563476562
mp-aaabxgjl,19.28700065612793,14.950225830078125
mp-aaaaacnt,129.3990020751953,100.56803131103516
mp-aaaaahqk,8.418000221252441,15.103336334228516
mp-aaaabedf,34.75400161743164,40.66412353515625
mp-aaaabtgd,14.637999534606934,31.717416763305664
mp-aaaabhhs,87.23100280761719,75.66607666015625
mp-aaaaaqwj,64.94499969482422,52.85541534423828
mp-aaaaabij,92.82599639892578,97.84522247314453
mp-aaacdiqy,27.00200080871582,18.66338348388672
mp-aaaaadad,126.03600311279297,108.46072387695312
mp-aaabxjya,50.77299880981445,37.03575134277344
mp-aaaabhsk,48.922000885009766,52.32476806640625
mp-aaaaapsh,24.53499984741211,28.703540802001953
mp-aaacfzep,11.241999626159668,43.729652404785156
mp-aaaabehw,-37.207000732421875,17.75056266784668
mp-aaaaaoet,172.7220001220703,162.82095336914062
mp-aaaaagtj,21.43199920654297,17.870664596557617
mp-aaacehuk,-2.247999906539917,8.14974594116211
mp-aaaaaowe,-1.7860000133514404,-6.326499938964844
mp-aaaabegw,9.286999702453613,24.847614288330078
mp-aaaceasu,8.383000373840332,13.968448638916016
mp-aaabxgwl,13.180000305175781,20.080093383789062
mp-aaacdxar,48.96799850463867,75.1243896484375
mp-aaaaatgi,-36.332000732421875,30.03651237487793
mp-aaacehwc,8.61299991607666,21.454946517944336
mp-aaabhcsf,8.12600040435791,15.572795867919922
mp-aaaaakzr,28.81399917602539,30.982885360717773
mp-aaaaammc,8.675999641418457,13.58797836303711
mp-aaabxjas,119.80899810791016,103.1685791015625
mp-aaaaamdb,7.681000232696533,7.697971343994141
mp-aaabfkjx,29.288999557495117,23.2985897064209
mp-aaaaagvy,33.18299865722656,35.57020568847656
mp-aaaabtca,25.145999908447266,28.89032745361328
mp-aaabxhbf,10.220000267028809,24.12952995300293
mp-aaacfaoz,43.13399887084961,47.89634323120117
mp-aaacgixl,117.28399658203125,124.81427001953125
mp-aaaabexz,30.542999267578125,23.331981658935547
mp-aaacevyk,108.36900329589844,101.93934631347656
mp-aaaaboxa,6.876999855041504,-0.8429336547851562
mp-aaaaacah,109.75399780273438,106.43901062011719
mp-aaaaaaxj,-8.472999572753906,6.45867919921875
mp-aaaaaodg,15.661999702453613,26.925674438476562
mp-aaaaaarg,47.95100021362305,53.2758903503418
mp-aaabjybk,1.128000020980835,22.97646141052246
mp-aaackryp,35.41699981689453,33.70794677734375
mp-aaaaacdi,149.2100067138672,129.80581665039062
mp-aaaabdyh,33.946998596191406,36.387451171875
mp-aaafdxgq,4.879000186920166,-0.9878768920898438
mp-aaabxhgn,87.34200286865234,81.15762329101562
mp-aaacdthj,36.68299865722656,26.45638084411621
mp-aaaaaorx,76.78399658203125,71.66905975341797
mp-aaabdaos,30.062999725341797,32.81721496582031
mp-aaaaabkn,108.10600280761719,96.04727172851562
mp-aaaaathz,17.972999572753906,16.392648696899414
mp-aaabxjbl,157.98899841308594,159.53759765625
mp-aaaaamwn,71.21700286865234,80.15267944335938
mp-aaaaasql,132.6840057373047,95.30343627929688
mp-aaaabimr,13.340999603271484,16.495065689086914
mp-aaaaabfa,18.17099952697754,25.036827087402344
mp-aaabxakv,17.976999282836914,18.259124755859375
mp-aaaabllt,33.6349983215332,42.05405807495117
mp-aaaabhmr,100.08599853515625,88.90638732910156
mp-aaaabigy,21.246000289916992,6.569202423095703
mp-aaaabtqi,13.402000427246094,32.70948028564453
mp-aaaaagef,129.72999572753906,116.99061584472656
mp-aaaabpje,4.885000228881836,3.5273666381835938
mp-aaabxfom,130.61300659179688,116.58480834960938
mp-aaacgbxv,76.2959976196289,84.86701965332031
mp-aaacesyd,-44.775001525878906,5.715282440185547
mp-aaaabijx,29.040000915527344,24.921791076660156
mp-aaafdwji,0.7990000247955322,72.51406860351562
mp-aaaabhgt,15.869000434875488,10.25094985961914
mp-aaaaabau,69.89399719238281,46.95781707763672
mp-aaacfloi,-68.91100311279297,-70.92555236816406
mp-aaaaamyg,61.207000732421875,79.65719604492188
mp-aaabghtx,5.511000156402588,0.5671958923339844
mp-aaaabekr,62.676998138427734,59.394073486328125
mp-aaabfcwk,-5.158999919891357,23.378957748413086
mp-aaaaalux,9.335000038146973,17.26756477355957
mp-aaacfyzp,49.709999084472656,104.50691223144531
mp-aaaaallb,90.83399963378906,37.055267333984375
mp-aaabfwzv,42.48400115966797,54.916481018066406
mp-aaacdpvi,0.9710000157356262,7.518383026123047
mp-aaaabrzp,35.79600143432617,35.01653289794922
mp-aaaaajrr,2.1070001125335693,13.608388900756836
mp-aaaaaqoo,50.0,64.36856079101562
mp-aaaaaqem,58.21200180053711,43.61368942260742
mp-aaaabigf,31.020000457763672,34.346038818359375
mp-aaaaaehy,19.309999465942383,36.396602630615234
mp-aaaabuef,37.707000732421875,38.93397521972656
mp-aaacjabt,24.114999771118164,40.192264556884766
mp-aaabxhhe,85.75199890136719,61.36865997314453
mp-aaaaarcn,75.27300262451172,51.57292938232422
mp-aaaaafni,28.950000762939453,48.24321746826172
mp-aaaaakxk,35.06800079345703,28.752735137939453
mp-aaacdxyr,35.16400146484375,22.240798950195312
mp-aaacdkow,79.05599975585938,33.45977020263672
mp-aaaacdvp,26.417999267578125,25.024429321289062
mp-aaabxbab,36.374000549316406,39.643795013427734
mp-aaaaahhg,64.8550033569336,57.249549865722656
mp-aaacpwli,64.802001953125,70.00244903564453
mp-aaabxgyd,2.197000026702881,23.93248748779297
mp-aaaabtiu,26.697999954223633,16.531177520751953
mp-aaacdjti,33.86600112915039,28.576465606689453
mp-aaacfkmi,-7.308000087738037,9.19131088256836
mp-aaabgimz,39.12099838256836,37.007755279541016
mp-aaaaadlx,71.05400085449219,79.57979583740234
mp-aaabxgws,47.29999923706055,43.8308219909668
mp-aaaaacaz,32.470001220703125,25.29213523864746
mp-aaacdksz,32.426998138427734,48.174564361572266
mp-aaaaacqr,31.033000946044922,21.4152774810791
mp-aaaaacld,48.05799865722656,45.687530517578125
mp-aaaabeju,12.13599967956543,23.42433738708496
mp-aaaaaaii,79.70600128173828,75.39311218261719
mp-aaabqzis,52.19300079345703,46.49516296386719
mp-aaaabtbx,12.029999732971191,7.678474426269531
mp-aaaaavbe,1.0729999542236328,21.867847442626953
mp-aaacfkdh,83.38600158691406,80.36528015136719
mp-aaaaaepp,40.78300094604492,27.267250061035156
mp-aaacdtow,37.09000015258789,62.10432052612305
mp-aaaaapvx,-79.0459976196289,-27.874210357666016
mp-aaachcym,14.201000213623047,14.956127166748047
mp-aaacgiur,48.2859992980957,36.57999038696289
mp-aaaaayoz,71.74600219726562,75.50054168701172
mp-aaacdzmq,35.198001861572266,27.894683837890625
mp-aaaabtcv,57.641998291015625,43.33866882324219
mp-aaaabphs,16.440000534057617,17.06735610961914
mp-aaaaadfg,45.38100051879883,47.84557342529297
mp-aaabxhil,20.709999084472656,18.570934295654297
mp-aaacfxfg,-14.87399959564209,-5.597988128662109
mp-aaabxflo,16.490999221801758,20.228174209594727
mp-aaabkrby,66.73500061035156,36.56934356689453
mp-aaacdrdx,13.932000160217285,16.32483673095703
mp-aaaaabkj,93.37999725341797,94.24356079101562
mp-aaacdyjo,-74.31600189208984,-60.608150482177734
mp-aaaaaaph,24.319000244140625,5.725776672363281
mp-aaaabtgg,17.253000259399414,25.284624099731445
mp-aaabqydi,43.61000061035156,36.51283645629883
mp-aaacflue,63.4739990234375,24.067150115966797
mp-aaabxcrl,2.494999885559082,-1.1300544738769531
mp-aaaaachp,71.12100219726562,68.63275146484375
mp-aaaabffb,28.716999053955078,33.19676208496094
mp-aaacdqwr,15.916999816894531,11.62030029296875
mp-aaacfxzv,33.930999755859375,19.027414321899414
mp-aaacebzd,38.236000061035156,36.069766998291016
mp-aaaaafyp,102.36499786376953,82.77754974365234
mp-aaaabrqm,-0.8100000023841858,8.641471862792969
mp-aaaaaaei,27.121999740600586,14.622358322143555
mp-aaaabkgm,0.24699999392032623,1.2985763549804688
mp-aaaaafod,128.0290069580078,126.09573364257812
mp-aaaabrlz,4.75600004196167,9.206249237060547
mp-aaacdnhi,23.68199920654297,24.860599517822266
mp-aaaaaxix,74.31500244140625,83.10212707519531
mp-aaabxgwe,26.865999221801758,11.885198593139648
mp-aaaceswo,19.118000030517578,21.951412200927734
mp-aaaaadxr,57.90999984741211,55.127323150634766
mp-aaaaaazl,122.30599975585938,118.35551452636719
mp-aaaabtar,24.277000427246094,24.682666778564453
mp-aaaabfhc,8.211000442504883,13.617198944091797
mp-aaabgkps,29.440000534057617,29.934349060058594
mp-aaaaabma,122.36399841308594,130.0808868408203
mp-aaaaagkh,57.138999938964844,47.676780700683594
mp-aaabqzsk,20.11199951171875,36.656742095947266
mp-aaabxgmq,-1.2690000534057617,-1.5374298095703125
mp-aaaaaqsa,41.85300064086914,33.142059326171875
mp-aaabjyfw,27.989999771118164,9.123886108398438
mp-aaacdswo,16.26799964904785,13.446449279785156
mp-aaaabhiv,9.17199993133545,9.19430160522461
mp-aaaaacji,44.0620002746582,55.043643951416016
mp-aaabgnla,65.8759994506836,63.45614242553711
mp-aaaabton,43.69499969482422,69.53121948242188
mp-aaacflou,-13.619999885559082,47.679473876953125
mp-aaabrsux,70.11299896240234,55.86784362792969
mp-aaabxiyh,23.31100082397461,19.559152603149414
mp-aaaabeww,107.73699951171875,96.27482604980469
mp-aaaaabcb,154.8730010986328,149.134033203125
mp-aaabjoui,113.21299743652344,94.14102172851562
mp-aaacdhpy,-31.8700008392334,-16.13341522216797
mp-aaacfjqr,102.20999908447266,127.79534912109375
mp-aaaaaafk,8.836000442504883,12.292882919311523
mp-aaacdxyv,3.2090001106262207,6.0939788818359375
mp-aaabqvbb,52.11600112915039,62.653526306152344
mp-aaaabozp,23.381999969482422,31.482418060302734
mp-aaaaapge,112.91400146484375,88.74113464355469
mp-aaacdpny,176.78900146484375,86.90052795410156
mp-aaaaaupk,20.035999298095703,22.42742919921875
mp-aaabxjxj,87.69400024414062,73.23237609863281
mp-aaacdjbs,36.20500183105469,45.29603576660156
mp-aaabqzoy,5.392000198364258,8.877967834472656
mp-aaaaadle,61.972999572753906,116.50407409667969
mp-aaaabsru,5.747000217437744,7.794551849365234
mp-aaaabtyp,19.7450008392334,32.236995697021484
mp-aaabgjkn,75.30599975585938,62.91002655029297
mp-aaaaalga,-14.623000144958496,22.6884765625
mp-aaaaagxs,22.16200065612793,15.518320083618164
mp-aaaaamjc,5.2769999504089355,18.029958724975586
mp-aaabftjq,70.61900329589844,43.002193450927734
mp-aaaaacoo,18.207000732421875,23.47480583190918
mp-aaaabdwj,62.89400100708008,56.19268035888672
mp-aaacdrdz,183.072998046875,158.34149169921875
mp-aaaaaqcs,49.46099853515625,67.20460510253906
mp-aaaaaxkl,64.7969970703125,77.54478454589844
mp-aaabqxwv,156.8990020751953,117.91059875488281
mp-aaaaalrv,36.03099822998047,32.90518569946289
mp-aaacdhto,20.139999389648438,19.736202239990234
mp-aaacgorq,81.86100006103516,87.55378723144531
mp-aaaaajuu,80.13600158691406,65.09625244140625
mp-aaacdjmq,39.196998596191406,39.382568359375
mp-aaacdhqz,-127.80799865722656,-75.48519897460938
mp-aaaaamnc,23.76799964904785,13.681642532348633
mp-aaaaaktv,33.92900085449219,39.58839416503906
mp-aaaaaboi,40.279998779296875,47.00300598144531
mp-aaacgizh,27.257999420166016,16.73136329650879
mp-aaabxbdp,26.760000228881836,23.396808624267578
mp-aaabxcak,173.5240020751953,150.14776611328125
mp-aaabgngk,3.4159998893737793,19.043882369995117
mp-aaaabdfc,11.72599983215332,8.736122131347656
mp-aaabxbsa,7.692999839782715,32.24951934814453
mp-aaaaaetn,55.720001220703125,40.1666145324707
mp-aaaaabqm,21.385000228881836,20.73432731628418
mp-aaacezro,67.1500015258789,55.484642028808594
mp-aaabdata,49.32500076293945,65.54285430908203
mp-aaacdsqz,121.47200012207031,115.53446960449219
mp-aaaabihh,2.5190000534057617,6.436710357666016
mp-aaabgjaz,132.33799743652344,120.00798034667969
mp-aaacduag,53.361000061035156,37.60370635986328
mp-aaacsczr,101.3219985961914,87.86308288574219
mp-aaabgjel,53.077999114990234,36.86861801147461
mp-aaacjbcb,15.772000312805176,35.351531982421875
mp-aaaaabnt,9.53499984741211,49.14375305175781
mp-aaaaaoem,12.675000190734863,11.787233352661133
mp-aaaaabev,122.06800079345703,119.58699035644531
mp-aaabxixf,32.54600143432617,33.18649673461914
mp-aaaaafos,24.992000579833984,41.66538619995117
mp-aaacfkro,64.93000030517578,13.180089950561523
mp-aaaabslx,11.60200023651123,3.398731231689453
mp-aaaaaokh,5.168000221252441,9.346260070800781
mp-aaabgmne,1.4780000448226929,-2.2465744018554688
mp-aaabxdaf,19.566999435424805,20.030807495117188
mp-aaaabjta,70.16999816894531,42.47231674194336
mp-aaaaaave,58.77199935913086,61.51887512207031
mp-aaacfyye,31.233999252319336,23.331897735595703
mp-aaaabpac,8.36299991607666,5.961887359619141
mp-aaaaaylg,55.209999084472656,57.894630432128906
mp-aaaabqce,3.7290000915527344,1.2616043090820312
mp-aaacdswk,16.292999267578125,14.594169616699219
mp-aaacewny,27.77400016784668,20.445859909057617
mp-aaacesxp,28.905000686645508,22.329076766967773
mp-aaaabemh,17.013999938964844,15.053565979003906
mp-aaabfmkp,34.566001892089844,28.47017478942871
mp-aaaaakzq,28.964000701904297,35.76877975463867
mp-aaabxghi,13.564000129699707,13.703681945800781
mp-aaaaatzt,37.74800109863281,41.3606071472168
mp-aaaaacff,70.6520004272461,64.8873062133789
mp-aaabxcbu,117.73999786376953,105.29621887207031
mp-aaacgjdb,14.932999610900879,23.68206787109375
mp-aaaabiwg,10.494000434875488,18.796228408813477
mp-aaacdmdn,1.149999976158142,-0.15465545654296875
mp-aaaabenj,50.44900131225586,37.97325897216797
mp-aaacesxt,22.051000595092773,31.332422256469727
mp-aaaabfsx,99.0479965209961,98.37393188476562
mp-aaaaahyz,86.06099700927734,74.4248046875
mp-aaaabirf,3.140000104904175,0.7620048522949219
mp-aaabmche,35.93899917602539,41.44731903076172
mp-aaacgiob,74.2249984741211,87.02857971191406
mp-aaacdrep,32.73500061035156,26.872005462646484
mp-aaaabgwx,81.49299621582031,79.13306427001953
mp-aaacevxk,54.7140007019043,62.26728820800781
mp-aaabxcgn,14.401000022888184,8.667144775390625
mp-aaaaboke,6.093999862670898,14.37051773071289
mp-aaacdiwu,41.540000915527344,39.8469352722168
mp-aaaaadzt,44.18899917602539,42.68962860107422
mp-aaacebnn,10.842000007629395,14.19256591796875
mp-aaabfnrd,36.10499954223633,43.56282424926758
mp-aaaaanll,25.39900016784668,16.428966522216797
mp-aaaaazwj,76.43900299072266,91.1093521118164
mp-aaaaafdj,103.0999984741211,109.47183227539062
mp-aaaaahrc,73.06600189208984,75.44514465332031
mp-aaabfcpx,36.57899856567383,29.030502319335938
mp-aaabxfyn,90.48300170898438,78.94920349121094
mp-aaaaahdf,83.78900146484375,84.1410140991211
mp-aaaaaavq,55.90399932861328,40.54393768310547
mp-aaaaaigc,30.350000381469727,29.286148071289062
mp-aaaaahvh,25.04800033569336,22.66806411743164
mp-aaaabips,8.357999801635742,3.7430152893066406
mp-aaabxhcz,92.447998046875,72.47323608398438
mp-aaabxcmy,6.170000076293945,10.107921600341797
mp-aaabraqd,13.543000221252441,21.92750358581543
mp-aaacewcu,46.823001861572266,54.104427337646484
mp-aaacegyd,20.016000747680664,52.94609451293945
mp-aaaaaqdk,74.58100128173828,65.72483825683594
mp-aaaaaaij,21.31399917602539,15.698884963989258
mp-aaaaaerr,89.09100341796875,90.16606140136719
mp-aaabfher,34.20500183105469,30.704193115234375
mp-aaaabdwu,20.448999404907227,14.836524963378906
mp-aaacfyxf,91.322998046875,24.34497833251953
mp-aaaaaoey,35.33399963378906,28.381650924682617
mp-aaaaafdo,20.583999633789062,20.863502502441406
mp-aaabftck,77.71499633789062,86.02503967285156
mp-aaaaavpb,37.354000091552734,33.875694274902344
mp-aaaaahqw,62.85900115966797,63.9597282409668
mp-aaacdrno,20.540000915527344,21.854156494140625
mp-aaaabhng,36.7140007019043,84.40745544433594
mp-aaacgiuw,84.06999969482422,87.97789001464844
mp-aaacdprv,99.3759994506836,92.76953125
mp-aaaaasoa,13.319000244140625,11.987491607666016
mp-aaabiniy,18.16699981689453,17.790340423583984
mp-aaabgmfk,91.36599731445312,90.70010375976562
mp-aaaabhdi,107.1050033569336,21.896940231323242
mp-aaaaajwu,68.552001953125,55.64923095703125
mp-aaaabibm,7.955999851226807,8.953723907470703
mp-aaacgpha,42.24599838256836,61.996238708496094
mp-aaaaacub,35.48699951171875,41.41411209106445
mp-aaaaacde,16.101999282836914,23.955921173095703
mp-aaaabdju,-56.007999420166016,14.160423278808594
mp-aaabsens,89.5260009765625,87.87811279296875
mp-aaaaaqpo,45.94599914550781,25.62626075744629
mp-aaaaafir,66.95999908447266,52.7491340637207
mp-aaacdrne,25.229999542236328,29.773651123046875
mp-aaaabhea,34.428001403808594,27.582733154296875
mp-aaackumd,0.7929999828338623,63.33509826660156
mp-aaaabgkc,46.5620002746582,39.640380859375
mp-aaaaakji,63.70100021362305,68.322998046875
mp-aaacfkxr,-7.388999938964844,-1.9299201965332031
mp-aaaciycv,62.880001068115234,66.23778533935547
mp-aaabxfrf,14.70199966430664,12.073465347290039
mp-aaacfwfc,50.694000244140625,47.38478469848633
mp-aaaabhcp,20.6560001373291,12.593177795410156
mp-aaaaaxjl,23.33300018310547,24.5223445892334
mp-aaaaadpf,-46.9109992980957,-39.32917404174805
mp-aaabgmji,1.4210000038146973,-1.5260887145996094
mp-aaabkfwk,-59.573001861572266,14.923076629638672
mp-aaaabsck,4.014999866485596,0.5728607177734375
mp-aaaaajou,61.928001403808594,44.1422119140625
mp-aaaaaimt,79.86100006103516,58.93040084838867
mp-aaacdrea,25.886999130249023,14.44542121887207
mp-aaabqydb,49.90599822998047,67.08346557617188
mp-aaacdxod,3.2860000133514404,-3.0789527893066406
mp-aaabrndo,93.61900329589844,85.54731750488281
mp-aaaabhvk,26.027999877929688,33.84466552734375
mp-aaacdzah,13.482000350952148,22.293941497802734
mp-aaaabsmb,8.104000091552734,20.28911590576172
mp-aaabmlvk,19.187000274658203,18.571937561035156
mp-aaaaanhy,9.050000190734863,13.015674591064453
mp-aaaaacsr,31.115999221801758,27.256118774414062
mp-aaacdimu,35.034000396728516,22.839183807373047
mp-aaaaakxd,52.12799835205078,55.15768814086914
mp-aaabfrzu,34.44499969482422,31.625019073486328
mp-aaaabdlg,19.979000091552734,17.901451110839844
mp-aaaabdvb,38.375999450683594,36.642818450927734
mp-aaabxgjt,110.68399810791016,105.35612487792969
mp-aaaaatjt,21.58300018310547,16.636863708496094
mp-aaaaadqp,23.996000289916992,6.147312164306641
mp-aaageynw,17.305999755859375,19.347047805786133
mp-aaabgljk,144.08200073242188,168.0306854248047
mp-aaacfyzg,54.44499969482422,62.15915298461914
mp-aaaabtmm,184.9510040283203,184.9003143310547
mp-aaaabigo,2.8949999809265137,8.022579193115234
mp-aaaaabiq,26.75,29.115888595581055
mp-aaaaatxf,40.6349983215332,39.22932434082031
mp-aaaaapfx,19.11400032043457,-17.800403594970703
mp-aaabxgzk,9.883999824523926,21.023820877075195
mp-aaaabgup,52.15800094604492,46.20511245727539
mp-aaaaaajp,70.13099670410156,77.15320587158203
mp-aaabyhvh,10.234000205993652,18.264314651489258
mp-aaaaarcu,47.637001037597656,49.173519134521484
mp-aaaaakyv,110.87899780273438,88.04800415039062
mp-aaaaaraz,135.77499389648438,106.34402465820312
mp-aaabxjxs,30.878999710083008,17.087329864501953
mp-aaabxfho,21.308000564575195,11.893941879272461
mp-aaaaafbk,28.155000686645508,37.388572692871094
mp-aaabkkxb,12.416000366210938,17.638633728027344
mp-aaacfaal,-100.125,-59.94027328491211
mp-aaacdhze,98.18399810791016,68.51586151123047
mp-aaaaabwv,39.284000396728516,28.89786148071289
mp-aaaaahwf,10.288000106811523,6.767078399658203
mp-aaabqxhy,47.946998596191406,46.57455825805664
mp-aaaaadqw,43.715999603271484,18.826021194458008
mp-aaabkqgt,8.567999839782715,6.01837158203125
mp-aaacgown,35.797000885009766,35.72980499267578
mp-aaabxgzb,65.71299743652344,50.743873596191406
mp-aaaabpwo,7.9629998207092285,2.787200927734375
mp-aaaabxpm,32.520999908447266,31.342994689941406
mp-aaaaalfu,58.22100067138672,78.31224060058594
mp-aaabsdov,103.55500030517578,112.24015808105469
mp-aaacfydg,39.27899932861328,29.425443649291992
mp-aaabkhed,182.76300048828125,174.619140625
mp-aaabqxkj,39.58599853515625,46.95689392089844
mp-aaabxbqx,41.4630012512207,32.47505187988281
mp-aaaaabht,27.493999481201172,23.18141746520996
mp-aaabqxow,31.825000762939453,35.340694427490234
mp-aaaaaafn,31.31999969482422,28.764095306396484
mp-aaaabhzu,9.003999710083008,12.130729675292969
mp-aaabxcgp,19.996999740600586,5.142387390136719
mp-aaaaaxqx,80.97899627685547,83.60920715332031
mp-aaabqxwk,56.61199951171875,67.60874938964844
mp-aaaaabqt,101.50299835205078,92.08810424804688
mp-aaaaccgc,45.47999954223633,54.21070098876953
mp-aaaaatwp,30.5939998626709,34.961212158203125
mp-aaaabtpy,13.411999702453613,25.829465866088867
mp-aaabxixn,45.33000183105469,44.71415710449219
mp-aaabqwja,77.52999877929688,47.685115814208984
mp-aaaabuny,28.091999053955078,45.98838806152344
mp-aaacdnuu,22.70199966430664,20.34014129638672
mp-aaabxgrg,80.09200286865234,66.49069213867188
mp-aaacdmws,9.211999893188477,10.289470672607422
mp-aaaaaacd,5.892000198364258,14.85296630859375
mp-aaaaaawz,38.64099884033203,36.88482666015625
mp-aaaaaadm,76.97200012207031,88.1834487915039
mp-aaaacckp,53.891998291015625,48.147003173828125
mp-aaabxfco,94.94999694824219,96.62525939941406
mp-aaaaaoqi,55.30400085449219,54.42634201049805
mp-aaacewoe,13.54699993133545,17.91044807434082
mp-aaabgljl,23.959999084472656,14.492420196533203
mp-aaacdthg,29.031999588012695,27.51150131225586
mp-aaaaazip,120.91200256347656,113.35629272460938
mp-aaaaarnl,26.524999618530273,23.907123565673828
mp-aaacdmzv,33.33700180053711,17.782180786132812
mp-aaabxgpj,3.056999921798706,34.02045440673828
mp-aaacfxff,76.45099639892578,75.49822235107422
mp-aaachcwi,27.354999542236328,19.787378311157227
mp-aaaaagpz,116.50900268554688,115.67939758300781
mp-aaaaabjm,87.07099914550781,90.4364013671875
mp-aaacdiod,15.050999641418457,21.769289016723633
mp-aaaaafxv,15.532999992370605,43.062110900878906
mp-aaaaafsx,94.05000305175781,104.56758117675781
mp-aaaccsqk,34.29399871826172,35.457557678222656
mp-aaacdpas,46.29899978637695,66.99453735351562
mp-aaacfkmu,-23.202999114990234,-4.159275054931641
mp-aaabgjct,30.45599937438965,27.930095672607422
mp-aaaaamcn,12.598999977111816,12.879901885986328
mp-aaacdrnf,35.849998474121094,27.429641723632812
mp-aaabfpgo,13.866999626159668,15.221664428710938
mp-aaabqzht,27.87299919128418,17.433778762817383
mp-aaaaaidm,34.5260009765625,33.931312561035156
mp-aaaaaiow,76.89299774169922,65.60686492919922
mp-aaaaafcq,43.56700134277344,40.417659759521484
mp-aaabxfqf,109.35099792480469,102.21383666992188
mp-aaaaapjy,79.36000061035156,76.6877670288086
mp-aaaaadxe,11.911999702453613,24.835693359375
mp-aaaaasmz,39.84299850463867,44.95533752441406
mp-aaabglha,26.280000686645508,15.483943939208984
mp-aaabkorc,44.97700119018555,26.309974670410156
mp-aaacdmvj,70.6240005493164,31.429248809814453
mp-aaabmkyl,2.746000051498413,26.905948638916016
mp-aaabgiwq,8.572999954223633,1.2096099853515625
mp-aaacfydo,46.47200012207031,28.322166442871094
mp-aaacdokk,63.284000396728516,28.374408721923828
mp-aaaaacsf,34.066001892089844,25.820636749267578
mp-aaacdsvt,161.71600341796875,164.44798278808594
mp-aaaaapci,114.74700164794922,94.66127014160156
mp-aaabgiyf,44.99700164794922,61.4249267578125
mp-aaaaamgr,42.095001220703125,60.848060607910156
mp-aaaabfls,53.26599884033203,41.551883697509766
mp-aaaaagxh,62.97100067138672,71.1281967163086
mp-aaaaahpp,67.66899871826172,49.44495391845703
mp-aaabiyhx,7.427999973297119,2.0134925842285156
mp-aaaaagpw,26.26300048828125,32.448760986328125
mp-aaaaafxo,47.45000076293945,34.70697784423828
mp-aaacfroz,8.854999542236328,10.861991882324219
mp-aaabxfpz,118.31400299072266,29.901683807373047
mp-aaaaacic,106.86699676513672,96.08411407470703
mp-aaaaasxd,19.81599998474121,35.079952239990234
mp-aaacfkgf,-7.8470001220703125,-46.91221237182617
mp-aaacdmqo,4.504000186920166,5.00531005859375
mp-aaabjhpi,50.60100173950195,52.92587661743164
mp-aaaabthx,22.79800033569336,22.105363845825195
mp-aaabfuvg,2.5959999561309814,9.368579864501953
mp-aaaaaiga,43.12300109863281,38.72509002685547
mp-aaaaafub,38.65700149536133,43.276344299316406
mp-aaacdjgz,35.82600021362305,24.503599166870117
mp-aaacdihf,93.58999633789062,83.83422088623047
mp-aaaaaquj,80.90299987792969,68.1201171875
mp-aaaaakat,40.374000549316406,46.193416595458984
mp-aaabjycq,-57.667999267578125,-19.84622573852539
mp-aaaaaqzc,23.98200035095215,19.4948673248291
mp-aaaabhvj,11.411999702453613,4.971019744873047
mp-aaacdvqt,5.4039998054504395,6.7898712158203125
mp-aaaabuiy,-2.5360000133514404,15.098386764526367
mp-aaabgmit,29.927000045776367,27.320327758789062
mp-aaaaaabm,19.89900016784668,9.698448181152344
mp-aaabxcga,15.758000373840332,26.115510940551758
mp-aaabxgbp,66.03700256347656,61.948307037353516
mp-aaacdaeq,32.374000549316406,31.8984375
mp-aaaaaqyy,14.935999870300293,9.617137908935547
mp-aaabjzjr,64.76100158691406,42.863468170166016
mp-aaabxbce,28.358999252319336,34.365684509277344
mp-aaaaanou,43.617000579833984,41.47734069824219
mp-aaabraex,67.5260009765625,73.31854248046875
mp-aaaaactd,101.55999755859375,106.43692016601562
mp-aaaabrhj,16.451000213623047,26.785930633544922
mp-aaaaaalw,48.125,61.69110870361328
mp-aaacgjch,51.944000244140625,32.86333084106445
mp-aaaaauwu,20.590999603271484,18.21695327758789
mp-aaaabpei,4.098999977111816,9.359657287597656
mp-aaaaaack,11.449999809265137,35.20903778076172
mp-aaabxiwd,21.909000396728516,19.816076278686523
mp-aaaabgze,19.145000457763672,30.961292266845703
mp-aaabxhgf,16.87700080871582,24.22095489501953
mp-aaaaaiqr,14.043999671936035,18.204261779785156
mp-aaabxcil,19.95199966430664,9.224430084228516
mp-aaabxfub,80.76599884033203,57.154048919677734
mp-aaaaaqnb,39.928001403808594,31.51988983154297
mp-aaaaaxjv,18.9060001373291,17.007692337036133
mp-aaaaapkr,16.16699981689453,33.77490234375
mp-aaaabhfg,104.16799926757812,94.54281616210938
mp-aaagkwgv,2.622999906539917,14.995075225830078
mp-aaabxfto,17.26799964904785,9.828468322753906
mp-aaabewqa,20.975000381469727,20.635467529296875
mp-aaacfzvb,27.357999801635742,27.796489715576172
mp-aaaaadaa,103.427001953125,77.63191223144531
mp-aaaaabrf,15.798999786376953,19.286619186401367
mp-aaaaaodz,24.8439998626709,24.00190544128418
mp-aaabghnl,103.45099639892578,89.96754455566406
mp-aaaflpdr,86.94599914550781,84.11309051513672
mp-aaaabdri,52.78099822998047,42.748836517333984
mp-aaaaakwu,48.48500061035156,52.472869873046875
mp-aaaaajas,66.27100372314453,56.637550354003906
mp-aaacgoup,88.23300170898438,49.12192153930664
mp-aaaaaxjn,24.176000595092773,28.661602020263672
mp-aaabseql,127.51499938964844,113.39224243164062
mp-aaacfyco,28.524999618530273,29.671804428100586
mp-aaaabewi,120.10199737548828,67.32486724853516
mp-aaaabqhs,25.03499984741211,27.328960418701172
mp-aaabxchb,26.176000595092773,18.74485206604004
mp-aaabxgxb,17.538999557495117,17.748842239379883
mp-aaaabhwl,21.4060001373291,27.65601348876953
mp-aaabgjyr,2.171999931335449,0.85614013671875
mp-aaaaaqdo,52.21799850463867,70.52609252929688
mp-aaabfhfc,8.810999870300293,7.9239654541015625
mp-aaabfzng,12.413999557495117,14.149154663085938
mp-aaabghse,60.034000396728516,71.083740234375
mp-aaaacace,58.16400146484375,44.804718017578125
mp-aaaaaeeq,52.5880012512207,49.62615966796875
mp-aaaabjjm,10.562999725341797,12.319740295410156
mp-aaacgjcg,111.36100006103516,100.15409088134766
mp-aaabxgto,-22.799999237060547,-8.145442962646484
mp-aaabghut,86.95099639892578,74.63313293457031
mp-aaaaajbr,31.7810001373291,43.881980895996094
mp-aaabxiwu,21.902999877929688,26.467689514160156
mp-aaabxghw,112.26599884033203,98.40921783447266
mp-aaaccsqi,72.16799926757812,64.25108337402344
mp-aaabgkso,49.65599822998047,59.85777282714844
mp-aaaabiwe,41.05099868774414,32.24213409423828
mp-aaacdneq,21.625999450683594,38.96701431274414
mp-aaacestx,-0.23000000417232513,4.052135467529297
mp-aaaaakus,37.22100067138672,49.33369827270508
mp-aaacdkek,12.972999572753906,5.759082794189453
mp-aaaabesj,63.400001525878906,74.08106994628906
mp-aaaabjuw,42.17499923706055,25.434688568115234
mp-aaabgkzg,53.4010009765625,43.08111572265625
mp-aaaaabep,36.26100158691406,43.27401351928711
mp-aaaaalpu,30.524999618530273,32.36308670043945
mp-aaaabplw,50.099998474121094,45.80051803588867
mp-aaacebty,17.54599952697754,10.114097595214844
mp-aaaabfmf,12.678000450134277,7.678680419921875
mp-aaacdmcw,1.3639999628067017,1.9528350830078125
mp-aaabxiyd,24.9060001373291,15.231538772583008
mp-aaaabrvk,10.996000289916992,21.48882293701172
mp-aaabxcnn,11.196000099182129,12.610572814941406
mp-aaaabdlf,38.65999984741211,42.64004898071289
mp-aaaabett,12.987000465393066,23.122133255004883
mp-aaaaarur,47.499000549316406,36.0269775390625
mp-aaaaarmc,37.26900100708008,33.79224395751953
mp-aaaabeey,13.508000373840332,10.091911315917969
mp-aaaabtnv,26.454999923706055,22.914791107177734
mp-aaaaciiz,208.4550018310547,149.66055297851562
mp-aaaceaup,24.297000885009766,21.568387985229492
mp-aaaaaead,13.116999626159668,39.6862678527832
mp-aaaaaaip,27.680999755859375,30.192062377929688
mp-aaaaalge,110.04000091552734,113.18458557128906
mp-aaaaaxjo,24.070999145507812,27.009754180908203
mp-aaaaaiwt,58.29499816894531,59.322261810302734
mp-aaabgnku,81.927001953125,106.80665588378906
mp-aaabqwzi,16.14699935913086,22.503629684448242
mp-aaacdpvd,26.25200080871582,22.97779655456543
mp-aaaaaczg,111.73699951171875,115.0838623046875
mp-aaabrees,39.308998107910156,92.63401794433594
mp-aaaaavan,46.99599838256836,36.22700119018555
mp-aaabgkbc,48.39500045776367,32.77789306640625
mp-aaaaancg,90.19000244140625,64.5889892578125
mp-aaaaahca,68.4739990234375,68.8077392578125
mp-aaacfkyo,-65.26100158691406,-34.72774887084961
mp-aaaacbdd,-4.260000228881836,1.0829620361328125
mp-aaabxapx,61.979000091552734,55.3140754699707
mp-aaacdyug,6.554999828338623,17.550386428833008
mp-aaabmyvv,70.6989974975586,67.36588287353516
mp-aaaaacjq,4.006999969482422,24.593652725219727
mp-aaabxjbm,16.677000045776367,25.357728958129883
mp-aaaaadbo,28.711000442504883,52.19654083251953
mp-aaaaabhz,126.81700134277344,106.53338623046875
mp-aaacfgjy,22.291000366210938,23.053848266601562
mp-aaaaacwz,54.38399887084961,39.86460494995117
mp-aaabmjhe,0.027000000700354576,-5.084747314453125
mp-aaabfrbi,23.33799934387207,17.095056533813477
mp-aaaabrzs,56.7599983215332,49.3476676940918
mp-aaaaaqsd,17.551000595092773,15.844768524169922
mp-aaabgmir,39.308998107910156,36.08380126953125
mp-aaacdswh,30.36400032043457,27.947982788085938
mp-aaaaamay,63.691001892089844,58.01498794555664
mp-aaabxbzn,45.33000183105469,32.528663635253906
mp-aaaaaace,4.7820000648498535,6.434070587158203
mp-aaaccsri,-2.2739999294281006,-22.806713104248047
mp-aaacfopj,5.710000038146973,3.8301658630371094
mp-aaaaacxv,32.37200164794922,29.802143096923828
mp-aaaaboxb,1.1349999904632568,-14.015007019042969
mp-aaacgivi,66.43399810791016,55.05192947387695
mp-aaaaaswx,88.46900177001953,74.2272720336914
mp-aaaaaral,-31.46299934387207,-4.141857147216797
mp-aaabjyeo,-12.96399974822998,9.702213287353516
mp-aaaaarxl,83.79900360107422,90.56409454345703
mp-aaaaaieh,45.30099868774414,39.96727752685547
mp-aaabxfwk,96.08300018310547,80.05075073242188
mp-aaaaaxfj,20.54800033569336,14.318634033203125
mp-aaaaaspd,96.9260025024414,79.55003356933594
mp-aaaabsch,9.255000114440918,9.930648803710938
mp-aaaaacqh,20.976999282836914,25.394575119018555
mp-aaaaalnn,58.70100021362305,64.07428741455078
mp-aaaabtqq,86.38800048828125,84.4649658203125
mp-aaacezqj,115.6709976196289,102.09163665771484
mp-aaaaagew,26.27199935913086,29.202281951904297
mp-aaachhpv,0.5759999752044678,10.088600158691406
mp-aaaaakhi,16.979999542236328,21.921188354492188
mp-aaaaacnp,75.47799682617188,66.8833999633789
mp-aaabxghj,78.96199798583984,89.20701599121094
mp-aaaaaoww,118.11900329589844,114.87506103515625
mp-aaabxdss,28.2450008392334,27.34950828552246
mp-aaabxckn,20.391000747680664,26.745492935180664
mp-aaaaaaps,42.78200149536133,23.056020736694336
mp-aaacewmp,25.836000442504883,22.86408233642578
mp-aaaaacdj,80.89800262451172,82.59104919433594
mp-aaaaborz,2.88700008392334,4.414756774902344
mp-aaaabtqd,21.27199935913086,19.678112030029297
mp-aaaaaleh,12.255999565124512,22.801284790039062
mp-aaabijkc,63.03900146484375,70.78897857666016
mp-aaaabelp,12.364999771118164,10.686115264892578
mp-aaaabdrj,31.36199951171875,26.09841537475586
mp-aaaabhvt,30.315000534057617,27.141845703125
mp-aaaaagvz,105.64900207519531,94.5567626953125
mp-aaabfmay,34.70399856567383,27.59894561767578
mp-aaacewgd,68.75900268554688,68.53611755371094
mp-aaacfluz,37.435001373291016,27.164480209350586
mp-aaaabfqe,-0.08799999952316284,50.456520080566406
mp-aaaacfqw,14.942999839782715,10.016685485839844
mp-aaaabtcl,14.605999946594238,15.103548049926758
mp-aaacewmu,31.32900047302246,23.293825149536133
mp-aaacfydc,33.22999954223633,24.46131706237793
mp-aaabxflc,9.329000473022461,20.748476028442383
mp-aaaaaacv,-30.266000747680664,-21.105350494384766
mp-aaabfvna,42.58700180053711,50.614532470703125
mp-aaaaacvf,29.625,32.96181106567383
mp-aaaaahlh,114.23100280761719,91.13208770751953
mp-aaacfnpv,-17.860000610351562,4.958885192871094
mp-aaachovw,26.798999786376953,20.515871047973633
mp-aaaaaaea,20.273000717163086,27.61199188232422
mp-aaaaafnp,8.470000267028809,10.957630157470703
mp-aaaaamzy,68.33399963378906,57.071983337402344
mp-aaaaaedm,87.87799835205078,86.93417358398438
mp-aaacfadi,-122.04299926757812,-156.087890625
mp-aaabjyog,-14.031000137329102,10.493507385253906
mp-aaaabdox,24.856000900268555,22.342426300048828
mp-aaaaarey,16.840999603271484,28.950401306152344
mp-aaaaandi,73.01599884033203,56.8705940246582
mp-aaaaadmo,68.83300018310547,46.772010803222656
mp-aaacevub,68.73200225830078,63.42106628417969
mp-aaaaahbk,58.47100067138672,59.44116973876953
mp-aaacdmby,51.104000091552734,69.55462646484375
mp-aaaaafhh,52.21099853515625,51.023094177246094
mp-aaaaanww,101.0479965209961,68.60802459716797
mp-aaaaablx,28.832000732421875,30.136180877685547
mp-aaaaadts,125.02400207519531,110.85211181640625
mp-aaaaaatk,27.233999252319336,27.346538543701172
mp-aaaaasvc,36.32500076293945,30.18696403503418
mp-aaaaaraw,110.12799835205078,96.67521667480469
mp-aaaaakwh,30.968000411987305,34.907630920410156
mp-aaabxjvq,43.82099914550781,40.67975616455078
mp-aaacdrpg,94.13400268554688,90.76502990722656
mp-aaabijza,1.5959999561309814,3.2532806396484375
mp-aaaabqur,5.307000160217285,13.288751602172852
mp-aaabxjvi,6.664999961853027,16.696552276611328
mp-aaaaaaih,34.09400177001953,31.267620086669922
mp-aaaaabap,14.723999977111816,16.406936645507812
mp-aaabxazh,17.07200050354004,20.37792205810547
mp-aaacdoke,12.498000144958496,20.582326889038086
mp-aaaaaqee,97.65599822998047,103.90382385253906
mp-aaabqzwz,12.682999610900879,20.860754013061523
mp-aaabgjhh,35.1150016784668,66.65780639648438
mp-aaaaaiki,29.22800064086914,18.8317928314209
mp-aaacfsiv,50.566001892089844,39.08311462402344
mp-aaabghgz,60.5620002746582,62.59194564819336
mp-aaabqxqj,83.39199829101562,67.86678314208984
mp-aaaaatvi,60.87200164794922,64.65193176269531
mp-aaaddtgg,58.89699935913086,32.026790618896484
mp-aaaabirg,18.46500015258789,12.735069274902344
mp-aaaabgyk,96.06800079345703,94.53260040283203
mp-aaacfixp,72.29299926757812,73.72834014892578
mp-aaaaacmn,148.9149932861328,135.1419219970703
mp-aaaaaayb,52.22600173950195,37.22909164428711
mp-aaaaabvs,42.6619987487793,29.296531677246094
mp-aaaaahjw,5.635000228881836,6.264625549316406
mp-aaacdjnj,-5.414999961853027,1.9133491516113281
mp-aaaaasru,39.53799819946289,32.68645095825195
mp-aaaaacwu,115.87899780273438,135.14129638671875
mp-aaabctly,29.558000564575195,42.10702133178711
mp-aaaaarmp,19.583999633789062,15.552251815795898
mp-aaaaalbk,12.605999946594238,22.819438934326172
mp-aaabxcbc,179.06500244140625,161.35658264160156
mp-aaabghdc,17.201000213623047,7.586048126220703
mp-aaaabtgt,63.30400085449219,75.95803833007812
mp-aaaciycx,72.0479965209961,69.07324981689453
mp-aaaabshy,8.720000267028809,0.8541679382324219
mp-aaaaadfj,18.225000381469727,21.312204360961914
mp-aaaaanpw,11.654000282287598,11.328075408935547
mp-aaabjyds,-86.79399871826172,56.6219482421875
mp-aaaemsyl,21.764999389648438,21.90929412841797
mp-aaaaaoax,1.4839999675750732,52.19397735595703
mp-aaaaafws,12.001999855041504,18.060373306274414
mp-aaabjoqp,27.238000869750977,75.21231079101562
mp-aaaaapvn,85.57599639892578,107.93177795410156
mp-aaacebnm,17.740999221801758,26.818262100219727
mp-aaaacaga,14.777999877929688,9.838329315185547
mp-aaaaayej,15.715999603271484,9.16817855834961
mp-aaaaaexx,-30.92300033569336,36.21574401855469
mp-aaaaaosw,65.14099884033203,61.88713455200195
mp-aaabgkgs,26.551000595092773,42.208106994628906
mp-aaaaajnu,44.62799835205078,51.461402893066406
mp-aaaaaosv,83.60299682617188,59.29205322265625
mp-aaaceswk,34.63199996948242,29.461715698242188
mp-aaaaalti,46.404998779296875,30.522933959960938
mp-aaaaabrs,13.902000427246094,7.9630279541015625
mp-aaaaaoht,7.368000030517578,9.038394927978516
mp-aaaaagqu,111.46800231933594,108.18887329101562
mp-aaabqyku,68.84600067138672,61.22318649291992
mp-aaacehwq,35.46200180053711,33.741573333740234
mp-aaaabdnu,28.19700050354004,51.77446746826172
mp-aaaaaddr,59.04800033569336,62.23804473876953
mp-aaabnhxa,27.030000686645508,30.81519317626953
mp-aaadcvwk,6.697000026702881,2.1959228515625
mp-aaaaaciv,8.604999542236328,24.041988372802734
mp-aaaaatua,29.597999572753906,25.823261260986328
mp-aaabxhet,16.985000610351562,23.876245498657227
mp-aaaaacbh,24.160999298095703,28.889461517333984
mp-aaaaashj,18.77899932861328,16.054044723510742
mp-aaabqwjg,3.25600004196167,7.519741058349609
mp-aaaaauqi,99.98100280761719,88.12306213378906
mp-aaabxfny,124.18099975585938,122.0201416015625
mp-aaaaccwp,14.651000022888184,13.404306411743164
mp-aaabfbrz,0.009999999776482582,38.76207733154297
mp-aaaaaeim,71.95800018310547,74.41729736328125
mp-aaabrhuo,124.73100280761719,126.947021484375
mp-aaacgito,71.22799682617188,53.14592361450195
mp-aaabxjub,80.64700317382812,60.864723205566406
mp-aaaaaafm,30.010000228881836,28.596538543701172
mp-aaabfojt,37.44300079345703,43.26012420654297
mp-aaaabfsb,51.159000396728516,30.199743270874023
mp-aaaaabmd,165.98800659179688,168.33445739746094
mp-aaabxfok,33.933998107910156,25.920040130615234
mp-aaacgitc,9.017999649047852,33.57267761230469
mp-aaabfrpe,12.982000350952148,16.38308334350586
mp-aaaabwzg,44.220001220703125,37.09578323364258
mp-aaacdtsw,33.63199996948242,32.45481491088867
mp-aaaaatju,-74.572998046875,-69.33383178710938
mp-aaacdlzx,0.4320000112056732,10.6422119140625
mp-aaacdmfq,1.5390000343322754,-3.545543670654297
mp-aaabfnsw,1.184000015258789,12.591434478759766
mp-aaabxajx,22.524999618530273,15.439739227294922
mp-aaacfkxx,0.29100000858306885,23.15802764892578
mp-aaaaalru,3.569999933242798,6.690891265869141
mp-aaacezyi,52.095001220703125,40.92586135864258
mp-aaaaarkx,69.5739974975586,55.235382080078125
mp-aaaaabcn,93.322998046875,111.57119750976562
mp-aaacfxht,-118.0989990234375,-40.03585433959961
mp-aaacdrmz,36.77299880981445,67.78419494628906
mp-aaaceasf,49.11399841308594,47.03891372680664
mp-aaabxgkw,123.55999755859375,120.47525024414062
mp-aaaaaqup,38.82500076293945,42.428157806396484
mp-aaabxgyu,5.3429999351501465,17.670408248901367
mp-aaaabhpa,56.12799835205078,57.64337158203125
mp-aaaaalwo,-67.08699798583984,-28.109264373779297
mp-aaaaandz,34.02799987792969,35.99699020385742
mp-aaaabfuh,19.312000274658203,16.716981887817383
mp-aaaabdxb,25.42099952697754,67.62726593017578
mp-aaaaapix,79.1520004272461,99.79161071777344
mp-aaaaabdj,114.33999633789062,78.61126708984375
mp-aaabxjvd,18.270000457763672,46.93810272216797
mp-aaabxdts,1.687000036239624,-3.3349990844726562
mp-aaacevwx,43.59400177001953,73.99853515625
mp-aaacechq,59.777000427246094,57.87939453125
mp-aaaaamaz,70.28600311279297,67.81427764892578
mp-aaaaanvq,44.37900161743164,45.531612396240234
mp-aaaaaits,50.641998291015625,39.60784912109375
mp-aaaaadvw,85.39900207519531,111.23550415039062
mp-aaaaaiwg,49.77299880981445,62.56024932861328
mp-aaaaafld,20.55299949645996,36.16553497314453
mp-aaaabfpr,54.465999603271484,54.21502685546875
mp-aaaaacti,35.41699981689453,0.8987922668457031
mp-aaaaacyi,16.913999557495117,14.204103469848633
mp-aaabxhba,28.969999313354492,23.528785705566406
mp-aaaceiqe,6.627999782562256,5.993900299072266
mp-aaabxbpg,104.43499755859375,105.70439147949219
mp-aaabeele,107.7760009765625,106.11128234863281
mp-aaaaacgn,52.55099868774414,64.99665832519531
mp-aaabfrkb,6.8480000495910645,9.29931640625
mp-aaaaabcp,9.538999557495117,15.233373641967773
mp-aaaabkpa,17.854999542236328,47.154685974121094
mp-aaaaaovq,33.1619987487793,27.833696365356445
mp-aaaaapjh,8.652999877929688,15.294246673583984
mp-aaacgiru,29.917999267578125,39.181060791015625
mp-aaaaahqs,26.83799934387207,31.0506591796875
mp-aaacfywl,85.63999938964844,69.52733612060547
mp-aaaabfef,82.44400024414062,90.43695831298828
mp-aaaabrvh,14.482999801635742,15.428277969360352
mp-aaaaaraq,96.6729965209961,99.72190856933594
mp-aaaaakhm,29.29400062561035,25.7276611328125
mp-aaaaapcm,26.089000701904297,23.764869689941406
mp-aaabxfpv,21.434999465942383,71.7353744506836
mp-aaacgdcp,133.3260040283203,120.15690612792969
mp-aaabxdsf,26.99799919128418,20.893022537231445
mp-aaabxjvh,21.37299919128418,21.338035583496094
mp-aaabmlfg,16.042999267578125,9.021717071533203
mp-aaacditt,22.235000610351562,21.920896530151367
mp-aaaabjwf,65.10600280761719,19.545459747314453
mp-aaabxhdd,64.20500183105469,70.89929962158203
mp-aaaaafvy,47.67499923706055,35.20753479003906
mp-aaabxcmr,-29.424999237060547,-6.4353790283203125
mp-aaabxhen,26.256999969482422,19.83856201171875
mp-aaaaaodw,36.09000015258789,24.548715591430664
mp-aaacezyf,-4.916999816894531,28.698646545410156
mp-aaabglxz,97.02200317382812,104.90522003173828
mp-aaabjxyc,-11.236000061035156,17.49116325378418
mp-aaaaaodh,37.766998291015625,53.95404052734375
mp-aaaaaezs,13.378000259399414,11.43773078918457
mp-aaacdxqw,61.85300064086914,56.18251037597656
mp-aaaaaafb,33.10499954223633,26.028493881225586
mp-aaabxhbz,10.569000244140625,11.975650787353516
mp-aaacdtql,10.130000114440918,0.765594482421875
mp-aaaaapaj,13.854000091552734,18.925077438354492
mp-aaaaagzo,78.43699645996094,83.38807678222656
mp-aaaaaivn,74.37000274658203,75.66044616699219
mp-aaafqzqh,22.27400016784668,82.83773040771484
mp-aaaaaaku,41.220001220703125,42.78377914428711
mp-aaabxbuz,143.47300720214844,120.68145751953125
mp-aaabgnac,5.1479997634887695,2.5785140991210938
mp-aaaaaowc,16.408000946044922,18.07258415222168
mp-aaaaabnr,24.156999588012695,26.669933319091797
mp-aaaaaggr,42.854000091552734,33.70915985107422
mp-aaacdjcl,76.85700225830078,92.99337768554688
mp-aaaaakmi,46.935001373291016,26.59937286376953
mp-aaacdwtc,103.5270004272461,75.14622497558594
mp-aaacewlz,23.15999984741211,67.26432800292969
mp-aaacdref,12.543000221252441,11.71749496459961
mp-aaaaafrm,91.41899871826172,87.08505249023438
mp-aaaccspu,47.76100158691406,47.72735595703125
mp-aaabjyfe,-92.47699737548828,-87.67570495605469
mp-aaaaarcx,49.66699981689453,47.77558898925781
mp-aaabxclr,9.199000358581543,11.593713760375977
mp-aaaabjcb,32.47999954223633,33.329933166503906
mp-aaacfrix,39.084999084472656,36.29861068725586
mp-aaaaancd,23.297000885009766,32.6438102722168
mp-aaaaamox,70.23400115966797,74.72758483886719
mp-aaaaamia,43.349998474121094,42.911590576171875
mp-aaaabdxm,52.87200164794922,35.22684860229492
mp-aaabnrgo,40.91400146484375,37.970890045166016
mp-aaaabirt,94.64900207519531,63.35276794433594
mp-aaabxdsy,22.323999404907227,20.43459701538086
mp-aaacdncb,-14.437999725341797,31.179813385009766
mp-aaacfwfj,12.192000389099121,23.769420623779297
mp-aaabxixe,25.822999954223633,21.802030563354492
mp-aaacfkki,25.033000946044922,16.066022872924805
mp-aaaaamei,22.760000228881836,26.663372039794922
mp-aaacdtrb,23.270999908447266,25.48555564880371
mp-aaaaacxz,137.49000549316406,132.46224975585938
mp-aaaaaqql,16.141000747680664,11.554222106933594
mp-aaabgmfp,28.849000930786133,23.845346450805664
mp-aaabxiuh,21.856000900268555,23.238759994506836
mp-aaacdrmf,116.38899993896484,119.82440185546875
mp-aaacewer,13.991000175476074,39.17932891845703
mp-aaaaabhj,29.490999221801758,22.97157859802246
mp-aaaaakzk,14.645000457763672,17.373371124267578
mp-aaaaapvo,55.797000885009766,79.77668762207031
mp-aaaaahfz,41.63100051879883,49.236122131347656
mp-aaaaaeab,108.17400360107422,108.27473449707031
mp-aaaabeae,-59.62300109863281,-1.0296745300292969
mp-aaacgipo,57.26900100708008,51.585540771484375
mp-aaaaahxx,125.89600372314453,123.66020202636719
mp-aaaabohf,19.457000732421875,25.635988235473633
mp-aaabqvrt,70.67500305175781,60.35302734375
mp-aaabxiyc,50.8849983215332,35.63829040527344
mp-aaabghkr,11.255999565124512,27.715740203857422
mp-aaaaafvz,37.97200012207031,30.862552642822266
mp-aaabqxbp,95.03199768066406,72.11251831054688
mp-aaabxhfa,97.48600006103516,85.5788345336914
mp-aaacgoqf,43.20399856567383,30.204715728759766
mp-aaacgoow,79.60600280761719,66.00442504882812
mp-aaaaapvj,33.54999923706055,32.11967849731445
mp-aaaaajsk,24.898000717163086,28.14704132080078
mp-aaacdprl,87.19100189208984,109.65516662597656
mp-aaaaaybk,27.19499969482422,38.9439697265625
mp-aaaceauj,17.524999618530273,20.20369529724121
mp-aaabrrkf,12.92300033569336,14.636444091796875
mp-aaaaagui,11.807999610900879,9.93710708618164
mp-aaabxflz,2.428999900817871,-0.5698585510253906
mp-aaaaabcd,17.514999389648438,15.296293258666992
mp-aaaaaihe,72.46299743652344,74.34254455566406
mp-aaaabrvb,13.621000289916992,14.408599853515625
mp-aaacdngw,17.239999771118164,23.724563598632812
mp-aaafvagi,44.72600173950195,56.39868927001953
mp-aaacdvqv,2.4709999561309814,25.156532287597656
mp-aaaaaute,5.999000072479248,5.6057586669921875
mp-aaabxaqw,34.24700164794922,29.154102325439453
mp-aaaabefm,9.708999633789062,35.88763427734375
mp-aaacduae,23.118000030517578,53.00526428222656
mp-aaaabfje,42.404998779296875,32.4193000793457
mp-aaabxako,18.26799964904785,23.6518497467041
mp-aaabjyev,-17.503000259399414,-34.65531539916992
mp-aaacrkfs,8.996999740600586,9.478046417236328
mp-aaaaaftm,93.41699981689453,93.520751953125
mp-aaabraew,44.31800079345703,33.21348571777344
mp-aaaabhhv,47.2760009765625,34.80269241333008
mp-aaabxbbo,24.541000366210938,26.82114028930664
mp-aaacdxgb,44.698001861572266,32.033592224121094
mp-aaacecij,67.86399841308594,60.64775085449219
mp-aaacdpwq,93.61599731445312,84.61058044433594
mp-aaaaamuh,198.80499267578125,174.85720825195312
mp-aaaaaodx,26.420000076293945,22.01214599609375
mp-aaaaafjx,56.88399887084961,55.587554931640625
mp-aaaabecs,63.790000915527344,48.037139892578125
mp-aaaaauwh,25.207000732421875,23.82460594177246
mp-aaabxcee,59.172000885009766,51.46211242675781
mp-aaaaapkw,23.06100082397461,22.57271957397461
mp-aaaabhvy,10.069999694824219,20.10574722290039
mp-aaaabaku,65.27100372314453,74.19618225097656
mp-aaaaaabc,33.95000076293945,22.479938507080078
mp-aaabxgrv,48.354000091552734,46.263916015625
mp-aaabgjyl,38.5890007019043,26.742671966552734
mp-aaaaabhr,124.88899993896484,139.2203369140625
mp-aaaabhgn,110.0199966430664,112.23553466796875
mp-aaaaahze,88.31800079345703,89.70841979980469
mp-aaaaacrf,123.87000274658203,125.77140808105469
mp-aaaabhfc,84.50800323486328,74.76713562011719
mp-aaabxffi,5.7220001220703125,10.817562103271484
mp-aaacdhjx,47.231998443603516,60.58143615722656
mp-aaaaajap,59.88199996948242,59.62130355834961
mp-aaabxhmq,130.88499450683594,125.57371520996094
mp-aaacfxah,8.550999641418457,17.397838592529297
mp-aaabkkpy,55.67900085449219,63.92096710205078
mp-aaaaaawu,108.63099670410156,78.52555084228516
mp-aaaaauoq,26.33099937438965,24.321086883544922
mp-aaabxgbt,56.41899871826172,59.35612487792969
mp-aaabxazg,27.024999618530273,26.765003204345703
mp-aaaabeyy,77.96399688720703,64.6143798828125
mp-aaaaamni,23.704999923706055,27.980915069580078
mp-aaabctpg,21.851999282836914,29.116336822509766
mp-aaaciqqt,47.73099899291992,55.80827331542969
mp-aaacdjss,6.111999988555908,10.506633758544922
mp-aaabxjcm,19.28700065612793,12.362922668457031
mp-aaacfajr,5.5329999923706055,4.981296539306641
mp-aaaaailm,11.32800006866455,10.929830551147461
mp-aaabjybh,20.711000442504883,90.43386840820312
mp-aaaaadjy,26.985000610351562,18.033424377441406
mp-aaabxaqf,18.83099937438965,15.442800521850586
mp-aaachwgl,25.405000686645508,33.30572509765625
mp-aaaaafen,19.14699935913086,23.59580421447754
mp-aaacehpv,17.54800033569336,26.801441192626953
mp-aaabxjbp,21.635000228881836,19.577669143676758
mp-aaaaaqbc,53.590999603271484,41.08381652832031
mp-aaabfxii,41.1879997253418,40.61532211303711
mp-aaaaahxq,74.80799865722656,73.28170776367188
mp-aaaabdzp,21.756999969482422,10.240440368652344
mp-aaacdxys,81.99600219726562,84.12373352050781
mp-aaaaaetd,26.290000915527344,28.67106819152832
mp-aaacdxpt,4.611999988555908,13.170661926269531
mp-aaaaahml,13.833999633789062,14.406700134277344
mp-aaabxjsw,8.444999694824219,9.19034194946289
mp-aaaaarif,81.47699737548828,72.17002868652344
mp-aaabglmr,15.119000434875488,5.277553558349609
mp-aaabxghz,18.666000366210938,39.38945007324219
mp-aaaaalfc,31.268999099731445,26.450464248657227
mp-aaaaaytn,-106.74099731445312,-20.453895568847656
mp-aaacdqcs,30.298999786376953,25.900156021118164
mp-aaacdvok,20.40999984741211,42.02456283569336
mp-aaaabtoe,102.76699829101562,66.09366607666016
mp-aaacewok,137.9709930419922,142.7628631591797
mp-aaaaahtn,48.5989990234375,54.8425407409668
mp-aaabrert,179.968994140625,163.33934020996094
mp-aaaaaxfi,37.959999084472656,30.207115173339844
mp-aaacdjtj,111.43399810791016,89.58673095703125
mp-aaaaabju,68.26799774169922,59.02690887451172
mp-aaaaaqry,168.38999938964844,183.12057495117188
mp-aaaaacpo,135.51699829101562,109.04875183105469
mp-aaaaamld,36.04100036621094,24.51605987548828
mp-aaabxjbr,149.9709930419922,145.55804443359375
mp-aaaabauj,5.593999862670898,11.420364379882812
mp-aaaabuoa,59.15800094604492,64.51997375488281
mp-aaaaahkf,77.92900085449219,63.93193054199219
mp-aaabxhdw,18.975000381469727,30.334428787231445
mp-aaaaacik,32.770999908447266,33.80220031738281
mp-aaabxfiz,29.06100082397461,19.281015396118164
mp-aaacfiqh,17.829999923706055,14.366661071777344
mp-aaabxihg,-39.07899856567383,3.3619766235351562
mp-aaacpnub,196.07200622558594,185.25189208984375
mp-aaacebtn,33.395999908447266,28.62960433959961
mp-aaabfltq,35.678001403808594,33.60761642456055
mp-aaabxgzv,17.572999954223633,16.403045654296875
mp-aaaaaovu,77.29900360107422,102.10362243652344
mp-aaaabtpi,37.3129997253418,54.68151092529297
mp-aaaabesg,27.19099998474121,33.98031234741211
mp-aaaaatxo,33.527000427246094,32.145294189453125
mp-aaacdjvp,25.839000701904297,31.28499984741211
mp-aaaaapwe,80.24700164794922,86.45268249511719
mp-aaaaarye,175.63900756835938,147.32815551757812
mp-aaaabexx,38.65700149536133,42.073612213134766
mp-aaaaadwl,22.18400001525879,29.01544952392578
mp-aaacgiuo,63.61399841308594,35.21664810180664
mp-aaacgilo,27.214000701904297,32.16879653930664
mp-aaacdmhq,0.5120000243186951,3.125102996826172
mp-aaabghvc,37.89899826049805,45.19075393676758
mp-aaacdlhr,6.574999809265137,9.444046020507812
mp-aaaaaqif,61.012001037597656,59.55093002319336
mp-aaacfjvz,188.23199462890625,206.01449584960938
mp-aaaabsfw,37.797000885009766,50.013160705566406
mp-aaabryed,48.069000244140625,38.034786224365234
mp-aaaabeum,95.09700012207031,93.35577392578125
mp-aaabxfvf,85.61100006103516,68.08480072021484
mp-aaaabezh,168.0030059814453,182.2133331298828
mp-aaaaasaj,39.66899871826172,45.934078216552734
mp-aaacfjyv,18.038000106811523,14.045686721801758
mp-aaacgjci,57.494998931884766,44.822837829589844
mp-aaaciegr,-32.59299850463867,-7.747627258300781
mp-aaaaaqio,46.349998474121094,51.11067199707031
mp-aaacgiwu,57.85200119018555,78.26294708251953
mp-aaaaapxa,50.26300048828125,52.19649124145508
mp-aaaaahka,136.75999450683594,132.00408935546875
mp-aaacdnrx,21.051000595092773,16.09013557434082
mp-aaaaabdo,59.643001556396484,53.869834899902344
mp-aaaaapso,44.4900016784668,38.24114990234375
mp-aaaaadmf,63.49800109863281,49.015220642089844
mp-aaacdhti,27.152000427246094,30.23129653930664
mp-aaaabigr,11.54800033569336,-4.045391082763672
mp-aaacdpof,9.211999893188477,8.466381072998047
mp-aaaabsxs,18.54800033569336,15.394964218139648
mp-aaaaaare,85.41999816894531,81.61936950683594
mp-aaaaacjj,49.941001892089844,53.0889892578125
mp-aaaaaihp,51.334999084472656,50.55513000488281
mp-aaacdhtf,30.67300033569336,44.49455261230469
mp-aaaaadri,142.39999389648438,147.78643798828125
mp-aaaegtjv,10.715999603271484,6.1725616455078125
mp-aaaabgqn,9.6850004196167,20.767332077026367
mp-aaabggxd,33.5099983215332,23.30525016784668
mp-aaaaafdl,60.62300109863281,64.42545318603516
mp-aaacgpky,41.117000579833984,46.75237274169922
mp-aaabglix,0.460999995470047,3.5322418212890625
mp-aaaaaqzy,27.733999252319336,20.169418334960938
mp-aaaabegv,38.448001861572266,40.56119155883789
mp-aaaaabld,144.66900634765625,142.8029327392578
mp-aaacgopf,113.86299896240234,85.19058227539062
mp-aaabxfct,29.069000244140625,37.481239318847656
mp-aaaaaeqw,8.029000282287598,40.14725875854492
mp-aaaccsqd,-36.665000915527344,-23.76449966430664
mp-aaacdpwy,34.9379997253418,33.98885726928711
mp-aaacfxfe,171.34100341796875,152.58798217773438
mp-aaacdtpr,62.862998962402344,53.130523681640625
mp-aaaaavyh,63.72600173950195,60.288597106933594
mp-aaabfsji,15.675999641418457,15.300622940063477
mp-aaabfnlc,25.908000946044922,23.299312591552734
mp-aaaaabsz,35.89400100708008,37.167198181152344
mp-aaaabsxn,13.763999938964844,11.963602066040039
mp-aaabiqfz,4.0289998054504395,11.268087387084961
mp-aaaaakux,29.141000747680664,26.183473587036133
mp-aaabxbzf,33.33000183105469,15.140535354614258
mp-aaaabigu,15.045999526977539,3.608142852783203
mp-aaabxjqy,80.23899841308594,90.43981170654297
mp-aaaabigt,14.82699966430664,12.706470489501953
mp-aaacfxyq,19.075000762939453,22.221099853515625
mp-aaabgiis,36.83399963378906,15.933753967285156
mp-aaaabtqg,80.86100006103516,62.26854705810547
mp-aaacdlly,-92.5459976196289,-90.90444946289062
mp-aaacdmcv,21.649999618530273,13.255348205566406
mp-aaaaaosd,22.851999282836914,36.55274200439453
mp-aaabjcbv,86.31800079345703,87.16522216796875
mp-aaaabigd,26.242000579833984,29.901695251464844
mp-aaacfzen,130.57200622558594,162.93215942382812
mp-aaacdhrj,-24.47800064086914,14.684560775756836
mp-aaabgnkf,50.944000244140625,59.735069274902344
mp-aaaaavhu,53.909000396728516,51.01749801635742
mp-aaabxgrr,15.428999900817871,14.391914367675781
mp-aaaaaxnk,28.611000061035156,31.097366333007812
mp-aaaaahjy,39.345001220703125,21.409910202026367
mp-aaaaaowi,124.76899719238281,111.02711486816406
mp-aaaaakhk,30.80699920654297,23.661115646362305
mp-aaaabpcr,5.0970001220703125,7.157562255859375
mp-aaacgoqv,21.645999908447266,42.60603332519531
mp-aaaabtqe,41.93000030517578,50.45686340332031
mp-aaacdreg,13.677000045776367,13.355165481567383
mp-aaabxfuy,42.33300018310547,39.13359069824219
mp-aaacdtqk,16.493999481201172,16.17861557006836
mp-aaaaaxsq,34.02799987792969,20.427762985229492
mp-aaaaarvx,76.05999755859375,114.38619995117188
mp-aaabghzd,10.704000473022461,15.745737075805664
mp-aaacrxpd,64.0250015258789,162.61575317382812
mp-aaabxaqd,18.121000289916992,15.995307922363281
mp-aaaaakag,65.00700378417969,58.368186950683594
mp-aaaabhgy,109.03700256347656,105.27752685546875
mp-aaabxcpy,21.121999740600586,17.608203887939453
mp-aaabxfqm,77.81500244140625,25.434673309326172
mp-aaabxbrt,62.4630012512207,54.503662109375
mp-aaacfapa,48.72999954223633,46.59040451049805
mp-aaaaacyy,23.155000686645508,29.718778610229492
mp-aaacdtit,80.36599731445312,77.32947540283203
mp-aaabxckc,12.642000198364258,21.05309295654297
mp-aaaaaklu,63.25400161743164,58.30772399902344
mp-aaaablpp,77.85800170898438,79.97256469726562
mp-aaaabhpc,53.7869987487793,53.29008865356445
mp-aaaaalgl,30.934999465942383,42.053184509277344
mp-aaackxua,27.707000732421875,25.483722686767578
mp-aaabxjpd,11.557999610900879,24.100915908813477
mp-aaaaaeme,89.35700225830078,83.00492858886719
mp-aaaaceus,13.060999870300293,13.493064880371094
mp-aaaaalnl,20.577999114990234,20.73546600341797
mp-aaaaachh,53.63100051879883,42.650108337402344
mp-aaaaaois,11.4350004196167,36.28664779663086
mp-aaacdoeo,18.65999984741211,14.553020477294922
mp-aaaabtud,6.51200008392334,12.326719284057617
mp-aaaaawqj,72.05999755859375,60.05332946777344
mp-aaadjtde,6.1479997634887695,11.422887802124023
mp-aaaaaoxc,-38.2599983215332,1.2024765014648438
mp-aaabkpor,8.069000244140625,1.3826484680175781
mp-aaaabihw,-6.373000144958496,11.309663772583008
mp-aaaaaimz,26.256999969482422,39.153717041015625
mp-aaaaadoe,29.350000381469727,22.921897888183594
mp-aaabgmhv,0.8659999966621399,6.122608184814453
mp-aaaaadoz,96.0739974975586,90.58550262451172
mp-aaaaaqbg,37.79100036621094,47.8686408996582
mp-aaaaalee,101.54299926757812,102.30023193359375
mp-aaaaberl,78.08899688720703,74.03627014160156
mp-aaaabdme,28.756000518798828,30.140552520751953
mp-aaaabilf,3.743000030517578,2.2855224609375
mp-aaaaactt,72.56600189208984,50.396080017089844
mp-aaabqykc,94.01200103759766,93.53810119628906
mp-aaaabhyd,7.063000202178955,-0.84112548828125
mp-aaacgikb,40.268001556396484,34.78791046142578
mp-aaaaadoi,14.479000091552734,13.118547439575195
mp-aaabxcem,18.839000701904297,22.023143768310547
mp-aaabgkfj,17.812000274658203,35.06620788574219
mp-aaaaaekp,95.43399810791016,68.53903198242188
mp-aaacehvb,15.190999984741211,10.772886276245117
mp-aaacdjbd,-93.93599700927734,-32.850399017333984
mp-aaaabtej,13.097000122070312,24.924762725830078
mp-aaacdnzy,16.04800033569336,11.946447372436523
mp-aaaabicl,32.15599822998047,25.391876220703125
mp-aaaaakfs,66.80000305175781,26.628005981445312
mp-aaaabdkh,21.597000122070312,12.819839477539062
mp-aaaabtke,66.9219970703125,60.45059585571289
mp-aaacifix,-11.402000427246094,11.299036026000977
mp-aaacflkm,3.8469998836517334,37.14559555053711
mp-aaaaacgz,16.71299934387207,16.182857513427734
mp-aaabghkh,10.532999992370605,-6.712162017822266
mp-aaaabsez,7.960000038146973,8.121402740478516
mp-aaacflov,8.760000228881836,-7.410305023193359
mp-aaaabgpo,35.87200164794922,29.43270492553711
mp-aaabitsv,0.46000000834465027,-2.7819862365722656
mp-aaacdofp,7.419000148773193,9.838977813720703
mp-aaafekuv,12.984000205993652,8.49545669555664
mp-aaacdprc,16.610000610351562,17.266645431518555
mp-aaaaaqdr,67.5260009765625,56.6788444519043
mp-aaabxfqi,19.533000946044922,12.983627319335938
mp-aaaaaaaz,0.3089999854564667,3.560810089111328
mp-aaaabogx,20.281999588012695,46.6641845703125
mp-aaacfkst,29.155000686645508,25.603513717651367
mp-aaaaachj,51.92300033569336,52.449462890625
mp-aaaaadgi,51.849998474121094,61.008087158203125
mp-aaacigyq,13.524999618530273,9.683364868164062
mp-aaaaacgh,96.72200012207031,101.43610382080078
mp-aaacdhym,48.3129997253418,28.63512420654297
mp-aaaaaicb,14.072999954223633,19.9809513092041
mp-aaaaahnd,8.682999610900879,14.827285766601562
mp-aaabjybb,36.6349983215332,27.43317413330078
mp-aaaabelq,20.9950008392334,12.094947814941406
mp-aaaaaarm,22.9060001373291,25.865650177001953
mp-aaacdoyq,20.11400032043457,27.84298324584961
mp-aaabjxxn,-27.038000106811523,-20.711933135986328
mp-aaacdswc,3.0290000438690186,-5.22161865234375
mp-aaacflql,104.66500091552734,107.51922607421875
mp-aaabxfpq,78.7969970703125,84.95512390136719
mp-aaacgioc,46.862998962402344,51.0842170715332
mp-aaaaatpg,60.67499923706055,54.51010513305664
mp-aaaabhdd,57.0099983215332,24.235048294067383
mp-aaaaaclg,-0.33399999141693115,9.72153091430664
mp-aaaabfrr,46.79999923706055,54.184661865234375
mp-aaaaakht,20.054000854492188,27.350841522216797
mp-aaaaadxl,30.010000228881836,20.493160247802734
mp-aaaccsou,53.83700180053711,51.51091384887695
mp-aaabnhwr,15.847999572753906,20.13214874267578
mp-aaabfkch,64.71399688720703,50.39461135864258
mp-aaaabfst,29.44499969482422,23.55455780029297
mp-aaaabopz,3.3340001106262207,2.9641952514648438
mp-aaacebyx,50.08100128173828,50.66007614135742
mp-aaaaamll,46.4370002746582,39.869319915771484
mp-aaaaaxcf,70.18800354003906,75.99575805664062
mp-aaacevty,27.731000900268555,75.18734741210938
mp-aaaaaulx,15.729999542236328,23.341875076293945
mp-aaabxhaw,21.802000045776367,18.77837371826172
mp-aaacgiwi,7.445000171661377,7.135356903076172
mp-aaacfjwb,-18.177000045776367,-21.910480499267578
mp-aaabfubj,86.84600067138672,58.03801727294922
mp-aaacfkut,3.86899995803833,1.2387962341308594
mp-aaaaaagr,69.34400177001953,59.884098052978516
mp-aaabfnnj,70.4010009765625,62.04981994628906
mp-aaaabfmd,31.756000518798828,37.99556350708008
mp-aaabxhhc,18.399999618530273,30.141395568847656
mp-aaaccsqw,47.77199935913086,61.563316345214844
mp-aaacdjlk,33.26499938964844,3.2114715576171875
mp-aaabdbaw,47.72200012207031,29.32146453857422
mp-aaaaarwn,81.11199951171875,74.8209457397461
mp-aaaaaasc,130.1510009765625,132.67410278320312
mp-aaabgksx,16.267000198364258,23.949844360351562
mp-aaacfxyl,33.04600143432617,65.8768081665039
mp-aaaaabfi,29.474000930786133,29.94475555419922
mp-aaacdocy,8.211000442504883,8.33890151977539
mp-aaaaaplj,41.59000015258789,49.206092834472656
mp-aaaabqxv,26.775999069213867,30.64803695678711
mp-aaaaacdc,92.44100189208984,76.13724517822266
mp-aaaaabcv,105.75599670410156,84.81224822998047
mp-aaaaapao,42.612998962402344,40.79073715209961
mp-aaaaaelh,124.00800323486328,112.30560302734375
mp-aaabxjvw,19.195999145507812,17.749347686767578
mp-aaaaaqdh,63.12699890136719,61.59852981567383
mp-aaaabsar,24.118000030517578,31.603145599365234
mp-aaadjzau,3.265000104904175,10.1416015625
mp-aaaabtkc,75.21700286865234,59.53974533081055
mp-aaaaamak,63.77399826049805,55.806915283203125
mp-aaaaaqfh,24.820999145507812,23.535966873168945
mp-aaaaavwx,21.479999542236328,21.11236000061035
mp-aaabrbwp,71.91200256347656,69.42657470703125
mp-aaacpkhu,3.947999954223633,5.580204010009766
mp-aaaaarap,92.58100128173828,102.37626647949219
mp-aaacfkfe,-6.671000003814697,-26.105045318603516
mp-aaaaaazh,21.378999710083008,23.570453643798828
mp-aaacdtup,15.253000259399414,24.782142639160156
mp-aaacgpcf,22.138999938964844,32.927696228027344
mp-aaabftfh,32.297000885009766,43.73859405517578
mp-aaaabtlu,21.426000595092773,18.707517623901367
mp-aaaabfia,19.913000106811523,27.94668960571289
mp-aaabfqvy,49.604000091552734,35.623043060302734
mp-aaaaaidh,68.41000366210938,57.865943908691406
mp-aaaaaoro,8.458000183105469,22.49872398376465
mp-aaaaadqz,17.125999450683594,21.55552101135254
mp-aaaaafxy,35.31399917602539,51.07038879394531
mp-aaabgiab,71.72899627685547,74.03699493408203
mp-aaabituy,98.7229995727539,40.763980865478516
mp-aaabxfow,126.51100158691406,106.43852996826172
mp-aaaabudl,131.41700744628906,104.51300048828125
mp-aaacdqbz,62.854000091552734,42.63338851928711
mp-aaabxgjy,72.80400085449219,51.623779296875
mp-aaaaaebi,23.864999771118164,28.62220001220703
mp-aaaaatrw,31.820999145507812,35.06548309326172
mp-aaaaaqpq,25.656999588012695,20.993852615356445
mp-aaaaacpy,43.05400085449219,36.46104431152344
mp-aaaaaahj,41.48899841308594,35.53467559814453
mp-aaaaahjq,78.41000366210938,81.28410339355469
mp-aaaaaqqc,17.458999633789062,15.949962615966797
mp-aaaaaqrz,114.53900146484375,106.88082885742188
mp-aaabxjxf,22.941999435424805,23.23613166809082
mp-aaabevzk,22.051000595092773,25.7403564453125
mp-aaaaaoeb,45.5629997253418,42.04194641113281
mp-aaaaayfq,41.43199920654297,29.202341079711914
mp-aaaaauap,31.218000411987305,34.09435272216797
mp-aaaaadns,44.22200012207031,38.651161193847656
mp-aaaaacav,20.09000015258789,-19.225147247314453
mp-aaaaacnh,73.74700164794922,66.84593200683594
mp-aaaaafoo,74.63999938964844,65.02397155761719
mp-aaacrudk,187.7270050048828,157.00450134277344
mp-aaaaacqa,122.55899810791016,14.393295288085938
mp-aaacfzeo,206.4550018310547,163.61082458496094
mp-aaaabhwz,20.7810001373291,22.442535400390625
mp-aaaaamnm,68.2750015258789,66.86216735839844
mp-aaaaaswy,37.16299819946289,26.925418853759766
mp-aaaaaleb,25.389999389648438,20.174644470214844
mp-aaacifbn,15.185999870300293,-2.223896026611328
mp-aaaabeqp,34.22999954223633,53.92899703979492
mp-aaaabgjv,27.5939998626709,23.18165397644043
mp-aaaabjjn,0.024000000208616257,-3.7289352416992188
mp-aaabrwpz,83.54499816894531,64.34193420410156
mp-aaaaarbp,70.46900177001953,73.96920776367188
mp-aaabqvak,54.90399932861328,45.57102584838867
mp-aaaabifx,68.48500061035156,65.94766235351562
mp-aaabjerd,53.32600021362305,38.0861930847168
mp-aaabjyay,-13.397000312805176,-2.487628936767578
mp-aaaaaawn,171.7100067138672,162.86782836914062
mp-aaacfaad,45.8489990234375,41.0079231262207
mp-aaaabsvr,40.652000427246094,49.60566711425781
mp-aaaaangs,11.130999565124512,9.29793930053711
mp-aaabkfjs,66.47599792480469,49.42472839355469
mp-aaaaasyj,4.263999938964844,26.31844139099121
mp-aaaabtwh,4.4039998054504395,2.778270721435547
mp-aaabjumx,70.99199676513672,86.75379943847656
mp-aaabxdpj,28.777000427246094,25.812341690063477
mp-aaaaaytc,50.525001525878906,56.00951385498047
mp-aaabqxwo,26.51099967956543,32.32453155517578
mp-aaaaagsa,49.21099853515625,47.455257415771484
mp-aaabgiul,76.8010025024414,91.4346694946289
mp-aaaaaovi,13.22599983215332,15.355781555175781
mp-aaaaatiq,47.3650016784668,88.46617889404297
mp-aaaaakjm,79.76499938964844,68.87422180175781
mp-aaadjxmb,-95.45800018310547,-10.900806427001953
mp-aaaaaova,97.11699676513672,107.30569458007812
mp-aaaaahzj,102.58899688720703,87.40615844726562
mp-aaaaayep,33.38600158691406,28.756805419921875
mp-aaaabfce,76.44400024414062,91.65664672851562
mp-aaacfrhx,35.07699966430664,30.59157371520996
mp-aaabxdqh,24.444000244140625,22.74139976501465
mp-aaaabqzp,7.9029998779296875,4.6520538330078125
mp-aaabqygy,24.89699935913086,25.486066818237305
mp-aaacflvx,-26.264999389648438,14.101205825805664
mp-aaaaarwx,21.174999237060547,22.9931640625
mp-aaaabimn,3.138000011444092,-1.5715866088867188
mp-aaaaacgp,83.18800354003906,87.88214111328125
mp-aaaaadeu,72.43800354003906,60.95534896850586
mp-aaacfxzd,37.018001556396484,33.11787414550781
mp-aaaaapbp,65.6050033569336,55.82027816772461
mp-aaabxdqb,26.777999877929688,18.55270004272461
mp-aaaabhwd,0.925000011920929,3.808971405029297
mp-aaaaabkp,49.52000045776367,45.35066223144531
mp-aaacdxtc,14.109000205993652,16.201297760009766
mp-aaaaapba,4.291999816894531,17.81987953186035
mp-aaaaahqb,94.0770034790039,93.81278991699219
mp-aaaabgxc,11.723999977111816,12.941400527954102
mp-aaacdvrs,-18.479000091552734,-75.121337890625
mp-aaabeedm,186.7429962158203,156.78173828125
mp-aaaaapuq,73.16400146484375,64.34812927246094
mp-aaabctux,13.557999610900879,24.24041175842285
mp-aaabgnfr,106.78299713134766,113.16091918945312
mp-aaacfkmo,45.9379997253418,41.076637268066406
mp-aaaaagqj,49.71699905395508,49.19431686401367
mp-aaaaanzz,74.61399841308594,61.19959259033203
mp-aaaaahdk,97.00700378417969,80.48622131347656
mp-aaacgdbq,16.229999542236328,21.11772346496582
mp-aaabxbbv,25.461000442504883,22.37378692626953
mp-aaaabtnu,68.75599670410156,38.331390380859375
mp-aaaaanqh,84.49099731445312,75.33094787597656
mp-aaabxcof,12.633000373840332,5.6123809814453125
mp-aaaaaqtz,66.88600158691406,56.16253662109375
mp-aaabfhqe,71.88899993896484,65.2433090209961
mp-aaaabseu,25.135000228881836,29.9678897857666
mp-aaabmlqi,25.051000595092773,29.40848159790039
mp-aaabglys,0.2680000066757202,8.973243713378906
mp-aaaaaoju,6.581999778747559,14.327474594116211
mp-aaaaafna,51.07099914550781,31.216360092163086
mp-aaacehpk,15.86299991607666,9.941932678222656
mp-aaaabahz,34.63800048828125,19.630233764648438
mp-aaaabhde,71.26899719238281,68.66798400878906
mp-aaaaachr,47.590999603271484,20.080766677856445
mp-aaacgjdf,11.067999839782715,0.08542251586914062
mp-aaabfdao,14.909000396728516,17.313016891479492
mp-aaaabred,26.96500015258789,36.030155181884766
mp-aaaaacoe,22.054000854492188,17.711410522460938
mp-aaaaahcv,60.06700134277344,44.3887939453125
mp-aaaaaamd,24.288000106811523,32.237667083740234
mp-aaabjygo,-23.148000717163086,15.84716796875
mp-aaaaaanx,7.888000011444092,4.737064361572266
mp-aaacfkeg,0.8130000233650208,-12.561534881591797
mp-aaaaajpy,32.064998626708984,35.962867736816406
mp-aaabeujd,6.940999984741211,12.521202087402344
mp-aaacfywp,20.680999755859375,15.585594177246094
mp-aaaaahxu,29.034000396728516,30.379663467407227
mp-aaaabhak,33.56999969482422,28.139537811279297
mp-aaabfyro,33.1870002746582,41.16659164428711
mp-aaaaablz,45.917999267578125,46.50926971435547
mp-aaacgdcb,102.23100280761719,90.84979248046875
mp-aaaaameu,32.26499938964844,45.05062484741211
mp-aaacdpxd,44.27899932861328,48.00909423828125
mp-aaaaagnc,9.770999908447266,18.434799194335938
mp-aaacdqus,1.7380000352859497,3.320343017578125
mp-aaacflhi,63.060001373291016,68.39583587646484
mp-aaacdsfk,27.06800079345703,21.40071678161621
mp-aaaaaotj,53.57099914550781,31.749177932739258
mp-aaaaaqkp,26.503999710083008,20.949180603027344
mp-aaaaanfj,58.845001220703125,68.85691833496094
mp-aaaaachx,34.45000076293945,21.842016220092773
mp-aaachdjq,5.238999843597412,12.126304626464844
mp-aaaaaocl,74.19999694824219,54.850555419921875
mp-aaaaaqzx,15.968000411987305,14.632110595703125
mp-aaabxfoa,66.69100189208984,49.29347229003906
mp-aaabgnbq,50.018001556396484,48.14023971557617
mp-aaabxjum,87.81500244140625,89.9924545288086
mp-aaabewsu,53.1619987487793,51.86129379272461
mp-aaaaahql,20.020999908447266,28.43694305419922
mp-aaacdplu,7.681000232696533,19.17839241027832
mp-aaaaakmu,99.58100128173828,110.3240966796875
mp-aaaaaged,65.50199890136719,69.0710678100586
mp-aaafkwew,27.75200080871582,33.26002502441406
mp-aaacgpol,46.391998291015625,50.499977111816406
mp-aaaaadsf,147.6009979248047,152.240478515625
mp-aaacgitp,72.27400207519531,49.6088981628418
mp-aaacfwgx,45.06100082397461,54.15696716308594
mp-aaaaadwg,39.7239990234375,27.333633422851562
mp-aaabxhfx,84.18800354003906,81.20449829101562
mp-aaaaahnu,41.07400131225586,35.29721450805664
mp-aaaaaurb,28.66699981689453,42.49028396606445
mp-aaacdvcs,8.28499984741211,12.433982849121094
mp-aaaaahgn,10.279999732971191,23.453067779541016
mp-aaaaagpc,63.96099853515625,45.89422607421875
mp-aaabknac,82.14299774169922,99.44153594970703
mp-aaabrawv,48.15399932861328,36.18062210083008
mp-aaaccsqy,54.0629997253418,46.10984802246094
mp-aaabqxdf,82.43900299072266,67.08021545410156
mp-aaaabdru,2.4790000915527344,-5.849277496337891
mp-aaaabqqc,7.334000110626221,8.825542449951172
mp-aaabxaog,17.214000701904297,16.341583251953125
mp-aaaabiuq,22.207000732421875,1.4803276062011719
mp-aaabxfvw,73.82099914550781,72.98523712158203
mp-aaaaabjh,24.134000778198242,9.071235656738281
mp-aaabkpfd,26.867000579833984,24.582565307617188
mp-aaabrtjy,13.66100025177002,17.43010902404785
mp-aaaaatch,19.88800048828125,23.54102897644043
mp-aaacflsl,-20.375999450683594,-12.883583068847656
mp-aaabjybo,41.4119987487793,33.87386703491211
mp-aaaabedv,-44.67100143432617,-17.191917419433594
mp-aaacfkbh,155.66600036621094,177.43910217285156
mp-aaacggxj,28.06599998474121,43.72138595581055
mp-aaaabicb,9.295999526977539,7.484607696533203
mp-aaabnrdk,20.0,20.816808700561523
mp-aaaaabrv,138.78199768066406,144.47328186035156
mp-aaabxiyo,111.66600036621094,88.8624496459961
mp-aaaaacrr,10.847000122070312,19.322418212890625
mp-aaaaafdm,67.4209976196289,73.31792449951172
mp-aaaaadve,22.604999542236328,22.40163803100586
mp-aaaaadcr,21.2450008392334,34.29008483886719
mp-aaaaajpu,21.788000106811523,25.90085220336914
mp-aaaaahki,15.456000328063965,13.950126647949219
mp-aaaaavvv,50.9379997253418,49.200469970703125
mp-aaaaadxh,139.9600067138672,116.74830627441406
mp-aaacfkmw,5.566999912261963,4.5887908935546875
mp-aaaaakml,45.0620002746582,40.4028205871582
mp-aaaabecf,34.18199920654297,50.797088623046875
mp-aaaaafef,79.69000244140625,77.06085205078125
mp-aaabxbcc,66.0770034790039,66.94532012939453
mp-aaacgiuy,26.878000259399414,22.899322509765625
mp-aaabxiyi,203.73300170898438,190.34429931640625
mp-aaaaausf,41.198001861572266,43.05788040161133
mp-aaabfzct,-54.88999938964844,4.341743469238281
mp-aaacdusb,47.005001068115234,39.5340690612793
mp-aaaaaydd,102.27100372314453,91.42488098144531
mp-aaacdxmr,41.108001708984375,32.30830383300781
mp-aaagdbcg,12.605999946594238,10.037181854248047
mp-aaaaabgi,55.46099853515625,49.31689453125
mp-aaaaaqwm,50.34299850463867,45.41637420654297
mp-aaaaalad,10.61400032043457,20.06305694580078
mp-aaaabswx,34.06999969482422,28.057249069213867
mp-aaacfyzl,34.86600112915039,53.627655029296875
mp-aaabglzz,6.979000091552734,3.8935089111328125
mp-aaaaahyq,8.026000022888184,21.000598907470703
mp-aaaabpxw,11.791000366210938,28.862548828125
mp-aaacdnze,-26.773000717163086,13.502813339233398
mp-aaabgmez,78.33200073242188,56.31264877319336
mp-aaaaacki,189.13900756835938,197.7875518798828
mp-aaaabrzn,30.398000717163086,27.224815368652344
mp-aaabxius,153.6280059814453,93.04418182373047
mp-aaabfxhc,34.08700180053711,32.11888122558594
mp-aaacfrht,15.666999816894531,28.08430290222168
mp-aaaaaluu,39.96200180053711,33.812095642089844
mp-aaabgisu,118.84100341796875,140.64593505859375
mp-aaaaagvj,55.52899932861328,48.08789825439453
mp-aaaaaizp,84.5739974975586,71.81697082519531
mp-aaaaaepl,25.3439998626709,22.27937889099121
mp-aaaaaetz,94.23500061035156,113.28668212890625
mp-aaaaaftw,63.40399932861328,80.84187316894531
mp-aaacdsir,24.535999298095703,25.922908782958984
mp-aaaaaoyr,30.159000396728516,30.75970458984375
mp-aaaabhzv,89.28299713134766,72.9155044555664
mp-aaaabuoi,40.7869987487793,46.87040710449219
mp-aaaaabag,30.163000106811523,38.605262756347656
mp-aaabkvua,-100.87799835205078,-14.473434448242188
mp-aaabxcpo,41.9640007019043,36.058719635009766
mp-aaaaabky,158.77699279785156,164.9871368408203
mp-aaabgkyv,59.099998474121094,33.832786560058594
mp-aaabxhnb,22.533000946044922,22.72243881225586
mp-aaaaafaf,49.58599853515625,42.40019989013672
mp-aaaaajsi,8.39900016784668,9.936027526855469
mp-aaaaapot,56.92599868774414,44.13591766357422
mp-aaabqzgp,19.44099998474121,17.294143676757812
mp-aaaceatp,-3.0880000591278076,7.96563720703125
mp-aaaabijt,31.812000274658203,25.887372970581055
mp-aaaabuiu,23.64900016784668,18.434404373168945
mp-aaaaaieq,26.958999633789062,36.42645263671875
mp-aaacfkaj,-15.413999557495117,33.80934524536133
mp-aaacdqwv,21.89299964904785,26.982471466064453
mp-aaabqynx,32.06700134277344,34.646949768066406
mp-aaaabedo,23.827999114990234,21.795021057128906
mp-aaaaaejz,43.02899932861328,50.0767707824707
mp-aaaaacae,29.488000869750977,31.911785125732422
mp-aaaaadwp,26.358999252319336,18.567249298095703
mp-aaacdwty,116.36000061035156,123.59619140625
mp-aaaaapcq,109.2969970703125,103.06803894042969
mp-aaaaaovd,-2.2109999656677246,-1.3360519409179688
mp-aaaabsim,85.63099670410156,77.02583312988281
mp-aaacfvpy,19.93199920654297,17.182493209838867
mp-aaabxiwj,47.09600067138672,35.04206085205078
mp-aaaaboxw,18.920000076293945,23.43630599975586
mp-aaaaaidl,69.44999694824219,76.91576385498047
mp-aaaaaewx,55.959999084472656,70.40898132324219
mp-aaaaahin,27.33099937438965,31.271371841430664
mp-aaabxhge,73.94200134277344,69.83502960205078
mp-aaabxgfw,42.92399978637695,33.24451446533203
mp-aaabxcmi,38.736000061035156,42.0531005859375
mp-aaacdmfv,71.43199920654297,65.06018829345703
mp-aaabgibx,80.36799621582031,84.00227355957031
mp-aaaaalmg,94.8499984741211,87.21493530273438
mp-aaacflpf,4.703000068664551,3.47711181640625
mp-aaaaaczq,83.81400299072266,81.73957824707031
mp-aaacgirf,53.45199966430664,48.37728500366211
mp-aaaaadgc,-40.28200149536133,22.85226821899414
mp-aaaaaesw,65.46199798583984,53.218902587890625
mp-aaaaamal,64.83599853515625,54.44305419921875
mp-aaaaakxt,20.56599998474121,21.882869720458984
mp-aaaaatrq,40.52299880981445,36.651466369628906
mp-aaabiyhq,-6.921999931335449,55.7669677734375
mp-aaaabswv,102.302001953125,94.40888214111328
mp-aaaaadmv,23.687000274658203,48.132354736328125
mp-aaabgjsy,1.9819999933242798,1.1722831726074219
mp-aaacgium,47.97100067138672,46.11144256591797
mp-aaaaaapz,206.66099548339844,200.60397338867188
mp-aaaabtoa,39.90299987792969,19.78269386291504
mp-aaaaaeet,50.23699951171875,51.06583023071289
mp-aaabxhkh,27.18199920654297,15.189008712768555
mp-aaaaakst,47.803001403808594,38.37751388549805
mp-aaabgmfy,45.45600128173828,46.994258880615234
mp-aaacfxhs,-18.750999450683594,-16.775856018066406
mp-aaacfjnu,146.06500244140625,156.23753356933594
mp-aaaaaqlc,30.802000045776367,41.89678955078125
mp-aaaaabtr,75.22799682617188,62.131988525390625
mp-aaacdqdj,197.52200317382812,124.5814208984375
mp-aaaaaizx,35.95100021362305,40.53279495239258
mp-aaaaasrn,15.043999671936035,19.8210506439209
mp-aaacprkl,31.336000442504883,34.42925262451172
mp-aaabxjtf,16.30500030517578,13.337039947509766
mp-aaaabjko,10.701000213623047,11.154617309570312
mp-aaaabfji,41.88199996948242,36.57758331298828
mp-aaaaagkg,89.4749984741211,89.33610534667969
mp-aaaaafoe,81.73100280761719,82.9771728515625
mp-aaaabhpo,23.094999313354492,36.130558013916016
mp-aaaaatll,-3.305000066757202,-0.6545867919921875
mp-aaacdlii,10.805000305175781,-14.250839233398438
mp-aaaabekf,26.45800018310547,36.457115173339844
mp-aaacflsm,-91.88700103759766,-168.26963806152344
mp-aaaabaep,52.02799987792969,35.2461051940918
mp-aaacfydu,44.9739990234375,32.15610885620117
mp-aaaaabzk,34.52899932861328,9.316211700439453
mp-aaabxcjf,15.743000030517578,13.174213409423828
mp-aaabxghl,3.385999917984009,-0.4887123107910156
mp-aaaaaclv,131.70899963378906,100.41155242919922
mp-aaabxdai,35.47999954223633,24.950542449951172
mp-aaacdsaf,63.465999603271484,56.949649810791016
mp-aaaaacag,87.84300231933594,78.91900634765625
mp-aaaabgfd,27.038999557495117,29.643856048583984
mp-aaacfkld,50.584999084472656,34.40897750854492
mp-aaaaaboq,61.887001037597656,44.25181579589844
mp-aaaabrxa,9.840999603271484,8.737438201904297
mp-aaaabhxl,5.923999786376953,13.162544250488281
mp-aaaaaekd,83.2030029296875,78.75595092773438
mp-aaaaayta,69.16200256347656,57.60844421386719
mp-aaabegkp,174.61000061035156,161.31788635253906
mp-aaaaaqdy,13.746999740600586,18.397228240966797
mp-aaaaaewb,42.303001403808594,43.642051696777344
mp-aaaaarea,61.066001892089844,56.93162536621094
mp-aaabhbjn,11.369000434875488,9.366107940673828
mp-aaaaamyw,71.0250015258789,67.62086486816406
mp-aaabxgpb,33.082000732421875,27.918838500976562
mp-aaaaadmh,18.44700050354004,33.75716018676758
mp-aaaaarau,52.606998443603516,84.44010162353516
mp-aaaaaetm,81.21800231933594,75.21540832519531
mp-aaaaaeii,101.26399993896484,70.38182067871094
mp-aaaabtxa,20.895000457763672,26.088382720947266
mp-aaacfsaf,41.112998962402344,55.4983024597168
mp-aaabjyhe,91.33200073242188,59.284523010253906
mp-aaabqzge,38.209999084472656,27.490692138671875
mp-aaaabtnc,15.277999877929688,26.120946884155273
mp-aaacewfa,32.76499938964844,35.79389190673828
mp-aaabrgwp,43.641998291015625,19.123153686523438
mp-aaabxiso,73.87000274658203,88.70132446289062
mp-aaaaaghn,49.952999114990234,50.41493606567383
mp-aaabgjsx,12.71399974822998,18.276226043701172
mp-aaaabhah,72.41799926757812,79.76654052734375
mp-aaabxfxq,111.44400024414062,87.52677917480469
mp-aaaaapxy,14.071000099182129,10.893424987792969
mp-aaaaadgr,27.177000045776367,4.507331848144531
mp-aaacapbl,73.11000061035156,48.226661682128906
mp-aaaelcam,12.062000274658203,18.07246971130371
mp-aaabxcnu,30.084999084472656,20.715129852294922
mp-aaacgfmz,71.60900115966797,73.57592010498047
mp-aaacgirq,21.565000534057617,34.76265335083008
mp-aaabgjnm,9.402999877929688,14.562633514404297
mp-aaabhaik,6.978000164031982,21.584680557250977
mp-aaagkufv,-7.340000152587891,30.39876365661621
mp-aaaaactz,102.43599700927734,86.228759765625
mp-aaacdmwv,-60.784000396728516,-94.48631286621094
mp-aaabralj,17.347000122070312,34.84868240356445
mp-aaacehwb,18.3700008392334,17.656843185424805
mp-aaaabfcu,12.994999885559082,9.707923889160156
mp-aaaabour,18.639999389648438,19.257232666015625
mp-aaaaaawi,143.4949951171875,129.7714385986328
mp-aaaabdnv,108.1780014038086,85.1170654296875
mp-aaaaadjw,11.13599967956543,24.565824508666992
mp-aaabgnfd,14.998000144958496,18.370569229125977
mp-aaabxjbw,192.2830047607422,168.30331420898438
mp-aaacfkiu,1.409000039100647,15.279735565185547
mp-aaaabrcp,65.72599792480469,52.65099334716797
mp-aaaaamts,15.90999984741211,19.849586486816406
mp-aaabxgyv,53.8380012512207,65.56836700439453
mp-aaaaagpg,22.08799934387207,19.899826049804688
mp-aaacfyzd,62.43199920654297,63.849754333496094
mp-aaacdnyt,-26.78700065612793,-20.973194122314453
mp-aaaaankm,22.825000762939453,21.279447555541992
mp-aaaaapty,27.35300064086914,18.78951644897461
mp-aaabxaqm,41.097999572753906,45.298561096191406
mp-aaaabofm,87.20500183105469,17.498779296875
mp-aaaaafjj,102.71499633789062,115.2689208984375
mp-aaaabfqc,12.793999671936035,7.557304382324219
mp-aaacdxtd,106.44400024414062,99.8104019165039
mp-aaaabekc,62.79399871826172,50.75914764404297
mp-aaabrpva,65.11100006103516,76.21023559570312
mp-aaaaatit,55.047000885009766,34.38531494140625
mp-aaaabhaf,27.80299949645996,31.2849178314209
mp-aaaaacco,99.89900207519531,92.94515991210938
mp-aaabcugu,12.019000053405762,13.878747940063477
mp-aaacfxhe,96.8239974975586,105.61799621582031
mp-aaabrgvf,5.77400016784668,8.076824188232422
mp-aaaabikv,15.213000297546387,11.35007095336914
mp-aaaaabni,9.781999588012695,11.525890350341797
mp-aaaaalvj,68.0780029296875,86.7507553100586
mp-aaaaacer,85.01799774169922,103.71541595458984
mp-aaabgnlh,-1.569000005722046,10.367000579833984
mp-aaacppoz,10.387999534606934,6.648197174072266
mp-aaaabiob,25.33300018310547,43.202579498291016
mp-aaabxdqs,21.38599967956543,23.89430809020996
mp-aaabfnnm,17.878999710083008,21.949398040771484
mp-aaabxher,33.262001037597656,22.68560791015625
mp-aaacduaa,36.555999755859375,42.09830093383789
mp-aaabgidh,143.9709930419922,216.78858947753906
mp-aaaaalbi,12.071000099182129,15.625219345092773
mp-aaabxjal,93.49099731445312,105.13433074951172
mp-aaaaacyu,86.18599700927734,87.98170471191406
mp-aaabxjxu,-2.5929999351501465,20.175783157348633
mp-aaaaadby,62.55099868774414,51.893463134765625
mp-aaaaacmy,53.691001892089844,38.958213806152344
mp-aaaaadkj,37.08599853515625,16.486635208129883
mp-aaaaalfq,13.524999618530273,19.218294143676758
mp-aaaaadio,73.26699829101562,68.66670989990234
mp-aaaaaayr,3.184999942779541,14.093076705932617
mp-aaacgifi,53.2869987487793,46.200538635253906
mp-aaabgnft,16.31999969482422,15.411645889282227
mp-aaaaajak,35.75,47.66619873046875
mp-aaaaaqxw,76.36100006103516,66.41262817382812
mp-aaacfvyh,-39.1609992980957,19.943096160888672
mp-aaabxbcx,54.53300094604492,59.95404052734375
mp-aaabfayc,11.722999572753906,12.146440505981445
mp-aaaabqtk,67.03500366210938,69.84905242919922
mp-aaabxcpn,23.361000061035156,22.653440475463867
mp-aaaabsat,-1.8930000066757202,4.204036712646484
mp-aaabxajv,22.951000213623047,18.227258682250977
mp-aaafepjt,34.23500061035156,28.069366455078125
mp-aaaaadcf,27.459999084472656,28.237611770629883
mp-aaabjyau,15.70199966430664,35.967529296875
mp-aaaaapce,117.55500030517578,114.73974609375
mp-aaacrtlk,5.361999988555908,0.22011947631835938
mp-aaacdjjy,59.90800094604492,59.0360107421875
mp-aaaaaoip,9.220000267028809,12.836380004882812
mp-aaaaayle,75.1449966430664,74.30360412597656
mp-aaabxgko,110.15699768066406,84.07081604003906
mp-aaackslv,37.11800003051758,36.686424255371094
mp-aaaaacpb,85.16000366210938,93.90574645996094
mp-aaaaaiua,22.513999938964844,22.717050552368164
mp-aaaeiktf,12.343999862670898,14.143390655517578
mp-aaaaanaq,67.06600189208984,59.42957305908203
mp-aaabrsqg,59.426998138427734,60.41114807128906
mp-aaaaaqyp,32.3380012512207,35.138328552246094
mp-aaaabjjy,8.08899974822998,11.684427261352539
mp-aaaaacin,31.70199966430664,45.00539016723633
mp-aaabgnip,22.430999755859375,15.289323806762695
mp-aaacdsex,16.993000030517578,16.7959041595459
mp-aaabxfmo,77.2239990234375,78.47547912597656
mp-aaaabond,4.783999919891357,6.899433135986328
mp-aaacdnhg,28.516000747680664,36.8486213684082
mp-aaaaaqdj,46.69900131225586,44.89385223388672
mp-aaaaaexv,88.00199890136719,76.27566528320312
mp-aaaaapcw,50.30799865722656,60.95979309082031
mp-aaaabtmh,27.79599952697754,34.023223876953125
mp-aaacesua,4.623000144958496,5.511207580566406
mp-aaaabjfo,61.862998962402344,63.344970703125
mp-aaaaafak,76.15299987792969,72.63426208496094
mp-aaaaakmb,-0.1289999932050705,15.017766952514648
mp-aaacdkhe,-8.383999824523926,-3.3032264709472656
mp-aaacdllo,146.125,204.81883239746094
mp-aaabxjsd,99.30400085449219,85.02304077148438
mp-aaacdlyd,2.138000011444092,4.979953765869141
mp-aaacdmwq,-2.8529999256134033,10.425056457519531
mp-aaabxjbt,19.368000030517578,19.896240234375
mp-aaacdrnx,-4.61299991607666,4.45245361328125
mp-aaabxffy,5.916999816894531,8.401588439941406
mp-aaacgott,85.98500061035156,77.03750610351562
mp-aaaaanvp,13.220999717712402,13.102811813354492
mp-aaaaaflk,58.12099838256836,45.575496673583984
mp-aaaaanlv,33.44499969482422,41.80015182495117
mp-aaaaadxx,-62.1349983215332,29.00736427307129
mp-aaaabfbs,63.74599838256836,58.46571350097656
mp-aaabgmtv,21.514999389648438,19.739809036254883
mp-aaaabetn,142.25,142.3065643310547
mp-aaaaahsn,29.275999069213867,15.495626449584961
mp-aaaaaaig,77.99400329589844,69.05801391601562
mp-aaaaaosq,1.347000002861023,45.95501708984375
mp-aaaabgty,53.821998596191406,59.06886291503906
mp-aaabqxng,10.449000358581543,22.945358276367188
mp-aaaaaemq,8.553999900817871,10.603693008422852
mp-aaaabpas,4.001999855041504,5.163074493408203
mp-aaaaaavo,45.14799880981445,27.29544448852539
mp-aaaaaady,120.25599670410156,132.91233825683594
mp-aaaabihr,17.80699920654297,10.4462890625
mp-aaaabhok,27.292999267578125,17.948486328125
mp-aaaaacla,32.39799880981445,28.42839813232422
mp-aaaaajsb,64.60399627685547,60.251251220703125
mp-aaaaanjf,30.780000686645508,27.14328384399414
mp-aaaaaqdp,139.65499877929688,125.40756225585938
mp-aaacdjnh,64.19400024414062,34.3502197265625
mp-aaacyhjq,56.26599884033203,53.95582962036133
mp-aaaaaqjx,57.38600158691406,43.15339279174805
mp-aaaaadzv,43.1609992980957,43.85454559326172
mp-aaabmclu,62.62900161743164,54.603294372558594
mp-aaaaadet,19.097999572753906,5.358760833740234
mp-aaabgmfd,18.993999481201172,23.157024383544922
mp-aaaaaevv,103.19200134277344,81.68531799316406
mp-aaaabtjh,35.17900085449219,22.296276092529297
mp-aaaaakjf,5.269000053405762,10.098037719726562
mp-aaaabhxq,6.466000080108643,17.829111099243164
mp-aaaabffm,16.257999420166016,3.5291976928710938
mp-aaaaahzo,76.2969970703125,75.94046020507812
mp-aaaaarbs,71.94599914550781,68.76070404052734
mp-aaacdtqz,35.88999938964844,35.17431640625
mp-aaabxfgd,20.81100082397461,25.37493324279785
mp-aaabkuvw,17.365999221801758,20.621437072753906
mp-aaaabdzo,68.93499755859375,71.34309387207031
mp-aaaceary,-6.454999923706055,-19.329666137695312
mp-aaabqywz,68.96299743652344,65.98316955566406
mp-aaaabevp,57.47999954223633,45.44169998168945
mp-aaabkgox,9.479999542236328,4.444606781005859
mp-aaacewqb,115.10099792480469,90.0638198852539
mp-aaaaaeed,196.5260009765625,212.54808044433594
mp-aaaaarxu,137.20799255371094,105.3240966796875
mp-aaabglip,24.584999084472656,29.208999633789062
mp-aaacdmsy,78.7959976196289,50.33628845214844
mp-aaaaaeeb,8.864999771118164,17.726961135864258
mp-aaabrgxk,44.24300003051758,47.42384338378906
mp-aaabgnfc,71.28299713134766,64.21063232421875
mp-aaabxcey,29.224000930786133,16.60546112060547
mp-aaaaaonz,4.682000160217285,4.961677551269531
mp-aaacdidr,5.176000118255615,21.971834182739258
mp-aaabghyu,55.87099838256836,57.64039611816406
mp-aaabxarg,75.78199768066406,63.44185256958008
mp-aaabxhnc,15.864999771118164,35.89588928222656
mp-aaabghfu,24.156999588012695,33.938377380371094
mp-aaacdvnu,16.54400062561035,13.33929443359375
mp-aaaaadfz,25.535999298095703,16.203563690185547
mp-aaaabhco,157.26699829101562,84.7509765625
mp-aaabjyha,-4.638000011444092,-6.207462310791016
mp-aaabxgul,16.211000442504883,12.48286247253418
mp-aaaaalyz,38.965999603271484,44.222652435302734
mp-aaaaaemf,22.878999710083008,5.819129943847656
mp-aaaabogc,12.289999961853027,23.548702239990234
mp-aaacdjhd,26.85099983215332,21.413314819335938
mp-aaaaaayt,91.1969985961914,68.92854309082031
mp-aaacdltg,79.8740005493164,76.61123657226562
mp-aaaabftt,71.08999633789062,46.3066291809082
mp-aaaaaorv,21.44499969482422,46.69462966918945
mp-aaaaaopt,36.395999908447266,29.356727600097656
mp-aaaabfhb,29.863000869750977,30.672704696655273
mp-aaaaacdv,77.48400115966797,91.85187530517578
mp-aaacrhsv,188.1909942626953,187.77882385253906
mp-aaagcsia,18.9689998626709,15.020313262939453
mp-aaaabewu,5.340000152587891,19.69647789001465
mp-aaabxgoz,85.42400360107422,88.98084259033203
mp-aaaaaasj,53.19300079345703,39.23813247680664
mp-aaabdbav,54.5,50.090667724609375
mp-aaabxfza,26.236000061035156,21.491233825683594
mp-aaaaapmw,10.027000427246094,20.840150833129883
mp-aaaabotk,4.660999774932861,2.540813446044922
mp-aaacflqk,-12.093000411987305,-29.30417251586914
mp-aaaaaegy,11.784000396728516,9.901031494140625
mp-aaabqvvn,36.79600143432617,29.819393157958984
mp-aaaabtad,26.934999465942383,31.252113342285156
mp-aaaabupy,37.45199966430664,35.28730392456055
mp-aaaaacif,103.51599884033203,83.8740234375
mp-aaacdrqi,53.30500030517578,20.36649513244629
mp-aaabxizf,20.792999267578125,10.912343978881836
mp-aaaaahmm,26.20199966430664,31.391077041625977
mp-aaaaakmp,54.98400115966797,53.50312805175781
mp-aaacgple,32.946998596191406,50.0173454284668
mp-aaaabith,5.388999938964844,10.397918701171875
mp-aaaaagrb,39.356998443603516,23.94635009765625
mp-aaaaaqrm,194.45899963378906,153.37188720703125
mp-aaaaaadr,7.209000110626221,7.154449462890625
mp-aaaabtcn,9.781999588012695,13.411449432373047
mp-aaabxcnw,5.559000015258789,12.040496826171875
mp-aaaaaydc,49.57400131225586,43.702667236328125
mp-aaaaaadg,25.121000289916992,20.365745544433594
mp-aaaaaram,48.08300018310547,27.470081329345703
mp-aaaacfgh,29.90999984741211,24.72085189819336
mp-aaaaaotu,40.49800109863281,33.37276840209961
mp-aaacewmk,21.517000198364258,16.72749137878418
mp-aaaabhyf,11.96399974822998,10.475555419921875
mp-aaacgotj,4.322000026702881,17.374366760253906
mp-aaacdrms,17.374000549316406,19.164018630981445
mp-aaabxarb,13.88700008392334,68.98963928222656
mp-aaaabhit,87.18499755859375,96.08627319335938
mp-aaaaaekm,-15.262999534606934,-7.2908935546875
mp-aaabmzlx,109.34500122070312,115.93089294433594
mp-aaaaakqm,142.2790069580078,127.59999084472656
mp-aaabxiys,113.39800262451172,117.94242858886719
mp-aaabffqg,14.520000457763672,16.585643768310547
mp-aaaacabl,60.40399932861328,71.70588684082031
mp-aaafwmfk,25.475000381469727,14.013647079467773
mp-aaaaaogq,4.926000118255615,12.557968139648438
mp-aaaaaadk,26.542999267578125,18.764877319335938
mp-aaaaabrz,128.56300354003906,128.4930877685547
mp-aaacdyio,32.11600112915039,33.03696060180664
mp-aaaaavfs,119.84200286865234,113.7462158203125
mp-aaaaboqp,72.99800109863281,68.35572052001953
mp-aaaccsqh,22.702999114990234,10.020332336425781
mp-aaabghel,5.066999912261963,4.48968505859375
mp-aaaabqht,35.62200164794922,31.26308822631836
mp-aaacdizn,34.90299987792969,27.48583221435547
mp-aaaabeai,15.484000205993652,24.619333267211914
mp-aaabgjxa,11.553000450134277,22.14348030090332
mp-aaabxhjc,29.305999755859375,30.60419464111328
mp-aaaabihs,0.10199999809265137,10.741727828979492
mp-aaaaadiq,195.8090057373047,169.44139099121094
mp-aaaaalnq,105.08599853515625,91.51002502441406
mp-aaaaapop,27.458999633789062,30.68122100830078
mp-aaaabprq,2.359999895095825,1.1791648864746094
mp-aaaabfou,79.09500122070312,70.78602600097656
mp-aaabrenz,79.08499908447266,52.87841033935547
mp-aaaaadsy,36.30099868774414,32.853458404541016
mp-aaaabqgf,31.593000411987305,17.044784545898438
mp-aaaaarhq,131.66700744628906,136.41970825195312
mp-aaacfgiq,4.933000087738037,8.65960693359375
mp-aaaaabmf,23.01799964904785,33.3343620300293
mp-aaacdxms,64.14900207519531,43.893985748291016
mp-aaaabevc,43.6609992980957,69.77530670166016
mp-aaaaaflm,79.93000030517578,81.290283203125
mp-aaaaadal,39.92300033569336,28.220230102539062
mp-aaabxgxs,21.554000854492188,13.955602645874023
mp-aaaaaffd,65.85099792480469,58.66846466064453
mp-aaaabjth,-22.434999465942383,48.301273345947266
mp-aaaaasgl,33.22700119018555,27.407485961914062
mp-aaabghjo,45.07500076293945,33.56117248535156
mp-aaabfpok,69.75900268554688,75.06609344482422
mp-aaabgjfk,187.48399353027344,193.08547973632812
mp-aaacesvu,44.44200134277344,38.136722564697266
mp-aaabglnh,21.656999588012695,15.340351104736328
mp-aaaabdta,43.42399978637695,50.22678756713867
mp-aaaaakjg,46.637001037597656,48.045772552490234
mp-aaaewiwb,76.21199798583984,72.49510192871094
mp-aaaaabnz,12.88700008392334,9.85220718383789
mp-aaaabive,4.925000190734863,6.835041046142578
mp-aaabxivl,22.667999267578125,15.063545227050781
mp-aaacgiyi,33.9630012512207,30.528831481933594
mp-aaabxazw,11.597000122070312,19.267948150634766
mp-aaabxgew,38.61399841308594,33.50972366333008
mp-aaaaalwg,6.111999988555908,16.212038040161133
mp-aaacdkrl,21.381999969482422,21.458984375
mp-aaaaaegt,74.9530029296875,78.84632110595703
mp-aaabiekn,41.67900085449219,40.98710632324219
mp-aaaaabhx,16.851999282836914,33.66254425048828
mp-aaaaaadz,56.604000091552734,49.719207763671875
mp-aaacfxjs,44.26499938964844,61.666954040527344
mp-aaabxjxd,50.95600128173828,58.96477127075195
mp-aaaabdod,26.299999237060547,90.76018524169922
mp-aaaaaekx,14.225000381469727,16.741952896118164
mp-aaaabffs,48.71699905395508,53.88951873779297
mp-aaacdjeq,38.356998443603516,35.980804443359375
mp-aaabxhbq,67.4280014038086,58.138946533203125
mp-aaachcsk,10.817999839782715,10.658830642700195
mp-aaacehue,10.420000076293945,16.598529815673828
mp-aaaaberh,29.861000061035156,19.127124786376953
mp-aaaaaowa,43.09199905395508,42.89265441894531
mp-aaabfkev,88.26000213623047,65.30074310302734
mp-aaaabtcj,79.03299713134766,75.20414733886719
mp-aaacdhlu,24.613000869750977,12.677679061889648
mp-aaaaafxn,145.73199462890625,132.975830078125
mp-aaacdoem,35.494998931884766,34.300968170166016
mp-aaaabteg,5.629000186920166,32.05126953125
mp-aaaaamhg,21.736000061035156,19.145639419555664
mp-aaacgiqu,7.682000160217285,7.148479461669922
mp-aaabfyqp,117.38300323486328,116.61875915527344
mp-aaabxfll,20.51300048828125,25.403722763061523
mp-aaacdsqf,6.460000038146973,15.305875778198242
mp-aaackysa,121.1510009765625,116.93045043945312
mp-aaabxgks,20.884000778198242,3.4641647338867188
mp-aaaaadil,7.425000190734863,25.242149353027344
mp-aaaccsqz,63.301998138427734,49.25912094116211
mp-aaaaaorp,11.217000007629395,11.677391052246094
mp-aaaaabic,70.5530014038086,59.891761779785156
mp-aaabglmq,50.26900100708008,46.019493103027344
mp-aaaaapoy,54.35300064086914,52.11547088623047
mp-aaabfcqj,7.159999847412109,17.927629470825195
mp-aaacgiuj,34.742000579833984,25.696670532226562
mp-aaaabtbi,40.70100021362305,35.34033966064453
mp-aaabxhjj,16.405000686645508,11.695989608764648
mp-aaaabfcm,40.60599899291992,39.36410903930664
mp-aaabxhfc,84.69499969482422,73.9522476196289
mp-aaaabhlq,105.85399627685547,97.14414978027344
mp-aaaaaeur,40.88399887084961,42.395442962646484
mp-aaaabhhi,33.75899887084961,39.94835662841797
mp-aaacgitv,6.531000137329102,15.664989471435547
mp-aaacfzij,9.918999671936035,10.408390045166016
mp-aaacesvw,27.457000732421875,28.771358489990234
mp-aaaabtod,132.34300231933594,125.35670471191406
mp-aaaabsle,2.5369999408721924,8.359695434570312
mp-aaaaahag,39.78499984741211,34.92218017578125
mp-aaaaaoba,10.720999717712402,12.370489120483398
mp-aaaaabsy,7.300000190734863,7.894020080566406
mp-aaacfkmq,10.534000396728516,29.07062530517578
mp-aaaabsak,28.445999145507812,41.27346420288086
mp-aaaaafbv,52.96799850463867,52.018653869628906
mp-aaaaabdf,28.913999557495117,14.043384552001953
mp-aaaabsrv,22.985000610351562,12.288839340209961
mp-aaaabphv,97.53199768066406,123.49513244628906
mp-aaacdoer,51.58000183105469,65.76592254638672
mp-aaaabgik,143.27000427246094,77.49734497070312
mp-aaaaadjb,101.73200225830078,79.68794250488281
mp-aaabknap,160.9429931640625,156.10902404785156
mp-aaagfddh,108.26300048828125,126.18696594238281
mp-aaabqwgg,24.628000259399414,24.993572235107422
mp-aaaaalnd,23.07900047302246,21.112546920776367
mp-aaacesxu,9.22700023651123,24.67600440979004
mp-aaaaajsm,43.67900085449219,48.917144775390625
mp-aaaackeg,13.97599983215332,11.41690444946289
mp-aaaaadwt,60.62799835205078,57.85367965698242
mp-aaaabrko,26.861000061035156,20.57927894592285
mp-aaaaaqxv,61.37699890136719,60.4473762512207
mp-aaaaacux,-43.78900146484375,33.92880630493164
mp-aaabfzhl,27.566999435424805,22.893861770629883
mp-aaaccspc,31.184999465942383,29.109939575195312
mp-aaaaaybj,64.49099731445312,70.55464172363281
mp-aaacctex,-74.5739974975586,5.492889404296875
mp-aaaaaqdl,77.08999633789062,61.815025329589844
mp-aaabipys,9.142000198364258,16.931617736816406
mp-aaaaaduy,16.339000701904297,10.138870239257812
mp-aaaaadrz,35.904998779296875,26.238128662109375
mp-aaaaaidp,23.47100067138672,26.900474548339844
mp-aaaaaqoa,15.366999626159668,12.536388397216797
mp-aaaabdij,80.36699676513672,99.38546752929688
mp-aaaabjac,27.90399932861328,32.777809143066406
mp-aaabifmj,62.60100173950195,60.01332092285156
mp-aaaaaefw,86.6050033569336,69.06621551513672
mp-aaabfonu,60.04499816894531,66.4542236328125
mp-aaaaaqde,57.61899948120117,48.425758361816406
mp-aaabxfwt,55.92300033569336,52.09126281738281
mp-aaaaatzb,36.61000061035156,26.95470428466797
mp-aaaaaclr,91.05599975585938,79.30595397949219
mp-aaabfloh,46.08300018310547,36.84316635131836
mp-aaacgfuv,20.458999633789062,22.892898559570312
mp-aaaabfvb,40.499000549316406,21.778581619262695
mp-aaabevqh,0.2750000059604645,7.960750579833984
mp-aaabramo,31.867000579833984,49.88134765625
mp-aaaaalud,49.48400115966797,38.66376876831055
mp-aaaaabkm,20.20599937438965,26.48164939880371
mp-aaaaajfj,70.58799743652344,76.98043060302734
mp-aaaaboju,22.45800018310547,12.690277099609375
mp-aaabrdtm,112.43099975585938,32.273162841796875
mp-aaaaactg,11.447999954223633,21.42868995666504
mp-aaabxcne,22.24799919128418,20.67106056213379
mp-aaaabhvs,1.3359999656677246,7.801048278808594
mp-aaabjygd,-27.655000686645508,26.020235061645508
mp-aaacdlxy,4.8480000495910645,5.131134033203125
mp-aaaabfcf,-2.747999906539917,10.06729507446289
mp-aaachdoj,7.008999824523926,8.341999053955078
mp-aaacdqdp,24.388999938964844,22.54928970336914
mp-aaaabtcx,25.459999084472656,45.39671325683594
mp-aaaaaizh,88.41699981689453,63.04627227783203
mp-aaabxhdr,107.98600006103516,93.02008819580078
mp-aaaabtmv,47.042999267578125,36.077510833740234
mp-aaaabjtb,-37.7859992980957,30.478975296020508
mp-aaacfhme,59.349998474121094,38.7853889465332
mp-aaabxfst,62.60200119018555,51.4996337890625
mp-aaaaaswv,27.36400032043457,35.21729278564453
mp-aaacdjpu,21.23200035095215,23.620983123779297
mp-aaaceaoh,27.597000122070312,27.47430992126465
mp-aaaaacvy,92.7040023803711,81.84062957763672
mp-aaaaacqq,9.86400032043457,-4.962013244628906
mp-aaaabeye,126.4260025024414,107.26568603515625
mp-aaabxbqy,45.77399826049805,37.05693435668945
mp-aaacgijr,96.46600341796875,78.08732604980469
mp-aaaaamys,15.619999885559082,9.087684631347656
mp-aaabxgzo,51.87799835205078,44.59070587158203
mp-aaabxdrp,203.51199340820312,163.85049438476562
mp-aaacehvv,-2.131999969482422,16.81903648376465
mp-aaabsgaw,56.79199981689453,50.017948150634766
mp-aaabrrft,29.19700050354004,22.85980796813965
mp-aaaaaavs,19.27899932861328,22.162952423095703
mp-aaachdei,12.967000007629395,17.12517738342285
mp-aaaaaevi,60.40999984741211,59.69078063964844
mp-aaacfixr,95.45700073242188,89.9791259765625
mp-aaaaadbl,34.361000061035156,25.58405303955078
mp-aaaaayug,45.797000885009766,49.26197052001953
mp-aaaabeoe,119.66000366210938,120.469482421875
mp-aaabrtcq,3.7790000438690186,8.583084106445312
mp-aaaabfjq,6.307000160217285,25.102243423461914
mp-aaaaafnv,30.02400016784668,27.911327362060547
mp-aaaaagyr,33.23400115966797,24.928735733032227
mp-aaaabtff,90.53199768066406,87.36235046386719
mp-aaabfszn,3.7309999465942383,10.053131103515625
mp-aaaaalnm,7.3429999351501465,12.062400817871094
mp-aaacdjtn,-10.739999771118164,8.875289916992188
mp-aaachhqt,35.94599914550781,40.01923370361328
mp-aaaabtnh,77.08999633789062,82.34071350097656
mp-aaaaaxqe,91.08100128173828,85.95872497558594
mp-aaacfzgo,35.83599853515625,26.639667510986328
mp-aaaaaocb,54.44599914550781,49.336692810058594
mp-aaaddbvu,19.427000045776367,20.65211296081543
mp-aaabxgym,111.69000244140625,101.05706787109375
mp-aaabivce,0.8190000057220459,0.7598228454589844
mp-aaacdmxe,13.871000289916992,-11.70962905883789
mp-aaabjxxy,-47.70600128173828,-15.869514465332031
mp-aaabctmn,67.9520034790039,64.00013732910156
mp-aaabgkuz,19.552000045776367,45.309329986572266
mp-aaaaalep,33.071998596191406,28.851402282714844
mp-aaacdpuo,91.00399780273438,87.51467895507812
mp-aaacdowj,10.694999694824219,29.975025177001953
mp-aaacgimw,11.260000228881836,18.19437026977539
mp-aaacdinq,73.06700134277344,80.57426452636719
mp-aaaaabzo,19.01300048828125,19.504535675048828
mp-aaaabtct,-5.0960001945495605,9.295482635498047
mp-aaabxcoq,17.85300064086914,15.570999145507812
mp-aaaaadjd,22.506999969482422,12.953140258789062
mp-aaabxfot,55.11899948120117,47.43152618408203
mp-aaaabgxx,16.944000244140625,22.998979568481445
mp-aaaaacjx,107.47000122070312,117.66079711914062
mp-aaaaaeft,140.08399963378906,128.6536102294922
mp-aaabsesq,106.11199951171875,111.87010192871094
mp-aaacdpwe,45.8390007019043,38.98408889770508
mp-aaabsaua,47.13100051879883,58.24374771118164
mp-aaabxfoq,50.0369987487793,75.82200622558594
mp-aaaabiia,2.493000030517578,5.882457733154297
mp-aaabqxyl,81.13500213623047,79.61842346191406
mp-aaaaaatx,145.73800659179688,140.584716796875
mp-aaaaapxk,24.368000030517578,34.369361877441406
mp-aaaaaoef,33.06700134277344,23.30164909362793
mp-aaabxhcm,25.264999389648438,20.82667350769043
mp-aaaaafvq,28.12700080871582,27.757003784179688
mp-aaaaacvn,28.7450008392334,21.093795776367188
mp-aaaaafno,134.77099609375,122.16908264160156
mp-aaaaabja,180.9810028076172,164.8828125
mp-aaaaabxe,86.697998046875,68.34075927734375
mp-aaacehxa,22.857999801635742,31.296489715576172
mp-aaacdmyh,86.58300018310547,86.66732788085938
mp-aaabgmzr,-78.4990005493164,-66.56442260742188
mp-aaaaablt,32.40299987792969,39.27367401123047
mp-aaaccsrn,-11.414999961853027,-19.84038543701172
mp-aaaaadzr,87.74199676513672,66.48858642578125
mp-aaaaarmo,29.174999237060547,28.478599548339844
mp-aaaaaeoc,4.636000156402588,14.377782821655273
mp-aaaaaoqs,33.441001892089844,27.58637237548828
mp-aaabgklg,5.017000198364258,9.671806335449219
mp-aaaacckl,44.83399963378906,50.32487487792969
mp-aaaaakgx,67.48100280761719,72.6878433227539
mp-aaaaaasa,49.834999084472656,61.181034088134766
mp-aaabxggk,29.7549991607666,30.24738311767578
mp-aaaaakhr,10.649999618530273,24.260295867919922
mp-aaacfloo,8.777999877929688,148.40121459960938
mp-aaabxjrm,20.80900001525879,13.26844596862793
mp-aaabxftm,13.0,2.2471466064453125
mp-aaaaabsx,2.075000047683716,14.15298843383789
mp-aaabxjwv,73.09100341796875,78.12435913085938
mp-aaacdknh,3.109999895095825,19.5347957611084
mp-aaackiov,124.05899810791016,125.22994995117188
mp-aaaaagit,61.7859992980957,49.049530029296875
mp-aaackxtl,84.47699737548828,54.540985107421875
mp-aaabkexs,4.7170000076293945,7.341129302978516
mp-aaaabeea,45.902000427246094,45.71144485473633
mp-aaabgiry,23.069000244140625,25.70183563232422
mp-aaaaacwr,42.59400177001953,39.7763671875
mp-aaaaasxe,18.125999450683594,39.439693450927734
mp-aaacdnug,6.802999973297119,10.431392669677734
mp-aaaaakpu,45.435001373291016,32.660888671875
mp-aaackiml,13.114999771118164,54.17816162109375
mp-aaaaagxo,24.197999954223633,22.97016143798828
mp-aaaaadok,10.842000007629395,16.921754837036133
mp-aaabeubn,4.60699987411499,2.4931411743164062
mp-aaaaanoz,65.46199798583984,57.0750617980957
mp-aaaabqpl,47.9640007019043,53.59943771362305
mp-aaacfywq,0.42399999499320984,27.017913818359375
mp-aaabxfop,98.86399841308594,107.84999084472656
mp-aaacfxxd,2.877000093460083,8.789695739746094
mp-aaaaaayl,84.20999908447266,71.62744140625
mp-aaabqyck,98.03199768066406,87.8973388671875
mp-aaacfroo,12.170999526977539,11.992525100708008
mp-aaaaaflc,35.64799880981445,31.95789337158203
mp-aaaaabgb,38.029998779296875,16.82442283630371
mp-aaaacfwb,202.375,172.88040161132812
mp-aaacdkpr,25.569000244140625,23.842870712280273
mp-aaaaagfu,51.10499954223633,56.483238220214844
mp-aaaabhvr,3.4070000648498535,4.4500579833984375
mp-aaaabrrk,3.799999952316284,3.9711456298828125
mp-aaaabshp,9.32800006866455,46.59904479980469
mp-aaaaaomz,92.37699890136719,90.20818328857422
mp-aaaaaisn,102.34300231933594,79.65916442871094
mp-aaabxfqx,28.0939998626709,26.50495719909668
mp-aaaaaazw,17.290000915527344,21.688634872436523
mp-aaaabeyu,89.69100189208984,69.856689453125
mp-aaabfcna,31.520999908447266,51.93519973754883
mp-aaaabejw,73.73400115966797,53.73651123046875
mp-aaacrfjr,188.98300170898438,186.74935913085938
mp-aaaaacqi,93.35900115966797,89.0990982055664
mp-aaacgost,121.91799926757812,94.06320190429688
mp-aaaaapfl,33.63399887084961,32.127296447753906
mp-aaabxfcl,16.50200080871582,14.911392211914062
mp-aaaaagxc,84.62000274658203,62.875221252441406
mp-aaaceyut,20.211000442504883,14.92453384399414
mp-aaabfqwj,71.18199920654297,65.82119750976562
mp-aaabxglz,76.91200256347656,39.080081939697266
mp-aaaaahpn,107.73799896240234,108.2869873046875
mp-aaaceszy,21.43899917602539,26.867794036865234
mp-aaacezyj,72.73500061035156,77.61851501464844
mp-aaaaaefh,31.989999771118164,62.82468795776367
mp-aaaaafye,37.290000915527344,37.464805603027344
mp-aaaaapuj,21.055999755859375,24.502399444580078
mp-aaaaafpz,30.26300048828125,43.169822692871094
mp-aaabxhim,23.405000686645508,31.502925872802734
mp-aaacewit,53.215999603271484,63.15472412109375
mp-aaabxcma,26.9060001373291,14.616081237792969
mp-aaaaaink,27.882999420166016,23.243635177612305
mp-aaaaahiy,47.27299880981445,34.299720764160156
mp-aaaaaaxh,6.692999839782715,13.190143585205078
mp-aaabxfcb,1.9700000286102295,6.976585388183594
mp-aaacfkqj,-23.878000259399414,-19.37582778930664
mp-aaabgjqe,12.175000190734863,13.532636642456055
mp-aaabxfnr,44.29100036621094,28.225566864013672
mp-aaacjknf,32.78900146484375,27.7955379486084
mp-aaacdnzh,152.05299377441406,24.76664924621582
mp-aaacfakz,116.3290023803711,115.39881896972656
mp-aaaaadfs,22.570999145507812,17.836755752563477
mp-aaaabebo,12.458999633789062,4.9578094482421875
mp-aaaabhsl,122.60900115966797,101.05841827392578
mp-aaaaaffo,100.50800323486328,93.39686584472656
mp-aaaacbje,54.63800048828125,44.27553939819336
mp-aaaabtay,149.84300231933594,112.3270263671875
mp-aaaaabuh,107.51000213623047,94.8712158203125
mp-aaaaaecc,27.097000122070312,22.537202835083008
mp-aaaaafas,28.013999938964844,42.546287536621094
mp-aaabmgqo,45.89400100708008,49.234073638916016
mp-aaabgmci,185.36300659179688,194.2687225341797
mp-aaaabrwb,14.027000427246094,17.375307083129883
mp-aaaabhdo,19.336999893188477,23.091100692749023
mp-aaaabwxt,171.7689971923828,181.8243408203125
mp-aaadcjdh,73.97599792480469,44.16046142578125
mp-aaacdokd,8.23900032043457,16.90045928955078
mp-aaaabijh,-0.12200000137090683,16.553327560424805
mp-aaaaaupg,36.12699890136719,35.95873260498047
mp-aaabkphf,15.092000007629395,11.174814224243164
mp-aaaaaukr,24.134000778198242,17.417842864990234
mp-aaabfmrw,18.209999084472656,16.168432235717773
mp-aaacfsjk,80.04499816894531,86.84803771972656
mp-aaabxfyc,52.742000579833984,47.590614318847656
mp-aaabdatv,63.67300033569336,79.7009506225586
mp-aaaabtcq,10.680000305175781,12.45230484008789
mp-aaaaacpz,70.01499938964844,55.93049240112305
mp-aaaaaars,26.8439998626709,21.268741607666016
mp-aaabxfjb,66.41600036621094,44.0424690246582
mp-aaacdnmr,21.07200050354004,19.518173217773438
mp-aaabxjxq,82.68099975585938,75.45213317871094
mp-aaacgozu,37.51300048828125,31.067306518554688
mp-aaacdofs,11.215999603271484,16.653425216674805
mp-aaaccspw,17.972000122070312,21.26363182067871
mp-aaabxcer,56.65700149536133,39.909889221191406
mp-aaaaaumv,114.24800109863281,116.11744689941406
mp-aaaabujh,37.46699905395508,34.12142562866211
mp-aaaaahyv,66.77200317382812,55.42679214477539
mp-aaacfyab,67.23899841308594,62.144775390625
mp-aaacerpy,112.68099975585938,118.01919555664062
mp-aaaabrws,69.39700317382812,49.84941864013672
mp-aaabxdqf,22.51300048828125,23.249116897583008
mp-aaabxfvy,60.42499923706055,35.728885650634766
mp-aaabxcig,108.24800109863281,97.40447998046875
mp-aaacdsgk,12.317000389099121,13.387716293334961
mp-aaaabodu,5.644000053405762,4.265117645263672
mp-aaaaahgq,79.76399993896484,83.50260162353516
mp-aaaaaavr,175.60699462890625,173.51783752441406
mp-aaacfzau,26.82200050354004,18.257225036621094
mp-aaaaalsh,14.741000175476074,19.656532287597656
mp-aaabxgpk,134.46600341796875,128.4222412109375
mp-aaaaaaws,43.792999267578125,51.0843391418457
mp-aaackryw,121.33200073242188,45.295841217041016
mp-aaabfgjm,35.46099853515625,45.205848693847656
mp-aaaaabig,78.1050033569336,64.60720825195312
mp-aaaaauca,72.25299835205078,49.04173278808594
mp-aaaaahyy,43.88199996948242,40.048805236816406
mp-aaaaassp,-31.923999786376953,-6.550270080566406
mp-aaabfbzs,58.323001861572266,61.60456085205078
mp-aaaabowu,5.730999946594238,8.878089904785156
mp-aaabxgzf,21.54599952697754,26.435131072998047
mp-aaabgnik,147.447998046875,109.86483764648438
mp-aaabdbax,31.190000534057617,27.626392364501953
mp-aaabxcld,6.370999813079834,38.32307434082031
mp-aaacehwi,12.854000091552734,15.42388916015625
mp-aaacdpwa,28.170000076293945,21.879043579101562
mp-aaacedqq,22.586999893188477,34.435508728027344
mp-aaabgnkl,80.60099792480469,75.63450622558594
mp-aaabhais,82.09700012207031,88.87663269042969
mp-aaabghxj,105.51399993896484,103.89680480957031
mp-aaacqhqp,11.095999717712402,8.283565521240234
mp-aaaaaqse,10.343000411987305,15.242952346801758
mp-aaabeuyh,36.757999420166016,36.27942657470703
mp-aaabglkm,1.2389999628067017,3.348041534423828
mp-aaaaarrn,32.564998626708984,24.12607765197754
mp-aaaaafgu,70.85600280761719,64.70417785644531
mp-aaabxezv,16.179000854492188,22.21249771118164
mp-aaaaahmo,13.984999656677246,21.647539138793945
mp-aaaacbzc,51.15800094604492,42.38471221923828
mp-aaacdsad,86.51599884033203,64.4266128540039
mp-aaacfkqb,-5.789999961853027,7.514739990234375
mp-aaabkppn,9.309000015258789,-0.06896591186523438
mp-aaabxgwh,20.33799934387207,19.305503845214844
mp-aaacgiyj,70.71900177001953,45.41143798828125
mp-aaacflvu,122.50599670410156,110.42662048339844
mp-aaabxcdk,39.66899871826172,39.599979400634766
mp-aaabeepz,120.44200134277344,115.60411071777344
mp-aaaaaksj,4.118000030517578,31.633079528808594
mp-aaaabuaw,81.83699798583984,80.84768676757812
mp-aaabmmwo,17.426000595092773,28.702232360839844
mp-aaacdspz,20.29599952697754,32.00906753540039
mp-aaacfkpy,3.250999927520752,8.968551635742188
mp-aaaabumd,87.3280029296875,78.27067565917969
mp-aaaaabrl,79.37799835205078,70.9324951171875
mp-aaaaajjb,40.58599853515625,38.076297760009766
mp-aaacdoei,4.315999984741211,8.997779846191406
mp-aaabxfgl,15.649999618530273,26.83506202697754
mp-aaaaaotc,63.95500183105469,48.47004699707031
mp-aaaaalig,55.926998138427734,48.866050720214844
mp-aaaabjli,18.246000289916992,15.754297256469727
mp-aaaaadwf,74.20899963378906,57.48747253417969
mp-aaaaaqbh,35.98500061035156,43.52134323120117
mp-aaacfzdi,28.774999618530273,18.727033615112305
mp-aaaaasrv,54.76499938964844,63.71495056152344
mp-aaaaaoyw,94.85099792480469,73.00749206542969
mp-aaacfycl,-62.874000549316406,-29.58926773071289
mp-aaaaaalf,130.4429931640625,118.62068176269531
mp-aaabxjvj,31.011999130249023,28.640823364257812
mp-aaabxdqe,25.798999786376953,22.024118423461914
mp-aaaacbth,45.62300109863281,52.582855224609375
mp-aaabxfvv,14.402999877929688,20.927106857299805
mp-aaaaalac,17.165000915527344,15.756542205810547
mp-aaabjyep,0.640999972820282,19.869001388549805
mp-aaaaadrl,30.525999069213867,33.7223014831543
mp-aaacevzt,17.50200080871582,16.849693298339844
mp-aaabxchj,26.56399917602539,19.162673950195312
mp-aaaabdya,37.29600143432617,42.232322692871094
mp-aaaaarcd,25.047000885009766,23.889629364013672
mp-aaabfwjo,23.124000549316406,31.486644744873047
mp-aaacdsgh,40.176998138427734,29.073795318603516
mp-aaabxjse,84.18900299072266,93.28105163574219
mp-aaaaamuq,113.3759994506836,108.70378112792969
mp-aaabxgwo,27.198999404907227,37.016746520996094
mp-aaaabdzl,28.965999603271484,43.17802047729492
mp-aaaaamrm,32.08700180053711,27.52631378173828
mp-aaadcdgv,32.37900161743164,42.036834716796875
mp-aaaaaoud,130.5760040283203,137.1501922607422
mp-aaaaanku,16.5310001373291,18.21558380126953
mp-aaabxfqc,136.36099243164062,146.8269805908203
mp-aaaaadpm,71.61100006103516,75.5553207397461
mp-aaaceakh,4.650000095367432,3.4592971801757812
mp-aaaaaanh,90.67900085449219,91.52841186523438
mp-aaacgiht,74.3949966430664,86.58552551269531
mp-aaabewxh,25.93400001525879,23.056293487548828
mp-aaaabphg,95.50499725341797,89.60248565673828
mp-aaaabewq,135.34800720214844,110.23130798339844
mp-aaabfhos,53.073001861572266,53.169395446777344
mp-aaacfzpq,29.72100067138672,25.50139617919922
mp-aaacfsit,95.90899658203125,91.94113159179688
mp-aaacrgvr,167.3249969482422,159.05801391601562
mp-aaacrdqk,193.02200317382812,166.41720581054688
mp-aaacfriq,49.13100051879883,49.302059173583984
mp-aaaaainu,11.75100040435791,33.93068313598633
mp-aaaaaems,48.744998931884766,44.391876220703125
mp-aaaaaduf,108.1780014038086,95.86459350585938
mp-aaaaabfe,50.25299835205078,48.27885818481445
mp-aaaaaedn,159.25100708007812,115.23660278320312
mp-aaaabfjz,29.489999771118164,29.15392303466797
mp-aaacidma,-96.39099884033203,-101.01910400390625
mp-aaaaaqwx,43.659000396728516,45.057586669921875
mp-aaaabezd,58.57500076293945,54.991249084472656
mp-aaaaadgv,40.255001068115234,21.08185577392578
mp-aaaaaida,55.11199951171875,57.98865509033203
mp-aaacfzal,51.43600082397461,53.81639099121094
mp-aaacdqbt,92.74700164794922,98.19070434570312
mp-aaaabgqf,31.29400062561035,32.06057357788086
mp-aaabxfoc,102.9800033569336,91.09693908691406
mp-aaabfjgf,37.16600036621094,35.306034088134766
mp-aaabjydc,-104.98899841308594,-61.1159782409668
mp-aaacrqdr,195.75599670410156,180.55889892578125
mp-aaaaaivx,86.08499908447266,66.04548645019531
mp-aaacgoqg,48.95899963378906,41.235015869140625
mp-aaacdirt,28.524999618530273,32.23918151855469
mp-aaaaahzr,83.177001953125,70.83279418945312
mp-aaaabesf,77.45600128173828,75.37934112548828
mp-aaaaagdy,58.915000915527344,49.54937744140625
mp-aaabxhby,13.12600040435791,12.866853713989258
mp-aaacdxtm,131.50799560546875,151.5528564453125
mp-aaaabemd,42.25,35.529579162597656
mp-aaabjfrj,29.117000579833984,39.217384338378906
mp-aaagbwbn,4.861000061035156,-4.548130035400391
mp-aaaaatke,91.65699768066406,90.03346252441406
mp-aaaaakzw,17.070999145507812,20.0842342376709
mp-aaaaaorg,35.0629997253418,24.727190017700195
mp-aaaaayfl,-10.960000038146973,3.572784423828125
mp-aaaaamep,84.61000061035156,99.49160766601562
mp-aaabxfqt,73.23500061035156,57.87620162963867
mp-aaaaahjn,35.54899978637695,42.956729888916016
mp-aaaabswz,28.716999053955078,22.178842544555664
mp-aaabxfoi,31.582000732421875,43.384342193603516
mp-aaaabiho,8.22700023651123,10.473163604736328
mp-aaacdswp,25.076000213623047,23.415462493896484
mp-aaabghlg,36.0359992980957,28.816635131835938
mp-aaaaadmi,46.20199966430664,31.980609893798828
mp-aaaaapbr,29.55299949645996,31.987220764160156
mp-aaaaaqqd,17.018999099731445,20.13993263244629
mp-aaaaafga,98.23500061035156,101.49459838867188
mp-aaaaahxr,14.059000015258789,34.248809814453125
mp-aaabxjxo,47.77000045776367,42.87773895263672
mp-aaaaadkz,14.062000274658203,11.136425018310547
mp-aaaabtbl,50.279998779296875,51.69530487060547
mp-aaaabtnb,13.479999542236328,6.616626739501953
mp-aaacqxfa,174.98599243164062,149.0989990234375
mp-aaabewkr,26.55500030517578,34.403587341308594
mp-aaaaaggv,12.87600040435791,6.393745422363281
mp-aaaaaoaw,13.569999694824219,23.949621200561523
mp-aaaaaovp,102.36399841308594,115.52137756347656
mp-aaabxfam,2.240000009536743,1.8888473510742188
mp-aaabxcpu,1.746999979019165,10.480087280273438
mp-aaacdsxn,16.77199935913086,24.05016326904297
mp-aaabglyo,7.751999855041504,6.6507568359375
mp-aaaaacpf,7.260000228881836,8.4569091796875
mp-aaabghze,52.4109992980957,53.26052474975586
mp-aaaaadto,98.4260025024414,84.2855224609375
mp-aaaabhaj,31.208999633789062,24.377771377563477
mp-aaaabsqu,74.7509994506836,84.61343383789062
mp-aaaaaoku,26.110000610351562,30.82386016845703
mp-aaaaaabp,1.9320000410079956,8.106109619140625
mp-aaaaaaop,2.938999891281128,20.686893463134766
mp-aaaaapsd,39.77399826049805,31.083038330078125
mp-aaacdrer,18.96500015258789,17.870275497436523
mp-aaaabdzj,15.8149995803833,16.855688095092773
mp-aaaabzor,8.843999862670898,7.449901580810547
mp-aaaaadez,146.4759979248047,157.03541564941406
mp-aaaaastw,34.89099884033203,29.849491119384766
mp-aaaabpad,33.91999816894531,100.94842529296875
mp-aaacfixq,-10.60099983215332,34.255550384521484
mp-aaacetaa,41.42499923706055,39.85630798339844
mp-aaacdycs,34.7400016784668,42.118465423583984
mp-aaaaadcw,46.6870002746582,26.889535903930664
mp-aaaabzdz,16.325000762939453,29.394596099853516
mp-aaacevui,126.0459976196289,96.52690887451172
mp-aaabmjtm,15.062999725341797,21.36490821838379
mp-aaacgiqz,52.0,45.19786834716797
mp-aaaaahhi,52.165000915527344,57.133819580078125
mp-aaacezzu,35.297000885009766,28.966629028320312
mp-aaaaayei,93.19999694824219,82.54405212402344
mp-aaacestw,103.36399841308594,126.45750427246094
mp-aaaaaiha,48.76900100708008,28.182289123535156
mp-aaaaauvx,22.128999710083008,24.554298400878906
mp-aaabxjql,64.27200317382812,53.69777297973633
mp-aaabgjfi,17.113000869750977,23.37430191040039
mp-aaaaadru,51.4630012512207,43.99761962890625
mp-aaacfliu,-52.904998779296875,-19.503673553466797
mp-aaabjybt,20.655000686645508,25.38620948791504
mp-aaaabuja,44.34000015258789,29.094120025634766
mp-aaabftlh,28.90399932861328,47.293975830078125
mp-aaaaabme,27.80299949645996,32.46147918701172
mp-aaacfxzx,19.56100082397461,40.907833099365234
mp-aaaaamlb,24.042999267578125,20.721351623535156
mp-aaaaaquy,47.007999420166016,40.48197555541992
mp-aaaabjcr,49.112998962402344,31.33644676208496
mp-aaabqyrr,101.44300079345703,102.97731018066406
mp-aaacezzz,22.5049991607666,28.338214874267578
mp-aaaaagwp,54.3390007019043,55.64978790283203
mp-aaaditgp,56.29399871826172,48.87002944946289
mp-aaacgped,29.77400016784668,33.42713165283203
mp-aaaaadcx,23.972999572753906,21.210744857788086
mp-aaabxhbn,15.34000015258789,17.7524471282959
mp-aaacdjfo,15.277000427246094,10.933080673217773
mp-aaabxiuz,18.365999221801758,16.956951141357422
mp-aaaaawkz,14.70199966430664,15.282854080200195
mp-aaabmhda,3.555000066757202,12.537178039550781
mp-aaaaaqpv,58.22800064086914,59.057762145996094
mp-aaabxfjt,69.36100006103516,71.21025085449219
mp-aaabggxl,36.737998962402344,43.9088020324707
mp-aaacfkdl,-43.138999938964844,-54.600345611572266
mp-aaacdnzu,23.323999404907227,22.30817985534668
mp-aaaabgwb,53.983001708984375,41.30219650268555
mp-aaacgoyc,72.58399963378906,63.25220489501953
mp-aaaaanwt,28.46500015258789,27.187641143798828
mp-aaaaatje,98.35199737548828,94.0851821899414
mp-aaaaaqdb,96.77899932861328,44.048641204833984
mp-aaaabgjj,29.54599952697754,27.355690002441406
mp-aaaaalur,36.92499923706055,30.78858184814453
mp-aaaabsxk,20.815000534057617,17.723770141601562
mp-aaaaacpu,62.27000045776367,52.953643798828125
mp-aaabxaae,19.72800064086914,18.60283088684082
mp-aaabgjpc,34.94599914550781,45.25129318237305
mp-aaaaaqnp,48.72100067138672,60.64611053466797
mp-aaabxcky,-5.434000015258789,5.08685302734375
mp-aaacfyaq,33.14500045776367,18.72960662841797
mp-aaabxgoe,22.062000274658203,18.94434356689453
mp-aaaaauqm,9.083999633789062,13.664220809936523
mp-aaacfzwp,156.6009979248047,159.62908935546875
mp-aaaabdhw,35.69499969482422,36.00436782836914
mp-aaaaasup,30.121999740600586,33.303367614746094
mp-aaaabham,89.66400146484375,82.31831359863281
mp-aaabxgxt,19.31599998474121,17.25327491760254
mp-aaabpbaw,14.763999938964844,14.928607940673828
mp-aaacgpnr,59.00199890136719,86.74894714355469
mp-aaacginx,15.977999687194824,21.61858558654785
mp-aaaaadwa,14.227999687194824,7.242725372314453
mp-aaaaaewz,53.07099914550781,55.47223663330078
mp-aaaaaoni,3.5829999446868896,17.889774322509766
mp-aaaaaltv,26.736000061035156,26.329486846923828
mp-aaacdyto,-19.549999237060547,-17.3934326171875
mp-aaaaajqe,30.68600082397461,37.01509475708008
mp-aaaaaark,83.07599639892578,80.19332885742188
mp-aaabxffk,50.30500030517578,31.773517608642578
mp-aaaaaeok,31.079999923706055,40.96734619140625
mp-aaaaafqi,50.755001068115234,71.96070861816406
mp-aaaabyof,17.70199966430664,20.917781829833984
mp-aaaabqxt,12.26200008392334,12.57718276977539
mp-aaadbymz,32.665000915527344,19.907957077026367
mp-aaaeijno,23.695999145507812,31.78243637084961
mp-aaacgpgw,58.89699935913086,46.16462326049805
mp-aaacgdje,104.31400299072266,36.69426727294922
mp-aaabqyza,84.01399993896484,100.18115234375
mp-aaaaalov,45.45199966430664,48.00587844848633
mp-aaaaabnl,37.3380012512207,46.14040756225586
mp-aaaaabdm,105.87999725341797,92.24694061279297
mp-aaaaahmv,119.72000122070312,124.12020874023438
mp-aaaaahqr,88.63800048828125,81.43755340576172
mp-aaabffgl,-29.993999481201172,32.54391860961914
mp-aaabglps,46.250999450683594,33.339073181152344
mp-aaacdifx,83.78600311279297,81.9942626953125
mp-aaaaaggy,33.3390007019043,37.97753143310547
mp-aaaaaoxy,54.19499969482422,52.62293243408203
mp-aaaaaepd,89.34100341796875,88.53475189208984
mp-aaabqwuv,16.527000427246094,25.29217529296875
mp-aaacdiqw,17.722999572753906,21.156850814819336
mp-aaacdpax,15.23799991607666,10.605228424072266
mp-aaaaalob,48.32600021362305,67.62655639648438
mp-aaaabfoz,39.80400085449219,25.0867919921875
mp-aaaabpqn,6.046000003814697,11.649166107177734
mp-aaaaaaau,111.4540023803711,88.75181579589844
mp-aaabrxbr,53.71500015258789,55.328041076660156
mp-aaabgmnr,48.369998931884766,45.89983367919922
mp-aaaaaqhn,14.013999938964844,-0.3881034851074219
mp-aaabjoqo,79.12300109863281,84.7384262084961
mp-aaaaakxg,36.25699996948242,40.76313781738281
mp-aaacgill,59.702999114990234,54.04425048828125
mp-aaaaarlm,29.194000244140625,26.344554901123047
mp-aaacdkqs,21.11199951171875,19.13098907470703
mp-aaaabuay,82.26200103759766,72.36410522460938
mp-aaacdhrk,15.75,41.96628952026367
mp-aaaabdgw,43.51300048828125,28.9617977142334
mp-aaaaadsr,84.29399871826172,76.06779479980469
mp-aaaaaaqz,5.848999977111816,10.248050689697266
mp-aaaaacec,102.50599670410156,84.64253234863281
mp-aaabgllb,167.5570068359375,172.47283935546875
mp-aaaccsrc,40.96500015258789,34.405906677246094
mp-aaaaapms,113.62000274658203,100.82270812988281
mp-aaacfkyg,10.861000061035156,10.099102020263672
mp-aaaabqnx,9.017000198364258,3.321563720703125
mp-aaabjygp,-12.20199966430664,36.06784439086914
mp-aaaabtun,1.0640000104904175,13.243072509765625
mp-aaabgqtn,3.5869998931884766,4.649784088134766
mp-aaabxhhw,32.474998474121094,30.839126586914062
mp-aaaabtrk,40.547000885009766,38.70777893066406
mp-aaacrlhv,188.51400756835938,200.74066162109375
mp-aaabxhjl,-52.441001892089844,-2.8807296752929688
mp-aaaabfjy,13.52400016784668,8.980037689208984
mp-aaaabyzr,29.444000244140625,29.001726150512695
mp-aaabfwsh,44.50400161743164,51.57133102416992
mp-aaabgiyg,-21.833999633789062,-18.89986801147461
mp-aaabxapq,161.01199340820312,156.1576385498047
mp-aaaabgvn,148.4029998779297,94.12551879882812
mp-aaacdoez,84.98699951171875,94.27896881103516
mp-aaacewck,90.29900360107422,76.30021667480469
mp-aaaabrcq,27.584999084472656,32.26578140258789
mp-aaacdvtg,44.09700012207031,52.25773620605469
mp-aaaaaoyo,14.305999755859375,12.036235809326172
mp-aaabscaq,17.871000289916992,29.106117248535156
mp-aaacfxzm,21.89299964904785,16.318187713623047
mp-aaaaabus,71.56800079345703,63.966976165771484
mp-aaacfxzs,77.0260009765625,75.34744262695312
mp-aaabxfnx,-81.63400268554688,35.52342987060547
mp-aaaaalgg,90.65899658203125,77.03459930419922
mp-aaaaardi,65.38400268554688,45.07074737548828
mp-aaaaamvo,51.099998474121094,35.491695404052734
mp-aaaaaamw,39.279998779296875,24.774505615234375
mp-aaaciwgq,47.81999969482422,53.356346130371094
mp-aaabxfli,16.7450008392334,6.802154541015625
mp-aaaabeer,88.20999908447266,99.79942321777344
mp-aaabxfmk,46.24599838256836,36.73992919921875
mp-aaaabopk,3.242000102996826,9.354572296142578
mp-aaaabdfa,19.323999404907227,35.95966339111328
mp-aaaaamjw,13.822999954223633,13.489091873168945
mp-aaaaagln,77.98799896240234,65.10233306884766
mp-aaaabfjl,48.95199966430664,34.830196380615234
mp-aaacdrzk,3.2309999465942383,20.50444793701172
mp-aaabetzj,2.2839999198913574,-3.1703948974609375
mp-aaacdmjy,0.1679999977350235,7.604114532470703
mp-aaacfyxz,22.777000427246094,18.06873321533203
mp-aaaaaoep,20.695999145507812,23.62773895263672
mp-aaacdhnd,5.968999862670898,0.2402496337890625
mp-aaaaamwt,5.500999927520752,14.26416015625
mp-aaabgjnn,69.36399841308594,135.72653198242188
mp-aaaaagel,66.45099639892578,69.57475280761719
mp-aaaaanet,15.031000137329102,12.826507568359375
mp-aaaaaanm,35.8849983215332,43.9140510559082
mp-aaaabfgb,49.22999954223633,44.49482345581055
mp-aaacdjcm,53.36899948120117,65.38972473144531
mp-aaaaacfi,15.302000045776367,20.394428253173828
mp-aaabmlhz,21.643999099731445,16.638938903808594
mp-aaaabhzo,8.571000099182129,20.46856689453125
mp-aaabxgbx,27.045000076293945,24.014490127563477
mp-aaaaasxf,-89.42500305175781,-91.85202026367188
mp-aaabxgtv,34.244998931884766,33.1304931640625
mp-aaabqxmd,42.917999267578125,41.1367073059082
mp-aaaaasof,110.6050033569336,101.02191925048828
mp-aaacehzn,8.670999526977539,15.317754745483398
mp-aaabxhkd,107.5999984741211,96.77244567871094
mp-aaaabulb,59.85300064086914,43.68622970581055
mp-aaaaaosg,100.14600372314453,75.79835510253906
mp-aaaabibd,15.100000381469727,12.688587188720703
mp-aaabmhvf,-10.095999717712402,-18.527191162109375
mp-aaacdnrd,34.435001373291016,42.734413146972656
mp-aaaaahfc,28.66200065612793,21.45949363708496
mp-aaacdhwm,46.09299850463867,47.89651870727539
mp-aaaaaern,19.434999465942383,12.739694595336914
mp-aaacdmjr,1.5449999570846558,-1.2207069396972656
mp-aaaaaosn,44.80500030517578,41.550113677978516
mp-aaaabtnp,41.733001708984375,27.155975341796875
mp-aaaaarmf,82.49400329589844,79.22200012207031
mp-aaabxfma,87.375,71.41497039794922
mp-aaaaabcf,28.881000518798828,30.214149475097656
mp-aaaaapff,12.571999549865723,8.094963073730469
mp-aaabminb,93.12300109863281,98.1305923461914
mp-aaabjycp,20.357999801635742,25.201866149902344
mp-aaabxgbk,20.48200035095215,18.358112335205078
mp-aaaaagtl,63.137001037597656,53.731544494628906
mp-aaabxhco,50.23099899291992,52.33821487426758
mp-aaaacakf,91.62100219726562,69.09745788574219
mp-aaaffcsd,42.03499984741211,55.169498443603516
mp-aaaabjqu,40.994998931884766,30.916561126708984
mp-aaabgnbs,15.392000198364258,16.421796798706055
mp-aaaaalyc,187.24600219726562,193.3966522216797
mp-aaabfyet,3.4749999046325684,8.648067474365234
mp-aaaaayuh,46.029998779296875,50.23431396484375
mp-aaacdogt,5.748000144958496,28.205955505371094
mp-aaabxhel,100.83399963378906,102.81253814697266
mp-aaabjygn,-22.722000122070312,-31.882152557373047
mp-aaacdhzj,36.66999816894531,50.862464904785156
mp-aaackkmp,76.98899841308594,89.34384155273438
mp-aaaaaepo,83.91000366210938,87.60881042480469
mp-aaaabtum,0.7720000147819519,8.625049591064453
mp-aaabqwei,-19.91900062561035,19.273412704467773
mp-aaaaaiag,14.88599967956543,17.088363647460938
mp-aaaaaxfg,9.944000244140625,21.032018661499023
mp-aaabxjvf,41.1510009765625,30.950159072875977
mp-aaacfkuv,103.43099975585938,90.93138122558594
mp-aaaaayea,-100.85299682617188,-122.59962463378906
mp-aaabgkjy,184.0760040283203,146.20709228515625
mp-aaabxjuj,103.76699829101562,111.12251281738281
mp-aaaaabci,34.45000076293945,24.387710571289062
mp-aaaaabpd,95.03099822998047,115.06866455078125
mp-aaabilyt,52.16899871826172,47.47844314575195
mp-aaaaaaxf,84.59400177001953,85.76901245117188
mp-aaabghxz,20.018999099731445,15.706722259521484
mp-aaabgkrf,6.919000148773193,4.622943878173828
mp-aaacdpod,16.715999603271484,17.94516372680664
mp-aaabxftn,18.191999435424805,15.679828643798828
mp-aaaaaemp,34.20000076293945,39.96529769897461
mp-aaaaahbv,40.74300003051758,56.63754653930664
mp-aaabmnzj,19.52199935913086,17.88731575012207
mp-aaaaaiac,111.40699768066406,103.59894561767578
mp-aaaaalez,52.90599822998047,82.51644897460938
mp-aaacgine,28.85099983215332,36.72555160522461
mp-aaaaaceu,53.38199996948242,43.68790054321289
mp-aaaaatgh,62.104000091552734,34.63341522216797
mp-aaabghsu,9.675999641418457,12.469202041625977
mp-aaabgmxb,3.1419999599456787,1.2307815551757812
mp-aaaaatxk,67.7699966430664,57.959312438964844
mp-aaacfzvc,24.913999557495117,19.661741256713867
mp-aaabxggg,113.14099884033203,125.34880065917969
mp-aaacfakw,-40.375999450683594,12.654207229614258
mp-aaaabhza,10.994000434875488,15.45734977722168
mp-aaabrgvg,24.292999267578125,28.328102111816406
mp-aaabgill,10.642999649047852,8.272026062011719
mp-aaaabgie,27.4689998626709,8.59454345703125
mp-aaabxfhm,86.11000061035156,76.71026611328125
mp-aaaabdhv,54.939998626708984,59.39433288574219
mp-aaacfyzo,60.25699996948242,76.4052734375
mp-aaaabubq,53.98699951171875,51.09321212768555
mp-aaaabrjg,14.373000144958496,24.659557342529297
mp-aaaaaqvz,71.10199737548828,61.544403076171875
mp-aaabxdrv,26.464000701904297,26.8452091217041
mp-aaaaarwj,64.05000305175781,63.542579650878906
mp-aaabqxbi,50.55099868774414,43.63304901123047
mp-aaabxaqv,22.36400032043457,20.003881454467773
mp-aaacflwi,47.8129997253418,-3.249065399169922
mp-aaacjkhi,135.9969940185547,66.99039459228516
mp-aaaaarpb,57.180999755859375,59.884246826171875
mp-aaacdkri,71.53399658203125,65.11819458007812
mp-aaafhsgi,17.97599983215332,26.527677536010742
mp-aaaabdyv,108.08899688720703,101.65403747558594
mp-aaabgjdq,16.66699981689453,-8.346973419189453
mp-aaabjxzp,-10.83899974822998,-34.07999801635742
mp-aaacdmuj,1.5820000171661377,33.07950210571289
mp-aaaaapmr,82.3550033569336,95.57096099853516
mp-aaaaadst,95.10299682617188,95.39508056640625
mp-aaacehuv,-18.145000457763672,7.257251739501953
mp-aaabglvq,93.79199981689453,114.23420715332031
mp-aaaabqih,191.08999633789062,160.7156219482422
mp-aaacdrym,30.881000518798828,30.38347053527832
mp-aaaabdux,111.10099792480469,101.46967315673828
mp-aaaaabzq,37.05799865722656,31.98708724975586
mp-aaaaadrv,28.368000030517578,26.224519729614258
mp-aaaaarmd,51.981998443603516,45.17255401611328
mp-aaacfxyw,14.295999526977539,18.123544692993164
mp-aaabxhbo,23.937999725341797,14.780252456665039
mp-aaaabsrw,69.552001953125,68.1389389038086
mp-aaaaauot,19.106000900268555,35.0406494140625
mp-aaaabfnc,4.89300012588501,7.840190887451172
mp-aaaaafwb,33.18199920654297,31.151092529296875
mp-aaaaasuf,43.12099838256836,51.28754425048828
mp-aaabfxud,26.94099998474121,51.450653076171875
mp-aaabetsr,2.6559998989105225,5.766819000244141
mp-aaaaafux,101.13800048828125,76.78349304199219
mp-aaabxgxv,51.02000045776367,42.80375289916992
mp-aaaabtrp,16.996000289916992,5.529758453369141
mp-aaaaaoqb,5.715000152587891,9.149543762207031
mp-aaaabfbf,42.77799987792969,43.70720291137695
mp-aaabglhy,122.91600036621094,74.20844268798828
mp-aaaaabyr,57.70199966430664,61.85786819458008
mp-aaabxfkt,33.54999923706055,24.77857780456543
mp-aaabxglm,24.558000564575195,20.16193389892578
mp-aaabxjvy,123.7959976196289,113.13581848144531
mp-aaaabsxu,21.025999069213867,33.92514419555664
mp-aaabgicl,-19.284000396728516,-16.118175506591797
mp-aaaabtzk,63.154998779296875,57.432064056396484
mp-aaaaaftp,20.98200035095215,20.162538528442383
mp-aaaaaelb,22.71500015258789,34.58650207519531
mp-aaacevtw,-85.27100372314453,-66.40919494628906
mp-aaabxitb,26.05500030517578,27.92794418334961
mp-aaaaaxtl,19.986000061035156,43.12274932861328
mp-aaaaadak,1.0800000429153442,33.672950744628906
mp-aaaaaaom,17.2810001373291,20.33393096923828
mp-aaaaacsh,23.312999725341797,38.10429382324219
mp-aaaabfmi,10.788999557495117,14.751192092895508
mp-aaacgpla,75.63200378417969,101.49343872070312
mp-aaacdlya,22.597999572753906,26.23715591430664
mp-aaaaadhb,96.28800201416016,83.91693115234375
mp-aaacdhuq,15.75,67.29855346679688
mp-aaaabfsz,118.54399871826172,133.61126708984375
mp-aaaabala,35.96200180053711,25.496591567993164
mp-aaacdnlp,27.632999420166016,22.18902587890625
mp-aaabxapz,71.1259994506836,55.00251770019531
mp-aaaaasyg,90.94000244140625,102.20893859863281
mp-aaacevtb,100.072998046875,92.38072204589844
mp-aaabshlc,25.334999084472656,27.881153106689453
mp-aaaaalow,72.30699920654297,46.60954284667969
mp-aaaaabby,10.038000106811523,16.3156681060791
mp-aaacfknb,-24.454999923706055,-19.243209838867188
mp-aaabxbwb,37.97700119018555,38.17555236816406
mp-aaabjxzn,14.125,25.514484405517578
mp-aaaaabva,156.40899658203125,171.07894897460938
mp-aaaaakng,26.841999053955078,27.710514068603516
mp-aaaaandh,60.30400085449219,50.79948806762695
mp-aaacdpfs,38.430999755859375,45.47689437866211
mp-aaaabfad,39.62900161743164,33.90312957763672
mp-aaabfrjx,94.70800018310547,88.97207641601562
mp-aaaabtll,4.928999900817871,4.050876617431641
mp-aaaccson,74.1500015258789,59.38047790527344
mp-aaabxgjh,2.378999948501587,5.085842132568359
mp-aaaabilm,2.611999988555908,9.130973815917969
mp-aaaaaxjr,138.3730010986328,204.73411560058594
mp-aaaaaebb,73.32099914550781,61.63567352294922
mp-aaaabjfe,6.9120001792907715,8.432647705078125
mp-aaacehuy,-7.138000011444092,16.41101837158203
mp-aaaewpfx,37.194000244140625,35.19737243652344
mp-aaabmnpg,3.434999942779541,12.335502624511719
mp-aaacdpry,0.8259999752044678,14.287919998168945
mp-aaacpkpn,1.6230000257492065,2.7670936584472656
mp-aaaaadwk,-12.335000038146973,34.01141357421875
mp-aaaaager,79.34500122070312,85.95936584472656
mp-aaacfadg,85.48899841308594,43.588924407958984
mp-aaacgitm,53.224998474121094,43.583824157714844
mp-aaaabwhl,-36.106998443603516,14.791378021240234
mp-aaaaafht,47.91699981689453,34.33634948730469
mp-aaaabhex,62.474998474121094,56.03681564331055
mp-aaacdlfh,30.97100067138672,32.449161529541016
mp-aaaabuaa,24.108999252319336,25.15724754333496
mp-aaaaalfd,6.563000202178955,7.803417205810547
mp-aaacdmkn,182.6439971923828,185.27626037597656
mp-aaaabpjw,12.791000366210938,8.233158111572266
mp-aaaaaayw,19.440000534057617,21.44673728942871
mp-aaaaaiox,73.927001953125,69.87800598144531
mp-aaaabhkr,70.26899719238281,81.5279541015625
mp-aaaaanjd,44.07899856567383,30.08697509765625
mp-aaabgjol,17.489999771118164,21.052764892578125
mp-aaabqzhn,63.525001525878906,54.55124282836914
mp-aaadiszd,40.16899871826172,49.289337158203125
mp-aaaaaamy,24.10300064086914,19.53354835510254
mp-aaabxbns,-15.621999740600586,29.57876205444336
mp-aaacdtqf,14.682999610900879,4.271026611328125
mp-aaaaaqxr,38.68600082397461,45.875640869140625
mp-aaaaauer,42.573001861572266,48.15935134887695
mp-aaabglss,11.21500015258789,2.2283668518066406
mp-aaaabueu,8.574000358581543,7.389591217041016
mp-aaaaacjw,14.567999839782715,24.637229919433594
mp-aaacfiyr,159.06700134277344,143.03668212890625
mp-aaacdzsc,26.67300033569336,37.08087158203125
mp-aaaabejh,29.80500030517578,29.077247619628906
mp-aaabewrb,131.74000549316406,147.7412109375
mp-aaaaagfd,34.382999420166016,21.30571746826172
mp-aaabxfwc,11.425999641418457,57.07352066040039
mp-aaabxixp,11.581999778747559,15.422203063964844
mp-aaacdxas,-9.01200008392334,4.289226531982422
mp-aaabjzhi,0.009999999776482582,0.9939155578613281
mp-aaaaajji,45.755001068115234,51.07984161376953
mp-aaaaagjk,30.32699966430664,34.34307861328125
mp-aaaaaeni,103.01499938964844,81.9639663696289
mp-aaaabhpt,25.459999084472656,17.388166427612305
mp-aaabxjut,3.618000030517578,19.010915756225586
mp-aaackurx,11.300000190734863,18.584884643554688
mp-aaaaaezf,51.645999908447266,67.83235168457031
mp-aaacdres,20.038000106811523,12.256711959838867
mp-aaabqymy,61.59600067138672,67.13553619384766
mp-aaaaaefe,76.26799774169922,44.97760772705078
mp-aaaabfbp,40.30500030517578,57.711387634277344
mp-aaabxgtg,76.36799621582031,43.601505279541016
mp-aaabxclv,24.663999557495117,14.733156204223633
mp-aaabghni,17.290000915527344,23.336942672729492
mp-aaacdrzy,6.919000148773193,4.520603179931641
mp-aaabqypu,14.836000442504883,12.400182723999023
mp-aaaaaqme,14.024999618530273,5.682838439941406
mp-aaacfycn,99.93900299072266,36.934242248535156
mp-aaaacaqx,37.7760009765625,29.852947235107422
mp-aaacfydb,29.670000076293945,20.94460105895996
mp-aaacginl,88.2020034790039,87.41560363769531
mp-aaacehvu,49.111000061035156,56.13035202026367
mp-aaacgirg,94.65699768066406,106.71305847167969
mp-aaabxhed,22.983999252319336,20.665071487426758
mp-aaaabovw,112.5270004272461,103.1982421875
mp-aaacdvsv,126.08799743652344,107.86680603027344
mp-aaacffsn,20.93400001525879,18.02617073059082
mp-aaacdnzl,27.55699920654297,29.85662078857422
mp-aaabcugv,14.59000015258789,15.388545989990234
mp-aaaaaaqb,85.072998046875,69.93449401855469
mp-aaaabeaz,25.68000030517578,27.133956909179688
mp-aaabnasd,35.54499816894531,36.4251594543457
mp-aaaaalhn,188.1959991455078,193.1311492919922
mp-aaaaabgm,33.75,39.82707595825195
mp-aaaaakhl,49.979000091552734,50.554351806640625
mp-aaaabeci,53.654998779296875,60.30055236816406
mp-aaabrgwv,5.09499979019165,6.680961608886719
mp-aaaaadbu,25.6200008392334,26.135177612304688
mp-aaaaardn,68.79499816894531,81.51128387451172
mp-aaabxfmd,76.66699981689453,36.18183898925781
mp-aaaabpen,5.702000141143799,12.303878784179688
mp-aaabqwxj,22.371999740600586,48.726314544677734
mp-aaaaacsl,27.27899932861328,25.320533752441406
mp-aaaaaidj,16.270000457763672,22.774799346923828
mp-aaaaacso,21.594999313354492,40.23116683959961
mp-aaabdaxj,20.61400032043457,17.458003997802734
mp-aaaabxxb,4.677999973297119,12.158376693725586
mp-aaabxgvt,33.63999938964844,28.359975814819336
mp-aaacgfwg,18.211999893188477,24.04709243774414
mp-aaaaaror,48.595001220703125,43.125999450683594
mp-aaabxjti,12.473999977111816,10.39276123046875
mp-aaabxhbt,125.21199798583984,127.12995910644531
mp-aaaaarhv,7.235000133514404,18.64164924621582
mp-aaaaaazm,24.256000518798828,39.061485290527344
mp-aaaaacsq,9.644000053405762,13.657905578613281
mp-aaaaaqdd,59.66899871826172,60.59899139404297
mp-aaaabtwz,89.6719970703125,80.03678894042969
mp-aaachcqp,20.18600082397461,12.741376876831055
mp-aaaaacpm,37.69599914550781,31.013370513916016
mp-aaaaaptp,64.43499755859375,36.34587097167969
mp-aaaaafaw,30.992000579833984,35.56867218017578
mp-aaabqztx,25.30299949645996,38.60457229614258
mp-aaaabqeb,7.552000045776367,6.938114166259766
mp-aaacdpns,92.53500366210938,76.97647094726562
mp-aaabxfhe,25.18600082397461,42.66437530517578
mp-aaaaalmh,4.974999904632568,-10.935787200927734
mp-aaaaahrm,38.3129997253418,49.53486251831055
mp-aaaaagsj,35.8390007019043,35.70313262939453
mp-aaaaalqy,32.92300033569336,28.696453094482422
mp-aaacgiof,8.638999938964844,7.077392578125
mp-aaacdzae,10.321999549865723,13.701467514038086
mp-aaaabqyj,16.902999877929688,24.272600173950195
mp-aaacevzy,27.445999145507812,21.75052833557129
mp-aaaabewm,22.6200008392334,34.575077056884766
mp-aaaaaecw,18.27400016784668,24.422521591186523
mp-aaackira,3.4779999256134033,31.695817947387695
mp-aaaabfeh,47.36800003051758,45.06087112426758
mp-aaaaaqwf,99.89900207519531,93.78297424316406
mp-aaaabqoo,42.25699996948242,59.340553283691406
mp-aaacdikz,-5.561999797821045,3.2257308959960938
mp-aaaaaepj,146.8719940185547,142.65513610839844
mp-aaaaacqt,26.32200050354004,17.787532806396484
mp-aaaabugz,37.375999450683594,36.37559509277344
mp-aaaabtjs,55.180999755859375,41.79680633544922
mp-aaaaarhw,76.42500305175781,91.6043472290039
mp-aaacdxbh,18.149999618530273,11.467981338500977
mp-aaabctxc,68.17500305175781,75.70208740234375
mp-aaacfxge,28.43899917602539,32.58916473388672
mp-aaacdpvz,30.527999877929688,21.98859977722168
mp-aaabfayb,16.75200080871582,22.607070922851562
mp-aaaaacpd,55.025001525878906,46.78496551513672
mp-aaaabqpp,62.62099838256836,67.80571746826172
mp-aaacfjnx,76.572998046875,83.87285614013672
mp-aaaaacjl,92.0780029296875,43.90377426147461
mp-aaaabetr,10.114999771118164,62.645103454589844
mp-aaaaabvh,26.441999435424805,30.24407196044922
mp-aaaaakpt,44.95800018310547,50.690147399902344
mp-aaaaagjb,46.45899963378906,56.71830749511719
mp-aaaaatsk,90.6259994506836,83.71577453613281
mp-aaabxiwg,12.697999954223633,14.508977890014648
mp-aaaabsth,34.46699905395508,54.270572662353516
mp-aaabxaom,31.77199935913086,31.710914611816406
mp-aaabgjek,48.12900161743164,52.10922622680664
mp-aaaaadci,49.823001861572266,46.405120849609375
mp-aaaaamgw,19.878000259399414,30.19483757019043
mp-aaacgovg,71.60299682617188,87.76541137695312
mp-aaabxcfw,22.937999725341797,19.41857147216797
mp-aaaaagzz,21.625999450683594,21.79666519165039
mp-aaaaaiqd,103.37899780273438,71.21687316894531
mp-aaaaaiap,71.97899627685547,67.4912338256836
mp-aaaaadrt,29.992000579833984,36.8781852722168
mp-aaacfkur,49.435001373291016,84.1539306640625
mp-aaaaaeaz,38.72700119018555,57.55601119995117
mp-aaacfyzt,58.10300064086914,62.05589294433594
mp-aaabxgml,33.32600021362305,20.724275588989258
mp-aaaaadxn,11.725000381469727,11.256460189819336
mp-aaaaakxh,41.02299880981445,37.369956970214844
mp-aaaaahph,94.08200073242188,95.22824096679688
mp-aaaaaebo,34.78900146484375,24.33504867553711
mp-aaaaacot,-118.01100158691406,-75.47906494140625
mp-aaaaaris,13.407999992370605,13.160221099853516
mp-aaaabejr,35.525001525878906,39.17334747314453
mp-aaaabhwp,15.170000076293945,8.767608642578125
mp-aaadjmyx,8.147000312805176,13.040325164794922
mp-aaaaaasu,18.07900047302246,18.630313873291016
mp-aaabxits,17.739999771118164,15.873321533203125
mp-aaabizzh,9.505999565124512,4.673130035400391
mp-aaaaasnk,23.131000518798828,24.692564010620117
mp-aaadjulw,4.579999923706055,5.301967620849609
mp-aaacgfaq,16.44099998474121,19.71192741394043
mp-aaacdjov,91.0530014038086,90.5487060546875
mp-aaabxchl,12.138999938964844,24.167015075683594
mp-aaaabgih,10.135000228881836,13.23431396484375
mp-aaabxjuz,8.01200008392334,15.68649673461914
mp-aaaaasnv,14.555999755859375,33.96428298950195
mp-aaabxhki,63.50299835205078,58.40902328491211
mp-aaaaareo,62.965999603271484,65.13958740234375
mp-aaacflij,140.2530059814453,93.24449920654297
mp-aaaaavfm,6.519000053405762,12.453237533569336
mp-aaaaaaen,22.39900016784668,35.237918853759766
mp-aaabxfvn,67.56700134277344,69.45668029785156
mp-aaacdjgv,11.21399974822998,10.570363998413086
mp-aaaabezk,62.80500030517578,44.798099517822266
mp-aaacdroq,104.48300170898438,90.30313110351562
mp-aaaaacbn,18.364999771118164,39.18268585205078
mp-aaaabely,26.549999237060547,27.97095489501953
mp-aaaaamdr,63.61399841308594,53.9091796875
mp-aaaaamol,35.58700180053711,38.627906799316406
mp-aaaaalcs,131.37399291992188,138.692138671875
mp-aaaabehl,39.97999954223633,55.18827819824219
mp-aaacebzb,11.67300033569336,10.513202667236328
mp-aaaabicq,15.300999641418457,27.15826416015625
mp-aaabfgwg,85.7229995727539,90.1019058227539
mp-aaabqyel,57.731998443603516,77.2030029296875
mp-aaaaaiie,106.06600189208984,123.38548278808594
mp-aaaaaykw,32.27199935913086,31.187246322631836
mp-aaacgiud,81.23899841308594,72.84223937988281
mp-aaacdhlg,-4.400000095367432,44.77134323120117
mp-aaabnrde,21.524999618530273,21.001691818237305
mp-aaaaacct,42.11800003051758,21.060131072998047
mp-aaacdyjq,25.950000762939453,18.46202278137207
mp-aaabmznw,54.66899871826172,64.15567016601562
mp-aaacgowz,65.05500030517578,51.63196563720703
mp-aaaaaimd,73.13600158691406,56.34027099609375
mp-aaabgkmt,40.9119987487793,39.0994758605957
mp-aaaaaejw,64.21800231933594,64.71542358398438
mp-aaaaadyo,35.33100128173828,42.27800369262695
mp-aaabqxzn,39.78799819946289,53.88655090332031
mp-aaabgkoc,30.562000274658203,22.78693962097168
mp-aaaabgya,32.52199935913086,54.96126174926758
mp-aaaaafmj,85.54399871826172,69.09902954101562
mp-aaaaaimj,41.827999114990234,41.66782760620117
mp-aaaabunr,61.849998474121094,40.93510437011719
mp-aaaaagxv,110.72100067138672,69.34147644042969
mp-aaacdqbp,52.301998138427734,23.18410873413086
mp-aaaaaczz,60.45899963378906,54.14787292480469
mp-aaaaalbn,32.89899826049805,28.356021881103516
mp-aaacdhmo,56.715999603271484,51.16403579711914
mp-aaaaabgy,87.38500213623047,81.76531982421875
mp-aaacgouq,50.69200134277344,48.956844329833984
mp-aaaaaolf,93.4520034790039,113.96141052246094
mp-aaabxiuu,8.432999610900879,9.645027160644531
mp-aaacgivk,68.6050033569336,54.85409927368164
mp-aaaaasxn,13.496000289916992,7.052021026611328
mp-aaaaadvs,180.2169952392578,176.65577697753906
mp-aaacdwor,14.515999794006348,27.816728591918945
mp-aaabgjib,81.3219985961914,93.05457305908203
mp-aaaabdge,17.989999771118164,14.598730087280273
mp-aaacdhmu,51.40999984741211,90.36585235595703
mp-aaadctaf,34.0359992980957,-15.430889129638672
mp-aaaaahgi,34.470001220703125,46.82170867919922
mp-aaaaaeka,13.819000244140625,14.308126449584961
mp-aaacdpyl,44.1870002746582,27.16470718383789
mp-aaaaaduo,16.13599967956543,3.13134765625
mp-aaacfxft,154.1230010986328,163.54867553710938
mp-aaaabduu,115.43499755859375,124.93910217285156
mp-aaaaabki,144.8260040283203,102.77299499511719
mp-aaabqwlv,8.093999862670898,18.728055953979492
mp-aaacevwd,33.16999816894531,15.789794921875
mp-aaaaceby,82.96399688720703,83.11077880859375
mp-aaaabdmn,41.07600021362305,51.862762451171875
mp-aaaabdty,54.729000091552734,46.59112548828125
mp-aaafekwf,29.53499984741211,28.26002311706543
mp-aaaaapfo,85.3290023803711,72.58589172363281
mp-aaaabtfq,24.714000701904297,12.595462799072266
mp-aaaaalxh,1.8730000257492065,2.300945281982422
mp-aaacduhk,28.405000686645508,26.035921096801758
mp-aaaabsxb,14.930000305175781,22.752445220947266
mp-aaacdxzh,3.5480000972747803,16.98128890991211
mp-aaaaadgh,35.96900177001953,34.101654052734375
mp-aaacdpvr,-0.6320000290870667,12.994972229003906
mp-aaacfwgv,64.19100189208984,50.693878173828125
mp-aaaabtag,18.743999481201172,22.290666580200195
mp-aaabgmow,11.654000282287598,12.775659561157227
mp-aaaabhwo,6.5920000076293945,12.590499877929688
mp-aaaaappu,71.10199737548828,52.44593048095703
mp-aaabgibt,70.1500015258789,48.39043045043945
mp-aaaaarhk,59.79800033569336,49.85769271850586
mp-aaabxcgs,27.429000854492188,32.00005340576172
mp-aaacfrou,7.688000202178955,0.32186126708984375
mp-aaaaazox,12.491999626159668,18.030529022216797
mp-aaaaalqf,190.62399291992188,180.4076690673828
mp-aaaaavwz,57.57099914550781,30.099414825439453
mp-aaaaaaiz,56.46099853515625,62.802574157714844
mp-aaaaahhw,30.452999114990234,37.163536071777344
mp-aaaaakjj,48.64899826049805,38.569705963134766
mp-aaacdibf,16.900999069213867,15.297725677490234
mp-aaabqwbi,24.836999893188477,37.40102767944336
mp-aaacdjyi,27.94499969482422,30.777881622314453
mp-aaabxbyz,6.170000076293945,10.94456672668457
mp-aaabxhhp,-19.024999618530273,32.74833297729492
mp-aaaabihf,27.0310001373291,26.38429832458496
mp-aaabxgav,2.2360000610351562,-0.4544029235839844
mp-aaabrpwg,21.638999938964844,29.05200958251953
mp-aaabgmia,0.014999999664723873,1.6949272155761719
mp-aaaabptx,4.202000141143799,2.9171981811523438
mp-aaaaaduu,29.79599952697754,35.61679458618164
mp-aaaaakuf,75.96900177001953,76.998291015625
mp-aaabxixq,44.48500061035156,26.580829620361328
mp-aaaaaevo,22.613000869750977,48.1552734375
mp-aaabgnjh,7.556000232696533,11.498088836669922
mp-aaaabhop,16.520999908447266,23.04395294189453
mp-aaaaabpp,70.61499786376953,79.287109375
mp-aaacfkkv,29.97800064086914,49.26336669921875
mp-aaacflmm,54.5989990234375,41.551597595214844
mp-aaaaaihz,36.571998596191406,31.529788970947266
mp-aaabxaor,31.32200050354004,24.166234970092773
mp-aaacfrka,11.10099983215332,11.459564208984375
mp-aaaaaabt,7.494999885559082,9.20241928100586
mp-aaaaahrx,122.29900360107422,108.15879821777344
mp-aaaacdxg,34.08399963378906,28.686717987060547
mp-aaaaadol,70.91999816894531,46.36054992675781
mp-aaaaaqrj,5.763000011444092,11.832468032836914
mp-aaaabeie,73.9000015258789,80.18867492675781
mp-aaacfzye,41.07899856567383,44.670005798339844
mp-aaafehfz,5.099999904632568,5.297641754150391
mp-aaaaaoxq,52.08599853515625,46.2098274230957
mp-aaaabjqi,10.515999794006348,3.3004074096679688
mp-aaabkkwf,19.143999099731445,22.708450317382812
mp-aaaaayne,20.15399932861328,22.481571197509766
mp-aaaabtgy,13.381999969482422,25.79514503479004
mp-aaabxcek,17.22100067138672,15.264633178710938
mp-aaabqxwp,58.736000061035156,54.82075500488281
mp-aaacflsr,-24.339000701904297,-7.247760772705078
mp-aaaaapsp,42.79199981689453,53.02811813354492
mp-aaaaaowk,115.53299713134766,102.91168212890625
mp-aaaaarvu,99.7040023803711,106.43856811523438
mp-aaaabess,43.90700149536133,35.7586555480957
mp-aaacdreb,22.7189998626709,18.591598510742188
mp-aaaaacwy,14.164999961853027,6.8930511474609375
mp-aaaaalav,10.741999626159668,17.59862518310547
mp-aaabgkle,66.04100036621094,83.91328430175781
mp-aaabxdsa,29.204999923706055,38.58477783203125
mp-aaabfhud,31.398000717163086,29.374664306640625
mp-aaaaavdl,122.95500183105469,146.98757934570312
mp-aaabxbwu,21.382999420166016,18.904850006103516
mp-aaaaadbr,34.22200012207031,24.001338958740234
mp-aaabevma,-0.041999999433755875,-0.44669342041015625
mp-aaadasyd,16.55699920654297,25.308286666870117
mp-aaaaagia,10.520999908447266,12.67685317993164
mp-aaaaaaah,1.0750000476837158,-7.128242492675781
mp-aaaabdic,52.095001220703125,64.82884979248047
mp-aaaaacos,35.0880012512207,27.645301818847656
mp-aaabxapp,43.45500183105469,24.905658721923828
mp-aaaabsbb,30.575000762939453,19.630577087402344
mp-aaaaagaq,81.58399963378906,79.4466552734375
mp-aaaabqdj,11.574999809265137,4.3887939453125
mp-aaabxisz,97.72899627685547,102.5177993774414
mp-aaaaacvr,140.53700256347656,115.72904968261719
mp-aaacebnz,80.81300354003906,44.16981506347656
mp-aaabgjdb,162.76800537109375,130.58929443359375
mp-aaaaarcr,37.507999420166016,42.02304458618164
mp-aaabeuif,1.8480000495910645,3.3325233459472656
mp-aaabxfcn,8.017000198364258,76.27862548828125
mp-aaabxcpd,22.084999084472656,18.355573654174805
mp-aaacgadx,30.371000289916992,49.927696228027344
mp-aaaaangz,69.79100036621094,93.00115203857422
mp-aaaaauhx,43.75699996948242,41.19899368286133
mp-aaaaaahg,86.9280014038086,83.30038452148438
mp-aaacfkjj,194.29200744628906,166.20828247070312
mp-aaaabilt,8.644000053405762,1.577606201171875
mp-aaaaafuj,79.11399841308594,77.65628051757812
mp-aaaabdwv,120.23200225830078,124.38284301757812
mp-aaabxgwt,4.541999816894531,21.88805389404297
mp-aaaaabzu,207.71200561523438,162.88157653808594
mp-aaaaaqcx,43.388999938964844,7.823230743408203
mp-aaaabgym,108.50499725341797,117.38400268554688
mp-aaacdjls,68.29399871826172,64.65045928955078
mp-aaadhpig,47.9739990234375,33.153926849365234
mp-aaaabikp,16.320999145507812,15.732208251953125
mp-aaabxgiz,-0.531000018119812,19.207048416137695
mp-aaaaaptu,5.860000133514404,16.036434173583984
mp-aaabxffv,-4.4079999923706055,12.760412216186523
mp-aaabxhir,29.88800048828125,20.538150787353516
mp-aaaaasns,171.7830047607422,124.02696228027344
mp-aaabxcet,121.91799926757812,103.46349334716797
mp-aaacdpxs,75.8489990234375,86.09846496582031
mp-aaaaaaoe,0.8769999742507935,33.19706344604492
mp-aaaabunz,66.3740005493164,69.46976470947266
mp-aaacdlwu,16.031999588012695,9.912799835205078
mp-aaaaahlg,51.345001220703125,50.567047119140625
mp-aaacehyb,62.58100128173828,78.50370025634766
mp-aaaaaemw,19.260000228881836,11.370647430419922
mp-aaaaaoai,17.41699981689453,24.520225524902344
mp-aaabghaa,107.11199951171875,126.74504089355469
mp-aaaablrp,6.716000080108643,5.842967987060547
mp-aaaabtng,64.55000305175781,66.85799407958984
mp-aaaabsde,24.476999282836914,26.062854766845703
mp-aaacfjnv,100.2239990234375,77.22797393798828
mp-aaaaaath,16.179000854492188,14.77387809753418
mp-aaaaazen,75.36199951171875,88.40296936035156
mp-aaaabthb,60.9739990234375,42.572269439697266
mp-aaabgkxn,209.29299926757812,201.24098205566406
mp-aaaabhmt,57.604000091552734,80.5322265625
mp-aaaaalpe,-26.309999465942383,-30.425037384033203
mp-aaaaaguk,13.52299976348877,10.32925033569336
mp-aaacfizr,17.840999603271484,14.610942840576172
mp-aaaabsuj,30.41900062561035,34.39744186401367
mp-aaacdwhp,34.21200180053711,43.215362548828125
mp-aaacdpml,33.84700012207031,-2.9899063110351562
mp-aaaaakzz,21.711000442504883,26.52853775024414
mp-aaabxfzy,129.3300018310547,117.76083374023438
mp-aaaaabiz,4.429999828338623,14.160518646240234
mp-aaaaafvf,51.66899871826172,39.80522155761719
mp-aaaaaqnw,53.40700149536133,55.83381271362305
mp-aaabxfzt,80.13400268554688,10.876443862915039
mp-aaaaarae,40.23099899291992,34.81360626220703
mp-aaaaatmt,26.882999420166016,19.25110626220703
mp-aaacfano,-11.970000267028809,-6.735649108886719
mp-aaacevzs,189.1790008544922,169.98875427246094
mp-aaaabeqc,30.048999786376953,58.015625
mp-aaabxgll,12.121999740600586,11.9256591796875
mp-aaaabela,0.6110000014305115,9.522754669189453
mp-aaaaaqpx,34.1609992980957,28.286449432373047
mp-aaabxhah,27.562999725341797,17.731243133544922
mp-aaacdtzs,46.685001373291016,64.92498016357422
mp-aaacflvt,30.18600082397461,35.28327560424805
mp-aaaaaaoq,27.422000885009766,25.159494400024414
mp-aaaceqef,2.614000082015991,25.402671813964844
mp-aaabgmxf,76.80799865722656,92.74623107910156
mp-aaacdhyw,45.698001861572266,53.428218841552734
mp-aaabdaxe,203.45599365234375,174.59632873535156
mp-aaaaarvr,26.18600082397461,29.912376403808594
mp-aaaaatly,90.6240005493164,62.54299545288086
mp-aaabxbbj,38.676998138427734,39.82495880126953
mp-aaabiflh,23.788000106811523,28.39453125
mp-aaaabsau,10.868000030517578,-0.5631599426269531
mp-aaaabhhd,21.20800018310547,10.988723754882812
mp-aaaaapcf,29.097000122070312,57.95746612548828
mp-aaacfkmv,71.49800109863281,81.25410461425781
mp-aaabxgsh,39.612998962402344,18.882600784301758
mp-aaacprlm,37.755001068115234,23.464235305786133
mp-aaacehxb,-4.916999816894531,6.048408508300781
mp-aaaabfme,58.84199905395508,53.03533935546875
mp-aaafnzjq,18.854000091552734,22.181350708007812
mp-aaaaaltf,39.77199935913086,23.121917724609375
mp-aaaaaspq,26.988000869750977,29.545822143554688
mp-aaaaacxf,28.142000198364258,30.54829978942871
mp-aaabqxte,55.54499816894531,45.98967742919922
mp-aaabxjbx,150.9250030517578,141.00794982910156
mp-aaacgigm,57.58700180053711,61.15296173095703
mp-aaaabdev,28.195999145507812,26.467424392700195
mp-aaabxaqb,96.95600128173828,78.88523864746094
mp-aaaaarks,27.97599983215332,31.39943504333496
mp-aaabxapn,40.7869987487793,53.38460922241211
mp-aaabxhgu,18.577999114990234,8.636760711669922
mp-aaaaacib,29.90999984741211,23.112546920776367
mp-aaaaagep,39.275001525878906,23.152185440063477
mp-aaaaaduk,23.128000259399414,23.48853302001953
mp-aaaaaiwc,49.76900100708008,41.98218536376953
mp-aaaaabyp,51.76300048828125,33.059715270996094
mp-aaaaaxzw,37.16999816894531,74.98956298828125
mp-aaacdjim,36.470001220703125,26.840229034423828
mp-aaaabfui,50.62099838256836,37.69301986694336
mp-aaaaakhu,33.45399856567383,32.90430450439453
mp-aaaaabru,50.018001556396484,42.0879020690918
mp-aaaabfht,61.86899948120117,43.198448181152344
mp-aaabhcpe,50.70399856567383,42.69335174560547
mp-aaabgipc,56.499000549316406,58.2187385559082
mp-aaacfyzi,70.48100280761719,65.87467193603516
mp-aaaaakmr,14.479999542236328,14.720645904541016
mp-aaaaafrh,23.183000564575195,28.956165313720703
mp-aaaabtcs,19.676000595092773,17.032270431518555
mp-aaaabslo,3.562999963760376,45.8670539855957
mp-aaacdhtw,7.679999828338623,-9.931705474853516
mp-aaacdial,11.895000457763672,19.782270431518555
mp-aaabxdrk,20.753000259399414,15.19476318359375
mp-aaaaalvg,3.0409998893737793,5.378765106201172
mp-aaaaatqm,34.095001220703125,29.72412872314453
mp-aaabxcls,10.222999572753906,5.828220367431641
mp-aaabgllz,38.81700134277344,22.374300003051758
mp-aaaaadgp,99.53299713134766,87.08152770996094
mp-aaaaabrw,36.15999984741211,36.57897186279297
mp-aaaaamty,86.44400024414062,75.47779846191406
mp-aaaabgoh,10.625,17.764076232910156
mp-aaaaadjc,54.61399841308594,47.77849578857422
mp-aaacdjpc,45.595001220703125,25.495710372924805
mp-aaabkrjv,24.89699935913086,29.099365234375
mp-aaacdsho,40.59400177001953,31.940528869628906
mp-aaaaacmc,47.097999572753906,29.986618041992188
mp-aaaabssp,4.88700008392334,12.848882675170898
mp-aaacehvk,0.44699999690055847,7.278598785400391
mp-aaabxftw,57.9379997253418,55.19306945800781
mp-aaacfajp,8.01099967956543,6.984703063964844
mp-aaaceuyo,21.339000701904297,29.690242767333984
mp-aaabmced,33.832000732421875,24.26318359375
mp-aaacdkna,-4.8420000076293945,0.050457000732421875
mp-aaabxazp,30.85099983215332,22.32436180114746
mp-aaaabhlz,98.28099822998047,111.65145874023438
mp-aaacdkgr,17.774999618530273,70.40120697021484
mp-aaaaaqve,42.49100112915039,43.654788970947266
mp-aaacdtuj,20.68400001525879,20.273704528808594
mp-aaaaamaw,43.215999603271484,50.939971923828125
mp-aaacctek,2.316999912261963,25.32107925415039
mp-aaacehuf,46.35499954223633,53.17554473876953
mp-aaaaagoi,39.814998626708984,48.92019271850586
mp-aaaabgxk,78.12200164794922,76.05448913574219
mp-aaacfxyf,36.35599899291992,30.675064086914062
mp-aaaaagfq,41.2239990234375,44.825767517089844
mp-aaaaafbf,15.824999809265137,29.75019073486328
mp-aaacdpxm,81.3550033569336,67.67463684082031
mp-aaabgkom,164.08799743652344,148.90333557128906
mp-aaabfpsn,22.066999435424805,27.61079978942871
mp-aaacdhqi,56.2859992980957,55.21723556518555
mp-aaachdhe,7.4079999923706055,15.498476028442383
mp-aaaaaauf,-124.44499969482422,-6.182392120361328
mp-aaaabtth,8.76099967956543,27.282455444335938
mp-aaabxhae,163.31700134277344,158.0982208251953
mp-aaabxcew,32.12699890136719,30.771455764770508
mp-aaabrekj,66.39900207519531,74.8003158569336
mp-aaabgivs,23.61400032043457,26.522653579711914
mp-aaaaayev,46.12799835205078,46.22311782836914
mp-aaaaahve,11.493000030517578,11.633882522583008
mp-aaaaabok,45.03900146484375,41.900917053222656
mp-aaabglfk,36.36000061035156,31.20655632019043
mp-aaaaauwy,42.53900146484375,45.49653244018555
mp-aaabxffa,35.06399917602539,40.33548355102539
mp-aaabxgfl,23.041000366210938,27.14281463623047
mp-aaabfyrv,14.197999954223633,26.822559356689453
mp-aaaaarck,11.348999977111816,15.986679077148438
mp-aaaaapzu,14.300000190734863,20.104015350341797
mp-aaaaasrm,23.43000030517578,27.444698333740234
mp-aaabxhbc,8.569999694824219,11.52598762512207
mp-aaaabhpd,60.573001861572266,74.6014404296875
mp-aaaaaame,120.42500305175781,109.89718627929688
mp-aaacgoum,78.625,65.80452728271484
mp-aaaaabie,28.542999267578125,30.087621688842773
mp-aaaaatal,22.71299934387207,23.095529556274414
mp-aaaaahpe,32.92499923706055,47.893001556396484
mp-aaabxcfg,60.26100158691406,54.66556167602539
mp-aaaaadob,15.555999755859375,9.036235809326172
mp-aaaabdkg,55.803001403808594,13.840892791748047
mp-aaaftpiy,3.8320000171661377,2.0032958984375
mp-aaacfyxk,47.44300079345703,39.97754669189453
mp-aaabxfmp,52.90999984741211,48.8007698059082
mp-aaaabtqw,103.85399627685547,81.30625915527344
mp-aaaaaqhv,58.85300064086914,52.50702667236328
mp-aaacdqxb,18.01099967956543,26.54322624206543
mp-aaaaajmm,33.762001037597656,35.0859260559082
mp-aaaaahfn,65.53500366210938,55.11531066894531
mp-aaaabejj,-30.4060001373291,11.768487930297852
mp-aaaccspo,-23.486000061035156,-31.455547332763672
mp-aaaaanpb,30.288999557495117,9.819637298583984
mp-aaabxgrz,54.98500061035156,39.14239501953125
mp-aaaabikb,30.39299964904785,30.598873138427734
mp-aaaaahzg,12.536999702453613,37.26371383666992
mp-aaacdpll,78.76100158691406,52.549564361572266
mp-aaaccspg,27.7450008392334,46.57854461669922
mp-aaabgjfp,14.694000244140625,17.41659164428711
mp-aaaaboeb,20.742000579833984,20.396154403686523
mp-aaaabtqu,67.41699981689453,65.4209213256836
mp-aaaaafzy,59.71099853515625,54.97224044799805
mp-aaacgphu,34.67100143432617,35.74650192260742
mp-aaacfale,56.56399917602539,64.88885498046875
mp-aaabglve,0.32100000977516174,5.222446441650391
mp-aaabglad,32.58300018310547,27.80312156677246
mp-aaabxdrb,1.7319999933242798,3.2172927856445312
mp-aaabghir,25.91900062561035,26.54550552368164
mp-aaabgjil,186.76699829101562,193.04605102539062
mp-aaaabtlp,10.76200008392334,18.855287551879883
mp-aaabxatg,14.532999992370605,12.601037979125977
mp-aaaaalta,76.89600372314453,71.2404556274414
mp-aaaaayco,54.98699951171875,73.09518432617188
mp-aaacfwfl,58.1510009765625,53.318077087402344
mp-aaaaaria,29.179000854492188,22.79629898071289
mp-aaacdwrk,30.051000595092773,25.702077865600586
mp-aaacflti,51.935001373291016,-27.366832733154297
mp-aaaaafmz,90.64399719238281,105.07293701171875
mp-aaacfwgl,42.0620002746582,64.50553894042969
mp-aaaaaloe,156.92999267578125,149.69532775878906
mp-aaabxflu,63.08599853515625,20.853063583374023
mp-aaaabeuv,46.79899978637695,38.316749572753906
mp-aaaabfnh,59.957000732421875,56.92029571533203
mp-aaaaahgp,75.63600158691406,74.643798828125
mp-aaabxhhv,65.20600128173828,43.172454833984375
mp-aaaabpxz,39.10499954223633,50.464202880859375
mp-aaacdiup,11.831999778747559,18.328792572021484
mp-aaacfjnz,140.33099365234375,146.7863006591797
mp-aaaaatlt,37.374000549316406,30.13810920715332
mp-aaaaaaga,14.359999656677246,8.436092376708984
mp-aaabxgsj,55.665000915527344,9.293212890625
mp-aaabfnmf,60.60200119018555,70.76980590820312
mp-aaaaaknh,4.6519999504089355,17.613136291503906
mp-aaaabgpf,21.172000885009766,16.116567611694336
mp-aaabxgat,52.8390007019043,52.891048431396484
mp-aaabrtyr,26.27400016784668,40.09330749511719
mp-aaaabfsq,93.38899993896484,97.64688110351562
mp-aaaaalrd,4.623000144958496,24.407209396362305
mp-aaacfaab,14.187999725341797,3.3742294311523438
mp-aaacewar,23.37299919128418,32.91716766357422
mp-aaabghar,47.28799819946289,21.959747314453125
mp-aaaaajvq,64.68000030517578,74.13372039794922
mp-aaaaaigo,105.80400085449219,117.3668212890625
mp-aaaaajzl,60.90399932861328,61.5443229675293
mp-aaabgloa,8.630999565124512,8.03628158569336
mp-aaaaaltk,37.527000427246094,12.21788215637207
mp-aaaaakoz,16.881999969482422,26.05893325805664
mp-aaacfiqk,17.384000778198242,12.082178115844727
mp-aaabqysi,9.970000267028809,6.408790588378906
mp-aaaabrgr,45.672000885009766,41.9499397277832
mp-aaabqxgc,83.7760009765625,56.4592399597168
mp-aaaaanmz,50.345001220703125,55.467529296875
mp-aaacfrmh,21.812999725341797,24.707136154174805
mp-aaaghkro,15.380999565124512,14.125577926635742
mp-aaabgkpm,109.70600128173828,60.2146110534668
mp-aaaabhbr,148.28700256347656,137.87876892089844
mp-aaaaamla,32.48099899291992,27.525075912475586
mp-aaaaapft,95.2509994506836,67.95616912841797
mp-aaaaaxtb,53.11000061035156,68.47787475585938
mp-aaackrev,27.253000259399414,39.11895751953125
mp-aaacdlpf,-6.952000141143799,13.360551834106445
mp-aaabjots,9.371999740600586,7.977409362792969
mp-aaaaacjd,71.552001953125,77.40778350830078
mp-aaaabrrt,18.993000030517578,14.499666213989258
mp-aaaaablp,25.506999969482422,19.412914276123047
mp-aaaaaact,10.038000106811523,-2.8162498474121094
mp-aaabhans,14.965999603271484,31.031784057617188
mp-aaabxhms,19.54599952697754,14.797771453857422
mp-aaaaablb,84.375,83.32891845703125
mp-aaaaadkn,75.90399932861328,97.19392395019531
mp-aaaabify,21.92300033569336,28.46771812438965
mp-aaaaboyo,11.944000244140625,5.819389343261719
mp-aaacgivn,53.18299865722656,50.95018768310547
mp-aaacplgz,42.979000091552734,36.20112609863281
mp-aaabqvan,13.13599967956543,19.259002685546875
mp-aaabxftc,9.65999984741211,8.284000396728516
mp-aaaaaawk,73.31900024414062,66.27474975585938
mp-aaaabrau,30.527999877929688,35.30441665649414
mp-aaaaakxb,28.52400016784668,24.670534133911133
mp-aaaaapap,129.32200622558594,135.62728881835938
mp-aaabjseh,132.73199462890625,69.45588684082031
mp-aaaaadro,13.663000106811523,21.463895797729492
mp-aaaaasij,80.85199737548828,62.062767028808594
mp-aaabjygq,0.9330000281333923,0.5365562438964844
mp-aaaacfhl,11.008999824523926,10.851856231689453
mp-aaaaapxr,56.30099868774414,51.84733581542969
mp-aaaabxhq,31.40399932861328,27.126667022705078
mp-aaacdjeb,36.880001068115234,21.962350845336914
mp-aaaaaomx,42.84199905395508,29.704158782958984
mp-aaabxjqu,81.15299987792969,92.32056427001953
mp-aaacdvsx,43.39799880981445,61.760162353515625
mp-aaabxkab,18.566999435424805,18.332332611083984
mp-aaaaakiu,79.28900146484375,74.76739501953125
mp-aaabgjmu,2.309999942779541,10.410491943359375
mp-aaabgjgp,65.24700164794922,57.50070571899414
mp-aaaabpet,5.71999979019165,10.713157653808594
mp-aaaaalae,12.803999900817871,25.960630416870117
mp-aaaaaawc,78.73300170898438,85.46058654785156
mp-aaaaaaji,110.6050033569336,95.64222717285156
mp-aaacgiqf,52.32699966430664,49.85590744018555
mp-aaaaaeke,17.3700008392334,16.802854537963867
mp-aaaabpls,6.126999855041504,6.986103057861328
mp-aaaaanbe,44.529998779296875,50.117454528808594
mp-aaaabifh,38.058998107910156,37.92523956298828
mp-aaaabukm,7.959000110626221,11.544597625732422
mp-aaaaagau,55.2130012512207,63.9566535949707
mp-aaacdxov,19.89900016784668,11.440984725952148
mp-aaaaammw,10.977999687194824,20.491926193237305
mp-aaaaarwb,34.757999420166016,36.55459976196289
mp-aaaabect,31.6560001373291,32.42890930175781
mp-aaaaabpk,97.55599975585938,77.27845764160156
mp-aaabghsz,13.032999992370605,14.842905044555664
mp-aaaaaaxm,55.487998962402344,36.800601959228516
mp-aaaaboof,3.4230000972747803,7.4614715576171875
mp-aaacdhub,36.18899917602539,41.53656768798828
mp-aaaaartu,53.332000732421875,43.403568267822266
mp-aaacqozz,0.7490000128746033,6.924068450927734
mp-aaaaaibw,53.87699890136719,54.860450744628906
mp-aaaaahfo,6.49399995803833,9.598461151123047
mp-aaaabdhb,51.35599899291992,53.135589599609375
mp-aaaceuys,60.571998596191406,38.731903076171875
mp-aaabghnd,189.7050018310547,193.185302734375
mp-aaacfyxs,87.28900146484375,90.40802001953125
mp-aaaaahui,57.244998931884766,57.96457290649414
mp-aaaabosl,3.2869999408721924,12.280595779418945
mp-aaabgmlh,25.055999755859375,37.05332946777344
mp-aaaabpnc,60.797000885009766,89.18745422363281
mp-aaaabtru,65.27799987792969,55.58366012573242
mp-aaaaaajh,27.591999053955078,22.419456481933594
mp-aaaaalvt,96.81300354003906,91.68743896484375
mp-aaabgneg,43.50299835205078,39.12156295776367
mp-aaabxgil,129.10499572753906,122.18989562988281
mp-aaaaamdw,71.03299713134766,49.927608489990234
mp-aaacdivx,9.128000259399414,17.221555709838867
mp-aaaaabwr,118.81999969482422,121.41798400878906
mp-aaaaaabb,-14.38599967956543,32.51109313964844
mp-aaaaafpj,4.72599983215332,12.365289688110352
mp-aaabxjxk,94.927001953125,67.0348129272461
mp-aaaaaeer,49.92499923706055,52.406253814697266
mp-aaaabeef,10.909000396728516,12.178617477416992
mp-aaaaafvs,-11.470000267028809,20.198318481445312
mp-aaabxcgf,22.700000762939453,10.262687683105469
mp-aaaaaqyz,19.55699920654297,16.860355377197266
mp-aaaaahek,31.097000122070312,30.015304565429688
mp-aaabxgha,115.1510009765625,109.3883056640625
mp-aaacevtd,105.96800231933594,84.59907531738281
mp-aaabxclj,8.309000015258789,14.928701400756836
mp-aaacejdw,50.95199966430664,52.19629669189453
mp-aaabgitm,18.844999313354492,32.529502868652344
mp-aaaaaimn,47.27299880981445,49.11919021606445
mp-aaabieme,5.923999786376953,13.144636154174805
mp-aaacdmas,2.700000047683716,4.526885986328125
mp-aaacdxgj,21.58799934387207,13.749841690063477
mp-aaabqytx,31.98699951171875,28.44124412536621
mp-aaabkcnf,11.609999656677246,14.940759658813477
mp-aaabjiad,22.757999420166016,14.702510833740234
mp-aaacfpzs,97.12999725341797,95.10769653320312
mp-aaacewkh,75.73100280761719,71.68992614746094
mp-aaabxhak,124.51799774169922,121.64476013183594
mp-aaacctfa,17.166000366210938,12.521049499511719
mp-aaaabhxh,11.404999732971191,13.374008178710938
mp-aaabxclz,40.992000579833984,36.239097595214844
mp-aaachcso,-15.128000259399414,-6.002880096435547
mp-aaaaaxjb,25.0939998626709,19.5722599029541
mp-aaaccsrm,-10.145000457763672,-20.59980010986328
mp-aaaabhvv,7.328999996185303,3.9953460693359375
mp-aaacdjsy,15.149999618530273,12.067188262939453
mp-aaabxhiy,51.87900161743164,59.35188293457031
mp-aaabgjov,108.52400207519531,115.31390380859375
mp-aaacfwiq,135.03700256347656,55.232723236083984
mp-aaafekuc,23.295000076293945,15.71657943725586
mp-aaaaaqcz,-25.763999938964844,-4.121803283691406
mp-aaaaaiax,20.149999618530273,13.733625411987305
mp-aaaaakhd,46.39699935913086,43.993804931640625
mp-aaacgjck,56.77299880981445,49.18965530395508
mp-aaaaaaqk,42.069000244140625,50.66538619995117
mp-aaaabzzr,10.70199966430664,14.24569320678711
mp-aaaaadjv,48.5260009765625,32.115234375
mp-aaacdhus,10.059000015258789,10.123985290527344
mp-aaabfilq,30.18400001525879,18.420799255371094
mp-aaaabspf,1.8350000381469727,11.955530166625977
mp-aaacfyax,20.697999954223633,43.634796142578125
mp-aaabdbay,35.87099838256836,22.901338577270508
mp-aaacfkmh,33.25199890136719,26.645944595336914
mp-aaabkqgk,28.351999282836914,18.024436950683594
mp-aaacrrav,169.3560028076172,132.6683807373047
mp-aaabxfcs,41.2140007019043,31.352275848388672
mp-aaaaainl,99.3949966430664,110.74472045898438
mp-aaacdrya,22.202999114990234,17.809162139892578
mp-aaaaabof,50.64099884033203,44.10540771484375
mp-aaacfxgn,86.76899719238281,41.9566650390625
mp-aaacfxfb,37.13399887084961,45.603458404541016
mp-aaaaafxu,67.18699645996094,57.5463981628418
mp-aaacdsah,-14.543000221252441,-28.608837127685547
mp-aaaaaqcr,41.84400177001953,54.30094528198242
mp-aaabighb,18.07200050354004,20.171628952026367
mp-aaafgfrj,148.7259979248047,170.68101501464844
mp-aaabmgql,51.560001373291016,70.57667541503906
mp-aaabxgwg,15.062999725341797,13.869606018066406
mp-aaaaarab,-8.54800033569336,22.608850479125977
mp-aaacgagj,71.87100219726562,70.187255859375
mp-aaaaadek,88.30400085449219,68.75772857666016
mp-aaaabffw,9.663999557495117,3.1371307373046875
mp-aaaccsqg,-11.682999610900879,8.85671615600586
mp-aaaaaxpn,27.825000762939453,19.528186798095703
mp-aaaaacdb,142.93499755859375,126.54498291015625
mp-aaaaarge,50.19599914550781,8.97610855102539
mp-aaacfkdm,32.19599914550781,26.402923583984375
mp-aaaaabxa,50.42100143432617,67.34703063964844
mp-aaacdysq,0.9039999842643738,0.20596694946289062
mp-aaaaakqk,67.15499877929688,56.14521408081055
mp-aaaabehh,21.040000915527344,18.38574981689453
mp-aaaaadiw,44.87200164794922,48.15324783325195
mp-aaaabhek,27.802000045776367,20.999231338500977
mp-aaaabetq,11.744000434875488,0.7830009460449219
mp-aaabxhbr,15.977999687194824,11.483985900878906
mp-aaaaaoel,13.611000061035156,16.423831939697266
mp-aaaaarlk,16.854999542236328,24.395872116088867
mp-aaaaatsa,28.849000930786133,6.579582214355469
mp-aaaaalzl,-59.492000579833984,58.249412536621094
mp-aaacdkux,20.43000030517578,44.036251068115234
mp-aaacrhso,179.0070037841797,187.82244873046875
mp-aaabxgoq,22.833999633789062,19.1159610748291
mp-aaaabrxi,103.58000183105469,144.96263122558594
mp-aaacdjyo,9.072999954223633,15.820302963256836
mp-aaacfamv,96.77200317382812,119.17393493652344
mp-aaaaacxn,76.1780014038086,58.20793533325195
mp-aaabctmm,51.58100128173828,39.49192810058594
mp-aaabxfuo,88.41200256347656,74.73099517822266
mp-aaabqxch,43.86000061035156,44.370513916015625
mp-aaaabdto,67.38899993896484,69.50739288330078
mp-aaaaalvv,-63.433998107910156,-24.83535385131836
mp-aaaaathi,-34.527000427246094,-16.727706909179688
mp-aaaabjmy,14.244999885559082,14.881925582885742
mp-aaaaaets,113.26200103759766,89.02827453613281
mp-aaaccter,-1.7319999933242798,6.343955993652344
mp-aaabfazg,34.2140007019043,49.75377655029297
mp-aaaabpel,5.343999862670898,9.461193084716797
mp-aaaaatxh,35.141998291015625,31.68044090270996
mp-aaaabprf,9.850000381469727,9.214035034179688
mp-aaaaaane,21.95400047302246,22.49067497253418
mp-aaaaaiof,51.27799987792969,58.30128479003906
mp-aaabxivd,25.006000518798828,20.250999450683594
mp-aaaabgiz,-30.99799919128418,17.156204223632812
mp-aaabfpst,43.51900100708008,42.230892181396484
mp-aaabrskb,24.4060001373291,16.90607452392578
mp-aaacgigt,24.490999221801758,39.51952362060547
mp-aaaabgtz,23.000999450683594,28.842092514038086
mp-aaacfzuh,21.447999954223633,16.746135711669922
mp-aaacewfg,153.16799926757812,125.43199157714844
mp-aaaabpyy,14.225000381469727,18.31331443786621
mp-aaacflvj,52.724998474121094,60.42011260986328
mp-aaaaardg,25.062999725341797,5.8893585205078125
mp-aaabjydu,22.360000610351562,-2.6529388427734375
mp-aaacdjlg,7.485000133514404,9.131683349609375
mp-aaacdxgd,20.799999237060547,15.730951309204102
mp-aaabxgaa,126.7979965209961,96.10258483886719
mp-aaabxdsp,158.51699829101562,119.55418395996094
mp-aaaabfdj,29.601999282836914,14.497905731201172
mp-aaaaagiy,42.41400146484375,49.11866760253906
mp-aaabioql,52.39799880981445,42.54347610473633
mp-aaacdmbj,6.488999843597412,6.173500061035156
mp-aaacdjdt,32.00199890136719,30.923200607299805
mp-aaaabfes,69.59200286865234,30.34469985961914
mp-aaaabplp,43.59000015258789,46.76250457763672
mp-aaaaakcm,1.2610000371932983,42.55574035644531
mp-aaaabwys,142.83299255371094,131.1455841064453
mp-aaabevgg,19.961000442504883,41.89891052246094
mp-aaaaaabi,56.749000549316406,86.1795883178711
mp-aaacgivc,59.55699920654297,59.24488067626953
mp-aaaaalmw,33.00600051879883,27.738380432128906
mp-aaacdlkt,78.16799926757812,78.96186065673828
mp-aaabrgvl,16.631999969482422,28.534027099609375
mp-aaaaakui,67.79499816894531,74.52279663085938
mp-aaacdiga,41.35100173950195,36.961181640625
mp-aaaabqcq,2.5910000801086426,4.398151397705078
mp-aaaabhti,23.305999755859375,23.408266067504883
mp-aaacdqbm,77.45899963378906,76.09686279296875
mp-aaaaakhj,22.83799934387207,19.5773983001709
mp-aaacdjxm,13.560999870300293,12.050432205200195
mp-aaaaarbt,116.77999877929688,98.85314178466797
mp-aaacesxj,63.63399887084961,63.563716888427734
mp-aaacdqxg,15.684000015258789,12.786493301391602
mp-aaaaavqk,43.849998474121094,72.46610260009766
mp-aaacdlil,166.99000549316406,140.0894012451172
mp-aaacdmxo,5.021999835968018,3.6085662841796875
mp-aaaaacch,8.130000114440918,10.82553482055664
mp-aaacfxex,18.131999969482422,26.509357452392578
mp-aaaaanog,41.020999908447266,52.922481536865234
mp-aaaabezw,59.3650016784668,62.83091735839844
mp-aaaaahbn,58.316001892089844,58.83201599121094
mp-aaaabeay,120.73500061035156,111.06082153320312
mp-aaacdhvr,42.810001373291016,45.60200119018555
mp-aaabgnop,20.216999053955078,30.021005630493164
mp-aaacgafg,90.4219970703125,87.92301940917969
mp-aaaaaetk,43.277000427246094,38.786476135253906
mp-aaaabikx,-8.60200023651123,4.2525787353515625
mp-aaaabdzw,42.19300079345703,37.158870697021484
mp-aaaaainv,62.369998931884766,62.523765563964844
mp-aaaaacgo,125.98999786376953,102.82879638671875
mp-aaabftiv,13.22599983215332,20.975688934326172
mp-aaaaarcv,76.12200164794922,61.610015869140625
mp-aaaaabud,19.048999786376953,22.96617889404297
mp-aaabfviq,45.124000549316406,61.92975616455078
mp-aaacewnd,-83.94100189208984,-104.84303283691406
mp-aaaaachq,47.415000915527344,46.558319091796875
mp-aaaaalpi,14.651000022888184,13.611261367797852
mp-aaabeujn,52.24599838256836,30.896955490112305
mp-aaabfqdn,33.04399871826172,32.165809631347656
mp-aaaaamrz,20.18899917602539,14.461599349975586
mp-aaacdsfi,31.552000045776367,33.60212707519531
mp-aaabxjwp,32.13399887084961,26.175792694091797
mp-aaacfrhw,21.825000762939453,21.213611602783203
mp-aaabjxxk,32.36000061035156,23.012928009033203
mp-aaaaaajy,8.878999710083008,3.9857406616210938
mp-aaaabhcy,26.983999252319336,31.526243209838867
mp-aaabxccb,187.7989959716797,136.03933715820312
mp-aaacgipt,52.9109992980957,45.91371154785156
mp-aaaaapcu,56.94900131225586,48.60557556152344
mp-aaaaaghp,44.952999114990234,157.94772338867188
mp-aaacdluc,27.583999633789062,27.921972274780273
mp-aaabfaxn,32.01100158691406,52.54019546508789
mp-aaabfpwi,12.267000198364258,22.14881706237793
mp-aaabxgip,15.78600025177002,20.2487735748291
mp-aaacfslv,130.48599243164062,112.8966064453125
mp-aaabgnrd,3.0799999237060547,44.56698989868164
mp-aaaaaxiw,46.000999450683594,44.1529426574707
mp-aaabglxr,53.79399871826172,77.51301574707031
mp-aaaaabxl,87.68699645996094,76.59181213378906
mp-aaaaabav,99.1780014038086,77.24493408203125
mp-aaabxgas,15.795999526977539,25.018299102783203
mp-aaaaaecu,11.0649995803833,17.110321044921875
mp-aaabxbdb,71.56900024414062,85.40699768066406
mp-aaabxdri,28.117000579833984,22.76090431213379
mp-aaabgkum,41.62200164794922,39.536888122558594
mp-aaabgmpb,6.203000068664551,9.242755889892578
mp-aaacdlhj,16.66699981689453,28.623291015625
mp-aaacgpou,46.340999603271484,49.387306213378906
mp-aaacgpbs,44.750999450683594,43.91717529296875
mp-aaaaacfs,24.77400016784668,24.284717559814453
mp-aaabxhih,20.128000259399414,9.407428741455078
mp-aaabglqg,15.324000358581543,17.658815383911133
mp-aaaaaqob,30.749000549316406,29.337120056152344
mp-aaabkqzx,36.4370002746582,34.791473388671875
mp-aaacdokp,29.87299919128418,35.25688934326172
mp-aaaaabia,25.854999542236328,32.90704345703125
mp-aaaaacdl,4.644000053405762,1.5186958312988281
mp-aaabjxze,36.42900085449219,51.49110794067383
mp-aaabjyet,-30.527999877929688,-13.054100036621094
mp-aaaaaqcq,103.48899841308594,119.90899658203125
mp-aaaabjbs,13.109000205993652,18.50545310974121
mp-aaaabdoa,32.04199981689453,19.602951049804688
mp-aaaaauru,27.986000061035156,33.12571334838867
mp-aaaaaksw,89.26399993896484,90.48731994628906
mp-aaaabhlx,43.823001861572266,49.27128219604492
mp-aaaaasqy,67.26599884033203,81.13265991210938
mp-aaaaadui,4.60099983215332,2.0602989196777344
mp-aaaaatpu,33.45899963378906,18.98528480529785
mp-aaaaadwe,22.16699981689453,15.682161331176758
mp-aaaaabih,82.31700134277344,104.82117462158203
mp-aaaaammm,9.35099983215332,1.6288185119628906
mp-aaaaajfo,43.09000015258789,33.523193359375
mp-aaacdtus,29.048999786376953,29.118160247802734
mp-aaaaboij,1.6130000352859497,3.3104400634765625
mp-aaacfwgy,115.28099822998047,103.71849060058594
mp-aaaaalrb,31.347999572753906,29.799301147460938
mp-aaaaavfk,4.316999912261963,15.599637985229492
mp-aaabxiwr,85.54100036621094,83.18855285644531
mp-aaaaabik,64.5,46.7974739074707
mp-aaacdoag,25.378000259399414,34.598960876464844
mp-aaaaaggq,85.49800109863281,77.73323059082031
mp-aaacdqcb,91.15499877929688,80.126953125
mp-aaabxbsf,-3.561000108718872,7.511444091796875
mp-aaaabfcw,27.179000854492188,34.18642044067383
mp-aaacfjvk,-8.821999549865723,-0.5780868530273438
mp-aaaaaqwe,49.42599868774414,39.19606399536133
mp-aaabiytj,4.5879998207092285,9.496818542480469
mp-aaaaaeee,72.04499816894531,58.73262023925781
mp-aaacdqcp,85.64900207519531,93.3045654296875
mp-aaaaafhx,99.56900024414062,85.07986450195312
mp-aaaaahkh,67.30599975585938,59.72294616699219
mp-aaaabpbp,144.09300231933594,81.78235626220703
mp-aaabctkm,4.468999862670898,15.288936614990234
mp-aaabiojj,10.463000297546387,25.29558563232422
mp-aaaaalgd,6.065000057220459,11.311454772949219
mp-aaaaaquh,-86.18399810791016,-57.386661529541016
mp-aaaaaifd,61.89699935913086,83.80021667480469
mp-aaaabext,48.75400161743164,43.568992614746094
mp-aaaaamis,20.13599967956543,25.235403060913086
mp-aaaabqje,24.856000900268555,31.924968719482422
mp-aaacdjqf,37.564998626708984,46.59339904785156
mp-aaabgnpj,69.36399841308594,46.79343795776367
mp-aaaabyui,-23.104000091552734,5.413440704345703
mp-aaabqxpy,41.19200134277344,40.835689544677734
mp-aaabxjrd,192.9239959716797,94.1466064453125
mp-aaabxdte,25.13599967956543,19.256717681884766
mp-aaacdxqu,3.0820000171661377,0.07690048217773438
mp-aaaaayaw,14.861000061035156,7.87213134765625
mp-aaaaadaf,73.8479995727539,73.2354736328125
mp-aaaaaaep,-98.41300201416016,-27.63491439819336
mp-aaachfdz,104.98300170898438,53.86750030517578
mp-aaabgitn,8.65999984741211,11.760126113891602
mp-aaacgpfy,77.97799682617188,97.30662536621094
mp-aaacdser,9.317999839782715,0.2185516357421875
mp-aaabrzom,22.461000442504883,42.365760803222656
mp-aaacfyyo,59.37699890136719,41.46965408325195
mp-aaacdnxj,7.416999816894531,19.031469345092773
mp-aaaabfde,40.183998107910156,43.0685920715332
mp-aaaaaczk,13.906000137329102,15.04714584350586
mp-aaaaajwn,40.323001861572266,43.96402359008789
mp-aaaaahds,48.08000183105469,52.415771484375
mp-aaabxaky,24.586999893188477,25.656843185424805
mp-aaaaabfm,95.79499816894531,108.22782897949219
mp-aaabxdrj,19.158000946044922,20.38140869140625
mp-aaaaadvd,151.2310028076172,108.85568237304688
mp-aaaaaanf,87.52100372314453,44.56569290161133
mp-aaaabpus,103.75800323486328,85.12466430664062
mp-aaaccsow,51.106998443603516,62.30524444580078
mp-aaacfjwk,-64.24800109863281,9.936687469482422
mp-aaaabezn,9.13599967956543,9.060966491699219
mp-aaaaabuo,37.23699951171875,38.00978088378906
mp-aaaaasxr,27.73900032043457,25.812686920166016
mp-aaaaaosc,24.365999221801758,25.76437759399414
mp-aaabxias,83.7760009765625,100.00190734863281
mp-aaaabped,34.1609992980957,30.834976196289062
mp-aaaaaxvv,50.07500076293945,44.031951904296875
mp-aaaaadjl,20.968000411987305,17.945833206176758
mp-aaaaaqza,8.157999992370605,12.129894256591797
mp-aaabjxxx,48.43600082397461,-17.309947967529297
mp-aaacfydt,13.529000282287598,41.05373001098633
mp-aaaaaasm,74.79299926757812,65.31311798095703
mp-aaaaapvb,4.093999862670898,5.477268218994141
mp-aaabxgye,28.618999481201172,19.568798065185547
mp-aaabqxog,27.104000091552734,24.959285736083984
mp-aaaaamkd,38.34299850463867,78.36495971679688
mp-aaaabfdu,40.12900161743164,32.586029052734375
mp-aaabgiih,85.44400024414062,91.1280517578125
mp-aaacdmou,4.824999809265137,4.407264709472656
mp-aaacdkva,28.43899917602539,22.697778701782227
mp-aaadefoj,-101.33899688720703,-1.4843940734863281
mp-aaacgiol,43.30699920654297,44.196632385253906
mp-aaaaakia,16.59600067138672,8.100154876708984
mp-aaabxgwy,99.11900329589844,103.76312255859375
mp-aaacekzk,19.726999282836914,24.302955627441406
mp-aaaaagtb,99.6050033569336,91.87127685546875
mp-aaabxizy,18.750999450683594,18.442092895507812
mp-aaaaaksl,37.827999114990234,31.34259033203125
mp-aaaaadgt,84.35099792480469,60.46018981933594
mp-aaaaanwv,60.85499954223633,45.783966064453125
mp-aaabgitl,-45.19200134277344,-36.032291412353516
mp-aaaaadlz,56.11199951171875,47.873374938964844
mp-aaaaacly,-43.51300048828125,-3.4084854125976562
mp-aaabjybl,-14.00100040435791,-12.276958465576172
mp-aaaabrab,22.312999725341797,29.280254364013672
mp-aaabghqj,59.22800064086914,54.50677490234375
mp-aaagdntk,11.555999755859375,22.038007736206055
mp-aaacgiyr,84.92400360107422,80.15130615234375
mp-aaaabfll,12.63700008392334,14.757362365722656
mp-aaaabhzj,16.30299949645996,10.970964431762695
mp-aaaabunw,47.25,56.536312103271484
mp-aaaaadre,20.315000534057617,23.2336483001709
mp-aaacduru,35.13600158691406,29.725337982177734
mp-aaaaanjn,30.180999755859375,22.66592788696289
mp-aaaaaima,78.4749984741211,85.21815490722656
mp-aaaaaorn,25.849000930786133,27.505613327026367
mp-aaaabfus,0.7799999713897705,34.67966842651367
mp-aaaabecu,35.89899826049805,61.20960235595703
mp-aaabrsof,72.52799987792969,67.51961517333984
mp-aaacipiz,3.4579999446868896,-16.767654418945312
mp-aaacflvi,99.677001953125,87.96473693847656
mp-aaabqylq,20.992000579833984,26.77815055847168
mp-aaaaahnf,121.09300231933594,95.21585083007812
mp-aaaaahvk,82.39700317382812,84.94830322265625
mp-aaaabgif,69.40799713134766,46.98065948486328
mp-aaaaacbj,0.675000011920929,51.8350830078125
mp-aaaaapem,40.09400177001953,42.6591796875
mp-aaaaaspn,117.35199737548828,89.15351104736328
mp-aaabqxlo,73.41799926757812,61.26591110229492
mp-aaacfzmi,175.33399963378906,152.5841522216797
mp-aaacfrim,24.197999954223633,24.095909118652344
mp-aaaaacli,5.618000030517578,19.900896072387695
mp-aaabxakr,0.11800000071525574,16.805191040039062
mp-aaaabdpq,54.766998291015625,50.50522232055664
mp-aaabfuka,89.11599731445312,102.43751525878906
mp-aaaaaagp,101.53900146484375,109.02401733398438
mp-aaaaalco,16.77199935913086,22.52128028869629
mp-aaafjtql,1.2970000505447388,4.3587188720703125
mp-aaaaaqdt,123.46399688720703,125.02003479003906
mp-aaabctyd,47.87300109863281,59.75689697265625
mp-aaafjsiw,0.5120000243186951,7.821048736572266
mp-aaaacegx,22.128999710083008,25.061403274536133
mp-aaaaaajm,30.020999908447266,37.88636016845703
mp-aaaaayjy,26.152000427246094,25.072998046875
mp-aaaaakeu,8.333999633789062,6.607566833496094
mp-aaaabsnj,152.91299438476562,141.7617645263672
mp-aaacdlth,5.285999774932861,0.6415596008300781
mp-aaabkcwq,8.00100040435791,2.050273895263672
mp-aaaaahzm,42.487998962402344,29.899776458740234
mp-aaaabskp,19.93000030517578,22.10771942138672
mp-aaaaaykn,52.17499923706055,45.85450744628906
mp-aaabxhab,14.645000457763672,10.8231201171875
mp-aaabghhq,18.075000762939453,11.100793838500977
mp-aaabxjva,21.13800048828125,24.58047103881836
mp-aaabgnkt,96.09700012207031,112.20834350585938
mp-aaaaaajo,92.43800354003906,117.67816162109375
mp-aaacdohi,18.06999969482422,6.209373474121094
mp-aaacdymn,24.410999298095703,19.625707626342773
mp-aaacpqrt,153.14199829101562,159.2022705078125
mp-aaacfkyv,-76.88300323486328,-85.33091735839844
mp-aaaaafcy,76.23500061035156,67.04412841796875
mp-aaaabtxu,5.13700008392334,16.21785545349121
mp-aaaaamgx,22.26099967956543,24.196535110473633
mp-aaacgpfv,3.7760000228881836,3.9970626831054688
mp-aaaaabrd,47.4109992980957,89.5697250366211
mp-aaaaactc,76.97000122070312,66.3180160522461
mp-aaabjyag,4.064000129699707,8.069210052490234
mp-aaabxfau,47.95899963378906,42.52207565307617
mp-aaaaaltj,39.00699996948242,21.375886917114258
mp-aaaaajoz,46.25199890136719,51.37164306640625
mp-aaabgkwl,59.18600082397461,79.53594207763672
mp-aaacdohe,40.125999450683594,21.96367073059082
mp-aaaaahce,80.552001953125,71.46813201904297
mp-aaaaaoma,30.788000106811523,31.297542572021484
mp-aaaaaota,105.9739990234375,105.75422668457031
mp-aaaaakur,8.75,13.096561431884766
mp-aaaaakav,4.820000171661377,8.078868865966797
mp-aaacdhza,25.437999725341797,23.67801856994629
mp-aaaaayuw,27.45599937438965,35.66893005371094
mp-aaacdtuo,12.550000190734863,9.353404998779297
mp-aaacgnti,12.675999641418457,9.189987182617188
mp-aaaabelu,94.02100372314453,98.53070068359375
mp-aaaabfcj,58.48500061035156,51.49689865112305
mp-aaabmcrk,80.94499969482422,74.03034210205078
mp-aaacehve,10.348999977111816,14.381488800048828
mp-aaaabgqe,28.121999740600586,25.11475372314453
mp-aaaabieh,36.986000061035156,42.36784362792969
mp-aaaabohv,5.618000030517578,6.7958526611328125
mp-aaaaamxo,14.4399995803833,14.030961990356445
mp-aaaabhwj,5.677000045776367,5.843692779541016
mp-aaabxhec,106.88800048828125,98.27474975585938
mp-aaaaacqk,153.97500610351562,131.9458465576172
mp-aaaaasjz,88.39399719238281,78.37272644042969
mp-aaabjxyk,3.578000068664551,8.485687255859375
mp-aaaaaito,58.0890007019043,70.73990631103516
mp-aaacgixh,23.832000732421875,48.214412689208984
mp-aaaaapup,40.86399841308594,74.46099853515625
mp-aaabxizd,33.159000396728516,40.831382751464844
mp-aaaaabjc,60.395999908447266,60.361968994140625
mp-aaaaahrt,36.069000244140625,20.161605834960938
mp-aaabglqt,7.947999954223633,9.655357360839844
mp-aaabgiaq,53.65700149536133,43.39774703979492
mp-aaacdkmz,0.1469999998807907,-14.157073974609375
mp-aaabgluv,50.75,53.09122085571289
mp-aaaaambx,30.761999130249023,26.122480392456055
mp-aaaabmhq,44.354000091552734,34.66962814331055
mp-aaabxcdb,168.41600036621094,166.19581604003906
mp-aaaaakzu,20.20599937438965,19.24494743347168
mp-aaaaaanr,33.01599884033203,37.81767654418945
mp-aaaaanfz,19.12299919128418,13.482681274414062
mp-aaaabrdh,82.49700164794922,64.74293518066406
mp-aaaabifc,30.493000030517578,25.691274642944336
mp-aaabxjvo,25.51099967956543,26.026588439941406
mp-aaaaadnn,55.78200149536133,94.44175720214844
mp-aaaaanxf,10.536999702453613,30.849241256713867
mp-aaabxghu,96.1050033569336,80.49823760986328
mp-aaaaaaon,52.59000015258789,45.3348274230957
mp-aaabfwxo,49.32899856567383,44.45338439941406
mp-aaacdqce,-87.59700012207031,-84.25898742675781
mp-aaabxjsz,17.58799934387207,9.696361541748047
mp-aaaabpvl,13.204999923706055,13.730323791503906
mp-aaabrgcb,15.960000038146973,30.258214950561523
mp-aaaaahst,87.97100067138672,92.49884796142578
mp-aaabxfhi,29.45400047302246,23.361064910888672
mp-aaabmmjh,2.1659998893737793,6.200199127197266
mp-aaaaacmi,39.14500045776367,14.818017959594727
mp-aaacdius,-25.724000930786133,7.987392425537109
mp-aaacdoku,10.267999649047852,16.366729736328125
mp-aaacfzuo,24.39699935913086,26.728256225585938
mp-aaabxhhs,44.97600173950195,36.879249572753906
mp-aaabxgjf,69.74199676513672,64.45301818847656
mp-aaaabgrf,60.566001892089844,75.404541015625
mp-aaabxcdp,127.552001953125,115.97322082519531
mp-aaabjlus,51.30500030517578,47.02383041381836
mp-aaabjyhj,-5.3520002365112305,1.5645065307617188
mp-aaaaayqg,27.732999801635742,27.435285568237305
mp-aaaaajbm,45.987998962402344,48.005897521972656
mp-aaaccspa,-35.297000885009766,-24.980297088623047
mp-aaaaaaxr,20.773000717163086,21.811542510986328
mp-aaabqypg,53.56399917602539,90.71791076660156
mp-aaabxgar,29.024999618530273,25.05898666381836
mp-aaabjtxe,3.947000026702881,5.232036590576172
mp-aaaaapus,-10.107999801635742,-9.277332305908203
mp-aaaaahwb,30.222000122070312,35.46888732910156
mp-aaabxdtl,8.02299976348877,12.349128723144531
mp-aaabxjaw,89.02200317382812,85.78388214111328
mp-aaaaaaft,62.44499969482422,60.33674621582031
mp-aaaaaaxz,27.18600082397461,18.47234535217285
mp-aaaaagfy,60.20399856567383,56.24775695800781
mp-aaabkras,38.11000061035156,38.9395866394043
mp-aaaaalpg,196.60800170898438,208.27232360839844
mp-aaaaacbp,14.39900016784668,22.265819549560547
mp-aaaaakzm,53.15800094604492,58.14497756958008
mp-aaacdnvd,14.76099967956543,18.01436996459961
mp-aaaccspj,-3.6989998817443848,3.2529640197753906
mp-aaacfkzw,70.07599639892578,56.2025032043457
mp-aaaaarbv,63.55699920654297,54.75862121582031
mp-aaacdnyo,55.500999450683594,40.091644287109375
mp-aaabxatu,25.863000869750977,24.3859920501709
mp-aaaaaols,21.6200008392334,26.408985137939453
mp-aaabmkyp,30.851999282836914,11.724882125854492
mp-aaacdhzp,2.2149999141693115,-11.799369812011719
mp-aaabxguk,119.06900024414062,109.71041870117188
mp-aaabdayt,16.474000930786133,12.410043716430664
mp-aaaaaccg,123.38899993896484,107.95298767089844
mp-aaaaadtm,40.71500015258789,23.762205123901367
mp-aaaaafhf,-0.5640000104904175,12.803995132446289
mp-aaacdjon,37.257999420166016,39.41751480102539
mp-aaabhcqk,35.944000244140625,27.227245330810547
mp-aaaabesu,-28.209999084472656,1.5471229553222656
mp-aaaaadkf,13.310999870300293,15.474281311035156
mp-aaaaaela,40.242000579833984,35.84751510620117
mp-aaaabtfw,63.26599884033203,55.91914367675781
mp-aaabfobg,21.22599983215332,30.279254913330078
mp-aaabxftv,14.842000007629395,16.217571258544922
mp-aaabmgkx,40.35300064086914,35.98310089111328
mp-aaaabkov,8.53499984741211,4.481197357177734
mp-aaabxjtn,37.60100173950195,29.752809524536133
mp-aaaaaqft,36.44200134277344,38.713932037353516
mp-aaacgism,42.415000915527344,45.63203048706055
mp-aaabgjym,4.5229997634887695,10.506431579589844
mp-aaacdjeo,31.0939998626709,30.43509292602539
mp-aaaabiik,7.456999778747559,2.934398651123047
mp-aaabxbcw,32.810001373291016,22.183977127075195
mp-aaaaabzi,31.783000946044922,27.72488784790039
mp-aaabxiue,62.04399871826172,67.26248931884766
mp-aaabxjwo,30.871999740600586,25.66815757751465
mp-aaabxgdp,22.170000076293945,19.49761962890625
mp-aaabxitr,41.91400146484375,33.17402267456055
mp-aaaabszo,29.87299919128418,21.40798568725586
mp-aaabxgud,87.69499969482422,68.40375518798828
mp-aaabxiwt,42.22800064086914,42.08635330200195
mp-aaaabtna,14.746999740600586,17.455522537231445
mp-aaaaanee,79.66699981689453,76.11451721191406
mp-aaaaadbw,11.720000267028809,5.956062316894531
mp-aaaaabxh,126.572998046875,137.24700927734375
mp-aaabdazu,46.69599914550781,37.80774688720703
mp-aaaabhml,87.3479995727539,96.30778503417969
mp-aaaaaoor,11.137999534606934,14.062509536743164
mp-aaaaahxj,7.749000072479248,-0.5461463928222656
mp-aaacdpxk,42.70600128173828,40.899967193603516
mp-aaaabfdg,87.9540023803711,68.57077026367188
mp-aaaaauvw,8.333000183105469,8.578914642333984
mp-aaabijyv,-13.034000396728516,13.655595779418945
mp-aaabevtt,19.094999313354492,9.72854232788086
mp-aaabxcgy,44.28300094604492,32.68766784667969
mp-aaacdmqa,85.5739974975586,60.68013381958008
mp-aaaabeuw,46.76499938964844,55.812652587890625
mp-aaaaaihh,79.37300109863281,78.11431884765625
mp-aaaaamhf,32.082000732421875,26.627765655517578
mp-aaaaaweh,86.83300018310547,83.69461059570312
mp-aaaaablk,33.1619987487793,18.396425247192383
mp-aaaaabod,-1.1160000562667847,-1.5598106384277344
mp-aaaaadtl,94.33000183105469,111.88394165039062
mp-aaaaadhx,24.91900062561035,13.931819915771484
mp-aaabgnel,26.47599983215332,11.039398193359375
mp-aaabggye,24.812000274658203,8.115779876708984
mp-aaaccspx,21.70400047302246,23.167909622192383
mp-aaacealm,44.29499816894531,86.63812255859375
mp-aaaaaiky,68.20700073242188,56.988460540771484
mp-aaaaabdc,56.275001525878906,47.129112243652344
mp-aaacfzct,36.492000579833984,60.74578857421875
mp-aaacfktc,52.07400131225586,40.56439971923828
mp-aaabxchr,36.119998931884766,54.45759582519531
mp-aaabxgsi,9.817999839782715,6.2548828125
mp-aaabxcpi,8.779000282287598,10.506996154785156
mp-aaaabefq,27.966999053955078,45.63872528076172
mp-aaabsdoz,7.738999843597412,22.01963996887207
mp-aaaabrsf,2.9619998931884766,0.0006561279296875
mp-aaadbddi,28.476999282836914,57.84221267700195
mp-aaaffkqd,43.196998596191406,46.43441390991211
mp-aaacfkhy,140.63499450683594,108.87028503417969
mp-aaaaaqug,10.319999694824219,19.5452880859375
mp-aaaaaebd,104.80500030517578,111.97459411621094
mp-aaaaalia,63.025001525878906,56.653961181640625
mp-aaabxjuh,122.5199966430664,123.5247802734375
mp-aaacfywr,-31.645999908447266,20.94937515258789
mp-aaaaajjw,77.25700378417969,76.85353088378906
mp-aaaaadmm,30.579999923706055,22.771289825439453
mp-aaabfxkm,16.292999267578125,42.5584602355957
mp-aaacfzbw,28.0310001373291,27.18914222717285
mp-aaaabene,44.1150016784668,49.58693313598633
mp-aaaabtiw,25.1299991607666,18.889284133911133
mp-aaabxcfr,80.50299835205078,82.90752410888672
mp-aaaabico,31.327999114990234,31.613868713378906
mp-aaabexgr,64.23799896240234,50.93900680541992
mp-aaaaabku,69.26200103759766,71.11846923828125
mp-aaacfjbt,29.913999557495117,31.990697860717773
mp-aaaabime,27.49799919128418,21.417707443237305
mp-aaaabpcb,76.54900360107422,97.17271423339844
mp-aaaaaxtd,61.104000091552734,63.849143981933594
mp-aaabxjzv,11.560999870300293,12.316755294799805
mp-aaaaahal,52.1619987487793,49.567989349365234
mp-aaaaaeav,86.67500305175781,76.29624938964844
mp-aaaabekz,63.03099822998047,72.61881256103516
mp-aaabxfxe,52.84700012207031,56.46699523925781
mp-aaacfljc,37.354000091552734,31.762935638427734
mp-aaaaaeba,13.131999969482422,12.731792449951172
mp-aaaaaaha,31.131000518798828,34.33513259887695
mp-aaaabout,24.378999710083008,41.153560638427734
mp-aaaabkmc,53.75199890136719,38.019744873046875
mp-aaabxfyg,85.13899993896484,78.57086181640625
mp-aaabxgze,26.71299934387207,23.70395278930664
mp-aaaaauqn,15.70300006866455,13.538654327392578
mp-aaaaazfp,66.74099731445312,70.05799865722656
mp-aaacgpix,74.73100280761719,74.06195068359375
mp-aaaaalpw,24.691999435424805,44.55049514770508
mp-aaaabduj,160.72900390625,152.10330200195312
mp-aaaaadbj,39.845001220703125,37.27877426147461
mp-aaaaaxai,6.5370001792907715,18.15789222717285
mp-aaabmmts,23.77199935913086,35.5867805480957
mp-aaaabrqs,1.6619999408721924,11.96257209777832
mp-aaabxcgl,-13.322999954223633,15.12800407409668
mp-aaabsdus,98.43000030517578,95.34638977050781
mp-aaaaawoq,33.867000579833984,35.1222038269043
mp-aaabxclk,10.746000289916992,14.075490951538086
mp-aaabfbco,40.84299850463867,40.76552963256836
mp-aaabjnuy,59.39699935913086,53.5749626159668
mp-aaacfkig,90.4209976196289,92.40939331054688
mp-aaaaarsr,14.506999969482422,24.104442596435547
mp-aaacdsgf,29.253000259399414,18.07565689086914
mp-aaaaabmr,133.59300231933594,117.35421752929688
mp-aaabmgnr,35.4010009765625,41.26482391357422
mp-aaacdlug,8.871000289916992,24.473098754882812
mp-aaaaarms,36.987998962402344,47.810813903808594
mp-aaacfanr,38.74300003051758,57.887481689453125
mp-aaabxfdc,80.04399871826172,64.115478515625
mp-aaaabhol,43.23400115966797,31.555397033691406
mp-aaabgkyr,55.29800033569336,42.33607864379883
mp-aaaabthr,35.8129997253418,31.87185287475586
mp-aaaaadfb,21.365999221801758,22.082420349121094
mp-aaaabhpg,20.93000030517578,20.822994232177734
mp-aaaaakam,51.832000732421875,49.42446517944336
mp-aaaaalnf,19.86199951171875,23.224185943603516
mp-aaaaabzg,121.29199981689453,132.0372772216797
mp-aaaaairc,87.48500061035156,90.62872314453125
mp-aaaabtfb,88.28800201416016,97.64196014404297
mp-aaacfwgo,68.30899810791016,84.19609832763672
mp-aaaaaicn,40.749000549316406,30.308910369873047
mp-aaaaadus,29.52400016784668,14.947845458984375
mp-aaaabtgf,54.4119987487793,51.82341766357422
mp-aaacdlib,22.518999099731445,19.856754302978516
mp-aaacgeom,18.82200050354004,19.36671257019043
mp-aaabeueu,0.546999990940094,6.408847808837891
mp-aaabfwkk,83.73500061035156,65.03733825683594
mp-aaaaafqm,29.378999710083008,38.728458404541016
mp-aaabxgzw,10.319000244140625,5.506374359130859
mp-aaaaaxpw,54.22700119018555,51.84846496582031
mp-aaaaasyc,58.9739990234375,55.21752166748047
mp-aaaelwww,4.919000148773193,3.369403839111328
mp-aaaabgyp,11.732000350952148,30.294872283935547
mp-aaacdzaw,-20.125999450683594,20.1346378326416
mp-aaaaaapl,37.40800094604492,28.203081130981445
mp-aaabrgwa,117.11299896240234,115.06455993652344
mp-aaacgipc,19.027999877929688,30.768461227416992
mp-aaacdngq,48.02199935913086,32.184749603271484
mp-aaafecms,10.795999526977539,17.98894691467285
mp-aaaaabfd,37.757999420166016,49.2133674621582
mp-aaaabwwm,33.7599983215332,31.398818969726562
mp-aaacrxnw,186.9290008544922,162.6373748779297
mp-aaabgncu,38.17599868774414,-1.41400146484375
mp-aaacfwlk,66.66300201416016,70.68119812011719
mp-aaacgitz,62.926998138427734,57.72607421875
mp-aaaabijg,14.843000411987305,8.022701263427734
mp-aaaaamao,60.167999267578125,60.99774169921875
mp-aaabgnim,7.497000217437744,8.092182159423828
mp-aaaabpkd,3.8429999351501465,5.171470642089844
mp-aaaaadwy,28.770999908447266,23.746938705444336
mp-aaacgpao,58.14500045776367,57.04747772216797
mp-aaaaatmi,64.24199676513672,29.41045570373535
mp-aaabmlaz,28.21500015258789,27.030933380126953
mp-aaabrdlw,56.025001525878906,47.70603942871094
mp-aaaaaeig,35.7760009765625,31.084880828857422
mp-aaacdlzq,18.30699920654297,12.485591888427734
mp-aaaaagmc,32.58300018310547,35.462589263916016
mp-aaaaanfo,8.595000267028809,18.369958877563477
mp-aaabfuac,39.33000183105469,32.808807373046875
mp-aaaaagov,42.084999084472656,45.33367919921875
mp-aaabfbjw,29.1299991607666,27.00274658203125
mp-aaabcsws,55.65700149536133,41.599395751953125
mp-aaaaalze,40.76599884033203,45.72500991821289
mp-aaaaaidf,15.26099967956543,4.4474945068359375
mp-aaabfyty,17.698999404907227,20.540443420410156
mp-aaaaasre,12.723999977111816,15.460098266601562
mp-aaaaanuw,6.8470001220703125,18.307891845703125
mp-aaaabiku,1.246000051498413,4.8125457763671875
mp-aaaabidg,15.753000259399414,21.448657989501953
mp-aaaaajxl,52.483001708984375,51.37242126464844
mp-aaabxajc,17.93600082397461,14.743654251098633
mp-aaaabubz,31.194000244140625,27.993152618408203
mp-aaaabeyj,13.407999992370605,33.953147888183594
mp-aaabxboz,12.99899959564209,16.19212532043457
mp-aaaaajai,71.07499694824219,75.7927474975586
mp-aaaaacca,15.440999984741211,11.395940780639648
mp-aaabgkzp,9.42199993133545,15.08255386352539
mp-aaabgadh,49.08100128173828,50.01233673095703
mp-aaaaadpi,18.41900062561035,12.89727783203125
mp-aaabxjwq,28.575000762939453,37.440406799316406
mp-aaaaatzj,49.625,51.716739654541016
mp-aaacebzk,-20.486000061035156,9.611038208007812
mp-aaacewaf,71.40699768066406,50.069419860839844
mp-aaacdker,6.699999809265137,21.21549415588379
mp-aaabxfat,-28.16200065612793,18.71953773498535
mp-aaaaaqbl,117.64199829101562,104.06707763671875
mp-aaaaaptn,-2.430000066757202,-10.11362075805664
mp-aaaacbjy,90.31800079345703,65.30000305175781
mp-aaacdshj,15.654999732971191,-8.659126281738281
mp-aaaaaowf,14.277000427246094,7.780517578125
mp-aaabqyjx,29.663999557495117,23.820974349975586
mp-aaabqwjr,99.01000213623047,80.92352294921875
mp-aaaaamcs,71.78199768066406,78.42257690429688
mp-aaaaaepn,60.4640007019043,56.11737060546875
mp-aaabnqry,176.54100036621094,152.13723754882812
mp-aaaabhal,182.2989959716797,165.75177001953125
mp-aaaaachv,80.3740005493164,57.762577056884766
mp-aaabklft,24.136999130249023,26.780059814453125
mp-aaaaalzp,69.54100036621094,70.23635864257812
mp-aaabxhjm,29.36400032043457,40.9260139465332
mp-aaacdlsa,54.17399978637695,38.916709899902344
mp-aaacewkb,78.5999984741211,58.330413818359375
mp-aaabxfjc,77.85900115966797,72.031005859375
mp-aaacdnoc,165.56399536132812,174.407470703125
mp-aaaaaafg,180.4770050048828,176.57774353027344
mp-aaaaabiv,39.39099884033203,25.555707931518555
mp-aaaaarjl,53.1879997253418,61.47069549560547
mp-aaacdjlq,161.33900451660156,75.29835510253906
mp-aaaabotm,23.322999954223633,27.612552642822266
mp-aaabxgya,105.25700378417969,91.03578186035156
mp-aaacdtqp,10.76099967956543,5.057807922363281
mp-aaaaamfl,37.483001708984375,41.51333236694336
mp-aaacgius,83.43299865722656,76.50370788574219
mp-aaabxayy,14.916999816894531,22.408647537231445
mp-aaaccspm,3.8480000495910645,18.921852111816406
mp-aaabgiln,20.01799964904785,16.199552536010742
mp-aaaabkgz,12.810999870300293,4.402992248535156
mp-aaaabhny,55.178001403808594,59.55750274658203
mp-aaacdktx,16.434999465942383,15.044946670532227
mp-aaaaaxok,59.654998779296875,56.16143035888672
mp-aaaaaafv,-4.928999900817871,3.1727371215820312
mp-aaaabgyu,36.22100067138672,52.90569305419922
mp-aaabnrcw,53.25899887084961,56.8442497253418
mp-aaaaariw,22.802000045776367,17.459339141845703
mp-aaaaabut,110.13600158691406,81.92042541503906
mp-aaabqwlk,27.41900062561035,25.714216232299805
mp-aaaabtkd,62.965999603271484,64.94752502441406
mp-aaabghvd,8.515999794006348,5.498252868652344
mp-aaaaaaai,168.0399932861328,185.23301696777344
mp-aaaabtjt,70.46099853515625,73.64631652832031
mp-aaaaaivi,20.601999282836914,20.733415603637695
mp-aaaabuhq,26.802000045776367,22.359479904174805
mp-aaaaaiab,25.895000457763672,51.13230514526367
mp-aaaaactl,15.005999565124512,19.97531509399414
mp-aaacgjai,28.999000549316406,34.148345947265625
mp-aaacginh,53.79100036621094,44.32841873168945
mp-aaacdqbx,113.46700286865234,108.08802795410156
mp-aaaaaqym,114.2020034790039,100.3935775756836
mp-aaabxhkc,80.04100036621094,59.925453186035156
mp-aaaaahng,87.4739990234375,78.5563735961914
mp-aaacdizd,-16.812999725341797,-3.890888214111328
mp-aaacfisw,57.80400085449219,74.67060852050781
mp-aaaaakio,48.69200134277344,55.36555099487305
mp-aaaabewn,45.2140007019043,52.17774200439453
mp-aaaabhvw,2.0460000038146973,1.915618896484375
mp-aaaaacds,18.257999420166016,26.321720123291016
mp-aaabxjuk,22.770000457763672,15.109678268432617
mp-aaabhanl,48.55099868774414,47.33320999145508
mp-aaaabgyc,103.44000244140625,85.75091552734375
mp-aaabfeck,42.72200012207031,32.639732360839844
mp-aaabxfou,102.3489990234375,47.365718841552734
mp-aaabraed,93.47799682617188,98.34700775146484
mp-aaacdhyi,31.315000534057617,22.92024803161621
mp-aaaaakkh,61.54600143432617,66.5522232055664
mp-aaacqbkm,195.53700256347656,175.476806640625
mp-aaacflhj,7.781000137329102,40.127437591552734
mp-aaacgpba,14.170000076293945,31.203296661376953
mp-aaaaabfl,17.128000259399414,6.334308624267578
mp-aaaabfao,16.610000610351562,17.01129150390625
mp-aaabqzij,7.241000175476074,11.181455612182617
mp-aaaabacl,51.51300048828125,42.16135787963867
mp-aaabqwyf,49.518001556396484,42.54158020019531
mp-aaafvitu,10.77400016784668,13.429407119750977
mp-aaacevzp,144.4029998779297,112.27911376953125
mp-aaafuupd,32.20500183105469,41.55238342285156
mp-aaabfxnz,27.905000686645508,35.321266174316406
mp-aaacdvub,18.445999145507812,20.31572723388672
mp-aaacfkbr,21.555999755859375,40.279605865478516
mp-aaabgnpm,33.97100067138672,69.29026794433594
mp-aaaaabgg,18.618000030517578,16.80735969543457
mp-aaaaaqel,56.98899841308594,42.65119552612305
mp-aaabqzvi,17.231000900268555,26.003896713256836
mp-aaaaachz,77.84500122070312,77.04108428955078
mp-aaabkrab,36.7869987487793,34.50760269165039
mp-aaaabjfr,134.23500061035156,96.08116149902344
mp-aaaaaajq,11.194000244140625,17.01664924621582
mp-aaaaabwm,46.202999114990234,32.882232666015625
mp-aaaaaqqy,41.67499923706055,19.70802879333496
mp-aaabgkxz,108.94000244140625,108.68687438964844
mp-aaacgoop,58.104000091552734,76.98750305175781
mp-aaacfyay,56.72100067138672,54.62046813964844
mp-aaaaagcb,39.59299850463867,48.78328323364258
mp-aaaabrcn,22.510000228881836,22.43813705444336
mp-aaabxhht,-90.03800201416016,13.28664779663086
mp-aaabxjuv,19.163000106811523,20.867450714111328
mp-aaaaafrq,46.270999908447266,55.62071990966797
mp-aaacgira,54.70500183105469,51.241676330566406
mp-aaaaahts,70.23899841308594,60.24247741699219
mp-aaaaacwf,117.4800033569336,90.93382263183594
mp-aaabxdqa,35.404998779296875,19.502914428710938
mp-aaaaaodi,78.6780014038086,54.65749740600586
mp-aaacdvto,85.49299621582031,90.93550109863281
mp-aaaaamsz,15.928000450134277,35.41211700439453
mp-aaaaaard,19.667999267578125,20.2950496673584
mp-aaaabtem,52.06999969482422,54.53820037841797
mp-aaabxgif,2.2920000553131104,6.150299072265625
mp-aaaaahio,54.617000579833984,51.55180358886719
mp-aaafkmcl,31.702999114990234,44.13661575317383
mp-aaaabsai,57.88800048828125,46.506099700927734
mp-aaaaapxg,15.067000389099121,50.804805755615234
mp-aaaaadxk,21.92099952697754,23.957351684570312
mp-aaacfjcg,102.84400177001953,95.38090515136719
mp-aaacgiup,25.111000061035156,19.96928596496582
mp-aaaaaarw,29.485000610351562,26.48177719116211
mp-aaacdkjp,30.304000854492188,34.72196960449219
mp-aaabgrzz,4.76200008392334,6.207912445068359
mp-aaaaadnp,44.029998779296875,39.4138069152832
mp-aaaaayjx,54.24399948120117,54.2368278503418
mp-aaaaaxjs,66.32599639892578,92.05174255371094
mp-aaaabulx,-20.1299991607666,27.55718421936035
mp-aaacgove,52.64099884033203,51.61200714111328
mp-aaaaaahv,31.56999969482422,44.2555046081543
mp-aaaaaexn,54.73899841308594,42.965576171875
mp-aaaabtzl,97.39399719238281,54.611732482910156
mp-aaacdnqv,20.219999313354492,23.30474281311035
mp-aaaaafar,30.350000381469727,23.543670654296875
mp-aaacdhtq,36.90700149536133,27.791385650634766
mp-aaaaactx,46.08700180053711,41.379676818847656
mp-aaabghpu,52.137001037597656,37.45112228393555
mp-aaabqvnj,-9.25100040435791,4.472133636474609
mp-aaaaacez,6.145999908447266,9.273582458496094
mp-aaaaaabq,60.284000396728516,53.826297760009766
mp-aaacfkbq,12.694000244140625,20.72821807861328
mp-aaaabbaf,93.40699768066406,92.91957092285156
mp-aaaaaupa,30.514999389648438,27.042390823364258
mp-aaabgmjn,187.26100158691406,193.06488037109375
mp-aaaaadhw,0.4189999997615814,8.521995544433594
mp-aaabxbpw,56.94499969482422,50.918434143066406
mp-aaaabezt,86.45899963378906,87.63218688964844
mp-aaaabhle,57.39400100708008,58.71662139892578
mp-aaabqxxz,59.645999908447266,65.1284408569336
mp-aaabghok,29.253999710083008,30.05795669555664
mp-aaaaaafc,10.87399959564209,9.027969360351562
mp-aaaaaahh,99.33699798583984,88.40809631347656
mp-aaabfnww,18.65399932861328,12.33100700378418
mp-aaacgaxf,68.47100067138672,63.387413024902344
mp-aaaaaorq,12.407999992370605,16.413373947143555
mp-aaaaakxr,30.72599983215332,67.31056213378906
mp-aaabxcfl,36.27000045776367,31.114267349243164
mp-aaaaadpq,18.121000289916992,20.957353591918945
mp-aaacgpia,12.232000350952148,9.211902618408203
mp-aaabmhbp,41.41400146484375,66.44659423828125
mp-aaaaalrn,24.174999237060547,27.979129791259766
mp-aaacdign,19.381999969482422,19.724193572998047
mp-aaaabhab,63.944000244140625,47.98973846435547
mp-aaaacban,40.22600173950195,39.170372009277344
mp-aaaabdyj,49.51499938964844,69.15145111083984
mp-aaacgfnc,40.68899917602539,42.48143005371094
mp-aaachdtc,-0.968999981880188,-3.1198806762695312
mp-aaabxfme,36.176998138427734,21.069629669189453
mp-aaaaaddo,33.25199890136719,27.17618179321289
mp-aaaaapsw,-5.451000213623047,-0.7401123046875
mp-aaacdwyt,7.948999881744385,8.757923126220703
mp-aaabyfua,13.954000473022461,16.88467025756836
mp-aaaaaclq,14.10200023651123,18.666065216064453
mp-aaaaabsi,123.93900299072266,97.71897888183594
mp-aaaaagqa,172.69000244140625,209.51840209960938
mp-aaaaaasq,11.4350004196167,11.109930038452148
mp-aaacgafd,56.4370002746582,42.67070007324219
mp-aaaaaulk,17.632999420166016,24.097604751586914
mp-aaaaaeip,23.975000381469727,21.640913009643555
mp-aaabdbjf,48.138999938964844,87.84661865234375
mp-aaacdjhy,40.66999816894531,88.82879638671875
mp-aaaabeqb,55.76599884033203,51.76465606689453
mp-aaaabfie,32.19900131225586,21.65914535522461
mp-aaacdswd,42.64500045776367,38.98717498779297
mp-aaaaaazg,42.38399887084961,40.608299255371094
mp-aaaaaavd,33.53799819946289,30.49554443359375
mp-aaacewqo,89.79000091552734,85.1365966796875
mp-aaaaagrv,36.62099838256836,30.549358367919922
mp-aaaccsop,68.03500366210938,65.15080261230469
mp-aaabqzrj,59.12099838256836,45.36128234863281
mp-aaaaapvu,157.2519989013672,135.96022033691406
mp-aaaaarqj,166.54400634765625,121.49775695800781
mp-aaaaalbq,47.33599853515625,41.329383850097656
mp-aaaaauvy,18.075000762939453,24.549272537231445
mp-aaaaadoh,31.429000854492188,15.443845748901367
mp-aaaaacbv,26.204999923706055,34.98052215576172
mp-aaabxgck,48.805999755859375,44.008968353271484
mp-aaaabtqn,75.58300018310547,83.31318664550781
mp-aaacgosj,37.74100112915039,35.912078857421875
mp-aaabxdam,2.630000114440918,7.565128326416016
mp-aaacfywi,31.093000411987305,29.442096710205078
mp-aaaaaejx,34.75,28.897308349609375
mp-aaaaabzr,38.42499923706055,34.89842987060547
mp-aaaaalyn,28.67099952697754,41.350555419921875
mp-aaaaamhq,44.07600021362305,47.440738677978516
mp-aaaabpaj,2.1700000762939453,-2.270679473876953
mp-aaaccsqm,-20.652999877929688,-19.261966705322266
mp-aaaaadgw,52.37099838256836,59.40220642089844
mp-aaaabrqa,7.23199987411499,8.045948028564453
mp-aaaabjyc,31.121000289916992,32.13716125488281
mp-aaaabjpq,18.805999755859375,16.26900291442871
mp-aaaaawuf,85.77200317382812,77.02970123291016
mp-aaabxguf,81.3239974975586,80.19410705566406
mp-aaabkpsx,6.49399995803833,-5.096832275390625
mp-aaabxbai,70.5479965209961,86.34175109863281
mp-aaaabroy,8.10099983215332,9.951183319091797
mp-aaabxjww,102.2300033569336,93.52323150634766
mp-aaaaabfn,66.78299713134766,59.462581634521484
mp-aaabsduo,64.91200256347656,55.31446838378906
mp-aaaaaena,10.152000427246094,12.73698616027832
mp-aaacdize,32.426998138427734,13.237722396850586
mp-aaaaaawr,7.5279998779296875,13.688879013061523
mp-aaaaarnd,34.779998779296875,40.8702507019043
mp-aaacdyct,16.250999450683594,12.276611328125
mp-aaaddpts,-77.91899871826172,-47.55080032348633
mp-aaabjybv,-17.773000717163086,46.698936462402344
mp-aaabghsv,39.6879997253418,40.92876434326172
mp-aaabgkfy,15.145999908447266,8.802677154541016
mp-aaabxcqe,23.145000457763672,16.14765739440918
mp-aaaabexj,51.15599822998047,51.700408935546875
mp-aaaaabqj,55.255001068115234,54.16693878173828
mp-aaacdhpb,3.365000009536743,-0.5237083435058594
mp-aaaaagnl,9.39900016784668,7.705574035644531
mp-aaabfctj,5.142000198364258,11.403226852416992
mp-aaaaautk,52.09000015258789,46.20012664794922
mp-aaacfixo,114.87100219726562,129.89292907714844
mp-aaaaagcj,49.051998138427734,50.28040313720703
mp-aaaaaapo,23.54800033569336,17.715246200561523
mp-aaabgiqn,51.779998779296875,41.35626983642578
mp-aaaaahtm,36.05500030517578,41.06036376953125
mp-aaacdnqm,16.496999740600586,12.721912384033203
mp-aaabfpky,33.5629997253418,32.142578125
mp-aaaaahfv,56.87099838256836,62.559959411621094
mp-aaabxcks,52.04399871826172,36.344539642333984
mp-aaabjyhm,-57.79600143432617,-79.03367614746094
mp-aaaaahlc,40.83100128173828,57.02931213378906
mp-aaabmkse,24.981000900268555,24.629459381103516
mp-aaaaaojv,27.6560001373291,23.68705940246582
mp-aaabxhej,60.22100067138672,63.14216232299805
mp-aaaaaglr,55.98699951171875,48.16410827636719
mp-aaaaaawh,96.26200103759766,127.88905334472656
mp-aaabfwid,24.573999404907227,34.219825744628906
mp-aaabevoa,41.047000885009766,28.546098709106445
mp-aaacdtuy,20.256000518798828,20.859935760498047
mp-aaaaaehg,48.59299850463867,40.94828796386719
mp-aaabxfnu,23.216999053955078,12.176563262939453
mp-aaaaarht,19.788000106811523,24.601654052734375
mp-aaaaavqn,53.15599822998047,48.00459671020508
mp-aaaaaksx,75.75,65.08390808105469
mp-aaabjccl,61.39799880981445,93.85228729248047
mp-aaabxezx,29.172000885009766,25.45002555847168
mp-aaaaabrr,82.51699829101562,74.46234130859375
mp-aaabxjbi,22.257999420166016,25.118484497070312
mp-aaaabieo,29.53700065612793,23.382532119750977
mp-aaacdqcw,28.58300018310547,22.206951141357422
mp-aaaaabxw,75.96700286865234,75.40303039550781
mp-aaaaaitw,103.85399627685547,117.2611083984375
mp-aaaaakmf,6.052999973297119,11.867349624633789
mp-aaaaaijv,52.38600158691406,42.90798568725586
mp-aaaaakoh,35.887001037597656,10.683263778686523
mp-aaacdrdl,95.01699829101562,105.34406280517578
mp-aaaaagwy,28.12700080871582,39.06350326538086
mp-aaaabfsj,52.97700119018555,46.839599609375
mp-aaabfigr,20.66200065612793,22.133665084838867
mp-aaaaacll,31.660999298095703,11.282264709472656
mp-aaacginn,85.45899963378906,96.04034423828125
mp-aaaabefi,74.35099792480469,89.8096923828125
mp-aaaaaiav,89.20700073242188,88.12384796142578
mp-aaabghvo,11.970000267028809,15.643455505371094
mp-aaaaaaaj,23.200000762939453,17.325361251831055
mp-aaafypsm,30.21299934387207,30.969951629638672
mp-aaaaaqxq,35.96900177001953,29.332992553710938
mp-aaaaahqg,98.46700286865234,76.624755859375
mp-aaabxhfr,15.687999725341797,16.41612434387207
mp-aaaaajdm,50.367000579833984,49.64858627319336
mp-aaacdhyg,63.909000396728516,46.04297637939453
mp-aaacfvwb,24.7450008392334,31.906185150146484
mp-aaacebod,14.491999626159668,14.693342208862305
mp-aaacdxuz,4.994999885559082,13.779031753540039
mp-aaaaahyi,29.011999130249023,44.290130615234375
mp-aaaaaeex,77.68599700927734,38.002445220947266
mp-aaacdnuj,13.807999610900879,13.796424865722656
mp-aaaaaowm,22.97800064086914,37.92548370361328
mp-aaacdrds,4.313000202178955,7.778537750244141
mp-aaaaalsj,174.1219940185547,134.5332489013672
mp-aaaaaroq,21.45800018310547,24.889972686767578
mp-aaabgmtd,50.0,59.97334289550781
mp-aaacfkds,17.187999725341797,-3.0036849975585938
mp-aaacfkaz,17.03499984741211,15.400407791137695
mp-aaaaabwq,21.558000564575195,14.827281951904297
mp-aaabgjpz,33.3390007019043,32.9112434387207
mp-aaaaamgi,43.65399932861328,42.107452392578125
mp-aaaaabbi,54.979000091552734,47.6748046875
mp-aaaacbkx,43.198001861572266,31.124706268310547
mp-aaaaaagg,8.319999694824219,5.890129089355469
mp-aaacgoti,90.86599731445312,64.51398468017578
mp-aaabewng,24.716999053955078,24.439193725585938
mp-aaacdiez,52.28799819946289,66.05873107910156
mp-aaabkfie,88.6989974975586,55.0889892578125
mp-aaacdyzn,13.541000366210938,13.55613899230957
mp-aaabfplo,40.99300003051758,56.623497009277344
mp-aaaaahnh,22.606000900268555,17.815710067749023
mp-aaaaabvy,-44.27000045776367,40.477848052978516
mp-aaacpnux,175.24600219726562,173.5769500732422
mp-aaaaaaup,56.74800109863281,61.86564636230469
mp-aaacgivp,5.050000190734863,7.258190155029297
mp-aaacfjch,-28.368000030517578,26.002653121948242
mp-aaaabtyu,3.6070001125335693,-2.208293914794922
mp-aaabgjbx,68.27100372314453,54.04322052001953
mp-aaaaaoup,179.01400756835938,187.83995056152344
mp-aaaaahgj,34.49100112915039,35.73384475708008
mp-aaaaapen,80.2040023803711,78.6566390991211
mp-aaaabeab,72.44599914550781,70.88969421386719
mp-aaacdjey,19.34000015258789,5.893680572509766
mp-aaabrare,86.34200286865234,65.93378448486328
mp-aaacfyak,69.41899871826172,62.91782760620117
mp-aaaaapuo,10.871000289916992,16.615684509277344
mp-aaackxqf,65.3550033569336,73.46781921386719
mp-aaabewau,40.060001373291016,38.017364501953125
mp-aaaaaccx,73.08899688720703,73.76210021972656
mp-aaacctem,-0.5659999847412109,17.075759887695312
mp-aaaaamua,-24.15999984741211,61.25822448730469
mp-aaaaaaeh,0.597000002861023,-9.806350708007812
mp-aaacdsfj,26.34000015258789,43.72307205200195
mp-aaacdkme,89.25599670410156,98.72050476074219
mp-aaaabsmx,-52.540000915527344,3.0970191955566406
mp-aaaaanpr,13.895000457763672,20.97011947631836
mp-aaaaapgq,74.58499908447266,84.680908203125
mp-aaabgksl,59.305999755859375,43.8659553527832
mp-aaabglnx,9.130000114440918,2.1971893310546875
mp-aaabgkns,4.435999870300293,3.089923858642578
mp-aaabjyhk,53.948001861572266,27.31714630126953
mp-aaacdtol,20.49799919128418,20.853431701660156
mp-aaacdyzb,33.305999755859375,25.82293701171875
mp-aaabxfnc,27.167999267578125,60.233848571777344
mp-aaacdkmp,5.093999862670898,12.916494369506836
mp-aaabgiiv,24.038000106811523,15.21329116821289
mp-aaaaalkn,31.520999908447266,42.6340446472168
mp-aaacdpsw,15.145999908447266,28.39324188232422
mp-aaabxfzi,80.95099639892578,75.73159790039062
mp-aaacezzv,82.5770034790039,54.480682373046875
mp-aaaaaioo,90.46600341796875,97.58627319335938
mp-aaacgozk,47.91600036621094,42.09322738647461
mp-aaaaamfu,9.50100040435791,14.768762588500977
mp-aaaaambm,16.34000015258789,19.827356338500977
mp-aaaabdjt,48.36399841308594,39.5242919921875
mp-aaacgisu,70.16500091552734,73.41595458984375
mp-aaafvlbp,26.895000457763672,30.39406967163086
mp-aaaaafcj,88.56600189208984,83.9571304321289
mp-aaaabjil,21.011999130249023,32.858558654785156
mp-aaaaafqh,145.1060028076172,152.536865234375
mp-aaabxgio,17.1560001373291,19.458349227905273
mp-aaaabtax,117.8479995727539,100.5523681640625
mp-aaaabdjs,44.84700012207031,38.60606002807617
mp-aaaaaifg,39.12200164794922,84.50225067138672
mp-aaabffiz,35.007999420166016,27.372058868408203
mp-aaaaasel,16.19499969482422,14.109464645385742
mp-aaabfkyz,21.48900032043457,18.06743812561035
mp-aaaaangt,10.513999938964844,9.340606689453125
mp-aaabsegb,90.58000183105469,96.69574737548828
mp-aaablkkg,54.694000244140625,65.08769989013672
mp-aaabfqrl,18.023000717163086,25.270336151123047
mp-aaaabfmv,33.180999755859375,31.71933937072754
mp-aaabcsyp,19.09600067138672,27.38899040222168
mp-aaabgknf,22.910999298095703,22.462312698364258
mp-aaacdswq,-105.22200012207031,-33.75868606567383
mp-aaaabtqa,86.88700103759766,61.00212860107422
mp-aaabgkms,115.48999786376953,135.80853271484375
mp-aaabxcbi,62.733001708984375,71.30154418945312
mp-aaaaagoj,47.62300109863281,49.07550048828125
mp-aaaaabte,28.270999908447266,24.304733276367188
mp-aaaaaiqq,81.29100036621094,76.43960571289062
mp-aaabjkld,62.7130012512207,68.46687316894531
mp-aaacdiqh,21.731000900268555,21.31475067138672
mp-aaacdido,17.92099952697754,13.82297134399414
mp-aaacevrc,-37.68600082397461,-74.65472412109375
mp-aaaabiks,30.035999298095703,24.919403076171875
mp-aaaaadnz,39.152000427246094,33.307613372802734
mp-aaaaades,14.972000122070312,13.16561508178711
mp-aaaabegc,33.15299987792969,22.64229965209961
mp-aaacfirl,105.0770034790039,94.65953826904297
mp-aaaabrox,72.5,65.50859069824219
mp-aaabxdpr,15.302000045776367,17.40700340270996
mp-aaaaauks,18.040000915527344,19.61217498779297
mp-aaabxcpa,18.89900016784668,14.017000198364258
mp-aaaaaozo,33.1619987487793,36.783145904541016
mp-aaacdswf,34.494998931884766,22.657583236694336
mp-aaaaaade,11.152999877929688,2.949981689453125
mp-aaacflvn,-6.171999931335449,23.466054916381836
mp-aaaabsqa,-1.4559999704360962,14.258365631103516
mp-aaaaahqc,66.26499938964844,70.13678741455078
mp-aaacfksr,87.06400299072266,71.41596984863281
mp-aaacevqp,19.965999603271484,34.899742126464844
mp-aaabexdj,86.3949966430664,78.6236801147461
mp-aaaaaebt,108.38400268554688,108.65272521972656
mp-aaaaanxb,53.608001708984375,43.453636169433594
mp-aaacdjfu,37.11000061035156,32.521568298339844
mp-aaabxgtq,8.102999687194824,7.3408660888671875
mp-aaabjkza,56.75299835205078,56.80807876586914
mp-aaadbrgu,37.801998138427734,49.97053146362305
mp-aaaaahgv,58.49300003051758,68.69095611572266
mp-aaabxgeq,44.38100051879883,66.7955322265625
mp-aaaabiau,4.715000152587891,11.307130813598633
mp-aaaaadwz,100.71800231933594,62.75225830078125
mp-aaabgnet,25.520000457763672,29.42938995361328
mp-aaabgiuy,145.69700622558594,149.44378662109375
mp-aaacdllp,53.39500045776367,62.18404006958008
mp-aaaabekp,14.89799976348877,14.290302276611328
mp-aaaaakfr,6.986000061035156,26.35287094116211
mp-aaabxjce,-4.547999858856201,13.023591995239258
mp-aaaaadnd,39.6349983215332,28.079326629638672
mp-aaabgicp,88.0009994506836,62.64356231689453
mp-aaabfjly,37.80400085449219,35.47521209716797
mp-aaaaagsz,34.51499938964844,59.02863693237305
mp-aaaaadmb,44.749000549316406,45.35790252685547
mp-aaaabhps,32.43299865722656,26.682628631591797
mp-aaaabprn,12.76200008392334,7.827098846435547
mp-aaaaaunk,18.8439998626709,19.386537551879883
mp-aaabgifl,78.3290023803711,94.46478271484375
mp-aaaaapry,49.98099899291992,41.815486907958984
mp-aaacdyud,17.988000869750977,18.698396682739258
mp-aaabxjbo,37.40599822998047,36.10513687133789
mp-aaabglir,38.07699966430664,36.161949157714844
mp-aaaaaxfq,54.249000549316406,37.15849685668945
mp-aaaaabwt,3.2960000038146973,11.671001434326172
mp-aaacehxt,9.869999885559082,12.944101333618164
mp-aaackssl,28.160999298095703,44.144554138183594
mp-aaaaacxd,68.45600128173828,68.3033218383789
mp-aaaaadua,51.5629997253418,37.748558044433594
mp-aaaaaduq,11.48799991607666,13.154664993286133
mp-aaaaadwq,81.8949966430664,81.74716186523438
mp-aaaabhhu,76.23799896240234,65.79930114746094
mp-aaacgoyy,51.678001403808594,72.08708190917969
mp-aaaabhfi,21.812999725341797,24.588626861572266
mp-aaaaaauy,-1.1330000162124634,24.83650779724121
mp-aaaaabqn,35.972999572753906,23.056581497192383
mp-aaaabspn,70.61399841308594,61.131202697753906
mp-aaabxdsd,14.343999862670898,39.34893798828125
mp-aaaaamoi,62.22200012207031,53.1398811340332
mp-aaaaadec,59.68299865722656,46.6701545715332
mp-aaaaboyn,18.881000518798828,26.82132339477539
mp-aaabxdrw,32.9640007019043,26.695314407348633
mp-aaabxjrg,36.06800079345703,30.94133949279785
mp-aaacdmvv,24.941999435424805,20.532344818115234
mp-aaabqyvo,8.605999946594238,1.2440452575683594
mp-aaabxchv,174.87600708007812,166.94610595703125
mp-aaabcsqd,3.1480000019073486,21.99654197692871
mp-aaaabrcs,8.939000129699707,13.98172378540039
mp-aaabxhbd,42.28099822998047,46.420387268066406
mp-aaacgexp,15.269000053405762,2.1073074340820312
mp-aaaaarav,90.46800231933594,92.67696380615234
mp-aaaaborx,53.5260009765625,51.751461029052734
mp-aaacctel,12.984999656677246,19.82853126525879
mp-aaaaaytf,33.72999954223633,25.681840896606445
mp-aaabjxyx,-3.1489999294281006,-5.816272735595703
mp-aaabxhfi,43.16600036621094,39.10943603515625
mp-aaaabjca,25.011999130249023,35.854732513427734
mp-aaabxdpk,33.7140007019043,31.756816864013672
mp-aaacdkho,40.108001708984375,42.07324981689453
mp-aaaabrlk,64.69200134277344,62.11949157714844
mp-aaacfxjp,26.812000274658203,41.25486373901367
mp-aaackvdw,45.952999114990234,34.377105712890625
mp-aaacfjlv,6.013999938964844,-2.0301284790039062
mp-aaaaafrf,9.027000427246094,23.798709869384766
mp-aaaabjcy,28.673999786376953,23.54398536682129
mp-aaaaaehj,74.60900115966797,76.88249206542969
mp-aaaaabdw,17.493999481201172,20.291685104370117
mp-aaaaacow,48.42599868774414,35.93673324584961
mp-aaacdrek,20.216999053955078,18.13910675048828
mp-aaaaaiuf,73.88600158691406,65.18804931640625
mp-aaaabdvf,55.69300079345703,57.920066833496094
mp-aaaccsoo,139.1540069580078,60.642173767089844
mp-aaaabunv,48.96699905395508,59.93330764770508
mp-aaaaaqqa,97.75700378417969,12.258569717407227
mp-aaaaaqrw,39.7130012512207,89.7442626953125
mp-aaacdrmo,43.0989990234375,29.291683197021484
mp-aaacdltr,2.9079999923706055,0.34587860107421875
mp-aaaabtdj,101.53199768066406,106.46161651611328
mp-aaaaaaok,185.9709930419922,169.74424743652344
mp-aaabfpbp,14.505999565124512,18.32764434814453
mp-aaabsekm,6.568999767303467,50.416839599609375
mp-aaaabinr,16.231000900268555,19.358062744140625
mp-aaabxixm,46.400001525878906,41.78892517089844
mp-aaaaadjz,90.947998046875,106.06719970703125
mp-aaacfhmi,-24.614999771118164,9.013214111328125
mp-aaaaaybw,133.26300048828125,137.29757690429688
mp-aaaaadud,71.87100219726562,56.735782623291016
mp-aaaaapiz,93.48699951171875,120.12904357910156
mp-aaaaahez,20.54599952697754,31.52164077758789
mp-aaaaabad,65.4260025024414,45.13426971435547
mp-aaabxcmn,46.70399856567383,37.160369873046875
mp-aaaaabpu,176.24600219726562,165.3054962158203
mp-aaaaalbu,14.871999740600586,16.61412811279297
mp-aaacgiun,66.77200317382812,61.06431579589844
mp-aaacdrzc,29.788000106811523,22.58661651611328
mp-aaaaaogp,12.744999885559082,14.61751937866211
mp-aaacgppf,52.2400016784668,61.84403991699219
mp-aaabscis,13.892999649047852,12.958858489990234
mp-aaaceqeu,-25.275999069213867,-32.75429153442383
mp-aaaaahgm,27.465999603271484,40.69268035888672
mp-aaaaaaqn,62.20199966430664,52.992794036865234
mp-aaabglpo,23.53700065612793,27.893661499023438
mp-aaaaamfh,5.046999931335449,5.000041961669922
mp-aaabxgjw,30.229000091552734,31.548553466796875
mp-aaaaaais,135.32699584960938,112.61363220214844
mp-aaacdsbh,-32.01300048828125,-19.701080322265625
mp-aaabxgzs,102.65899658203125,71.41757202148438
mp-aaaaacng,45.077999114990234,33.896705627441406
mp-aaaabhwy,12.66100025177002,11.555059432983398
mp-aaabgrct,110.52999877929688,111.07269287109375
mp-aaaaaojx,48.426998138427734,49.92121505737305
mp-aaabghwi,8.668999671936035,6.784458160400391
mp-aaabxaqx,52.05799865722656,33.74797821044922
mp-aaabxhbh,127.18199920654297,115.45237731933594
mp-aaacfyas,27.983999252319336,39.255428314208984
mp-aaaaadjx,20.989999771118164,29.18026351928711
mp-aaaabrwg,75.64299774169922,68.07422637939453
mp-aaaaakpm,11.057000160217285,12.559865951538086
mp-aaafdxez,6.688000202178955,11.50396728515625
mp-aaabxfvi,23.04800033569336,18.308704376220703
mp-aaaaanlb,32.064998626708984,21.969009399414062
mp-aaacfybw,32.237998962402344,35.13905715942383
mp-aaaaafkk,23.641000747680664,22.364707946777344
mp-aaacevzw,28.180999755859375,27.376033782958984
mp-aaaabheo,71.7040023803711,73.60520935058594
mp-aaaabtfk,-106.26300048828125,-62.145206451416016
mp-aaabxgyk,95.11299896240234,90.67427825927734
mp-aaabxcan,204.27999877929688,179.88519287109375
mp-aaabkgrv,48.89099884033203,55.59455871582031
mp-aaaabffk,35.28499984741211,44.57636642456055
mp-aaafeaud,-4.103000164031982,8.63522720336914
mp-aaaaafja,122.49500274658203,86.70478820800781
mp-aaaaatdj,67.4739990234375,53.92278289794922
mp-aaaaaauw,14.295999526977539,12.342720031738281
mp-aaabxcbl,19.763999938964844,13.098306655883789
mp-aaacdnvj,19.231000900268555,22.13014793395996
mp-aaaabtrw,41.30099868774414,35.294189453125
mp-aaabglzu,3.497999906539917,16.325498580932617
mp-aaacdpxz,90.31400299072266,84.46888732910156
mp-aaacdowl,23.371000289916992,29.958410263061523
mp-aaaaanty,35.52199935913086,31.543033599853516
mp-aaacfakr,-11.600000381469727,56.418800354003906
mp-aaacflkj,-2.9749999046325684,-5.131847381591797
mp-aaaaabsu,71.66799926757812,43.45433807373047
mp-aaacctez,5.192999839782715,13.23065185546875
mp-aaabxjsk,108.25800323486328,100.79747009277344
mp-aaabiinr,61.590999603271484,44.35820770263672
mp-aaaabqjd,204.8679962158203,198.1664276123047
mp-aaacfwgm,26.920000076293945,25.000446319580078
mp-aaaaafau,96.78800201416016,81.48796081542969
mp-aaacdyzl,49.34000015258789,43.53763961791992
mp-aaaabucw,13.904000282287598,14.613840103149414
mp-aaabgiqy,30.440000534057617,34.83256912231445
mp-aaaaahqt,47.319000244140625,48.8648567199707
mp-aaaabrwv,70.2969970703125,46.79225158691406
mp-aaabxgqu,14.586000442504883,9.954338073730469
mp-aaaaabrk,88.55400085449219,107.10221862792969
mp-aaacdivh,124.14700317382812,53.33861541748047
mp-aaaabtdc,26.541000366210938,31.15738868713379
mp-aaaaabmt,34.85599899291992,30.99829864501953
mp-aaagklfr,144.0800018310547,12.506828308105469
mp-aaaabirm,56.63100051879883,48.34526824951172
mp-aaaaaaak,32.380001068115234,34.41011428833008
mp-aaabxivp,20.738000869750977,12.182846069335938
mp-aaabxgmm,9.798999786376953,2.9200973510742188
mp-aaacfzom,55.757999420166016,68.36367797851562
mp-aaacdhle,21.937000274658203,21.196199417114258
mp-aaacfjxk,23.73900032043457,56.031463623046875
mp-aaaabkmu,8.116999626159668,5.253841400146484
mp-aaacfzmk,194.625,183.1217803955078
mp-aaabxgqv,118.6760025024414,93.71682739257812
mp-aaacewgl,19.43600082397461,43.41154098510742
mp-aaaaaeds,100.19000244140625,76.80862426757812
mp-aaaaacsb,17.055999755859375,10.912771224975586
mp-aaaabgzc,26.961999893188477,24.141469955444336
mp-aaabqypt,53.38999938964844,47.624202728271484
mp-aaaaatpc,50.529998779296875,43.332149505615234
mp-aaabxciv,17.513999938964844,16.463794708251953
mp-aaaaacat,23.339000701904297,34.711116790771484
mp-aaabxgmf,19.232999801635742,14.917837142944336
mp-aaabfdjh,31.121999740600586,29.853328704833984
mp-aaabxjek,17.124000549316406,8.408000946044922
mp-aaabftrh,3.882999897003174,3.1321792602539062
mp-aaaabqdk,17.81399917602539,29.649019241333008
mp-aaacdofr,16.290000915527344,25.341588973999023
mp-aaacifid,10.82699966430664,8.053409576416016
mp-aaaaakql,62.108001708984375,51.880252838134766
mp-aaaabgtx,45.426998138427734,40.662052154541016
mp-aaaaahjg,42.27899932861328,38.300479888916016
mp-aaabgmtg,93.3479995727539,108.25003051757812
mp-aaacdjzs,46.27199935913086,50.46234130859375
mp-aaabgjti,14.435999870300293,21.51458740234375
mp-aaaaaghy,133.5279998779297,98.5599136352539
mp-aaabxbsi,48.992000579833984,37.97992706298828
mp-aaaaaswm,78.177001953125,57.11766815185547
mp-aaabxhiw,52.13600158691406,37.92428970336914
mp-aaadbunb,38.36899948120117,72.10224151611328
mp-aaabxjcb,20.108999252319336,12.47024154663086
mp-aaabgnkn,15.008999824523926,14.154293060302734
mp-aaacdnfl,2.1730000972747803,14.26553726196289
mp-aaaaarbn,85.55999755859375,107.63450622558594
mp-aaacfgna,17.170000076293945,24.184524536132812
mp-aaacgjaf,134.25599670410156,122.52947998046875
mp-aaaaaeay,186.427001953125,141.7344970703125
mp-aaaaapla,37.00199890136719,59.43535614013672
mp-aaaaartw,52.422000885009766,38.230960845947266
mp-aaabxgac,38.92900085449219,14.716289520263672
mp-aaaaaowt,184.43899536132812,184.22000122070312
mp-aaacqgau,0.753000020980835,9.46219253540039
mp-aaacflmd,-46.10900115966797,-15.429351806640625
mp-aaaaaedu,98.91699981689453,86.78907012939453
mp-aaaaaydm,49.59199905395508,45.00191879272461
mp-aaaaarcg,27.047000885009766,8.717262268066406
mp-aaaabdvi,28.736000061035156,41.86762237548828
mp-aaacflsq,-26.434999465942383,-25.06753921508789
mp-aaacdrnr,16.825000762939453,13.395435333251953
mp-aaaaahqj,78.66699981689453,90.3344955444336
mp-aaacdkno,17.10700035095215,22.852252960205078
mp-aaacezre,123.5,135.605224609375
mp-aaacdoya,5.894000053405762,15.442947387695312
mp-aaaaarjy,105.77999877929688,87.75025177001953
mp-aaaabpoq,0.18700000643730164,5.323703765869141
mp-aaaabecg,72.19300079345703,56.63174057006836
mp-aaaaaqqh,47.54999923706055,31.31717300415039
mp-aaaaadeb,42.92100143432617,38.256195068359375
mp-aaacflim,85.16899871826172,82.43866729736328
mp-aaaabhwt,12.472999572753906,9.369087219238281
mp-aaaabwqx,10.08899974822998,18.650737762451172
mp-aaaaarxk,67.54000091552734,72.7354965209961
mp-aaachcyp,8.885000228881836,14.826009750366211
mp-aaaaabgc,86.73899841308594,67.32066345214844
mp-aaabxiwn,22.65999984741211,18.141443252563477
mp-aaaaasvx,52.887001037597656,39.333038330078125
mp-aaabgrnv,26.856000900268555,21.631784439086914
mp-aaaaaccj,138.39599609375,140.08836364746094
mp-aaaaafoh,23.514999389648438,31.33300018310547
mp-aaacehwp,15.279999732971191,11.424116134643555
mp-aaaabtnt,78.06900024414062,71.37556457519531
mp-aaaaaaab,0.6039999723434448,2.604358673095703
mp-aaabjyak,-89.0479965209961,-29.45504379272461
mp-aaaaaqcy,43.816001892089844,43.247344970703125
mp-aaaabdkw,42.63100051879883,45.30955123901367
mp-aaaabrvt,37.6619987487793,49.0040397644043
mp-aaaabhxn,10.345000267028809,3.2591171264648438
mp-aaaaaoxd,145.51199340820312,105.14167785644531
mp-aaaabpgt,25.849000930786133,30.57747459411621
mp-aaaaaddu,150.3090057373047,142.3972930908203
mp-aaaaadti,18.388999938964844,12.107297897338867
mp-aaaabjyf,38.553001403808594,28.570709228515625
mp-aaaabtje,38.5099983215332,44.08631134033203
mp-aaaaagut,2.2149999141693115,105.15778350830078
mp-aaabxgjd,44.73699951171875,42.02354431152344
mp-aaaaarfw,8.545999526977539,10.277290344238281
mp-aaabxjvn,0.4569999873638153,15.57994270324707
mp-aaaaabpj,11.526000022888184,58.12565994262695
mp-aaackyhw,23.30699920654297,57.88212203979492
mp-aaaaaemy,120.70899963378906,114.74783325195312
mp-aaaabfqt,24.865999221801758,23.157419204711914
mp-aaaaaswu,51.74100112915039,49.26478958129883
mp-aaaabdgf,12.5649995803833,11.25373649597168
mp-aaacehvl,9.126999855041504,10.116661071777344
mp-aaaaasul,16.614999771118164,21.28931427001953
mp-aaaaacue,31.013999938964844,28.246461868286133
mp-aaabewas,66.1760025024414,62.50750732421875
mp-aaacfyxu,47.3390007019043,37.05818176269531
mp-aaaaadsu,30.472999572753906,25.612335205078125
mp-aaaabtse,11.494999885559082,9.495124816894531
mp-aaacdsev,20.459999084472656,22.13909912109375
mp-aaaaansg,7.23199987411499,9.390682220458984
mp-aaabxgjr,83.0999984741211,46.641700744628906
mp-aaaaacjr,44.08100128173828,33.63352584838867
mp-aaaaadya,62.19900131225586,49.720916748046875
mp-aaabmkum,28.85300064086914,26.79688835144043
mp-aaaabuca,25.51799964904785,22.250516891479492
mp-aaaabdjm,93.97799682617188,88.03189086914062
mp-aaabrzsb,8.722999572753906,10.424461364746094
mp-aaaaajfk,64.48999786376953,63.43787384033203
mp-aaacapbm,69.07599639892578,65.7275390625
mp-aaaaatis,56.900001525878906,51.1502571105957
mp-aaabqzex,42.555999755859375,54.477752685546875
mp-aaaabpnm,20.16699981689453,22.374235153198242
mp-aaaaafoy,6.381999969482422,15.12324333190918
mp-aaaaaoed,35.24100112915039,29.89354705810547
mp-aaaaahkg,47.185001373291016,39.29908752441406
mp-aaaacgsf,32.797000885009766,43.3662223815918
mp-aaaabxux,36.047000885009766,30.97019386291504
mp-aaaaaqts,132.46600341796875,147.15487670898438
mp-aaaceszl,31.011999130249023,37.818115234375
mp-aaaaaonl,22.73699951171875,23.490161895751953
mp-aaaabdms,30.740999221801758,23.521862030029297
mp-aaaaakry,96.26799774169922,87.0603256225586
mp-aaaaapwg,9.515999794006348,13.667980194091797
mp-aaabkujr,67.47699737548828,59.907310485839844
mp-aaabgmzj,33.71699905395508,49.048763275146484
mp-aaaaaste,-11.300999641418457,68.73668670654297
mp-aaabglwo,10.217000007629395,86.74887084960938
mp-aaaaalbs,49.50199890136719,49.637516021728516
mp-aaabmglc,11.727999687194824,50.96895217895508
mp-aaaaadxi,209.5,208.2785186767578
mp-aaaaalks,52.80400085449219,50.95777130126953
mp-aaaabimi,4.5980000495910645,6.234500885009766
mp-aaaaaqgt,47.45100021362305,47.02877426147461
mp-aaabqzin,70.81900024414062,86.39881896972656
mp-aaabgjop,26.141000747680664,24.729320526123047
mp-aaabxbbr,62.62099838256836,48.41618347167969
mp-aaaaaifu,10.392000198364258,2.062164306640625
mp-aaabxfey,26.400999069213867,31.465328216552734
mp-aaafhsov,18.076000213623047,14.392053604125977
mp-aaaaaltm,34.13399887084961,27.422712326049805
mp-aaaaabom,26.679000854492188,9.078079223632812
mp-aaabxgot,38.62699890136719,41.814781188964844
mp-aaaaaafo,28.413999557495117,21.218015670776367
mp-aaaaagur,130.5800018310547,94.87723541259766
mp-aaaaadtu,156.7169952392578,132.25146484375
mp-aaacbzxc,3.490999937057495,24.31149673461914
mp-aaabxgde,52.94499969482422,54.00853729248047
mp-aaacewnh,53.43899917602539,64.86264038085938
mp-aaacdplh,-5.241000175476074,11.027959823608398
mp-aaacgimx,36.52000045776367,35.38146209716797
mp-aaacdjuq,27.11199951171875,29.59105682373047
mp-aaaabofg,9.817999839782715,6.817691802978516
mp-aaaaacri,11.628999710083008,23.821971893310547
mp-aaaabfzd,34.37799835205078,39.54484939575195
mp-aaabjzos,86.22899627685547,112.43556213378906
mp-aaacfywh,27.52899932861328,28.732402801513672
mp-aaafyssc,45.96699905395508,47.05472183227539
mp-aaaabegq,20.077999114990234,18.11825180053711
mp-aaabqxkk,35.89500045776367,38.80048370361328
mp-aaaaaaky,123.62699890136719,124.30343627929688
mp-aaabqyew,32.60300064086914,52.699764251708984
mp-aaafhzny,6.6529998779296875,-15.255794525146484
mp-aaaaagfg,45.45199966430664,42.9110221862793
mp-aaaaahrq,29.952999114990234,28.933914184570312
mp-aaacdyue,21.871999740600586,13.642004013061523
mp-aaaabpve,58.50299835205078,63.54551696777344
mp-aaaaassl,53.91699981689453,49.79618835449219
mp-aaaabdqn,58.19599914550781,59.440155029296875
mp-aaaabpzz,0.16300000250339508,5.7603912353515625
mp-aaabxbyw,39.4739990234375,44.31656265258789
mp-aaaabspr,19.356000900268555,20.711254119873047
mp-aaaaaonr,6.895999908447266,15.629085540771484
mp-aaaabqyk,115.86299896240234,101.5452651977539
mp-aaaabdtr,44.18299865722656,39.64748001098633
mp-aaacdpqd,5.39900016784668,13.659465789794922
mp-aaaabztx,123.6729965209961,102.91850280761719
mp-aaaaansi,9.324999809265137,5.735157012939453
mp-aaacdmwa,31.992000579833984,36.60084915161133
mp-aaabxfvj,39.89799880981445,32.687591552734375
mp-aaaaaljw,178.06199645996094,178.27565002441406
mp-aaabxbcd,26.48699951171875,29.489665985107422
mp-aaaaaatr,9.661999702453613,30.42047882080078
mp-aaaaagxi,46.104000091552734,54.75917053222656
mp-aaabxiwk,58.37300109863281,42.89559555053711
mp-aaaabekx,35.04499816894531,46.35618209838867
mp-aaacdphj,5.146999835968018,13.851469039916992
mp-aaaaamqp,12.74899959564209,19.297216415405273
mp-aaaaaiwd,68.5770034790039,75.647216796875
mp-aaaaaaqm,27.868000030517578,18.566761016845703
mp-aaaaaziq,20.961000442504883,25.498554229736328
mp-aaabxggi,37.52000045776367,21.81525993347168
mp-aaaaabfw,104.05000305175781,89.89783477783203
mp-aaabqvdb,57.84299850463867,55.22013854980469
mp-aaaaakxi,163.7449951171875,20.117210388183594
mp-aaaaauyy,11.680000305175781,13.007318496704102
mp-aaaaaxqa,49.685001373291016,51.59626007080078
mp-aaaaarbq,112.03700256347656,97.94096374511719
mp-aaabcufc,85.12999725341797,77.73715209960938
mp-aaaaaaor,93.1520004272461,102.96427154541016
mp-aaabfrqn,40.32099914550781,39.70862579345703
mp-aaaaarbw,-11.60099983215332,7.361644744873047
mp-aaabxfhk,11.895999908447266,16.16514778137207
mp-aaaaaihm,24.062000274658203,20.365407943725586
mp-aaabgivm,22.465999603271484,18.596118927001953
mp-aaaaaeep,51.946998596191406,44.86199188232422
mp-aaaaacbk,61.48500061035156,47.907676696777344
mp-aaaabpca,203.67999267578125,201.41273498535156
mp-aaaaagds,28.30299949645996,34.381385803222656
mp-aaaaacfn,90.00800323486328,82.58829498291016
mp-aaaaamlr,25.25200080871582,31.742717742919922
mp-aaacdmyj,101.45600128173828,35.58054733276367
mp-aaaaadqs,34.941001892089844,37.38262176513672
mp-aaabdaoi,7.755000114440918,8.273998260498047
mp-aaacewgm,50.41899871826172,1.8258857727050781
mp-aaabqyuy,9.760000228881836,16.41301727294922
mp-aaadclgq,13.302000045776367,47.586612701416016
mp-aaabrajq,40.1879997253418,36.46068572998047
mp-aaaaamxw,24.229000091552734,37.66217803955078
mp-aaabxcam,31.93199920654297,21.521488189697266
mp-aaaabils,0.3799999952316284,11.495746612548828
mp-aaaaaqrx,137.1790008544922,139.4362030029297
mp-aaaaatbw,61.7239990234375,42.7065315246582
mp-aaaaaqvn,17.947999954223633,11.546937942504883
mp-aaaaapwc,83.51300048828125,103.48458862304688
mp-aaaaaqvu,56.67100143432617,39.51189041137695
mp-aaabeuyr,8.0600004196167,20.855072021484375
mp-aaaaaxdx,96.9530029296875,91.4969253540039
mp-aaaaaycv,81.28600311279297,61.896209716796875
mp-aaabxhmv,23.996999740600586,29.041894912719727
mp-aaaaarag,4.179999828338623,4.152626037597656
mp-aaaaagka,28.000999450683594,36.574642181396484
mp-aaabxhke,26.53700065612793,19.211505889892578
mp-aaaabeur,66.40799713134766,63.96018981933594
mp-aaabxfoj,41.39099884033203,22.01616859436035
mp-aaaaaaxt,30.04800033569336,46.715911865234375
mp-aaaabicy,3.997999906539917,4.8733367919921875
mp-aaaaakwl,17.134000778198242,25.047935485839844
mp-aaacdyil,33.178001403808594,27.985708236694336
mp-aaacgpck,45.005001068115234,48.5897331237793
mp-aaaaadgx,14.307000160217285,10.272537231445312
mp-aaaabofy,1.628000020980835,6.819847106933594
mp-aaaabtcw,29.259000778198242,21.94639015197754
mp-aaabgkls,27.788000106811523,36.59572982788086
mp-aaaabszb,24.73200035095215,13.419645309448242
mp-aaabgizp,78.13300323486328,104.79240417480469
mp-aaaaacpj,30.308000564575195,45.236209869384766
mp-aaabxgtw,53.67499923706055,65.5509262084961
mp-aaaaaieb,7.070000171661377,-0.3800468444824219
mp-aaaabujt,7.9120001792907715,14.803110122680664
mp-aaactgqb,67.58300018310547,67.7536392211914
mp-aaaaawre,17.64699935913086,19.23551368713379
mp-aaabxglt,105.62200164794922,98.52409362792969
mp-aaacgafn,46.49700164794922,36.26502227783203
mp-aaaabfgq,8.67199993133545,3.8751487731933594
mp-aaaabrnl,6.565999984741211,4.20367431640625
mp-aaabfoti,27.7189998626709,33.559104919433594
mp-aaacfjyo,67.2770004272461,90.62830352783203
mp-aaabxatp,19.117000579833984,18.07294464111328
mp-aaabxgbc,52.236000061035156,86.90879821777344
mp-aaabfibq,33.0099983215332,34.935150146484375
mp-aaaabjck,56.465999603271484,48.2784423828125
mp-aaacdlln,26.11199951171875,29.693893432617188
mp-aaacfkfm,-41.27000045776367,10.78048324584961
mp-aaacgbus,89.03900146484375,78.99514770507812
mp-aaaabqrj,8.949000358581543,6.655467987060547
mp-aaaabefp,54.819000244140625,63.782264709472656
mp-aaaaaavw,54.472999572753906,46.39073181152344
mp-aaacfybh,7.127999782562256,17.023439407348633
mp-aaackthy,52.875,33.0357551574707
mp-aaabxapf,-2.9670000076293945,12.447757720947266
mp-aaaaatns,54.43199920654297,49.29535675048828
mp-aaaaacmu,19.12299919128418,7.053157806396484
mp-aaabxapd,3.2200000286102295,13.588605880737305
mp-aaaaaqpd,37.33100128173828,56.206520080566406
mp-aaaabsmm,3.177999973297119,6.255695343017578
mp-aaaabxrw,48.76900100708008,44.24654006958008
mp-aaacdien,116.66999816894531,118.62069702148438
mp-aaaaackp,62.62699890136719,51.90962219238281
mp-aaabxbzg,32.762001037597656,27.98531150817871
mp-aaabkrca,69.79499816894531,59.629173278808594
mp-aaaaaret,62.32500076293945,39.21213150024414
mp-aaabgmak,98.51200103759766,103.58280944824219
mp-aaaabefu,6.322000026702881,6.5250701904296875
mp-aaaaabtp,155.9199981689453,132.1996307373047
mp-aaaabgxz,8.246000289916992,4.715202331542969
mp-aaaaadkd,31.996000289916992,71.99128723144531
mp-aaabrgcv,7.396999835968018,24.838518142700195
mp-aaaaachi,152.468994140625,129.3819122314453
mp-aaaaacwt,8.946999549865723,20.008386611938477
mp-aaaaanjb,63.45500183105469,45.58582305908203
mp-aaabctkr,70.8949966430664,75.61376953125
mp-aaaaaawb,34.382999420166016,33.529754638671875
mp-aaabxffw,17.476999282836914,16.535932540893555
mp-aaaflckx,22.319000244140625,24.04119110107422
mp-aaaabjeq,19.0939998626709,23.230918884277344
mp-aaabfzer,42.75,37.04319381713867
mp-aaaaatjv,33.917999267578125,38.989044189453125
mp-aaacfxyv,32.479000091552734,40.23054122924805
mp-aaabevlx,5.085999965667725,16.38316535949707
mp-aaaabucm,37.24800109863281,29.25749969482422
mp-aaaaaikd,45.893001556396484,68.18437194824219
mp-aaaaakya,48.38800048828125,37.895320892333984
mp-aaaaawgz,61.345001220703125,32.665260314941406
mp-aaaaasui,21.371999740600586,25.074440002441406
mp-aaabxapo,24.636999130249023,24.796438217163086
mp-aaacfwep,103.37000274658203,62.33949279785156
mp-aaacsmot,184.8350067138672,159.49560546875
mp-aaabftan,48.51599884033203,43.7583122253418
mp-aaaabdtw,64.91000366210938,45.88254165649414
mp-aaaaahdm,52.737998962402344,53.11406707763672
mp-aaacdygd,17.809999465942383,17.270816802978516
mp-aaaabhxp,29.486000061035156,30.818092346191406
mp-aaacfydr,76.95800018310547,82.24609375
mp-aaabxfpi,34.60200119018555,23.955530166625977
mp-aaacfroq,13.791999816894531,9.497200012207031
mp-aaaccsos,-31.591999053955078,-17.653953552246094
mp-aaacdpnh,-4.579999923706055,6.879585266113281
mp-aaabxhcs,87.30000305175781,85.68202209472656
mp-aaaaadzn,14.743000030517578,7.229545593261719
mp-aaaaaqsz,48.10200119018555,27.390636444091797
mp-aaaabfgf,74.6510009765625,74.4998779296875
mp-aaaaajjk,29.888999938964844,23.62261962890625
mp-aaacdjli,35.494998931884766,26.719554901123047
mp-aaabgidl,78.0009994506836,94.79470825195312
mp-aaaaalsa,28.159000396728516,40.6103515625
mp-aaaaaoec,34.608001708984375,33.23581314086914
mp-aaaaaqbp,122.76399993896484,104.51394653320312
mp-aaaabfej,50.29899978637695,47.29281234741211
mp-aaaaakjc,106.8239974975586,94.66421508789062
mp-aaabgkcd,89.16899871826172,109.19610595703125
mp-aaaaaqhx,54.2869987487793,53.02386474609375
mp-aaabgmtp,82.61199951171875,95.37956237792969
mp-aaabjzgd,169.41600036621094,46.506683349609375
mp-aaaaakck,16.844999313354492,55.30827331542969
mp-aaabgnbz,75.0739974975586,47.9349365234375
mp-aaabwpgx,15.39799976348877,18.103361129760742
mp-aaacfjlw,94.39099884033203,111.13777160644531
mp-aaaaarat,47.27000045776367,37.986820220947266
mp-aaabmgly,27.399999618530273,23.29492950439453
mp-aaacgfnd,17.299999237060547,24.312381744384766
mp-aaaaaptb,24.6560001373291,30.368988037109375
mp-aaaaaciz,109.48699951171875,85.848876953125
mp-aaabxbam,101.8290023803711,94.01392364501953
mp-aaaaacdr,29.4060001373291,18.388395309448242
mp-aaaaayem,20.027999877929688,55.194976806640625
mp-aaabjygr,-17.594999313354492,-24.31668472290039
mp-aaaaaxpp,106.02799987792969,127.761474609375
mp-aaaaaenb,7.572000026702881,42.117706298828125
mp-aaabgkhw,27.583999633789062,24.14206314086914
mp-aaaaallr,23.868999481201172,26.945119857788086
mp-aaacdwsu,65.44499969482422,52.04234313964844
mp-aaaaagho,11.956000328063965,1.0623016357421875
mp-aaabxbda,103.79499816894531,83.97848510742188
mp-aaabctvw,76.46299743652344,56.21632766723633
mp-aaabgjix,17.98200035095215,16.78254508972168
mp-aaaaadue,77.83599853515625,60.66593551635742
mp-aaabxjka,52.941001892089844,65.215576171875
mp-aaaabdop,55.20100021362305,59.691497802734375
mp-aaacfwfi,54.005001068115234,44.860572814941406
mp-aaaabiiz,36.37799835205078,46.51518249511719
mp-aaaaaedc,11.388999938964844,10.513103485107422
mp-aaaaaaus,13.005000114440918,11.904306411743164
mp-aaabxjwh,30.368999481201172,33.62749099731445
mp-aaabxcgi,15.711000442504883,22.19674301147461
mp-aaabxfvm,58.75899887084961,58.3134765625
mp-aaacdmrt,7.572999954223633,5.511562347412109
mp-aaaaamcl,27.413999557495117,30.248159408569336
mp-aaabqxxu,30.510000228881836,27.368572235107422
mp-aaaaaajz,120.00599670410156,76.04249572753906
mp-aaaaarud,19.499000549316406,16.329418182373047
mp-aaaaakjx,85.61900329589844,84.53313446044922
mp-aaabgmsv,9.904999732971191,25.073427200317383
mp-aaaaamgj,34.744998931884766,37.60165023803711
mp-aaaaaeup,94.29499816894531,91.5241470336914
mp-aaaaabuz,42.108001708984375,44.698211669921875
mp-aaabxfnn,93.54199981689453,74.90455627441406
mp-aaaabhxk,11.281000137329102,4.774749755859375
mp-aaaaaloy,10.887999534606934,29.025497436523438
mp-aaaaaidw,63.45399856567383,55.2470588684082
mp-aaaaadyc,21.52899932861328,31.24081802368164
mp-aaabmnqn,26.469999313354492,28.85807991027832
mp-aaaaafms,87.4800033569336,97.76978302001953
mp-aaabgjee,43.58700180053711,39.48255920410156
mp-aaaaarbc,55.327999114990234,41.406585693359375
mp-aaacezye,39.777000427246094,43.80033874511719
mp-aaaaadzp,29.364999771118164,14.853485107421875
mp-aaaaadew,50.428001403808594,49.28765869140625
mp-aaaaaipa,104.24299621582031,103.90206146240234
mp-aaacfrja,27.051000595092773,26.105558395385742
mp-aaaabjqt,39.79199981689453,23.77352523803711
mp-aaaabhyz,23.27199935913086,23.92317008972168
mp-aaaaawrc,27.75,43.790985107421875
mp-aaacdikq,9.767000198364258,7.281459808349609
mp-aaabxisr,44.090999603271484,34.4804801940918
mp-aaacgiqo,137.31199645996094,118.40684509277344
mp-aaaaalxf,76.51000213623047,64.34923553466797
mp-aaacctep,3.4719998836517334,12.086345672607422
mp-aaabqxsf,58.507999420166016,63.12309265136719
mp-aaabxhib,47.65800094604492,32.07558822631836
mp-aaaaaaqw,36.020999908447266,29.009262084960938
mp-aaaabfvd,31.31999969482422,39.240966796875
mp-aaaccteo,-58.99399948120117,2.4328460693359375
mp-aaabxclc,56.44499969482422,44.56916427612305
mp-aaaabdrm,21.176000595092773,43.19717788696289
mp-aaaabguc,13.930999755859375,-3.265209197998047
mp-aaaaafjv,31.277000427246094,37.77773666381836
mp-aaacealc,36.13999938964844,38.108642578125
mp-aaabqzdf,125.95700073242188,129.0755615234375
mp-aaabxgjj,75.22799682617188,38.36314392089844
mp-aaaaahbj,82.37100219726562,87.54207611083984
mp-aaaabjbr,42.53799819946289,24.976390838623047
mp-aaaaakyg,25.774999618530273,28.80739974975586
mp-aaabxfhd,30.672000885009766,19.851760864257812
mp-aaabxdtn,6.63700008392334,9.762855529785156
mp-aaaaatko,34.678001403808594,32.93766784667969
mp-aaaabrdi,86.95500183105469,91.18650817871094
mp-aaaaboif,38.40700149536133,21.084840774536133
mp-aaacdivb,21.018999099731445,19.9873046875
mp-aaacehvo,17.791000366210938,21.142459869384766
mp-aaaaaotk,50.93000030517578,36.16084289550781
mp-aaabxbbk,37.80500030517578,35.935340881347656
mp-aaabghce,69.177001953125,64.58726501464844
mp-aaabgqmd,96.9469985961914,89.63604736328125
mp-aaaabtpb,97.7760009765625,107.40875244140625
mp-aaaaafac,144.68299865722656,132.31285095214844
mp-aaabxfvk,79.79000091552734,76.15476989746094
mp-aaacmgss,53.834999084472656,58.11223602294922
mp-aaaaanfv,147.91299438476562,181.72109985351562
mp-aaaabeqs,56.904998779296875,57.81108093261719
mp-aaacewol,59.474998474121094,110.64688110351562
mp-aaacfydf,50.11800003051758,41.89194869995117
mp-aaabxara,82.09500122070312,74.69171142578125
mp-aaabqwyu,57.512001037597656,48.87543487548828
mp-aaaaalzk,6.7769999504089355,31.569263458251953
mp-aaaabbkb,19.95800018310547,21.188045501708984
mp-aaaabbmt,101.052001953125,95.51419067382812
mp-aaaabfjv,63.71799850463867,68.4913330078125
mp-aaabxita,0.9950000047683716,8.139972686767578
mp-aaabqwyy,12.222000122070312,17.49917984008789
mp-aaaaauxy,45.71900177001953,58.601810455322266
mp-aaaabehx,8.123000144958496,15.206884384155273
mp-aaabxezy,19.555999755859375,15.378641128540039
mp-aaaacbht,20.562999725341797,22.70278549194336
mp-aaacrfgp,132.17799377441406,156.155029296875
mp-aaaaaswl,-45.70000076293945,-1.3306808471679688
mp-aaacfwfg,47.22600173950195,19.766523361206055
mp-aaaaamtq,13.652000427246094,16.128389358520508
mp-aaaaaaho,83.7760009765625,96.2724609375
mp-aaacezyk,18.166000366210938,12.175533294677734
mp-aaabgiwm,29.878999710083008,26.95225715637207
mp-aaaceare,30.59000015258789,28.30754852294922
mp-aaaaatjb,102.5989990234375,96.130615234375
mp-aaaabtbg,50.1609992980957,42.3726692199707
mp-aaaaanpq,35.78200149536133,43.678733825683594
mp-aaabxftt,23.84600067138672,13.967586517333984
mp-aaaaaklw,31.93000030517578,33.49198913574219
mp-aaabxgis,125.35700225830078,133.62640380859375
mp-aaaaapnu,37.869998931884766,46.78202438354492
mp-aaaaaeaj,56.86199951171875,63.235389709472656
mp-aaaabbgt,82.86299896240234,65.70111083984375
mp-aaabgkqu,22.1560001373291,19.144319534301758
mp-aaabghvz,28.51099967956543,34.29874038696289
mp-aaaaaben,26.84600067138672,30.72344398498535
mp-aaaaaxjj,28.513999938964844,29.474449157714844
mp-aaacdjtm,35.6879997253418,20.640380859375
mp-aaabxgol,94.86799621582031,84.2269058227539
mp-aaabqyab,8.451000213623047,0.10369110107421875
mp-aaacgpjr,33.65399932861328,40.60641098022461
mp-aaabjyfk,8.576000213623047,3.0566673278808594
mp-aaacqiyf,12.493000030517578,14.863794326782227
mp-aaaaafyd,70.97000122070312,62.346778869628906
mp-aaabxcfk,24.288999557495117,21.48712158203125
mp-aaacgisw,65.20700073242188,73.40696716308594
mp-aaabghbh,42.30400085449219,32.773712158203125
mp-aaabxgiy,26.509000778198242,17.248292922973633
mp-aaacdmqi,126.81999969482422,79.72340393066406
mp-aaaaauaw,10.866999626159668,16.662885665893555
mp-aaaabgrn,149.1439971923828,136.84864807128906
mp-aaaaaumw,172.82899475097656,176.92591857910156
mp-aaaabtwt,64.64099884033203,60.03490447998047
mp-aaacdpvy,86.9540023803711,87.92349243164062
mp-aaaaamns,1.0839999914169312,28.326339721679688
mp-aaabnrei,48.50299835205078,49.60505676269531
mp-aaacgpeh,46.555999755859375,55.952579498291016
mp-aaabxfmr,20.607999801635742,39.09946823120117
mp-aaaacbor,29.485000610351562,25.475290298461914
mp-aaaaadqv,72.23699951171875,59.13433837890625
mp-aaaciojo,3.7890000343322754,13.049583435058594
mp-aaabxgkv,35.77399826049805,23.489593505859375
mp-aaaaajys,15.010000228881836,18.507173538208008
mp-aaaaaozl,61.558998107910156,74.94371032714844
mp-aaaabdrp,32.81399917602539,44.85932922363281
mp-aaaabics,23.569000244140625,38.10819625854492
mp-aaacputy,172.5679931640625,170.4609832763672
mp-aaabxbyy,45.757999420166016,40.838478088378906
mp-aaaaabpl,170.53799438476562,177.663818359375
mp-aaaabgwr,30.816999435424805,26.369098663330078
mp-aaabewei,34.76100158691406,24.75980567932129
mp-aaaaacwp,47.465999603271484,47.988834381103516
mp-aaaaaiku,79.14700317382812,77.84658813476562
mp-aaacdqwu,26.10300064086914,27.767276763916016
mp-aaaabudk,47.24599838256836,83.0323486328125
mp-aaacehwz,13.579000473022461,12.581611633300781
mp-aaaaadrs,77.90799713134766,91.75514221191406
mp-aaaaadbx,19.610000610351562,20.85199737548828
mp-aaaaanrw,7.540999889373779,10.864803314208984
mp-aaaaagbx,76.3479995727539,71.68702697753906
mp-aaaabrxm,14.291000366210938,18.763193130493164
mp-aaabxfnf,-46.86000061035156,8.707469940185547
mp-aaaaaaal,20.299999237060547,31.96234130859375
mp-aaaabqjb,8.723999977111816,5.785167694091797
mp-aaabgjau,7.604000091552734,4.798130035400391
mp-aaacdttq,9.430000305175781,14.023130416870117
mp-aaabxcdz,90.58899688720703,73.96353149414062
mp-aaaaalyo,22.42300033569336,60.58576202392578
mp-aaaaberw,53.06700134277344,49.98360824584961
mp-aaaaakps,48.99100112915039,52.556697845458984
mp-aaaaablj,12.489999771118164,11.09895133972168
mp-aaaaaqnd,43.3129997253418,31.68263816833496
mp-aaaaahsv,89.88600158691406,89.76423645019531
mp-aaaaaibc,87.10600280761719,100.7698974609375
mp-aaaabqlf,2.5940001010894775,3.4909515380859375
mp-aaabfiyu,99.64199829101562,90.05088806152344
mp-aaaaazxu,38.895999908447266,41.75832748413086
mp-aaabgkqq,65.61199951171875,59.84650421142578
mp-aaabxitv,2.700000047683716,12.97752571105957
mp-aaabkeau,-9.20300006866455,-9.115791320800781
mp-aaabevwr,6.418000221252441,13.705047607421875
mp-aaaaaddz,20.283000946044922,22.139238357543945
mp-aaaaanal,12.314000129699707,12.968086242675781
mp-aaaaahme,13.67300033569336,9.167621612548828
mp-aaaaaebr,45.9109992980957,48.68931579589844
mp-aaacetty,83.54100036621094,81.3133544921875
mp-aaaaardk,123.54499816894531,124.60830688476562
mp-aaaaamuw,47.26599884033203,59.8016357421875
mp-aaaaaozg,-7.802000045776367,-17.37299346923828
mp-aaaaacby,42.41899871826172,38.54092788696289
mp-aaacdhzh,64.38700103759766,43.53260040283203
mp-aaacdqtt,64.10199737548828,56.18022155761719
mp-aaacdpcm,11.46500015258789,13.71391487121582
mp-aaaaaeum,54.191001892089844,33.200096130371094
mp-aaacdnrk,17.143999099731445,13.676126480102539
mp-aaaaadlt,50.72800064086914,30.76401138305664
mp-aaabxhem,-32.89799880981445,40.4185905456543
mp-aaabxheu,23.613000869750977,27.080101013183594
mp-aaabxgvq,119.76599884033203,97.59443664550781
mp-aaaaaazp,9.690999984741211,14.267091751098633
mp-aaaaaeli,106.37300109863281,71.31693267822266
mp-aaaaarng,44.1870002746582,37.13972854614258
mp-aaaccsrl,8.741000175476074,46.022464752197266
mp-aaaaagbw,63.957000732421875,66.91326141357422
mp-aaabxgty,45.4379997253418,47.0016975402832
mp-aaaaarwd,-70.76200103759766,69.78572845458984
mp-aaaabfih,85.89099884033203,93.69722747802734
mp-aaabjxxo,57.9630012512207,73.94697570800781
mp-aaabxfuh,55.152000427246094,71.62512969970703
mp-aaacfwho,38.3849983215332,29.581274032592773
mp-aaaaachb,26.00200080871582,26.19956398010254
mp-aaaabtmo,46.637001037597656,27.991497039794922
mp-aaaaarql,68.74199676513672,65.84317779541016
mp-aaaabhhx,12.029000282287598,8.699283599853516
mp-aaacgivr,128.82400512695312,112.40896606445312
mp-aaacdtzz,26.150999069213867,24.805089950561523
mp-aaacfriv,21.339000701904297,24.05707359313965
mp-aaabxjuw,62.19499969482422,59.836456298828125
mp-aaabxbsk,49.23400115966797,30.36467742919922
mp-aaaabijm,0.3019999861717224,4.28436279296875
mp-aaaabdso,50.4370002746582,58.17198181152344
mp-aaaabgvb,49.37799835205078,49.663761138916016
mp-aaabkkui,57.3129997253418,59.99882507324219
mp-aaabjybc,24.724000930786133,46.80802917480469
mp-aaaabetw,7.244999885559082,21.023290634155273
mp-aaabxcfi,188.10899353027344,150.5300750732422
mp-aaaaagot,67.98799896240234,64.11837005615234
mp-aaabfsup,0.39800000190734863,-4.174579620361328
mp-aaabxjrz,83.72200012207031,96.37413024902344
mp-aaacfycz,38.70500183105469,35.338951110839844
mp-aaacdkou,18.474000930786133,5.756504058837891
mp-aaaabikh,7.4730000495910645,-2.3254165649414062
mp-aaacflvg,84.77100372314453,36.61198425292969
mp-aaabgitd,30.893999099731445,34.01116180419922
mp-aaabxivw,22.868999481201172,19.334623336791992
mp-aaacfsjr,85.88899993896484,93.59031677246094
mp-aaacgipx,50.856998443603516,56.79194641113281
mp-aaaaagiq,55.029998779296875,52.55524444580078
mp-aaafwmcv,3.9070000648498535,2.0986175537109375
mp-aaaaaayd,34.821998596191406,17.25179672241211
mp-aaaabkdd,124.66200256347656,136.1897430419922
mp-aaacehtw,30.305999755859375,32.026466369628906
mp-aaabxiva,23.368000030517578,17.231807708740234
mp-aaacdtuf,6.0,3.3878097534179688
mp-aaacetsb,3.5920000076293945,12.555278778076172
mp-aaaabhqb,46.14099884033203,51.46550369262695
mp-aaaaaakv,14.307000160217285,23.680124282836914
mp-aaaaaolg,65.80899810791016,51.575538635253906
mp-aaabxgwd,17.434999465942383,22.80333137512207
mp-aaaabpnn,15.059000015258789,23.051074981689453
mp-aaacerpx,134.76300048828125,134.18771362304688
mp-aaaaabvx,9.666000366210938,31.844619750976562
mp-aaaabqlo,-8.83899974822998,9.24514389038086
mp-aaaabtfn,67.41799926757812,71.40777587890625
mp-aaaaaaim,2.3429999351501465,32.90821075439453
mp-aaaabulw,20.315000534057617,19.490741729736328
mp-aaabgivq,44.750999450683594,40.702449798583984
mp-aaabqxpi,40.98400115966797,38.57097244262695
mp-aaabgjts,4.644000053405762,6.430179595947266
mp-aaaaabrh,20.47100067138672,23.009113311767578
mp-aaaaasov,44.29600143432617,45.067596435546875
mp-aaaabjum,56.30699920654297,34.287933349609375
mp-aaacdxvg,2.625,1.1034660339355469
mp-aaacqaek,7.764999866485596,6.033306121826172
mp-aaabewwg,178.71099853515625,183.71563720703125
mp-aaacdhvv,31.80500030517578,29.251861572265625
mp-aaaaavku,39.31800079345703,55.862430572509766
mp-aaabmxwx,51.058998107910156,46.79329299926758
mp-aaaabdmy,86.36599731445312,81.69288635253906
mp-aaabflys,14.477999687194824,19.604524612426758
mp-aaaaaeis,65.2490005493164,72.86442565917969
mp-aaaabbbw,23.128000259399414,24.456506729125977
mp-aaabmdab,46.84700012207031,25.087188720703125
mp-aaaaaydq,31.834999084472656,15.619150161743164
mp-aaacdrrk,18.839000701904297,26.188583374023438
mp-aaaaarxn,0.20900000631809235,5.60028076171875
mp-aaaaaees,26.429000854492188,24.545000076293945
mp-aaabxfbj,104.99299621582031,96.63362121582031
mp-aaaaabrc,107.9260025024414,118.50433349609375
mp-aaaaatgk,37.67599868774414,43.85108947753906
mp-aaaabibp,33.91999816894531,31.611858367919922
mp-aaaaakym,14.642999649047852,14.039581298828125
mp-aaaaaarv,16.89900016784668,11.512397766113281
mp-aaacrhte,194.45799255371094,198.62863159179688
mp-aaabxcdd,37.59299850463867,34.80062484741211
mp-aaacesuq,8.520000457763672,14.94976806640625
mp-aaabgiqr,10.76200008392334,10.022167205810547
mp-aaacfodb,48.22700119018555,17.852195739746094
mp-aaabxcfj,80.63099670410156,89.81770324707031
mp-aaaaayjz,44.13800048828125,51.17412567138672
mp-aaacebzj,-11.85200023651123,9.380443572998047
mp-aaacdleb,13.121999740600586,17.64851188659668
mp-aaaaafmg,38.41600036621094,44.29277038574219
mp-aaacdmhi,0.9309999942779541,5.229972839355469
mp-aaabxgyp,21.02400016784668,25.737855911254883
mp-aaacfjly,22.082000732421875,46.41520690917969
mp-aaaaamsv,13.20300006866455,20.566661834716797
mp-aaabxfpd,50.18299865722656,55.188621520996094
mp-aaaaabbp,157.96400451660156,74.38206481933594
mp-aaabxhjo,21.006000518798828,22.040912628173828
mp-aaaabjyi,32.0260009765625,30.91180419921875
mp-aaacdmjx,18.17099952697754,17.643640518188477
mp-aaacdjeg,9.244999885559082,9.593582153320312
mp-aaabxbcg,55.98500061035156,68.64241790771484
mp-aaabxcfv,19.06599998474121,19.569822311401367
mp-aaaabqad,173.7969970703125,149.14308166503906
mp-aaaaalrz,9.166999816894531,10.866296768188477
mp-aaaaasww,117.53900146484375,114.96438598632812
mp-aaabfozd,25.725000381469727,30.031482696533203
mp-aaaaapbb,4.39900016784668,15.450613021850586
mp-aaabfcct,13.40999984741211,28.127334594726562
mp-aaabioml,161.78599548339844,182.0898895263672
mp-aaabxjto,139.60000610351562,114.33255004882812
mp-aaaaacwn,22.18199920654297,13.893735885620117
mp-aaabxjrt,60.4010009765625,59.02109146118164
mp-aaaabesm,15.23900032043457,16.260589599609375
mp-aaaaaaqh,42.41699981689453,45.936279296875
mp-aaaaamdo,188.16600036621094,153.4435577392578
mp-aaaabyhp,91.41000366210938,81.79815673828125
mp-aaacebzc,6.23199987411499,10.12845230102539
mp-aaaaahgu,70.1449966430664,74.0661849975586
mp-aaaabptu,5.992000102996826,13.248857498168945
mp-aaabgnmx,6.672999858856201,8.710136413574219
mp-aaaaagfo,78.15499877929688,88.49298095703125
mp-aaaaalpt,22.843000411987305,23.534746170043945
mp-aaacdvtu,1.4759999513626099,7.795696258544922
mp-aaabxivj,79.49099731445312,66.88824462890625
mp-aaaaaqul,45.72800064086914,40.39389419555664
mp-aaabxjua,69.43399810791016,67.41315460205078
mp-aaabfzhj,16.763999938964844,18.913745880126953
mp-aaaaaxgs,169.10299682617188,173.72572326660156
mp-aaabctnv,22.854999542236328,46.08565139770508
mp-aaacdkbf,119.45800018310547,110.84126281738281
mp-aaaaatmq,45.74300003051758,40.973426818847656
mp-aaaabsiv,25.770999908447266,31.101457595825195
mp-aaacdmrv,47.558998107910156,47.51756286621094
mp-aaacfapg,-10.47700023651123,-23.19186782836914
mp-aaaaapjf,73.1510009765625,80.88407897949219
mp-aaacdhkl,51.34400177001953,53.36030197143555
mp-aaaabsvz,22.834999084472656,38.85867691040039
mp-aaacdvco,21.69300079345703,20.784456253051758
mp-aaaaaydz,48.07099914550781,48.133731842041016
mp-aaaaabtt,44.933998107910156,50.77519989013672
mp-aaaaaajf,19.507999420166016,5.1568450927734375
mp-aaaaamui,45.44599914550781,49.3504524230957
mp-aaaaahqz,46.6870002746582,41.64753723144531
mp-aaaabukx,29.961999893188477,27.156635284423828
mp-aaabxhin,24.979000091552734,9.883892059326172
mp-aaabxcqc,20.724000930786133,27.048601150512695
mp-aaaaahtz,33.92900085449219,38.261634826660156
mp-aaabxhbj,29.125999450683594,26.51060676574707
mp-aaacfyyt,37.428001403808594,30.055500030517578
mp-aaaaacol,34.5629997253418,53.04407501220703
mp-aaafkmaw,30.219999313354492,30.019834518432617
mp-aaaabdmm,49.80699920654297,56.10960006713867
mp-aaabglah,96.28299713134766,99.86592102050781
mp-aaabfbxm,24.829999923706055,26.318540573120117
mp-aaabewzk,7.348999977111816,13.554004669189453
mp-aaacgory,66.59600067138672,103.38845825195312
mp-aaabqzsi,36.042999267578125,40.01108169555664
mp-aaaaadvx,13.029999732971191,12.235990524291992
mp-aaaaatxl,35.48899841308594,48.770877838134766
mp-aaabfyny,95.72799682617188,72.50333404541016
mp-aaaabpep,5.247000217437744,11.400568008422852
mp-aaabxclu,27.482999801635742,16.034976959228516
mp-aaacrtxj,7.136000156402588,7.967018127441406
mp-aaaabikt,13.28600025177002,5.624614715576172
mp-aaabxfyb,114.74700164794922,84.58871459960938
mp-aaaabhzw,1.690000057220459,11.126806259155273
mp-aaaabpyr,2.200000047683716,16.453943252563477
mp-aaabxitl,87.10900115966797,82.21861267089844
mp-aaaabdps,19.944000244140625,8.51553726196289
mp-aaacgiqk,50.935001373291016,45.85099411010742
mp-aaaccsqa,15.4399995803833,21.124340057373047
mp-aaaaaxfb,76.35099792480469,86.29757690429688
mp-aaaaaaqq,50.729000091552734,87.67146301269531
mp-aaaabscu,12.451000213623047,20.09407615661621
mp-aaabgnjn,8.079000473022461,9.204872131347656
mp-aaaaairj,22.43199920654297,39.97038650512695
mp-aaabqzrk,34.59600067138672,36.71735382080078
mp-aaaabidi,16.452999114990234,9.723655700683594
mp-aaaccsrg,-29.301000595092773,-42.50009536743164
mp-aaacfkyb,29.704999923706055,21.29457664489746
mp-aaacdnuw,6.546000003814697,25.330257415771484
mp-aaaaaqom,145.71299743652344,136.48744201660156
mp-aaabgjoa,30.541000366210938,23.1304988861084
mp-aaabghbb,38.05500030517578,45.084320068359375
mp-aaacctes,-3.378999948501587,0.22687911987304688
mp-aaaaaabk,22.413000106811523,14.32130241394043
mp-aaaabgrv,20.33300018310547,33.033390045166016
mp-aaacdjnv,23.645000457763672,37.47270584106445
mp-aaacdzbb,37.67100143432617,21.557756423950195
mp-aaabxcje,42.39899826049805,35.98023223876953
mp-aaabxcjw,57.35100173950195,60.62738037109375
mp-aaabcsls,10.767000198364258,8.807689666748047
mp-aaabxfah,22.44700050354004,24.34877586364746
mp-aaaccspd,37.78900146484375,23.702890396118164
mp-aaaaaauo,159.8509979248047,155.12059020996094
mp-aaabjxzz,33.053001403808594,48.90377426147461
mp-aaacehxw,10.35200023651123,8.991989135742188
mp-aaaaasrz,39.96500015258789,33.07590866088867
mp-aaabghsx,18.993000030517578,16.177173614501953
mp-aaaaaamx,29.22599983215332,32.171142578125
mp-aaaaauaz,10.041000366210938,22.99625587463379
mp-aaabgnep,33.132999420166016,43.5181770324707
mp-aaacdurv,6.46999979019165,14.017061233520508
mp-aaabxfsz,24.8700008392334,19.98889923095703
mp-aaacdsem,28.975000381469727,16.24246597290039
mp-aaaaaedb,108.22799682617188,104.35371398925781
mp-aaabgigg,2.0429999828338623,5.193687438964844
mp-aaabxchx,111.31700134277344,121.45816040039062
mp-aaaabxvn,-19.395000457763672,6.755374908447266
mp-aaaaafep,13.5,10.576679229736328
mp-aaabghei,26.29400062561035,39.714324951171875
mp-aaaaabjp,162.0070037841797,188.61691284179688
mp-aaabxgfo,70.63200378417969,58.404022216796875
mp-aaaaafwa,59.35300064086914,49.8051643371582
mp-aaacfkuw,143.20399475097656,111.31781005859375
mp-aaabfqpw,8.246999740600586,7.573497772216797
mp-aaacdsrd,4.86299991607666,12.91018295288086
mp-aaaaaiob,37.09700012207031,62.739784240722656
mp-aaaabrzh,85.7959976196289,88.24324035644531
mp-aaaaaibs,75.24099731445312,69.69031524658203
mp-aaabsdvr,50.5890007019043,54.74639129638672
mp-aaaaaswz,40.244998931884766,30.674304962158203
mp-aaabkfsp,88.85700225830078,74.18099212646484
mp-aaaaaatg,15.826000213623047,13.63850212097168
mp-aaabfwlx,16.405000686645508,19.661672592163086
mp-aaaaaykt,57.0890007019043,59.272647857666016
mp-aaaaasvk,8.793000221252441,15.835248947143555
mp-aaabgjrz,9.442999839782715,39.79012680053711
mp-aaacdiio,20.695999145507812,24.639123916625977
mp-aaaaatlz,49.93600082397461,45.46142578125
mp-aaacfjoa,149.3730010986328,141.32640075683594
mp-aaabxfsf,-3.796999931335449,12.697898864746094
mp-aaaaagyb,54.970001220703125,51.98149108886719
mp-aaaaahoi,23.472999572753906,35.024505615234375
mp-aaacdsch,20.09000015258789,19.632720947265625
mp-aaaaaewh,18.604000091552734,27.741933822631836
mp-aaacdijb,123.91100311279297,97.08622741699219
mp-aaacfrib,27.281999588012695,28.630382537841797
mp-aaacdpus,33.564998626708984,33.66409683227539
mp-aaaaaedl,6.01200008392334,18.17062759399414
mp-aaaaalre,4.630000114440918,18.896066665649414
mp-aaacdjcg,24.579999923706055,-34.5900993347168
mp-aaaabguo,118.52400207519531,156.9811553955078
mp-aaaaasno,31.85300064086914,40.15971755981445
mp-aaacginw,32.42499923706055,50.4267578125
mp-aaabgjgx,25.535999298095703,23.903289794921875
mp-aaaabhob,24.621999740600586,35.65169906616211
mp-aaaaagbg,72.99400329589844,75.69810485839844
mp-aaaabqpa,10.928000450134277,12.789878845214844
mp-aaaabfbv,74.40399932861328,61.32036209106445
mp-aaaabfuf,21.820999145507812,29.048580169677734
mp-aaaabirb,20.722999572753906,43.05684280395508
mp-aaaaahnc,11.791999816894531,16.05202865600586
mp-aaaabsxc,15.371999740600586,14.392593383789062
mp-aaaaaeei,17.05299949645996,18.426950454711914
mp-aaabxfbk,108.31999969482422,94.19863891601562
mp-aaabxgyr,106.71700286865234,99.32865142822266
mp-aaaaagmr,29.30900001525879,16.756067276000977
mp-aaabgmdk,28.736000061035156,13.293298721313477
mp-aaaaagob,28.246000289916992,62.545589447021484
mp-aaaaacno,22.878999710083008,20.441482543945312
mp-aaacdvti,6.76800012588501,6.9954071044921875
mp-aaacgips,58.93299865722656,56.039207458496094
mp-aaabqxcg,18.63800048828125,26.445608139038086
mp-aaaabfgm,26.340999603271484,24.04558753967285
mp-aaaabhwa,5.828000068664551,4.962421417236328
mp-aaaaberx,11.458999633789062,4.689323425292969
mp-aaaabudi,57.44200134277344,60.130409240722656
mp-aaabxdrn,10.678999900817871,10.400142669677734
mp-aaaaaash,33.95399856567383,31.02530288696289
mp-aaabhcnj,25.138999938964844,14.966798782348633
mp-aaabxiyv,36.11399841308594,27.644813537597656
mp-aaaaafki,18.829999923706055,25.973438262939453
mp-aaabflre,37.095001220703125,33.33552932739258
mp-aaabxgvo,110.7300033569336,85.79646301269531
mp-aaabxakp,24.216999053955078,30.92251968383789
mp-aaaabfgx,41.66600036621094,31.575721740722656
mp-aaaabicu,25.243000030517578,17.13518714904785
mp-aaabctcs,26.983999252319336,32.04896545410156
mp-aaaabunh,41.72800064086914,28.711503982543945
mp-aaabijzd,1.1200000047683716,7.877162933349609
mp-aaacewdb,23.849000930786133,38.25009536743164
mp-aaaaabpt,23.80900001525879,29.69456672668457
mp-aaafjxih,3.6989998817443848,2.695648193359375
mp-aaabnppe,11.14799976348877,-2.3719825744628906
mp-aaaaadpg,33.13399887084961,36.38093185424805
mp-aaabgmbv,10.092000007629395,8.293865203857422
mp-aaaaaows,51.513999938964844,50.37221145629883
mp-aaacevrd,-17.472999572753906,0.6676597595214844
mp-aaacdnbs,12.163999557495117,14.019729614257812
mp-aaaaadzi,15.633999824523926,36.13035202026367
mp-aaacdjff,47.12099838256836,38.093780517578125
mp-aaabxcrk,1.8819999694824219,8.786746978759766
mp-aaaaaenx,26.20400047302246,48.87874984741211
mp-aaaabimg,5.546999931335449,3.9312286376953125
mp-aaaaammh,52.404998779296875,71.58384704589844
mp-aaabnrgv,10.567999839782715,10.422897338867188
mp-aaabdazw,56.573001861572266,72.93582916259766
mp-aaaaabbn,126.39600372314453,102.42426300048828
mp-aaaabehz,15.802000045776367,22.19063949584961
mp-aaabqxqb,88.93399810791016,70.70845031738281
mp-aaacgiod,135.0070037841797,115.24308776855469
mp-aaaaasxq,42.11600112915039,46.13385009765625
mp-aaaaahes,40.81700134277344,33.46647644042969
mp-aaacdkqn,44.29800033569336,37.72434997558594
mp-aaabqynf,53.71699905395508,52.687992095947266
mp-aaaaarez,40.07500076293945,39.32436752319336
mp-aaaaadke,39.63199996948242,29.5821533203125
mp-aaacdyrn,-60.94499969482422,27.998323440551758
mp-aaaabthj,48.79499816894531,49.8426513671875
mp-aaacevym,93.64600372314453,86.77477264404297
mp-aaaaapur,34.17900085449219,29.920860290527344
mp-aaabxfxo,37.090999603271484,17.372480392456055
mp-aaabxgoj,111.4530029296875,88.54222106933594
mp-aaafdsif,40.926998138427734,36.3956298828125
mp-aaaabtrx,45.39500045776367,39.4835205078125
mp-aaaaanur,31.79199981689453,32.75192642211914
mp-aaaaasxh,41.26499938964844,42.47237014770508
mp-aaaaaatm,8.069999694824219,16.44019889831543
mp-aaaaaccd,46.1619987487793,40.165321350097656
mp-aaaabehr,27.89900016784668,28.436325073242188
mp-aaabgjze,23.429000854492188,22.042238235473633
mp-aaaaaooh,63.71500015258789,63.06514358520508
mp-aaabewlu,52.029998779296875,39.76276779174805
mp-aaabxfye,6.664000034332275,12.987306594848633
mp-aaaaahqp,58.77899932861328,58.927330017089844
mp-aaacdvtj,27.768999099731445,28.26093292236328
mp-aaacebnp,11.284000396728516,41.80464553833008
mp-aaaaamub,-121.24600219726562,-75.10762023925781
mp-aaacfapi,0.4860000014305115,-2.4093055725097656
mp-aaabxcki,49.12200164794922,48.052757263183594
mp-aaabxhhb,65.79299926757812,80.55303955078125
mp-aaaaalsx,161.7989959716797,169.2074432373047
mp-aaabxftl,19.687000274658203,11.398717880249023
mp-aaacdxuy,24.628999710083008,18.23227310180664
mp-aaacgipg,59.62099838256836,55.274635314941406
mp-aaacdpox,3.3320000171661377,7.514690399169922
mp-aaacdrfc,42.45399856567383,31.908123016357422
mp-aaacearo,124.34100341796875,119.67036437988281
mp-aaacdyxh,6.122000217437744,14.445842742919922
mp-aaaaahkw,16.32200050354004,18.5562686920166
mp-aaaaaxgu,12.628999710083008,7.368080139160156
mp-aaaaabwn,21.059999465942383,11.82341194152832
mp-aaabxgju,15.633000373840332,11.005058288574219
mp-aaacgeqz,18.43000030517578,30.827655792236328
mp-aaabgibz,17.944000244140625,21.164812088012695
mp-aaaaalus,39.625999450683594,31.81654930114746
mp-aaacesvb,28.500999450683594,29.1025333404541
mp-aaacctet,-5.105000019073486,12.36390495300293
mp-aaabfbvb,-52.694000244140625,45.76783752441406
mp-aaaaazle,67.8010025024414,41.15205764770508
mp-aaacewcs,192.42100524902344,203.1669921875
mp-aaabxite,21.548999786376953,23.701723098754883
mp-aaaaatjr,38.915000915527344,38.13806915283203
mp-aaaaaamb,41.29100036621094,13.385354995727539
mp-aaaabfsv,35.54800033569336,51.97334289550781
mp-aaabxgov,125.23200225830078,100.85753631591797
mp-aaabxgom,113.18499755859375,108.22164916992188
mp-aaabjxyl,81.1500015258789,63.77214813232422
mp-aaaabuei,40.17599868774414,33.74569320678711
mp-aaaabhon,43.172000885009766,29.09421157836914
mp-aaaaaapq,13.012999534606934,6.222358703613281
mp-aaaaalxo,71.45099639892578,69.65655517578125
mp-aaaaanyz,80.125,73.44825744628906
mp-aaaaaxnp,69.7300033569336,62.44812774658203
mp-aaaaafka,105.84100341796875,98.9505615234375
mp-aaaaaxer,34.8650016784668,31.241548538208008
mp-aaaacayj,22.80500030517578,20.15041160583496
mp-aaaaakls,64.4530029296875,48.74079513549805
mp-aaaabtft,59.119998931884766,78.53276062011719
mp-aaaaapfe,21.304000854492188,17.90790557861328
mp-aaacflvv,-12.909000396728516,34.657997131347656
mp-aaaaalxm,175.31300354003906,170.38430786132812
mp-aaacdppu,15.880000114440918,17.835784912109375
mp-aaabgkiq,62.89899826049805,67.38530731201172
mp-aaabkekn,25.094999313354492,34.44253158569336
mp-aaabxiug,23.152999877929688,22.582836151123047
mp-aaabxjat,91.5979995727539,91.2476806640625
mp-aaabxcpr,3.058000087738037,-1.7238082885742188
mp-aaabfquc,122.46399688720703,29.277137756347656
mp-aaaaabhp,75.45999908447266,71.78845977783203
mp-aaacfalg,30.035999298095703,44.20478820800781
mp-aaaaaiza,23.479000091552734,18.68386459350586
mp-aaacdtuk,14.993000030517578,16.07012367248535
mp-aaaabika,3.6449999809265137,2.8055572509765625
mp-aaacearb,5.229000091552734,7.561100006103516
mp-aaaaaclk,77.34200286865234,60.50048828125
mp-aaacdyzm,8.029000282287598,22.782278060913086
mp-aaabgmoo,3.946000099182129,10.016189575195312
mp-aaaaaqsc,19.465999603271484,14.417610168457031
mp-aaaaaayx,100.77100372314453,99.93807983398438
mp-aaaaatlc,-41.28799819946289,-49.84165573120117
mp-aaaaaqbd,-75.60199737548828,2.5658493041992188
mp-aaaaaeat,106.56099700927734,81.47492980957031
mp-aaabgjlv,21.465999603271484,16.700408935546875
mp-aaabgnmw,40.87200164794922,43.72512435913086
mp-aaaaando,47.04800033569336,47.45710372924805
mp-aaaabehd,51.46699905395508,49.867164611816406
mp-aaaaaqci,42.19300079345703,38.323448181152344
mp-aaaaapvi,40.7130012512207,38.955135345458984
mp-aaaabrwq,15.99899959564209,13.827661514282227
mp-aaabqvzv,27.663999557495117,62.26120376586914
mp-aaacflvy,121.80699920654297,129.33419799804688
mp-aaaaacug,129.90499877929688,89.90957641601562
mp-aaaabimx,-0.1420000046491623,11.125862121582031
mp-aaaabfla,25.54400062561035,19.641944885253906
mp-aaabrarz,6.651000022888184,6.953117370605469
mp-aaacpuks,153.68600463867188,143.34043884277344
mp-aaaaacjs,58.89400100708008,56.58528518676758
mp-aaaaajni,18.856000900268555,69.22652435302734
mp-aaacgixr,32.19599914550781,37.4267578125
mp-aaabxbyt,43.7859992980957,38.8507194519043
mp-aaacgimg,48.51900100708008,42.214256286621094
mp-aaabxbaf,15.710000038146973,4.4034881591796875
mp-aaacewpw,13.694999694824219,15.403366088867188
mp-aaaaacsu,78.9010009765625,77.25776672363281
mp-aaabiyym,-31.833999633789062,-4.784404754638672
mp-aaaaaaqg,66.87899780273438,64.14852905273438
mp-aaabxgrp,14.569000244140625,20.354028701782227
mp-aaaabrfm,27.309999465942383,24.8406982421875
mp-aaaaagwa,26.884000778198242,52.67555236816406
mp-aaaaaebw,64.45999908447266,66.72439575195312
mp-aaaaacjv,39.516998291015625,37.331974029541016
mp-aaaaaqrr,173.6719970703125,172.94017028808594
mp-aaaaaeth,8.307999610900879,23.666614532470703
mp-aaaaaziv,45.483001708984375,58.39470291137695
mp-aaaaapwj,84.6449966430664,103.75325012207031
mp-aaaabpfc,17.040000915527344,23.94862174987793
mp-aaaabjcv,20.924999237060547,22.558347702026367
mp-aaaaassx,77.4469985961914,71.69325256347656
mp-aaaabtjb,66.0999984741211,44.05727767944336
mp-aaabgmyz,116.02999877929688,133.13954162597656
mp-aaaaadyx,194.4969940185547,108.35871887207031
mp-aaabmywz,68.91300201416016,65.9317398071289
mp-aaaabebf,13.303999900817871,13.129167556762695
mp-aaaaasrk,43.44900131225586,40.46725845336914
mp-aaaaakzx,20.22100067138672,23.592809677124023
mp-aaaaaday,51.51599884033203,55.14915466308594
mp-aaaaabup,34.53499984741211,23.871959686279297
mp-aaabqwey,36.154998779296875,18.5283145904541
mp-aaacdlhy,25.8439998626709,24.916807174682617
mp-aaacfwfd,52.38199996948242,58.733482360839844
mp-aaaabfsg,20.90399932861328,8.899234771728516
mp-aaaachlt,-112.45500183105469,2.3779830932617188
mp-aaacckiy,76.60299682617188,74.71211242675781
mp-aaabxhjx,122.88700103759766,91.03250122070312
mp-aaacgivx,52.54199981689453,53.53211212158203
mp-aaaabhxg,84.21800231933594,45.413936614990234
mp-aaaaaplu,15.210000038146973,28.688190460205078
mp-aaacdhqj,17.20599937438965,17.865951538085938
mp-aaaaaalc,33.952999114990234,23.382061004638672
mp-aaaaamzs,141.7689971923828,149.8761444091797
mp-aaaaadso,-60.29100036621094,34.680015563964844
mp-aaaaahwo,56.54199981689453,48.26335144042969
mp-aaaabszp,40.08100128173828,62.67216873168945
mp-aaaabuau,79.01300048828125,71.46233367919922
mp-aaaaacvj,14.170999526977539,12.857439041137695
mp-aaaaaccz,51.64500045776367,40.12641525268555
mp-aaaaarso,48.40399932861328,69.71720886230469
mp-aaacdkpe,22.520999908447266,24.41261863708496
mp-aaabxbaa,26.97599983215332,25.315114974975586
mp-aaaaaiqm,58.13399887084961,46.44002151489258
mp-aaabxcny,24.499000549316406,15.79722785949707
mp-aaaaacog,42.17900085449219,34.94540023803711
mp-aaaaaykj,44.624000549316406,49.80350875854492
mp-aaaaasqv,120.03099822998047,151.02198791503906
mp-aaaabdgn,51.14500045776367,40.074562072753906
mp-aaaaaegr,75.0,60.494529724121094
mp-aaaabpfd,19.67099952697754,22.083066940307617
mp-aaacdhli,59.71799850463867,47.146759033203125
mp-aaacdhrf,-0.8970000147819519,-76.19331359863281
mp-aaaaahpc,18.95199966430664,42.29834747314453
mp-aaaaamwq,14.541999816894531,7.13714599609375
mp-aaaaaray,155.08299255371094,98.78076171875
mp-aaabxivr,60.94200134277344,33.235633850097656
mp-aaabgkqc,-11.963000297546387,-7.5103302001953125
mp-aaaaarlw,41.970001220703125,38.206668853759766
mp-aaacptjk,4.9079999923706055,4.7301177978515625
mp-aaabxish,149.64599609375,136.9480743408203
mp-aaaaalpd,100.30999755859375,112.73054504394531
mp-aaabgnhd,17.104000091552734,10.751029968261719
mp-aaaaawoa,19.49799919128418,20.170427322387695
mp-aaabikfw,65.47200012207031,64.27011108398438
mp-aaabxgvp,28.2810001373291,21.41796112060547
mp-aaaaahpf,32.61600112915039,37.060028076171875
mp-aaabqxrd,28.37700080871582,30.977930068969727
mp-aaaaagha,74.31700134277344,77.90631103515625
mp-aaaaalfh,208.11000061035156,202.09767150878906
mp-aaabxgjx,77.42900085449219,84.01292419433594
mp-aaaaaffr,27.83099937438965,27.500675201416016
mp-aaacewfq,10.939000129699707,11.367820739746094
mp-aaaaakrc,33.12300109863281,28.273223876953125
mp-aaaaaeva,21.66900062561035,17.903865814208984
mp-aaaaatas,73.8740005493164,77.26640319824219
mp-aaaabdmc,46.119998931884766,39.7296028137207
mp-aaaaaaew,49.52000045776367,79.11100769042969
mp-aaaabqva,8.640000343322754,6.912075042724609
mp-aaaabebm,168.63699340820312,141.9849853515625
mp-aaaabdhn,17.410999298095703,24.602888107299805
mp-aaaabdzk,11.685999870300293,44.462623596191406
mp-aaaaauve,43.2140007019043,36.001853942871094
mp-aaabxapc,38.64400100708008,30.209482192993164
mp-aaaaajao,72.98899841308594,76.27181243896484
mp-aaacesvr,43.138999938964844,50.011898040771484
mp-aaaabkml,61.069000244140625,40.399131774902344
mp-aaaaayam,13.17199993133545,8.280242919921875
mp-aaabnhur,6.367000102996826,18.346092224121094
mp-aaacpkij,2.5160000324249268,12.657344818115234
mp-aaabxfsu,40.52199935913086,39.457275390625
mp-aaaaaers,20.305999755859375,17.554004669189453
mp-aaaabfid,38.83300018310547,51.741546630859375
mp-aaaaacpe,56.417999267578125,57.97879409790039
mp-aaabfqmu,25.264999389648438,38.54310989379883
mp-aaaaahwt,48.71799850463867,75.83168029785156
mp-aaabjxwo,-27.492000579833984,-18.320446014404297
mp-aaaaapbx,27.014999389648438,25.413379669189453
mp-aaaabsmk,28.979000091552734,37.442420959472656
mp-aaacdswb,31.4950008392334,28.412052154541016
mp-aaabxfmw,13.138999938964844,4.432701110839844
mp-aaaaapuy,7.751999855041504,16.318801879882812
mp-aaabxfmu,109.43699645996094,98.15953826904297
mp-aaaaacha,42.12900161743164,32.08939743041992
mp-aaaaamec,136.4199981689453,90.36738586425781
mp-aaacgotc,54.0989990234375,61.94825744628906
mp-aaaabpfp,97.15299987792969,109.83067321777344
mp-aaacfyyf,45.50699996948242,46.77454376220703
mp-aaaabfhf,11.588000297546387,26.016626358032227
mp-aaaaalsl,110.14900207519531,92.34133911132812
mp-aaaaaiic,48.222999572753906,49.598670959472656
mp-aaaaacvp,75.45899963378906,67.20857238769531
mp-aaaccsqs,68.62300109863281,50.81432342529297
mp-aaaftlrb,19.045000076293945,14.63321304321289
mp-aaaaalbo,44.92300033569336,36.05436706542969
mp-aaaaaebl,37.85599899291992,38.30268096923828
mp-aaaccspy,20.992000579833984,43.54785919189453
mp-aaabkfgb,10.717000007629395,15.196952819824219
mp-aaaaaqvb,39.21200180053711,40.49209213256836
mp-aaacdpxh,104.197998046875,98.39326477050781
mp-aaaabaxy,54.332000732421875,45.63395690917969
mp-aaacdtpw,5.943999767303467,10.482902526855469
mp-aaaaaxfh,18.43000030517578,25.255826950073242
mp-aaacdkur,34.59000015258789,41.301292419433594
mp-aaaabubt,-13.71500015258789,15.820703506469727
mp-aaaaaqze,25.104999542236328,15.588171005249023
mp-aaabgizt,113.30899810791016,115.98905944824219
mp-aaaaaydp,-104.6780014038086,44.734615325927734
mp-aaaabhtp,20.270999908447266,6.0243988037109375
mp-aaacfxfx,87.28099822998047,44.43429946899414
mp-aaacfyce,1.3930000066757202,26.266456604003906
mp-aaaaaaav,-6.283999919891357,4.492767333984375
mp-aaaaaspo,1.9839999675750732,-6.248435974121094
mp-aaabevrt,17.426000595092773,22.90589714050293
mp-aaaabihx,0.6370000243186951,1.4816169738769531
mp-aaaaacyn,131.9199981689453,120.23872375488281
mp-aaabfkky,28.690000534057617,25.862262725830078
mp-aaaaaelk,110.73699951171875,126.42485046386719
mp-aaaabetl,47.54499816894531,33.116050720214844
mp-aaachnky,8.572999954223633,25.748977661132812
mp-aaaabipj,4.789999961853027,5.446918487548828
mp-aaabxcqb,37.69499969482422,33.73643112182617
mp-aaacdhnn,-57.82400131225586,-31.150157928466797
mp-aaaaagsf,16.18600082397461,19.678211212158203
mp-aaaaaeey,30.395000457763672,34.45402526855469
mp-aaabxgug,31.19499969482422,25.695011138916016
mp-aaabmkon,94.28099822998047,74.82535552978516
mp-aaabmhyd,57.500999450683594,45.65951156616211
mp-aaaaapwu,135.9040069580078,140.8519744873047
mp-aaaaaozu,23.257999420166016,27.008380889892578
mp-aaabxivn,21.024999618530273,20.997331619262695
mp-aaabxhbs,20.861000061035156,23.418115615844727
mp-aaabxhmr,66.73600006103516,65.17098236083984
mp-aaaaapbj,21.121000289916992,21.105552673339844
mp-aaabgjbo,195.60699462890625,162.91065979003906
mp-aaabxchu,113.37100219726562,115.01235961914062
mp-aaaaakpx,53.459999084472656,46.296146392822266
mp-aaadddpu,53.244998931884766,72.51084899902344
mp-aaacdqwp,20.48699951171875,17.81957244873047
mp-aaaaatak,22.690000534057617,18.28424835205078
mp-aaaaaafh,42.71500015258789,50.04670333862305
mp-aaaaaebf,17.011999130249023,40.791893005371094
mp-aaabxcba,94.03700256347656,90.9102554321289
mp-aaacgexn,60.5880012512207,70.13922882080078
mp-aaacdjzb,8.866999626159668,16.809736251831055
mp-aaaaaabz,3.618000030517578,-0.0076446533203125
mp-aaaaadcc,95.7030029296875,83.24173736572266
mp-aaacfwen,121.46800231933594,107.57177734375
mp-aaaaayvf,30.9950008392334,34.44955062866211
mp-aaaaadrm,15.017000198364258,0.31510162353515625
mp-aaaabsqv,64.54299926757812,57.40303421020508
mp-aaaddmwh,81.27999877929688,48.4036979675293
mp-aaaaaedp,42.487998962402344,47.21570587158203
mp-aaaabucx,25.725000381469727,16.63006591796875
mp-aaabxjtt,83.60700225830078,83.40151977539062
mp-aaabxcju,24.885000228881836,13.662382125854492
mp-aaabglmt,43.07400131225586,42.62082290649414
mp-aaacesvj,27.7450008392334,28.356178283691406
mp-aaacdmmc,35.29199981689453,26.90570831298828
mp-aaaaaelq,5.002999782562256,12.633733749389648
mp-aaaaapuu,17.48200035095215,17.49138069152832
mp-aaaaadnt,77.77899932861328,81.07550048828125
mp-aaaaaonk,43.98099899291992,32.85523986816406
mp-aaaabigs,0.12399999797344208,0.4386329650878906
mp-aaaabpll,4.454999923706055,6.539150238037109
mp-aaaaarxd,27.413999557495117,15.24559211730957
mp-aaaaafso,37.74800109863281,32.04470443725586
mp-aaabmzkh,16.759000778198242,13.10670280456543
mp-aaaabrfl,21.055999755859375,25.999723434448242
mp-aaabxfuz,15.527000427246094,21.69099998474121
mp-aaabxfzd,45.35499954223633,43.525733947753906
mp-aaabkpvj,6.909999847412109,10.62265396118164
mp-aaaabgit,23.799999237060547,45.375030517578125
mp-aaaaankp,6.658999919891357,11.850543975830078
mp-aaaaacwm,92.36299896240234,84.33405303955078
mp-aaacgitd,34.362998962402344,47.589317321777344
mp-aaabfnvw,17.66200065612793,23.548063278198242
mp-aaabgiwh,31.013999938964844,31.4217529296875
mp-aaacdmsp,10.26099967956543,6.533897399902344
mp-aaaabhwr,5.627999782562256,15.592763900756836
mp-aaabglki,6.080999851226807,5.6673126220703125
mp-aaabxjwr,102.072998046875,90.95323181152344
mp-aaabjyhc,-17.413000106811523,13.210716247558594
mp-aaaaachg,19.277000427246094,17.48019790649414
mp-aaaabrdd,28.341999053955078,32.13839340209961
mp-aaabxdsr,30.054000854492188,18.39523696899414
mp-aaadbsgu,-0.30399999022483826,10.645425796508789
mp-aaaaapuz,-58.823001861572266,-36.283260345458984
mp-aaaaaqbm,122.10099792480469,105.8406982421875
mp-aaacfmex,113.28099822998047,112.74085998535156
mp-aaacdmgb,4.303999900817871,9.193992614746094
mp-aaaaccqu,2.9019999504089355,16.333890914916992
mp-aaaaapsi,22.7189998626709,28.928844451904297
mp-aaaabhwb,5.888000011444092,4.7735595703125
mp-aaabxfsk,20.408000946044922,13.022527694702148
mp-aaabxhch,26.267000198364258,20.225555419921875
mp-aaaaaccb,53.888999938964844,42.148067474365234
mp-aaaaadrc,55.77199935913086,43.29058074951172
mp-aaabgnhr,124.56199645996094,125.84663391113281
mp-aaaaaqwt,77.72000122070312,66.18754577636719
mp-aaaabdog,15.586999893188477,12.73678207397461
mp-aaaabrzi,91.5989990234375,95.05135345458984
mp-aaacdrdy,13.130999565124512,13.714326858520508
mp-aaaceswq,35.46099853515625,32.54420852661133
mp-aaaabdum,13.484000205993652,12.833757400512695
mp-aaabrahy,24.371999740600586,30.693552017211914
mp-aaaabfrb,36.439998626708984,47.083961486816406
mp-aaabgmqa,88.08799743652344,85.03453063964844
mp-aaacdkni,-3.7829999923706055,35.80393600463867
mp-aaacgigp,14.048999786376953,36.34978485107422
mp-aaaabefw,26.347999572753906,42.359249114990234
mp-aaaaajtu,20.176000595092773,28.862136840820312
mp-aaaaahay,22.49799919128418,26.003793716430664
mp-aaacgigs,120.98100280761719,110.06175231933594
mp-aaaaaqcp,96.2229995727539,117.63856506347656
mp-aaaaabrg,43.382999420166016,7.467933654785156
mp-aaaaaryc,-1.1369999647140503,23.223007202148438
mp-aaacearq,14.031999588012695,17.9789981842041
mp-aaabqzzr,82.00199890136719,94.99148559570312
mp-aaabjycg,-13.057999610900879,-8.762226104736328
mp-aaaabeko,14.657999992370605,16.252531051635742
mp-aaabctjj,24.7810001373291,28.772552490234375
mp-aaacesvd,14.73900032043457,21.56812858581543
mp-aaabcspw,3.1440000534057617,7.100078582763672
mp-aaabrgwo,25.16900062561035,36.020896911621094
mp-aaaabdzd,28.11199951171875,29.23208236694336
mp-aaacdkjk,18.141000747680664,19.654407501220703
mp-aaaaahdn,22.117000579833984,10.897245407104492
mp-aaaaahhq,94.2229995727539,105.657958984375
mp-aaaaauaf,36.2599983215332,41.72028350830078
mp-aaabxcfa,80.84400177001953,108.62361145019531
mp-aaacdrnt,22.229000091552734,18.964183807373047
mp-aaacdntk,23.459999084472656,21.144954681396484
mp-aaacdvnb,45.999000549316406,65.46321105957031
mp-aaacfxey,18.298999786376953,7.599826812744141
mp-aaacdpvs,66.1240005493164,84.2124252319336
mp-aaaaagix,50.939998626708984,66.42761993408203
mp-aaaaaemg,10.576000213623047,-2.5587806701660156
mp-aaabjyae,17.36199951171875,37.475006103515625
mp-aaabxbpa,65.4990005493164,62.060028076171875
mp-aaaaahrb,50.611000061035156,53.27512741088867
mp-aaaaadxb,52.474998474121094,44.02265548706055
mp-aaacfwgw,22.110000610351562,27.59593963623047
mp-aaacfkhl,186.6580047607422,46.36798095703125
mp-aaaaaafj,7.697000026702881,12.153680801391602
mp-aaabxglr,20.53499984741211,23.413955688476562
mp-aaaaadpn,19.207000732421875,11.747392654418945
mp-aaaabpkn,2.1600000858306885,11.014516830444336
mp-aaabxfhn,22.812000274658203,23.06911849975586
mp-aaaabhwv,5.209000110626221,8.343204498291016
mp-aaaaadzk,43.83300018310547,34.20716094970703
mp-aaaaacph,6.5879998207092285,31.983306884765625
mp-aaaaapul,29.986000061035156,31.11711883544922
mp-aaacdjka,21.81599998474121,20.269630432128906
mp-aaaaagxu,7.665999889373779,6.512737274169922
mp-aaabxjbq,20.708999633789062,14.250320434570312
mp-aaaaabha,60.86399841308594,53.88528060913086
mp-aaacdyzc,19.865999221801758,21.8129940032959
mp-aaaaadom,35.321998596191406,26.71649932861328
mp-aaaaasjj,38.37699890136719,33.744136810302734
mp-aaaaalfg,48.37799835205078,36.04066467285156
mp-aaaaaeyb,46.91400146484375,52.48612594604492
mp-aaaabhgo,77.41400146484375,52.04438400268555
mp-aaaaccaw,46.715999603271484,29.991641998291016
mp-aaaaagrm,56.43899917602539,51.766357421875
mp-aaabgiuw,31.575000762939453,26.12569808959961
mp-aaabxdpw,24.886999130249023,30.919849395751953
mp-aaacdoki,5.48799991607666,20.652448654174805
mp-aaacdqbu,17.114999771118164,14.383777618408203
mp-aaaaadyp,6.13700008392334,1.5724945068359375
mp-aaacdodo,11.458999633789062,7.9989471435546875
mp-aaaaardb,1.965999960899353,37.0577507019043
mp-aaaabheq,51.6619987487793,45.54555892944336
mp-aaaacfcv,13.418000221252441,12.90374755859375
mp-aaaabubu,-22.986000061035156,10.312492370605469
mp-aaabjydl,23.083999633789062,11.647760391235352
mp-aaacdsgw,26.898000717163086,28.144060134887695
mp-aaaaceax,30.214000701904297,21.90130043029785
mp-aaaaabfy,103.14700317382812,89.23638153076172
mp-aaaaaqcv,20.18199920654297,20.145063400268555
mp-aaabxiur,23.267000198364258,17.973041534423828
mp-aaaaabaa,23.676000595092773,22.228107452392578
mp-aaacgixb,45.33300018310547,46.55733108520508
mp-aaaabhgb,75.75,56.519718170166016
mp-aaacqgqk,62.76499938964844,46.8470458984375
mp-aaacgiuu,67.16699981689453,60.22017288208008
mp-aaaabqpe,106.86699676513672,109.26220703125
mp-aaacgifr,66.44200134277344,106.47978973388672
mp-aaaabtdi,30.59600067138672,24.187576293945312
mp-aaaabhbq,5.283999919891357,8.967243194580078
mp-aaacewrg,121.1259994506836,108.02236938476562
mp-aaaabibo,18.31100082397461,14.600553512573242
mp-aaaabune,41.125,33.69315719604492
mp-aaabikvs,7.381999969482422,44.57777404785156
mp-aaaaaehx,39.22800064086914,44.65248107910156
mp-aaaaaahi,91.95600128173828,85.41261291503906
mp-aaaaalzh,9.934000015258789,6.060352325439453
mp-aaaaarmm,23.719999313354492,27.20482063293457
mp-aaaaachs,151.82899475097656,193.74429321289062
mp-aaaaabnn,111.27899932861328,93.65122985839844
mp-aaaaaoll,111.21900177001953,95.8214111328125
mp-aaaabivq,1.937000036239624,5.534198760986328
mp-aaaaalet,77.11699676513672,70.3062744140625
mp-aaaaaoxm,10.677000045776367,22.95583152770996
mp-aaaabelb,46.40800094604492,53.77782440185547
mp-aaabkldq,42.74599838256836,45.56283950805664
mp-aaaaaewq,94.42500305175781,87.58854675292969
mp-aaaaagqw,11.767999649047852,19.463624954223633
mp-aaaabpek,5.066999912261963,9.170948028564453
mp-aaabxdtd,44.21900177001953,50.420684814453125
mp-aaabxhha,88.09100341796875,79.06156158447266
mp-aaacdkxw,-5.239999771118164,18.228004455566406
mp-aaaaayfy,-108.5979995727539,-125.8095703125
mp-aaaabslr,70.54000091552734,76.53254699707031
mp-aaaaaapk,47.04600143432617,37.70362091064453
mp-aaaabsxh,13.522000312805176,22.455371856689453
mp-aaaaalmf,41.2130012512207,38.87906265258789
mp-aaacesvk,45.73099899291992,20.908348083496094
mp-aaaccsqj,38.125999450683594,36.936798095703125
mp-aaaabicd,33.70399856567383,25.391639709472656
mp-aaaaaqsr,33.05699920654297,36.751312255859375
mp-aaaaacmg,69.08000183105469,46.40139389038086
mp-aaabcufe,10.567999839782715,7.868255615234375
mp-aaaaapts,37.28300094604492,21.321430206298828
mp-aaabjyjp,68.23999786376953,44.69721221923828
mp-aaaaabro,44.446998596191406,29.49890899658203
mp-aaacdpxy,26.476999282836914,27.380172729492188
mp-aaaaaqow,36.167999267578125,28.875736236572266
mp-aaabgjiw,19.910999298095703,22.921010971069336
mp-aaaaaccf,96.3239974975586,99.44695281982422
mp-aaabjxvu,-39.446998596191406,0.085418701171875
mp-aaaflcev,26.70400047302246,23.970632553100586
mp-aaaabgsu,79.7020034790039,90.01322937011719
mp-aaaaania,108.9520034790039,81.94754791259766
mp-aaaaarrx,38.941001892089844,39.028526306152344
mp-aaaaadff,41.47999954223633,37.27914047241211
mp-aaacdskh,38.47100067138672,37.98186492919922
mp-aaaabfqq,40.43199920654297,54.62970733642578
mp-aaabgkii,28.45599937438965,42.570858001708984
mp-aaabjybp,87.12899780273438,90.72859954833984
mp-aaabxjxn,70.76200103759766,60.48771667480469
mp-aaaaatsw,62.66999816894531,61.65379333496094
mp-aaabexho,5.269000053405762,0.5815391540527344
mp-aaaabeos,29.701000213623047,33.77304458618164
mp-aaaaapbq,51.137001037597656,22.200923919677734
mp-aaaaabhn,142.052001953125,130.08154296875
mp-aaaaabvl,14.854000091552734,36.90238571166992
mp-aaaaakqp,38.08300018310547,48.56298828125
mp-aaabgxxx,63.6619987487793,80.9760513305664
mp-aaaabhxi,10.104000091552734,11.158138275146484
mp-aaaabidf,6.418000221252441,10.329505920410156
mp-aaacdjpv,20.143999099731445,12.305160522460938
mp-aaaftbhv,24.7549991607666,26.084163665771484
mp-aaacfzoj,12.079000473022461,12.780471801757812
mp-aaaaaejj,102.94499969482422,100.17662048339844
mp-aaabxcmh,33.20000076293945,27.827537536621094
mp-aaaabhxb,29.76799964904785,28.76887321472168
mp-aaabrfpd,24.5049991607666,21.413244247436523
mp-aaadbisu,20.038000106811523,23.10930824279785
mp-aaaaabqv,157.90699768066406,162.6336669921875
mp-aaaaadha,29.69700050354004,34.94233703613281
mp-aaaaaeou,62.9109992980957,68.64305877685547
mp-aaabjxxi,-22.54599952697754,-24.603023529052734
mp-aaacltmd,28.045000076293945,82.30430603027344
mp-aaaaafwi,54.77000045776367,55.49066925048828
mp-aaabxfoh,6.267000198364258,-0.23253631591796875
mp-aaacehvi,11.355999946594238,19.874038696289062
mp-aaaaardy,96.66600036621094,121.35791015625
mp-aaabxgyf,32.24399948120117,29.04513931274414
mp-aaaaajti,27.365999221801758,23.209115982055664
mp-aaabwiae,11.614999771118164,28.043678283691406
mp-aaacgivy,52.20600128173828,48.239402770996094
mp-aaaabevs,17.29599952697754,42.543792724609375
mp-aaacdnho,22.538999557495117,10.925420761108398
mp-aaaccspl,73.59200286865234,73.55326843261719
mp-aaacfxyy,101.23500061035156,87.01654052734375
mp-aaacdzax,34.84600067138672,39.4010124206543
mp-aaacfjxq,82.7040023803711,108.25584411621094
mp-aaaaaaeb,11.376999855041504,15.91592788696289
mp-aaacdrdu,37.94300079345703,30.374713897705078
mp-aaaaaiop,41.96900177001953,49.787532806396484
mp-aaaabtcz,30.672000885009766,32.987060546875
mp-aaaabfob,30.222999572753906,34.11903381347656
mp-aaaaaabe,49.84299850463867,59.03957748413086
mp-aaaaanki,11.439000129699707,17.78484535217285
mp-aaacfxcp,64.61100006103516,57.957645416259766
mp-aaabxcdx,19.631999969482422,18.21508026123047
mp-aaaaaazy,45.91899871826172,18.856565475463867
mp-aaabjyfn,-24.85300064086914,21.931039810180664
mp-aaabxfkn,87.34100341796875,66.25485229492188
mp-aaabkpod,5.376999855041504,15.21816635131836
mp-aaaaabkr,74.39700317382812,49.303497314453125
mp-aaaabdgy,91.9280014038086,125.00065612792969
mp-aaaaabsc,33.23699951171875,28.65554428100586
mp-aaabxfxw,50.25600051879883,15.241998672485352
mp-aaacdrmn,-30.690000534057617,-3.1239166259765625
mp-aaaaccyz,5.24399995803833,16.368406295776367
mp-aaacflvs,76.17500305175781,72.92145538330078
mp-aaacgirm,67.85800170898438,67.97998809814453
mp-aaacfycp,25.11400032043457,39.18379211425781
mp-aaaaaqzg,11.572999954223633,15.091676712036133
mp-aaaabysv,16.07699966430664,20.227481842041016
mp-aaacdtqw,18.722999572753906,13.916828155517578
mp-aaabxfux,96.572998046875,88.11824035644531
mp-aaaaaxct,40.99300003051758,37.079925537109375
mp-aaaaafcf,87.98999786376953,83.54769897460938
mp-aaabgnhs,49.48400115966797,58.089439392089844
mp-aaabxixz,20.30299949645996,10.824068069458008
mp-aaaaalgi,88.83200073242188,75.59842681884766
mp-aaacdpji,2.3010001182556152,4.829311370849609
mp-aaabxgmp,18.844999313354492,19.84667205810547
mp-aaacdqcx,-19.141000747680664,19.67401123046875
mp-aaabxgij,136.85299682617188,111.68348693847656
mp-aaaaands,22.506999969482422,18.261455535888672
mp-aaabxfqb,107.4540023803711,106.22320556640625
mp-aaaabdeq,44.05699920654297,33.23611068725586
mp-aaaaaecm,14.75,18.86918067932129
mp-aaaaagjm,48.01100158691406,41.66874313354492
mp-aaabxhhq,121.44400024414062,91.6219253540039
mp-aaabqxtm,17.517000198364258,28.568527221679688
mp-aaacgddc,3.6389999389648438,2.6706085205078125
mp-aaaabwor,1.6440000534057617,-1.8798370361328125
mp-aaaaalnh,36.571998596191406,10.79005241394043
mp-aaaaaaxi,49.72600173950195,49.642250061035156
mp-aaabkpph,34.066001892089844,27.827129364013672
mp-aaacevra,15.041000366210938,24.745567321777344
mp-aaaaabto,11.548999786376953,30.007843017578125
mp-aaabgmoe,-94.6449966430664,-8.285816192626953
mp-aaaaahle,77.62899780273438,85.330078125
mp-aaaaaics,38.32699966430664,20.220001220703125
mp-aaabghpe,4.448999881744385,11.498208999633789
mp-aaabgmss,41.89799880981445,38.30149459838867
mp-aaacfwgn,93.4229965209961,80.12193298339844
mp-aaaaacpp,30.836999893188477,27.701549530029297
mp-aaaaazsp,43.40399932861328,49.830535888671875
mp-aaaaaiwe,99.89399719238281,103.62728881835938
mp-aaaaatmr,1.965999960899353,25.896364212036133
mp-aaacdrrl,21.479000091552734,18.290523529052734
mp-aaaaaazs,52.941001892089844,37.88236999511719
mp-aaaaaadn,148.15199279785156,150.96168518066406
mp-aaaabogs,8.647000312805176,9.804008483886719
mp-aaabgaon,36.117000579833984,29.789533615112305
mp-aaaaamed,64.31999969482422,68.11368560791016
mp-aaabxdrr,52.64400100708008,35.95320129394531
mp-aaabqzic,27.54400062561035,56.33574295043945
mp-aaaabhhy,44.45199966430664,27.70519256591797
mp-aaacdklk,5.809999942779541,12.259727478027344
mp-aaacesxi,49.53200149536133,43.33332824707031
mp-aaabxisv,30.072999954223633,24.143688201904297
mp-aaaaadxo,51.16699981689453,36.640296936035156
mp-aaacehwu,17.2810001373291,11.743188858032227
mp-aaaaalui,82.4530029296875,57.60730743408203
mp-aaaaarqk,62.37900161743164,64.08969116210938
mp-aaaaacya,6.593999862670898,31.09456443786621
mp-aaaabdfy,7.230000019073486,15.245237350463867
mp-aaaaaqzk,51.61899948120117,59.0478630065918
mp-aaaaamql,23.275999069213867,30.945735931396484
mp-aaacdsvz,25.479999542236328,21.75983238220215
mp-aaaaagfk,81.32499694824219,62.783714294433594
mp-aaabqzxa,94.33499908447266,106.08499145507812
mp-aaaabgqy,-23.496999740600586,21.423175811767578
mp-aaacdnfk,17.31599998474121,24.539466857910156
mp-aaaaaqwc,46.32699966430664,33.253639221191406
mp-aaaaatrz,33.94900131225586,36.047889709472656
mp-aaabgiga,107.54000091552734,128.8164825439453
mp-aaacdtua,21.5,20.14103126525879
mp-aaabgjhv,24.327999114990234,16.385244369506836
mp-aaaachjz,16.08099937438965,10.983325958251953
mp-aaaabhtb,39.71500015258789,26.27681541442871
mp-aaaccsok,62.48899841308594,63.17810821533203
mp-aaaaaisr,150.1699981689453,136.60595703125
mp-aaaaadjt,32.90299987792969,27.622621536254883
mp-aaabxheb,27.21299934387207,19.67087173461914
mp-aaabxhbk,36.270999908447266,47.84225082397461
mp-aaaaajvy,9.425999641418457,18.995643615722656
mp-aaaabhqm,26.013999938964844,29.621715545654297
mp-aaabxceo,97.62699890136719,95.81015014648438
mp-aaabxgup,24.768999099731445,10.819730758666992
mp-aaaaalbe,29.184999465942383,44.3805046081543
mp-aaaaaqgn,19.92300033569336,24.91292381286621
mp-aaabfkpw,54.77399826049805,53.74431610107422
mp-aaaaayul,14.885000228881836,33.71722412109375
mp-aaaaaiub,16.82200050354004,20.245756149291992
mp-aaacdkdw,150.52000427246094,132.18392944335938
mp-aaaaatcd,66.18900299072266,47.98954391479492
mp-aaaaadrx,76.60399627685547,81.4882583618164
mp-aaacgiiu,37.02000045776367,58.06348419189453
mp-aaaaaaad,1.6089999675750732,2.503765106201172
mp-aaabxgsl,38.75,50.39613342285156
mp-aaaabhap,52.2859992980957,72.15184020996094
mp-aaaaaksp,25.459999084472656,24.218019485473633
mp-aaaaatxi,59.90399932861328,61.75809860229492
mp-aaaabsxp,9.35099983215332,9.472591400146484
mp-aaacdpxw,47.643001556396484,56.7824592590332
mp-aaaabkmk,44.86199951171875,34.470909118652344
mp-aaabxhmu,57.185001373291016,90.93754577636719
mp-aaaaatjl,19.79599952697754,19.517436981201172
mp-aaaabhvm,29.98900032043457,30.283531188964844
mp-aaaccsqp,-40.5989990234375,-2.7451858520507812
mp-aaaabrms,4.159999847412109,8.50156021118164
mp-aaaabtni,21.604000091552734,24.89130973815918
mp-aaaabtpz,73.84600067138672,67.1139907836914
mp-aaaaayuj,45.56100082397461,51.209075927734375
mp-aaabglls,1.934999942779541,10.132190704345703
mp-aaacdpwp,92.43000030517578,72.61415100097656
mp-aaaaaxpz,95.4800033569336,100.47725677490234
mp-aaaaaelv,68.1500015258789,65.50233459472656
mp-aaaabhux,4.455999851226807,13.137447357177734
mp-aaaabqlu,21.927000045776367,31.240076065063477
mp-aaacgigv,123.12999725341797,112.45530700683594
mp-aaaaaeoy,105.24299621582031,118.02279663085938
mp-aaaaagrq,37.23500061035156,39.02476119995117
mp-aaaabftr,77.26699829101562,76.01600646972656
mp-aaaaaecb,31.868999481201172,10.912673950195312
mp-aaaaantw,38.33599853515625,43.30801010131836
mp-aaaaayhp,46.99599838256836,44.60122299194336
mp-aaaaaybv,0.8339999914169312,21.185937881469727
mp-aaabqzix,32.30799865722656,32.2646369934082
mp-aaaaancy,100.91000366210938,102.8173828125
mp-aaaabfdo,139.44400024414062,139.3785400390625
mp-aaacfloz,39.22600173950195,44.180076599121094
mp-aaaabsln,90.75299835205078,90.33192443847656
mp-aaaaaalg,111.48300170898438,89.10383605957031
mp-aaabghcy,20.062000274658203,21.509279251098633
mp-aaabjolt,19.038000106811523,11.270776748657227
mp-aaacejdm,44.349998474121094,59.78681945800781
mp-aaaaagwk,20.60700035095215,12.554401397705078
mp-aaabgjsi,55.112998962402344,52.11062240600586
mp-aaaaacja,31.96299934387207,22.84719467163086
mp-aaaaavjd,77.93399810791016,76.96488189697266
mp-aaaabhzd,15.897000312805176,13.105321884155273
mp-aaacgozo,69.35299682617188,97.39093780517578
mp-aaacfaoo,18.648000717163086,10.888324737548828
mp-aaaabhje,63.55500030517578,81.87614440917969
mp-aaaabtao,17.20599937438965,13.86970329284668
mp-aaaaacwl,13.480999946594238,10.550968170166016
mp-aaacdvcn,70.4729995727539,26.426382064819336
mp-aaaaazat,45.22200012207031,24.91477394104004
mp-aaabxcbr,20.143999099731445,23.635883331298828
mp-aaaaaltt,9.303000450134277,15.615533828735352
mp-aaaaabcq,61.32099914550781,55.21497344970703
mp-aaaabhzr,5.2129998207092285,9.49782943725586
mp-aaabqwme,21.538000106811523,30.26425552368164
mp-aaacfiqb,85.14299774169922,79.47331237792969
mp-aaabxgdv,71.1050033569336,67.97046661376953
mp-aaabxisq,107.43599700927734,88.29985046386719
mp-aaabgmpq,13.772000312805176,8.120086669921875
mp-aaaaapxi,54.612998962402344,44.22226333618164
mp-aaacfyyd,40.404998779296875,33.803680419921875
mp-aaaaarnj,10.946000099182129,40.44418716430664
mp-aaaabpid,74.47200012207031,91.91691589355469
mp-aaacfrir,25.70599937438965,18.7493896484375
mp-aaacfiqi,47.54800033569336,32.870182037353516
mp-aaaaaany,55.257999420166016,69.9553451538086
mp-aaabfwyg,47.76900100708008,42.301570892333984
mp-aaaaarse,32.52899932861328,29.286449432373047
mp-aaaaakmv,26.084999084472656,37.18862533569336
mp-aaacfanl,-45.551998138427734,-34.5101432800293
mp-aaagkhrg,-59.249000549316406,58.80261993408203
mp-aaaaafdg,118.34100341796875,108.86399841308594
mp-aaabqvvt,72.90599822998047,65.53205871582031
mp-aaaaaajw,67.25,38.49964904785156
mp-aaabmgpg,41.99800109863281,48.18876647949219
mp-aaaaalmm,28.861000061035156,32.38800811767578
mp-aaabjycn,-19.05500030517578,-9.061298370361328
mp-aaabjydn,16.375,8.9732666015625
mp-aaaaaakq,45.52299880981445,37.345211029052734
mp-aaaabhrt,76.49500274658203,80.31736755371094
mp-aaaaafff,107.66100311279297,88.80960083007812
mp-aaabghxf,68.93800354003906,69.56826782226562
mp-aaaaaatz,-82.79900360107422,-53.85410690307617
mp-aaaabhws,5.635000228881836,6.982139587402344
mp-aaacdpys,33.04499816894531,24.617063522338867
mp-aaaaaegu,125.14700317382812,130.90687561035156
mp-aaaabiuk,20.538000106811523,5.373714447021484
mp-aaacdllt,156.32699584960938,169.94589233398438
mp-aaacgirw,45.09400177001953,50.501304626464844
mp-aaaaaspw,23.104000091552734,20.629568099975586
mp-aaacfxfj,-0.02199999988079071,-48.90822219848633
mp-aaaaafxx,10.164999961853027,18.559322357177734
mp-aaaabfcs,18.408000946044922,32.09043502807617
mp-aaabfokv,31.503999710083008,29.836658477783203
mp-aaaabdet,6.7870001792907715,14.888004302978516
mp-aaaaadyh,18.79599952697754,51.52540969848633
mp-aaaaapvl,53.198001861572266,54.493553161621094
mp-aaaabdwq,85.58599853515625,79.30742645263672
mp-aaaaadbh,26.726999282836914,15.027420043945312
mp-aaacdmzb,55.98899841308594,66.72203826904297
mp-aaaaaowu,147.4340057373047,135.3308868408203
mp-aaaccsov,33.70500183105469,47.15645980834961
mp-aaacdpxu,68.71499633789062,39.18108367919922
mp-aaaaadhd,87.322998046875,80.84868621826172
mp-aaaabqnb,175.41000366210938,176.03271484375
mp-aaaaabtj,73.2229995727539,57.45499801635742
mp-aaabxdpz,27.902999877929688,25.02178955078125
mp-aaaaadml,77.4219970703125,59.57441711425781
mp-aaaaaduj,54.17599868774414,57.06449890136719
mp-aaaaaqtr,6.979000091552734,9.754936218261719
mp-aaaacena,65.18399810791016,51.98338317871094
mp-aaaaahvg,89.16699981689453,85.02873229980469
mp-aaaaaggp,2.0980000495910645,18.704750061035156
mp-aaacgorw,12.38700008392334,20.35630226135254
mp-aaaabijl,6.4019999504089355,10.319873809814453
mp-aaaaafer,58.284000396728516,51.11332702636719
mp-aaaaaqfx,26.788000106811523,16.41911506652832
mp-aaabxjaj,60.12799835205078,64.15875244140625
mp-aaaaagaz,22.07699966430664,23.131746292114258
mp-aaaabrax,37.64500045776367,38.69813919067383
mp-aaabxazj,18.099000930786133,11.496648788452148
mp-aaabxfmq,30.47800064086914,22.04002571105957
mp-aaaaamng,29.33799934387207,37.954532623291016
mp-aaacdqcc,91.24199676513672,91.68274688720703
mp-aaabgipd,4.289999961853027,7.828407287597656
mp-aaaaabho,16.16200065612793,21.615257263183594
mp-aaacdnyv,7.4079999923706055,16.387514114379883
mp-aaabqwji,34.16400146484375,63.35776138305664
mp-aaaceadr,20.565000534057617,21.122066497802734
mp-aaaaabwy,105.3270034790039,130.79290771484375
mp-aaabxbaj,52.518001556396484,30.172975540161133
mp-aaaacclk,173.98599243164062,139.85902404785156
mp-aaaaaaqd,90.80500030517578,75.60865020751953
mp-aaacdsqx,26.8799991607666,17.358978271484375
mp-aaacdpxv,16.368000030517578,28.759319305419922
mp-aaabxcgc,21.840999603271484,18.80189323425293
mp-aaabxhho,104.9990005493164,118.05708312988281
mp-aaaaaczr,3.609999895095825,8.153152465820312
mp-aaabqyas,66.11399841308594,96.23763275146484
mp-aaabmlwg,27.881000518798828,22.596065521240234
mp-aaaabint,76.07599639892578,58.61442565917969
mp-aaacdsqg,31.058000564575195,33.774658203125
mp-aaacdkhf,1.3350000381469727,2.3986282348632812
mp-aaabqzta,37.902000427246094,33.897308349609375
mp-aaaaadgu,16.799999237060547,24.343154907226562
mp-aaabxfmh,-11.996000289916992,13.586181640625
mp-aaaaalkf,11.649999618530273,37.30917739868164
mp-aaaaaavl,29.509000778198242,25.38339614868164
mp-aaabqybn,69.54000091552734,78.4942626953125
mp-aaaaatvj,44.0,55.01551818847656
mp-aaaaatms,14.5,33.213294982910156
mp-aaadjyvo,23.46500015258789,22.345945358276367
mp-aaabfbra,39.0989990234375,34.18507766723633
mp-aaaabdph,28.577999114990234,25.47832679748535
mp-aaabxfrd,39.981998443603516,31.615375518798828
mp-aaaabfaw,12.505999565124512,10.937055587768555
mp-aaabxfgy,67.9260025024414,51.836212158203125
mp-aaaaacus,205.30799865722656,205.70790100097656
mp-aaaaalso,82.00700378417969,78.39544677734375
mp-aaaabgzf,94.1259994506836,101.72418212890625
mp-aaabgjle,71.28600311279297,67.37471771240234
mp-aaaabuej,48.95100021362305,53.228492736816406
mp-aaabjyao,88.71800231933594,58.21113967895508
mp-aaaabiua,14.79800033569336,3.7154579162597656
mp-aaaaacvl,20.642000198364258,18.526044845581055
mp-aaaaagbb,31.32699966430664,33.69216537475586
mp-aaaaadzl,50.220001220703125,47.91545104980469
mp-aaacflmc,47.733001708984375,70.39234924316406
mp-aaaaafra,29.33799934387207,24.00517463684082
mp-aaaaakmq,145.67300415039062,126.99063110351562
mp-aaaabuge,25.535999298095703,47.047760009765625
mp-aaafdwlt,8.873000144958496,20.735576629638672
mp-aaacdros,75.822998046875,65.32303619384766
mp-aaacdicq,23.922000885009766,23.842090606689453
mp-aaacfhmc,29.993000030517578,29.095783233642578
mp-aaaaabsd,76.572998046875,78.43081665039062
mp-aaaaabqi,8.6899995803833,16.893821716308594
mp-aaaaabck,23.812000274658203,37.581398010253906
mp-aaacfxzk,16.91699981689453,20.37615394592285
mp-aaaaagwi,44.3650016784668,53.2070198059082
mp-aaacdnmo,14.37600040435791,36.24040222167969
mp-aaaabiof,8.41100025177002,11.879009246826172
mp-aaaabtre,137.343994140625,148.33229064941406
mp-aaacdsqi,-4.927000045776367,-5.210517883300781
mp-aaabxiss,21.7549991607666,13.786066055297852
mp-aaaabdhk,103.30599975585938,98.78541564941406
mp-aaabxgdc,26.832000732421875,31.66698455810547
mp-aaaceatr,21.947999954223633,20.022390365600586
mp-aaabgjnl,45.96900177001953,34.95287322998047
mp-aaacgitn,68.54100036621094,71.1953125
mp-aaaaaoso,33.915000915527344,32.16459655761719
mp-aaacgozp,24.266000747680664,23.89154052734375
mp-aaaabhxs,12.854000091552734,14.045045852661133
mp-aaaaaecq,89.52200317382812,81.37576293945312
mp-aaaaadvj,51.64699935913086,38.386444091796875
mp-aaabxdqg,25.836999893188477,23.341514587402344
mp-aaaaakgk,46.87099838256836,48.50628662109375
mp-aaacgpgh,10.581999778747559,37.4028434753418
mp-aaabxclx,28.891000747680664,20.695236206054688
mp-aaaccfde,13.031000137329102,19.57756805419922
mp-aaabgjhu,83.34700012207031,78.009033203125
mp-aaaabjic,19.48699951171875,20.231151580810547
mp-aaabxhfb,75.94300079345703,78.02415466308594
mp-aaabxglv,33.63399887084961,27.09206199645996
mp-aaacfywb,20.54599952697754,4.860996246337891
mp-aaacgila,65.01699829101562,56.247711181640625
mp-aaabqzhy,37.487998962402344,41.479591369628906
mp-aaabxhcg,25.270000457763672,18.47447395324707
mp-aaaabhgd,17.64900016784668,40.4846076965332
mp-aaaabdnz,55.573001861572266,50.27145004272461
mp-aaabjxvp,30.086999893188477,65.00462341308594
mp-aaaaadfp,33.316001892089844,47.3782958984375
mp-aaaaaltb,26.944000244140625,31.55750274658203
mp-aaabgkwy,35.79399871826172,41.49068069458008
mp-aaacfydl,-1.4880000352859497,24.405872344970703
mp-aaaaadwv,16.923999786376953,24.522258758544922
mp-aaacdqdg,43.21200180053711,25.478572845458984
mp-aaaabevx,42.24800109863281,58.301361083984375
mp-aaaaacxl,40.29899978637695,29.032238006591797
mp-aaaaasxp,65.05899810791016,69.37376403808594
mp-aaacewka,97.35099792480469,153.2273712158203
mp-aaacfrjy,11.130999565124512,13.860147476196289
mp-aaaaaalu,36.01900100708008,40.032142639160156
mp-aaaabszj,11.552000045776367,21.35337257385254
mp-aaabxfmi,23.30500030517578,17.549652099609375
mp-aaacdokt,-1.7760000228881836,8.760421752929688
mp-aaabxghy,79.08699798583984,91.18512725830078
mp-aaacgpdo,26.010000228881836,23.668102264404297
mp-aaaabubo,38.64899826049805,39.708457946777344
mp-aaaaaavz,-22.88800048828125,20.19629669189453
mp-aaacgoxe,54.32899856567383,54.43119812011719
mp-aaaabuhx,20.243999481201172,24.819459915161133
mp-aaaaaivr,52.28300094604492,24.955841064453125
mp-aaaaafqr,28.767000198364258,10.996652603149414
mp-aaabxgyz,44.68299865722656,21.922760009765625
mp-aaacctei,0.26899999380111694,21.94561004638672
mp-aaaaadyk,127.4280014038086,123.61460876464844
mp-aaabxgrl,154.3699951171875,148.38699340820312
mp-aaacetai,10.684000015258789,20.87464714050293
mp-aaaaatax,83.1259994506836,78.60719299316406
mp-aaaaaotd,59.73699951171875,89.89410400390625
mp-aaaaasph,30.709999084472656,25.619295120239258
mp-aaaaahmt,68.9260025024414,56.680294036865234
mp-aaaaaaqu,26.534000396728516,24.98107147216797
mp-aaabxjsq,159.73599243164062,164.5976104736328
mp-aaaaaxqw,67.70099639892578,61.92681121826172
mp-aaaabeou,29.215999603271484,20.578689575195312
mp-aaabxjug,23.594999313354492,34.966094970703125
mp-aaaaaglw,82.3030014038086,76.75193786621094
mp-aaaaabgo,68.63200378417969,84.26931762695312
mp-aaaaacqo,39.59000015258789,25.390371322631836
mp-aaaaacwj,38.17900085449219,37.9534797668457
mp-aaabeuei,83.89299774169922,75.29464721679688
mp-aaaaauox,11.043999671936035,20.904430389404297
mp-aaabxfqk,80.4260025024414,83.12499237060547
mp-aaacfycw,-25.447999954223633,32.86098861694336
mp-aaaaaqru,111.4260025024414,104.03130340576172
mp-aaaaaybr,22.865999221801758,21.00737190246582
mp-aaaaarcj,7.605000019073486,21.80956268310547
mp-aaabxfwp,101.79399871826172,83.3345947265625
mp-aaacehun,10.592000007629395,8.983963012695312
mp-aaaaahff,47.28300094604492,54.357662200927734
mp-aaaabexu,18.398000717163086,21.644485473632812
mp-aaaaaryv,-10.187000274658203,40.41197204589844
mp-aaaaaorm,21.135000228881836,32.928016662597656
mp-aaabxjaf,37.470001220703125,37.05342102050781
mp-aaabgjqi,82.947998046875,74.73681640625
mp-aaacdkhl,63.7869987487793,63.698516845703125
mp-aaaaaacq,19.2450008392334,17.530704498291016
mp-aaaaabif,205.66000366210938,196.0030517578125
mp-aaacfyyj,40.821998596191406,33.94021224975586
mp-aaabqvut,14.63700008392334,34.93388366699219
mp-aaabxgab,34.959999084472656,26.749662399291992
mp-aaaaatkw,6.271999835968018,34.458946228027344
mp-aaabqxlb,48.53099822998047,43.60208511352539
mp-aaabxazi,107.14700317382812,87.79756164550781
mp-aaacfvki,25.67799949645996,17.451169967651367
mp-aaaaaszq,23.0,36.67434310913086
mp-aaabxhca,25.219999313354492,23.252525329589844
mp-aaaaagap,139.10499572753906,126.69041442871094
mp-aaabgkcf,65.06900024414062,57.76898193359375
mp-aaacevro,80.58300018310547,65.48851013183594
mp-aaabxhgc,118.17900085449219,118.81918334960938
mp-aaaaanuk,18.801000595092773,18.613828659057617
mp-aaaaapsz,-83.19499969482422,-84.80029296875
mp-aaaaaylh,59.37799835205078,64.5330810546875
mp-aaabgqrh,6.099999904632568,0.20264816284179688
mp-aaabkrcb,30.422000885009766,32.730934143066406
mp-aaaaasrd,31.135000228881836,33.451507568359375
mp-aaaaaect,19.452999114990234,37.74298858642578
mp-aaaaaper,27.593000411987305,35.665489196777344
mp-aaaaagfn,13.52400016784668,14.424110412597656
mp-aaaaaufk,32.93299865722656,30.835481643676758
mp-aaaaaafr,4.031000137329102,6.303295135498047
mp-aaabxbum,37.763999938964844,45.66032791137695
mp-aaaabtbf,27.69099998474121,23.651092529296875
mp-aaaaaduz,53.34000015258789,58.741363525390625
mp-aaaaarxr,106.95899963378906,93.48953247070312
mp-aaacfrpa,10.293000221252441,14.73965072631836
mp-aaaabjbu,54.4119987487793,37.48755645751953
mp-aaaaamip,56.479000091552734,63.56865692138672
mp-aaaabehb,19.972999572753906,19.3915958404541
mp-aaacfyxd,21.61400032043457,23.94986343383789
mp-aaaaalrh,35.87200164794922,30.068683624267578
mp-aaacdpga,37.37099838256836,42.785736083984375
mp-aaaaahbf,54.178001403808594,40.34294891357422
mp-aaacctey,-86.50800323486328,-21.62045669555664
mp-aaaaahsx,108.98100280761719,95.9613037109375
mp-aaaaaavc,57.06800079345703,70.56306457519531
mp-aaaabeku,11.772000312805176,29.15503692626953
mp-aaacehyx,46.5260009765625,49.00300979614258
mp-aaabxgrn,30.808000564575195,34.475929260253906
mp-aaacpthb,4.360000133514404,8.572746276855469
mp-aaaabtix,17.47100067138672,5.869289398193359
mp-aaacfris,27.881000518798828,25.32782745361328
mp-aaaaaool,25.22599983215332,25.87071990966797
mp-aaacfyeb,46.54499816894531,53.61692428588867
mp-aaaabkot,66.26799774169922,60.48207092285156
mp-aaaabons,9.562999725341797,13.961324691772461
mp-aaabjxyf,-24.805999755859375,0.5596656799316406
mp-aaaaadwu,65.59100341796875,48.65936279296875
mp-aaabxfgb,79.9219970703125,101.38801574707031
mp-aaaaajdf,48.803001403808594,39.4521484375
mp-aaabxhkg,52.26300048828125,70.17506408691406
mp-aaaaasoo,51.729000091552734,67.624267578125
mp-aaacfyzw,40.42599868774414,33.44761276245117
mp-aaacdlkl,17.033000946044922,14.938102722167969
mp-aaabjydr,19.0,6.212779998779297
mp-aaaccspi,-37.487998962402344,16.226072311401367
mp-aaabxiui,16.54599952697754,15.336925506591797
mp-aaaaahzk,65.67900085449219,77.14035034179688
mp-aaacdkpa,3.3269999027252197,36.57107162475586
mp-aaaaaamf,54.99700164794922,29.595449447631836
mp-aaabxaqz,18.107999801635742,20.960643768310547
mp-aaaaauqb,43.53499984741211,49.22453689575195
mp-aaaaaqnv,15.461000442504883,17.885374069213867
mp-aaaaaobn,14.92199993133545,21.234451293945312
mp-aaaabdsk,60.76900100708008,68.92964172363281
mp-aaaabguw,53.50600051879883,51.12377166748047
mp-aaacdpux,102.98400115966797,102.98756408691406
mp-aaabxive,30.325000762939453,31.483646392822266
mp-aaacfsrs,135.33299255371094,140.41912841796875
mp-aaabxgic,102.93900299072266,105.08619689941406
mp-aaaaaxst,35.46500015258789,29.22646141052246
mp-aaabxiul,16.759000778198242,6.7774505615234375
mp-aaaaareb,60.983001708984375,53.66526794433594
mp-aaacdktw,28.19499969482422,27.871675491333008
mp-aaabxcgz,23.288999557495117,20.87040901184082
mp-aaacfyad,29.749000549316406,22.449859619140625
mp-aaaaaotl,70.0780029296875,57.7650032043457
mp-aaabxfgp,16.173999786376953,22.86672592163086
mp-aaacdnpw,23.158000946044922,23.095733642578125
mp-aaaaatce,67.71099853515625,48.466102600097656
mp-aaaaarmu,53.24300003051758,53.915672302246094
mp-aaabnrfk,12.864999771118164,15.666631698608398
mp-aaaaabqx,11.678999900817871,24.023468017578125
mp-aaaaaops,8.52400016784668,-2.0253677368164062
mp-aaaabjkn,35.30400085449219,18.346498489379883
mp-aaabxgos,-3.4579999446868896,21.528703689575195
mp-aaaaatle,-112.11699676513672,37.88331604003906
mp-aaaaamyz,81.56099700927734,68.6042709350586
mp-aaacfkxq,-47.0989990234375,8.809547424316406
mp-aaabmnhd,120.3489990234375,119.16954040527344
mp-aaaaaawe,155.25900268554688,154.46084594726562
mp-aaaaadjn,2.694000005722046,25.48164176940918
mp-aaaaasnr,48.444000244140625,65.27137756347656
mp-aaaaaqhz,43.21799850463867,44.508670806884766
mp-aaaaaabn,3.4639999866485596,4.906486511230469
mp-aaacdjdd,101.52999877929688,121.57913208007812
mp-aaacrjzz,137.97300720214844,145.22657775878906
mp-aaaciuim,25.386999130249023,38.14786148071289
mp-aaaabhxc,3.694999933242798,-1.9905967712402344
mp-aaaaargb,46.04199981689453,46.419437408447266
mp-aaabnhwv,8.756999969482422,0.7038993835449219
mp-aaabgiee,4.309999942779541,3.7412490844726562
mp-aaaaaagd,18.910999298095703,15.689678192138672
mp-aaaaaxcy,19.874000549316406,22.95884132385254
mp-aaabrbhe,113.31999969482422,86.68842315673828
mp-aaaaadyf,107.37699890136719,92.47233581542969
mp-aaabxjrl,59.334999084472656,61.88984298706055
mp-aaaaaovk,75.43399810791016,54.51816940307617
mp-aaabxgoi,105.76799774169922,121.4390869140625
mp-aaaaarym,20.945999145507812,21.220264434814453
mp-aaabxgxq,25.775999069213867,10.274944305419922
mp-aaaaabeg,41.61000061035156,29.249128341674805
mp-aaacearh,33.566001892089844,27.52579116821289
mp-aaabgmew,51.029998779296875,62.57586669921875
mp-aaaaavxv,12.991000175476074,14.474088668823242
mp-aaabfvyp,53.47100067138672,50.927677154541016
mp-aaaaaoqe,7.482999801635742,16.563121795654297
mp-aaaaakfw,25.283000946044922,25.237524032592773
mp-aaafmqdn,21.993999481201172,15.602838516235352
mp-aaabxcri,2.6659998893737793,7.506160736083984
mp-aaaaadth,50.279998779296875,53.470436096191406
mp-aaaabrmu,-1.6410000324249268,15.021310806274414
mp-aaaaadel,-87.2760009765625,-99.12399291992188
mp-aaabqxag,3.6710000038146973,14.449142456054688
mp-aaaaaejl,40.14799880981445,48.180091857910156
mp-aaacfjys,27.863000869750977,23.352954864501953
mp-aaaaaacs,0.8199999928474426,14.45425033569336
mp-aaaaaqvc,49.24300003051758,45.32828903198242
mp-aaaaamcx,9.081999778747559,24.783321380615234
mp-aaabxfby,59.55099868774414,58.6124267578125
mp-aaacdmbo,0.47999998927116394,10.108264923095703
mp-aaacdpjd,30.198999404907227,29.771841049194336
mp-aaaaanfs,5.736000061035156,16.562118530273438
mp-aaaaafhw,55.683998107910156,51.47959518432617
mp-aaacdioe,37.30699920654297,14.612890243530273
mp-aaaaamnu,42.14899826049805,36.94700241088867
mp-aaaaaeso,104.94499969482422,113.07388305664062
mp-aaabfunt,193.9459991455078,169.4734649658203
mp-aaaaaefn,137.33900451660156,155.58566284179688
mp-aaabctwk,111.21900177001953,93.99040222167969
mp-aaacfywn,72.8280029296875,61.81792068481445
mp-aaacgfqj,-5.630000114440918,14.672666549682617
mp-aaacgpbg,28.485000610351562,44.959716796875
mp-aaaabrvd,-4.888999938964844,44.56887435913086
mp-aaacpgxn,16.06399917602539,20.975141525268555
mp-aaacboiv,10.38599967956543,14.462305068969727
mp-aaaabpzk,13.085000038146973,23.018646240234375
mp-aaaabekm,75.4520034790039,105.66325378417969
mp-aaabfvya,23.865999221801758,16.216075897216797
mp-aaabgkxm,-78.98400115966797,-12.59244155883789
mp-aaabxhmx,4.677999973297119,11.839982986450195
mp-aaabghrg,69.06500244140625,82.44901275634766
mp-aaabdbcj,39.14699935913086,31.82259750366211
mp-aaaaatrc,0.546999990940094,5.345584869384766
mp-aaaabrlc,77.98500061035156,69.12264251708984
mp-aaaabeup,9.600000381469727,19.297290802001953
mp-aaacdmtc,69.83000183105469,54.83088302612305
mp-aaaaalax,10.737000465393066,8.461200714111328
mp-aaaaalwp,-10.647000312805176,39.00035095214844
mp-aaaaaioq,53.95399856567383,53.935691833496094
mp-aaabmyvp,-17.322999954223633,-9.398433685302734
mp-aaaabgjr,122.94100189208984,113.53770446777344
mp-aaacehwg,10.399999618530273,18.820255279541016
mp-aaaaadvi,111.77899932861328,113.91131591796875
mp-aaabfuzs,19.299999237060547,15.812280654907227
mp-aaaaafah,122.375,125.16371154785156
mp-aaabxfvr,21.83099937438965,28.374326705932617
mp-aaaaaifs,84.53700256347656,89.84208679199219
mp-aaaabfms,63.26900100708008,65.68190002441406
mp-aaaaabhh,84.87000274658203,84.22236633300781
mp-aaaaaddw,24.131999969482422,30.227291107177734
mp-aaaabdls,14.902999877929688,23.171594619750977
mp-aaabxgkf,22.913000106811523,16.285541534423828
mp-aaaabxan,111.76499938964844,118.43122863769531
mp-aaabxhgd,99.77200317382812,80.119140625
mp-aaabxcoi,24.170000076293945,25.961288452148438
mp-aaaaahjd,61.75199890136719,72.16278076171875
mp-aaaaakxs,25.25200080871582,24.55655860900879
mp-aaaabwzj,0.27000001072883606,9.0186767578125
mp-aaaabgzz,85.12000274658203,86.05650329589844
mp-aaabxgds,26.11400032043457,24.807476043701172
mp-aaaabgpl,43.44900131225586,46.74895477294922
mp-aaacgipq,46.262001037597656,39.45004653930664
mp-aaacdjcv,-24.290000915527344,2.5045318603515625
mp-aaacgoxv,11.342000007629395,3.162384033203125
mp-aaacdrzb,22.80299949645996,14.860305786132812
mp-aaaaayub,32.97999954223633,36.7847785949707
mp-aaaaacqz,37.5989990234375,39.29391860961914
mp-aaaaagrh,43.5369987487793,33.563865661621094
mp-aaacdrnn,42.952999114990234,39.362571716308594
mp-aaaaboih,18.38599967956543,2.8491897583007812
mp-aaacewch,-10.015000343322754,-1.2487220764160156
mp-aaaaaavk,38.25299835205078,28.57059097290039
mp-aaacdjql,7.189000129699707,1.2843894958496094
mp-aaadbrue,37.28200149536133,52.860015869140625
mp-aaaabsbc,51.05799865722656,49.919166564941406
mp-aaaaagim,46.47999954223633,38.1470947265625
mp-aaaaafmy,55.202999114990234,47.61728286743164
mp-aaaabtov,24.88800048828125,32.19298553466797
mp-aaaaapxs,11.03499984741211,15.68508529663086
mp-aaaaapbg,4.5879998207092285,7.015384674072266
mp-aaaacdht,61.26499938964844,49.865386962890625
mp-aaabxitc,29.90399932861328,25.278676986694336
mp-aaabjybn,-26.180999755859375,-4.689445495605469
mp-aaabxham,13.835000038146973,16.45043182373047
mp-aaaaajwf,57.6150016784668,61.877342224121094
mp-aaaaaqpy,30.68400001525879,26.672645568847656
mp-aaacewod,6.251999855041504,26.989646911621094
mp-aaaabhxt,6.5929999351501465,12.524908065795898
mp-aaabmmcg,102.93599700927734,51.291481018066406
mp-aaacgifj,35.53900146484375,32.88579177856445
mp-aaabxjrx,26.236000061035156,21.429279327392578
mp-aaabghqi,31.229999542236328,42.74758529663086
mp-aaaabgwz,50.03200149536133,39.37112045288086
mp-aaaaapcj,138.02200317382812,154.61285400390625
mp-aaabrefc,1.6959999799728394,23.642581939697266
mp-aaacfggn,22.22800064086914,14.72764778137207
mp-aaaaaiju,78.8949966430664,61.22892761230469
mp-aaabgkgq,150.5,107.67561340332031
mp-aaacfxzb,43.643001556396484,42.89980697631836
mp-aaaaapav,15.515000343322754,15.843807220458984
mp-aaabxgyy,72.8280029296875,64.37138366699219
mp-aaaaabfh,15.741000175476074,36.93384552001953
mp-aaaaamhm,19.246999740600586,26.12359046936035
mp-aaaabrve,104.22000122070312,126.25480651855469
mp-aaaabtlv,25.347000122070312,21.659931182861328
mp-aaacevxd,45.215999603271484,25.79424476623535
mp-aaaaabaq,23.825000762939453,30.484773635864258
mp-aaaabjdo,9.215999603271484,0.005573272705078125
mp-aaaaatat,13.543000221252441,33.43576431274414
mp-aaabxgru,11.442000389099121,16.79168701171875
mp-aaabkrhj,6.658999919891357,5.044731140136719
mp-aaabfynb,71.58100128173828,78.38618469238281
mp-aaabfrto,11.927000045776367,6.000492095947266
mp-aaacfwfr,39.00699996948242,36.789794921875
mp-aaacdyub,26.433000564575195,36.29981994628906
mp-aaabgler,118.7040023803711,119.9539794921875
mp-aaacfske,21.110000610351562,39.33463668823242
mp-aaaabdrv,37.64099884033203,41.08073806762695
mp-aaaaaqtd,27.666000366210938,24.889158248901367
mp-aaaabffe,56.47200012207031,55.63059997558594
mp-aaacfrke,22.584999084472656,24.432262420654297
mp-aaacdrnd,21.423999786376953,23.800004959106445
mp-aaabxcic,19.110000610351562,25.502792358398438
mp-aaaaaaes,5.666999816894531,6.925254821777344
mp-aaacdkrf,17.5310001373291,17.661094665527344
mp-aaaaasim,61.11899948120117,48.475502014160156
mp-aaaaaerp,55.3489990234375,39.98681640625
mp-aaaaahjx,61.78900146484375,53.705406188964844
mp-aaaaatgf,67.37699890136719,34.57064437866211
mp-aaaaaggo,40.01300048828125,41.69785690307617
mp-aaacdlfy,4.1020002365112305,4.830757141113281
mp-aaaccteu,8.847000122070312,18.709697723388672
mp-aaaaafis,91.55000305175781,86.36750793457031
mp-aaachcxa,-16.527999877929688,-3.190662384033203
mp-aaaaacnm,42.87300109863281,43.43875503540039
mp-aaaaakpj,36.15599822998047,29.998117446899414
mp-aaaaaqzm,7.734000205993652,-3.026092529296875
mp-aaacfwgt,103.61000061035156,100.50132751464844
mp-aaabkkix,0.8289999961853027,2.3529586791992188
mp-aaaabjyh,12.303999900817871,11.808025360107422
mp-aaaaaceh,65.06999969482422,59.29470443725586
mp-aaaabawt,15.413000106811523,20.262218475341797
mp-aaacdrmp,-4.994999885559082,14.991552352905273
mp-aaaaaahl,46.073001861572266,35.36589813232422
mp-aaacewne,24.81100082397461,21.37541389465332
mp-aaaaabek,79.49199676513672,67.33214569091797
mp-aaaaavww,15.343000411987305,17.663415908813477
mp-aaaabseo,1.4819999933242798,10.719514846801758
mp-aaacdokw,16.025999069213867,14.834920883178711
mp-aaabxflh,48.9010009765625,48.11318588256836
mp-aaacfkbo,99.62699890136719,127.04158020019531
mp-aaaabtpj,59.70600128173828,78.53913879394531
mp-aaaaacmd,54.042999267578125,64.15780639648438
mp-aaacdoex,38.4630012512207,38.75271224975586
mp-aaaabsxa,26.089000701904297,23.62050437927246
mp-aaaaauaq,34.64699935913086,35.28718185424805
mp-aaacfwhr,86.22599792480469,75.26008605957031
mp-aaacdoah,23.027999877929688,22.19447898864746
mp-aaabqxoj,13.897000312805176,27.351993560791016
mp-aaabgkja,14.647000312805176,19.695228576660156
mp-aaabfazx,27.06399917602539,26.213729858398438
mp-aaacflkq,4.375999927520752,8.070079803466797
mp-aaaabtpf,56.51599884033203,49.422637939453125
mp-aaaaasun,31.099000930786133,25.702194213867188
mp-aaacfhml,29.038000106811523,27.302928924560547
mp-aaaaaecy,32.29800033569336,50.355648040771484
mp-aaaaailu,126.51899719238281,124.68179321289062
mp-aaaaadqh,44.15599822998047,38.62529754638672
mp-aaaaajco,47.5880012512207,42.88172149658203
mp-aaaabikr,14.793000221252441,13.686119079589844
mp-aaabxcdm,47.904998779296875,38.12865447998047
mp-aaaaayll,117.08399963378906,130.3389129638672
mp-aaaaablu,50.92300033569336,50.59070587158203
mp-aaacdpum,23.652999877929688,20.657922744750977
mp-aaaaaing,105.01000213623047,88.41044616699219
mp-aaaaajpa,78.05599975585938,68.61136627197266
mp-aaaaanom,62.805999755859375,46.13758850097656
mp-aaaaadki,56.58700180053711,41.45018768310547
mp-aaabxdsq,42.63100051879883,29.08510971069336
mp-aaaaaugg,16.514999389648438,23.125120162963867
mp-aaaabitg,4.998000144958496,8.651439666748047
mp-aaaaaauc,31.299999237060547,30.72165298461914
mp-aaacdhnh,-10.383000373840332,-2.3877906799316406
mp-aaaabfbm,113.66000366210938,114.66584777832031
mp-aaabcsrk,10.687999725341797,28.18002700805664
mp-aaaabfbr,41.79600143432617,33.489566802978516
mp-aaacdsdy,26.256999969482422,23.949012756347656
mp-aaacdvtp,45.595001220703125,37.24846649169922
mp-aaaaajlo,7.870999813079834,8.587104797363281
mp-aaaaaiuk,44.75600051879883,59.17324447631836
mp-aaabfdnw,2.055000066757202,23.02776527404785
mp-aaaaamji,26.885000228881836,26.75453758239746
mp-aaaaamne,14.163999557495117,1.3062553405761719
mp-aaaabrwx,11.430999755859375,15.687082290649414
mp-aaaaatxr,13.704000473022461,13.023841857910156
mp-aaaaarji,74.5780029296875,58.02622985839844
mp-aaaaajae,40.61199951171875,40.321128845214844
mp-aaaabebx,31.04800033569336,36.19247055053711
mp-aaacjigx,28.12299919128418,14.246294021606445
mp-aaaabhfd,68.97000122070312,59.81731033325195
mp-aaaabeuu,10.034000396728516,28.441287994384766
mp-aaacduad,110.24700164794922,115.34750366210938
mp-aaacgorx,74.51100158691406,72.13755798339844
mp-aaaaadfy,29.701000213623047,33.818477630615234
mp-aaaabiiw,11.050999641418457,10.497821807861328
mp-aaaccspt,-26.76300048828125,-40.293087005615234
mp-aaaaahjt,75.38600158691406,79.49061584472656
mp-aaaaalhv,20.739999771118164,28.426071166992188
mp-aaaaabkq,138.28500366210938,125.95622253417969
mp-aaaabeeb,44.17100143432617,38.1884880065918
mp-aaacesxc,10.800000190734863,18.850297927856445
mp-aaacdkac,35.917999267578125,34.072689056396484
mp-aaacgexq,23.5049991607666,18.284868240356445
mp-aaaabbrs,25.947999954223633,23.222881317138672
mp-aaaacaox,20.857999801635742,27.827571868896484
mp-aaacevyd,42.040000915527344,36.85844421386719
mp-aaaaabqq,199.42799377441406,195.13629150390625
mp-aaabgjzb,142.48800659179688,137.03500366210938
mp-aaabfllk,76.73200225830078,71.5133056640625
mp-aaaaaeeh,18.972999572753906,5.309040069580078
mp-aaabqxzl,45.37300109863281,53.85712814331055
mp-aaaaasyl,36.51100158691406,31.977245330810547
mp-aaacevuj,65.98899841308594,74.96066284179688
mp-aaabxghk,107.99400329589844,103.20890808105469
mp-aaacdhxl,41.57600021362305,71.03557586669922
mp-aaabgigj,11.982999801635742,12.485206604003906
mp-aaaaalzy,121.3550033569336,95.50650024414062
mp-aaaaaxci,2.872999906539917,24.95314598083496
mp-aaaaajuy,12.769000053405762,7.063926696777344
mp-aaabxgig,103.53600311279297,103.1768798828125
mp-aaaaahfd,47.358001708984375,57.694061279296875
mp-aaaaadhy,33.20399856567383,25.12350082397461
mp-aaabeuig,4.515999794006348,8.61368179321289
mp-aaabxftz,31.090999603271484,22.394643783569336
mp-aaabgloy,5.579999923706055,9.46371841430664
mp-aaacgcvw,0.6990000009536743,5.179492950439453
mp-aaaaalfp,14.458999633789062,5.4491424560546875
mp-aaacdpyt,56.65299987792969,54.306060791015625
mp-aaaaardh,7.409999847412109,-1.9716873168945312
mp-aaacebyw,5.363999843597412,9.414043426513672
mp-aaabflvt,34.82699966430664,35.984397888183594
mp-aaaabunx,45.611000061035156,57.86487579345703
mp-aaaabfur,56.915000915527344,36.187469482421875
mp-aaacdqdi,59.624000549316406,44.98634338378906
mp-aaabidsj,7.961999893188477,11.083930969238281
mp-aaabxhew,22.20400047302246,22.28244972229004
mp-aaaaagkz,100.69200134277344,122.83285522460938
mp-aaacgpoj,59.40399932861328,72.47036743164062
mp-aaabpkvk,77.83899688720703,87.64567565917969
mp-aaacewns,17.121999740600586,10.329360961914062
mp-aaaaacgs,47.479000091552734,34.63896179199219
mp-aaacdvsy,-60.02000045776367,16.60916519165039
mp-aaaaacbq,7.730000019073486,14.18039321899414
mp-aaabxffb,155.68899536132812,128.85919189453125
mp-aaabrbbu,26.740999221801758,19.174480438232422
mp-aaabkrop,2.184000015258789,0.8941688537597656
mp-aaabxhhz,37.599998474121094,62.099021911621094
mp-aaaaanue,84.91300201416016,78.10858154296875
mp-aaaabgwq,71.95600128173828,65.86361694335938
mp-aaacevuk,37.38600158691406,24.998374938964844
mp-aaacfybq,16.78700065612793,15.753250122070312
mp-aaaabfrc,34.540000915527344,33.26215744018555
mp-aaabxfym,32.494998931884766,29.153610229492188
mp-aaaabdny,14.765000343322754,13.14156723022461
mp-aaabxcmx,91.65399932861328,71.66727447509766
mp-aaacfseh,9.807999610900879,21.14505958557129
mp-aaaabdyr,33.35900115966797,58.06855392456055
mp-aaaaaosz,104.26399993896484,97.16233825683594
mp-aaaaaqxh,-4.513999938964844,10.064250946044922
mp-aaacgoqz,35.617000579833984,38.013771057128906
mp-aaaaanzv,63.22999954223633,17.158905029296875
mp-aaacdreh,20.55299949645996,14.955894470214844
mp-aaabgmyu,24.736000061035156,27.187816619873047
mp-aaabxgyi,37.415000915527344,41.81047439575195
mp-aaabxbox,102.76499938964844,113.69371032714844
mp-aaaaagvg,7.181000232696533,12.518030166625977
mp-aaabxgeb,59.053001403808594,75.91917419433594
mp-aaacjhja,37.016998291015625,34.31271743774414
mp-aaacfslr,139.58599853515625,145.46705627441406
mp-aaaabkbe,12.73900032043457,13.979127883911133
mp-aaaaadma,29.996000289916992,27.674968719482422
mp-aaabxixs,15.36400032043457,10.586782455444336
mp-aaabxcio,112.35299682617188,120.12759399414062
mp-aaabxizw,107.48400115966797,104.9130859375
mp-aaacdnvq,23.1200008392334,22.067581176757812
mp-aaaaafee,43.31999969482422,54.752845764160156
mp-aaacdksc,27.64699935913086,32.39329147338867
mp-aaabxgqs,7.090000152587891,7.184532165527344
mp-aaaaaxpq,78.5469970703125,90.93458557128906
mp-aaaabydc,13.800000190734863,16.83840560913086
mp-aaabgllv,11.204999923706055,41.034034729003906
mp-aaacehwa,10.145000457763672,16.33010482788086
mp-aaaccsqf,48.869998931884766,16.74721336364746
mp-aaabhdmm,34.185001373291016,58.79018783569336
mp-aaabxdst,51.6510009765625,50.59553527832031
mp-aaacdier,104.6719970703125,116.75837707519531
mp-aaacptmd,0.2879999876022339,2.0212669372558594
mp-aaacewjp,151.93299865722656,165.05836486816406
mp-aaabqwar,23.562999725341797,28.156627655029297
mp-aaaaagdo,52.87900161743164,55.894771575927734
mp-aaabmlak,114.21900177001953,93.08345031738281
mp-aaabfpiz,6.130000114440918,13.658164978027344
mp-aaaaahzz,98.87300109863281,105.88799285888672
mp-aaacdilw,71.72899627685547,68.2593765258789
mp-aaacfxfv,116.11399841308594,103.84970092773438
mp-aaacesvs,6.182000160217285,24.53403663635254
mp-aaaabpvc,10.843000411987305,8.472877502441406
mp-aaaaaeru,94.67500305175781,86.35960388183594
mp-aaaaadyw,73.5,38.63435745239258
mp-aaaabdyk,72.53199768066406,39.137939453125
mp-aaaaalwj,24.58099937438965,18.496923446655273
mp-aaabqwhl,19.27199935913086,32.898658752441406
mp-aaacfvgn,28.69499969482422,34.03771209716797
mp-aaabxgow,17.025999069213867,15.105997085571289
mp-aaaabdws,73.93900299072266,56.43451690673828
mp-aaabcufd,22.93199920654297,5.429759979248047
mp-aaaaandc,2.319000005722046,6.238151550292969
mp-aaaacboy,8.545000076293945,9.899375915527344
mp-aaaaaoby,91.2959976196289,111.50042724609375
mp-aaaabjhy,7.261000156402588,15.068796157836914
mp-aaaabowy,3.9059998989105225,8.656623840332031
mp-aaacfzob,58.095001220703125,93.24151611328125
mp-aaaaapte,58.064998626708984,43.033267974853516
mp-aaacewcy,67.28700256347656,56.264007568359375
mp-aaaabjcd,17.35300064086914,7.611560821533203
mp-aaacfriw,39.81700134277344,45.6736946105957
mp-aaaaaaza,131.9499969482422,98.87934875488281
mp-aaabqzrs,43.119998931884766,23.089670181274414
mp-aaaabtav,150.11700439453125,111.62619018554688
mp-aaaaalwm,66.05400085449219,46.6138801574707
mp-aaacjbeg,38.323001861572266,31.41347885131836
mp-aaaabpig,28.9950008392334,30.342008590698242
mp-aaaabtas,162.40199279785156,161.17039489746094
mp-aaaaadli,61.069000244140625,34.924476623535156
mp-aaacdhts,33.80799865722656,19.77937889099121
mp-aaacfzia,36.5,29.534820556640625
mp-aaaaafsj,29.56599998474121,27.586101531982422
mp-aaacdhut,16.538999557495117,21.58978843688965
mp-aaaaabge,23.22800064086914,25.815895080566406
mp-aaabghqv,25.03700065612793,28.10007095336914
mp-aaabfkso,26.569000244140625,25.783863067626953
mp-aaaaabum,59.8120002746582,42.11213684082031
mp-aaabxhic,37.2130012512207,25.853296279907227
mp-aaaaaxqv,71.65699768066406,62.98125457763672
mp-aaacdiqs,27.031999588012695,30.35183334350586
mp-aaaabfmw,38.22100067138672,32.81785202026367
mp-aaabrock,16.31999969482422,17.361042022705078
mp-aaaaalgj,59.53300094604492,61.806739807128906
mp-aaaaabdu,63.525001525878906,46.685302734375
mp-aaacfzii,182.4040069580078,180.79312133789062
mp-aaacdsqd,107.06800079345703,95.19247436523438
mp-aaaabupk,21.386999130249023,29.292800903320312
mp-aaaaaaqv,25.03499984741211,17.04673194885254
mp-aaabgjgb,80.00599670410156,77.15473175048828
mp-aaaabgjy,39.380001068115234,61.711814880371094
mp-aaacgird,57.25899887084961,47.81105041503906
mp-aaaaaoqj,9.645999908447266,16.023269653320312
mp-aaaaakms,16.18000030517578,14.200479507446289
mp-aaaabsnb,16.885000228881836,7.995826721191406
mp-aaaaanvr,42.9739990234375,43.65318298339844
mp-aaacdhnc,71.21700286865234,64.98837280273438
mp-aaacgcvv,8.605999946594238,10.014766693115234
mp-aaabxgql,-66.29399871826172,-28.594951629638672
mp-aaabgngi,16.270000457763672,17.69663429260254
mp-aaaaaaxe,14.024999618530273,7.498477935791016
mp-aaabmmqa,200.7259979248047,199.19479370117188
mp-aaaaawri,76.91100311279297,68.85978698730469
mp-aaabgqpu,5.7170000076293945,8.474479675292969
mp-aaaaadwo,83.45099639892578,77.9784164428711
mp-aaaaaaud,47.30099868774414,60.372135162353516
mp-aaaabpws,6.23199987411499,1.6199874877929688
mp-aaabjlqm,14.260000228881836,21.318021774291992
mp-aaaabduv,87.66600036621094,94.95578002929688
mp-aaaaaqrd,-8.517999649047852,7.181365966796875
mp-aaacgisj,53.25199890136719,40.95866775512695
mp-aaaaapkc,7.2129998207092285,15.002159118652344
mp-aaachded,-3.0250000953674316,22.63591766357422
mp-aaacfrpc,9.182999610900879,15.898637771606445
mp-aaabxges,45.23400115966797,46.612831115722656
mp-aaaabecl,13.279999732971191,24.749441146850586
mp-aaaaaarq,74.8270034790039,93.83277893066406
mp-aaacfsie,-22.02400016784668,67.7021713256836
mp-aaacdpvo,25.898000717163086,22.125146865844727
mp-aaabqydw,32.24800109863281,35.5965690612793
mp-aaabxfhj,15.85099983215332,17.42720603942871
mp-aaaaaraa,40.2760009765625,49.556400299072266
mp-aaaaapbv,28.444000244140625,34.247623443603516
mp-aaaaamds,69.99199676513672,52.836463928222656
mp-aaacesur,17.226999282836914,24.538969039916992
mp-aaabmdac,77.93800354003906,34.55942153930664
mp-aaaaaibk,14.871000289916992,64.01417541503906
mp-aaacgoyk,-0.8029999732971191,53.77438735961914
mp-aaacdrnp,22.707000732421875,99.7839126586914
mp-aaaaabyt,48.266998291015625,29.852371215820312
mp-aaabxfhc,96.61900329589844,88.76991271972656
mp-aaaabezo,44.25299835205078,55.01441192626953
mp-aaabdavs,6.468999862670898,15.359848022460938
mp-aaabxcgb,27.683000564575195,22.321372985839844
mp-aaacdrnj,28.562999725341797,29.631328582763672
mp-aaaaaxkn,38.81399917602539,29.7360897064209
mp-aaabxixy,12.154999732971191,22.926494598388672
mp-aaabjygh,3.7009999752044678,1.0053749084472656
mp-aaacdhwb,23.38800048828125,30.875499725341797
mp-aaacfyzr,60.34400177001953,57.394439697265625
mp-aaaaahaq,-58.617000579833984,55.66503143310547
mp-aaabjxyw,40.4010009765625,60.88941955566406
mp-aaaaaign,65.08599853515625,60.87679672241211
mp-aaabrami,92.3239974975586,82.13008117675781
mp-aaabxcly,34.909000396728516,29.990219116210938
mp-aaaaahiv,23.42300033569336,23.97418975830078
mp-aaacptpp,48.15299987792969,51.99919891357422
mp-aaaabohy,5.041999816894531,20.271329879760742
mp-aaaabfap,57.0890007019043,55.563232421875
mp-aaafdvbl,205.33299255371094,121.3900146484375
mp-aaabghbu,22.082000732421875,8.279308319091797
mp-aaaaalty,37.43299865722656,49.461761474609375
mp-aaaaaoqw,78.02200317382812,78.91142272949219
mp-aaaaaagb,12.609000205993652,22.614267349243164
mp-aaaaadfv,69.7750015258789,85.31127166748047
mp-aaabqycm,48.284000396728516,28.937997817993164
mp-aaaabsxj,17.218000411987305,24.202985763549805
mp-aaabxfms,19.291000366210938,24.39824676513672
mp-aaaaafcm,67.66000366210938,58.957908630371094
mp-aaabglwu,23.947999954223633,29.82335090637207
mp-aaaabhqq,51.32500076293945,52.45402908325195
mp-aaaaabcl,90.02200317382812,87.02022552490234
mp-aaaaabhd,19.409000396728516,41.6301383972168
mp-aaaaabgt,37.40299987792969,27.360214233398438
mp-aaabgkmw,-20.547000885009766,17.121017456054688
mp-aaaabtyl,74.29499816894531,75.22802734375
mp-aaaaaaxc,-6.965000152587891,14.050424575805664
mp-aaabfddl,88.09700012207031,76.58596801757812
mp-aaaabern,33.176998138427734,35.46597671508789
mp-aaaaasxa,22.218000411987305,15.428478240966797
mp-aaacecip,12.019000053405762,13.683746337890625
mp-aaaaafza,8.081999778747559,23.64280891418457
mp-aaaaatyh,103.09500122070312,102.25346374511719
mp-aaaaaffw,22.959999084472656,26.69933319091797
mp-aaaaaciu,139.84300231933594,131.26705932617188
mp-aaacfyzm,91.1520004272461,116.19371032714844
mp-aaaaamsc,72.15399932861328,80.24348449707031
mp-aaacdmpi,88.19400024414062,59.093894958496094
mp-aaaaaacc,88.88200378417969,147.7014923095703
mp-aaaaatqq,36.88999938964844,29.700660705566406
mp-aaaacayb,12.39799976348877,9.06265640258789
mp-aaaaakmh,61.970001220703125,56.118404388427734
mp-aaabxclm,17.983999252319336,13.444587707519531
mp-aaacjlmm,41.30699920654297,40.05205535888672
mp-aaacgiwf,64.6240005493164,74.38065338134766
mp-aaaaaqss,27.829999923706055,25.940778732299805
mp-aaacdsfp,21.61199951171875,25.225183486938477
mp-aaaaaeiu,98.28299713134766,67.761474609375
mp-aaacesxf,7.770999908447266,16.413965225219727
mp-aaaaamud,29.84000015258789,23.929597854614258
mp-aaaaajps,78.16699981689453,69.16023254394531
mp-aaabxfld,16.75,17.354583740234375
mp-aaacfkpf,42.40399932861328,52.79459762573242
mp-aaacfsan,1.6619999408721924,12.679254531860352
mp-aaabiijz,-50.1609992980957,-48.283992767333984
mp-aaaaaddi,120.83100128173828,57.80906677246094
mp-aaaabtry,54.12300109863281,38.834449768066406
mp-aaadeemt,41.61000061035156,51.570030212402344
mp-aaabxgjg,27.819000244140625,20.78878402709961
mp-aaaaaphe,12.192000389099121,8.442131042480469
mp-aaaabeid,26.891000747680664,26.132558822631836
mp-aaaabtgk,41.73899841308594,33.828033447265625
mp-aaacdqcz,84.83200073242188,72.78893280029297
mp-aaacehwk,11.222999572753906,8.83316421508789
mp-aaacgirp,11.196999549865723,9.676921844482422
mp-aaacebnr,15.795999526977539,19.191007614135742
mp-aaabxcft,89.29100036621094,98.97740936279297
mp-aaaaadkw,37.35900115966797,18.12693214416504
mp-aaabgmjg,156.61099243164062,140.07984924316406
mp-aaaaadzq,45.07699966430664,39.920692443847656
mp-aaaaaouq,77.67400360107422,69.90937042236328
mp-aaaaabun,25.159000396728516,20.402992248535156
mp-aaaabdei,56.43600082397461,52.70800018310547
mp-aaacdogv,1.2599999904632568,10.927574157714844
mp-aaacfodc,7.113999843597412,6.110485076904297
mp-aaaaafsg,76.23699951171875,76.18000793457031
mp-aaaaaapa,47.349998474121094,63.56919860839844
mp-aaaaaojn,99.80899810791016,93.99098205566406
mp-aaaaakca,26.743000030517578,27.630752563476562
mp-aaaaaxdz,46.37699890136719,49.37377166748047
mp-aaacdoyg,21.624000549316406,-49.835201263427734
mp-aaaaahgz,33.902000427246094,34.936622619628906
mp-aaacfkms,67.01799774169922,75.02224731445312
mp-aaagbxij,2.73799991607666,6.5812530517578125
mp-aaaaaidg,43.077999114990234,51.10832977294922
mp-aaacfsoj,21.194000244140625,32.93095397949219
mp-aaaaalqj,21.22599983215332,26.26481819152832
mp-aaaaagtg,21.273000717163086,32.649078369140625
mp-aaaaaqqt,9.418000221252441,13.49118423461914
mp-aaaabpbb,10.508000373840332,24.943517684936523
mp-aaaabthl,37.354000091552734,36.082977294921875
mp-aaacpnse,1.4910000562667847,8.673274993896484
mp-aaaaagvk,84.06999969482422,90.4389419555664
mp-aaabxfvb,27.617000579833984,19.95296287536621
mp-aaaaayao,20.638999938964844,21.339895248413086
mp-aaaabemn,10.895999908447266,-3.967906951904297
mp-aaacgosh,33.5629997253418,22.92123794555664
mp-aaacieaw,6.815999984741211,2.198272705078125
mp-aaabqxgp,59.55699920654297,42.85606384277344
mp-aaacgiph,57.2760009765625,61.33025360107422
mp-aaaaaqll,60.194000244140625,47.754817962646484
mp-aaaabdqh,154.0749969482422,160.0920867919922
mp-aaaabqwq,7.072000026702881,8.020198822021484
mp-aaacfzyf,31.492000579833984,33.455604553222656
mp-aaabwjux,5.908999919891357,8.396629333496094
mp-aaacgiou,71.87999725341797,62.877052307128906
mp-aaacdsre,45.527000427246094,40.839324951171875
mp-aaaaadfo,39.77299880981445,26.40090560913086
mp-aaaaacaf,97.01100158691406,116.54573059082031
mp-aaabxgxu,89.75,102.42787170410156
mp-aaabxhjw,-7.110000133514404,19.971363067626953
mp-aaaaakyd,10.958000183105469,14.192560195922852
mp-aaaaacoh,63.452999114990234,57.475059509277344
mp-aaaaamtp,14.579999923706055,20.652175903320312
mp-aaabxgof,95.49500274658203,62.46369171142578
mp-aaaaarhb,19.58300018310547,29.618244171142578
mp-aaabgnqp,62.13999938964844,58.32539749145508
mp-aaacfrpw,9.982000350952148,7.664924621582031
mp-aaaabdpn,60.68899917602539,52.108978271484375
mp-aaaabidk,11.592000007629395,7.239391326904297
mp-aaaaaylm,31.20199966430664,46.921409606933594
mp-aaaabsmy,22.03499984741211,38.9302864074707
mp-aaacqbnf,28.882999420166016,28.759668350219727
mp-aaabnrip,24.16900062561035,37.17060089111328
mp-aaabxhjd,26.277000427246094,16.795270919799805
mp-aaacdoyh,10.715999603271484,54.717777252197266
mp-aaacipap,50.80400085449219,58.703826904296875
mp-aaabxhas,32.569000244140625,48.30488204956055
mp-aaaaaecg,88.0260009765625,66.25335693359375
mp-aaabgmfj,21.183000564575195,14.846403121948242
mp-aaaaabwi,50.757999420166016,42.56236267089844
mp-aaabqxee,41.77799987792969,40.03156661987305
mp-aaaaaghj,3.953000068664551,10.55897331237793
mp-aaaaaaao,10.031999588012695,8.85788345336914
mp-aaacdvzw,14.644000053405762,16.05128288269043
mp-aaaaaqol,156.3699951171875,164.69882202148438
mp-aaaabfts,11.144000053405762,18.57491111755371
mp-aaacevrg,34.57600021362305,103.37034606933594
mp-aaaaahjh,46.483001708984375,34.332611083984375
mp-aaabgkfw,109.3550033569336,117.31199645996094
mp-aaaaauss,21.42300033569336,24.006118774414062
mp-aaabjygl,1.5720000267028809,46.61791229248047
mp-aaaaafca,66.88099670410156,57.68022155761719
mp-aaaaadlj,30.952999114990234,64.71349334716797
mp-aaabrbnc,35.82699966430664,27.85822868347168
mp-aaaaaagk,3.2290000915527344,5.746376037597656
mp-aaaaaxkb,188.0469970703125,207.92140197753906
mp-aaabfjfw,29.53499984741211,40.354331970214844
mp-aaaaafth,23.69099998474121,35.29262924194336
mp-aaaaauvd,47.58599853515625,30.384929656982422
mp-aaaaamgo,120.61900329589844,81.5641098022461
mp-aaaaafex,48.00400161743164,53.117095947265625
mp-aaabxfxn,73.72599792480469,72.07383728027344
mp-aaaaaooq,30.70400047302246,32.144752502441406
mp-aaaaacjp,75.51699829101562,100.68231201171875
mp-aaaabije,21.020999908447266,22.762773513793945
mp-aaaabtbw,25.236000061035156,0.7797889709472656
mp-aaacgpjj,61.36399841308594,48.45155715942383
mp-aaaaaavx,43.42499923706055,37.043495178222656
mp-aaaabozd,150.7270050048828,131.12451171875
mp-aaacfwfq,54.000999450683594,63.92504119873047
mp-aaaabsah,0.29899999499320984,7.263095855712891
mp-aaaaakqn,67.92900085449219,54.62700653076172
mp-aaabgkwp,46.20199966430664,40.819000244140625
mp-aaacgexl,22.993000030517578,49.187442779541016
mp-aaabxfoo,2.0810000896453857,6.615455627441406
mp-aaaaadly,35.59600067138672,30.699871063232422
mp-aaaabtmj,131.1999969482422,116.76930236816406
mp-aaabxfnk,33.16899871826172,21.463773727416992
mp-aaabxcez,108.28500366210938,84.442138671875
mp-aaacflvf,24.100000381469727,30.342859268188477
mp-aaabxfmz,25.680999755859375,23.620662689208984
mp-aaaabdjy,17.315000534057617,26.270475387573242
mp-aaaabdof,54.86899948120117,49.06639862060547
mp-aaaaacfb,83.86000061035156,98.21604919433594
mp-aaaaayfm,5.813000202178955,11.618623733520508
mp-aaaabokp,25.204999923706055,20.46249771118164
mp-aaaaaaax,91.59200286865234,78.49574279785156
mp-aaacgiom,133.88499450683594,137.3524627685547
mp-aaabxfla,67.03500366210938,66.65998840332031
mp-aaaaablw,73.48500061035156,86.88970184326172
mp-aaaaaank,38.402000427246094,27.48666763305664
mp-aaacbgit,109.5530014038086,75.82614135742188
mp-aaaaairt,61.191001892089844,62.4744873046875
mp-aaaaasvu,61.06999969482422,52.74110794067383
mp-aaaabunj,28.256000518798828,20.87791633605957
mp-aaacginb,50.000999450683594,47.961978912353516
mp-aaabgigw,6.535999774932861,11.690690994262695
mp-aaacfxjr,20.836999893188477,22.225372314453125
mp-aaaaaqvm,14.909000396728516,15.592470169067383
mp-aaaabtee,12.795999526977539,14.713619232177734
mp-aaaaaeys,39.45500183105469,39.77607345581055
mp-aaaaaccv,72.7750015258789,76.2085189819336
mp-aaabjyeh,27.375,13.506509780883789
mp-aaacfxxh,28.597000122070312,35.68225860595703
mp-aaaaalss,12.22700023651123,18.911413192749023
mp-aaabxfwa,16.975000381469727,31.830528259277344
mp-aaaabjbq,21.892000198364258,22.52439308166504
mp-aaaabdxx,18.878000259399414,20.369937896728516
mp-aaaaalbh,22.586000442504883,25.484542846679688
mp-aaaaaktw,39.1349983215332,24.355215072631836
mp-aaacdlig,8.54699993133545,-1.198883056640625
mp-aaaabqtj,34.757999420166016,46.3799934387207
mp-aaacdkgs,2.325000047683716,5.5541839599609375
mp-aaaabdkq,73.81300354003906,67.83331298828125
mp-aaaaaalx,36.124000549316406,31.8238525390625
mp-aaaaaqqq,10.927000045776367,20.86871337890625
mp-aaacdkug,21.038999557495117,21.587806701660156
mp-aaabctnj,2.4579999446868896,1.4056854248046875
mp-aaabxfak,34.393001556396484,7.184051513671875
mp-aaaaasnp,27.895999908447266,40.565555572509766
mp-aaaaaeam,38.04999923706055,42.590065002441406
mp-aaabfkkk,11.845999717712402,26.65850830078125
mp-aaabxgcg,39.448001861572266,32.01897430419922
mp-aaaaapaz,10.99899959564209,14.653766632080078
mp-aaabftsv,6.5370001792907715,1.9566917419433594
mp-aaacdiin,88.1050033569336,111.79885864257812
mp-aaaaaasd,18.611000061035156,15.826223373413086
mp-aaabxgqa,49.84600067138672,35.85926818847656
mp-aaaaapru,48.7140007019043,40.328758239746094
mp-aaaaaoaj,36.38999938964844,47.804595947265625
mp-aaabgksz,-72.2490005493164,2.6173171997070312
mp-aaabxiwv,-0.09099999815225601,5.569187164306641
mp-aaaaashk,16.926000595092773,16.2608699798584
mp-aaabklop,34.90700149536133,45.380653381347656
mp-aaaaabjf,28.66200065612793,19.202085494995117
mp-aaaabhno,28.665000915527344,36.10704040527344
mp-aaacdvtf,32.2130012512207,29.244792938232422
mp-aaaaaluv,36.150001525878906,32.86848068237305
mp-aaacfjws,37.369998931884766,25.041976928710938
mp-aaaaaaeg,9.503999710083008,14.27212142944336
mp-aaaabjln,16.41699981689453,16.67241096496582
mp-aaaaacqs,71.31099700927734,58.50548553466797
mp-aaaaapkf,43.95500183105469,47.609683990478516
mp-aaaaafzr,6.576000213623047,22.042360305786133
mp-aaabxfor,78.63300323486328,79.77232360839844
mp-aaaaanxn,12.107000350952148,23.554201126098633
mp-aaacdivg,27.829999923706055,31.453826904296875
mp-aaabxhgj,109.53199768066406,88.70939636230469
mp-aaacdoro,38.137001037597656,39.92658233642578
mp-aaaaajol,41.32400131225586,39.57246017456055
mp-aaaaaejr,41.75199890136719,48.155738830566406
mp-aaabcsjn,46.810001373291016,57.345733642578125
mp-aaacdryb,28.350000381469727,30.129390716552734
mp-aaacdngo,24.976999282836914,19.410612106323242
mp-aaacdwhn,17.253999710083008,25.223745346069336
mp-aaaaadck,91.40299987792969,106.00350952148438
mp-aaabflgg,121.16799926757812,87.13873291015625
mp-aaabxfsv,55.79100036621094,48.00644302368164
mp-aaacfjwc,1.4229999780654907,-0.7189788818359375
mp-aaaaaknb,101.1989974975586,108.36097717285156
mp-aaacfyvz,0.7179999947547913,-9.261680603027344
mp-aaaaathg,19.976999282836914,16.690582275390625
mp-aaabgiax,77.39199829101562,63.904972076416016
mp-aaaabqjt,55.196998596191406,46.4676513671875
mp-aaaabepu,46.560001373291016,56.3985481262207
mp-aaaaagtv,85.19000244140625,85.21944427490234
mp-aaafzajy,20.945999145507812,28.342151641845703
mp-aaaaahdj,65.2030029296875,61.8329963684082
mp-aaaaagos,77.61100006103516,83.59504699707031
mp-aaaaafmo,106.33699798583984,95.84697723388672
mp-aaacdktb,115.23600006103516,84.66493225097656
mp-aaacewhi,36.74100112915039,33.675567626953125
mp-aaaabfdb,76.16699981689453,68.27291870117188
mp-aaabgkcv,27.621999740600586,3.601825714111328
mp-aaabxfbr,146.29400634765625,99.69515228271484
mp-aaaaaoop,29.66900062561035,33.97059631347656
mp-aaaaanhi,29.702999114990234,16.112873077392578
mp-aaacdpbr,20.509000778198242,11.846994400024414
mp-aaaabrcl,46.597999572753906,56.231300354003906
mp-aaabkpia,60.90700149536133,48.85660934448242
mp-aaaaafyv,61.27299880981445,56.895355224609375
mp-aaaaaamj,28.256000518798828,66.64729309082031
mp-aaacjjan,18.316999435424805,11.344528198242188
mp-aaacfltz,44.58300018310547,51.72664260864258
mp-aaacgijv,131.531005859375,91.47364807128906
mp-aaaaaidd,58.176998138427734,75.26052856445312
mp-aaaaagnb,45.391998291015625,41.57109451293945
mp-aaaabfvg,29.743999481201172,36.04174041748047
mp-aaabqxqc,38.36800003051758,34.1411247253418
mp-aaacdron,29.73699951171875,25.360349655151367
mp-aaacgpmi,38.64099884033203,53.150238037109375
mp-aaaaaapf,84.76599884033203,82.54888916015625
mp-aaaabega,118.177001953125,106.0055923461914
mp-aaabcspb,22.010000228881836,13.57703971862793
mp-aaacgotm,58.96900177001953,59.41643524169922
mp-aaacdoxj,20.85300064086914,15.857610702514648
mp-aaacdurx,13.057999610900879,45.77098083496094
mp-aaabxapk,9.090999603271484,12.163864135742188
mp-aaacebnk,46.944000244140625,51.35107421875
mp-aaaaabuy,114.77899932861328,101.36448669433594
mp-aaaaahzs,45.909000396728516,70.41666412353516
mp-aaaaaxiz,20.827999114990234,14.54466438293457
mp-aaacdhld,-65.60800170898438,-49.47115707397461
mp-aaaaacmr,24.18899917602539,23.67284393310547
mp-aaabglkw,39.27399826049805,45.54096984863281
mp-aaaaatei,108.38300323486328,130.39019775390625
mp-aaabgkam,11.850000381469727,8.951522827148438
mp-aaaaaylo,41.36899948120117,25.497812271118164
mp-aaaaaqdc,-2.132999897003174,55.86548614501953
mp-aaabqvne,31.10300064086914,32.408775329589844
mp-aaaaaozz,68.65499877929688,59.387657165527344
mp-aaacdpcv,56.63600158691406,69.95989990234375
mp-aaaaaqyu,83.12999725341797,81.44059753417969
mp-aaacdxoe,28.229000091552734,23.375852584838867
mp-aaaaauez,10.708000183105469,15.224756240844727
mp-aaabxglq,7.951000213623047,18.95170021057129
mp-aaaaacsv,102.4520034790039,120.82038879394531
mp-aaaaacxe,112.01599884033203,126.24598693847656
mp-aaacehze,15.331000328063965,11.30605697631836
mp-aaabxaql,20.180999755859375,24.969345092773438
mp-aaaaalua,12.543000221252441,10.71934700012207
mp-aaaaafio,59.11000061035156,55.91020584106445
mp-aaabxfyj,38.74800109863281,40.236000061035156
mp-aaabxfix,26.079999923706055,42.57201385498047
mp-aaacdqco,0.07800000160932541,20.783641815185547
mp-aaaaagzw,26.243000030517578,29.664104461669922
mp-aaabjvbp,92.87300109863281,85.10322570800781
mp-aaabfkpc,33.279998779296875,27.467586517333984
mp-aaaaazya,10.711999893188477,29.430381774902344
mp-aaachdns,8.428999900817871,12.895618438720703
mp-aaafhvbj,2.053999900817871,8.829166412353516
mp-aaaaabgx,104.38899993896484,92.69781494140625
mp-aaaaazaq,34.172000885009766,40.419189453125
mp-aaaaanio,6.132999897003174,5.474372863769531
mp-aaacdpbk,8.35099983215332,15.633783340454102
mp-aaaaacrz,56.104000091552734,59.82440948486328
mp-aaacevxw,14.140999794006348,11.957382202148438
mp-aaabjlou,-7.422999858856201,-3.828277587890625
mp-aaabghlm,116.25900268554688,83.1197280883789
mp-aaaabgip,20.988000869750977,29.323156356811523
mp-aaaaaaqr,42.11199951171875,33.27952575683594
mp-aaabjyal,-13.279000282287598,4.804225921630859
mp-aaaabtnk,23.766000747680664,25.84142303466797
mp-aaaabrky,44.2859992980957,40.798614501953125
mp-aaaaacra,148.7830047607422,154.42149353027344
mp-aaaaaqvf,28.090999603271484,30.10120391845703
mp-aaacgamx,134.0399932861328,109.65170288085938
mp-aaacdnqu,8.359999656677246,15.68551254272461
mp-aaaaaigz,47.37099838256836,52.061622619628906
mp-aaabghiz,169.08999633789062,181.42555236816406
mp-aaacdnhb,24.77400016784668,22.919597625732422
mp-aaaaayae,-24.499000549316406,-45.421695709228516
mp-aaabmyvf,-18.183000564575195,-4.878997802734375
mp-aaaaamgv,15.788000106811523,17.52039337158203
mp-aaaaaqrl,23.410999298095703,26.39017677307129
mp-aaabnrol,36.277000427246094,30.900318145751953
mp-aaabctis,15.10200023651123,14.09719467163086
mp-aaabxdql,78.27799987792969,71.45431518554688
mp-aaaababk,30.552000045776367,33.30274963378906
mp-aaaaapwy,5.364999771118164,32.60279846191406
mp-aaaaabsp,31.900999069213867,30.496341705322266
mp-aaacdpwm,20.95800018310547,19.934293746948242
mp-aaaaakgo,46.22600173950195,47.70005798339844
mp-aaaaadln,24.04199981689453,37.714561462402344
mp-aaabghmi,-12.744000434875488,2.908588409423828
mp-aaacdmwt,5.158999919891357,3.6774063110351562
mp-aaaaatjw,105.84600067138672,100.80101013183594
mp-aaaaacna,15.800000190734863,18.31258773803711
mp-aaacdroh,14.781000137329102,13.711530685424805
mp-aaacdorc,33.70399856567383,33.77421569824219
mp-aaacdnby,20.488000869750977,15.063711166381836
mp-aaaaacim,9.133999824523926,20.04733657836914
mp-aaacdnmv,18.364999771118164,13.632574081420898
mp-aaaaaang,115.86100006103516,92.51254272460938
mp-aaabghhb,20.76799964904785,23.37928009033203
mp-aaaaaehi,43.60499954223633,36.23776626586914
mp-aaaaacmt,11.663999557495117,6.326236724853516
mp-aaaaagaj,105.14900207519531,93.48086547851562
mp-aaacdhzz,78.18399810791016,65.29600524902344
mp-aaabxfln,91.45999908447266,80.36638641357422
mp-aaabqymn,49.05500030517578,77.57968139648438
mp-aaaabtxn,50.422000885009766,38.492767333984375
mp-aaabxcgk,26.437999725341797,26.03240203857422
mp-aaabglcl,79.99099731445312,74.63672637939453
mp-aaacdkxx,117.8550033569336,79.58503723144531
mp-aaaaasef,41.18000030517578,31.139022827148438
mp-aaacfyal,77.93499755859375,69.58340454101562
mp-aaaaaqty,134.39500427246094,158.9158172607422
mp-aaaaasos,83.60700225830078,73.14972686767578
mp-aaaaabds,28.3700008392334,39.208839416503906
mp-aaacdvbd,3.808000087738037,14.56501579284668
mp-aaacfiwj,53.67399978637695,79.09585571289062
mp-aaabgini,48.0989990234375,39.456058502197266
mp-aaacgild,58.395999908447266,54.26105499267578
mp-aaaaadag,167.6320037841797,184.57215881347656
mp-aaacfzuk,77.08999633789062,90.63279724121094
mp-aaabxfmg,25.03700065612793,4.853801727294922
mp-aaaabjlk,17.35099983215332,15.35898208618164
mp-aaaaamfz,4.409999847412109,6.972377777099609
mp-aaaaacul,27.868000030517578,17.500059127807617
mp-aaabewkx,60.66400146484375,62.780235290527344
mp-aaaabrwz,18.302000045776367,25.24069595336914
mp-aaaaaoqa,137.39700317382812,113.04281616210938
mp-aaaaabmk,47.617000579833984,63.73204803466797
mp-aaaaabln,1.7339999675750732,13.763481140136719
mp-aaacdxtr,58.69300079345703,50.96950149536133
mp-aaaaatnu,52.30400085449219,51.667724609375
mp-aaabjydm,-1.8240000009536743,22.10448455810547
mp-aaabxhkm,26.72599983215332,21.488479614257812
mp-aaaabrfk,22.20800018310547,25.304912567138672
mp-aaaabdiv,16.322999954223633,16.315534591674805
mp-aaaaacaa,147.58599853515625,113.71321105957031
mp-aaacdjvg,5.989999771118164,5.24981689453125
mp-aaaaafjy,40.71799850463867,41.29528045654297
mp-aaaabeub,18.83300018310547,32.10307312011719
mp-aaaaadug,98.23600006103516,101.93419647216797
mp-aaabgjth,3.140000104904175,1.72088623046875
mp-aaabkacu,6.439000129699707,13.551057815551758
mp-aaaaafgr,13.392000198364258,12.338907241821289
mp-aaacdtvy,87.66500091552734,56.51909637451172
mp-aaabqywm,57.79499816894531,81.60338592529297
mp-aaacfwgq,107.427001953125,82.37992858886719
mp-aaaabtkf,72.8550033569336,62.19321823120117
mp-aaabevym,81.71099853515625,70.6350326538086
mp-aaaaaqye,51.77299880981445,47.572025299072266
mp-aaaaaapu,61.28200149536133,53.10392761230469
mp-aaacgaxn,60.24100112915039,56.699974060058594
mp-aaacgive,-2.0929999351501465,46.76470947265625
mp-aaaabhjq,40.3489990234375,70.28038024902344
mp-aaaaaabs,113.59700012207031,44.62858581542969
mp-aaaaalrt,6.039000034332275,-0.9753952026367188
mp-aaaaakie,32.46099853515625,31.100296020507812
mp-aaaaagrk,31.410999298095703,29.946142196655273
mp-aaabgive,-2.4079999923706055,10.95101547241211
mp-aaabxhjb,33.39500045776367,29.251312255859375
mp-aaabgjpi,5.031000137329102,11.43341064453125
mp-aaabxjvs,8.994000434875488,13.89898681640625
mp-aaacdkak,-10.527000427246094,-12.437129974365234
mp-aaacdvmm,-27.195999145507812,-14.735057830810547
mp-aaaaaaiq,20.652000427246094,23.61124038696289
mp-aaabxhip,28.70800018310547,20.225927352905273
mp-aaaabdsd,-54.20899963378906,-34.06724166870117
mp-aaaabwix,133.28799438476562,147.1821746826172
mp-aaaabfof,9.29699993133545,7.170200347900391
mp-aaaaahxs,56.314998626708984,63.08380126953125
mp-aaabmllq,22.195999145507812,22.842985153198242
mp-aaacdkli,24.39900016784668,25.005521774291992
mp-aaaaamue,-82.90899658203125,-24.297229766845703
mp-aaaaakoq,186.4810028076172,192.86476135253906
mp-aaacdnzp,121.98500061035156,91.84469604492188
mp-aaaaakoi,4.97599983215332,16.894792556762695
mp-aaaabduw,59.96699905395508,48.154022216796875
mp-aaacfybs,28.72100067138672,24.03152084350586
mp-aaaaabdv,43.757999420166016,41.222808837890625
mp-aaaaalwi,28.475000381469727,27.33086395263672
mp-aaaaapst,19.979999542236328,22.668386459350586
mp-aaacfjac,17.54400062561035,13.43911361694336
mp-aaacfann,131.04600524902344,138.2822265625
mp-aaacdrol,20.047000885009766,19.554655075073242
mp-aaaaaham,39.082000732421875,40.87953186035156
mp-aaafexrn,9.85099983215332,38.186058044433594
mp-aaacfaol,59.70399856567383,144.34959411621094
mp-aaabsgan,87.31900024414062,74.90193176269531
mp-aaaaacsc,71.12100219726562,55.78861999511719
mp-aaabxivu,-39.18000030517578,45.17799377441406
mp-aaacfznr,15.505000114440918,20.182580947875977
mp-aaaaabgk,58.9119987487793,44.833717346191406
mp-aaacfxjn,75.58300018310547,73.68814086914062
mp-aaaaarwh,44.7140007019043,34.257972717285156
mp-aaabxckk,22.0,17.269723892211914
mp-aaaaaybq,41.66600036621094,31.5782470703125
mp-aaaaayen,4.176000118255615,25.641841888427734
mp-aaaaaefl,33.72800064086914,48.65943908691406
mp-aaaabqkn,62.12900161743164,51.306175231933594
mp-aaacewqg,54.82899856567383,79.580810546875
mp-aaabxfaq,22.584999084472656,26.59018325805664
mp-aaaaaiig,88.03500366210938,82.93362426757812
mp-aaaaabjl,61.81800079345703,53.385292053222656
mp-aaacdkut,34.792999267578125,37.125144958496094
mp-aaaaboqm,42.90700149536133,39.220619201660156
mp-aaaabbrn,23.933000564575195,0.24879074096679688
mp-aaaaaqqu,28.325000762939453,26.568410873413086
mp-aaaaaoeg,23.923999786376953,18.368812561035156
mp-aaabctjg,1.090999960899353,-0.430084228515625
mp-aaaaasxl,47.91999816894531,51.652061462402344
mp-aaafjttj,4.370999813079834,6.616420745849609
mp-aaacfyyk,53.82400131225586,40.69572448730469
mp-aaaabsxm,35.94200134277344,30.910385131835938
mp-aaacdmfl,1.88100004196167,4.17938232421875
mp-aaaabhzh,4.803999900817871,8.33871841430664
mp-aaaabeih,200.9770050048828,8.33685302734375
mp-aaacdpmg,62.38800048828125,42.320960998535156
mp-aaabgjsh,129.36000061035156,135.28402709960938
mp-aaabfywm,7.1570000648498535,10.730709075927734
mp-aaabxfgf,17.56999969482422,25.117589950561523
mp-aaacdjth,2.438999891281128,5.230876922607422
mp-aaaaaqxc,77.81300354003906,79.86643981933594
mp-aaaaaebu,25.83799934387207,24.255239486694336
mp-aaacflku,53.900001525878906,11.381149291992188
mp-aaaaaede,11.456999778747559,17.684293746948242
mp-aaacdije,134.9340057373047,115.1007080078125
mp-aaabgmwk,110.55899810791016,75.29964447021484
mp-aaaabpvi,5.76800012588501,13.996936798095703
mp-aaaaafqd,50.54999923706055,40.8930778503418
mp-aaabgjaa,5.88100004196167,11.006023406982422
mp-aaabidts,50.09199905395508,46.21773147583008
mp-aaaabame,50.422000885009766,48.849430084228516
mp-aaabmysr,18.781999588012695,14.757745742797852
mp-aaacjlcg,78.54100036621094,78.3349609375
mp-aaaabeyc,58.45000076293945,63.39414978027344
mp-aaaabimq,2.49399995803833,6.913341522216797
mp-aaacflsk,9.230999946594238,20.63335609436035
mp-aaabgmlf,28.861000061035156,25.025558471679688
mp-aaaaafpc,18.983999252319336,14.084848403930664
mp-aaaaaqyv,27.216999053955078,27.567790985107422
mp-aaacebzg,98.16899871826172,74.48249816894531
mp-aaacehup,19.292999267578125,18.243627548217773
mp-aaabfsib,24.485000610351562,35.805938720703125
mp-aaaaacig,59.904998779296875,43.076114654541016
mp-aaaaaemd,13.956999778747559,3.2678565979003906
mp-aaaabjbz,33.0620002746582,22.102916717529297
mp-aaacdtrs,35.154998779296875,52.32537078857422
mp-aaaccspv,4.1579999923706055,25.745418548583984
mp-aaaccsrj,8.295000076293945,5.584892272949219
mp-aaaaaexf,19.34000015258789,23.364002227783203
mp-aaabimdq,-6.410999774932861,0.3630180358886719
mp-aaabetzr,88.80000305175781,97.79920959472656
mp-aaacgfnb,44.10599899291992,42.61479949951172
mp-aaaabjkc,10.503000259399414,11.442962646484375
mp-aaabcuga,51.88600158691406,48.30689239501953
mp-aaaabevo,81.83599853515625,80.76335906982422
mp-aaabxbsg,16.611000061035156,24.118200302124023
mp-aaaaalec,32.33599853515625,33.810447692871094
mp-aaaabucf,35.64400100708008,35.90924835205078
mp-aaaaarcf,78.46900177001953,72.53269958496094
mp-aaacdixg,14.711999893188477,21.437482833862305
mp-aaabqwkc,17.19700050354004,26.84674072265625
mp-aaaabeel,76.4990005493164,80.81880187988281
mp-aaacbjfs,91.86100006103516,67.4337158203125
mp-aaaaalbb,41.15399932861328,36.683685302734375
mp-aaabxfyv,68.87999725341797,75.52149200439453
mp-aaacfiph,13.114999771118164,9.563400268554688
mp-aaabxaqu,9.543000221252441,14.640462875366211
mp-aaaaakgy,50.106998443603516,69.24284362792969
mp-aaabxgjn,38.9640007019043,36.782508850097656
mp-aaabmgpd,19.052000045776367,42.59709167480469
mp-aaaabrsp,5.400000095367432,6.438179016113281
mp-aaabnqse,10.62600040435791,12.085060119628906
mp-aaacgoww,29.100000381469727,34.559146881103516
mp-aaaabstj,40.487998962402344,46.39592742919922
mp-aaaaaphv,68.58899688720703,60.986785888671875
mp-aaaaandr,41.22800064086914,35.34641647338867
mp-aaaaable,18.840999603271484,18.936145782470703
mp-aaabhcno,-24.354000091552734,-31.663990020751953
mp-aaaaatme,54.24800109863281,48.31398010253906
mp-aaaaawjh,67.82499694824219,68.77477264404297
mp-aaabjxyb,-11.430000305175781,2.9801864624023438
mp-aaacflhv,199.16700744628906,205.1421661376953
mp-aaacewgt,-14.758999824523926,24.125858306884766
mp-aaabxhnu,75.06300354003906,64.18058013916016
mp-aaaaadhv,18.458999633789062,4.203693389892578
mp-aaabcufz,40.97200012207031,49.36083984375
mp-aaabghft,15.00100040435791,12.974929809570312
mp-aaaabfto,122.89600372314453,148.06060791015625
mp-aaaaaaae,11.479999542236328,6.302223205566406
mp-aaaaaaqj,127.48400115966797,116.51017761230469
mp-aaaaabfx,52.68199920654297,48.25434875488281
mp-aaabrsok,15.032999992370605,30.03355598449707
mp-aaabnrfz,8.99899959564209,14.40553092956543
mp-aaabxhhi,30.035999298095703,33.23839569091797
mp-aaacevrt,5.75600004196167,8.120513916015625
mp-aaabgmhz,85.95899963378906,72.67501831054688
mp-aaaaabxr,29.738000869750977,30.18910789489746
mp-aaaabjnn,91.54000091552734,78.30072021484375
mp-aaacearn,72.04399871826172,5.673011779785156
mp-aaaabtah,17.132999420166016,19.074726104736328
mp-aaaaaacm,32.57600021362305,14.329214096069336
mp-aaaaamtw,24.44099998474121,25.90537452697754
mp-aaacebze,21.886999130249023,21.000099182128906
mp-aaaaadxw,7.5,26.121055603027344
mp-aaabmmuu,6.330999851226807,8.607566833496094
mp-aaaaapha,44.084999084472656,42.86030960083008
mp-aaaaadea,97.24400329589844,114.79315185546875
mp-aaaaapkv,15.538000106811523,17.736635208129883
mp-aaabgicu,25.97599983215332,31.043838500976562
mp-aaabxgih,95.29100036621094,98.00425720214844
mp-aaaabdim,54.9119987487793,39.391658782958984
mp-aaaaargk,22.246999740600586,23.714704513549805
mp-aaaaagar,97.84600067138672,88.88211059570312
mp-aaaaamqj,1.6759999990463257,10.614200592041016
mp-aaabqwdo,58.428001403808594,48.44917678833008
mp-aaaaboqw,19.86400032043457,20.408418655395508
mp-aaacdkpf,-1.1349999904632568,-10.615791320800781
mp-aaaaatdf,62.05500030517578,56.43971633911133
mp-aaaabfky,86.62999725341797,87.5342788696289
mp-aaacdzay,18.7549991607666,-20.814861297607422
mp-aaaaatqd,81.5530014038086,99.11251831054688
mp-aaabgmgn,51.20399856567383,67.13455963134766
mp-aaaaaava,61.94300079345703,51.86943054199219
mp-aaaabrpx,4.388000011444092,8.520774841308594
mp-aaabqyeo,38.79499816894531,43.49220657348633
mp-aaacrxne,187.63800048828125,185.56100463867188
mp-aaaabpgq,48.74800109863281,96.76690673828125
mp-aaabgmcp,18.30900001525879,17.443309783935547
mp-aaaaarci,25.45599937438965,27.378286361694336
mp-aaaabsga,47.5369987487793,64.14290618896484
mp-aaabnauh,27.04400062561035,19.68321990966797
mp-aaaabdlp,107.78500366210938,111.39016723632812
mp-aaacgity,10.199999809265137,10.083614349365234
mp-aaabxcdt,29.280000686645508,24.267292022705078
mp-aaabqzti,65.83599853515625,63.15974426269531
mp-aaacdihe,32.42399978637695,29.85967254638672
mp-aaaabeil,31.493000030517578,34.540523529052734
mp-aaaabeak,45.362998962402344,44.088661193847656
mp-aaacgixg,68.45800018310547,67.10449981689453
mp-aaacjkrk,195.21200561523438,175.16659545898438
mp-aaacgdcl,26.749000549316406,18.971389770507812
mp-aaacehwx,10.024999618530273,11.0435791015625
mp-aaabeval,14.331000328063965,20.961181640625
mp-aaaaatxc,17.535999298095703,30.018970489501953
mp-aaaaacje,70.64800262451172,106.15518188476562
mp-aaaaaeic,67.69400024414062,68.17973327636719
mp-aaabgkys,44.07600021362305,38.69691467285156
mp-aaaabibl,5.229000091552734,8.590751647949219
mp-aaaaaqsq,27.82699966430664,22.772762298583984
mp-aaaabdwt,28.94499969482422,34.611732482910156
mp-aaaaadij,133.61500549316406,129.70912170410156
mp-aaaaaaeu,13.210000038146973,27.415498733520508
mp-aaacdjjg,64.74700164794922,58.69194412231445
mp-aaaabomi,63.27799987792969,59.43843460083008
mp-aaaaapsg,29.393999099731445,36.0565299987793
mp-aaacgpbv,20.466999053955078,29.15349578857422
mp-aaaabhda,13.696999549865723,12.705907821655273
mp-aaaaaast,114.12300109863281,137.1342315673828
mp-aaaaatye,98.60199737548828,91.70452880859375
mp-aaaaaulj,19.847999572753906,22.450761795043945
mp-aaabglec,81.69300079345703,76.07632446289062
mp-aaaabfcp,116.01799774169922,124.77301025390625
mp-aaaaavcg,138.54800415039062,93.646728515625
mp-aaabheay,26.016000747680664,27.10623550415039
mp-aaacdnbv,23.058000564575195,19.491640090942383
mp-aaabqwwu,13.074000358581543,28.57367706298828
mp-aaacdjlr,23.6560001373291,50.773128509521484
mp-aaabfuce,14.486000061035156,16.43716812133789
mp-aaaaaxiv,19.075000762939453,13.774864196777344
mp-aaaaabeo,23.17799949645996,21.881834030151367
mp-aaacdirk,27.058000564575195,24.242050170898438
mp-aaaaanqv,61.33300018310547,54.424537658691406
mp-aaaaafur,33.81999969482422,37.464637756347656
mp-aaaabfca,85.73600006103516,78.14877319335938
mp-aaaaamau,17.77400016784668,23.960336685180664
mp-aaaabhhn,75.1729965209961,72.86260986328125
mp-aaaabdlo,28.871999740600586,26.34788703918457
mp-aaaaaowb,114.73699951171875,113.7354736328125
mp-aaaabeic,33.481998443603516,29.10669708251953
mp-aaaaaksm,16.158000946044922,30.72581672668457
mp-aaaaaeng,70.3949966430664,61.7198486328125
mp-aaacgoul,83.77200317382812,73.75834655761719
mp-aaaaagjs,42.75400161743164,32.5408821105957
mp-aaaaarxs,114.48400115966797,110.66978454589844
mp-aaabxbse,63.62699890136719,57.05176544189453
mp-aaaaaqrp,115.02300262451172,115.85856628417969
mp-aaaaalbp,46.63999938964844,36.457767486572266
mp-aaaaaerm,28.959999084472656,38.32797622680664
mp-aaacfzac,73.46099853515625,116.63591003417969
mp-aaaabtom,-114.16300201416016,-14.502819061279297
mp-aaaaafzh,100.03800201416016,84.48234558105469
mp-aaaabtfo,22.232999801635742,-2.5293655395507812
mp-aaaaagdw,55.316001892089844,67.43029022216797
mp-aaaaaccu,42.12900161743164,46.15228271484375
mp-aaaaamkz,20.107999801635742,15.619131088256836
mp-aaaabjsn,6.873000144958496,9.394706726074219
mp-aaaabpri,12.791999816894531,7.5085296630859375
mp-aaabxhcx,110.1780014038086,100.9660873413086
mp-aaabxjvu,90.58200073242188,96.08625793457031
mp-aaaaadig,16.527999877929688,18.922290802001953
mp-aaaaalsg,15.859999656677246,9.215660095214844
mp-aaaaagdx,13.798999786376953,28.870208740234375
mp-aaabxivy,6.88700008392334,12.414443969726562
mp-aaagdlwt,4.340000152587891,9.302631378173828
mp-aaabxizz,99.78099822998047,86.7681884765625
mp-aaaaadiy,92.58300018310547,68.89141845703125
mp-aaabgijb,-8.979999542236328,-52.341739654541016
mp-aaaaacry,4.6519999504089355,11.783641815185547
mp-aaabgjpo,25.385000228881836,13.00714111328125
mp-aaaaamuk,195.36399841308594,185.2257843017578
mp-aaabgjdn,97.44200134277344,94.07888793945312
mp-aaaabhjx,70.41000366210938,73.32705688476562
mp-aaaaakly,75.46199798583984,70.42411804199219
mp-aaaaadoo,43.68199920654297,23.794692993164062
mp-aaacfyae,60.729000091552734,82.24195861816406
mp-aaacgioz,72.31700134277344,67.59840393066406
mp-aaaaabno,32.5620002746582,40.570396423339844
mp-aaabfkfm,-3.8329999446868896,3.3437423706054688
mp-aaaaahzb,86.59200286865234,73.01398468017578
mp-aaaabtro,39.31399917602539,47.70957565307617
mp-aaaaahyr,98.4219970703125,72.72230529785156
mp-aaacdozy,60.9900016784668,70.42913818359375
mp-aaabkrtr,45.52299880981445,32.665992736816406
mp-aaacflio,-0.43700000643730164,-1.1775932312011719
mp-aaabgjfz,121.04299926757812,93.83151245117188
mp-aaacdhlh,19.59000015258789,19.954652786254883
mp-aaaaaasr,68.76699829101562,60.815696716308594
mp-aaaaajwm,58.85300064086914,61.045440673828125
mp-aaacgivm,-1.2829999923706055,14.098028182983398
mp-aaaabgio,9.013999938964844,12.039081573486328
mp-aaacdnoq,22.947999954223633,21.70612144470215
mp-aaaabhys,6.798999786376953,14.27695083618164
mp-aaabmgmd,52.49100112915039,52.27751541137695
mp-aaaaasrs,0.8989999890327454,5.901134490966797
mp-aaaaaytb,75.35600280761719,59.04479217529297
mp-aaacrfmj,211.08099365234375,196.2059326171875
mp-aaabjxva,-20.23200035095215,-34.59567642211914
mp-aaacgitf,15.380000114440918,16.042940139770508
mp-aaaabdoc,35.04899978637695,45.494598388671875
mp-aaacdzzk,10.838000297546387,20.695667266845703
mp-aaabrgwe,38.10200119018555,39.40787124633789
mp-aaacfwgu,66.85099792480469,40.36381149291992
mp-aaaabguh,49.25299835205078,50.76888656616211
mp-aaaaabqw,108.0260009765625,76.17050170898438
mp-aaabxgtm,66.57599639892578,59.76634979248047
mp-aaaabihn,10.642000198364258,13.00920295715332
mp-aaabxffl,16.56399917602539,23.519861221313477
mp-aaabxdag,25.645999908447266,13.282569885253906
mp-aaaceszu,32.87099838256836,38.481834411621094
mp-aaacdjhl,77.92900085449219,65.79716491699219
mp-aaabrhuq,20.743999481201172,19.813640594482422
mp-aaacfapf,2.5820000171661377,0.9237785339355469
mp-aaaaaqzd,18.135000228881836,17.940156936645508
mp-aaaabftf,105.87699890136719,70.92863464355469
mp-aaaablnw,59.67900085449219,55.65437316894531
mp-aaacfzbg,33.57899856567383,28.937833786010742
mp-aaaaaihb,19.632999420166016,53.27590560913086
mp-aaaaacaq,32.40700149536133,50.374908447265625
mp-aaacdihp,8.744000434875488,6.259002685546875
mp-aaaaakhs,9.88700008392334,22.147441864013672
mp-aaaaadsv,22.285999298095703,27.159408569335938
mp-aaacdjcx,53.64400100708008,41.0968132019043
mp-aaaaahpa,15.64799976348877,22.535200119018555
mp-aaaabkpc,88.02400207519531,67.94111633300781
mp-aaabxbzd,47.29600143432617,38.805992126464844
mp-aaacdmwe,9.154000282287598,12.25717544555664
mp-aaacflry,21.628000259399414,19.349552154541016
mp-aaaaaenl,0.1720000058412552,41.34476089477539
mp-aaacfiqa,81.62100219726562,60.13866424560547
mp-aaaaaflx,64.14700317382812,62.854270935058594
mp-aaaabijj,9.765000343322754,7.5404052734375
mp-aaackipy,64.7760009765625,34.18541717529297
mp-aaaabszm,8.48799991607666,14.786212921142578
mp-aaaaaajv,6.750999927520752,11.943603515625
mp-aaabgkhl,55.97100067138672,60.542869567871094
mp-aaaaabas,11.236000061035156,20.4603271484375
mp-aaabqyrz,47.93899917602539,38.76976776123047
mp-aaabxgbq,59.33700180053711,73.51404571533203
mp-aaabgkst,5.361000061035156,23.707124710083008
mp-aaabjxxe,-47.643001556396484,3.89007568359375
mp-aaaabjbx,7.326000213623047,4.052040100097656
mp-aaaaayqf,25.724000930786133,26.47516632080078
mp-aaaabfnd,45.755001068115234,55.152565002441406
mp-aaaaafvh,87.58699798583984,79.1156005859375
mp-aaaaaafd,22.10099983215332,29.442399978637695
mp-aaaaacyg,63.07899856567383,53.00450897216797
mp-aaacdxqx,67.51499938964844,100.84001159667969
mp-aaaaagkf,71.84600067138672,73.93741607666016
mp-aaaaatff,57.40599822998047,51.86408996582031
mp-aaacgioh,60.3849983215332,55.05516815185547
mp-aaaabzxi,4.309999942779541,6.771274566650391
mp-aaaabijf,0.07900000363588333,5.425575256347656
mp-aaaaapxl,32.93000030517578,25.32552146911621
mp-aaaabfjh,31.02199935913086,21.417638778686523
mp-aaaaaaxd,50.12799835205078,43.33619689941406
mp-aaabxfyy,187.81500244140625,90.9549560546875
mp-aaabglxt,40.52899932861328,31.794944763183594
mp-aaacdpgg,-1.7059999704360962,9.56658935546875
mp-aaacfzcc,14.416999816894531,14.967239379882812
mp-aaabfhso,10.177000045776367,0.8158378601074219
mp-aaaabqio,34.51499938964844,48.8161506652832
mp-aaabxhml,15.86299991607666,6.477947235107422
mp-aaacizdd,9.470999717712402,14.421424865722656
mp-aaabxfnl,93.04199981689453,72.42642211914062
mp-aaaaaiql,94.37200164794922,91.44107055664062
mp-aaabsdqu,50.630001068115234,49.84642791748047
mp-aaaaaohs,8.012999534606934,3.0272140502929688
mp-aaaabgzw,14.371000289916992,17.97344207763672
mp-aaaabrps,17.900999069213867,22.3433837890625
mp-aaacggxf,14.14900016784668,18.83890151977539
mp-aaacfizs,17.632999420166016,11.642034530639648
mp-aaabxgzj,19.141000747680664,14.514842987060547
mp-aaaaabvn,82.08899688720703,88.01789855957031
mp-aaacfzda,-5.163000106811523,7.5953521728515625
mp-aaaaaowy,17.013999938964844,0.7237892150878906
mp-aaabfnyk,60.573001861572266,56.94718933105469
mp-aaaabewk,55.11000061035156,44.819129943847656
mp-aaaaamjy,41.22800064086914,53.470123291015625
mp-aaabxaqn,30.93199920654297,27.392969131469727
mp-aaaaacwk,22.5049991607666,21.267959594726562
mp-aaabxfbl,20.53700065612793,11.071678161621094
mp-aaabhczy,187.68499755859375,193.173095703125
mp-aaaabtlt,27.95199966430664,20.924470901489258
mp-aaabxfcm,18.058000564575195,15.644357681274414
mp-aaaaacvd,8.991999626159668,20.04436492919922
mp-aaaaahmy,39.479000091552734,37.462913513183594
mp-aaabilah,-5.355000019073486,15.612756729125977
mp-aaaaaqyf,60.05500030517578,57.92182159423828
mp-aaaaafyw,34.14899826049805,23.14862632751465
mp-aaacgiyn,44.064998626708984,68.84414672851562
mp-aaacdrni,-11.305999755859375,31.562971115112305
mp-aaacrhrg,198.35400390625,168.3802490234375
mp-aaabgmhx,13.663999557495117,26.12245750427246
mp-aaabxhgt,29.719999313354492,28.893386840820312
mp-aaaccsqb,-24.858999252319336,-83.29914855957031
mp-aaaabhvx,9.517999649047852,8.8406982421875
mp-aaaaboyp,4.614999771118164,13.217748641967773
mp-aaabgkic,43.72800064086914,60.44145202636719
mp-aaafhlhi,21.384000778198242,15.351175308227539
mp-aaacdjhu,36.62099838256836,40.569950103759766
mp-aaabjmok,-5.611000061035156,5.504634857177734
mp-aaabxgbs,2.700000047683716,6.530025482177734
mp-aaabixhn,177.95599365234375,184.33616638183594
mp-aaacflst,23.95599937438965,28.477134704589844
mp-aaaaafop,81.69200134277344,81.33658599853516
mp-aaacgowo,59.21799850463867,51.717193603515625
mp-aaaaaanb,11.5600004196167,-12.202747344970703
mp-aaaaaebn,24.81999969482422,32.28744888305664
mp-aaaaadey,15.706999778747559,29.12466812133789
mp-aaaaaqpw,28.791000366210938,22.75060272216797
mp-aaaaasyk,46.444000244140625,52.06128692626953
mp-aaacfzck,15.765999794006348,8.14303970336914
mp-aaaaaiwk,17.191999435424805,33.084632873535156
mp-aaaaadjg,23.666000366210938,23.75887680053711
mp-aaacgfpp,24.368999481201172,20.872926712036133
mp-aaacewci,31.58099937438965,81.88555908203125
mp-aaaaatjo,51.435001373291016,46.51165771484375
mp-aaacdkdr,15.51200008392334,2.8955078125
mp-aaaabhna,35.5099983215332,29.795185089111328
mp-aaaccsox,56.48699951171875,57.52552795410156
mp-aaaabhyj,26.718000411987305,28.607072830200195
mp-aaaaafec,13.62600040435791,17.599533081054688
mp-aaabkrjt,103.18699645996094,93.3441162109375
mp-aaaaaffy,15.45199966430664,18.875452041625977
mp-aaacfzuu,150.55499267578125,109.16372680664062
mp-aaacewfb,160.06500244140625,157.8028564453125
mp-aaaacbbp,148.53599548339844,138.69940185546875
mp-aaaabhyp,6.545000076293945,9.443145751953125
mp-aaabgrkp,83.43800354003906,83.49838256835938
mp-aaaaacxx,86.66200256347656,74.5206069946289
mp-aaaaajql,8.425999641418457,3.8671340942382812
mp-aaabgnqc,6.63100004196167,9.977649688720703
mp-aaaaachl,86.84200286865234,52.85359573364258
mp-aaabnrgy,45.41400146484375,59.44790267944336
mp-aaaaafpw,111.8030014038086,90.50485229492188
mp-aaacfroy,10.005000114440918,14.03268814086914
mp-aaabfqqg,14.435999870300293,9.089542388916016
mp-aaaaater,79.50900268554688,77.35507202148438
mp-aaabxcay,113.63600158691406,84.93516540527344
mp-aaaabhvb,-2.197999954223633,6.600200653076172
mp-aaacdure,32.8129997253418,30.41252326965332
mp-aaaaavqq,32.65399932861328,62.49247741699219
mp-aaaabsxf,26.90999984741211,30.13467025756836
mp-aaaabzab,32.15399932861328,24.747800827026367
mp-aaabxgxg,43.40299987792969,74.17387390136719
mp-aaabgibf,169.218994140625,135.12249755859375
mp-aaacggsc,6.36299991607666,-3.7736129760742188
mp-aaabxclw,24.336999893188477,14.95500373840332
mp-aaabghnc,5.642000198364258,3.983928680419922
mp-aaaaaspb,8.795000076293945,-15.166023254394531
mp-aaaaabot,18.871999740600586,22.756546020507812
mp-aaaabtck,10.484000205993652,13.982027053833008
mp-aaacfrkb,13.656000137329102,16.884506225585938
mp-aaabevyd,77.67400360107422,96.67692565917969
mp-aaabewwo,1.7389999628067017,18.986536026000977
mp-aaacdoie,24.131999969482422,16.97226905822754
mp-aaabsdup,63.43000030517578,51.521392822265625
mp-aaaaafzv,30.589000701904297,34.67127990722656
mp-aaaabiih,9.182999610900879,12.237573623657227
mp-aaabsdur,92.44200134277344,81.74531555175781
mp-aaaabhmg,3.1519999504089355,14.357749938964844
mp-aaaaahpt,21.774999618530273,24.238494873046875
mp-aaaaaxpr,110.22899627685547,90.63975524902344
mp-aaaaakfy,27.263999938964844,25.07465934753418
mp-aaabgktw,105.46499633789062,93.11616516113281
mp-aaaaalox,44.69499969482422,48.786705017089844
mp-aaabqxya,57.571998596191406,50.94932174682617
mp-aaaaarwg,24.93199920654297,41.93610763549805
mp-aaaaatlu,71.02300262451172,86.75861358642578
mp-aaacdork,37.54999923706055,29.375919342041016
mp-aaabxbco,-10.60200023651123,3.6405906677246094
mp-aaaaayln,48.45899963378906,51.129459381103516
mp-aaacfwzx,21.50200080871582,19.030330657958984
mp-aaabxhgv,21.558000564575195,23.090961456298828
mp-aaaaaamh,18.80500030517578,22.09347152709961
mp-aaabxayt,1.6770000457763672,9.871631622314453
mp-aaaabdmf,10.522000312805176,20.367286682128906
mp-aaabxfpb,39.137001037597656,46.075294494628906
mp-aaacfiwm,22.423999786376953,56.75904846191406
mp-aaaaaudm,16.2810001373291,30.59947967529297
mp-aaaaayld,39.766998291015625,39.28910827636719
mp-aaaabhtj,21.5310001373291,28.775104522705078
mp-aaachdij,11.541000366210938,10.088035583496094
mp-aaaabenb,57.12099838256836,55.14470672607422
mp-aaabqwfd,74.27999877929688,80.33183288574219
mp-aaacdkyc,19.68899917602539,15.468416213989258
mp-aaacdzad,33.57899856567383,30.979076385498047
mp-aaaaaecl,80.33599853515625,68.1974868774414
mp-aaaaabxf,181.32699584960938,160.8650360107422
mp-aaaabpeo,6.203000068664551,17.041797637939453
mp-aaaaahzf,55.39899826049805,52.38960266113281
mp-aaaabdzh,19.198999404907227,17.989484786987305
mp-aaaddlxh,11.996999740600586,6.267726898193359
mp-aaabqyvh,-18.302000045776367,20.444583892822266
mp-aaacdrmj,116.85900115966797,122.76972961425781
mp-aaaabfny,19.891000747680664,4.8210601806640625
mp-aaaaamtj,141.4759979248047,118.80734252929688
mp-aaaaajan,39.257999420166016,38.912960052490234
mp-aaabfklq,63.24399948120117,68.3150863647461
mp-aaacctev,11.02299976348877,12.346960067749023
mp-aaaaaooa,32.24300003051758,49.088111877441406
mp-aaabxhhr,91.98400115966797,91.50885772705078
mp-aaacgoov,19.371999740600586,40.562164306640625
mp-aaaabtbt,6.460999965667725,16.10029411315918
mp-aaaaaaas,23.902999877929688,21.50532341003418
mp-aaaaafhm,47.17599868774414,45.84906005859375
mp-aaacdmxa,5.689000129699707,5.343578338623047
mp-aaaaagmq,23.577999114990234,40.12528991699219
mp-aaaaarvv,93.69100189208984,96.9684066772461
mp-aaaabgil,77.40399932861328,70.69336700439453
mp-aaabxfpn,27.59600067138672,20.172147750854492
mp-aaaabeua,44.770999908447266,29.538349151611328
mp-aaacdwrv,22.82699966430664,20.645057678222656
mp-aaabxcmk,19.041000366210938,9.86944580078125
mp-aaabxbqw,46.784000396728516,45.123863220214844
mp-aaabfrwt,11.809000015258789,16.820480346679688
mp-aaaabuax,82.23100280761719,77.43002319335938
mp-aaacfiuq,24.305999755859375,30.006738662719727
mp-aaaaadoq,37.7400016784668,43.33789825439453
mp-aaaaapaw,26.17799949645996,36.16162109375
mp-aaabgjve,3.865000009536743,5.529396057128906
mp-aaacdpby,36.54600143432617,46.430755615234375
mp-aaabewqp,22.781999588012695,6.3398590087890625
mp-aaaabrvy,32.854000091552734,35.49498748779297
mp-aaaabdre,22.31399917602539,23.141054153442383
mp-aaabxggm,87.34300231933594,81.72870635986328
mp-aaacfkmy,15.024999618530273,6.066745758056641
mp-aaabxitu,92.83000183105469,79.53414916992188
mp-aaabxdqq,22.80699920654297,22.66961669921875
mp-aaaaapca,65.5260009765625,52.81800842285156
mp-aaaaaieo,76.38500213623047,81.69070434570312
mp-aaackshq,52.849998474121094,44.626258850097656
mp-aaaaabbx,100.94400024414062,99.9321517944336
mp-aaaaaihv,40.54399871826172,55.13317108154297
mp-aaacgiqg,62.38999938964844,65.21549987792969
mp-aaaaaqlf,35.757999420166016,38.48145294189453
mp-aaaaaarz,48.49800109863281,69.47846984863281
mp-aaaabhkm,-33.91400146484375,15.657947540283203
mp-aaaabzjz,30.30699920654297,28.56108283996582
mp-aaaabdti,21.4689998626709,23.02594566345215
mp-aaaabfqf,22.79800033569336,18.89571762084961
mp-aaaaapvz,148.52999877929688,147.5382537841797
mp-aaaaatan,71.8030014038086,139.37257385253906
mp-aaaaaplo,51.875,86.36532592773438
mp-aaabxhev,25.43899917602539,32.76300811767578
mp-aaaaabpb,32.43199920654297,35.11101531982422
mp-aaabkorr,57.72100067138672,26.106531143188477
mp-aaaaarxo,142.77099609375,147.737060546875
mp-aaaaaqqe,24.52899932861328,23.137847900390625
mp-aaacgirt,102.8489990234375,78.39662170410156
mp-aaaabhwq,16.29400062561035,3.4747238159179688
mp-aaaabkmv,74.70099639892578,57.778114318847656
mp-aaabgksi,37.9739990234375,42.775787353515625
mp-aaabjygx,-39.83700180053711,-49.81492233276367
mp-aaaabrui,48.54999923706055,55.59563446044922
mp-aaacgdiy,-0.11999999731779099,5.581169128417969
mp-aaaaapyo,18.356000900268555,12.592672348022461
mp-aaaabiid,25.082000732421875,29.519285202026367
mp-aaabgigk,70.63700103759766,58.9839973449707
mp-aaaachmi,7.197999954223633,14.887451171875
mp-aaacgphh,45.20399856567383,51.48044204711914
mp-aaaabpfr,20.4060001373291,42.861549377441406
mp-aaaaarxp,7.797999858856201,2.0287399291992188
mp-aaacdkap,23.398000717163086,16.062864303588867
mp-aaaaapyv,22.80299949645996,13.047771453857422
mp-aaaaabyh,20.18899917602539,31.48328399658203
mp-aaaabszy,21.951000213623047,14.623981475830078
mp-aaaaaaet,21.437999725341797,15.724695205688477
mp-aaaaarmq,5.63100004196167,2.248981475830078
mp-aaaabecb,31.08099937438965,58.72230529785156
mp-aaabxgua,26.673999786376953,17.458293914794922
mp-aaacdife,103.59400177001953,62.940101623535156
mp-aaaaaipx,36.59600067138672,29.36157989501953
mp-aaaaaymm,30.320999145507812,25.946670532226562
mp-aaaaaowq,62.39500045776367,61.541015625
mp-aaabxfit,-85.51100158691406,16.411991119384766
mp-aaacfzyy,145.41700744628906,134.54522705078125
mp-aaaaapmb,75.50599670410156,84.98760223388672
mp-aaacdift,-20.1200008392334,19.077810287475586
mp-aaacgpih,-27.92300033569336,34.7700309753418
mp-aaabftgg,17.365999221801758,14.421831130981445
mp-aaabfxbp,68.23999786376953,56.29102325439453
mp-aaaaaapj,28.839000701904297,24.00031089782715
mp-aaaabpqs,35.73899841308594,51.481117248535156
mp-aaabxjxm,-88.01000213623047,-65.87350463867188
mp-aaabxhvu,17.604000091552734,19.88020133972168
mp-aaaabfox,117.51100158691406,102.15863037109375
mp-aaaaaqrc,20.319000244140625,47.31710433959961
mp-aaaaamyr,8.277000427246094,1.3600845336914062
mp-aaaaaezq,91.447998046875,71.97079467773438
mp-aaacdkfb,28.7549991607666,36.36021423339844
mp-aaaabjyg,0.9610000252723694,3.9009475708007812
mp-aaaaahcb,61.65700149536133,53.73028564453125
mp-aaabxfqd,95.25700378417969,83.38105010986328
mp-aaaaazhk,50.61199951171875,49.014102935791016
mp-aaaabfpb,177.9199981689453,184.48695373535156
mp-aaaaatjh,74.4469985961914,76.64181518554688
mp-aaaaatck,29.979999542236328,38.22476577758789
mp-aaaaapdh,19.874000549316406,34.56912612915039
mp-aaacdjej,51.79999923706055,43.54594802856445
mp-aaaaaqok,148.68099975585938,147.7849578857422
mp-aaacfznt,18.243000030517578,12.341110229492188
mp-aaabgkcx,19.746999740600586,21.657594680786133
mp-aaacfzon,45.17399978637695,41.15181350708008
mp-aaaabzvn,7.890999794006348,6.111457824707031
mp-aaabxgmc,37.97999954223633,31.435745239257812
mp-aaaaakkm,119.75499725341797,86.76768493652344
mp-aaaaabrj,70.2969970703125,69.20372772216797
mp-aaaabjix,24.155000686645508,22.153610229492188
mp-aaabfmnc,33.70600128173828,31.358020782470703
mp-aaaccsqr,-11.923999786376953,-13.106056213378906
mp-aaacfzaa,22.226999282836914,15.747518539428711
mp-aaabxjss,46.494998931884766,45.74953842163086
mp-aaabrsym,36.03900146484375,51.87274169921875
mp-aaaaaqib,42.518001556396484,30.707454681396484
mp-aaachdbr,13.854999542236328,14.182968139648438
mp-aaacebtr,22.96299934387207,25.45584487915039
mp-aaaabdhj,15.52400016784668,15.596120834350586
mp-aaacevqw,19.371999740600586,46.47429275512695
mp-aaaabfku,31.084999084472656,24.77332305908203
mp-aaabmgnh,90.83300018310547,96.3301010131836
mp-aaabgnby,17.145999908447266,11.356435775756836
mp-aaaaamml,11.411999702453613,13.94619369506836
mp-aaaabhvq,7.041999816894531,3.5148086547851562
mp-aaacfydq,15.430999755859375,29.820804595947266
mp-aaabjrfd,17.006000518798828,9.279460906982422
mp-aaaaagai,73.68199920654297,64.64176940917969
mp-aaaabhlb,47.856998443603516,35.37493896484375
mp-aaaabdwr,122.30599975585938,117.51121520996094
mp-aaacflkr,88.72000122070312,89.43502807617188
mp-aaaaapdg,33.96699905395508,34.86653137207031
mp-aaacdrok,39.34000015258789,32.6923942565918
mp-aaaabfbz,51.349998474121094,39.0593147277832
mp-aaabklou,40.01300048828125,43.64424133300781
mp-aaabqzow,28.38599967956543,32.55802917480469
mp-aaaaadym,64.90299987792969,85.09622192382812
mp-aaaaaako,54.862998962402344,65.1809310913086
mp-aaaaabty,49.5260009765625,29.119731903076172
mp-aaabxizk,92.75399780273438,67.52781677246094
mp-aaaabojb,42.250999450683594,43.84087371826172
mp-aaacflih,17.284000396728516,13.183723449707031
mp-aaacdkly,19.562000274658203,4.158390045166016
mp-aaacfxyz,45.499000549316406,30.371776580810547
mp-aaaaaait,37.73899841308594,38.373329162597656
mp-aaacgoza,62.89500045776367,50.01543426513672
mp-aaaaaime,29.6299991607666,41.52310562133789
mp-aaaaaftn,87.14099884033203,69.0671615600586
mp-aaabjxzy,-26.819000244140625,-16.33917999267578
mp-aaaabbrb,84.31099700927734,89.48712158203125
mp-aaaaabsj,33.875,11.168390274047852
mp-aaaaaadi,23.388999938964844,18.42464828491211
mp-aaacdqth,57.60499954223633,80.84336853027344
mp-aaaaalth,48.84299850463867,38.67762756347656
mp-aaabxheh,21.145999908447266,18.511783599853516
mp-aaaaanhn,40.75600051879883,31.068397521972656
mp-aaaaacql,26.049999237060547,4.151496887207031
mp-aaabxgwp,32.36199951171875,19.323909759521484
mp-aaaaargt,51.194000244140625,42.004791259765625
mp-aaaaafxk,32.9739990234375,43.34876251220703
mp-aaaaagfb,60.4739990234375,69.47296905517578
mp-aaaaapii,12.288999557495117,9.618270874023438
mp-aaaabdxj,100.27400207519531,92.59230041503906
mp-aaaabunu,71.48600006103516,69.41048431396484
mp-aaabgipp,0.7979999780654907,2.1361846923828125
mp-aaaabdwz,43.25899887084961,27.815811157226562
mp-aaaaaykm,90.48799896240234,76.31314086914062
mp-aaacdsey,38.650001525878906,49.03013610839844
mp-aaabxhjn,17.215999603271484,15.223270416259766
mp-aaaaatli,47.50299835205078,28.200992584228516
mp-aaaaakgr,132.22300720214844,141.9952392578125
mp-aaaaaorr,123.74800109863281,127.85179138183594
mp-aaaabbcm,27.547000885009766,22.313718795776367
mp-aaabgkhc,126.51000213623047,143.32022094726562
mp-aaabglfq,26.577999114990234,33.74577713012695
mp-aaabxfge,83.08000183105469,98.769775390625
mp-aaaaalvu,71.70899963378906,49.701438903808594
mp-aaaaanzw,56.058998107910156,50.07944107055664
mp-aaacfybu,40.85300064086914,41.408531188964844
mp-aaabxiyt,123.70500183105469,118.34320068359375
mp-aaabxfvq,68.88400268554688,54.83509063720703
mp-aaaaaixc,97.53399658203125,78.10110473632812
mp-aaaaanss,5.48799991607666,10.458114624023438
mp-aaacgexs,36.80799865722656,25.351505279541016
mp-aaacehuz,17.81399917602539,12.529708862304688
mp-aaabjydw,-15.168999671936035,-17.532527923583984
mp-aaabxhep,183.20399475097656,118.25936889648438
mp-aaabqwsj,12.423999786376953,22.400331497192383
mp-aaacfrhv,64.90499877929688,47.52116775512695
mp-aaacehhx,18.535999298095703,16.25252342224121
mp-aaaaadax,20.28700065612793,25.721210479736328
mp-aaabevnx,7.5879998207092285,9.819869995117188
mp-aaaaaqck,62.994998931884766,52.71421432495117
mp-aaabfsbh,81.94100189208984,81.41966247558594
mp-aaaffoui,22.770999908447266,14.827096939086914
mp-aaabxfsy,23.742000579833984,13.465475082397461
mp-aaaabhyy,6.796000003814697,5.410190582275391
mp-aaacdpfv,36.66299819946289,32.31056213378906
mp-aaaaalfx,73.2249984741211,89.10026550292969
mp-aaacdwro,-7.591000080108643,-10.123088836669922
mp-aaaabgzs,58.409000396728516,72.66629791259766
mp-aaacdobl,11.449000358581543,9.348209381103516
mp-aaaabfiv,21.625999450683594,35.21782302856445
mp-aaabgivz,32.05400085449219,24.773202896118164
mp-aaaabepn,16.086000442504883,21.21893310546875
mp-aaabgjus,14.097000122070312,9.684261322021484
mp-aaacdyrm,92.9530029296875,87.25697326660156
mp-aaabghqa,76.83000183105469,48.967525482177734
mp-aaaaabzj,68.15799713134766,74.64801788330078
mp-aaabxfuv,8.940999984741211,8.782020568847656
mp-aaaaaawa,18.597000122070312,26.96734046936035
mp-aaacdtpj,29.184999465942383,23.164554595947266
mp-aaaabhig,85.05000305175781,91.08827209472656
mp-aaacdroj,18.698999404907227,20.729639053344727
mp-aaacdlir,110.67500305175781,139.03575134277344
mp-aaabqvll,46.26300048828125,48.4659309387207
mp-aaaaalfi,134.60000610351562,160.87762451171875
mp-aaabgmlp,65.19000244140625,46.33373260498047
mp-aaacdrdp,25.947999954223633,5.114013671875
mp-aaabgjbn,99.60099792480469,102.78712463378906
mp-aaaaaxeh,20.29199981689453,37.22889709472656
mp-aaaaarwl,79.78600311279297,97.42784118652344
mp-aaaaccae,9.206000328063965,19.354328155517578
mp-aaaaaknq,9.404999732971191,9.28289794921875
mp-aaabxfhs,4.747000217437744,13.714738845825195
mp-aaacgovc,18.618999481201172,9.646522521972656
mp-aaaaahbm,21.969999313354492,28.292381286621094
mp-aaaabttt,48.37200164794922,31.99286651611328
mp-aaaaapxb,102.35800170898438,96.7005615234375
mp-aaacdnfn,-22.900999069213867,-22.73025131225586
mp-aaaaabny,42.439998626708984,48.041481018066406
mp-aaabrakg,40.86199951171875,40.36996841430664
mp-aaabxhne,48.57099914550781,46.813724517822266
mp-aaaaabra,64.23699951171875,72.3670654296875
mp-aaacfksx,27.179000854492188,5.834407806396484
mp-aaaaanth,53.34400177001953,39.56428909301758
mp-aaaaapdb,47.409000396728516,57.065059661865234
mp-aaaaadmu,33.92599868774414,31.605175018310547
mp-aaacdhkk,72.8499984741211,78.75618743896484
mp-aaacdrej,28.117000579833984,22.349023818969727
mp-aaaabhky,107.34100341796875,69.38134765625
mp-aaaaabjj,20.766000747680664,24.34107780456543
mp-aaaabtqp,73.60299682617188,76.8786849975586
mp-aaacdrdv,-0.10499999672174454,0.6229743957519531
mp-aaaaadvg,198.0279998779297,190.38613891601562
mp-aaaaaokt,27.95599937438965,31.572402954101562
mp-aaacginc,88.21199798583984,108.11045837402344
mp-aaabgnmu,66.55999755859375,78.74897003173828
mp-aaaaamhe,33.555999755859375,31.187021255493164
mp-aaacesuu,32.74399948120117,28.650157928466797
mp-aaaaapzh,41.191001892089844,61.068328857421875
mp-aaaacbiq,34.44599914550781,22.85228157043457
mp-aaaaabii,37.90999984741211,20.175357818603516
mp-aaaaaosy,140.8459930419922,138.79638671875
mp-aaabnhvs,29.292999267578125,34.49165344238281
mp-aaabdbfz,16.98200035095215,20.280738830566406
mp-aaaaakif,10.435999870300293,10.437175750732422
mp-aaaaaqmt,18.576000213623047,23.14533805847168
mp-aaaaaqrs,99.33300018310547,113.01556396484375
mp-aaabxgpl,129.79400634765625,104.35466766357422
mp-aaaabquh,23.847000122070312,35.84203338623047
mp-aaaaahdz,45.76900100708008,51.797821044921875
mp-aaaaaxlw,79.68299865722656,88.47273254394531
mp-aaabgkxr,6.050000190734863,7.498439788818359
mp-aaacdpun,110.35399627685547,103.531005859375
mp-aaabrgep,111.11599731445312,104.85333251953125
mp-aaaaadum,47.564998626708984,34.32373046875
mp-aaacehwe,92.44599914550781,81.99057006835938
mp-aaabxdpm,21.072999954223633,25.411046981811523
mp-aaabgnlo,60.709999084472656,82.63186645507812
mp-aaabqxxl,51.00699996948242,49.42896270751953
mp-aaabghli,99.09700012207031,106.07078552246094
mp-aaaaalsr,22.64299964904785,33.51007080078125
mp-aaaaaclo,58.525001525878906,41.112945556640625
mp-aaaabuet,121.1989974975586,151.54843139648438
mp-aaacdymu,28.611000061035156,24.53969383239746
mp-aaacdtrx,18.54400062561035,14.678228378295898
mp-aaacfycq,84.38899993896484,34.87283706665039
mp-aaabxciq,1.805999994277954,7.534183502197266
mp-aaaccsoq,67.21099853515625,53.40285873413086
mp-aaacfjwd,-108.51699829101562,36.028682708740234
mp-aaabxgwz,77.79199981689453,62.04747772216797
mp-aaaaalfz,36.685001373291016,26.495141983032227
mp-aaaaaquo,56.55799865722656,55.855220794677734
mp-aaacdhil,-12.480999946594238,8.609146118164062
mp-aaabxcno,15.461999893188477,9.823127746582031
mp-aaacfyyx,6.448999881744385,30.17301368713379
mp-aaacdizz,-7.468999862670898,27.295616149902344
mp-aaabghxh,40.15399932861328,44.67905044555664
mp-aaabxfwf,101.80899810791016,73.94500732421875
mp-aaaccspz,55.65299987792969,46.336429595947266
mp-aaaabfqa,66.58699798583984,79.2904052734375
mp-aaaaaytg,44.441001892089844,53.587684631347656
mp-aaaaaoes,28.41699981689453,25.404386520385742
mp-aaaaaody,26.094999313354492,24.484153747558594
mp-aaaabovu,71.76799774169922,65.44633483886719
mp-aaaaanfe,47.31399917602539,53.46059799194336
mp-aaacdhlo,24.035999298095703,26.585723876953125
mp-aaacgina,11.277000427246094,48.44453430175781
mp-aaaabhgz,87.24400329589844,92.8470230102539
mp-aaaabeas,21.916000366210938,18.844388961791992
mp-aaaaafhz,61.909000396728516,79.39436340332031
mp-aaaaaddy,50.8120002746582,55.39295196533203
mp-aaacfwev,43.41699981689453,40.801124572753906
mp-aaaaachf,55.770999908447266,31.72180938720703
mp-aaabrgwm,49.3849983215332,52.783836364746094
mp-aaaaaamv,83.5250015258789,75.92210388183594
mp-aaacebxv,20.343000411987305,17.779836654663086
mp-aaaabtde,29.663999557495117,23.41890525817871
mp-aaacfsil,47.20600128173828,31.525699615478516
mp-aaaaamkr,14.354000091552734,13.203315734863281
mp-aaaaayxg,39.32699966430664,52.72100067138672
mp-aaaabfoq,143.28700256347656,143.66253662109375
mp-aaaaadbf,85.62200164794922,88.43269348144531
mp-aaabqxpe,98.5979995727539,86.65469360351562
mp-aaaaaleo,16.802000045776367,23.21306610107422
mp-aaaaaycr,73.03500366210938,58.91343307495117
mp-aaaabiud,6.000999927520752,7.030300140380859
mp-aaacfzuz,18.165000915527344,17.800140380859375
mp-aaacdvit,54.665000915527344,39.82282638549805
mp-aaaaapfj,20.44499969482422,16.318086624145508
mp-aaaabhae,64.07499694824219,94.79879760742188
mp-aaabxjxi,-6.573999881744385,10.003387451171875
mp-aaabhdhj,20.121999740600586,10.460433959960938
mp-aaabxiup,14.440999984741211,14.597709655761719
mp-aaaabitj,14.109999656677246,16.201932907104492
mp-aaaabswy,25.81999969482422,24.20210075378418
mp-aaaaadjs,24.775999069213867,33.7686767578125
mp-aaaabhvo,29.791000366210938,29.281917572021484
mp-aaabxhhd,146.52099609375,126.35111999511719
mp-aaabkpir,8.420000076293945,9.451583862304688
mp-aaabfpll,3.447000026702881,26.21782875061035
mp-aaabmhaz,89.04399871826172,66.2818832397461
mp-aaadcppj,6.922999858856201,25.485389709472656
mp-aaaaaghv,61.56700134277344,62.22595977783203
mp-aaaacefu,42.71799850463867,44.55789566040039
mp-aaabxizl,117.43699645996094,112.91679382324219
mp-aaaaatmw,122.48400115966797,134.55467224121094
mp-aaabikvu,13.086999893188477,20.23323631286621
mp-aaacfzgh,44.38100051879883,56.779762268066406
mp-aaabraoa,0.9229999780654907,32.64443588256836
mp-aaacdngz,-6.949999809265137,20.299236297607422
mp-aaabxban,31.25,26.75421142578125
mp-aaaaaaef,70.56199645996094,119.33934020996094
mp-aaaabkow,70.7020034790039,47.78242111206055
mp-aaaabrmq,17.547000885009766,25.791879653930664
mp-aaabxatr,10.423999786376953,18.158979415893555
mp-aaabxixw,35.74700164794922,41.937496185302734
mp-aaacfkss,71.77899932861328,103.8885269165039
mp-aaacdhkw,52.65800094604492,53.07954406738281
mp-aaaaayuu,15.968000411987305,9.771427154541016
mp-aaacdsfr,49.452999114990234,52.41572570800781
mp-aaaaahhk,53.319000244140625,47.54730224609375
mp-aaaaawos,29.604000091552734,44.97208023071289
mp-aaaaasqj,111.38899993896484,111.06034851074219
mp-aaacevtz,90.29100036621094,106.1021499633789
mp-aaaaaerc,12.013999938964844,46.75419998168945
mp-aaabimgi,6.4029998779296875,12.383005142211914
mp-aaacgipr,87.93199920654297,58.290306091308594
mp-aaafkfqe,11.579999923706055,11.167673110961914
mp-aaacfxgq,31.131999969482422,34.53179931640625
mp-aaaabrtx,7.057000160217285,8.834693908691406
mp-aaaaajzf,14.336000442504883,45.65595626831055
mp-aaabfasu,17.613000869750977,19.89884376525879
mp-aaaabonk,37.792999267578125,43.350135803222656
mp-aaaaaplt,-24.23699951171875,22.70357894897461
mp-aaaabeza,33.59400177001953,45.35968780517578
mp-aaaaasob,89.98300170898438,71.43734741210938
mp-aaabgnkp,127.875,128.24876403808594
mp-aaaaagsr,31.25,40.271602630615234
mp-aaabeuaj,126.14199829101562,104.76068878173828
mp-aaaabffg,42.4739990234375,41.68235397338867
mp-aaabxbbz,67.9990005493164,47.151248931884766
mp-aaacflrx,24.716999053955078,25.513774871826172
mp-aaaaahtd,108.49700164794922,91.90792846679688
mp-aaabfsnl,13.130000114440918,37.98674011230469
mp-aaaaanab,40.91999816894531,32.42716979980469
mp-aaaaaant,50.999000549316406,40.277713775634766
mp-aaaaatym,21.34000015258789,42.739234924316406
mp-aaacehzg,4.942999839782715,9.59170150756836
mp-aaaabikd,3.0739998817443848,9.3572998046875
mp-aaaabslp,66.09100341796875,81.95783996582031
mp-aaaaaelz,45.73699951171875,34.029212951660156
mp-aaabxgfu,38.59199905395508,18.940269470214844
mp-aaaaabql,18.27899932861328,22.574024200439453
mp-aaaaatcm,20.844999313354492,16.455734252929688
mp-aaaaacqm,58.06999969482422,58.82726287841797
mp-aaaaaykl,92.8759994506836,105.36705017089844
mp-aaaabdnb,35.382999420166016,34.18190383911133
mp-aaabxjaa,3.8389999866485596,22.887426376342773
mp-aaabeuir,7.629000186920166,12.003780364990234
mp-aaaabsyn,25.70599937438965,30.000411987304688
mp-aaacdijp,92.11100006103516,90.950927734375
mp-aaabgism,31.923999786376953,28.364166259765625
mp-aaabghjs,44.05400085449219,40.605743408203125
mp-aaaaaefr,47.367000579833984,42.60225296020508
mp-aaabxgjc,-102.48500061035156,-68.55282592773438
mp-aaaaanxo,44.34299850463867,48.385719299316406
mp-aaaaabda,48.854000091552734,47.21567916870117
mp-aaabxhbm,40.56100082397461,38.48064422607422
mp-aaabxaze,15.442000389099121,33.02066421508789
mp-aaaaahoq,82.29499816894531,83.12420654296875
mp-aaadcwvn,73.55899810791016,71.90524291992188
mp-aaaabsvl,18.03700065612793,24.980623245239258
mp-aaabskga,16.375,52.49362564086914
mp-aaabxgkg,24.270999908447266,20.59071159362793
mp-aaabxhkn,28.384000778198242,21.662702560424805
mp-aaaaalxz,41.801998138427734,45.882198333740234
mp-aaabqwqk,71.10299682617188,72.74872589111328
mp-aaacdjwq,168.4029998779297,111.76580810546875
mp-aaabfyzv,26.15399932861328,13.964057922363281
mp-aaaaaavy,21.327999114990234,22.817991256713867
mp-aaabftcb,19.66900062561035,21.000125885009766
mp-aaabgkeo,47.979000091552734,81.04533386230469
mp-aaaabefn,9.034000396728516,14.010992050170898
mp-aaabxgdy,89.25199890136719,81.11984252929688
mp-aaaabhzy,22.66900062561035,24.806936264038086
mp-aaacdrec,6.038000106811523,3.2501907348632812
mp-aaacesuk,33.46699905395508,28.994365692138672
mp-aaaaadcn,21.141000747680664,22.476396560668945
mp-aaabidxg,35.779998779296875,-10.41629409790039
mp-aaacjkeu,17.698999404907227,33.88142395019531
mp-aaaaaxeq,11.916999816894531,14.07612419128418
mp-aaaaarbd,43.86000061035156,39.04845428466797
mp-aaabxhhy,13.385000228881836,17.138994216918945
mp-aaaaaidt,52.250999450683594,39.10892105102539
mp-aaaabjdv,24.690000534057617,37.33855438232422
mp-aaaabtoy,72.1989974975586,59.195987701416016
mp-aaaaboff,57.034000396728516,47.23049545288086
mp-aaabrdwd,76.26399993896484,78.83509826660156
mp-aaaaahfq,68.94599914550781,53.1722412109375
mp-aaabxfnd,98.35199737548828,82.388916015625
mp-aaaaaosk,56.92399978637695,61.61963653564453
mp-aaaaahcf,61.5359992980957,61.36933517456055
mp-aaabikvy,-16.639999389648438,18.424301147460938
mp-aaaaaprq,40.89099884033203,34.760467529296875
mp-aaaaacny,128.03399658203125,156.56219482421875
mp-aaaabejt,26.31100082397461,28.151248931884766
mp-aaabfrem,71.26599884033203,54.75299072265625
mp-aaacesvf,14.729000091552734,26.43277931213379
mp-aaacduiv,17.739999771118164,24.361698150634766
mp-aaabxfpm,35.4370002746582,28.880393981933594
mp-aaaaakkv,18.56399917602539,23.540382385253906
mp-aaabxfoe,26.291000366210938,17.451601028442383
mp-aaaaasuw,29.072999954223633,29.46793556213379
mp-aaaabgwi,94.18599700927734,61.614322662353516
mp-aaaaacqp,15.494000434875488,8.642620086669922
mp-aaacevxc,56.4630012512207,30.263172149658203
mp-aaaaaaoi,109.3030014038086,106.94783020019531
mp-aaaabfln,82.56500244140625,64.43932342529297
mp-aaafdnwp,11.263999938964844,17.228334426879883
mp-aaaaaupb,15.907999992370605,38.6330451965332
mp-aaaekrzj,68.25700378417969,4.6854095458984375
mp-aaaabjby,36.19499969482422,25.022153854370117
mp-aaabgmlc,71.31600189208984,66.60665893554688
mp-aaacdjdy,28.725000381469727,24.51999282836914
mp-aaaaaxfx,99.16100311279297,105.40022277832031
mp-aaacevtt,130.8280029296875,75.85718536376953
mp-aaaaagvl,78.072998046875,77.9144515991211
mp-aaacdluf,0.35199999809265137,-2.8358230590820312
mp-aaaabhvf,4.5289998054504395,3.386505126953125
mp-aaaaaftv,87.87100219726562,88.99429321289062
mp-aaaaaqcw,40.500999450683594,35.56975173950195
mp-aaaaabkh,11.458999633789062,33.0946044921875
mp-aaaabdkn,45.055999755859375,40.85187911987305
mp-aaacevts,113.05899810791016,97.14308166503906
mp-aaaaalqz,55.77299880981445,48.69736862182617
mp-aaaaayfw,47.9640007019043,42.767757415771484
mp-aaabgmqz,187.2740020751953,193.10806274414062
mp-aaaaaten,27.628000259399414,32.23835754394531
mp-aaacfzyg,28.966999053955078,24.427261352539062
mp-aaabxfsw,90.76699829101562,87.41636657714844
mp-aaacdyzk,78.31400299072266,32.7768440246582
mp-aaabxcrd,50.03300094604492,66.9570083618164
mp-aaaabiam,5.166999816894531,0.9970436096191406
mp-aaaaadbi,37.31700134277344,49.0170783996582
mp-aaaaabco,54.058998107910156,44.19520950317383
mp-aaaaacce,19.45199966430664,14.402841567993164
mp-aaaabska,6.881999969482422,7.86474609375
mp-aaabnqij,30.347999572753906,51.1446418762207
mp-aaaaaeit,71.67900085449219,75.83759307861328
mp-aaacevzq,42.62200164794922,102.70075988769531
mp-aaaabfhl,93.60199737548828,67.08207702636719
mp-aaacdjbe,11.961000442504883,4.530326843261719
mp-aaabgmrf,107.94000244140625,92.92469787597656
mp-aaacdhkb,11.79699993133545,8.764617919921875
mp-aaabgimu,30.31599998474121,37.03681945800781
mp-aaabxjta,53.73400115966797,47.961280822753906
mp-aaaaalhd,10.609000205993652,3.6507911682128906
mp-aaabxclt,22.357999801635742,22.008747100830078
mp-aaacgirx,41.99700164794922,33.1744270324707
mp-aaaaafvm,87.40399932861328,74.81541442871094
mp-aaabxgsf,27.506999969482422,20.349105834960938
mp-aaaaarbx,98.48100280761719,93.34550476074219
mp-aaaabwwj,45.7869987487793,28.694068908691406
mp-aaaaakgp,38.92399978637695,29.831186294555664
mp-aaacdjht,-1.4910000562667847,22.78596305847168
mp-aaaaackx,20.80699920654297,21.17934226989746
mp-aaacgiyq,22.56599998474121,13.214698791503906
mp-aaacfyba,82.5530014038086,74.26638793945312
mp-aaacgimq,-7.6579999923706055,34.703372955322266
mp-aaaaadxv,39.14899826049805,36.075828552246094
mp-aaaaaeyo,9.291999816894531,18.615921020507812
mp-aaaabdfg,37.84199905395508,26.994808197021484
mp-aaaabhso,88.0459976196289,88.64583587646484
mp-aaaaafih,42.279998779296875,45.35696792602539
mp-aaaaagxm,39.676998138427734,31.14324951171875
mp-aaaaaevf,42.367000579833984,58.77846908569336
mp-aaacfiua,45.23099899291992,37.252132415771484
mp-aaaaapth,10.980999946594238,6.554039001464844
mp-aaaaamnj,26.035999298095703,23.9475154876709
mp-aaabxiwo,18.216999053955078,19.115524291992188
mp-aaaaaegg,70.98600006103516,69.78112030029297
mp-aaaaarvq,185.9510040283203,188.03343200683594
mp-aaaaapxp,-26.709999084472656,-9.615657806396484
mp-aaabrjau,23.861000061035156,31.3867130279541
mp-aaaabeqm,27.62700080871582,31.202579498291016
mp-aaabfzcw,5.807000160217285,13.035198211669922
mp-aaacflte,2.2119998931884766,10.199016571044922
mp-aaabgjrq,28.941999435424805,29.168785095214844
mp-aaaaaswd,19.236000061035156,4.101833343505859
mp-aaaaapaa,54.49800109863281,44.93368911743164
mp-aaabqyxe,20.922000885009766,60.54113006591797
mp-aaaabdow,0.4869999885559082,41.700626373291016
mp-aaaabqsy,26.482999801635742,20.89677619934082
mp-aaaaaeau,34.45500183105469,30.919231414794922
mp-aaacdmga,2.7190001010894775,3.5636329650878906
mp-aaaaatxv,92.08300018310547,90.33772277832031
mp-aaacfyaf,138.14300537109375,199.31585693359375
mp-aaaaabyg,43.90399932861328,47.10243225097656
mp-aaacfzcz,17.89900016784668,21.81317901611328
mp-aaaabhwc,11.345000267028809,14.375740051269531
mp-aaaceall,59.97999954223633,63.77313995361328
mp-aaaaadyn,15.680000305175781,14.399288177490234
mp-aaabxfkz,41.21900177001953,36.24192810058594
mp-aaacfxyt,27.863000869750977,45.070648193359375
mp-aaabxdrc,23.107999801635742,27.97820281982422
mp-aaaaabmc,40.981998443603516,19.498565673828125
mp-aaacdnha,21.09000015258789,19.575613021850586
mp-aaabxhio,29.33300018310547,25.614152908325195
mp-aaabqzca,39.04999923706055,46.52871322631836
mp-aaaabdqf,22.729999542236328,29.99814796447754
mp-aaacdjei,34.3489990234375,18.877775192260742
mp-aaacdirg,18.836000442504883,14.678487777709961
mp-aaacehpy,11.569000244140625,18.248306274414062
mp-aaaaadis,104.3239974975586,105.87606811523438
mp-aaacgiie,25.79199981689453,42.50180435180664
mp-aaaaaind,33.22600173950195,37.905155181884766
mp-aaabxgri,28.60300064086914,24.10280990600586
mp-aaaabpzd,0.9670000076293945,2.6399917602539062
mp-aaabfqny,2.382999897003174,2.641277313232422
mp-aaaaarrz,32.391998291015625,41.00234603881836
mp-aaaaaspg,8.279000282287598,11.765193939208984
mp-aaabrahj,16.356000900268555,14.046451568603516
mp-aaabxhgp,102.57599639892578,82.34584045410156
mp-aaacdvwk,28.30900001525879,19.418428421020508
mp-aaaaacit,44.097999572753906,22.617523193359375
mp-aaaaahdt,26.42300033569336,30.895679473876953
mp-aaacrkbx,7.081999778747559,0.44109344482421875
mp-aaaaagax,84.20500183105469,68.52821350097656
mp-aaaabjvi,10.781000137329102,9.709877014160156
mp-aaaaaagw,37.80099868774414,26.48841094970703
mp-aaaaacxs,39.06999969482422,36.84218215942383
mp-aaaabemj,8.571000099182129,17.64837074279785
mp-aaaaanun,30.354000091552734,11.215007781982422
mp-aaaaaqfj,13.331000328063965,13.856559753417969
mp-aaaaaojs,64.06600189208984,70.2836685180664
mp-aaacgazb,86.57599639892578,86.31330108642578
mp-aaabxdrl,26.906999588012695,21.856689453125
mp-aaaaabmh,65.4000015258789,51.14693069458008
mp-aaaaacon,26.400999069213867,24.95440673828125
mp-aaaaacvu,74.96900177001953,48.34528350830078
mp-aaabglxa,11.708000183105469,10.56749153137207
mp-aaaaahcj,48.27199935913086,67.19226837158203
mp-aaaaagzt,38.89099884033203,32.96083068847656
mp-aaaaaajs,40.518001556396484,38.097923278808594
mp-aaaabhpj,27.110000610351562,18.34986686706543
mp-aaaaaxfr,47.400001525878906,29.65363883972168
mp-aaaaayeb,49.22600173950195,43.314178466796875
mp-aaacfirj,55.58399963378906,37.5745849609375
mp-aaaabstg,34.79899978637695,59.20563888549805
mp-aaaaabbe,11.782999992370605,17.040191650390625
mp-aaaabljq,73.06999969482422,58.115089416503906
mp-aaaaaprc,43.76499938964844,37.55555725097656
mp-aaabfkeq,0.41100001335144043,12.375282287597656
mp-aaaabkte,10.79800033569336,15.112302780151367
mp-aaacdqde,52.85200119018555,46.21523666381836
mp-aaacfjyp,41.55400085449219,51.597190856933594
mp-aaaabsqp,40.3129997253418,29.294544219970703
mp-aaacdirl,15.512999534606934,13.255552291870117
mp-aaaaaxjh,27.451000213623047,31.320255279541016
mp-aaaabebe,13.618000030517578,18.734609603881836
mp-aaaabfru,15.121000289916992,15.533567428588867
mp-aaaaaaey,40.308998107910156,44.37392807006836
mp-aaaaaqsb,34.84000015258789,39.73299026489258
mp-aaaaatlg,130.11500549316406,133.40478515625
mp-aaaaaywa,64.71700286865234,57.988792419433594
mp-aaaabpap,37.678001403808594,37.53684616088867
mp-aaaaantn,19.8700008392334,24.749454498291016
mp-aaacfybo,21.23900032043457,22.7491455078125
mp-aaaabebv,89.9520034790039,97.37527465820312
mp-aaacdokv,18.85300064086914,17.575342178344727
mp-aaaaagnm,31.29800033569336,38.276676177978516
mp-aaaaaagj,61.321998596191406,60.7695426940918
mp-aaaabokt,79.24500274658203,80.79943084716797
mp-aaaaaewk,50.611000061035156,45.12940979003906
mp-aaaaaghm,53.314998626708984,51.12186813354492
mp-aaaaamrd,41.57699966430664,47.18443298339844
mp-aaaaahhz,82.76399993896484,78.928955078125
mp-aaaabudn,85.50199890136719,103.33596801757812
mp-aaacfkyh,26.893999099731445,23.02759552001953
mp-aaacfydx,80.19300079345703,58.94792938232422
mp-aaaaagtc,42.72800064086914,33.12145233154297
mp-aaaaakhp,90.1050033569336,88.7269287109375
mp-aaaaafnn,49.12900161743164,63.169822692871094
mp-aaaaaeaq,67.61100006103516,69.03729248046875
mp-aaaaacju,63.24100112915039,50.1505126953125
mp-aaaaadnb,38.058998107910156,32.7165412902832
mp-aaaabgqr,36.40800094604492,35.37004089355469
mp-aaaaaajt,71.05599975585938,59.18663024902344
mp-aaabgmoc,9.206000328063965,13.734903335571289
mp-aaabgkju,40.51900100708008,41.95001220703125
mp-aaaaalsn,73.61499786376953,68.69094848632812
mp-aaabxcli,79.84600067138672,67.46073913574219
mp-aaaaalby,27.768999099731445,28.339038848876953
mp-aaaaagnz,99.90799713134766,55.91429901123047
mp-aaacgiov,6.303999900817871,5.242134094238281
mp-aaaaaiuu,75.14099884033203,69.80686950683594
mp-aaacevxs,34.10100173950195,31.806968688964844
mp-aaaceqcx,0.906000018119812,-1.3898353576660156
mp-aaabghfl,44.64500045776367,42.30177307128906
mp-aaaabhga,12.571000099182129,7.240959167480469
mp-aaaaahlb,116.99600219726562,106.28450012207031
mp-aaaaaifc,118.90799713134766,74.96354675292969
mp-aaaaccdk,28.881000518798828,31.6148681640625
mp-aaaaabft,96.302001953125,106.26870727539062
mp-aaabqypc,78.0469970703125,44.28502655029297
mp-aaacdoel,38.99300003051758,48.26887130737305
mp-aaaaaipv,45.23899841308594,45.196651458740234
mp-aaacfkcj,18.989999771118164,25.234575271606445
mp-aaaaanuq,20.26799964904785,26.029037475585938
mp-aaachdff,19.961000442504883,16.458784103393555
mp-aaabjudp,5.383999824523926,18.973268508911133
mp-aaaaagsh,12.39900016784668,18.164005279541016
mp-aaaabtjq,24.825000762939453,29.193801879882812
mp-aaabcsnz,78.6709976196289,69.57968139648438
mp-aaabxfta,16.14299964904785,12.311925888061523
mp-aaacfwgr,39.584999084472656,36.61225128173828
mp-aaaabpmq,11.562999725341797,1.6321334838867188
mp-aaacfloh,24.783000946044922,24.814538955688477
mp-aaaaaeil,79.67900085449219,62.983131408691406
mp-aaaabdqo,18.788999557495117,30.862071990966797
mp-aaabeusv,30.590999603271484,23.988754272460938
mp-aaacfsgm,7.340000152587891,6.908866882324219
mp-aaabgmnw,56.35499954223633,48.980491638183594
mp-aaacjlcf,118.05400085449219,122.35462951660156
mp-aaabghcn,65.95700073242188,61.28984069824219
mp-aaaabiqg,4.775000095367432,9.787506103515625
mp-aaacfxyu,88.05400085449219,64.3873291015625
mp-aaaaapkn,2.992000102996826,15.545186996459961
mp-aaacfyeg,119.61299896240234,107.25730895996094
mp-aaaaaepk,40.749000549316406,36.91142654418945
mp-aaaaaxch,81.5510025024414,63.32771301269531
mp-aaaaaqcd,-9.991999626159668,8.192756652832031
mp-aaaaaprs,34.4739990234375,35.562469482421875
mp-aaaaaupe,97.16500091552734,95.04106903076172
mp-aaaaakuw,101.10700225830078,140.6812286376953
mp-aaabrucz,28.638999938964844,27.14982032775879
mp-aaaaaqsu,11.954999923706055,9.899227142333984
mp-aaabpclq,3.138000011444092,15.613012313842773
mp-aaaabbbk,19.604000091552734,31.942806243896484
mp-aaaaaaxp,25.08099937438965,23.960424423217773
mp-aaabghyv,1.812000036239624,8.944400787353516
mp-aaaaagil,55.49800109863281,56.262447357177734
mp-aaabkphe,5.552999973297119,11.032611846923828
mp-aaaceauu,24.562000274658203,25.587461471557617
mp-aaacdtdm,20.82900047302246,21.102886199951172
mp-aaaabttq,0.7129999995231628,3.42236328125
mp-aaabglqb,0.3440000116825104,6.339454650878906
mp-aaaabeij,26.933000564575195,25.462942123413086
mp-aaacgiqj,54.38999938964844,45.86890411376953
mp-aaaabopy,16.16699981689453,25.88517951965332
mp-aaabxdqi,19.59600067138672,23.766096115112305
mp-aaaabjjv,64.86699676513672,74.62690734863281
mp-aaaaaapc,32.637001037597656,27.507848739624023
mp-aaaabrwm,13.685999870300293,-15.653453826904297
mp-aaaaaidr,73.12100219726562,57.70789337158203
mp-aaacgifl,55.5,43.12015151977539
mp-aaaccsre,-7.599999904632568,-13.083892822265625
mp-aaaaabng,153.82000732421875,128.54873657226562
mp-aaaabdie,20.676000595092773,22.329748153686523
mp-aaabxftk,14.61299991607666,16.22559928894043
mp-aaaabdhf,48.89899826049805,63.299598693847656
mp-aaaaatib,33.356998443603516,36.29911804199219
mp-aaabjxyh,5.998000144958496,9.445022583007812
mp-aaabjxvc,-9.48799991607666,38.55669403076172
mp-aaaabwmu,2.4709999561309814,2.4971923828125
mp-aaacfwlj,115.03399658203125,103.64591979980469
mp-aaabrtxi,-16.509000778198242,15.722637176513672
mp-aaaabdeo,23.957000732421875,27.938804626464844
mp-aaaabtnj,22.948999404907227,23.862686157226562
mp-aaacdivt,15.194000244140625,13.495922088623047
mp-aaackxmx,31.475000381469727,33.5288200378418
mp-aaacewhh,197.23699951171875,179.1982421875
mp-aaaaatfj,-46.266998291015625,44.70384216308594
mp-aaabqzjc,53.78900146484375,46.346229553222656
mp-aaabfbiq,8.515000343322754,26.60052490234375
mp-aaaaakxq,21.409000396728516,15.490592956542969
mp-aaacdlmy,46.25699996948242,53.744606018066406
mp-aaaaatkn,29.635000228881836,50.24943923950195
mp-aaacflos,0.9020000100135803,4.349735260009766
mp-aaacehwn,8.093999862670898,12.288978576660156
mp-aaacfkus,47.74700164794922,80.36433410644531
mp-aaacevdw,102.3290023803711,102.99923706054688
mp-aaabxgcz,44.22999954223633,46.9610595703125
mp-aaabxiyl,31.90999984741211,30.7786865234375
mp-aaaaafdi,103.75499725341797,82.16535949707031
mp-aaabgmye,7.88700008392334,17.733125686645508
mp-aaaabgzh,66.99500274658203,74.7059326171875
mp-aaaaaezy,92.48300170898438,89.52680969238281
mp-aaaaados,21.07200050354004,26.366836547851562
mp-aaaaaqbi,32.354000091552734,28.405426025390625
mp-aaaaaqfo,61.45100021362305,57.78049087524414
mp-aaacfjrs,62.30099868774414,48.46333694458008
mp-aaafvqnr,44.81100082397461,41.31540298461914
mp-aaaaabnx,71.47599792480469,75.25735473632812
mp-aaaaaeyi,69.83899688720703,36.31669616699219
mp-aaaaatee,63.900001525878906,52.30379867553711
mp-aaacgiox,46.39899826049805,35.60801696777344
mp-aaaaapll,21.124000549316406,23.933805465698242
mp-aaacfrhu,13.814000129699707,27.779521942138672
mp-aaaabick,8.442999839782715,15.561758041381836
mp-aaacfzib,28.20599937438965,20.693700790405273
mp-aaabxbpb,91.43599700927734,91.1756820678711
mp-aaacfkff,3.2679998874664307,-5.174495697021484
mp-aaabgjfq,11.850000381469727,14.053091049194336
mp-aaaaakhv,26.895999908447266,27.321535110473633
mp-aaaaarax,56.00600051879883,66.5602035522461
mp-aaaabgph,29.2810001373291,42.76092529296875
mp-aaaaacdx,28.424999237060547,31.993263244628906
mp-aaaabefb,51.74399948120117,41.08237838745117
mp-aaabxghg,23.479000091552734,20.695581436157227
mp-aaaabose,61.65700149536133,67.20149230957031
mp-aaafnrhd,79.64099884033203,76.20829010009766
mp-aaabxcnm,67.79000091552734,20.262046813964844
mp-aaacgiti,34.88199996948242,35.453914642333984
mp-aaacdnxk,15.32800006866455,20.84975814819336
mp-aaabgjlh,18.694000244140625,24.18627166748047
mp-aaaaakos,61.472999572753906,86.91343688964844
mp-aaabxfmv,24.54199981689453,25.433881759643555
mp-aaaceyum,32.26100158691406,29.375049591064453
mp-aaabfbxw,28.016000747680664,28.52062225341797
mp-aaacevup,38.71099853515625,18.29880714416504
mp-aaaaabbk,31.83300018310547,30.465686798095703
mp-aaabxjsx,24.891000747680664,19.608911514282227
mp-aaacdppi,7.238999843597412,6.5560760498046875
mp-aaaaarxh,104.16300201416016,88.45962524414062
mp-aaaabfnm,100.66400146484375,99.02281188964844
mp-aaacezyd,26.474000930786133,21.90836524963379
mp-aaaaaglz,-10.347000122070312,23.34640121459961
mp-aaaabppk,6.039000034332275,2.8868751525878906
mp-aaaaaitn,8.289999961853027,26.786579132080078
mp-aaabxgwq,45.89500045776367,30.215923309326172
mp-aaabewyb,116.7229995727539,80.05828094482422
mp-aaaabdry,43.448001861572266,49.334068298339844
mp-aaabxfyw,78.13800048828125,84.50894165039062
mp-aaaaandf,21.55900001525879,20.3383731842041
mp-aaaabtqk,30.086999893188477,42.43331527709961
mp-aaacdhlw,-17.927000045776367,-22.21120834350586
mp-aaaabowz,7.054999828338623,8.24698257446289
mp-aaabxgwu,37.58700180053711,35.124298095703125
mp-aaaabqhz,14.595999717712402,14.68313217163086
mp-aaaaaebj,28.985000610351562,25.71868896484375
mp-aaaaahsw,43.01599884033203,41.98964309692383
mp-aaabjyda,93.9260025024414,68.37654876708984
mp-aaaaarsy,39.79499816894531,22.31616973876953
mp-aaaaalfl,115.8499984741211,118.20159912109375
mp-aaaabfaj,147.54299926757812,46.624183654785156
mp-aaaabomp,5.136000156402588,11.444952011108398
mp-aaaaaylq,60.32699966430664,68.58280181884766
mp-aaacfjoc,93.23799896240234,89.50630187988281
mp-aaaaacrk,180.17799377441406,99.82691955566406
mp-aaaacajc,27.52400016784668,22.068927764892578
mp-aaaaaess,83.2959976196289,110.31105041503906
mp-aaabxhbu,11.786999702453613,12.429283142089844
mp-aaaaabey,104.8550033569336,89.6072998046875
mp-aaaaadyj,30.983999252319336,37.50056076049805
mp-aaaabjay,12.017000198364258,5.698341369628906
mp-aaaaaqai,26.527999877929688,26.709712982177734
mp-aaaaayba,51.74800109863281,46.02521514892578
mp-aaabxjuo,70.88200378417969,79.27328491210938
mp-aaaaaaqo,88.24600219726562,107.08650207519531
mp-aaabgrdx,28.83799934387207,24.547164916992188
mp-aaabjxzx,-125.36000061035156,-107.48199462890625
mp-aaaaapqi,34.11000061035156,38.78166580200195
mp-aaaaagyl,14.142999649047852,20.31804847717285
mp-aaacfxhq,101.82599639892578,98.33296203613281
mp-aaacgimi,56.86399841308594,45.165672302246094
mp-aaaaaqzf,26.45599937438965,24.114341735839844
mp-aaabxgtt,30.034000396728516,34.293460845947266
mp-aaacdwrp,19.655000686645508,24.198348999023438
mp-aaacdkdk,0.6399999856948853,11.198793411254883
mp-aaacdvom,17.20400047302246,21.866117477416992
mp-aaacdohs,26.013999938964844,26.006441116333008
mp-aaaaabjr,51.58599853515625,53.45460891723633
mp-aaabxfan,1.9049999713897705,8.122432708740234
mp-aaabxftp,17.695999145507812,14.402946472167969
mp-aaaaadjh,-89.3270034790039,-97.80963134765625
mp-aaagbryv,4.464000225067139,8.702289581298828
mp-aaaabrmx,4.8979997634887695,2.976459503173828
mp-aaaaaamk,10.223999977111816,2.994647979736328
mp-aaaacasy,34.694000244140625,35.772884368896484
mp-aaabxgww,9.484000205993652,11.265081405639648
mp-aaaabaev,38.94200134277344,44.21393966674805
mp-aaacdqcu,14.390000343322754,28.416120529174805
mp-aaacevya,43.516998291015625,39.603336334228516
mp-aaadbvah,62.48400115966797,77.19667053222656
mp-aaaaaadv,31.020000457763672,19.55888557434082
mp-aaaaapkx,17.635000228881836,8.917972564697266
mp-aaagkumu,198.2030029296875,158.76881408691406
mp-aaacehuw,42.09700012207031,36.89216613769531
mp-aaaabdfp,8.890999794006348,11.620122909545898
mp-aaacfwis,76.93199920654297,85.76741027832031
mp-aaaaaboe,122.42400360107422,131.0865478515625
mp-aaacdpjf,44.645999908447266,42.832881927490234
mp-aaaaaayh,172.36300659179688,168.47662353515625
mp-aaabxezt,13.128000259399414,5.6818695068359375
mp-aaaaaupp,16.618000030517578,24.66813850402832
mp-aaaaaprp,33.558998107910156,27.632789611816406
mp-aaacdlra,2.8559999465942383,5.364589691162109
mp-aaaaatmz,12.210000038146973,16.338626861572266
mp-aaaaafwl,12.321000099182129,15.410463333129883
mp-aaabxglu,112.12200164794922,114.98127746582031
mp-aaaaacev,18.638999938964844,32.237083435058594
mp-aaabxjvp,27.292999267578125,17.587310791015625
mp-aaafnets,87.78600311279297,67.32251739501953
mp-aaaaatfq,115.93599700927734,107.1424560546875
mp-aaabfxyf,13.442000389099121,22.272119522094727
mp-aaaaaknx,43.51300048828125,53.473533630371094
mp-aaaaaqux,30.6200008392334,29.798023223876953
mp-aaabxdrt,34.11899948120117,28.757244110107422
mp-aaaaafid,74.99700164794922,74.81144714355469
mp-aaaabhjy,22.18400001525879,3.9455032348632812
mp-aaacfjah,105.88400268554688,98.7696762084961
mp-aaaaanfu,149.36300659179688,169.69667053222656
mp-aaaaajuc,102.30999755859375,92.6099624633789
mp-aaaaamef,85.06999969482422,87.18438720703125
mp-aaabxgqr,22.82699966430664,13.863761901855469
mp-aaaabjqq,47.22600173950195,35.61797332763672
mp-aaabxfad,34.8489990234375,25.53921127319336
mp-aaackvor,195.9739990234375,141.65151977539062
mp-aaaaaivw,94.31700134277344,95.79399871826172
mp-aaaaaura,53.91299819946289,62.56110382080078
mp-aaaaaczx,120.41600036621094,101.58258056640625
mp-aaacewnt,21.89900016784668,45.66592788696289
mp-aaaaapeg,42.3390007019043,42.549808502197266
mp-aaabmyzg,52.09400177001953,45.642215728759766
mp-aaaabtqo,90.67900085449219,95.59425354003906
mp-aaabxfzb,79.03800201416016,70.87066650390625
mp-aaaabeeq,15.574999809265137,46.171390533447266
mp-aaaabwvy,5.083000183105469,5.171577453613281
mp-aaabxgtl,176.79600524902344,92.84415435791016
mp-aaabsfhf,50.2239990234375,49.05094909667969
mp-aaachdoh,9.347999572753906,20.645965576171875
mp-aaacdscl,27.121999740600586,18.15214729309082
mp-aaachdho,6.9629998207092285,6.898960113525391
mp-aaaaacgk,73.35900115966797,56.298828125
mp-aaaaactw,82.48300170898438,94.07875061035156
mp-aaaaanry,4.369999885559082,10.535270690917969
mp-aaacewcj,0.718999981880188,45.22172546386719
mp-aaabxgfx,20.648000717163086,29.530128479003906
mp-aaabxhee,-20.062999725341797,14.144643783569336
mp-aaaaaihq,24.285999298095703,35.87262725830078
mp-aaaaaafq,40.74599838256836,38.41876983642578
mp-aaaabykv,32.04999923706055,34.75732421875
mp-aaaabiad,11.048999786376953,4.242160797119141
mp-aaaaaama,172.83200073242188,127.56129455566406
mp-aaaabtrq,14.522000312805176,16.254016876220703
mp-aaaaaqsj,50.8650016784668,45.9223747253418
mp-aaacqfhu,11.100000381469727,10.641664505004883
mp-aaaceboa,33.36199951171875,29.95918083190918
mp-aaacdkeu,16.18000030517578,17.218114852905273
mp-aaaabhgw,64.59200286865234,56.34260559082031
mp-aaaaakgl,88.8030014038086,66.11166381835938
mp-aaaacclb,29.893999099731445,22.005474090576172
mp-aaaaaetf,65.37699890136719,48.96392059326172
mp-aaabgnia,87.08399963378906,102.66541290283203
mp-aaabxgfy,72.1969985961914,58.7554931640625
mp-aaaabhou,17.211999893188477,5.889545440673828
mp-aaaaaxfy,138.96499633789062,120.48580932617188
mp-aaabxhqe,85.4530029296875,89.76655578613281
mp-aaabxgji,21.097000122070312,12.247211456298828
mp-aaaaacfu,38.58399963378906,47.442386627197266
mp-aaacdjfe,35.176998138427734,28.860187530517578
mp-aaaaahdd,49.38999938964844,48.945640563964844
mp-aaaabgps,62.2859992980957,48.66791915893555
mp-aaacgizm,26.73900032043457,28.000205993652344
mp-aaaaaevt,47.91699981689453,33.63022994995117
mp-aaacfhmk,40.5629997253418,35.161834716796875
mp-aaaaacft,63.44499969482422,75.25563049316406
mp-aaaaantz,23.847999572753906,22.51728630065918
mp-aaaaamdk,25.878000259399414,34.01601791381836
mp-aaacdllj,170.33099365234375,176.05203247070312
mp-aaaaamqm,69.88200378417969,60.03413391113281
mp-aaaabexw,25.29199981689453,19.670398712158203
mp-aaabxglw,40.683998107910156,30.00714874267578
mp-aaaaadsl,12.041000366210938,15.650039672851562
mp-aaaaahik,25.29599952697754,21.64097785949707
mp-aaaaasyw,7.697999954223633,20.076061248779297
mp-aaaaauwn,34.159000396728516,19.16312599182129
mp-aaabgijj,68.22200012207031,59.73095703125
mp-aaaaarah,22.125,19.33859634399414
mp-aaaaagki,23.204999923706055,25.554811477661133
mp-aaaaaeyv,83.29299926757812,76.69363403320312
mp-aaaabdld,21.437000274658203,24.53959846496582
mp-aaaaatlh,126.43699645996094,107.33570861816406
mp-aaaaboqg,4.067999839782715,10.3150634765625
mp-aaacfnmv,22.13599967956543,22.10040855407715
mp-aaaceady,-0.8149999976158142,1.9720001220703125
mp-aaaaaavj,89.56700134277344,78.58857727050781
mp-aaabinav,4.1539998054504395,3.037090301513672
mp-aaabjobs,15.1899995803833,20.287826538085938
mp-aaaabtop,28.035999298095703,22.496519088745117
mp-aaaaauql,11.1850004196167,19.97808265686035
mp-aaaacdmw,63.36000061035156,59.93750762939453
mp-aaaabfcx,29.43400001525879,24.017911911010742
mp-aaaabtnq,51.67399978637695,46.494712829589844
mp-aaabmgld,-0.05400000140070915,1.7678031921386719
mp-aaaaamgn,26.80500030517578,26.06595230102539
mp-aaaaaemc,73.22100067138672,68.30068969726562
mp-aaaaaouw,10.050000190734863,8.700515747070312
mp-aaaaaiif,25.259000778198242,34.645565032958984
mp-aaackwvr,66.96800231933594,52.34718704223633
mp-aaabxfog,56.987998962402344,65.72720336914062
mp-aaaabeev,78.8280029296875,69.60623931884766
mp-aaaaadyy,119.14199829101562,113.2760009765625
mp-aaacechp,33.29800033569336,35.43193435668945
mp-aaacflsu,19.417999267578125,16.980085372924805
mp-aaaabhka,52.73099899291992,55.863189697265625
mp-aaaabtht,101.51599884033203,101.75236511230469
mp-aaabxfnp,93.7040023803711,88.4173583984375
mp-aaaabhzp,13.383999824523926,15.251720428466797
mp-aaaabdjh,90.61199951171875,91.50487518310547
mp-aaacfxzy,112.2239990234375,88.58373260498047
mp-aaaaaugh,67.11699676513672,94.6292495727539
mp-aaaaaenf,45.242000579833984,74.19384002685547
mp-aaaaahtt,4.72599983215332,5.520530700683594
mp-aaabxfpg,90.31500244140625,82.79537963867188
mp-aaaaaowp,28.15399932861328,21.563514709472656
mp-aaacgihm,119.85099792480469,121.73626708984375
mp-aaaaaatb,43.84000015258789,44.844261169433594
mp-aaaabhov,12.517999649047852,26.339462280273438
mp-aaacdnbr,8.081999778747559,16.903270721435547
mp-aaaaalgq,43.645999908447266,42.24650955200195
mp-aaaaacmz,79.39299774169922,62.45326232910156
mp-aaabxfqh,84.36799621582031,67.40504455566406
mp-aaaabsag,3.7869999408721924,7.3495025634765625
mp-aaacpdqk,26.827999114990234,40.280086517333984
mp-aaadcxpl,3.563999891281128,30.28631591796875
mp-aaacgiyv,24.082000732421875,14.363199234008789
mp-aaaaasyo,21.71500015258789,25.13722038269043
mp-aaacfyde,5.800000190734863,5.396293640136719
mp-aaabxcjk,73.38500213623047,52.778690338134766
mp-aaaaamlq,6.0370001792907715,13.393945693969727
mp-aaacfxyi,72.56099700927734,80.29641723632812
mp-aaaabsxv,16.756999969482422,18.929109573364258
mp-aaabgkzh,20.993000030517578,32.9744758605957
mp-aaabfxjz,32.20100021362305,34.31861877441406
mp-aaaabdmb,30.222999572753906,42.03870391845703
mp-aaaabhec,28.384000778198242,30.53461456298828
mp-aaaaakim,37.0629997253418,34.117698669433594
mp-aaaaabei,50.31700134277344,65.71784973144531
mp-aaaabfhz,47.08000183105469,41.91459274291992
mp-aaacfxco,69.4219970703125,69.72978973388672
mp-aaacgdjc,35.04899978637695,37.67009735107422
mp-aaacehxg,29.732999801635742,27.911497116088867
mp-aaaaahip,101.01899719238281,110.50297546386719
mp-aaaabidw,17.958999633789062,15.332769393920898
mp-aaaabtbd,29.04199981689453,24.50003433227539
mp-aaabxhai,27.663999557495117,21.16570281982422
mp-aaagirhh,27.636999130249023,24.227018356323242
mp-aaabgmnj,7.039999961853027,6.518806457519531
mp-aaabxfsh,29.823999404907227,27.02828598022461
mp-aaaaadqk,77.41500091552734,78.01593017578125
mp-aaaaazqq,68.24500274658203,32.50798034667969
mp-aaaaabpm,23.145000457763672,18.26900291442871
mp-aaaaaibz,34.51599884033203,22.47463035583496
mp-aaaaabta,10.862000465393066,8.674365997314453
mp-aaaaaaox,-60.013999938964844,23.028596878051758
mp-aaabxcme,16.51300048828125,13.973197937011719
mp-aaaaarwp,30.733999252319336,33.9879150390625
mp-aaaaamvm,51.84000015258789,53.104061126708984
mp-aaacdyvj,45.49700164794922,36.28886795043945
mp-aaaaaisf,79.6729965209961,85.59199523925781
mp-aaaaarcc,19.089000701904297,22.863828659057617
mp-aaabgiws,30.235000610351562,43.875732421875
mp-aaaaarww,55.577999114990234,56.93486022949219
mp-aaaabjfn,86.96299743652344,57.20970916748047
mp-aaaaapcv,21.048999786376953,31.56134796142578
mp-aaacgiry,136.5260009765625,40.42243576049805
mp-aaabqypj,2.819000005722046,12.606990814208984
mp-aaaaaoye,14.519000053405762,14.601570129394531
mp-aaaaatmp,22.2549991607666,34.93705749511719
mp-aaacewjo,109.89900207519531,98.170654296875
mp-aaabqzpb,103.63500213623047,101.011962890625
mp-aaaabpjz,5.380000114440918,8.490852355957031
mp-aaacdscs,32.40700149536133,30.34481430053711
mp-aaaaaylt,73.62899780273438,66.60285949707031
mp-aaabxfag,27.158000946044922,20.038803100585938
mp-aaaabqrb,10.994000434875488,11.508541107177734
mp-aaaaavpo,44.59000015258789,51.852718353271484
mp-aaabjyer,7.572999954223633,-4.1422271728515625
mp-aaabxfqs,99.45500183105469,99.0
mp-aaabrspq,72.302001953125,93.94767761230469
mp-aaacgjbi,35.87799835205078,38.92672348022461
mp-aaabglzk,4.6570000648498535,31.56035041809082
mp-aaaaaiti,33.92100143432617,37.154685974121094
mp-aaaaapad,1.6089999675750732,7.030708312988281
mp-aaabfiyf,116.16600036621094,107.97479248046875
mp-aaacgiiv,44.99800109863281,55.028038024902344
mp-aaabgmsx,3.4730000495910645,4.948749542236328
mp-aaaabfco,52.05799865722656,43.39041519165039
mp-aaaaacma,77.73899841308594,64.5933609008789
mp-aaaaacqg,164.7239990234375,144.2290496826172
mp-aaabxiyy,125.302001953125,102.15904998779297
mp-aaaabqup,96.3499984741211,57.739173889160156
mp-aaacdpvj,2.4489998817443848,2.9889869689941406
mp-aaaaafaz,69.53299713134766,99.57699584960938
mp-aaaaacoc,71.58599853515625,66.36251831054688
mp-aaabkkgh,60.566001892089844,52.16176223754883
mp-aaaaalho,94.38500213623047,114.23985290527344
mp-aaaaaxnj,35.9640007019043,35.52204132080078
mp-aaaaapxw,41.400001525878906,18.78838348388672
mp-aaabxfuc,-1.2079999446868896,21.127519607543945
mp-aaaaagmp,80.25299835205078,60.687705993652344
mp-aaaaafmb,18.833999633789062,8.775638580322266
mp-aaabxfwj,45.52799987792969,44.381446838378906
mp-aaaaaapi,44.72999954223633,34.040565490722656
mp-aaacfjxl,208.41000366210938,131.636962890625
mp-aaaaamka,34.76100158691406,42.24633026123047
mp-aaacdvzy,8.73799991607666,16.460514068603516
mp-aaacdqcg,28.927000045776367,25.887584686279297
mp-aaaaaxiy,75.06099700927734,70.39276123046875
mp-aaaaaacp,32.2599983215332,14.194149017333984
mp-aaacdiap,70.85900115966797,59.72654724121094
mp-aaabxfbu,131.15699768066406,114.89231872558594
mp-aaaaaqct,56.70899963378906,50.62538146972656
mp-aaaabdkm,52.845001220703125,53.605133056640625
mp-aaaaatzs,35.77199935913086,45.29918670654297
mp-aaabetqo,11.199000358581543,9.55600357055664
mp-aaaaajkb,44.573001861572266,54.85084915161133
mp-aaacfkko,20.865999221801758,16.46974754333496
mp-aaaaalkl,82.80599975585938,93.84808349609375
mp-aaaaagpm,76.62000274658203,78.89461517333984
mp-aaaaacxg,50.72200012207031,34.33773422241211
mp-aaabfvfs,22.101999282836914,19.90557861328125
mp-aaaabiwc,20.822999954223633,27.333454132080078
mp-aaabqzgq,165.92300415039062,122.27079772949219
mp-aaabxckb,15.12399959564209,15.687999725341797
mp-aaaabhzt,4.4629998207092285,14.727714538574219
mp-aaabsera,145.30099487304688,137.764404296875
mp-aaacdryt,22.42099952697754,19.95850944519043
mp-aaaaargn,116.03900146484375,127.00315856933594
mp-aaaabrtw,8.036999702453613,4.062431335449219
mp-aaacecin,12.581000328063965,17.329025268554688
mp-aaaabpjd,182.1739959716797,179.4903564453125
mp-aaabxfbb,56.3380012512207,31.72374725341797
mp-aaabxbsj,64.70700073242188,69.79800415039062
mp-aaaaafln,51.8650016784668,65.58841705322266
mp-aaabghuo,3.450000047683716,9.305591583251953
mp-aaaaateg,63.31399917602539,60.6612434387207
mp-aaabxjxt,18.913000106811523,17.210956573486328
mp-aaaceaxw,37.38199996948242,45.00263595581055
mp-aaaaabay,13.904999732971191,22.94902992248535
mp-aaaabiub,4.97599983215332,4.210304260253906
mp-aaaaafvb,27.656999588012695,20.820449829101562
