mp-aaafyufe,25.82699966430664,35.755149841308594
mp-aaaaahbj,168.4040069580078,190.45375061035156
mp-aaaabrzn,67.21099853515625,117.95438385009766
mp-aaacdhnd,61.40299987792969,96.1431884765625
mp-aaaabqwq,12.442999839782715,15.088569641113281
mp-aaaaaitg,80.3759994506836,69.13644409179688
mp-aaaabdso,66.375,75.60547637939453
mp-aaaaaisf,118.33200073242188,102.87403106689453
mp-aaacfjoc,227.4429931640625,212.8189697265625
mp-aaaabidi,36.56399917602539,31.17536163330078
mp-aaabxgyu,103.35299682617188,77.45362854003906
mp-aaaabgph,160.74400329589844,147.06732177734375
mp-aaacapbk,127.87799835205078,122.90403747558594
mp-aaaaazxu,69.08799743652344,106.06693267822266
mp-aaabxhbj,45.83700180053711,48.31123733520508
mp-aaaabfqc,20.889999389648438,32.74285888671875
mp-aaabxfzt,108.87100219726562,109.83158874511719
mp-aaaaadro,57.388999938964844,61.713104248046875
mp-aaaaancu,24.24799919128418,27.207237243652344
mp-aaaabqtj,87.70899963378906,66.43836975097656
mp-aaacevuc,187.3419952392578,171.52285766601562
mp-aaaabdjn,14.982000350952148,8.923042297363281
mp-aaaaauwh,81.45500183105469,55.092254638671875
mp-aaaaaixc,153.6269989013672,114.2406005859375
mp-aaaaahdm,130.58200073242188,102.3194580078125
mp-aaaaalnl,44.73099899291992,82.39537048339844
mp-aaabjygq,43.590999603271484,62.61628341674805
mp-aaabxcoq,83.85099792480469,77.2553939819336
mp-aaaabhvk,82.06900024414062,83.19598388671875
mp-aaacfiwl,247.28399658203125,211.92245483398438
mp-aaaabsru,12.446000099182129,8.896026611328125
mp-aaaabesf,171.56300354003906,120.15467071533203
mp-aaaabeuo,175.35400390625,159.81011962890625
mp-aaacdnmi,54.49100112915039,51.71139144897461
mp-aaabjxvb,101.34700012207031,140.97021484375
mp-aaaaaozg,134.86900329589844,110.0020523071289
mp-aaaabezo,91.60600280761719,72.6090087890625
mp-aaacgovc,39.7140007019043,84.47645568847656
mp-aaacgina,42.62699890136719,70.42095947265625
mp-aaabkrjv,123.28099822998047,97.54496002197266
mp-aaaaalmm,49.05400085449219,72.977294921875
mp-aaabxjrg,97.08699798583984,92.10602569580078
mp-aaabdbav,85.38700103759766,84.12178039550781
mp-aaabkqgt,28.159000396728516,9.441734313964844
mp-aaaaaftw,179.8990020751953,187.67205810546875
mp-aaabrhuq,52.25699996948242,33.38225555419922
mp-aaaaakqk,105.59700012207031,110.64238739013672
mp-aaabxcdz,151.88600158691406,131.12942504882812
mp-aaaaaipp,219.54200744628906,219.37088012695312
mp-aaabgitm,25.14699935913086,180.63778686523438
mp-aaaabhvq,13.519000053405762,34.8919677734375
mp-aaaaaffo,135.35000610351562,136.9322967529297
mp-aaaaabva,194.57899475097656,170.05880737304688
mp-aaabxfbj,240.51800537109375,202.46148681640625
mp-aaabrbbu,42.14899826049805,41.70806121826172
mp-aaaaapeg,69.60199737548828,75.2854232788086
mp-aaaccspm,145.00100708007812,185.68829345703125
mp-aaacehvq,17.77899932861328,45.785430908203125
mp-aaabgkxz,183.66000366210938,184.9296875
mp-aaaaadyf,208.53799438476562,177.6536865234375
mp-aaacfxgo,218.65199279785156,201.39376831054688
mp-aaacdqbz,140.5989990234375,140.5725860595703
mp-aaachcyb,21.589000701904297,2.5675430297851562
mp-aaaaagxy,142.5030059814453,150.67205810546875
mp-aaaaaber,127.13600158691406,120.2643051147461
mp-aaabgmfk,264.3890075683594,251.38357543945312
mp-aaaabucf,89.71099853515625,80.75962829589844
mp-aaaabhwi,19.941999435424805,41.08427429199219
mp-aaaaakfs,52.98899841308594,62.52960205078125
mp-aaaabeij,58.26300048828125,78.20504760742188
mp-aaaaaaaj,39.59000015258789,-7.1833038330078125
mp-aaaaabuo,66.39700317382812,72.372314453125
mp-aaacpdyp,141.90499877929688,137.14183044433594
mp-aaaaacoe,157.73599243164062,182.705078125
mp-aaaabikt,25.472999572753906,34.57856750488281
mp-aaaaafee,97.10299682617188,124.92431640625
mp-aaacggsc,9.26200008392334,98.3986587524414
mp-aaaaamgw,35.68299865722656,57.2507438659668
mp-aaaabjyi,48.38100051879883,55.43406295776367
mp-aaabxcrl,4.863999843597412,89.1391830444336
mp-aaacgoza,75.10399627685547,122.91796112060547
mp-aaaaaihv,90.5510025024414,88.48831939697266
mp-aaaaacsc,118.61499786376953,95.78174591064453
mp-aaaaaoop,51.236000061035156,57.3620491027832
mp-aaacgigw,110.42400360107422,101.7371826171875
mp-aaabxcay,216.11399841308594,147.60284423828125
mp-aaaaalcs,224.11300659179688,210.16065979003906
mp-aaaabomp,8.579999923706055,0.22153472900390625
mp-aaaaarxp,20.8439998626709,30.808990478515625
mp-aaafwfix,100.95500183105469,191.099609375
mp-aaaaarea,167.55599975585938,154.3782958984375
mp-aaaaalax,18.340999603271484,48.43354034423828
mp-aaacdmqo,8.531999588012695,-2.0393753051757812
mp-aaacfyyd,77.0989990234375,50.66007614135742
mp-aaabxcfh,227.44700622558594,183.4291534423828
mp-aaaabsat,12.07699966430664,17.633575439453125
mp-aaaaadbw,15.881999969482422,53.698246002197266
mp-aaaabils,0.9829999804496765,36.314537048339844
mp-aaaaaybn,49.0989990234375,54.02452087402344
mp-aaaaakgk,110.53199768066406,74.04428100585938
mp-aaabxflr,121.63300323486328,106.32833099365234
mp-aaachdlh,39.70199966430664,40.11296081542969
mp-aaacdkgr,156.05099487304688,168.85781860351562
mp-aaabfwpb,60.099998474121094,67.5234603881836
mp-aaaaalep,73.75399780273438,64.58985900878906
mp-aaaabtdj,231.62100219726562,315.5205078125
mp-aaacebex,25.049999237060547,36.48686981201172
mp-aaabxfpg,182.89500427246094,192.2467041015625
mp-aaaaaiie,225.91000366210938,244.60208129882812
mp-aaabjyfk,65.8010025024414,84.83956909179688
mp-aaaabdgn,84.38600158691406,68.2465591430664
mp-aaabxcgk,62.04600143432617,62.74526596069336
mp-aaaabpxj,44.53200149536133,89.71586608886719
mp-aaaaabgy,171.93299865722656,100.08654022216797
mp-aaabxfmy,120.33200073242188,117.12590789794922
mp-aaaabfqq,97.197998046875,91.87970733642578
mp-aaacrrbv,277.6889953613281,300.9571533203125
mp-aaacdmqa,155.2469940185547,137.46458435058594
mp-aaabjker,99.69599914550781,78.1700439453125
mp-aaabxhej,127.86900329589844,121.47413635253906
mp-aaaaajzf,123.93199920654297,97.04137420654297
mp-aaaaajoz,83.00399780273438,65.31895446777344
mp-aaabxdpn,56.29600143432617,54.411582946777344
mp-aaaaaojv,40.22700119018555,52.58333969116211
mp-aaacginw,90.23300170898438,90.33131408691406
mp-aaacfrhw,36.53300094604492,74.81875610351562
mp-aaaaaoch,36.34299850463867,36.60783386230469
mp-aaaaalaa,29.374000549316406,25.678550720214844
mp-aaaaaiig,122.96199798583984,131.39166259765625
mp-aaaaadqf,248.55599975585938,208.16415405273438
mp-aaabxglw,92.14199829101562,83.7116470336914
mp-aaaaahek,112.85199737548828,121.97594451904297
mp-aaaaaaxe,16.944000244140625,29.558326721191406
mp-aaacdmpi,122.16100311279297,52.52691650390625
mp-aaabxghh,193.14300537109375,169.79591369628906
mp-aaaaaawr,83.0989990234375,60.86354064941406
mp-aaabfibq,61.481998443603516,106.97396087646484
mp-aaacdivx,81.3280029296875,70.96135711669922
mp-aaacfzcz,27.047000885009766,121.26778411865234
mp-aaaaaotn,78.13999938964844,66.91316223144531
mp-aaaaapvl,80.35199737548828,102.49423217773438
mp-aaabxckc,86.00499725341797,60.05149841308594
mp-aaacewnt,135.27699279785156,171.61166381835938
mp-aaabgkfj,61.9109992980957,73.93011474609375
mp-aaabfyro,97.55599975585938,85.38597869873047
mp-aaabdaos,44.387001037597656,44.39666748046875
mp-aaabjtxe,9.031999588012695,-16.894424438476562
mp-aaaaaoru,56.452999114990234,72.2206039428711
mp-aaacdnhc,54.83700180053711,42.46638488769531
mp-aaabctis,37.25199890136719,64.1683120727539
mp-aaaaaiif,44.38100051879883,105.05792236328125
mp-aaacdhyi,44.76300048828125,40.08190155029297
mp-aaaabeoe,244.406005859375,190.29998779296875
mp-aaaabrhj,51.71799850463867,93.29863739013672
mp-aaaabhrg,39.097999572753906,52.780982971191406
mp-aaabxhgv,60.23899841308594,71.45260620117188
mp-aaaabdnv,183.27699279785156,166.03977966308594
mp-aaaaarhx,101.36900329589844,127.88246154785156
mp-aaaaaaat,19.354999542236328,3.9817581176757812
mp-aaabghme,104.51699829101562,103.59648132324219
mp-aaaabrxa,12.946000099182129,40.34375
mp-aaaabtnc,25.56599998474121,33.60054016113281
mp-aaabkqpd,176.0850067138672,148.22142028808594
mp-aaabqytx,79.01300048828125,65.37928771972656
mp-aaacgcvw,0.7900000214576721,2.9832916259765625
mp-aaaabfnp,122.03099822998047,95.19074249267578
mp-aaabexdd,248.6929931640625,72.890625
mp-aaaaaboi,146.75100708007812,153.93301391601562
mp-aaabxdtd,90.26599884033203,82.65744018554688
mp-aaabxffj,33.659000396728516,35.229949951171875
mp-aaaabfll,17.649999618530273,32.77116394042969
mp-aaacdmwq,38.167999267578125,63.493499755859375
mp-aaaaacwn,38.49800109863281,51.570518493652344
mp-aaabxfld,64.74600219726562,48.68651580810547
mp-aaabglxa,16.062999725341797,-0.17195892333984375
mp-aaaaapxo,42.18600082397461,51.620880126953125
mp-aaabqzin,172.6510009765625,129.3091278076172
mp-aaaaaejw,148.7519989013672,139.44264221191406
mp-aaaaaafv,26.891000747680664,32.374412536621094
mp-aaaaaabb,82.34400177001953,94.00129699707031
mp-aaaaaast,137.00999450683594,128.50582885742188
mp-aaaaaabv,435.3739929199219,359.1113586425781
mp-aaaaahds,153.406005859375,122.08318328857422
mp-aaacipat,67.30400085449219,90.98902893066406
mp-aaaaalhz,17.263999938964844,29.239219665527344
mp-aaacgorc,39.380001068115234,135.55030822753906
mp-aaabgiab,91.8759994506836,75.97384643554688
mp-aaaaabtp,251.21200561523438,213.0591278076172
mp-aaaaadti,26.076000213623047,27.32073211669922
mp-aaaaabcn,224.8990020751953,210.53265380859375
mp-aaabmhaz,187.88600158691406,187.48614501953125
mp-aaabqyfv,69.5530014038086,74.02729797363281
mp-aaabfllk,144.51499938964844,115.24736022949219
mp-aaacdhqz,98.9990005493164,109.47691345214844
mp-aaabxaae,38.56800079345703,52.326297760009766
mp-aaaabfnh,128.197998046875,113.69698333740234
mp-aaaaboyp,12.531999588012695,59.28401565551758
mp-aaabcsnz,149.1529998779297,115.68323516845703
mp-aaacdhlw,48.624000549316406,78.04402160644531
mp-aaaacasy,58.19200134277344,81.4552230834961
mp-aaabfhfc,12.47700023651123,-10.075729370117188
mp-aaaaalrc,71.73400115966797,68.57887268066406
mp-aaaabeme,186.8179931640625,133.26583862304688
mp-aaaabiam,7.090000152587891,6.279998779296875
mp-aaaaapsp,112.53700256347656,164.64584350585938
mp-aaaabucv,93.14299774169922,96.15960693359375
mp-aaaabgqi,84.8219985961914,71.38888549804688
mp-aaabxbue,164.5469970703125,121.16508483886719
mp-aaaabhah,130.28500366210938,122.92205810546875
mp-aaaaardh,27.525999069213867,49.91751480102539
mp-aaaaathg,55.40800094604492,55.67341613769531
mp-aaabxbcc,190.04600524902344,178.70974731445312
mp-aaaaatkr,95.27300262451172,102.21134948730469
mp-aaabgmhz,170.0780029296875,140.16326904296875
mp-aaaabesm,39.888999938964844,34.797462463378906
mp-aaabxaqv,61.8489990234375,45.727256774902344
mp-aaaaabwi,74.22899627685547,67.50164794921875
mp-aaacfyxu,70.2979965209961,68.61439514160156
mp-aaacdtqw,36.361000061035156,41.613258361816406
mp-aaabpdkj,135.39500427246094,132.92332458496094
mp-aaabqyeo,95.49700164794922,99.82763671875
mp-aaaabtmh,76.89900207519531,94.53790283203125
mp-aaaaaatb,68.97799682617188,73.24464416503906
mp-aaaaayle,172.8179931640625,159.95787048339844
mp-aaabqxpu,114.302001953125,97.14595794677734
mp-aaabxfwr,211.80299377441406,171.77476501464844
mp-aaaaacyb,56.55799865722656,61.27671432495117
mp-aaaaadtz,60.1619987487793,64.98881530761719
mp-aaabgjek,178.58999633789062,198.62286376953125
mp-aaadjlob,9.779000282287598,57.23000717163086
mp-aaaabimq,4.427999973297119,41.704200744628906
mp-aaaaaswx,174.0959930419922,183.94541931152344
mp-aaacdtuk,62.46200180053711,71.47683715820312
mp-aaaaatjh,171.4459991455078,117.28644561767578
mp-aaacgosj,67.61299896240234,80.47900390625
mp-aaabctnj,7.166999816894531,50.66316604614258
mp-aaacesuv,88.7699966430664,70.28822326660156
mp-aaaaabqb,86.35600280761719,101.9728012084961
mp-aaaaabja,296.2380065917969,234.14852905273438
mp-aaaaaxll,52.66600036621094,82.79430389404297
mp-aaaabilp,38.202999114990234,65.95123291015625
mp-aaabgjdb,210.96099853515625,197.30743408203125
mp-aaaaabks,141.1269989013672,144.33233642578125
mp-aaaaafck,171.65699768066406,138.79318237304688
mp-aaaacavt,46.01499938964844,40.14764404296875
mp-aaaaagai,105.43299865722656,101.85245513916016
mp-aaaabhsr,232.50999450683594,179.19503784179688
mp-aaacdntk,41.5099983215332,45.195884704589844
mp-aaaaaqvu,102.41300201416016,123.89330291748047
mp-aaabqvsz,45.823001861572266,52.67544937133789
mp-aaacevzq,288.3370056152344,253.54098510742188
mp-aaabxcri,4.313000202178955,93.49983215332031
mp-aaaaaqft,67.6709976196289,83.67037200927734
mp-aaacdvna,28.94700050354004,32.13127136230469
mp-aaaaaajq,39.61800003051758,43.53910827636719
mp-aaaabrzi,164.7969970703125,159.9540557861328
mp-aaaaamyw,149.58799743652344,130.54490661621094
mp-aaaabhuz,12.057000160217285,88.98876953125
mp-aaaaalud,83.58000183105469,91.30035400390625
mp-aaabqxlo,141.28199768066406,96.99819946289062
mp-aaacdtuo,60.84000015258789,48.21626663208008
mp-aaacfajd,20.106000900268555,33.86383056640625
mp-aaaabtjs,118.80599975585938,117.01397705078125
mp-aaaaabop,59.10200119018555,43.174659729003906
mp-aaaccspj,123.3239974975586,155.57598876953125
mp-aaaaafje,110.47699737548828,116.57400512695312
mp-aaaabibt,6.98799991607666,8.211311340332031
mp-aaacdifx,217.33099365234375,187.66336059570312
mp-aaabjxva,37.71500015258789,74.571044921875
mp-aaaaalzi,16.104000091552734,30.28484344482422
mp-aaaabguc,53.290000915527344,95.92959594726562
mp-aaaabzff,65.47200012207031,83.90023040771484
mp-aaabivce,1.9780000448226929,-13.546943664550781
mp-aaaaadyp,10.059000015258789,11.155792236328125
mp-aaaaabsb,254.22000122070312,320.11456298828125
mp-aaacewcr,146.38400268554688,253.3467254638672
mp-aaabxjwo,50.08700180053711,48.2216911315918
mp-aaaabdlp,212.26100158691406,206.28501892089844
mp-aaaabtpl,119.34200286865234,115.4294662475586
mp-aaabqxgc,119.53600311279297,110.94497680664062
mp-aaabjygw,113.95600128173828,162.5811767578125
mp-aaaaagvc,82.447998046875,158.74957275390625
mp-aaacfwhq,151.07899475097656,122.12308502197266
mp-aaaabhwo,25.5,55.97123718261719
mp-aaaaazox,17.61400032043457,84.66719818115234
mp-aaaaadmj,55.53300094604492,60.8604850769043
mp-aaacdoel,103.93399810791016,102.08718872070312
mp-aaabjygr,54.89400100708008,63.62400436401367
mp-aaaaagqm,88.01899719238281,91.35433959960938
mp-aaaabhtb,94.54900360107422,63.956451416015625
mp-aaacdwyt,22.35099983215332,28.311744689941406
mp-aaaabsuj,62.709999084472656,60.85939025878906
mp-aaaaatwp,82.85900115966797,103.95637512207031
mp-aaaabfep,239.0709991455078,246.5369873046875
mp-aaaaaarq,214.3939971923828,166.3179168701172
mp-aaaaaxjh,49.04600143432617,43.828125
mp-aaacdkmz,43.402000427246094,46.419830322265625
mp-aaaaanhd,186.6719970703125,154.78347778320312
mp-aaaaaisc,71.1500015258789,43.531517028808594
mp-aaaabotk,8.611000061035156,14.361557006835938
mp-aaaaaqai,55.14400100708008,65.30841064453125
mp-aaaaaggp,46.42300033569336,39.08905792236328
mp-aaabgadh,76.69100189208984,67.63856506347656
mp-aaaaapft,135.30799865722656,117.75717163085938
mp-aaaaabdd,34.808998107910156,37.496437072753906
mp-aaabqwgg,100.3030014038086,89.8234634399414
mp-aaaaagnl,15.595000267028809,45.41199493408203
mp-aaaaakae,95.18199920654297,142.54978942871094
mp-aaaabdev,55.073001861572266,56.158748626708984
mp-aaaaamta,57.332000732421875,65.92481231689453
mp-aaacdnmv,61.808998107910156,57.75589370727539
mp-aaaaatkp,91.875,0.7167739868164062
mp-aaaaacqi,256.39898681640625,254.71400451660156
mp-aaafdwlt,12.842000007629395,39.160560607910156
mp-aaacdyrn,80.14399719238281,82.25851440429688
mp-aaaabtbo,80.31600189208984,87.4803466796875
mp-aaacgpms,92.18299865722656,119.40095520019531
mp-aaaabdis,169.3159942626953,190.37533569335938
mp-aaaaabrw,101.88099670410156,88.603759765625
mp-aaabxgnw,228.1060028076172,227.39337158203125
mp-aaabkrkj,22.363000869750977,60.85667037963867
mp-aaacfzyf,69.09700012207031,75.47022247314453
mp-aaabrgwf,188.36900329589844,126.33428955078125
mp-aaaaagqd,32.33399963378906,77.46485900878906
mp-aaaaabht,55.97100067138672,50.89939880371094
mp-aaaabqvq,31.91900062561035,28.77918243408203
mp-aaaabetr,98.23500061035156,131.53628540039062
mp-aaaaarny,73.26499938964844,78.17940521240234
mp-aaaabihk,1.2580000162124634,90.13960266113281
mp-aaaaabec,53.053001403808594,48.364967346191406
mp-aaaaahjx,130.1060028076172,139.79986572265625
mp-aaaaaprs,58.82899856567383,58.87897872924805
mp-aaaaaadg,47.26100158691406,48.466522216796875
mp-aaacewqf,352.114990234375,270.2137145996094
mp-aaaabyip,24.277000427246094,39.925018310546875
mp-aaacdhkb,23.4950008392334,34.06040954589844
mp-aaacfjyp,138.44700622558594,139.96224975585938
mp-aaacdsfk,68.08000183105469,44.34599304199219
mp-aaacdyzb,94.43199920654297,83.00003814697266
mp-aaabfgwd,15.255999565124512,41.356910705566406
mp-aaacfwem,154.10299682617188,95.67793273925781
mp-aaaaaqcr,160.69700622558594,149.1223602294922
mp-aaaaalke,150.8820037841797,156.6331329345703
mp-aaacdkni,51.75,77.19569396972656
mp-aaacgpck,79.53099822998047,74.01802062988281
mp-aaacdrol,56.064998626708984,64.90675354003906
mp-aaacgivy,196.58900451660156,182.10629272460938
mp-aaaffkqd,87.22799682617188,65.82598876953125
mp-aaacfyxz,58.82699966430664,51.32482147216797
mp-aaabqyel,106.927001953125,104.2573013305664
mp-aaaaadhv,23.336000442504883,31.37841033935547
mp-aaaaaqsg,44.224998474121094,32.07554626464844
mp-aaaaablx,74.89600372314453,46.39141845703125
mp-aaaaakxh,86.08499908447266,75.19331359863281
mp-aaaaardb,57.292999267578125,66.57838439941406
mp-aaaaaajs,56.314998626708984,57.203643798828125
mp-aaaabtql,136.97000122070312,136.56748962402344
mp-aaacctei,38.72100067138672,52.944305419921875
mp-aaacevtd,190.38499450683594,184.7506103515625
mp-aaaaaswi,92.24099731445312,35.083030700683594
mp-aaabetzj,3.7990000247955322,58.05849075317383
mp-aaacdlrz,116.68099975585938,174.58872985839844
mp-aaaaarau,135.91600036621094,134.15225219726562
mp-aaaaagfo,149.78399658203125,115.12808227539062
mp-aaabgksz,58.05500030517578,82.22816467285156
mp-aaaaaptd,81.72799682617188,102.21703338623047
mp-aaabiyhq,32.44900131225586,187.63494873046875
mp-aaabfrem,134.05799865722656,73.33946990966797
mp-aaaaapjh,17.389999389648438,19.608299255371094
mp-aaaaatbe,160.8719940185547,153.61495971679688
mp-aaaaawuf,196.4239959716797,150.34608459472656
mp-aaabxhim,68.17500305175781,71.76091766357422
mp-aaaaaeme,167.8419952392578,99.1747055053711
mp-aaafwmfk,121.56400299072266,231.429443359375
mp-aaaaaghm,130.98300170898438,115.95001220703125
mp-aaaaacwu,143.92799377441406,156.82327270507812
mp-aaaaakir,108.54000091552734,104.50202178955078
mp-aaaaasyw,26.349000930786133,59.763362884521484
mp-aaaaafxk,77.5510025024414,119.16613006591797
mp-aaaaacna,21.702999114990234,66.20350646972656
mp-aaaaabmd,375.1700134277344,306.6324462890625
mp-aaaabrwh,58.08300018310547,78.08456420898438
mp-aaaaaokt,64.68499755859375,56.81007385253906
mp-aaaabdng,57.60100173950195,107.3239974975586
mp-aaabrdlw,142.13800048828125,137.625732421875
mp-aaacflqk,347.3450012207031,299.15032958984375
mp-aaaabiin,9.164999961853027,22.694190979003906
mp-aaacgpbs,80.90399932861328,122.92900085449219
mp-aaacfjys,127.6259994506836,139.92349243164062
mp-aaaaadnz,107.8479995727539,102.84950256347656
mp-aaabgjsi,186.26100158691406,203.0828857421875
mp-aaabkiwn,9.789999961853027,24.93927764892578
mp-aaacrqlo,326.8039855957031,317.64910888671875
mp-aaaccsrg,111.4469985961914,117.37677764892578
mp-aaaaachz,110.1050033569336,134.59481811523438
mp-aaaaaieg,49.33100128173828,46.58836364746094
mp-aaaaaspx,34.6870002746582,42.95977020263672
mp-aaabnrei,177.47799682617188,160.872314453125
mp-aaaaaayb,105.76200103759766,121.22721099853516
mp-aaaabdfc,50.96500015258789,23.40838623046875
mp-aaacdvmt,54.77199935913086,69.59358215332031
mp-aaaabtke,111.01699829101562,68.00985717773438
mp-aaaabpnm,24.7810001373291,99.98286437988281
mp-aaaackeg,28.677000045776367,5.473808288574219
mp-aaaaasob,160.54800415039062,156.62643432617188
mp-aaabeugb,7.488999843597412,-0.02590179443359375
mp-aaaaaaqk,132.74899291992188,117.5091552734375
mp-aaacdlpr,51.52199935913086,54.48673629760742
mp-aaaaagzw,59.42399978637695,79.5196762084961
mp-aaacfyzu,156.8780059814453,157.8339080810547
mp-aaaaazyw,18.520999908447266,35.47724151611328
mp-aaabxbsi,107.48200225830078,96.0438232421875
mp-aaacdnmr,35.96500015258789,27.649887084960938
mp-aaaabiau,13.722000122070312,33.896995544433594
mp-aaaaarcg,90.60900115966797,108.10652160644531
mp-aaabcsqt,68.6240005493164,69.82344055175781
mp-aaacdsow,35.99599838256836,30.026840209960938
mp-aaaaachy,80.63400268554688,60.22392272949219
mp-aaaaamzs,288.2340087890625,261.83953857421875
mp-aaaaafxu,122.2750015258789,157.34112548828125
mp-aaacdpoq,22.19300079345703,19.329849243164062
mp-aaaaacly,65.34500122070312,56.350364685058594
mp-aaaabiwc,99.4469985961914,94.57041931152344
mp-aaaaagon,166.74899291992188,175.8806915283203
mp-aaaceadr,96.62699890136719,73.42826080322266
mp-aaacrtze,301.09698486328125,293.8253173828125
mp-aaaaabpv,48.46799850463867,51.6458854675293
mp-aaaaapwa,213.9929962158203,173.90509033203125
mp-aaaabfcm,96.41000366210938,65.22000885009766
mp-aaabghgz,217.83099365234375,185.40159606933594
mp-aaabxfza,52.20500183105469,33.309043884277344
mp-aaabgjsh,190.18099975585938,183.60714721679688
mp-aaaabipj,9.055999755859375,-17.41082763671875
mp-aaabgiqr,20.16900062561035,20.380416870117188
mp-aaaaaahg,224.0229949951172,218.58023071289062
mp-aaaaacvm,146.3470001220703,138.8863983154297
mp-aaaaakti,51.45399856567383,67.21499633789062
mp-aaaabdwr,205.75,186.4378662109375
mp-aaacehzn,12.699000358581543,35.02765655517578
mp-aaaaaagj,88.81500244140625,86.05259704589844
mp-aaaaaixy,170.34800720214844,100.2012710571289
mp-aaaabtkf,97.36399841308594,71.82742309570312
mp-aaabxban,49.68299865722656,44.151641845703125
mp-aaaabtgg,105.97599792480469,66.69821166992188
mp-aaacfksr,173.81300354003906,141.01217651367188
mp-aaaaagfd,39.04800033569336,68.8057861328125
mp-aaaceatr,57.571998596191406,48.85992431640625
mp-aaacdpbr,33.86800003051758,29.423057556152344
mp-aaacdplu,26.6200008392334,34.593353271484375
mp-aaabkorr,191.73199462890625,158.31663513183594
mp-aaabjyeu,108.53099822998047,140.6369171142578
mp-aaaaalbb,124.03199768066406,136.44740295410156
mp-aaabxbbv,41.03799819946289,39.178741455078125
mp-aaaabfnm,185.53399658203125,169.15496826171875
mp-aaaaaxiv,29.631000518798828,31.06640625
mp-aaaaarcn,226.15699768066406,156.82379150390625
mp-aaaaaheq,85.50700378417969,81.16714477539062
mp-aaabqxoy,124.13600158691406,92.47196197509766
mp-aaaaacjm,24.7810001373291,30.954025268554688
mp-aaaaakry,202.98800659179688,192.64764404296875
mp-aaabikvs,10.701000213623047,97.13884735107422
mp-aaaabhqp,56.25699996948242,75.4986572265625
mp-aaaaaces,183.79299926757812,172.33074951171875
mp-aaaabigw,15.281000137329102,91.29312896728516
mp-aaacfkhy,332.60101318359375,289.3457946777344
mp-aaabqydw,59.92599868774414,96.87803649902344
mp-aaabxdss,101.86699676513672,104.215087890625
mp-aaacdpxu,136.96800231933594,115.17925262451172
mp-aaabxisz,201.0679931640625,173.224853515625
mp-aaaaaecz,110.6709976196289,109.91826629638672
mp-aaaabijf,2.0369999408721924,11.185050964355469
mp-aaacfjof,239.13999938964844,233.45364379882812
mp-aaabxazb,137.66000366210938,111.46910858154297
mp-aaabxjvu,241.66299438476562,189.55052185058594
mp-aaaaatgh,88.55899810791016,87.79666900634766
mp-aaaabrxi,230.44900512695312,261.13494873046875
mp-aaabxayz,187.78599548339844,122.25022888183594
mp-aaabxghf,65.87799835205078,61.17134094238281
mp-aaabkfik,176.40199279785156,183.84585571289062
mp-aaacdwro,41.4640007019043,44.38063049316406
mp-aaaaapbm,55.74300003051758,68.022705078125
mp-aaacdyvj,101.36799621582031,98.6756591796875
mp-aaaabdie,48.74599838256836,44.16203308105469
mp-aaaaabum,82.06400299072266,78.02407836914062
mp-aaaaabcp,17.98699951171875,13.077796936035156
mp-aaaaabsg,214.2740020751953,195.97537231445312
mp-aaaaaukr,42.814998626708984,28.74542999267578
mp-aaacgdcl,75.85199737548828,78.12500762939453
mp-aaacdrzy,20.7189998626709,-2.4263229370117188
mp-aaabxgmm,17.41200065612793,24.110084533691406
mp-aaacdyjq,75.9229965209961,72.9383544921875
mp-aaaaaulx,41.7130012512207,91.3729019165039
mp-aaacdnze,60.05400085449219,68.3542251586914
mp-aaacdkxz,130.16200256347656,157.4540557861328
mp-aaaabtnf,81.93099975585938,87.02425384521484
mp-aaaaapcv,68.31999969482422,73.23753356933594
mp-aaaaaovf,290.9570007324219,255.21446228027344
mp-aaabxclb,105.4020004272461,61.720802307128906
mp-aaaabdoj,54.505001068115234,52.460147857666016
mp-aaacdsbl,49.766998291015625,19.251434326171875
mp-aaabqvee,154.98699951171875,152.33837890625
mp-aaacfzia,69.95999908447266,53.11754608154297
mp-aaaaammw,21.886999130249023,13.548233032226562
mp-aaabghnc,8.798999786376953,92.44534301757812
mp-aaacdlzx,7.046000003814697,28.058128356933594
mp-aaabxjug,146.99600219726562,127.75247192382812
mp-aaaaaxjr,298.989990234375,287.57818603515625
mp-aaaaanbe,81.76000213623047,59.854373931884766
mp-aaacdrzc,93.02200317382812,79.55072021484375
mp-aaacdnpy,31.48900032043457,45.23009490966797
mp-aaabxisq,238.14199829101562,228.60638427734375
mp-aaaaahnu,57.172000885009766,39.02593231201172
mp-aaaabfbs,115.11399841308594,96.80103302001953
mp-aaabxclv,48.96900177001953,32.33091735839844
mp-aaacfwgl,146.76400756835938,89.39667510986328
mp-aaacdmjx,57.47700119018555,49.144187927246094
mp-aaaabhsk,98.69999694824219,111.03642272949219
mp-aaabfplo,94.99600219726562,165.18399047851562
mp-aaabrami,151.1269989013672,129.94570922851562
mp-aaacgagj,126.05000305175781,106.08755493164062
mp-aaaaaqcx,145.34300231933594,121.47488403320312
mp-aaaaaoku,58.99100112915039,48.36443328857422
mp-aaacdhva,60.9739990234375,72.4276351928711
mp-aaaabrcs,20.78499984741211,18.611732482910156
mp-aaaaalyo,189.59500122070312,101.71295928955078
mp-aaaabuax,163.46099853515625,127.70123291015625
mp-aaaaakgo,33.56800079345703,55.57065200805664
mp-aaabjxzt,293.6679992675781,207.77120971679688
mp-aaaaajuy,27.836999893188477,35.26721954345703
mp-aaaaabas,17.979000091552734,27.105621337890625
mp-aaabxfwp,223.60499572753906,239.38858032226562
mp-aaaabqyk,289.385009765625,243.1249237060547
mp-aaaaadby,127.74400329589844,125.22795867919922
mp-aaaaadxk,216.9669952392578,39.71562957763672
mp-aaabxceu,270.5249938964844,250.22769165039062
mp-aaackumd,-8.140999794006348,97.260986328125
mp-aaaaacfj,283.79901123046875,321.6570739746094
mp-aaacgiro,209.3070068359375,198.724853515625
mp-aaaabehl,137.6790008544922,133.2787322998047
mp-aaaaamgn,44.500999450683594,46.556053161621094
mp-aaacdjrl,6.2789998054504395,12.790435791015625
mp-aaaabquh,37.224998474121094,77.27064514160156
mp-aaabmlak,168.6060028076172,158.61795043945312
mp-aaaaacgh,126.0459976196289,113.76862335205078
mp-aaabjudp,13.847999572753906,43.20033264160156
mp-aaabfstf,9.593999862670898,93.62821960449219
mp-aaacdsvt,261.6990051269531,205.4385223388672
mp-aaabqyrz,82.79100036621094,88.46134948730469
mp-aaacdofs,33.22200012207031,11.147201538085938
mp-aaaaaacr,36.69200134277344,28.305709838867188
mp-aaaabhtp,32.198001861572266,60.37025833129883
mp-aaaabdld,57.97100067138672,74.68447875976562
mp-aaabgiis,65.41400146484375,82.44674682617188
mp-aaacflsm,149.406005859375,163.6058349609375
mp-aaabgmkh,181.7100067138672,109.29205322265625
mp-aaaewiwb,133.73899841308594,161.2965545654297
mp-aaabqzti,150.10800170898438,143.63174438476562
mp-aaaaahoi,69.91200256347656,72.74116516113281
mp-aaaaapeu,34.862998962402344,102.3006591796875
mp-aaaaaxqk,87.18099975585938,55.12034606933594
mp-aaablkkg,67.94599914550781,95.22348022460938
mp-aaaaacpm,72.43499755859375,75.39790344238281
mp-aaaaagfu,117.84400177001953,105.52702331542969
mp-aaaaaing,175.72999572753906,201.6462860107422
mp-aaaaacvd,32.685001373291016,35.76042938232422
mp-aaabqyqh,118.85600280761719,88.55803680419922
mp-aaacdvto,258.84600830078125,287.57958984375
mp-aaabxclc,111.03299713134766,93.18132019042969
mp-aaaaaiob,115.60399627685547,120.23638916015625
mp-aaaaaaay,387.8269958496094,386.7513427734375
mp-aaabxcbp,58.814998626708984,57.894535064697266
mp-aaacgivm,5.078999996185303,4.6187744140625
mp-aaaaaunk,37.2140007019043,65.28771209716797
mp-aaabxfvp,138.17799377441406,112.75658416748047
mp-aaabxixl,56.20500183105469,72.82835388183594
mp-aaaaauaq,78.18800354003906,91.55274200439453
mp-aaaabffs,113.8759994506836,97.83055877685547
mp-aaabgmfd,29.211000442504883,48.042335510253906
mp-aaafhtqa,3.6619999408721924,-0.80047607421875
mp-aaaaaptz,42.255001068115234,44.80559539794922
mp-aaaaahxs,103.4520034790039,92.24798583984375
mp-aaacgitv,21.184999465942383,42.043800354003906
mp-aaaaayfk,24.739999771118164,94.10369873046875
mp-aaabxjbl,341.99700927734375,312.3818359375
mp-aaacfzwn,309.7590026855469,259.99951171875
mp-aaaabulw,47.255001068115234,73.27936553955078
mp-aaabxcly,87.5250015258789,88.6120376586914
mp-aaabxjvh,40.00199890136719,41.321067810058594
mp-aaaacabl,133.61599731445312,126.3581771850586
mp-aaacgfwg,33.840999603271484,27.36273956298828
mp-aaaabhiv,42.27399826049805,108.87708282470703
mp-aaaaaahv,114.44599914550781,83.7215576171875
mp-aaaaaaob,158.69700622558594,177.61520385742188
mp-aaacgivp,10.11400032043457,46.122589111328125
mp-aaaaalgj,162.97999572753906,123.77583312988281
mp-aaaaalur,68.96900177001953,55.415836334228516
mp-aaaaabjh,57.64400100708008,80.70438385009766
mp-aaacdmzb,160.8719940185547,159.2204132080078
mp-aaaaasvl,187.0229949951172,137.00872802734375
mp-aaaaaawi,120.47799682617188,146.2752685546875
mp-aaabxfjc,218.1280059814453,194.08599853515625
mp-aaaabfqa,119.68900299072266,133.22323608398438
mp-aaabgllz,96.8550033569336,92.88086700439453
mp-aaabxfoy,218.1699981689453,193.32568359375
mp-aaaaarez,96.91699981689453,118.00484466552734
mp-aaaaario,213.33099365234375,120.07730102539062
mp-aaabxivr,185.23300170898438,114.94970703125
mp-aaaaalgh,195.52000427246094,106.35613250732422
mp-aaacgozp,44.58100128173828,81.39532470703125
mp-aaabfeck,129.41799926757812,131.58038330078125
mp-aaaciliy,-171.33700561523438,61.534629821777344
mp-aaaaaaxc,44.63399887084961,48.37169647216797
mp-aaaaaeay,265.3349914550781,245.97982788085938
mp-aaabxhhf,203.58200073242188,158.8763885498047
mp-aaaaafmz,188.74400329589844,170.94219970703125
mp-aaaaagar,152.95399475097656,151.83041381835938
mp-aaaabhrt,168.61300659179688,165.49456787109375
mp-aaacyoks,155.41099548339844,131.220458984375
mp-aaabxfag,46.70000076293945,51.275146484375
mp-aaabxivt,117.72799682617188,129.43719482421875
mp-aaaabtry,79.822998046875,80.10950469970703
mp-aaabhcpe,109.71099853515625,82.92861938476562
mp-aaaaasrn,53.744998931884766,49.127899169921875
mp-aaaccsqy,153.1999969482422,160.1206817626953
mp-aaabkpsx,9.772000312805176,103.78671264648438
mp-aaacfkhl,284.2090148925781,197.99400329589844
mp-aaaabfuf,42.80699920654297,47.402442932128906
mp-aaacjjan,3.069999933242798,16.391464233398438
mp-aaaaaehu,151.82699584960938,130.34255981445312
mp-aaaabgwi,128.73500061035156,82.95994567871094
mp-aaaaaknq,41.47200012207031,108.72552490234375
mp-aaacfydq,21.33099937438965,42.409934997558594
mp-aaaaarav,197.22900390625,198.18890380859375
mp-aaacesxc,25.856000900268555,82.69404602050781
mp-aaacgixb,143.8979949951172,127.72805786132812
mp-aaabmznw,137.13699340820312,143.8294677734375
mp-aaaabhwj,6.192999839782715,79.94999694824219
mp-aaaabeyu,177.22999572753906,118.78172302246094
mp-aaabxivp,35.077999114990234,40.34217071533203
mp-aaaaahve,33.367000579833984,81.5959243774414
mp-aaabxfgf,43.7859992980957,74.1341552734375
mp-aaabxhbf,56.11600112915039,66.98239135742188
mp-aaabghtx,11.60200023651123,32.842369079589844
mp-aaaabetn,280.8399963378906,297.49688720703125
mp-aaaaacns,61.7239990234375,53.81159591674805
mp-aaabjyev,64.87100219726562,58.2397346496582
mp-aaacdmfv,182.07899475097656,155.48495483398438
mp-aaacctez,68.26100158691406,112.70028686523438
mp-aaaaajkj,167.24600219726562,151.56982421875
mp-aaaaayfl,29.441999435424805,75.17256164550781
mp-aaaaaocl,106.8280029296875,95.41231536865234
mp-aaacdnzv,19.33300018310547,26.755447387695312
mp-aaaaaemw,31.433000564575195,29.186683654785156
mp-aaabfseo,38.36000061035156,41.730247497558594
mp-aaaabgwc,110.58899688720703,107.01797485351562
mp-aaaciycx,151.37100219726562,138.4394073486328
mp-aaaaagiy,95.82599639892578,106.72190856933594
mp-aaaaahmy,79.78099822998047,76.14276885986328
mp-aaacewfa,81.34100341796875,96.65757751464844
mp-aaabxfgx,49.01499938964844,50.11872100830078
mp-aaaabepz,96.5780029296875,94.40776062011719
mp-aaaabyhp,183.26600646972656,134.83688354492188
mp-aaacggxf,30.666000366210938,44.30023956298828
mp-aaaaaqzo,116.06700134277344,140.7432098388672
mp-aaaaaqjx,123.28900146484375,117.63457489013672
mp-aaabqxqc,69.68299865722656,63.95185470581055
mp-aaabxglv,88.99299621582031,78.47677612304688
mp-aaaaaamx,47.617000579833984,51.40882110595703
mp-aaaabunx,136.5229949951172,147.40496826171875
mp-aaabxjxk,192.6269989013672,197.92950439453125
mp-aaacevxw,96.87999725341797,113.52377319335938
mp-aaaabthj,131.9510040283203,138.12440490722656
mp-aaabfrqn,75.03399658203125,96.80012512207031
mp-aaacdsev,56.779998779296875,45.20256042480469
mp-aaaaaetd,67.60399627685547,62.1385383605957
mp-aaaabhvt,52.053001403808594,66.07818603515625
mp-aaaaankm,67.56500244140625,24.573204040527344
mp-aaacggxj,205.03399658203125,186.5919189453125
mp-aaaaajqe,73.80899810791016,72.345703125
mp-aaaaadag,334.97100830078125,223.83099365234375
mp-aaaaboip,16.875999450683594,5.339080810546875
mp-aaacfywp,142.86700439453125,115.59540557861328
mp-aaaceary,168.0590057373047,123.22664642333984
mp-aaaabirt,178.1020050048828,152.20245361328125
mp-aaaabgih,9.763999938964844,37.42078399658203
mp-aaaaacjp,253.31199645996094,237.22503662109375
mp-aaaaaeoy,223.11500549316406,254.84535217285156
mp-aaabxcbs,321.281005859375,311.82000732421875
mp-aaacfirj,176.4759979248047,165.57093811035156
mp-aaabxhch,43.68600082397461,34.89813995361328
mp-aaabxbqf,108.46600341796875,87.91915893554688
mp-aaaabftt,178.31100463867188,176.65994262695312
mp-aaaaakkh,149.91000366210938,66.63897705078125
mp-aaaaancd,68.75599670410156,68.1043472290039
mp-aaaabgxk,106.76599884033203,107.8394546508789
mp-aaaaabnk,7.822000026702881,50.489498138427734
mp-aaaaachx,57.63600158691406,70.14183044433594
mp-aaabxjaa,148.6219940185547,109.2131576538086
mp-aaabxglu,236.9040069580078,224.91390991210938
mp-aaacebzk,27.540000915527344,19.864341735839844
mp-aaabxhdd,173.64199829101562,199.33493041992188
mp-aaabxapz,193.2689971923828,181.68707275390625
mp-aaaaacxj,196.2449951171875,184.62086486816406
mp-aaafvlbp,49.367000579833984,70.48745727539062
mp-aaabijbz,233.17100524902344,154.59439086914062
mp-aaabxgwd,57.83000183105469,73.50004577636719
mp-aaacdhjx,100.50199890136719,98.60702514648438
mp-aaacewka,236.4759979248047,196.9523468017578
mp-aaaaagkz,162.52200317382812,141.0390167236328
mp-aaaabukm,17.96299934387207,25.62323760986328
mp-aaacgjdb,19.26300048828125,98.71185302734375
mp-aaaabdeo,64.7249984741211,79.72055053710938
mp-aaaabtqw,221.47900390625,187.3057098388672
mp-aaacecij,64.01200103759766,100.99991607666016
mp-aaaaaoue,194.2169952392578,188.57411193847656
mp-aaaaanbq,109.96900177001953,166.68795776367188
mp-aaaaadjg,65.88400268554688,53.397178649902344
mp-aaaaaked,51.66400146484375,42.64903259277344
mp-aaachcsk,42.48699951171875,55.60789489746094
mp-aaaabjil,35.542999267578125,45.07661437988281
mp-aaabjkld,112.91699981689453,116.81769561767578
mp-aaaaaqzv,138.51300048828125,152.29518127441406
mp-aaaaayuj,72.2239990234375,70.47764587402344
mp-aaabxgfs,104.32499694824219,140.27908325195312
mp-aaacdyud,60.86899948120117,45.098243713378906
mp-aaaabgjy,69.81800079345703,107.18864440917969
mp-aaaabfua,240.28700256347656,240.1012420654297
mp-aaacesvn,63.604000091552734,99.50820922851562
mp-aaacfkmv,63.25400161743164,125.06905364990234
mp-aaaaaycl,186.80099487304688,163.01641845703125
mp-aaacflio,2.872999906539917,-42.65754699707031
mp-aaabqvll,105.12799835205078,102.98918151855469
mp-aaaaaodt,20.33300018310547,93.33295440673828
mp-aaaaaqdz,36.20800018310547,24.601608276367188
mp-aaaabjck,56.965999603271484,86.28058624267578
mp-aaabxgjq,124.41999816894531,168.31314086914062
mp-aaabxgio,69.56900024414062,55.10774230957031
mp-aaaaboee,89.36599731445312,34.287071228027344
mp-aaacfzbg,44.46500015258789,32.49078369140625
mp-aaaccspn,129.12899780273438,130.64590454101562
mp-aaacfydl,63.729000091552734,70.10678100585938
mp-aaabjzgd,112.98400115966797,60.72687911987305
mp-aaaaahea,43.869998931884766,63.1291618347168
mp-aaaabfct,66.9000015258789,63.31565856933594
mp-aaaabezh,319.6789855957031,222.26571655273438
mp-aaaaahkg,128.64500427246094,120.34595489501953
mp-aaachwgl,59.92499923706055,52.51813507080078
mp-aaaabtej,31.59000015258789,64.99058532714844
mp-aaabctvn,27.656999588012695,101.494140625
mp-aaaaaoze,237.29100036621094,256.8865661621094
mp-aaabqxmn,101.62000274658203,82.43257904052734
mp-aaaaacmy,79.21800231933594,84.72946166992188
mp-aaaaarif,129.25799560546875,127.55802154541016
mp-aaaabjaz,23.945999145507812,26.506729125976562
mp-aaacdlfh,62.845001220703125,58.835872650146484
mp-aaabxfqd,201.06900024414062,150.5880126953125
mp-aaabsebx,200.24200439453125,149.74990844726562
mp-aaaaalui,171.91900634765625,117.66897583007812
mp-aaabxhbv,3.0959999561309814,17.786636352539062
mp-aaabgjbn,171.94500732421875,160.02850341796875
mp-aaabxfmd,161.5540008544922,142.832275390625
mp-aaabxgrg,194.08299255371094,163.56700134277344
mp-aaabraoc,144.4199981689453,111.86251068115234
mp-aaaaahbv,41.91999816894531,117.8941650390625
mp-aaaaaowz,146.76199340820312,124.62677764892578
mp-aaabxfyg,226.08900451660156,202.76394653320312
mp-aaaaaxjl,40.55099868774414,36.16664123535156
mp-aaabgnhd,51.435001373291016,56.2235107421875
mp-aaaabtzl,153.9669952392578,107.06485748291016
mp-aaabjyal,87.84100341796875,83.66019439697266
mp-aaaabdrp,176.427001953125,189.94573974609375
mp-aaacfwiq,230.4040069580078,130.75425720214844
mp-aaabxfhv,150.53199768066406,141.78192138671875
mp-aaafekuc,65.2490005493164,72.26795196533203
mp-aaacdpum,67.81600189208984,68.60438537597656
mp-aaaabhmr,179.5489959716797,144.69033813476562
mp-aaabxfcp,187.1739959716797,160.31300354003906
mp-aaaaacbq,22.839000701904297,27.363121032714844
mp-aaacdlnb,352.989990234375,292.9674377441406
mp-aaaaaecc,41.25600051879883,36.528594970703125
mp-aaabxcez,220.94200134277344,232.20822143554688
mp-aaacjjkr,69.77999877929688,88.1506576538086
mp-aaabxclm,66.322998046875,48.03120422363281
mp-aaabfzcw,17.490999221801758,31.893844604492188
mp-aaabrock,25.933000564575195,37.02149963378906
mp-aaaaahtd,170.9290008544922,132.41363525390625
mp-aaaabslx,18.145000457763672,69.45637512207031
mp-aaacdswb,61.224998474121094,59.618465423583984
mp-aaaaaayk,9.305999755859375,33.539329528808594
mp-aaaaands,42.54600143432617,50.91680908203125
mp-aaaabdrn,81.21600341796875,105.1046371459961
mp-aaabxcki,95.9530029296875,80.01657104492188
mp-aaafdsif,117.29000091552734,132.366943359375
mp-aaaabidf,12.406000137329102,27.86627197265625
mp-aaaaaddw,56.49599838256836,68.95098114013672
mp-aaacflva,73.81800079345703,58.60983657836914
mp-aaaaaktw,79.5719985961914,50.58756637573242
mp-aaacrfjr,201.53900146484375,308.3080749511719
mp-aaaccsoj,48.55400085449219,89.4976577758789
mp-aaaaanzp,82.1520004272461,74.80267333984375
mp-aaabxite,40.4900016784668,41.837913513183594
mp-aaaaaqci,70.70600128173828,65.28669738769531
mp-aaacflvv,290.7359924316406,287.94830322265625
mp-aaabftsv,44.61000061035156,9.714691162109375
mp-aaaaafms,184.16700744628906,183.34732055664062
mp-aaabgkcf,200.67799377441406,146.3983154296875
mp-aaacjabt,65.92400360107422,113.09017181396484
mp-aaaaaawl,195.21499633789062,170.61090087890625
mp-aaaaafai,326.47698974609375,205.64794921875
mp-aaacease,274.0469970703125,273.9110412597656
mp-aaabxhkh,52.305999755859375,33.82200622558594
mp-aaaaahdc,179.0330047607422,141.52513122558594
mp-aaabxcam,68.89600372314453,57.164306640625
mp-aaacfzye,89.66799926757812,75.03841400146484
mp-aaaabsfy,18.68400001525879,71.30152893066406
mp-aaaaabxh,273.2070007324219,265.57623291015625
mp-aaabgnqc,12.111000061035156,20.640823364257812
mp-aaaabexr,83.5999984741211,105.19290161132812
mp-aaabxiwx,46.40399932861328,56.74479675292969
mp-aaacdlrx,203.02099609375,141.2863006591797
mp-aaacfrjy,20.260000228881836,27.89093017578125
mp-aaaaatej,1.7380000352859497,57.900062561035156
mp-aaaabfsq,189.97900390625,178.8479766845703
mp-aaackthy,79.75599670410156,68.21432495117188
mp-aaabxbse,148.18600463867188,140.07919311523438
mp-aaabxbdq,59.722999572753906,49.64790344238281
mp-aaabgnep,54.12699890136719,71.84022521972656
mp-aaadefsc,7.511000156402588,15.136192321777344
mp-aaaaaebc,223.68800354003906,243.5570526123047
mp-aaabevym,155.27999877929688,73.18630981445312
mp-aaaaacol,52.527000427246094,60.3935546875
mp-aaaaalua,19.461999893188477,17.904586791992188
mp-aaaabflw,359.6029968261719,292.88519287109375
mp-aaaaaram,80.96099853515625,101.94178771972656
mp-aaaaacoh,88.3759994506836,69.2176513671875
mp-aaabjyeh,17.332000732421875,40.71672058105469
mp-aaaaalby,56.28499984741211,76.77508544921875
mp-aaacdjyi,92.16799926757812,145.9287109375
mp-aaaaaepl,148.80999755859375,117.63479614257812
mp-aaaccsqr,100.64099884033203,127.60421752929688
mp-aaaaaodi,117.5199966430664,100.5497055053711
mp-aaaaamhg,38.917999267578125,40.543731689453125
mp-aaaaakzk,25.110000610351562,-0.481292724609375
mp-aaaaagdo,133.28399658203125,119.09550476074219
mp-aaaghkro,39.08399963378906,28.043258666992188
mp-aaacdxms,142.2899932861328,176.38636779785156
mp-aaaaaryv,69.98400115966797,69.28703308105469
mp-aaaccsop,143.447998046875,124.11051940917969
mp-aaacfkmw,44.38199996948242,76.486328125
mp-aaaaaksp,108.00499725341797,87.95600891113281
mp-aaaaalsj,220.95599365234375,156.81918334960938
mp-aaaabiuk,7.175000190734863,7.736259460449219
mp-aaabxfoj,101.08599853515625,116.9166030883789
mp-aaabjzhi,0.03799999877810478,7.2970733642578125
mp-aaabjyfs,28.902999877929688,54.29573059082031
mp-aaaaapdh,57.654998779296875,66.24078369140625
mp-aaacfxzm,75.46499633789062,95.16781616210938
mp-aaaaaiop,86.24299621582031,84.61761474609375
mp-aaaaaaqb,183.70799255371094,167.82940673828125
mp-aaacdmgc,3.5769999027252197,24.708343505859375
mp-aaaaahza,159.40499877929688,141.92039489746094
mp-aaaabwor,1.0989999771118164,53.71657943725586
mp-aaaaaytq,105.53500366210938,95.30567169189453
mp-aaaaahkf,118.66100311279297,86.72648620605469
mp-aaacgioc,64.8740005493164,65.70474243164062
mp-aaaaacyj,408.2569885253906,276.7245788574219
mp-aaaabibx,47.29499816894531,70.90940856933594
mp-aaabxcgz,39.67499923706055,40.17792510986328
mp-aaaaahrx,249.8090057373047,390.0453796386719
mp-aaaaabxb,251.36300659179688,212.79592895507812
mp-aaacizdd,28.836000442504883,37.972938537597656
mp-aaaaadvy,105.59200286865234,147.72731018066406
mp-aaacdlzi,5.4029998779296875,30.288589477539062
mp-aaacdnyw,30.724000930786133,40.05644989013672
mp-aaaaaeat,269.43499755859375,233.09457397460938
mp-aaaabebx,108.41699981689453,81.90805053710938
mp-aaaabdej,38.46099853515625,72.16693115234375
mp-aaabxfmo,190.48399353027344,207.08360290527344
mp-aaabfclg,27.617000579833984,61.46506118774414
mp-aaaaaboq,141.49899291992188,108.4002685546875
mp-aaaaafla,121.38300323486328,153.37547302246094
mp-aaaaadov,43.375999450683594,53.58747482299805
mp-aaaaabzn,313.14599609375,297.0780029296875
mp-aaabfazx,61.87699890136719,107.18804168701172
mp-aaabgiqn,83.50900268554688,92.06948852539062
mp-aaaaaqfo,136.18299865722656,110.10003662109375
mp-aaabqzis,155.0279998779297,82.2184066772461
mp-aaaaanmy,53.60599899291992,57.24192810058594
mp-aaaaaelz,80.4000015258789,64.24966430664062
mp-aaaabimx,14.050000190734863,48.89635467529297
mp-aaaaaiuq,77.43299865722656,84.44509887695312
mp-aaabxbai,234.15199279785156,212.252685546875
mp-aaaabgyc,188.58999633789062,161.38360595703125
mp-aaacesyg,45.334999084472656,79.70333099365234
mp-aaacfkpe,293.78900146484375,433.4623107910156
mp-aaaaackl,99.88400268554688,77.29024505615234
mp-aaaaaldk,127.78800201416016,97.611083984375
mp-aaaaaiku,132.76800537109375,133.9827423095703
mp-aaaaaqtr,13.717000007629395,-25.723251342773438
mp-aaacflvn,18.4060001373291,48.65723419189453
mp-aaaaafuj,162.78900146484375,142.42501831054688
mp-aaacgijt,53.73500061035156,61.53966522216797
mp-aaacdluf,5.318999767303467,29.668746948242188
mp-aaaaaqqh,105.28199768066406,78.42557525634766
mp-aaacdrny,73.12200164794922,73.97471618652344
mp-aaabxhfw,106.77100372314453,112.64154815673828
mp-aaaaacnt,130.71600341796875,102.83030700683594
mp-aaaaamlr,51.21900177001953,74.21826171875
mp-aaabiniy,43.46099853515625,36.49485778808594
mp-aaabxghg,75.34200286865234,73.17970275878906
mp-aaabjxyn,66.3280029296875,57.008174896240234
mp-aaaaakks,22.474000930786133,43.23987579345703
mp-aaacptpp,136.052001953125,120.83391571044922
mp-aaaaafca,103.7509994506836,101.7932357788086
mp-aaacgexq,30.97800064086914,38.70323181152344
mp-aaaaaecy,85.12699890136719,76.759765625
mp-aaabxggm,212.6739959716797,205.37466430664062
mp-aaabxggg,244.22900390625,229.34750366210938
mp-aaaabhxs,29.483999252319336,42.578277587890625
mp-aaabglxz,221.33999633789062,189.8477783203125
mp-aaabxiwr,171.17599487304688,189.06103515625
mp-aaaelwww,6.829999923706055,79.07271575927734
mp-aaabqxkk,90.8499984741211,124.69154357910156
mp-aaabxhhu,43.555999755859375,47.54779052734375
mp-aaacgaxn,87.66400146484375,101.14895629882812
mp-aaabxgrn,38.2400016784668,39.68384552001953
mp-aaacdhza,53.3120002746582,38.26948547363281
mp-aaabjyak,48.867000579833984,65.26765441894531
mp-aaaaaqro,166.72300720214844,106.96495819091797
mp-aaabghvn,120.91500091552734,107.74143981933594
mp-aaaabjcd,30.007999420166016,26.639556884765625
mp-aaaccsoz,138.82000732421875,123.80713653564453
mp-aaaaalxd,110.875,59.97808837890625
mp-aaabgibf,185.6060028076172,154.37326049804688
mp-aaabghze,97.91300201416016,106.40677642822266
mp-aaaaajan,66.38500213623047,77.4743423461914
mp-aaaabhbk,106.18000030517578,102.31782531738281
mp-aaabgliv,42.5620002746582,39.719451904296875
mp-aaacdoap,54.5620002746582,53.28323745727539
mp-aaaaammc,15.85099983215332,2.401947021484375
mp-aaacevxt,412.0639953613281,151.43887329101562
mp-aaaaadya,138.41299438476562,88.39454650878906
mp-aaaaaghj,31.291000366210938,42.66309356689453
mp-aaaaanry,5.744999885559082,39.88727569580078
mp-aaacdllp,259.39801025390625,212.22781372070312
mp-aaaabimn,5.756999969482422,64.43482971191406
mp-aaacdjbd,159.16700744628906,158.63522338867188
mp-aaabnrgv,15.217000007629395,5.99444580078125
mp-aaabqzoy,17.770000457763672,12.240188598632812
mp-aaaaasup,63.237998962402344,81.17060852050781
mp-aaaaabpj,-186.3070068359375,136.79078674316406
mp-aaabfdao,20.989999771118164,63.69472122192383
mp-aaacdzao,61.750999450683594,88.93769836425781
mp-aaaaakwl,55.6150016784668,47.71142578125
mp-aaacfkaz,51.54899978637695,72.52885437011719
mp-aaaaahzr,145.87100219726562,115.80802917480469
mp-aaaabequ,35.36399841308594,29.370445251464844
mp-aaabevma,2.809000015258789,27.857009887695312
mp-aaaaaodh,98.65399932861328,128.93035888671875
mp-aaaaaron,123.99600219726562,116.289794921875
mp-aaaaakhj,55.22200012207031,9.046127319335938
mp-aaaabpnn,18.541000366210938,52.520442962646484
mp-aaaaaaai,365.0459899902344,363.47381591796875
mp-aaabrhbn,106.05500030517578,150.20936584472656
mp-aaabmjtm,52.012001037597656,55.39368438720703
mp-aaacdxyv,11.581000328063965,10.984672546386719
mp-aaabxgvv,101.12799835205078,101.23546600341797
mp-aaaaagrv,67.62999725341797,65.24727630615234
mp-aaacdkpf,169.42999267578125,165.30152893066406
mp-aaaaaaad,1.7170000076293945,13.042083740234375
mp-aaaabrrk,6.138000011444092,21.721458435058594
mp-aaaaaebf,188.86700439453125,54.17160415649414
mp-aaabgjil,213.25399780273438,120.1182632446289
mp-aaacgiuu,194.1999969482422,202.24371337890625
mp-aaaaavbb,57.327999114990234,35.913543701171875
mp-aaaccsqb,90.74099731445312,117.72860717773438
mp-aaaaaghr,67.26499938964844,78.4256591796875
mp-aaaaarhn,25.136999130249023,57.712589263916016
mp-aaacdhlu,49.55699920654297,74.72337341308594
mp-aaaaaepe,178.35499572753906,138.67489624023438
mp-aaaabtas,182.5679931640625,105.38495635986328
mp-aaaaaetk,52.59199905395508,73.0001220703125
mp-aaacdqwp,52.345001220703125,51.269840240478516
mp-aaaaagaj,175.78599548339844,204.6415557861328
mp-aaaaabgj,72.6500015258789,108.0743179321289
mp-aaaaacuk,90.27899932861328,79.30470275878906
mp-aaacgitb,183.70700073242188,186.0558319091797
mp-aaaaabzr,108.46900177001953,95.52763366699219
mp-aaaabjic,23.295000076293945,35.34520721435547
mp-aaacrxne,291.5409851074219,315.18951416015625
mp-aaaaatit,80.64299774169922,114.14913940429688
mp-aaabgmvm,13.508999824523926,0.275054931640625
mp-aaaaaotl,101.13099670410156,90.73885345458984
mp-aaabxgmc,99.8759994506836,103.0697021484375
mp-aaaaalez,145.51699829101562,178.09579467773438
mp-aaaaapca,86.56300354003906,101.04608917236328
mp-aaabxhjw,42.185001373291016,49.06640625
mp-aaabqyck,204.39999389648438,144.73049926757812
mp-aaaaatdj,148.25599670410156,150.89962768554688
mp-aaacdsfj,70.822998046875,66.93415832519531
mp-aaabnqlg,104.78800201416016,132.24905395507812
mp-aaabgnpm,132.24400329589844,128.42994689941406
mp-aaaabsrw,113.33100128173828,91.7833251953125
mp-aaabxjwr,204.89199829101562,199.86257934570312
mp-aaabxhev,105.14199829101562,111.75322723388672
mp-aaaaamsz,58.5359992980957,75.40243530273438
mp-aaacdoie,44.17399978637695,51.290523529052734
mp-aaaaagds,40.30699920654297,46.99573516845703
mp-aaabkkui,145.40499877929688,123.45858001708984
mp-aaabxhmr,150.593994140625,161.09689331054688
mp-aaaaachj,110.08699798583984,111.2217025756836
mp-aaacgigt,86.85700225830078,68.95069122314453
mp-aaaaacsv,298.3890075683594,326.71099853515625
mp-aaaaaquo,87.08000183105469,99.02873992919922
mp-aaabxhbi,86.94300079345703,77.99311828613281
mp-aaacdxtm,265.885986328125,263.92572021484375
mp-aaabxgmt,181.2969970703125,176.12258911132812
mp-aaaaasel,24.30500030517578,29.18982696533203
mp-aaaabdge,41.26499938964844,37.55377960205078
mp-aaaaakgr,137.8000030517578,239.61798095703125
mp-aaaabicc,11.692000389099121,21.331695556640625
mp-aaaaaptn,37.04100036621094,14.045738220214844
mp-aaaaaalu,33.16400146484375,86.01677703857422
mp-aaacrmzn,353.135009765625,265.5609130859375
mp-aaacdkad,199.7469940185547,174.1581573486328
mp-aaaabjqf,16.7450008392334,75.08554077148438
mp-aaaaapki,31.341999053955078,59.92885971069336
mp-aaabgmne,1.9579999446868896,13.814605712890625
mp-aaabqwqp,169.5800018310547,113.26895141601562
mp-aaaaalxo,140.197998046875,139.0093231201172
mp-aaaabiho,36.16400146484375,51.7919807434082
mp-aaabxcfo,26.360000610351562,35.89038848876953
mp-aaabgkmt,77.41400146484375,84.5833511352539
mp-aaacfzvc,32.35499954223633,46.381195068359375
mp-aaaaasma,149.53599548339844,137.27066040039062
mp-aaacfwgo,221.48699951171875,137.79397583007812
mp-aaacdleb,52.56399917602539,50.18986511230469
mp-aaabioql,84.62699890136719,89.53750610351562
mp-aaaaakjd,32.0890007019043,53.33280944824219
mp-aaacgoup,87.39199829101562,133.1292266845703
mp-aaabmgql,168.20199584960938,142.53524780273438
mp-aaabmhyd,135.7469940185547,125.81877136230469
mp-aaaaahyv,137.531005859375,159.55612182617188
mp-aaaaamay,135.88299560546875,99.47919464111328
mp-aaaaamjg,146.0050048828125,64.5516357421875
mp-aaaaaxeq,21.930999755859375,17.55242919921875
mp-aaacgirq,34.25899887084961,68.61111450195312
mp-aaaaayuu,26.110000610351562,29.64507293701172
mp-aaabqwuv,26.24799919128418,60.39684295654297
mp-aaabxhgu,24.549999237060547,21.420700073242188
mp-aaacebzj,27.628999710083008,16.670578002929688
mp-aaaabfky,142.427001953125,135.20777893066406
mp-aaaaaack,96.1510009765625,84.94078063964844
mp-aaaaaoea,38.439998626708984,53.07008743286133
mp-aaacdpvi,84.7979965209961,83.99673461914062
mp-aaabxggo,85.67500305175781,65.32476043701172
mp-aaaaasyl,85.45899963378906,86.75768280029297
mp-aaaaaqrz,126.38999938964844,103.42913055419922
mp-aaacdnwh,25.641000747680664,31.428970336914062
mp-aaabxgqq,173.55099487304688,150.42555236816406
mp-aaaabdzy,197.74899291992188,230.70852661132812
mp-aaabxglt,236.88099670410156,248.20703125
mp-aaacgirj,13.970999717712402,25.18133544921875
mp-aaaaadhe,44.23400115966797,40.908836364746094
mp-aaabxhkl,82.43399810791016,78.79240417480469
mp-aaaabeqm,60.930999755859375,95.03298950195312
mp-aaacdzmq,77.83599853515625,71.17343139648438
mp-aaaaadoh,65.40699768066406,37.23278045654297
mp-aaabfvie,36.709999084472656,85.79668426513672
mp-aaacdvok,121.88899993896484,115.26600646972656
mp-aaabxgtx,127.34100341796875,110.6915283203125
mp-aaaaacqx,131.18099975585938,135.34849548339844
mp-aaaaaepp,70.54199981689453,65.14483642578125
mp-aaaaaqsp,37.85599899291992,60.59637451171875
mp-aaaaatgf,87.66300201416016,93.34123229980469
mp-aaacdork,56.06800079345703,64.03456115722656
mp-aaabxhil,34.611000061035156,39.39176940917969
mp-aaacgily,72.28299713134766,83.92778015136719
mp-aaacdkhe,35.96500015258789,30.308914184570312
mp-aaaaapac,294.11199951171875,314.612060546875
mp-aaafhbgq,93.31700134277344,105.81784057617188
mp-aaabxala,53.847999572753906,56.307003021240234
mp-aaadbrgu,68.54000091552734,81.73382568359375
mp-aaaaagyb,92.74099731445312,108.87223052978516
mp-aaaaaklu,124.16300201416016,122.6297836303711
mp-aaaaayuw,78.30899810791016,87.30199432373047
mp-aaacdlnk,162.95799255371094,150.8081817626953
mp-aaabrgxk,95.16000366210938,171.2315673828125
mp-aaaaaghl,44.01300048828125,69.74864196777344
mp-aaacfrhu,16.881000518798828,92.98197937011719
mp-aaabglzu,23.381999969482422,70.11260223388672
mp-aaacehut,35.858001708984375,41.45884704589844
mp-aaabrtxi,19.45599937438965,27.957672119140625
mp-aaabjbxg,435.36199951171875,357.88031005859375
mp-aaacdmtc,133.3820037841797,69.62283325195312
mp-aaacfltz,321.21099853515625,293.03900146484375
mp-aaaaawoa,31.363000869750977,24.499053955078125
mp-aaacfakn,318.3609924316406,373.12603759765625
mp-aaaaanwv,114.7699966430664,108.09097290039062
mp-aaacmgss,79.46900177001953,87.18781280517578
mp-aaaaajuj,137.8260040283203,95.08131408691406
mp-aaaaacyt,97.48100280761719,99.87705993652344
mp-aaaaaqfv,50.59400177001953,58.46836471557617
mp-aaacehwi,31.062999725341797,26.106948852539062
mp-aaabxgew,80.91600036621094,86.83157348632812
mp-aaaabhit,166.2519989013672,94.95250701904297
mp-aaaabpet,12.23799991607666,24.64521026611328
mp-aaaaaaew,248.01400756835938,219.98712158203125
mp-aaafekuv,25.554000854492188,32.060577392578125
mp-aaacfpzs,191.177001953125,204.84689331054688
mp-aaaaacfb,221.51400756835938,206.06689453125
mp-aaaaabfn,188.947998046875,164.02938842773438
mp-aaaaaioo,-69.75199890136719,275.59356689453125
mp-aaabscaq,53.763999938964844,56.88322067260742
mp-aaabrrkf,34.92399978637695,36.67362976074219
mp-aaaaakia,34.35900115966797,26.144119262695312
mp-aaabxcep,185.34500122070312,178.22991943359375
mp-aaaaazat,85.427001953125,63.383689880371094
mp-aaaaabfi,81.802001953125,58.71284484863281
mp-aaaaatkf,157.5019989013672,96.68974304199219
mp-aaaceszm,79.85700225830078,62.41163635253906
mp-aaabrwaj,99.63999938964844,112.13680267333984
mp-aaacflsq,43.17100143432617,76.54043579101562
mp-aaaabthx,53.540000915527344,47.048095703125
mp-aaabglfu,47.518001556396484,59.45874786376953
mp-aaaaaovp,256.3190002441406,252.2324676513672
mp-aaabrgwe,58.6609992980957,76.78913879394531
mp-aaaaajco,91.31199645996094,76.51766204833984
mp-aaaaaahj,106.89600372314453,113.30176544189453
mp-aaaaacji,173.6529998779297,164.47096252441406
mp-aaacesvl,88.89099884033203,47.72821044921875
mp-aaaaaotz,70.99500274658203,56.375160217285156
mp-aaaaabjl,152.29100036621094,159.13931274414062
mp-aaaaahgz,103.89600372314453,107.51727294921875
mp-aaabfkvx,32.28499984741211,101.58331298828125
mp-aaaaahga,87.36799621582031,52.634765625
mp-aaaabiim,15.609000205993652,120.44300842285156
mp-aaacfzcu,126.73799896240234,87.7418212890625
mp-aaacdtpv,10.064000129699707,-20.021774291992188
mp-aaabpbaw,25.94300079345703,28.39788818359375
mp-aaaaaowc,38.4900016784668,85.2911376953125
mp-aaaaaylt,111.88400268554688,112.11080169677734
mp-aaacevyk,278.8110046386719,236.26806640625
mp-aaaabogx,49.53799819946289,61.981624603271484
mp-aaacdqce,175.35000610351562,119.37560272216797
mp-aaacfiqa,179.875,153.33493041992188
mp-aaaaaimj,71.1709976196289,69.7066421508789
mp-aaaaabng,260.0369873046875,217.88818359375
mp-aaabxgyv,164.91200256347656,160.6129150390625
mp-aaaaahkh,111.2750015258789,115.74651336669922
mp-aaacdoye,127.3219985961914,109.01130676269531
mp-aaaaaavj,185.0050048828125,193.77371215820312
mp-aaaaaylo,129.94200134277344,113.68677520751953
mp-aaabfuzz,106.16699981689453,75.44070434570312
mp-aaacdoke,25.864999771118164,37.58616638183594
mp-aaabxclt,42.236000061035156,34.26795959472656
mp-aaacfzij,15.600000381469727,40.043174743652344
mp-aaacdoki,23.549999237060547,34.730316162109375
mp-aaaaapwq,173.81399536132812,150.6459503173828
mp-aaabxjrl,135.072998046875,127.06269073486328
mp-aaaaadkp,59.75199890136719,55.97966766357422
mp-aaaaaszq,117.35299682617188,106.40963745117188
mp-aaabxgjn,70.4020004272461,77.73374938964844
mp-aaacgitm,76.38899993896484,79.89761352539062
mp-aaacewki,174.36300659179688,165.931640625
mp-aaaaaopt,52.444000244140625,62.49652099609375
mp-aaaaacsu,190.8560028076172,163.53268432617188
mp-aaacfyap,213.56199645996094,199.61605834960938
mp-aaabgkkg,218.60800170898438,184.22811889648438
mp-aaabkozf,35.005001068115234,50.65801239013672
mp-aaaaakuw,125.75900268554688,126.30574798583984
mp-aaaaadew,69.44000244140625,82.05075073242188
mp-aaaaatzt,66.57599639892578,81.16793060302734
mp-aaabxiys,219.36000061035156,181.255615234375
mp-aaabgkno,93.81999969482422,56.186710357666016
mp-aaaaagau,141.88999938964844,158.43592834472656
mp-aaabjybc,167.90899658203125,179.73822021484375
mp-aaacidma,79.04399871826172,76.53326416015625
mp-aaaaaovd,35.349998474121094,46.422889709472656
mp-aaaaaham,84.5979995727539,79.9995346069336
mp-aaaaaacm,44.16899871826172,49.417545318603516
mp-aaabfrhs,87.61699676513672,109.31415557861328
mp-aaaabtrj,178.53599548339844,162.990478515625
mp-aaaaboih,24.351999282836914,22.998184204101562
mp-aaaaadxr,132.60800170898438,128.6054229736328
mp-aaabqzta,82.44100189208984,59.77717208862305
mp-aaagkxvz,8.166000366210938,89.01002502441406
mp-aaacflim,258.3370056152344,268.8155822753906
mp-aaacfycz,82.25599670410156,67.14567565917969
mp-aaaabhxa,12.3100004196167,-1.9257736206054688
mp-aaaaajsi,17.575000762939453,8.242095947265625
mp-aaaaadbj,121.65399932861328,116.87577056884766
mp-aaabgiwh,75.79900360107422,89.43199157714844
mp-aaabxcpy,61.0359992980957,60.84635925292969
mp-aaabxgxa,168.31199645996094,166.5167236328125
mp-aaaaaors,19.865999221801758,19.785018920898438
mp-aaaaafbj,133.20199584960938,154.26800537109375
mp-aaaaalxt,73.7040023803711,78.25433349609375
mp-aaacdjwg,205.76300048828125,182.48345947265625
mp-aaacdsai,45.8489990234375,53.4079704284668
mp-aaaaachm,41.005001068115234,43.23408508300781
mp-aaabghok,66.13500213623047,55.49044418334961
mp-aaacfaon,293.3219909667969,246.99961853027344
mp-aaabfnnm,57.125,99.93282318115234
mp-aaaaaqrj,23.257999420166016,25.598114013671875
mp-aaabqyrr,174.62399291992188,172.3203887939453
mp-aaaaaaop,50.14500045776367,52.38777160644531
mp-aaabrgep,196.99099731445312,150.77621459960938
mp-aaaaabhn,201.7449951171875,188.39547729492188
mp-aaaaaois,58.78799819946289,63.05473709106445
mp-aaaabkmv,206.427001953125,118.82682800292969
mp-aaabglju,29.28700065612793,53.90815734863281
mp-aaaaaheg,84.9749984741211,38.560585021972656
mp-aaabxfct,74.90399932861328,92.5768814086914
mp-aaactgqb,172.9239959716797,166.83334350585938
mp-aaabxgtl,159.76199340820312,171.26882934570312
mp-aaabxdrv,95.22599792480469,105.16873168945312
mp-aaabxdpm,62.305999755859375,64.16276550292969
mp-aaacdrep,48.729000091552734,48.56218719482422
mp-aaaaahyi,80.34200286865234,103.3572769165039
mp-aaaaaloy,26.13599967956543,40.59938049316406
mp-aaacdlpf,206.4250030517578,118.81858825683594
mp-aaacdkag,8.076000213623047,22.960189819335938
mp-aaaaauca,173.75,157.77664184570312
mp-aaabgmoo,5.603000164031982,85.79999542236328
mp-aaaaaufk,49.159000396728516,36.74921417236328
mp-aaaaacvo,89.93299865722656,103.5806884765625
mp-aaacfjvk,72.5739974975586,95.92304992675781
mp-aaacdtol,36.41400146484375,27.510414123535156
mp-aaaaarjm,25.785999298095703,41.354347229003906
mp-aaaaammp,39.18600082397461,44.270301818847656
mp-aaaaahjq,175.91600036621094,162.8185272216797
mp-aaaaaeon,214.56199645996094,158.28961181640625
mp-aaaaabzp,146.11500549316406,152.92901611328125
mp-aaabfobj,76.35800170898438,68.88050079345703
mp-aaabgnbs,41.625999450683594,48.959564208984375
mp-aaaabhol,32.51100158691406,63.30825424194336
mp-aaabxcdk,86.0469970703125,64.82147216796875
mp-aaabxgtp,55.75699996948242,66.00273895263672
mp-aaaaalta,132.3769989013672,103.08615112304688
mp-aaabxixz,80.79299926757812,81.56987762451172
mp-aaabjlqm,16.340999603271484,34.56547546386719
mp-aaaaaptr,55.819000244140625,69.70242309570312
mp-aaacfwgm,172.5290069580078,151.2628631591797
mp-aaabxarb,149.87899780273438,121.31352996826172
mp-aaabqzge,136.01199340820312,49.00768280029297
mp-aaacginl,131.5850067138672,137.2889862060547
mp-aaaabaku,112.09700012207031,114.20152282714844
mp-aaaaakca,55.45899963378906,53.994747161865234
mp-aaaaaifc,147.12600708007812,130.16400146484375
mp-aaabfnmf,166.6439971923828,128.7775115966797
mp-aaabxhke,44.441001892089844,36.987030029296875
mp-aaabsens,196.6529998779297,159.8313446044922
mp-aaaaapxp,41.94200134277344,68.74708557128906
mp-aaaabzjz,64.93199920654297,59.24193572998047
mp-aaaabhhy,94.11499786376953,68.76789855957031
mp-aaaabqih,264.9339904785156,197.88714599609375
mp-aaacdijc,247.64599609375,188.7755126953125
mp-aaaaakpt,130.26800537109375,124.68206787109375
mp-aaaaamjw,36.667999267578125,76.73269653320312
mp-aaaabfji,72.20800018310547,77.72303771972656
mp-aaabflaa,63.112998962402344,91.88822174072266
mp-aaaabjgc,37.4739990234375,39.78350830078125
mp-aaabxchv,325.1510009765625,281.4327392578125
mp-aaaaafdi,184.40899658203125,185.46282958984375
mp-aaaaaosh,133.01400756835938,124.90415954589844
mp-aaaaafwg,175.46499633789062,231.83529663085938
mp-aaaaacog,83.3489990234375,91.52713012695312
mp-aaaabhvw,5.3470001220703125,-6.012275695800781
mp-aaabidts,101.9280014038086,101.70588684082031
mp-aaaceakh,9.810999870300293,33.76600646972656
mp-aaaaatgk,59.361000061035156,63.389095306396484
mp-aaabgmit,39.48699951171875,43.48436737060547
mp-aaabgkrf,18.0049991607666,73.242431640625
mp-aaacfzmk,348.76800537109375,182.6881561279297
mp-aaaaadil,24.281999588012695,133.20947265625
mp-aaabjyaz,191.177001953125,190.89208984375
mp-aaabjyfp,65.62200164794922,67.72032165527344
mp-aaaaayta,107.58599853515625,99.03562927246094
mp-aaaaajnu,63.86399841308594,72.47067260742188
mp-aaaaadjs,74.48400115966797,29.946449279785156
mp-aaaeijno,46.96699905395508,57.23468780517578
mp-aaafvqnr,76.29199981689453,95.11286163330078
mp-aaacdoeo,25.743000030517578,31.84215545654297
mp-aaacevzv,97.78800201416016,82.61244201660156
mp-aaaaaqzg,30.198999404907227,27.43299102783203
mp-aaaaavww,20.64299964904785,41.36248016357422
mp-aaacdivh,127.43099975585938,206.8736572265625
mp-aaaabtrk,71.5260009765625,84.78994750976562
mp-aaabgkja,35.09299850463867,40.82649230957031
mp-aaacdmyx,179.71800231933594,130.42776489257812
mp-aaacfzde,58.38199996948242,64.61932373046875
mp-aaabxhjv,59.862998962402344,73.90779113769531
mp-aaacgpol,88.70500183105469,105.52084350585938
mp-aaachcwh,26.261999130249023,37.510536193847656
mp-aaabxgjt,240.22999572753906,206.16943359375
mp-aaaabdnb,74.52300262451172,66.38401794433594
mp-aaaaaswm,107.66500091552734,80.30474090576172
mp-aaaabpen,11.524999618530273,38.72969055175781
mp-aaabxbwb,111.84700012207031,128.7406005859375
mp-aaaabhwl,107.7979965209961,100.14208221435547
mp-aaabxgnm,46.40399932861328,55.58919143676758
mp-aaabfhqe,148.26199340820312,103.22175598144531
mp-aaaaahin,52.237998962402344,71.47010803222656
mp-aaabeujn,148.82699584960938,119.84150695800781
mp-aaaabjsu,125.24299621582031,107.93707275390625
mp-aaacdoks,114.5270004272461,127.35445404052734
mp-aaacewcm,173.82200622558594,152.52862548828125
mp-aaabqypg,128.94700622558594,122.0706787109375
mp-aaabqwvt,153.4770050048828,136.89187622070312
mp-aaacdier,250.3560028076172,205.352783203125
mp-aaabgism,65.70800018310547,62.339481353759766
mp-aaaaafak,118.28900146484375,108.01427459716797
mp-aaabxcet,235.2899932861328,229.38876342773438
mp-aaafekwf,33.83300018310547,43.149131774902344
mp-aaacfwfh,159.86700439453125,109.34436798095703
mp-aaacfwen,175.8489990234375,176.26092529296875
mp-aaaabgzy,134.63499450683594,113.53043365478516
mp-aaabflgg,178.2469940185547,131.52452087402344
mp-aaabgmci,327.42498779296875,328.31732177734375
mp-aaaaafzr,16.017000198364258,20.16534423828125
mp-aaaaarbb,180.24400329589844,176.11451721191406
mp-aaacqaek,14.375,19.582351684570312
mp-aaaaablz,116.17900085449219,119.24182891845703
mp-aaaaanfj,215.16200256347656,245.4297637939453
mp-aaaaabdm,150.8800048828125,142.2611846923828
mp-aaabmhda,46.694000244140625,43.25965881347656
mp-aaaabduj,283.87200927734375,270.43377685546875
mp-aaacdnrw,55.104000091552734,63.578285217285156
mp-aaaciouk,111.99800109863281,120.1781005859375
mp-aaabxgbt,118.8479995727539,112.97503662109375
mp-aaacfych,25.09000015258789,20.010765075683594
mp-aaabxhkg,64.50499725341797,82.07352447509766
mp-aaaaabdy,219.03500366210938,217.13470458984375
mp-aaacrrav,269.1210021972656,301.02215576171875
mp-aaaaaowe,206.68099975585938,187.06436157226562
mp-aaaaabjy,26.902999877929688,29.51428985595703
mp-aaaaabsj,40.4900016784668,42.64215087890625
mp-aaabfbvb,85.73100280761719,128.3916473388672
mp-aaaaaonr,15.180000305175781,15.646018981933594
mp-aaaaafar,64.74299621582031,66.52461242675781
mp-aaaaatfi,85.18599700927734,96.34294891357422
mp-aaafngpc,37.433998107910156,64.50022888183594
mp-aaaaalad,25.523000717163086,36.17698669433594
mp-aaaabefq,136.1300048828125,183.941162109375
mp-aaacdmwv,123.71900177001953,137.12400817871094
mp-aaaaaqlc,98.67500305175781,98.16781616210938
mp-aaacdjwr,178.41299438476562,175.58428955078125
mp-aaaaalpd,198.19400024414062,142.5227813720703
mp-aaaabqpa,22.95800018310547,35.95573425292969
mp-aaaabivq,3.2149999141693115,5.767738342285156
mp-aaaaabps,233.37899780273438,219.43191528320312
mp-aaacgazb,122.76799774169922,133.58961486816406
mp-aaacdyug,175.44200134277344,159.88632202148438
mp-aaaablrp,10.008999824523926,86.07901763916016
mp-aaaabtzq,35.625,42.44622802734375
mp-aaaabehw,55.12699890136719,102.41224670410156
mp-aaaaaatn,202.97799682617188,176.74856567382812
mp-aaaaagxk,189.24899291992188,185.65768432617188
mp-aaabxdam,3.138000011444092,12.844810485839844
mp-aaaaadbc,105.25499725341797,112.44525146484375
mp-aaaaafcf,137.29100036621094,114.6399917602539
mp-aaacfkxq,27.523000717163086,68.8316879272461
mp-aaabxhgq,37.53499984741211,34.50537872314453
mp-aaaaaeva,33.48899841308594,87.6990737915039
mp-aaaaapcw,136.7220001220703,137.5832061767578
mp-aaaaacpn,127.0510025024414,126.92989349365234
mp-aaaaadxu,42.36899948120117,40.756202697753906
mp-aaaaacow,72.53199768066406,67.90312194824219
mp-aaabqwsj,39.821998596191406,74.64299011230469
mp-aaacdpox,20.429000854492188,27.302139282226562
mp-aaaaaeym,203.11099243164062,172.52859497070312
mp-aaaaabeq,159.43800354003906,152.9967041015625
mp-aaacrhrg,308.79400634765625,255.61874389648438
mp-aaaabdwf,115.8550033569336,119.59906768798828
mp-aaaaahag,64.50299835205078,81.6597671508789
mp-aaaaauby,69.33899688720703,72.6794662475586
mp-aaaaarax,219.99400329589844,186.94140625
mp-aaaabhky,202.99899291992188,154.10891723632812
mp-aaacdjlq,172.89999389648438,158.7319793701172
mp-aaabgked,194.76100158691406,177.7239990234375
mp-aaaaacwc,83.1729965209961,78.73977661132812
mp-aaabxfqi,41.683998107910156,16.4287109375
mp-aaabgmxs,64.87999725341797,89.86854553222656
mp-aaaaakim,79.86799621582031,74.57733154296875
mp-aaaccsqv,93.14099884033203,119.22434997558594
mp-aaacetai,23.260000228881836,72.60285949707031
mp-aaacdscl,64.96199798583984,39.330604553222656
mp-aaacdsfp,58.4630012512207,59.50876235961914
mp-aaachdqg,38.040000915527344,39.36566925048828
mp-aaaabgym,208.21800231933594,166.7423095703125
mp-aaaaaisn,193.302001953125,150.04116821289062
mp-aaacgjlv,13.904000282287598,86.482421875
mp-aaaabpoq,1.0290000438690186,47.198944091796875
mp-aaacgdjc,76.4749984741211,87.83517456054688
mp-aaachhqt,78.07599639892578,91.5963363647461
mp-aaabcsrk,51.89699935913086,58.90741729736328
mp-aaabghkh,24.215999603271484,75.6093978881836
mp-aaaabidw,43.2239990234375,77.228515625
mp-aaacflvt,247.81100463867188,240.9552764892578
mp-aaaaahlg,131.49000549316406,47.477691650390625
mp-aaabxheu,58.308998107910156,60.21071243286133
mp-aaaaahrt,69.28399658203125,41.00715637207031
mp-aaaaacvq,73.69300079345703,54.449520111083984
mp-aaaaasln,36.15299987792969,31.048568725585938
mp-aaaabeak,69.23200225830078,56.29915237426758
mp-aaaaabuh,195.5659942626953,166.8489227294922
mp-aaabxgjw,127.68800354003906,102.61328887939453
mp-aaaaahcz,35.96799850463867,20.070640563964844
mp-aaaabdxm,83.08499908447266,44.381141662597656
mp-aaabkfie,179.37600708007812,160.05612182617188
mp-aaaaarbd,106.02400207519531,114.08206939697266
mp-aaaaadeb,128.16700744628906,94.91471099853516
mp-aaaabfcj,77.78900146484375,74.33503723144531
mp-aaabctxc,112.27899932861328,106.03417205810547
mp-aaabxfot,168.968994140625,169.65773010253906
mp-aaabxfqa,187.04600524902344,171.5428924560547
mp-aaacfkqg,97.2770004272461,133.9400634765625
mp-aaacfkro,42.452999114990234,70.06951904296875
mp-aaabfvqc,12.126999855041504,67.15087890625
mp-aaaabevp,108.74600219726562,96.69383239746094
mp-aaaaaltk,56.92499923706055,20.85149383544922
mp-aaacgpei,86.99600219726562,65.53363037109375
mp-aaacfyco,43.97100067138672,37.589935302734375
mp-aaaaatfh,180.5030059814453,253.64413452148438
mp-aaacgoww,60.3120002746582,121.24864959716797
mp-aaabxixw,41.349998474121094,93.58836364746094
mp-aaacevra,82.80500030517578,158.08981323242188
mp-aaacgisj,144.79100036621094,131.8926239013672
mp-aaaaaybv,36.53799819946289,29.353614807128906
mp-aaabgnkp,181.74200439453125,201.9901885986328
mp-aaabxhml,75.88400268554688,65.02592468261719
mp-aaaabtpk,80.79199981689453,86.2741928100586
mp-aaacrfko,279.5690002441406,283.58917236328125
mp-aaacfaoo,79.75700378417969,68.03306579589844
mp-aaabxfeh,206.08599853515625,134.54656982421875
mp-aaaaatei,157.16200256347656,135.83265686035156
mp-aaacdlwu,52.034000396728516,52.74720764160156
mp-aaabxchr,125.11699676513672,111.77267456054688
mp-aaabglhy,189.75,212.41055297851562
mp-aaaabhga,23.840999603271484,18.570327758789062
mp-aaaaainc,160.64500427246094,137.48550415039062
mp-aaacrmur,365.4939880371094,213.15057373046875
mp-aaabgmlp,130.3090057373047,135.99293518066406
mp-aaaaaoye,41.111000061035156,59.79899215698242
mp-aaabxfny,247.41200256347656,210.9884490966797
mp-aaaabszz,25.03700065612793,84.91412353515625
mp-aaaaagrq,100.75,108.0727767944336
mp-aaacdshi,27.429000854492188,62.692569732666016
mp-aaaaacui,13.265999794006348,29.987380981445312
mp-aaacdsqg,96.96399688720703,115.62854766845703
mp-aaaabslk,33.26499938964844,45.06452178955078
mp-aaabqztx,84.36599731445312,48.735496520996094
mp-aaabqxsf,114.26499938964844,122.38134765625
mp-aaabxhfi,129.32000732421875,114.23385620117188
mp-aaaabqdj,21.429000854492188,127.5577163696289
mp-aaaabrdl,122.68699645996094,100.85028839111328
mp-aaaaaabk,50.6510009765625,58.28770065307617
mp-aaaaalzh,14.82699966430664,35.98954772949219
mp-aaaaalhn,213.11900329589844,120.18204498291016
mp-aaacdttq,19.264999389648438,31.400482177734375
mp-aaaaalbs,84.47899627685547,90.47885131835938
mp-aaaaaxqb,140.74899291992188,141.80551147460938
mp-aaabxfpd,139.6009979248047,115.3179702758789
mp-aaabxjbm,72.4530029296875,59.29619216918945
mp-aaacdius,82.05400085449219,81.475341796875
mp-aaaaagho,16.222999572753906,23.436126708984375
mp-aaaaaant,120.48300170898438,102.34009552001953
mp-aaacewne,41.505001068115234,40.84892272949219
mp-aaabxjvy,214.4739990234375,197.08746337890625
mp-aaabxgiz,105.81700134277344,92.78829956054688
mp-aaaaaomz,177.38299560546875,146.7567138671875
mp-aaacflit,328.3609924316406,356.1389465332031
mp-aaacjbeg,60.16899871826172,69.31095886230469
mp-aaaaaejz,81.12200164794922,73.55741882324219
mp-aaaceszy,78.90799713134766,120.58021545410156
mp-aaaaaxfz,314.9729919433594,197.43072509765625
mp-aaacfybp,80.46499633789062,66.58935546875
mp-aaaabika,6.692999839782715,-1.0103683471679688
mp-aaabglpo,48.66999816894531,70.56764221191406
mp-aaaaaqcd,108.70500183105469,112.17513275146484
mp-aaabeuhr,28.434999465942383,33.90861511230469
mp-aaabrgws,170.98399353027344,127.40286254882812
mp-aaacehpv,42.03499984741211,36.422096252441406
mp-aaabgmhs,58.17900085449219,81.05537414550781
mp-aaaaalnh,68.83200073242188,40.114166259765625
mp-aaabxcny,59.19499969482422,42.74909973144531
mp-aaaaaudm,20.125,41.70207977294922
mp-aaaaaybk,85.58000183105469,72.40946197509766
mp-aaaaacfs,41.17100143432617,49.96502685546875
mp-aaaaaztt,204.6179962158203,184.18563842773438
mp-aaaabezj,47.138999938964844,71.5296401977539
mp-aaaccsol,45.125,49.50434875488281
mp-aaaaaipv,116.14399719238281,102.74628448486328
mp-aaaaafmo,201.47000122070312,187.484130859375
mp-aaaabpes,17.174999237060547,25.141830444335938
mp-aaacdmvv,39.58300018310547,89.01718139648438
mp-aaaaaacv,111.04900360107422,132.6731414794922
mp-aaaaacbh,49.69499969482422,57.699195861816406
mp-aaabikgq,68.41699981689453,92.86923217773438
mp-aaaaabmw,276.0559997558594,246.59983825683594
mp-aaabxhgp,218.7169952392578,218.86489868164062
mp-aaacrrbb,247.46499633789062,289.47601318359375
mp-aaaabecf,118.68499755859375,89.08434295654297
mp-aaabdata,125.94100189208984,146.22552490234375
mp-aaaaalsy,35.04800033569336,45.573280334472656
mp-aaacfxjp,109.66300201416016,85.98907470703125
mp-aaaaahhw,122.84200286865234,124.14136505126953
mp-aaabxhbz,47.33300018310547,45.61975860595703
mp-aaabxjrz,180.48599243164062,170.40257263183594
mp-aaaaaboh,70.98100280761719,59.665977478027344
mp-aaaaaxci,7.360000133514404,56.53391647338867
mp-aaacdsah,44.74800109863281,52.230316162109375
mp-aaaabfhd,134.08799743652344,166.49111938476562
mp-aaaaaoeh,56.0989990234375,47.06303405761719
mp-aaacfyba,173.77699279785156,148.30442810058594
mp-aaaaablw,102.45700073242188,196.265625
mp-aaaaajys,30.843000411987305,26.257614135742188
mp-aaaaaess,120.92900085449219,201.42813110351562
mp-aaabnqij,54.31700134277344,86.77452087402344
mp-aaaaaxdn,24.756000518798828,47.69689178466797
mp-aaaaagqa,316.04901123046875,251.91290283203125
mp-aaaabeea,77.05000305175781,78.90103149414062
mp-aaabgaon,57.13999938964844,106.99128723144531
mp-aaaaahzg,43.30500030517578,69.21524047851562
mp-aaaabojb,72.84700012207031,108.37533569335938
mp-aaacgpgh,46.80799865722656,141.02825927734375
mp-aaaaakav,8.597999572753906,40.34716033935547
mp-aaabxiyl,74.47599792480469,71.27867126464844
mp-aaaaaxqx,145.52099609375,125.86412048339844
mp-aaacdpet,236.91799926757812,153.4611053466797
mp-aaaabedf,103.68800354003906,99.7934799194336
mp-aaabxiye,115.66600036621094,117.71483612060547
mp-aaabglry,191.427001953125,210.83724975585938
mp-aaacdnvd,-83.56999969482422,72.85472869873047
mp-aaabqzgf,158.13099670410156,127.6738510131836
mp-aaaaanaq,83.4219970703125,143.13992309570312
mp-aaaaalru,10.48900032043457,5.7578125
mp-aaaaadli,79.89099884033203,66.40098571777344
mp-aaaaafqh,236.7169952392578,239.42654418945312
mp-aaabxgqs,40.5359992980957,60.86139678955078
mp-aaacdkdp,99.88200378417969,108.03912353515625
mp-aaaaarnl,39.05500030517578,55.966087341308594
mp-aaaabtgl,100.15299987792969,77.29287719726562
mp-aaaaahqp,173.36000061035156,150.7001953125
mp-aaabgzgi,206.7270050048828,248.58668518066406
mp-aaaabdiv,51.17300033569336,60.17618179321289
mp-aaaaahjy,169.63499450683594,146.80189514160156
mp-aaacfslv,217.40499877929688,226.21392822265625
mp-aaaabjbu,78.38099670410156,84.53543853759766
mp-aaaaahvg,149.58999633789062,112.0664291381836
mp-aaaaatxi,100.73899841308594,111.47419738769531
mp-aaaaapuu,38.97999954223633,22.59990692138672
mp-aaabjyfy,103.37999725341797,139.25982666015625
mp-aaabgjgp,135.08799743652344,126.87114715576172
mp-aaacfhml,102.32499694824219,161.1268310546875
mp-aaaaacmr,44.03099822998047,43.538658142089844
mp-aaaaaeqw,3.747999906539917,92.43314361572266
mp-aaabglip,47.91299819946289,58.62257385253906
mp-aaabxjbn,142.91299438476562,120.72488403320312
mp-aaabxjrv,224.4669952392578,186.49099731445312
mp-aaacflrk,268.5379943847656,348.8956298828125
mp-aaaaaflc,65.33999633789062,76.25374603271484
mp-aaabftlh,51.47999954223633,97.91670989990234
mp-aaaaagfj,108.43099975585938,106.8737564086914
mp-aaaabdxa,73.43199920654297,86.04949951171875
mp-aaadattb,126.0989990234375,84.79369354248047
mp-aaabglah,195.32200622558594,176.81744384765625
mp-aaaaagsr,58.27299880981445,95.97053527832031
mp-aaabxgvp,118.8010025024414,131.80760192871094
mp-aaacdsqd,231.5540008544922,201.3270263671875
mp-aaaabevc,172.406005859375,156.35903930664062
mp-aaaaagjk,88.802001953125,100.67547607421875
mp-aaabmzkh,30.06800079345703,39.736122131347656
mp-aaaabqik,13.369999885559082,22.916954040527344
mp-aaabgkpt,176.4459991455078,183.13136291503906
mp-aaaaajni,155.406005859375,97.36981201171875
mp-aaabrtyr,85.19499969482422,62.036624908447266
mp-aaacdrdo,151.68099975585938,152.27098083496094
mp-aaaaaekp,161.83700561523438,174.22181701660156
mp-aaabghir,42.92499923706055,54.79063415527344
mp-aaaaaarz,147.03599548339844,156.23654174804688
mp-aaacearx,189.3560028076172,171.3113555908203
mp-aaabewas,141.0330047607422,114.82447814941406
mp-aaabeusv,65.70700073242188,46.839576721191406
mp-aaaaaasf,13.73900032043457,41.46014404296875
mp-aaaabeic,82.2490005493164,86.10907745361328
mp-aaaceboh,32.21099853515625,50.34468460083008
mp-aaaabupm,49.60900115966797,63.4988899230957
mp-aaabxcic,54.86399841308594,52.07658004760742
mp-aaacfkmq,174.99099731445312,158.49000549316406
mp-aaabxggk,73.41300201416016,72.16925048828125
mp-aaacgpeh,71.87100219726562,72.88961791992188
mp-aaaaabco,130.92799377441406,116.91439056396484
mp-aaaaailq,41.00899887084961,78.28219604492188
mp-aaaaafsj,66.54299926757812,69.72059631347656
mp-aaafdxgq,7.860000133514404,70.08074951171875
mp-aaabxiyk,33.47700119018555,32.540550231933594
mp-aaabxbzf,50.305999755859375,44.707054138183594
mp-aaaabhmq,196.74600219726562,178.33078002929688
mp-aaabqzzr,213.89500427246094,168.66725158691406
mp-aaaaaaha,41.23699951171875,44.76917266845703
mp-aaacgiyp,112.1510009765625,121.31744384765625
mp-aaaccson,135.8179931640625,128.78192138671875
mp-aaaaafjy,80.27200317382812,92.5198974609375
mp-aaaaacgg,210.8470001220703,161.87265014648438
mp-aaabxiso,234.98300170898438,185.84934997558594
mp-aaaaadvj,187.50100708007812,170.95166015625
mp-aaaabths,180.4290008544922,189.07363891601562
mp-aaabxbud,123.75199890136719,117.47062683105469
mp-aaabgnkl,173.23300170898438,190.91116333007812
mp-aaaaadea,127.89600372314453,272.85870361328125
mp-aaaaaowd,61.70199966430664,66.19935607910156
mp-aaacfxzu,336.5400085449219,234.62832641601562
mp-aaaabsxb,77.98899841308594,73.14999389648438
mp-aaabjygy,99.01000213623047,135.3203125
mp-aaabmyvv,119.44200134277344,104.24470520019531
mp-aaaaahtn,82.34100341796875,146.78598022460938
mp-aaacdrrk,75.697998046875,83.28819274902344
mp-aaacfsjk,177.17300415039062,205.7272491455078
mp-aaacfxfj,323.1579895019531,476.2932434082031
mp-aaaabtca,53.652000427246094,46.407615661621094
mp-aaacdpxs,188.51699829101562,181.8955078125
mp-aaaaaiqy,80.18000030517578,78.99342346191406
mp-aaabxaqu,48.7140007019043,34.117897033691406
mp-aaabxcgc,58.08599853515625,56.90837097167969
mp-aaaabdrd,71.57599639892578,107.72295379638672
mp-aaaaaumu,174.7760009765625,152.57118225097656
mp-aaadasyd,15.822999954223633,36.85435485839844
mp-aaabglpb,9.626999855041504,59.592124938964844
mp-aaaabhxl,5.964000225067139,95.38883972167969
mp-aaaaatls,56.85900115966797,68.68159484863281
mp-aaaaakjc,174.85499572753906,169.5179443359375
mp-aaaabtan,60.91899871826172,53.62477493286133
mp-aaacdiqz,84.39399719238281,94.85711669921875
mp-aaaabdvy,96.83300018310547,100.62387084960938
mp-aaacrxnw,209.35800170898438,243.516357421875
mp-aaacdusb,209.28500366210938,80.8688735961914
mp-aaaabstn,113.21800231933594,62.636680603027344
mp-aaaaalrn,53.67599868774414,54.799346923828125
mp-aaacggse,9.223999977111816,78.67361450195312
mp-aaaaanqv,149.14599609375,131.7557373046875
mp-aaaaagde,24.861000061035156,31.17150115966797
mp-aaaaadbr,64.51399993896484,86.08383178710938
mp-aaacdibf,28.312999725341797,23.63886260986328
mp-aaacfkdm,60.04100036621094,87.9130859375
mp-aaacfxjm,79.53700256347656,77.54853820800781
mp-aaabgnfa,75.5009994506836,60.51668930053711
mp-aaaaahvo,115.30699920654297,93.2954330444336
mp-aaaaaten,93.55899810791016,84.29692840576172
mp-aaaaabnx,181.4980010986328,164.58985900878906
mp-aaaaamue,167.39100646972656,180.70423889160156
mp-aaaaaucl,121.63200378417969,126.7645492553711
mp-aaacfgiq,16.753999710083008,40.22434997558594
mp-aaabnasd,60.0620002746582,72.22782135009766
mp-aaacdvmm,58.19599914550781,78.45814514160156
mp-aaaaajxy,79.37799835205078,83.30268859863281
mp-aaabgmqz,213.18600463867188,120.1646728515625
mp-aaaaaagr,110.78399658203125,101.95619201660156
mp-aaaaaqtt,189.37600708007812,143.30747985839844
mp-aaaaagoi,76.74800109863281,70.19065856933594
mp-aaaaaaud,62.48099899291992,101.25106048583984
mp-aaaaawlv,72.79399871826172,59.5128059387207
mp-aaabxgwr,173.9149932861328,137.40728759765625
mp-aaaaamub,233.91099548339844,268.2734375
mp-aaaaaczj,99.64600372314453,112.08771514892578
mp-aaabxgxq,68.45899963378906,56.98712158203125
mp-aaaaauss,49.62900161743164,62.138614654541016
mp-aaaaalmh,70.5260009765625,52.16360855102539
mp-aaaabtlq,63.52199935913086,54.411048889160156
mp-aaabxgpl,244.9969940185547,229.1087646484375
mp-aaacgotc,128.67599487304688,148.957275390625
mp-aaaaafja,188.71600341796875,134.0531005859375
mp-aaabghdr,9.621000289916992,21.10649871826172
mp-aaaabsld,36.20600128173828,53.184844970703125
mp-aaaabgjh,105.65899658203125,117.67778015136719
mp-aaabxhjo,66.61299896240234,62.63236999511719
mp-aaaabehe,135.27099609375,139.79493713378906
mp-aaaaadqq,152.95399475097656,146.69656372070312
mp-aaaabhng,154.6739959716797,152.63816833496094
mp-aaacbjfs,118.81600189208984,210.16384887695312
mp-aaaaamhq,111.13700103759766,93.13561248779297
mp-aaaabeht,129.86599731445312,112.28726196289062
mp-aaabraed,179.33599853515625,163.86029052734375
mp-aaaabspw,96.01599884033203,124.679931640625
mp-aaaabsyg,90.93599700927734,84.07540130615234
mp-aaaaabkx,61.9630012512207,76.93116760253906
mp-aaaaauaf,111.53900146484375,144.23040771484375
mp-aaacfxgi,224.9600067138672,246.6640167236328
mp-aaabsqsc,240.4320068359375,190.00538635253906
mp-aaaaaddz,39.15599822998047,69.92957305908203
mp-aaaaasgl,95.24400329589844,148.92440795898438
mp-aaacdpwh,84.6729965209961,84.3904037475586
mp-aaaaaarh,175.83099365234375,179.39089965820312
mp-aaaabfmn,133.86000061035156,98.45032501220703
mp-aaabxfoc,252.15899658203125,185.84011840820312
mp-aaabxfgb,249.91400146484375,200.77224731445312
mp-aaabxcfn,80.34600067138672,76.34676361083984
mp-aaacehwz,26.38599967956543,-3.2026519775390625
mp-aaaaaomx,62.731998443603516,58.69271469116211
mp-aaaaaguh,189.70799255371094,160.62088012695312
mp-aaacdkno,90.31999969482422,61.2531623840332
mp-aaabxfpb,71.68199920654297,87.23499298095703
mp-aaaaaaeo,0.9729999899864197,63.558135986328125
mp-aaaaaaiw,94.06800079345703,94.50952911376953
mp-aaaaaemc,118.63400268554688,97.6434555053711
mp-aaaaafmk,197.4340057373047,205.98007202148438
mp-aaacdtdm,36.5890007019043,28.176734924316406
mp-aaacjjbh,273.5140075683594,249.1533660888672
mp-aaaaaefl,121.62999725341797,135.85293579101562
mp-aaaaaqhv,148.40499877929688,99.68739318847656
mp-aaacgpih,102.34200286865234,182.5409698486328
mp-aaaaagvj,161.71200561523438,172.72390747070312
mp-aaabgnkt,273.08099365234375,283.91180419921875
mp-aaaccsrn,148.03799438476562,182.3828125
mp-aaacfxgs,182.75100708007812,159.36399841308594
mp-aaabxdsd,74.85600280761719,79.29838562011719
mp-aaabxfvf,155.7449951171875,145.016845703125
mp-aaaaagxu,16.052000045776367,23.91144561767578
mp-aaaaayen,41.262001037597656,45.67760467529297
mp-aaabxhdr,183.7259979248047,156.24017333984375
mp-aaaaahpk,133.64999389648438,83.3683853149414
mp-aaabjlpe,158.20700073242188,179.24658203125
mp-aaaaakgy,185.3350067138672,264.5715026855469
mp-aaabxbbj,116.1989974975586,100.34551239013672
mp-aaaabdfn,57.202999114990234,82.9932861328125
mp-aaaabpbs,80.52999877929688,87.47054290771484
mp-aaabxbqt,160.44200134277344,142.28594970703125
mp-aaabgmvg,8.913000106811523,101.39282989501953
mp-aaaaafcj,151.47999572753906,147.4165802001953
mp-aaaaalwj,49.904998779296875,57.31553268432617
mp-aaaaaepd,152.12399291992188,148.29278564453125
mp-aaaaanpb,59.426998138427734,30.304214477539062
mp-aaacehvg,43.34700012207031,28.296981811523438
mp-aaaaaeys,80.20500183105469,78.61320495605469
mp-aaabxfon,99.31700134277344,122.3593521118164
mp-aaaaanhy,21.645000457763672,27.377708435058594
mp-aaacjjgn,351.2330017089844,323.74212646484375
mp-aaaaagdi,83.91200256347656,95.7841796875
mp-aaabxhhw,96.83200073242188,121.81192779541016
mp-aaaaaaff,13.869999885559082,16.743431091308594
mp-aaaaarmd,113.44200134277344,116.6206283569336
mp-aaacgaga,41.391998291015625,21.923667907714844
mp-aaabxgjy,193.11300659179688,167.67466735839844
mp-aaaaafwd,30.490999221801758,39.864662170410156
mp-aaackryw,82.77200317382812,67.67250061035156
mp-aaaaaayn,177.41900634765625,193.4221649169922
mp-aaaaapzu,20.05699920654297,45.58667755126953
mp-aaaaaghy,140.2259979248047,172.66851806640625
mp-aaaaagaz,41.9900016784668,85.48148345947266
mp-aaaaahtm,71.43599700927734,64.57658386230469
mp-aaaabdjh,170.2689971923828,146.87327575683594
mp-aaaabrwz,66.29000091552734,78.82501983642578
mp-aaaaaamg,146.44500732421875,136.2843780517578
mp-aaaabukx,106.56900024414062,75.64846801757812
mp-aaaabtqn,243.93299865722656,201.4050750732422
mp-aaabxcgb,64.64900207519531,65.41465759277344
mp-aaacdrdg,35.14400100708008,40.02067565917969
mp-aaaabdhx,160.56199645996094,168.00994873046875
mp-aaaaatko,99.64399719238281,87.30032348632812
mp-aaacdijp,216.08200073242188,205.73956298828125
mp-aaaaaerm,79.17900085449219,64.08540344238281
mp-aaaabkdo,19.158000946044922,43.105224609375
mp-aaabiinr,145.46099853515625,149.26361083984375
mp-aaaaafhz,151.5279998779297,123.05027770996094
mp-aaaaaytr,169.302001953125,156.18710327148438
mp-aaaaaeni,170.39500427246094,140.20693969726562
mp-aaaaaqov,71.04499816894531,81.156005859375
mp-aaabxclj,29.472000122070312,78.50735473632812
mp-aaabrsof,122.7699966430664,79.6024169921875
mp-aaaaadtm,60.742000579833984,59.85038375854492
mp-aaabxghu,243.0030059814453,227.59381103515625
mp-aaacdjld,110.89700317382812,123.59159088134766
mp-aaabxdqj,78.33499908447266,79.718017578125
mp-aaaaacqa,182.83099365234375,221.2587127685547
mp-aaaaaazt,86.76899719238281,86.91410827636719
mp-aaacfliu,295.0710144042969,306.86181640625
mp-aaacfwfc,208.7530059814453,199.4227294921875
mp-aaabgnof,225.91799926757812,219.44952392578125
mp-aaaaabwt,35.16699981689453,70.4719467163086
mp-aaabxaqx,125.90599822998047,107.66632843017578
mp-aaacehvu,135.54600524902344,146.90011596679688
mp-aaaaahle,156.8179931640625,187.3538818359375
mp-aaaaacdv,205.0780029296875,197.7564697265625
mp-aaaaahvh,60.595001220703125,63.86111831665039
mp-aaaaaraq,135.44200134277344,104.92686462402344
mp-aaaabkmu,19.45199966430664,-14.185203552246094
mp-aaabxfwj,76.10700225830078,75.22003173828125
mp-aaabevqd,36.44300079345703,66.63980865478516
mp-aaaaaino,98.36399841308594,78.6603775024414
mp-aaabxgtf,188.3260040283203,181.06228637695312
mp-aaaabqjb,15.72599983215332,-1.4237823486328125
mp-aaacfyzt,101.22100067138672,124.93700408935547
mp-aaabxfni,228.5850067138672,232.61219787597656
mp-aaacgagu,125.947998046875,105.23719024658203
mp-aaabghvz,55.178001403808594,75.29177856445312
mp-aaabxguk,257.89300537109375,208.27850341796875
mp-aaaaalmw,53.99700164794922,59.18732833862305
mp-aaabxitu,196.7519989013672,193.39266967773438
mp-aaabfnrd,19.959999084472656,56.19779586791992
mp-aaaaacpl,100.06800079345703,91.16314697265625
mp-aaaaadne,139.4250030517578,125.23100280761719
mp-aaacfjvz,339.625,304.02734375
mp-aaaaakuf,176.8249969482422,158.9817657470703
mp-aaabxhah,66.91600036621094,69.96378326416016
mp-aaaabdws,170.99200439453125,193.32470703125
mp-aaabqyvq,75.26899719238281,108.49259948730469
mp-aaaaafyj,134.59300231933594,166.4816131591797
mp-aaaaadyl,203.60000610351562,167.756591796875
mp-aaabxghj,229.7779998779297,214.35214233398438
mp-aaaaaaxd,75.91899871826172,79.68303680419922
mp-aaaaadel,99.59200286865234,76.73173522949219
mp-aaaaadmh,116.72000122070312,131.879638671875
mp-aaaaaaao,4.123000144958496,-12.0552978515625
mp-aaaaaejr,69.14600372314453,76.00210571289062
mp-aaaaabqx,2.2929999828338623,50.67720031738281
mp-aaaabgpo,129.4770050048828,100.76732635498047
mp-aaaaaxcw,14.390000343322754,29.429779052734375
mp-aaaaardn,159.85400390625,171.30093383789062
mp-aaaaaenl,119.7959976196289,108.11471557617188
mp-aaaaasqs,73.77899932861328,63.38253402709961
mp-aaaabqce,9.946999549865723,80.21549224853516
mp-aaaaaids,51.87200164794922,58.17935562133789
mp-aaaaaear,120.98300170898438,122.04681396484375
mp-aaaabdti,41.1619987487793,44.86614227294922
mp-aaabgnmu,133.38600158691406,120.3118896484375
mp-aaacfizq,67.39800262451172,52.507328033447266
mp-aaacfrke,31.72599983215332,38.886009216308594
mp-aaaacejn,20.812000274658203,51.479190826416016
mp-aaaaafpj,12.074999809265137,45.95647430419922
mp-aaacdzah,54.43199920654297,71.24595642089844
mp-aaabkrud,299.81201171875,270.646240234375
mp-aaaaaqyr,180.03199768066406,152.96665954589844
mp-aaacdoxc,50.83599853515625,40.77044677734375
mp-aaaaaane,60.983001708984375,58.52070236206055
mp-aaabxfvu,193.28599548339844,193.97157287597656
mp-aaaaardx,243.781005859375,331.13970947265625
mp-aaaabspo,375.4230041503906,291.5325927734375
mp-aaabxcgf,97.04900360107422,87.44298553466797
mp-aaacdmwt,11.416000366210938,27.73303985595703
mp-aaabgjix,36.26100158691406,67.66666412353516
mp-aaaabekm,155.1230010986328,174.22726440429688
mp-aaacdpnx,165.31399536132812,148.57626342773438
mp-aaaaacyu,191.3769989013672,233.23269653320312
mp-aaacfjai,130.2989959716797,124.41507720947266
mp-aaaaatco,23.948999404907227,44.29518127441406
mp-aaacdlhy,41.029998779296875,47.829933166503906
mp-aaacgpdh,95.41300201416016,73.1355972290039
mp-aaaaaqxw,115.02100372314453,121.96510314941406
mp-aaaaaqbc,111.46299743652344,87.65189361572266
mp-aaaabwva,225.03199768066406,260.16534423828125
mp-aaabmmcg,77.97100067138672,115.91938018798828
mp-aaacdhyw,96.7959976196289,101.31036376953125
mp-aaaaadmm,45.86800003051758,60.255218505859375
mp-aaaaarji,131.31199645996094,94.44212341308594
mp-aaaaagyr,72.4260025024414,49.65846252441406
mp-aaaaacpe,104.2979965209961,81.61973571777344
mp-aaabewyb,444.6050109863281,172.92974853515625
mp-aaackyjo,274.6719970703125,250.68795776367188
mp-aaabxgfy,156.97900390625,156.7509307861328
mp-aaabfiyu,154.1300048828125,94.06592559814453
mp-aaaabgqc,73.03500366210938,62.06447219848633
mp-aaaaaeet,170.47799682617188,123.68157958984375
mp-aaacdjht,136.04299926757812,128.89047241210938
mp-aaacdkds,151.06900024414062,122.3847427368164
mp-aaacgoqy,39.935001373291016,86.58700561523438
mp-aaabxdqa,92.17500305175781,82.31181335449219
mp-aaagjtho,3.5299999713897705,49.14968490600586
mp-aaaabpvl,27.77400016784668,34.402565002441406
mp-aaabxfgl,33.23500061035156,42.8729248046875
mp-aaaaaknx,78.52999877929688,100.49533081054688
mp-aaabgjee,152.21200561523438,158.1016082763672
mp-aaackrev,84.41400146484375,70.23054504394531
mp-aaabjybk,162.6219940185547,117.92437744140625
mp-aaaabonk,62.60300064086914,96.42607879638672
mp-aaabkviy,59.34400177001953,66.16122436523438
mp-aaabxfmk,171.30299377441406,147.96511840820312
mp-aaacewcv,93.51000213623047,98.84529113769531
mp-aaacpthb,19.985000610351562,34.081329345703125
mp-aaabxjuv,32.154998779296875,22.750648498535156
mp-aaaaaodg,20.04599952697754,63.592830657958984
mp-aaacdrpg,193.81199645996094,168.81227111816406
mp-aaackslv,101.01599884033203,94.94463348388672
mp-aaaabjqr,105.71700286865234,60.95229721069336
mp-aaabxdrr,145.1219940185547,123.58169555664062
mp-aaacevyh,53.25,108.67628479003906
mp-aaabglvx,6.794000148773193,20.91930389404297
mp-aaacfkhc,53.22800064086914,59.045623779296875
mp-aaaaayfr,87.81800079345703,90.47377014160156
mp-aaabgiyg,82.72200012207031,103.5821762084961
mp-aaaaaash,73.01799774169922,68.69084930419922
mp-aaaabeqs,91.18199920654297,113.16748046875
mp-aaaabdou,90.83300018310547,90.04916381835938
mp-aaabxaqf,28.632999420166016,21.3082275390625
mp-aaacfroo,26.695999145507812,41.014854431152344
mp-aaabqxog,100.0009994506836,89.75001525878906
mp-aaaaaanx,111.71499633789062,64.33432006835938
mp-aaabxfjg,145.68299865722656,127.80155944824219
mp-aaabkhee,63.551998138427734,90.38410186767578
mp-aaabxjqu,193.8520050048828,159.01756286621094
mp-aaaaazsp,170.82200622558594,163.2518310546875
mp-aaacdohr,92.60399627685547,90.75345611572266
mp-aaabxbrs,137.38699340820312,131.6856689453125
mp-aaabqzsk,72.24600219726562,87.87158203125
mp-aaaaaeoc,47.058998107910156,67.65280151367188
mp-aaaabqpl,90.27300262451172,118.5433349609375
mp-aaaabfzd,67.22100067138672,86.22758483886719
mp-aaaaaqru,185.86900329589844,131.08529663085938
mp-aaacdkou,22.638999938964844,28.079803466796875
mp-aaaabydc,22.920000076293945,30.67461395263672
mp-aaaaaeba,34.15999984741211,61.175960540771484
mp-aaabxhgj,246.2100067138672,205.61642456054688
mp-aaaaaqsz,93.66600036621094,62.14525604248047
mp-aaacrlgp,287.13299560546875,308.9140625
mp-aaaaagcj,78.03700256347656,80.68711853027344
mp-aaaaacgl,37.04199981689453,32.304664611816406
mp-aaabgjfk,213.22900390625,120.14701843261719
mp-aaabjxyb,189.875,133.17129516601562
mp-aaaaamtr,22.506000518798828,20.25316619873047
mp-aaadcbsm,47.362998962402344,63.1231689453125
mp-aaacdlmc,366.0159912109375,319.17041015625
mp-aaacdjcx,203.00799560546875,170.20037841796875
mp-aaacfwev,161.7969970703125,138.4053192138672
mp-aaacrfvw,268.260009765625,305.0457458496094
mp-aaaaaieq,60.84600067138672,88.56097412109375
mp-aaaaadoo,62.6619987487793,76.74554443359375
mp-aaabxgsf,79.2770004272461,77.77415466308594
mp-aaabjxyh,17.781999588012695,47.536712646484375
mp-aaaaacno,52.499000549316406,48.1217155456543
mp-aaaaakhd,12.473999977111816,57.5694465637207
mp-aaabgjqi,154.03399658203125,126.52922058105469
mp-aaacdscs,59.6609992980957,69.86912536621094
mp-aaabxbph,147.5850067138672,149.80992126464844
mp-aaaabrdi,171.9499969482422,135.0331573486328
mp-aaabjiad,60.926998138427734,53.678131103515625
mp-aaabgitd,145.78799438476562,185.66671752929688
mp-aaaaahqe,99.46900177001953,108.59526824951172
mp-aaacfzuk,240.218994140625,302.38916015625
mp-aaaaachq,82.76899719238281,68.23506164550781
mp-aaacfxhu,164.4290008544922,161.06849670410156
mp-aaaaapxi,96.22200012207031,77.75929260253906
mp-aaaabkmk,75.0780029296875,65.77659606933594
mp-aaacfywz,17.731000900268555,42.182037353515625
mp-aaaabtht,175.4810028076172,177.299072265625
mp-aaaaaxfi,51.28200149536133,58.05223846435547
mp-aaaaadly,65.91799926757812,61.5468635559082
mp-aaaaafsx,134.10000610351562,158.04202270507812
mp-aaaaacmu,114.54499816894531,107.86096954345703
mp-aaabgkjy,196.32400512695312,232.52047729492188
mp-aaabctmn,168.9929962158203,166.38169860839844
mp-aaaaaytc,80.8499984741211,94.66974639892578
mp-aaaaaozo,85.82099914550781,101.6563720703125
mp-aaackxmx,89.50800323486328,85.68905639648438
mp-aaacgiyi,102.15299987792969,111.51656341552734
mp-aaaabztx,153.16900634765625,157.4879913330078
mp-aaaabimf,132.28399658203125,107.78013610839844
mp-aaaabicl,51.435001373291016,61.478641510009766
mp-aaaaasre,24.149999618530273,35.05085754394531
mp-aaacdjbs,25.788000106811523,63.100067138671875
mp-aaaaaybe,56.72600173950195,42.856590270996094
mp-aaaaalov,91.59700012207031,121.72068786621094
mp-aaacgixg,101.22599792480469,104.85298919677734
mp-aaaabdzk,109.0979995727539,127.138427734375
mp-aaacetsw,183.60400390625,185.26861572265625
mp-aaabfcfm,69.60399627685547,104.01480102539062
mp-aaaabiib,16.48900032043457,38.74634552001953
mp-aaacfdzq,176.6929931640625,123.62665557861328
mp-aaabctjg,7.7829999923706055,60.58509063720703
mp-aaaabgxx,32.23500061035156,37.50231170654297
mp-aaaaaefh,94.18000030517578,95.43550109863281
mp-aaabxiwc,84.19999694824219,80.11792755126953
mp-aaaaabbt,54.797000885009766,52.36029052734375
mp-aaacfodb,53.95000076293945,50.06301498413086
mp-aaaaakhs,17.86400032043457,8.055145263671875
mp-aaaaamrd,109.36900329589844,69.66290283203125
mp-aaacdpof,19.110000610351562,20.863624572753906
mp-aaaaasxn,34.72700119018555,43.26019287109375
mp-aaaabiij,39.34600067138672,40.13676452636719
mp-aaaabsae,24.70199966430664,49.79838180541992
mp-aaaaapav,24.143999099731445,16.396408081054688
mp-aaacdiqh,62.37699890136719,65.25672912597656
mp-aaaaaerj,174.3000030517578,182.5447998046875
mp-aaaaabep,52.319000244140625,57.27400588989258
mp-aaaaayqi,63.729000091552734,78.41533660888672
mp-aaaabfgf,117.62100219726562,149.18521118164062
mp-aaadcwvn,127.13500213623047,92.72642517089844
mp-aaaaacpd,133.4040069580078,123.99346160888672
mp-aaacdivb,62.65299987792969,45.845375061035156
mp-aaacdjey,22.07200050354004,39.13262939453125
mp-aaabxfcn,220.427001953125,218.84695434570312
mp-aaaaapor,70.32599639892578,90.21710205078125
mp-aaaaarhb,28.027999877929688,47.74297332763672
mp-aaabxckn,71.22899627685547,139.96641540527344
mp-aaaaapwg,36.56800079345703,90.9281234741211
mp-aaabxfxe,127.10099792480469,116.12622833251953
mp-aaacdyue,55.93600082397461,51.73699188232422
mp-aaabxfao,31.614999771118164,38.10602569580078
mp-aaaaaeeg,85.65699768066406,96.804443359375
mp-aaacdnxq,240.2899932861328,170.11703491210938
mp-aaacpkhu,7.876999855041504,5.295219421386719
mp-aaabcsxo,141.4550018310547,88.85187530517578
mp-aaabxfan,2.9549999237060547,9.280136108398438
mp-aaabfpci,4.890999794006348,53.26709747314453
mp-aaaaades,28.302000045776367,29.704734802246094
mp-aaaabtru,105.48999786376953,112.2552719116211
mp-aaabkujr,154.56199645996094,126.69217681884766
mp-aaaaachf,94.13600158691406,59.01005554199219
mp-aaaaabvx,24.670000076293945,65.06382751464844
mp-aaabxgab,96.26899719238281,101.72449493408203
mp-aaaabffw,149.25599670410156,125.80779266357422
mp-aaaaanlc,47.5359992980957,49.16798400878906
mp-aaaaacgs,104.41400146484375,72.73490905761719
mp-aaaaagbi,143.2830047607422,133.47378540039062
mp-aaaaalfl,226.98399353027344,190.32888793945312
mp-aaaaauer,148.77000427246094,130.39979553222656
mp-aaaaadfw,84.36499786376953,101.82589721679688
mp-aaacgill,165.8699951171875,148.64199829101562
mp-aaaaaqel,110.24600219726562,98.87059020996094
mp-aaabgifm,103.04100036621094,108.23900604248047
mp-aaaabdmn,106.53700256347656,101.8314437866211
mp-aaadbzwy,119.88300323486328,95.49027252197266
mp-aaaaagwk,34.60100173950195,35.35993194580078
mp-aaaaaowq,115.24199676513672,92.59234619140625
mp-aaachcux,20.03700065612793,-30.937332153320312
mp-aaabcsor,57.13999938964844,41.88954162597656
mp-aaabxcig,246.94400024414062,206.90841674804688
mp-aaacehxa,85.06800079345703,103.12955474853516
mp-aaaaabok,119.05400085449219,110.9769515991211
mp-aaabhcno,93.89399719238281,109.61614990234375
mp-aaaabqms,-2.319999933242798,76.8857650756836
mp-aaabxclz,98.86000061035156,98.3130111694336
mp-aaacgpao,85.51100158691406,131.59947204589844
mp-aaaabpws,9.38700008392334,54.22776794433594
mp-aaabiekn,106.32099914550781,110.67151641845703
mp-aaaabhhg,35.60599899291992,97.52157592773438
mp-aaaaadjc,80.60199737548828,83.01097869873047
mp-aaacehwa,16.604999542236328,15.945304870605469
mp-aaacfseh,15.038999557495117,224.75204467773438
mp-aaaaaheu,86.1449966430664,91.24969482421875
mp-aaaaaibw,96.64900207519531,75.18798828125
mp-aaaaaduy,25.639999389648438,26.997535705566406
mp-aaabqxpt,82.30000305175781,94.40568542480469
mp-aaaabhzj,25.291000366210938,44.190452575683594
mp-aaaaabiq,138.031005859375,105.63848114013672
mp-aaabghvo,19.600000381469727,19.32604217529297
mp-aaacfkpr,69.44300079345703,40.46900939941406
mp-aaacdtqq,18.15999984741211,25.955215454101562
mp-aaacdmjr,4.327000141143799,-10.674934387207031
mp-aaaaalme,45.97700119018555,32.524559020996094
mp-aaabxgla,138.68299865722656,130.6716766357422
mp-aaaaabii,137.0279998779297,148.74009704589844
mp-aaabxdsf,89.68900299072266,83.27091217041016
mp-aaacdowj,122.50499725341797,100.52162170410156
mp-aaaabepj,198.66799926757812,143.8433380126953
mp-aaackiml,34.51300048828125,150.7994384765625
mp-aaaaadyc,32.57500076293945,32.64717102050781
mp-aaabqzrk,83.73200225830078,59.692596435546875
mp-aaaaacfn,202.81900024414062,314.19281005859375
mp-aaacdlig,16.635000228881836,49.68359375
mp-aaaabscu,39.69300079345703,66.91078186035156
mp-aaabjydj,35.861000061035156,67.18553924560547
mp-aaaaaaqt,68.41699981689453,76.65083312988281
mp-aaacfaol,361.489990234375,374.4811706542969
mp-aaabfpll,5.710999965667725,124.74992370605469
mp-aaaabhgo,152.4029998779297,177.2041015625
mp-aaaaaorm,39.99300003051758,50.00662612915039
mp-aaacctex,20.676000595092773,26.17021942138672
mp-aaaccsrl,118.26300048828125,174.21018981933594
mp-aaacdnqm,50.891998291015625,55.49401092529297
mp-aaaaajks,138.50100708007812,103.84183502197266
mp-aaaaacqk,207.89700317382812,105.8434066772461
mp-aaabxfvr,32.3849983215332,24.316505432128906
mp-aaaaahui,135.73300170898438,183.07962036132812
mp-aaabxgql,179.32200622558594,153.9608917236328
mp-aaaabejt,55.35900115966797,66.20014190673828
mp-aaaaadkd,141.69200134277344,144.97613525390625
mp-aaacdryt,55.42499923706055,47.07823944091797
mp-aaaaabgh,186.7480010986328,159.75375366210938
mp-aaaaaquz,78.29000091552734,65.77145385742188
mp-aaabxfba,42.5369987487793,45.202552795410156
mp-aaackiov,173.57699584960938,187.46926879882812
mp-aaaaabhw,140.76699829101562,147.42501831054688
mp-aaaaaezf,96.44300079345703,66.97308349609375
mp-aaacdhus,51.36000061035156,88.890869140625
mp-aaaabped,74.84200286865234,103.25604248046875
mp-aaabxgxt,35.029998779296875,22.367263793945312
mp-aaabxhai,34.0989990234375,25.475021362304688
mp-aaaaapus,88.68099975585938,78.95668029785156
mp-aaaabezc,215.3470001220703,165.77154541015625
mp-aaaabhek,40.959999084472656,52.130863189697266
mp-aaaaaazy,109.96499633789062,96.84077453613281
mp-aaabqxqb,181.88299560546875,110.53890991210938
mp-aaaabefi,220.89500427246094,237.00315856933594
mp-aaaabebv,131.51199340820312,130.9451141357422
mp-aaabxapl,65.48899841308594,78.89104461669922
mp-aaacqhqp,27.179000854492188,77.66716003417969
mp-aaaaakhv,63.98099899291992,60.716819763183594
mp-aaaaavfk,13.154999732971191,59.14132308959961
mp-aaaaachi,163.07400512695312,164.54437255859375
mp-aaaaaqib,68.44400024414062,44.87450408935547
mp-aaaabdto,161.83700561523438,141.0889892578125
mp-aaabxcmr,80.39399719238281,80.62167358398438
mp-aaacgedr,46.323001861572266,70.89497375488281
mp-aaacfkqj,63.49599838256836,78.85021209716797
mp-aaabxdre,48.9739990234375,51.861751556396484
mp-aaaaahpp,114.04299926757812,79.83769226074219
mp-aaaaalck,68.10399627685547,81.42354583740234
mp-aaaaboys,39.70600128173828,31.54792022705078
mp-aaabxiyy,238.15899658203125,173.71011352539062
mp-aaaaamtz,182.2209930419922,198.46273803710938
mp-aaaabjih,7.041999816894531,33.353363037109375
mp-aaaaabkv,57.04499816894531,29.926483154296875
mp-aaaaadyy,167.51800537109375,119.45499420166016
mp-aaaaabkr,118.28399658203125,113.09074401855469
mp-aaabxdpr,57.20899963378906,51.30103302001953
mp-aaabgjaa,11.605999946594238,9.583877563476562
mp-aaaabsxq,72.4260025024414,69.41876983642578
mp-aaabdbaw,86.45800018310547,79.81036376953125
mp-aaabgicp,148.82899475097656,167.1150665283203
mp-aaaaafoa,146.76800537109375,146.60594177246094
mp-aaabjygi,25.66900062561035,69.45732116699219
mp-aaaaaiwe,229.14700317382812,280.5859375
mp-aaaabihf,49.4370002746582,66.40435791015625
mp-aaacdswp,44.84199905395508,47.355140686035156
mp-aaacdtzt,139.6909942626953,120.2008056640625
mp-aaacehvl,18.041000366210938,35.69139099121094
mp-aaaabecu,87.96399688720703,70.68846130371094
mp-aaacdqcg,72.56700134277344,79.59321594238281
mp-aaacdxgj,56.992000579833984,56.042564392089844
mp-aaabxgaa,209.08200073242188,187.78982543945312
mp-aaabxftm,24.96500015258789,31.15203857421875
mp-aaabmlfx,31.593000411987305,44.66783905029297
mp-aaabxjya,68.5,71.41871643066406
mp-aaabxazj,68.93499755859375,105.56999206542969
mp-aaaaagrm,90.4749984741211,103.6532211303711
mp-aaabxhax,43.05099868774414,45.060455322265625
mp-aaaaacgn,107.6709976196289,91.25723266601562
mp-aaabxjvi,62.8489990234375,59.577606201171875
mp-aaabxfls,191.2790069580078,192.0332794189453
mp-aaaaaohs,18.514999389648438,4.060432434082031
mp-aaaabsyp,133.0050048828125,103.63706970214844
mp-aaaaamds,187.74400329589844,157.1376190185547
mp-aaaaalso,126.58300018310547,97.20932006835938
mp-aaaaarcu,118.77200317382812,112.2647705078125
mp-aaaaaazw,53.11600112915039,49.77182388305664
mp-aaaceqcx,33.599998474121094,58.74692153930664
mp-aaacdkmp,53.45800018310547,65.51455688476562
mp-aaaaapry,66.65899658203125,62.6233024597168
mp-aaaaadbi,79.13300323486328,88.31059265136719
mp-aaaaaaom,56.073001861572266,56.187286376953125
mp-aaacflkl,354.58099365234375,339.6083984375
mp-aaaabfih,186.18099975585938,178.6298828125
mp-aaacesvd,46.180999755859375,61.55979537963867
mp-aaaaanxn,22.05500030517578,49.326961517333984
mp-aaaabjsn,15.291999816894531,1.0914535522460938
mp-aaaaaaup,193.02699279785156,198.5482940673828
mp-aaaabija,3.437999963760376,2.7243499755859375
mp-aaacfyzo,160.95599365234375,164.10023498535156
mp-aaaacakf,103.31199645996094,129.70431518554688
mp-aaabxcpl,86.83599853515625,108.54838562011719
mp-aaabxjwy,214.11399841308594,226.89373779296875
mp-aaacfyzi,125.16500091552734,87.27176666259766
mp-aaabxcce,29.042999267578125,23.84527587890625
mp-aaaaaxiu,36.64699935913086,15.310722351074219
mp-aaacdqth,217.76699829101562,198.68243408203125
mp-aaabfzdr,-88.20899963378906,25.893470764160156
mp-aaabxcgi,25.726999282836914,33.87945556640625
mp-aaaaanpw,18.65999984741211,36.350486755371094
mp-aaaacfhl,19.433000564575195,33.095489501953125
mp-aaacflst,34.83300018310547,34.60741424560547
mp-aaabxbco,61.3120002746582,52.99221420288086
mp-aaaacbkx,53.99599838256836,52.17841339111328
mp-aaaabuky,75.90499877929688,80.22772979736328
mp-aaabramo,70.86000061035156,86.9515151977539
mp-aaabxgrv,198.4149932861328,202.91256713867188
mp-aaaaaqyq,230.01800537109375,191.64105224609375
mp-aaaaagkh,123.29000091552734,108.21080017089844
mp-aaacdktg,41.518001556396484,34.853477478027344
mp-aaacfkhm,46.02399826049805,44.60619354248047
mp-aaacfsgm,17.687000274658203,32.33123779296875
mp-aaaaaaej,296.0069885253906,269.8043212890625
mp-aaabgjrq,63.5620002746582,55.09962844848633
mp-aaabxhit,168.9770050048828,162.51004028320312
mp-aaaaapgs,59.84299850463867,65.94361877441406
mp-aaacfrmg,38.904998779296875,12.8658447265625
mp-aaabxfbk,234.50799560546875,213.46701049804688
mp-aaaaaqsr,57.07699966430664,48.203975677490234
mp-aaaceyum,73.9990005493164,45.78392791748047
mp-aaabglmr,52.09400177001953,93.37313079833984
mp-aaaaaweh,119.9749984741211,96.89888763427734
mp-aaabgjgy,213.09500122070312,120.21157836914062
mp-aaacgopa,152.95799255371094,181.80999755859375
mp-aaaaaenn,199.65499877929688,231.17318725585938
mp-aaaaasum,249.25399780273438,200.13638305664062
mp-aaacevuo,131.39999389648438,137.29795837402344
mp-aaaaacex,162.01699829101562,134.68441772460938
mp-aaabctpg,40.63600158691406,57.704341888427734
mp-aaaaadjz,184.47799682617188,216.87820434570312
mp-aaaaaegs,70.8489990234375,84.35382080078125
mp-aaacdvsy,153.94500732421875,138.63827514648438
mp-aaaaaqrr,241.53900146484375,124.72388458251953
mp-aaacevpy,355.31298828125,456.4544982910156
mp-aaaaaabc,39.3380012512207,40.14244079589844
mp-aaaaabei,113.6989974975586,117.06499481201172
mp-aaaaaanm,68.33399963378906,72.17195129394531
mp-aaacfadg,196.20899963378906,205.20306396484375
mp-aaaaaqnp,96.76799774169922,129.03390502929688
mp-aaaabtah,31.416000366210938,55.21306610107422
mp-aaabgidh,332.99200439453125,232.8511962890625
mp-aaaaafbk,50.99300003051758,71.09217834472656
mp-aaaabtff,195.87399291992188,177.00314331054688
mp-aaabqxlb,91.59600067138672,74.65745544433594
mp-aaabiggy,182.2830047607422,178.28965759277344
mp-aaacfxyx,334.00201416015625,332.38323974609375
mp-aaabghnl,178.85400390625,213.11988830566406
mp-aaacdiga,68.83599853515625,61.68003463745117
mp-aaaabsmg,8.762999534606934,0.2231292724609375
mp-aaaaadrv,83.65699768066406,67.5258560180664
mp-aaaabegk,177.19200134277344,162.34140014648438
mp-aaaabsqv,104.05699920654297,107.65312957763672
mp-aaaaabfv,20.517000198364258,42.23399353027344
mp-aaaabsxj,77.69300079345703,77.4798812866211
mp-aaabgmyu,45.875999450683594,48.624977111816406
mp-aaacdrec,11.03600025177002,98.96086883544922
mp-aaabgijj,175.52000427246094,144.49244689941406
mp-aaaaacit,120.4520034790039,138.6147918701172
mp-aaabxgbx,79.16200256347656,81.56285095214844
mp-aaacfrib,40.540000915527344,56.18156051635742
mp-aaabgkps,47.172000885009766,56.319854736328125
mp-aaaaaqnv,31.31999969482422,28.876876831054688
mp-aaabgljk,309.6369934082031,213.69281005859375
mp-aaabfxft,5.61899995803833,50.60332107543945
mp-aaabghwo,188.95899963378906,236.18783569335938
mp-aaabqwyu,135.3070068359375,94.1627197265625
mp-aaadcsho,134.9770050048828,131.49246215820312
mp-aaaaahhz,148.30999755859375,136.2957000732422
mp-aaaaaemy,205.71800231933594,177.50601196289062
mp-aaabmysr,47.17399978637695,43.03052520751953
mp-aaacestx,12.616999626159668,20.197486877441406
mp-aaacgiwu,123.96099853515625,106.25403594970703
mp-aaaabtbn,87.6969985961914,94.56837463378906
mp-aaabmgqo,146.8209991455078,102.61436462402344
mp-aaaaachr,87.36199951171875,103.99771881103516
mp-aaabfccg,67.21199798583984,106.18606567382812
mp-aaaabigr,43.619998931884766,73.24275970458984
mp-aaacesvr,78.4489974975586,134.68701171875
mp-aaaaapge,197.3719940185547,154.25892639160156
mp-aaabgkcx,28.687000274658203,37.81023406982422
mp-aaaabfvg,81.15499877929688,77.59361267089844
mp-aaabmgrc,64.03900146484375,80.87638092041016
mp-aaaaaksw,220.75,174.50534057617188
mp-aaaaafxx,48.992000579833984,39.3104248046875
mp-aaabglfq,77.68499755859375,103.37877655029297
mp-aaabxgkv,90.31300354003906,100.59965515136719
mp-aaaabdqn,154.13800048828125,156.76031494140625
mp-aaacdrml,125.93099975585938,135.2293701171875
mp-aaaaacpt,365.57000732421875,193.2804718017578
mp-aaabsera,228.20700073242188,175.84750366210938
mp-aaabgmtg,164.52699279785156,234.9989776611328
mp-aaaabrsu,14.57800006866455,60.01738739013672
mp-aaaaadxb,76.56999969482422,80.32444763183594
mp-aaabsdup,128.1929931640625,108.66851806640625
mp-aaaaahpt,37.64099884033203,34.845176696777344
mp-aaacsczr,128.197998046875,224.09970092773438
mp-aaabxgor,38.380001068115234,48.64336395263672
mp-aaaaatxl,158.86199951171875,130.16439819335938
mp-aaabxhib,109.63800048828125,109.56798553466797
mp-aaabgnqt,116.41799926757812,220.40708923339844
mp-aaabxclr,80.18499755859375,71.79832458496094
mp-aaadclgq,39.18199920654297,91.31275939941406
mp-aaabgksx,107.87999725341797,117.71122741699219
mp-aaaaafye,59.569000244140625,78.19505310058594
mp-aaaaaaqn,144.69500732421875,155.05270385742188
mp-aaaaasvu,109.30599975585938,94.99249267578125
mp-aaabqynf,135.89100646972656,108.31153869628906
mp-aaabqxji,11.687999725341797,44.385597229003906
mp-aaabdbcf,88.53600311279297,100.3056869506836
mp-aaabxhmx,27.577999114990234,72.39842224121094
mp-aaabnppe,16.777999877929688,25.150558471679688
mp-aaaaadrq,173.3679962158203,132.286865234375
mp-aaaaaybd,31.0939998626709,36.09497833251953
mp-aaabfxbp,120.3030014038086,107.29188537597656
mp-aaaabpeo,13.744000434875488,65.20926666259766
mp-aaacfkyv,133.05299377441406,136.00352478027344
mp-aaaabtde,57.292999267578125,58.446876525878906
mp-aaaaaesz,93.54299926757812,93.33360290527344
mp-aaaaabfr,351.1130065917969,152.04611206054688
mp-aaaabqup,104.51200103759766,67.99202728271484
mp-aaaabduh,54.64799880981445,47.585975646972656
mp-aaaaargt,75.87999725341797,85.34414672851562
mp-aaabxjss,129.4219970703125,108.77129364013672
mp-aaacfans,302.9639892578125,244.77731323242188
mp-aaacehwu,34.61199951171875,30.549705505371094
mp-aaabxias,151.81500244140625,143.8509979248047
mp-aaaaagob,126.8219985961914,144.30368041992188
mp-aaacdtus,48.82400131225586,55.91786575317383
mp-aaaaahqd,33.37699890136719,36.762451171875
mp-aaaaahsn,57.00699996948242,77.58126068115234
mp-aaaaaolv,138.6009979248047,139.48733520507812
mp-aaaabtag,30.641000747680664,50.0500373840332
mp-aaabxfnk,47.87900161743164,54.091495513916016
mp-aaabxfhk,37.558998107910156,41.7039794921875
mp-aaaabexw,90.47899627685547,61.55774688720703
mp-aaaacbbp,289.1809997558594,301.4867858886719
mp-aaaabgzs,183.30499267578125,180.50674438476562
mp-aaaabrky,86.04900360107422,78.27253723144531
mp-aaacdvqv,54.29899978637695,62.16914367675781
mp-aaaaabeg,56.82400131225586,65.29693603515625
mp-aaaaagov,79.24600219726562,65.37225341796875
mp-aaabxhhy,64.68599700927734,66.72457122802734
mp-aaaaafyp,172.2740020751953,131.71792602539062
mp-aaaaabfa,46.22999954223633,44.015480041503906
mp-aaacfixr,193.04800415039062,205.8534698486328
mp-aaabxgqu,36.224998474121094,72.54466247558594
mp-aaabraoa,20.590999603271484,54.46076965332031
mp-aaaaanuk,30.47800064086914,45.36168670654297
mp-aaabxhge,183.5959930419922,199.60037231445312
mp-aaaaamul,394.0050048828125,392.1434326171875
mp-aaabgiuy,180.69700622558594,223.34869384765625
mp-aaaabpje,15.781000137329102,94.58222961425781
mp-aaagbryv,14.199999809265137,57.91484069824219
mp-aaabeele,184.9429931640625,232.1718292236328
mp-aaaaaeqi,124.34600067138672,115.28533172607422
mp-aaaabhcr,94.91300201416016,97.26680755615234
mp-aaaaaqyn,178.95700073242188,153.2059326171875
mp-aaacewfb,284.56500244140625,216.45803833007812
mp-aaaaadgi,259.9859924316406,280.21246337890625
mp-aaaabrwb,18.187999725341797,46.65141296386719
mp-aaacdoyz,54.25400161743164,43.96510314941406
mp-aaaaaegz,89.18800354003906,73.24647521972656
mp-aaaaarmf,109.30899810791016,109.1141357421875
mp-aaaaardc,257.6719970703125,212.77188110351562
mp-aaadcjud,135.2689971923828,92.48619079589844
mp-aaabghzd,13.342000007629395,44.84013366699219
mp-aaaaabcd,42.62799835205078,45.945159912109375
mp-aaabxftu,56.68000030517578,47.99403381347656
mp-aaaaahon,102.13099670410156,109.33712768554688
mp-aaaaabta,13.76200008392334,7.67498779296875
mp-aaaaabzo,27.868999481201172,12.017929077148438
mp-aaacdmws,40.14099884033203,19.74335479736328
mp-aaaabgqf,71.55000305175781,86.16328430175781
mp-aaacfjxl,321.12799072265625,277.22808837890625
mp-aaaaaoba,30.860000610351562,59.221923828125
mp-aaaaahjd,125.927001953125,109.94193267822266
mp-aaacflsu,28.076000213623047,31.259811401367188
mp-aaabxhel,228.9739990234375,204.512451171875
mp-aaaaamwt,19.392000198364258,11.842681884765625
mp-aaacdnrx,55.32500076293945,54.96413040161133
mp-aaaabfhl,156.34100341796875,168.46409606933594
mp-aaaaabdb,98.8290023803711,115.60128784179688
mp-aaaabelp,24.38599967956543,10.418464660644531
mp-aaafxjyb,285.8299865722656,-10.265289306640625
mp-aaabxgrr,53.79800033569336,65.77656555175781
mp-aaabjcbv,147.51499938964844,109.90953063964844
mp-aaacfxyz,147.22799682617188,135.71315002441406
mp-aaaaapha,104.5199966430664,165.09326171875
mp-aaaaaaka,295.15899658203125,258.0908203125
mp-aaabrekj,126.55599975585938,105.97354125976562
mp-aaabglkm,7.633999824523926,49.4509162902832
mp-aaaabtee,34.1349983215332,68.60089111328125
mp-aaaaayll,202.42300415039062,198.58486938476562
mp-aaabjccl,173.80499267578125,182.25706481933594
mp-aaacgdnf,40.71900177001953,67.25343322753906
mp-aaacdser,86.31300354003906,97.88338470458984
mp-aaaabiud,11.175999641418457,24.67022705078125
mp-aaacdzzk,40.39699935913086,20.266342163085938
mp-aaabfivk,98.48500061035156,82.74491119384766
mp-aaacrdpq,242.63400268554688,250.81320190429688
mp-aaaabjum,87.62999725341797,60.06807327270508
mp-aaaabtbl,82.38600158691406,93.9488525390625
mp-aaacrggk,277.9049987792969,312.95880126953125
mp-aaabxcld,90.6520004272461,69.01805114746094
mp-aaacdjss,19.466999053955078,27.522056579589844
mp-aaaaboof,12.958999633789062,6.4143829345703125
mp-aaaaareb,170.9290008544922,161.26402282714844
mp-aaabxckh,175.7310028076172,162.4462127685547
mp-aaabxhet,90.87799835205078,99.93734741210938
mp-aaabxapq,303.3900146484375,266.32794189453125
mp-aaabgxxx,133.0659942626953,137.94593811035156
mp-aaaccsti,24.711000442504883,20.89661407470703
mp-aaaabhqx,22.535999298095703,75.2729721069336
mp-aaacewmu,51.11600112915039,41.13372039794922
mp-aaabxbyy,76.1709976196289,85.44004821777344
mp-aaaaaaif,55.05799865722656,48.39392852783203
mp-aaaaapys,34.150001525878906,27.15148162841797
mp-aaafhvbj,2.438999891281128,22.539840698242188
mp-aaabxfne,143.6060028076172,120.917724609375
mp-aaabxizy,134.7209930419922,116.03690338134766
mp-aaaabigm,27.767000198364258,71.35453796386719
mp-aaabglfd,105.11000061035156,110.9631118774414
mp-aaabfjfw,58.327999114990234,72.01220703125
mp-aaabftrh,5.4720001220703125,11.095306396484375
mp-aaacdjbu,286.1730041503906,208.99546813964844
mp-aaaaailu,210.23399353027344,175.0525665283203
mp-aaabxatg,67.49299621582031,132.89181518554688
mp-aaaabspf,2.6760001182556152,43.620704650878906
mp-aaacjjoq,42.5369987487793,63.385704040527344
mp-aaabqxrd,63.25,80.09382629394531
mp-aaacdohe,131.66700744628906,96.84943389892578
mp-aaacdrdu,80.27100372314453,91.40016174316406
mp-aaabxcjl,109.74199676513672,86.2057113647461
mp-aaaaakmo,16.04800033569336,13.839195251464844
mp-aaaaarxs,246.67100524902344,219.6873779296875
mp-aaabxhgf,137.01300048828125,108.6530532836914
mp-aaabgmlh,43.314998626708984,126.40812683105469
mp-aaaaalyc,212.6820068359375,120.3806381225586
mp-aaacgiwj,171.94500732421875,219.98220825195312
mp-aaabxckt,141.58200073242188,110.06456756591797
mp-aaaaartu,121.69100189208984,115.752685546875
mp-aaaaarsy,53.85499954223633,45.01075744628906
mp-aaacdmrt,20.131999969482422,24.114479064941406
mp-aaaaaiga,81.26300048828125,82.04907989501953
mp-aaaaatgi,8.593000411987305,89.84222412109375
mp-aaaaahpn,155.78900146484375,166.13369750976562
mp-aaaabgyg,244.76699829101562,201.69683837890625
mp-aaaaalpx,23.996999740600586,41.325218200683594
mp-aaaaadxv,104.28199768066406,112.08373260498047
mp-aaaabuiy,70.0270004272461,112.99300384521484
mp-aaaaacag,198.43800354003906,266.0718994140625
mp-aaaabfao,26.87299919128418,33.29461669921875
mp-aaaaapll,67.47799682617188,56.751747131347656
mp-aaaaaaaz,0.6919999718666077,-3.3933944702148438
mp-aaaaatdf,98.18299865722656,89.16119384765625
mp-aaaaaoar,26.39900016784668,85.99249267578125
mp-aaaaabld,160.30599975585938,179.9488983154297
mp-aaaaatfj,68.1709976196289,72.22534942626953
mp-aaaaalpi,22.878000259399414,31.83721923828125
mp-aaaaaaon,122.62799835205078,122.40080261230469
mp-aaaaaczk,32.25299835205078,39.52367401123047
mp-aaabxheb,45.18899917602539,36.99403381347656
mp-aaaaaltg,82.75499725341797,86.90144348144531
mp-aaabctuz,183.8509979248047,126.55754089355469
mp-aaaaabad,145.92300415039062,128.71212768554688
mp-aaaabduu,214.24600219726562,178.02423095703125
mp-aaacdohi,34.090999603271484,48.60978698730469
mp-aaacfskf,174.78799438476562,181.7760467529297
mp-aaaaamgj,53.939998626708984,63.17203903198242
mp-aaabqzhn,109.38099670410156,58.030635833740234
mp-aaaaamkd,151.24600219726562,179.1712646484375
mp-aaacdmtn,74.48200225830078,54.48282241821289
mp-aaaabqnb,237.8520050048828,198.10226440429688
mp-aaaabexj,94.91400146484375,111.88778686523438
mp-aaabglss,51.7140007019043,81.63716888427734
mp-aaaaafbf,34.64899826049805,96.94584655761719
mp-aaabxhhi,74.68599700927734,74.158203125
mp-aaabfnlq,142.3769989013672,125.40435028076172
mp-aaacdxpt,11.333000183105469,10.50799560546875
mp-aaaabsxp,21.351999282836914,34.850189208984375
mp-aaaaaccf,189.88800048828125,185.90841674804688
mp-aaaaaebn,72.65499877929688,66.49888610839844
mp-aaabxdts,2.7720000743865967,40.24993133544922
mp-aaaaadgd,90.13300323486328,85.11024475097656
mp-aaaaaotu,78.65299987792969,50.36781311035156
mp-aaaaaasq,15.222000122070312,31.108718872070312
mp-aaaaatns,78.9990005493164,76.87106323242188
mp-aaabgkmh,120.24500274658203,129.4801025390625
mp-aaaaamxw,42.60599899291992,128.10299682617188
mp-aaaabrko,40.06399917602539,68.65702819824219
mp-aaaabffm,58.26300048828125,89.64522552490234
mp-aaabxisv,71.41200256347656,62.413639068603516
mp-aaabrxbr,161.1739959716797,162.26580810546875
mp-aaabjxxn,86.6989974975586,103.98295593261719
mp-aaabjxzy,34.224998474121094,51.454734802246094
mp-aaaaaqgy,40.9109992980957,54.521240234375
mp-aaabxhhs,138.30599975585938,120.22413635253906
mp-aaabxfvj,63.93299865722656,58.247108459472656
mp-aaabgnla,92.34100341796875,89.89370727539062
mp-aaabxcmh,92.63200378417969,96.580078125
mp-aaabxcey,123.9010009765625,129.63662719726562
mp-aaabxfbv,221.39199829101562,193.9790496826172
mp-aaabqvcx,177.3939971923828,187.98507690429688
mp-aaaaaivi,33.16299819946289,34.329368591308594
mp-aaaaaosz,179.76300048828125,189.80361938476562
mp-aaaabqic,32.992000579833984,44.078216552734375
mp-aaabglmt,160.45199584960938,147.27133178710938
mp-aaaaadmb,65.17900085449219,143.96119689941406
mp-aaabxbcd,52.428001403808594,47.39080047607422
mp-aaabgkhl,92.15499877929688,110.92540740966797
mp-aaabqwrc,38.10900115966797,70.77775573730469
mp-aaaaawjo,20.08099937438965,42.353309631347656
mp-aaacctew,36.492000579833984,45.255859375
mp-aaabgllv,-0.0,71.56626892089844
mp-aaacdizz,117.27300262451172,130.39645385742188
mp-aaaaaajz,224.4980010986328,197.39739990234375
mp-aaacdrdy,42.071998596191406,53.68545150756836
mp-aaabxjuj,254.42100524902344,174.7755126953125
mp-aaaaaqcf,114.62899780273438,110.38407897949219
mp-aaabgjlh,28.58300018310547,49.784942626953125
mp-aaabqwfd,182.73399353027344,151.93751525878906
mp-aaabxhhb,189.3300018310547,145.974609375
mp-aaaaahjw,8.873000144958496,30.416229248046875
mp-aaabewlu,76.11100006103516,73.76917266845703
mp-aaabijkc,102.98699951171875,100.03704833984375
mp-aaabgicl,62.23699951171875,132.957763671875
mp-aaacgpdo,48.89400100708008,91.23382568359375
mp-aaacpkqd,323.47698974609375,283.22320556640625
mp-aaaaafeu,156.9669952392578,143.3665771484375
mp-aaaaaito,106.76499938964844,112.83447265625
mp-aaacrjzz,282.1820068359375,253.8834686279297
mp-aaaaanam,36.60100173950195,68.72833251953125
mp-aaaaaged,129.6230010986328,116.38389587402344
mp-aaaaagmc,79.5199966430664,64.97322082519531
mp-aaacgpnr,110.99199676513672,189.71583557128906
mp-aaacgirx,69.62100219726562,39.66223907470703
mp-aaacehuu,23.764999389648438,25.0286865234375
mp-aaabxezu,44.76900100708008,46.658477783203125
mp-aaaaacds,74.64800262451172,58.67106628417969
mp-aaaccsox,145.48699951171875,135.31019592285156
mp-aaaaaodu,54.33599853515625,57.373050689697266
mp-aaabgzow,65.06999969482422,89.37283325195312
mp-aaaaaeth,66.24500274658203,82.88018798828125
mp-aaaaabzi,59.2400016784668,103.65062713623047
mp-aaaabtgf,123.95899963378906,98.54340362548828
mp-aaaaakly,179.56900024414062,147.8036651611328
mp-aaabghxf,164.33999633789062,197.66470336914062
mp-aaaaatlt,48.724998474121094,39.866729736328125
mp-aaabxdsm,96.96299743652344,102.78787994384766
mp-aaaaapfl,69.06700134277344,63.62422180175781
mp-aaaabrwt,49.29899978637695,80.68777465820312
mp-aaaabemu,23.525999069213867,47.88023376464844
mp-aaaaaayd,76.47599792480469,72.90374755859375
mp-aaaabhpg,56.047000885009766,49.30162048339844
mp-aaabxfhu,40.24700164794922,27.47399139404297
mp-aaabqyxe,104.30500030517578,104.61803436279297
mp-aaaabdfg,100.79499816894531,98.97442626953125
mp-aaaaatjq,93.80400085449219,94.4460220336914
mp-aaacdwrv,38.20100021362305,36.18614196777344
mp-aaabxfor,226.3699951171875,229.3604736328125
mp-aaacgiun,117.10700225830078,58.808956146240234
mp-aaaaarxk,128.68600463867188,116.14634704589844
mp-aaaabtbj,90.60800170898438,124.12077331542969
mp-aaacebzb,22.427000045776367,34.70001983642578
mp-aaacdsqx,67.91699981689453,55.83695602416992
mp-aaaaaitw,189.8939971923828,152.4082794189453
mp-aaaaberj,23.23900032043457,27.735092163085938
mp-aaacdiqa,56.308998107910156,50.90673065185547
mp-aaaaaaqd,154.19400024414062,167.45477294921875
mp-aaabxhca,61.974998474121094,57.61094284057617
mp-aaaaaaoo,94.17400360107422,89.76709747314453
mp-aaacgouq,118.75299835205078,150.5906219482422
mp-aaaaanhm,61.33300018310547,83.068359375
mp-aaabfign,163.9010009765625,115.03980255126953
mp-aaabxaow,252.71600341796875,220.65731811523438
mp-aaabgjxl,39.20399856567383,33.919212341308594
mp-aaaabhlz,132.24899291992188,145.1695556640625
mp-aaaaamnj,62.32600021362305,59.038272857666016
mp-aaacdrok,66.5979995727539,73.4391098022461
mp-aaackxtl,111.18399810791016,103.12560272216797
mp-aaaaaglw,193.76300048828125,180.9756622314453
mp-aaaaabig,183.3070068359375,224.18386840820312
mp-aaacewck,151.8470001220703,118.08596801757812
mp-aaaabulb,107.37000274658203,117.65457153320312
mp-aaabxhnb,43.50600051879883,49.23419952392578
mp-aaacduiv,44.88399887084961,48.75598907470703
mp-aaabgjov,305.72100830078125,178.15838623046875
mp-aaaaaqpz,75.08899688720703,75.177001953125
mp-aaabgmak,160.3560028076172,154.447998046875
mp-aaabxcqe,52.402000427246094,49.25598907470703
mp-aaabxfxj,134.8459930419922,109.79888153076172
mp-aaaaacrr,45.790000915527344,41.402976989746094
mp-aaabeush,12.28600025177002,23.68450927734375
mp-aaacfxez,90.60099792480469,83.66353607177734
mp-aaaaaabm,32.215999603271484,24.575218200683594
mp-aaaaable,9.642999649047852,93.23983764648438
mp-aaabgnkn,38.301998138427734,50.33900451660156
mp-aaaabifh,66.18900299072266,52.43453598022461
mp-aaacdhzu,34.44300079345703,47.16807556152344
mp-aaaachjz,29.868000030517578,12.799583435058594
mp-aaaaachl,201.40199279785156,175.0723876953125
mp-aaacdkxx,178.45199584960938,134.63302612304688
mp-aaadbusv,108.9530029296875,167.10377502441406
mp-aaacfzbz,69.94400024414062,113.37492370605469
mp-aaabkfjs,102.58699798583984,110.64862823486328
mp-aaaaaapj,45.17599868774414,46.63755798339844
mp-aaaaalqj,68.20899963378906,63.31616973876953
mp-aaabqzxa,181.64300537109375,135.2664337158203
mp-aaaaaodw,50.03200149536133,42.923927307128906
mp-aaabgmxh,101.38500213623047,152.959716796875
mp-aaaaaupa,55.95500183105469,55.231624603271484
mp-aaaabtqm,145.0469970703125,130.55587768554688
mp-aaacdnqz,102.22599792480469,108.38331604003906
mp-aaaaamgo,203.88400268554688,178.61386108398438
mp-aaabknap,254.91900634765625,240.3378448486328
mp-aaaaasxr,43.71500015258789,49.141456604003906
mp-aaaaaflm,152.05099487304688,179.21173095703125
mp-aaaaaaft,88.91600036621094,86.00518798828125
mp-aaabxiur,30.24799919128418,27.46661376953125
mp-aaaaaakw,109.44499969482422,114.10347747802734
mp-aaaaaecu,65.9749984741211,103.74717712402344
mp-aaaabhfw,32.74300003051758,28.789260864257812
mp-aaacgott,112.9520034790039,155.1170196533203
mp-aaabjydm,97.00399780273438,131.3380126953125
mp-aaabrgwt,28.937999725341797,32.939666748046875
mp-aaaabqht,48.72700119018555,60.67707824707031
mp-aaacdnpz,55.15299987792969,47.704254150390625
mp-aaaaabln,5.547999858856201,10.959457397460938
mp-aaaaaoai,64.6760025024414,70.96099090576172
mp-aaaaaccx,156.45799255371094,141.3081512451172
mp-aaaabdre,47.96799850463867,63.52690505981445
mp-aaaabrau,50.266998291015625,75.27900695800781
mp-aaacdmwa,84.71099853515625,91.64306640625
mp-aaacfxfg,71.46399688720703,83.70527648925781
mp-aaabqzfd,93.56900024414062,110.97916412353516
mp-aaacehwp,23.08099937438965,15.718162536621094
mp-aaaaadpn,47.25,53.83281707763672
mp-aaaaambm,35.99300003051758,46.21533966064453
mp-aaabjxzq,116.48999786376953,99.14132690429688
mp-aaaabdne,84.2300033569336,52.60546875
mp-aaaaahgj,123.98300170898438,111.9210205078125
mp-aaacfroy,19.718000411987305,28.386741638183594
mp-aaaabxux,53.4119987487793,44.99327087402344
mp-aaaaalbe,77.59100341796875,89.46891784667969
mp-aaaabrai,228.8769989013672,286.0705871582031
mp-aaacfkkv,118.38500213623047,123.3651123046875
mp-aaaaapeq,166.01199340820312,139.955810546875
mp-aaabghyv,5.005000114440918,57.12857437133789
mp-aaacdswe,57.03499984741211,54.76683807373047
mp-aaaaaoxc,267.3349914550781,190.81784057617188
mp-aaaaadwc,71.18499755859375,67.18666076660156
mp-aaaaablj,27.218000411987305,22.038414001464844
mp-aaabxfoi,99.1500015258789,98.29634857177734
mp-aaaaabij,141.72799682617188,106.44361877441406
mp-aaaabgwh,152.00399780273438,162.01780700683594
mp-aaaabtje,167.968994140625,172.08753967285156
mp-aaacdrqi,134.37600708007812,133.25344848632812
mp-aaaaaiiq,127.51499938964844,90.8224868774414
mp-aaabeujd,13.65999984741211,61.656429290771484
mp-aaabqwlk,44.21799850463867,79.22514343261719
mp-aaaabjbx,17.913000106811523,40.643531799316406
mp-aaabxjsz,49.2130012512207,69.10406494140625
mp-aaaaasrd,73.28600311279297,87.33709716796875
mp-aaaaaryc,100.6510009765625,63.436370849609375
mp-aaaacdxg,68.3290023803711,72.75892639160156
mp-aaabxdag,42.138999938964844,33.428794860839844
mp-aaabgkso,106.91300201416016,116.49687194824219
mp-aaabglve,4.410999774932861,14.568855285644531
mp-aaaabezw,126.6500015258789,126.87689971923828
mp-aaacebxy,26.402999877929688,67.65475463867188
mp-aaaaaqdd,108.67900085449219,117.02145385742188
mp-aaabfwlx,32.37699890136719,-18.20648193359375
mp-aaaaahio,120.57599639892578,106.49639129638672
mp-aaaabpig,32.64699935913086,49.74710464477539
mp-aaaabeju,-0.0,41.71221923828125
mp-aaaccspg,139.45599365234375,179.37109375
mp-aaabgnbd,40.02199935913086,31.43628692626953
mp-aaabxjrm,84.5780029296875,76.31962585449219
mp-aaaaahng,143.02999877929688,77.83169555664062
mp-aaacdlic,331.1960144042969,309.77154541015625
mp-aaaaawos,47.68199920654297,73.05104064941406
mp-aaaabeos,60.45500183105469,71.73497772216797
mp-aaaaabwy,265.5360107421875,233.56649780273438
mp-aaabgman,199.86500549316406,167.41650390625
mp-aaaabeer,139.70799255371094,141.62411499023438
mp-aaaabfie,46.0890007019043,60.500003814697266
mp-aaaaalhf,43.340999603271484,57.726646423339844
mp-aaaccsok,158.83099365234375,175.77011108398438
mp-aaaciojo,5.642000198364258,66.44657897949219
mp-aaaaaqsc,36.32699966430664,25.204238891601562
mp-aaaaakxb,44.722999572753906,37.44947814941406
mp-aaaaaqek,105.6510009765625,94.76786804199219
mp-aaaaauaw,13.847999572753906,42.820411682128906
mp-aaacdiup,83.97100067138672,71.88746643066406
mp-aaabctcs,56.917999267578125,97.02710723876953
mp-aaaaaftn,98.99099731445312,151.7872314453125
mp-aaabxhen,147.58299255371094,132.2474822998047
mp-aaaccteq,33.36399841308594,43.80865478515625
mp-aaaaaxwq,93.46099853515625,81.8016128540039
mp-aaaaacvf,50.73699951171875,59.5788459777832
mp-aaaaaulk,31.128999710083008,13.076850891113281
mp-aaaacbhx,124.08000183105469,119.74053192138672
mp-aaaabebo,14.809000015258789,11.906463623046875
mp-aaabijza,3.565999984741211,-41.09686279296875
mp-aaaaahzb,145.63600158691406,106.32246398925781
mp-aaacettx,354.6369934082031,339.78173828125
mp-aaaabikl,25.058000564575195,25.440093994140625
mp-aaacezro,97.30899810791016,83.06502532958984
mp-aaaaatsk,168.1999969482422,163.72633361816406
mp-aaaabpfd,27.742000579833984,186.5231475830078
mp-aaabxhnf,212.60800170898438,257.01129150390625
mp-aaaabfow,162.89599609375,170.29757690429688
mp-aaaaalzm,168.24200439453125,102.38040924072266
mp-aaabxgip,71.3239974975586,74.46257019042969
mp-aaaaapvc,148.0330047607422,91.19642639160156
mp-aaaaaqdk,179.25900268554688,154.2526092529297
mp-aaabqyuy,15.980999946594238,48.095211029052734
mp-aaaaabrk,215.0,272.97857666015625
mp-aaaaamgk,51.06999969482422,39.607688903808594
mp-aaaaaqsu,32.005001068115234,35.14674377441406
mp-aaaaaqwj,118.28299713134766,134.203125
mp-aaaabiob,51.827999114990234,86.07281494140625
mp-aaacdlpv,53.00699996948242,47.97643280029297
mp-aaabfufm,30.804000854492188,71.58125305175781
mp-aaacewfg,323.875,308.78460693359375
mp-aaacfyas,167.75,166.61923217773438
mp-aaaaahgf,137.6479949951172,167.7798614501953
mp-aaaaaofv,65.25800323486328,51.97287368774414
mp-aaacdxkx,97.87799835205078,86.89765930175781
mp-aaaabgvb,92.1760025024414,91.84393310546875
mp-aaaabfht,108.78700256347656,94.62860870361328
mp-aaaaafis,184.3209991455078,167.60018920898438
mp-aaacevty,187.4290008544922,159.021728515625
mp-aaaabiuj,12.753999710083008,29.652793884277344
mp-aaaaapbr,79.92400360107422,80.99655151367188
mp-aaabxfzb,182.53500366210938,174.6517333984375
mp-aaaabhwh,26.54199981689453,74.57289123535156
mp-aaaaaedc,19.229000091552734,24.06536865234375
mp-aaaaaqdj,184.16900634765625,155.3165283203125
mp-aaaabgzu,177.53799438476562,141.22396850585938
mp-aaaaaswc,129.07400512695312,126.81741333007812
mp-aaabikvu,22.493999481201172,71.5347900390625
mp-aaaabhlb,77.20600128173828,70.66033935546875
mp-aaabexba,58.46500015258789,53.948387145996094
mp-aaacecip,16.81100082397461,35.26934814453125
mp-aaaaahnc,23.964000701904297,45.88208770751953
mp-aaabxjrx,54.340999603271484,54.214683532714844
mp-aaaaakqp,60.178001403808594,85.93824768066406
mp-aaacgfoj,41.74800109863281,50.937381744384766
mp-aaaaaotk,76.51699829101562,68.54615783691406
mp-aaaaaepn,149.78599548339844,94.59685516357422
mp-aaacfkyo,71.53299713134766,57.96562957763672
mp-aaaabhtj,49.79800033569336,53.48550796508789
mp-aaabrgwo,31.260000228881836,38.51930236816406
mp-aaaaaxnp,107.1760025024414,144.84014892578125
mp-aaabxfll,77.61699676513672,80.48711395263672
mp-aaaaaqvc,129.32699584960938,115.31068420410156
mp-aaaabgrf,157.44500732421875,171.3459014892578
mp-aaaaacvu,198.72900390625,195.88873291015625
mp-aaaaamtp,28.156999588012695,27.670875549316406
mp-aaaaaakq,119.45600128173828,98.6412353515625
mp-aaacdtpw,9.675999641418457,-26.483734130859375
mp-aaacdtqp,19.1560001373291,37.25068664550781
mp-aaaabqzp,12.982000350952148,29.984344482421875
mp-aaaaaayo,52.2760009765625,55.338340759277344
mp-aaabklop,74.09100341796875,74.52424621582031
mp-aaabeupg,176.9810028076172,170.10195922851562
mp-aaacdiqs,58.597999572753906,55.59846496582031
mp-aaabqxow,147.5590057373047,140.9832000732422
mp-aaaaaaml,127.62899780273438,125.20137023925781
mp-aaaaalvu,118.33599853515625,115.44805145263672
mp-aaaabpve,110.3239974975586,82.43413543701172
mp-aaaaabzq,68.28099822998047,83.86368560791016
mp-aaaaalnn,141.0279998779297,95.87142944335938
mp-aaabxhij,111.43299865722656,124.8314437866211
mp-aaaabtkc,113.59600067138672,60.363853454589844
mp-aaacgiru,53.888999938964844,71.77188110351562
mp-aaabxhha,168.29600524902344,153.35488891601562
mp-aaacfjny,240.41799926757812,233.527587890625
mp-aaaaaiij,48.04399871826172,72.63768005371094
mp-aaacdmxa,11.666000366210938,17.969924926757812
mp-aaaaarww,169.33299255371094,168.45895385742188
mp-aaaabunj,82.52300262451172,79.13429260253906
mp-aaaabhbm,74.41699981689453,75.42129516601562
mp-aaabxcod,43.00699996948242,31.672279357910156
mp-aaaaamhe,50.236000061035156,28.928237915039062
mp-aaaabhgd,47.45800018310547,82.27450561523438
mp-aaabjybr,89.89900207519531,139.68190002441406
mp-aaaaagfg,59.900001525878906,35.504180908203125
mp-aaacdnck,10.654999732971191,17.85589599609375
mp-aaagkufv,11.11400032043457,49.15428924560547
mp-aaabxgil,275.44000244140625,227.49127197265625
mp-aaaaaoeg,34.452999114990234,43.25096130371094
mp-aaabjxxl,49.95399856567383,90.53816223144531
mp-aaacehpk,18.336000442504883,12.122825622558594
mp-aaacdyub,50.349998474121094,36.627166748046875
mp-aaacdkrm,47.768001556396484,45.72441864013672
mp-aaaaaxcy,27.60700035095215,26.248291015625
mp-aaaabpgt,43.237998962402344,71.56623840332031
mp-aaabgill,21.38599967956543,20.658035278320312
mp-aaacfyxk,128.80599975585938,120.88812255859375
mp-aaacevtw,139.0850067138672,154.445556640625
mp-aaaaahjt,128.9290008544922,115.21125793457031
mp-aaaaatlz,111.0999984741211,106.56848907470703
mp-aaaabjfr,157.94500732421875,126.2890853881836
mp-aaacdvzy,74.21199798583984,60.18326187133789
mp-aaaaasqk,218.3719940185547,233.35089111328125
mp-aaaaaloe,253.38299560546875,213.94883728027344
mp-aaaabubq,146.97300720214844,146.3121795654297
mp-aaaabqeb,17.295000076293945,30.321258544921875
mp-aaaaapxc,94.77200317382812,47.75657653808594
mp-aaaaaxpw,80.91600036621094,105.16165161132812
mp-aaaaabme,37.61000061035156,41.700653076171875
mp-aaafdsxr,6.951000213623047,27.08678436279297
mp-aaaabpbb,13.737000465393066,22.836204528808594
mp-aaaabfsj,81.21800231933594,94.60098266601562
mp-aaabxgoe,33.75,39.46405792236328
mp-aaacfkqb,70.93699645996094,88.24769592285156
mp-aaaaahff,113.81900024414062,82.482421875
mp-aaacfsoj,112.15599822998047,236.34278869628906
mp-aaaabiiz,82.79499816894531,90.9642562866211
mp-aaaabtrf,148.8470001220703,171.13673400878906
mp-aaacfklx,95.80500030517578,79.08485412597656
mp-aaabjxzv,110.55000305175781,132.017822265625
mp-aaaaabod,143.7010040283203,168.4485321044922
mp-aaabfyrv,8.258000373840332,53.95451354980469
mp-aaacfkbr,262.7590026855469,209.34133911132812
mp-aaacdpvs,204.49000549316406,202.03103637695312
mp-aaabxhbo,91.01599884033203,84.22431945800781
mp-aaaaadxh,229.91000366210938,126.45111846923828
mp-aaacgisu,112.53700256347656,102.02043914794922
mp-aaaabfoz,63.48699951171875,77.39195251464844
mp-aaabxjxu,100.63099670410156,85.48333740234375
mp-aaabxbzp,37.72100067138672,45.01377868652344
mp-aaaaadyh,35.89899826049805,123.2999038696289
mp-aaaaamgi,63.49599838256836,67.07098388671875
mp-aaaaahrb,90.68900299072266,80.09983825683594
mp-aaacfxge,79.11799621582031,86.52677917480469
mp-aaaaayls,112.677001953125,104.49005889892578
mp-aaaabtlu,59.33100128173828,47.251068115234375
mp-aaaaaxpn,21.344999313354492,57.28529357910156
mp-aaacetsb,8.550999641418457,70.05723571777344
mp-aaacdhze,217.27999877929688,153.822998046875
mp-aaaaahlc,94.1510009765625,128.17138671875
mp-aaaaboke,11.196999549865723,35.46825408935547
mp-aaaaarmq,8.586999893188477,15.015525817871094
mp-aaaabtfo,101.93000030517578,121.84488677978516
mp-aaaccsqx,154.39500427246094,140.06912231445312
mp-aaaaacmz,262.427001953125,237.62313842773438
mp-aaabxhio,42.611000061035156,31.238616943359375
mp-aaaabtpg,68.31400299072266,68.70006561279297
mp-aaacdrob,57.32500076293945,52.40476608276367
mp-aaaaarbf,163.22000122070312,141.8271026611328
mp-aaaaabvs,99.91100311279297,79.04051208496094
mp-aaacfkfg,192.5500030517578,182.0198974609375
mp-aaaabdwq,163.30599975585938,140.6387176513672
mp-aaaaacib,80.12200164794922,62.609405517578125
mp-aaaaaaqz,11.392999649047852,-3.2521438598632812
mp-aaaaaajr,330.5329895019531,337.51214599609375
mp-aaabglwt,42.65599822998047,31.16583251953125
mp-aaacgdcp,275.98699951171875,146.74081420898438
mp-aaabgmwg,10.949000358581543,24.025299072265625
mp-aaaabqva,12.425000190734863,81.846435546875
mp-aaacgpiu,83.06900024414062,131.95965576171875
mp-aaabglqd,210.57000732421875,198.52435302734375
mp-aaaaancy,202.4739990234375,198.41143798828125
mp-aaaabfub,22.069000244140625,26.66722869873047
mp-aaacdref,41.63199996948242,52.528995513916016
mp-aaaaaavc,228.6320037841797,202.42062377929688
mp-aaaaabpk,133.72000122070312,146.34339904785156
mp-aaaaajmm,68.71700286865234,73.0549545288086
mp-aaacesuq,19.738000869750977,47.24958801269531
mp-aaabeuir,40.696998596191406,51.21291732788086
mp-aaacgdxr,46.62099838256836,74.13658142089844
mp-aaaaakhm,48.888999938964844,42.33833312988281
mp-aaaaancg,160.2480010986328,117.435546875
mp-aaabfazg,86.05899810791016,54.788265228271484
mp-aaaaayae,65.5719985961914,54.904937744140625
mp-aaacfzmi,366.21099853515625,345.9736022949219
mp-aaaabqsy,43.520999908447266,87.49642181396484
mp-aaaabubx,38.09600067138672,38.74595642089844
mp-aaaaaawb,88.61100006103516,86.63349914550781
mp-aaaabwes,197.04200744628906,158.11842346191406
mp-aaabxdql,185.74099731445312,200.43133544921875
mp-aaaaahdo,42.41999816894531,64.79662322998047
mp-aaabxayy,47.44499969482422,63.048648834228516
mp-aaabqxfu,201.62100219726562,143.03115844726562
mp-aaacdhpy,24.58300018310547,23.49005126953125
mp-aaaaaics,139.6490020751953,111.46388244628906
mp-aaaaaabh,310.06201171875,294.85089111328125
mp-aaabjvbp,214.14599609375,245.37904357910156
mp-aaabxcfp,27.3439998626709,36.87427520751953
mp-aaaaazhk,103.24700164794922,101.45149230957031
mp-aaabxcln,100.30000305175781,82.50923919677734
mp-aaacebze,31.663000106811523,37.122406005859375
mp-aaaaadmp,240.14500427246094,359.4158935546875
mp-aaaaagqg,82.68599700927734,78.83787536621094
mp-aaaaadhs,42.316001892089844,44.798805236816406
mp-aaaaabia,81.81400299072266,91.87501525878906
mp-aaaaaezj,105.0199966430664,108.31291961669922
mp-aaacfknb,64.53199768066406,78.28156280517578
mp-aaaabfgx,71.49600219726562,55.76258087158203
mp-aaacfsiv,112.10600280761719,122.99710083007812
mp-aaaabgit,82.50399780273438,82.95924377441406
mp-aaacewgx,329.5870056152344,341.7373352050781
mp-aaaaaqrb,133.3769989013672,107.93254089355469
mp-aaaaaqsd,38.369998931884766,25.688766479492188
mp-aaaceare,51.68299865722656,48.27862548828125
mp-aaabxfco,245.86099243164062,206.873291015625
mp-aaaabdeu,124.5979995727539,124.10078430175781
mp-aaabewyp,25.628999710083008,152.24571228027344
mp-aaaaadzo,227.53900146484375,218.005615234375
mp-aaaaacue,53.46900177001953,43.515525817871094
mp-aaaabukh,12.244000434875488,22.41484832763672
mp-aaaccsqa,136.177001953125,181.54037475585938
mp-aaaaaefx,200.49099731445312,232.29966735839844
mp-aaabxgeq,174.74899291992188,201.07626342773438
mp-aaabcsls,19.202999114990234,36.63507080078125
mp-aaabfkch,94.69100189208984,104.24011993408203
mp-aaaaadpr,377.1409912109375,124.41383361816406
mp-aaacfxyq,77.26000213623047,73.83203125
mp-aaaaalse,28.836000442504883,44.26593017578125
mp-aaabxgyx,179.41200256347656,155.19680786132812
mp-aaaabhxc,4.001999855041504,70.66275024414062
mp-aaaaaklw,43.145999908447266,54.55244064331055
mp-aaaaayea,61.138999938964844,65.4913330078125
mp-aaaaaftv,156.37600708007812,153.27037048339844
mp-aaaaalvj,97.90499877929688,199.46798706054688
mp-aaaaaogl,154.00799560546875,136.438720703125
mp-aaacdlky,0.5009999871253967,51.37369918823242
mp-aaaabulu,131.74000549316406,113.53718566894531
mp-aaaabeab,146.1199951171875,185.98562622070312
mp-aaaaacam,76.5979995727539,85.19189453125
mp-aaacfycw,185.11199951171875,116.29499053955078
mp-aaabjyha,96.4219970703125,112.90565490722656
mp-aaacfzob,165.34500122070312,112.9374771118164
mp-aaacdvns,122.68499755859375,116.05671691894531
mp-aaaaaidr,154.8699951171875,181.2862091064453
mp-aaaabseo,5.014999866485596,29.983062744140625
mp-aaaaaukv,170.42599487304688,119.37066650390625
mp-aaackxny,11.595000267028809,40.08821105957031
mp-aaaaalrl,142.44500732421875,84.44187927246094
mp-aaaaacwt,15.788999557495117,11.233436584472656
mp-aaaaadnp,114.58200073242188,111.2095947265625
mp-aaabxfln,198.12100219726562,187.7747344970703
mp-aaacdnfl,29.0939998626709,36.287078857421875
mp-aaaaaevi,148.02200317382812,116.57484436035156
mp-aaaabtft,173.44900512695312,148.14390563964844
mp-aaacdlyd,5.685999870300293,42.245887756347656
mp-aaacfjyr,257.9119873046875,214.53146362304688
mp-aaabxfqt,187.38299560546875,148.75384521484375
mp-aaabgjwb,164.7790069580078,172.036376953125
mp-aaaabimi,9.746000289916992,18.438331604003906
mp-aaaabeiy,90.7490005493164,127.641845703125
mp-aaaaaegr,115.65599822998047,92.42007446289062
mp-aaacdmzv,61.10900115966797,24.29254150390625
mp-aaabfpcq,45.667999267578125,83.18749237060547
mp-aaaaaonk,113.9469985961914,109.5256576538086
mp-aaacdhya,298.5539855957031,254.88348388671875
mp-aaaaahdq,120.8740005493164,100.28544616699219
mp-aaacebnk,147.2310028076172,116.09580993652344
mp-aaabxfts,41.72200012207031,38.976593017578125
mp-aaacfyaf,207.51800537109375,123.08212280273438
mp-aaabgrzz,10.008999824523926,38.56824493408203
mp-aaaaaage,210.22300720214844,281.30023193359375
mp-aaabxfvn,189.78399658203125,141.88587951660156
mp-aaaaarvx,187.7429962158203,201.62191772460938
mp-aaaabijn,38.284000396728516,65.37747192382812
mp-aaacfybq,37.4370002746582,69.19953155517578
mp-aaabghvc,60.75199890136719,100.06096649169922
mp-aaaaaidp,58.448001861572266,99.25679779052734
mp-aaaaacuh,17.243999481201172,71.04113006591797
mp-aaacdiez,167.1699981689453,138.68731689453125
mp-aaabqyku,187.1790008544922,171.94371032714844
mp-aaaaaimt,133.27999877929688,146.41970825195312
mp-aaabmkue,208.14500427246094,175.27590942382812
mp-aaacdkna,40.99399948120117,28.55506134033203
mp-aaadbrue,71.91400146484375,83.87251281738281
mp-aaabjxwz,100.34700012207031,91.5658187866211
mp-aaacfzib,57.808998107910156,65.21498107910156
mp-aaacdjff,118.55500030517578,125.40971374511719
mp-aaaaamvy,152.5780029296875,108.93167114257812
mp-aaaabaab,78.3219985961914,78.70486450195312
mp-aaaaaacw,252.89999389648438,229.198974609375
mp-aaaaaswy,106.51399993896484,113.38765716552734
mp-aaabgipc,102.15399932861328,95.41531372070312
mp-aaabgmaj,135.2760009765625,135.98257446289062
mp-aaaaalav,12.517999649047852,11.267501831054688
mp-aaabctkr,167.09500122070312,163.56900024414062
mp-aaaaaaok,259.7019958496094,292.50390625
mp-aaabghbb,55.59000015258789,69.72402954101562
mp-aaaccsoo,119.15799713134766,157.2102813720703
mp-aaabjygz,140.5919952392578,111.63278198242188
mp-aaacewqo,198.37899780273438,155.85980224609375
mp-aaabghmi,5.439000129699707,95.33041381835938
mp-aaaaapix,162.5189971923828,209.48590087890625
mp-aaaaahgv,96.08499908447266,122.45276641845703
mp-aaabxfog,175.34500122070312,144.84445190429688
mp-aaabjyag,30.597000122070312,58.484683990478516
mp-aaaaaqwz,75.01899719238281,79.66936492919922
mp-aaacgiyq,56.57400131225586,26.09540557861328
mp-aaacdrnt,63.54899978637695,47.97492218017578
mp-aaabxchb,55.05500030517578,58.6964111328125
mp-aaaabpfc,24.065000534057617,130.89312744140625
mp-aaacfhme,73.07499694824219,116.12035369873047
mp-aaabegkp,189.97500610351562,247.1486053466797
mp-aaaaasyc,99.43199920654297,103.92778778076172
mp-aaaaarhu,15.031000137329102,44.854278564453125
mp-aaaabhzo,36.09000015258789,69.73607635498047
mp-aaabxgll,44.86899948120117,57.31715393066406
mp-aaaaaxjs,181.8699951171875,165.7294921875
mp-aaacdpvq,227.822998046875,195.82327270507812
mp-aaacfyay,137.2550048828125,126.46429443359375
mp-aaacehui,14.6899995803833,25.175949096679688
mp-aaaaaepo,158.88699340820312,142.15261840820312
mp-aaabgitu,99.19499969482422,90.77485656738281
mp-aaabqykz,135.5189971923828,103.64717102050781
mp-aaacdroh,52.7599983215332,52.00258255004883
mp-aaacdjcg,232.44500732421875,193.69032287597656
mp-aaaaaaal,31.38800048828125,56.202388763427734
mp-aaaabfsx,183.70899963378906,177.04708862304688
mp-aaacewfl,24.988000869750977,37.053916931152344
mp-aaabghei,194.1580047607422,180.72991943359375
mp-aaaabhvl,14.588000297546387,1.8396453857421875
mp-aaabqvbb,139.92100524902344,101.01895141601562
mp-aaaaacjx,275.177001953125,273.22332763671875
mp-aaabkrgf,42.316001892089844,62.487335205078125
mp-aaaabejl,63.47700119018555,97.5413818359375
mp-aaaaaexv,152.3179931640625,70.13003540039062
mp-aaabxfxa,123.51200103759766,130.6434326171875
mp-aaaaaaou,57.4630012512207,42.58136749267578
mp-aaaaachg,55.064998626708984,50.207618713378906
mp-aaaaakqn,149.85000610351562,118.27021789550781
mp-aaaaatrq,79.22200012207031,87.8177261352539
mp-aaaabtcn,22.43899917602539,29.835350036621094
mp-aaaelcam,25.25200080871582,76.87478637695312
mp-aaabxghk,258.7650146484375,220.25009155273438
mp-aaabxdqg,64.40399932861328,47.18072509765625
mp-aaaaaasj,71.85199737548828,68.57626342773438
mp-aaabxgsu,210.07400512695312,177.08767700195312
mp-aaablgrc,98.77300262451172,163.2101593017578
mp-aaacdoxj,41.816001892089844,38.1424560546875
mp-aaaaabph,31.367000579833984,21.366500854492188
mp-aaaaaafr,4.1519999504089355,0.884002685546875
mp-aaacfade,85.09200286865234,89.49777221679688
mp-aaabgnfr,158.09500122070312,172.77622985839844
mp-aaacgory,147.43699645996094,243.24966430664062
mp-aaabwiae,12.70300006866455,93.52771759033203
mp-aaabxham,68.39700317382812,72.82036590576172
mp-aaabxgdg,181.82200622558594,203.43666076660156
mp-aaaaalsg,25.11199951171875,45.16545104980469
mp-aaacfznr,38.053001403808594,22.580787658691406
mp-aaacdltg,249.55599975585938,207.42776489257812
mp-aaaaalow,87.76399993896484,87.24162292480469
mp-aaabqyue,39.27799987792969,47.88029479980469
mp-aaaaahoq,120.6709976196289,113.4130630493164
mp-aaaditgp,132.4340057373047,179.5926971435547
mp-aaabxcnw,60.96699905395508,63.03170394897461
mp-aaacesxi,112.57099914550781,87.18910217285156
mp-aaaaaqqc,45.81800079345703,48.62240982055664
mp-aaaaapkc,25.672000885009766,50.782814025878906
mp-aaacdxuz,11.861000061035156,11.646034240722656
mp-aaacedqq,50.638999938964844,74.09056854248047
mp-aaacdjov,179.7949981689453,156.179931640625
mp-aaabxhje,28.99799919128418,34.7882080078125
mp-aaaaatma,114.11699676513672,106.86286163330078
mp-aaaabswz,78.33100128173828,75.42987060546875
mp-aaabghkr,20.72100067138672,109.38414001464844
mp-aaaabsbb,77.51499938964844,115.8473129272461
mp-aaackxqf,156.67300415039062,83.06905364990234
mp-aaacdpxk,68.2239990234375,85.77945709228516
mp-aaaaaaau,125.07599639892578,127.56456756591797
mp-aaaaanzv,100.83000183105469,144.12890625
mp-aaacebty,37.832000732421875,28.579849243164062
mp-aaaaakgb,73.52100372314453,74.8310546875
mp-aaaaaoeu,41.3650016784668,43.440032958984375
mp-aaabxjsw,71.66699981689453,75.52377319335938
mp-aaabxgkx,111.10199737548828,110.54267120361328
mp-aaacptmd,18.33300018310547,1.50006103515625
mp-aaabxgww,37.39799880981445,53.16615676879883
mp-aaacdjim,67.46199798583984,71.55029296875
mp-aaabxgwo,139.01600646972656,119.56340789794922
mp-aaacdpmg,186.77999877929688,133.3913116455078
mp-aaaaasvx,201.4949951171875,223.76516723632812
mp-aaacdvmw,37.409000396728516,81.94131469726562
mp-aaaabtlz,110.95999908447266,106.37096405029297
mp-aaaabjth,139.4550018310547,101.09972381591797
mp-aaacdozy,173.42799377441406,161.8008270263672
mp-aaaabdsl,110.43199920654297,100.04998779296875
mp-aaaaazol,112.28700256347656,92.45732879638672
mp-aaacdjhu,135.88099670410156,133.2566375732422
mp-aaacgowz,131.46099853515625,150.71389770507812
mp-aaacesvj,67.27100372314453,85.14266967773438
mp-aaabgkiq,95.26300048828125,210.10733032226562
mp-aaaaaydz,100.14199829101562,135.25686645507812
mp-aaaaaefw,123.19000244140625,108.40747833251953
mp-aaaaboxb,2.0850000381469727,13.784736633300781
mp-aaaaacde,24.506000518798828,120.24205017089844
mp-aaacjigx,88.77400207519531,94.70684814453125
mp-aaaaaayr,5.968999862670898,17.545692443847656
mp-aaacdvtf,55.1609992980957,59.46867752075195
mp-aaaabxjf,53.26499938964844,42.82997131347656
mp-aaacfzii,387.1470031738281,358.4834899902344
mp-aaabfqrl,47.13999938964844,54.859962463378906
mp-aaaaaupf,112.91400146484375,106.56549835205078
mp-aaabxfqg,242.88400268554688,201.8487548828125
mp-aaabxfpj,214.0030059814453,157.2269287109375
mp-aaaaaany,126.9280014038086,112.61482238769531
mp-aaabglqb,1.2039999961853027,29.908309936523438
mp-aaaaacaj,105.86000061035156,88.188720703125
mp-aaabminb,201.2790069580078,209.4607391357422
mp-aaaceauu,37.50299835205078,46.298057556152344
mp-aaacflth,281.8890075683594,302.6753845214844
mp-aaacfmex,214.78900146484375,187.8775634765625
mp-aaacfydp,101.62999725341797,89.9849624633789
mp-aaaabrgr,54.84600067138672,26.93115234375
mp-aaaaaftm,125.11199951171875,143.58287048339844
mp-aaaabigb,64.46499633789062,47.28350067138672
mp-aaaaadgf,47.608001708984375,77.67289733886719
mp-aaabxfgc,40.25899887084961,50.08217239379883
mp-aaaabtdc,81.552001953125,90.67593383789062
mp-aaaabdkq,94.19200134277344,50.82649230957031
mp-aaaaajsb,105.95700073242188,90.7153091430664
mp-aaaabihs,0.11299999803304672,74.43122100830078
mp-aaacfwep,137.1179962158203,129.97972106933594
mp-aaabpjau,2.505000114440918,-29.941909790039062
mp-aaaaaqbl,167.2949981689453,125.22622680664062
mp-aaacfzaa,59.176998138427734,53.88224792480469
mp-aaabjxzx,79.41300201416016,92.78060150146484
mp-aaabxcaz,55.597999572753906,33.98997497558594
mp-aaabsdur,194.5760040283203,134.2804718017578
mp-aaabxgjf,179.1269989013672,179.52462768554688
mp-aaabgmbi,75.83499908447266,61.68616485595703
mp-aaacfiwh,246.53399658203125,191.1987762451172
mp-aaaabias,25.61199951171875,101.89307403564453
mp-aaacdnmn,51.88100051879883,52.9878044128418
mp-aaabxcjw,133.3979949951172,77.61695098876953
mp-aaaaamuj,285.9010009765625,295.05804443359375
mp-aaaaaovl,55.42900085449219,69.02862548828125
mp-aaaaafkk,41.39099884033203,61.64047622680664
mp-aaaaalkn,97.81199645996094,72.33773040771484
mp-aaaaapvm,65.95800018310547,102.64393615722656
mp-aaacdkdr,23.854000091552734,54.26011657714844
mp-aaaaaigo,227.9080047607422,232.59713745117188
mp-aaaaarts,89.51799774169922,93.65924072265625
mp-aaaabtgr,143.322998046875,178.5435028076172
mp-aaaaafrm,148.84500122070312,84.36767578125
mp-aaaaagjb,115.22799682617188,116.32481384277344
mp-aaaabhny,120.65599822998047,117.36077117919922
mp-aaabewei,74.91999816894531,85.03897094726562
mp-aaabxgwq,137.3509979248047,117.63877868652344
mp-aaacdjnv,118.71800231933594,116.42170715332031
mp-aaacfkja,334.82000732421875,382.7276306152344
mp-aaaaaaxm,61.78900146484375,82.51362609863281
mp-aaaaalwf,11.553000450134277,39.080787658691406
mp-aaabqzhy,73.68699645996094,90.43098449707031
mp-aaacfakw,198.20399475097656,140.61065673828125
mp-aaaaarht,46.87200164794922,89.81680297851562
mp-aaaabdet,22.297000885009766,120.80583190917969
mp-aaaaauty,40.08599853515625,24.730567932128906
mp-aaaabtcl,32.0989990234375,34.06678009033203
mp-aaaaadtl,234.51100158691406,122.25146484375
mp-aaaabsth,54.79100036621094,92.55863189697266
mp-aaaabtqa,210.48800659179688,165.9972686767578
mp-aaaaamgx,49.07600021362305,67.68745422363281
mp-aaaaaggq,120.14399719238281,118.76904296875
mp-aaaaarae,67.89900207519531,79.42671203613281
mp-aaabgmlc,158.42300415039062,137.20465087890625
mp-aaacevrj,258.9289855957031,384.55059814453125
mp-aaaaaqzu,106.89800262451172,103.26090240478516
mp-aaaaamvi,21.3700008392334,59.331546783447266
mp-aaabfxii,65.10700225830078,69.59138488769531
mp-aaabhaiu,24.93899917602539,31.056381225585938
mp-aaabxbbg,86.56999969482422,90.34343719482422
mp-aaabqvnj,206.2429962158203,140.87171936035156
mp-aaaaagsm,126.05599975585938,117.46612548828125
mp-aaaabyof,28.62700080871582,29.86127471923828
mp-aaaabste,88.48500061035156,109.08428955078125
mp-aaaaabjw,73.06500244140625,76.43234252929688
mp-aaaaayuv,21.34600067138672,61.0152587890625
mp-aaaaaxch,131.15499877929688,110.50201416015625
mp-aaaaaare,242.6999969482422,230.23745727539062
mp-aaaaatqm,43.108001708984375,49.46553421020508
mp-aaaaajwm,97.25199890136719,112.75038146972656
mp-aaaaakzr,51.41400146484375,47.521148681640625
mp-aaabxixp,59.42599868774414,50.3173828125
mp-aaaaasww,173.83999633789062,163.6085205078125
mp-aaaaaasu,64.72100067138672,74.30696105957031
mp-aaaaayfc,158.12600708007812,152.87867736816406
mp-aaaabxvn,58.042999267578125,59.86107635498047
mp-aaaaaeif,119.31500244140625,108.6483383178711
mp-aaaaagax,100.35800170898438,88.00621032714844
mp-aaaabpfr,32.28900146484375,117.62309265136719
mp-aaaaapsa,81.99500274658203,63.720096588134766
mp-aaabghhq,47.617000579833984,71.25553131103516
mp-aaabxgvq,231.6020050048828,207.6751251220703
mp-aaaaadlj,142.08799743652344,148.79623413085938
mp-aaabxfix,184.2010040283203,161.06211853027344
mp-aaabxhjc,34.106998443603516,26.327781677246094
mp-aaaaaaxf,125.63300323486328,134.08555603027344
mp-aaaaasvk,24.14900016784668,31.464576721191406
mp-aaaaardi,117.947998046875,116.55928802490234
mp-aaabxfyy,141.54400634765625,126.19129943847656
mp-aaacdjrx,102.56700134277344,113.35704803466797
mp-aaaegtjv,25.51099967956543,12.141883850097656
mp-aaabgmks,76.3550033569336,99.74383544921875
mp-aaaaadlu,71.22799682617188,47.09587860107422
mp-aaabxfgw,246.74899291992188,212.20948791503906
mp-aaaabsxf,83.80899810791016,83.07181549072266
mp-aaacfkqm,55.042999267578125,78.16744995117188
mp-aaaaaaig,180.26100158691406,168.69308471679688
mp-aaaabthr,103.802001953125,119.98715209960938
mp-aaaabhdi,224.11399841308594,271.9488525390625
mp-aaackxsj,71.11399841308594,74.50350952148438
mp-aaaccsqs,165.3419952392578,149.26129150390625
mp-aaaaatnu,77.99500274658203,62.07651138305664
mp-aaacflvf,88.93099975585938,65.75569152832031
mp-aaabeuig,8.13700008392334,8.988410949707031
mp-aaaaaqdc,30.177000045776367,102.66888427734375
mp-aaaaakie,115.99099731445312,58.9428825378418
mp-aaaaaoup,308.0580139160156,231.86605834960938
mp-aaaabsbc,73.15899658203125,71.32962036132812
mp-aaacevqw,139.1750030517578,161.35446166992188
mp-aaaaadkg,150.64199829101562,165.57342529296875
mp-aaaaabtq,19.062000274658203,27.50769805908203
mp-aaaaaeau,59.90599822998047,74.91973876953125
mp-aaabqykw,160.14300537109375,125.87594604492188
mp-aaaaacgt,84.12300109863281,51.242431640625
mp-aaabftcb,36.8380012512207,41.99182891845703
mp-aaaabhkr,200.61500549316406,215.21839904785156
mp-aaacdozf,136.8090057373047,125.15435791015625
mp-aaabqxgp,138.26300048828125,103.42630767822266
mp-aaaaabda,95.4219970703125,70.51142883300781
mp-aaaabdop,103.4010009765625,94.69941711425781
mp-aaacdxqv,6.339000225067139,40.38299560546875
mp-aaaaacpy,102.7969970703125,72.33404541015625
mp-aaaaaekm,131.57699584960938,101.18762969970703
mp-aaabjzne,44.13600158691406,46.3194580078125
mp-aaabhczy,213.197998046875,120.20993041992188
mp-aaacesvf,111.19200134277344,104.61067199707031
mp-aaaaamfh,10.753000259399414,9.436408996582031
mp-aaacdjeo,72.85299682617188,81.86370849609375
mp-aaacdtqk,27.94300079345703,32.08766174316406
mp-aaacdklk,68.68199920654297,71.95111083984375
mp-aaaaaonl,28.71299934387207,94.92550659179688
mp-aaabfbxm,42.27899932861328,39.20269012451172
mp-aaaaaebd,142.75100708007812,116.61668395996094
mp-aaacdnfk,56.119998931884766,74.72705078125
mp-aaacffsn,56.89400100708008,49.538997650146484
mp-aaabglnn,5.7170000076293945,28.65375518798828
mp-aaabxcdt,70.947998046875,66.66984558105469
mp-aaaaaais,145.93699645996094,114.92276763916016
mp-aaaabhws,10.557999610900879,-1.303680419921875
mp-aaacctek,20.125999450683594,26.761184692382812
mp-aaaacckp,51.111000061035156,101.99546813964844
mp-aaaaauaz,26.70800018310547,78.11195373535156
mp-aaaabrvb,31.173999786376953,58.463165283203125
mp-aaaaaima,159.10299682617188,186.93145751953125
mp-aaaabgie,51.99599838256836,66.52568817138672
mp-aaaaabtr,203.2030029296875,697.5770263671875
mp-aaaabhys,15.269000053405762,44.761749267578125
mp-aaaaahpc,137.82899475097656,112.78631591796875
mp-aaabxixf,80.822998046875,88.6032943725586
mp-aaaaacah,258.8179931640625,236.3614501953125
mp-aaaaaaeh,3.177000045776367,21.763084411621094
mp-aaabdblz,111.11799621582031,96.58324432373047
mp-aaacfkds,73.05000305175781,108.81822967529297
mp-aaaaapxy,45.327999114990234,56.347591400146484
mp-aaaaahjg,89.58399963378906,70.13472747802734
mp-aaaaadto,238.11900329589844,260.48065185546875
mp-aaabijyv,9.564000129699707,35.704681396484375
mp-aaaaahhq,184.78700256347656,154.57574462890625
mp-aaaaasef,67.62300109863281,60.232791900634766
mp-aaabevxq,24.097000122070312,63.236106872558594
mp-aaaaaoet,306.1239929199219,299.5865478515625
mp-aaabxhgi,66.27300262451172,59.968658447265625
mp-aaaabjix,33.10900115966797,52.99095916748047
mp-aaaacfla,268.5400085449219,281.885498046875
mp-aaacevqp,61.32400131225586,77.9840087890625
mp-aaaacban,58.7869987487793,71.51200866699219
mp-aaaaabxi,306.7049865722656,213.02243041992188
mp-aaabxdso,139.2220001220703,109.13673400878906
mp-aaabqwtx,178.77499389648438,171.37606811523438
mp-aaacdksm,177.35499572753906,167.83529663085938
mp-aaacgihm,146.8179931640625,127.6632308959961
mp-aaaaaccg,163.5800018310547,157.69091796875
mp-aaacdwor,72.91500091552734,83.51730346679688
mp-aaabqxgy,119.02999877929688,95.72882843017578
mp-aaabxizz,193.572998046875,128.59996032714844
mp-aaaaaeix,61.0099983215332,65.83740234375
mp-aaacdjhl,177.26699829101562,192.4113311767578
mp-aaaabgyt,108.197998046875,91.12367248535156
mp-aaaabtbt,94.37799835205078,90.21760559082031
mp-aaaabptw,162.50900268554688,145.765625
mp-aaaabdoc,81.80599975585938,103.5340576171875
mp-aaaaanqh,139.27200317382812,109.55184173583984
mp-aaacfkyg,35.20100021362305,55.567848205566406
mp-aaabmhvf,24.142000198364258,10.098594665527344
mp-aaabxhgd,193.5489959716797,135.8349609375
mp-aaaaauhx,70.98200225830078,82.08163452148438
mp-aaaabebw,64.01200103759766,64.1370620727539
mp-aaaaaaje,131.60000610351562,119.34850311279297
mp-aaaabrvt,121.81300354003906,107.30036926269531
mp-aaaaaatj,118.09500122070312,87.71013641357422
mp-aaacgjbg,115.18599700927734,148.50767517089844
mp-aaabglls,2.114000082015991,14.105979919433594
mp-aaacdorm,142.947998046875,124.9681625366211
mp-aaafdvbl,82.31400299072266,100.99573516845703
mp-aaaaaccc,46.5369987487793,32.08311462402344
mp-aaaaaesy,161.78900146484375,129.192138671875
mp-aaaaaayw,47.805999755859375,41.89196014404297
mp-aaaaaphe,26.190000534057617,80.10983276367188
mp-aaaaaciv,9.944000244140625,60.399696350097656
mp-aaacdhrj,62.71500015258789,49.9287223815918
mp-aaacflpf,282.85400390625,212.34100341796875
mp-aaaaaleh,30.26300048828125,39.227142333984375
mp-aaaaabrg,63.27000045776367,82.36607360839844
mp-aaaaaavt,107.75199890136719,114.3290023803711
mp-aaabxboy,238.37600708007812,191.2462921142578
mp-aaacdifc,233.8979949951172,212.13055419921875
mp-aaaabiir,33.6150016784668,63.020381927490234
mp-aaabfmku,71.32599639892578,137.83621215820312
mp-aaaabucz,53.25,60.11548614501953
mp-aaaabqtl,236.2270050048828,290.861328125
mp-aaaaadbl,60.37699890136719,55.90548324584961
mp-aaaaarvy,144.8730010986328,186.87217712402344
mp-aaaaasrz,146.22000122070312,131.7461395263672
mp-aaaabgjr,222.8509979248047,205.15374755859375
mp-aaaboaqo,29.325000762939453,35.2127685546875
mp-aaabxhhx,251.03900146484375,213.90789794921875
mp-aaabimgi,16.11400032043457,57.64624786376953
mp-aaaabsga,110.73100280761719,128.1434326171875
mp-aaaaamvm,85.65399932861328,73.41044616699219
mp-aaaaaylg,90.65799713134766,106.47421264648438
mp-aaaaaddc,139.79100036621094,136.70263671875
mp-aaabxaoa,78.77100372314453,57.969383239746094
mp-aaaaaqwn,101.5510025024414,111.14970397949219
mp-aaaaaewx,94.78700256347656,96.16658782958984
mp-aaacehyx,106.47799682617188,143.3351593017578
mp-aaaaanhz,22.61400032043457,18.671424865722656
mp-aaaaaqqa,32.23400115966797,80.25970458984375
mp-aaaabtun,0.7269999980926514,21.765411376953125
mp-aaaaacxs,116.02200317382812,126.55824279785156
mp-aaaaaebb,97.75599670410156,91.81256866455078
mp-aaacdkly,60.625999450683594,54.57188415527344
mp-aaabxfmq,84.19300079345703,95.39302825927734
mp-aaaaaeij,151.9709930419922,104.96570587158203
mp-aaabfoti,28.722999572753906,59.4632568359375
mp-aaaaajjp,98.18900299072266,75.25843811035156
mp-aaacdkaz,49.41400146484375,50.61325454711914
mp-aaacesxu,21.672000885009766,80.76632690429688
mp-aaabjybp,169.33799743652344,180.61322021484375
mp-aaabxbsj,139.7530059814453,131.7857666015625
mp-aaaaamqp,23.336999893188477,36.538597106933594
mp-aaaaavwz,98.06999969482422,103.8233413696289
mp-aaaaadaa,156.48300170898438,95.05408477783203
mp-aaaabufj,23.375999450683594,21.9862060546875
mp-aaaaandf,47.01599884033203,42.980224609375
mp-aaacdzsd,96.08399963378906,100.1719970703125
mp-aaacewlx,187.03199768066406,152.19375610351562
mp-aaaaacph,56.2869987487793,60.5599250793457
mp-aaabkdht,129.5959930419922,49.8912239074707
mp-aaaaatbf,295.8680114746094,194.52874755859375
mp-aaaaapuh,55.71699905395508,45.474449157714844
mp-aaabxfjt,192.65499877929688,168.30093383789062
mp-aaaabjjm,24.82699966430664,47.06024169921875
mp-aaaaando,82.62000274658203,67.99623107910156
mp-aaacdsdd,34.15700149536133,31.01256561279297
mp-aaaaaduo,60.39099884033203,76.10762023925781
mp-aaaabrcn,36.37699890136719,114.73808288574219
mp-aaaaaqif,104.53399658203125,100.11331939697266
mp-aaabewwo,2.8320000171661377,85.46459197998047
mp-aaacfksx,55.80500030517578,69.39583587646484
mp-aaabghft,19.197999954223633,6.1093902587890625
mp-aaaaaqyv,63.96799850463867,42.50386047363281
mp-aaabxftr,42.22100067138672,29.732864379882812
mp-aaaaaglz,124.80000305175781,114.0325698852539
mp-aaacdiia,220.39700317382812,165.87010192871094
mp-aaacdwhp,104.3479995727539,101.57099151611328
mp-aaaaafvr,123.54199981689453,125.5190658569336
mp-aaabxhba,102.76899719238281,98.46702575683594
mp-aaaaauap,70.66000366210938,89.94711303710938
mp-aaabkhed,248.74899291992188,244.8763427734375
mp-aaaabtln,44.345001220703125,47.71562194824219
mp-aaacdvsx,98.45099639892578,58.80866241455078
mp-aaaaaibr,134.1199951171875,130.0791778564453
mp-aaaaabnr,53.09299850463867,49.749507904052734
mp-aaacduae,107.32599639892578,125.21560668945312
mp-aaaaahpy,168.0780029296875,192.306884765625
mp-aaaaarvu,169.70700073242188,171.56103515625
mp-aaacdvtv,103.75199890136719,89.95108032226562
mp-aaaabsqr,116.52999877929688,105.01338195800781
mp-aaabkrby,95.4729995727539,81.51270294189453
mp-aaacdkqs,36.571998596191406,41.349098205566406
mp-aaabrpwg,46.83399963378906,60.3326416015625
mp-aaabgkle,169.78799438476562,193.32205200195312
mp-aaaaabza,165.5070037841797,151.1355438232422
mp-aaabxjtd,28.54800033569336,20.623062133789062
mp-aaacdksz,210.71499633789062,194.42144775390625
mp-aaaccspq,110.52200317382812,116.76200866699219
mp-aaabxbdf,184.19700622558594,151.63104248046875
mp-aaacdodo,24.37299919128418,20.191253662109375
mp-aaaabfsg,39.63600158691406,80.80157470703125
mp-aaaaacnv,78.24299621582031,79.65301513671875
mp-aaaaakmi,77.12699890136719,110.26331329345703
mp-aaaabgii,396.6549987792969,96.4928207397461
mp-aaacdpus,101.79499816894531,141.12152099609375
mp-aaabxcky,66.84300231933594,62.76551818847656
mp-aaaabjcy,40.62300109863281,65.04951477050781
mp-aaacgipo,197.0959930419922,184.32395935058594
mp-aaacewkc,226.81300354003906,235.00167846679688
mp-aaabxisj,84.01300048828125,101.31639099121094
mp-aaaaabot,48.816001892089844,51.31269836425781
mp-aaacgddc,8.241999626159668,11.426795959472656
mp-aaacdzag,49.654998779296875,61.00730895996094
mp-aaabxfcq,245.12899780273438,190.16305541992188
mp-aaaaaorb,37.82400131225586,39.38011169433594
mp-aaaaaqqu,121.42900085449219,116.88744354248047
mp-aaacfxjs,174.32899475097656,127.6836929321289
mp-aaaaaxfb,161.13900756835938,172.44256591796875
mp-aaaaahwb,66.10700225830078,73.52117919921875
mp-aaacdkdw,181.46099853515625,198.59652709960938
mp-aaabxjwq,99.21800231933594,97.85670471191406
mp-aaaabuoh,150.99099731445312,139.00450134277344
mp-aaaabitg,10.15999984741211,49.6274528503418
mp-aaabxits,40.50400161743164,33.72735595703125
mp-aaaaaovk,153.1300048828125,181.2991180419922
mp-aaacgpoj,112.61799621582031,110.00646209716797
mp-aaacfwfd,138.10800170898438,101.60797119140625
mp-aaaaatli,106.47799682617188,97.99662017822266
mp-aaaaalug,66.81900024414062,58.15568542480469
mp-aaafhsov,28.077999114990234,-4.3172760009765625
mp-aaaaadip,51.98400115966797,93.49594116210938
mp-aaaaadiq,191.1300048828125,174.17247009277344
mp-aaaaanlb,84.83699798583984,92.83016967773438
mp-aaaaadsd,32.012001037597656,46.11347961425781
mp-aaacdrdp,72.27999877929688,84.89198303222656
mp-aaacdirt,43.33599853515625,75.4970703125
mp-aaaaasth,120.35199737548828,102.48872375488281
mp-aaabxgac,96.69000244140625,105.47193908691406
mp-aaabgnoc,152.08299255371094,197.654052734375
mp-aaaaacco,199.38099670410156,219.3564453125
mp-aaacdjti,53.347999572753906,70.95310974121094
mp-aaacrfgp,354.77099609375,311.87109375
mp-aaabxciq,2.5460000038146973,13.607643127441406
mp-aaaaaqdl,150.26699829101562,141.09368896484375
mp-aaabmkyl,13.4350004196167,31.562355041503906
mp-aaabgijd,424.1860046386719,196.06124877929688
mp-aaaaadmk,83.31400299072266,74.00835418701172
mp-aaaaarnj,-0.0,116.47614288330078
mp-aaaabiiq,31.67300033569336,82.3587417602539
mp-aaaaardg,32.52399826049805,37.12042999267578
mp-aaabfrig,16.615999221801758,41.298316955566406
mp-aaaaaizh,147.44400024414062,85.53457641601562
mp-aaaaaeng,126.25199890136719,127.57386016845703
mp-aaaaadgr,46.512001037597656,43.45660400390625
mp-aaabfvvo,31.924999237060547,45.55084228515625
mp-aaaaaejl,80.38999938964844,82.65304565429688
mp-aaaaaduk,36.22999954223633,39.41828918457031
mp-aaabgkzg,118.3239974975586,109.9260482788086
mp-aaaabhqw,206.375,182.68157958984375
mp-aaaabuoj,118.26899719238281,100.25961303710938
mp-aaaaamcr,110.49500274658203,127.52826690673828
mp-aaacgism,154.44900512695312,134.04052734375
mp-aaaaalrh,75.66300201416016,41.13104248046875
mp-aaaaarmm,34.64699935913086,31.94512176513672
mp-aaacfrhx,46.79899978637695,34.10357666015625
mp-aaaaadqo,142.6439971923828,202.97531127929688
mp-aaaaafbw,137.3520050048828,108.86784362792969
mp-aaaabdjs,127.36799621582031,117.07811737060547
mp-aaaaagqw,36.21500015258789,45.066139221191406
mp-aaaaarbt,230.4759979248047,214.12176513671875
mp-aaaaagka,45.823001861572266,81.88330841064453
mp-aaaceszk,40.617000579833984,62.993106842041016
mp-aaaaahqz,112.15599822998047,98.23094940185547
mp-aaacgphj,76.66000366210938,147.28347778320312
mp-aaabxjrb,39.95100021362305,30.530616760253906
mp-aaabxhcg,49.26100158691406,32.3948974609375
mp-aaaaakkv,66.62100219726562,25.980026245117188
mp-aaabqzsv,64.89600372314453,52.737823486328125
mp-aaaaatym,161.5850067138672,314.86724853515625
mp-aaacjhoa,353.5559997558594,267.99627685546875
mp-aaacdsxn,35.46900177001953,46.85423278808594
mp-aaabxjus,257.4209899902344,207.13778686523438
mp-aaaaabjm,227.99000549316406,207.62298583984375
mp-aaacewoe,27.12700080871582,58.09288024902344
mp-aaabctjb,178.3719940185547,161.67298889160156
mp-aaabqvbm,38.534000396728516,17.74095916748047
mp-aaacfaal,89.49400329589844,85.20024108886719
mp-aaaaafrh,47.19499969482422,64.56846618652344
mp-aaaaagbx,113.62999725341797,109.210205078125
mp-aaaaadra,96.9000015258789,74.32215118408203
mp-aaacesvb,155.3000030517578,109.65044403076172
mp-aaaaacma,194.6199951171875,170.1234893798828
mp-aaabxgcy,58.55400085449219,58.526695251464844
mp-aaacebzd,51.62799835205078,71.13725280761719
mp-aaackipy,149.06500244140625,169.08770751953125
mp-aaacdixg,44.23099899291992,72.79261779785156
mp-aaaabdkg,169.39999389648438,179.75665283203125
mp-aaaabecd,227.68299865722656,149.592529296875
mp-aaacfsaf,134.27000427246094,150.88900756835938
mp-aaabgjde,17.315000534057617,33.96748352050781
mp-aaaaaapx,118.37200164794922,103.26348876953125
mp-aaacdygd,58.17499923706055,47.7376708984375
mp-aaaaacev,31.472000122070312,60.23390197753906
mp-aaaaabjc,143.88800048828125,134.12574768066406
mp-aaaaavpo,78.45800018310547,72.45521545410156
mp-aaabxfsv,160.51300048828125,150.58782958984375
mp-aaabnrdk,41.59000015258789,36.90727996826172
mp-aaabxhex,195.24600219726562,214.73483276367188
mp-aaaaaimd,130.59300231933594,105.32797241210938
mp-aaabcugs,189.96299743652344,187.24354553222656
mp-aaacewol,258.80999755859375,270.43756103515625
mp-aaabjlus,115.98600006103516,71.53776550292969
mp-aaaabptu,13.437000274658203,27.418533325195312
mp-aaaaadlr,300.14898681640625,278.91357421875
mp-aaaaaefk,106.38899993896484,115.3228759765625
mp-aaaaarhq,185.30299377441406,187.4471435546875
mp-aaaceszl,80.96800231933594,74.54647827148438
mp-aaaaaiqr,16.424999237060547,78.66203308105469
mp-aaaaalfg,72.29199981689453,87.41995239257812
mp-aaabxfsu,116.98200225830078,120.3658218383789
mp-aaachfdz,197.67300415039062,145.64303588867188
mp-aaabmgmd,230.25599670410156,179.27044677734375
mp-aaabjkza,130.1580047607422,130.29205322265625
mp-aaaabtgc,107.72000122070312,88.61971282958984
mp-aaabxdtl,16.329999923706055,25.266517639160156
mp-aaaaafsb,24.875,49.31867218017578
mp-aaacfyyo,75.87200164794922,71.2718505859375
mp-aaabmgld,-1.1699999570846558,46.074073791503906
mp-aaabxbbk,120.7490005493164,110.36651611328125
mp-aaaaaqqy,103.84100341796875,103.15226745605469
mp-aaaaaewz,133.93299865722656,119.86648559570312
mp-aaaabuet,267.1090087890625,232.51824951171875
mp-aaabgmye,33.986000061035156,46.268287658691406
mp-aaabxaky,78.49700164794922,79.41075897216797
mp-aaacdrrl,46.66699981689453,44.78594970703125
mp-aaaaanom,119.85700225830078,115.76034545898438
mp-aaaaaeqx,42.965999603271484,55.84920883178711
mp-aaacjknu,183.1840057373047,171.862060546875
mp-aaaaablo,185.9010009765625,198.21694946289062
mp-aaaaaaus,34.31800079345703,41.33374786376953
mp-aaaaaykl,223.14199829101562,201.11050415039062
mp-aaacgijv,232.6510009765625,316.75372314453125
mp-aaaabhxy,14.263999938964844,33.23186492919922
mp-aaaabepe,107.5199966430664,115.09954071044922
mp-aaaabteg,12.984000205993652,52.01054763793945
mp-aaaaaegt,137.51499938964844,76.569580078125
mp-aaaaatqd,136.10699462890625,165.3203887939453
mp-aaaaaqrc,134.2790069580078,115.86492919921875
mp-aaabeuei,128.27000427246094,126.72163391113281
mp-aaaacbth,132.5240020751953,125.5419921875
mp-aaaabtay,133.55099487304688,133.94789123535156
mp-aaabxapo,59.12099838256836,49.52635192871094
mp-aaabxcft,219.4550018310547,170.83343505859375
mp-aaabxdsh,154.97500610351562,145.6625213623047
mp-aaaaanvq,100.23600006103516,113.87287902832031
mp-aaaaadob,46.53099822998047,50.43293762207031
mp-aaaabhzp,23.645999908447266,48.84320068359375
mp-aaaaaqnd,57.19599914550781,56.17731475830078
mp-aaagkumu,225.7100067138672,219.54922485351562
mp-aaaaaabg,57.91600036621094,65.6768798828125
mp-aaaaapxw,60.707000732421875,49.01289749145508
mp-aaaaatll,44.209999084472656,35.75035095214844
mp-aaaaanab,56.91699981689453,37.593666076660156
mp-aaaabpbu,21.31399917602539,104.79322052001953
mp-aaaaardm,34.66999816894531,17.46015167236328
mp-aaabxffa,141.6929931640625,124.94091033935547
mp-aaacdpny,116.71700286865234,120.96481323242188
mp-aaaaaqfh,69.76699829101562,49.5658073425293
mp-aaaaabdf,49.612998962402344,66.83668518066406
mp-aaabqyzf,139.79600524902344,110.77100372314453
mp-aaabxhkc,191.89700317382812,166.66128540039062
mp-aaadjpcn,194.21400451660156,168.95571899414062
mp-aaaabsle,7.409999847412109,32.34119415283203
mp-aaacdqcb,196.2550048828125,176.30126953125
mp-aaaabtxz,30.334999084472656,43.084129333496094
mp-aaabjygo,37.5629997253418,55.26271057128906
mp-aaacdtqa,25.44700050354004,26.39763641357422
mp-aaabqypr,87.26300048828125,82.90327453613281
mp-aaaaaibk,166.36599731445312,113.37164306640625
mp-aaaaahqk,17.312000274658203,52.40940856933594
mp-aaaaacpj,79.4020004272461,94.00558471679688
mp-aaaabdmm,101.45700073242188,92.93203735351562
mp-aaaaarkx,132.1479949951172,67.5589828491211
mp-aaaaafdm,97.7249984741211,102.62943267822266
mp-aaacewcs,308.66900634765625,277.00579833984375
mp-aaacdtit,211.2100067138672,183.52383422851562
mp-aaaaaeaj,140.41099548339844,241.79595947265625
mp-aaaaartt,90.24500274658203,90.79275512695312
mp-aaacgira,157.5449981689453,143.40541076660156
mp-aaaaapii,39.66600036621094,104.0998306274414
mp-aaacehug,17.434999465942383,44.34080505371094
mp-aaabscis,6.145999908447266,52.43142318725586
mp-aaacfzau,55.058998107910156,66.18065643310547
mp-aaaabsrv,41.3849983215332,65.46916198730469
mp-aaaaaafj,11.529000282287598,16.112266540527344
mp-aaaaapso,70.29000091552734,61.533626556396484
mp-aaaaamhn,132.72799682617188,122.14885711669922
mp-aaabghcn,93.38700103759766,94.83859252929688
mp-aaaceuqe,30.66200065612793,-16.135452270507812
mp-aaaaaqrs,207.98199462890625,157.61013793945312
mp-aaabxjvd,90.31900024414062,79.45625305175781
mp-aaaaawrc,54.97999954223633,52.66407012939453
mp-aaabgjnm,16.145999908447266,27.336746215820312
mp-aaaabgkb,49.96900177001953,30.357330322265625
mp-aaaaabaq,56.513999938964844,110.14112854003906
mp-aaaaasuy,144.32400512695312,123.4454116821289
mp-aaaaaiti,52.04399871826172,42.23102569580078
mp-aaacewjo,229.59500122070312,173.48541259765625
mp-aaacgczv,11.697999954223633,24.464256286621094
mp-aaacdmby,119.31199645996094,105.70353698730469
mp-aaacctej,31.472000122070312,48.377464294433594
mp-aaaaatce,93.26399993896484,88.36214447021484
mp-aaaaacdi,267.9209899902344,265.49432373046875
mp-aaaaaloo,37.68600082397461,192.84085083007812
mp-aaaabene,160.0070037841797,152.77732849121094
mp-aaaaaasa,39.11899948120117,92.26874542236328
mp-aaaaakif,20.61400032043457,16.963600158691406
mp-aaaabeua,81.52899932861328,66.23583221435547
mp-aaacgpbv,41.387001037597656,78.58380889892578
mp-aaaaatiw,86.72699737548828,87.34248352050781
mp-aaaabigp,0.09799999743700027,7.4515838623046875
mp-aaabgnje,18.0939998626709,-5.083900451660156
mp-aaaaaibz,71.28900146484375,63.350372314453125
mp-aaaaaoqe,19.143999099731445,28.90857696533203
mp-aaaabgzc,62.33700180053711,70.090087890625
mp-aaacflkf,215.8459930419922,225.05223083496094
mp-aaaaaahw,74.16200256347656,65.06939697265625
mp-aaacdlxy,9.27299976348877,1.4511032104492188
mp-aaacewff,273.58599853515625,375.966796875
mp-aaaaccdk,60.875,46.45713806152344
mp-aaacfkdh,246.5260009765625,180.72616577148438
mp-aaabgllo,7.958000183105469,1.2156295776367188
mp-aaacdqdp,60.244998931884766,53.793182373046875
mp-aaaabdnh,70.6259994506836,78.70279693603516
mp-aaaaadha,105.38500213623047,71.16416931152344
mp-aaaaaoax,105.68800354003906,108.9700698852539
mp-aaabrbjf,129.50900268554688,119.4207763671875
mp-aaaabhzh,5.729000091552734,36.53313446044922
mp-aaabgjpc,112.072998046875,96.22148132324219
mp-aaaaaqxv,98.05999755859375,97.55082702636719
mp-aaaaaail,219.3280029296875,215.23483276367188
mp-aaaabgiz,114.60600280761719,104.38509368896484
mp-aaaaaafm,50.02399826049805,57.9698600769043
mp-aaaabhdd,93.70999908447266,80.9063720703125
mp-aaaaartw,101.38700103759766,67.68072509765625
mp-aaacfyce,46.2599983215332,63.487030029296875
mp-aaaabslo,158.8820037841797,185.20697021484375
mp-aaaabhpo,93.03399658203125,89.572509765625
mp-aaaaadqv,172.4980010986328,175.92808532714844
mp-aaaaajwu,137.63299560546875,95.37263488769531
mp-aaaaadbe,217.96400451660156,220.59579467773438
mp-aaabxgue,213.2989959716797,174.21502685546875
mp-aaaabdnn,157.6020050048828,168.3108367919922
mp-aaaaaaxt,41.11600112915039,168.33494567871094
mp-aaacfyxs,124.54199981689453,138.38070678710938
mp-aaabgpsl,6.734000205993652,96.58812713623047
mp-aaabxgks,47.93899917602539,25.931640625
mp-aaaabfrb,76.85800170898438,82.37374877929688
mp-aaacgpfy,161.67100524902344,202.93923950195312
mp-aaabxdqs,64.2760009765625,60.47692108154297
mp-aaaaacsf,79.24800109863281,72.32232666015625
mp-aaabqzrj,107.96800231933594,86.02364349365234
mp-aaaabpvi,16.72100067138672,68.2177734375
mp-aaabxitv,20.76799964904785,17.121421813964844
mp-aaaaaqrp,153.6909942626953,104.11933135986328
mp-aaaabfsb,116.31600189208984,99.1611328125
mp-aaaddkle,308.35400390625,327.4434814453125
mp-aaabxgju,35.494998931884766,42.127098083496094
mp-aaadbcnc,30.30699920654297,70.99812316894531
mp-aaacgipm,179.03500366210938,170.566650390625
mp-aaabjyhj,76.89700317382812,130.76124572753906
mp-aaaaaqhz,134.63400268554688,116.90162658691406
mp-aaaabaln,71.12100219726562,79.03054809570312
mp-aaabrtjs,69.27300262451172,62.983551025390625
mp-aaaabioe,53.66699981689453,80.696044921875
mp-aaaabsyy,53.67300033569336,57.88013458251953
mp-aaaabsxx,148.19700622558594,101.36601257324219
mp-aaaaabdu,115.07099914550781,114.08920288085938
mp-aaaabupk,47.10599899291992,51.13288497924805
mp-aaaabegu,98.03500366210938,89.5477294921875
mp-aaabxfcl,69.74199676513672,64.91503143310547
mp-aaagkrml,1.784999966621399,-1.8492660522460938
mp-aaaabdfp,32.388999938964844,77.36250305175781
mp-aaabxhqe,191.64199829101562,153.63711547851562
mp-aaaaaner,273.12799072265625,188.36004638671875
mp-aaaabtjc,127.56099700927734,138.4885711669922
mp-aaaaanyz,164.01600646972656,143.67918395996094
mp-aaaaablr,81.5469970703125,80.28463745117188
mp-aaaaahyy,61.77799987792969,45.154258728027344
mp-aaaabakm,183.5070037841797,164.2957305908203
mp-aaaaatas,161.1199951171875,198.01861572265625
mp-aaaaakhp,129.5290069580078,134.7474822998047
mp-aaaaasxh,97.79199981689453,80.87828063964844
mp-aaabxjtu,70.26799774169922,73.12452697753906
mp-aaabjybo,209.6739959716797,155.76904296875
mp-aaaaasru,60.90700149536133,74.77023315429688
mp-aaabxdqr,73.85199737548828,70.07572937011719
mp-aaaaaqbm,177.7570037841797,157.28468322753906
mp-aaaaaaek,34.900001525878906,44.35655212402344
mp-aaabgkol,435.31500244140625,358.02557373046875
mp-aaabsgaw,106.13099670410156,89.09199523925781
mp-aaaaamwq,33.18299865722656,49.7714729309082
mp-aaabgirc,13.288999557495117,5.030708312988281
mp-aaaaaben,40.59700012207031,45.11365509033203
mp-aaabglyo,10.27299976348877,15.615638732910156
mp-aaaabdyj,160.052001953125,131.82928466796875
mp-aaacgexn,145.56900024414062,150.00035095214844
mp-aaaabgps,110.25800323486328,100.6189956665039
mp-aaaaaimz,40.643001556396484,177.08615112304688
mp-aaacevzw,81.78500366210938,81.22714233398438
mp-aaaaajer,104.0479965209961,117.60370635986328
mp-aaacfloi,133.8070068359375,135.0113525390625
mp-aaacgisw,197.3090057373047,208.8653564453125
mp-aaaaaczz,123.9800033569336,125.6597671508789
mp-aaabrbfx,95.3280029296875,124.5608901977539
mp-aaacgird,144.91900634765625,132.8929443359375
mp-aaabqwzh,126.6719970703125,133.5789031982422
mp-aaaaamed,127.40499877929688,112.08013916015625
mp-aaacdmmc,57.61399841308594,55.35260772705078
mp-aaaaaqdq,166.6510009765625,158.52911376953125
mp-aaacgoum,135.29800415039062,132.2519073486328
mp-aaabxbcg,153.77699279785156,107.60356140136719
mp-aaaabpfp,177.67999267578125,195.47991943359375
mp-aaabfsbh,207.44900512695312,134.67279052734375
mp-aaabnrfz,15.605999946594238,17.12024688720703
mp-aaabqyzx,154.27099609375,154.79583740234375
mp-aaabgkhj,66.31199645996094,70.02692413330078
mp-aaabgnia,191.72000122070312,173.32736206054688
mp-aaacdnpw,38.32099914550781,40.525230407714844
mp-aaaaarso,111.1969985961914,107.5602798461914
mp-aaaaacqo,81.73799896240234,75.00637817382812
mp-aaacfsig,105.14800262451172,314.8065185546875
mp-aaabqxxl,120.947998046875,133.30990600585938
mp-aaacdure,89.13700103759766,75.44315338134766
mp-aaaaabnd,132.9530029296875,120.57633972167969
mp-aaaaaidg,79.91500091552734,69.07708740234375
mp-aaaabtop,76.13999938964844,73.98701477050781
mp-aaacdsho,86.5530014038086,69.53634643554688
mp-aaacfyzr,135.08399963378906,115.05950927734375
mp-aaaabqpe,219.88999938964844,327.9062194824219
mp-aaaaajlo,14.178000450134277,1.0412521362304688
mp-aaabxfiz,81.87999725341797,65.05982971191406
mp-aaabgkfw,150.77999877929688,152.35247802734375
mp-aaacdsrd,32.869998931884766,37.321556091308594
mp-aaaccspx,33.37799835205078,18.000877380371094
mp-aaabxfnu,38.64099884033203,27.282371520996094
mp-aaabgjzb,282.10400390625,283.5076904296875
mp-aaaaagtl,116.1969985961914,117.515869140625
mp-aaaaaadb,85.87200164794922,86.2883529663086
mp-aaaaaabs,147.80999755859375,123.75022888183594
mp-aaabpkvk,144.44900512695312,124.60462951660156
mp-aaaaaadk,40.24599838256836,25.197647094726562
mp-aaabghiz,335.8500061035156,223.53732299804688
mp-aaabwjux,9.928000450134277,35.28718566894531
mp-aaacflsv,21.35099983215332,28.210731506347656
mp-aaaabqhs,37.68299865722656,49.63859558105469
mp-aaaaalkp,94.13099670410156,112.00078582763672
mp-aaacgihy,163.7949981689453,148.67572021484375
mp-aaaaagwi,135.23399353027344,110.38262176513672
mp-aaacehvr,41.49399948120117,35.116539001464844
mp-aaaaaspa,46.54899978637695,41.351043701171875
mp-aaabqzdf,189.1009979248047,170.2068328857422
mp-aaaaacni,32.73400115966797,29.53089141845703
mp-aaaabudm,133.1479949951172,177.95391845703125
mp-aaaabitk,15.430999755859375,-2.975799560546875
mp-aaaaamkf,21.082000732421875,14.956214904785156
mp-aaabfsji,41.060001373291016,26.779403686523438
mp-aaaabhyj,44.94300079345703,44.18763732910156
mp-aaaaabni,18.259000778198242,24.59711456298828
mp-aaabxfho,55.6349983215332,62.902774810791016
mp-aaaabhqm,66.11199951171875,69.95706176757812
mp-aaacdike,24.013999938964844,38.95466613769531
mp-aaabxapp,102.80500030517578,89.30325317382812
mp-aaacdtqz,93.1510009765625,104.8375244140625
mp-aaaaahgu,136.2270050048828,115.20397186279297
mp-aaaaamhm,31.229999542236328,88.31378173828125
mp-aaabxfrf,22.924999237060547,2.8306121826171875
mp-aaaaanjh,87.06199645996094,69.20085144042969
mp-aaaaaydy,127.33899688720703,127.82427978515625
mp-aaabxclf,87.03800201416016,62.85032653808594
mp-aaaaabru,69.64900207519531,70.19917297363281
mp-aaaabgzw,23.569000244140625,33.390052795410156
mp-aaaaahsx,184.50100708007812,189.85848999023438
mp-aaabqzic,162.31500244140625,150.87184143066406
mp-aaafkmdf,129.5760040283203,160.32420349121094
mp-aaacfkur,139.20599365234375,131.50831604003906
mp-aaabrarz,19.59000015258789,-0.9276275634765625
mp-aaaaarjk,222.44900512695312,153.49847412109375
mp-aaacfnpv,50.94499969482422,61.1964111328125
mp-aaaaaclg,58.60100173950195,64.70767211914062
mp-aaaaabie,46.13399887084961,37.71430206298828
mp-aaaaabur,59.95800018310547,72.73857116699219
mp-aaacfjxk,88.73500061035156,53.759464263916016
mp-aaabxguj,210.1280059814453,143.4285125732422
mp-aaabglad,58.176998138427734,64.48622131347656
mp-aaacgfpp,42.16699981689453,43.49340057373047
mp-aaaaarck,165.91299438476562,140.0849609375
mp-aaaaaamv,163.39100646972656,156.91708374023438
mp-aaaaadwm,48.85300064086914,62.024593353271484
mp-aaacdxgb,72.84200286865234,59.95051956176758
mp-aaaaadml,179.33099365234375,176.0125732421875
mp-aaaaaacq,35.4119987487793,28.448204040527344
mp-aaacdjnj,35.220001220703125,37.698272705078125
mp-aaacdros,218.927001953125,162.87225341796875
mp-aaabgndm,160.72799682617188,137.6474151611328
mp-aaabxitx,29.052000045776367,32.69378662109375
mp-aaacdoep,31.347000122070312,43.86274719238281
mp-aaaaaddp,86.5,87.53367614746094
mp-aaaabjkc,24.384000778198242,65.314697265625
mp-aaaabhxt,25.684999465942383,56.19979476928711
mp-aaaaacxl,98.4209976196289,106.55571746826172
mp-aaaaafbv,92.35600280761719,80.26338195800781
mp-aaaaaplo,204.177001953125,175.9813995361328
mp-aaaaalsl,172.69900512695312,117.81148529052734
mp-aaacewez,113.03099822998047,114.86125946044922
mp-aaabxcma,44.8650016784668,37.87689208984375
mp-aaacjiov,124.28500366210938,120.17973327636719
mp-aaaaaafc,17.349000930786133,16.76471710205078
mp-aaaabohe,98.43699645996094,124.09138488769531
mp-aaacfxyt,138.52000427246094,91.4580078125
mp-aaaabgqr,124.93099975585938,146.54176330566406
mp-aaabgmzj,79.04100036621094,86.12342834472656
mp-aaaabrfk,34.698001861572266,42.77184295654297
mp-aaaaacvr,220.86599731445312,275.79132080078125
mp-aaaaahnd,18.156999588012695,42.27733612060547
mp-aaacfzbm,37.32500076293945,33.00926208496094
mp-aaabxcjf,82.36799621582031,86.49708557128906
mp-aaaflcev,33.12799835205078,15.680580139160156
mp-aaabxjka,116.01899719238281,142.29443359375
mp-aaabxgjr,159.09300231933594,122.70281982421875
mp-aaaaajti,45.76599884033203,32.97840118408203
mp-aaaaaamj,80.12300109863281,97.55262756347656
mp-aaacgiqu,17.788999557495117,27.96448516845703
mp-aaaaadec,76.71499633789062,87.57984924316406
mp-aaaaamzy,138.27699279785156,106.65911102294922
mp-aaacdnhg,62.474998474121094,96.51426696777344
mp-aaaaamns,76.46099853515625,67.54918670654297
mp-aaacgjci,103.45899963378906,103.15316772460938
mp-aaaaamtq,27.207000732421875,-3.0177154541015625
mp-aaacdxtc,53.7599983215332,51.75518798828125
mp-aaabggye,73.9489974975586,102.07211303710938
mp-aaabqxbp,165.39100646972656,127.00286865234375
mp-aaacdpvr,142.51699829101562,118.82019805908203
mp-aaaaaavq,105.59300231933594,96.013427734375
mp-aaaaalmg,173.1909942626953,165.8115997314453
mp-aaaaaecg,196.29400634765625,250.6865692138672
mp-aaaabkdg,72.75399780273438,36.22589874267578
mp-aaaabjhe,26.336999893188477,23.626388549804688
mp-aaacgizh,43.547000885009766,41.606239318847656
mp-aaaabdsf,69.25499725341797,50.28425216674805
mp-aaacdsad,144.7790069580078,90.58512878417969
mp-aaaaalge,236.6009979248047,263.5604248046875
mp-aaacpqbh,141.0449981689453,151.63656616210938
mp-aaaaabsz,86.85399627685547,74.4301986694336
mp-aaaaahst,173.94400024414062,231.9270477294922
mp-aaacfvlp,38.930999755859375,38.528961181640625
mp-aaaabqtk,195.5760040283203,251.04454040527344
mp-aaaaakgp,58.659000396728516,75.64057922363281
mp-aaacflhi,206.43299865722656,195.58473205566406
mp-aaaaaadj,120.01899719238281,157.6468505859375
mp-aaaabqnx,2.3919999599456787,1.65478515625
mp-aaacgiox,67.42400360107422,43.865264892578125
mp-aaacdnuw,22.42099952697754,19.137969970703125
mp-aaacdplr,138.4429931640625,119.92784118652344
mp-aaaaaddu,278.6910095214844,278.9373779296875
mp-aaabghyt,79.62000274658203,80.04891967773438
mp-aaacdoag,48.88199996948242,55.64365005493164
mp-aaaabxjh,182.9320068359375,182.8888397216797
mp-aaaaaqfg,64.58000183105469,67.28389739990234
mp-aaaaacis,216.56399536132812,188.53866577148438
mp-aaaaaatx,184.7010040283203,179.12159729003906
mp-aaaaacgk,171.20399475097656,156.6885528564453
mp-aaaelgps,9.902999877929688,78.50092315673828
mp-aaacfixq,189.83799743652344,185.56298828125
mp-aaaaahjh,84.35099792480469,88.0098648071289
mp-aaacewns,48.40599822998047,56.83255386352539
mp-aaabgjsy,4.940000057220459,92.06082916259766
mp-aaabjyfe,76.66999816894531,88.78717803955078
mp-aaaabjdo,13.13700008392334,40.221839904785156
mp-aaacfycu,88.83599853515625,94.37714385986328
mp-aaabgipd,8.157999992370605,21.042404174804688
mp-aaacgfqj,33.59199905395508,51.758026123046875
mp-aaabgkgq,136.57899475097656,135.95977783203125
mp-aaabjoug,82.39099884033203,99.63562774658203
mp-aaabetzp,14.975000381469727,28.45197296142578
mp-aaaabyxu,25.02199935913086,7.487297058105469
mp-aaacfjnz,255.04400634765625,201.2587890625
mp-aaaaaqda,185.16099548339844,177.28451538085938
mp-aaaabeef,23.527000427246094,38.01610565185547
mp-aaacdpgg,21.725000381469727,28.43785858154297
mp-aaacdspu,65.11499786376953,53.96053695678711
mp-aaabkogh,195.6649932861328,174.96908569335938
mp-aaabrjau,30.322999954223633,47.571815490722656
mp-aaacdpjd,99.45500183105469,95.64802551269531
mp-aaabxhbn,70.05000305175781,79.32940673828125
mp-aaabxgto,155.9429931640625,106.18340301513672
mp-aaacfkpx,294.74200439453125,515.3935546875
mp-aaabxfrd,128.5500030517578,110.20665740966797
mp-aaaaagsf,28.687999725341797,42.231475830078125
mp-aaaaaqbt,7.8420000076293945,1.2109375
mp-aaabxcfa,201.0760040283203,167.59906005859375
mp-aaacdtuy,71.09200286865234,67.66485595703125
mp-aaabghsz,29.409000396728516,53.647369384765625
mp-aaaabdof,86.37200164794922,99.14071655273438
mp-aaacgiuy,59.91299819946289,75.40293884277344
mp-aaacfybh,41.32099914550781,39.361167907714844
mp-aaaaatzs,74.28900146484375,77.50497436523438
mp-aaacdqcn,222.447998046875,204.92095947265625
mp-aaacealc,95.6729965209961,119.1101303100586
mp-aaabxfge,247.11399841308594,211.19085693359375
mp-aaaaatni,35.65299987792969,13.684646606445312
mp-aaabgjau,21.27400016784668,-2.2630767822265625
mp-aaacfroz,18.19300079345703,32.353057861328125
mp-aaaaaead,71.72100067138672,89.1702651977539
mp-aaaaafgd,186.56300354003906,162.07589721679688
mp-aaacgped,56.85300064086914,81.12297821044922
mp-aaacdvqt,29.409000396728516,33.57012176513672
mp-aaaabfqn,105.58599853515625,88.39427947998047
mp-aaaaaqqt,43.49399948120117,62.461463928222656
mp-aaaaafek,101.99299621582031,100.82813262939453
mp-aaacestw,269.1910095214844,287.90008544921875
mp-aaacdift,238.73300170898438,181.3602294921875
mp-aaaaaeds,129.572998046875,69.67538452148438
mp-aaaaaimn,92.33999633789062,64.05448913574219
mp-aaabkfih,209.89599609375,197.44821166992188
mp-aaaaaavo,105.16400146484375,101.65869903564453
mp-aaaabpls,10.739999771118164,79.18902587890625
mp-aaabmkum,65.03500366210938,68.29962158203125
mp-aaaaaikd,88.052001953125,92.99826049804688
mp-aaaaagpz,205.76699829101562,174.10379028320312
mp-aaacdngq,79.6709976196289,60.79921340942383
mp-aaabkpun,103.3219985961914,90.35152435302734
mp-aaaaabfx,155.2209930419922,117.78244018554688
mp-aaaaaurf,180.20799255371094,141.78631591796875
mp-aaaabive,8.77400016784668,-25.101806640625
mp-aaabctwk,172.302001953125,146.02061462402344
mp-aaaaacun,229.406005859375,241.82371520996094
mp-aaaaahfd,122.05000305175781,116.84680938720703
mp-aaabxbcb,193.54200744628906,193.671142578125
mp-aaaaaxrj,40.18600082397461,54.542850494384766
mp-aaacfkdk,151.63499450683594,152.3640899658203
mp-aaacehvk,11.517000198364258,7.300773620605469
mp-aaabdatv,117.0260009765625,126.0282211303711
mp-aaabjxze,111.29399871826172,113.93881225585938
mp-aaacdwrq,50.57400131225586,52.36932373046875
mp-aaaaaday,85.70099639892578,81.5091781616211
mp-aaaaaajh,95.33200073242188,97.37962341308594
mp-aaaaabdi,20.71299934387207,45.06805419921875
mp-aaaaabmc,100.83200073242188,98.54090881347656
mp-aaaabgzz,140.35499572753906,140.46334838867188
mp-aaabgmjg,196.9080047607422,188.91094970703125
mp-aaacdlil,265.77099609375,245.33653259277344
mp-aaaaaave,91.875,93.27645874023438
mp-aaaceswo,87.56999969482422,53.568359375
mp-aaaaaazn,71.31400299072266,75.50188446044922
mp-aaaaacsm,178.32899475097656,168.5186004638672
mp-aaabgnjh,14.494999885559082,8.6248779296875
mp-aaaaafcq,74.78900146484375,52.86740493774414
mp-aaacdpvj,3.635999917984009,51.015621185302734
mp-aaabgkix,62.32400131225586,78.67999267578125
mp-aaacgdiy,33.10499954223633,28.37293243408203
mp-aaaaalze,80.2699966430664,89.392578125
mp-aaaaafpw,190.05999755859375,184.01856994628906
mp-aaaaaets,132.43600463867188,171.95411682128906
mp-aaaaamyr,16.007999420166016,7.845733642578125
mp-aaaaawlu,128.08399963378906,140.58743286132812
mp-aaacdsqf,27.399999618530273,47.302459716796875
mp-aaaaafah,214.89100646972656,131.39193725585938
mp-aaacgoyc,84.31099700927734,146.94503784179688
mp-aaabxcel,179.50900268554688,176.85455322265625
mp-aaaaacjf,159.3820037841797,145.5678253173828
mp-aaacgixl,215.78399658203125,150.10594177246094
mp-aaacehvb,23.350000381469727,19.448326110839844
mp-aaaaadzp,48.32600021362305,55.581539154052734
mp-aaabxiwh,27.5049991607666,17.78527069091797
mp-aaaabfof,16.347000122070312,41.324684143066406
mp-aaaaacce,45.59299850463867,50.37639617919922
mp-aaaaahzk,111.35199737548828,106.48677825927734
mp-aaaaaaxz,143.36399841308594,126.86431121826172
mp-aaabgphe,11.027000427246094,89.89888000488281
mp-aaabxfym,55.400001525878906,62.39320373535156
mp-aaaaaedm,230.61500549316406,214.16650390625
mp-aaacgozk,74.5479965209961,68.67330932617188
mp-aaaaabvl,79.95800018310547,81.68070983886719
mp-aaaabsvw,96.59300231933594,107.31216430664062
mp-aaabcspw,1.9240000247955322,45.5684814453125
mp-aaabjxxc,102.88800048828125,103.01107788085938
mp-aaaaapbp,149.83799743652344,141.81959533691406
mp-aaaabhpy,194.8179931640625,151.3173065185547
mp-aaabxfkz,101.36900329589844,92.41499328613281
mp-aaabxhby,45.159000396728516,50.838050842285156
mp-aaaaamfi,124.94100189208984,112.10031127929688
mp-aaaaaaiz,171.46299743652344,154.08441162109375
mp-aaabgljl,100.68900299072266,105.17842102050781
mp-aaacfywh,166.01400756835938,125.47294616699219
mp-aaacgiqe,96.87000274658203,101.62217712402344
mp-aaaaatmt,234.66200256347656,277.6182861328125
mp-aaaaarxu,241.27000427246094,220.3233642578125
mp-aaaaarrz,66.91300201416016,61.8934211730957
mp-aaacjjjk,142.5290069580078,127.8231201171875
mp-aaacfzeo,361.73699951171875,230.8680877685547
mp-aaabxfng,173.1790008544922,162.56088256835938
mp-aaaaakpn,40.34400177001953,39.30302429199219
mp-aaaaaczg,135.97300720214844,138.36956787109375
mp-aaaabhwv,12.418000221252441,-26.469223022460938
mp-aaacfwfl,155.51800537109375,90.25470733642578
mp-aaaaaczo,98.36799621582031,95.44976806640625
mp-aaabxfvw,171.59100341796875,158.81192016601562
mp-aaabxhhv,147.89300537109375,151.71051025390625
mp-aaaaantn,34.70800018310547,67.52580261230469
mp-aaaaanoo,96.7509994506836,126.35377502441406
mp-aaaaahdt,51.13800048828125,70.34815979003906
mp-aaaaangs,32.512001037597656,13.951553344726562
mp-aaacfrka,20.003000259399414,29.910888671875
mp-aaaaalfc,73.11000061035156,101.99140930175781
mp-aaaabjbq,28.875999450683594,63.80600357055664
mp-aaaabqdk,28.825000762939453,143.8434295654297
mp-aaaaaect,54.00600051879883,63.816654205322266
mp-aaaaapsg,42.52299880981445,28.637802124023438
mp-aaabxfhj,45.02799987792969,52.24769592285156
mp-aaaaasoz,57.770999908447266,45.016571044921875
mp-aaacgpgw,83.44000244140625,137.8016815185547
mp-aaabgmia,0.02800000086426735,-42.54478454589844
mp-aaaaadqs,99.80599975585938,78.12690734863281
mp-aaaabtax,151.94700622558594,134.25714111328125
mp-aaacdhyg,92.4010009765625,103.0197982788086
mp-aaacehhx,18.58300018310547,31.370033264160156
mp-aaaaamdk,63.04899978637695,46.04020690917969
mp-aaaaafku,83.93199920654297,103.57698822021484
mp-aaaaaceu,99.41699981689453,59.870643615722656
mp-aaaaaavn,124.54100036621094,118.03372955322266
mp-aaaabdwv,183.7989959716797,163.43862915039062
mp-aaaaakxr,103.3219985961914,101.80046844482422
mp-aaaaabsc,90.45999908447266,59.033111572265625
mp-aaaaabup,67.02400207519531,69.37478637695312
mp-aaaaalbh,47.65999984741211,58.29759979248047
mp-aaaaaapa,184.2469940185547,155.96652221679688
mp-aaaaaefq,311.3340148925781,335.43145751953125
mp-aaabmkyp,23.923999786376953,40.59313201904297
mp-aaaaacyk,129.2689971923828,93.70018768310547
mp-aaacdnxj,14.298999786376953,6.8997955322265625
mp-aaaaaqrf,117.11799621582031,89.6862564086914
mp-aaacecin,14.333999633789062,20.449249267578125
mp-aaaaaanp,68.79299926757812,59.24412155151367
mp-aaaabdnu,92.69200134277344,108.23619079589844
mp-aaabfwjo,34.145999908447266,192.8477325439453
mp-aaabxcpd,39.6870002746582,40.74040222167969
mp-aaaceswi,97.49099731445312,87.38372802734375
mp-aaaabtvp,26.625999450683594,63.811222076416016
mp-aaaaahip,195.177001953125,182.7340087890625
mp-aaabftpu,5.927999973297119,42.28431701660156
mp-aaaccsqe,107.6240005493164,131.03228759765625
mp-aaabgkxn,320.6709899902344,307.24139404296875
mp-aaabfyet,-2.515000104904175,-6.5941619873046875
mp-aaabfupp,178.01600646972656,142.97274780273438
mp-aaabjseh,227.98599243164062,112.59097290039062
mp-aaaaaady,200.58700561523438,173.56353759765625
mp-aaabxfrv,34.6510009765625,30.557777404785156
mp-aaabxgxk,205.9550018310547,194.01052856445312
mp-aaaabrli,10.788999557495117,73.89474487304688
mp-aaaabsgu,-12.520999908447266,28.64513397216797
mp-aaaaafdt,65.69300079345703,68.49658203125
mp-aaaaafuy,156.66700744628906,153.73712158203125
mp-aaaabhfx,124.10199737548828,165.28265380859375
mp-aaabcuga,90.93099975585938,85.19845581054688
mp-aaabfkkk,32.124000549316406,83.2109375
mp-aaaaaumw,300.2080078125,283.4019775390625
mp-aaaaarvr,45.26300048828125,42.323936462402344
mp-aaaaaehj,119.1240005493164,102.93230438232422
mp-aaaaakcm,89.39900207519531,65.01823425292969
mp-aaaaaatc,58.24599838256836,64.23822021484375
mp-aaacfwgu,161.21800231933594,183.13992309570312
mp-aaaaabqt,313.656005859375,137.19668579101562
mp-aaaabsnj,208.31700134277344,212.10940551757812
mp-aaaabpas,6.419000148773193,33.730064392089844
mp-aaaabyqy,42.013999938964844,55.49326705932617
mp-aaaabtiu,38.32099914550781,39.71460723876953
mp-aaaaabap,23.839000701904297,26.565956115722656
mp-aaacdnyv,80.79100036621094,73.89767456054688
mp-aaaaceqi,170.8489990234375,143.38983154296875
mp-aaaaadzt,71.14700317382812,67.99555969238281
mp-aaaaatye,189.72500610351562,186.19638061523438
mp-aaacdjwq,29.645999908447266,109.96209716796875
mp-aaabilyt,160.22000122070312,141.8605499267578
mp-aaabqzxy,80.01399993896484,43.349365234375
mp-aaaaacfi,127.11799621582031,128.50953674316406
mp-aaacdowl,114.9260025024414,101.62523651123047
mp-aaaaabyh,42.172000885009766,57.3441276550293
mp-aaabxchj,54.108001708984375,53.250244140625
mp-aaaabeey,22.152000427246094,18.48015594482422
mp-aaabxjat,193.02000427246094,177.47576904296875
mp-aaacdtqf,20.968000411987305,30.604408264160156
mp-aaaaaqze,82.79299926757812,116.48424530029297
mp-aaaaazle,84.78199768066406,90.78572845458984
mp-aaafkmcl,80.56500244140625,96.31006622314453
mp-aaacewok,275.1369934082031,213.4198760986328
mp-aaaaazhn,12.12600040435791,28.78644561767578
mp-aaaabtms,89.0250015258789,98.25553894042969
mp-aaacflrx,36.95100021362305,41.37213134765625
mp-aaaabuau,153.9239959716797,120.52489471435547
mp-aaacdrnr,54.14400100708008,50.631168365478516
mp-aaaabsde,70.64299774169922,122.8104476928711
mp-aaaabjyh,88.56400299072266,66.69771575927734
mp-aaacpuks,181.0070037841797,180.94322204589844
mp-aaacdrdr,84.2699966430664,86.67697143554688
mp-aaabfyzv,41.486000061035156,46.644508361816406
mp-aaabxftk,43.36199951171875,30.60009765625
mp-aaabxaor,69.1709976196289,54.893306732177734
mp-aaabxgjl,76.01499938964844,43.36433410644531
mp-aaabewau,48.38199996948242,61.75000762939453
mp-aaaabenb,133.5330047607422,148.19302368164062
mp-aaacdhym,91.89700317382812,99.68232727050781
mp-aaacehvh,33.71099853515625,-14.144973754882812
mp-aaabxivj,175.78399658203125,171.6292266845703
mp-aaabqzka,106.44400024414062,128.65736389160156
mp-aaabxdqd,83.24099731445312,70.30059051513672
mp-aaabghlg,49.41999816894531,54.62628936767578
mp-aaaekrzj,2.568000078201294,53.15827178955078
mp-aaacdhzz,129.7550048828125,137.56982421875
mp-aaabxgxs,51.00299835205078,51.44594955444336
mp-aaacdprv,261.6549987792969,165.72244262695312
mp-aaabxfae,104.21800231933594,140.4561004638672
mp-aaaabpll,7.35699987411499,23.70624542236328
mp-aaaabhot,11.005999565124512,29.39244842529297
mp-aaabxbns,144.31100463867188,128.70851135253906
mp-aaacdohp,54.104000091552734,55.17924118041992
mp-aaaabtqp,202.97000122070312,191.72103881835938
mp-aaackryp,92.31500244140625,102.5760726928711
mp-aaacjkhi,181.63499450683594,118.64727783203125
mp-aaaaaoip,21.569000244140625,21.24358367919922
mp-aaaabsvz,80.70099639892578,70.01483154296875
mp-aaabxgfp,151.26100158691406,143.4853973388672
mp-aaabgknf,31.264999389648438,23.610145568847656
mp-aaaaadcc,275.87799072265625,319.3065185546875
mp-aaabrpva,155.3719940185547,160.49044799804688
mp-aaaaagly,54.30099868774414,77.31927490234375
mp-aaaabeyq,55.26100158691406,49.94105911254883
mp-aaaabhpj,40.6609992980957,55.06922912597656
mp-aaaaamvr,103.07599639892578,96.68778228759766
mp-aaaabdlq,128.16299438476562,110.18940734863281
mp-aaaaahmo,49.06100082397461,78.65060424804688
mp-aaaaahuh,45.534000396728516,56.304359436035156
mp-aaacggsh,15.03499984741211,128.58433532714844
mp-aaacdmgb,12.991999626159668,2.17510986328125
mp-aaacdicq,39.72200012207031,-7.913948059082031
mp-aaaaatme,76.80999755859375,85.04463195800781
mp-aaaaadgw,191.76800537109375,104.34555053710938
mp-aaabxcdi,51.066001892089844,57.02348327636719
mp-aaabxbdp,63.7140007019043,63.78502655029297
mp-aaabqwyf,129.156005859375,86.15460205078125
mp-aaacapbm,123.81900024414062,122.65958404541016
mp-aaaaalrd,46.52899932861328,55.82949447631836
mp-aaacgivk,155.92599487304688,144.05487060546875
mp-aaaaabrd,173.8280029296875,179.82408142089844
mp-aaabhcsf,16.297000885009766,38.233680725097656
mp-aaacpmmc,18.94099998474121,32.34761047363281
mp-aaaaaafn,45.51599884033203,43.004615783691406
mp-aaaaarng,90.51399993896484,104.28289031982422
mp-aaaabdkw,109.30000305175781,143.83724975585938
mp-aaaabuhx,62.45100021362305,82.31309509277344
mp-aaaabign,4.836999893188477,-5.95648193359375
mp-aaaaabek,182.9980010986328,186.07562255859375
mp-aaacdhzj,203.58299255371094,199.47994995117188
mp-aaacdhle,42.10100173950195,46.73815155029297
mp-aaaaarrn,71.2699966430664,81.19379425048828
mp-aaacfkqa,54.624000549316406,59.780765533447266
mp-aaabxjvq,68.73100280761719,79.66192626953125
mp-aaaaasos,194.16299438476562,173.17015075683594
mp-aaaabhuv,2.6679999828338623,23.77978515625
mp-aaaaaorv,22.148000717163086,65.6185073852539
mp-aaaaaaog,71.97000122070312,46.848182678222656
mp-aaacrkaf,385.8909912109375,327.4772644042969
mp-aaacfywr,182.45700073242188,176.4822998046875
mp-aaacfwlk,157.16400146484375,92.12513732910156
mp-aaaaated,124.4749984741211,91.67528533935547
mp-aaaaatmw,204.8159942626953,204.97201538085938
mp-aaaaania,182.54400634765625,201.06198120117188
mp-aaaabsxh,39.48099899291992,44.098388671875
mp-aaaaaqvx,119.68199920654297,152.74777221679688
mp-aaafwmcv,7.3470001220703125,47.48674011230469
mp-aaaaakoi,44.941001892089844,57.27269744873047
mp-aaacdido,37.73699951171875,42.78631591796875
mp-aaacetaa,77.72100067138672,68.15846252441406
mp-aaabxaog,48.60499954223633,49.55103302001953
mp-aaacgiqg,96.79299926757812,93.95091247558594
mp-aaaaaqoo,122.84600067138672,101.34237670898438
mp-aaaaatze,39.124000549316406,42.44642639160156
mp-aaaaalwi,63.57400131225586,62.30879211425781
mp-aaabxgjk,116.26000213623047,125.4128189086914
mp-aaacqpab,43.81700134277344,79.63963317871094
mp-aaacfwho,190.54100036621094,141.25550842285156
mp-aaaabrui,93.7040023803711,91.72506713867188
mp-aaaaavhu,111.16400146484375,74.33934020996094
mp-aaabgkcg,272.35699462890625,271.44439697265625
mp-aaacdrdw,26.08799934387207,31.35163116455078
mp-aaacdpuq,216.9010009765625,237.85006713867188
mp-aaabxfmf,178.26499938964844,159.94412231445312
mp-aaaaajao,170.4080047607422,173.6119384765625
mp-aaachdqt,26.729000091552734,46.07202911376953
mp-aaaabiia,3.3919999599456787,19.13062286376953
mp-aaaaamuh,303.8970031738281,294.23974609375
mp-aaacrhne,293.6579895019531,332.4482727050781
mp-aaabxgos,39.07400131225586,43.934608459472656
mp-aaaaaaph,38.64699935913086,42.473655700683594
mp-aaacdnnq,51.52399826049805,47.374839782714844
mp-aaacdhzh,116.43299865722656,113.99578857421875
mp-aaacfzda,14.689000129699707,34.22868347167969
mp-aaaaadlz,157.85499572753906,146.94374084472656
mp-aaacdzak,151.52000427246094,173.72125244140625
mp-aaacjmqa,304.93499755859375,258.007568359375
mp-aaaabiic,10.545999526977539,14.737594604492188
mp-aaaaatck,47.64699935913086,78.95513916015625
mp-aaaaawqj,131.26499938964844,122.04139709472656
mp-aaacdhut,128.4770050048828,114.65576171875
mp-aaaabjfb,14.46500015258789,37.70861053466797
mp-aaaaamof,53.02299880981445,46.41526794433594
mp-aaaaamld,62.499000549316406,32.2425537109375
mp-aaabkrab,42.513999938964844,41.776397705078125
mp-aaabxjva,48.691001892089844,51.94009780883789
mp-aaacrdqk,232.9510040283203,222.27130126953125
mp-aaabxceo,211.6490020751953,205.52392578125
mp-aaacduvo,99.95800018310547,102.44738006591797
mp-aaabxcfi,189.03799438476562,180.59738159179688
mp-aaaaambv,50.486000061035156,95.85108184814453
mp-aaacrudk,307.83099365234375,255.17068481445312
mp-aaaaadke,114.9739990234375,111.4891586303711
mp-aaaabfou,176.0399932861328,150.86801147460938
mp-aaaabttq,1.0420000553131104,12.098251342773438
mp-aaacewgl,53.402000427246094,110.33834838867188
mp-aaaaaank,97.6510009765625,85.39337158203125
mp-aaabmzlx,208.47999572753906,190.08168029785156
mp-aaaaacbx,103.30699920654297,88.10990142822266
mp-aaaaadzs,63.270999908447266,65.53096008300781
mp-aaagkrhu,4.966000080108643,25.644683837890625
mp-aaaabecb,53.09199905395508,80.50200653076172
mp-aaacebnr,121.48999786376953,124.119873046875
mp-aaaaahvy,183.90899658203125,149.63165283203125
mp-aaabgmpq,13.821999549865723,4.7649688720703125
mp-aaabghpu,85.08100128173828,84.14523315429688
mp-aaaabyui,-7.386000156402588,104.14441680908203
mp-aaaaacsw,126.15499877929688,103.55939483642578
mp-aaaabsmn,147.43499755859375,118.82496643066406
mp-aaaacfqw,21.714000701904297,25.59123992919922
mp-aaaabtfu,204.59800720214844,191.7849578857422
mp-aaaabhwr,11.789999961853027,58.205142974853516
mp-aaaaaolf,213.56700134277344,178.34844970703125
mp-aaaaalyn,124.28800201416016,127.11756134033203
mp-aaaceady,111.20899963378906,136.5584259033203
mp-aaaabucm,46.540000915527344,49.12714385986328
mp-aaabnrcw,75.09400177001953,100.43900299072266
mp-aaabfzhj,49.422000885009766,3.6019821166992188
mp-aaacdvco,42.60599899291992,41.04558563232422
mp-aaabkeau,51.35300064086914,125.85670471191406
mp-aaaabthc,68.53399658203125,65.55859375
mp-aaacfjlv,32.55099868774414,32.589683532714844
mp-aaabgjib,126.74299621582031,173.11575317382812
mp-aaaabfsv,84.51100158691406,65.82377624511719
mp-aaaabhma,67.52300262451172,74.91565704345703
mp-aaabgnhs,93.30999755859375,66.62290954589844
mp-aaaaacmn,197.59800720214844,118.2886734008789
mp-aaachhpv,1.7230000495910645,46.419532775878906
mp-aaaaaeig,115.20999908447266,58.982215881347656
mp-aaabxiwo,67.27400207519531,54.147216796875
mp-aaaabimb,6.797999858856201,-12.35943603515625
mp-aaabcufd,134.59300231933594,127.34451293945312
mp-aaabgmuh,175.94200134277344,179.12818908691406
mp-aaaabevs,81.3219985961914,69.760986328125
mp-aaacewdb,72.91899871826172,85.84162139892578
mp-aaacpwli,106.02300262451172,120.02832794189453
mp-aaaaaflk,97.85399627685547,76.56057739257812
mp-aaacfrpa,19.615999221801758,23.116737365722656
mp-aaaaapai,44.9370002746582,46.58350372314453
mp-aaaaadqg,37.56100082397461,36.45294189453125
mp-aaabxjaf,103.45600128173828,107.01248168945312
mp-aaabjzos,137.88699340820312,145.630126953125
mp-aaabieme,11.725000381469727,76.36912536621094
mp-aaaaadtc,70.177001953125,72.29889678955078
mp-aaaaalfr,27.416000366210938,7.9734649658203125
mp-aaaaaapq,35.04100036621094,43.47084045410156
mp-aaabxhjb,42.316001892089844,50.85148239135742
mp-aaaaadso,101.29299926757812,66.92350769042969
mp-aaabgiyc,34.60900115966797,31.919883728027344
mp-aaabjyjp,448.87200927734375,131.20538330078125
mp-aaabgjhh,98.02200317382812,133.0813446044922
mp-aaaaaifs,162.19700622558594,168.5087432861328
mp-aaacgdbq,35.604000091552734,36.928077697753906
mp-aaacdrms,77.88700103759766,70.0316390991211
mp-aaabxbrt,145.38800048828125,138.968505859375
mp-aaacgoqg,83.51399993896484,93.96238708496094
mp-aaaaakps,127.59200286865234,112.99456787109375
mp-aaaaadib,146.5330047607422,66.43528747558594
mp-aaacgivc,95.06700134277344,100.29166412353516
mp-aaaaabcq,88.42400360107422,95.54673767089844
mp-aaaabple,78.25399780273438,84.27002716064453
mp-aaaaagef,267.5920104980469,287.3218688964844
mp-aaabrgwv,11.880000114440918,11.450973510742188
mp-aaacewci,198.86199951171875,185.4498748779297
mp-aaaaaqyf,94.31600189208984,83.95492553710938
mp-aaaaankv,22.097999572753906,25.092742919921875
mp-aaaaasxp,95.15499877929688,104.18878173828125
mp-aaaaabsn,213.17799377441406,180.17111206054688
mp-aaackqye,222.10499572753906,212.01785278320312
mp-aaabxfox,37.202999114990234,33.031524658203125
mp-aaaabfoi,101.8270034790039,96.49567413330078
mp-aaabxckk,44.946998596191406,28.600738525390625
mp-aaaaaqvb,109.63700103759766,94.11557006835938
mp-aaaabfcv,59.66299819946289,55.064456939697266
mp-aaaabuhq,58.38399887084961,65.48292541503906
mp-aaaabhzi,2.890000104904175,20.82587432861328
mp-aaabctwz,-182.2729949951172,67.10092163085938
mp-aaacdprc,36.5359992980957,52.70598220825195
mp-aaacdzax,75.81800079345703,90.28514099121094
mp-aaaaadfb,64.33899688720703,65.05381774902344
mp-aaaabdix,161.1840057373047,166.88278198242188
mp-aaaaatpc,75.02999877929688,78.39370727539062
mp-aaaaalac,24.44099998474121,13.892982482910156
mp-aaaaaidd,138.5919952392578,190.8988494873047
mp-aaaabdpq,83.76100158691406,79.88825988769531
mp-aaafwben,80.41699981689453,46.996803283691406
mp-aaaabpca,331.9670104980469,289.72015380859375
mp-aaaabulx,60.472999572753906,78.48243713378906
mp-aaabxfye,124.0739974975586,111.2616195678711
mp-aaaaahcj,141.95199584960938,123.54070281982422
mp-aaaaaeqq,176.56100463867188,91.7633056640625
mp-aaaaaowb,232.83200073242188,154.30264282226562
mp-aaaaaoni,9.505000114440918,35.80213165283203
mp-aaaaatkn,161.33099365234375,191.95323181152344
mp-aaaaaxdq,43.0890007019043,40.48761749267578
mp-aaaaapdw,147.37100219726562,129.41925048828125
mp-aaacgpou,80.75,159.6666259765625
mp-aaacdvtp,67.69599914550781,96.04865264892578
mp-aaaabdkn,146.64700317382812,119.10690307617188
mp-aaabnrip,119.12100219726562,75.05390930175781
mp-aaaabtog,193.8679962158203,197.35267639160156
mp-aaacfzuo,56.90800094604492,47.71727752685547
mp-aaabfher,70.38200378417969,130.10031127929688
mp-aaaaayds,91.16899871826172,54.74810028076172
mp-aaaaajzu,154.3209991455078,156.8836669921875
mp-aaabxfrc,226.50900268554688,244.53262329101562
mp-aaaaameu,61.49399948120117,66.58705139160156
mp-aaabxgts,196.80099487304688,159.76657104492188
mp-aaaaaqtd,78.41100311279297,65.8369140625
mp-aaaabllt,69.33599853515625,99.60747528076172
mp-aaaaareo,152.6219940185547,134.9175262451172
mp-aaaabhsl,237.1790008544922,203.59613037109375
mp-aaaaagvg,23.364999771118164,23.599105834960938
mp-aaabfbsl,74.76200103759766,71.29739379882812
mp-aaaabfpr,97.72100067138672,120.336669921875
mp-aaaaafxn,255.5070037841797,192.5535125732422
mp-aaacdjls,186.2050018310547,169.14088439941406
mp-aaaaabds,89.45600128173828,90.13236999511719
mp-aaaaafhu,157.75100708007812,185.32168579101562
mp-aaacfxft,239.24200439453125,224.26458740234375
mp-aaaaaieh,93.29900360107422,97.72232055664062
mp-aaaaadrx,143.05999755859375,130.35227966308594
mp-aaacdjlk,57.229000091552734,68.4615478515625
mp-aaaaatjl,46.93299865722656,50.563358306884766
mp-aaaabehb,51.779998779296875,23.843765258789062
mp-aaabxara,221.98899841308594,178.49920654296875
mp-aaabjxxr,76.2979965209961,78.31925964355469
mp-aaagcsia,30.94099998474121,35.16535186767578
mp-aaacewoq,170.73699951171875,146.41900634765625
mp-aaaaafdl,145.51199340820312,127.80702209472656
mp-aaacdokv,36.22600173950195,46.79956817626953
mp-aaacfwet,185.85000610351562,123.07514190673828
mp-aaabgkbc,173.52099609375,215.44659423828125
mp-aaaaaonz,10.746999740600586,3.7915573120117188
mp-aaaaarlm,56.604000091552734,60.15195846557617
mp-aaaabshp,70.96499633789062,141.49920654296875
mp-aaabxbum,120.56500244140625,123.65118408203125
mp-aaaaaowt,312.1390075683594,299.461181640625
mp-aaaaabtg,63.349998474121094,63.16167449951172
mp-aaabghqv,52.91999816894531,74.83614349365234
mp-aaaaalee,191.19700622558594,160.9860076904297
mp-aaaaacch,14.329999923706055,116.25292205810547
mp-aaaaaxai,11.807000160217285,-17.534423828125
mp-aaabxbox,199.22999572753906,165.97142028808594
mp-aaaaacaa,247.4810028076172,248.5413360595703
mp-aaabrafw,183.11500549316406,180.68284606933594
mp-aaaabext,93.40399932861328,109.87252044677734
mp-aaabxjrt,151.1490020751953,137.83761596679688
mp-aaacdjzs,130.5709991455078,122.29795837402344
mp-aaaaacwy,48.52899932861328,59.980690002441406
mp-aaabjybh,146.46600341796875,143.7152862548828
mp-aaabxhkf,174.6280059814453,151.9432373046875
mp-aaaabftf,177.25100708007812,177.7126007080078
mp-aaaabdqd,51.834999084472656,57.208621978759766
mp-aaaaajae,79.38099670410156,80.6083755493164
mp-aaabxggi,89.90799713134766,95.99043273925781
mp-aaabgimu,68.71900177001953,69.87434387207031
mp-aaaabkgm,0.4690000116825104,-15.831039428710938
mp-aaaaayba,127.61599731445312,128.8768310546875
mp-aaaaabyg,85.59500122070312,74.7765884399414
mp-aaaaapce,270.4750061035156,278.93060302734375
mp-aaaaadfc,14.435999870300293,30.77496337890625
mp-aaaabscn,77.72100067138672,73.15406799316406
mp-aaaaboyc,12.168999671936035,133.7236785888672
mp-aaabgjvl,34.69599914550781,32.741424560546875
mp-aaaaamrm,88.4489974975586,86.49903106689453
mp-aaabxiyd,76.88200378417969,130.7939453125
mp-aaaaaltb,44.749000549316406,40.82563781738281
mp-aaacgitt,186.6510009765625,185.85342407226562
mp-aaaaagql,61.1349983215332,59.42655944824219
mp-aaacevzp,343.8280029296875,299.4958801269531
mp-aaabxcmj,108.29199981689453,117.36537170410156
mp-aaaaanrs,78.91100311279297,65.53327178955078
mp-aaabmnzj,29.96500015258789,15.056900024414062
mp-aaaaabpb,48.22800064086914,62.45896911621094
mp-aaaaaxlw,199.85299682617188,170.156005859375
mp-aaabkgox,19.650999069213867,52.866851806640625
mp-aaabxcof,44.62099838256836,23.000831604003906
mp-aaaaaars,50.277000427246094,47.249778747558594
mp-aaacfkbn,143.58099365234375,158.281005859375
mp-aaabsduo,139.4320068359375,106.45748901367188
mp-aaabetqo,22.715999603271484,31.219505310058594
mp-aaaaadqz,53.2400016784668,49.92943572998047
mp-aaaaazcm,-3.4769999980926514,61.672237396240234
mp-aaaabehr,47.444000244140625,54.89945983886719
mp-aaaaabjx,75.35199737548828,66.03750610351562
mp-aaabqwkc,50.446998596191406,30.264686584472656
mp-aaaabqjd,291.2650146484375,309.9737548828125
mp-aaaaapwe,186.65499877929688,169.24688720703125
mp-aaaabgks,32.77000045776367,92.36172485351562
mp-aaaaapsi,34.08300018310547,11.551895141601562
mp-aaacdwrx,51.76499938964844,52.93187713623047
mp-aaaaamho,102.59600067138672,107.9002685546875
mp-aaaabids,190.9980010986328,168.70814514160156
mp-aaaabfoq,254.447998046875,212.91629028320312
mp-aaaaapth,53.18000030517578,64.02657318115234
mp-aaacewfq,14.994999885559082,7.0670928955078125
mp-aaacejdm,75.38999938964844,107.23988342285156
mp-aaacdkem,51.66699981689453,81.30718994140625
mp-aaaciqas,350.49798583984375,316.88189697265625
mp-aaacdwsu,86.68499755859375,62.93556213378906
mp-aaaaahxm,59.09600067138672,52.890769958496094
mp-aaaaafho,172.83599853515625,155.4524688720703
mp-aaacdjjg,203.33700561523438,244.1748809814453
mp-aaacfxey,30.60300064086914,43.68480682373047
mp-aaaaaowv,296.4930114746094,314.30218505859375
mp-aaabxdqi,61.632999420166016,57.58583068847656
mp-aaabxfvc,124.1709976196289,110.75357818603516
mp-aaacdvwk,73.37300109863281,84.62178039550781
mp-aaaabdtr,100.77100372314453,99.21580505371094
mp-aaabxjxj,149.33200073242188,145.13035583496094
mp-aaacevps,70.36100006103516,86.9856948852539
mp-aaaabwxt,334.3160095214844,223.79620361328125
mp-aaaaaanl,52.41899871826172,75.69503784179688
mp-aaabxfgp,70.32499694824219,58.40589904785156
mp-aaaaadbv,294.1400146484375,264.2354736328125
mp-aaaccspr,140.71200561523438,172.89089965820312
mp-aaadiszd,71.43099975585938,65.47674560546875
mp-aaacfyad,44.72200012207031,53.6730842590332
mp-aaaaacsh,48.04800033569336,61.210601806640625
mp-aaabxjbi,32.97999954223633,45.52654266357422
mp-aaaabjjv,118.62100219726562,113.91907501220703
mp-aaacfwfm,181.5489959716797,156.855224609375
mp-aaaabejw,125.54399871826172,124.61125183105469
mp-aaaaakfz,140.54100036621094,133.58665466308594
mp-aaaaacap,54.22800064086914,52.972293853759766
mp-aaacgjch,167.1580047607422,155.3656005859375
mp-aaacdifk,125.40799713134766,86.31330108642578
mp-aaaaathi,254.2550048828125,265.26373291015625
mp-aaaabhxb,53.95399856567383,69.07646179199219
mp-aaaabdpk,118.2509994506836,149.35597229003906
mp-aaaaaowk,200.3769989013672,193.5537109375
mp-aaacfybg,255.0399932861328,235.64810180664062
mp-aaaabfbr,65.08300018310547,57.59511947631836
mp-aaaabfad,62.667999267578125,80.92474365234375
mp-aaabxfpi,89.20899963378906,92.14634704589844
mp-aaacevts,192.59500122070312,175.0528564453125
mp-aaaaadth,138.48699951171875,112.0184326171875
mp-aaaaadhb,219.13400268554688,188.9071502685547
mp-aaabgjaz,164.0050048828125,171.43942260742188
mp-aaacdjtl,125.02799987792969,47.91947937011719
mp-aaabfayc,17.965999603271484,75.58213806152344
mp-aaaabhpc,80.24800109863281,58.28727722167969
mp-aaacdtup,102.31999969482422,106.20588684082031
mp-aaacdker,65.47699737548828,59.13177490234375
mp-aaaaafvi,78.01799774169922,53.18534469604492
mp-aaaaaeil,157.2899932861328,139.8443603515625
mp-aaaabszq,127.5719985961914,122.91486358642578
mp-aaabxbbf,182.4340057373047,174.30804443359375
mp-aaaaarql,104.81999969482422,98.35221862792969
mp-aaaabjno,85.38200378417969,65.57067108154297
mp-aaaabflg,244.12399291992188,227.18222045898438
mp-aaacdvqu,122.14700317382812,68.68614196777344
mp-aaaaapbg,7.7769999504089355,-3.420379638671875
mp-aaaaarjy,149.64700317382812,151.68276977539062
mp-aaabxgyw,123.02400207519531,123.28547668457031
mp-aaabxgxw,108.87200164794922,93.33880615234375
mp-aaacflry,220.17599487304688,238.34747314453125
mp-aaaccsoq,119.49500274658203,117.54989624023438
mp-aaabnauh,35.65800094604492,48.93540573120117
mp-aaabgnfd,35.93000030517578,44.861541748046875
mp-aaacgirs,177.6840057373047,169.5584716796875
mp-aaaaatxk,166.19400024414062,121.60267639160156
mp-aaadeemt,127.83799743652344,70.97987365722656
mp-aaaaaacy,10.977999687194824,17.749343872070312
mp-aaaaafre,124.83399963378906,107.4532699584961
mp-aaabfvva,86.71099853515625,81.83114624023438
mp-aaaabhyc,12.029000282287598,69.031005859375
mp-aaabjxxk,35.29999923706055,27.38776397705078
mp-aaacdyxh,11.970999717712402,15.02984619140625
mp-aaabxbnv,66.91899871826172,74.18081665039062
mp-aaaaberc,34.4010009765625,49.17990493774414
mp-aaaaalxm,289.947998046875,305.66290283203125
mp-aaabxgwc,54.847999572753906,69.34555053710938
mp-aaaabeub,67.71900177001953,68.20845031738281
mp-aaaaagsz,96.04199981689453,113.73967742919922
mp-aaabxajc,42.1619987487793,17.5069580078125
mp-aaacdhqi,176.56900024414062,179.2081756591797
mp-aaabfrjx,194.0989990234375,159.29017639160156
mp-aaabqzij,11.107999801635742,51.29159164428711
mp-aaaabdfy,36.11000061035156,82.93628692626953
mp-aaacehuq,167.51499938964844,206.28529357910156
mp-aaacehpy,31.840999603271484,44.547096252441406
mp-aaaaahay,40.98400115966797,60.28617477416992
mp-aaaaautf,261.8139953613281,273.09808349609375
mp-aaaaandp,67.2030029296875,78.7019271850586
mp-aaacfrix,47.62799835205078,24.346115112304688
mp-aaabjygv,116.85700225830078,129.91595458984375
mp-aaaaahnf,177.2259979248047,177.08554077148438
mp-aaaaagnb,71.31900024414062,84.983154296875
mp-aaaaaamh,48.34600067138672,44.66978454589844
mp-aaabxapn,150.33700561523438,137.65272521972656
mp-aaaaaovi,23.573999404907227,84.52627563476562
mp-aaaaaqsa,46.43600082397461,59.551509857177734
mp-aaaabjcc,37.590999603271484,42.811309814453125
mp-aaabqywz,101.66799926757812,123.02408599853516
mp-aaacqbhn,31.173999786376953,53.72005844116211
mp-aaaaamol,81.66899871826172,71.09282684326172
mp-aaaaapjq,126.68699645996094,158.91050720214844
mp-aaabxdsr,50.02799987792969,52.10879898071289
mp-aaacdogt,31.547000885009766,12.1358642578125
mp-aaacrlsc,303.2539978027344,285.7837829589844
mp-aaaaagdx,31.615999221801758,70.43449401855469
mp-aaachdfm,46.143001556396484,43.474578857421875
mp-aaaccsqf,106.20600128173828,106.31875610351562
mp-aaabxfmv,43.209999084472656,42.96160125732422
mp-aaaabbrb,181.802001953125,185.45059204101562
mp-aaaabdmb,32.76599884033203,71.37086486816406
mp-aaabghni,32.6870002746582,46.622955322265625
mp-aaabigia,193.8489990234375,175.81817626953125
mp-aaaabrlc,143.93499755859375,139.60601806640625
mp-aaaabsmx,38.23400115966797,47.82897186279297
mp-aaabxgvu,163.88400268554688,172.36111450195312
mp-aaaaarag,33.763999938964844,38.99590301513672
mp-aaabxgkg,38.93899917602539,46.76405334472656
mp-aaaabegr,78.53900146484375,136.15786743164062
mp-aaacfxff,199.67799377441406,154.4832305908203
mp-aaaaamwn,158.78799438476562,91.39007568359375
mp-aaaaaadi,36.40700149536133,27.99633026123047
mp-aaaabesc,39.69200134277344,94.37126159667969
mp-aaaabswu,116.78600311279297,110.9874038696289
mp-aaaabxrw,67.7770004272461,55.2265739440918
mp-aaacebod,102.23899841308594,122.94734954833984
mp-aaaabtbi,90.80500030517578,124.35337829589844
mp-aaabfcna,63.43299865722656,71.00784301757812
mp-aaaaasuf,63.79999923706055,89.51387023925781
mp-aaadbevu,35.720001220703125,96.67388916015625
mp-aaacdoyg,86.0009994506836,96.39309692382812
mp-aaacfydi,223.5709991455078,223.0170135498047
mp-aaaaasnk,62.3849983215332,73.3050537109375
mp-aaaaadfp,40.39500045776367,49.35132598876953
mp-aaacehws,38.72700119018555,-1.2701797485351562
mp-aaaabfgd,69.4260025024414,77.83676147460938
mp-aaaaaadd,134.19500732421875,132.95941162109375
mp-aaacdrot,83.24099731445312,90.88263702392578
mp-aaacdron,59.30500030517578,62.647491455078125
mp-aaaaaurc,93.67900085449219,78.99380493164062
mp-aaaabgzf,223.1739959716797,215.486572265625
mp-aaaaackw,18.746999740600586,80.25038146972656
mp-aaabewxh,56.55699920654297,91.69239807128906
mp-aaaaaefe,183.58399963378906,151.10275268554688
mp-aaaaauwy,163.48699951171875,167.01829528808594
mp-aaaaaehi,88.35299682617188,103.76927185058594
mp-aaabgkcv,69.8239974975586,88.67677307128906
mp-aaacgotm,114.78600311279297,110.15143585205078
mp-aaaaaywa,132.86099243164062,99.87622833251953
mp-aaabxgyd,56.750999450683594,67.6983642578125
mp-aaacevub,170.97900390625,149.36541748046875
mp-aaabxftc,25.726999282836914,36.764991760253906
mp-aaaaanrw,7.841000080108643,19.903099060058594
mp-aaacdpxr,179.07000732421875,140.02200317382812
mp-aaaaaxkl,114.66699981689453,111.80607604980469
mp-aaaabeti,23.297000885009766,29.032745361328125
mp-aaaaayhp,95.97000122070312,72.3798828125
mp-aaacfzyg,65.7699966430664,73.76850128173828
mp-aaabgkcd,186.78500366210938,151.6778564453125
mp-aaaaabfe,108.12300109863281,125.58209991455078
mp-aaabrbwp,146.1529998779297,131.85194396972656
mp-aaaaahcf,178.18499755859375,149.84165954589844
mp-aaacdrmu,182.9010009765625,189.61630249023438
mp-aaaaapen,197.34500122070312,236.24366760253906
mp-aaaaameg,89.04100036621094,15.88818359375
mp-aaaabhje,195.10899353027344,171.73443603515625
mp-aaaaasxa,48.999000549316406,69.19136047363281
mp-aaaaaccd,74.5009994506836,31.388580322265625
mp-aaaceasf,79.07099914550781,64.94026184082031
mp-aaaaadpm,108.17900085449219,106.58159637451172
mp-aaacdpvk,87.54100036621094,77.54801940917969
mp-aaaaabzx,117.26200103759766,96.97853088378906
mp-aaaaakxi,49.709999084472656,45.39820861816406
mp-aaabxgqm,66.47000122070312,55.498958587646484
mp-aaacdyzc,51.11899948120117,48.547306060791016
mp-aaaccten,20.701000213623047,24.60840606689453
mp-aaacdivt,52.51599884033203,52.2276725769043
mp-aaaaagxm,74.41500091552734,66.71747589111328
mp-aaaabdsd,221.53900146484375,29.04498291015625
mp-aaabxiup,26.242000579833984,17.569740295410156
mp-aaaaakbi,185.95599365234375,191.15733337402344
mp-aaaaarme,140.43499755859375,125.9549560546875
mp-aaaabunv,161.48500061035156,189.94058227539062
mp-aaabxcdp,219.3070068359375,192.31268310546875
mp-aaabnsbm,60.987998962402344,59.53240203857422
mp-aaaabkow,218.49200439453125,158.46945190429688
mp-aaabkqhu,29.98900032043457,28.74303436279297
mp-aaacdkme,167.21299743652344,167.69174194335938
mp-aaaabdlo,143.86300659179688,108.72138214111328
mp-aaaaaadh,35.244998931884766,36.91724395751953
mp-aaabpbrz,0.14499999582767487,416.0062561035156
mp-aaaaagbo,185.36300659179688,191.16217041015625
mp-aaaaapme,192.4949951171875,161.1390380859375
mp-aaaaakux,57.02799987792969,56.487979888916016
mp-aaaabhvf,10.380000114440918,12.253105163574219
mp-aaaccsow,138.50599670410156,158.06466674804688
mp-aaacktbd,276.8680114746094,225.9576416015625
mp-aaabijzd,2.7809998989105225,12.033897399902344
mp-aaabxftp,57.8650016784668,50.67116928100586
mp-aaabxdtn,10.835000038146973,14.795982360839844
mp-aaaabpmq,12.303000450134277,54.00982666015625
mp-aaabgkwy,52.04199981689453,60.779788970947266
mp-aaabqxdf,184.15499877929688,172.74937438964844
mp-aaabxcer,75.03399658203125,79.6417236328125
mp-aaaabgjj,96.80400085449219,83.80797576904297
mp-aaaabesj,111.83999633789062,129.8663787841797
mp-aaaaadez,398.5979919433594,174.48342895507812
mp-aaaaagsj,61.33700180053711,64.77073669433594
mp-aaacfsrs,274.2669982910156,329.01055908203125
mp-aaacehxt,28.555999755859375,0.7653350830078125
mp-aaabidsj,18.48200035095215,29.728797912597656
mp-aaacevzz,37.347999572753906,40.82298278808594
mp-aaaabijt,54.46699905395508,77.0313720703125
mp-aaaaaxgs,322.92498779296875,286.494384765625
mp-aaaabowy,7.068999767303467,-7.174568176269531
mp-aaabgiee,12.107000350952148,-17.384201049804688
mp-aaacdqdj,183.33200073242188,234.57337951660156
mp-aaaabdhn,45.433998107910156,54.96833801269531
mp-aaacgoxe,79.322998046875,75.89122009277344
mp-aaabjolt,40.6150016784668,31.453453063964844
mp-aaaaajuu,127.51499938964844,119.95694732666016
mp-aaaceadx,38.06700134277344,48.02290344238281
mp-aaaaadlt,115.7699966430664,95.9140625
mp-aaabxixe,61.71900177001953,42.791908264160156
mp-aaaaaagx,52.30699920654297,66.71747589111328
mp-aaaabfcu,42.481998443603516,106.43911743164062
mp-aaachdff,32.75,31.468788146972656
mp-aaaabtcx,53.428001403808594,50.67463684082031
mp-aaabmmts,47.49399948120117,67.53143310546875
mp-aaaabokp,58.073001861572266,33.01856994628906
mp-aaaaalwg,10.979999542236328,27.4617919921875
mp-aaabxgjp,190.54299926757812,189.81546020507812
mp-aaaaacwl,21.701000213623047,31.14423370361328
mp-aaaaatzc,138.76800537109375,118.64264678955078
mp-aaaccsqg,106.38899993896484,131.45606994628906
mp-aaaabdty,81.50499725341797,85.42913818359375
mp-aaaaaodz,36.215999603271484,40.61668395996094
mp-aaaabswy,77.66500091552734,76.79447937011719
mp-aaaciycv,167.64300537109375,130.1397705078125
mp-aaaaaqce,142.0570068359375,111.04646301269531
mp-aaaabhaj,48.77899932861328,66.91502380371094
mp-aaaaafff,153.95199584960938,157.6977996826172
mp-aaaaadci,74.2750015258789,78.24081420898438
mp-aaaaalsh,33.19499969482422,54.12846755981445
mp-aaabfbra,121.1449966430664,67.62094116210938
mp-aaaaaddx,66.3270034790039,78.28578186035156
mp-aaabjxxq,58.65800094604492,73.26869201660156
mp-aaacdswd,69.46099853515625,55.378238677978516
mp-aaacdpya,121.197998046875,88.68619537353516
mp-aaabxgim,102.21800231933594,84.44405364990234
mp-aaaaadmf,143.81399536132812,104.68426513671875
mp-aaacebnp,63.448001861572266,47.05109405517578
mp-aaaabtor,75.2020034790039,64.72035217285156
mp-aaacdjmm,68.28399658203125,66.92080688476562
mp-aaaabtjh,127.53099822998047,119.8785171508789
mp-aaaaafws,27.844999313354492,46.476356506347656
mp-aaaabubs,38.2130012512207,58.74481964111328
mp-aaaaarpa,100.9729995727539,74.52568054199219
mp-aaaabfcx,141.21600341796875,117.83442687988281
mp-aaaaagma,83.27400207519531,36.501190185546875
mp-aaacrgvr,306.07501220703125,271.5799560546875
mp-aaabituy,125.6520004272461,127.17676544189453
mp-aaaabdwz,61.257999420166016,67.40513610839844
mp-aaaaakya,112.0979995727539,100.7787857055664
mp-aaabxdpz,64.93599700927734,64.79264068603516
mp-aaacdvsv,268.22198486328125,216.48638916015625
mp-aaabxgxb,49.50299835205078,67.14253234863281
mp-aaacfyeb,104.24099731445312,113.92776489257812
mp-aaabxcmn,136.24200439453125,126.67491149902344
mp-aaabfnww,44.71799850463867,72.76505279541016
mp-aaaaakmh,139.56199645996094,81.52154541015625
mp-aaabxhjl,103.65699768066406,99.96049499511719
mp-aaadckzv,105.50900268554688,77.1969985961914
mp-aaaaboqw,42.891998291015625,61.9065055847168
mp-aaadbddi,42.722999572753906,100.39363861083984
mp-aaacfwfr,178.3699951171875,184.03982543945312
mp-aaaaacdb,203.38099670410156,164.5609130859375
mp-aaaabehm,70.59700012207031,80.07893371582031
mp-aaaaagfn,27.014999389648438,31.214210510253906
mp-aaabjybi,202.76699829101562,143.79684448242188
mp-aaaaahwf,22.10700035095215,46.35603332519531
mp-aaabjyeo,132.12100219726562,137.3398895263672
mp-aaacieaw,8.987000465393066,18.712997436523438
mp-aaaaajpy,72.68900299072266,85.04478454589844
mp-aaabxfhs,52.7140007019043,36.77056884765625
mp-aaaaalzl,61.61600112915039,81.64949798583984
mp-aaacgphl,65.89800262451172,92.88631439208984
mp-aaaaawri,113.81300354003906,100.74064636230469
mp-aaabxfyd,44.71799850463867,46.44969177246094
mp-aaacfvgn,57.986000061035156,69.74159240722656
mp-aaaaabvc,22.392000198364258,34.37699890136719
mp-aaaabpfe,30.51099967956543,206.96725463867188
mp-aaaaaovx,26.113000869750977,92.29803466796875
mp-aaaaacjy,96.23600006103516,77.32658386230469
mp-aaaaalnq,179.19200134277344,206.14071655273438
mp-aaaabozp,32.88399887084961,49.55807876586914
mp-aaacesxt,48.70199966430664,76.75698852539062
mp-aaabkqgk,36.37200164794922,42.64186096191406
mp-aaaaaayx,178.14999389648438,169.532958984375
mp-aaacfybb,38.57400131225586,57.31834030151367
mp-aaabevqt,30.61199951171875,178.72940063476562
mp-aaacfjxq,204.05299377441406,188.40133666992188
mp-aaabxitc,94.63800048828125,90.57521057128906
mp-aaaaaydd,175.38600158691406,162.54627990722656
mp-aaaabjqi,13.704000473022461,24.90509796142578
mp-aaabrsqq,13.588000297546387,-12.629684448242188
mp-aaacevxs,117.58999633789062,133.753173828125
mp-aaabxfst,175.04299926757812,152.55645751953125
mp-aaaaaows,117.39700317382812,86.22842407226562
mp-aaaaafmj,128.93800354003906,128.0747833251953
mp-aaaaaqvm,53.012001037597656,47.083106994628906
mp-aaaaakpj,54.49399948120117,49.76188278198242
mp-aaaaaauh,19.667999267578125,30.91344451904297
mp-aaaaaifa,107.79399871826172,94.3191909790039
mp-aaabkhfq,53.45899963378906,43.620628356933594
mp-aaabxfmw,34.560001373291016,37.176979064941406
mp-aaaaaakt,141.78599548339844,147.21434020996094
mp-aaacdmua,20.725000381469727,7.392730712890625
mp-aaaaaeeo,84.96800231933594,76.87258911132812
mp-aaacdncc,52.90599822998047,61.66803741455078
mp-aaacgfnb,97.68299865722656,83.50668334960938
mp-aaaaaqzc,55.520999908447266,47.20545196533203
mp-aaabxgxv,160.89500427246094,170.11610412597656
mp-aaaaaasm,166.7530059814453,156.70071411132812
mp-aaaaadqk,163.48199462890625,182.16311645507812
mp-aaaabeie,147.71200561523438,139.75289916992188
mp-aaaabezu,137.7030029296875,127.21928405761719
mp-aaaaarel,254.68800354003906,174.49000549316406
mp-aaabjydc,38.77799987792969,79.44035339355469
mp-aaaaadkr,349.5010070800781,224.6315460205078
mp-aaaabrcp,121.80400085449219,101.6300048828125
mp-aaaaaawa,51.06100082397461,50.42684555053711
mp-aaaaaxpz,220.11500549316406,186.8771209716797
mp-aaabglfe,311.25799560546875,276.56597900390625
mp-aaaaapel,274.6789855957031,278.3333740234375
mp-aaabfvna,75.43199920654297,69.34860229492188
mp-aaabxbyw,110.74299621582031,115.38813781738281
mp-aaaabqxt,19.91200065612793,27.486167907714844
mp-aaaaahce,129.0800018310547,180.24465942382812
mp-aaaabime,50.356998443603516,71.14816284179688
mp-aaaaakml,65.0469970703125,75.12774658203125
mp-aaaaabgm,67.43399810791016,70.40513610839844
mp-aaacdlya,116.0270004272461,99.00318908691406
mp-aaabfkpc,66.7979965209961,122.75068664550781
mp-aaacfrpf,19.128999710083008,31.587852478027344
mp-aaaaafmb,145.69000244140625,124.48482513427734
mp-aaabjycq,152.18600463867188,201.15374755859375
mp-aaaaabeo,43.57899856567383,60.46257781982422
mp-aaaacdsj,95.4229965209961,67.93545532226562
mp-aaaabjfe,30.444000244140625,2.5754013061523438
mp-aaaaaffj,130.3470001220703,82.54562377929688
mp-aaabgnfc,174.15699768066406,165.46473693847656
mp-aaaaaxct,57.05799865722656,44.89336395263672
mp-aaaabqad,198.46400451660156,230.60494995117188
mp-aaabglmq,106.78099822998047,81.64710998535156
mp-aaacfisw,103.97599792480469,104.25938415527344
mp-aaabffiz,59.91999816894531,55.57126998901367
mp-aaacgivl,6.0370001792907715,-9.435951232910156
mp-aaacdoeq,20.823999404907227,18.04107666015625
mp-aaaaalhd,17.135000228881836,70.04378509521484
mp-aaaaadrz,84.63899993896484,65.26129150390625
mp-aaacgphd,104.03099822998047,118.96043395996094
mp-aaaaaalw,163.66799926757812,128.1260986328125
mp-aaacdipq,38.75400161743164,31.869720458984375
mp-aaabxgop,93.88400268554688,117.16433715820312
mp-aaaaaeee,122.73899841308594,135.49168395996094
mp-aaaaafiz,46.98400115966797,51.619441986083984
mp-aaacgive,189.63400268554688,179.5785675048828
mp-aaaabgwa,223.4199981689453,227.05247497558594
mp-aaaaaxft,31.9950008392334,19.30987548828125
mp-aaaabect,59.349998474121094,56.98457336425781
mp-aaacflql,121.43900299072266,123.48199462890625
mp-aaabfwzv,71.1709976196289,59.780723571777344
mp-aaaaapop,66.36599731445312,79.03550720214844
mp-aaaaazdp,115.91200256347656,144.2520294189453
mp-aaabkpta,38.58700180053711,36.393829345703125
mp-aaacdpyl,140.93699645996094,103.68881225585938
mp-aaabxisu,201.1230010986328,163.11827087402344
mp-aaabgmoe,60.15599822998047,72.32633972167969
mp-aaabkluq,128.50900268554688,163.6785430908203
mp-aaaaaaco,435.156005859375,356.96881103515625
mp-aaabkkoo,161.5500030517578,172.50599670410156
mp-aaaabekz,149.0749969482422,162.59750366210938
mp-aaaabrms,6.989999771118164,-2.4534530639648438
mp-aaaabjfn,132.70399475097656,95.19712829589844
mp-aaaaarsr,58.95500183105469,63.14793014526367
mp-aaaabfes,166.22999572753906,191.49114990234375
mp-aaacflhj,275.8940124511719,255.71475219726562
mp-aaacqxfa,218.1490020751953,247.86343383789062
mp-aaaaaqpo,70.37100219726562,73.41444396972656
mp-aaaabfts,48.47800064086914,48.82298278808594
mp-aaaaakmb,43.79600143432617,21.312721252441406
mp-aaacdjmy,102.36299896240234,98.47814178466797
mp-aaaaaiok,62.691001892089844,56.62428665161133
mp-aaaaanfo,15.288000106811523,19.40886688232422
mp-aaabxgwg,125.86900329589844,100.86421203613281
mp-aaacdvub,30.716999053955078,38.32744598388672
mp-aaacrtxj,17.551000595092773,11.333236694335938
mp-aaaaathz,30.437000274658203,30.473739624023438
mp-aaaabudi,93.63899993896484,110.4526138305664
mp-aaabglwm,114.46800231933594,100.83051300048828
mp-aaaaaquy,107.90499877929688,94.73236083984375
mp-aaaaaybw,168.85800170898438,139.94912719726562
mp-aaaaadxn,21.08799934387207,79.0343017578125
mp-aaaabahz,57.457000732421875,67.65199279785156
mp-aaaaamaz,129.6300048828125,113.60371398925781
mp-aaacfkeg,67.2750015258789,111.07190704345703
mp-aaacfyzg,94.0469970703125,94.58757781982422
mp-aaaabsag,11.461000442504883,15.401405334472656
mp-aaabgjiw,55.534000396728516,91.8597412109375
mp-aaacdyrm,172.28700256347656,170.59329223632812
mp-aaaaaasd,36.72700119018555,44.95648193359375
mp-aaaaabmi,281.20001220703125,213.12652587890625
mp-aaacdprl,198.41099548339844,192.63754272460938
mp-aaaaaiwk,30.297000885009766,84.63236999511719
mp-aaaaabdn,43.83300018310547,52.234317779541016
mp-aaabmhvi,210.4600067138672,217.8203125
mp-aaaaaxix,124.70999908447266,112.04010772705078
mp-aaabkrop,4.673999786376953,21.73564910888672
mp-aaaabegd,55.790000915527344,65.18296813964844
mp-aaaabfna,53.665000915527344,37.494354248046875
mp-aaaabbkb,35.573001861572266,33.02821350097656
mp-aaabxhii,40.63399887084961,45.40398406982422
mp-aaaaaylm,109.95999908447266,102.07191467285156
mp-aaaaadhd,184.90199279785156,213.91000366210938
mp-aaaabrfl,31.667999267578125,41.98823547363281
mp-aaabxjwb,143.0989990234375,116.28223419189453
mp-aaaaablp,54.55699920654297,44.40940856933594
mp-aaabxiss,77.31400299072266,68.68785858154297
mp-aaabxdrb,2.9000000953674316,15.709770202636719
mp-aaaaaemf,38.00400161743164,69.0753173828125
mp-aaaaaipx,82.88200378417969,100.17205810546875
mp-aaacfzuh,36.1619987487793,38.45134735107422
mp-aaaaaquh,56.96900177001953,68.14942932128906
mp-aaabetsr,9.465999603271484,12.020744323730469
mp-aaabfcsd,174.66099548339844,154.15139770507812
mp-aaaaahpa,28.35300064086914,47.556793212890625
mp-aaabxgyr,188.64599609375,194.34475708007812
mp-aaacesyh,73.06400299072266,74.68319702148438
mp-aaabxdai,47.54499816894531,36.92594909667969
mp-aaaaatax,138.38800048828125,76.39450073242188
mp-aaabqxxo,50.895999908447266,55.82731628417969
mp-aaaacaga,9.227999687194824,94.87283325195312
mp-aaacfycn,160.26100158691406,144.52093505859375
mp-aaaaacnh,163.1529998779297,145.4134063720703
mp-aaaaagiq,148.13400268554688,99.76636505126953
mp-aaacdrzb,39.02000045776367,4.029304504394531
mp-aaaabbbk,63.040000915527344,100.7758560180664
mp-aaabgkec,93.5479965209961,89.34458923339844
mp-aaaabdrs,74.2229995727539,76.7382583618164
mp-aaaaabfy,171.70399475097656,172.77655029296875
mp-aaabxaqs,134.07000732421875,127.62229919433594
mp-aaacdjgz,69.96800231933594,69.1360855102539
mp-aaabgjbs,16.051000595092773,50.46232604980469
mp-aaacfggn,51.38800048828125,57.716800689697266
mp-aaaaatjo,111.94000244140625,94.3663330078125
mp-aaaaaqgt,96.43900299072266,81.18647766113281
mp-aaacdoey,15.359999656677246,-15.442184448242188
mp-aaabxjcm,82.45099639892578,70.55618286132812
mp-aaaaazwj,148.8300018310547,137.17190551757812
mp-aaaaaifg,182.0229949951172,105.09469604492188
mp-aaaaaaab,1.9739999771118164,-3.1549453735351562
mp-aaabxiwi,377.0140075683594,343.3948059082031
mp-aaabqznx,130.32899475097656,121.92192840576172
mp-aaabxgdd,89.93800354003906,100.83422088623047
mp-aaabgjze,36.97100067138672,32.64305114746094
mp-aaabqylj,146.35299682617188,106.83067321777344
mp-aaaabilk,0.5569999814033508,63.97364807128906
mp-aaaabfcw,116.00199890136719,97.16815948486328
mp-aaaabihx,0.8059999942779541,5.025016784667969
mp-aaabgnqm,10.440999984741211,25.31090545654297
mp-aaaaaosy,188.49099731445312,159.27682495117188
mp-aaaabijq,54.948001861572266,68.96766662597656
mp-aaaaadnd,97.5770034790039,99.61461639404297
mp-aaaaapxs,83.65399932861328,135.48570251464844
mp-aaacfyag,177.2989959716797,171.453369140625
mp-aaaaahml,30.500999450683594,36.47779846191406
mp-aaaaafaf,103.81099700927734,68.46298217773438
mp-aaacppoz,21.447999954223633,5.846809387207031
mp-aaaaaqbg,100.20500183105469,56.73735809326172
mp-aaabqxwp,150.9810028076172,139.16294860839844
mp-aaaaarbv,111.23699951171875,96.49513244628906
mp-aaaabepq,55.237998962402344,47.409454345703125
mp-aaaaadtu,208.03700256347656,106.08628845214844
mp-aaaabojw,114.23100280761719,111.63681030273438
mp-aaaaafoe,156.0,138.90658569335938
mp-aaaaajol,88.95899963378906,81.8341293334961
mp-aaabgltr,19.84000015258789,31.969863891601562
mp-aaaaadst,231.8509979248047,245.880615234375
mp-aaabxfqy,165.0850067138672,147.96542358398438
mp-aaabftck,128.9980010986328,88.27021026611328
mp-aaabjydn,105.79499816894531,103.42899322509766
mp-aaaaachb,85.8290023803711,100.1220474243164
mp-aaacfkbq,120.07499694824219,134.99581909179688
mp-aaaaaelh,181.30499267578125,159.69467163085938
mp-aaaaabxr,55.358001708984375,48.549625396728516
mp-aaacfluz,55.027000427246094,64.7513427734375
mp-aaaabtnk,30.336000442504883,28.94493865966797
mp-aaaaafhw,114.65599822998047,100.59220123291016
mp-aaacdimp,65.87200164794922,65.18260955810547
mp-aaaaaifu,21.527000427246094,84.84823608398438
mp-aaaaafpc,31.35300064086914,23.646400451660156
mp-aaabxgzk,83.82099914550781,59.8921012878418
mp-aaacfkux,43.41600036621094,96.2148208618164
mp-aaabxcgx,53.986000061035156,48.64511489868164
mp-aaaaaajf,33.07899856567383,19.985092163085938
mp-aaaaatff,185.30999755859375,119.43012237548828
mp-aaabrgwh,120.18699645996094,72.30778503417969
mp-aaaaaait,104.9280014038086,94.72521209716797
mp-aaacgiph,203.23899841308594,187.74627685546875
mp-aaaacboc,20.51799964904785,109.98950958251953
mp-aaacdkqt,49.12200164794922,60.28524398803711
mp-aaacdsvz,40.891998291015625,25.351898193359375
mp-aaaaaagp,217.12899780273438,227.19329833984375
mp-aaaaaabq,195.55499267578125,178.22390747070312
mp-aaaaalmx,46.79499816894531,52.40803146362305
mp-aaabxgyi,102.51300048828125,101.12015533447266
mp-aaabxcgn,30.833999633789062,38.291015625
mp-aaaaaakv,93.6760025024414,66.46497344970703
mp-aaaaaemd,26.73699951171875,15.772727966308594
mp-aaaaatmz,125.29100036621094,111.73772430419922
mp-aaaaaqup,87.2490005493164,98.63053894042969
mp-aaabglnr,22.344999313354492,5.333122253417969
mp-aaaaaibj,161.14199829101562,173.0476837158203
mp-aaacdizo,82.60199737548828,83.38356018066406
mp-aaaaarcc,153.552001953125,137.1707763671875
mp-aaaaafoy,14.515000343322754,48.552486419677734
mp-aaacfzbw,38.262001037597656,34.3216552734375
mp-aaacgilz,216.19900512695312,220.82870483398438
mp-aaaceqef,4.86899995803833,82.32786560058594
mp-aaaaabgb,93.61299896240234,58.55299758911133
mp-aaaaapwc,203.9320068359375,178.0006561279297
mp-aaaaassp,113.11599731445312,119.81291961669922
mp-aaacezzz,125.06400299072266,197.45835876464844
mp-aaaabrmx,8.70199966430664,13.052154541015625
mp-aaaaakib,124.70500183105469,114.4957046508789
mp-aaabxiul,39.9379997253418,53.380611419677734
mp-aaaaaodo,49.80699920654297,52.43582534790039
mp-aaabxfby,161.83799743652344,158.33755493164062
mp-aaaaadlq,68.47899627685547,47.330284118652344
mp-aaacdknh,76.65599822998047,121.31952667236328
mp-aaacdjqb,199.46600341796875,144.71859741210938
mp-aaacdkie,191.1060028076172,225.6865234375
mp-aaaaaydm,103.20500183105469,127.90449523925781
mp-aaaaaiab,132.79200744628906,100.04866027832031
mp-aaabseen,123.89600372314453,144.9522705078125
mp-aaaaadgv,102.59200286865234,100.85746002197266
mp-aaadjmyx,28.20199966430664,71.25869750976562
mp-aaabxaqa,172.0,151.67393493652344
mp-aaaabikq,16.076000213623047,-0.523651123046875
mp-aaacfybz,13.47700023651123,31.41375732421875
mp-aaabgiuw,56.090999603271484,69.7194595336914
mp-aaabxhie,125.71600341796875,124.77496337890625
mp-aaacdhtq,65.0459976196289,62.91509246826172
mp-aaaabtyu,14.12600040435791,85.5262451171875
mp-aaaaaepi,39.91400146484375,49.4738883972168
mp-aaabgiln,81.43099975585938,73.7728500366211
mp-aaacgpja,108.7979965209961,117.15372467041016
mp-aaafdnwp,47.92300033569336,52.651493072509766
mp-aaacfyym,59.57899856567383,53.916080474853516
mp-aaacfkby,197.2310028076172,177.65904235839844
mp-aaaabpus,196.97799682617188,170.36245727539062
mp-aaaaaooc,155.36599731445312,182.73849487304688
mp-aaaacbzc,120.0719985961914,128.0785675048828
mp-aaabfxud,120.97799682617188,99.38755798339844
mp-aaacdrym,58.62799835205078,49.224239349365234
mp-aaaabsqw,122.37300109863281,132.19046020507812
mp-aaaaapul,40.32500076293945,54.76631164550781
mp-aaaaaeyr,72.96900177001953,67.28829956054688
mp-aaabxgty,124.56099700927734,136.0011444091797
mp-aaabxezy,44.880001068115234,49.50533676147461
mp-aaabhdmm,201.29299926757812,160.6870880126953
mp-aaacdrmg,232.0709991455078,164.73764038085938
mp-aaaaaeeb,16.11400032043457,19.446632385253906
mp-aaaaarnc,1.972000002861023,-53.63629150390625
mp-aaaaabeu,175.0070037841797,153.0601043701172
mp-aaaaahrc,127.0979995727539,117.99419403076172
mp-aaaaaamw,101.19100189208984,107.95133209228516
mp-aaacdsea,146.40499877929688,80.6231689453125
mp-aaaaapvo,168.2899932861328,118.5992202758789
mp-aaaaafgr,27.320999145507812,27.04853057861328
mp-aaabxgwu,126.8740005493164,81.1856918334961
mp-aaabxiwv,59.77899932861328,59.532745361328125
mp-aaaaapci,138.58299255371094,79.5091323852539
mp-aaaaaicn,50.49100112915039,47.086395263671875
mp-aaaaaqzs,191.23800659179688,186.13479614257812
mp-aaacdrmj,203.4199981689453,138.96043395996094
mp-aaaaatcm,61.14099884033203,67.85299682617188
mp-aaaaaqzk,137.7969970703125,242.85267639160156
mp-aaacdtut,33.68299865722656,33.909324645996094
mp-aaacgixr,97.54900360107422,112.73455047607422
mp-aaabxcbr,43.83000183105469,39.415008544921875
mp-aaabxfqm,174.55099487304688,154.80392456054688
mp-aaaaamzk,218.17999267578125,220.78909301757812
mp-aaaaakoz,33.24700164794922,58.864566802978516
mp-aaabxfgd,41.91999816894531,57.545677185058594
mp-aaaaaork,209.15899658203125,178.352294921875
mp-aaaaaozb,255.3939971923828,504.7709045410156
mp-aaaaalet,148.28599548339844,145.4975128173828
mp-aaaaaett,114.33399963378906,87.50379943847656
mp-aaacezzu,218.2030029296875,220.47882080078125
mp-aaaabiks,53.42599868774414,84.82077026367188
mp-aaabjykr,84.22799682617188,114.1580810546875
mp-aaaaadyj,44.14500045776367,49.28446578979492
mp-aaaabfuo,77.98200225830078,85.81497192382812
mp-aaacfyxc,41.257999420166016,30.1746826171875
mp-aaacgivq,49.14899826049805,82.0509262084961
mp-aaacdhli,152.5019989013672,164.1034393310547
mp-aaabgkda,278.72900390625,304.68292236328125
mp-aaacewcj,152.94000244140625,202.34576416015625
mp-aaaaaggs,97.30899810791016,82.10873413085938
mp-aaaabunu,176.10299682617188,199.414794921875
mp-aaabxfac,163.5709991455078,168.15370178222656
mp-aaaaafxy,58.04199981689453,58.18038558959961
mp-aaacdiek,130.2779998779297,101.30432891845703
mp-aaaflpdr,201.37100219726562,189.98854064941406
mp-aaaabsyd,73.51399993896484,74.63815307617188
mp-aaaaacht,149.4550018310547,155.97979736328125
mp-aaaabdii,49.520999908447266,85.0567626953125
mp-aaaabekf,71.50599670410156,73.96390533447266
mp-aaaacena,141.67599487304688,121.70600128173828
mp-aaabxcjo,118.04299926757812,140.44764709472656
mp-aaacfloh,94.43399810791016,140.73046875
mp-aaabghce,122.77200317382812,103.3823471069336
mp-aaaabdkm,102.66400146484375,106.06477355957031
mp-aaaabepo,31.768999099731445,93.13497161865234
mp-aaaaapxm,41.224998474121094,27.04821014404297
mp-aaabxfnp,200.87399291992188,167.59588623046875
mp-aaachdho,22.910999298095703,44.32850646972656
mp-aaaaadkn,125.54499816894531,125.66471099853516
mp-aaaaafnp,24.832000732421875,39.67985534667969
mp-aaacdpji,9.907999992370605,-6.977836608886719
mp-aaabxgya,268.2799987792969,244.32369995117188
mp-aaaaafac,215.10800170898438,128.30502319335938
mp-aaaaamvt,14.309000015258789,34.15257263183594
mp-aaaaaktj,79.36199951171875,68.62788391113281
mp-aaaaaqfx,83.53700256347656,120.0101318359375
mp-aaabxcbl,33.104000091552734,17.531776428222656
mp-aaaabugz,71.39600372314453,87.69561004638672
mp-aaaaasjm,36.13600158691406,42.426719665527344
mp-aaabxfhb,56.08399963378906,159.104248046875
mp-aaabxfgj,25.992000579833984,26.510353088378906
mp-aaaaanss,15.491000175476074,30.363998413085938
mp-aaaaabhr,236.68899536132812,222.27792358398438
mp-aaaaamnu,84.29299926757812,62.28950500488281
mp-aaabkrrx,49.08399963378906,91.96814727783203
mp-aaaabecm,175.9080047607422,189.9671630859375
mp-aaacezyi,178.42999267578125,165.43353271484375
mp-aaacdlth,68.07099914550781,64.82853698730469
mp-aaaaacux,231.52099609375,231.41012573242188
mp-aaacfjwa,89.64399719238281,95.15202331542969
mp-aaaaakws,67.91100311279297,62.52156066894531
mp-aaafhwgd,0.2029999941587448,90.8210678100586
mp-aaaabtmg,242.5189971923828,233.4596710205078
mp-aaaabify,46.55500030517578,63.6867561340332
mp-aaaaakfr,38.38199996948242,43.53614807128906
mp-aaaabons,17.2450008392334,108.78691864013672
mp-aaabmkon,187.68899536132812,123.01183319091797
mp-aaaaaoem,24.33300018310547,1.4957351684570312
mp-aaabxgzd,230.96600341796875,249.7209930419922
mp-aaabxfay,67.46600341796875,62.47343826293945
mp-aaaaaafb,93.83100128173828,99.68409729003906
mp-aaacdmjc,3.569999933242798,13.018798828125
mp-aaaaacin,82.36900329589844,92.36162567138672
mp-aaaaafsg,125.81900024414062,115.29888916015625
mp-aaacdhnc,108.87300109863281,183.6944580078125
mp-aaabjyfx,182.0189971923828,183.28244018554688
mp-aaaaamsc,133.04200744628906,122.87850952148438
mp-aaaaabut,183.19000244140625,154.74563598632812
mp-aaacgfng,19.094999313354492,44.00572204589844
mp-aaacdjfs,29.594999313354492,19.313278198242188
mp-aaaaabsy,11.77299976348877,41.97723388671875
mp-aaabfwyg,85.08999633789062,65.56620788574219
mp-aaabqwpf,212.13299560546875,138.79110717773438
mp-aaabxhbh,218.53500366210938,222.5523681640625
mp-aaaaaqvz,100.60800170898438,84.73149108886719
mp-aaaaatke,156.92599487304688,87.92079162597656
mp-aaabxiyi,374.53900146484375,324.97222900390625
mp-aaaaaepk,100.3239974975586,134.52769470214844
mp-aaaaahxj,14.557999610900879,21.714492797851562
mp-aaabfmne,29.966999053955078,79.44827270507812
mp-aaaaartv,104.87200164794922,66.23224639892578
mp-aaacdxqx,136.0,124.83207702636719
mp-aaaaacbk,154.12899780273438,140.17013549804688
mp-aaaabfbf,63.2599983215332,72.2835464477539
mp-aaaaakyq,39.29100036621094,65.07762145996094
mp-aaabxfwf,167.47000122070312,158.88629150390625
mp-aaaaakse,20.094999313354492,53.897010803222656
mp-aaacfkst,60.542999267578125,56.82343673706055
mp-aaaaabof,124.06300354003906,90.91511535644531
mp-aaabgjym,7.644000053405762,62.75259017944336
mp-aaacewcu,81.33699798583984,88.74816131591797
mp-aaafjsiw,5.51200008392334,117.97833251953125
mp-aaaaakur,18.663000106811523,17.7490234375
mp-aaacfaph,159.26600646972656,177.49819946289062
mp-aaaabjea,63.51499938964844,78.6391830444336
mp-aaabghrg,237.27499389648438,243.0159912109375
mp-aaacfaac,238.79400634765625,302.27911376953125
mp-aaacewaf,201.8300018310547,163.21897888183594
mp-aaaaabku,141.24400329589844,105.33088684082031
mp-aaacfyyk,75.13600158691406,62.93843078613281
mp-aaaaacsb,23.20800018310547,64.60948944091797
mp-aaaaajvy,23.03499984741211,25.702682495117188
mp-aaaaarwh,126.89700317382812,117.92713165283203
mp-aaabfzng,16.69099998474121,76.60655212402344
mp-aaaaboyz,14.902000427246094,-2.4193115234375
mp-aaaaairt,112.39900207519531,89.60617065429688
mp-aaaabhfd,121.85900115966797,103.45372772216797
mp-aaaaabxz,206.10800170898438,188.26815795898438
mp-aaafdwji,42.6879997253418,138.24806213378906
mp-aaaabiuw,16.231000900268555,50.21452331542969
mp-aaaabqjt,107.26399993896484,86.71612548828125
mp-aaabxgyq,45.61399841308594,46.64539337158203
mp-aaacdvnu,35.777000427246094,41.261802673339844
mp-aaaaabiv,102.11199951171875,108.48086547851562
mp-aaaaamhr,104.41699981689453,71.83981323242188
mp-aaabxcnu,39.83599853515625,25.00739288330078
mp-aaabevnx,10.751999855041504,34.80299377441406
mp-aaaabhxd,6.868000030517578,78.84349060058594
mp-aaabfqvy,100.27100372314453,82.87107849121094
mp-aaaaaiub,30.04599952697754,47.709388732910156
mp-aaaaabaa,46.69499969482422,59.38095474243164
mp-aaacfiyr,251.4239959716797,298.1353759765625
mp-aaabxgwl,48.60900115966797,62.94491958618164
mp-aaaaaozz,83.17900085449219,89.48393249511719
mp-aaabxftw,132.4320068359375,60.028594970703125
mp-aaacdiqy,63.29399871826172,57.16025161743164
mp-aaabgjth,5.123000144958496,34.72058868408203
mp-aaaaacqz,105.4520034790039,91.66041564941406
mp-aaaaaiil,114.05899810791016,106.1496810913086
mp-aaacfydg,88.25,100.33146667480469
mp-aaabfpsn,86.6969985961914,76.27423858642578
mp-aaaabhml,246.42999267578125,221.97776794433594
mp-aaaaapva,40.1349983215332,42.890953063964844
mp-aaabxbbh,54.29600143432617,40.224281311035156
mp-aaacjlcf,145.30799865722656,189.7225341796875
mp-aaaabirf,8.359000205993652,25.58293914794922
mp-aaaaasif,96.9520034790039,86.82891082763672
mp-aaaaarud,55.67599868774414,41.34101867675781
mp-aaaaairc,146.21200561523438,180.36334228515625
mp-aaaaaaei,41.71699905395508,-9.781829833984375
mp-aaabhcnj,122.34700012207031,96.34188079833984
mp-aaaaafki,112.62799835205078,106.45458984375
mp-aaaaakji,104.14099884033203,131.88619995117188
mp-aaaceall,286.2170104980469,238.02175903320312
mp-aaaaabca,50.698001861572266,57.80961990356445
mp-aaabjyhe,65.0459976196289,94.59019470214844
mp-aaaaacmt,15.157999992370605,35.26954650878906
mp-aaabxhiz,47.3380012512207,57.14949035644531
mp-aaaabewk,109.41100311279297,65.78466796875
mp-aaaaaqzq,337.00299072265625,288.6440124511719
mp-aaabxcdm,141.6699981689453,120.82899475097656
mp-aaaabikd,5.309000015258789,29.72582244873047
mp-aaaaanpu,112.91600036621094,103.56237030029297
mp-aaabgjlz,144.93600463867188,124.56927490234375
mp-aaaaalil,50.29600143432617,61.98597717285156
mp-aaaaalfq,17.990999221801758,9.779243469238281
mp-aaacgioz,142.79600524902344,128.8848876953125
mp-aaaabxhq,46.75400161743164,36.652557373046875
mp-aaacgpix,148.8780059814453,178.79586791992188
mp-aaaabtpf,102.66999816894531,93.12039184570312
mp-aaabkpir,13.62399959564209,34.549034118652344
mp-aaacfhmc,33.29800033569336,74.32262420654297
mp-aaabftjq,83.66300201416016,117.32958984375
mp-aaaaabiz,7.51800012588501,9.7562255859375
mp-aaaaaewh,40.207000732421875,85.27056884765625
mp-aaaaaool,49.40599822998047,53.68681335449219
mp-aaabxhjn,42.483001708984375,40.8001708984375
mp-aaabyhvh,21.59600067138672,56.49619674682617
mp-aaachdeh,18.586000442504883,46.58159637451172
mp-aaaaaddl,157.95199584960938,162.74853515625
mp-aaaaayne,49.54499816894531,53.2949333190918
mp-aaacfrop,26.621000289916992,37.391845703125
mp-aaaaahfo,14.23900032043457,13.151679992675781
mp-aaacevdw,159.1959991455078,97.55413055419922
mp-aaacflmn,101.0260009765625,126.5927734375
mp-aaackyjk,362.15899658203125,319.02716064453125
mp-aaacqgqk,138.93699645996094,155.96029663085938
mp-aaacdrmn,99.01200103759766,104.48493194580078
mp-aaabmglu,90.43099975585938,104.91624450683594
mp-aaacdjeq,81.23100280761719,74.14803314208984
mp-aaaaaxsr,75.3219985961914,75.28086853027344
mp-aaaaavcg,197.94900512695312,168.90896606445312
mp-aaabxfit,202.13299560546875,164.76165771484375
mp-aaacdplh,113.18599700927734,94.0458984375
mp-aaaabhmg,6.232999801635742,42.10674285888672
mp-aaaabfil,192.99899291992188,162.50210571289062
mp-aaacfrpc,18.40399932861328,28.24791717529297
mp-aaaaagrw,103.37999725341797,90.24736785888672
mp-aaaaasnv,21.093000411987305,72.95783996582031
mp-aaabnrgo,75.60299682617188,45.303321838378906
mp-aaaabigy,16.96500015258789,34.630126953125
mp-aaaaaghf,154.8419952392578,154.94480895996094
mp-aaaaapaw,58.11800003051758,69.5703353881836
mp-aaaaaeex,168.06900024414062,175.18563842773438
mp-aaaaabwe,118.37999725341797,80.28695678710938
mp-aaabitsv,11.293999671936035,-60.28193664550781
mp-aaaaamsv,32.68299865722656,77.93907165527344
mp-aaaaamui,102.54900360107422,101.14972686767578
mp-aaageyou,34.5359992980957,32.59407043457031
mp-aaaabszp,107.7959976196289,106.42076110839844
mp-aaabgmwk,225.58299255371094,199.40536499023438
mp-aaaaapwy,12.543999671936035,37.973121643066406
mp-aaaaaodx,39.78200149536133,38.38660430908203
mp-aaabfwsh,56.96099853515625,66.65379333496094
mp-aaabrspq,147.01499938964844,139.2624969482422
mp-aaabxhkm,51.029998779296875,32.835899353027344
mp-aaacimmv,13.649999618530273,15.711540222167969
mp-aaabetge,43.44499969482422,83.80387115478516
mp-aaabctbv,83.81199645996094,130.51715087890625
mp-aaabxizw,212.177001953125,192.5240020751953
mp-aaaaanal,22.38800048828125,13.822410583496094
mp-aaaaaqdr,111.88300323486328,105.00234985351562
mp-aaabxbaf,82.61299896240234,81.1786880493164
mp-aaaabtkg,110.80799865722656,71.63284301757812
mp-aaaaaedz,90.55899810791016,78.09781646728516
mp-aaaaacfx,43.26300048828125,47.324241638183594
mp-aaabxflo,73.06099700927734,72.67855072021484
mp-aaaaaled,64.6969985961914,65.94607543945312
mp-aaabxfla,180.43499755859375,183.9150390625
mp-aaaaacod,158.70399475097656,119.1893310546875
mp-aaabqwwv,188.0240020751953,120.23167419433594
mp-aaaaadxw,13.237000465393066,124.79143524169922
mp-aaacfkyh,42.172000885009766,31.83648681640625
mp-aaabxcrd,105.61100006103516,80.96965789794922
mp-aaaaajjk,52.50299835205078,57.90397644042969
mp-aaabqyvo,23.55500030517578,37.21649169921875
mp-aaabghli,167.76600646972656,170.66183471679688
mp-aaaaacby,110.16999816894531,99.91622161865234
mp-aaaaaqzf,76.84200286865234,55.61042022705078
mp-aaaabhwg,71.50800323486328,92.49246978759766
mp-aaaaaiqd,176.47799682617188,136.18826293945312
mp-aaaabsxw,80.24800109863281,91.34837341308594
mp-aaacrhsv,296.6759948730469,282.0704345703125
mp-aaabgiws,93.55400085449219,82.56375885009766
mp-aaaaabkp,144.07899475097656,128.57363891601562
mp-aaaaabif,300.7099914550781,268.49200439453125
mp-aaaaakio,204.56700134277344,225.5426025390625
mp-aaacdtqx,20.614999771118164,29.627044677734375
mp-aaaabtqj,160.4320068359375,156.92962646484375
mp-aaabmkro,20.04800033569336,59.5264892578125
mp-aaabxjbo,57.96699905395508,69.31834411621094
mp-aaabgnmx,12.513999938964844,59.40550231933594
mp-aaabxgcv,2.7360000610351562,12.839645385742188
mp-aaabqzex,99.10099792480469,93.45106506347656
mp-aaaaboov,41.7599983215332,55.72637176513672
mp-aaacdpxh,243.88400268554688,207.72254943847656
mp-aaacdqwu,41.58300018310547,66.84526062011719
mp-aaabxgrp,35.36000061035156,25.48438262939453
mp-aaabghox,213.18800354003906,120.16203308105469
mp-aaacdnrc,203.98800659179688,199.4379425048828
mp-aaaabsmk,139.81300354003906,125.10372924804688
mp-aaabxhan,218.97900390625,150.31784057617188
mp-aaaaakjj,110.052001953125,84.74502563476562
mp-aaaaapjy,150.21099853515625,154.99876403808594
mp-aaabsgan,160.3520050048828,123.119140625
mp-aaaaalgf,20.516000747680664,22.491973876953125
mp-aaabfqpn,113.77999877929688,100.04655456542969
mp-aaaaaitq,180.0290069580078,134.01654052734375
mp-aaaabslr,117.06700134277344,99.43872833251953
mp-aaacdokd,16.677000045776367,1.08477783203125
mp-aaaabjuw,81.27200317382812,82.93963623046875
mp-aaaabtqe,154.55299377441406,144.4134521484375
mp-aaabxfuw,182.40899658203125,182.42910766601562
mp-aaaaaxfj,30.740999221801758,8.52056884765625
mp-aaabiumk,435.5570068359375,358.96307373046875
mp-aaabrdwd,170.46499633789062,170.1976318359375
mp-aaacfzgo,86.81600189208984,99.49944305419922
mp-aaabgkms,137.14100646972656,128.34800720214844
mp-aaaaalbp,81.74700164794922,84.43043518066406
mp-aaacdymo,65.04900360107422,93.33211517333984
mp-aaabgmtp,117.9209976196289,108.48169708251953
mp-aaabglnx,21.66200065612793,31.556236267089844
mp-aaabxgof,203.45899963378906,175.98875427246094
mp-aaabfxhc,69.08000183105469,63.511444091796875
mp-aaabghxj,157.9810028076172,161.9851837158203
mp-aaacdvzv,83.0469970703125,61.38458251953125
mp-aaaaaumv,170.07899475097656,129.78314208984375
mp-aaaaaqyz,42.840999603271484,50.85393524169922
mp-aaabfyqp,139.13099670410156,122.20278930664062
mp-aaacdsib,57.9109992980957,57.928245544433594
mp-aaaabiky,15.100000381469727,7.1107635498046875
mp-aaacevrf,141.48399353027344,172.29397583007812
mp-aaabxffw,30.52400016784668,40.271697998046875
mp-aaaaansi,31.246000289916992,36.44581604003906
mp-aaacqfhu,27.638999938964844,40.17607879638672
mp-aaacfkku,111.27100372314453,113.76629638671875
mp-aaabghle,68.83999633789062,65.93128967285156
mp-aaaabefu,40.95000076293945,101.04728698730469
mp-aaafkmaw,62.75899887084961,71.2399673461914
mp-aaaaarbi,155.2530059814453,143.3239288330078
mp-aaacfapi,33.229000091552734,85.80052185058594
mp-aaadaxfe,107.76899719238281,85.31599426269531
mp-aaacdnrd,187.1820068359375,129.2935333251953
mp-aaacfzgh,77.22899627685547,104.63347625732422
mp-aaaaamfn,19.54800033569336,31.79736328125
mp-aaabkphe,9.348999977111816,-38.46263122558594
mp-aaaaaqyb,116.62999725341797,103.70525360107422
mp-aaabeuyz,12.437999725341797,50.65147018432617
mp-aaaaactw,146.9969940185547,158.16201782226562
mp-aaabqxah,233.92599487304688,174.08514404296875
mp-aaabgjti,36.73099899291992,39.75739288330078
mp-aaabxapd,69.27300262451172,56.31641387939453
mp-aaacginn,133.26499938964844,152.51434326171875
mp-aaaaamle,66.10700225830078,38.95561218261719
mp-aaaabpjw,24.347999572753906,17.839752197265625
mp-aaacgivd,118.47699737548828,134.18524169921875
mp-aaabiyym,91.13500213623047,81.59375
mp-aaaaaiav,170.18800354003906,212.44912719726562
mp-aaaaahzo,174.53500366210938,141.09996032714844
mp-aaabxjuw,149.0399932861328,136.0990447998047
mp-aaabxgko,224.32899475097656,193.17298889160156
mp-aaacfjwd,92.99700164794922,88.43401336669922
mp-aaabkkwf,43.78300094604492,82.36405181884766
mp-aaaabhqh,235.9709930419922,122.38070678710938
mp-aaagdbcg,24.006000518798828,49.61764907836914
mp-aaaaaejj,205.01699829101562,227.4143829345703
mp-aaacehvv,37.625999450683594,32.611846923828125
mp-aaaabpxz,95.28600311279297,80.01664733886719
mp-aaabraex,119.00299835205078,78.3885269165039
mp-aaadjsgw,16.490999221801758,75.58721923828125
mp-aaaaados,60.81399917602539,54.4189567565918
mp-aaaaccnw,122.9469985961914,137.2451171875
mp-aaaabgup,109.4489974975586,96.3110122680664
mp-aaaaatub,36.3129997253418,37.49536895751953
mp-aaaaaifl,65.61900329589844,83.45762634277344
mp-aaaaaxjj,50.020999908447266,39.59600067138672
mp-aaabxgom,243.0919952392578,180.95339965820312
mp-aaaaaleb,43.262001037597656,46.720367431640625
mp-aaabxizi,60.402000427246094,55.359439849853516
mp-aaaaafqg,235.64599609375,240.53201293945312
mp-aaaaafyd,147.12600708007812,108.55812072753906
mp-aaadcxpl,6.171000003814697,53.035804748535156
mp-aaaaager,155.66099548339844,189.18756103515625
mp-aaaaaoxq,83.67400360107422,94.78960418701172
mp-aaacfkas,172.05299377441406,235.60130310058594
mp-aaaaaaqm,38.44499969482422,38.26885986328125
mp-aaaaaouw,33.62699890136719,21.953697204589844
mp-aaaaaajo,248.656005859375,242.3943328857422
mp-aaabxfgk,265.2539978027344,220.57034301757812
mp-aaaaanvf,185.94700622558594,186.69247436523438
mp-aaacfzyd,78.80799865722656,73.37283325195312
mp-aaadbsgu,26.839000701904297,41.435813903808594
mp-aaaaaaih,57.084999084472656,61.46937942504883
mp-aaabqycp,33.57699966430664,74.12676239013672
mp-aaaaaggc,128.8939971923828,168.8002471923828
mp-aaabxhbx,57.9640007019043,47.033485412597656
mp-aaacgiyb,195.61500549316406,196.944091796875
mp-aaaaaicp,136.04400634765625,217.1656951904297
mp-aaabkrca,188.8000030517578,179.81820678710938
mp-aaaaaqbi,79.38700103759766,63.53620147705078
mp-aaaaadln,79.29499816894531,91.95528411865234
mp-aaabgloa,12.883000373840332,75.66747283935547
mp-aaabgmqd,239.81300354003906,215.864990234375
mp-aaacdmfq,3.5309998989105225,39.60736846923828
mp-aaacdoyq,144.36900329589844,138.07904052734375
mp-aaabfheo,110.69999694824219,86.47486877441406
mp-aaabxfoh,106.50299835205078,109.88966369628906
mp-aaabgjfq,29.05299949645996,61.11739730834961
mp-aaaabtge,52.608001708984375,64.28108215332031
mp-aaaabedp,241.09300231933594,223.319091796875
mp-aaabxglm,43.608001708984375,36.15803527832031
mp-aaabgivc,3.86299991607666,38.483116149902344
mp-aaacdjei,59.11800003051758,69.078125
mp-aaaabpkd,6.8470001220703125,7.56219482421875
mp-aaabxfud,23.718000411987305,36.77703094482422
mp-aaaaapju,183.8280029296875,183.66351318359375
mp-aaabqzsi,103.3479995727539,107.84925079345703
mp-aaacigyq,32.60499954223633,26.324378967285156
mp-aaaaalxl,209.70399475097656,225.93051147460938
mp-aaaabshy,12.958999633789062,91.39669799804688
mp-aaaaaorq,16.69499969482422,49.17209243774414
mp-aaabjyfb,32.22100067138672,56.8602294921875
mp-aaaaagrk,89.70999908447266,82.96397399902344
mp-aaaaabgv,151.73599243164062,157.48512268066406
mp-aaabxitf,52.617000579833984,50.771728515625
mp-aaaaayuh,71.73400115966797,60.434940338134766
mp-aaabfcqj,15.769000053405762,51.470542907714844
mp-aaaaaxnj,78.36900329589844,62.832374572753906
mp-aaabfqdk,6.377999782562256,19.197097778320312
mp-aaaaabmg,85.8499984741211,75.42012023925781
mp-aaaaackp,98.31300354003906,117.93777465820312
mp-aaaaaacd,46.694000244140625,51.193687438964844
mp-aaaabfru,59.75,120.77865600585938
mp-aaaaakql,164.6439971923828,144.0479278564453
mp-aaaaatqk,48.59199905395508,46.10862731933594
mp-aaaccsov,107.29100036621094,116.57643127441406
mp-aaaabdog,42.933998107910156,60.46141815185547
mp-aaaccspt,109.47000122070312,132.50698852539062
mp-aaaabkml,108.81400299072266,75.05327606201172
mp-aaacdnuj,22.027999877929688,33.30365753173828
mp-aaacfjlx,187.12600708007812,153.21505737304688
mp-aaacdqbm,203.51199340820312,172.37965393066406
mp-aaaabdri,111.302001953125,112.67135620117188
mp-aaaaahpe,71.11000061035156,88.6103286743164
mp-aaaceipw,246.0570068359375,123.3692398071289
mp-aaabxcpa,65.447998046875,66.28102111816406
mp-aaabfsib,40.935001373291016,61.45523452758789
mp-aaaaacpo,195.9499969482422,209.1736297607422
mp-aaaaadkz,38.91999816894531,33.40374755859375
mp-aaacdreh,38.832000732421875,32.78704833984375
mp-aaabjphf,54.60499954223633,98.16519165039062
mp-aaaabfap,198.8699951171875,166.37420654296875
mp-aaaaapbv,144.36599731445312,175.4873809814453
mp-aaaaadyn,151.33700561523438,165.2180938720703
mp-aaacfxgn,106.78600311279297,98.25407409667969
mp-aaaaafpz,68.8239974975586,71.15711975097656
mp-aaaaapxr,119.46099853515625,139.96282958984375
mp-aaaaaaqr,64.49400329589844,67.45596313476562
mp-aaacdpod,40.64899826049805,45.33952331542969
mp-aaabgibt,90.697998046875,189.52529907226562
mp-aaabnhur,10.776000022888184,36.75501251220703
mp-aaacfrkd,22.20199966430664,18.755599975585938
mp-aaaaactg,14.284000396728516,6.1094512939453125
mp-aaaaavpb,66.68499755859375,49.13504409790039
mp-aaaabfqj,58.108001708984375,106.94234466552734
mp-aaaaabko,64.35600280761719,59.81237030029297
mp-aaabxgrz,72.84600067138672,67.3662109375
mp-aaabxjsx,42.05799865722656,34.63488006591797
mp-aaacdpwp,197.44000244140625,163.57754516601562
mp-aaacdpsw,183.64100646972656,146.53976440429688
mp-aaabgklg,8.690999984741211,30.258209228515625
mp-aaaaabpp,97.0459976196289,122.49015045166016
mp-aaaaatpu,51.6349983215332,61.00343322753906
mp-aaaaallr,56.112998962402344,60.54722213745117
mp-aaaaakrc,70.3489990234375,37.39356994628906
mp-aaacdkjk,41.172000885009766,38.26478576660156
mp-aaaaagwp,105.18299865722656,129.15975952148438
mp-aaaaaacp,54.53300094604492,58.47549057006836
mp-aaageypz,25.33799934387207,32.15248107910156
mp-aaacdikq,14.6899995803833,13.241943359375
mp-aaabgjve,7.645999908447266,-10.918212890625
mp-aaabxgyy,201.23399353027344,173.18820190429688
mp-aaabjyba,85.07499694824219,116.89545440673828
mp-aaaaaaww,134.1580047607422,122.24099731445312
mp-aaaaaqdo,218.9550018310547,175.91378784179688
mp-aaaaaeis,192.5240020751953,111.3534164428711
mp-aaabxjql,113.33300018310547,98.79410552978516
mp-aaaaadvx,39.52899932861328,22.599937438964844
mp-aaabxjxs,93.447998046875,88.04573822021484
mp-aaaaadnf,13.543000221252441,16.3306884765625
mp-aaabdazw,190.77699279785156,162.4677276611328
mp-aaaaamao,93.07599639892578,94.92510223388672
mp-aaacdsgk,20.329999923706055,50.91787338256836
mp-aaacdhrd,96.64099884033203,127.81941223144531
mp-aaaaaarb,65.8010025024414,56.129947662353516
mp-aaaaaakf,323.5639953613281,302.43988037109375
mp-aaaaahze,157.30799865722656,153.83233642578125
mp-aaaaapbh,14.343999862670898,18.20598602294922
mp-aaacdinq,225.05999755859375,138.76300048828125
mp-aaacfyef,259.23699951171875,270.02392578125
mp-aaabgnjn,15.187000274658203,17.709564208984375
mp-aaacfycs,36.14099884033203,63.67069625854492
mp-aaabsdqu,115.53399658203125,77.62027740478516
mp-aaaaadmv,111.8759994506836,121.22467803955078
mp-aaabxfvy,169.50100708007812,148.5895233154297
mp-aaaaaqug,14.696999549865723,10.254737854003906
mp-aaabgjmq,56.12799835205078,43.581695556640625
mp-aaabevks,41.73400115966797,63.25376510620117
mp-aaabxfta,55.10900115966797,45.879905700683594
mp-aaabjxyf,70.06999969482422,111.86739349365234
mp-aaacfkxr,57.94200134277344,53.032814025878906
mp-aaaccspd,54.54499816894531,67.60810852050781
mp-aaadedbm,141.44500732421875,116.59255981445312
mp-aaacflij,313.927001953125,368.6646728515625
mp-aaaaahqw,119.87000274658203,108.09395599365234
mp-aaabxjtk,117.4540023803711,129.42654418945312
mp-aaabgjfp,24.54400062561035,31.95752716064453
mp-aaaaafrn,54.99100112915039,103.52556610107422
mp-aaaaaiow,168.2779998779297,111.5724105834961
mp-aaaaalqx,49.00699996948242,45.074623107910156
mp-aaaaahvk,147.10299682617188,133.9352264404297
mp-aaabfyty,61.73500061035156,40.76991271972656
mp-aaaabqgt,75.0530014038086,60.6660270690918
mp-aaacgfmz,126.20800018310547,124.74896240234375
mp-aaaaabvo,55.86000061035156,54.63336181640625
mp-aaaaadcx,135.61700439453125,133.64553833007812
mp-aaabrauj,137.3769989013672,87.48521423339844
mp-aaabrndo,140.83399963378906,149.0581512451172
mp-aaaaadxo,76.697998046875,73.55921936035156
mp-aaabxjsd,231.9320068359375,200.13162231445312
mp-aaabxiyb,40.97800064086914,27.73328399658203
mp-aaaabujh,143.03599548339844,135.63221740722656
mp-aaabxfyn,205.91299438476562,206.98658752441406
mp-aaabxaqd,29.610000610351562,28.2010498046875
mp-aaaabsmy,62.41299819946289,64.39506530761719
mp-aaabqyhh,114.0469970703125,124.86837005615234
mp-aaaaabdj,147.4340057373047,169.50363159179688
mp-aaaaadzi,33.874000549316406,46.751312255859375
mp-aaaabeyc,147.43099975585938,133.68370056152344
mp-aaabmsxx,125.8290023803711,141.43975830078125
mp-aaaabopy,27.209999084472656,36.21586608886719
mp-aaaabero,31.937000274658203,43.81476593017578
mp-aaaaaoud,222.6529998779297,202.50143432617188
mp-aaaaatvi,101.51300048828125,104.00067901611328
mp-aaaabhal,243.15899658203125,226.1810302734375
mp-aaacflvs,224.63400268554688,222.91880798339844
mp-aaaaaaho,124.12899780273438,127.46713256835938
mp-aaacdhmp,183.7259979248047,169.42318725585938
mp-aaabfvya,28.191999435424805,43.27478790283203
mp-aaaaanjb,113.18299865722656,115.16868591308594
mp-aaacfkfe,67.2020034790039,111.38362121582031
mp-aaaaagfb,84.75700378417969,132.2076416015625
mp-aaaaatmp,60.09400177001953,54.483638763427734
mp-aaabfrxh,8.701000213623047,-1.6656875610351562
mp-aaaaaeky,81.56300354003906,84.28556823730469
mp-aaaabiis,8.65999984741211,59.20001220703125
mp-aaabqxzn,169.3419952392578,125.132080078125
mp-aaaaanqe,279.1239929199219,309.18743896484375
mp-aaaaaotp,268.9909973144531,297.56243896484375
mp-aaaaachp,169.7570037841797,166.30825805664062
mp-aaaabdvi,134.54400634765625,136.82176208496094
mp-aaabxfpq,197.20199584960938,198.72711181640625
mp-aaacdikw,36.32400131225586,34.784576416015625
mp-aaabjxzn,106.27899932861328,122.35466766357422
mp-aaafehfz,12.605999946594238,71.23527526855469
mp-aaaaakdj,73.0719985961914,89.94496154785156
mp-aaaaabrr,197.625,154.23085021972656
mp-aaabxitl,194.2030029296875,200.906982421875
mp-aaabxfow,237.1820068359375,169.93687438964844
mp-aaabxarg,191.9530029296875,201.9727783203125
mp-aaaaacju,176.8520050048828,123.64962005615234
mp-aaabxckb,77.24700164794922,77.76744079589844
mp-aaaaathk,348.4840087890625,315.8931884765625
mp-aaabxjxm,141.57400512695312,152.69451904296875
mp-aaacdhnn,51.45199966430664,76.59269714355469
mp-aaaaalux,23.767000198364258,45.433387756347656
mp-aaaabtqg,170.26800537109375,141.93067932128906
mp-aaacdxys,214.6179962158203,216.45361328125
mp-aaabmyvf,23.552000045776367,-40.625823974609375
mp-aaabxjvo,89.77799987792969,103.58133697509766
mp-aaaaapfo,120.06600189208984,107.99250030517578
mp-aaaaahrm,93.39099884033203,111.0757064819336
mp-aaaabuoa,193.5330047607422,132.63856506347656
mp-aaacdjql,26.316999435424805,41.705894470214844
mp-aaacdllo,342.8580017089844,310.2182922363281
mp-aaacewog,273.4010009765625,259.6248779296875
mp-aaaaawnq,295.0979919433594,313.88836669921875
mp-aaacevuq,109.76799774169922,123.6401596069336
mp-aaacgeom,35.637001037597656,31.431663513183594
mp-aaaabibp,67.46800231933594,85.01679229736328
mp-aaaaaqqd,47.29800033569336,52.76884078979492
mp-aaabghqk,218.7050018310547,206.7056884765625
mp-aaabqwvj,75.03600311279297,70.58444213867188
mp-aaaaacho,37.077999114990234,41.39060974121094
mp-aaaboeuu,27.357999801635742,46.71204376220703
mp-aaabxgzw,59.7599983215332,62.26888656616211
mp-aaabhemg,100.49500274658203,126.99231719970703
mp-aaaabtlp,68.58399963378906,68.44845581054688
mp-aaabxbzg,142.61000061035156,123.21603393554688
mp-aaaaakyg,46.92100143432617,58.16041946411133
mp-aaacdrnj,56.2869987487793,50.86503601074219
mp-aaaabikx,3.319000005722046,89.96874237060547
mp-aaabxclq,-264.6090087890625,72.39617919921875
mp-aaaaapcc,104.7509994506836,126.93868255615234
mp-aaaaahmt,110.08699798583984,112.14933013916016
mp-aaacfybs,49.32899856567383,72.1905517578125
mp-aaabgktw,234.14500427246094,211.7196502685547
mp-aaaaamoi,138.63099670410156,121.31480407714844
mp-aaaabfiv,53.24300003051758,69.75183868408203
mp-aaacewah,196.1060028076172,299.20831298828125
mp-aaaaatsb,41.76499938964844,36.622772216796875
mp-aaacebzc,22.64699935913086,28.69293212890625
mp-aaacdlib,38.23400115966797,17.50763702392578
mp-aaaabiqz,8.081999778747559,26.059715270996094
mp-aaabfwxo,128.177001953125,123.99967956542969
mp-aaabjyfn,55.15800094604492,68.7634048461914
mp-aaabjyad,162.78900146484375,177.8160400390625
mp-aaaaaptp,87.28900146484375,95.45083618164062
mp-aaaaaeal,121.7959976196289,138.6919403076172
mp-aaaaabju,135.36599731445312,78.877685546875
mp-aaabmlqp,79.73899841308594,105.27649688720703
mp-aaaabunr,118.22599792480469,102.05462646484375
mp-aaaaacvj,20.684999465942383,36.40821838378906
mp-aaabqvrn,42.327999114990234,65.40133666992188
mp-aaabxaze,104.19000244140625,101.02906799316406
mp-aaaaaboc,151.3419952392578,153.7837677001953
mp-aaaaarhw,134.968994140625,150.0089874267578
mp-aaacewmk,35.68600082397461,41.27411651611328
mp-aaaaacdr,76.16999816894531,57.87340545654297
mp-aaacfwfo,169.88099670410156,121.0281982421875
mp-aaaaaowy,143.572998046875,122.05573272705078
mp-aaaaacos,59.68299865722656,50.94011306762695
mp-aaabfkeq,17.430999755859375,53.13860321044922
mp-aaachcxa,48.42399978637695,71.96784973144531
mp-aaaaaceq,237.76300048828125,202.1946258544922
mp-aaacfnmv,92.625,99.38206481933594
mp-aaacetty,98.4219970703125,161.05105590820312
mp-aaabqxoj,17.642000198364258,99.8437728881836
mp-aaabewqc,1.9620000123977661,19.14751434326172
mp-aaaaatmq,90.41600036621094,69.3444595336914
mp-aaaaaxtb,172.7949981689453,167.94369506835938
mp-aaaabdho,222.03199768066406,202.50173950195312
mp-aaaaadym,224.43800354003906,180.69284057617188
mp-aaacdobl,19.4950008392334,29.23735809326172
mp-aaafepjt,71.29299926757812,75.00210571289062
mp-aaacfxzs,135.70700073242188,111.27794647216797
mp-aaacgimi,79.76000213623047,85.74468994140625
mp-aaacduhk,72.21600341796875,51.209800720214844
mp-aaabgjnl,87.50199890136719,68.28713989257812
mp-aaaaagjs,74.25499725341797,71.32000732421875
mp-aaaaceax,45.569000244140625,36.534080505371094
mp-aaabxfsh,150.48599243164062,134.7849578857422
mp-aaaabkte,24.062999725341797,52.857208251953125
mp-aaacdrnn,81.39600372314453,84.9137954711914
mp-aaaaaada,69.31900024414062,70.5835189819336
mp-aaacdhpb,21.226999282836914,44.297019958496094
mp-aaacfyzw,77.65699768066406,51.047115325927734
mp-aaaaailf,43.61199951171875,54.408573150634766
mp-aaaaaark,108.35099792480469,119.3169937133789
mp-aaacrfmj,271.8580017089844,293.92352294921875
mp-aaacyhjq,118.95099639892578,152.92648315429688
mp-aaaaaadt,32.209999084472656,24.520286560058594
mp-aaaabhzr,9.583999633789062,-6.919364929199219
mp-aaacfjyo,99.01499938964844,124.51807403564453
mp-aaaabdgy,230.41600036621094,138.888916015625
mp-aaaaasnr,100.06300354003906,121.18074035644531
mp-aaabgkyr,107.03399658203125,81.3165512084961
mp-aaaaaefr,99.68099975585938,123.63383483886719
mp-aaabfojt,24.083999633789062,56.80533218383789
mp-aaacfyae,177.0399932861328,184.6468505859375
mp-aaaaarwt,307.9580078125,328.28887939453125
mp-aaabxfvg,65.86199951171875,59.66958236694336
mp-aaabxhmt,88.94000244140625,84.79212951660156
mp-aaabxjbj,22.509000778198242,25.620323181152344
mp-aaaabtnv,39.51499938964844,41.05132293701172
mp-aaaabtbw,73.55000305175781,122.21427917480469
mp-aaaabfqk,75.39900207519531,96.49058532714844
mp-aaabnhwv,25.075000762939453,24.240066528320312
mp-aaabxhbk,126.93399810791016,116.301025390625
mp-aaacrfnn,295.1289978027344,308.7283935546875
mp-aaaaabte,49.32099914550781,53.31403732299805
mp-aaacdpxq,208.89100646972656,177.82290649414062
mp-aaabghut,203.9669952392578,211.2517547607422
mp-aaaaaact,15.868000030517578,18.483932495117188
mp-aaabxfcf,150.03199768066406,127.37661743164062
mp-aaabxjrs,145.31100463867188,158.29798889160156
mp-aaaabjby,49.55400085449219,62.82556915283203
mp-aaaabfef,108.34100341796875,88.96931457519531
mp-aaaaapwr,129.04400634765625,74.18190002441406
mp-aaabgaqg,53.72800064086914,98.4620361328125
mp-aaacdoyh,67.53700256347656,63.952022552490234
mp-aaacfybw,78.99600219726562,92.46517944335938
mp-aaaaaqtm,142.35499572753906,106.81119537353516
mp-aaaaagaq,143.08999633789062,161.8468780517578
mp-aaaabrzy,166.1199951171875,166.341552734375
mp-aaacpkpn,3.5759999752044678,-39.45732116699219
mp-aaacgost,167.93899536132812,174.4111785888672
mp-aaabqwey,53.81999969482422,64.5377426147461
mp-aaacdppi,21.077999114990234,28.37804412841797
mp-aaaaaayh,251.47799682617188,237.2015838623047
mp-aaabjxyx,86.19999694824219,93.37805938720703
mp-aaaabawt,28.128000259399414,16.98974609375
mp-aaaaabit,180.27000427246094,163.85299682617188
mp-aaacdjvp,38.779998779296875,45.30085754394531
mp-aaaaatmf,160.5540008544922,176.56866455078125
mp-aaaaadum,115.47699737548828,92.40924072265625
mp-aaabmywz,97.12999725341797,140.80149841308594
mp-aaaaacnf,119.54000091552734,144.64724731445312
mp-aaaabpkn,3.927000045776367,93.58067321777344
mp-aaabxiyq,87.13300323486328,102.22750091552734
mp-aaabfrkb,10.831999778747559,10.780593872070312
mp-aaacdncb,139.78700256347656,155.84194946289062
mp-aaacdqus,5.435999870300293,29.446006774902344
mp-aaaaayam,27.61199951171875,36.510223388671875
mp-aaabcufc,141.76699829101562,145.93661499023438
mp-aaaabjsy,86.52200317382812,60.793827056884766
mp-aaaaalsk,100.74500274658203,109.32323455810547
mp-aaabxget,76.38099670410156,75.77098083496094
mp-aaaabtrv,125.54100036621094,133.17491149902344
mp-aaaaaftp,45.44200134277344,65.24652099609375
mp-aaaaagmt,145.8040008544922,77.28953552246094
mp-aaabfpgo,31.44099998474121,62.545692443847656
mp-aaaaafid,174.72799682617188,165.5127716064453
mp-aaaaarxd,63.41400146484375,82.98536682128906
mp-aaaaarbn,229.5070037841797,219.22494506835938
mp-aaacfajp,14.527999877929688,18.185440063476562
mp-aaaaapst,51.79199981689453,47.69647979736328
mp-aaaaaehy,47.11800003051758,62.119327545166016
mp-aaaaastm,113.61000061035156,99.18486022949219
mp-aaabfmrw,21.69099998474121,75.86470031738281
mp-aaacfakz,335.6099853515625,334.45880126953125
mp-aaabgjhv,72.27200317382812,69.52546691894531
mp-aaabxjwv,194.62899780273438,171.279296875
mp-aaaaalro,199.94200134277344,216.46435546875
mp-aaabxbqc,103.84600067138672,109.99559783935547
mp-aaacdlii,23.33799934387207,8.55364990234375
mp-aaabjxxx,142.29600524902344,158.15440368652344
mp-aaabxges,85.69100189208984,76.75898742675781
mp-aaacfybd,185.48199462890625,169.76214599609375
mp-aaabxbce,73.72799682617188,76.73222351074219
mp-aaabxcpi,82.86699676513672,82.02284240722656
mp-aaaftaxl,79.13400268554688,78.42225646972656
mp-aaaaactc,110.7969970703125,51.29779052734375
mp-aaaaafhx,145.66700744628906,182.65914916992188
mp-aaaaadfy,64.04399871826172,60.11299133300781
mp-aaaaatmi,141.6840057373047,133.93719482421875
mp-aaaaanfe,107.99199676513672,90.1500473022461
mp-aaacflvr,312.49700927734375,360.6877746582031
mp-aaaaabuz,184.15699768066406,212.14944458007812
mp-aaaaaosk,57.14400100708008,85.8169174194336
mp-aaaaadbq,127.3270034790039,110.67179107666016
mp-aaaaaaoz,151.1269989013672,146.87005615234375
mp-aaaabhqz,219.19000244140625,180.98350524902344
mp-aaaaafno,179.75,169.38058471679688
mp-aaaaalti,69.48799896240234,74.68881225585938
mp-aaaaapnt,49.73899841308594,84.57333374023438
mp-aaabxfaw,121.9020004272461,110.11005401611328
mp-aaabxguf,201.2100067138672,167.4019775390625
mp-aaabxfvq,167.04400634765625,150.98487854003906
mp-aaaabomi,136.1280059814453,155.98812866210938
mp-aaaaahdk,202.02999877929688,126.07408905029297
mp-aaaaaojs,178.98899841308594,125.28097534179688
mp-aaaabdqo,34.16699981689453,20.951919555664062
mp-aaaaaamb,113.30999755859375,145.60081481933594
mp-aaaabdlg,41.49100112915039,27.15740203857422
mp-aaabxgdc,87.72000122070312,103.70265197753906
mp-aaaabikp,25.96299934387207,31.714797973632812
mp-aaaftbhv,37.70800018310547,44.053253173828125
mp-aaaaahqj,102.34700012207031,110.59516143798828
mp-aaaaabmr,207.4320068359375,198.831298828125
mp-aaaaavaj,23.90399932861328,31.8265380859375
mp-aaabfuac,113.76399993896484,123.4432144165039
mp-aaabghsx,42.779998779296875,66.61598205566406
mp-aaabgnip,35.49300003051758,37.79566192626953
mp-aaacdjfo,29.51799964904785,17.080322265625
mp-aaaaahts,114.29100036621094,102.83038330078125
mp-aaabxiww,24.55500030517578,30.14495086669922
mp-aaackkmp,121.5,143.17965698242188
mp-aaadaeow,128.10499572753906,66.44686889648438
mp-aaabighb,24.14699935913086,70.33283996582031
mp-aaacfyah,102.11299896240234,93.43365478515625
mp-aaaabtom,127.66899871826172,148.52992248535156
mp-aaaabssp,11.0600004196167,9.724197387695312
mp-aaaaadfg,75.81400299072266,96.15227508544922
mp-aaabxapk,44.987998962402344,37.373329162597656
mp-aaaaadax,67.30999755859375,65.90959167480469
mp-aaaabrlz,9.121999740600586,19.999420166015625
mp-aaaaavxv,20.982999801635742,66.78823852539062
mp-aaachdck,38.47100067138672,44.891510009765625
mp-aaaaatms,195.81399536132812,227.00927734375
mp-aaaaalki,60.779998779296875,77.3514404296875
mp-aaacezyj,274.8380126953125,290.20501708984375
mp-aaaaaqsb,59.54800033569336,78.17929077148438
mp-aaabewkx,92.2509994506836,142.71812438964844
mp-aaabxfnc,139.44500732421875,117.27557373046875
mp-aaacctef,25.108999252319336,36.076873779296875
mp-aaaaahaq,124.84300231933594,104.31925964355469
mp-aaaaacdc,144.86199951171875,145.76358032226562
mp-aaaaaeam,150.89700317382812,148.74578857421875
mp-aaaabgxc,22.59600067138672,6.334205627441406
mp-aaacdurv,21.91200065612793,27.864517211914062
mp-aaacdvom,37.53300094604492,40.12714385986328
mp-aaacevve,207.25100708007812,184.40493774414062
mp-aaacehvf,23.368999481201172,20.8514404296875
mp-aaaabfco,75.7490005493164,68.01541137695312
mp-aaacdroq,238.17300415039062,207.07992553710938
mp-aaaaabmt,60.47800064086914,76.36090850830078
mp-aaadbvah,109.73999786376953,159.92271423339844
mp-aaaabeuw,81.02400207519531,88.79298400878906
mp-aaaabpcr,3.7209999561309814,44.433555603027344
mp-aaaaatjm,57.52799987792969,55.977561950683594
mp-aaaaafht,62.71200180053711,92.70602416992188
mp-aaaabecs,153.83399963378906,134.1148681640625
mp-aaaaaexn,161.47799682617188,102.59375
mp-aaaaaeiq,17.851999282836914,59.357540130615234
mp-aaaaahtu,103.85299682617188,107.26823425292969
mp-aaacewmb,181.7899932861328,183.02377319335938
mp-aaacfxzx,68.6240005493164,75.5382080078125
mp-aaacgown,94.16200256347656,124.29071807861328
mp-aaaaatfl,205.88499450683594,160.13665771484375
mp-aaaaaayl,185.0050048828125,178.60296630859375
mp-aaaabuaw,162.11000061035156,126.27139282226562
mp-aaacfwgy,172.61700439453125,126.76606750488281
mp-aaacfywt,99.84100341796875,50.13145446777344
mp-aaaaboqm,81.93900299072266,143.5100555419922
mp-aaaaapxl,47.98500061035156,35.08561706542969
mp-aaaacbjy,104.60900115966797,123.80426788330078
mp-aaaabeno,83.1050033569336,60.72520446777344
mp-aaacdngp,34.92100143432617,28.09515380859375
mp-aaabxgfo,129.13499450683594,73.61302185058594
mp-aaabxczz,37.5620002746582,38.54558563232422
mp-aaaaahav,142.63400268554688,139.71185302734375
mp-aaaaaees,76.76499938964844,65.72954559326172
mp-aaaabewn,66.03500366210938,55.649776458740234
mp-aaacgish,82.77200317382812,46.503089904785156
mp-aaaaaego,151.6300048828125,87.38072204589844
mp-aaaabrdg,158.4290008544922,120.4571304321289
mp-aaacfkmi,108.35700225830078,156.14537048339844
mp-aaacdtpt,59.79600143432617,70.30763244628906
mp-aaabfmmx,6.315999984741211,67.69454956054688
mp-aaaddgxc,147.99200439453125,240.63555908203125
mp-aaabxcjv,172.51600646972656,133.95376586914062
mp-aaaaaehr,135.4510040283203,129.25364685058594
mp-aaaaaden,87.94200134277344,102.68001556396484
mp-aaaaadom,55.930999755859375,51.56214904785156
mp-aaaaakls,147.55999755859375,113.1366195678711
mp-aaaaabev,290.7539978027344,278.84814453125
mp-aaacfydf,81.59100341796875,99.13085174560547
mp-aaaabtmf,54.97800064086914,60.103092193603516
mp-aaabjhpi,108.84200286865234,84.86553192138672
mp-aaabflvt,64.93299865722656,108.48371124267578
mp-aaaabdxx,50.80400085449219,84.66669464111328
mp-aaabcufz,114.36499786376953,145.24362182617188
mp-aaaddkuv,136.4219970703125,213.89218139648438
mp-aaaaahni,61.60300064086914,58.566162109375
mp-aaabgijv,123.66999816894531,147.59368896484375
mp-aaacdvtj,65.21399688720703,58.542545318603516
mp-aaaabohy,11.680000305175781,70.40303039550781
mp-aaaaanxb,86.00199890136719,67.69049072265625
mp-aaaaardd,204.0760040283203,192.44520568847656
mp-aaabikvy,23.857999801635742,81.203857421875
mp-aaackvdw,60.632999420166016,69.93730926513672
mp-aaaabotm,49.81700134277344,72.99592590332031
mp-aaaaaeup,131.9770050048828,128.823974609375
mp-aaaabsqs,101.13800048828125,102.77195739746094
mp-aaaaaaqw,74.37699890136719,57.71433639526367
mp-aaabexcx,111.12300109863281,90.79904174804688
mp-aaacfgna,38.349998474121094,67.61311340332031
mp-aaaaacze,239.08399963378906,209.424560546875
mp-aaaabhrc,80.68299865722656,102.4734878540039
mp-aaaabhvm,54.73899841308594,77.10505676269531
mp-aaaaabjj,65.1259994506836,65.95700073242188
mp-aaabgjeq,198.39500427246094,193.05621337890625
mp-aaacdrog,55.81399917602539,52.355628967285156
mp-aaaaabhp,190.8159942626953,161.1073455810547
mp-aaacdkqj,93.65399932861328,78.29556274414062
mp-aaaacfgh,46.04199981689453,38.228111267089844
mp-aaaabslp,122.9749984741211,147.30262756347656
mp-aaacdzad,68.85600280761719,64.550537109375
mp-aaaaaaeu,87.69200134277344,86.90348815917969
mp-aaaaacia,54.332000732421875,56.0486946105957
mp-aaaaamnc,35.52899932861328,44.072784423828125
mp-aaabevtt,39.85100173950195,87.64685821533203
mp-aaaaarbw,191.19900512695312,159.16358947753906
mp-aaabxbul,123.09600067138672,129.848876953125
mp-aaaaalcj,105.58999633789062,116.54006958007812
mp-aaaaagtb,163.19900512695312,84.12745666503906
mp-aaabxcdd,144.97799682617188,100.36148071289062
mp-aaacevxd,121.62799835205078,129.367431640625
mp-aaacdkmt,57.12799835205078,62.15639114379883
mp-aaacjwtd,201.10499572753906,244.36561584472656
mp-aaabxhbw,65.73600006103516,66.63458251953125
mp-aaacdjfb,116.51499938964844,129.61367797851562
mp-aaaaajou,115.48100280761719,93.94599914550781
mp-aaaabjvi,19.524999618530273,41.75811004638672
mp-aaacdsbh,67.23400115966797,78.6548843383789
mp-aaacgins,96.68499755859375,97.03533935546875
mp-aaabgidl,147.39999389648438,148.8892059326172
mp-aaabxclu,66.30899810791016,52.64476013183594
mp-aaacewni,37.93199920654297,41.983062744140625
mp-aaaabheq,113.2699966430664,77.03060913085938
mp-aaaaalra,64.21299743652344,57.80479049682617
mp-aaaccsoy,157.62899780273438,138.9664306640625
mp-aaacdreb,44.069000244140625,47.9215087890625
mp-aaabxjxc,73.50499725341797,62.79693603515625
mp-aaaaacoc,147.05499267578125,129.54417419433594
mp-aaaaacxt,96.22100067138672,89.24075317382812
mp-aaaaatnv,89.0469970703125,82.05718994140625
mp-aaacewlz,183.54200744628906,177.35421752929688
mp-aaacfrou,17.510000228881836,48.96595764160156
mp-aaaaaoxo,157.76600646972656,140.1724395751953
mp-aaacgovy,122.38500213623047,155.72755432128906
mp-aaacdmkd,5.072999954223633,13.823623657226562
mp-aaaaajvd,18.759000778198242,62.63249206542969
mp-aaacdign,34.9640007019043,24.578468322753906
mp-aaaaabhv,50.17499923706055,51.77200698852539
mp-aaaaadzh,114.74500274658203,103.49321746826172
mp-aaaaadrm,56.560001373291016,82.95365905761719
mp-aaabfofm,137.9080047607422,99.82603454589844
mp-aaaaandz,64.9280014038086,64.89836120605469
mp-aaabjobs,28.58099937438965,40.929473876953125
mp-aaaaabdc,79.49800109863281,78.67542266845703
mp-aaabhakt,111.06999969482422,93.53181457519531
mp-aaabxffk,113.75599670410156,109.1238784790039
mp-aaaabwhl,39.492000579833984,12.134628295898438
mp-aaacdlnu,145.81300354003906,133.14405822753906
mp-aaacdpxz,205.0659942626953,200.32232666015625
mp-aaacgiqk,93.0260009765625,94.74888610839844
mp-aaacdije,261.343994140625,215.50030517578125
mp-aaaabepp,229.21299743652344,233.63021850585938
mp-aaaaalsr,30.482999801635742,62.34281921386719
mp-aaaaabmk,107.58699798583984,107.6368637084961
mp-aaaabdrv,55.84299850463867,100.79105377197266
mp-aaabxdsa,139.16299438476562,133.2901153564453
mp-aaabjxxo,264.4150085449219,322.271240234375
mp-aaachcqp,41.755001068115234,53.530845642089844
mp-aaaabith,10.805999755859375,48.239681243896484
mp-aaaaaqwt,215.39599609375,227.2671661376953
mp-aaabxbqw,113.16100311279297,109.87518310546875
mp-aaabgitp,64.81700134277344,59.00982666015625
mp-aaabfxzz,31.738000869750977,41.449012756347656
mp-aaabxhed,40.01300048828125,40.32975769042969
mp-aaacgimq,66.66899871826172,86.00601959228516
mp-aaacdokc,140.63699340820312,132.25225830078125
mp-aaaaanfv,220.37100219726562,180.00531005859375
mp-aaacfrkb,23.822999954223633,20.210525512695312
mp-aaaaaste,125.30899810791016,122.82332611083984
mp-aaabxfsw,218.70700073242188,189.59423828125
mp-aaaaaokh,10.503000259399414,29.875160217285156
mp-aaabgmfm,48.34700012207031,75.16627502441406
mp-aaagbxij,6.057000160217285,33.93169403076172
mp-aaaaaoyz,242.81399536132812,246.8359375
mp-aaaaarcx,81.14399719238281,81.69924926757812
mp-aaaaaabt,17.224000930786133,16.616050720214844
mp-aaabklft,39.16899871826172,57.062530517578125
mp-aaabxbwu,43.284000396728516,37.910743713378906
mp-aaaaamuf,242.48399353027344,264.64801025390625
mp-aaaaaggy,82.55500030517578,80.3133773803711
mp-aaacehue,22.840999603271484,44.06044006347656
mp-aaaaaawu,215.38699340820312,205.80755615234375
mp-aaaaaapf,102.70500183105469,73.94607543945312
mp-aaacdsqi,120.53299713134766,112.67582702636719
mp-aaaabkdc,126.11100006103516,121.37104034423828
mp-aaaaapcm,55.612998962402344,56.057186126708984
mp-aaaaaorx,121.16600036621094,92.60889434814453
mp-aaaaaifd,156.3350067138672,141.45443725585938
mp-aaabjfrj,91.37200164794922,106.77149963378906
mp-aaacehuy,32.65599822998047,-9.968376159667969
mp-aaaabfto,352.135009765625,292.589111328125
mp-aaabgmnr,98.69100189208984,87.77940368652344
mp-aaaaadgu,53.979000091552734,52.750732421875
mp-aaaaaiix,173.17799377441406,112.21930694580078
mp-aaabxcje,200.71600341796875,131.86813354492188
mp-aaaaandq,76.25,62.940128326416016
mp-aaacdswk,55.051998138427734,55.11652755737305
mp-aaaaaqxr,90.84500122070312,89.31653594970703
mp-aaaabogl,21.759000778198242,34.21604919433594
mp-aaaaaklc,186.36500549316406,144.9589080810547
mp-aaacdjlg,17.143999099731445,29.891746520996094
mp-aaaaamuw,77.83599853515625,133.7478485107422
mp-aaaabtjo,177.1649932861328,176.2741241455078
mp-aaaabszy,114.7249984741211,120.81578063964844
mp-aaaaaebk,215.83299255371094,123.61107635498047
mp-aaaaanhi,94.47599792480469,71.51702880859375
mp-aaaabidx,45.518001556396484,90.78974914550781
mp-aaabjygd,56.71200180053711,89.27812194824219
mp-aaacgirt,171.66299438476562,154.90713500976562
mp-aaacehwd,17.95800018310547,30.4622802734375
mp-aaabghbn,136.7570037841797,203.33482360839844
mp-aaabfctj,10.708999633789062,32.04222106933594
mp-aaaaaoel,27.22100067138672,11.228355407714844
mp-aaabjxxi,75.1449966430664,110.12218475341797
mp-aaaaamdr,193.6719970703125,159.2096710205078
mp-aaabxgfx,74.05799865722656,77.88506317138672
mp-aaacgjos,17.10700035095215,125.88724517822266
mp-aaabxfbr,194.40899658203125,189.75863647460938
mp-aaaabdwp,200.15499877929688,180.45779418945312
mp-aaaaawgx,147.98300170898438,125.5944595336914
mp-aaabftiv,54.15299987792969,97.1768569946289
mp-aaacdaeq,59.233001708984375,57.18238830566406
mp-aaaabuns,99.37200164794922,103.21859741210938
mp-aaacdnuu,40.40599822998047,43.355445861816406
mp-aaaaahzf,133.3209991455078,138.7361297607422
mp-aaabxezx,66.41799926757812,67.9451904296875
mp-aaacdsch,68.0199966430664,67.21788024902344
mp-aaacfvdc,154.32899475097656,199.4630126953125
mp-aaacfklz,58.084999084472656,62.21807861328125
mp-aaaaadzr,128.86300659179688,146.24957275390625
mp-aaacfxzk,44.97100067138672,44.027122497558594
mp-aaacdkhy,70.072998046875,70.88909912109375
mp-aaaaabct,103.14399719238281,103.4985122680664
mp-aaaabseu,50.02799987792969,125.0583267211914
mp-aaabgizt,150.77999877929688,168.83499145507812
mp-aaabcsqr,11.305000305175781,20.721481323242188
mp-aaaaadzu,84.83100128173828,77.0819091796875
mp-aaabxazp,89.78099822998047,100.30027770996094
mp-aaacgjbi,112.12999725341797,115.13481903076172
mp-aaaabdru,4.630000114440918,36.18243408203125
mp-aaabgicu,83.10700225830078,71.37262725830078
mp-aaaaasql,265.2850036621094,244.683349609375
mp-aaabxbaj,160.27999877929688,149.6413116455078
mp-aaabxfas,94.94200134277344,108.37760162353516
mp-aaaaabzt,52.775001525878906,55.85392761230469
mp-aaaaabfo,42.53300094604492,37.59992980957031
mp-aaacfius,89.83000183105469,106.48719787597656
mp-aaacdrya,56.10599899291992,51.10659408569336
mp-aaachhos,6.953999996185303,41.55010986328125
mp-aaacevui,189.5469970703125,168.60940551757812
mp-aaaaaqvn,41.47999954223633,26.313690185546875
mp-aaaaarbc,88.70700073242188,91.56342315673828
mp-aaabxgyf,44.34199905395508,47.47692108154297
mp-aaabxjxp,81.48300170898438,73.91481018066406
mp-aaaaaagm,86.23999786376953,83.95061492919922
mp-aaabxcin,36.49399948120117,1.461639404296875
mp-aaaaawre,34.367000579833984,5.6379852294921875
mp-aaacdocy,24.121999740600586,34.49553680419922
mp-aaaabfus,24.750999450683594,101.6227798461914
mp-aaacdhqj,38.90399932861328,43.3743896484375
mp-aaaabrwv,180.76100158691406,167.19314575195312
mp-aaaaahzm,90.31500244140625,84.31578826904297
mp-aaacdpxy,37.58300018310547,50.79831314086914
mp-aaaaalve,149.03399658203125,74.87687683105469
mp-aaaabdkh,82.18699645996094,104.89083862304688
mp-aaacfiri,192.16799926757812,180.43408203125
mp-aaaabfdg,158.93699645996094,138.95498657226562
mp-aaaabefp,175.2779998779297,90.93089294433594
mp-aaaaayco,194.302001953125,145.44747924804688
mp-aaaabeai,97.58100128173828,108.12808227539062
mp-aaaaamka,60.40399932861328,62.05097198486328
mp-aaacdvcn,122.9489974975586,192.322509765625
mp-aaaccfde,22.663000106811523,33.65779113769531
mp-aaaaacjs,213.1739959716797,146.65182495117188
mp-aaaaagmx,199.28799438476562,161.9153289794922
mp-aaaaaydc,126.40899658203125,114.50971221923828
mp-aaaaarne,81.6709976196289,96.194091796875
mp-aaaaafet,84.39399719238281,141.98831176757812
mp-aaabmlhz,27.308000564575195,36.05773162841797
mp-aaacdkfb,44.85100173950195,74.66394805908203
mp-aaacdvnt,177.10299682617188,177.52630615234375
mp-aaacdsvx,56.229000091552734,54.44919967651367
mp-aaabrhuo,237.8179931640625,247.79209899902344
mp-aaaabgwz,103.6719970703125,55.62186050415039
mp-aaaaamyu,24.635000228881836,15.066505432128906
mp-aaacfris,38.66899871826172,29.161949157714844
mp-aaacdqcs,101.96099853515625,104.05888366699219
mp-aaabxfmm,1.8079999685287476,61.08769989013672
mp-aaaaabhd,140.73199462890625,136.10739135742188
mp-aaaabhvo,102.00199890136719,123.05803680419922
mp-aaacfzen,353.87298583984375,320.8785400390625
mp-aaaabjpq,40.87200164794922,32.21653747558594
mp-aaaaabzb,37.56399917602539,42.93595886230469
mp-aaaabrfj,32.35300064086914,57.01164627075195
mp-aaaabhiz,98.53800201416016,94.64875030517578
mp-aaabjydl,53.236000061035156,68.71302795410156
mp-aaacfjvv,101.53199768066406,163.98065185546875
mp-aaaaamep,170.18499755859375,114.51685333251953
mp-aaaaaotx,198.00100708007812,157.94577026367188
mp-aaacgiuc,36.3390007019043,57.07937240600586
mp-aaafhmhi,60.481998443603516,65.13679504394531
mp-aaaaaxdx,152.04600524902344,180.31280517578125
mp-aaaaadaf,201.9290008544922,183.44261169433594
mp-aaabxfmg,94.8280029296875,93.10580444335938
mp-aaaaacmh,56.61199951171875,83.48793029785156
mp-aaaaafer,98.16200256347656,158.86367797851562
mp-aaaaapcf,197.52699279785156,155.56932067871094
mp-aaaaagmg,78.11799621582031,75.14970397949219
mp-aaaaaouc,22.04400062561035,65.66986083984375
mp-aaaaaidj,84.08399963378906,105.67665100097656
mp-aaaabpbp,138.19400024414062,144.36837768554688
mp-aaaaadrc,84.98999786376953,50.4431037902832
mp-aaabxgyp,80.35900115966797,81.87062072753906
mp-aaaaaucs,28.20400047302246,90.59778594970703
mp-aaaaciiz,225.48399353027344,224.52301025390625
mp-aaacgoqv,33.1349983215332,158.9103240966797
mp-aaacdurx,158.59100341796875,152.16964721679688
mp-aaaaanpq,74.99800109863281,82.23780822753906
mp-aaaaaapi,73.64600372314453,69.99118041992188
mp-aaaaaebi,78.2969970703125,104.17916107177734
mp-aaaabpnp,37.483001708984375,67.33853912353516
mp-aaaaansc,310.2699890136719,175.17733764648438
mp-aaaaceby,98.68299865722656,119.8460464477539
mp-aaaaabpm,39.90599822998047,20.780250549316406
mp-aaaaabga,94.52200317382812,89.36712646484375
mp-aaaaakzx,47.266998291015625,42.590782165527344
mp-aaaccsou,134.13999938964844,157.68296813964844
mp-aaaabtgp,52.66600036621094,51.7243766784668
mp-aaaaauwa,42.20000076293945,68.80442810058594
mp-aaabrdjw,72.98600006103516,74.28927612304688
mp-aaaabtbh,89.43499755859375,125.83821868896484
mp-aaaabtmj,259.6300048828125,378.1353454589844
mp-aaaaahlu,12.847999572753906,27.260406494140625
mp-aaabfnix,157.72300720214844,171.34982299804688
mp-aaabdays,26.649999618530273,17.51679229736328
mp-aaaaabrf,50.24800109863281,30.957626342773438
mp-aaabxdqw,185.4080047607422,162.94638061523438
mp-aaabxizd,81.50299835205078,85.8615951538086
mp-aaacgfnc,104.03700256347656,78.27857971191406
mp-aaabxfnn,153.0989990234375,145.7837371826172
mp-aaacdtrv,106.65699768066406,132.3703155517578
mp-aaacfyyj,65.84100341796875,54.349342346191406
mp-aaaabdqx,122.85299682617188,117.94569396972656
mp-aaackurx,50.70399856567383,72.64982604980469
mp-aaaaabnz,33.95399856567383,46.56324005126953
mp-aaabxgjg,97.38200378417969,97.94672393798828
mp-aaaaadwu,91.13400268554688,88.99427032470703
mp-aaabioml,279.0320129394531,227.69747924804688
mp-aaaaaorn,46.250999450683594,40.63136291503906
mp-aaabxcdc,76.78500366210938,88.17654418945312
mp-aaaaaicb,29.187000274658203,57.99317169189453
mp-aaaaaeum,104.95800018310547,85.561767578125
mp-aaaaachn,120.16999816894531,117.73197937011719
mp-aaaaadwq,192.35299682617188,193.734130859375
mp-aaabxgnh,22.947999954223633,25.1036376953125
mp-aaaaaaba,25.860000610351562,22.789306640625
mp-aaacdobp,109.13500213623047,97.39917755126953
mp-aaabkpvj,8.859999656677246,16.194244384765625
mp-aaabgjyl,103.09400177001953,132.92372131347656
mp-aaacdnqw,62.465999603271484,81.23945617675781
mp-aaabxhab,70.36000061035156,62.30931091308594
mp-aaacdnvj,23.232999801635742,39.96110534667969
mp-aaabkpfd,37.87799835205078,51.53493881225586
mp-aaaaaezs,25.156999588012695,14.348304748535156
mp-aaabglif,7.2179999351501465,44.54901885986328
mp-aaaaacdx,73.48999786376953,54.9741096496582
mp-aaaabhxj,32.308998107910156,9.252365112304688
mp-aaabxdsn,91.14600372314453,80.6788330078125
mp-aaabxbzn,105.28600311279297,83.9091796875
mp-aaaabjtb,132.88400268554688,96.13034057617188
mp-aaacdpys,121.2030029296875,90.79375457763672
mp-aaabxghl,3.4600000381469727,65.22422790527344
mp-aaaaafmg,52.32099914550781,62.68252944946289
mp-aaabxgbp,137.7220001220703,143.959716796875
mp-aaabfnph,61.10200119018555,63.2789306640625
mp-aaaaaink,62.702999114990234,77.67313385009766
mp-aaacfkzw,207.31199645996094,177.76405334472656
mp-aaaaaqqq,98.05699920654297,108.95301055908203
mp-aaaaaann,164.81900024414062,154.73309326171875
mp-aaaaacxd,113.48300170898438,112.29366302490234
mp-aaaabsmm,5.0289998054504395,44.22899627685547
mp-aaaabtqq,240.53500366210938,218.15371704101562
mp-aaaaalsn,111.03099822998047,77.99017333984375
mp-aaaaadff,113.96600341796875,110.59486389160156
mp-aaaaaguk,27.56999969482422,42.38111877441406
mp-aaaaafjj,188.16900634765625,177.98928833007812
mp-aaaaaoys,37.76100158691406,23.13140869140625
mp-aaabgimz,54.380001068115234,53.7917366027832
mp-aaaaanoz,86.0999984741211,82.63922119140625
mp-aaaaadoq,144.99400329589844,136.13482666015625
mp-aaacdilw,230.65899658203125,175.294921875
mp-aaaaabuy,138.17300415039062,111.84307861328125
mp-aaabqypc,132.92300415039062,124.91228485107422
mp-aaageynw,29.655000686645508,34.35466766357422
mp-aaacecgs,17.783000946044922,68.48271179199219
mp-aaacdmah,3.9739999771118164,-31.146392822265625
mp-aaaaaigz,77.4469985961914,88.13204956054688
mp-aaaaaxfy,236.07400512695312,186.71934509277344
mp-aaabgjdc,85.39399719238281,78.53880310058594
mp-aaaaancc,65.66000366210938,69.08749389648438
mp-aaabxdpk,97.34300231933594,104.0622787475586
mp-aaacfwfi,174.51199340820312,180.42218017578125
mp-aaabxcnm,65.29100036621094,65.21607208251953
mp-aaabgnft,27.173999786376953,55.057289123535156
mp-aaabxgfu,59.17100143432617,46.62065124511719
mp-aaacdppu,37.52299880981445,53.6645622253418
mp-aaaabeqb,133.34500122070312,113.00284576416016
mp-aaagirhh,46.0989990234375,55.982242584228516
mp-aaabgldo,9.581000328063965,39.534576416015625
mp-aaabgnik,129.50399780273438,125.51852416992188
mp-aaaaalab,36.507999420166016,23.201171875
mp-aaabxbsh,109.75399780273438,95.70133972167969
mp-aaaabhxn,34.26499938964844,49.318077087402344
mp-aaabxcks,159.30499267578125,125.25257110595703
mp-aaabxhig,174.5229949951172,145.60939025878906
mp-aaacgafm,189.4290008544922,142.0471954345703
mp-aaaaaxpp,164.99899291992188,146.48818969726562
mp-aaaabhhs,138.2209930419922,121.36579895019531
mp-aaabxajv,39.20199966430664,41.51348114013672
mp-aaabfigr,61.07600021362305,113.2362289428711
mp-aaaaagmq,-27.163000106811523,177.68605041503906
mp-aaabxher,57.8390007019043,65.38519287109375
mp-aaaaalsx,268.1809997558594,275.2061767578125
mp-aaabqyww,61.71900177001953,74.45521545410156
mp-aaaabtem,90.1989974975586,145.01708984375
mp-aaaaaehh,153.4510040283203,152.02926635742188
mp-aaabxdrl,48.40299987792969,51.48726272583008
mp-aaaabfia,67.98799896240234,78.67924499511719
mp-aaabgnhr,184.04800415039062,167.04769897460938
mp-aaacdxoe,45.097999572753906,57.68505096435547
mp-aaaaauvw,12.392999649047852,24.634681701660156
mp-aaabgjdq,52.755001068115234,79.21385192871094
mp-aaaabqrj,19.45800018310547,19.251976013183594
mp-aaabxcls,90.9000015258789,81.97209930419922
mp-aaadctjr,36.04800033569336,60.30729675292969
mp-aaacdltr,5.573999881744385,36.89799499511719
mp-aaacgimw,30.601999282836914,71.6285400390625
mp-aaaaastw,52.59199905395508,63.3781623840332
mp-aaacdxyr,60.62200164794922,57.13391876220703
mp-aaabkcvx,21.4060001373291,32.67094421386719
mp-aaaabtjd,166.3679962158203,146.07171630859375
mp-aaacfxjr,153.39100646972656,123.78889465332031
mp-aaachcym,40.284000396728516,52.42531204223633
mp-aaaaahwj,203.40499877929688,190.0592041015625
mp-aaabxfcm,82.55400085449219,74.17024230957031
mp-aaabxfpz,183.39300537109375,156.64234924316406
mp-aaabxgir,69.50900268554688,75.445556640625
mp-aaaabuej,71.32499694824219,69.5389175415039
mp-aaabglwo,235.6269989013672,299.63134765625
mp-aaaabgwq,146.0489959716797,129.6758270263672
mp-aaacdkqn,130.9709930419922,110.32837677001953
mp-aaacdzaf,78.65499877929688,100.16815948486328
mp-aaacfiub,295.54901123046875,142.61082458496094
mp-aaacdhvr,102.96700286865234,66.09917449951172
mp-aaaaaafe,76.87100219726562,85.3016586303711
mp-aaaaboeb,32.167999267578125,28.46417999267578
mp-aaabgibz,58.46900177001953,59.48542022705078
mp-aaacewqb,125.46399688720703,132.01190185546875
mp-aaaaakhk,56.43199920654297,-1.166259765625
mp-aaacjjlu,141.77099609375,117.43009185791016
mp-aaaaahiy,96.36900329589844,119.31428527832031
mp-aaacdkur,90.38300323486328,85.60069274902344
mp-aaabxgml,119.56400299072266,145.91339111328125
mp-aaaabgwx,146.18699645996094,107.22946166992188
mp-aaaaabbx,234.90899658203125,209.24957275390625
mp-aaacfwer,168.94400024414062,103.9367446899414
mp-aaacgigs,251.60699462890625,282.865478515625
mp-aaaaaabi,106.4990005493164,96.40644073486328
mp-aaabxayt,2.5510001182556152,-8.486900329589844
mp-aaabfxkm,26.54800033569336,99.28170013427734
mp-aaabftgg,45.87200164794922,54.981719970703125
mp-aaabxgxr,203.80599975585938,210.8614501953125
mp-aaadcdgv,86.70899963378906,131.09262084960938
mp-aaabjyhb,170.7689971923828,175.2312774658203
mp-aaaabhux,25.833999633789062,49.49654769897461
mp-aaacdmsp,17.884000778198242,3.31463623046875
mp-aaaabigo,4.110000133514404,29.412460327148438
mp-aaaaalco,23.583999633789062,29.39232635498047
mp-aaacfsme,158.7209930419922,381.7048034667969
mp-aaaabpep,12.513999938964844,-10.966575622558594
mp-aaaaamgh,147.36199951171875,118.34829711914062
mp-aaacfwes,172.47999572753906,148.48312377929688
mp-aaacpggi,15.86400032043457,35.12327575683594
mp-aaaaarey,93.50299835205078,111.29300689697266
mp-aaaaafka,218.33399963378906,170.99293518066406
mp-aaabgmlf,50.64500045776367,52.56681823730469
mp-aaaaaaah,1.8739999532699585,4.314239501953125
mp-aaabxfkn,177.8679962158203,150.0952911376953
mp-aaabsdov,217.8699951171875,193.38217163085938
mp-aaabkpod,11.873000144958496,13.720001220703125
mp-aaabqyqs,52.21500015258789,50.840415954589844
mp-aaaaabbq,145.87100219726562,133.0978546142578
mp-aaaaaykn,106.6969985961914,94.63338470458984
mp-aaaabsxv,44.66400146484375,59.76478958129883
mp-aaaabsqx,119.73300170898438,109.20286560058594
mp-aaaaaduu,85.4010009765625,97.61270904541016
mp-aaaaaute,12.829999923706055,2.1888961791992188
mp-aaabfywm,11.814000129699707,19.548843383789062
mp-aaabctly,109.3759994506836,103.60111236572266
mp-aaaaagap,194.28500366210938,187.89144897460938
mp-aaacdnni,201.13299560546875,196.8880615234375
mp-aaaaaqbh,95.79499816894531,35.242530822753906
mp-aaaabhyh,26.218000411987305,93.64714050292969
mp-aaacfgjy,32.630001068115234,54.97446823120117
mp-aaaaaabn,27.94099998474121,32.63994598388672
mp-aaaaalzy,202.44000244140625,157.24652099609375
mp-aaaaapsq,134.41099548339844,135.0417938232422
mp-aaacdivz,136.20899963378906,98.68598175048828
mp-aaabxcee,145.94500732421875,121.04782104492188
mp-aaaceuul,33.58300018310547,8.00982666015625
mp-aaabgivq,90.98600006103516,81.09465789794922
mp-aaabjxyk,139.64300537109375,161.05722045898438
mp-aaaaabwp,200.18299865722656,279.18109130859375
mp-aaacfsix,109.60900115966797,106.22411346435547
mp-aaacfkdt,85.71199798583984,129.189697265625
mp-aaaaabqm,33.85499954223633,38.95549011230469
mp-aaaabgty,152.9510040283203,106.43614196777344
mp-aaaabtrp,26.76799964904785,36.72080993652344
mp-aaaaagqu,218.6929931640625,189.07089233398438
mp-aaabxfhm,211.7259979248047,212.90505981445312
mp-aaaccsor,226.03900146484375,189.1004180908203
mp-aaaabesn,61.99399948120117,104.44683837890625
mp-aaaaagzz,45.28099822998047,51.921852111816406
mp-aaacgpia,29.454999923706055,42.97296142578125
mp-aaacgiqz,97.33000183105469,89.62299346923828
mp-aaabxgye,37.02299880981445,35.75916290283203
mp-aaacfizs,29.759000778198242,47.027252197265625
mp-aaaabicw,74.06400299072266,90.02519226074219
mp-aaaabdqf,38.00299835205078,37.611175537109375
mp-aaacgine,53.38199996948242,50.332035064697266
mp-aaacgpfv,17.809999465942383,61.11504364013672
mp-aaaabsck,9.130999565124512,-5.64666748046875
mp-aaabjmok,95.54000091552734,116.25634002685547
mp-aaacevtb,247.85899353027344,246.6174774169922
mp-aaaaapat,13.11400032043457,6.888862609863281
mp-aaaaaols,54.78900146484375,54.52654266357422
mp-aaaabdph,69.78700256347656,68.21693420410156
mp-aaabqypj,4.557000160217285,36.4752197265625
mp-aaacdsis,158.95399475097656,202.13931274414062
mp-aaacfywv,376.87799072265625,349.7662658691406
mp-aaaabpjv,27.476999282836914,66.88973236083984
mp-aaacdyzm,43.25199890136719,38.356300354003906
mp-aaaabokt,151.63600158691406,128.01119995117188
mp-aaaaacry,7.257999897003174,31.44715118408203
mp-aaacdsqb,237.16900634765625,287.6357421875
mp-aaabqxwv,231.65499877929688,192.77951049804688
mp-aaaaacpb,152.52699279785156,160.30783081054688
mp-aaabrgwm,94.16200256347656,124.31743621826172
mp-aaabgkju,92.13999938964844,103.28195190429688
mp-aaacdxmr,69.95999908447266,77.05923461914062
mp-aaaaahzj,156.14300537109375,111.16972351074219
mp-aaabiflh,45.81100082397461,57.181915283203125
mp-aaaaaclq,-0.0,106.68025207519531
mp-aaaceatw,34.02299880981445,39.94816589355469
mp-aaaaaqye,91.18000030517578,84.41476440429688
mp-aaaaadiw,104.875,141.39981079101562
mp-aaaaaxfr,111.1969985961914,108.09117889404297
mp-aaaaadcn,42.665000915527344,66.05267333984375
mp-aaaabhln,27.992000579833984,28.765487670898438
mp-aaackisd,85.10399627685547,65.57257080078125
mp-aaacqqrp,277.14300537109375,302.13092041015625
mp-aaacdnzu,38.53499984741211,26.967498779296875
mp-aaabctdv,163.3419952392578,154.39810180664062
mp-aaaaasqj,243.25900268554688,249.2142333984375
mp-aaabgjdn,119.96600341796875,109.59680938720703
mp-aaabxjcb,83.94400024414062,62.35189437866211
mp-aaaaayxg,64.46800231933594,110.03716278076172
mp-aaabgiih,124.8030014038086,155.24485778808594
mp-aaaacefu,101.09400177001953,106.22261047363281
mp-aaabxcie,61.6349983215332,52.65997314453125
mp-aaaabhgz,153.00100708007812,129.02197265625
mp-aaaaaaky,178.781005859375,173.29849243164062
mp-aaafzbnm,45.84000015258789,99.25297546386719
mp-aaaabrfm,33.13399887084961,46.6954345703125
mp-aaaabswx,77.33599853515625,78.92916870117188
mp-aaaaaaar,252.15499877929688,250.30239868164062
mp-aaabxcgs,57.56999969482422,56.007755279541016
mp-aaaabfsh,55.31399917602539,48.29301071166992
mp-aaaaapkw,47.935001373291016,89.13233947753906
mp-aaaaadwa,31.625,34.274879455566406
mp-aaabxcoy,39.145999908447266,43.75263214111328
mp-aaabxiyh,68.13700103759766,47.42716979980469
mp-aaabxcqc,58.54399871826172,62.53632736206055
mp-aaabfxjz,56.23400115966797,84.71266174316406
mp-aaaaacrz,82.54499816894531,100.23047637939453
mp-aaaaahnh,29.13599967956543,21.128684997558594
mp-aaabxfva,86.37799835205078,83.90476989746094
mp-aaaabpap,146.9770050048828,110.11563873291016
mp-aaafuupd,76.88500213623047,71.31106567382812
mp-aaaabkdi,14.1850004196167,28.57190704345703
mp-aaacdzae,49.9640007019043,63.54060363769531
mp-aaaaaawe,223.14599609375,249.1548614501953
mp-aaabxgru,41.34199905395508,34.00096893310547
mp-aaacdsir,46.104000091552734,46.655426025390625
mp-aaacfkij,89.68800354003906,202.75604248046875
mp-aaabxfwc,191.16600036621094,178.53379821777344
mp-aaaaabls,120.78900146484375,82.5704345703125
mp-aaaaarvq,298.23199462890625,274.22235107421875
mp-aaabscgv,22.145999908447266,70.43228149414062
mp-aaabdbgv,15.276000022888184,24.377296447753906
mp-aaacdizn,83.17500305175781,86.76171875
mp-aaabxgjb,59.874000549316406,72.09904479980469
mp-aaabgmxb,6.620999813079834,88.68623352050781
mp-aaacfsjr,188.43800354003906,235.072998046875
mp-aaabxdse,135.64100646972656,115.95591735839844
mp-aaabxdqq,71.25900268554688,66.782470703125
mp-aaaabogc,24.792999267578125,93.99433135986328
mp-aaaaaahh,203.63800048828125,206.5350341796875
mp-aaaabfui,76.62899780273438,85.41278839111328
mp-aaacgiiu,170.0749969482422,156.6878662109375
mp-aaacdohh,33.082000732421875,22.748779296875
mp-aaabxfov,255.75599670410156,188.1622314453125
mp-aaaaacwi,232.70899963378906,170.5435791015625
mp-aaaabick,10.84000015258789,11.494529724121094
mp-aaabxgog,208.12100219726562,196.1838836669922
mp-aaaaaqwc,58.6879997253418,70.55567932128906
mp-aaaabekp,32.49100112915039,63.10303497314453
mp-aaabjyhk,173.97999572753906,148.36257934570312
mp-aaaaajuv,70.60299682617188,84.46835327148438
mp-aaabgmwi,16.957000732421875,47.516075134277344
mp-aaabryed,127.18900299072266,129.4354705810547
mp-aaabxgoz,228.92100524902344,192.06588745117188
mp-aaabdbby,22.54400062561035,28.65538787841797
mp-aaacgpjj,119.79299926757812,110.01040649414062
mp-aaaabpnc,209.14199829101562,206.5376434326172
mp-aaaabtrw,72.17400360107422,75.10396575927734
mp-aaabiytj,11.12600040435791,39.97834777832031
mp-aaaaacxx,122.9729995727539,94.8272933959961
mp-aaaaaogq,11.184000015258789,16.17291259765625
mp-aaabkfhw,190.3070068359375,181.51953125
mp-aaacdtul,42.16699981689453,42.54328155517578
mp-aaaaayav,52.21900177001953,48.42038345336914
mp-aaaaavdl,164.33700561523438,181.55447387695312
mp-aaabqvvn,53.1609992980957,49.93821716308594
mp-aaacdjka,40.64500045776367,51.8607063293457
mp-aaabmlwg,61.60499954223633,58.82976531982422
mp-aaacdtpu,63.79899978637695,43.989219665527344
mp-aaabxdrp,324.49798583984375,283.4532775878906
mp-aaabetrs,54.42499923706055,67.2578125
mp-aaaabgik,293.3919982910156,155.1256866455078
mp-aaaaapbq,63.119998931884766,72.07733154296875
mp-aaaaaebw,184.7050018310547,145.00254821777344
mp-aaaacbqe,18.724000930786133,2.9404373168945312
mp-aaaaabby,17.61199951171875,44.55842590332031
mp-aaaabsxk,47.597999572753906,52.51609420776367
mp-aaacfjyt,162.16099548339844,135.5158233642578
mp-aaaabhon,90.14099884033203,49.05790328979492
mp-aaachded,61.207000732421875,85.13050842285156
mp-aaaabhhv,64.08999633789062,72.58789825439453
mp-aaaabeji,66.92400360107422,64.35742950439453
mp-aaacdpvy,225.2100067138672,199.07583618164062
mp-aaabgrct,156.48300170898438,167.29014587402344
mp-aaabxfom,218.93299865722656,200.3011016845703
mp-aaaaacaf,149.16799926757812,126.2831039428711
mp-aaacgorw,36.494998931884766,64.70838165283203
mp-aaabxfnb,193.51100158691406,148.84857177734375
mp-aaaabtxn,113.24600219726562,116.03289794921875
mp-aaabsegb,177.6280059814453,223.2991485595703
mp-aaacfyak,167.81199645996094,161.15380859375
mp-aaaabuge,28.801000595092773,93.19914245605469
mp-aaabjyfj,201.03700256347656,192.07650756835938
mp-aaabxjxi,54.71200180053711,51.73145294189453
mp-aaaaahez,56.86000061035156,55.7154655456543
mp-aaaaapap,193.2220001220703,170.16900634765625
mp-aaaaabxw,174.53500366210938,190.90211486816406
mp-aaaaaguo,162.9239959716797,110.07233428955078
mp-aaacfwel,162.57000732421875,123.42235565185547
mp-aaaaaaan,207.09300231933594,191.0132293701172
mp-aaacdqde,159.375,126.61930847167969
mp-aaaabrax,75.0530014038086,110.43388366699219
mp-aaaaadks,37.94900131225586,36.055572509765625
mp-aaaaadjl,75.0979995727539,67.5496826171875
mp-aaaaaxzw,61.24399948120117,93.55565643310547
mp-aaabjyhp,55.57699966430664,77.92999267578125
mp-aaabogza,57.58399963378906,55.483192443847656
mp-aaacfzwu,58.63199996948242,52.277442932128906
mp-aaacgiof,17.30500030517578,35.63380432128906
mp-aaabfonu,117.10299682617188,93.69775390625
mp-aaaaalbi,28.02400016784668,30.43933868408203
mp-aaaaaano,204.9040069580078,191.72976684570312
mp-aaabxcpu,3.8420000076293945,56.316307067871094
mp-aaaaalfd,16.775999069213867,27.987533569335938
mp-aaaaacxk,78.5999984741211,109.60982513427734
mp-aaaabhda,36.20399856567383,59.13611602783203
mp-aaaabzql,63.91400146484375,68.9891586303711
mp-aaacrlhv,297.1260070800781,272.74810791015625
mp-aaaabeeq,122.44999694824219,139.03443908691406
mp-aaaabfaw,41.58100128173828,105.56975555419922
mp-aaabxgug,94.23400115966797,81.09942626953125
mp-aaabxgkw,180.43800354003906,143.6250457763672
mp-aaagdntk,102.56400299072266,93.59562683105469
mp-aaabfsup,0.8759999871253967,12.52581787109375
mp-aaacgove,138.98399353027344,182.9996337890625
mp-aaaaabpq,319.8949890136719,305.98126220703125
mp-aaacfxzc,97.83200073242188,37.488304138183594
mp-aaacdkek,6.763999938964844,24.540199279785156
mp-aaabxcoj,36.35599899291992,36.519798278808594
mp-aaaabieh,53.189998626708984,87.74079132080078
mp-aaaaaewk,72.0270004272461,69.87307739257812
mp-aaaaacmd,208.6790008544922,180.6444091796875
mp-aaabxcga,64.95700073242188,61.98229217529297
mp-aaacfywf,155.42300415039062,154.80526733398438
mp-aaaabzzr,47.79999923706055,38.96411895751953
mp-aaaabose,123.11000061035156,109.05538177490234
mp-aaaaambx,75.302001953125,75.54011535644531
mp-aaacezyf,188.79800415039062,145.88864135742188
mp-aaaaaqok,174.65499877929688,188.9637451171875
mp-aaacfrip,39.50400161743164,13.02783203125
mp-aaaabfjc,78.62000274658203,87.98444366455078
mp-aaaaaltv,77.93199920654297,33.447654724121094
mp-aaaaamdo,194.26199340820312,234.46173095703125
mp-aaaaaqde,129.68699645996094,126.56246948242188
mp-aaacdial,28.790000915527344,37.808921813964844
mp-aaaaahuw,150.84800720214844,135.894287109375
mp-aaaaaman,100.49199676513672,79.18382263183594
mp-aaacdnwv,69.29000091552734,68.94966125488281
mp-aaaabfnc,12.722999572753906,74.06068420410156
mp-aaaaadws,74.55400085449219,74.93057250976562
mp-aaaaayfq,80.23899841308594,89.54457092285156
mp-aaacpdzj,50.39799880981445,31.856040954589844
mp-aaabxhfr,38.111000061035156,50.76888656616211
mp-aaaaaeyu,163.718994140625,189.9412078857422
mp-aaacfkmy,38.731998443603516,27.604080200195312
mp-aaabxfgm,74.15599822998047,78.17373657226562
mp-aaabxcdj,71.4800033569336,61.129295349121094
mp-aaabgnet,49.34000015258789,69.72775268554688
mp-aaaaaqcp,199.30299377441406,171.85252380371094
mp-aaacdqcy,175.26600646972656,143.6282196044922
mp-aaabjxyc,176.15899658203125,106.49241638183594
mp-aaaaaglr,97.83899688720703,70.54546356201172
mp-aaaaazfp,192.80299377441406,185.10157775878906
mp-aaaddlxh,127.8290023803711,130.2366943359375
mp-aaaabfjq,37.775001525878906,62.24863052368164
mp-aaacdpwl,12.052000045776367,12.802993774414062
mp-aaacdkrf,51.145999908447266,48.566429138183594
mp-aaaacace,131.3159942626953,113.89506530761719
mp-aaaaaaqq,234.4759979248047,213.97225952148438
mp-aaacgpla,157.3300018310547,204.84439086914062
mp-aaabxhiv,74.97899627685547,66.17754364013672
mp-aaaaauqk,19.965999603271484,24.00659942626953
mp-aaaaaecl,116.18699645996094,112.8705062866211
mp-aaaaapxk,32.40999984741211,111.00220489501953
mp-aaaaatkw,229.37100219726562,146.32115173339844
mp-aaaabdlf,75.37100219726562,94.656982421875
mp-aaacginh,154.4770050048828,134.9805450439453
mp-aaaaaoxy,104.33499908447266,83.44932556152344
mp-aaabsjdl,135.28500366210938,79.15361785888672
mp-aaacflsl,31.66200065612793,81.30085754394531
mp-aaaaafso,59.08599853515625,77.31410217285156
mp-aaaabguw,88.74600219726562,91.24381256103516
mp-aaaaamcx,42.14500045776367,55.50020217895508
mp-aaabxjxo,84.37999725341797,101.75596618652344
mp-aaaaaaql,160.33399963378906,160.14915466308594
mp-aaaaapfa,208.9290008544922,131.4546661376953
mp-aaaaagsh,26.795000076293945,54.58625793457031
mp-aaabfaxn,56.18299865722656,111.25920104980469
mp-aaabxfqb,219.10499572753906,147.02703857421875
mp-aaachgfy,81.58100128173828,54.128562927246094
mp-aaacdjdt,103.54100036621094,93.73643493652344
mp-aaacgoyk,112.84600067138672,107.74869537353516
mp-aaaabpqs,90.56300354003906,112.0027847290039
mp-aaaaadck,189.83599853515625,168.57676696777344
mp-aaaabuay,164.67799377441406,129.22972106933594
mp-aaaaaanb,-0.0,0.41962432861328125
mp-aaagjtrl,90.16400146484375,83.111083984375
mp-aaabqykc,177.45799255371094,107.0982894897461
mp-aaacfwgq,235.71299743652344,128.45664978027344
mp-aaaabqsm,16.726999282836914,12.579879760742188
mp-aaaabuef,102.0719985961914,122.81855010986328
mp-aaaabgjv,79.88800048828125,77.81101989746094
mp-aaaaalpg,341.79998779296875,305.724365234375
mp-aaaaatzb,137.302001953125,118.18801879882812
mp-aaabhbjn,62.770999908447266,77.42987060546875
mp-aaabjzjr,202.5189971923828,145.074951171875
mp-aaaabhps,77.33300018310547,99.45736694335938
mp-aaaabjqg,203.08399963378906,147.6162109375
mp-aaaaaqdy,30.43199920654297,19.265968322753906
mp-aaaaacif,235.38900756835938,154.85870361328125
mp-aaaaatcd,92.8280029296875,89.06592559814453
mp-aaaaadsf,293.3269958496094,277.9981689453125
mp-aaaaaduz,95.50399780273438,76.82624816894531
mp-aaabfkso,77.86699676513672,69.87881469726562
mp-aaacfxxj,331.13800048828125,290.7576904296875
mp-aaaaaxst,73.9229965209961,77.05378723144531
mp-aaaabhxh,42.59000015258789,98.36658477783203
mp-aaaabewo,101.13200378417969,184.231689453125
mp-aaacebyw,90.1760025024414,134.7730255126953
mp-aaaaaoqa,177.47000122070312,167.6578369140625
mp-aaabxhjg,38.33300018310547,31.21466064453125
mp-aaaaaduq,19.805999755859375,21.90863037109375
mp-aaaaaghp,292.3340148925781,211.3661651611328
mp-aaabglix,13.232999801635742,16.258018493652344
mp-aaaaanee,146.85400390625,178.4603271484375
mp-aaaaadcw,70.29499816894531,67.21385192871094
mp-aaacqtpe,327.0719909667969,359.01593017578125
mp-aaacdhtw,65.75,108.38134765625
mp-aaaabtiw,45.74700164794922,47.067230224609375
mp-aaacfybv,140.69900512695312,103.64288330078125
mp-aaabkkgh,168.55999755859375,161.003173828125
mp-aaaaargk,55.604000091552734,66.16650390625
mp-aaabghar,161.19500732421875,134.04946899414062
mp-aaaaarur,58.57099914550781,71.27144622802734
mp-aaabxboz,46.98500061035156,45.771934509277344
mp-aaaaaade,26.378000259399414,33.59191131591797
mp-aaaaborg,241.5679931640625,298.564697265625
mp-aaabrgzs,54.145999908447266,88.8583984375
mp-aaaaacve,132.50100708007812,113.209228515625
mp-aaaaabos,94.02899932861328,59.84971237182617
mp-aaaaapbb,21.39900016784668,30.750503540039062
mp-aaadjyvo,33.9379997253418,27.407920837402344
mp-aaaaalxf,124.36599731445312,72.74565887451172
mp-aaabgjbo,208.85699462890625,242.52420043945312
mp-aaacdiyk,75.41799926757812,71.33551025390625
mp-aaaaaena,19.559999465942383,43.810157775878906
mp-aaaaahmm,57.5880012512207,41.443458557128906
mp-aaaaaoqj,14.685999870300293,10.977348327636719
mp-aaabxfxq,188.2050018310547,191.3104248046875
mp-aaacduru,66.27200317382812,63.579891204833984
mp-aaabxgrq,47.6879997253418,37.312110900878906
mp-aaabxgqo,67.95999908447266,80.11671447753906
mp-aaaaaifk,155.6790008544922,149.20773315429688
mp-aaabxaqm,106.05000305175781,116.88106536865234
mp-aaaabhwq,31.743999481201172,80.81118774414062
mp-aaacgiom,292.9049987792969,262.64129638671875
mp-aaabxiyr,210.14300537109375,164.707275390625
mp-aaaabtse,24.16900062561035,44.356109619140625
mp-aaaaabud,41.35599899291992,44.266746520996094
mp-aaaddtgg,188.9929962158203,168.71417236328125
mp-aaaacbor,65.94200134277344,66.07884216308594
mp-aaaabill,3.2100000381469727,23.41484832763672
mp-aaaciuim,56.9119987487793,90.74806213378906
mp-aaaaaihq,56.86399841308594,55.25834655761719
mp-aaacdrzl,55.9900016784668,56.66281509399414
mp-aaabfnvw,46.55500030517578,90.60037994384766
mp-aaabgnac,10.315999984741211,19.662551879882812
mp-aaaabhlq,219.18800354003906,141.69229125976562
mp-aaaaagym,114.57099914550781,127.911865234375
mp-aaaaadbx,41.645999908447266,37.10059356689453
mp-aaaaaxvv,124.59300231933594,127.25749206542969
mp-aaabqwar,61.31999969482422,77.34896850585938
mp-aaaaardy,231.47300720214844,316.5575866699219
mp-aaabqyew,61.17499923706055,61.83524703979492
mp-aaaaapxx,61.5,110.03356170654297
mp-aaabqxxg,101.84100341796875,124.06198120117188
mp-aaaaagim,105.86900329589844,110.97744750976562
mp-aaaabegv,73.875,62.63018798828125
mp-aaacdjsy,44.46500015258789,43.17646789550781
mp-aaaabeup,24.569000244140625,57.22197341918945
mp-aaacebog,25.621000289916992,66.16785430908203
mp-aaacdlly,261.2980041503906,208.9082489013672
mp-aaaabpki,72.72200012207031,86.83816528320312
mp-aaaabfst,77.4260025024414,74.5177001953125
mp-aaaaakis,191.16400146484375,199.04672241210938
mp-aaabgjfz,193.10699462890625,209.52069091796875
mp-aaaaadwv,69.96800231933594,69.91424560546875
mp-aaaabfny,74.91500091552734,83.23800659179688
mp-aaaabfhz,199.75,201.62332153320312
mp-aaaabfcf,24.506999969482422,91.67414093017578
mp-aaaacclb,47.89099884033203,44.83898162841797
mp-aaaaafvq,113.15299987792969,104.1067123413086
mp-aaacgiuk,152.0919952392578,145.97837829589844
mp-aaaabebe,29.929000854492188,23.604705810546875
mp-aaaaalqf,207.40499877929688,264.25421142578125
mp-aaaaaagg,14.765999794006348,13.714141845703125
mp-aaabxjbt,99.56700134277344,73.99520874023438
mp-aaaaabyt,88.4530029296875,56.8927116394043
mp-aaaabfcp,157.86000061035156,183.2794189453125
mp-aaaaadza,241.67100524902344,219.58016967773438
mp-aaaaalbu,50.689998626708984,-8.309066772460938
mp-aaacrkbx,11.821999549865723,26.162460327148438
mp-aaaaagcq,69.86199951171875,76.00132751464844
mp-aaacfybo,45.000999450683594,76.48147583007812
mp-aaacgiuj,49.6150016784668,59.40676498413086
mp-aaaaapyu,37.03099822998047,31.555908203125
mp-aaaaagyt,127.76699829101562,129.9167022705078
mp-aaaaafwi,137.9949951171875,120.5140609741211
mp-aaadbymz,60.30099868774414,94.12834167480469
mp-aaaabiad,16.923999786376953,30.27191925048828
mp-aaaabfuh,41.85499954223633,43.53557586669922
mp-aaaaalny,146.1739959716797,138.79071044921875
mp-aaaabtoo,140.6269989013672,98.17981719970703
mp-aaacdpvt,95.25,103.74343872070312
mp-aaaaaqcq,187.70599365234375,178.15460205078125
mp-aaaaajdf,124.322998046875,86.41632080078125
mp-aaaabfvt,35.14799880981445,48.14589309692383
mp-aaabxcpn,64.37999725341797,66.07667541503906
mp-aaabgmxy,25.729999542236328,40.30390930175781
mp-aaacdmcw,3.3399999141693115,-33.07502746582031
mp-aaabgjol,105.87899780273438,111.63883972167969
mp-aaabxiyo,207.9429931640625,157.3001251220703
mp-aaaaapmr,215.10299682617188,161.03366088867188
mp-aaabxgdp,53.42900085449219,85.85911560058594
mp-aaacdtsw,52.7130012512207,52.436161041259766
mp-aaaaaozt,79.04199981689453,85.71136474609375
mp-aaaabfls,95.17900085449219,124.37100982666016
mp-aaaaadyq,121.50700378417969,86.23429870605469
mp-aaabxdrn,16.554000854492188,10.030632019042969
mp-aaaaavqk,197.03399658203125,264.3628845214844
mp-aaabgnch,10.244999885559082,15.521446228027344
mp-aaaabfut,238.17100524902344,214.95755004882812
mp-aaaaafib,59.73500061035156,64.46737670898438
mp-aaaaabll,198.58900451660156,171.6363525390625
mp-aaaaaajw,121.33000183105469,127.95851135253906
mp-aaabxiwg,26.023000717163086,16.123207092285156
mp-aaaaacqj,28.20400047302246,43.25358581542969
mp-aaaaakfy,37.03799819946289,40.30891418457031
mp-aaaaacdo,35.875,23.402435302734375
mp-aaaaalkf,51.685001373291016,53.401344299316406
mp-aaabgigj,21.389999389648438,17.81061553955078
mp-aaacfywq,173.8300018310547,171.08876037597656
mp-aaaaagbw,138.30099487304688,98.95890808105469
mp-aaaabelu,216.41799926757812,191.17626953125
mp-aaaaacon,91.6259994506836,61.80406188964844
mp-aaabqznf,37.61600112915039,61.581077575683594
mp-aaaaabom,71.01100158691406,66.24485778808594
mp-aaachgoh,85.5469970703125,95.12096405029297
mp-aaacdpxw,148.9709930419922,138.1181640625
mp-aaaabidk,18.131999969482422,64.4084701538086
mp-aaaabhrj,325.7690124511719,284.0770263671875
mp-aaaaaxcr,290.9259948730469,259.2464294433594
mp-aaaaapea,148.03199768066406,112.62493896484375
mp-aaabxfah,105.45600128173828,121.01670837402344
mp-aaaabhyf,20.124000549316406,19.79827117919922
mp-aaacdira,79.20600128173828,74.9161376953125
mp-aaabgiwq,16.07900047302246,36.708984375
mp-aaaaamvs,28.231000900268555,93.49089050292969
mp-aaacdmtk,66.12999725341797,58.244178771972656
mp-aaacezre,238.94400024414062,249.61572265625
mp-aaacdvsw,101.5999984741211,156.40664672851562
mp-aaacfwfj,174.47300720214844,142.9970245361328
mp-aaabfrwt,14.177000045776367,21.25922393798828
mp-aaabxbaa,85.11799621582031,90.60004425048828
mp-aaaaakxx,40.266998291015625,42.94075012207031
mp-aaabxgav,3.1089999675750732,34.25749969482422
mp-aaacdjgv,32.9119987487793,62.60612106323242
mp-aaacdirg,57.18199920654297,62.841270446777344
mp-aaaaadpo,30.093000411987305,18.731460571289062
mp-aaacflhv,299.4010009765625,354.50592041015625
mp-aaacdize,46.10200119018555,57.27683639526367
mp-aaaaapjf,137.0850067138672,120.73511505126953
mp-aaacgipr,116.34200286865234,112.37226104736328
mp-aaaaaavr,383.4580078125,346.3663330078125
mp-aaacdsda,145.67999267578125,162.66793823242188
mp-aaaaaitn,21.656999588012695,53.96568298339844
mp-aaabidtt,120.21099853515625,89.54948425292969
mp-aaacfxhe,157.3280029296875,157.2560577392578
mp-aaaaakgg,134.072998046875,68.66522216796875
mp-aaaaagxc,123.77100372314453,125.89646911621094
mp-aaacdizk,144.11000061035156,140.06434631347656
mp-aaabxcrk,2.799999952316284,17.433425903320312
mp-aaabfzer,71.07599639892578,109.23489379882812
mp-aaaaageo,92.37999725341797,105.92578125
mp-aaabrgzi,2.6579999923706055,-57.35136413574219
mp-aaaabbaf,240.16900634765625,221.0962677001953
mp-aaabjygl,119.44000244140625,136.51461791992188
mp-aaabxfgu,123.45800018310547,96.7817611694336
mp-aaaaalgx,22.77899932861328,2.1516876220703125
mp-aaaaabon,52.01900100708008,48.52539825439453
mp-aaaaaaij,57.284000396728516,50.61543655395508
mp-aaabqzix,69.63999938964844,107.7783203125
mp-aaabxfli,22.586999893188477,28.46729278564453
mp-aaacdymu,87.65499877929688,85.90596008300781
mp-aaaabeum,158.99200439453125,161.09454345703125
mp-aaaaaabz,13.87399959564209,18.191612243652344
mp-aaabnrol,52.729000091552734,77.00080871582031
mp-aaaaadhy,69.36000061035156,57.17622375488281
mp-aaacfwgx,149.8350067138672,102.11883544921875
mp-aaaaaddn,114.40899658203125,126.20030212402344
mp-aaaabjcr,59.36899948120117,67.01170349121094
mp-aaaaamgl,50.707000732421875,58.8455810546875
mp-aaaaaroo,88.26899719238281,99.57723236083984
mp-aaacezye,60.84199905395508,41.734344482421875
mp-aaabxitp,395.3819885253906,350.6552734375
mp-aaaabfms,145.91700744628906,154.97073364257812
mp-aaabgkqu,53.31999969482422,45.043121337890625
mp-aaaaaede,27.43899917602539,29.839149475097656
mp-aaabmced,78.8479995727539,46.618125915527344
mp-aaaabezd,121.3489990234375,118.15388488769531
mp-aaaaabzf,55.44900131225586,58.79127502441406
mp-aaaabtlv,69.73999786376953,68.60047912597656
mp-aaaaajim,144.04600524902344,90.94851684570312
mp-aaaaabsi,228.59100341796875,194.4658966064453
mp-aaacfkih,48.44200134277344,45.35143280029297
mp-aaaaaggv,22.57900047302246,32.329559326171875
mp-aaaaalxh,-0.0,-4.4988555908203125
mp-aaacfyzm,271.8210144042969,309.83685302734375
mp-aaabxcbc,317.1419982910156,260.128662109375
mp-aaacewgt,212.49600219726562,248.35511779785156
mp-aaaabhyz,48.202999114990234,59.84897232055664
mp-aaaabqpn,118.95500183105469,128.4049835205078
mp-aaabxfmj,56.119998931884766,59.862308502197266
mp-aaabxfhe,47.03499984741211,106.18032836914062
mp-aaaabuny,144.5399932861328,162.57669067382812
mp-aaaabdgb,62.983001708984375,88.48313903808594
mp-aaabqvvt,133.96099853515625,125.9837875366211
mp-aaaaangt,28.268999099731445,22.076248168945312
mp-aaacfycp,147.43299865722656,124.18988800048828
mp-aaaabsfw,149.7779998779297,155.85647583007812
mp-aaaaapuk,45.847999572753906,52.794864654541016
mp-aaaaalwm,183.6199951171875,176.42861938476562
mp-aaaaatlu,94.6259994506836,199.2821502685547
mp-aaaaagpi,321.22100830078125,173.342529296875
mp-aaaaacwr,152.5500030517578,143.76295471191406
mp-aaaabsez,19.054000854492188,24.277313232421875
mp-aaaaagel,111.36399841308594,121.48100280761719
mp-aaaaaghk,164.76199340820312,148.12725830078125
mp-aaacdokb,33.417999267578125,37.80116271972656
mp-aaacdrds,50.04100036621094,80.00001525878906
mp-aaaaafys,167.08700561523438,121.70452880859375
mp-aaaaacra,243.2729949951172,146.86593627929688
mp-aaaabrgt,36.770999908447266,51.54011917114258
mp-aaabsqsd,221.36700439453125,232.75506591796875
mp-aaabxfyb,231.43699645996094,190.14881896972656
mp-aaaaapem,62.066001892089844,95.61471557617188
mp-aaaaaabu,112.94400024414062,105.70875549316406
mp-aaaaarhk,110.69499969482422,78.23424530029297
mp-aaaaaesl,183.38800048828125,175.38218688964844
mp-aaabxhms,30.93400001525879,43.33745574951172
mp-aaaaaamt,78.48600006103516,81.32887268066406
mp-aaacdmyh,172.32899475097656,169.3983917236328
mp-aaaaafvz,100.95800018310547,50.01726150512695
mp-aaacegyd,59.005001068115234,75.02226257324219
mp-aaaabslb,3.822999954223633,-9.498489379882812
mp-aaachpsj,105.43900299072266,139.48464965820312
mp-aaabjyhg,117.00399780273438,134.17027282714844
mp-aaaaaayv,85.58499908447266,83.06929016113281
mp-aaacpnse,4.215000152587891,1.9754180908203125
mp-aaabewzk,9.637999534606934,19.316177368164062
mp-aaaaapit,104.08899688720703,148.87081909179688
mp-aaaaaapu,141.375,127.7204360961914
mp-aaaaakms,26.98200035095215,27.298355102539062
mp-aaabxfsk,41.303001403808594,46.61045837402344
mp-aaaaaegy,24.479000091552734,46.649070739746094
mp-aaaaaxld,112.66999816894531,96.69374084472656
mp-aaabgiqc,127.24099731445312,169.2871856689453
mp-aaabgmgh,65.9800033569336,45.904502868652344
mp-aaaaatrr,78.25199890136719,85.09872436523438
mp-aaaabbii,205.1959991455078,172.2581024169922
mp-aaaaakxg,93.08899688720703,73.1983413696289
mp-aaaaadjb,216.3249969482422,237.311767578125
mp-aaaaaefy,183.10899353027344,157.56402587890625
mp-aaaaawjh,101.48500061035156,104.35942077636719
mp-aaabxfxw,80.33599853515625,92.18620300292969
mp-aaacdtuu,52.67300033569336,39.06841278076172
mp-aaaceyux,81.20099639892578,115.28060913085938
mp-aaabxhki,197.7310028076172,153.38363647460938
mp-aaacqiyf,20.395000457763672,51.90113067626953
mp-aaaaaghv,73.57599639892578,93.12722778320312
mp-aaacdjpc,135.6699981689453,143.45806884765625
mp-aaaaadzq,64.41600036621094,77.57223510742188
mp-aaabjbuw,15.22700023651123,4.7975311279296875
mp-aaaabjyf,174.96800231933594,109.07978057861328
mp-aaaabdyf,40.380001068115234,43.03410339355469
mp-aaaaagwx,168.22000122070312,136.5771484375
mp-aaabxcfe,100.69100189208984,102.00370788574219
mp-aaaaaqnw,131.90899658203125,121.69392395019531
mp-aaaabfca,190.99400329589844,204.89309692382812
mp-aaabxgup,104.93199920654297,85.50740051269531
mp-aaaaasno,69.9209976196289,100.60210418701172
mp-aaabmmjh,6.184999942779541,90.83628845214844
mp-aaaaabtc,115.3550033569336,121.68913269042969
mp-aaabxfoq,210.5290069580078,198.13046264648438
mp-aaaaauks,37.066001892089844,-9.820686340332031
mp-aaaaagjm,111.91899871826172,105.7493896484375
mp-aaabxhiw,110.21299743652344,126.47669219970703
mp-aaaaaqwx,76.6500015258789,71.01548767089844
mp-aaabgnlm,1.6109999418258667,69.53871154785156
mp-aaaaamgm,45.0890007019043,36.898536682128906
mp-aaaaacxz,172.54200744628906,146.39833068847656
mp-aaabxhjx,248.3070068359375,208.96148681640625
mp-aaabfjgf,66.03399658203125,111.27967834472656
mp-aaacgexs,112.46900177001953,108.37632751464844
mp-aaaabdyr,82.52899932861328,111.02328491210938
mp-aaaaacjj,135.5590057373047,125.82266998291016
mp-aaaabena,142.28900146484375,114.96807098388672
mp-aaaabrrt,29.913000106811523,44.87437438964844
mp-aaaaafjx,131.71800231933594,112.49237823486328
mp-aaabxazg,93.34300231933594,107.5838623046875
mp-aaacfxgh,170.19000244140625,142.44615173339844
mp-aaabqvzv,38.582000732421875,121.57707977294922
mp-aaacdrek,44.05400085449219,45.81281280517578
mp-aaadbunb,143.968994140625,260.65655517578125
mp-aaacgppf,79.58499908447266,69.13081359863281
mp-aaaaapkv,30.969999313354492,88.4583969116211
mp-aaaaaayz,263.8380126953125,245.293701171875
mp-aaabxjub,179.1909942626953,169.1554412841797
mp-aaaaaatk,79.5510025024414,86.12849426269531
mp-aaaaadkx,242.5989990234375,160.09231567382812
mp-aaaabeva,12.527000427246094,66.66891479492188
mp-aaaaacfp,289.0350036621094,313.68316650390625
mp-aaaaakhl,87.28399658203125,89.74829864501953
mp-aaaciyzo,87.70700073242188,106.50102233886719
mp-aaaaatal,53.305999755859375,55.057533264160156
mp-aaaabrwx,144.52499389648438,156.60006713867188
mp-aaabffqg,23.45400047302246,18.307952880859375
mp-aaaaavxc,24.604999542236328,57.40400314331055
mp-aaadctaf,152.50399780273438,125.52385711669922
mp-aaaaacaq,105.7490005493164,111.53498077392578
mp-aaaabqlo,-6.383999824523926,25.468894958496094
mp-aaaabeyb,193.9709930419922,84.7249526977539
mp-aaaacdlh,134.531005859375,100.84562683105469
mp-aaaabenj,66.7750015258789,89.1822509765625
mp-aaabfltq,89.13899993896484,97.9559555053711
mp-aaabglfk,43.270999908447266,39.426124572753906
mp-aaaaaaiv,209.80799865722656,186.239501953125
mp-aaaaafnd,154.0850067138672,94.24781799316406
mp-aaabrslt,125.55400085449219,82.46989440917969
mp-aaabgjav,66.64600372314453,80.52033996582031
mp-aaacgpba,39.66299819946289,98.59721374511719
mp-aaaabfme,92.177001953125,107.11687469482422
mp-aaabfbco,114.7959976196289,98.31536865234375
mp-aaaabeko,42.95199966430664,53.23846435546875
mp-aaabipys,10.145000457763672,126.01896667480469
mp-aaaaaazh,47.077999114990234,61.183677673339844
mp-aaaabrcz,8.895000457763672,30.14557647705078
mp-aaaaalbq,82.53199768066406,75.01881408691406
mp-aaaaadiy,200.38999938964844,247.89797973632812
mp-aaacfrim,35.48500061035156,33.15228271484375
mp-aaaaasij,135.91400146484375,97.36954498291016
mp-aaacfkfm,93.60700225830078,71.99577331542969
mp-aaacdhvv,68.9749984741211,70.52159118652344
mp-aaaabgiv,147.302001953125,140.54852294921875
mp-aaaabrtw,16.006000518798828,5.490867614746094
mp-aaaccsqn,99.9219970703125,126.89623260498047
mp-aaaaamlb,53.87099838256836,17.3251953125
mp-aaabxcpo,68.91400146484375,77.50923919677734
mp-aaabfhsz,122.822998046875,98.32723999023438
mp-aaaaaebt,124.05999755859375,108.46897888183594
mp-aaaaahqb,195.15699768066406,172.64401245117188
mp-aaaaaskq,65.56300354003906,67.30361938476562
mp-aaaaalks,85.4489974975586,102.8884506225586
mp-aaaaautz,43.638999938964844,24.43524932861328
mp-aaacdhil,76.84200286865234,50.327823638916016
mp-aaaccteu,26.229999542236328,40.724403381347656
mp-aaaaahph,133.14700317382812,123.3592300415039
mp-aaafhlhi,43.60100173950195,67.36378479003906
mp-aaabxgkf,74.4280014038086,70.72050476074219
mp-aaaaaqrt,108.6259994506836,106.78657531738281
mp-aaaabgoh,25.559999465942383,72.45414733886719
mp-aaaaafna,79.23600006103516,50.1052360534668
mp-aaaaaqpd,82.0009994506836,75.32638549804688
mp-aaaaaauo,246.5989990234375,264.820556640625
mp-aaacdlln,244.49899291992188,201.0900115966797
mp-aaaaarwd,145.78900146484375,126.95622253417969
mp-aaabxhbt,236.10800170898438,225.91749572753906
mp-aaabgmir,83.94599914550781,53.27068328857422
mp-aaabghby,98.46900177001953,92.9985122680664
mp-aaaaayln,157.3040008544922,132.97157287597656
mp-aaaaagew,77.61599731445312,65.16146087646484
mp-aaaabkox,196.8719940185547,134.74378967285156
mp-aaaaaxdz,109.53700256347656,95.20736694335938
mp-aaaaabff,147.73399353027344,137.36965942382812
mp-aaabxdqf,62.49800109863281,59.204166412353516
mp-aaaacbiq,98.64900207519531,75.3822021484375
mp-aaaaabxg,65.9280014038086,64.91887664794922
mp-aaabfkpw,127.00499725341797,102.01521301269531
mp-aaabxgdu,142.71400451660156,131.0406494140625
mp-aaabgmnw,167.85800170898438,158.94830322265625
mp-aaabgjpo,98.37699890136719,74.8707046508789
mp-aaaabjfo,76.60900115966797,111.89370727539062
mp-aaaaadue,89.23400115966797,127.157958984375
mp-aaabqxck,137.6719970703125,112.68582153320312
mp-aaabxapx,159.81500244140625,141.71405029296875
mp-aaaaapoy,88.26399993896484,94.01139831542969
mp-aaacdpjf,140.0500030517578,133.66954040527344
mp-aaaaadhq,91.2509994506836,84.29206848144531
mp-aaacerpy,169.7519989013672,160.370849609375
mp-aaabrplx,94.5459976196289,88.80912017822266
mp-aaabgnok,14.727999687194824,25.30756378173828
mp-aaabfzhl,117.09200286865234,86.04423522949219
mp-aaaaaqrd,83.99299621582031,52.50569152832031
mp-aaaaaqhy,122.64299774169922,116.80390167236328
mp-aaaaaxjv,51.637001037597656,43.56175231933594
mp-aaabxcdb,308.427001953125,285.5572204589844
mp-aaaaaiac,197.3820037841797,175.50796508789062
mp-aaabgigw,13.9350004196167,28.518653869628906
mp-aaaaaqbd,83.30599975585938,94.51348876953125
mp-aaaaacqr,54.45399856567383,61.617774963378906
mp-aaafhsfr,47.823001861572266,43.27196502685547
mp-aaabxjuk,74.927001953125,93.99042510986328
mp-aaaabstg,62.07500076293945,94.48078155517578
mp-aaaabfcs,71.96900177001953,69.63853454589844
mp-aaaaaieb,21.006000518798828,34.33903503417969
mp-aaacjbcb,61.0989990234375,74.54837036132812
mp-aaaaapad,102.53700256347656,183.70130920410156
mp-aaacgbxv,117.61199951171875,146.47689819335938
mp-aaabjrfd,30.922000885009766,44.709007263183594
mp-aaaaamau,23.11199951171875,11.016098022460938
mp-aaacdqdi,172.75900268554688,141.14320373535156
mp-aaaaaieo,117.55799865722656,114.08456420898438
mp-aaaaaccl,47.76100158691406,37.813629150390625
mp-aaaabjcz,34.62200164794922,41.996337890625
mp-aaaaathh,35.367000579833984,46.37799072265625
mp-aaacfxjn,99.46299743652344,102.7302017211914
mp-aaaaaoaw,27.42099952697754,55.01332473754883
mp-aaaabpad,188.44500732421875,148.1624298095703
mp-aaacfyxd,49.30699920654297,59.88878631591797
mp-aaaabhvc,21.947999954223633,39.64408874511719
mp-aaacdofg,19.461000442504883,34.358253479003906
mp-aaabgxyc,111.93199920654297,127.765380859375
mp-aaaabjuz,7.822999954223633,8.400161743164062
mp-aaaaaadq,41.90999984741211,48.93772888183594
mp-aaaaafop,167.30499267578125,129.02938842773438
mp-aaabxhhp,194.29200744628906,176.94883728027344
mp-aaacflvi,130.96600341796875,192.81124877929688
mp-aaacfzpq,59.93299865722656,64.69332885742188
mp-aaaaasui,71.3550033569336,71.00557708740234
mp-aaabfbrz,86.64299774169922,113.85356903076172
mp-aaaaaegd,41.29499816894531,54.90812301635742
mp-aaaaaozu,147.36000061035156,114.35745239257812
mp-aaaaaemp,58.400001525878906,68.71240234375
mp-aaaaatiy,320.1940002441406,350.3714599609375
mp-aaabghzs,85.9729995727539,63.002593994140625
mp-aaabxcmy,80.51399993896484,66.11615753173828
mp-aaacehwe,243.04299926757812,236.75027465820312
mp-aaaaabqv,329.552001953125,283.7478332519531
mp-aaabewlx,1.090000033378601,25.210708618164062
mp-aaaaadlc,63.974998474121094,63.39985656738281
mp-aaabxjut,69.98500061035156,66.34821319580078
mp-aaabxgiq,82.70999908447266,83.73677825927734
mp-aaaaadwg,99.3290023803711,86.86341857910156
mp-aaaaapmf,169.28199768066406,151.4149627685547
mp-aaaaaosd,60.20600128173828,61.27336502075195
mp-aaaachod,141.4080047607422,123.348388671875
mp-aaaaarwl,128.27499389648438,173.54959106445312
mp-aaaaaace,8.258999824523926,12.94586181640625
mp-aaaabhvs,1.6729999780654907,66.90113067626953
mp-aaaaaykt,97.43900299072266,110.1431884765625
mp-aaabxggf,158.17999267578125,131.65386962890625
mp-aaaaafqr,55.27199935913086,38.71174621582031
mp-aaabxgol,223.43800354003906,198.9237060546875
mp-aaacdokt,44.4119987487793,61.275203704833984
mp-aaabgkqq,186.80999755859375,164.51194763183594
mp-aaacgoul,129.86099243164062,124.16873168945312
mp-aaacdtua,41.35200119018555,40.332550048828125
mp-aaacdnzl,55.888999938964844,50.851802825927734
mp-aaabxfam,4.923999786376953,76.15959930419922
mp-aaaaaxfx,174.54100036621094,151.86244201660156
mp-aaaaagnv,135.83999633789062,122.38911437988281
mp-aaaabibm,15.769000053405762,10.790573120117188
mp-aaabgmhv,0.8230000138282776,-9.680793762207031
mp-aaabgkam,27.799999237060547,40.72845458984375
mp-aaaaaluu,76.18399810791016,67.78837585449219
mp-aaabxatu,36.5099983215332,34.41193389892578
mp-aaaaahgq,130.29800415039062,152.58932495117188
mp-aaaabgzh,176.13800048828125,174.34286499023438
mp-aaacdhti,78.26100158691406,78.95637512207031
mp-aaaabhnc,70.28500366210938,80.48167419433594
mp-aaaaavvv,88.13800048828125,74.96382141113281
mp-aaaaalnm,10.15999984741211,66.78387451171875
mp-aaagfcen,87.61900329589844,95.74006652832031
mp-aaaaaahi,237.8459930419922,210.58758544921875
mp-aaaabffb,97.75299835205078,101.67830657958984
mp-aaabjzwz,23.708999633789062,117.39630126953125
mp-aaacevuk,113.27400207519531,110.9412612915039
mp-aaacevxk,154.86500549316406,147.01722717285156
mp-aaaaaauy,169.10499572753906,172.1256561279297
mp-aaaaaeei,45.138999938964844,43.56969451904297
mp-aaabqwja,115.76200103759766,97.790283203125
mp-aaabxiwz,12.418999671936035,27.84479522705078
mp-aaaceibf,132.16299438476562,181.02769470214844
mp-aaaaadvw,151.14100646972656,151.17181396484375
mp-aaacehuw,100.88999938964844,141.9453582763672
mp-aaacfzom,104.08399963378906,105.32710266113281
mp-aaaaafoh,45.2599983215332,65.08631134033203
mp-aaaaatxf,88.41899871826172,97.01664733886719
mp-aaabxcnq,38.08399963378906,25.75281524658203
mp-aaaabuiw,6.144000053405762,33.84980773925781
mp-aaacdlra,7.760000228881836,-7.2197265625
mp-aaabeuif,1.9910000562667847,5.194267272949219
mp-aaacewqg,184.6230010986328,140.52239990234375
mp-aaabxjaj,144.31500244140625,162.68101501464844
mp-aaabqypt,89.38999938964844,94.41524505615234
mp-aaacfxxh,102.45500183105469,108.08992767333984
mp-aaabxhhc,155.62899780273438,135.04209899902344
mp-aaacgdje,64.14299774169922,129.5631561279297
mp-aaaabhzv,173.1060028076172,174.17800903320312
mp-aaaabpgk,8.70300006866455,27.68065643310547
mp-aaacezzv,323.5320129394531,430.2095642089844
mp-aaaaaotg,153.71600341796875,123.65445709228516
mp-aaabfodh,68.96099853515625,63.56504821777344
mp-aaaabdxj,227.24400329589844,168.50430297851562
mp-aaaaayfw,99.73100280761719,131.80006408691406
mp-aaaaasph,130.26800537109375,127.45012664794922
mp-aaaaatzi,172.00799560546875,133.36004638671875
mp-aaabjygn,59.944000244140625,75.82734680175781
mp-aaaaaqgn,42.15700149536133,78.32737731933594
mp-aaaaabze,252.76400756835938,209.9459991455078
mp-aaacgirg,181.8979949951172,187.569091796875
mp-aaaabhsg,90.61499786376953,123.84112548828125
mp-aaaaahqt,101.79199981689453,105.03878021240234
mp-aaacdmgz,109.76100158691406,101.11567687988281
mp-aaaaaetu,134.25799560546875,119.69618225097656
mp-aaaaamcn,86.2760009765625,71.7374267578125
mp-aaacdkap,29.768999099731445,35.142791748046875
mp-aaabxjhr,222.55999755859375,191.40069580078125
mp-aaaaaoby,132.843994140625,145.16554260253906
mp-aaaabhop,33.33300018310547,48.02922058105469
mp-aaacrhsu,315.135986328125,259.5678405761719
mp-aaaabiku,1.2419999837875366,10.580635070800781
mp-aaabfcpx,69.71399688720703,117.4947738647461
mp-aaaaaccj,187.13600158691406,167.42208862304688
mp-aaabqvqw,166.16000366210938,158.22665405273438
mp-aaaabehv,39.51599884033203,58.35530471801758
mp-aaabxgjx,168.61300659179688,160.59420776367188
mp-aaaabuni,70.88200378417969,70.36328125
mp-aaaaamip,105.8290023803711,74.00881958007812
mp-aaaaamzj,202.61300659179688,187.1008758544922
mp-aaacdllj,348.89599609375,277.9039611816406
mp-aaaaaarw,82.99800109863281,66.26752471923828
mp-aaaabtbd,56.494998931884766,51.725852966308594
mp-aaaaaurb,33.48699951171875,90.34819793701172
mp-aaaaantw,82.2770004272461,82.66500091552734
mp-aaaaaafx,36.448001861572266,37.43711853027344
mp-aaacdkrl,63.56999969482422,66.22111511230469
mp-aaabxgku,62.952999114990234,54.2211799621582
mp-aaaabkbe,27.54400062561035,41.362518310546875
mp-aaaabpzz,0.5210000276565552,84.65901184082031
mp-aaabxive,86.84600067138672,97.71851348876953
mp-aaaaapaj,48.000999450683594,19.132850646972656
mp-aaacdsmq,71.50900268554688,57.06456756591797
mp-aaaaamml,19.31399917602539,84.56745147705078
mp-aaaaafef,118.23899841308594,108.11836242675781
mp-aaaaaauv,187.38099670410156,169.25637817382812
mp-aaadjulw,9.807999610900879,33.7908935546875
mp-aaacdlju,252.9720001220703,224.0684814453125
mp-aaacfann,311.6310119628906,314.0657958984375
mp-aaabgmji,5.732999801635742,-18.664947509765625
mp-aaabgkhc,276.93701171875,344.0906982421875
mp-aaaabhaf,73.91200256347656,83.77035522460938
mp-aaachcwi,65.11199951171875,83.17835998535156
mp-aaaaaynd,49.67499923706055,53.790863037109375
mp-aaabjxwo,94.64700317382812,116.90200805664062
mp-aaaaagzf,84.80000305175781,110.39046478271484
mp-aaaaajtu,34.222999572753906,38.98656463623047
mp-aaaaalpu,70.322998046875,87.2835922241211
mp-aaacdmwe,20.611000061035156,2.3249359130859375
mp-aaabqzgp,33.051998138427734,65.29010009765625
mp-aaacdlug,47.16400146484375,60.276824951171875
mp-aaabgjnn,190.71400451660156,214.79864501953125
mp-aaaaadad,135.01699829101562,135.6026153564453
mp-aaabxiyc,109.39299774169922,92.33180236816406
mp-aaaaapuo,34.49599838256836,104.74629211425781
mp-aaacctep,18.381000518798828,26.144012451171875
mp-aaaccsph,135.12399291992188,168.77740478515625
mp-aaacdlhr,41.96099853515625,103.48294830322266
mp-aaaaaitt,192.40899658203125,162.3896484375
mp-aaaabdzh,32.66899871826172,31.52887725830078
mp-aaabfszn,7.668000221252441,2.3359222412109375
mp-aaaabune,78.94200134277344,67.27666473388672
mp-aaabxfqs,222.2239990234375,192.0230712890625
mp-aaacdres,41.53499984741211,43.019989013671875
mp-aaaaarse,80.18199920654297,95.29873657226562
mp-aaaaaqsj,113.19300079345703,71.31487274169922
mp-aaaaaern,31.917999267578125,37.57238006591797
mp-aaabxiyp,194.11500549316406,182.9171142578125
mp-aaaabhec,27.1200008392334,80.23278045654297
mp-aaabqych,89.40899658203125,56.6209716796875
mp-aaaaaydp,253.9980010986328,189.4598388671875
mp-aaacfkuv,192.1540069580078,174.5226593017578
mp-aaaaaoww,188.61900329589844,171.235595703125
mp-aaabgkbk,356.27099609375,282.19573974609375
mp-aaaaabux,35.91899871826172,25.312965393066406
mp-aaaaales,148.82400512695312,149.37496948242188
mp-aaaabewf,308.9150085449219,317.343017578125
mp-aaacdjhi,42.97999954223633,54.98607635498047
mp-aaabxfwt,147.29400634765625,116.83274841308594
mp-aaaaaeit,110.3010025024414,132.7852325439453
mp-aaabxaqb,190.18899536132812,168.5962371826172
mp-aaabxcde,92.4530029296875,135.33985900878906
mp-aaaaacyy,69.63099670410156,27.632469177246094
mp-aaaaapdg,59.20800018310547,63.168724060058594
mp-aaabxhaj,40.875,35.96925354003906
mp-aaaaaeyb,112.50399780273438,109.01689910888672
mp-aaabxhhr,209.6269989013672,210.52481079101562
mp-aaabxhkj,48.77899932861328,37.663490295410156
mp-aaabxflu,149.68699645996094,122.63419342041016
mp-aaaaarbq,166.95799255371094,86.40987396240234
mp-aaabxccd,31.48699951171875,40.80042266845703
mp-aaacgowc,125.7300033569336,135.19744873046875
mp-aaaccsrm,141.3179931640625,179.62826538085938
mp-aaacdrni,122.7020034790039,127.34376525878906
mp-aaaaaayj,56.391998291015625,58.29453659057617
mp-aaaaaatz,94.69100189208984,92.95693969726562
mp-aaaaaspo,133.65699768066406,90.02855682373047
mp-aaacdksc,112.1240005493164,73.35723114013672
mp-aaaaarwb,121.00599670410156,111.68101501464844
mp-aaaaahzz,179.96299743652344,161.2417755126953
mp-aaaaaqpx,63.426998138427734,54.763633728027344
mp-aaaaaenm,53.93600082397461,74.52545166015625
mp-aaaaaeer,129.7169952392578,124.61483001708984
mp-aaaaarxt,252.9219970703125,172.8934783935547
mp-aaacfjah,196.281005859375,213.47085571289062
mp-aaaabgbe,180.48199462890625,157.65306091308594
mp-aaabjybl,36.50400161743164,62.007083892822266
mp-aaabxfml,217.64999389648438,193.62632751464844
mp-aaacdwot,17.319000244140625,24.16668701171875
mp-aaaaaxok,136.02000427246094,150.23846435546875
mp-aaabxgnx,104.84600067138672,104.38970184326172
mp-aaaaaspg,53.849998474121094,61.923648834228516
mp-aaaaaerr,133.91299438476562,78.35966491699219
mp-aaacdjcm,136.42999267578125,164.98707580566406
mp-aaacfyzd,93.1969985961914,88.43524169921875
mp-aaabgnim,15.253000259399414,36.55921173095703
mp-aaaaaqvf,63.191001892089844,46.48375701904297
mp-aaaabgix,58.5,80.98178100585938
mp-aaabcspb,60.99800109863281,70.88822937011719
mp-aaaabtdd,89.28299713134766,105.2791748046875
mp-aaabxiyt,276.01300048828125,220.21286010742188
mp-aaacevro,201.6269989013672,232.59194946289062
mp-aaacdioe,42.3390007019043,59.407958984375
mp-aaacdhlg,227.552001953125,167.69630432128906
mp-aaabxgrj,52.244998931884766,60.659828186035156
mp-aaaabeci,109.12899780273438,77.77468872070312
mp-aaabqxtm,25.073999404907227,126.30445098876953
mp-aaaaajas,185.09100341796875,149.76187133789062
mp-aaaaallb,61.23099899291992,57.686302185058594
mp-aaaaadsv,36.70500183105469,32.974151611328125
mp-aaaaadqp,35.18600082397461,41.534324645996094
mp-aaaabehh,38.38199996948242,45.366790771484375
mp-aaabghtv,127.69100189208984,156.86618041992188
mp-aaafdvub,9.512999534606934,3.5197601318359375
mp-aaacfkpy,46.6619987487793,48.845558166503906
mp-aaacdihe,68.28500366210938,53.987709045410156
mp-aaabgire,118.03500366210938,211.25306701660156
mp-aaacdryl,57.03099822998047,48.56303405761719
mp-aaabxixq,71.20099639892578,76.07977294921875
mp-aaaaadkf,53.224998474121094,42.909454345703125
mp-aaabjots,24.052000045776367,24.978363037109375
mp-aaabgiac,136.2480010986328,129.01425170898438
mp-aaaaakoh,58.12799835205078,52.711570739746094
mp-aaabglbw,122.68299865722656,135.30911254882812
mp-aaaaahhg,123.38500213623047,130.9025115966797
mp-aaaaapar,3.578000068664551,-44.166656494140625
mp-aaaabeur,120.09700012207031,79.50190734863281
mp-aaabrbhe,191.9250030517578,193.48626708984375
mp-aaaaaeaz,119.37999725341797,96.57135772705078
mp-aaabfwep,40.59299850463867,68.99874877929688
mp-aaaaadhx,71.97799682617188,80.48231506347656
mp-aaaabidg,20.663000106811523,61.76448440551758
mp-aaaabrzs,81.10700225830078,81.19072723388672
mp-aaabxgqv,234.97300720214844,213.07276916503906
mp-aaaaagev,132.58799743652344,119.18293762207031
mp-aaaabsxn,27.87299919128418,36.36421203613281
mp-aaabwpgx,42.4119987487793,52.52181625366211
mp-aaabjpdt,65.94499969482422,75.38566589355469
mp-aaaabqvh,108.20800018310547,71.87712097167969
mp-aaaabrlk,94.25599670410156,107.4529037475586
mp-aaaaaong,27.893999099731445,53.66375732421875
mp-aaaabszl,55.8120002746582,55.17086410522461
mp-aaacgisz,165.6219940185547,184.20159912109375
mp-aaacgipq,136.7100067138672,128.05270385742188
mp-aaaaasrm,62.819000244140625,63.86240005493164
mp-aaaabfcq,47.59600067138672,58.36845779418945
mp-aaaaakzw,37.56100082397461,52.02430725097656
mp-aaacdhvc,150.6719970703125,141.4037322998047
mp-aaaaacjq,6.090000152587891,31.26007843017578
mp-aaaaadbd,167.7010040283203,179.20005798339844
mp-aaaaacoa,233.1219940185547,223.74533081054688
mp-aaaabpeh,9.649999618530273,9.885086059570312
mp-aaacdpuo,210.7899932861328,254.85740661621094
mp-aaaaaiof,97.86699676513672,129.183349609375
mp-aaaabubu,38.630001068115234,65.09353637695312
mp-aaaaageu,96.95800018310547,76.12330627441406
mp-aaacgbus,142.37399291992188,77.7767333984375
mp-aaaaaxqa,115.0250015258789,114.64254760742188
mp-aaaaaial,121.9489974975586,124.87933349609375
mp-aaacdrnf,61.45800018310547,60.78812789916992
mp-aaaaadva,167.34500122070312,162.792724609375
mp-aaaaahaz,18.26300048828125,76.12643432617188
mp-aaaaaown,164.87600708007812,139.62474060058594
mp-aaacfwzx,46.06999969482422,58.83865737915039
mp-aaaabrws,166.68899536132812,113.39781951904297
mp-aaaaasqq,44.0620002746582,41.63885498046875
mp-aaabgqrh,12.229000091552734,25.97418975830078
mp-aaaaanwl,72.09500122070312,110.96819305419922
mp-aaabxazi,206.94400024414062,217.61880493164062
mp-aaacehhw,39.38800048828125,61.14528274536133
mp-aaabizzh,16.555999755859375,27.957763671875
mp-aaacdqdl,96.01699829101562,88.62257385253906
mp-aaaaaqom,184.6790008544922,177.559814453125
mp-aaaaabwm,106.3010025024414,92.24285888671875
mp-aaaaakwh,57.99399948120117,72.25863647460938
mp-aaaaamsx,24.52899932861328,50.1055908203125
mp-aaaaanjd,92.68299865722656,94.5405502319336
mp-aaabraab,159.7449951171875,123.00553894042969
mp-aaabjjea,113.25700378417969,108.46528625488281
mp-aaaabebf,21.30900001525879,89.12808227539062
mp-aaabiyhx,15.373000144958496,-3.7466964721679688
mp-aaacboiv,16.486000061035156,107.82678985595703
mp-aaaaapep,171.20799255371094,147.49844360351562
mp-aaacfjrq,311.56500244140625,319.4219665527344
mp-aaacdkux,174.37899780273438,162.23046875
mp-aaaaajxe,39.50899887084961,0.3140106201171875
mp-aaabfpst,119.34400177001953,49.11597442626953
mp-aaabrgvl,81.68399810791016,68.22557067871094
mp-aaaabhwt,19.888999938964844,22.67620849609375
mp-aaacdpwm,83.85600280761719,100.48115539550781
mp-aaacifid,29.739999771118164,171.42596435546875
mp-aaacdifu,179.6909942626953,190.62771606445312
mp-aaackvor,213.63600158691406,228.17269897460938
mp-aaabxfmz,49.04399871826172,56.37797927856445
mp-aaabghwl,317.7929992675781,203.75059509277344
mp-aaaabdls,84.27999877929688,88.19477081298828
mp-aaacdmcv,38.76499938964844,-4.870689392089844
mp-aaaaaawk,195.7429962158203,198.57571411132812
mp-aaaabiuq,13.937000274658203,-1.35296630859375
mp-aaabxjvj,100.50800323486328,73.41726684570312
mp-aaacduag,132.156005859375,153.65087890625
mp-aaabxgxp,117.35099792480469,72.59689331054688
mp-aaaaafaz,152.12600708007812,150.26968383789062
mp-aaacevrd,62.391998291015625,53.53565216064453
mp-aaaaahhy,244.8679962158203,184.17626953125
mp-aaabjyay,34.80099868774414,45.62415313720703
mp-aaaabdow,92.23300170898438,107.04930114746094
mp-aaaaaimk,47.902000427246094,72.56419372558594
mp-aaaabfrp,16.70800018310547,40.015281677246094
mp-aaaftrdu,187.23699951171875,180.0810546875
mp-aaaaaoeb,66.21099853515625,68.16731262207031
mp-aaaabefb,121.5,82.36781311035156
mp-aaabghxh,103.23899841308594,82.71099090576172
mp-aaacewod,29.5310001373291,59.219478607177734
mp-aaacflvu,168.31399536132812,158.20896911621094
mp-aaabctja,20.916000366210938,84.35204315185547
mp-aaabcugv,32.694000244140625,34.636207580566406
mp-aaacdoem,64.87999725341797,51.881629943847656
mp-aaacdphl,10.548999786376953,-12.007125854492188
mp-aaacfktc,68.99199676513672,64.78076934814453
mp-aaabgkpm,253.20199584960938,206.41183471679688
mp-aaaaarbx,208.00799560546875,187.43702697753906
mp-aaacdnzp,126.0530014038086,106.85148620605469
mp-aaaabeaz,48.542999267578125,44.97648620605469
mp-aaaccsqw,171.875,176.68728637695312
mp-aaaaacnm,131.5449981689453,121.46614074707031
mp-aaabforh,50.553001403808594,51.51137924194336
mp-aaacdiwu,83.302001953125,88.3455581665039
mp-aaaabhpv,107.7249984741211,105.17469787597656
mp-aaaaamvo,120.84300231933594,118.49629211425781
mp-aaabxhdw,77.7030029296875,132.8063201904297
mp-aaaaajpu,46.26100158691406,52.793766021728516
mp-aaacflox,185.822998046875,126.1195297241211
mp-aaacflir,179.62100219726562,175.29205322265625
mp-aaabqyas,212.61300659179688,271.8392333984375
mp-aaackwvr,138.81700134277344,97.53577423095703
mp-aaaaahkw,43.8489990234375,91.5794677734375
mp-aaacltmd,67.8499984741211,97.65486145019531
mp-aaacdiaa,94.08300018310547,95.0286636352539
mp-aaacfriv,31.67300033569336,32.751121520996094
mp-aaaaaltt,20.663999557495117,29.58905029296875
mp-aaaaaeff,95.23999786376953,117.34207153320312
mp-aaabxfqk,172.95700073242188,186.0191192626953
mp-aaabxiwd,28.445999145507812,30.9541015625
mp-aaabfrqy,42.630001068115234,78.69633483886719
mp-aaaaboxw,41.50400161743164,25.699874877929688
mp-aaacfljc,58.6609992980957,61.11790466308594
mp-aaaaarwi,111.09600067138672,100.20984649658203
mp-aaaacbje,53.347999572753906,104.46505737304688
mp-aaaaajfk,109.05999755859375,97.63886260986328
mp-aaaaaath,24.69099998474121,25.11052703857422
mp-aaaaajfo,82.8290023803711,70.88410186767578
mp-aaaaaofq,49.16400146484375,107.68694305419922
mp-aaaaaknh,80.01000213623047,77.7388916015625
mp-aaaaaaby,194.52699279785156,180.01422119140625
mp-aaacfywa,197.06900024414062,176.43270874023438
mp-aaaaabgt,95.90599822998047,92.11258697509766
mp-aaacdozm,131.73599243164062,138.29183959960938
mp-aaaaayul,21.87299919128418,35.505348205566406
mp-aaabxhbu,34.090999603271484,44.69981384277344
mp-aaaaavqq,143.8300018310547,111.52254486083984
mp-aaacehwc,33.191001892089844,12.308151245117188
mp-aaaabykv,68.677001953125,77.04940795898438
mp-aaaaayfm,84.18699645996094,76.78742980957031
mp-aaacdjoz,157.156005859375,154.9176025390625
mp-aaabqyes,39.042999267578125,137.31491088867188
mp-aaaabgpl,108.7760009765625,102.78074645996094
mp-aaaabiiw,16.827999114990234,70.89002227783203
mp-aaaabpaj,2.1670000553131104,48.933555603027344
mp-aaaaagos,143.3730010986328,82.26766204833984
mp-aaaacboy,27.990999221801758,64.35049438476562
mp-aaacgisb,114.21099853515625,115.4469223022461
mp-aaabxcgu,92.2770004272461,80.42439270019531
mp-aaaacaeu,48.7869987487793,94.69450378417969
mp-aaabxdrx,89.45099639892578,99.39176940917969
mp-aaacfjlw,222.21800231933594,181.00869750976562
mp-aaaaagcs,134.46600341796875,68.43003845214844
mp-aaabxhbp,43.874000549316406,45.594276428222656
mp-aaaabfjh,53.47100067138672,56.48581314086914
mp-aaaabfln,156.70799255371094,165.63577270507812
mp-aaacfxyv,115.23600006103516,113.8128433227539
mp-aaaabtoe,216.25100708007812,187.63894653320312
mp-aaacdqcz,141.2550048828125,157.31478881835938
mp-aaaabwix,226.44200134277344,213.22784423828125
mp-aaacdvze,64.7300033569336,60.86953353881836
mp-aaaabpcb,190.2790069580078,190.19676208496094
mp-aaabxivn,53.486000061035156,51.28889465332031
mp-aaacdpns,190.4530029296875,124.48185729980469
mp-aaaababk,71.16200256347656,73.18240356445312
mp-aaabfhos,124.74800109863281,108.0879135131836
mp-aaaabdyv,201.26800537109375,190.48480224609375
mp-aaabxbcw,145.9810028076172,141.77980041503906
mp-aaaabgio,35.395999908447266,80.44591522216797
mp-aaaaaoia,20.878999710083008,36.76069641113281
mp-aaacjkeu,61.933998107910156,79.75003051757812
mp-aaaabsqa,105.73600006103516,123.82696533203125
mp-aaacdpwy,103.39099884033203,141.92129516601562
mp-aaacdhmu,183.26600646972656,154.0263671875
mp-aaaaacih,154.08299255371094,189.80462646484375
mp-aaabmcrk,196.3179931640625,154.0564422607422
mp-aaacdhlh,51.65299987792969,49.223411560058594
mp-aaaaaamc,85.62799835205078,91.53494262695312
mp-aaaaasvw,202.447998046875,209.03038024902344
mp-aaacearh,181.13699340820312,241.6954345703125
mp-aaaaamgr,163.1280059814453,138.02523803710938
mp-aaabxgud,194.96600341796875,170.81361389160156
mp-aaaaabey,172.1439971923828,172.84458923339844
mp-aaaaaspn,147.2050018310547,107.99079895019531
mp-aaaaatmr,176.10400390625,275.8652648925781
mp-aaacdtow,218.71600341796875,197.81204223632812
mp-aaaaagtv,149.04299926757812,89.75663757324219
mp-aaaaajsm,86.46600341796875,63.36408996582031
mp-aaacgoov,132.82699584960938,193.42050170898438
mp-aaaabdij,202.8820037841797,158.05316162109375
mp-aaabqybn,138.89599609375,138.23806762695312
mp-aaaaakhf,272.3280029296875,158.03802490234375
mp-aaaaaien,65.94300079345703,52.34701919555664
mp-aaacfydk,82.5770034790039,71.20745086669922
mp-aaaaaflu,161.96400451660156,169.43572998046875
mp-aaaabogs,19.249000549316406,23.48650360107422
mp-aaaaayoz,172.08399963378906,142.98162841796875
mp-aaabqxyl,141.83599853515625,146.0906982421875
mp-aaadjxmb,-159.79600524902344,73.77345275878906
mp-aaaaaivx,158.96400451660156,138.043701171875
mp-aaaabtzx,101.88999938964844,104.33635711669922
mp-aaacdjon,90.97000122070312,73.13880920410156
mp-aaabxffv,41.104000091552734,11.651008605957031
mp-aaaaajqv,122.86900329589844,122.09862518310547
mp-aaaaalgm,108.20700073242188,107.04914855957031
mp-aaabxcfy,148.8730010986328,146.75381469726562
mp-aaacfkyf,34.75699996948242,75.7807388305664
mp-aaacgitf,27.917999267578125,50.87375259399414
mp-aaabxgwx,25.27400016784668,41.13490295410156
mp-aaabxfpv,208.50100708007812,195.69520568847656
mp-aaaaacri,25.187000274658203,72.13134765625
mp-aaabxgfw,106.6259994506836,121.35281372070312
mp-aaabqynx,63.94300079345703,52.17899703979492
mp-aaabxgbq,132.86000061035156,74.65846252441406
mp-aaaaacgo,162.06300354003906,116.13497161865234
mp-aaacfalg,158.82000732421875,174.50608825683594
mp-aaaaalty,98.2249984741211,102.21387481689453
mp-aaabdbax,98.5999984741211,67.92695617675781
mp-aaabxapf,182.0469970703125,175.4274139404297
mp-aaaaabjf,56.9900016784668,56.38804626464844
mp-aaabxgzo,152.68600463867188,186.017333984375
mp-aaacdsgj,65.98300170898438,78.09207153320312
mp-aaaaapup,162.6490020751953,134.3605194091797
mp-aaaabtgy,109.13800048828125,93.056640625
mp-aaabxazc,39.952999114990234,31.099716186523438
mp-aaaaauru,68.71199798583984,70.31048583984375
mp-aaabxitw,145.86599731445312,132.4688720703125
mp-aaaaaazx,124.10299682617188,115.73926544189453
mp-aaaabflh,89.9020004272461,96.4411392211914
mp-aaabxfvs,153.47900390625,190.16278076171875
mp-aaaabikh,13.432000160217285,19.542037963867188
mp-aaaaacjl,206.15199279785156,194.47714233398438
mp-aaaaaeka,23.902999877929688,66.35617065429688
mp-aaaaagcm,64.43299865722656,54.25094985961914
mp-aaaabffx,70.5250015258789,73.548828125
mp-aaaaaeeq,157.6009979248047,136.04299926757812
mp-aaaacflz,203.35800170898438,147.25552368164062
mp-aaacfiqh,29.726999282836914,48.89801025390625
mp-aaaabfhb,42.268001556396484,38.6905517578125
mp-aaabgnrc,126.11699676513672,117.33383178710938
mp-aaacevtx,121.85800170898438,120.03591918945312
mp-aaaaaukt,36.92599868774414,-6.004669189453125
mp-aaabjycg,92.45500183105469,129.48391723632812
mp-aaaaaoec,57.02299880981445,58.842159271240234
mp-aaaaabna,157.9770050048828,91.78252410888672
mp-aaaabsxm,89.29499816894531,92.41546630859375
mp-aaaaaihm,67.35299682617188,65.86820983886719
mp-aaaaafen,50.470001220703125,78.7002182006836
mp-aaaabhrk,93.3759994506836,86.78807830810547
mp-aaaaaipw,140.7220001220703,125.41340637207031
mp-aaabgiiv,75.97899627685547,88.36868286132812
mp-aaaabieb,86.26599884033203,124.9554672241211
mp-aaaaarmp,30.97599983215332,48.327518463134766
mp-aaaaaced,337.97900390625,331.3159484863281
mp-aaaaafld,27.062999725341797,93.0521011352539
mp-aaabxgpk,283.8810119628906,247.5976104736328
mp-aaaaaqrx,158.0279998779297,125.48919677734375
mp-aaacdmjy,9.437000274658203,37.3238525390625
mp-aaacdkpe,143.0590057373047,130.591064453125
mp-aaaaagep,64.5479965209961,80.8327407836914
mp-aaabxjvw,65.1500015258789,67.26374053955078
mp-aaaabhvx,10.48799991607666,96.13827514648438
mp-aaaaaclc,60.209999084472656,125.71874237060547
mp-aaaabfje,82.19200134277344,140.6361083984375
mp-aaaaaqyo,136.093994140625,118.53399658203125
mp-aaaabprn,18.586999893188477,-8.237380981445312
mp-aaaaamql,41.5099983215332,46.40850830078125
mp-aaabxjas,200.1280059814453,190.58609008789062
mp-aaacdphk,13.812999725341797,2.61932373046875
mp-aaacehxw,18.551000595092773,31.013206481933594
mp-aaaabpel,10.52299976348877,-1.1950149536132812
mp-aaaaamqh,171.5290069580078,181.09396362304688
mp-aaaabhzd,31.854999542236328,50.01103591918945
mp-aaabxgtm,152.75799560546875,177.76998901367188
mp-aaaaaqza,18.768999099731445,35.96600341796875
mp-aaaaauxy,169.13499450683594,144.59725952148438
mp-aaaaasyg,202.16900634765625,182.07223510742188
mp-aaacdhto,40.81800079345703,35.239601135253906
mp-aaacehxb,17.784000396728516,40.03863525390625
mp-aaacdplw,172.71499633789062,200.22943115234375
mp-aaabxclg,24.976999282836914,56.25376510620117
mp-aaaaahwa,194.91099548339844,187.70034790039062
mp-aaabxgtw,128.59300231933594,129.03842163085938
mp-aaaaalpt,56.94300079345703,72.46002197265625
mp-aaabghew,86.47699737548828,134.62619018554688
mp-aaaabrwq,47.470001220703125,70.4322738647461
mp-aaaabyzr,45.540000915527344,21.00214385986328
mp-aaabxish,286.2590026855469,220.9945831298828
mp-aaaaafhr,83.52200317382812,67.02284240722656
mp-aaabmkse,51.832000732421875,56.046165466308594
mp-aaaaawgz,155.6219940185547,139.52577209472656
mp-aaaabdmf,15.633999824523926,74.87350463867188
mp-aaacfycl,105.18499755859375,168.7240753173828
mp-aaaaaxjb,40.48899841308594,58.57408142089844
mp-aaaaaxsu,79.97200012207031,77.86265563964844
mp-aaaaaqon,104.41699981689453,124.1773910522461
mp-aaaaahbk,94.66699981689453,108.77486419677734
mp-aaacdsre,110.64700317382812,75.1751480102539
mp-aaabeepz,196.08200073242188,163.7766876220703
mp-aaaabfmi,61.180999755859375,30.115875244140625
mp-aaacevup,123.63400268554688,131.2823944091797
mp-aaaaaadv,44.7599983215332,48.52273178100586
mp-aaaaaajv,17.22100067138672,31.68670654296875
mp-aaacdkeu,45.03900146484375,49.645851135253906
mp-aaaaahme,26.207000732421875,28.325828552246094
mp-aaaabiid,20.242000579833984,90.72786712646484
mp-aaaaabyp,74.30500030517578,36.955665588378906
mp-aaabjyaw,99.59700012207031,81.66283416748047
mp-aaaabqxz,9.878999710083008,34.29296112060547
mp-aaaaadol,169.48800659179688,170.7139129638672
mp-aaabxfnf,170.48300170898438,140.28932189941406
mp-aaabxgzg,82.73400115966797,80.50654602050781
mp-aaacdjdd,199.02699279785156,162.44110107421875
mp-aaaaaqck,32.63199996948242,100.45113372802734
mp-aaaaapxa,122.97799682617188,108.99787139892578
mp-aaaaaqqp,33.972999572753906,50.5793342590332
mp-aaaaahbn,134.48300170898438,119.75299835205078
mp-aaacdkgk,92.20999908447266,99.6707534790039
mp-aaaabpmv,15.232999801635742,60.720035552978516
mp-aaacflsr,42.39099884033203,84.09989929199219
mp-aaaabhyy,11.845000267028809,64.26412200927734
mp-aaaaaayy,28.18899917602539,33.07652282714844
mp-aaabxfqx,109.20999908447266,99.74559783935547
mp-aaabxfnr,103.48100280761719,100.29285430908203
mp-aaacgfaq,31.351999282836914,25.31041717529297
mp-aaaabouc,94.86900329589844,109.14187622070312
mp-aaabxfkt,112.13400268554688,102.57295227050781
mp-aaaabpyy,36.27799987792969,45.01808166503906
mp-aaaabsar,38.53099822998047,71.38232421875
mp-aaacfriq,57.654998779296875,29.51714324951172
mp-aaabxfvk,184.95799255371094,196.60540771484375
mp-aaaabsim,165.26600646972656,181.62460327148438
mp-aaabxjtf,41.79999923706055,38.90412139892578
mp-aaaaadpg,70.03199768066406,63.50943374633789
mp-aaacdivg,57.30699920654297,51.49842834472656
mp-aaabxjek,65.40499877929688,64.86032104492188
mp-aaabgkum,73.06999969482422,77.13069915771484
mp-aaacpktr,6.710000038146973,45.23326110839844
mp-aaacdiqw,84.80899810791016,78.92385864257812
mp-aaabxdsx,67.21099853515625,71.90795135498047
mp-aaaaaclr,239.46499633789062,595.3854370117188
mp-aaaaaaqj,153.46600341796875,157.12306213378906
mp-aaaabtwt,106.1969985961914,107.84613800048828
mp-aaaaaccv,198.81199645996094,192.90823364257812
mp-aaaaakzz,35.57500076293945,37.917137145996094
mp-aaaaaffw,62.7140007019043,58.26428985595703
mp-aaaaahal,90.67500305175781,95.18431091308594
mp-aaabgneg,63.96500015258789,62.083580017089844
mp-aaaaaria,43.74300003051758,33.22358703613281
mp-aaabxcml,55.77000045776367,48.79011917114258
mp-aaaaapaa,76.5739974975586,74.00886535644531
mp-aaaceqeu,148.10400390625,201.55484008789062
mp-aaaaadyo,82.3239974975586,92.51805114746094
mp-aaabgivm,53.944000244140625,60.3824462890625
mp-aaaaakzq,55.356998443603516,60.78465270996094
mp-aaabgnbr,48.749000549316406,53.246788024902344
mp-aaaabtcs,39.97200012207031,49.12506103515625
mp-aaacfajr,10.75100040435791,14.894027709960938
mp-aaabgkic,153.92999267578125,211.52207946777344
mp-aaacfkxx,46.20500183105469,56.40771484375
mp-aaaaacks,105.2699966430664,85.92317199707031
mp-aaaaabge,57.624000549316406,54.65184783935547
mp-aaaaalre,47.00600051879883,52.42776870727539
mp-aaaaactt,206.52999877929688,136.6575927734375
mp-aaaaarct,187.0500030517578,159.07130432128906
mp-aaaaaafu,168.19500732421875,169.2057342529297
mp-aaabxhaw,48.487998962402344,40.033172607421875
mp-aaaaadxi,312.5660095214844,286.4652099609375
mp-aaabxggh,129.6320037841797,115.47012329101562
mp-aaaaafhm,125.38099670410156,109.37901306152344
mp-aaaaadyw,162.27699279785156,128.0016326904297
mp-aaabghbu,89.85900115966797,81.62667846679688
mp-aaabxgbs,3.2890000343322754,104.33243560791016
mp-aaaabihw,23.090999603271484,39.96342468261719
mp-aaaaajbm,120.70999908447266,76.76750946044922
mp-aaaaamcl,71.73899841308594,53.44636154174805
mp-aaaaarat,70.44599914550781,95.30704498291016
mp-aaabjyae,157.64199829101562,234.46380615234375
mp-aaaaafvy,76.8270034790039,65.34934997558594
mp-aaaabhxq,40.560001373291016,98.59538269042969
mp-aaacevyd,105.5459976196289,108.80274200439453
mp-aaaaahhi,158.53900146484375,144.44955444335938
mp-aaaaavbe,50.888999938964844,28.334678649902344
mp-aaabgkpl,40.4010009765625,44.747886657714844
mp-aaaaahxu,41.891998291015625,20.6026611328125
mp-aaacdjjy,203.4219970703125,244.36273193359375
mp-aaabxgwt,46.74100112915039,65.2195053100586
mp-aaabjygb,111.11599731445312,155.8374481201172
mp-aaaaaout,194.13900756835938,172.38705444335938
mp-aaaaajcq,151.65699768066406,147.5226593017578
mp-aaabmknx,48.97200012207031,46.84962463378906
mp-aaacdkhf,4.920000076293945,-10.644691467285156
mp-aaacfywy,21.74799919128418,21.177459716796875
mp-aaacgivn,85.95700073242188,80.12550354003906
mp-aaaabqoo,77.67900085449219,79.94723510742188
mp-aaacevyu,104.5250015258789,128.24607849121094
mp-aaaabikr,17.476999282836914,17.6485595703125
mp-aaaabfpu,113.28199768066406,143.01824951171875
mp-aaabxhak,237.93099975585938,234.45831298828125
mp-aaaaadzl,117.85199737548828,145.53326416015625
mp-aaaaaqvh,66.22899627685547,43.343849182128906
mp-aaaabudl,204.22799682617188,195.41018676757812
mp-aaacdwrk,83.1719970703125,78.09507751464844
mp-aaaaarkn,84.4260025024414,75.13478088378906
mp-aaabxgwe,64.28099822998047,82.92988586425781
mp-aaabxhgc,246.13900756835938,198.89303588867188
mp-aaaabprf,24.003999710083008,42.686073303222656
mp-aaacdqch,175.38099670410156,147.24215698242188
mp-aaaaacic,117.75199890136719,132.95947265625
mp-aaaaakxt,31.429000854492188,45.51092529296875
mp-aaacewit,224.46400451660156,232.87850952148438
mp-aaaaacft,199.94900512695312,187.17816162109375
mp-aaaabgts,175.35400390625,196.3255615234375
mp-aaacdjfn,78.73500061035156,85.45406341552734
mp-aaacfzyy,223.08099365234375,172.06602478027344
mp-aaaaacez,42.064998626708984,22.539405822753906
mp-aaaaaovr,105.34100341796875,68.31468200683594
mp-aaacfjxj,342.0320129394531,292.591552734375
mp-aaafvitu,17.533000946044922,45.99754333496094
mp-aaaabeel,183.3769989013672,181.71563720703125
mp-aaaaabwc,58.375999450683594,68.45236206054688
mp-aaaaajzl,110.55899810791016,99.27662658691406
mp-aaaaabbn,245.65899658203125,232.72216796875
mp-aaabsfhf,115.54299926757812,75.2901840209961
mp-aaacfyda,13.803999900817871,18.17534637451172
mp-aaaabuaa,36.47800064086914,63.26630783081055
mp-aaaaasyk,131.58599853515625,140.45611572265625
mp-aaaaaczr,128.33399963378906,183.64047241210938
mp-aaabxfsz,80.0250015258789,85.32516479492188
mp-aaacdmjs,162.92599487304688,157.5520477294922
mp-aaacgpee,53.691001892089844,102.56295776367188
mp-aaabxhae,352.906005859375,270.9742431640625
mp-aaaaauwu,35.03099822998047,54.59006118774414
mp-aaacfjnv,155.14700317382812,197.90194702148438
mp-aaaaatjv,112.41400146484375,139.65097045898438
mp-aaaabhfz,153.63499450683594,126.879150390625
mp-aaabxghx,261.0069885253906,212.96630859375
mp-aaabghwn,169.33900451660156,181.95867919921875
mp-aaabnrde,42.321998596191406,37.60125732421875
mp-aaaaavfm,15.168999671936035,57.80400085449219
mp-aaaabigf,56.124000549316406,68.03083801269531
mp-aaabxfdc,189.70899963378906,185.35145568847656
mp-aaaaarym,29.856000900268555,31.49866485595703
mp-aaaaaela,75.46399688720703,73.3238525390625
mp-aaabmzgz,55.49300003051758,35.67657470703125
mp-aaaaamuc,280.9590148925781,241.85995483398438
mp-aaabxflt,195.91299438476562,204.5401153564453
mp-aaaabtjt,107.75499725341797,102.03628540039062
mp-aaabilai,33.6349983215332,76.31304931640625
mp-aaabxfmp,111.4729995727539,105.47948455810547
mp-aaaaaflx,157.01499938964844,141.00511169433594
mp-aaabikfw,84.66300201416016,127.66014862060547
mp-aaacehzg,16.18199920654297,47.19343566894531
mp-aaaaabzv,108.46600341796875,110.96834564208984
mp-aaacdrfb,80.58200073242188,79.53011322021484
mp-aaabkcwq,14.213000297546387,12.579238891601562
mp-aaabjygm,24.542999267578125,65.75419616699219
mp-aaacgoti,144.2989959716797,171.0884246826172
mp-aaaabhkv,73.93000030517578,128.0673828125
mp-aaaabphg,123.8489990234375,102.35063171386719
mp-aaaaanur,51.619998931884766,79.57939147949219
mp-aaaaaqwm,128.47300720214844,131.68101501464844
mp-aaaaaylh,100.23200225830078,103.29519653320312
mp-aaacechq,96.23100280761719,109.07962799072266
mp-aaaaabcc,175.12100219726562,103.26007843017578
mp-aaaabijg,23.047000885009766,55.29222869873047
mp-aaaaaqwf,167.906005859375,157.30856323242188
mp-aaacewkh,187.53799438476562,167.3187713623047
mp-aaaabqpp,81.84300231933594,59.46135330200195
mp-aaaaaeqs,18.677000045776367,23.5218505859375
mp-aaabfwkk,134.5489959716797,186.8551483154297
mp-aaabfbiq,70.5,68.38853454589844
mp-aaacgiol,84.54299926757812,92.10304260253906
mp-aaaaasaj,47.58700180053711,82.05693054199219
mp-aaaabpeu,59.625,43.390289306640625
mp-aaaaakat,102.38500213623047,106.46650695800781
mp-aaabxces,56.49399948120117,65.79313659667969
mp-aaabqyab,14.133999824523926,23.147178649902344
mp-aaaabdvb,55.44300079345703,83.63179779052734
mp-aaacdpas,173.55299377441406,161.52247619628906
mp-aaaaadjt,55.790000915527344,68.26548767089844
mp-aaaabrcq,63.6150016784668,78.40739440917969
mp-aaabgirl,72.375,59.452945709228516
mp-aaaaasxf,38.83700180053711,35.91822052001953
mp-aaafnbaf,54.30799865722656,59.833831787109375
mp-aaaaadpf,126.33699798583984,88.85004425048828
mp-aaabgmpb,14.859999656677246,15.909721374511719
mp-aaaabala,64.88400268554688,72.48638916015625
mp-aaaaatch,39.446998596191406,64.03516387939453
mp-aaaaaaea,32.44499969482422,58.26213836669922
mp-aaabxiwm,238.28700256347656,223.80946350097656
mp-aaacgifi,79.60199737548828,63.62640380859375
mp-aaacdryb,47.66699981689453,72.96440887451172
mp-aaacewmp,43.0989990234375,42.942176818847656
mp-aaaabenp,103.8489990234375,91.05470275878906
mp-aaaaaidl,134.89999389648438,122.77640533447266
mp-aaaaadsq,151.7989959716797,136.11825561523438
mp-aaaaaahy,77.51899719238281,77.58169555664062
mp-aaaaatua,46.952999114990234,38.739105224609375
mp-aaabgkom,225.6479949951172,225.11773681640625
mp-aaaabdum,24.298999786376953,52.33320236206055
mp-aaachdcj,40.24100112915039,32.91248321533203
mp-aaaaakgl,164.95700073242188,103.55998992919922
mp-aaaaalfu,198.32400512695312,154.5839385986328
mp-aaaaabau,173.6719970703125,162.0107421875
mp-aaacgowa,43.832000732421875,109.71338653564453
mp-aaaaaibs,113.03600311279297,91.9919662475586
mp-aaaaaosn,74.05799865722656,67.66496276855469
mp-aaaceiqe,13.510000228881836,24.350296020507812
mp-aaaaadfv,228.6199951171875,202.31658935546875
mp-aaaabgwr,103.96900177001953,77.21829986572266
mp-aaaaadvs,205.74600219726562,150.5941925048828
mp-aaabxjvp,83.32599639892578,86.06918334960938
mp-aaaaacxg,76.02100372314453,64.36468505859375
mp-aaaaaceh,174.49899291992188,191.24826049804688
mp-aaaaaykh,65.43900299072266,100.4542236328125
mp-aaaaarkc,72.03399658203125,91.64936828613281
mp-aaabgnrd,145.7030029296875,138.22853088378906
mp-aaaaaqrv,124.84500122070312,89.89234161376953
mp-aaacgpaz,37.74700164794922,94.12339782714844
mp-aaaaatzj,81.12799835205078,93.09833526611328
mp-aaacdmsy,141.6529998779297,135.11563110351562
mp-aaaceads,203.0030059814453,178.38589477539062
mp-aaacdhnl,78.37100219726562,96.1749496459961
mp-aaaaadhc,119.72699737548828,103.17301940917969
mp-aaaaakjm,173.24000549316406,85.19985961914062
mp-aaacewae,28.4060001373291,46.39726257324219
mp-aaacfkin,34.66600036621094,62.319942474365234
mp-aaaabgxz,13.935999870300293,11.931320190429688
mp-aaabmnpg,22.87700080871582,23.67145538330078
mp-aaabxjxr,151.3489990234375,162.4975128173828
mp-aaabghti,24.628999710083008,63.185791015625
mp-aaabgiul,158.8520050048828,165.3905487060547
mp-aaaabjyg,1.8279999494552612,35.861541748046875
mp-aaaacegx,62.63600158691406,17.52581024169922
mp-aaaaakxq,56.50299835205078,56.94147872924805
mp-aaaaaoey,64.6780014038086,68.71470642089844
mp-aaacdrmx,52.790000915527344,50.93442916870117
mp-aaaaaymm,84.572998046875,47.32295227050781
mp-aaaaahaa,105.25599670410156,77.86700439453125
mp-aaaaadzw,61.7140007019043,68.04042053222656
mp-aaaaalnd,49.17100143432617,52.95179748535156
mp-aaabxazk,43.13100051879883,14.825675964355469
mp-aaaaaqnb,54.88100051879883,55.824310302734375
mp-aaaaagzt,107.7979965209961,106.96480560302734
mp-aaaceauj,34.10100173950195,27.71953582763672
mp-aaaabysv,20.023000717163086,53.623191833496094
mp-aaaaarlx,2.7200000286102295,48.73984909057617
mp-aaaaaydq,51.784000396728516,30.225128173828125
mp-aaaaauqn,25.358999252319336,25.77080535888672
mp-aaaaacyi,31.33799934387207,89.80977630615234
mp-aaaaaibc,200.08299255371094,177.6448974609375
mp-aaaaaort,34.9640007019043,23.14167022705078
mp-aaaaaotd,112.72100067138672,148.85963439941406
mp-aaacfanr,282.6600036621094,242.50796508789062
mp-aaaaamei,56.222999572753906,30.329689025878906
mp-aaabevfv,18.725000381469727,82.7568130493164
mp-aaacfyeg,224.53399658203125,188.10586547851562
mp-aaaabhzw,8.956000328063965,70.01171875
mp-aaabhans,104.74700164794922,94.34608459472656
mp-aaacfzuu,288.5889892578125,278.0774841308594
mp-aaaabips,15.734999656677246,39.80912780761719
mp-aaabghnd,213.0590057373047,120.22412872314453
mp-aaacdqcf,63.3650016784668,81.99517059326172
mp-aaacfjbt,93.3740005493164,89.21941375732422
mp-aaaabeou,82.89299774169922,53.31855773925781
mp-aaacdqxb,50.07099914550781,53.49397659301758
mp-aaaabeww,143.68299865722656,163.43516540527344
mp-aaabgjyr,3.61299991607666,23.83452606201172
mp-aaaaaejx,72.20600128173828,58.09058380126953
mp-aaaabint,179.41299438476562,142.77392578125
mp-aaabdaxe,208.60299682617188,202.35604858398438
mp-aaaaahcb,108.29499816894531,96.60924530029297
mp-aaabxfwi,91.8290023803711,90.087890625
mp-aaacfjoa,380.4859924316406,182.48675537109375
mp-aaabmzpq,108.70099639892578,141.42214965820312
mp-aaabxcgy,66.47799682617188,77.02479553222656
mp-aaabgigs,158.6739959716797,147.72242736816406
mp-aaaabhwc,15.96500015258789,38.14241027832031
mp-aaaabrdh,157.83399963378906,118.80770874023438
mp-aaaaalfk,183.65499877929688,159.96115112304688
mp-aaaaaeft,208.80299377441406,188.99732971191406
mp-aaaaaebo,79.81199645996094,74.43281555175781
mp-aaaabrve,205.05299377441406,168.04116821289062
mp-aaaaajsk,66.45500183105469,79.04959106445312
mp-aaacgamx,206.3679962158203,173.1366424560547
mp-aaaaboff,135.34100341796875,73.68460083007812
mp-aaabxcio,283.47601318359375,229.5320587158203
mp-aaaabewq,259.4620056152344,208.88980102539062
mp-aaacflvj,191.33799743652344,229.3744659423828
mp-aaaaaiom,53.9119987487793,54.679710388183594
mp-aaacdhsl,128.44400024414062,110.1480484008789
mp-aaaaaang,180.218994140625,199.9852752685547
mp-aaaaanth,81.94499969482422,69.55433654785156
mp-aaaaanuw,11.098999977111816,29.847129821777344
mp-aaabgmnj,15.62399959564209,-15.664848327636719
mp-aaaaabcz,47.731998443603516,61.66533660888672
mp-aaaabiua,14.253999710083008,-9.50689697265625
mp-aaacdtrx,47.6510009765625,64.70147705078125
mp-aaabxats,107.80899810791016,81.12466430664062
mp-aaaaboij,1.0549999475479126,32.158782958984375
mp-aaaabrvk,16.39900016784668,41.008750915527344
mp-aaabxazo,114.41899871826172,65.79227447509766
mp-aaabfklq,126.1969985961914,151.1038818359375
mp-aaabxdst,125.41400146484375,116.3062515258789
mp-aaaaacqs,137.74200439453125,119.68457794189453
mp-aaabxcoo,117.7770004272461,101.74775695800781
mp-aaaabmhq,59.50899887084961,85.33504486083984
mp-aaaabthi,76.47100067138672,105.55043029785156
mp-aaaaalha,19.608999252319336,21.405067443847656
mp-aaaaaoqi,83.125,46.753570556640625
mp-aaaaalfi,211.1479949951172,205.89016723632812
mp-aaabxhew,88.43900299072266,91.052490234375
mp-aaaaalsa,55.42399978637695,60.74911117553711
mp-aaaaabor,131.24000549316406,133.6005096435547
mp-aaadbisu,55.058998107910156,15.1737060546875
mp-aaaaajby,66.38500213623047,47.38824462890625
mp-aaabxfma,187.50900268554688,155.439453125
mp-aaaaaclo,140.5449981689453,124.0554428100586
mp-aaagklfr,5.959000110626221,61.81719970703125
mp-aaaaberq,185.1199951171875,167.47312927246094
mp-aaabxcdx,42.54600143432617,37.85643005371094
mp-aaaaadsy,62.34199905395508,83.11865234375
mp-aaabfqpw,15.729999542236328,2.7812423706054688
mp-aaacdtrb,39.59700012207031,38.061561584472656
mp-aaaaacla,47.88600158691406,52.17384719848633
mp-aaabrahy,67.63200378417969,72.97887420654297
mp-aaacdsqz,275.92401123046875,247.99655151367188
mp-aaacdpga,140.81100463867188,133.630615234375
mp-aaaabsxc,43.02299880981445,44.72149658203125
mp-aaaaadhl,97.93599700927734,85.64704895019531
mp-aaacdpxv,35.630001068115234,55.00764083862305
mp-aaacfznq,84.18599700927734,291.1568603515625
mp-aaaaapte,94.27400207519531,81.49996948242188
mp-aaaaboor,13.583999633789062,24.31232452392578
mp-aaabxhbb,64.45800018310547,43.55449676513672
mp-aaabgnop,59.926998138427734,66.87773132324219
mp-aaacgczn,48.73099899291992,34.608009338378906
mp-aaabmgpd,86.69499969482422,124.03437042236328
mp-aaacdjts,59.67399978637695,61.87568283081055
mp-aaabgjpg,134.03599548339844,123.48701477050781
mp-aaaaagwc,109.49299621582031,137.04949951171875
mp-aaabxbda,213.32200622558594,196.6106719970703
mp-aaaabjhy,8.965999603271484,33.975189208984375
mp-aaaabroy,14.871999740600586,1.5576629638671875
mp-aaaaauvd,92.21299743652344,26.778526306152344
mp-aaabewwg,249.0540008544922,200.75674438476562
mp-aaaaabnt,182.8470001220703,187.5762481689453
mp-aaaaadgp,210.83299255371094,189.51925659179688
mp-aaacfirl,288.02801513671875,288.60748291015625
mp-aaacdnyo,104.48100280761719,94.9588394165039
mp-aaaaaekn,20.69300079345703,53.69196701049805
mp-aaaabetw,196.0469970703125,161.482177734375
mp-aaaaabkc,33.01599884033203,44.37348937988281
mp-aaacgozu,54.672000885009766,102.6155776977539
mp-aaacgipg,189.2050018310547,193.30929565429688
mp-aaabxfxo,104.24700164794922,117.56198120117188
mp-aaacfskb,192.22300720214844,230.39279174804688
mp-aaabxbuz,268.4519958496094,259.166748046875
mp-aaaaaned,156.2779998779297,173.4844970703125
mp-aaaaaxkm,61.11800003051758,53.132423400878906
mp-aaaaaofb,161.14100646972656,104.20680236816406
mp-aaaabaxy,116.177001953125,120.26998138427734
mp-aaaaaraw,241.9239959716797,190.19760131835938
mp-aaaaacnk,194.6479949951172,163.76309204101562
mp-aaacfjch,176.093994140625,174.74642944335938
mp-aaaabihl,11.597000122070312,51.410804748535156
mp-aaacdpxj,174.5540008544922,163.35604858398438
mp-aaaaaqem,108.9990005493164,99.64045715332031
mp-aaaaatij,140.62399291992188,110.00164794921875
mp-aaabjyhm,69.60199737548828,63.21898651123047
mp-aaaaansq,27.301000595092773,64.5238037109375
mp-aaaaacwa,90.71900177001953,86.14546203613281
mp-aaabgksi,58.3650016784668,77.2251968383789
mp-aaabftqv,65.18000030517578,120.17325592041016
mp-aaabxhfc,177.08200073242188,147.77322387695312
mp-aaabfygw,68.97599792480469,63.57804870605469
mp-aaaaapbx,35.308998107910156,41.67393493652344
mp-aaacgise,92.09600067138672,89.48655700683594
mp-aaaabiby,32.0099983215332,70.21321105957031
mp-aaaccspz,118.39299774169922,115.31061553955078
mp-aaabxgcg,93.11199951171875,96.15082550048828
mp-aaabrgwp,99.8550033569336,86.84656524658203
mp-aaacpdqk,12.33899974822998,81.56362915039062
mp-aaaaadbh,58.01900100708008,69.27818298339844
mp-aaabfpiz,18.190000534057617,38.5172119140625
mp-aaabghek,148.73699951171875,161.0235137939453
mp-aaacccut,26.780000686645508,17.241912841796875
mp-aaabqymy,186.13999938964844,193.490234375
mp-aaaaaafq,181.23199462890625,180.9695587158203
mp-aaaaaiwc,113.37000274658203,106.14714813232422
mp-aaaabxta,53.367000579833984,56.046173095703125
mp-aaaabdps,36.73699951171875,42.231475830078125
mp-aaaabeqc,48.847999572753906,90.8525390625
mp-aaaaalld,70.6520004272461,43.30956268310547
mp-aaaaatzh,177.40699768066406,149.08447265625
mp-aaabjydu,130.51499938964844,143.43450927734375
mp-aaaabihm,1.1080000400543213,71.08749389648438
mp-aaaaabck,72.55500030517578,76.80793762207031
mp-aaacgamu,302.9429931640625,256.6914367675781
mp-aaacdswo,54.08700180053711,49.16065979003906
mp-aaabrbnc,62.775001525878906,22.7406005859375
mp-aaaaabsu,97.60299682617188,122.02241516113281
mp-aaaaaaoi,237.48899841308594,219.60379028320312
mp-aaacgion,103.65499877929688,97.81736755371094
mp-aaacdjel,125.30599975585938,122.01605987548828
mp-aaacehuk,17.996000289916992,34.05000305175781
mp-aaabxbpg,151.9980010986328,138.77964782714844
mp-aaabjycp,106.40599822998047,134.71572875976562
mp-aaaacayj,61.87099838256836,55.758785247802734
mp-aaabghvd,11.97599983215332,5.189216613769531
mp-aaaaaafg,295.6050109863281,292.62139892578125
mp-aaaaaddi,159.07699584960938,167.98855590820312
mp-aaabjyao,98.16300201416016,115.47650146484375
mp-aaaaabqf,286.1340026855469,299.5111389160156
mp-aaacrfof,293.23199462890625,291.82720947265625
mp-aaacfaoz,70.44599914550781,56.387428283691406
mp-aaabglqc,3.4519999027252197,43.85694885253906
mp-aaacgoop,104.54100036621094,146.6522674560547
mp-aaaabrox,152.85299682617188,112.26695251464844
mp-aaafussj,21.761999130249023,14.379402160644531
mp-aaaabthb,136.62600708007812,112.25725555419922
mp-aaaacdvp,49.59000015258789,35.07421112060547
mp-aaaaaqxc,125.82599639892578,128.23471069335938
mp-aaaaalus,72.8010025024414,64.59465026855469
mp-aaacdikz,26.805999755859375,32.11419677734375
mp-aaaaaetn,107.49099731445312,86.46022033691406
mp-aaaabspn,137.302001953125,112.32809448242188
mp-aaabxiyw,142.10699462890625,111.4869384765625
mp-aaabxgjd,126.81700134277344,116.47291564941406
mp-aaaabwsl,134.1719970703125,176.33395385742188
mp-aaaaaatu,110.27400207519531,109.6655502319336
mp-aaaaaauf,22.822999954223633,33.903175354003906
mp-aaaaagrb,67.73600006103516,84.57233428955078
mp-aaaabubo,65.16500091552734,82.45272827148438
mp-aaabxccb,139.01600646972656,117.881591796875
mp-aaaaaovu,337.41400146484375,284.8260498046875
mp-aaaabtqk,102.18699645996094,115.7353286743164
mp-aaabgifl,199.83599853515625,177.24049377441406
mp-aaaaagwg,141.27699279785156,140.60552978515625
mp-aaaaasns,158.71400451660156,130.6432647705078
mp-aaabfkpk,60.02399826049805,105.0733413696289
mp-aaaaaaae,30.908000946044922,54.86436080932617
mp-aaaaabgs,142.02000427246094,131.90541076660156
mp-aaacfodc,-252.71600341796875,35.39592742919922
mp-aaacewgk,133.63600158691406,172.20315551757812
mp-aaacebni,114.00599670410156,105.96347045898438
mp-aaaabffg,169.51600646972656,115.49984741210938
mp-aaabqzjc,87.58799743652344,86.74371337890625
mp-aaabxhbc,26.909000396728516,28.670486450195312
mp-aaaabpgq,198.42100524902344,154.69898986816406
mp-aaabrfsu,177.53399658203125,143.1498565673828
mp-aaagbwbn,14.383000373840332,25.186195373535156
mp-aaaaaehx,87.42900085449219,107.62767791748047
mp-aaaabezl,61.685001373291016,52.05135726928711
mp-aaaabunw,142.70399475097656,171.37530517578125
mp-aaaabhzg,47.99599838256836,69.35302734375
mp-aaabseps,206.64599609375,188.7881317138672
mp-aaacechp,94.15899658203125,97.62298583984375
mp-aaaaacgp,126.44100189208984,96.5140380859375
mp-aaaaaaol,153.03399658203125,133.90240478515625
mp-aaaaagpw,46.58599853515625,62.931968688964844
mp-aaaaaanh,172.718994140625,230.96755981445312
mp-aaabqwzi,41.61600112915039,69.48886108398438
mp-aaaaabty,139.89100646972656,134.21176147460938
mp-aaacfxgt,80.26799774169922,67.51213073730469
mp-aaacdhwm,84.71299743652344,73.1270751953125
mp-aaaaalnf,44.28499984741211,41.78227996826172
mp-aaacfxhq,223.4250030517578,213.8188934326172
mp-aaaaabwb,92.20999908447266,72.15169525146484
mp-aaabghqa,165.08799743652344,110.41627502441406
mp-aaaabbgt,159.9739990234375,146.71456909179688
mp-aaaabofg,27.676000595092773,72.39056396484375
mp-aaacdmpq,16.913000106811523,8.405532836914062
mp-aaacgosr,63.70199966430664,104.00105285644531
mp-aaabxcgw,52.731998443603516,47.21546936035156
mp-aaacehwn,18.719999313354492,0.6990890502929688
mp-aaaaaklv,49.41600036621094,50.1358757019043
mp-aaabjyga,114.56800079345703,138.03997802734375
mp-aaaaabxa,165.11099243164062,172.01988220214844
mp-aaacdjoo,104.06099700927734,106.85575866699219
mp-aaabxjvf,114.18599700927734,140.29006958007812
mp-aaaaagdy,136.7259979248047,119.84855651855469
mp-aaaabkot,200.92999267578125,111.55061340332031
mp-aaacearn,220.87100219726562,201.784423828125
mp-aaaaaaga,20.187999725341797,22.127609252929688
mp-aaaabqre,136.7969970703125,108.21446990966797
mp-aaacdlhj,73.4739990234375,65.96336364746094
mp-aaaaapml,173.91900634765625,149.37130737304688
mp-aaaaaqqf,80.0999984741211,92.84392547607422
mp-aaabxftz,120.3030014038086,110.32569122314453
mp-aaaaaduj,103.88700103759766,79.17007446289062
mp-aaacdhrf,95.01200103759766,109.3739242553711
mp-aaabxffy,13.553999900817871,13.242462158203125
mp-aaaabfjm,44.61399841308594,49.320518493652344
mp-aaabexdj,106.20800018310547,105.08985900878906
mp-aaabxfpn,52.775001525878906,42.242652893066406
mp-aaaaabhl,132.41400146484375,143.95513916015625
mp-aaaabubz,43.88399887084961,41.45587921142578
mp-aaabxcme,60.31999969482422,42.845848083496094
mp-aaaaacsr,71.12799835205078,38.37255096435547
mp-aaaaabvr,98.19999694824219,131.58412170410156
mp-aaabnrgy,57.92599868774414,88.65420532226562
mp-aaabxbnw,79.00599670410156,99.90107727050781
mp-aaaabica,11.09000015258789,-19.883499145507812
mp-aaacfktb,76.36399841308594,75.53018951416016
mp-aaaaamuq,187.8350067138672,179.88841247558594
mp-aaabghlm,177.9720001220703,205.2730712890625
mp-aaacgovg,134.34500122070312,221.55760192871094
mp-aaaggulq,29.00200080871582,29.626968383789062
mp-aaaabpei,9.12600040435791,27.056381225585938
mp-aaaaajap,92.29299926757812,92.33132934570312
mp-aaacdpun,256.5830078125,201.66046142578125
mp-aaaaaapo,46.770999908447266,34.36968231201172
mp-aaabjydw,85.86699676513672,137.0624542236328
mp-aaabgibx,113.66799926757812,116.30799865722656
mp-aaaabdmc,73.16400146484375,76.18637084960938
mp-aaabewqp,32.560001373291016,48.14542007446289
mp-aaabfloh,88.1719970703125,68.34637451171875
mp-aaabgjgb,153.52200317382812,168.64007568359375
mp-aaacevwd,107.66200256347656,121.09088134765625
mp-aaabqwyy,18.076000213623047,17.50275421142578
mp-aaabghdc,35.590999603271484,37.81919860839844
mp-aaaabdzj,34.02000045776367,27.442306518554688
mp-aaaabude,72.75900268554688,78.9823989868164
mp-aaabfbxw,63.22800064086914,117.21224975585938
mp-aaabxgzr,54.172000885009766,48.4592170715332
mp-aaaaaaoa,194.4080047607422,177.65634155273438
mp-aaacgadx,32.077999114990234,63.5385856628418
mp-aaaaacld,73.84500122070312,88.28279113769531
mp-aaabxbbz,185.43099975585938,156.3149871826172
mp-aaaabgyu,135.2949981689453,116.22322845458984
mp-aaaaaprp,90.12200164794922,86.56322479248047
mp-aaaaaltj,61.060001373291016,34.54118347167969
mp-aaaaandr,60.75,55.7258186340332
mp-aaaaably,35.29199981689453,46.36883544921875
mp-aaaaakng,47.439998626708984,7.401153564453125
mp-aaaacclk,243.25399780273438,240.84671020507812
mp-aaaaaqzw,46.82600021362305,51.5904541015625
mp-aaaabjlk,23.06399917602539,32.429893493652344
mp-aaacdqbu,42.071998596191406,37.580963134765625
mp-aaaaafxe,34.178001403808594,82.70405578613281
mp-aaacfycy,38.77299880981445,93.15292358398438
mp-aaaaagnc,27.44300079345703,69.38994598388672
mp-aaaaapmw,23.499000549316406,10.276504516601562
mp-aaaaboyo,15.32800006866455,63.55952072143555
mp-aaacdmkn,365.25299072265625,363.5323791503906
mp-aaaaatly,201.8249969482422,179.12725830078125
mp-aaacfkmo,119.77999877929688,172.20709228515625
mp-aaaabexz,52.619998931884766,51.12293243408203
mp-aaacearv,103.2959976196289,70.44758605957031
mp-aaabxdrk,45.99300003051758,48.269775390625
mp-aaacfkky,133.9239959716797,152.01202392578125
mp-aaacfkig,356.79901123046875,332.27862548828125
mp-aaaabefw,141.83799743652344,187.79290771484375
mp-aaacgirw,89.88400268554688,75.7659912109375
mp-aaaaamef,186.4949951171875,150.707763671875
mp-aaacdmxe,84.65299987792969,132.5767364501953
mp-aaabjyfz,36.43600082397461,94.78648376464844
mp-aaackira,35.7599983215332,87.10930633544922
mp-aaaabfqt,61.19300079345703,62.709808349609375
mp-aaacfadi,205.718994140625,205.16807556152344
mp-aaacewjp,273.37701416015625,228.29281616210938
mp-aaaaabvn,227.38499450683594,244.76512145996094
mp-aaacdkhl,128.81900024414062,104.8887939453125
mp-aaaabida,7.500999927520752,81.30613708496094
mp-aaaaadts,254.93699645996094,227.3993682861328
mp-aaaaabha,83.14399719238281,74.00970458984375
mp-aaaabecl,40.10499954223633,81.11955261230469
mp-aaacdvct,31.02199935913086,20.37622833251953
mp-aaafkwew,34.987998962402344,76.08387756347656
mp-aaabxfwk,187.25599670410156,193.26760864257812
mp-aaaaadzg,73.51799774169922,70.96380615234375
mp-aaabxfnm,246.26199340820312,250.59552001953125
mp-aaaaabrj,156.6009979248047,132.2677001953125
mp-aaabfobg,57.17599868774414,68.3057861328125
mp-aaaabtng,135.25399780273438,104.93732452392578
mp-aaaabhgn,220.66200256347656,182.4873809814453
mp-aaaaafni,82.35099792480469,77.81253051757812
mp-aaaabtgj,116.72599792480469,107.67671203613281
mp-aaaaacqp,51.14699935913086,41.52833557128906
mp-aaaaactu,24.246000289916992,59.17961120605469
mp-aaaewpfx,67.33699798583984,92.90157318115234
mp-aaabxdrj,50.10499954223633,53.038291931152344
mp-aaaabtcw,61.1510009765625,69.7303695678711
mp-aaabxgvo,223.94400024414062,203.86270141601562
mp-aaaaborx,108.7979965209961,139.31800842285156
mp-aaacdpcm,88.09500122070312,72.12466430664062
mp-aaacgjal,259.9309997558594,232.99063110351562
mp-aaaaaqri,26.527000427246094,29.848304748535156
mp-aaaabrjg,33.70600128173828,57.00323486328125
mp-aaacfxyw,44.01900100708008,53.01980209350586
mp-aaaaalgl,52.09299850463867,71.76954650878906
mp-aaabqzpb,212.6510009765625,137.6346893310547
mp-aaabxfre,154.6649932861328,135.59957885742188
mp-aaaabfur,92.09500122070312,67.44786834716797
mp-aaabxclw,67.27300262451172,54.47677993774414
mp-aaabxgwz,212.51199340820312,181.57705688476562
mp-aaaabfjv,160.0679931640625,153.50390625
mp-aaabxgzv,75.28600311279297,146.86192321777344
mp-aaabkldq,64.78500366210938,99.7822036743164
mp-aaaaaspd,133.1439971923828,132.48678588867188
mp-aaabxakv,43.75699996948242,49.57326126098633
mp-aaachdjq,41.446998596191406,48.96541213989258
mp-aaacgipb,47.987998962402344,55.08855056762695
mp-aaaaatib,44.9010009765625,49.03766632080078
mp-aaaaalga,58.75199890136719,65.75651550292969
mp-aaaaahdn,47.040000915527344,73.0668716430664
mp-aaabxjzv,52.025001525878906,50.089542388916016
mp-aaabfviq,74.45800018310547,121.49945068359375
mp-aaaaalzk,13.99899959564209,57.031883239746094
mp-aaaabicd,52.91899871826172,62.76395797729492
mp-aaaaahfn,142.697998046875,155.62974548339844
mp-aaaaamni,68.23899841308594,77.04426574707031
mp-aaaabhdk,187.70199584960938,174.2833251953125
mp-aaaaafvm,126.09600067138672,85.09959411621094
mp-aaaabtpj,124.37799835205078,111.13224029541016
mp-aaabxhbm,108.61900329589844,107.05680084228516
mp-aaaaapox,84.92500305175781,80.20120239257812
mp-aaabgjsx,47.111000061035156,75.69576263427734
mp-aaaaagqq,84.29199981689453,88.51087951660156
mp-aaabxhcx,203.22900390625,201.81246948242188
mp-aaaabdgw,76.97100067138672,59.836387634277344
mp-aaaaberx,38.7239990234375,54.80551528930664
mp-aaacdpwx,89.83499908447266,81.10308837890625
mp-aaacdltd,81.77400207519531,95.31658935546875
mp-aaaaafmr,131.4499969482422,116.14613342285156
mp-aaaaaqbf,79.4280014038086,66.8880386352539
mp-aaaaaapc,75.78700256347656,91.52153778076172
mp-aaabxclk,83.9520034790039,82.40270233154297
mp-aaabmysl,141.63299560546875,150.32225036621094
mp-aaacgiod,165.82699584960938,170.87579345703125
mp-aaacflyc,145.8489990234375,136.46739196777344
mp-aaacgoxj,91.65899658203125,84.5931396484375
mp-aaaaassm,126.70099639892578,124.01165771484375
mp-aaabxaqw,120.36599731445312,87.59352111816406
mp-aaacgjcn,212.42599487304688,216.01980590820312
mp-aaaaacre,45.5359992980957,39.283485412597656
mp-aaabkczn,48.082000732421875,23.05803680419922
mp-aaabgmay,4.479000091552734,93.72351837158203
mp-aaacgjck,91.2030029296875,86.92057037353516
mp-aaaabegq,30.680999755859375,41.632240295410156
mp-aaaabtcq,30.017000198364258,45.93250274658203
mp-aaaaaqzm,65.38600158691406,69.75361633300781
mp-aaaabtnu,112.55899810791016,86.92585754394531
mp-aaaaapbo,68.43699645996094,49.3720703125
mp-aaacfrht,26.365999221801758,111.84835052490234
mp-aaacesxj,136.10800170898438,128.7074432373047
mp-aaaaaecm,24.594999313354492,27.281883239746094
mp-aaaaalgg,125.15599822998047,105.53167724609375
mp-aaaabjay,25.163000106811523,39.651329040527344
mp-aaabxgjh,2.8489999771118164,12.256668090820312
mp-aaaaafct,64.50499725341797,50.658538818359375
mp-aaaaaeyv,139.4409942626953,113.25982666015625
mp-aaaabfry,141.2729949951172,135.50540161132812
mp-aaaaagdw,100.625,117.36101531982422
mp-aaaaafyv,91.8239974975586,100.7010726928711
mp-aaaaaamq,117.80699920654297,120.61970520019531
mp-aaabrgzj,103.12000274658203,122.0704574584961
mp-aaacdneg,36.57699966430664,32.64311218261719
mp-aaabxaqz,38.57699966430664,33.13883972167969
mp-aaaaaqcy,102.36100006103516,137.86224365234375
mp-aaacdjvg,11.571000099182129,11.703376770019531
mp-aaaaaqzb,55.95100021362305,49.931114196777344
mp-aaaaalvv,207.65699768066406,280.216064453125
mp-aaaaaupp,32.41999816894531,5.503257751464844
mp-aaaabhzy,49.79899978637695,72.69882202148438
mp-aaacgjaf,174.7480010986328,164.29193115234375
mp-aaaaabbi,80.2770004272461,83.26508331298828
mp-aaacgafn,82.72799682617188,72.55265808105469
mp-aaaaabvh,66.9469985961914,84.41533660888672
mp-aaaaakui,139.47799682617188,95.00279235839844
mp-aaacevrt,14.064000129699707,28.69512176513672
mp-aaaabjjy,13.991000175476074,31.181396484375
mp-aaacewcy,82.59400177001953,82.30487823486328
mp-aaacfyab,116.85199737548828,88.64436340332031
mp-aaaaactv,228.0330047607422,178.52667236328125
mp-aaacdnlp,55.03200149536133,51.772586822509766
mp-aaabevlx,8.16100025177002,44.464141845703125
mp-aaaaaxef,177.79800415039062,177.68191528320312
mp-aaabxgqa,143.63400268554688,121.5023422241211
mp-aaaaadnt,242.20700073242188,215.79278564453125
mp-aaabxiue,167.593994140625,182.14195251464844
mp-aaaabdxz,47.23400115966797,77.72149658203125
mp-aaaaaobn,36.44499969482422,52.0684928894043
mp-aaaaabay,19.510000228881836,21.69593048095703
mp-aaabxjsm,268.8800048828125,254.9221649169922
mp-aaaaaxjg,48.39699935913086,39.2994384765625
mp-aaabxfoe,88.03900146484375,88.07970428466797
mp-aaabxflq,175.93800354003906,152.51075744628906
mp-aaabgjwp,40.606998443603516,45.12406921386719
mp-aaaaacvx,83.00199890136719,65.53169250488281
mp-aaacdspz,46.98099899291992,34.36273193359375
mp-aaaabtyp,43.02899932861328,77.22396850585938
mp-aaaaacpu,160.65499877929688,149.4739227294922
mp-aaabqyjx,62.48699951171875,77.66957092285156
mp-aaabjbxy,22.43199920654297,41.63618469238281
mp-aaaccsqm,74.99099731445312,140.0085906982422
mp-aaaceqev,12.472999572753906,98.02572631835938
mp-aaaaamal,98.39600372314453,73.24240112304688
mp-aaaaaydt,65.5009994506836,54.37335968017578
mp-aaabxjwc,82.572998046875,74.37889099121094
mp-aaaaaarv,29.839000701904297,30.647918701171875
mp-aaaaadjn,4.7170000076293945,5.428260803222656
mp-aaaabevg,23.090999603271484,37.55390167236328
mp-aaacevxc,108.18800354003906,120.84252166748047
mp-aaabgmgn,161.56399536132812,147.1309814453125
mp-aaabxjbq,30.386999130249023,22.03972625732422
mp-aaaaapyv,36.24100112915039,39.44579315185547
mp-aaacdnuc,49.93299865722656,116.27210998535156
mp-aaaabfgb,129.61099243164062,125.25637817382812
mp-aaaaavnp,179.44200134277344,153.33572387695312
mp-aaacgium,145.84500122070312,130.8933563232422
mp-aaaabsqb,134.46800231933594,147.742919921875
mp-aaacdjho,86.5270004272461,84.14450073242188
mp-aaabgikn,73.31300354003906,102.17761993408203
mp-aaabgigk,118.13700103759766,136.4893341064453
mp-aaaaacxv,73.43199920654297,53.00507354736328
mp-aaaaacjr,76.0979995727539,69.63934326171875
mp-aaaaacqt,38.8380012512207,40.206321716308594
mp-aaaaaoto,89.2030029296875,78.32244873046875
mp-aaaccsot,40.768001556396484,50.10519790649414
mp-aaacpnux,328.99700927734375,270.48974609375
mp-aaabxhfb,179.2030029296875,166.8850555419922
mp-aaacfzyb,86.82099914550781,71.69389343261719
mp-aaaaaihp,90.12100219726562,93.48292541503906
mp-aaaaahlb,203.2519989013672,179.22772216796875
mp-aaaaalsf,25.417999267578125,45.443092346191406
mp-aaabnqry,226.42599487304688,240.35289001464844
mp-aaacdmbo,6.310999870300293,23.76727294921875
mp-aaaaagtg,45.0,74.55097961425781
mp-aaacgpea,141.88099670410156,180.60369873046875
mp-aaacgilv,242.7449951171875,176.77999877929688
mp-aaacdngz,36.41400146484375,23.23839569091797
mp-aaabgive,36.80799865722656,52.09157180786133
mp-aaacdlzq,62.880001068115234,60.7258415222168
mp-aaaaailm,17.32900047302246,18.785247802734375
mp-aaaaakmq,260.4649963378906,238.60215759277344
mp-aaaaacca,89.16200256347656,86.78123474121094
mp-aaabxbdb,165.42599487304688,187.32598876953125
mp-aaaaaatw,63.099998474121094,67.68658447265625
mp-aaaabgfd,98.11799621582031,50.92500305175781
mp-aaaabgpw,88.6240005493164,103.75751495361328
mp-aaabxjtb,23.718000411987305,10.707473754882812
mp-aaacdltp,350.6629943847656,290.2598876953125
mp-aaabqydi,104.052001953125,106.2931900024414
mp-aaacgpjr,72.97000122070312,87.63557434082031
mp-aaacdmbj,21.468000411987305,11.386878967285156
mp-aaaabucu,50.1349983215332,64.34138488769531
mp-aaaaagxv,139.77000427246094,126.65718841552734
mp-aaacehxg,37.077999114990234,31.25037384033203
mp-aaaaauox,12.236000061035156,21.08972930908203
mp-aaaaalma,133.3560028076172,125.70682525634766
mp-aaabxhbs,40.12900161743164,29.872726440429688
mp-aaaaadak,95.74199676513672,73.86111450195312
mp-aaacfadd,56.5369987487793,72.92510986328125
mp-aaabkfwk,72.89399719238281,58.83347702026367
mp-aaaabgil,163.92799377441406,189.85699462890625
mp-aaaaauql,21.791000366210938,30.18303680419922
mp-aaafgfrj,299.0320129394531,302.419677734375
mp-aaaaapnh,30.025999069213867,11.322669982910156
mp-aaacfhmi,227.7100067138672,212.78729248046875
mp-aaabjyds,232.65499877929688,241.50245666503906
mp-aaabeval,22.48200035095215,62.77315139770508
mp-aaabxckz,108.5009994506836,105.11651611328125
mp-aaabnhwr,22.334999084472656,55.85179138183594
mp-aaaaadmx,304.6090087890625,193.1845703125
mp-aaaaamqm,146.18800354003906,124.69095611572266
mp-aaaaaebs,62.334999084472656,68.27647399902344
mp-aaacrhqg,276.8190002441406,327.72039794921875
mp-aaaaaowp,62.23899841308594,58.86161422729492
mp-aaabxguo,42.89899826049805,41.677574157714844
mp-aaabnqse,26.17099952697754,25.276527404785156
mp-aaaabxpm,49.654998779296875,36.88157653808594
mp-aaaaalix,14.70300006866455,30.62726593017578
mp-aaacdirk,59.04899978637695,52.77684783935547
mp-aaaabhqb,118.56400299072266,99.24806213378906
mp-aaaaabpe,44.37900161743164,35.412452697753906
mp-aaacdjpv,55.25400161743164,76.74996948242188
mp-aaaabtgw,47.7140007019043,36.02227783203125
mp-aaaaatxe,229.01499938964844,239.53500366210938
mp-aaacdmga,4.9079999923706055,-54.12345886230469
mp-aaabxfqv,156.30599975585938,137.7322998046875
mp-aaackssl,68.625,102.37014770507812
mp-aaaabsau,22.875999450683594,11.226333618164062
mp-aaabxggx,98.78099822998047,101.26055908203125
mp-aaabxfvb,87.97699737548828,98.30903625488281
mp-aaaaaeru,183.23399353027344,343.0509033203125
mp-aaaabhvb,4.620999813079834,63.80413818359375
mp-aaaaadwy,49.57600021362305,71.68869018554688
mp-aaaaaerc,145.0850067138672,139.13702392578125
mp-aaacdjhp,118.06999969482422,114.3492431640625
mp-aaabjxvp,141.531005859375,206.4627685546875
mp-aaaabfvd,63.55099868774414,57.77042770385742
mp-aaacdrea,59.86600112915039,63.15979766845703
mp-aaaaahsv,172.03799438476562,152.93441772460938
mp-aaacfkcz,110.7969970703125,130.21347045898438
mp-aaacgoxv,24.172000885009766,97.23749542236328
mp-aaaabtnq,116.05699920654297,107.49076843261719
mp-aaacgiss,148.26300048828125,131.92176818847656
mp-aaabgnel,63.58300018310547,91.04046630859375
mp-aaaabtmm,333.760009765625,291.6254577636719
mp-aaabqvdb,94.40699768066406,86.92650604248047
mp-aaacdrdl,172.2969970703125,141.69021606445312
mp-aaaaadjh,58.8489990234375,77.70167541503906
mp-aaaaakmp,146.02000427246094,64.55085754394531
mp-aaabxjbp,50.472999572753906,42.68701171875
mp-aaaabftv,67.09300231933594,88.93927001953125
mp-aaaabwys,268.0429992675781,231.08328247070312
mp-aaaaanuq,32.68600082397461,86.04238891601562
mp-aaaabhti,53.01100158691406,46.199554443359375
mp-aaaaactf,130.55799865722656,120.17931365966797
mp-aaaaahft,122.99099731445312,125.24041748046875
mp-aaaabovw,182.1300048828125,121.79988098144531
mp-aaaaaflf,101.99299621582031,107.96934509277344
mp-aaaaabwl,59.79100036621094,92.4286117553711
mp-aaacdrer,36.347999572753906,37.60218048095703
mp-aaacdrno,84.68699645996094,92.5716552734375
mp-aaafxjyp,77.06400299072266,28.404220581054688
mp-aaaaaadc,138.64999389648438,138.00692749023438
mp-aaaaasdu,74.69300079345703,75.54840087890625
mp-aaaabpka,10.180000305175781,42.383056640625
mp-aaaabdwt,59.79600143432617,72.16195678710938
mp-aaaabejr,57.8380012512207,103.20439147949219
mp-aaaaaame,243.08599853515625,211.31248474121094
mp-aaaabtbp,83.36499786376953,95.34536743164062
mp-aaabxckf,74.57499694824219,63.16593551635742
mp-aaacdhpz,142.94900512695312,134.5767822265625
mp-aaabgnbz,169.62100219726562,154.8585205078125
mp-aaabxfhn,43.42900085449219,51.305076599121094
mp-aaaaadzx,314.39599609375,292.4044189453125
mp-aaaabsak,54.04399871826172,56.654048919677734
mp-aaacdyyl,140.6479949951172,110.51647186279297
mp-aaaaafcy,119.97100067138672,100.10597229003906
mp-aaaaaarg,248.59100341796875,234.57708740234375
mp-aaaaadua,71.13800048828125,94.79633331298828
mp-aaabxcmi,111.80599975585938,109.5711669921875
mp-aaaabfet,132.27000427246094,175.29095458984375
mp-aaabxgfq,50.84000015258789,49.580387115478516
mp-aaaabeae,77.68000030517578,72.21568298339844
mp-aaaaaxiy,197.33700561523438,179.8482666015625
mp-aaaaaeel,37.64400100708008,22.628646850585938
mp-aaaaassl,134.1269989013672,143.67337036132812
mp-aaabxhik,99.61100006103516,79.64439392089844
mp-aaaaabyc,122.02999877929688,140.96456909179688
mp-aaaaarwp,57.051998138427734,94.23847961425781
mp-aaabcsqd,54.645999908447266,45.41944885253906
mp-aaaaarcq,203.13099670410156,195.62103271484375
mp-aaaabgzp,87.20700073242188,90.62244415283203
mp-aaaabsrx,15.532999992370605,60.445072174072266
mp-aaaaalhe,21.988000869750977,32.09062194824219
mp-aaabqxwo,58.42499923706055,94.53953552246094
mp-aaacfjcg,205.93899536132812,198.74276733398438
mp-aaacehun,13.043999671936035,24.867958068847656
mp-aaaaaoej,49.8390007019043,57.172698974609375
mp-aaabkuvw,49.39899826049805,52.509708404541016
mp-aaaaboxa,20.290000915527344,22.664024353027344
mp-aaaaaqee,203.70799255371094,194.60250854492188
mp-aaacdktx,48.91600036621094,54.628963470458984
mp-aaacjlmm,56.915000915527344,48.85240936279297
mp-aaaaadzk,69.37999725341797,69.52875518798828
mp-aaaabtrn,114.55500030517578,102.7789306640625
mp-aaabxfmr,88.19999694824219,90.95316314697266
mp-aaaaahbf,84.9530029296875,71.9088134765625
mp-aaadcppj,115.89800262451172,84.51678466796875
mp-aaaaalom,20.10099983215332,36.55462646484375
mp-aaaaanki,7.645999908447266,35.06599426269531
mp-aaaaarmo,39.87300109863281,43.791908264160156
mp-aaabxizg,59.882999420166016,48.29844665527344
mp-aaaabqgf,50.374000549316406,37.82142639160156
mp-aaacgeae,46.16299819946289,57.9720458984375
mp-aaaaaulf,104.10199737548828,73.57733154296875
mp-aaabxcli,194.21299743652344,145.0050506591797
mp-aaaaapsw,57.23400115966797,138.09898376464844
mp-aaaaaiux,155.9499969482422,118.4351806640625
mp-aaaaacsl,90.51599884033203,84.76820373535156
mp-aaabklou,18.823999404907227,57.36841583251953
mp-aaacflkj,389.8299865722656,411.9952697753906
mp-aaacfydb,46.59600067138672,46.58312225341797
mp-aaaabiai,22.82699966430664,128.82650756835938
mp-aaacewia,73.80999755859375,76.08944702148438
mp-aaabewrb,170.0489959716797,151.46881103515625
mp-aaabmnqn,58.82899856567383,80.50502014160156
mp-aaacdhkl,68.86399841308594,190.89910888671875
mp-aaabkcnf,23.520999908447266,38.820228576660156
mp-aaaaabgi,146.0070037841797,129.25009155273438
mp-aaacdkdq,319.66400146484375,250.84971618652344
mp-aaacfaaf,124.65699768066406,143.14710998535156
mp-aaabxbsk,124.28299713134766,113.59713745117188
mp-aaacdmbz,6.6570000648498535,25.582778930664062
mp-aaadhpig,160.13099670410156,142.55453491210938
mp-aaabxkab,77.9540023803711,71.15209197998047
mp-aaaaabfw,209.08299255371094,228.10888671875
mp-aaaccspw,37.31399917602539,28.2357177734375
mp-aaaabgiw,274.6600036621094,227.35781860351562
mp-aaaaahgm,109.91300201416016,82.48944091796875
mp-aaabxgtt,85.13999938964844,81.26164245605469
mp-aaaaanik,105.9530029296875,120.68524932861328
mp-aaaabekc,100.45800018310547,80.57659149169922
mp-aaabxdsq,113.76499938964844,123.93865203857422
mp-aaabxfya,116.125,127.46189880371094
mp-aaaabhae,193.73399353027344,176.485107421875
mp-aaabkvua,444.53399658203125,161.7191162109375
mp-aaabjydf,63.28499984741211,66.07078552246094
mp-aaaaaazm,118.98200225830078,107.41588592529297
mp-aaaabdny,32.249000549316406,51.563472747802734
mp-aaabxbbl,36.96799850463867,31.972488403320312
mp-aaaaaqcj,81.18599700927734,97.52499389648438
mp-aaabdbay,97.92900085449219,59.09949493408203
mp-aaaabsxl,200.36900329589844,181.61331176757812
mp-aaaaasxd,85.55000305175781,95.88710021972656
mp-aaacdjcl,130.5709991455078,173.27011108398438
mp-aaabxiyg,216.1439971923828,190.3662109375
mp-aaaaamlu,199.30799865722656,144.05682373046875
mp-aaabqvut,68.30699920654297,80.5516357421875
mp-aaaaadqt,113.81700134277344,118.90210723876953
mp-aaabxiuu,29.94499969482422,29.47772216796875
mp-aaaaadys,166.12899780273438,148.1029815673828
mp-aaaaaoyw,209.0570068359375,203.64645385742188
mp-aaaabicq,19.160999298095703,116.09009552001953
mp-aaaaabny,91.48200225830078,72.95199584960938
mp-aaaabtar,66.40299987792969,53.37562561035156
mp-aaacgifj,88.33300018310547,88.141845703125
mp-aaaaafql,63.03799819946289,23.14557647705078
mp-aaabgiqy,64.02100372314453,76.65444946289062
mp-aaaaalfj,112.77300262451172,158.68067932128906
mp-aaaaaivw,120.08399963378906,133.83847045898438
mp-aaaaaiuf,139.36500549316406,124.85807800292969
mp-aaaabiwe,50.71500015258789,56.70914077758789
mp-aaabgnby,27.02199935913086,18.69237518310547
mp-aaaabhsq,83.66699981689453,81.03181457519531
mp-aaaaaurv,40.303001403808594,59.64424514770508
mp-aaaaacig,92.11900329589844,123.87371063232422
mp-aaaaabik,174.1959991455078,183.08340454101562
mp-aaaaaizp,158.1300048828125,137.5818328857422
mp-aaaaaziv,85.44100189208984,101.05569458007812
mp-aaabgmcp,78.37100219726562,68.07952117919922
mp-aaabxaql,50.292999267578125,59.97514343261719
mp-aaacdmdn,3.36299991607666,8.732284545898438
mp-aaaaapkx,34.8120002746582,92.10392761230469
mp-aaabgjpi,12.359999656677246,23.55034637451172
mp-aaaaatrw,86.61000061035156,95.85758209228516
mp-aaaabiih,26.2450008392334,57.85165023803711
mp-aaaaaluv,71.86399841308594,72.03321838378906
mp-aaabgqpu,12.942999839782715,24.062042236328125
mp-aaaaaqll,77.17500305175781,77.36872863769531
mp-aaaaangz,125.78199768066406,118.49444580078125
mp-aaafjxek,148.38099670410156,187.628173828125
mp-aaaaaaav,15.845000267028809,12.259719848632812
mp-aaacdjuq,53.03499984741211,75.55390930175781
mp-aaabgjws,32.65399932861328,57.8488655090332
mp-aaacdijb,251.05299377441406,211.2530517578125
mp-aaacrktz,355.6510009765625,337.0054931640625
mp-aaacezzw,277.8139953613281,229.34994506835938
mp-aaacfyvz,187.16400146484375,174.3631134033203
mp-aaaaaanr,64.48100280761719,77.18096923828125
mp-aaacdvmv,117.97000122070312,138.0150604248047
mp-aaabxgin,254.23899841308594,223.45001220703125
mp-aaaabdiu,55.06399917602539,86.6656265258789
mp-aaacdqco,79.10900115966797,69.36717224121094
mp-aaabkqzx,44.44200134277344,47.69615936279297
mp-aaaabhxg,14.939000129699707,98.30726623535156
mp-aaaaaqxe,72.03299713134766,67.65579223632812
mp-aaabxfuh,201.64999389648438,171.83810424804688
mp-aaaaagki,64.90299987792969,55.80517578125
mp-aaaabfku,79.31500244140625,71.52865600585938
mp-aaacdswf,68.34400177001953,62.03868103027344
mp-aaaaaorp,18.634000778198242,42.48927307128906
mp-aaabxbcx,252.20899963378906,204.10739135742188
mp-aaaaaiic,103.91899871826172,84.03045654296875
mp-aaaaanov,100.82599639892578,148.69259643554688
mp-aaacewrg,218.83799743652344,174.123779296875
mp-aaacjknf,55.73699951171875,58.22304153442383
mp-aaaaatjt,36.358001708984375,50.88200378417969
mp-aaaaaoll,158.37399291992188,169.37997436523438
mp-aaaabuce,81.87699890136719,71.90644836425781
mp-aaacealm,205.6909942626953,154.90594482421875
mp-aaabxfyc,116.2300033569336,113.25264739990234
mp-aaaabekj,38.108001708984375,48.91740036010742
mp-aaaaathf,45.24100112915039,44.11219024658203
mp-aaaaafod,158.24099731445312,177.9338836669922
mp-aaacdktb,207.427001953125,210.50521850585938
mp-aaaaabjr,87.68199920654297,76.3222427368164
mp-aaaaarxr,238.0469970703125,212.01519775390625
mp-aaaaaqcw,63.99399948120117,81.4314956665039
mp-aaaaazkr,143.4530029296875,130.40228271484375
mp-aaaabikb,54.59700012207031,77.18777465820312
mp-aaaaamuk,363.0480041503906,362.42950439453125
mp-aaaceaoh,63.65299987792969,44.77030944824219
mp-aaacfkup,140.1909942626953,164.41876220703125
mp-aaacdzaw,91.24500274658203,86.97026062011719
mp-aaabewsu,141.11199951171875,154.37078857421875
mp-aaaaaoso,69.00800323486328,63.56987380981445
mp-aaacdsaf,90.06199645996094,135.29489135742188
mp-aaaabhye,57.88800048828125,67.20167541503906
mp-aaaccsom,25.881999969482422,27.03802490234375
mp-aaaaayke,107.48699951171875,109.3355712890625
mp-aaacgcvv,15.286999702453613,27.251502990722656
mp-aaabfkcr,24.735000610351562,8.608497619628906
mp-aaabxcpx,78.6709976196289,81.2137222290039
mp-aaaaaouf,204.0489959716797,181.68240356445312
mp-aaabghfl,65.0,78.00729370117188
mp-aaaaagot,126.48200225830078,104.40987396240234
mp-aaaaaody,37.96799850463867,37.35736083984375
mp-aaaabfjk,75.08799743652344,56.31454086303711
mp-aaackyhw,-47.53300094604492,142.8086700439453
mp-aaaaaili,68.8489990234375,82.58497619628906
mp-aaabfayb,27.645000457763672,64.71685028076172
mp-aaabfcct,22.7810001373291,70.48538208007812
mp-aaaaccgc,91.50199890136719,114.3779525756836
mp-aaaaateg,117.31400299072266,84.74832153320312
mp-aaaaarwn,126.56300354003906,174.8119354248047
mp-aaaaaggo,64.20600128173828,52.224456787109375
mp-aaacgivr,160.4239959716797,168.2351837158203
mp-aaabghom,49.49100112915039,68.32490539550781
mp-aaacfkko,59.263999938964844,94.07621002197266
mp-aaaaaevy,165.80299377441406,160.64781188964844
mp-aaaaafnw,159.41900634765625,131.23126220703125
mp-aaaabjjn,0.10100000351667404,-22.653945922851562
mp-aaabfnlj,72.62200164794922,70.11331176757812
mp-aaaabhcp,70.53500366210938,20.980308532714844
mp-aaaaahyo,142.9969940185547,155.43479919433594
mp-aaaaaltm,50.04999923706055,47.25897979736328
mp-aaaabgrn,291.4309997558594,245.47508239746094
mp-aaaaause,20.277000427246094,53.36983871459961
mp-aaaaaauc,138.2010040283203,132.951904296875
mp-aaadcjdh,145.93699645996094,145.2847900390625
mp-aaaceswq,136.39599609375,111.35737609863281
mp-aaacfske,265.1310119628906,354.28021240234375
mp-aaacdqwv,89.43699645996094,77.39697265625
mp-aaaciegr,12.354999542236328,11.436683654785156
mp-aaaabppk,12.682999610900879,81.94451904296875
mp-aaaaacuf,76.78600311279297,86.42798614501953
mp-aaabmjhe,0.1080000028014183,-103.59445190429688
mp-aaaaagtj,46.66299819946289,65.5643310546875
mp-aaacfkiu,222.5709991455078,274.4291076660156
mp-aaacdtzz,52.4379997253418,38.53527069091797
mp-aaaabucw,82.47699737548828,79.0655517578125
mp-aaabxdpw,66.22799682617188,59.64845275878906
mp-aaaccter,40.0890007019043,46.666038513183594
mp-aaabmclu,149.8070068359375,118.70272827148438
mp-aaabmlvk,45.39899826049805,52.956966400146484
mp-aaaaaafk,49.64500045776367,67.26879119873047
mp-aaabxjto,276.05499267578125,258.956298828125
mp-aaaaahsa,169.86700439453125,152.87416076660156
mp-aaacctev,14.567000389099121,19.08216094970703
mp-aaacidmu,9.862000465393066,-4.6714324951171875
mp-aaabkrjt,184.58299255371094,140.79962158203125
mp-aaabqzgq,234.95700073242188,199.69744873046875
mp-aaabxezv,88.4489974975586,81.9827880859375
mp-aaacdtzs,224.33299255371094,237.62918090820312
mp-aaaaacep,100.33000183105469,84.33647918701172
mp-aaacdkxw,32.83100128173828,32.040504455566406
mp-aaacgitp,100.23100280761719,87.71842956542969
mp-aaaaaiug,98.9530029296875,98.24967956542969
mp-aaabidxg,68.87999725341797,58.370582580566406
mp-aaaaabqw,169.3249969482422,211.1629638671875
mp-aaafyztd,124.69300079345703,128.0292205810547
mp-aaaabdkz,68.60600280761719,90.27833557128906
mp-aaabkkxb,32.74100112915039,67.39466857910156
mp-aaabxgwf,163.84100341796875,142.64634704589844
mp-aaaaadve,57.823001861572266,51.88471984863281
mp-aaaabpqn,10.8100004196167,16.68488311767578
mp-aaaaaaac,166.98199462890625,150.18450927734375
mp-aaacfjly,143.33099365234375,164.9407958984375
mp-aaaaadpe,74.36100006103516,68.36888122558594
mp-aaabjxxy,174.84300231933594,144.10069274902344
mp-aaacctes,48.82699966430664,64.39917755126953
mp-aaabexaf,90.48799896240234,98.7705078125
mp-aaacfxfw,323.5409851074219,327.0218505859375
mp-aaabkbew,193.28700256347656,275.05841064453125
mp-aaaaaijk,140.63099670410156,91.80744171142578
mp-aaacdokw,54.534000396728516,50.09926223754883
mp-aaaaafgu,127.60700225830078,100.59712219238281
mp-aaaaaayi,36.569000244140625,69.22659301757812
mp-aaaaaako,96.98400115966797,109.16284942626953
mp-aaaabjhs,38.35200119018555,48.35954666137695
mp-aaabrakg,74.43699645996094,55.2686882019043
mp-aaaaadjf,168.39300537109375,174.87545776367188
mp-aaabjyep,104.98300170898438,120.9509506225586
mp-aaacgiwz,132.14300537109375,140.3038787841797
mp-aaacgigv,247.43099975585938,361.47723388671875
mp-aaaabjlr,13.12600040435791,10.267189025878906
mp-aaaabfjy,56.542999267578125,32.591766357421875
mp-aaaaabhx,54.06100082397461,78.45713806152344
mp-aaabseql,212.7270050048828,159.2670135498047
mp-aaabgnkf,135.33999633789062,111.8221206665039
mp-aaabxgzb,182.3679962158203,156.92105102539062
mp-aaacdpux,242.6300048828125,204.63174438476562
mp-aaaabspr,29.10099983215332,41.78724670410156
mp-aaaaagvy,71.25900268554688,82.15547180175781
mp-aaabglys,0.6430000066757202,59.63405227661133
mp-aaacckiy,170.58200073242188,156.42864990234375
mp-aaacdkjh,189.552001953125,234.42495727539062
mp-aaacdvtx,82.56600189208984,79.33160400390625
mp-aaabxgub,138.4040069580078,123.24848937988281
mp-aaaaaedl,9.015000343322754,48.59759521484375
mp-aaaaafll,173.2740020751953,146.7404022216797
mp-aaaaaosp,213.10499572753906,120.20962524414062
mp-aaabxgum,50.518001556396484,37.845863342285156
mp-aaaaaeur,77.53900146484375,66.01318359375
mp-aaabsfgq,55.28300094604492,81.20027923583984
mp-aaafjttj,7.946000099182129,59.06234359741211
mp-aaacdtvy,151.9219970703125,150.16209411621094
mp-aaaabege,141.18099975585938,127.5212173461914
mp-aaaaaeeh,25.575000762939453,135.83192443847656
mp-aaacfwfg,202.8820037841797,186.21469116210938
mp-aaaaadre,65.96199798583984,56.28249740600586
mp-aaabghel,6.478000164031982,74.54086303710938
mp-aaaabqxf,89.91400146484375,76.13280487060547
mp-aaaabdue,63.082000732421875,80.99372863769531
mp-aaacdrdx,37.89699935913086,48.459983825683594
mp-aaaabsky,173.95799255371094,183.35946655273438
mp-aaabxfht,86.25399780273438,93.92198944091797
mp-aaaabpxw,24.18600082397461,35.82902526855469
mp-aaaaasig,126.59100341796875,117.48428344726562
mp-aaaaanvp,33.983001708984375,1.8967437744140625
mp-aaabxhck,47.09199905395508,56.5647087097168
mp-aaaabedv,47.18299865722656,73.71562194824219
mp-aaabjybn,55.46699905395508,108.69306182861328
mp-aaafwilm,27.378000259399414,52.65659713745117
mp-aaaabsln,185.91200256347656,189.19973754882812
mp-aaaabqqc,16.312000274658203,46.57212829589844
mp-aaabctus,111.2020034790039,121.56080627441406
mp-aaabfuce,27.643999099731445,37.299102783203125
mp-aaaaaapk,72.11000061035156,78.58794403076172
mp-aaaabrmq,49.45000076293945,75.12310028076172
mp-aaacdqdg,64.5199966430664,73.0853271484375
mp-aaaaaibe,186.3699951171875,177.36141967773438
mp-aaacebnl,44.499000549316406,38.001380920410156
mp-aaaaaghn,100.52200317382812,109.74046325683594
mp-aaacgafd,90.79499816894531,41.19677734375
mp-aaabqvrt,139.25399780273438,118.5511474609375
mp-aaaaaeeu,270.3819885253906,296.1886291503906
mp-aaaabhgb,114.71399688720703,117.2978515625
mp-aaaaaapz,339.5950012207031,355.15093994140625
mp-aaabfqdn,68.88200378417969,63.47275924682617
mp-aaacgoow,122.5989990234375,127.3600845336914
mp-aaacdnwu,54.76300048828125,100.93891143798828
mp-aaaaaiwt,130.48699951171875,108.86237335205078
mp-aaaaakfw,62.22100067138672,48.81569290161133
mp-aaaaaykk,119.90799713134766,113.9958267211914
mp-aaaaadfm,66.96800231933594,88.03905487060547
mp-aaaabypm,14.402000427246094,50.866539001464844
mp-aaabxguh,208.2899932861328,193.55499267578125
mp-aaabxfmu,227.34500122070312,215.4764404296875
mp-aaaaafdo,38.26499938964844,65.73115539550781
mp-aaabxiwj,117.95999908447266,145.423095703125
mp-aaacdoen,24.70400047302246,5.3851318359375
mp-aaabfvqy,54.92900085449219,80.32406616210938
mp-aaabmklt,49.17900085449219,59.422847747802734
mp-aaaaakgw,171.23899841308594,166.21771240234375
mp-aaabxffb,242.39500427246094,156.24261474609375
mp-aaaabsww,49.823001861572266,44.03251647949219
mp-aaaaaczq,171.54100036621094,179.91575622558594
mp-aaabgmdk,57.5359992980957,57.60121154785156
mp-aaaaamlq,15.293000221252441,8.926849365234375
mp-aaabgkig,71.16100311279297,70.4323501586914
mp-aaaabtni,29.69099998474121,28.168411254882812
mp-aaabxgdy,221.6540069580078,201.39144897460938
mp-aaaaayei,170.61399841308594,131.53240966796875
mp-aaacfjwb,112.98699951171875,140.2125701904297
mp-aaaaahfv,83.61900329589844,89.48171997070312
mp-aaaaadse,112.5790023803711,120.43553924560547
mp-aaaabeay,216.58700561523438,264.5367431640625
mp-aaacdssx,41.08100128173828,42.02165222167969
mp-aaacdwty,270.2359924316406,269.6739501953125
mp-aaaaaspq,57.180999755859375,106.66588592529297
mp-aaabfgvr,66.16899871826172,111.08610534667969
mp-aaacdscr,53.46799850463867,57.02259063720703
mp-aaabxheg,20.06100082397461,64.70693969726562
mp-aaabxfzy,260.7229919433594,244.11865234375
mp-aaacesua,14.845999717712402,22.2529296875
mp-aaacfkbh,315.3739929199219,208.82949829101562
mp-aaacgjcf,19.50200080871582,16.676254272460938
mp-aaaabejh,141.94200134277344,147.49343872070312
mp-aaacdshj,72.96399688720703,94.20323181152344
mp-aaaaaqzx,36.42900085449219,40.176902770996094
mp-aaaaaqqb,108.91300201416016,77.192626953125
mp-aaaaaosw,127.11799621582031,95.20648193359375
mp-aaacdnbv,40.5989990234375,47.006988525390625
mp-aaabxgow,32.93299865722656,47.558265686035156
mp-aaabghjs,81.64800262451172,73.44496154785156
mp-aaabqwwu,19.51799964904785,60.6601676940918
mp-aaabxgzc,46.89400100708008,35.19396209716797
mp-aaacdjqf,122.23200225830078,116.48275756835938
mp-aaacgitc,21.110000610351562,94.85454559326172
mp-aaabmgnf,32.33300018310547,49.46639633178711
mp-aaacfanl,266.24798583984375,231.81369018554688
mp-aaacfyyx,49.7400016784668,59.36945343017578
mp-aaacdrej,46.20800018310547,52.54630661010742
mp-aaaabtqo,259.6440124511719,211.45079040527344
mp-aaabjybb,97.41600036621094,86.1175308227539
mp-aaacditt,40.90999984741211,47.889671325683594
mp-aaaaadvi,142.13499450683594,131.98870849609375
mp-aaaaafur,99.73100280761719,82.56278991699219
mp-aaacdvnb,118.89900207519531,119.71312713623047
mp-aaaaaihe,160.1510009765625,109.00821685791016
mp-aaaabevv,106.61399841308594,108.56478118896484
mp-aaaaaawn,253.4759979248047,278.9595031738281
mp-aaaabrxm,61.742000579833984,63.918575286865234
mp-aaaaauot,21.356000900268555,45.731056213378906
mp-aaaabsvr,96.91300201416016,98.9132080078125
mp-aaaaapfb,227.9600067138672,142.03744506835938
mp-aaaaboqp,139.08799743652344,127.8426513671875
mp-aaabxfxr,125.9000015258789,181.90562438964844
mp-aaaabicf,6.857999801635742,6.257362365722656
mp-aaabxchq,128.49899291992188,122.69490051269531
mp-aaacflue,269.30499267578125,212.37161254882812
mp-aaacgiwv,110.10099792480469,125.7970962524414
mp-aaabxdsp,126.34700012207031,111.25088500976562
mp-aaaabilt,18.701000213623047,15.192825317382812
mp-aaaaaupe,154.03199768066406,156.61419677734375
mp-aaabxchx,230.93099975585938,215.75035095214844
mp-aaaaaytm,327.7550048828125,329.1439208984375
mp-aaaaapzh,78.96399688720703,101.3055191040039
mp-aaacifix,23.422000885009766,23.14588165283203
mp-aaabqxya,144.406005859375,130.16452026367188
mp-aaabqzht,41.22999954223633,34.181854248046875
mp-aaacebnn,82.77200317382812,77.7071533203125
mp-aaacdpxa,68.96700286865234,72.60550689697266
mp-aaaabzor,14.293999671936035,16.809295654296875
mp-aaaaaqss,56.76599884033203,56.952510833740234
mp-aaabfqqg,36.770999908447266,73.30522155761719
mp-aaacginc,170.19500732421875,210.06198120117188
mp-aaabkpia,94.85800170898438,125.91815948486328
mp-aaaaahwx,46.606998443603516,68.80706787109375
mp-aaaabton,89.58300018310547,95.71650695800781
mp-aaabxhfa,213.9929962158203,211.40493774414062
mp-aaacfxyy,139.6929931640625,100.406494140625
mp-aaabqycm,103.67400360107422,66.96320343017578
mp-aaabxjta,127.1760025024414,115.20096588134766
mp-aaaabszm,45.770999908447266,46.54057312011719
mp-aaabjafy,202.28500366210938,169.8038787841797
mp-aaaaagpg,36.68299865722656,25.04248046875
mp-aaaabezf,160.406005859375,154.51956176757812
mp-aaabxcqb,58.94599914550781,71.90580749511719
mp-aaaaaarj,160.1490020751953,165.55860900878906
mp-aaacdneq,259.0799865722656,141.50656127929688
mp-aaacdjpu,52.51599884033203,57.10948944091797
mp-aaaabxxb,6.626999855041504,44.01423645019531
mp-aaacfzco,61.9640007019043,68.74005126953125
mp-aaaabtcj,167.88600158691406,136.04469299316406
mp-aaacfxfx,146.08399963378906,165.60984802246094
mp-aaacdvti,12.89900016784668,29.665443420410156
mp-aaacfydo,117.56900024414062,118.2760009765625
mp-aaaaairq,75.9540023803711,65.88095092773438
mp-aaaaacqh,72.86499786376953,89.50640106201172
mp-aaaaapxb,219.6999969482422,188.67050170898438
mp-aaabjumx,99.71600341796875,199.3912811279297
mp-aaabxjxt,37.417999267578125,28.34710693359375
mp-aaaaadvd,238.125,215.15426635742188
mp-aaacgjai,63.49700164794922,74.82038879394531
mp-aaaacfcv,16.763999938964844,49.591400146484375
mp-aaabxiuh,40.29399871826172,38.201171875
mp-aaaabtgd,106.26499938964844,96.39303588867188
mp-aaaaacip,58.176998138427734,87.06219482421875
mp-aaabxdrc,54.97800064086914,62.66421890258789
mp-aaabxchu,230.75900268554688,224.8427734375
mp-aaabfunt,263.9939880371094,167.46542358398438
mp-aaacehze,23.54800033569336,30.64525604248047
mp-aaacdhjp,79.71499633789062,89.47393035888672
mp-aaaabgtz,65.25,77.33165740966797
mp-aaacgirf,91.13899993896484,78.79301452636719
mp-aaabxftn,59.90399932861328,55.42890167236328
mp-aaabgrdx,128.3300018310547,105.64776611328125
mp-aaaaaier,237.18099975585938,207.21463012695312
mp-aaaaaegu,264.27301025390625,269.29034423828125
mp-aaabftqj,102.53800201416016,122.40261840820312
mp-aaaccspy,125.5999984741211,136.54074096679688
mp-aaacfrii,36.020999908447266,17.63768768310547
mp-aaaabhfj,125.0999984741211,102.5857162475586
mp-aaaaaesw,86.81500244140625,91.54192352294922
mp-aaacfkff,81.24500274658203,121.94326782226562
mp-aaaabrcl,80.90699768066406,72.92153930664062
mp-aaacevrg,336.07598876953125,296.92425537109375
mp-aaaaaoeo,70.36900329589844,79.71786499023438
mp-aaabfquc,43.2859992980957,38.02635192871094
mp-aaaabhjx,154.4459991455078,164.04525756835938
mp-aaabqvne,64.34700012207031,61.136474609375
mp-aaaaaspb,130.58099365234375,111.22386932373047
mp-aaaabtfk,75.1989974975586,143.98077392578125
mp-aaabjyct,71.5199966430664,93.228515625
mp-aaabjybs,134.0229949951172,131.4663848876953
mp-aaabxfwl,154.1439971923828,152.64370727539062
mp-aaaffcsd,89.35199737548828,80.369873046875
mp-aaabkrkq,46.4640007019043,50.7621955871582
mp-aaabxgsh,-206.57400512695312,38.99908447265625
mp-aaabxcpg,66.9530029296875,55.04741287231445
mp-aaaaabpd,131.9949951171875,155.13546752929688
mp-aaacdpbk,24.54599952697754,17.579437255859375
mp-aaaaaoek,35.047000885009766,45.78516387939453
mp-aaabjoqp,91.93699645996094,118.8878402709961
mp-aaaabdic,102.30000305175781,123.97777557373047
mp-aaacflos,4.8979997634887695,-2.5008163452148438
mp-aaaaanmz,98.2030029296875,77.77037048339844
mp-aaabrsqg,151.83399963378906,74.05880737304688
mp-aaabfnsw,3.8610000610351562,41.315460205078125
mp-aaabxhvu,46.185001373291016,44.74632263183594
mp-aaaaanfz,39.73500061035156,57.38130187988281
mp-aaaaaouz,11.918999671936035,21.574073791503906
mp-aaaaabso,134.50399780273438,133.02154541015625
mp-aaabsdus,188.2100067138672,181.38870239257812
mp-aaabqxwk,104.97699737548828,111.50035858154297
mp-aaacqozz,0.9359999895095825,59.7003059387207
mp-aaaabilm,3.861999988555908,14.690170288085938
mp-aaaaaaiq,28.304000854492188,94.95159149169922
mp-aaaaaezw,108.93099975585938,63.15612030029297
mp-aaaaatfq,137.10299682617188,151.63543701171875
mp-aaabcslm,20.885000228881836,47.12049865722656
mp-aaacehvd,31.423999786376953,-0.578521728515625
mp-aaaabjsv,123.51399993896484,115.62113189697266
mp-aaaaayep,37.37699890136719,54.25566864013672
mp-aaaabszk,54.242000579833984,46.838356018066406
mp-aaabxgpi,195.50900268554688,165.0911865234375
mp-aaaceuys,80.9739990234375,77.8020248413086
mp-aaacdyct,112.44599914550781,103.78778076171875
mp-aaacdikf,96.53399658203125,107.8502197265625
mp-aaaaarox,46.49599838256836,47.783233642578125
mp-aaacdvtn,57.05699920654297,67.59308624267578
mp-aaaaaqzp,309.5679931640625,270.6450500488281
mp-aaacdvbd,47.266998291015625,55.4743766784668
mp-aaaaacqm,138.58299255371094,124.9588394165039
mp-aaacgdiz,68.1259994506836,87.2481689453125
mp-aaabxcmk,90.07099914550781,83.34915924072266
mp-aaaaacbr,230.9739990234375,226.14703369140625
mp-aaachdns,21.469999313354492,1.1106796264648438
mp-aaacgitd,101.13400268554688,94.3909912109375
mp-aaaccsqj,95.06199645996094,111.36743927001953
mp-aaaaaxsq,70.3499984741211,68.20648193359375
mp-aaabqxee,89.75599670410156,123.41455841064453
mp-aaabglxt,51.69499969482422,45.697364807128906
mp-aaacdnug,21.31599998474121,2.731536865234375
mp-aaaabagt,70.05000305175781,56.86393356323242
mp-aaacdkva,42.27299880981445,45.24207305908203
mp-aaabxgtq,40.69900131225586,41.48626708984375
mp-aaabgjop,44.395999908447266,51.81972122192383
mp-aaacfkjj,357.5469970703125,231.10855102539062
mp-aaaaavwx,25.979999542236328,44.63670349121094
mp-aaacevxe,138.26600646972656,137.49205017089844
mp-aaaaaxpr,170.6219940185547,151.74842834472656
mp-aaabmmwo,43.2859992980957,80.31655883789062
mp-aaaaahku,76.80500030517578,86.48289489746094
mp-aaabgjxo,156.67599487304688,223.772216796875
mp-aaaaahww,110.85299682617188,118.98896789550781
mp-aaabxgxg,138.0749969482422,120.0802001953125
mp-aaacdpvo,57.67499923706055,60.81562423706055
mp-aaaaacny,182.05499267578125,172.74984741210938
mp-aaaaaerp,63.069000244140625,83.59563446044922
mp-aaacgozj,58.68299865722656,82.31135559082031
mp-aaaccteo,21.841999053955078,18.651710510253906
mp-aaacdrov,61.6879997253418,45.387908935546875
mp-aaabjydz,145.86500549316406,130.91102600097656
mp-aaabxgzj,30.170000076293945,36.066314697265625
mp-aaabxgbc,171.51800537109375,148.4659423828125
mp-aaabgiwm,66.36299896240234,62.416053771972656
mp-aaaaanwt,40.51300048828125,52.80918884277344
mp-aaachdkv,38.23500061035156,47.35496520996094
mp-aaacehuz,39.944000244140625,30.574600219726562
mp-aaaabffk,42.15800094604492,76.99118041992188
mp-aaaaaiuk,96.4469985961914,97.91896057128906
mp-aaacfxco,167.61500549316406,104.8849105834961
mp-aaabgncu,7.077000141143799,-9.481727600097656
mp-aaaaathj,326.00299072265625,354.90283203125
mp-aaaabdzo,150.67799377441406,138.81060791015625
mp-aaacfjzc,106.0999984741211,104.14244079589844
mp-aaaaacbt,11.616999626159668,4.356834411621094
mp-aaaaaqym,225.22799682617188,212.93508911132812
mp-aaacgiuw,134.39300537109375,110.18498992919922
mp-aaaaadgk,11.057000160217285,0.7451324462890625
mp-aaaabhcy,79.93599700927734,109.9587631225586
mp-aaacfmhk,137.83200073242188,161.76930236816406
mp-aaaabbbw,37.60599899291992,46.08057403564453
mp-aaaaajbr,84.9020004272461,79.8941650390625
mp-aaaaayjy,138.4550018310547,116.63683319091797
mp-aaaaatyg,59.85100173950195,53.552188873291016
mp-aaaaaqve,121.26200103759766,95.52565002441406
mp-aaaabdta,85.36799621582031,73.06007385253906
mp-aaaabijh,1.5299999713897705,39.46238708496094
mp-aaaaapuq,101.35399627685547,92.04608917236328
mp-aaaaaeou,165.30099487304688,167.68630981445312
mp-aaabxhkn,36.77799987792969,26.25995635986328
mp-aaabghxz,60.4739990234375,58.900386810302734
mp-aaaaadze,104.08200073242188,118.89402770996094
mp-aaaaaaeb,34.25199890136719,38.628021240234375
mp-aaaaagfq,84.0,75.1053695678711
mp-aaacewoy,105.13400268554688,158.42408752441406
mp-aaabdaoi,14.597999572753906,24.42937469482422
mp-aaaabhzu,20.775999069213867,32.17406463623047
mp-aaacfhmg,76.04199981689453,97.36234283447266
mp-aaaciwgq,103.91799926757812,86.67222595214844
mp-aaacdqcu,142.0570068359375,118.3810806274414
mp-aaaaabci,39.51900100708008,51.0957145690918
mp-aaaaadwl,39.55799865722656,49.22642135620117
mp-aaacgiht,177.35000610351562,187.71170043945312
mp-aaacezyk,36.573001861572266,85.24523162841797
mp-aaaaalsm,134.2790069580078,106.54097747802734
mp-aaacgiyv,60.48500061035156,62.965763092041016
mp-aaaabfdo,198.83799743652344,193.1788330078125
mp-aaacdimu,68.67400360107422,63.068580627441406
mp-aaaaaytg,101.78700256347656,67.52014923095703
mp-aaacdzue,108.55400085449219,121.79283142089844
mp-aaacfsan,2.888000011444092,26.850433349609375
mp-aaabiijz,174.63800048828125,183.04347229003906
mp-aaaaafjv,62.737998962402344,89.2853012084961
mp-aaacdpfs,104.53299713134766,88.73936462402344
mp-aaaaaayt,188.2949981689453,160.82850646972656
mp-aaacdnpk,26.875,34.83399200439453
mp-aaaacbdd,8.640000343322754,36.529029846191406
mp-aaabjxzk,190.76400756835938,210.99261474609375
mp-aaaaamdv,15.22700023651123,42.45038604736328
mp-aaabfzct,19.91699981689453,22.060325622558594
mp-aaabjerd,124.20899963378906,115.13959503173828
mp-aaaaadet,49.768001556396484,61.71775817871094
mp-aaaabhew,216.4340057373047,171.4462127685547
mp-aaaabfbz,103.84700012207031,102.48541259765625
mp-aaaabett,16.854000091552734,50.0463981628418
mp-aaabxfms,76.91500091552734,77.55744934082031
mp-aaaaaoef,44.53099822998047,46.508575439453125
mp-aaaaabxf,306.30499267578125,319.2544860839844
mp-aaacdrmq,264.31298828125,211.2796630859375
mp-aaabkddr,58.94300079345703,77.70269775390625
mp-aaacctfa,46.5369987487793,43.386444091796875
mp-aaacfvki,39.303001403808594,43.42052459716797
mp-aaaabics,57.48899841308594,74.67266082763672
mp-aaabiqfz,7.820000171661377,25.26726531982422
mp-aaaaabho,28.38599967956543,38.171165466308594
mp-aaaabdux,174.29100036621094,116.1867904663086
mp-aaaaabxe,127.29299926757812,102.54329681396484
mp-aaaaaqdh,127.89099884033203,112.81536865234375
mp-aaaaafcm,138.46600341796875,181.40185546875
mp-aaacdrzk,47.59000015258789,60.985504150390625
mp-aaaccsqi,181.26400756835938,178.03170776367188
mp-aaacfkif,348.47698974609375,191.1217041015625
mp-aaacehwq,163.843994140625,212.07537841796875
mp-aaaaashj,52.694000244140625,58.937137603759766
mp-aaaaabcf,37.861000061035156,41.213401794433594
mp-aaaabohf,66.51899719238281,84.8865966796875
mp-aaabgndy,171.72000122070312,152.9266815185547
mp-aaabjvdy,373.8760070800781,293.9669189453125
mp-aaabfpqw,91.6989974975586,102.62254333496094
mp-aaaabemn,26.31399917602539,68.11396789550781
mp-aaaaacwb,132.1510009765625,71.92378234863281
mp-aaaaanww,148.78599548339844,148.9962921142578
mp-aaabxgdv,156.43899536132812,156.04067993164062
mp-aaabxhgn,190.88499450683594,187.74595642089844
mp-aaacdqxg,51.21200180053711,60.22930145263672
mp-aaacdhkw,99.29100036621094,97.90534210205078
mp-aaabrskb,38.444000244140625,30.07501220703125
mp-aaacesxd,68.49099731445312,73.89166259765625
mp-aaabgjkq,181.5500030517578,206.91964721679688
mp-aaabxfak,70.5009994506836,73.19866943359375
mp-aaaabhvr,4.877999782562256,74.58309936523438
mp-aaabxjts,119.10399627685547,99.409912109375
mp-aaaccsql,37.88100051879883,47.2137451171875
mp-aaacfycq,162.14999389648438,152.6785125732422
mp-aaacdxfx,67.875,64.03871154785156
mp-aaaaackx,40.715999603271484,41.668006896972656
mp-aaacearo,-243.23599243164062,181.51370239257812
mp-aaaaalwo,56.22999954223633,89.88768005371094
mp-aaacfyzs,76.98500061035156,66.35647583007812
mp-aaaabeas,55.17399978637695,54.42226791381836
mp-aaaaatrz,46.28799819946289,63.82538986206055
mp-aaabwjuw,0.31200000643730164,0.9601364135742188
mp-aaaaaroq,125.93900299072266,119.9972152709961
mp-aaaaarmu,63.21099853515625,33.369529724121094
mp-aaaaaegg,119.51799774169922,124.21511840820312
mp-aaabxiws,48.03200149536133,44.91191864013672
mp-aaabxdsv,92.25900268554688,90.17766571044922
mp-aaaaatsc,32.50400161743164,45.58898162841797
mp-aaaabepu,86.25,104.39337158203125
mp-aaaabrdd,40.2859992980957,81.59910583496094
mp-aaabgisu,144.4550018310547,136.89190673828125
mp-aaabxiuz,57.9379997253418,47.46563720703125
mp-aaabdaxj,29.868000030517578,48.85334014892578
mp-aaabfuvg,5.349999904632568,-12.730804443359375
mp-aaacdkdu,67.88999938964844,81.73514556884766
mp-aaacfkkw,116.0199966430664,113.2200927734375
mp-aaabgmgw,3.502000093460083,18.657997131347656
mp-aaaabwwm,100.9010009765625,95.75586700439453
mp-aaaaaeyo,14.996000289916992,10.418876647949219
mp-aaabxjxv,223.04600524902344,230.77371215820312
mp-aaabffgl,72.76000213623047,103.72803497314453
mp-aaaaadql,166.406005859375,162.47039794921875
mp-aaacgfuv,38.262001037597656,36.788726806640625
mp-aaabrrft,34.7599983215332,33.78155517578125
mp-aaacgjbh,118.14600372314453,122.97581481933594
mp-aaacfzyc,97.84600067138672,79.47389221191406
mp-aaacdlnd,200.10000610351562,214.45938110351562
mp-aaacgitz,98.23200225830078,102.40872192382812
mp-aaaabhwp,38.23699951171875,47.177146911621094
mp-aaaaaost,182.2530059814453,136.7163543701172
mp-aaabxcbi,174.68499755859375,176.97406005859375
mp-aaaaanxf,21.520999908447266,104.13782501220703
mp-aaacdnqv,178.72500610351562,145.60862731933594
mp-aaaaacdh,35.1619987487793,31.223388671875
mp-aaaaamne,33.92499923706055,19.199081420898438
mp-aaabxfub,155.28399658203125,142.2183837890625
mp-aaabfubj,161.0260009765625,130.56088256835938
mp-aaaaaagf,333.2049865722656,276.017578125
mp-aaacdkdk,9.968999862670898,12.790824890136719
mp-aaaabsxs,74.07499694824219,75.64984130859375
mp-aaabfkjx,44.56800079345703,33.941612243652344
mp-aaabglnh,31.336000442504883,38.10228729248047
mp-aaaabrdf,38.042999267578125,71.76841735839844
mp-aaaabgjn,137.2310028076172,86.20004272460938
mp-aaaaausf,73.56999969482422,67.65068054199219
mp-aaabkexs,4.297999858856201,75.04119873046875
mp-aaabxgsj,130.6020050048828,113.34166717529297
mp-aaaaadhw,0.5889999866485596,71.27645111083984
mp-aaacdnoc,295.760009765625,275.06854248046875
mp-aaaabjfh,20.299999237060547,46.97754669189453
mp-aaaaactz,222.23800659179688,185.99850463867188
mp-aaacrqen,354.21099853515625,326.15399169921875
mp-aaaaacqq,21.461000442504883,39.985015869140625
mp-aaaaafio,92.4800033569336,93.15048217773438
mp-aaacgosh,66.01799774169922,74.38203430175781
mp-aaaaahgn,62.65999984741211,56.36035919189453
mp-aaacehuf,99.97100067138672,150.0787811279297
mp-aaaabfsi,45.604000091552734,71.91830444335938
mp-aaacfyet,127.61699676513672,120.950439453125
mp-aaaaaboe,303.9490051269531,410.75299072265625
mp-aaaaagmp,156.9709930419922,174.990478515625
mp-aaaaaewf,159.26699829101562,133.0198211669922
mp-aaaabpyr,23.31800079345703,43.122955322265625
mp-aaaaacoo,30.30500030517578,47.16117858886719
mp-aaacfjwk,12.196000099182129,19.758071899414062
mp-aaaabhjo,43.14899826049805,95.35917663574219
mp-aaacdnbs,53.356998443603516,66.22216796875
mp-aaacfydu,111.5,88.18280029296875
mp-aaaaacwj,116.74199676513672,186.75962829589844
mp-aaaaamtc,51.76300048828125,88.29190826416016
mp-aaaaapis,225.62100219726562,167.31161499023438
mp-aaabfbzs,111.80999755859375,51.699989318847656
mp-aaaabuca,34.654998779296875,45.60948944091797
mp-aaaaahqs,88.2760009765625,58.77197265625
mp-aaaabtud,10.067999839782715,30.434310913085938
mp-aaacdyjo,-18.964000701904297,75.97731018066406
mp-aaaaaqfj,23.898000717163086,30.218048095703125
mp-aaackivq,229.35000610351562,191.63934326171875
mp-aaaabudn,184.18299865722656,182.88128662109375
mp-aaaaaaxi,100.45600128173828,90.7447509765625
mp-aaaaaiki,110.87899780273438,109.83487701416016
mp-aaabxflg,93.62000274658203,120.85955810546875
mp-aaaabfqe,155.3520050048828,130.71487426757812
mp-aaacdnmo,26.474000930786133,53.70001983642578
mp-aaaabujt,17.29599952697754,41.05216979980469
mp-aaaaafvf,101.62200164794922,90.12785339355469
mp-aaaaaavk,139.08700561523438,130.30409240722656
mp-aaaaagwf,108.37100219726562,107.40480041503906
mp-aaaaazqq,70.41400146484375,74.69072723388672
mp-aaabxcfk,66.50599670410156,65.56721496582031
mp-aaacrfux,267.6080017089844,330.544921875
mp-aaaabjal,120.51599884033203,86.25123596191406
mp-aaaaauaa,23.138999938964844,45.21686553955078
mp-aaaabsai,195.58700561523438,184.82542419433594
mp-aaaaalbl,105.39600372314453,114.24556732177734
mp-aaaabtjr,120.01300048828125,107.68954467773438
mp-aaaaarpb,197.33999633789062,183.21548461914062
mp-aaabjyeb,79.94100189208984,64.32772827148438
mp-aaacpjap,357.1730041503906,361.49713134765625
mp-aaabjqyu,26.261999130249023,37.11377716064453
mp-aaaaaczm,87.46900177001953,88.11457824707031
mp-aaaaayug,69.96399688720703,60.2277717590332
mp-aaacfsjx,145.72999572753906,162.785888671875
mp-aaabgmjn,213.21200561523438,120.13459777832031
mp-aaaaagit,117.1050033569336,110.84778594970703
mp-aaacfanm,322.0509948730469,293.626953125
mp-aaabxfav,124.91500091552734,158.69992065429688
mp-aaaaagrc,173.6750030517578,135.63702392578125
mp-aaaaamsd,81.06199645996094,96.09466552734375
mp-aaaaboif,80.50499725341797,139.95750427246094
mp-aaacdxqu,6.455999851226807,43.350685119628906
mp-aaabxcem,43.61199951171875,40.543853759765625
mp-aaaaasjj,48.483001708984375,59.254051208496094
mp-aaaabkdd,210.77200317382812,172.6884765625
mp-aaaaaoyr,68.52100372314453,74.3891372680664
mp-aaacdokh,13.866000175476074,18.209266662597656
mp-aaaaahyn,214.53599548339844,215.70046997070312
mp-aaaaarxn,0.6370000243186951,45.89043426513672
mp-aaaabfox,172.6300048828125,170.58197021484375
mp-aaabxgii,321.06500244140625,306.8327331542969
mp-aaaaadut,192.1300048828125,207.2650909423828
mp-aaaabfsz,233.8070068359375,186.0785675048828
mp-aaacfjac,82.46900177001953,79.03096008300781
mp-aaacdqtt,188.781005859375,163.70260620117188
mp-aaaabdub,101.40499877929688,88.19449615478516
mp-aaaaadok,17.961000442504883,51.10231018066406
mp-aaacdhlo,60.27399826049805,56.3900260925293
mp-aaaaanqt,147.03900146484375,168.52381896972656
mp-aaabcsjn,106.99500274658203,94.17198181152344
mp-aaabxdpj,59.553001403808594,50.266204833984375
mp-aaaaafmy,89.31600189208984,98.57524108886719
mp-aaaaamkr,31.229999542236328,38.35772705078125
mp-aaacdien,263.5820007324219,222.38583374023438
mp-aaaaaalo,158.56399536132812,154.34091186523438
mp-aaaaaswb,115.03800201416016,117.8969955444336
mp-aaacesvk,91.98799896240234,105.14625549316406
mp-aaacflmq,212.3300018310547,254.1735076904297
mp-aaacdlne,277.0450134277344,187.65176391601562
mp-aaabfkyz,88.99199676513672,59.485111236572266
mp-aaabfjly,66.46399688720703,111.75374603271484
mp-aaaaadyz,143.7209930419922,140.20452880859375
mp-aaaaatrc,12.857999801635742,47.675453186035156
mp-aaaaaqob,45.54800033569336,70.50819396972656
mp-aaabxhfs,38.80699920654297,34.705322265625
mp-aaacdmqi,195.8730010986328,135.99713134765625
mp-aaaaazaq,77.54299926757812,78.51397705078125
mp-aaabxfoo,3.5350000858306885,51.45228958129883
mp-aaabeubn,9.810999870300293,12.877037048339844
mp-aaabfozd,70.16100311279297,54.4241943359375
mp-aaaabdju,8.937999725341797,21.849609375
mp-aaacfzud,52.81999969482422,54.769771575927734
mp-aaabqwdo,128.50599670410156,153.98532104492188
mp-aaaaaits,55.85300064086914,83.60144805908203
mp-aaabqwji,190.21800231933594,170.6346893310547
mp-aaaaaaef,96.90499877929688,104.56427764892578
mp-aaaaatdb,98.24700164794922,95.19756317138672
mp-aaaaaaxr,41.770999908447266,37.390419006347656
mp-aaaabska,12.913999557495117,1.6525955200195312
mp-aaaaairj,58.016998291015625,54.6713752746582
mp-aaabxfbb,175.1909942626953,150.99813842773438
mp-aaacdqcx,130.8249969482422,110.07009887695312
mp-aaaabrqs,-0.0,46.062461853027344
mp-aaaaaqny,114.64600372314453,108.52667236328125
mp-aaaaarcr,109.05799865722656,107.62844848632812
mp-aaacdnhb,40.702999114990234,33.95568084716797
mp-aaabrtsq,117.20500183105469,119.59537506103516
mp-aaaaaooq,88.05599975585938,72.44798278808594
mp-aaaaaazg,104.58499908447266,96.41344451904297
mp-aaacgpbg,71.00299835205078,78.5053939819336
mp-aaabsdoz,33.6609992980957,57.98341369628906
mp-aaacfsie,92.47799682617188,99.38941192626953
mp-aaaaamcq,39.77000045776367,95.93937683105469
mp-aaaaasov,65.85099792480469,81.02767944335938
mp-aaabxgoq,56.53300094604492,83.15901184082031
mp-aaabxgfl,191.6199951171875,129.7568359375
mp-aaaabidz,133.05799865722656,130.5685272216797
mp-aaaaaswt,112.11299896240234,117.75541687011719
mp-aaabsebj,22.013999938964844,130.77931213378906
mp-aaabhdhj,42.356998443603516,62.96425247192383
mp-aaafjtql,4.359000205993652,56.55152130126953
mp-aaacdppo,75.34100341796875,58.3215446472168
mp-aaaabtoq,56.97800064086914,57.95608139038086
mp-aaaaajwf,108.91500091552734,99.70539855957031
mp-aaabgmoc,20.17099952697754,35.415557861328125
mp-aaabxflh,162.38400268554688,109.64583587646484
mp-aaacflvo,24.222000122070312,70.08389282226562
mp-aaaaanro,153.13400268554688,202.59268188476562
mp-aaaaabql,89.03099822998047,84.87310028076172
mp-aaaaattz,203.9510040283203,193.6885986328125
mp-aaacdsgw,41.99100112915039,45.74102020263672
mp-aaacfixo,191.8470001220703,174.91494750976562
mp-aaaabewu,33.025001525878906,58.98234176635742
mp-aaaabjcv,41.37900161743164,90.11534881591797
mp-aaabjxyw,271.7690124511719,295.0807800292969
mp-aaabxbzd,112.50900268554688,93.63713836669922
mp-aaabxghi,46.29600143432617,49.87824249267578
mp-aaaabdzp,123.89099884033203,141.92660522460938
mp-aaacgiyr,126.64800262451172,125.17589569091797
mp-aaacdtso,45.882999420166016,62.4578742980957
mp-aaabkpew,76.04399871826172,98.44351959228516
mp-aaaabefm,11.678999900817871,67.60063171386719
mp-aaachdei,41.63800048828125,54.84653854370117
mp-aaabqxzl,92.51200103759766,78.77156066894531
mp-aaaaasor,85.76899719238281,95.96920776367188
mp-aaabxghz,203.68600463867188,185.91864013671875
mp-aaaaakck,169.06100463867188,90.30509185791016
mp-aaaaafkr,206.71400451660156,167.57188415527344
mp-aaabjxzp,103.76699829101562,173.2655792236328
mp-aaaaagnz,130.63900756835938,101.02767944335938
mp-aaacgnti,16.44700050354004,67.8934326171875
mp-aaacgitn,160.0989990234375,145.195068359375
mp-aaaaaoed,57.23699951171875,55.794986724853516
mp-aaaaagur,235.07699584960938,104.16532897949219
mp-aaaaaaen,35.858001708984375,54.45909118652344
mp-aaaabdod,179.2480010986328,175.72055053710938
mp-aaabxgyk,226.1529998779297,212.08360290527344
mp-aaaaaamf,140.3979949951172,141.1531982421875
mp-aaaaayao,46.55099868774414,35.19164276123047
mp-aaaaakqm,190.01199340820312,177.08108520507812
mp-aaaabprq,2.3459999561309814,67.33521270751953
mp-aaacgiqj,90.19300079345703,95.86405944824219
mp-aaaaapbj,55.986000061035156,8.883865356445312
mp-aaaabrqa,14.347000122070312,8.397041320800781
mp-aaabqzla,86.5260009765625,101.166259765625
mp-aaacdjwh,30.915000915527344,35.210472106933594
mp-aaaaatje,220.33900451660156,179.65097045898438
mp-aaaabtuo,1.125,1.04388427734375
mp-aaaabdhd,297.06500244140625,292.8450927734375
mp-aaabxfss,31.125,27.355979919433594
mp-aaabxgkh,68.26899719238281,61.725669860839844
mp-aaaaanfu,207.25799560546875,149.16603088378906
mp-aaacevtz,215.23199462890625,173.75839233398438
mp-aaaaaooz,68.60800170898438,64.41952514648438
mp-aaaaasof,138.9040069580078,152.27536010742188
mp-aaaaagvz,135.02200317382812,122.61528778076172
mp-aaabqwlv,32.04499816894531,47.458892822265625
mp-aaaaafoo,108.197998046875,113.70265197753906
mp-aaabxjqy,169.61599731445312,177.04653930664062
mp-aaaaaidm,63.20600128173828,71.97100830078125
mp-aaaabkpa,140.72500610351562,104.6758804321289
mp-aaabghpe,17.280000686645508,48.579776763916016
mp-aaabxhcq,183.76499938964844,126.2782974243164
mp-aaacflvy,217.33299255371094,246.0436553955078
mp-aaabxbva,240.98800659179688,227.40997314453125
mp-aaabgmss,133.93499755859375,129.7039794921875
mp-aaabxfsy,38.10599899291992,34.708099365234375
mp-aaaabgua,48.29399871826172,77.64601135253906
mp-aaabxcbv,154.26400756835938,140.72618103027344
mp-aaaabtgq,149.2530059814453,125.7513427734375
mp-aaaaaosc,35.071998596191406,42.62151336669922
mp-aaaaapvw,183.94500732421875,147.89105224609375
mp-aaacdxqw,115.8499984741211,96.4992446899414
mp-aaaaauve,91.4749984741211,22.499313354492188
mp-aaacfzct,86.94000244140625,103.90652465820312
mp-aaacdhld,72.55799865722656,87.77013397216797
mp-aaaaalzp,311.3949890136719,330.4114990234375
mp-aaabkfsp,200.7100067138672,208.654052734375
mp-aaaabubw,45.35599899291992,34.97057342529297
mp-aaacdluc,57.02899932861328,52.165382385253906
mp-aaaabhfg,214.3560028076172,184.56399536132812
mp-aaaaacim,14.135000228881836,11.272682189941406
mp-aaabxfbl,45.43899917602539,84.925048828125
mp-aaaaaass,113.0250015258789,121.31897735595703
mp-aaabxgmx,228.8280029296875,210.1666259765625
mp-aaaccsqz,133.9080047607422,135.14730834960938
mp-aaaaaqlf,101.2959976196289,107.19463348388672
mp-aaacfyal,178.76800537109375,184.8839111328125
mp-aaaaarrx,75.33799743652344,68.2842025756836
mp-aaacginx,35.07600021362305,41.74137878417969
mp-aaaabilf,6.025000095367432,80.51101684570312
mp-aaaaadfz,101.24600219726562,72.39747619628906
mp-aaaabdgc,121.84200286865234,101.03193664550781
mp-aaaaaizq,34.69900131225586,7.933807373046875
mp-aaaaaoro,14.850000381469727,58.51890182495117
mp-aaabctkm,22.68199920654297,78.69369506835938
mp-aaaabsqp,62.198001861572266,62.70965576171875
mp-aaacdhwb,92.52799987792969,65.98663330078125
mp-aaabrwfb,141.06700134277344,106.96859741210938
mp-aaaaafza,22.19700050354004,37.08313751220703
mp-aaabgiyf,90.62300109863281,79.18169403076172
mp-aaabghru,46.65999984741211,68.50594329833984
mp-aaabxiui,64.74099731445312,58.69552230834961
mp-aaaaacfe,146.22000122070312,141.1523895263672
mp-aaacfwfq,134.0659942626953,109.721923828125
mp-aaacdlmj,400.84600830078125,283.32159423828125
mp-aaabeueu,5.473999977111816,12.820274353027344
mp-aaaaafzn,33.566001892089844,78.051513671875
mp-aaabxbbo,34.34600067138672,26.67206573486328
mp-aaaaabsd,170.7550048828125,163.7786102294922
mp-aaaaaglm,38.486000061035156,72.56989288330078
mp-aaaaammh,151.5019989013672,152.29754638671875
mp-aaacctem,31.152000427246094,51.6031379699707
mp-aaaaalpw,23.76300048828125,48.221126556396484
mp-aaaabelq,49.91899871826172,56.31557083129883
mp-aaacfhmk,119.44599914550781,75.82112121582031
mp-aaabqzia,208.64300537109375,149.8036651611328
mp-aaaaacvl,33.0989990234375,35.848419189453125
mp-aaacdjdy,107.16000366210938,105.40756225585938
mp-aaabxfcg,4.7829999923706055,87.60237884521484
mp-aaacdpqd,26.408000946044922,12.365676879882812
mp-aaaaapuy,38.426998138427734,12.217239379882812
mp-aaaaanwx,156.26300048828125,174.81333923339844
mp-aaaaaagn,115.6969985961914,209.98422241210938
mp-aaaaadsl,18.273000717163086,10.525032043457031
mp-aaabxivw,35.28200149536133,34.314361572265625
mp-aaacdroj,59.62200164794922,55.39326095581055
mp-aaaaatpg,114.13300323486328,90.24043273925781
mp-aaaaakeg,49.64500045776367,92.05221557617188
mp-aaacgipt,86.18800354003906,91.80021667480469
mp-aaaaauwx,114.35800170898438,168.19288635253906
mp-aaabxcfr,207.88600158691406,177.9296875
mp-aaabyfua,35.49700164794922,43.610069274902344
mp-aaabgjkn,112.45700073242188,70.28733825683594
mp-aaaaaafa,49.334999084472656,70.41397094726562
mp-aaaaaaak,79.73100280761719,64.84811401367188
mp-aaacewkb,198.02200317382812,179.73141479492188
mp-aaacfzdi,58.83000183105469,67.04042053222656
mp-aaabxflf,194.531005859375,172.48684692382812
mp-aaaaadup,93.80699920654297,59.91054153442383
mp-aaacdjcv,52.2140007019043,71.00999450683594
mp-aaaaafux,197.98500061035156,161.45669555664062
mp-aaaaaiqp,102.75,98.1122055053711
mp-aaaaabkk,179.69200134277344,175.77076721191406
mp-aaaaasqo,153.052001953125,141.87306213378906
mp-aaabmlqi,41.01599884033203,49.43803787231445
mp-aaaaakwr,83.44400024414062,139.95681762695312
mp-aaaaaepj,216.08799743652344,192.55453491210938
mp-aaaaaeqy,141.0330047607422,151.73057556152344
mp-aaacrtlk,10.871999740600586,11.823928833007812
mp-aaaaaqct,134.15899658203125,108.34396362304688
mp-aaacfjws,48.356998443603516,47.549354553222656
mp-aaaaadpi,41.391998291015625,61.490909576416016
mp-aaaabenf,14.76099967956543,83.33277893066406
mp-aaaaagxi,104.24299621582031,85.75729370117188
mp-aaaabdgr,38.19900131225586,56.697471618652344
mp-aaaaacpf,13.038999557495117,1.1651840209960938
mp-aaaaaehg,97.68900299072266,80.13436889648438
mp-aaaaapxg,161.29400634765625,142.55018615722656
mp-aaabgmix,30.790000915527344,46.42436218261719
mp-aaacezzs,313.3240051269531,424.25836181640625
mp-aaabxcds,94.26399993896484,66.14906311035156
mp-aaaabijj,23.429000854492188,82.384033203125
mp-aaaabrwm,19.24799919128418,42.31902313232422
mp-aaacgjdf,15.14799976348877,83.17000579833984
mp-aaabqwho,90.61499786376953,109.47549438476562
mp-aaabxfxi,45.13399887084961,48.4037971496582
mp-aaacfzat,79.43800354003906,66.43623352050781
mp-aaaabjcb,46.805999755859375,33.153541564941406
mp-aaaaaotj,78.99199676513672,76.02274322509766
mp-aaaaafcx,151.30799865722656,130.863525390625
mp-aaacgiie,79.6989974975586,75.04534912109375
mp-aaaaahtz,66.51699829101562,62.53543472290039
mp-aaaabrey,36.75899887084961,80.84446716308594
mp-aaaabtbg,79.99700164794922,98.09310913085938
mp-aaaaayqg,72.1050033569336,73.42950439453125
mp-aaabxbqa,165.82200622558594,127.16986846923828
mp-aaaaaqcs,97.90299987792969,112.96109008789062
mp-aaabgkzh,29.69099998474121,47.47746276855469
mp-aaaccspl,146.31100463867188,145.24024963378906
mp-aaacifbn,89.96800231933594,29.080230712890625
mp-aaaaaqux,70.80699920654297,93.7345199584961
mp-aaacgigp,104.28900146484375,84.87539672851562
mp-aaabhcoj,120.68499755859375,94.05136108398438
mp-aaaftpiy,7.622000217437744,-30.701919555664062
mp-aaaabheo,134.31500244140625,118.5303726196289
mp-aaaabjwf,95.97100067138672,78.96881866455078
mp-aaaaaaqv,81.40499877929688,80.97836303710938
mp-aaaaacqf,337.7330017089844,303.81201171875
mp-aaaabfmd,67.27200317382812,63.70072937011719
mp-aaaabijw,-18.586999893188477,104.99113464355469
mp-aaacdvcr,123.5989990234375,106.70256042480469
mp-aaaaaand,31.018999099731445,25.567123413085938
mp-aaabxfsj,40.125999450683594,10.155731201171875
mp-aaaemsyl,57.132999420166016,72.3421401977539
mp-aaacdktw,66.31900024414062,73.71986389160156
mp-aaaaanxo,82.94100189208984,92.47464752197266
mp-aaacflwi,239.56900024414062,191.76358032226562
mp-aaaaafyk,108.48600006103516,85.29642486572266
mp-aaaaaeaq,151.76300048828125,129.72703552246094
mp-aaaabtcz,54.80699920654297,47.09374237060547
mp-aaaaaxfq,116.08399963378906,105.66903686523438
mp-aaabghcy,29.349000930786133,53.25554656982422
mp-aaaaaazl,194.6199951171875,163.04611206054688
mp-aaaaahco,166.25599670410156,150.36598205566406
mp-aaaaagkg,144.51600646972656,149.73275756835938
mp-aaaaaase,82.95800018310547,76.78546142578125
mp-aaacdxtr,111.69499969482422,92.2994613647461
mp-aaaaaeiv,212.9499969482422,187.61447143554688
mp-aaabghfu,83.50299835205078,107.98822021484375
mp-aaabgiax,154.5019989013672,143.8769989013672
mp-aaacfiqk,83.58899688720703,89.5619888305664
mp-aaacdhlf,159.81700134277344,162.37930297851562
mp-aaabgkys,75.32099914550781,74.46392822265625
mp-aaabxixx,116.81700134277344,117.48833465576172
mp-aaacjlcg,140.02000427246094,91.7883529663086
mp-aaaaaacu,112.88099670410156,114.00076293945312
mp-aaabfvyp,101.96199798583984,77.08180236816406
mp-aaabhbhu,22.31100082397461,88.72047424316406
mp-aaabgkuz,145.156005859375,137.4706268310547
mp-aaachdku,20.667999267578125,-16.103897094726562
mp-aaaabekx,76.1719970703125,82.87964630126953
mp-aaaaakrv,60.58300018310547,28.91217803955078
mp-aaaaacba,40.76900100708008,94.20021057128906
mp-aaabgjgx,42.52799987792969,38.45184326171875
mp-aaacgity,14.059000015258789,26.1510009765625
mp-aaaabtad,125.26599884033203,126.15576171875
mp-aaaaaadx,345.12799072265625,318.508544921875
mp-aaaaasmz,74.2229995727539,78.5457992553711
mp-aaabgmew,212.39100646972656,227.65499877929688
mp-aaaabduv,182.71800231933594,164.87796020507812
mp-aaaaakpm,46.76300048828125,37.955665588378906
mp-aaaaathp,64.28199768066406,112.15471649169922
mp-aaabsfml,93.2959976196289,93.766845703125
mp-aaaaahyz,153.593994140625,158.41551208496094
mp-aaaccsos,97.25700378417969,124.31037902832031
mp-aaaaaops,18.357999801635742,7.982978820800781
mp-aaaaaiox,101.80500030517578,100.64545440673828
mp-aaaaacec,218.9770050048828,187.65817260742188
mp-aaacfywb,153.4040069580078,121.55587005615234
mp-aaaabfbv,122.59500122070312,144.1988067626953
mp-aaacdrmp,71.60700225830078,79.46141052246094
mp-aaaaaadr,12.611000061035156,18.9365234375
mp-aaaacayb,21.233999252319336,24.66112518310547
mp-aaaabsmb,23.888999938964844,71.99693298339844
mp-aaaaabrh,40.215999603271484,43.23320770263672
mp-aaaaaabp,88.4000015258789,82.19306945800781
mp-aaabqwfb,6.488999843597412,40.44169616699219
mp-aaabgnbb,135.71299743652344,115.15314483642578
mp-aaabxfcb,2.88100004196167,20.087905883789062
mp-aaaaadns,71.27100372314453,81.128662109375
mp-aaaaaahl,105.70700073242188,78.9049072265625
mp-aaacehxx,144.802001953125,188.78582763671875
mp-aaaaaqts,188.2050018310547,153.320068359375
mp-aaabghul,184.27999877929688,63.1807861328125
mp-aaabmgnh,163.4199981689453,150.04185485839844
mp-aaabqxng,24.56999969482422,76.32723236083984
mp-aaaaaptc,29.551000595092773,48.318992614746094
mp-aaaabkmc,81.49800109863281,65.49884796142578
mp-aaacdnzh,75.21600341796875,65.84620666503906
mp-aaaaaanz,144.24000549316406,126.2782211303711
mp-aaaaabns,248.9080047607422,241.8143310546875
mp-aaabglir,65.91699981689453,66.2314682006836
mp-aaacfkut,33.64099884033203,82.830810546875
mp-aaaabdnl,128.94900512695312,110.43363952636719
mp-aaaceate,40.29499816894531,38.303802490234375
mp-aaaaabvk,265.99700927734375,237.94049072265625
mp-aaabevzk,38.65999984741211,43.3359375
mp-aaaaaytp,86.19499969482422,125.08155822753906
mp-aaaaatxr,32.292999267578125,32.51734924316406
mp-aaaaaoht,16.55900001525879,-4.4015045166015625
mp-aaafqzqh,-12.404000282287598,131.99288940429688
mp-aaabxjsk,220.6739959716797,214.380859375
mp-aaabxhin,91.19499969482422,86.63748168945312
mp-aaaabdya,157.33799743652344,144.72091674804688
mp-aaaaaoju,15.057000160217285,-8.516265869140625
mp-aaacekzk,30.47599983215332,59.726924896240234
mp-aaabqwuk,113.68000030517578,101.9700698852539
mp-aaaaafos,43.388999938964844,102.3052978515625
mp-aaacdnby,55.67499923706055,64.9447021484375
mp-aaaaaekx,27.000999450683594,31.513076782226562
mp-aaacdpuw,177.63400268554688,176.98941040039062
mp-aaaaaooh,99.76799774169922,116.02039337158203
mp-aaabgjcq,1.3140000104904175,5.795433044433594
mp-aaaabigs,1.0140000581741333,27.82843017578125
mp-aaaaaaim,223.87600708007812,187.35794067382812
mp-aaaaaawg,82.61100006103516,77.61920166015625
mp-aaadciww,187.7030029296875,147.6822509765625
mp-aaabmgnm,101.05999755859375,115.47196197509766
mp-aaacfrja,37.26499938964844,21.911537170410156
mp-aaacdoah,39.81700134277344,43.084693908691406
mp-aaabxfbd,57.53099822998047,58.631439208984375
mp-aaacdpwq,176.0019989013672,99.1624755859375
mp-aaacevrh,134.24400329589844,116.12254333496094
mp-aaaaaind,52.11000061035156,46.432640075683594
mp-aaaaakmr,23.427000045776367,19.8626708984375
mp-aaabsekm,50.55099868774414,142.06719970703125
mp-aaaabwwl,163.71299743652344,121.71723175048828
mp-aaabgjpl,63.888999938964844,62.80603790283203
mp-aaacdokk,23.562000274658203,36.15325164794922
mp-aaabitdq,142.71499633789062,102.18698120117188
mp-aaaaacyo,49.19900131225586,51.4151725769043
mp-aaaabiik,13.331000328063965,2.5147705078125
mp-aaadfzap,180.19200134277344,171.917724609375
mp-aaabfwid,51.8390007019043,41.17413330078125
mp-aaaaajaz,115.56700134277344,104.2010269165039
mp-aaaaadru,76.33499908447266,63.218971252441406
mp-aaabqvan,35.6609992980957,46.20562744140625
mp-aaabfuzs,47.667999267578125,98.701416015625
mp-aaabqxte,90.7239990234375,111.45802307128906
mp-aaaabhhx,40.84700012207031,89.66717529296875
mp-aaaabfbm,255.4029998779297,151.36239624023438
mp-aaabgjct,79.76799774169922,68.52745056152344
mp-aaacesxf,17.499000549316406,57.21735763549805
mp-aaabgrnv,71.74099731445312,58.74950408935547
mp-aaabxfxh,182.79400634765625,212.50466918945312
mp-aaabxixs,53.972999572753906,72.78298950195312
mp-aaaaaava,156.51699829101562,147.08546447753906
mp-aaaaagpc,79.68399810791016,66.46683502197266
mp-aaaaahmc,37.858001708984375,66.65864562988281
mp-aaaaapya,65.86199951171875,30.10296630859375
mp-aaabflre,68.302001953125,99.48190307617188
mp-aaacrdqx,260.51300048828125,249.248046875
mp-aaabrgvf,13.232999801635742,51.38522720336914
mp-aaacdlrh,185.15199279785156,126.62060546875
mp-aaaaaoma,60.39699935913086,62.877872467041016
mp-aaaabitv,11.29800033569336,14.820610046386719
mp-aaaaassv,119.51300048828125,111.84858703613281
mp-aaacgijg,193.60899353027344,240.3612823486328
mp-aaaabeda,35.525001525878906,84.26133728027344
mp-aaaaamfl,56.29499816894531,100.91742706298828
mp-aaacdxov,55.3650016784668,46.615577697753906
mp-aaabxfaz,52.345001220703125,50.919559478759766
mp-aaacdiin,236.24000549316406,290.8486328125
mp-aaacdrel,72.68299865722656,76.06838989257812
mp-aaabghbh,77.28800201416016,73.75038146972656
mp-aaacdtsj,28.124000549316406,24.38957977294922
mp-aaaaatqq,44.64500045776367,24.93067169189453
mp-aaaaaaws,117.21800231933594,160.401611328125
mp-aaacdnqu,22.645000457763672,24.87175750732422
mp-aaacdngo,43.97600173950195,60.293052673339844
mp-aaabxgyo,36.108001708984375,43.74146270751953
mp-aaacgirp,15.699000358581543,26.538284301757812
mp-aaacgorq,159.17599487304688,187.01287841796875
mp-aaaaabjv,112.22799682617188,113.76073455810547
mp-aaabfcwo,35.060001373291016,59.76896667480469
mp-aaabxgcx,137.10899353027344,145.2490234375
mp-aaaaargb,58.54199981689453,46.806732177734375
mp-aaaabtxa,35.7599983215332,49.544593811035156
mp-aaaaahxx,213.3459930419922,190.6695556640625
mp-aaabxjce,82.2239990234375,76.54359436035156
mp-aaabfdnw,38.62099838256836,68.84786987304688
mp-aaaaanet,46.95800018310547,89.1842041015625
mp-aaabxjst,186.13299560546875,171.0751190185547
mp-aaacfhmh,183.26800537109375,173.51046752929688
mp-aaaaasqy,229.48500061035156,212.30137634277344
mp-aaabxgot,100.49199676513672,113.56419372558594
mp-aaacfzac,304.32598876953125,343.2273864746094
mp-aaaabfud,64.42900085449219,76.82127380371094
mp-aaaaaclb,373.61700439453125,259.59295654296875
mp-aaabgnes,105.65499877929688,102.0120849609375
mp-aaacewgm,167.55099487304688,154.59434509277344
mp-aaaaaatr,73.98500061035156,66.77691650390625
mp-aaaaarnd,92.88400268554688,85.87922668457031
mp-aaacebtm,77.08899688720703,49.06985855102539
mp-aaabxfyu,179.8979949951172,174.04550170898438
mp-aaabgjbc,29.552000045776367,29.350662231445312
mp-aaabxhia,61.584999084472656,43.354881286621094
mp-aaabcsyp,38.23099899291992,50.738037109375
mp-aaaaacyn,215.3300018310547,199.71376037597656
mp-aaaabept,241.54400634765625,230.94955444335938
mp-aaacdqcc,188.10800170898438,185.40176391601562
mp-aaaabtwz,144.3470001220703,157.94918823242188
mp-aaaabonp,15.439000129699707,101.85637664794922
mp-aaabcspf,88.94000244140625,89.87911224365234
mp-aaabxhnr,59.35200119018555,81.02357482910156
mp-aaaaadcr,29.7549991607666,77.60076904296875
mp-aaacezyg,55.650001525878906,35.69273376464844
mp-aaaaabpu,323.8940124511719,288.0689697265625
mp-aaaaalvt,142.7010040283203,153.38914489746094
mp-aaaaaoap,18.42300033569336,38.308349609375
mp-aaabgllb,274.59698486328125,236.5391387939453
mp-aaaaarmc,86.93399810791016,79.77973937988281
mp-aaacrdqv,268.9490051269531,261.220703125
mp-aaaceatp,15.491999626159668,44.604347229003906
mp-aaabjxzz,167.2449951171875,191.63430786132812
mp-aaabxjrd,187.60000610351562,142.48228454589844
mp-aaabxcpr,5.375999927520752,85.58445739746094
mp-aaacgiku,70.1449966430664,66.00919342041016
mp-aaabrees,175.38499450683594,186.1611785888672
mp-aaacdnyt,60.189998626708984,64.24285888671875
mp-aaabrawv,121.87899780273438,77.92781066894531
mp-aaacfkus,260.0119934082031,172.29827880859375
mp-aaabrzom,57.04800033569336,102.00374603271484
mp-aaaaaowa,64.65899658203125,79.79051208496094
mp-aaacfxzd,141.41900634765625,176.97613525390625
mp-aaaaacvs,35.231998443603516,63.18463897705078
mp-aaaabezk,146.92999267578125,143.3498992919922
mp-aaacfrir,35.8129997253418,63.92390441894531
mp-aaaaadcs,192.39100646972656,220.39401245117188
mp-aaaabohv,10.720999717712402,29.235702514648438
mp-aaaabdfh,129.6529998779297,116.42909240722656
mp-aaaabpek,8.96500015258789,18.137496948242188
mp-aaaaadui,35.83399963378906,43.08125305175781
mp-aaaaarlk,51.51599884033203,47.392433166503906
mp-aaaaaenx,108.9729995727539,129.67672729492188
mp-aaabxfob,106.20700073242188,105.20255279541016
mp-aaaaaenf,161.31199645996094,156.39501953125
mp-aaafmqdn,49.604000091552734,65.68194580078125
mp-aaaabexu,64.01100158691406,75.80390930175781
mp-aaaabijl,9.770999908447266,103.03450012207031
mp-aaacdxgd,56.19599914550781,45.514244079589844
mp-aaabxfug,173.15899658203125,152.780029296875
mp-aaacfxgk,225.64999389648438,243.92254638671875
mp-aaaaadwe,37.26599884033203,31.693740844726562
mp-aaaabgpf,79.18900299072266,99.2187728881836
mp-aaaaaaip,32.43899917602539,42.456016540527344
mp-aaaaadaw,61.32899856567383,83.23493957519531
mp-aaacgoue,114.72799682617188,164.400634765625
mp-aaaaamqa,157.697998046875,143.0052947998047
mp-aaacfixp,179.99400329589844,194.80392456054688
mp-aaabxgif,6.8470001220703125,37.29585266113281
mp-aaabxhee,75.54499816894531,67.39973449707031
mp-aaabxjsy,55.60200119018555,33.05256652832031
mp-aaaabfkv,156.7429962158203,179.19967651367188
mp-aaaaabzk,155.7220001220703,123.15575408935547
mp-aaaabetd,100.36100006103516,94.292236328125
mp-aaaaabkl,66.5770034790039,72.01266479492188
mp-aaacgoud,87.36599731445312,149.17929077148438
mp-aaaaaiax,43.02799987792969,46.62389373779297
mp-aaacehwb,42.375,45.414649963378906
mp-aaabwzym,4.8420000076293945,43.360618591308594
mp-aaaaaorg,57.89099884033203,57.53242111206055
mp-aaacrxnb,320.0769958496094,303.45220947265625
mp-aaabxgvt,69.8550033569336,79.83814239501953
mp-aaaceaxt,119.20099639892578,131.02993774414062
mp-aaaaakmf,13.020000457763672,52.175682067871094
mp-aaaaaqyy,40.222999572753906,44.002174377441406
mp-aaabxckl,202.9949951171875,205.73171997070312
mp-aaaabwdw,140.20399475097656,135.65399169921875
mp-aaacdxbh,44.75899887084961,22.932960510253906
mp-aaabglms,47.42900085449219,52.539249420166016
mp-aaaaanwz,9.541000366210938,51.75074005126953
mp-aaaaadjd,40.46099853515625,58.028568267822266
mp-aaabmgly,57.60100173950195,55.17973327636719
mp-aaabxcnn,49.810001373291016,32.352134704589844
mp-aaaaaavy,58.45600128173828,58.973602294921875
mp-aaacflvx,348.0539855957031,226.3726806640625
mp-aaacdtzr,11.947999954223633,32.06065368652344
mp-aaabiocl,218.74600219726562,207.1347198486328
mp-aaaaadsu,60.05500030517578,57.42482376098633
mp-aaacdrdv,44.909000396728516,55.36455154418945
mp-aaacflsk,63.7599983215332,80.68022155761719
mp-aaaaakus,92.39600372314453,70.98583984375
mp-aaaaabfl,46.26900100708008,46.908958435058594
mp-aaaffoui,57.49100112915039,74.65069580078125
mp-aaaaakhi,27.115999221801758,46.665000915527344
mp-aaaaatlc,128.44700622558594,143.89688110351562
mp-aaaaafmp,121.05799865722656,95.12350463867188
mp-aaaabeyy,111.2490005493164,125.90326690673828
mp-aaabxfwd,201.2480010986328,181.40969848632812
mp-aaaabhgw,115.21499633789062,88.1217041015625
mp-aaaabdyk,145.04600524902344,136.58078002929688
mp-aaacevxr,145.26400756835938,143.2948455810547
mp-aaaabeyj,90.77999877929688,74.57977294921875
mp-aaabxgul,46.367000579833984,47.44495391845703
mp-aaabxgis,286.5469970703125,273.0489501953125
mp-aaaaadqa,179.7729949951172,176.1844482421875
mp-aaaaaolg,172.6529998779297,92.64405822753906
mp-aaaabhnq,163.61700439453125,147.18357849121094
mp-aaabfgjm,120.5719985961914,73.1109619140625
mp-aaaaadtd,54.40800094604492,50.4549446105957
mp-aaacfzan,78.6259994506836,93.70187377929688
mp-aaaaafbc,182.21800231933594,189.86190795898438
mp-aaaaaaox,54.9900016784668,65.77613830566406
mp-aaacdyzk,164.96099853515625,126.45199584960938
mp-aaaaabsp,123.01799774169922,120.78333282470703
mp-aaacfiqb,232.86300659179688,253.55908203125
mp-aaacrhte,324.5710144042969,302.51641845703125
mp-aaaaaanf,133.177001953125,118.25440979003906
mp-aaaaaict,55.61899948120117,45.77906036376953
mp-aaacdqby,56.62799835205078,50.09103012084961
mp-aaacdhod,209.27200317382812,185.4989013671875
mp-aaaabtyl,96.71099853515625,101.11911010742188
mp-aaacgjcg,157.125,183.7001495361328
mp-aaaabdrm,87.98500061035156,89.57249450683594
mp-aaaaagpm,149.60699462890625,110.86878967285156
mp-aaabctmm,68.73200225830078,68.54495239257812
mp-aaacdhnh,18.131999969482422,35.87394714355469
mp-aaacfkki,32.80799865722656,124.48656463623047
mp-aaacewer,80.83100128173828,101.74995422363281
mp-aaabsesq,211.54800415039062,150.79393005371094
mp-aaabrehe,84.62200164794922,72.30125427246094
mp-aaaaabgx,99.8479995727539,131.2868194580078
mp-aaaaaeju,180.4810028076172,163.630615234375
mp-aaaaadrt,178.51800537109375,140.38433837890625
mp-aaaaakzy,31.97100067138672,32.21559143066406
mp-aaafhzny,159.05799865722656,248.48602294921875
mp-aaagkhrg,32.41899871826172,90.54521179199219
mp-aaabfrbi,48.257999420166016,74.57500457763672
mp-aaaaadyk,173.53799438476562,163.2728271484375
mp-aaaaakxf,53.367000579833984,68.09761047363281
mp-aaacgiri,156.43899536132812,134.81765747070312
mp-aaacfiuq,45.90599822998047,45.74774169921875
mp-aaacfjwm,67.1989974975586,78.42688751220703
mp-aaaaajkb,118.0469970703125,101.67164611816406
mp-aaacqgau,-0.010999999940395355,34.232810974121094
mp-aaabxfuy,181.98399353027344,127.91948699951172
mp-aaaaaasy,278.510986328125,298.8671875
mp-aaabxjxl,199.9199981689453,186.9071044921875
mp-aaabxajz,91.7969970703125,85.58682250976562
mp-aaaaapuz,55.3650016784668,43.67382049560547
mp-aaacewac,76.75700378417969,95.35728454589844
mp-aaaaafqm,60.112998962402344,56.72824478149414
mp-aaacgaxf,83.02300262451172,129.53851318359375
mp-aaacdjnh,120.5510025024414,190.28269958496094
mp-aaaaalvg,6.526000022888184,67.21646118164062
mp-aaaaacil,111.57099914550781,94.89519500732422
mp-aaacfrow,3.9700000286102295,53.05595016479492
mp-aaabevwr,58.71500015258789,73.42220306396484
mp-aaacduaa,125.13899993896484,128.45372009277344
mp-aaachdoh,29.0049991607666,20.45160675048828
mp-aaaaamyz,161.03199768066406,110.94448852539062
mp-aaaaaytn,86.947998046875,74.28889465332031
mp-aaabewng,64.1719970703125,56.20029830932617
mp-aaaabfgm,52.45600128173828,60.53253173828125
mp-aaabxbqy,85.08899688720703,75.6944580078125
mp-aaabgkeo,94.66999816894531,113.3875961303711
mp-aaacjhja,61.62799835205078,69.475341796875
mp-aaacfiph,17.066999435424805,2.9801788330078125
mp-aaacgcvr,140.2830047607422,224.32418823242188
mp-aaaaahqg,166.91099548339844,139.78587341308594
mp-aaabxgwy,225.08799743652344,198.51202392578125
mp-aaacdkif,69.95700073242188,79.08399963378906
mp-aaaabppe,8.57699966430664,-18.8907470703125
mp-aaaaaavl,31.250999450683594,25.17894744873047
mp-aaaaabrs,22.238000869750977,22.2177734375
mp-aaaaapvn,205.34300231933594,172.29150390625
mp-aaaabhwb,8.647000312805176,73.13844299316406
mp-aaaaacle,418.8900146484375,315.21295166015625
mp-aaabgrlz,85.78900146484375,100.7809066772461
mp-aaaaansg,11.836999893188477,21.500404357910156
mp-aaacfzvb,37.518001556396484,41.56904602050781
mp-aaaaasjz,159.1649932861328,123.49327850341797
mp-aaacdxar,132.8800048828125,96.88761901855469
mp-aaabxgun,35.18899917602539,42.673187255859375
mp-aaabxgck,128.63999938964844,127.68714141845703
mp-aaabmgpw,93.9990005493164,122.40217590332031
mp-aaaabrvj,30.572999954223633,55.65202713012695
mp-aaaaalrz,18.985000610351562,17.291221618652344
mp-aaabxglr,41.70100021362305,29.893341064453125
mp-aaabqywm,129.82200622558594,141.18243408203125
mp-aaaaatwu,113.48200225830078,102.13795471191406
mp-aaabxfpm,55.262001037597656,50.79631042480469
mp-aaabrsls,78.82499694824219,71.24884033203125
mp-aaacfxah,28.187000274658203,45.853172302246094
mp-aaaaantz,53.73099899291992,85.08209228515625
mp-aaaaberi,161.75100708007812,136.77859497070312
mp-aaacgioh,197.56700134277344,182.71444702148438
mp-aaaaamyg,127.5009994506836,121.5367431640625
mp-aaaaaqdp,244.69400024414062,242.03819274902344
mp-aaaaccwp,23.229000091552734,47.74633026123047
mp-aaaaaiwd,131.94500732421875,116.02114868164062
mp-aaaaatzk,88.552001953125,101.37739562988281
mp-aaabmlon,41.86399841308594,54.54465866088867
mp-aaaabfgq,18.660999298095703,53.88422775268555
mp-aaaabucx,102.93299865722656,104.48128509521484
mp-aaaabbrn,69.59600067138672,87.0789566040039
mp-aaaabrmu,23.39299964904785,48.82221984863281
mp-aaabglja,185.26499938964844,180.39996337890625
mp-aaabmgmj,152.32400512695312,149.2245330810547
mp-aaaabdnz,103.62100219726562,92.08934020996094
mp-aaaaabhz,167.77000427246094,182.66555786132812
mp-aaaabhzn,7.310999870300293,22.896865844726562
mp-aaaabiah,9.675999641418457,11.8076171875
mp-aaaabsfp,13.46500015258789,83.67430877685547
mp-aaabglcl,168.53199768066406,109.25407409667969
mp-aaaabfqf,36.459999084472656,27.729537963867188
mp-aaabqxkj,96.55799865722656,97.60665893554688
mp-aaaaadwo,106.50299835205078,101.73182678222656
mp-aaacrqdr,374.50799560546875,363.3201904296875
mp-aaacdryc,32.85599899291992,28.512039184570312
mp-aaabkacu,16.67300033569336,-57.17060852050781
mp-aaabqysi,17.01099967956543,36.27717590332031
mp-aaaabrvd,102.87999725341797,133.91151428222656
mp-aaabgjdz,213.20799255371094,120.2138671875
mp-aaabqvak,98.18499755859375,85.9706039428711
mp-aaacfxcp,172.11099243164062,174.4235076904297
mp-aaaabtov,51.1619987487793,50.50620651245117
mp-aaaaaxeh,135.8979949951172,156.1879119873047
mp-aaabxcju,99.51000213623047,79.8078384399414
mp-aaaaaxdr,39.99100112915039,40.07238006591797
mp-aaaceszu,80.84700012207031,69.98738861083984
mp-aaaabhou,37.67399978637695,52.11811828613281
mp-aaaaahxq,121.177001953125,105.38023376464844
mp-aaabxglq,50.433998107910156,57.11687088012695
mp-aaaaaykj,93.20999908447266,96.41500091552734
mp-aaabxhmu,44.834999084472656,178.19869995117188
mp-aaaccspv,49.91899871826172,48.05924987792969
mp-aaacfjnu,274.0400085449219,175.5233612060547
mp-aaacfrpt,28.371999740600586,34.83892059326172
mp-aaacfapa,107.0270004272461,110.97907257080078
mp-aaaaadsn,170.31100463867188,198.7364501953125
mp-aaaabfkt,187.23599243164062,141.5061798095703
mp-aaabxdri,54.5099983215332,48.646724700927734
mp-aaaaaaee,141.24899291992188,130.92926025390625
mp-aaabxatr,39.981998443603516,42.47076416015625
mp-aaaaafwl,27.465999603271484,38.274375915527344
mp-aaaabhde,166.1649932861328,125.63011932373047
mp-aaaaarks,68.31600189208984,84.70584106445312
mp-aaaabhak,44.926998138427734,53.914405822753906
mp-aaabkrcb,63.8120002746582,83.43283081054688
mp-aaaabdfu,145.6840057373047,111.0758285522461
mp-aaaaaijv,111.40299987792969,74.23420715332031
mp-aaacdmfl,5.203000068664551,39.56398010253906
mp-aaabfhud,64.29399871826172,104.5251693725586
mp-aaaaaozl,160.7550048828125,234.45396423339844
mp-aaacdnbr,44.91600036621094,79.49655151367188
mp-aaaghqrh,74.23300170898438,61.16432571411133
mp-aaabgjxg,155.1529998779297,152.7886505126953
mp-aaaaafqz,24.229000091552734,44.64183044433594
mp-aaaaateo,111.25399780273438,101.85491943359375
mp-aaabjxvc,169.5780029296875,181.4099884033203
mp-aaacdkli,65.86299896240234,66.45171356201172
mp-aaafubiu,89.31199645996094,95.57514190673828
mp-aaacesvu,82.96099853515625,76.17048645019531
mp-aaacfxfe,222.99200439453125,205.80850219726562
mp-aaabxjxd,139.15199279785156,131.56797790527344
mp-aaacbzxc,33.62200164794922,44.716270446777344
mp-aaaaapla,65.93499755859375,176.1614227294922
mp-aaaabezn,40.40800094604492,28.43194580078125
mp-aaaaaaax,173.80799865722656,243.32716369628906
mp-aaaaalfp,19.53700065612793,81.48388671875
mp-aaaaadig,21.381999969482422,24.557327270507812
mp-aaaabzdz,39.24599838256836,67.72969055175781
mp-aaaaawkz,32.54499816894531,20.51227569580078
mp-aaacgikx,11.861000061035156,46.9991455078125
mp-aaafkfqe,31.854999542236328,31.194427490234375
mp-aaabxhir,40.66299819946289,30.28736114501953
mp-aaaaadgc,79.22899627685547,93.32177734375
mp-aaaabjyc,131.13400268554688,97.71040344238281
mp-aaaabicu,44.62799835205078,57.17457962036133
mp-aaaaabto,106.01399993896484,102.39561462402344
mp-aaabrgcb,53.165000915527344,44.993682861328125
mp-aaaaarab,47.54999923706055,63.891990661621094
mp-aaaaagia,20.378000259399414,24.528717041015625
mp-aaaaakxk,66.91699981689453,44.526573181152344
mp-aaabxhho,191.21400451660156,153.7725067138672
mp-aaaaaalg,195.12899780273438,185.2401123046875
mp-aaaaacru,52.275001525878906,59.35074996948242
mp-aaaaapwu,241.79600524902344,204.6160430908203
mp-aaabxchl,19.11400032043457,24.288711547851562
mp-aaaaabus,129.85800170898438,153.20938110351562
mp-aaacdlfy,14.871999740600586,14.599945068359375
mp-aaacfwgn,166.7209930419922,99.98097229003906
mp-aaacfyam,227.0749969482422,197.46539306640625
mp-aaaaacwz,181.97300720214844,129.81170654296875
mp-aaaabplp,74.06300354003906,112.3106689453125
mp-aaaaaosq,52.95399856567383,113.72650146484375
mp-aaaaaaik,130.35000610351562,103.13462829589844
mp-aaaaacys,252.30299377441406,263.27020263671875
mp-aaabgiaq,147.22500610351562,130.97274780273438
mp-aaaaakxs,36.25400161743164,40.81927490234375
mp-aaaaaoqw,120.14600372314453,110.99366760253906
mp-aaaaabbe,31.03700065612793,34.66370391845703
mp-aaaaadbz,14.668000221252441,-41.86408996582031
mp-aaaaauoq,68.02200317382812,73.56495666503906
mp-aaacgoqz,94.74400329589844,122.56423950195312
mp-aaaaadcl,257.60198974609375,288.0433654785156
mp-aaabkekn,65.5199966430664,102.25720977783203
mp-aaaabpvu,16.92099952697754,15.407936096191406
mp-aaabmgnr,85.20600128173828,80.38909149169922
mp-aaaaaexf,43.400001525878906,64.46089172363281
mp-aaacfloz,82.68800354003906,69.80555725097656
mp-aaabjyer,46.709999084472656,73.22454833984375
mp-aaacdsgh,67.08599853515625,64.46568298339844
mp-aaacdkho,68.94000244140625,80.08831024169922
mp-aaacdiap,177.96600341796875,110.07878875732422
mp-aaaabjqq,68.53700256347656,62.47734069824219
mp-aaacdsxt,54.374000549316406,54.334232330322266
mp-aaacbufg,42.340999603271484,56.32019805908203
mp-aaaaaesb,56.96200180053711,66.47154998779297
mp-aaacdhub,62.20600128173828,62.79788589477539
mp-aaabgmtd,204.22300720214844,219.7354736328125
mp-aaabgjmu,3.431999921798706,61.03988265991211
mp-aaacgisr,163.16400146484375,152.7935791015625
mp-aaaaaove,27.54599952697754,91.5973892211914
mp-aaabxakp,84.31300354003906,75.08486938476562
mp-aaabfpbp,21.257999420166016,66.03276062011719
mp-aaacfwex,175.48899841308594,186.09381103515625
mp-aaabdbjf,184.00799560546875,209.1497802734375
mp-aaacgijr,157.22000122070312,136.8854217529297
mp-aaabxfvm,162.4510040283203,159.26235961914062
mp-aaaabqxv,74.01699829101562,67.38526916503906
mp-aaaaakga,173.96099853515625,138.3590087890625
mp-aaaaafnn,103.12100219726562,129.53150939941406
mp-aaacptuh,155.34100341796875,174.0185089111328
mp-aaaabacl,80.60199737548828,78.33694458007812
mp-aaacfzep,311.15899658203125,276.971923828125
mp-aaabxflz,5.026000022888184,58.06218719482422
mp-aaabgipp,2.6050000190734863,14.853569030761719
mp-aaacdkug,29.76099967956543,28.04358673095703
mp-aaabxizl,171.86700439453125,179.05503845214844
mp-aaaaavqn,92.95899963378906,99.24789428710938
mp-aaaaahfc,40.73899841308594,33.17478942871094
mp-aaaaanac,77.11299896240234,83.04688262939453
mp-aaaabimg,11.140000343322754,-16.3968505859375
mp-aaaaamkz,39.369998931884766,-1.5419769287109375
mp-aaaabfej,131.7310028076172,133.41905212402344
mp-aaacflte,110.7040023803711,132.70205688476562
mp-aaacewgd,143.0469970703125,117.08879089355469
mp-aaabnhxa,39.430999755859375,53.977447509765625
mp-aaaaadbu,32.53499984741211,27.009559631347656
mp-aaabxgmq,159.6739959716797,210.23126220703125
mp-aaaaayeb,101.69100189208984,131.4808807373047
mp-aaabdayt,30.844999313354492,22.400238037109375
mp-aaacdyzn,22.937000274658203,46.36759948730469
mp-aaaaatqr,39.362998962402344,16.219520568847656
mp-aaacdqcr,78.75800323486328,67.82229614257812
mp-aaaabtro,103.00599670410156,108.71539306640625
mp-aaaaaiqm,162.65899658203125,88.07579040527344
mp-aaabxgoi,207.7790069580078,167.45657348632812
mp-aaacgotj,46.45500183105469,85.77153015136719
mp-aaabgjhu,106.13600158691406,103.60429382324219
mp-aaaaaykm,210.86399841308594,163.163330078125
mp-aaabgkgs,154.2899932861328,149.3822021484375
mp-aaaabtck,21.746000289916992,7.5217742919921875
mp-aaaaaksm,94.52200317382812,156.877685546875
mp-aaaaaivn,141.01800537109375,135.23529052734375
mp-aaachpbg,63.222999572753906,125.79953002929688
mp-aaaaabqj,79.85700225830078,86.89120483398438
mp-aaaaanjf,46.40800094604492,35.84382629394531
mp-aaabxakr,117.83200073242188,110.86922454833984
mp-aaabfcwk,67.39600372314453,69.02445983886719
mp-aaaaaabw,115.97599792480469,207.6551513671875
mp-aaacflve,397.5710144042969,269.67596435546875
mp-aaacgiyn,122.72699737548828,116.81304931640625
mp-aaaaboeu,136.94700622558594,134.07005310058594
mp-aaacgphu,61.375999450683594,78.68792724609375
mp-aaaabred,59.66999816894531,59.90030288696289
mp-aaabdbcj,121.072998046875,128.61883544921875
mp-aaacdmuj,40.54399871826172,79.2895278930664
mp-aaaabekb,206.57899475097656,217.90257263183594
mp-aaabfxnz,58.00899887084961,72.9803466796875
mp-aaaaactd,193.5489959716797,163.1620635986328
mp-aaaaacjv,98.01599884033203,104.35897827148438
mp-aaaabhfi,41.29899978637695,42.543052673339844
mp-aaaaabwd,232.56300354003906,202.48818969726562
mp-aaacewpy,195.97999572753906,192.29734802246094
mp-aaabfxew,117.94300079345703,124.65904235839844
mp-aaabrare,188.656005859375,173.97702026367188
mp-aaacdoei,18.913000106811523,23.649520874023438
mp-aaabdbet,53.97200012207031,68.0196533203125
mp-aaabgqtn,9.359999656677246,51.649112701416016
mp-aaaabond,9.875,-3.4560546875
mp-aaacfxfv,236.927001953125,218.13833618164062
mp-aaaaapab,140.81700134277344,150.93807983398438
mp-aaaaakzo,173.19900512695312,153.312255859375
mp-aaacgmog,18.749000549316406,115.7286148071289
mp-aaaaawoq,72.81700134277344,76.03135681152344
mp-aaabgizp,117.63899993896484,126.98361206054688
mp-aaaaaquw,242.197998046875,178.19070434570312
mp-aaacgozo,149.50100708007812,190.08729553222656
mp-aaaaaalr,47.61800003051758,54.93770217895508
mp-aaabqyer,96.98500061035156,123.45154571533203
mp-aaaaaffd,87.58300018310547,93.53655242919922
mp-aaabxhjj,43.9630012512207,60.81324768066406
mp-aaabxgha,265.26300048828125,210.14773559570312
mp-aaabqxbi,85.99400329589844,82.52581024169922
mp-aaacfjxo,146.7010040283203,133.4595947265625
mp-aaaaaoqb,13.449999809265137,47.68939971923828
mp-aaaabtpi,84.60299682617188,86.33064270019531
mp-aaabkpph,108.76599884033203,97.07188415527344
mp-aaacdvzw,53.21200180053711,49.43325424194336
mp-aaaabsnb,36.7859992980957,54.915225982666016
mp-aaaabepn,73.54499816894531,93.76570892333984
mp-aaacebtn,57.16899871826172,45.02838134765625
mp-aaaaahjz,166.52099609375,133.12557983398438
mp-aaacjkrk,338.09698486328125,338.294189453125
mp-aaabxgmp,115.55799865722656,115.28919219970703
mp-aaabrbhm,215.16000366210938,163.1327667236328
mp-aaaaagno,162.11900329589844,151.40487670898438
mp-aaabghfo,45.52799987792969,65.27742004394531
mp-aaaacaox,34.737998962402344,47.95137023925781
mp-aaabxako,53.36000061035156,57.81801223754883
mp-aaacdyil,121.11900329589844,92.46659851074219
mp-aaaaakpu,69.17500305175781,78.95773315429688
mp-aaaaahee,55.59400177001953,51.138092041015625
mp-aaabxaqg,127.90899658203125,140.82571411132812
mp-aaaaaovq,62.61399841308594,69.16825866699219
mp-aaacfkfl,62.97800064086914,82.4737777709961
mp-aaaabaev,70.85700225830078,99.30567169189453
mp-aaaaahqr,168.5050048828125,229.92559814453125
mp-aaabmmqa,304.510986328125,242.16824340820312
mp-aaabrefc,36.27299880981445,48.578392028808594
mp-aaaaahyr,186.13900756835938,136.92584228515625
mp-aaabkqqv,18.43899917602539,11.924850463867188
mp-aaaabubt,39.32099914550781,43.897972106933594
mp-aaaaabdo,77.93800354003906,87.54115295410156
mp-aaabjxyd,88.3550033569336,100.84281158447266
mp-aaabqydv,33.21500015258789,42.54280090332031
mp-aaabxfgy,142.70700073242188,129.75083923339844
mp-aaabgmhx,39.22700119018555,34.58946228027344
mp-aaaabrsf,5.4629998207092285,1.3463592529296875
mp-aaaaacgv,147.52200317382812,151.13446044921875
mp-aaaaabpy,78.57099914550781,101.82524871826172
mp-aaaaamnm,116.5999984741211,112.09791564941406
mp-aaaaabrv,283.1449890136719,198.29112243652344
mp-aaaaasft,56.92900085449219,84.31574249267578
mp-aaaaalwp,134.57699584960938,119.37639617919922
mp-aaaaaibm,73.93900299072266,75.63475799560547
mp-aaaacdmw,108.88899993896484,88.81578063964844
mp-aaacdpfv,97.43699645996094,109.39474487304688
mp-aaacgiiv,140.17799377441406,120.887939453125
mp-aaaaagut,243.6269989013672,207.9546661376953
mp-aaaabswv,126.40299987792969,114.84768676757812
mp-aaabxcgl,73.02400207519531,62.24580383300781
mp-aaacdmpy,117.29399871826172,61.994911193847656
mp-aaabxhjm,67.70800018310547,80.24317932128906
mp-aaacgiti,95.31300354003906,89.27124786376953
mp-aaaaaytf,59.1609992980957,50.93254470825195
mp-aaacdxge,42.85300064086914,46.40106201171875
mp-aaabgjoa,102.49199676513672,91.91619110107422
mp-aaaaaqdf,167.30099487304688,167.19342041015625
mp-aaaabdeq,123.64600372314453,145.3621826171875
mp-aaabgltp,34.48899841308594,59.56260299682617
mp-aaaaacnp,125.53700256347656,98.89926147460938
mp-aaaaarbe,166.2010040283203,142.29830932617188
mp-aaaaabwq,113.16100311279297,115.15593719482422
mp-aaaabdxe,65.83999633789062,50.84096908569336
mp-aaacdxod,18.674999237060547,30.137100219726562
mp-aaaaaowi,131.927001953125,133.12278747558594
mp-aaabxbny,52.81700134277344,48.5782356262207
mp-aaabxdsy,51.16400146484375,48.69652557373047
mp-aaaaaeke,30.715999603271484,52.21706771850586
mp-aaaaabkj,216.64599609375,188.28065490722656
mp-aaaabrlu,21.14699935913086,38.39421844482422
mp-aaachdcl,39.45399856567383,35.05066680908203
mp-aaacgqxf,16.34000015258789,86.40870666503906
mp-aaaaabkh,147.14500427246094,133.74696350097656
mp-aaaaapcq,162.7310028076172,188.89181518554688
mp-aaaaarkd,64.76200103759766,82.25761413574219
mp-aaabxfzd,129.80599975585938,120.37803649902344
mp-aaabxfse,69.41000366210938,79.34194946289062
mp-aaaaahmv,172.072998046875,160.4551239013672
mp-aaaaacfu,129.6750030517578,120.89655303955078
mp-aaaaaece,235.46400451660156,218.73204040527344
mp-aaaaaeey,55.48099899291992,32.239219665527344
mp-aaaaaoqs,51.119998931884766,40.456077575683594
mp-aaacgito,201.21400451660156,176.91604614257812
mp-aaacfzoe,84.80799865722656,106.93610382080078
mp-aaabkkpy,117.64299774169922,119.34268951416016
mp-aaaabfbp,116.10099792480469,101.11986541748047
mp-aaaaafdn,136.781005859375,149.67349243164062
mp-aaabkrtr,59.388999938964844,69.61470031738281
mp-aaabgitl,137.54100036621094,172.51052856445312
mp-aaacfxgg,278.4700012207031,276.604248046875
mp-aaacfvpy,29.54199981689453,32.297340393066406
mp-aaaabjhi,13.017000198364258,30.93414306640625
mp-aaaaaaza,142.08399963378906,113.11031341552734
mp-aaabfpok,88.53500366210938,114.83668518066406
mp-aaaabekr,104.11100006103516,101.69844055175781
mp-aaacearu,132.16099548339844,133.402099609375
mp-aaacfznt,27.165000915527344,10.903175354003906
mp-aaaabfiw,48.13199996948242,99.3065414428711
mp-aaabxbqd,42.6150016784668,51.08976745605469
mp-aaaabinr,27.038000106811523,18.80266571044922
mp-aaabgiry,62.9379997253418,73.11170196533203
mp-aaaaalox,92.70800018310547,67.89492797851562
mp-aaacptkb,128.8419952392578,155.24899291992188
mp-aaaaaevt,88.13500213623047,69.50214385986328
mp-aaacdjzu,199.02200317382812,201.59103393554688
mp-aaabxivu,117.47699737548828,97.34149169921875
mp-aaabeedm,219.3820037841797,223.98216247558594
mp-aaabrsux,152.1300048828125,94.86036682128906
mp-aaabxhbe,37.314998626708984,28.733291625976562
mp-aaabghaa,276.5840148925781,365.59112548828125
mp-aaabglkw,56.46099853515625,68.67028045654297
mp-aaacgeqz,41.71699905395508,57.668907165527344
mp-aaaaaalj,77.46299743652344,82.8504638671875
mp-aaaaaybr,62.14099884033203,65.03327941894531
mp-aaacdzay,56.983001708984375,63.28738021850586
mp-aaacdxvg,5.073999881744385,36.39112854003906
mp-aaabflys,39.98400115966797,51.96620178222656
mp-aaabmche,18.076000213623047,52.97174072265625
mp-aaaabxan,255.97000122070312,175.09375
mp-aaaabgif,166.43800354003906,169.10870361328125
mp-aaaaanku,24.93000030517578,26.256446838378906
mp-aaacewhi,88.02999877929688,113.84052276611328
mp-aaaaaffl,28.013999938964844,40.344810485839844
mp-aaacgczo,39.44499969482422,42.118385314941406
mp-aaaaactx,150.47799682617188,134.9004364013672
mp-aaaaajvq,157.95399475097656,172.1684112548828
mp-aaaabokv,41.12300109863281,69.66304016113281
mp-aaaaatjr,92.94100189208984,94.99444580078125
mp-aaabfdjh,67.57499694824219,124.84950256347656
mp-aaaaacct,117.33499908447266,135.68978881835938
mp-aaaaacli,25.437999725341797,33.848724365234375
mp-aaaabpak,4.435999870300293,6.0869598388671875
mp-aaacdhrk,-70.16600036621094,149.11581420898438
mp-aaaabhov,18.391000747680664,60.39381790161133
mp-aaaaatak,47.47600173950195,61.90237045288086
mp-aaafnets,113.31999969482422,210.03512573242188
mp-aaaaacsa,62.1870002746582,61.77030944824219
mp-aaaaasjb,14.836000442504883,23.339309692382812
mp-aaaaacxe,136.94700622558594,215.27801513671875
mp-aaabxjua,227.13499450683594,169.346923828125
mp-aaaaabgk,132.90499877929688,94.21780395507812
mp-aaabxjvx,73.96499633789062,76.03839111328125
mp-aaaabqcq,5.004000186920166,-25.021804809570312
mp-aaaaaisr,216.04400634765625,125.69397735595703
mp-aaabfrhg,49.275001525878906,66.62481689453125
mp-aaaaacyz,44.45899963378906,47.733619689941406
mp-aaaaautk,131.5590057373047,120.94361114501953
mp-aaaaabih,218.12399291992188,189.4327392578125
mp-aaaabijx,53.143001556396484,63.48208236694336
mp-aaaaapfe,46.62300109863281,73.15914154052734
mp-aaaaafep,122.6969985961914,102.44991302490234
mp-aaaaaaku,147.93699645996094,132.9605712890625
mp-aaabxcfw,78.7959976196289,74.94163513183594
mp-aaaaainl,205.71299743652344,225.3330078125
mp-aaaaaeli,166.90699768066406,138.7163543701172
mp-aaaaakwu,91.30799865722656,72.656005859375
mp-aaaceboa,105.21499633789062,106.57789611816406
mp-aaacflku,211.39599609375,240.2827911376953
mp-aaaaacxi,32.31700134277344,29.223587036132812
mp-aaaaanhg,9.51099967956543,75.42185974121094
mp-aaafexrn,78.177001953125,137.6984405517578
mp-aaaaapuc,30.395000457763672,31.78246307373047
mp-aaabgmsv,11.161999702453613,92.54606628417969
mp-aaaabjmy,39.314998626708984,48.480255126953125
mp-aaaabegx,65.55699920654297,113.65094757080078
mp-aaacdyzl,86.18599700927734,64.99929809570312
mp-aaaaayfj,123.36299896240234,123.32698822021484
mp-aaaaaaxk,142.92999267578125,165.6580810546875
mp-aaaaaadw,99.01200103759766,87.17239379882812
mp-aaabxbpb,200.6009979248047,157.83241271972656
mp-aaaabozb,12.515000343322754,-8.342514038085938
mp-aaaaaetm,91.81199645996094,105.11105346679688
mp-aaaaanxa,7.605999946594238,54.283653259277344
mp-aaacctey,25.430999755859375,56.200950622558594
mp-aaabizep,8.223999977111816,21.744956970214844
mp-aaaabfjl,100.40499877929688,97.26834106445312
mp-aaaaanhn,102.1520004272461,86.91419982910156
mp-aaabhbnc,12.368000030517578,12.11614990234375
mp-aaaaabwn,37.37699890136719,30.84630584716797
mp-aaacfapg,225.2030029296875,239.37847900390625
mp-aaaaaktv,52.12099838256836,61.69814682006836
mp-aaaaahjn,82.16500091552734,63.533145904541016
mp-aaabeuaj,215.00399780273438,190.68545532226562
mp-aaabrsym,55.637001037597656,82.21937561035156
mp-aaaaaugd,27.618999481201172,48.200164794921875
mp-aaaaabis,20.356000900268555,17.38336181640625
mp-aaacdjzb,23.829999923706055,33.14356231689453
mp-aaaabdzd,87.14800262451172,101.22911071777344
mp-aaaaaajm,102.197998046875,73.76641845703125
mp-aaaabdzb,147.72799682617188,135.21600341796875
mp-aaabrgcv,45.21799850463867,72.96359252929688
mp-aaaaaikw,162.61599731445312,127.99996948242188
mp-aaabxjww,186.51300048828125,179.89923095703125
mp-aaaaaqse,30.440000534057617,28.025680541992188
mp-aaaaayfe,150.6840057373047,146.27658081054688
mp-aaaaarjl,78.98899841308594,99.79265594482422
mp-aaaaaidh,106.4739990234375,100.28326416015625
mp-aaabxgbk,-10.668000221252441,44.39289093017578
mp-aaacdmhq,3.0880000591278076,11.120834350585938
mp-aaaaaxiz,37.15299987792969,56.31439971923828
mp-aaacfxex,86.72200012207031,92.3258285522461
mp-aaadbbsq,29.274999618530273,53.95977783203125
mp-aaaaatey,118.61100006103516,104.1451187133789
mp-aaabgmno,56.74100112915039,76.21723175048828
mp-aaabxgsi,94.21399688720703,91.85905456542969
mp-aaaablqf,43.040000915527344,147.98025512695312
mp-aaaabame,93.41500091552734,95.89276123046875
mp-aaaaaswk,68.8219985961914,77.5364990234375
mp-aaabjnuy,127.27300262451172,160.76358032226562
mp-aaaaaaii,167.2689971923828,139.6207275390625
mp-aaaabhvy,44.54100036621094,59.94452667236328
mp-aaaaacxn,227.22900390625,182.797607421875
mp-aaaaaemg,142.80999755859375,114.11189270019531
mp-aaaabeku,16.621000289916992,67.93002319335938
mp-aaacdzsc,73.33200073242188,85.77493286132812
mp-aaabrucz,71.19599914550781,69.11767578125
mp-aaaaakhu,63.3650016784668,55.32576370239258
mp-aaaaahdz,82.11100006103516,71.21769714355469
mp-aaacdqcl,73.81900024414062,81.53816223144531
mp-aaaaaaqu,101.01899719238281,96.60730743408203
mp-aaaaaojn,159.3260040283203,151.77474975585938
mp-aaacgixh,67.59400177001953,113.6654052734375
mp-aaacdkak,60.84299850463867,44.92469024658203
mp-aaabewqb,203.48300170898438,202.75863647460938
mp-aaaaagxs,38.77399826049805,35.27992248535156
mp-aaaaaswv,137.28799438476562,114.9253921508789
mp-aaaabefn,35.01100158691406,80.23654174804688
mp-aaabxfuv,27.25,37.001564025878906
mp-aaabxbpw,124.47100067138672,91.46971130371094
mp-aaaaayld,66.85299682617188,77.87269592285156
mp-aaabifmj,157.89300537109375,150.34548950195312
mp-aaaaacbw,222.25599670410156,207.38381958007812
mp-aaaabfbx,104.04100036621094,54.24034881591797
mp-aaaabicy,7.330999851226807,-8.459037780761719
mp-aaaaamll,78.58399963378906,70.60395812988281
mp-aaabxgbo,115.77899932861328,117.7645492553711
mp-aaabknac,170.18099975585938,180.42864990234375
mp-aaabxhec,228.51699829101562,219.4180450439453
mp-aaaaapcj,171.88800048828125,135.9447021484375
mp-aaacdjfe,90.14399719238281,99.20661163330078
mp-aaaaadxe,47.37799835205078,70.44102478027344
mp-aaacealj,44.13800048828125,48.50859069824219
mp-aaacfxgq,118.12000274658203,103.28284454345703
mp-aaaaaccu,122.74199676513672,126.7617416381836
mp-aaaaaemq,16.780000686645508,-0.2122650146484375
mp-aaaaaqoa,28.54599952697754,70.6510009765625
mp-aaabxihg,33.290000915527344,10.957412719726562
mp-aaabghqr,46.75699996948242,69.24736022949219
mp-aaabxhkd,199.57699584960938,191.95266723632812
mp-aaaaaiat,117.08499908447266,92.9382095336914
mp-aaacesvw,70.80500030517578,107.43798828125
mp-aaaaafdj,217.54400634765625,236.44284057617188
mp-aaacgdcb,202.00999450683594,259.26104736328125
mp-aaaaaiag,23.33300018310547,34.670127868652344
mp-aaacearq,46.737998962402344,70.30853271484375
mp-aaabqyih,69.18499755859375,82.75749206542969
mp-aaabxcgp,45.404998779296875,56.557247161865234
mp-aaachdtc,30.802000045776367,56.56480026245117
mp-aaabxcek,24.648000717163086,84.08910369873047
mp-aaabgluv,67.03299713134766,70.35639953613281
mp-aaacfyxf,149.64199829101562,178.08706665039062
mp-aaacdvit,89.76200103759766,42.036163330078125
mp-aaacdkri,157.4149932861328,186.673583984375
mp-aaabrgwa,215.8090057373047,176.27618408203125
mp-aaacdsex,54.244998931884766,48.86793899536133
mp-aaabxgpj,146.59500122070312,123.33990478515625
mp-aaaabdqh,175.01300048828125,161.59278869628906
mp-aaaaarmw,115.08999633789062,87.96815490722656
mp-aaaaapsy,43.89799880981445,37.77179718017578
mp-aaaaacpk,87.90399932861328,101.7918472290039
mp-aaaabfmv,100.96800231933594,127.20328521728516
mp-aaaaaedh,5.60099983215332,76.13896942138672
mp-aaaabopk,18.836999893188477,88.00160217285156
mp-aaaaapkr,23.533000946044922,49.8580207824707
mp-aaabxfnd,171.18099975585938,129.30628967285156
mp-aaaabfde,75.38600158691406,79.62042236328125
mp-aaacfkgf,65.50299835205078,115.7245864868164
mp-aaafyqjn,53.641998291015625,61.62060546875
mp-aaacevqz,124.2959976196289,140.64979553222656
mp-aaabxhce,160.36000061035156,154.39903259277344
mp-aaaaauyy,22.604000091552734,41.373809814453125
mp-aaaaardk,206.19700622558594,180.03134155273438
mp-aaaaaxjo,40.46099853515625,34.758399963378906
mp-aaaaamfo,33.85300064086914,57.61790466308594
mp-aaaaaavs,97.95800018310547,90.4543228149414
mp-aaaabqyj,26.516000747680664,54.32569122314453
mp-aaacehqb,16.591999053955078,6.695465087890625
mp-aaaaahka,208.07200622558594,195.34353637695312
mp-aaaaashk,48.78200149536133,59.23018264770508
mp-aaacevtt,246.76499938964844,154.20802307128906
mp-aaabctnw,72.63999938964844,104.7569808959961
mp-aaabxcmp,66.06700134277344,67.59626770019531
mp-aaacipap,88.22100067138672,168.56558227539062
mp-aaaabfrc,130.24600219726562,136.23709106445312
mp-aaaaaeab,247.7449951171875,220.78125
mp-aaabpclq,19.43000030517578,58.638526916503906
mp-aaacevym,180.21299743652344,148.89747619628906
mp-aaabkrdf,190.68600463867188,177.12103271484375
mp-aaabgnpj,163.49600219726562,143.12982177734375
mp-aaacdiio,58.090999603271484,81.8719482421875
mp-aaaaakzm,90.6719970703125,78.48162078857422
mp-aaabxfvi,49.525001525878906,40.027305603027344
mp-aaaabtzk,87.97200012207031,81.68637084960938
mp-aaaaabrc,282.39300537109375,256.53900146484375
mp-aaaabtrq,52.63600158691406,53.904762268066406
mp-aaaaamaw,168.94700622558594,160.87631225585938
mp-aaacrhso,245.29100036621094,315.5078430175781
mp-aaaaahtt,40.2400016784668,132.59786987304688
mp-aaabxfru,172.18099975585938,141.7728271484375
mp-aaabwzyk,24.69700050354004,39.947601318359375
mp-aaaaaqsq,72.92500305175781,61.049888610839844
mp-aaabxjbx,286.6780090332031,229.942138671875
mp-aaaaafih,66.29100036621094,78.75238037109375
mp-aaaabhxi,56.095001220703125,140.8173065185547
mp-aaaaaddr,174.04600524902344,132.12515258789062
mp-aaaaacxf,73.46199798583984,53.552730560302734
mp-aaaaacti,91.06700134277344,64.50076293945312
mp-aaaaabog,96.84400177001953,89.27208709716797
mp-aaaaajak,86.50700378417969,72.54154968261719
mp-aaabknpj,7.650000095367432,-2.8417282104492188
mp-aaacfkss,297.42498779296875,351.2384338378906
mp-aaacehve,27.514999389648438,-15.616859436035156
mp-aaabevgg,35.777000427246094,62.11928176879883
mp-aaacfydx,215.48399353027344,220.79595947265625
mp-aaabxdte,121.45700073242188,124.97932434082031
mp-aaaaavku,124.84100341796875,168.70936584472656
mp-aaacehuv,16.538999557495117,39.856483459472656
mp-aaacgexp,46.106998443603516,47.47123718261719
mp-aaabxjpd,33.106998443603516,44.69013214111328
mp-aaabxfku,63.39799880981445,46.454864501953125
mp-aaacejdw,80.8949966430664,105.83018493652344
mp-aaabqxpy,79.15699768066406,79.55073547363281
mp-aaaaapcu,80.35399627685547,102.90435791015625
mp-aaaaakkm,206.97799682617188,160.12474060058594
mp-aaaaadgt,172.00100708007812,183.521484375
mp-aaaaakpx,112.6449966430664,131.27349853515625
mp-aaaaasoa,36.7760009765625,50.96661376953125
mp-aaabxbbn,34.93299865722656,53.74625015258789
mp-aaaabsiv,39.10900115966797,75.02836608886719
mp-aaaaamty,140.91900634765625,97.17046356201172
mp-aaabmyvp,79.87899780273438,40.391082763671875
mp-aaaaabip,149.8280029296875,125.30094909667969
mp-aaabxivs,71.53900146484375,70.18670654296875
mp-aaaaaqwe,100.43699645996094,84.00204467773438
mp-aaaaazan,31.511999130249023,63.373863220214844
mp-aaaaagek,201.0780029296875,123.62861633300781
mp-aaaaaclk,98.03099822998047,100.14649963378906
mp-aaaaalsd,36.88600158691406,31.223838806152344
mp-aaaaapfj,45.194000244140625,75.67472839355469
mp-aaacginq,224.58399963378906,286.94683837890625
mp-aaacfkyc,240.16799926757812,230.24542236328125
mp-aaaaakam,84.66300201416016,75.49484252929688
mp-aaaaborz,6.959000110626221,69.29843139648438
mp-aaabxhhd,230.37399291992188,196.26129150390625
mp-aaaaahcv,112.42500305175781,106.47728729248047
mp-aaaaadmu,48.07099914550781,44.24107360839844
mp-aaaaajdm,123.27300262451172,80.499755859375
mp-aaabxbab,86.81500244140625,95.62060546875
mp-aaabmnhd,197.85699462890625,157.0759735107422
mp-aaaaalgd,8.284000396728516,21.645721435546875
mp-aaaaahdd,181.82200622558594,160.59597778320312
mp-aaaabhgt,19.76300048828125,6.941795349121094
mp-aaabxhbd,135.77999877929688,136.54942321777344
mp-aaaaacvy,137.14599609375,52.08681869506836
mp-aaabxfnh,188.3509979248047,174.37245178222656
mp-aaaaaadn,302.2640075683594,277.083251953125
mp-aaaabfid,191.01199340820312,185.06056213378906
mp-aaaaaapt,26.85700035095215,38.208740234375
mp-aaacdjhd,49.86199951171875,43.72118377685547
mp-aaaabgqn,32.99100112915039,99.4482421875
mp-aaaaafga,182.86099243164062,143.7284393310547
mp-aaaaasxg,111.1729965209961,121.39574432373047
mp-aaabxapc,99.24299621582031,98.0148696899414
mp-aaabjzjz,11.732000350952148,-7.584342956542969
mp-aaacgikb,76.38899993896484,50.58643341064453
mp-aaacdnxk,33.68299865722656,36.6956787109375
mp-aaaaaaqh,152.75999450683594,149.5320587158203
mp-aaaaaaas,38.44900131225586,37.52074432373047
mp-aaabxgde,146.3560028076172,157.7381134033203
mp-aaaaarci,185.07699584960938,167.7184600830078
mp-aaaabess,81.66799926757812,73.50614166259766
mp-aaacfyde,9.163999557495117,34.45667266845703
mp-aaacfkql,200.5050048828125,356.4531555175781
mp-aaaabqxp,144.8990020751953,174.8635711669922
mp-aaaabgtx,92.20600128173828,96.84242248535156
mp-aaaabplw,126.39399719238281,106.00474548339844
mp-aaaaaoxm,13.586999893188477,39.257225036621094
mp-aaaabhdo,50.849998474121094,58.995052337646484
mp-aaabmdac,187.01800537109375,172.5950927734375
mp-aaagdlwt,8.222000122070312,-10.069328308105469
mp-aaaabtqi,142.6739959716797,137.06259155273438
mp-aaaabimd,16.534000396728516,7.6659393310546875
mp-aaaaadxs,148.22300720214844,142.33395385742188
mp-aaaaamia,69.0999984741211,81.35597229003906
mp-aaacgowo,154.5659942626953,186.7314453125
mp-aaaaandi,94.75900268554688,93.25662994384766
mp-aaacgopf,159.58900451660156,148.37770080566406
mp-aaaabdif,78.06400299072266,65.982666015625
mp-aaaabhsz,137.11300659179688,120.17742919921875
mp-aaaaaphv,137.73300170898438,151.3402557373047
mp-aaabgkls,94.8759994506836,104.41416931152344
mp-aaaabumd,119.16999816894531,104.85286712646484
mp-aaaaacat,64.30799865722656,75.43431854248047
mp-aaaaahql,83.37100219726562,83.4677734375
mp-aaacdswc,85.92500305175781,86.65135192871094
mp-aaaaazya,13.47700023651123,56.902748107910156
mp-aaacfzcc,30.708999633789062,41.516632080078125
mp-aaaaamug,298.02099609375,267.3748474121094
mp-aaaaaiua,38.50400161743164,36.192291259765625
mp-aaacdpwj,233.2209930419922,209.98626708984375
mp-aaaaatsw,164.36700439453125,115.5972671508789
mp-aaaaaijr,183.66900634765625,185.94705200195312
mp-aaacgiqa,76.51499938964844,58.18958282470703
mp-aaaabooo,46.42900085449219,75.18011474609375
mp-aaaaaalf,248.34300231933594,225.03887939453125
mp-aaaabwzj,5.9019999504089355,-34.394775390625
mp-aaaaanay,17.736000061035156,19.63055419921875
mp-aaabxjxq,163.07699584960938,143.68223571777344
mp-aaaablpp,132.32200622558594,139.7264404296875
mp-aaaaaret,97.51399993896484,71.85887908935547
mp-aaabxgjj,183.8070068359375,167.67630004882812
mp-aaacduad,308.4490051269531,303.84698486328125
mp-aaaaaapm,54.99599838256836,66.5545654296875
mp-aaaaahca,147.31900024414062,126.77961730957031
mp-aaabxfph,197.7030029296875,203.79522705078125
mp-aaaaanio,12.479999542236328,32.25074005126953
mp-aaaaarlw,91.78299713134766,92.62841033935547
mp-aaabgnqr,391.8269958496094,290.79937744140625
mp-aaaaaebl,80.16000366210938,68.29238891601562
mp-aaaceasu,23.597000122070312,-3.8657150268554688
mp-aaacgphh,88.84400177001953,77.129150390625
mp-aaaaakil,98.68699645996094,82.04407501220703
mp-aaaaadwk,13.020000457763672,70.81700897216797
mp-aaacgexo,145.3679962158203,119.01713562011719
mp-aaabxiuf,60.56800079345703,45.24113464355469
mp-aaabxdqe,54.63399887084961,54.014530181884766
mp-aaaaalia,136.3990020751953,108.51374053955078
mp-aaaaanft,189.968994140625,176.56224060058594
mp-aaaabfnd,68.49500274658203,79.28266906738281
mp-aaaaaota,154.6280059814453,165.40737915039062
mp-aaabxivl,44.904998779296875,43.87571716308594
mp-aaaaarxi,54.244998931884766,86.72594451904297
mp-aaabixhn,325.4429931640625,295.853515625
mp-aaaaadvg,263.8840026855469,253.6287841796875
mp-aaaaamis,100.51000213623047,61.39897155761719
mp-aaaaarcy,52.779998779296875,52.78873825073242
mp-aaabxfou,193.97000122070312,108.28543090820312
mp-aaacflxm,193.1999969482422,175.45289611816406
mp-aaabgmrf,138.26199340820312,128.04244995117188
mp-aaaabhso,199.2740020751953,190.33462524414062
mp-aaaflvuj,52.707000732421875,43.06632995605469
mp-aaadjtde,12.62399959564209,18.496856689453125
mp-aaabxfbu,272.4960021972656,231.73709106445312
mp-aaaceuoh,39.02899932861328,82.12554931640625
mp-aaabxhmv,48.814998626708984,56.540985107421875
mp-aaaabhvi,23.770000457763672,49.96354675292969
mp-aaaabqwo,33.0260009765625,52.00627136230469
mp-aaabxdrq,37.60599899291992,3.2791824340820312
mp-aaaabhig,145.24899291992188,101.8202896118164
mp-aaabexgr,104.15799713134766,90.67103576660156
mp-aaaaalae,29.04800033569336,49.66182327270508
mp-aaaabovu,109.70099639892578,80.00703430175781
mp-aaabjxye,74.13099670410156,84.1081771850586
mp-aaabjxwq,34.013999938964844,87.56510925292969
mp-aaabfilq,58.81999969482422,102.31538391113281
mp-aaaaapyo,31.371000289916992,23.324142456054688
mp-aaaaatat,38.83599853515625,69.80540466308594
mp-aaaddpts,131.60299682617188,177.50735473632812
mp-aaacdjfu,72.98400115966797,71.71536254882812
mp-aaaaalbo,78.05000305175781,70.33069610595703
mp-aaaaaqqr,96.11299896240234,92.42390441894531
mp-aaaaadek,130.11900329589844,52.82459259033203
mp-aaaabqlf,3.9839999675750732,22.93193817138672
mp-aaacgizm,101.37100219726562,95.3932113647461
mp-aaaaacpp,90.20700073242188,80.20100402832031
mp-aaaaaeok,58.93199920654297,69.78755187988281
mp-aaabghse,162.86500549316406,163.56027221679688
mp-aaaaaxtl,31.45400047302246,85.32295989990234
mp-aaaaaykw,38.91999816894531,55.85960006713867
mp-aaacerpx,200.47300720214844,181.33242797851562
mp-aaabmgkx,71.13500213623047,59.054832458496094
mp-aaachnky,27.729000091552734,77.768798828125
mp-aaafypsm,75.37200164794922,62.35392379760742
mp-aaaaabqq,303.16400146484375,335.8734130859375
mp-aaabfqmu,38.54600143432617,61.30937194824219
mp-aaabeuev,17.530000686645508,29.04792022705078
mp-aaacdpvd,62.80500030517578,46.703636169433594
mp-aaaabgjw,40.814998626708984,95.78457641601562
mp-aaacfxxd,24.447999954223633,28.90473175048828
mp-aaaaaugh,111.88300323486328,112.95358276367188
mp-aaabfkfm,24.246000289916992,73.22337341308594
mp-aaaabhlp,52.43600082397461,65.22095489501953
mp-aaaaaluf,44.124000549316406,20.92481231689453
mp-aaacdpxd,132.55299377441406,113.52116394042969
mp-aaaaaozw,251.58200073242188,279.903076171875
mp-aaacdjsa,40.73899841308594,39.56785583496094
mp-aaaabdzv,70.16999816894531,88.53854370117188
mp-aaacdlkt,248.0189971923828,208.994140625
mp-aaacfkyw,102.86599731445312,80.20427703857422
mp-aaabgnmw,77.71800231933594,86.86893463134766
mp-aaabctbh,93.89099884033203,154.86257934570312
mp-aaabxcea,65.62999725341797,64.93521881103516
mp-aaabxgtv,87.65399932861328,89.55015563964844
mp-aaaaamyq,23.586000442504883,45.448760986328125
mp-aaaaarcv,178.74899291992188,191.31289672851562
mp-aaaabpac,22.56800079345703,15.496284484863281
mp-aaaaacva,89.08399963378906,89.79822540283203
mp-aaaaabkn,218.25,186.42599487304688
mp-aaaaagtn,148.3719940185547,121.13554382324219
mp-aaabxjxf,113.4540023803711,114.95667266845703
mp-aaaabwnz,52.856998443603516,74.92180633544922
mp-aaaaapty,41.03900146484375,26.40532684326172
mp-aaaaaspw,35.89899826049805,33.902503967285156
mp-aaabxhiq,28.66200065612793,27.006912231445312
mp-aaaabfvb,54.137001037597656,47.5042724609375
mp-aaaabtqd,79.56600189208984,123.68575286865234
mp-aaaaaioq,83.73300170898438,62.004085540771484
mp-aaabrsok,57.54100036621094,82.39875793457031
mp-aaaaafzv,17.00200080871582,38.030418395996094
mp-aaaaafnv,62.41600036621094,59.196712493896484
mp-aaacdswl,62.84400177001953,70.24531555175781
mp-aaaaaogp,52.63600158691406,57.01729202270508
mp-aaaabhna,129.5189971923828,125.17213439941406
mp-aaaaafqd,100.48100280761719,91.94029235839844
mp-aaaaabmh,164.25999450683594,180.9769287109375
mp-aaaaakhr,16.259000778198242,49.98243713378906
mp-aaaaapbs,88.91600036621094,102.0063705444336
mp-aaacehvc,38.09600067138672,48.692420959472656
mp-aaaabdhw,56.803001403808594,78.63579559326172
mp-aaabjydr,49.41299819946289,54.94384765625
mp-aaacecim,67.15699768066406,63.51323318481445
mp-aaabxffn,47.35900115966797,47.16956329345703
mp-aaaabhor,94.59200286865234,104.51075744628906
mp-aaacginb,87.38999938964844,88.67843627929688
mp-aaaabrwg,114.54900360107422,97.85038757324219
mp-aaaaahfz,103.46199798583984,108.1030502319336
mp-aaaabpik,7.508999824523926,37.477516174316406
mp-aaaaaiqq,118.79000091552734,117.01712799072266
mp-aaabqxhy,76.01000213623047,99.23005676269531
mp-aaaaakzu,39.354000091552734,46.903594970703125
mp-aaaaasoo,141.20199584960938,145.28988647460938
mp-aaaaadfj,66.84700012207031,59.35000228881836
mp-aaabrttf,113.9739990234375,98.78016662597656
mp-aaaaaqty,298.2200012207031,250.8271484375
mp-aaaabhkm,152.16099548339844,134.31124877929688
mp-aaacctel,35.59199905395508,50.095767974853516
mp-aaaaaavd,65.33300018310547,72.53948974609375
mp-aaabqzvn,76.46099853515625,72.35639953613281
mp-aaaaacul,38.18899917602539,46.0714111328125
mp-aaaaaiha,59.97100067138672,57.642452239990234
mp-aaaaabno,49.22700119018555,80.28825378417969
mp-aaaaayym,60.2400016784668,74.08570861816406
mp-aaaabqkn,125.24800109863281,132.27694702148438
mp-aaabxjzu,121.8740005493164,100.481201171875
mp-aaaabdsk,171.74200439453125,163.7833709716797
mp-aaacewpw,51.29999923706055,42.79084014892578
mp-aaacdtsm,93.93199920654297,101.05429077148438
mp-aaabxbam,230.75399780273438,200.9310302734375
mp-aaaabjta,179.44900512695312,147.0024871826172
mp-aaaaadoz,212.00799560546875,273.04547119140625
mp-aaaabqlu,41.959999084472656,74.1933822631836
mp-aaaaarbs,215.4459991455078,205.35897827148438
mp-aaaabdyh,42.79600143432617,63.60767364501953
mp-aaaaaleo,61.099998474121094,59.460296630859375
mp-aaaaafyw,55.2859992980957,54.421512603759766
mp-aaaaazen,122.34200286865234,123.08235931396484
mp-aaacfkbm,366.3999938964844,278.94384765625
mp-aaacdpwe,113.24600219726562,108.10958099365234
mp-aaabxfad,132.25,121.73164367675781
mp-aaaaaetj,62.0620002746582,86.49711608886719
mp-aaaaccyz,25.367000579833984,24.358444213867188
mp-aaaaavyh,81.65399932861328,150.44613647460938
mp-aaackxua,33.361000061035156,86.15601348876953
mp-aaaabiqg,8.616000175476074,32.670143127441406
mp-aaaabegc,19.367000579833984,56.74225997924805
mp-aaacdpry,21.077999114990234,21.139549255371094
mp-aaaaabvz,117.39900207519531,162.51336669921875
mp-aaaabfbq,29.742000579833984,23.235755920410156
mp-aaabgnlh,12.468000411987305,-0.49317169189453125
mp-aaabgitn,17.042999267578125,27.044387817382812
mp-aaaaayjx,130.38499450683594,121.48175811767578
mp-aaacgdpw,27.03499984741211,34.32586669921875
mp-aaaaamkb,33.137001037597656,80.75568389892578
mp-aaabgngk,56.94499969482422,107.17040252685547
mp-aaabgkyv,109.29000091552734,115.62873840332031
mp-aaacflov,59.422000885009766,79.29402160644531
mp-aaacdthj,65.61599731445312,64.07907104492188
mp-aaabxglz,170.68099975585938,163.72476196289062
mp-aaacgful,34.779998779296875,29.05425262451172
mp-aaaaadsr,136.48599243164062,113.34693145751953
mp-aaabxfnt,194.2259979248047,125.15876007080078
mp-aaacewjq,200.06500244140625,182.11781311035156
mp-aaaftlrb,50.172000885009766,61.969120025634766
mp-aaacdrnx,44.60499954223633,55.25437927246094
mp-aaaaadaz,173.86500549316406,128.6999969482422
mp-aaaabewi,215.89300537109375,104.21446990966797
mp-aaaaaytw,149.1230010986328,143.11866760253906
mp-aaaaacbz,76.95999908447266,65.1639175415039
mp-aaaaaqrq,173.2169952392578,112.5473861694336
mp-aaaaakxd,71.0770034790039,92.9792709350586
mp-aaaaafcb,90.88300323486328,111.21222686767578
mp-aaacdjeb,107.13300323486328,121.85810852050781
mp-aaabxhic,102.1500015258789,105.89507293701172
mp-aaaaadey,18.003000259399414,42.43396759033203
mp-aaaaakjf,7.015999794006348,41.49329376220703
mp-aaabxgmr,149.69400024414062,128.09661865234375
mp-aaaaaagk,16.881000518798828,15.170394897460938
mp-aaaaagmr,89.56500244140625,87.56597900390625
mp-aaaaadmo,118.44200134277344,108.11666107177734
mp-aaacdohs,54.93600082397461,48.57225799560547
mp-aaaabowu,11.329999923706055,23.868003845214844
mp-aaaaabnn,215.16900634765625,198.9709014892578
mp-aaaaapvu,258.82000732421875,222.79393005371094
mp-aaacgipc,36.66600036621094,66.01541900634766
mp-aaabfnlc,22.531999588012695,24.83324432373047
mp-aaaaatan,203.77099609375,214.3959197998047
mp-aaachdij,19.475000381469727,-27.621292114257812
mp-aaabjxyl,194.93699645996094,159.16038513183594
mp-aaacdrmo,64.25399780273438,75.44161987304688
mp-aaaaacbc,135.4550018310547,133.30421447753906
mp-aaaaakjg,29.797000885009766,56.27276611328125
mp-aaaaakiu,272.864013671875,195.68968200683594
mp-aaabgmyz,137.01800537109375,126.99124145507812
mp-aaacfapb,89.87100219726562,79.99163818359375
mp-aaabxiva,50.25,46.845237731933594
mp-aaaabpuo,19.113000869750977,39.60890197753906
mp-aaabctnv,81.90499877929688,71.41007232666016
mp-aaacflmd,70.02300262451172,50.140525817871094
mp-aaacfjxn,326.54901123046875,279.3843688964844
mp-aaabxhco,189.83299255371094,184.38128662109375
mp-aaaabevx,129.07000732421875,124.82781219482422
mp-aaaabeid,70.52300262451172,47.91590881347656
mp-aaaaaprq,76.06900024414062,77.77293395996094
mp-aaaaabsm,44.792999267578125,52.54463195800781
mp-aaabrert,204.8470001220703,241.716064453125
mp-aaacdhxl,95.9530029296875,57.394813537597656
mp-aaabkpou,20.54800033569336,49.1897087097168
mp-aaagfddh,213.93800354003906,260.56878662109375
mp-aaaabdfa,20.95800018310547,41.09430694580078
mp-aaabxiwt,90.5199966430664,100.82011413574219
mp-aaacgiqo,167.3730010986328,172.9823760986328
mp-aaaaasrs,2.805000066757202,15.658103942871094
mp-aaabqwbi,57.62200164794922,68.63243103027344
mp-aaabgmkw,179.26300048828125,170.50466918945312
mp-aaaaalqh,116.08999633789062,81.66956329345703
mp-aaaaadef,71.06099700927734,76.79936218261719
mp-aaaaatxo,68.98300170898438,63.59050369262695
mp-aaabxcne,40.03799819946289,45.64732360839844
mp-aaaabtnp,113.98999786376953,93.55957794189453
mp-aaacfkbo,218.71600341796875,178.99862670898438
mp-aaaaahiv,42.323001861572266,47.830169677734375
mp-aaacflou,280.74700927734375,308.64959716796875
mp-aaabjygh,107.24800109863281,110.73954772949219
mp-aaabjxwt,126.0459976196289,186.74221801757812
mp-aaaaadug,122.01899719238281,128.44447326660156
mp-aaabxjti,52.183998107910156,39.036338806152344
mp-aaacdhuq,101.87799835205078,121.13139343261719
mp-aaaaaxjn,41.11899948120117,37.24242401123047
mp-aaaabtda,56.17300033569336,56.26188278198242
mp-aaaccspa,94.09100341796875,118.62754821777344
mp-aaaabgya,56.94300079345703,83.15633392333984
mp-aaabfuhp,142.73699951171875,109.09532165527344
mp-aaabxfok,73.05400085449219,74.57057189941406
mp-aaaaadbf,161.25900268554688,126.67913818359375
mp-aaaaajrr,10.515999794006348,41.970947265625
mp-aaaaaazz,213.96400451660156,186.70571899414062
mp-aaacdpby,96.01000213623047,122.73162841796875
mp-aaaaavan,59.50400161743164,49.2411994934082
mp-aaaabirb,81.20700073242188,127.93820190429688
mp-aaaaabkq,271.8009948730469,211.47964477539062
mp-aaaaaaly,171.11900329589844,126.86406707763672
mp-aaabdbbd,176.4739990234375,158.8580780029297
mp-aaacgowe,70.24700164794922,129.49911499023438
mp-aaabkpor,14.628000259399414,17.497337341308594
mp-aaaaaabe,151.3939971923828,181.58673095703125
mp-aaabgmzr,132.6929931640625,206.03419494628906
mp-aaabjyej,36.57099914550781,56.784523010253906
mp-aaaaahgl,40.224998474121094,53.780433654785156
mp-aaaabphs,55.44200134277344,56.044891357421875
mp-aaacgoyy,124.28800201416016,155.44000244140625
mp-aaacfvyh,27.110000610351562,55.92131042480469
mp-aaabqxcg,43.222999572753906,37.951385498046875
mp-aaaaaecr,196.76199340820312,169.23800659179688
mp-aaacdjop,78.7979965209961,93.66909790039062
mp-aaacgild,84.38600158691406,96.52484130859375
mp-aaaaammi,73.25499725341797,69.44033813476562
mp-aaaceaoi,195.88099670410156,141.51705932617188
mp-aaaaaqhx,151.9709930419922,118.1263198852539
mp-aaabgmfy,177.2270050048828,157.93563842773438
mp-aaaabhle,144.76600646972656,84.15050506591797
mp-aaaccspi,146.90199279785156,161.66165161132812
mp-aaaaagqj,89.25700378417969,64.70240783691406
mp-aaabxbbe,102.19400024414062,89.518798828125
mp-aaaaarbp,162.6230010986328,154.84347534179688
mp-aaaaaasg,98.28199768066406,79.84764099121094
mp-aaaaabki,190.3350067138672,235.15316772460938
mp-aaaaatjb,158.9340057373047,164.35159301757812
mp-aaaaaqzy,37.54800033569336,43.96049499511719
mp-aaaaadle,223.23800659179688,205.3397216796875
mp-aaacdhjq,75.91000366210938,84.38775634765625
mp-aaacgius,131.67300415039062,123.32942962646484
mp-aaabglps,106.66400146484375,87.68064880371094
mp-aaaabfhc,-34.57500076293945,77.43329620361328
mp-aaacdsfr,135.4029998779297,110.51204681396484
mp-aaaceaup,45.016998291015625,39.554229736328125
mp-aaaaakno,63.77000045776367,80.52647399902344
mp-aaaabfdb,94.6050033569336,90.42929077148438
mp-aaaaadqw,103.80999755859375,99.76254272460938
mp-aaaaapsh,37.87300109863281,19.766677856445312
mp-aaaaatee,131.4250030517578,116.25543975830078
mp-aaabxdqb,80.65499877929688,82.68694305419922
mp-aaabgmzw,45.82699966430664,64.82428741455078
mp-aaaaaecw,68.60199737548828,68.02264404296875
mp-aaacdnwp,24.67099952697754,24.97095489501953
mp-aaacdqbp,161.156005859375,130.65792846679688
mp-aaaaakyv,179.77099609375,194.9276580810547
mp-aaacdlji,337.8710021972656,343.6754150390625
mp-aaacdkjp,44.37300109863281,65.16741943359375
mp-aaabxhip,39.457000732421875,27.703781127929688
mp-aaaaagwa,34.80799865722656,72.40060424804688
mp-aaaaabhm,19.73699951171875,62.893672943115234
mp-aaabmyzg,126.27100372314453,180.70285034179688
mp-aaacgafg,147.06399536132812,85.00726318359375
mp-aaaaabpc,53.36899948120117,31.76507568359375
mp-aaabixpb,180.66900634765625,183.07272338867188
mp-aaaabhwz,32.1609992980957,39.556434631347656
mp-aaacfano,183.44200134277344,204.16598510742188
mp-aaaaaevf,96.39199829101562,97.5779800415039
mp-aaachdoj,18.062999725341797,18.467056274414062
mp-aaaabtgx,139.1820068359375,126.47737884521484
mp-aaaabfmw,103.0199966430664,107.52691650390625
mp-aaaaaems,76.20500183105469,91.76128387451172
mp-aaaaaotc,77.49099731445312,65.36882019042969
mp-aaacdnvq,39.67399978637695,43.10823059082031
mp-aaaabfhf,72.13700103759766,72.5746841430664
mp-aaabxfmt,109.61399841308594,111.98407745361328
mp-aaaabfbi,72.12799835205078,61.12651824951172
mp-aaacdsey,131.54400634765625,128.60423278808594
mp-aaabxivi,58.88399887084961,72.09683227539062
mp-aaaabihh,1.9359999895095825,12.424331665039062
mp-aaaaaaep,73.38400268554688,68.60990905761719
mp-aaaaactl,31.80900001525879,39.75422668457031
mp-aaacfkyb,69.33699798583984,62.773170471191406
mp-aaacdhtf,130.31300354003906,173.9373016357422
mp-aaaaapbu,94.62000274658203,104.86347198486328
mp-aaaaabcr,50.194000244140625,55.18186569213867
mp-aaackshq,130.88600158691406,131.29595947265625
mp-aaabxfyw,202.89500427246094,144.79830932617188
mp-aaaaakgd,81.57099914550781,94.75352478027344
mp-aaacdpbb,164.63900756835938,141.92733764648438
mp-aaabilah,61.99700164794922,69.48948669433594
mp-aaaaagix,106.72899627685547,66.10479736328125
mp-aaaaaihh,93.80400085449219,108.19071197509766
mp-aaaccspo,114.25199890136719,148.62635803222656
mp-aaacfzml,384.0530090332031,325.0996398925781
mp-aaaaacha,93.24299621582031,63.26503372192383
mp-aaaabqmh,11.666999816894531,30.017784118652344
mp-aaaaappu,93.80500030517578,94.27092742919922
mp-aaabkfds,157.96299743652344,174.3115234375
mp-aaaabigu,26.597999572753906,33.04844665527344
mp-aaaaakgx,165.802001953125,213.1196746826172
mp-aaaaasyo,49.73400115966797,58.109622955322266
mp-aaabgjhn,175.55599975585938,159.5809783935547
mp-aaaaacjw,82.28399658203125,53.26283264160156
mp-aaabgisz,10.428999900817871,-6.6361541748046875
mp-aaaaalcf,34.215999603271484,48.344181060791016
mp-aaaaacsd,113.95999908447266,117.1492691040039
mp-aaacdoya,27.663999557495117,17.829696655273438
mp-aaaaahyq,19.246000289916992,31.569969177246094
mp-aaaaacik,88.2300033569336,125.5102310180664
mp-aaacdymn,74.89600372314453,70.7259292602539
mp-aaaabhmt,198.3489990234375,160.04156494140625
mp-aaaaabyv,39.053001403808594,55.74687957763672
mp-aaabgisl,171.86500549316406,190.080810546875
mp-aaaabieo,45.573001861572266,70.08868408203125
mp-aaaaanfs,5.697999954223633,48.20756530761719
mp-aaaaaidw,141.17300415039062,140.6516876220703
mp-aaaabhgy,257.7179870605469,163.25782775878906
mp-aaaaaaoq,56.263999938964844,48.81022262573242
mp-aaabxffi,17.492000579833984,18.841278076171875
mp-aaacewiv,304.9100036621094,284.7608642578125
mp-aaacgiqq,126.94999694824219,120.74491119384766
mp-aaacewgy,374.8609924316406,305.9692687988281
mp-aaabfbjw,58.35300064086914,81.75187683105469
mp-aaabfqwj,155.79800415039062,135.40213012695312
mp-aaaaalxi,202.68299865722656,150.32086181640625
mp-aaaaaxej,113.05799865722656,141.43951416015625
mp-aaabqwqk,127.28199768066406,121.88928985595703
mp-aaabraew,71.01399993896484,126.26612091064453
mp-aaaaadhp,154.3419952392578,138.0924835205078
mp-aaabsaua,163.8159942626953,126.47499084472656
mp-aaabxgov,271.2749938964844,210.7456512451172
mp-aaaaaqul,101.96199798583984,109.75286865234375
mp-aaaaaign,129.8509979248047,130.34375
mp-aaaabtoa,68.68599700927734,80.22457885742188
mp-aaaabdoa,45.356998443603516,48.8038215637207
mp-aaacgjcv,71.74400329589844,141.2509765625
mp-aaabxita,2.759000062942505,11.734092712402344
mp-aaaaauwn,96.43800354003906,39.55046844482422
mp-aaaabgye,112.50700378417969,77.0682373046875
mp-aaaaarit,17.06800079345703,13.636947631835938
mp-aaaabhfc,158.40699768066406,138.029541015625
mp-aaaabqgb,77.447998046875,101.07060241699219
mp-aaacgipn,46.04100036621094,68.187255859375
mp-aaabftan,121.34600067138672,96.37541961669922
mp-aaaaapae,321.8559875488281,320.9210510253906
mp-aaaaaffr,50.00699996948242,68.01692962646484
mp-aaaaapeb,155.07899475097656,139.28463745117188
mp-aaaabtgt,177.03900146484375,149.50460815429688
mp-aaacdrdz,183.35899353027344,216.0578155517578
mp-aaacdmhi,5.083000183105469,-36.605987548828125
mp-aaacfjqr,258.13800048828125,200.46237182617188
mp-aaaaagln,184.26699829101562,136.85232543945312
mp-aaabrajq,79.22799682617188,59.70603561401367
mp-aaacrqya,244.8939971923828,228.92213439941406
mp-aaaccsqp,28.035999298095703,54.81369400024414
mp-aaaaarqk,112.13600158691406,93.92546081542969
mp-aaacdvtq,141.5709991455078,102.14875793457031
mp-aaaaalqz,86.56600189208984,69.31651306152344
mp-aaacgipx,108.7979965209961,106.497314453125
mp-aaaccsrc,137.91200256347656,165.50341796875
mp-aaabgmsx,5.864999771118164,92.15863800048828
mp-aaabxizk,199.11199951171875,183.2906951904297
mp-aaaaaouq,133.8070068359375,107.60346984863281
mp-aaaaaelq,5.48799991607666,46.56629180908203
mp-aaacfvgq,52.4370002746582,69.50686645507812
mp-aaaabtrx,78.30599975585938,72.87379455566406
mp-aaacdiod,57.349998474121094,58.45549011230469
mp-aaaabtgk,86.98100280761719,59.16852569580078
mp-aaabgivs,31.163000106811523,46.397056579589844
mp-aaaaboqg,6.855000019073486,41.740570068359375
mp-aaaaarwg,106.03399658203125,107.38536834716797
mp-aaabqydb,142.05799865722656,203.28298950195312
mp-aaabfasu,56.26900100708008,103.01567840576172
mp-aaabdbjj,218.15699768066406,212.33963012695312
mp-aaaabhxk,19.490999221801758,34.47077941894531
mp-aaaabrps,51.96699905395508,67.6169204711914
mp-aaacdhmo,155.6719970703125,170.9790496826172
mp-aaabxjbr,299.6700134277344,269.94732666015625
mp-aaaaarwj,100.302001953125,225.06072998046875
mp-aaabfkev,119.1510009765625,87.68926239013672
mp-aaaaaqow,60.46099853515625,59.27688980102539
mp-aaaaavvl,82.81500244140625,150.69873046875
mp-aaabmhbp,169.9320068359375,181.2006072998047
mp-aaachdah,48.143001556396484,77.23820495605469
mp-aaabxcfj,180.53199768066406,154.23182678222656
mp-aaacdtrc,34.650001525878906,36.198509216308594
mp-aaabfylb,21.59000015258789,-3.0922393798828125
mp-aaacdrpc,53.459999084472656,51.38047409057617
mp-aaabgjqe,56.45100021362305,69.3734130859375
mp-aaaaancv,39.39799880981445,38.4775390625
mp-aaaaakmv,78.15299987792969,80.82654571533203
mp-aaaaaauu,125.31999969482422,151.60659790039062
mp-aaaabffe,116.64199829101562,138.35948181152344
mp-aaaaadpq,25.125999450683594,32.906211853027344
mp-aaabsjen,43.257999420166016,46.53980255126953
mp-aaaabqhz,25.283000946044922,39.964149475097656
mp-aaaaaafh,53.66699981689453,65.15591430664062
mp-aaaaagyl,47.97200012207031,91.75176239013672
mp-aaabglki,8.869000434875488,44.412109375
mp-aaaaaybq,54.42599868774414,58.94701385498047
mp-aaaaafdg,232.73300170898438,227.09779357910156
mp-aaabhaik,25.895000457763672,76.9969711303711
mp-aaabxiyx,137.7519989013672,158.25701904296875
mp-aaaaaent,145.6999969482422,132.633544921875
mp-aaaaaxcv,48.470001220703125,71.88699340820312
mp-aaabfbwv,142.5500030517578,90.34014129638672
mp-aaaccsri,100.98799896240234,127.43939208984375
mp-aaaabeot,68.87999725341797,52.45808029174805
mp-aaaabuei,103.98699951171875,91.08242797851562
mp-aaabxgsl,134.56500244140625,120.40664672851562
mp-aaaaadfs,42.83300018310547,51.21806716918945
mp-aaabxgit,250.04600524902344,239.7838134765625
mp-aaaaabgc,176.86399841308594,124.8398666381836
mp-aaaaaoub,230.08200073242188,242.55029296875
mp-aaacgimg,115.86900329589844,102.01321411132812
mp-aaacewnh,169.406005859375,227.68605041503906
mp-aaacdmrv,95.48300170898438,76.57797241210938
mp-aaaaacjg,52.909000396728516,69.1885986328125
mp-aaaabtnj,27.746999740600586,33.150367736816406
mp-aaacewgo,159.17599487304688,137.76280212402344
mp-aaaaapmd,82.59600067138672,84.3456802368164
mp-aaaabgqe,67.6709976196289,36.495445251464844
mp-aaabxfnx,100.75499725341797,94.70641326904297
mp-aaaabdiy,40.323001861572266,95.7933349609375
mp-aaabxazw,69.13600158691406,72.27994537353516
mp-aaacfyyt,46.26499938964844,61.0294189453125
mp-aaaceswj,97.22699737548828,85.41407775878906
mp-aaabxhhq,241.9029998779297,225.3896484375
mp-aaaabije,28.200000762939453,29.389389038085938
mp-aaaabpft,31.05299949645996,39.843360900878906
mp-aaabjxww,98.32099914550781,149.6634521484375
mp-aaaabdjt,82.84600067138672,89.30413818359375
mp-aaabxfuc,74.54499816894531,81.881103515625
mp-aaaabszo,111.51899719238281,112.1834716796875
mp-aaabxhhm,74.26599884033203,62.64628219604492
mp-aaaaavxd,23.716999053955078,46.44956970214844
mp-aaacdpxm,188.8419952392578,176.71145629882812
mp-aaaaafrf,16.878999710083008,44.64916229248047
mp-aaaaamng,72.36699676513672,73.20114135742188
mp-aaacfxyi,197.4250030517578,176.8604736328125
mp-aaaaaugg,21.582000732421875,57.05161666870117
mp-aaaaalbn,69.38400268554688,67.95025634765625
mp-aaaabezt,162.7989959716797,149.97244262695312
mp-aaabghwi,18.14299964904785,39.01110076904297
mp-aaabglec,153.81300354003906,116.63941192626953
mp-aaacdjad,98.2239990234375,99.77262115478516
mp-aaaaaoxb,36.645999908447266,62.14474868774414
mp-aaabxjuh,247.2209930419922,185.2222900390625
mp-aaabkoxy,58.92900085449219,80.07318115234375
mp-aaaaakrr,34.893001556396484,34.50688171386719
mp-aaaaajpt,100.47899627685547,77.32743072509766
mp-aaabfnnj,150.75599670410156,114.7210693359375
mp-aaabxdaf,39.26900100708008,49.00319290161133
mp-aaabxcmx,187.1750030517578,174.80352783203125
mp-aaabmllq,61.04199981689453,77.49678039550781
mp-aaaaaxqe,118.6520004272461,117.16613006591797
mp-aaaaasrv,181.6269989013672,105.48838806152344
mp-aaaaacus,311.1289978027344,278.2476806640625
mp-aaacdrpb,56.39400100708008,52.2632942199707
mp-aaabgnja,38.65700149536133,115.78944396972656
mp-aaaaahrq,53.37200164794922,77.94922637939453
mp-aaaabhap,149.38999938964844,85.35286712646484
mp-aaaabdim,80.26300048828125,69.76612854003906
mp-aaacfjyv,30.527999877929688,46.027626037597656
mp-aaacprod,310.23699951171875,195.91854858398438
mp-aaaccspp,143.50999450683594,172.01409912109375
mp-aaacdoro,127.88600158691406,96.90028381347656
mp-aaaaapbt,62.165000915527344,80.83824920654297
mp-aaagfdgv,30.02199935913086,44.76966857910156
mp-aaabxhnc,161.40899658203125,126.70865631103516
mp-aaaaaqpw,53.42100143432617,57.78549575805664
mp-aaacgiou,133.0709991455078,126.30818176269531
mp-aaaaadvp,129.08900451660156,112.57410430908203
mp-aaaaakos,384.510986328125,314.4473876953125
mp-aaaabour,36.25699996948242,38.73687744140625
mp-aaaaadzc,181.75,170.04014587402344
mp-aaacgirn,218.90199279785156,206.71713256835938
mp-aaabxgoj,250.9600067138672,193.409912109375
mp-aaaaarxo,175.01600646972656,137.14498901367188
mp-aaaabsxu,97.30899810791016,89.00335693359375
mp-aaabxhbl,90.68000030517578,100.14849853515625
mp-aaaaamqj,3.686000108718872,5.802581787109375
mp-aaaabguo,298.4779968261719,211.1625213623047
mp-aaabxjbe,52.82099914550781,51.145721435546875
mp-aaaaaevo,115.16600036621094,152.86404418945312
mp-aaabxhht,193.39599609375,173.14498901367188
mp-aaabxcih,185.7969970703125,159.46116638183594
mp-aaaabtod,268.4779968261719,238.82827758789062
mp-aaabxciv,80.55000305175781,70.25834655761719
mp-aaacfyzl,87.51300048828125,98.76162719726562
mp-aaabgihk,27.70800018310547,32.52820587158203
mp-aaaaadfk,27.104999542236328,45.74687957763672
mp-aaabxgji,87.3949966430664,80.6112060546875
mp-aaaabtmo,130.24200439453125,192.94351196289062
mp-aaaabhql,29.280000686645508,18.417572021484375
mp-aaabgrkp,138.1219940185547,117.3838882446289
mp-aaaaadjv,128.33900451660156,104.67107391357422
mp-aaaaacgz,41.60599899291992,46.51238250732422
mp-aaacetuk,165.47799682617188,139.6181182861328
mp-aaabqxch,80.30799865722656,71.23628234863281
mp-aaabxfzi,188.1199951171875,191.51776123046875
mp-aaaaagmo,221.78799438476562,247.0371856689453
mp-aaabjxxe,170.1020050048828,163.14706420898438
mp-aaaaagol,22.90999984741211,45.77552032470703
mp-aaacdljw,194.99099731445312,159.27655029296875
mp-aaabxfoa,155.8820037841797,137.1290283203125
mp-aaabxfyj,100.74800109863281,115.33138275146484
mp-aaaaafyc,141.94000244140625,107.12689971923828
mp-aaabxgmf,75.68000030517578,66.959716796875
mp-aaaabtnb,32.073001861572266,35.02593994140625
mp-aaabxjxw,163.02099609375,145.8714599609375
mp-aaaabiif,16.520000457763672,-28.977508544921875
mp-aaaaarka,66.90899658203125,85.71690368652344
mp-aaacehwg,37.52000045776367,0.454498291015625
mp-aaacgifr,171.35899353027344,178.6368408203125
mp-aaachdbr,38.74100112915039,44.733558654785156
mp-aaaabwwj,113.3219985961914,93.24449157714844
mp-aaabfqny,3.8480000495910645,21.562576293945312
mp-aaaaadio,166.427001953125,145.19232177734375
mp-aaaabtbf,40.53799819946289,40.040382385253906
mp-aaabgjxa,28.003000259399414,50.1875
mp-aaabxgxx,226.5229949951172,188.9132537841797
mp-aaaaabgg,149.36500549316406,85.48638916015625
mp-aaaacbht,53.465999603271484,68.88581085205078
mp-aaaccspu,118.9739990234375,114.78385925292969
mp-aaaabtpp,212.9029998779297,187.81939697265625
mp-aaacfiwj,198.7220001220703,173.30294799804688
mp-aaaaabst,123.14199829101562,132.133056640625
mp-aaaaaagd,31.86199951171875,24.276809692382812
mp-aaabgkii,37.77899932861328,87.96620178222656
mp-aaacdreg,40.930999755859375,47.73027038574219
mp-aaaaakeu,25.799999237060547,96.10515594482422
mp-aaabfmkp,66.25199890136719,103.19489288330078
mp-aaacdyio,63.012001037597656,61.31959533691406
mp-aaaabeib,105.3759994506836,76.6209487915039
mp-aaacfiwm,50.016998291015625,124.40579223632812
mp-aaaaayeo,80.87200164794922,82.87860107421875
mp-aaabgnbq,118.84400177001953,118.6776123046875
mp-aaabgmez,159.38099670410156,163.3053741455078
mp-aaabxhem,185.4290008544922,157.16697692871094
mp-aaaaaxkb,292.01300048828125,263.23382568359375
mp-aaabqwei,64.42400360107422,93.18002319335938
mp-aaacgpha,88.68199920654297,72.50010681152344
mp-aaaaanll,41.027000427246094,42.54643249511719
mp-aaaabtfn,140.7790069580078,114.33995056152344
mp-aaabxgci,106.5780029296875,95.6481704711914
mp-aaaaajeq,34.14799880981445,20.75714111328125
mp-aaabxgzf,34.882999420166016,32.12950897216797
mp-aaacfaok,252.71800231933594,140.72592163085938
mp-aaaaacdj,203.79400634765625,178.2349090576172
mp-aaabgmqa,274.9679870605469,258.72802734375
mp-aaaaauvz,52.422000885009766,56.936283111572266
mp-aaabxgou,287.2409973144531,230.10906982421875
mp-aaaaarcj,62.29899978637695,124.18142700195312
mp-aaaaamua,176.70199584960938,180.64813232421875
mp-aaacdoeg,18.82699966430664,26.406997680664062
mp-aaaaabqn,65.16000366210938,87.24757385253906
mp-aaacebxv,31.05900001525879,26.154624938964844
mp-aaacfkld,94.36499786376953,82.5531997680664
mp-aaacgirh,24.68400001525879,49.0040168762207
mp-aaabxcil,44.20500183105469,42.349586486816406
mp-aaaaadlx,183.34100341796875,135.74612426757812
mp-aaaccsqu,122.18599700927734,142.9503173828125
mp-aaaabrjz,22.040000915527344,76.80287170410156
mp-aaaaagpu,120.15399932861328,118.24077606201172
mp-aaacdreo,85.24099731445312,92.38253784179688
mp-aaacdxvf,118.46299743652344,63.08027648925781
mp-aaaaayaw,69.14199829101562,85.59751892089844
mp-aaaaasvc,94.16300201416016,92.66567993164062
mp-aaaabptx,7.1579999923706055,83.0712661743164
mp-aaaaadis,201.58599853515625,155.25115966796875
mp-aaaaabvj,217.36300659179688,210.94345092773438
mp-aaaaagbj,278.97601318359375,203.97113037109375
mp-aaaaaacb,98.19599914550781,81.00971221923828
mp-aaaabzxi,8.053999900817871,46.779884338378906
mp-aaaabunz,165.08399963378906,163.65171813964844
mp-aaabxcan,325.9519958496094,306.43560791015625
mp-aaabeuvt,47.2869987487793,44.59314727783203
mp-aaaabbmt,171.11300659179688,143.82688903808594
mp-aaaaajjw,132.63400268554688,115.80976104736328
mp-aaacgjam,100.01200103759766,92.16797637939453
mp-aaacdjtm,104.30999755859375,103.2883071899414
mp-aaaaakjn,9.60200023651123,33.85301208496094
mp-aaaaaycv,101.41100311279297,101.05779266357422
mp-aaaaavjd,134.95899963378906,133.29811096191406
mp-aaacfydr,194.5989990234375,152.43206787109375
mp-aaabxfcd,106.99700164794922,119.94619750976562
mp-aaaaaozs,295.4429931640625,356.99578857421875
mp-aaacdjeg,15.51200008392334,40.88484191894531
mp-aaaaaljw,227.30999755859375,223.13021850585938
mp-aaaabdrj,70.61000061035156,112.72480010986328
mp-aaaaafpb,161.08700561523438,141.05459594726562
mp-aaaaabqh,137.05999755859375,141.96051025390625
mp-aaabxgze,81.71199798583984,17.378753662109375
mp-aaabgjel,92.06099700927734,96.48776245117188
mp-aaaaacwk,41.652000427246094,50.68400573730469
mp-aaaabjsx,84.4520034790039,58.627559661865234
mp-aaaabjqt,68.40899658203125,57.58990478515625
mp-aaabxcjd,102.51799774169922,76.22334289550781
mp-aaacdtqv,38.78499984741211,41.678672790527344
mp-aaaaaikz,60.393001556396484,52.41088104248047
mp-aaaaaiql,135.68699645996094,128.52459716796875
mp-aaaabtpb,226.16799926757812,192.24868774414062
mp-aaacdycz,20.448999404907227,39.025238037109375
mp-aaaaamfz,10.253999710083008,14.48309326171875
mp-aaabjxyg,25.70599937438965,63.84065628051758
mp-aaaaagjp,122.63899993896484,110.03839874267578
mp-aaaabjbr,36.349998474121094,64.82719421386719
mp-aaaabhvj,6.2870001792907715,41.255287170410156
mp-aaabxjvn,78.66899871826172,72.21638488769531
mp-aaaabkcc,72.6780014038086,54.331302642822266
mp-aaacdsgf,62.16600036621094,69.73687744140625
mp-aaaabdme,43.071998596191406,52.42452621459961
mp-aaadddpu,152.63400268554688,103.97379302978516
mp-aaacfywi,153.9250030517578,126.48767852783203
mp-aaaabgwb,121.97100067138672,83.66676330566406
mp-aaaabega,234.3489990234375,230.67752075195312
mp-aaaaapgp,144.11300659179688,143.37026977539062
mp-aaaaaqqe,75.52899932861328,83.19217681884766
mp-aaaabaep,72.2750015258789,71.9341049194336
mp-aaaaajps,129.5500030517578,80.70977783203125
mp-aaabjycn,65.87999725341797,84.94955444335938
mp-aaaaaecb,90.15699768066406,83.0140380859375
mp-aaaccsqd,96.83300018310547,130.29339599609375
mp-aaacdidt,26.920000076293945,38.300559997558594
mp-aaafnzjq,134.5240020751953,129.11294555664062
mp-aaaabfvh,49.819000244140625,53.957183837890625
mp-aaafjxih,6.670000076293945,33.6824951171875
mp-aaabxisr,112.78800201416016,111.63887786865234
mp-aaaaaabx,400.4100036621094,393.8875427246094
mp-aaaaanty,67.59400177001953,79.27279663085938
mp-aaaaacrb,93.98699951171875,52.154396057128906
mp-aaacdlkl,56.880001068115234,54.87405014038086
mp-aaaaacij,200.50399780273438,134.9674835205078
mp-aaacehvt,22.58300018310547,16.34668731689453
mp-aaabjyhh,209.2010040283203,137.59133911132812
mp-aaaaabwv,90.43800354003906,77.071044921875
mp-aaafnrhd,160.6439971923828,190.72816467285156
mp-aaaabpid,173.00599670410156,147.20797729492188
mp-aaabxizf,76.0479965209961,82.40705871582031
mp-aaaaauvy,48.83599853515625,48.723636627197266
mp-aaabgkst,8.298999786376953,47.84984588623047
mp-aaaabhjq,131.68600463867188,131.11488342285156
mp-aaaaarxl,179.76400756835938,152.12814331054688
mp-aaabqznu,133.2259979248047,132.1707000732422
mp-aaaaalbv,50.67100143432617,-7.191352844238281
mp-aaaabatx,225.3800048828125,145.51097106933594
mp-aaabqzow,100.0199966430664,95.1026611328125
mp-aaaaachh,74.87000274658203,46.425880432128906
mp-aaacdwtc,178.5679931640625,129.58839416503906
mp-aaaaalgq,91.4469985961914,105.21429443359375
mp-aaacrrdo,268.2959899902344,281.95086669921875
mp-aaabghix,28.90999984741211,44.829803466796875
mp-aaaabjnn,94.09600067138672,56.19637680053711
mp-aaaaccae,16.35700035095215,24.887123107910156
mp-aaacprkl,91.7969970703125,84.47151184082031
mp-aaaaamgv,50.25600051879883,25.2730712890625
mp-aaaaapff,40.11399841308594,104.621337890625
mp-aaaccsre,128.3489990234375,149.30755615234375
mp-aaaaaduf,127.5,96.8814926147461
mp-aaabxcmo,40.229000091552734,42.45740509033203
mp-aaaaakud,170.0800018310547,171.5177001953125
mp-aaaaacmk,71.6709976196289,55.785057067871094
mp-aaabfyny,169.81700134277344,143.9807586669922
mp-aaacdqwr,52.071998596191406,61.32768630981445
mp-aaacdrmf,199.93099975585938,156.5941619873047
mp-aaaaahgi,140.3820037841797,127.10786437988281
mp-aaaaainv,132.41799926757812,92.88359832763672
mp-aaaabjqu,71.09600067138672,58.361854553222656
mp-aaaaadnn,173.63600158691406,165.15406799316406
mp-aaaaaadz,108.28700256347656,101.08103942871094
mp-aaaaaqpy,54.83599853515625,47.25176239013672
mp-aaaaaksx,133.32200622558594,90.77890014648438
mp-aaabxgic,231.8159942626953,210.34872436523438
mp-aaaaaqcz,179.072998046875,155.85391235351562
mp-aaacdmyl,112.41400146484375,131.4527587890625
mp-aaabrenz,127.552001953125,119.61385345458984
mp-aaabxbzl,181.04600524902344,172.28164672851562
mp-aaaabozu,282.5379943847656,260.6741027832031
mp-aaaabexl,103.63200378417969,134.48983764648438
mp-aaaaadgx,21.18899917602539,22.616004943847656
mp-aaachovw,64.70600128173828,77.85160827636719
mp-aaacfxhb,192.19500732421875,184.79605102539062
mp-aaaabibl,11.062999725341797,-7.36773681640625
mp-aaaaabag,46.13600158691406,55.604305267333984
mp-aaaaalbm,110.37899780273438,107.96712493896484
mp-aaaaablk,44.652000427246094,55.74568176269531
mp-aaaabeeb,63.104000091552734,53.12574768066406
mp-aaabxfux,182.61700439453125,149.073974609375
mp-aaabgivz,72.2969970703125,68.61148071289062
mp-aaabxiyv,55.44300079345703,57.516597747802734
mp-aaacdywv,93.69000244140625,64.87271118164062
mp-aaabxgij,289.6619873046875,230.84523010253906
mp-aaaaabzu,228.68899536132812,225.59970092773438
mp-aaabxiwn,47.32600021362305,29.720611572265625
mp-aaaaabky,303.4259948730469,274.6932678222656
mp-aaacebzg,41.143001556396484,131.9754638671875
mp-aaafdxez,17.197999954223633,79.54229736328125
mp-aaaaadrs,209.1020050048828,226.4532470703125
mp-aaabfnyk,180.5709991455078,143.11166381835938
mp-aaaaagfy,142.5279998779297,132.3805389404297
mp-aaaaagzo,211.02699279785156,201.82095336914062
mp-aaaabdwj,96.16799926757812,96.53234100341797
mp-aaabxhcs,202.72300720214844,225.22662353515625
mp-aaaaaedp,108.44999694824219,108.78911590576172
mp-aaaaacwp,123.36199951171875,116.36402893066406
mp-aaabgkzp,16.216999053955078,7.1663665771484375
mp-aaabxflm,131.03700256347656,107.20179748535156
mp-aaaaaplj,77.08599853515625,86.76251220703125
mp-aaaabeuv,97.89800262451172,61.84761428833008
mp-aaaaaddt,22.05900001525879,22.044593811035156
mp-aaacfyee,213.8509979248047,233.08790588378906
mp-aaaaaauw,27.259000778198242,20.946517944335938
mp-aaacesuk,172.10400390625,122.51909637451172
mp-aaaabfnw,258.1839904785156,292.73236083984375
mp-aaaabttt,82.99099731445312,75.94259643554688
mp-aaacprlm,340.6400146484375,101.84819030761719
mp-aaacfwio,201.29299926757812,201.8460235595703
mp-aaaaadgh,58.35200119018555,83.41960144042969
mp-aaaabpue,2.01200008392334,18.846023559570312
mp-aaaaagce,23.802000045776367,23.208229064941406
mp-aaaabgsu,196.81399536132812,187.43966674804688
mp-aaacflvw,225.94400024414062,253.7002716064453
mp-aaacflrz,411.0169982910156,250.0513153076172
mp-aaaaapvx,368.6709899902344,255.7989959716797
mp-aaaabecg,114.95500183105469,114.12623596191406
mp-aaaabdjm,197.3470001220703,184.13064575195312
mp-aaaaacug,125.55500030517578,127.63982391357422
mp-aaaaaora,238.5399932861328,193.55108642578125
mp-aaaaapms,221.08599853515625,184.12933349609375
mp-aaacfjxm,322.96600341796875,279.8561706542969
mp-aaaabunt,149.83099365234375,150.1453399658203
mp-aaaaaezq,164.27099609375,122.72207641601562
mp-aaaaacll,193.20599365234375,215.46566772460938
mp-aaaaabtt,73.6050033569336,85.21260070800781
mp-aaaccsrf,117.61299896240234,137.35768127441406
mp-aaaabigd,41.494998931884766,81.72808837890625
mp-aaaaaulj,34.75299835205078,1.3429641723632812
mp-aaabqxuc,103.13200378417969,80.85863494873047
mp-aaaaarge,58.43199920654297,58.17530059814453
mp-aaabxfws,152.0679931640625,140.2086944580078
mp-aaaaaawc,213.6320037841797,180.18157958984375
mp-aaabmxwx,79.39399719238281,91.8845443725586
mp-aaacdxtd,237.55299377441406,193.16583251953125
mp-aaabgksl,104.29100036621094,86.23394775390625
mp-aaabxazh,77.80400085449219,85.272705078125
mp-aaaabtao,25.23900032043457,41.07067108154297
mp-aaabxfai,46.38600158691406,48.591739654541016
mp-aaaaamdb,17.327999114990234,28.88591766357422
mp-aaaaainu,51.3849983215332,73.95354461669922
mp-aaabivna,0.597000002861023,34.54711151123047
mp-aaacgoru,129.68800354003906,157.9405975341797
mp-aaaaaetz,230.00399780273438,271.8352966308594
mp-aaacfvwb,44.09700012207031,62.930721282958984
mp-aaaabico,70.23500061035156,106.66370391845703
mp-aaabxcbu,270.58599853515625,175.98480224609375
mp-aaaaaahn,174.74899291992188,175.89349365234375
mp-aaaabtth,56.90399932861328,55.19192123413086
mp-aaaaaocb,121.67900085449219,182.6370849609375
mp-aaacgiqf,96.4729995727539,104.86567687988281
mp-aaabkorc,190.35000610351562,158.15277099609375
mp-aaabxjvt,53.80400085449219,47.37821960449219
mp-aaaaapax,21.937999725341797,19.7528076171875
mp-aaaaaidf,121.11799621582031,111.08131408691406
mp-aaacfxfb,284.19000244140625,228.6220703125
mp-aaaabrab,58.012001037597656,73.98747253417969
mp-aaabraqd,29.393999099731445,70.39397430419922
mp-aaaaacki,219.4429931640625,190.05531311035156
mp-aaacdkpa,65.41400146484375,68.91560363769531
mp-aaaaadko,189.63800048828125,225.39027404785156
mp-aaaabgrv,101.89800262451172,113.51200866699219
mp-aaaaamtw,47.518001556396484,69.32952880859375
mp-aaaaadrl,56.417999267578125,52.76201248168945
mp-aaabrwpz,154.8419952392578,110.72767639160156
mp-aaacfopj,11.807999610900879,6.791130065917969
mp-aaabxgtr,253.0290069580078,223.58596801757812
mp-aaaabtqu,211.73399353027344,210.862548828125
mp-aaaaaavw,89.18099975585938,94.41416931152344
mp-aaabxftv,41.67100143432617,33.079429626464844
mp-aaaabthl,60.80400085449219,74.91415405273438
mp-aaaabirg,40.624000549316406,50.179691314697266
mp-aaaaalrv,78.48400115966797,69.15420532226562
mp-aaaabehd,110.7969970703125,80.40790557861328
mp-aaaabrzh,181.02099609375,187.9053955078125
mp-aaaaaiog,220.8990020751953,206.7488250732422
mp-aaaaabhj,59.500999450683594,51.35781478881836
mp-aaabikuu,102.40299987792969,199.28768920898438
mp-aaaabjca,61.57400131225586,90.78150939941406
mp-aaacdrnp,122.50700378417969,120.47972106933594
mp-aaacdjyo,143.22300720214844,124.96513366699219
mp-aaacdpmi,132.84300231933594,132.46034240722656
mp-aaaabela,37.33599853515625,30.968719482421875
mp-aaabghsu,19.256000518798828,32.97132873535156
mp-aaaaaeae,103.21499633789062,106.16297149658203
mp-aaaaaaeg,36.65999984741211,42.72772216796875
mp-aaabxbbu,57.650001525878906,59.237003326416016
mp-aaaaaezy,155.3489990234375,94.73240661621094
mp-aaabghyu,102.38400268554688,87.68571472167969
mp-aaaaaura,70.19599914550781,85.01837158203125
mp-aaaabrtx,14.836000442504883,11.049369812011719
mp-aaaaaigc,68.88700103759766,55.964019775390625
mp-aaacdjgf,98.7509994506836,102.41700744628906
mp-aaaaagxt,154.94500732421875,97.7966537475586
mp-aaacgoqf,105.4010009765625,73.08978271484375
mp-aaabfmnc,67.25800323486328,65.06822967529297
mp-aaabmgpg,95.13200378417969,72.97976684570312
mp-aaaaagxo,50.31399917602539,68.60713195800781
mp-aaaaafbg,85.94000244140625,88.67017364501953
mp-aaaaaqsx,42.67300033569336,54.417667388916016
mp-aaafecms,23.43000030517578,54.60953140258789
mp-aaaaaqyj,357.6830139160156,159.33810424804688
mp-aaaabira,107.9739990234375,126.76628875732422
mp-aaacfzal,109.91100311279297,154.4107666015625
mp-aaabxbwo,123.13700103759766,127.21563720703125
mp-aaaaacid,53.571998596191406,55.328941345214844
mp-aaaaafeo,128.24200439453125,137.77993774414062
mp-aaaaalqy,43.23099899291992,43.88103485107422
mp-aaabevyg,126.4020004272461,124.23136901855469
mp-aaaaaqpq,44.625999450683594,70.38322448730469
mp-aaaaammm,17.44499969482422,51.13883590698242
mp-aaaaaime,26.708999633789062,45.58747100830078
mp-aaaaaacx,172.0500030517578,167.22418212890625
mp-aaacgpjc,25.924999237060547,41.93257141113281
mp-aaabgmop,203.06700134277344,147.69760131835938
mp-aaaaaatg,23.347999572753906,30.00328826904297
mp-aaaabjac,41.323001861572266,71.5584945678711
mp-aaacdmvj,149.6179962158203,141.4302978515625
mp-aaaaajji,114.02300262451172,71.69447326660156
mp-aaabjyap,129.4759979248047,150.8457794189453
mp-aaaabeih,43.9119987487793,61.38779067993164
mp-aaacfiqi,143.4810028076172,134.01278686523438
mp-aaaaanzw,131.06399536132812,187.38613891601562
mp-aaaaafwb,75.23100280761719,60.13716506958008
mp-aaaaberh,49.71799850463867,50.893272399902344
mp-aaaaberl,151.34800720214844,192.72967529296875
mp-aaabxhqd,210.46400451660156,196.83132934570312
mp-aaaaaebq,333.89898681640625,244.85731506347656
mp-aaacfsiw,110.69499969482422,124.72826385498047
mp-aaacfyaq,51.499000549316406,45.30980682373047
mp-aaabxjxn,177.24099731445312,179.99887084960938
mp-aaaabtwh,6.139999866485596,114.92509460449219
mp-aaacdjtj,180.93800354003906,151.45687866210938
mp-aaaaaenb,58.99100112915039,101.54945373535156
mp-aaaaafqj,224.5,256.24395751953125
mp-aaaaahdj,111.4280014038086,85.78333282470703
mp-aaacfwgr,148.65199279785156,172.85122680664062
mp-aaabkrhj,21.64699935913086,16.77495574951172
mp-aaabfuka,152.02699279785156,144.8578338623047
mp-aaaaannb,87.90899658203125,81.35226440429688
mp-aaaaafko,48.191001892089844,-5.104278564453125
mp-aaaaajdq,41.268001556396484,19.834915161132812
mp-aaacgiud,124.9800033569336,127.89420318603516
mp-aaacqbkm,226.4010009765625,210.40701293945312
mp-aaaaaqcv,33.74800109863281,52.76932907104492
mp-aaabxgat,135.44700622558594,119.29916381835938
mp-aaabrgvg,52.44900131225586,73.15316772460938
mp-aaaabguh,112.75800323486328,114.44916534423828
mp-aaacdrfc,69.10199737548828,80.65982055664062
mp-aaaaaboz,49.74700164794922,65.96900939941406
mp-aaaaauqm,19.374000549316406,23.07281494140625
mp-aaaaarlp,62.98099899291992,60.71157455444336
mp-aaabxckg,63.71500015258789,57.90629577636719
mp-aaabgkxm,114.23899841308594,185.40516662597656
mp-aaabxixt,219.6750030517578,193.58709716796875
mp-aaaaaciu,304.7659912109375,305.4908752441406
mp-aaabxcfl,97.73500061035156,95.83721923828125
mp-aaabxitr,69.3239974975586,74.5765380859375
mp-aaaaagcb,76.62200164794922,103.49588775634766
mp-aaabkphf,21.888999938964844,18.54113006591797
mp-aaaaaxqy,52.715999603271484,42.147132873535156
mp-aaaabsvl,30.023000717163086,69.48941040039062
mp-aaacehqa,40.46799850463867,23.885772705078125
mp-aaabxgih,238.0659942626953,220.97467041015625
mp-aaaaaltf,61.9119987487793,72.962646484375
mp-aaabgixi,79.01899719238281,84.9140853881836
mp-aaaabuem,45.87200164794922,52.24656677246094
mp-aaaaadyb,373.4849853515625,261.07440185546875
mp-aaacdpvg,58.632999420166016,53.17533493041992
mp-aaacgpmi,81.3479995727539,92.54945373535156
mp-aaabqzvi,28.614999771118164,62.30309295654297
mp-aaaabeev,113.08999633789062,134.31744384765625
mp-aaaaarcd,81.98300170898438,70.216552734375
mp-aaacpnuc,365.406005859375,319.33251953125
mp-aaabxghw,253.31900024414062,221.22845458984375
mp-aaacgiwf,116.90699768066406,105.8873519897461
mp-aaaabimr,31.71500015258789,43.236167907714844
mp-aaabqwra,60.946998596191406,35.27781677246094
mp-aaaabduw,134.49000549316406,119.40011596679688
mp-aaabxgqr,30.009000778198242,32.88385772705078
mp-aaaabdjy,61.803001403808594,86.33466339111328
mp-aaabqxov,126.322998046875,140.41717529296875
mp-aaaabrpf,92.71499633789062,131.6135711669922
mp-aaaabkgz,17.89900016784668,15.452255249023438
mp-aaacfkmh,43.202999114990234,48.76168441772461
mp-aaacgiob,166.23199462890625,136.6846466064453
mp-aaabxhgt,65.54499816894531,74.2303466796875
mp-aaabxbpa,145.8939971923828,159.80886840820312
mp-aaaaaowx,244.04200744628906,196.84854125976562
mp-aaaabjdv,39.07099914550781,37.480323791503906
mp-aaaabhbr,281.2539978027344,228.99578857421875
mp-aaabhanl,149.8159942626953,149.01353454589844
mp-aaabqzca,55.97800064086914,59.44190216064453
mp-aaaaagbb,65.77999877929688,63.70461654663086
mp-aaabxdrd,55.755001068115234,53.16432189941406
mp-aaabfpwi,23.283000946044922,32.912628173828125
mp-aaackxwh,203.87100219726562,189.38626098632812
mp-aaabcsws,131.72999572753906,103.58477020263672
mp-aaacdhts,67.3949966430664,59.05631637573242
mp-aaaaamox,160.6529998779297,143.879150390625
mp-aaacfkcj,133.03199768066406,227.61541748046875
mp-aaacfrio,29.00200080871582,42.54679870605469
mp-aaaaalpe,203.14700317382812,72.78692626953125
mp-aaaaakmu,145.81900024414062,149.9151153564453
mp-aaaabosl,5.110000133514404,28.80316925048828
mp-aaabxggn,77.30500030517578,67.91477966308594
mp-aaaaagsa,73.51499938964844,82.31082153320312
mp-aaabgngi,34.47100067138672,108.73411560058594
mp-aaacfxzy,231.3249969482422,192.01841735839844
mp-aaabxclx,83.6969985961914,87.48252868652344
mp-aaaabozd,190.2790069580078,202.85269165039062
mp-aaaaankn,68.8479995727539,19.929954528808594
mp-aaaaardo,49.87799835205078,78.98933410644531
mp-aaacfkdl,36.882999420166016,77.9655990600586
mp-aaabqzjq,172.39999389648438,133.56436157226562
mp-aaaaafhf,46.152000427246094,38.28753662109375
mp-aaabfkky,60.73899841308594,92.10340118408203
mp-aaaaacdl,18.3799991607666,50.92677688598633
mp-aaaaabzd,52.57600021362305,48.26213073730469
mp-aaaabfeh,94.72699737548828,75.41382598876953
mp-aaaaamtj,249.3520050048828,160.76345825195312
mp-aaabxcjk,122.74299621582031,88.11387634277344
mp-aaabxius,151.64100646972656,136.08328247070312
mp-aaabnhvs,127.74400329589844,91.72309112548828
mp-aaacewar,70.62100219726562,91.8836669921875
mp-aaabxhcm,50.68199920654297,39.04039001464844
mp-aaaaayto,77.02300262451172,64.13880920410156
mp-aaaabeqp,142.78199768066406,192.22000122070312
mp-aaacdxfm,7.7729997634887695,-4.790130615234375
mp-aaaabowz,11.991999626159668,56.791812896728516
mp-aaaaagzy,30.81800079345703,16.264846801757812
mp-aaaaafub,106.12000274658203,114.67573547363281
mp-aaaaaaez,262.52899169921875,249.10073852539062
mp-aaaaafpv,137.52000427246094,131.21519470214844
mp-aaaaadfo,67.29100036621094,79.140625
mp-aaaaacoj,44.94200134277344,38.81433868408203
mp-aaacevrc,119.98899841308594,129.74420166015625
mp-aaaaahsw,67.82099914550781,49.030540466308594
mp-aaaabdei,79.9260025024414,79.30607604980469
mp-aaabxgxz,91.91200256347656,104.07930755615234
mp-aaaaadxx,106.73400115966797,78.43836975097656
mp-aaaaahjm,156.7010040283203,181.6554718017578
mp-aaacdjbe,90.64099884033203,88.00704956054688
mp-aaabqwjr,155.46400451660156,133.23239135742188
mp-aaabglha,35.37699890136719,33.25096130371094
mp-aaaaalwz,118.53199768066406,87.11560821533203
mp-aaabjybv,171.4080047607422,134.55235290527344
mp-aaaaaltz,28.62700080871582,27.964942932128906
mp-aaaaadmi,119.2020034790039,88.77310180664062
mp-aaaaaubc,12.618000030517578,47.893402099609375
mp-aaacgisc,37.237998962402344,43.03376770019531
mp-aaaaafvb,60.97800064086914,46.95172119140625
mp-aaaaaavf,42.63100051879883,45.767547607421875
mp-aaaaaupg,47.84000015258789,56.523033142089844
mp-aaaabtct,43.16899871826172,56.11424255371094
mp-aaaceaxw,103.91699981689453,85.44559478759766
mp-aaaabjyd,243.31700134277344,138.15394592285156
mp-aaaaapno,17.07200050354004,22.842025756835938
mp-aaacdqcw,70.81700134277344,50.371219635009766
mp-aaabxfmx,160.20599365234375,142.5660400390625
mp-aaadjzau,6.181000232696533,17.40729522705078
mp-aaaabuja,91.09400177001953,91.28121948242188
mp-aaaaagaa,144.156005859375,112.51824188232422
mp-aaaabfiy,71.27300262451172,93.11825561523438
mp-aaabxfto,35.667999267578125,37.31053924560547
mp-aaaabtdi,64.1760025024414,53.17229461669922
mp-aaaabgqy,83.5790023803711,87.93634033203125
mp-aaabcsrd,181.13600158691406,168.62786865234375
mp-aaaabhyp,11.60200023651123,25.271148681640625
mp-aaabiojj,33.375,82.9581298828125
mp-aaabglzz,38.486000061035156,42.91399383544922
mp-aaaaabxl,209.3040008544922,178.48829650878906
mp-aaaabtzc,72.81300354003906,83.72811889648438
mp-aaaaabra,191.39999389648438,175.59378051757812
mp-aaaaasxq,63.70100021362305,101.18046569824219
mp-aaaaaqol,194.6479949951172,176.6693572998047
mp-aaabgpvb,173.33099365234375,143.14849853515625
mp-aaabxgds,43.029998779296875,42.754669189453125
mp-aaaaadht,166.37399291992188,137.88442993164062
mp-aaafhsgi,56.861000061035156,103.45919036865234
mp-aaaabexo,195.86000061035156,145.8212890625
mp-aaabgkwv,132.4340057373047,130.2256317138672
mp-aaaaalfx,104.56600189208984,121.27934265136719
mp-aaaabhbl,126.08100128173828,111.22645568847656
mp-aaacflso,140.6510009765625,118.79035186767578
mp-aaaaagnm,64.24299621582031,56.43590545654297
mp-aaacgitl,19.075000762939453,14.179054260253906
mp-aaaaaowm,64.68699645996094,57.74971389770508
mp-aaaabtkd,99.54100036621094,70.04845428466797
mp-aaabxgas,108.88899993896484,100.07440948486328
mp-aaabxiug,56.236000061035156,50.342140197753906
mp-aaabxhfx,200.406005859375,222.3837890625
mp-aaaaanpr,52.12900161743164,62.14057922363281
mp-aaaaaziq,56.95100021362305,59.18666076660156
mp-aaaaaqtz,87.77400207519531,49.07284164428711
mp-aaaaaxer,52.172000885009766,62.1318244934082
mp-aaacesuu,111.63400268554688,114.81558227539062
mp-aaaaacso,70.95800018310547,73.91455841064453
mp-aaaaamhf,46.74100112915039,29.280853271484375
mp-aaaabsah,9.34000015258789,12.921134948730469
mp-aaaabhpa,101.37100219726562,128.32537841796875
mp-aaaccsps,134.02099609375,172.9077911376953
mp-aaaaaeic,122.78199768066406,128.7839813232422
mp-aaaaapvb,53.15999984741211,68.34190368652344
mp-aaabxisk,137.843994140625,128.67510986328125
mp-aaaaapxv,57.611000061035156,43.379417419433594
mp-aaaabdms,79.5459976196289,86.42198944091797
mp-aaaaaxdj,28.906999588012695,34.58061218261719
mp-aaaaahdf,137.91200256347656,126.74359130859375
mp-aaacflvp,98.66000366210938,107.47280883789062
mp-aaabxjty,62.87900161743164,46.61772155761719
mp-aaaaaabl,55.005001068115234,51.59566879272461
mp-aaacdvtg,112.68800354003906,73.82203674316406
mp-aaabxixd,119.00499725341797,126.53851318359375
mp-aaacdree,40.625999450683594,51.47780990600586
mp-aaabxfme,114.5199966430664,86.16220092773438
mp-aaaaafqi,87.31700134277344,96.44698333740234
mp-aaabkytz,35.750999450683594,38.786529541015625
mp-aaaaaonm,60.87900161743164,68.66436767578125
mp-aaaaaers,51.775001525878906,68.89871215820312
mp-aaaaafkc,137.5449981689453,110.77118682861328
mp-aaacehtw,59.138999938964844,83.36951446533203
mp-aaaaabio,76.25399780273438,86.97927856445312
mp-aaaabtjb,135.14500427246094,131.21083068847656
mp-aaaaanzz,98.40699768066406,86.49942016601562
mp-aaaabszj,44.375999450683594,53.070343017578125
mp-aaabgjcy,24.62299919128418,152.2525177001953
mp-aaacfiua,59.52899932861328,65.20555114746094
mp-aaaaaowf,36.14799880981445,78.80291748046875
mp-aaaaaoaj,76.49299621582031,74.2403793334961
mp-aaaabehx,10.288000106811523,29.140884399414062
mp-aaabrbzg,69.93000030517578,93.06218719482422
mp-aaabmlfg,35.090999603271484,59.51327133178711
mp-aaaaaajd,66.36699676513672,72.6170654296875
mp-aaaaamxo,23.312999725341797,28.34270477294922
mp-aaabxgpb,59.59600067138672,50.29804992675781
mp-aaaaaupb,57.61399841308594,63.98969268798828
mp-aaaabihn,29.760000228881836,94.4540023803711
mp-aaaaabwf,35.500999450683594,29.677215576171875
mp-aaacfals,64.03299713134766,63.90208053588867
mp-aaaaalob,110.83699798583984,101.74031066894531
mp-aaaabemj,47.76599884033203,74.7213134765625
mp-aaaaadus,54.41600036621094,95.11713409423828
mp-aaaddmwh,182.5989990234375,163.34939575195312
mp-aaaabrzp,69.98100280761719,78.6434326171875
mp-aaacdlpl,40.09700012207031,43.830970764160156
mp-aaacgexl,107.23600006103516,105.23043823242188
mp-aaabkkix,1.972000002861023,-53.65089416503906
mp-aaacjhsr,156.80099487304688,74.83077239990234
mp-aaabevoa,117.41100311279297,135.4905548095703
mp-aaabqxag,5.739999771118164,31.277328491210938
mp-aaaabsxa,77.05400085449219,76.28270721435547
mp-aaaaaplu,71.46099853515625,81.91323852539062
mp-aaacfaad,70.77799987792969,75.31486511230469
mp-aaabxftj,15.404000282287598,36.857574462890625
mp-aaabxixy,84.98999786376953,84.13233947753906
mp-aaacebnz,90.6760025024414,87.86141967773438
mp-aaabgmfp,72.9990005493164,67.25769805908203
mp-aaaaaror,136.55299377441406,128.67601013183594
mp-aaacfywl,175.28500366210938,119.05671691894531
mp-aaaabhhd,89.5979995727539,85.9334945678711
mp-aaaghxdy,51.93000030517578,57.56162643432617
mp-aaacearb,10.675000190734863,14.320724487304688
mp-aaabggxl,88.20999908447266,101.23213958740234
mp-aaaaaaey,55.81100082397461,60.437965393066406
mp-aaaaaldj,79.45500183105469,119.3237533569336
mp-aaaaankp,12.852999687194824,-22.257781982421875
mp-aaaaarvz,74.43099975585938,86.85160064697266
mp-aaaaapkn,32.862998962402344,111.157470703125
mp-aaabgkoz,35.20100021362305,97.23986053466797
mp-aaacdkha,4.901000022888184,5.923652648925781
mp-aaabgloy,12.210000038146973,49.67527389526367
mp-aaaaalxz,19.957000732421875,59.975337982177734
mp-aaabglas,39.520999908447266,44.81810760498047
mp-aaacdife,277.3070068359375,217.09249877929688
mp-aaacputy,223.87399291992188,239.9069061279297
mp-aaaaadwt,110.97200012207031,139.0218963623047
mp-aaaeiktf,31.597999572753906,16.845985412597656
mp-aaabqygy,78.1449966430664,-25.569412231445312
mp-aaaaakzt,43.54399871826172,54.29640579223633
mp-aaaaaqkp,77.78099822998047,86.24149322509766
mp-aaaaahuq,99.3499984741211,121.36978912353516
mp-aaacfwgt,228.2169952392578,136.4302215576172
mp-aaaaahwt,191.96400451660156,183.67835998535156
mp-aaaaacpz,150.1479949951172,114.87177276611328
mp-aaabxdsu,111.94599914550781,144.22866821289062
mp-aaaaabbk,70.25,55.21585464477539
mp-aaaabskp,35.784000396728516,56.03658676147461
mp-aaabgmtv,57.047000885009766,54.69660568237305
mp-aaacjjcg,274.9360046386719,259.8331298828125
mp-aaaaayzm,93.63099670410156,85.87399291992188
mp-aaabralj,62.92499923706055,85.53636169433594
mp-aaabxiwk,130.80099487304688,188.57376098632812
mp-aaaabtpy,56.391998291015625,50.2164306640625
mp-aaacdxas,84.4729995727539,97.45938110351562
mp-aaacdkbf,201.94000244140625,159.2874755859375
mp-aaaaapnu,151.7480010986328,132.48345947265625
mp-aaabrdtm,54.71200180053711,62.48625564575195
mp-aaabxgyz,136.9550018310547,140.53314208984375
mp-aaaaackz,296.6400146484375,254.4469757080078
mp-aaaaagbg,114.24600219726562,114.35565948486328
mp-aaaaahly,86.15599822998047,84.51443481445312
mp-aaaabwvy,10.942000389099121,8.430244445800781
mp-aaabdarg,22.797000885009766,97.4680404663086
mp-aaaaaqdb,185.38600158691406,140.28048706054688
mp-aaacdpwg,71.47599792480469,68.9033203125
mp-aaabgkmw,24.514999389648438,26.40265655517578
mp-aaaaajxl,97.62999725341797,91.6227798461914
mp-aaaaamev,58.20199966430664,63.260684967041016
mp-aaaabgyp,19.386999130249023,68.62318420410156
mp-aaabxfez,3.1559998989105225,31.038040161132812
mp-aaaaaqxq,62.159000396728516,62.501834869384766
mp-aaacdidr,146.2259979248047,127.67887878417969
mp-aaacdrmr,70.4020004272461,65.71028137207031
mp-aaacdkro,140.93099975585938,124.07290649414062
mp-aaaaaalc,131.19000244140625,119.96208190917969
mp-aaaaadjy,33.676998138427734,21.363983154296875
mp-aaaabtoy,143.33599853515625,140.5961151123047
mp-aaabxfey,40.172000885009766,49.49372482299805
mp-aaabfiyf,252.656005859375,181.3644561767578
mp-aaaaaplt,62.05400085449219,83.73020935058594
mp-aaacdihf,219.69000244140625,189.96234130859375
mp-aaaaakzv,42.06999969482422,58.0898551940918
mp-aaacdvrs,99.98200225830078,127.53870391845703
mp-aaaabljq,107.79000091552734,148.31910705566406
mp-aaaaaizx,81.25700378417969,82.24868774414062
mp-aaaaasxe,88.04199981689453,106.9966812133789
mp-aaaaagqx,19.902999877929688,4.553192138671875
mp-aaaaacms,117.98699951171875,81.8943862915039
mp-aaaaaggr,81.81800079345703,87.04166412353516
mp-aaaaasnp,92.31500244140625,120.5107421875
mp-aaacgiig,189.7760009765625,201.558349609375
mp-aaacgpks,84.06199645996094,139.45086669921875
mp-aaaabjuv,85.58699798583984,82.62098693847656
mp-aaabxhih,83.08599853515625,76.40045928955078
mp-aaaaaelb,35.4630012512207,71.96629333496094
mp-aaacrhtf,266.33599853515625,291.1466369628906
mp-aaaaafrr,46.02799987792969,47.289085388183594
mp-aaabxhjd,37.74700164794922,33.16192626953125
mp-aaaaadnw,46.60200119018555,40.79304504394531
mp-aaabxfuz,178.54600524902344,164.788330078125
mp-aaaabexx,96.85700225830078,42.36567687988281
mp-aaaaaaor,257.3689880371094,229.81631469726562
mp-aaaaaccb,80.70899963378906,80.181640625
mp-aaaaagcx,154.927001953125,138.55653381347656
mp-aaabxcpp,60.36000061035156,50.7111701965332
mp-aaacdklm,202.00900268554688,169.47315979003906
mp-aaacduvd,232.74400329589844,224.76824951171875
mp-aaabmlfk,132.0260009765625,80.92089080810547
mp-aaabkrbr,21.445999145507812,16.88286590576172
mp-aaaaalxk,227.26100158691406,215.83489990234375
mp-aaaabdvf,103.56500244140625,103.55897521972656
mp-aaaaapur,69.58200073242188,60.992916107177734
mp-aaaaamys,24.832000732421875,15.221450805664062
mp-aaacdkyc,34.40800094604492,25.17096710205078
mp-aaabxjwh,89.38200378417969,92.75579071044922
mp-aaabxaqn,101.66400146484375,68.30368041992188
mp-aaaaaewb,52.25400161743164,81.82254791259766
mp-aaabxghd,197.78900146484375,196.25537109375
mp-aaaaamjy,187.01499938964844,135.88702392578125
mp-aaacfiuk,36.446998596191406,46.542938232421875
mp-aaabxitt,54.04600143432617,43.20740509033203
mp-aaaaajai,174.2169952392578,162.48336791992188
mp-aaaaaquj,135.33399963378906,76.0801010131836
mp-aaacfzwp,322.51800537109375,277.6380615234375
mp-aaacdseb,33.0880012512207,37.839637756347656
mp-aaabxcex,91.96399688720703,98.4234848022461
mp-aaaabecy,78.1760025024414,87.28742980957031
mp-aaaaasdw,53.979000091552734,76.28245544433594
mp-aaabjygx,61.3120002746582,96.98849487304688
mp-aaaccsqk,64.16400146484375,64.06761169433594
mp-aaaabhqq,84.58100128173828,73.96600341796875
mp-aaaabtnl,29.761999130249023,29.728912353515625
mp-aaabxajx,75.99800109863281,66.34825897216797
mp-aaaaaknb,214.9040069580078,233.68331909179688
mp-aaaaagat,79.5979995727539,75.35008239746094
mp-aaabgjus,70.27400207519531,95.6630859375
mp-aaaaandh,89.13300323486328,83.28016662597656
mp-aaaabrqm,-2.2939999103546143,30.283157348632812
mp-aaaabuiu,28.364999771118164,30.687400817871094
mp-aaaaaylq,203.95399475097656,190.10305786132812
mp-aaafvagi,122.59200286865234,73.13380432128906
mp-aaaaaqdt,216.48199462890625,165.9970703125
mp-aaabjyog,114.43900299072266,129.57518005371094
mp-aaaaakog,236.197998046875,215.87100219726562
mp-aaabxgwh,40.4010009765625,43.40446472167969
mp-aaabfynb,87.47599792480469,130.344482421875
mp-aaacfakr,158.97799682617188,186.65628051757812
mp-aaacfale,207.54600524902344,216.93585205078125
mp-aaaaatlg,365.02899169921875,226.0696563720703
mp-aaaaagvl,126.3489990234375,157.9144287109375
mp-aaacehwt,19.666000366210938,12.598526000976562
mp-aaaabecw,77.25499725341797,79.97657775878906
mp-aaacdmxo,11.180000305175781,27.887298583984375
mp-aaaaaeim,131.02000427246094,124.49948120117188
mp-aaabfvfs,63.64699935913086,28.42546844482422
mp-aaabxgza,130.031005859375,126.23371124267578
mp-aaabxfyv,153.36599731445312,158.90480041503906
mp-aaaaaqpv,92.96800231933594,94.81289672851562
mp-aaacdjxm,28.486000061035156,33.77605438232422
mp-aaaabtcv,154.49099731445312,149.8008575439453
mp-aaabewqa,65.0979995727539,59.6757926940918
mp-aaaaaiju,151.8769989013672,178.46519470214844
mp-aaacdogv,20.736000061035156,19.393836975097656
mp-aaabxfqf,244.95399475097656,205.98983764648438
mp-aaaaaari,286.56201171875,304.42498779296875
mp-aaaabhxp,55.23699951171875,67.83615112304688
mp-aaacpqrt,302.6400146484375,320.14996337890625
mp-aaacdhkk,142.0780029296875,116.4273452758789
mp-aaacdorc,52.284000396728516,52.828651428222656
mp-aaabgkfy,38.56800079345703,47.33189392089844
mp-aaaaajjb,64.197998046875,66.26130676269531
mp-aaaaabpx,294.7349853515625,293.27667236328125
mp-aaaaaetf,146.51199340820312,133.7572021484375
mp-aaaacdht,136.531005859375,142.95445251464844
mp-aaabgkns,9.583999633789062,16.96148681640625
mp-aaacdple,80.16500091552734,89.82785034179688
mp-aaacdpvz,73.0270004272461,57.36709976196289
mp-aaabglqj,164.79400634765625,151.37489318847656
mp-aaacehxe,45.558998107910156,24.598716735839844
mp-aaaaaxdl,35.558998107910156,63.91017150878906
mp-aaabhevi,54.25899887084961,72.05099487304688
mp-aaaaaqmt,35.44200134277344,46.30425262451172
mp-aaacesyd,133.7760009765625,123.11370086669922
mp-aaaaabun,71.99600219726562,70.24569702148438
mp-aaaaaojx,58.534000396728516,37.63703918457031
mp-aaacdhtd,149.8769989013672,143.2287139892578
mp-aaaaaytb,96.93499755859375,96.3036880493164
mp-aaabxihe,42.20600128173828,44.726524353027344
mp-aaabglqt,17.86400032043457,9.0262451171875
mp-aaacggrs,10.6850004196167,137.11000061035156
mp-aaaaaqbp,183.74200439453125,150.00193786621094
mp-aaacrkfs,19.29199981689453,6.561561584472656
mp-aaaaboyn,47.95600128173828,92.94624328613281
mp-aaaaayub,66.61900329589844,71.72943115234375
mp-aaaabtfb,190.3040008544922,182.46585083007812
mp-aaabxffh,33.90999984741211,40.902374267578125
mp-aaaaajyp,107.80799865722656,115.13455963134766
mp-aaaabjeq,35.74300003051758,38.260841369628906
mp-aaacdkow,46.45600128173828,42.6964111328125
mp-aaabxgws,134.7530059814453,91.63992309570312
mp-aaabftfh,14.61299991607666,56.534202575683594
mp-aaaabrbr,173.63699340820312,161.64149475097656
mp-aaaaaksl,53.7140007019043,55.39585494995117
mp-aaaaarah,42.79199981689453,37.984169006347656
mp-aaaaaafo,43.125999450683594,42.73540496826172
mp-aaacgiwi,18.062000274658203,16.545013427734375
mp-aaaaaebu,42.042999267578125,48.69427490234375
mp-aaabxfpr,195.79600524902344,148.04148864746094
mp-aaaabfce,198.2969970703125,226.80227661132812
mp-aaabkgrv,87.48699951171875,87.43498229980469
mp-aaaaagrh,66.11699676513672,68.98641967773438
mp-aaabxbbr,179.8350067138672,224.82598876953125
mp-aaaaaycr,112.51799774169922,83.45162963867188
mp-aaaabtxu,5.622000217437744,53.77745819091797
mp-aaabqylq,59.98400115966797,71.12353515625
mp-aaacgfnd,38.49599838256836,56.28313446044922
mp-aaacfsjs,149.2530059814453,156.4038543701172
mp-aaaccsqh,85.09600067138672,88.66561889648438
mp-aaaaabmf,87.052001953125,105.55553436279297
mp-aaabgmfr,114.12000274658203,96.01727294921875
mp-aaaabfpb,299.57501220703125,266.9438171386719
mp-aaaabtof,179.5850067138672,151.78399658203125
mp-aaacesvs,75.6259994506836,77.17012023925781
mp-aaabgrmd,39.314998626708984,62.6984748840332
mp-aaacfrjg,28.457000732421875,39.288047790527344
mp-aaacdyto,62.40800094604492,90.75993347167969
mp-aaaaadjw,30.33799934387207,60.96974182128906
mp-aaaaabft,252.2310028076172,199.53509521484375
mp-aaaaamcm,69.31199645996094,41.77185821533203
mp-aaachcyp,40.1879997253418,50.7461051940918
mp-aaaaaglb,52.6870002746582,69.5390396118164
mp-aaabxftt,37.92599868774414,34.729209899902344
mp-aaacewnd,157.7030029296875,278.1260986328125
mp-aaaaagfk,113.3219985961914,106.67057800292969
mp-aaabevqh,10.140999794006348,18.532318115234375
mp-aaaaaecq,113.58999633789062,79.00630187988281
mp-aaaaacff,157.33999633789062,143.04644775390625
mp-aaabjyhf,106.6449966430664,119.56082153320312
mp-aaaaatvg,90.32599639892578,79.54885864257812
mp-aaaaacuc,10.711999893188477,124.75495910644531
mp-aaabgigg,5.828999996185303,22.056373596191406
mp-aaaabetq,15.07699966430664,18.858489990234375
mp-aaaaafmi,79.74299621582031,67.81649017333984
mp-aaacpkpt,359.9100036621094,350.05206298828125
mp-aaabwjtz,125.46399688720703,134.61190795898438
mp-aaaaabgo,114.23500061035156,111.08887481689453
mp-aaaaaasv,108.62100219726562,118.2984848022461
mp-aaacfloo,376.0480041503906,369.89324951171875
mp-aaaaawhy,92.44100189208984,68.6790771484375
mp-aaacdysq,4.364999771118164,12.370613098144531
mp-aaaaarsn,82.86100006103516,94.04549407958984
mp-aaaaaasr,173.5,158.60543823242188
mp-aaacfkms,203.8090057373047,261.8439025878906
mp-aaaaaivr,159.16799926757812,151.9957275390625
mp-aaacdjli,54.59000015258789,66.01136779785156
mp-aaabxixn,120.86000061035156,129.98480224609375
mp-aaabxjsq,358.89599609375,303.3243408203125
mp-aaabinav,6.823999881744385,18.673721313476562
mp-aaabxiwu,41.73899841308594,33.004974365234375
mp-aaaaafir,142.48800659179688,159.2943115234375
mp-aaaaaksj,43.93899917602539,99.44758605957031
mp-aaabrizq,182.5050048828125,138.80926513671875
mp-aaaabhea,50.05400085449219,76.93701934814453
mp-aaacgilo,109.24299621582031,81.64016723632812
mp-aaaabsqu,111.70899963378906,103.98057556152344
mp-aaafzajy,25.652999877929688,71.34384155273438
mp-aaabxfjb,156.281005859375,139.50393676757812
mp-aaaceyut,57.48400115966797,56.611263275146484
mp-aaaaahgb,132.9600067138672,140.09054565429688
mp-aaaaasrk,86.82599639892578,59.84731674194336
mp-aaaaacwo,231.61399841308594,172.4066925048828
mp-aaacevzy,44.8849983215332,50.142333984375
mp-aaabqxpi,78.02400207519531,69.25923156738281
mp-aaaaadcz,143.7030029296875,126.59608459472656
mp-aaacfrpw,18.78499984741211,36.60437774658203
mp-aaacdhzp,114.2969970703125,112.86560821533203
mp-aaabgjrz,104.9209976196289,133.1311798095703
mp-aaachpav,60.48699951171875,113.25055694580078
mp-aaaaadeu,147.3509979248047,145.4641571044922
mp-aaacptjk,14.053000450134277,39.488197326660156
mp-aaaabiub,10.175999641418457,-9.937271118164062
mp-aaabqwhl,27.725000381469727,63.05380630493164
mp-aaacfiqe,301.3299865722656,419.2750549316406
mp-aaaaadwf,105.84100341796875,51.30826950073242
mp-aaacdskh,115.12000274658203,113.75149536132812
mp-aaacgiry,53.83300018310547,74.12394714355469
mp-aaabqzax,47.5369987487793,151.30694580078125
mp-aaacfjsl,401.4840087890625,343.2066650390625
mp-aaaaalrt,13.975000381469727,-3.6851043701171875
mp-aaabrtcq,11.204000473022461,34.952842712402344
mp-aaaabtgs,145.21800231933594,151.58206176757812
mp-aaacdswj,57.37099838256836,55.21381759643555
mp-aaaaacsq,20.393999099731445,1.1010971069335938
mp-aaabexho,11.42199993133545,-9.271659851074219
mp-aaaaafvh,149.39100646972656,154.1716766357422
mp-aaacdlsa,-90.51000213623047,148.9314727783203
mp-aaaabjko,31.39900016784668,38.199546813964844
mp-aaacgifl,109.7490005493164,63.49886703491211
mp-aaaaabfm,195.5489959716797,210.71920776367188
mp-aaabgjbx,97.06900024414062,100.311767578125
mp-aaabshlc,46.367000579833984,66.33746337890625
mp-aaabqyvh,17.479000091552734,68.98175048828125
mp-aaaabdhj,20.395999908447266,22.463035583496094
mp-aaabmdab,155.52099609375,132.11729431152344
mp-aaaaaprc,82.23300170898438,110.29165649414062
mp-aaacdkgs,9.269000053405762,2.39483642578125
mp-aaaabgyk,167.65699768066406,169.43536376953125
mp-aaacdoer,187.2779998779297,170.9171600341797
mp-aaaaagfm,76.58100128173828,85.8997573852539
mp-aaaaatle,160.08299255371094,143.0920867919922
mp-aaaaaagw,72.13899993896484,74.31689453125
mp-aaabxbyt,109.06099700927734,105.3528823852539
mp-aaacdjmq,103.11799621582031,102.23787689208984
mp-aaabxfqh,195.83999633789062,151.94546508789062
mp-aaaabibd,24.898000717163086,43.04475402832031
mp-aaaabfmf,18.219999313354492,94.94316101074219
mp-aaacehwx,20.95199966430664,3.0468063354492188
mp-aaaaavam,62.422000885009766,57.86381912231445
mp-aaaddbvu,113.052001953125,91.33116912841797
mp-aaaablnw,118.56400299072266,120.99110412597656
mp-aaaaatxc,37.59700012207031,28.920516967773438
mp-aaacgadw,177.12399291992188,170.78948974609375
mp-aaacdjtn,7.140999794006348,24.781707763671875
mp-aaabsdvr,127.74199676513672,133.07501220703125
mp-aaaaalfh,335.3739929199219,281.34906005859375
mp-aaabxfop,228.44400024414062,209.51654052734375
mp-aaacdrnd,40.70800018310547,42.079505920410156
mp-aaaaabmm,28.285999298095703,45.471832275390625
mp-aaaabrvy,86.26300048828125,74.7421875
mp-aaacdswq,202.7030029296875,179.4544677734375
mp-aaacehvo,34.89799880981445,-11.543243408203125
mp-aaaabhwy,31.98699951171875,73.79570007324219
mp-aaaaadzn,44.64099884033203,35.50011444091797
mp-aaaaacyx,12.829999923706055,52.12445068359375
mp-aaacebtr,79.37000274658203,78.26316833496094
mp-aaaaadih,178.14700317382812,168.05482482910156
mp-aaaaabbs,6.828000068664551,19.465248107910156
mp-aaaaaxmz,42.59600067138672,32.77027893066406
mp-aaacgogj,19.986000061035156,97.56852722167969
mp-aaacdtpj,72.7770004272461,27.91449737548828
mp-aaacgiur,180.72900390625,183.5282745361328
mp-aaaaagil,127.74199676513672,108.08111572265625
mp-aaacewny,45.768001556396484,49.39323806762695
mp-aaaaacrf,247.84100341796875,178.0111083984375
mp-aaaaarry,58.694000244140625,52.81911087036133
mp-aaaabtnh,217.91600036621094,197.4404296875
mp-aaacfyax,79.18399810791016,85.14167785644531
mp-aaaaasqb,230.75799560546875,209.03692626953125
mp-aaaabhve,11.663999557495117,-3.1082534790039062
mp-aaabxhfv,77.31700134277344,139.74636840820312
mp-aaaaaiis,125.40799713134766,108.67021179199219
mp-aaaaaqql,85.2509994506836,89.91656494140625
mp-aaaaaped,225.31500244140625,194.6971435546875
mp-aaacdxuy,87.27799987792969,79.55770874023438
mp-aaaabofm,-0.6520000100135803,49.3067626953125
mp-aaacgivx,200.19200134277344,179.82516479492188
mp-aaabxcnj,71.51599884033203,68.39131927490234
mp-aaacdtuf,30.07699966430664,55.483482360839844
mp-aaaabjln,24.638999938964844,34.96656036376953
mp-aaabxfhd,39.22200012207031,40.02142333984375
mp-aaaaaeac,36.861000061035156,34.66883850097656
mp-aaaabegw,53.78799819946289,75.51414489746094
mp-aaabglzk,87.04399871826172,107.51878356933594
mp-aaaabhhn,153.9510040283203,127.28074645996094
mp-aaaabgkc,69.11499786376953,79.39285278320312
mp-aaabqytc,109.66999816894531,121.21470642089844
mp-aaaceswn,71.71299743652344,89.16891479492188
mp-aaabmglc,177.56199645996094,158.57366943359375
mp-aaaaabdw,45.63100051879883,49.81614303588867
mp-aaaaapru,67.54100036621094,63.20035171508789
mp-aaabnpjm,7.855000019073486,72.77024841308594
mp-aaaaasuw,77.4010009765625,74.17918395996094
mp-aaabfrto,26.638999938964844,63.033348083496094
mp-aaaaadhf,77.58999633789062,66.52095031738281
mp-aaacgpky,81.22100067138672,89.65066528320312
mp-aaabxivd,59.6870002746582,42.494895935058594
mp-aaacfjrs,41.70100021362305,77.70433807373047
mp-aaaaamjc,15.208999633789062,32.226593017578125
mp-aaabxjbw,308.5889892578125,277.7508544921875
mp-aaaaaaut,31.225000381469727,13.455078125
mp-aaacfyyf,76.5530014038086,66.20919036865234
mp-aaacfywn,96.0199966430664,74.35430908203125
mp-aaaaacpg,86.4520034790039,66.15222930908203
mp-aaaabjbl,18.62299919128418,27.435325622558594
mp-aaaaanrv,23.076000213623047,63.17932891845703
mp-aaacdlmy,297.2640075683594,265.4923095703125
mp-aaaaaxgu,18.878000259399414,3.1495285034179688
mp-aaabctyd,142.3040008544922,150.1319122314453
mp-aaacgigm,161.45599365234375,146.37506103515625
mp-aaaaahsp,100.56900024414062,103.80479431152344
mp-aaaaaqbo,182.72500610351562,164.17230224609375
mp-aaaabjsw,133.49200439453125,105.55705261230469
mp-aaaabdhv,101.71099853515625,120.61105346679688
mp-aaaaafra,60.547000885009766,74.03439331054688
mp-aaacebnm,83.09500122070312,83.5896224975586
mp-aaaaacav,171.5189971923828,153.97607421875
mp-aaaaapsz,62.62200164794922,53.15123748779297
mp-aaaaccaw,106.53399658203125,95.51315307617188
mp-aaaaaaxh,11.819999694824219,39.39569091796875
mp-aaaaacnc,144.36500549316406,117.80122375488281
mp-aaabxjal,199.84800720214844,184.5892333984375
mp-aaaabtnt,183.8990020751953,175.3644561767578
mp-aaabgini,167.18299865722656,199.90890502929688
mp-aaaaacbn,78.40599822998047,104.5067367553711
mp-aaaaadmy,206.7100067138672,191.70606994628906
mp-aaaabhsd,84.82499694824219,98.0162582397461
mp-aaabxist,117.3759994506836,98.58270263671875
mp-aaabrtjy,22.378000259399414,38.42753601074219
mp-aaaaaczx,130.95599365234375,109.86693572998047
mp-aaacfzon,89.84500122070312,138.9323272705078
mp-aaaaaswd,26.690000534057617,46.598541259765625
mp-aaaaaxqv,133.2209930419922,103.48173522949219
mp-aaabxcmd,79.05000305175781,72.28350830078125
mp-aaacfyzp,185.83900451660156,187.75286865234375
mp-aaaaapwj,121.30400085449219,182.21237182617188
mp-aaabxjwp,84.83100128173828,69.84732818603516
mp-aaaaacuw,380.2080078125,210.53749084472656
mp-aaabxgma,87.00800323486328,96.20407104492188
mp-aaaabfdj,77.37100219726562,-16.808792114257812
mp-aaabxivy,11.444000244140625,15.214141845703125
mp-aaaaarjh,95.18699645996094,101.00530242919922
mp-aaabxjaw,163.49600219726562,160.828369140625
mp-aaabgjlv,87.2300033569336,105.639892578125
mp-aaabgmbv,27.743000030517578,44.59051513671875
mp-aaabgmwr,20.548999786376953,22.286399841308594
mp-aaaaacyd,127.53500366210938,122.81317138671875
mp-aaaabevo,166.92799377441406,157.62063598632812
mp-aaabjyfv,180.88099670410156,133.30209350585938
mp-aaaaafau,141.0540008544922,120.85861206054688
mp-aaaaanso,142.1020050048828,105.05104064941406
mp-aaaabesu,57.71099853515625,93.6791000366211
mp-aaaaarap,209.67999267578125,195.66104125976562
mp-aaaaaatm,93.3239974975586,96.75151824951172
mp-aaabgksc,19.077999114990234,50.681358337402344
mp-aaabqwxj,53.97100067138672,103.02544403076172
mp-aaacdsem,52.79999923706055,57.56245422363281
mp-aaaabijm,0.4429999887943268,75.49114990234375
mp-aaabxgcz,111.13300323486328,113.53450012207031
mp-aaaaaipa,158.93699645996094,149.71798706054688
mp-aaaaatyh,195.50399780273438,230.54962158203125
mp-aaacievi,120.89600372314453,103.71978759765625
mp-aaaaarhv,18.719999313354492,26.071189880371094
mp-aaaaaxqw,128.83399963378906,118.50530242919922
mp-aaaabtmv,126.00800323486328,110.5936050415039
mp-aaacfxzv,51.441001892089844,46.861900329589844
mp-aaaaapww,207.4080047607422,172.37313842773438
mp-aaaabejj,98.07099914550781,111.61304473876953
mp-aaaaaafd,56.474998474121094,55.73462677001953
mp-aaacdofp,49.05699920654297,50.46260452270508
mp-aaabghqj,75.9800033569336,85.87211608886719
mp-aaacgoxu,69.5979995727539,110.90901947021484
mp-aaaabhok,91.45800018310547,110.389404296875
mp-aaaabofy,9.949999809265137,-9.086021423339844
mp-aaaaadri,175.20399475097656,137.13961791992188
mp-aaacdpll,137.48399353027344,50.31132125854492
mp-aaabgkwl,102.59200286865234,72.24606323242188
mp-aaaaanog,81.11000061035156,123.89069366455078
mp-aaabgmfj,67.82499694824219,63.254451751708984
mp-aaaaaeyi,161.9219970703125,150.7478790283203
mp-aaabdazu,78.50700378417969,69.15182495117188
mp-aaaabszb,101.8270034790039,104.33588409423828
mp-aaaaalfz,68.07599639892578,59.31615447998047
mp-aaacfriw,49.284000396728516,22.96338653564453
mp-aaaaaelv,145.97000122070312,188.09217834472656
mp-aaaabtjq,74.25,63.98934555053711
mp-aaabglxr,187.60299682617188,203.487060546875
mp-aaaabhno,107.67400360107422,81.73783874511719
mp-aaaaassx,223.4739990234375,123.2701416015625
mp-aaaaaraz,254.36599731445312,246.96434020996094
mp-aaabgjlb,228.18099975585938,237.95361328125
mp-aaaaabpl,283.3429870605469,290.0174865722656
mp-aaabxjtt,207.781005859375,169.90850830078125
mp-aaachdhe,39.45600128173828,30.750747680664062
mp-aaabxcch,156.13900756835938,133.44290161132812
mp-aaaabgkp,151.91000366210938,127.14551544189453
mp-aaacdwrp,54.0369987487793,51.366886138916016
mp-aaacgiyj,116.677001953125,119.92499542236328
mp-aaacdrne,41.34400177001953,45.350318908691406
mp-aaaaadxl,78.29199981689453,50.38740921020508
mp-aaaaaiwg,107.18299865722656,133.07814025878906
mp-aaaabemd,61.992000579833984,83.27703857421875
mp-aaaaacqb,104.822998046875,106.03876495361328
mp-aaaabibq,35.71200180053711,24.3714599609375
mp-aaaaasqv,222.92300415039062,202.4010009765625
mp-aaabrfpd,65.97799682617188,96.35295104980469
mp-aaaaanjn,48.095001220703125,55.364707946777344
mp-aaaaahqc,128.8040008544922,117.50275421142578
mp-aaaaabro,127.36900329589844,84.8914566040039
mp-aaaaatef,47.340999603271484,66.05973815917969
mp-aaaaasim,85.28399658203125,96.20738220214844
mp-aaaabhze,13.373000144958496,19.1317138671875
mp-aaaaaeed,332.9750061035156,326.1514892578125
mp-aaacehyb,178.7100067138672,223.8763427734375
mp-aaacflrv,395.9570007324219,305.24127197265625
mp-aaaaacnj,183.35499572753906,162.5791015625
mp-aaaaacvn,58.694000244140625,66.07644653320312
mp-aaaaakyd,23.275999069213867,45.498924255371094
mp-aaaaaawz,151.35899353027344,144.37142944335938
mp-aaaaabjp,316.75299072265625,284.78350830078125
mp-aaabqypu,62.74100112915039,43.828453063964844
mp-aaaaacfa,107.69000244140625,69.90452575683594
mp-aaacflmm,93.91200256347656,126.71958923339844
mp-aaaaafaw,38.077999114990234,109.57059478759766
mp-aaacdtrs,77.33999633789062,107.8966064453125
mp-aaaabiaj,26.665000915527344,62.715301513671875
mp-aaacdrmz,153.63499450683594,152.2071990966797
mp-aaabxfwa,136.59100341796875,109.6252212524414
mp-aaaaakoq,213.56300354003906,120.14410400390625
mp-aaaaablb,212.03199768066406,192.56594848632812
mp-aaaaabcb,246.82899475097656,234.06121826171875
mp-aaaabifx,113.9739990234375,77.19718170166016
mp-aaaaarhy,40.12799835205078,36.597694396972656
mp-aaaaadld,114.25199890136719,132.83139038085938
mp-aaacfkoj,100.43299865722656,159.5230255126953
mp-aaaaatvj,113.63600158691406,110.43335723876953
mp-aaaceboe,37.45000076293945,25.250511169433594
mp-aaacdtql,-179.2519989013672,34.321998596191406
mp-aaaaafzh,170.38400268554688,128.1676483154297
mp-aaaaadtk,57.202999114990234,51.12053298950195
mp-aaaabtap,27.549999237060547,42.88628387451172
mp-aaaabhwd,3.943000078201294,28.398536682128906
mp-aaabxfqj,146.83299255371094,120.66232299804688
mp-aaacfslr,162.7100067138672,302.0845031738281
mp-aaabxcow,42.46699905395508,31.72100830078125
mp-aaabxhga,173.78599548339844,179.11737060546875
mp-aaaaacya,51.07699966430664,52.860595703125
mp-aaaaadjx,48.777000427246094,101.57905578613281
mp-aaabjyhc,91.71800231933594,140.81716918945312
mp-aaacfyye,49.45100021362305,77.27751922607422
mp-aaaabtna,36.25400161743164,38.370330810546875
mp-aaaaamts,23.500999450683594,35.4898681640625
mp-aaacgixx,95.87200164794922,104.3600082397461
mp-aaaaayev,132.6439971923828,128.9691925048828
mp-aaaaayvf,100.93499755859375,73.55520629882812
mp-aaaabhlx,88.05599975585938,87.19015502929688
mp-aaacfaab,35.0880012512207,52.165611267089844
mp-aaaabunh,95.63500213623047,100.58131408691406
mp-aaaaahgp,116.75700378417969,99.30484008789062
mp-aaabggxd,81.33000183105469,103.59742736816406
mp-aaabxgua,45.487998962402344,43.39239501953125
mp-aaaaafth,57.665000915527344,72.13346099853516
mp-aaabgjyj,10.788000106811523,3.042327880859375
mp-aaaabdsz,163.94900512695312,151.81678771972656
mp-aaabglvq,255.66900634765625,172.4738006591797
mp-aaacezqj,150.18499755859375,239.30667114257812
mp-aaacfydc,78.99700164794922,102.39205932617188
mp-aaabewkr,65.59300231933594,80.15742492675781
mp-aaabxctg,72.86399841308594,95.39649963378906
mp-aaabgler,226.572998046875,202.02511596679688
mp-aaaaaihz,60.5620002746582,50.66021728515625
mp-aaaaaieu,127.09400177001953,105.3499755859375
mp-aaaaablt,65.88200378417969,62.0505485534668
mp-aaacdkpr,47.14500045776367,46.42894744873047
mp-aaaabpzd,1.2430000305175781,24.521507263183594
mp-aaaaaexx,87.92400360107422,110.74527740478516
mp-aaacdoex,83.98500061035156,65.518310546875
mp-aaaaadyu,32.41299819946289,48.51837921142578
mp-aaaaamlj,56.81700134277344,55.056617736816406
mp-aaabjxxm,126.52400207519531,89.60453033447266
mp-aaaabauj,8.401000022888184,25.074851989746094
mp-aaaaagui,20.152000427246094,28.356475830078125
mp-aaacgirm,214.19000244140625,210.01162719726562
mp-aaaaavoi,59.4630012512207,68.13543701171875
mp-aaaaalig,94.25199890136719,86.3741226196289
mp-aaaaajpa,127.3949966430664,91.86448669433594
mp-aaaaacqg,171.5070037841797,177.5725860595703
mp-aaaaaxet,365.1830139160156,328.9417724609375
mp-aaabxhnu,125.91799926757812,105.57850646972656
mp-aaafecfi,58.448001861572266,51.56543731689453
mp-aaaaacbv,92.43800354003906,113.11927795410156
mp-aaaaaadm,233.65199279785156,213.97915649414062
mp-aaabxgae,101.39600372314453,103.96023559570312
mp-aaabxfyh,128.38999938964844,128.26708984375
mp-aaabgnlo,79.58999633789062,89.068115234375
mp-aaaabawp,28.17300033569336,43.310157775878906
mp-aaaabwmu,10.267000198364258,84.56932067871094
mp-aaabfrzu,53.9739990234375,81.41151428222656
mp-aaaaaddo,76.00399780273438,78.57504272460938
mp-aaacpkij,11.456999778747559,2.353118896484375
mp-aaabxaqq,194.3699951171875,199.8207550048828
mp-aaaaaado,107.61299896240234,99.51429748535156
mp-aaaaaekb,123.47799682617188,88.040283203125
mp-aaacdnho,69.17400360107422,71.8590316772461
mp-aaaabodu,10.178000450134277,24.765869140625
mp-aaaaabuf,19.0939998626709,43.94696044921875
mp-aaabjoqo,106.3550033569336,129.625
mp-aaaaaamk,23.072999954223633,20.205902099609375
mp-aaaaacgb,16.844999313354492,18.868881225585938
mp-aaaaadnb,92.3010025024414,109.64949035644531
mp-aaaaafhh,100.46900177001953,110.34612274169922
mp-aaabfmay,67.39299774169922,109.41156005859375
mp-aaaaabav,192.23500061035156,115.8023681640625
mp-aaaaagtx,28.606000900268555,46.24092102050781
mp-aaaaaiuu,133.0260009765625,115.94126892089844
mp-aaabxcmc,60.159000396728516,48.009254455566406
mp-aaabfrpe,20.024999618530273,10.428466796875
mp-aaacfxyf,44.933998107910156,46.480812072753906
mp-aaabqzwz,19.51099967956543,115.73931884765625
mp-aaabmmuu,14.241000175476074,35.746742248535156
mp-aaacfwlj,158.89700317382812,128.40185546875
mp-aaabxgxu,180.04200744628906,165.35162353515625
mp-aaaaaaes,8.934000015258789,11.442855834960938
mp-aaaaayfy,61.904998779296875,59.3188591003418
mp-aaabxjvz,57.54399871826172,48.05533218383789
mp-aaaabflj,20.367000579833984,72.08193969726562
mp-aaaaachv,171.73399353027344,150.53292846679688
mp-aaacdrmm,129.63099670410156,210.26780700683594
mp-aaabxjse,106.0009994506836,108.45339965820312
mp-aaaaamfu,16.20599937438965,7.4135894775390625
mp-aaacfsjm,159.802001953125,179.8570556640625
mp-aaabxhhz,127.68199920654297,113.36901092529297
mp-aaaaaosv,147.12600708007812,97.91940307617188
mp-aaaabhhu,136.96499633789062,180.6943359375
mp-aaacdnhi,39.75199890136719,29.316055297851562
mp-aaaaajgb,96.58499908447266,98.53662109375
mp-aaaaabrl,166.72500610351562,168.85433959960938
mp-aaaaamcs,115.53800201416016,101.74597930908203
mp-aaaaaiza,41.222999572753906,15.41900634765625
mp-aaaabexf,116.85800170898438,159.94146728515625
mp-aaaceuyo,86.52200317382812,60.36053466796875
mp-aaaaayjz,79.36699676513672,104.78794860839844
mp-aaaaahhk,95.90699768066406,77.14988708496094
mp-aaaabtph,104.81900024414062,93.73330688476562
mp-aaabxhix,158.0229949951172,148.475830078125
mp-aaaaapgu,70.39600372314453,71.81494140625
mp-aaabxcll,52.064998626708984,51.70182800292969
mp-aaaaanvr,95.16000366210938,96.71559143066406
mp-aaabxffl,41.05500030517578,74.28376770019531
mp-aaacdsdy,55.433998107910156,48.31324768066406
mp-aaaaaoep,45.167999267578125,50.22938919067383
mp-aaabgqmd,140.3979949951172,121.17240905761719
mp-aaabgjpz,71.52400207519531,87.42459869384766
mp-aaabxbqx,81.20999908447266,86.0509033203125
mp-aaaaafwk,104.6259994506836,98.13603210449219
mp-aaaaacrk,253.7729949951172,209.289794921875
mp-aaacdymv,43.084999084472656,64.99427795410156
mp-aaabgjfi,55.10200119018555,55.91963577270508
mp-aaabxhmq,233.31100463867188,235.58993530273438
mp-aaaaadwp,49.02000045776367,42.52766418457031
mp-aaacfdtx,181.94700622558594,200.7236328125
mp-aaaaazip,203.5050048828125,205.84725952148438
mp-aaaaaajp,117.6709976196289,112.0150146484375
mp-aaaaalec,48.70399856567383,71.59898376464844
mp-aaacdjlr,128.76699829101562,128.66726684570312
mp-aaaabpzk,30.801000595092773,61.595703125
mp-aaaaabtj,152.05999755859375,153.19668579101562
mp-aaacplgz,52.04899978637695,54.66798400878906
mp-aaaaafns,127.35600280761719,89.39022827148438
mp-aaabghhb,46.665000915527344,41.649024963378906
mp-aaaaamdz,54.948001861572266,57.72146224975586
mp-aaaabout,45.17499923706055,58.170379638671875
mp-aaaaafzy,96.5009994506836,94.677734375
mp-aaabghjo,62.36899948120117,53.03178024291992
mp-aaaabfaj,-32.808998107910156,51.88652801513672
mp-aaaabdxb,104.95600128173828,126.99497985839844
mp-aaabxfsf,28.312999725341797,38.5655517578125
mp-aaaaaeea,164.38800048828125,124.38136291503906
mp-aaabxgmi,109.3270034790039,126.59422302246094
mp-aaaaaazs,69.06099700927734,74.375732421875
mp-aaaaagwz,173.89100646972656,180.07101440429688
mp-aaaaajhe,84.79199981689453,106.09609985351562
mp-aaaabigt,42.24399948120117,53.03268051147461
mp-aaaaagla,109.84500122070312,106.9175033569336
mp-aaaabsyn,59.89099884033203,66.22315216064453
mp-aaacdjpm,27.527999877929688,50.10810089111328
mp-aaaaaeoz,225.05499267578125,256.182373046875
mp-aaaaadkw,105.75199890136719,96.9618148803711
mp-aaaaanun,56.7859992980957,40.832740783691406
mp-aaabqymn,109.28700256347656,125.16897583007812
mp-aaabxgmk,54.78900146484375,47.019081115722656
mp-aaaabtum,0.9190000295639038,60.71601867675781
mp-aaaabtix,49.45399856567383,70.30741882324219
mp-aaaaaooa,94.697998046875,111.83759307861328
mp-aaabghqi,98.9020004272461,99.502685546875
mp-aaabkfgb,38.83000183105469,89.88737487792969
mp-aaaaabbp,168.85800170898438,154.61648559570312
mp-aaabxfxn,161.822998046875,181.81137084960938
mp-aaaaauez,30.729000091552734,40.26728820800781
mp-aaacfkmu,63.090999603271484,74.4732666015625
mp-aaabxcdn,38.71500015258789,26.382408142089844
mp-aaaaaoes,68.63999938964844,107.62495422363281
mp-aaaaayqf,80.63999938964844,88.88681030273438
mp-aaaaadwz,184.4250030517578,137.14134216308594
mp-aaaabuoi,69.66799926757812,67.46955871582031
mp-aaabxhiy,137.54100036621094,118.74834442138672
mp-aaacgila,130.4040069580078,120.9750747680664
mp-aaaaaevv,153.15899658203125,128.96212768554688
mp-aaacdoku,30.514999389648438,18.693519592285156
mp-aaabjyfl,22.492000579833984,32.72297668457031
mp-aaaabdyb,34.95500183105469,93.91190338134766
mp-aaaaahkx,130.04600524902344,134.817138671875
mp-aaaaatjw,252.3260040283203,196.7535400390625
mp-aaabjycf,117.8280029296875,121.95804595947266
mp-aaaabjst,55.1349983215332,53.626739501953125
mp-aaabfddl,142.6020050048828,63.162357330322266
mp-aaaaabqi,64.17900085449219,112.01512908935547
mp-aaabxhep,216.13400268554688,196.27919006347656
mp-aaacdpml,101.91600036621094,136.85226440429688
mp-aaaaaalt,198.71499633789062,181.9288330078125
mp-aaaceszi,59.14500045776367,98.85816955566406
mp-aaabgmxf,187.54299926757812,151.76622009277344
mp-aaacevuj,102.7490005493164,109.60407257080078
mp-aaaaasxl,138.3520050048828,126.59927368164062
mp-aaaaafwa,113.77300262451172,93.08048248291016
mp-aaaaatju,148.2480010986328,169.38446044921875
mp-aaaaaraa,100.81999969482422,103.8572998046875
mp-aaaabopz,5.7170000076293945,72.66124725341797
mp-aaabxjum,206.03799438476562,172.6963348388672
mp-aaaaakot,118.68299865722656,78.12191772460938
mp-aaaaacmc,96.67500305175781,56.07832336425781
mp-aaaaaefs,441.72698974609375,278.3743896484375
mp-aaaabhjy,45.41299819946289,26.38121795654297
mp-aaabghsv,156.78599548339844,154.97454833984375
mp-aaaaarye,293.28900146484375,340.891357421875
mp-aaacdhlc,98.68000030517578,178.74679565429688
mp-aaabgkaf,-0.0,91.35858154296875
mp-aaaabtre,282.84100341796875,212.77142333984375
mp-aaabxfko,135.0959930419922,100.54432678222656
mp-aaaaajql,15.519000053405762,42.65589904785156
mp-aaacfjcy,201.9080047607422,142.6142120361328
mp-aaaaalah,75.55599975585938,47.635520935058594
mp-aaacdjhy,179.18899536132812,158.32113647460938
mp-aaaabhwa,10.581000328063965,63.82075881958008
mp-aaaaakep,73.5780029296875,85.59015655517578
mp-aaacdwhn,35.15800094604492,39.11634063720703
mp-aaabxfaq,42.68299865722656,33.94024658203125
mp-aaabxgrl,287.7879943847656,244.95191955566406
mp-aaaabedo,34.67900085449219,41.84559631347656
mp-aaacqcgt,46.316001892089844,61.8604850769043
mp-aaacfjnx,187.11300659179688,171.60728454589844
mp-aaacflkq,10.753000259399414,-31.391647338867188
mp-aaaaamcy,95.8270034790039,94.6842041015625
mp-aaabqyia,187.28900146484375,168.89617919921875
mp-aaacbgit,172.61000061035156,108.20384979248047
mp-aaabhcqk,106.16899871826172,97.85810852050781
mp-aaacfroq,26.89299964904785,42.125335693359375
mp-aaaaamec,197.51199340820312,176.5750732421875
mp-aaacdvtu,49.20600128173828,63.080135345458984
mp-aaaabhza,19.05699920654297,27.993751525878906
mp-aaacdngw,61.10900115966797,73.99620056152344
mp-aaaaaqxh,172.49099731445312,60.06336975097656
mp-aaaabgze,89.8550033569336,93.4463119506836
mp-aaaaaxnk,63.391998291015625,81.86505126953125
mp-aaacfkye,23.96299934387207,42.2781982421875
mp-aaabgnqp,106.4749984741211,66.5492172241211
mp-aaaaater,159.78799438476562,155.92352294921875
mp-aaaaaykr,156.93600463867188,131.08062744140625
mp-aaaaabyr,84.03700256347656,108.6781997680664
mp-aaaaauqi,102.78399658203125,164.2880859375
mp-aaaaaksb,244.031005859375,283.0919189453125
mp-aaacevzt,29.493999481201172,45.745567321777344
mp-aaacgimx,63.632999420166016,50.76414108276367
mp-aaabdbfz,27.06100082397461,67.321044921875
mp-aaabjyet,180.7480010986328,149.7346649169922
mp-aaaaaoxd,256.2149963378906,200.64373779296875
mp-aaabqxmd,80.06099700927734,82.01089477539062
mp-aaaabhzt,12.850000381469727,45.488121032714844
mp-aaaaaorr,154.81700134277344,179.80184936523438
mp-aaabqwjg,6.757999897003174,15.411796569824219
mp-aaabxcew,79.68099975585938,78.26512145996094
mp-aaacfxfy,50.013999938964844,46.17289733886719
mp-aaacgiup,37.72999954223633,38.621910095214844
mp-aaabxcfv,54.069000244140625,53.510318756103516
mp-aaaaaacs,2.7899999618530273,-7.416328430175781
mp-aaaabiwg,20.198999404907227,19.594863891601562
mp-aaabxdrw,97.93399810791016,111.8821792602539
mp-aaabxjwt,110.27899932861328,122.56246948242188
mp-aaaaaral,91.94200134277344,97.34839630126953
mp-aaaaalsu,41.7239990234375,40.46759796142578
mp-aaaaaidt,85.91600036621094,104.34111022949219
mp-aaabghuv,109.69100189208984,109.31805419921875
mp-aaabkcvz,0.15700000524520874,-26.179840087890625
mp-aaaabqur,10.461000442504883,46.59423828125
mp-aaaaaqrw,122.10600280761719,122.85023498535156
mp-aaabrzsb,16.08799934387207,27.96533966064453
mp-aaabxgld,212.03399658203125,193.40740966796875
mp-aaaaaemt,142.1929931640625,109.9003677368164
mp-aaabxjuz,67.73500061035156,66.93716430664062
mp-aaaaacja,58.63800048828125,73.5145492553711
mp-aaabxgjc,135.53500366210938,152.92074584960938
mp-aaacevpt,28.53700065612793,7.745361328125
mp-aaaaaiky,185.6840057373047,169.4402618408203
mp-aaacgijz,246.92799377441406,352.99432373046875
mp-aaacctet,35.43600082397461,65.30062866210938
mp-aaabgkwp,99.19999694824219,99.46098327636719
mp-aaaaaasc,202.9149932861328,160.34510803222656
mp-aaaabicb,21.822999954223633,63.24918746948242
mp-aaaaaozv,128.22300720214844,103.25577545166016
mp-aaaabewj,157.41099548339844,158.84127807617188
mp-aaacfrhv,83.08999633789062,46.32997131347656
mp-aaacflkm,290.2760009765625,270.1353454589844
mp-aaabgqcq,22.17099952697754,57.24257278442383
mp-aaaaapuj,33.11399841308594,51.586360931396484
mp-aaaaaswu,105.44000244140625,95.62161254882812
mp-aaabxezt,30.009000778198242,34.27252197265625
mp-aaaaacbj,161.8040008544922,179.1605987548828
mp-aaaaapba,28.308000564575195,21.205474853515625
mp-aaabfpky,69.5469970703125,63.62602615356445
mp-aaabimdq,7.808000087738037,4.069923400878906
mp-aaaaaaps,49.42900085449219,58.13726806640625
mp-aaaaafvs,151.41400146484375,130.1316375732422
mp-aaaaaedb,214.6009979248047,195.24913024902344
mp-aaaaapts,62.47800064086914,55.56059265136719
mp-aaaaaelk,295.56298828125,214.0834503173828
mp-aaaabfdu,84.625,79.91133117675781
mp-aaabxfvv,38.47700119018555,43.96208190917969
mp-aaabxjuo,149.14500427246094,127.74609375
mp-aaaabely,44.762001037597656,54.88828659057617
mp-aaabgkqc,2.997999906539917,20.69451141357422
mp-aaacfkpf,257.27801513671875,321.9183654785156
mp-aaaaaxkn,54.525001525878906,49.60077667236328
mp-aaacfkmz,193.322998046875,265.568603515625
mp-aaabfhso,15.152999877929688,25.789779663085938
mp-aaabxdto,34.84700012207031,19.84210205078125
mp-aaacdtpr,169.64599609375,164.29995727539062
mp-aaacewhh,319.9989929199219,365.987060546875
mp-aaaabysz,48.64799880981445,79.02401733398438
mp-aaaaauvx,56.9640007019043,56.81188201904297
mp-aaaaalgi,146.71099853515625,134.19381713867188
mp-aaabxgig,241.19200134277344,212.21987915039062
mp-aaaaabnl,107.4219970703125,99.31224060058594
mp-aaabctux,62.73400115966797,41.80644989013672
mp-aaaaaqsk,57.069000244140625,50.87763214111328
mp-aaaaalmf,128.76499938964844,126.87580108642578
mp-aaabxhbq,212.9250030517578,218.83236694335938
mp-aaabeuyh,71.58699798583984,57.85752868652344
mp-aaacfwgv,152.36700439453125,95.92221069335938
mp-aaaaaoss,28.242000579833984,31.077987670898438
mp-aaabxhhe,227.63600158691406,237.8358612060547
mp-aaaaabqe,87.16100311279297,73.71526336669922
mp-aaaaaoor,21.93600082397461,22.50550079345703
mp-aaabglwu,180.83900451660156,114.4151840209961
mp-aaabgiga,192.91600036621094,158.0391845703125
mp-aaaaaptu,50.53300094604492,39.77589416503906
mp-aaaabujj,118.98500061035156,110.23312377929688
mp-aaaaaxiw,83.14399719238281,86.22129821777344
mp-aaaabeye,163.41400146484375,140.25042724609375
mp-aaacdllt,329.12200927734375,317.64495849609375
mp-aaaaalea,123.03600311279297,135.93064880371094
mp-aaabxfcs,65.57499694824219,63.142181396484375
mp-aaaaabfh,104.13600158691406,80.08293151855469
mp-aaackysa,216.77999877929688,203.6363525390625
mp-aaaaaavz,154.9499969482422,149.35910034179688
mp-aaaaacer,337.468994140625,221.33251953125
mp-aaabxgzs,213.72000122070312,179.7332763671875
mp-aaaabpgz,30.201000213623047,44.722930908203125
mp-aaaabern,38.32099914550781,58.569156646728516
mp-aaaabifc,72.93000030517578,71.06773376464844
mp-aaaaaffm,66.77899932861328,52.37563705444336
mp-aaaabueu,14.54800033569336,43.169700622558594
mp-aaaaaiap,114.75800323486328,82.03632354736328
mp-aaaaarao,214.44400024414062,192.3944091796875
mp-aaabxgym,257.6960144042969,221.83213806152344
mp-aaabghji,76.322998046875,65.21985626220703
mp-aaaaacmg,166.177001953125,164.82693481445312
mp-aaabjxvu,95.32599639892578,79.10697174072266
mp-aaaabbrs,76.48400115966797,73.28856658935547
mp-aaacdizd,96.36399841308594,93.89462280273438
mp-aaaflckx,44.709999084472656,42.45043182373047
mp-aaacewal,18.900999069213867,57.02140426635742
mp-aaaaablu,132.29600524902344,121.01636505126953
mp-aaabxffo,67.85900115966797,44.55078125
mp-aaacdpwa,53.46900177001953,47.749534606933594
mp-aaaaalsc,37.52799987792969,28.325172424316406
mp-aaaabftr,165.4250030517578,150.9941864013672
mp-aaaaacjd,199.40699768066406,193.64019775390625
mp-aaabxixm,78.56900024414062,91.87232971191406
mp-aaaaaoow,66.32599639892578,64.62198638916016
mp-aaabgktl,140.68099975585938,119.97647094726562
mp-aaabxfuo,192.8990020751953,166.0879364013672
mp-aaaaatlh,178.93899536132812,172.04534912109375
mp-aaaaaqhn,24.856000900268555,27.82672119140625
mp-aaaaaqzd,54.37799835205078,47.85008239746094
mp-aaaaakht,69.54000091552734,63.04588317871094
mp-aaaaatiq,155.66200256347656,168.6417694091797
mp-aaaaapmb,160.66900634765625,150.97755432128906
mp-aaabxgse,119.7030029296875,130.57351684570312
mp-aaabxcla,104.5979995727539,73.72130584716797
mp-aaaabikv,29.009000778198242,85.54829406738281
mp-aaacdtuj,64.92900085449219,51.919857025146484
mp-aaaaalsw,22.816999435424805,30.461929321289062
mp-aaaaakst,88.30999755859375,75.90940856933594
mp-aaagkwgv,16.663999557495117,61.90298843383789
mp-aaabxfat,127.28199768066406,114.94954681396484
mp-aaaaabnp,54.08599853515625,57.529788970947266
mp-aaacfrhs,61.81100082397461,46.927101135253906
mp-aaabjyda,122.4219970703125,95.49828338623047
mp-aaaabtbx,40.55799865722656,50.97112274169922
mp-aaaaabrz,231.0030059814453,176.09825134277344
mp-aaacdhox,66.1500015258789,44.12413024902344
mp-aaaabrwd,42.78799819946289,60.38410186767578
mp-aaacevya,35.89899826049805,116.67022705078125
mp-aaacgpcf,44.13999938964844,90.03501892089844
mp-aaaabbcm,68.20999908447266,81.6798324584961
mp-aaaachlt,289.19500732421875,113.8922348022461
mp-aaabmzjo,189.80299377441406,153.13925170898438
mp-aaacfpwh,29.17799949645996,48.02513122558594
mp-aaaaaeav,196.4949951171875,252.42340087890625
mp-aaacdnfn,65.78700256347656,80.73062133789062
mp-aaaabows,10.055000305175781,92.49371337890625
mp-aaacdkac,99.76300048828125,97.55685424804688
mp-aaaabhvz,52.25,95.3692626953125
mp-aaaaahok,175.95199584960938,138.13754272460938
mp-aaaaaeiu,156.02200317382812,121.4566650390625
mp-aaabxcba,146.39100646972656,136.8345489501953
mp-aaaaaxdp,46.80500030517578,43.90309143066406
mp-aaaabtlt,62.527000427246094,47.077728271484375
mp-aaacdjth,6.940999984741211,32.92920684814453
mp-aaabglch,80.2750015258789,68.80000305175781
mp-aaabcufe,21.231000900268555,27.112228393554688
mp-aaabxixv,104.43299865722656,99.54747009277344
mp-aaaaabcv,145.3000030517578,141.9256591796875
mp-aaabxcoi,40.0099983215332,30.928382873535156
mp-aaaaafrq,71.86000061035156,137.2230682373047
mp-aaaaacaz,94.52100372314453,80.82757568359375
mp-aaaaagoj,92.54900360107422,64.09099578857422
mp-aaabxhcz,184.83200073242188,177.32135009765625
mp-aaaabdhb,78.08200073242188,115.35429382324219
mp-aaacfxyu,205.4040069580078,183.89114379882812
mp-aaacezyd,47.32600021362305,33.93363952636719
mp-aaaabitj,21.0310001373291,28.965774536132812
mp-aaaabpwo,16.356000900268555,11.993843078613281
mp-aaaabqhr,23.47599983215332,43.960044860839844
mp-aaaaarwx,91.3949966430664,120.7728500366211
mp-aaabxjtn,58.766998291015625,59.197601318359375
mp-aaabghuo,10.145000457763672,9.107284545898438
mp-aaabxhbr,82.28299713134766,79.59821319580078
mp-aaaabdpn,142.0330047607422,139.49581909179688
mp-aaaaamud,89.9739990234375,99.79634094238281
mp-aaacflih,337.2070007324219,450.9046630859375
mp-aaaabdzw,78.5459976196289,68.70620727539062
mp-aaaabzab,50.1150016784668,49.72572708129883
mp-aaaabeys,44.20500183105469,64.43292236328125
mp-aaaabeil,71.36900329589844,52.75726318359375
mp-aaaaaakg,123.89399719238281,107.44715881347656
mp-aaaaarms,55.62699890136719,38.110313415527344
mp-aaabxitb,80.64399719238281,83.23174285888672
mp-aaacflkk,182.3040008544922,175.65267944335938
mp-aaabkpoy,51.37200164794922,80.40354919433594
mp-aaaaacvp,177.75599670410156,176.8914031982422
mp-aaaabemh,65.66200256347656,73.6188735961914
mp-aaaaadxt,131.00599670410156,134.16891479492188
mp-aaaaabdv,77.5999984741211,84.46642303466797
mp-aaaabelb,115.24600219726562,108.40386962890625
mp-aaaaboqa,21.780000686645508,44.580291748046875
mp-aaabfokv,69.73400115966797,46.72496795654297
mp-aaaaahki,29.141000747680664,63.264671325683594
mp-aaabxfqc,287.885986328125,278.1304931640625
mp-aaaabewm,122.0270004272461,159.64971923828125
mp-aaaaalzq,344.2539978027344,271.6290283203125
mp-aaabgmow,17.34000015258789,36.058326721191406
mp-aaaabqio,154.88299560546875,136.23561096191406
mp-aaaaabtu,56.49100112915039,48.8681640625
mp-aaabjybt,88.40499877929688,149.25387573242188
mp-aaaaahlh,165.50100708007812,149.18551635742188
mp-aaaaaqyp,179.4739990234375,152.13430786132812
mp-aaaaacto,69.38500213623047,76.5552749633789
mp-aaabcugu,27.319000244140625,28.86126708984375
mp-aaabxcps,144.75,195.84613037109375
mp-aaaabdtw,112.11100006103516,123.79817199707031
mp-aaaaahes,65.78199768066406,81.41107177734375
mp-aaaaalhv,34.55400085449219,46.74169158935547
mp-aaaabsch,14.704999923706055,51.987388610839844
mp-aaaabqrb,16.73900032043457,20.683921813964844
mp-aaaaadcj,19.908000946044922,48.13900375366211
mp-aaaaatis,86.18499755859375,119.8648910522461
mp-aaaciqqt,87.55799865722656,72.00138854980469
mp-aaabgmyr,135.60400390625,109.5688247680664
mp-aaabxhne,88.54100036621094,77.04998016357422
mp-aaaaagxh,142.7899932861328,123.23748016357422
mp-aaaabdry,73.0459976196289,91.17805480957031
mp-aaaacckl,88.62799835205078,66.52945709228516
mp-aaaaccqu,35.297000885009766,107.89778137207031
mp-aaaaaffy,22.024999618530273,48.74349594116211
mp-aaafyssc,99.11699676513672,64.48527526855469
mp-aaaaaewq,113.4739990234375,122.43761444091797
mp-aaabxixu,87.89299774169922,80.35346984863281
mp-aaaaacng,111.8550033569336,110.74324798583984
mp-aaacfwhr,182.73599243164062,151.32862854003906
mp-aaacdjof,127.31900024414062,113.13574981689453
mp-aaabxghy,225.82899475097656,206.182373046875
mp-aaaabtll,11.826000213623047,5.8442840576171875
mp-aaaaajwn,75.33899688720703,52.194820404052734
mp-aaaaaawh,110.84300231933594,161.98904418945312
mp-aaaaarai,149.2550048828125,138.63217163085938
mp-aaaabhex,174.98599243164062,164.2157745361328
mp-aaacdofr,24.715999603271484,52.52543258666992
mp-aaaaapdb,123.7959976196289,115.90850067138672
mp-aaaaafrl,62.1879997253418,90.08687591552734
mp-aaacfybu,145.88499450683594,131.83326721191406
mp-aaabxiyz,286.0799865722656,247.99417114257812
mp-aaaacfwb,275.6600036621094,276.52923583984375
mp-aaacdmyj,102.6510009765625,116.48383331298828
mp-aaabxftl,36.76599884033203,33.52789306640625
mp-aaacdpnh,39.72800064086914,77.83672332763672
mp-aaaaaebr,126.10099792480469,112.88373565673828
mp-aaaaamji,109.18399810791016,108.59004974365234
mp-aaaabhka,168.66799926757812,199.60543823242188
mp-aaabxbsl,108.0260009765625,110.94183349609375
mp-aaaabfrr,114.06500244140625,118.35807800292969
mp-aaabevyd,196.9669952392578,174.22537231445312
mp-aaaaapot,148.8990020751953,99.5226821899414
mp-aaaccsrj,42.61899948120117,60.1070556640625
mp-aaaabpoe,10.288999557495117,-21.423538208007812
mp-aaacfxhs,20.908000946044922,25.851219177246094
mp-aaaaagwy,151.04800415039062,119.78484344482422
mp-aaaaafec,19.885000228881836,19.42047119140625
mp-aaaabkov,11.395000457763672,23.84381866455078
mp-aaaaapdk,18.48699951171875,15.962921142578125
mp-aaaaadyg,170.5749969482422,178.47360229492188
mp-aaaaajlv,77.84300231933594,75.59764862060547
mp-aaaaapov,53.88800048828125,106.5151138305664
mp-aaabhais,180.8179931640625,213.03207397460938
mp-aaabgijb,80.05799865722656,151.69802856445312
mp-aaaaaaoe,2.9820001125335693,0.6385955810546875
mp-aaacfkaj,108.3499984741211,80.19338989257812
mp-aaaaahbm,42.715999603271484,47.59160614013672
mp-aaabgjle,112.83499908447266,210.09521484375
mp-aaaabrvh,6.864999771118164,40.647850036621094
mp-aaabxcfg,137.36099243164062,121.54341888427734
mp-aaaabgip,35.323001861572266,88.26789855957031
mp-aaabjoui,144.4459991455078,118.09468841552734
mp-aaabqxxu,63.922000885009766,72.33641052246094
mp-aaaaaxcf,135.94700622558594,118.62786102294922
mp-aaaaandc,1.319000005722046,49.28194808959961
mp-aaacfzhw,57.37799835205078,59.75871658325195
mp-aaaaaaet,33.84400177001953,24.969100952148438
mp-aaaaagvk,188.4550018310547,170.79132080078125
mp-aaaaaswl,-31.847999572753906,119.87232971191406
mp-aaabfgwg,139.20399475097656,110.7149658203125
mp-aaaaasvj,47.16699981689453,59.790565490722656
mp-aaaaarvv,142.1199951171875,152.64633178710938
mp-aaaaacyg,132.66099548339844,127.09159851074219
mp-aaaabfhu,80.50599670410156,91.15081787109375
mp-aaabxhas,117.0999984741211,95.0607681274414
mp-aaaaaper,137.552001953125,124.37934875488281
mp-aaaabpvc,23.95199966430664,36.38999938964844
mp-aaaaaalx,83.93800354003906,80.1717529296875
mp-aaaaaray,228.56700134277344,201.9197998046875
mp-aaaabfob,66.35900115966797,32.170257568359375
mp-aaabxcec,111.6050033569336,91.29515075683594
mp-aaaaahfq,103.02200317382812,77.82695770263672
mp-aaaaaaye,110.322998046875,110.92073059082031
mp-aaaaaxtd,163.16000366210938,149.84849548339844
mp-aaaaagkf,101.45500183105469,104.03607940673828
mp-aaaaapqi,68.6259994506836,95.92947387695312
mp-aaacdxzh,40.5260009765625,29.844017028808594
mp-aaaabpeb,52.4119987487793,36.89476776123047
mp-aaaabhco,-176.3730010986328,100.05166625976562
mp-aaaabwqx,11.73799991607666,37.80137634277344
mp-aaaaassz,36.70500183105469,62.84424591064453
mp-aaacdpax,20.847000122070312,28.061317443847656
mp-aaaaalss,21.718000411987305,32.304603576660156
mp-aaacgple,92.01499938964844,127.62164306640625
mp-aaaabtpz,205.11700439453125,168.58851623535156
mp-aaacdpdz,211.05299377441406,133.61109924316406
mp-aaacesur,56.84000015258789,106.78812408447266
mp-aaaabrsp,12.298999786376953,15.564826965332031
mp-aaaaaamd,67.72200012207031,69.93211364746094
mp-aaaaamzt,7.142000198364258,41.176605224609375
mp-aaabheay,35.98099899291992,57.34358215332031
mp-aaaaaihb,187.56399536132812,129.8123321533203
mp-aaaaacut,72.01000213623047,75.11949157714844
mp-aaaaadzv,62.215999603271484,65.85002136230469
mp-aaachcso,20.499000549316406,65.95256042480469
mp-aaadefoj,55.27299880981445,34.84777069091797
mp-aaaaabzg,240.7729949951172,190.54263305664062
mp-aaacfapf,8.39900016784668,17.418609619140625
mp-aaaabpjz,9.800999641418457,36.29492950439453
mp-aaaaaaex,7.808000087738037,10.021682739257812
mp-aaacfwis,190.6929931640625,148.7090301513672
mp-aaaaaqrl,55.00600051879883,51.73779296875
mp-aaabjyly,150.02499389648438,107.61512756347656
mp-aaaabhbq,35.145999908447266,98.72894287109375
mp-aaacdphj,9.506999969482422,-12.607696533203125
mp-aaaabolj,40.722999572753906,62.81862258911133
mp-aaabxhjy,3.4739999771118164,60.66128158569336
mp-aaabskga,27.43899917602539,121.89775848388672
mp-aaaabqje,46.76499938964844,74.84268188476562
mp-aaabxbsa,130.30799865722656,129.4243927001953
mp-aaaaachs,295.21099853515625,239.99937438964844
mp-aaacsmot,238.0229949951172,242.80052185058594
mp-aaaaadbo,55.159000396728516,75.87464904785156
mp-aaaaahgh,71.15899658203125,74.42196655273438
mp-aaacdokp,102.84100341796875,114.98448944091797
mp-aaaaaccm,33.39799880981445,24.783554077148438
mp-aaaaaaji,144.83599853515625,148.47933959960938
mp-aaacfrpu,38.422000885009766,60.164791107177734
mp-aaaabhvv,19.645999908447266,19.395347595214844
mp-aaaceqby,11.911999702453613,70.39179992675781
mp-aaacdvcm,141.4949951171875,185.5948486328125
mp-aaabgims,26.358999252319336,85.17755889892578
mp-aaaaaxpq,134.4409942626953,133.40699768066406
mp-aaabeuyr,20.093000411987305,51.44065856933594
mp-aaacgioa,48.78300094604492,44.933349609375
mp-aaaabham,204.34300231933594,191.57485961914062
mp-aaacdlir,267.5140075683594,244.84359741210938
mp-aaaaatoa,70.69300079345703,93.11974334716797
mp-aaacpnub,364.89801025390625,363.5278015136719
mp-aaaaaaiy,112.17500305175781,105.1749496459961
mp-aaaaadal,173.1909942626953,88.51237487792969
mp-aaaaabar,40.88399887084961,39.878868103027344
mp-aaaaasul,51.992000579833984,62.596717834472656
mp-aaaaabvy,161.82200622558594,165.77389526367188
mp-aaabxgar,65.28399658203125,65.34918212890625
mp-aaaaaeii,180.1909942626953,190.70468139648438
mp-aaaaaedn,219.05099487304688,222.4137420654297
mp-aaaaboju,34.27199935913086,50.85049819946289
mp-aaaaaiiv,92.23100280761719,79.15635681152344
mp-aaabxfwh,68.6500015258789,70.09165954589844
mp-aaacgiwc,87.64600372314453,90.31171417236328
mp-aaabxgtz,55.73400115966797,58.741416931152344
mp-aaaaaybj,116.98999786376953,120.87580108642578
mp-aaaaaqyu,188.40699768066406,172.8802032470703
mp-aaaabdfb,142.5679931640625,133.0694580078125
mp-aaaaasyj,-105.39700317382812,110.79032135009766
mp-aaaaaarm,39.2239990234375,53.98125076293945
mp-aaaaaqwa,215.70199584960938,238.11923217773438
mp-aaaaalkl,179.7969970703125,135.57888793945312
mp-aaaaaxfh,31.898000717163086,36.32806396484375
mp-aaaaairm,92.23799896240234,68.86907196044922
mp-aaaaarcw,75.34400177001953,91.13319396972656
mp-aaaaalho,238.28700256347656,176.10964965820312
mp-aaabjyfw,136.47000122070312,175.85850524902344
mp-aaadbyft,157.9320068359375,108.57632446289062
mp-aaabxbsg,115.64299774169922,114.7780532836914
mp-aaabgmtb,62.104000091552734,60.591983795166016
mp-aaacfxza,58.297000885009766,47.565208435058594
mp-aaaaabcl,139.0850067138672,125.99604034423828
mp-aaabxgeb,233.5189971923828,203.76397705078125
mp-aaaaatbw,53.84299850463867,65.77899932861328
mp-aaabgmej,44.16899871826172,46.791297912597656
mp-aaacdkut,119.61599731445312,112.36341094970703
mp-aaabrvfy,86.21900177001953,112.68457794189453
mp-aaackupu,47.0989990234375,76.17741394042969
mp-aaabxfnl,231.98599243164062,192.85977172851562
mp-aaaaacub,94.83200073242188,69.42088317871094
mp-aaaabupq,53.45500183105469,58.407981872558594
mp-aaaaanlv,73.50299835205078,95.32579040527344
mp-aaaaafln,84.9729995727539,65.99063873291016
mp-aaaaavfs,166.86900329589844,171.07574462890625
mp-aaaaabkm,53.630001068115234,51.55112075805664
mp-aaacdqbx,238.3419952392578,181.34912109375
mp-aaaaacci,119.61100006103516,111.87428283691406
mp-aaaaadoi,24.868999481201172,33.036109924316406
mp-aaabxgri,133.6020050048828,115.14334106445312
mp-aaabxflc,81.37000274658203,77.32791137695312
mp-aaaaaeip,59.483001708984375,56.70556640625
mp-aaaabdmy,138.57899475097656,160.7554473876953
mp-aaaaaeep,78.39800262451172,80.504638671875
mp-aaaaahzs,134.2220001220703,127.93818664550781
mp-aaabctvw,176.64199829101562,157.6553955078125
mp-aaabmlsg,71.33999633789062,88.51837921142578
mp-aaaaafex,136.25799560546875,106.62062072753906
mp-aaaaalth,76.38800048828125,86.07228088378906
mp-aaabxhif,22.6560001373291,29.482147216796875
mp-aaaaagdq,43.915000915527344,51.23159408569336
mp-aaaaaoyo,29.11400032043457,87.35081481933594
mp-aaacgint,104.19300079345703,101.58737182617188
mp-aaacevzs,301.0769958496094,245.26991271972656
mp-aaaabdwu,32.22200012207031,43.14331817626953
mp-aaaaarfw,16.117000579833984,0.0626220703125
mp-aaacfizr,29.85700035095215,48.36320877075195
mp-aaacgiok,100.76300048828125,88.74765014648438
mp-aaaabopi,27.663999557495117,51.91461944580078
mp-aaaabtfv,38.125999450683594,60.092445373535156
mp-aaabgmrm,41.94200134277344,82.51766204833984
mp-aaaaajuc,170.18899536132812,147.04879760742188
mp-aaacdjxc,35.99700164794922,36.37291717529297
mp-aaabxgwp,41.319000244140625,37.64091491699219
mp-aaaaalrb,59.766998291015625,59.89585494995117
mp-aaacdqbt,206.0989990234375,185.74081420898438
mp-aaabqwme,68.88400268554688,108.65961456298828
mp-aaaabiof,14.625,33.29803466796875
mp-aaacewch,74.802001953125,89.14269256591797
mp-aaaabetl,124.46700286865234,118.28458404541016
mp-aaabevrt,32.32899856567383,37.244842529296875
mp-aaacfjwc,34.17300033569336,-21.46649169921875
mp-aaaaadma,49.86600112915039,63.798004150390625
mp-aaabxfod,176.93499755859375,174.04794311523438
mp-aaaaaaxj,219.8509979248047,194.22491455078125
mp-aaabqyza,182.22300720214844,140.74798583984375
mp-aaabkrkm,101.10299682617188,110.15399932861328
mp-aaaaberw,140.6269989013672,115.44935607910156
mp-aaaaberd,114.69300079345703,105.67825317382812
mp-aaabqxpe,203.81900024414062,144.02127075195312
mp-aaaaalyz,57.132999420166016,59.40681838989258
mp-aaacpgxn,46.551998138427734,66.2490463256836
mp-aaabxbyz,34.71099853515625,29.87054443359375
mp-aaacdpvb,144.3820037841797,127.72892761230469
mp-aaaaarqj,184.69500732421875,165.79666137695312
mp-aaabxfmh,115.13700103759766,109.26416778564453
mp-aaaaaptb,51.17900085449219,38.76222229003906
mp-aaabxbcj,190.2010040283203,173.51480102539062
mp-aaaabphv,168.54200744628906,197.70626831054688
mp-aaacfydt,152.1199951171875,116.39268493652344
mp-aaaabbdh,214.3179931640625,181.42483520507812
mp-aaaaadqh,71.7760009765625,77.5848388671875
mp-aaacdzbb,119.78900146484375,137.67861938476562
mp-aaacqbnf,61.81800079345703,112.31622314453125
mp-aaaaabws,23.909000396728516,20.295883178710938
mp-aaadcvwk,116.63600158691406,139.68002319335938
mp-aaaaatsa,50.0880012512207,40.67137908935547
mp-aaaaajfj,174.7209930419922,170.30560302734375
mp-aaaaadxq,73.46900177001953,73.00355529785156
mp-aaaaaprt,78.7979965209961,68.86988830566406
mp-aaaabebm,301.03900146484375,242.32449340820312
mp-aaabxgtg,160.20700073242188,115.60452270507812
mp-aaaaadki,199.91799926757812,188.97584533691406
mp-aaaabeza,121.56999969482422,73.40670776367188
mp-aaaabhbs,201.20399475097656,99.0573959350586
mp-aaabctjj,66.24299621582031,98.49002075195312
mp-aaaaaqry,217.89700317382812,114.61447143554688
mp-aaaaaaqo,157.99400329589844,198.24111938476562
mp-aaacfzuz,32.26100158691406,42.07250213623047
mp-aaacfxzb,86.69100189208984,66.34073638916016
mp-aaaabhpt,59.191001892089844,55.13351058959961
mp-aaaabdzl,81.01799774169922,83.4579849243164
mp-aaabetyx,69.9749984741211,33.448486328125
mp-aaabdavs,18.920000076293945,42.467262268066406
mp-aaaachmi,31.533000946044922,28.773193359375
mp-aaabqxxz,109.18099975585938,89.45752716064453
mp-aaabxitj,117.69599914550781,116.27740478515625
mp-aaaabdgf,20.25,31.19269561767578
mp-aaabxfmi,58.2140007019043,41.51039123535156
mp-aaaaatbo,77.30799865722656,93.39156341552734
mp-aaacdmas,3.2929999828338623,34.81171417236328
mp-aaacdvcs,14.913999557495117,24.370849609375
mp-aaaaaotm,89.43499755859375,92.30351257324219
mp-aaabfxyf,34.939998626708984,90.55262756347656
mp-aaaaadhm,69.322998046875,55.710391998291016
mp-aaaaaxfg,22.32900047302246,13.047744750976562
mp-aaaaacot,40.053001403808594,94.93827819824219
mp-aaaaakym,23.257999420166016,29.012924194335938
mp-aaaaalbk,28.089000701904297,84.76004028320312
mp-aaacehup,36.314998626708984,11.748565673828125
mp-aaaabjbz,48.435001373291016,65.76434326171875
mp-aaacdsfi,76.49500274658203,81.65679168701172
mp-aaaabirm,109.7699966430664,69.30409240722656
mp-aaacdkpl,51.61600112915039,47.78832244873047
mp-aaaabhob,103.81600189208984,82.15266418457031
mp-aaaaanou,79.93699645996094,93.37511444091797
mp-aaabxbqn,19.725000381469727,17.489303588867188
mp-aaacgiuo,22.211000442504883,118.64887237548828
mp-aaabgkhw,36.665000915527344,41.40612030029297
mp-aaacdihp,11.008000373840332,19.429153442382812
mp-aaaabpri,19.39900016784668,0.8213119506835938
mp-aaabxcak,297.0880126953125,265.3406982421875
mp-aaaaaaqg,92.27300262451172,33.32286834716797
mp-aaaaaepa,83.12899780273438,70.56696319580078
mp-aaabqzrs,69.08899688720703,40.87628173828125
mp-aaaaarsl,108.64399719238281,103.017333984375
mp-aaacfsit,147.63999938964844,199.38076782226562
mp-aaacdpcv,161.35899353027344,141.28265380859375
mp-aaaaafas,74.96399688720703,100.53053283691406
mp-aaaaaddy,72.92400360107422,107.51044464111328
mp-aaacfxht,139.8249969482422,109.0440902709961
mp-aaaabyzk,42.87300109863281,47.98505401611328
mp-aaaaaajy,138.85800170898438,142.157470703125
mp-aaaabstj,51.73099899291992,88.56114959716797
mp-aaacdnrk,51.834999084472656,55.31747817993164
mp-aaaabkpc,175.66400146484375,118.84640502929688
mp-aaaaauqb,142.093994140625,82.84584045410156
mp-aaacdnzy,54.819000244140625,56.003360748291016
mp-aaabgkoc,120.19200134277344,122.04051971435547
mp-aaaaabqk,178.44900512695312,208.19873046875
mp-aaaaapvz,175.4320068359375,188.91912841796875
mp-aaaaabma,234.56900024414062,180.83139038085938
mp-aaaceswk,123.0770034790039,120.5972900390625
mp-aaacfsru,25.83799934387207,41.65113830566406
mp-aaaaacql,39.67599868774414,50.34079360961914
mp-aaaaabhh,146.89300537109375,139.04061889648438
mp-aaabetzr,178.66200256347656,201.64718627929688
mp-aaabqxqj,179.21499633789062,135.95867919921875
mp-aaaaamrz,50.56999969482422,71.1114273071289
mp-aaabxiut,30.554000854492188,20.028343200683594
mp-aaaaapyn,27.312000274658203,23.511314392089844
mp-aaaabhpd,126.31999969482422,128.8426055908203
mp-aaaaaasn,198.156005859375,202.7653045654297
mp-aaaaapvj,69.08200073242188,63.71824645996094
mp-aaaaarcf,192.2830047607422,164.5300750732422
mp-aaaaaciz,208.89500427246094,189.92684936523438
mp-aaaaanrr,58.57500076293945,58.015201568603516
mp-aaabxatp,94.38500213623047,80.26054382324219
mp-aaacflvg,122.13800048828125,106.89674377441406
mp-aaaaahpf,69.62699890136719,85.33109283447266
mp-aaabgjts,10.022000312805176,-15.53594970703125
mp-aaaaaomc,22.14299964904785,13.529899597167969
mp-aaaaahwo,116.41500091552734,106.49791717529297
mp-aaabgkae,134.0260009765625,125.69023895263672
mp-aaaaagtc,88.49099731445312,56.41825866699219
mp-aaacebyx,147.95700073242188,172.33700561523438
mp-aaacdkfc,48.249000549316406,49.728633880615234
mp-aaaaaaxp,106.33599853515625,109.56034088134766
mp-aaaaaswz,82.4749984741211,116.98249053955078
mp-aaaabehz,40.21200180053711,49.093814849853516
mp-aaaaakqq,72.03900146484375,74.40170288085938
mp-aaaabtmn,350.8139953613281,305.57598876953125
mp-aaaaamla,57.11600112915039,11.423416137695312
mp-aaabmckj,77.87999725341797,64.89177703857422
mp-aaaccspc,120.16000366210938,147.61477661132812
mp-aaaaapgq,154.64300537109375,162.98233032226562
mp-aaacdirl,52.625,50.90751266479492
mp-aaacgips,92.78500366210938,81.99020385742188
mp-aaaaafxv,144.63900756835938,118.94588470458984
mp-aaaaaida,97.78700256347656,77.57060241699219
mp-aaacdpyb,80.6989974975586,95.28773498535156
mp-aaabxisx,267.9460144042969,241.76629638671875
mp-aaabkppn,15.531000137329102,41.11116027832031
mp-aaaaacbp,53.10200119018555,65.10881042480469
mp-aaaabfjz,110.79000091552734,109.13736724853516
mp-aaaabhhi,56.63600158691406,71.43789672851562
mp-aaaaabbg,66.56600189208984,66.04359436035156
mp-aaacgivi,198.86399841308594,190.2581787109375
mp-aaaaapsd,60.77000045776367,55.521331787109375
mp-aaaaaekd,125.81199645996094,152.65185546875
mp-aaabxjvs,58.23400115966797,59.68264389038086
mp-aaaaapao,131.25799560546875,156.41775512695312
mp-aaaaakag,102.01300048828125,85.63520812988281
mp-aaaaacae,87.6510009765625,81.38544464111328
mp-aaaaacmi,56.85200119018555,58.29383087158203
mp-aaaaafyf,39.9630012512207,59.706390380859375
mp-aaaaahiw,113.94200134277344,96.53646850585938
mp-aaabnrfk,22.70599937438965,52.63411331176758
mp-aaaaayem,-164.28399658203125,111.74617004394531
mp-aaacehvi,22.374000549316406,67.71826171875
mp-aaabgnku,122.26300048828125,195.5396728515625
mp-aaaaatxv,211.80099487304688,217.85372924804688
mp-aaacewfi,392.3489990234375,375.09259033203125
mp-aaaabpjd,377.0710144042969,296.9232177734375
mp-aaaaabka,60.90399932861328,67.98709106445312
mp-aaaabfpz,216.7729949951172,212.99917602539062
mp-aaacfjyq,183.5279998779297,167.25338745117188
mp-aaaaaclv,194.38499450683594,173.0406494140625
mp-aaaaaqio,101.19200134277344,97.99226379394531
mp-aaaaadij,222.0260009765625,176.76101684570312
mp-aaaabdox,47.849998474121094,56.0648193359375
mp-aaaaasun,55.1349983215332,65.25968933105469
mp-aaaaboye,51.0989990234375,73.38253784179688
mp-aaaabeuu,30.667999267578125,85.11665344238281
mp-aaaabtav,140.05099487304688,121.63553619384766
mp-aaaabesg,47.38100051879883,52.466285705566406
mp-aaaaarxh,166.8939971923828,181.40139770507812
mp-aaabkras,86.91200256347656,53.92765808105469
mp-aaacgiov,10.331999778747559,59.30671310424805
mp-aaaaabic,155.5449981689453,98.442626953125
mp-aaaaaisy,48.084999084472656,80.49281311035156
mp-aaaabjbs,19.606000900268555,48.7943115234375
mp-aaabxhgw,195.45899963378906,185.26376342773438
mp-aaaaaova,187.3209991455078,176.74734497070312
mp-aaaaaaqa,279.9989929199219,260.7003173828125
mp-aaaaaebj,31.468000411987305,25.764015197753906
mp-aaabdbbg,230.6320037841797,235.6988525390625
mp-aaaabjho,14.25100040435791,62.01717758178711
mp-aaabxaom,60.928001403808594,51.20156478881836
mp-aaacdlmh,388.1809997558594,365.6885681152344
mp-aaabxdrt,97.76899719238281,124.33226776123047
mp-aaacdjej,117.54000091552734,121.98119354248047
mp-aaacfwgw,192.23599243164062,160.43019104003906
mp-aaaaajdr,36.14099884033203,42.08015441894531
mp-aaacjkuv,262.92999267578125,296.98516845703125
mp-aaaaabzj,195.79299926757812,182.60037231445312
mp-aaaabdhk,177.26699829101562,117.02581024169922
mp-aaacdnha,52.433998107910156,46.73912048339844
mp-aaaaagha,159.38400268554688,145.30218505859375
mp-aaabmlaz,64.6729965209961,65.8896255493164
mp-aaabjyau,181.07400512695312,271.41448974609375
mp-aaafeaud,15.321999549865723,20.503684997558594
mp-aaacflkr,221.91600036621094,110.22416687011719
mp-aaabxgiy,53.87300109863281,54.46379852294922
mp-aaaaafae,173.76199340820312,154.42095947265625
mp-aaaaaxtk,76.14299774169922,80.85543060302734
mp-aaaaaris,25.132999420166016,40.97676086425781
mp-aaabxcno,41.73699951171875,38.391265869140625
mp-aaacdqcp,209.55599975585938,195.209716796875
mp-aaabxdqh,65.34700012207031,57.277099609375
mp-aaaabrnl,14.932999610900879,45.57196807861328
mp-aaabxfau,130.83399963378906,121.94294738769531
mp-aaaaapaz,17.46500015258789,18.662811279296875
mp-aaacfzck,48.58300018310547,58.62428283691406
mp-aaaabfla,30.79800033569336,33.12794494628906
mp-aaaaadkj,101.73300170898438,102.04861450195312
mp-aaaaakzl,30.899999618530273,10.659095764160156
mp-aaacfzds,104.06700134277344,95.9453125
mp-aaaaaapl,55.93199920654297,34.79539489746094
mp-aaabxfhc,210.79400634765625,186.67257690429688
mp-aaacdoez,133.92100524902344,111.25697326660156
mp-aaaaaagb,20.687999725341797,28.744544982910156
mp-aaaaamak,97.80899810791016,86.57669830322266
mp-aaaaaqme,24.93199920654297,28.312591552734375
mp-aaaaaird,158.08799743652344,154.11849975585938
mp-aaaaatxh,46.483001708984375,66.77653503417969
mp-aaaaabdg,125.46800231933594,64.80368041992188
mp-aaaaazci,205.05099487304688,195.14755249023438
mp-aaaaadac,172.04200744628906,89.27542114257812
mp-aaacdycs,105.45600128173828,85.2353515625
mp-aaabxfhi,90.51899719238281,100.4123764038086
mp-aaaabhyd,15.690999984741211,24.83349609375
mp-aaaaamzd,95.99500274658203,62.00419998168945
mp-aaaaapfx,40.46900177001953,94.06056213378906
mp-aaaaaxei,269.4259948730469,219.66299438476562
mp-aaaabupy,65.9530029296875,71.47987365722656
mp-aaabkrbk,57.27399826049805,67.64970397949219
mp-aaaaapkf,62.94599914550781,92.03445434570312
mp-aaacdnoq,37.41600036621094,41.57122039794922
mp-aaacdmkb,3.694000005722046,0.45139312744140625
mp-aaacfxyl,140.63400268554688,137.91856384277344
mp-aaaaariw,64.61499786376953,74.20310974121094
mp-aaabxheh,50.858001708984375,53.96577072143555
mp-aaacdthg,59.81999969482422,57.86518478393555
mp-aaabglld,22.364999771118164,153.5969696044922
mp-aaabjlou,68.84500122070312,84.492431640625
mp-aaacdmou,10.354000091552734,4.0786895751953125
mp-aaaaacwf,174.36199951171875,171.2968292236328
mp-aaabfpxf,58.946998596191406,79.76982879638672
mp-aaaaabsx,4.638000011444092,10.493644714355469
mp-aaabfsnl,8.46399974822998,73.99190521240234
mp-aaacfzoj,19.850000381469727,23.07842254638672
mp-aaaabhab,99.99199676513672,67.20045471191406
mp-aaacesxm,76.62699890136719,95.93944549560547
mp-aaaaadmd,40.91899871826172,55.98917007446289
mp-aaaaahdh,96.91200256347656,111.81058502197266
mp-aaacapbl,115.90899658203125,121.56504821777344
mp-aaaaabdr,122.52899932861328,122.51905059814453
mp-aaaabihr,34.632999420166016,81.58531188964844
mp-aaabghnb,1.3849999904632568,28.187416076660156
mp-aaaaarcs,179.08799743652344,189.83868408203125
mp-aaaaacje,179.31199645996094,121.97888946533203
mp-aaaabpvv,15.527000427246094,29.582420349121094
mp-aaacgfqe,43.91699981689453,49.210350036621094
mp-aaaacaqx,53.744998931884766,43.70307159423828
mp-aaacfamv,160.406005859375,176.34677124023438
mp-aaacehwk,23.327999114990234,51.36025619506836
mp-aaaaanxd,89.85099792480469,77.71674346923828
mp-aaaaamdw,192.406005859375,154.04232788085938
mp-aaaaapvi,90.53600311279297,56.5063591003418
mp-aaacesxp,113.83100128173828,90.86773681640625
mp-aaaabwzg,80.15799713134766,86.98287200927734
mp-aaabnptq,-123.40499877929688,104.97792053222656
mp-aaacipiz,10.987000465393066,-68.1534423828125
mp-aaaaaupk,43.51499938964844,53.273048400878906
mp-aaaabudk,131.21499633789062,187.0915069580078
mp-aaaabzvn,15.28600025177002,59.73091506958008
mp-aaaaaosg,141.73199462890625,136.8498992919922
mp-aaaaargn,200.81399536132812,274.5574951171875
mp-aaaaaqwy,79.90799713134766,81.77051544189453
mp-aaaabjli,28.047000885009766,45.01365661621094
mp-aaacdpyt,136.67999267578125,132.516845703125
mp-aaaaakjx,129.45899963378906,206.70208740234375
mp-aaaabper,32.742000579833984,25.87738800048828
mp-aaaaacmx,73.4209976196289,61.72666931152344
mp-aaaabtfq,96.8270034790039,140.16734313964844
mp-aaadbfsb,120.3499984741211,91.22846221923828
mp-aaaaceus,21.21500015258789,46.53130340576172
mp-aaaaasxm,284.95001220703125,251.38536071777344
mp-aaaabdhf,103.00399780273438,107.8480453491211
mp-aaaaaeso,222.10800170898438,246.0449981689453
mp-aaaacajc,43.72600173950195,35.896568298339844
mp-aaacflti,260.4630126953125,235.53250122070312
mp-aaaaaazp,11.592000007629395,25.119163513183594
mp-aaaaanue,141.13600158691406,100.87432861328125
mp-aaaacgsf,103.83899688720703,120.10220336914062
mp-aaaaabwr,151.4499969482422,127.7110824584961
mp-aaabgkxr,14.21500015258789,7.385673522949219
mp-aaacfrmh,30.724000930786133,37.00370788574219
mp-aaaaahik,48.65800094604492,-12.678451538085938
mp-aaaaafxo,96.13899993896484,81.61680603027344
mp-aaaaabhe,58.74700164794922,65.83927917480469
mp-aaaaacwm,175.7740020751953,151.1980743408203
mp-aaaabibo,34.729000091552734,29.456954956054688
mp-aaacflmc,256.0769958496094,168.04119873046875
mp-aaabrahj,38.42900085449219,38.21992492675781
mp-aaaaansb,40.55500030517578,53.89989471435547
mp-aaaaaefn,180.96299743652344,198.08084106445312
mp-aaacrxpd,210.76199340820312,243.51028442382812
mp-aaaaahhu,176.28500366210938,133.8192138671875
mp-aaaabdgo,38.25199890136719,60.21073913574219
mp-aaaaadcd,110.24199676513672,128.3767547607422
mp-aaacfsil,115.66300201416016,117.61075592041016
mp-aaaabrpx,9.72700023651123,-18.65447998046875
mp-aaaaaedu,198.11500549316406,195.5498046875
mp-aaacgorx,148.14300537109375,163.72207641601562
mp-aaaaayej,25.141000747680664,30.17559814453125
mp-aaacdswh,60.525001525878906,58.52906036376953
mp-aaabxcoc,59.17300033569336,54.4880256652832
mp-aaacfyyw,42.41999816894531,58.9716796875
mp-aaaaahxr,58.07899856567383,55.910099029541016
mp-aaabglqg,34.35300064086914,58.730037689208984
mp-aaacevwx,153.08200073242188,142.995361328125
mp-aaaabtfw,119.01000213623047,117.74290466308594
mp-aaacettw,37.27399826049805,56.66918182373047
mp-aaaabjkn,27.922000885009766,45.03544616699219
