mat_id,true_bulk,cgcnn_pred_bulk,e3nn_pred_bulk,cgcnn_bulk_error,e3nn_bulk_error,true_shear,cgcnn_pred_shear,e3nn_pred_shear,cgcnn_shear_error,e3nn_shear_error
mp-aaaaaaac,167.333,150.185,171.444,17.148,4.111,48.283,48.608,52.733,0.325,4.450
mp-aaaaaaad,1.764,13.042,1.740,11.278,0.024,1.539,2.504,0.485,0.965,1.054
mp-aaaaaaae,31.333,54.864,41.936,23.531,10.603,10.674,6.302,-107.308,4.372,117.982
mp-aaaaaaah,2.556,4.314,3.636,1.758,1.080,23.233,-7.128,2.579,30.361,20.655
mp-aaaaaaai,364.864,363.474,354.810,1.390,10.054,168.117,185.233,181.168,17.116,13.051
mp-aaaaaaaj,39.667,-7.183,39.170,46.850,0.497,23.291,17.325,23.149,5.966,0.141
mp-aaaaaaak,79.667,64.848,78.798,14.819,0.869,32.205,34.410,28.452,2.205,3.753
mp-aaaaaaal,35.444,56.202,28.301,20.758,7.143,23.480,31.962,19.920,8.482,3.560
mp-aaaaaaan,208.000,191.013,169.466,16.987,38.534,70.333,90.790,61.810,20.457,8.522
mp-aaaaaaao,4.205,-12.055,8.320,16.260,4.115,14.783,8.858,5.115,5.925,9.668
mp-aaaaaaar,252.000,250.302,247.991,1.698,4.009,115.962,112.405,141.563,3.557,25.601
mp-aaaaaaas,38.582,37.521,34.731,1.061,3.851,24.074,21.505,20.596,2.569,3.478
mp-aaaaaaat,19.564,3.982,23.899,15.582,4.335,14.831,13.473,12.198,1.358,2.633
mp-aaaaaaau,124.667,127.565,133.373,2.898,8.706,111.333,88.752,134.982,22.581,23.649
mp-aaaaaaav,16.000,12.260,16.956,3.740,0.956,-5.400,4.493,7.890,9.893,13.290
mp-aaaaaaax,173.667,243.327,200.465,69.660,26.799,91.758,78.496,84.877,13.262,6.882
mp-aaaaaaba,26.051,22.789,28.970,3.262,2.919,16.960,9.237,17.328,7.723,0.368
mp-aaaaaabb,82.000,94.001,59.906,12.001,22.094,-14.585,32.511,-31.234,47.096,16.650
mp-aaaaaabc,39.332,40.142,49.660,0.810,10.328,33.858,22.480,26.131,11.378,7.727
mp-aaaaaabe,151.333,181.587,151.813,30.254,0.479,49.873,59.040,53.155,9.167,3.282
mp-aaaaaabg,58.000,65.677,60.754,7.677,2.754,45.296,35.770,37.870,9.526,7.425
mp-aaaaaabh,309.922,294.851,321.769,15.071,11.846,193.849,180.541,202.831,13.308,8.981
mp-aaaaaabi,106.449,96.406,110.604,10.043,4.155,57.175,86.180,44.125,29.005,13.049
mp-aaaaaabk,50.333,58.288,48.154,7.955,2.180,22.533,14.321,21.951,8.212,0.582
mp-aaaaaabl,54.667,51.596,57.748,3.071,3.081,39.950,31.801,33.185,8.149,6.765
mp-aaaaaabm,32.333,24.575,32.635,7.758,0.302,19.809,9.698,15.642,10.111,4.167
mp-aaaaaabn,28.000,32.640,31.136,4.640,3.136,4.500,4.906,1.625,0.406,2.875
mp-aaaaaabp,88.333,82.193,97.528,6.140,9.195,2.300,8.106,20.658,5.806,18.358
mp-aaaaaabq,195.274,178.224,203.064,17.050,7.790,60.272,53.826,76.818,6.446,16.546
mp-aaaaaabs,147.817,123.750,148.027,24.067,0.209,113.623,44.629,109.063,68.994,4.560
mp-aaaaaabt,17.333,16.616,19.762,0.717,2.429,7.716,9.202,12.917,1.486,5.200
mp-aaaaaabu,112.851,105.709,111.602,7.142,1.248,48.150,23.648,37.816,24.502,10.334
mp-aaaaaaby,194.667,180.014,197.990,14.653,3.323,64.639,53.069,46.795,11.570,17.843
mp-aaaaaabz,14.000,18.192,16.188,4.192,2.188,3.464,-0.008,8.149,3.472,4.686
mp-aaaaaacb,98.333,81.010,144.304,17.323,45.971,-47.416,-14.849,68.182,32.567,115.598
mp-aaaaaacd,46.770,51.194,44.058,4.424,2.712,3.778,14.853,9.703,11.075,5.925
mp-aaaaaace,8.104,12.946,14.363,4.842,6.259,5.821,6.434,8.869,0.613,3.048
mp-aaaaaack,96.222,84.941,99.883,11.281,3.661,12.069,35.209,63.157,23.140,51.088
mp-aaaaaacm,44.357,49.418,48.224,5.061,3.867,32.489,14.329,35.240,18.160,2.751
mp-aaaaaacp,54.626,58.475,48.925,3.849,5.701,32.060,14.194,23.607,17.866,8.453
mp-aaaaaacq,35.371,28.448,34.377,6.923,0.994,19.384,17.531,18.445,1.853,0.939
mp-aaaaaacr,36.888,28.306,36.451,8.582,0.437,24.131,18.876,20.245,5.255,3.886
mp-aaaaaact,15.667,18.484,18.506,2.817,2.840,10.087,-2.816,10.080,12.903,0.007
mp-aaaaaacu,112.809,114.001,117.011,1.192,4.202,62.418,26.911,45.928,35.507,16.491
mp-aaaaaacv,111.000,132.673,115.622,21.673,4.622,-30.471,-21.105,14.010,9.366,44.482
mp-aaaaaacw,253.000,229.199,262.568,23.801,9.568,150.239,140.422,158.303,9.817,8.064
mp-aaaaaacx,172.082,167.224,173.940,4.858,1.858,25.961,59.901,38.181,33.940,12.221
mp-aaaaaacy,10.667,17.749,10.804,7.082,0.137,5.773,11.440,7.864,5.667,2.091
mp-aaaaaada,69.539,70.584,73.208,1.045,3.669,38.678,67.068,42.756,28.390,4.078
mp-aaaaaadc,135.602,138.007,59.463,2.405,76.139,-10.141,-0.928,3.612,9.213,13.753
mp-aaaaaadd,134.333,132.959,132.756,1.374,1.578,-6.057,14.410,17.188,20.467,23.245
mp-aaaaaade,26.135,33.592,27.972,7.457,1.836,11.045,2.950,5.207,8.095,5.838
mp-aaaaaadg,47.109,48.467,48.526,1.358,1.417,25.036,20.366,16.944,4.670,8.092
mp-aaaaaadh,35.215,36.917,40.517,1.702,5.301,12.263,3.867,16.033,8.396,3.771
mp-aaaaaadi,36.553,27.996,36.263,8.557,0.290,23.388,18.425,20.189,4.963,3.199
mp-aaaaaadj,119.873,157.647,137.882,37.774,18.009,134.247,108.292,83.760,25.955,50.487
mp-aaaaaadk,40.179,25.198,38.073,14.981,2.106,26.545,18.765,22.145,7.780,4.400
mp-aaaaaadm,234.333,213.979,184.180,20.354,50.153,82.687,88.183,68.142,5.496,14.545
mp-aaaaaadn,302.333,277.083,306.717,25.250,4.384,147.872,150.962,145.043,3.090,2.829
mp-aaaaaado,107.726,99.514,120.910,8.212,13.184,62.778,97.385,75.518,34.607,12.740
mp-aaaaaadq,41.822,48.938,41.138,7.116,0.685,13.468,23.389,12.035,9.921,1.433
mp-aaaaaadr,12.333,18.937,8.533,6.604,3.800,7.305,7.154,-0.691,0.151,7.996
mp-aaaaaadt,32.000,24.520,33.521,7.480,1.521,16.790,8.270,16.412,8.520,0.378
mp-aaaaaadv,45.000,48.523,41.762,3.523,3.238,30.954,19.559,26.853,11.395,4.102
mp-aaaaaadw,99.000,87.172,111.239,11.828,12.239,-26.095,29.320,25.652,55.415,51.747
mp-aaaaaadx,345.333,318.509,356.659,26.824,11.326,209.089,164.709,225.673,44.380,16.584
mp-aaaaaady,200.667,173.564,227.547,27.103,26.881,120.079,132.912,125.841,12.833,5.762
mp-aaaaaadz,108.187,101.081,105.094,7.106,3.093,56.602,49.719,47.102,6.883,9.500
mp-aaaaaaea,33.861,58.262,33.913,24.401,0.053,21.487,27.612,21.921,6.125,0.434
mp-aaaaaaeb,34.158,38.628,42.854,4.470,8.696,11.343,15.916,22.374,4.573,11.031
mp-aaaaaaef,97.080,104.564,90.293,7.484,6.787,70.315,119.339,59.804,49.024,10.511
mp-aaaaaaeg,37.000,42.728,39.491,5.728,2.491,9.661,14.272,17.484,4.611,7.823
mp-aaaaaaeh,3.333,21.763,6.151,18.430,2.817,0.757,-9.806,3.186,10.563,2.429
mp-aaaaaaei,41.661,-9.782,37.365,51.443,4.295,26.978,14.622,22.904,12.356,4.074
mp-aaaaaaej,295.878,269.804,299.400,26.074,3.522,145.562,145.573,149.348,0.011,3.786
mp-aaaaaaek,35.000,44.357,33.033,9.357,1.967,17.591,7.335,2.908,10.256,14.683
mp-aaaaaaen,35.667,54.459,28.459,18.792,7.208,22.407,35.238,5.496,12.831,16.912
mp-aaaaaaes,8.667,11.443,9.209,2.776,0.542,5.773,6.925,6.015,1.152,0.242
mp-aaaaaaet,33.888,24.969,31.299,8.919,2.589,21.565,15.725,17.771,5.840,3.795
mp-aaaaaaeu,87.333,86.903,95.409,0.430,8.076,13.000,27.415,23.087,14.415,10.087
mp-aaaaaaew,248.000,219.987,258.324,28.013,10.324,49.470,79.111,80.276,29.641,30.806
mp-aaaaaaey,55.913,60.438,50.354,4.525,5.559,40.314,44.374,30.592,4.060,9.722
mp-aaaaaaez,262.667,249.101,261.752,13.566,0.914,116.776,103.009,121.090,13.767,4.313
mp-aaaaaafa,53.958,70.414,60.349,16.456,6.390,43.931,12.355,25.425,31.576,18.505
mp-aaaaaafb,93.959,99.684,92.997,5.725,0.961,33.144,26.028,37.775,7.116,4.631
mp-aaaaaafc,17.581,16.765,19.941,0.816,2.360,11.107,9.028,12.581,2.079,1.474
mp-aaaaaafd,56.667,55.735,57.566,0.932,0.900,22.394,29.442,28.251,7.048,5.858
mp-aaaaaafe,76.667,85.302,79.489,8.635,2.822,-14.330,25.517,31.918,39.847,46.248
mp-aaaaaaff,13.667,16.743,20.996,3.076,7.329,3.971,4.863,14.152,0.892,10.181
mp-aaaaaafg,295.839,292.621,236.870,3.218,58.969,180.673,176.578,122.009,4.095,58.664
mp-aaaaaafh,53.798,65.156,54.708,11.358,0.909,42.754,50.047,30.517,7.293,12.236
mp-aaaaaafj,11.317,16.112,11.729,4.795,0.412,8.107,12.154,8.081,4.047,0.026
mp-aaaaaafk,49.555,67.269,58.278,17.714,8.723,8.556,12.293,31.279,3.737,22.724
mp-aaaaaafm,50.028,57.970,48.466,7.942,1.562,30.113,28.597,24.846,1.516,5.267
mp-aaaaaafn,45.214,43.005,43.938,2.209,1.275,31.297,28.764,26.489,2.533,4.807
mp-aaaaaafo,43.081,42.735,41.420,0.346,1.661,28.241,21.218,23.684,7.023,4.557
mp-aaaaaafq,181.000,180.970,196.697,0.030,15.697,40.986,38.419,59.252,2.567,18.266
mp-aaaaaafr,4.163,0.884,9.598,3.279,5.435,4.161,6.303,-2.003,2.142,6.165
mp-aaaaaaft,89.000,86.005,87.854,2.995,1.146,62.211,60.337,42.269,1.874,19.942
mp-aaaaaafv,26.667,32.374,26.988,5.707,0.322,-5.150,3.173,4.434,8.323,9.584
mp-aaaaaafx,36.555,37.437,36.826,0.882,0.271,24.556,14.128,14.722,10.428,9.833
mp-aaaaaaga,20.333,22.128,30.541,1.795,10.208,13.928,8.436,19.275,5.492,5.347
mp-aaaaaagd,31.667,24.277,31.017,7.390,0.650,18.742,15.690,18.262,3.052,0.480
mp-aaaaaage,211.425,281.300,188.816,69.875,22.608,178.851,160.009,172.871,18.842,5.980
mp-aaaaaagg,14.333,13.714,20.120,0.619,5.787,8.441,5.890,13.817,2.551,5.377
mp-aaaaaagj,88.649,86.053,75.139,2.596,13.510,61.525,60.770,37.931,0.755,23.594
mp-aaaaaagk,17.000,15.170,16.848,1.830,0.152,1.538,5.746,9.212,4.208,7.674
mp-aaaaaagm,86.000,83.951,90.238,2.049,4.238,62.369,66.321,73.416,3.952,11.047
mp-aaaaaagn,115.531,209.984,40.384,94.453,75.148,80.699,67.278,-4.716,13.421,85.415
mp-aaaaaagp,216.998,227.193,229.868,10.195,12.870,101.670,109.024,116.139,7.354,14.468
mp-aaaaaagr,110.770,101.956,92.778,8.814,17.992,69.331,59.884,61.671,9.447,7.660
mp-aaaaaagw,72.185,74.317,76.528,2.132,4.343,37.710,26.488,43.503,11.222,5.793
mp-aaaaaagx,52.333,66.717,51.672,14.384,0.662,3.652,3.105,23.135,0.547,19.483
mp-aaaaaaha,41.513,44.769,47.020,3.256,5.507,31.231,34.335,34.376,3.104,3.146
mp-aaaaaahg,224.333,218.580,219.455,5.753,4.879,86.919,83.300,85.348,3.619,1.571
mp-aaaaaahh,203.667,206.535,238.010,2.868,34.343,99.546,88.408,115.139,11.138,15.593
mp-aaaaaahi,238.333,210.588,195.551,27.745,42.782,104.741,85.413,123.089,19.328,18.347
mp-aaaaaahj,106.667,113.302,110.551,6.635,3.885,41.552,35.535,36.203,6.017,5.349
mp-aaaaaahl,105.705,78.905,110.785,26.800,5.080,45.843,35.366,42.068,10.477,3.774
mp-aaaaaahn,175.000,175.893,185.541,0.893,10.541,74.139,65.732,82.121,8.407,7.982
mp-aaaaaaho,124.221,127.467,113.445,3.246,10.776,83.975,96.272,73.471,12.297,10.504
mp-aaaaaahv,114.485,83.722,109.803,30.763,4.682,31.682,44.256,34.911,12.574,3.229
mp-aaaaaahw,73.705,65.069,92.827,8.636,19.122,13.482,26.109,18.348,12.627,4.866
mp-aaaaaaif,55.000,48.394,54.089,6.606,0.911,19.064,15.227,18.491,3.837,0.572
mp-aaaaaaig,180.000,168.693,179.852,11.307,0.148,77.852,69.058,82.859,8.794,5.008
mp-aaaaaaih,56.667,61.469,60.655,4.802,3.988,33.949,31.268,35.436,2.681,1.488
mp-aaaaaaii,167.333,139.621,170.059,27.712,2.726,79.846,75.393,92.748,4.453,12.902
mp-aaaaaaij,57.333,50.615,56.005,6.718,1.328,21.267,15.699,13.836,5.568,7.430
mp-aaaaaaik,130.667,103.135,126.542,27.532,4.124,55.014,40.473,59.170,14.541,4.156
mp-aaaaaail,219.306,215.235,192.956,4.071,26.350,133.003,136.056,109.223,3.053,23.780
mp-aaaaaaim,126.886,187.358,129.332,60.472,2.447,4.617,32.908,23.016,28.291,18.398
mp-aaaaaaip,32.471,42.456,35.837,9.985,3.365,27.881,30.192,25.882,2.311,2.000
mp-aaaaaaiq,28.428,94.952,27.372,66.524,1.056,20.575,23.611,21.309,3.036,0.734
mp-aaaaaais,145.667,114.923,133.773,30.744,11.894,135.157,112.614,85.322,22.543,49.835
mp-aaaaaait,104.963,94.725,104.477,10.238,0.487,37.612,38.373,37.411,0.761,0.201
mp-aaaaaaiv,210.000,186.240,222.860,23.760,12.860,109.908,69.184,106.724,40.724,3.185
mp-aaaaaaiw,94.060,94.510,110.630,0.450,16.570,58.557,61.054,67.754,2.497,9.196
mp-aaaaaaiy,112.333,105.175,115.850,7.158,3.517,41.238,31.090,34.023,10.148,7.216
mp-aaaaaaiz,171.009,154.084,137.200,16.925,33.809,56.870,62.803,-22.901,5.933,79.771
mp-aaaaaajd,66.333,72.617,70.882,6.284,4.548,18.435,25.211,35.950,6.776,17.515
mp-aaaaaaje,131.667,119.349,123.947,12.318,7.720,41.990,19.313,27.203,22.677,14.787
mp-aaaaaajf,33.270,19.985,38.098,13.285,4.827,19.671,5.157,17.456,14.514,2.216
mp-aaaaaajh,95.667,97.380,97.347,1.713,1.680,27.988,22.419,31.996,5.569,4.008
mp-aaaaaaji,145.000,148.479,147.923,3.479,2.923,110.704,95.642,113.640,15.062,2.936
mp-aaaaaajm,102.667,73.766,89.986,28.901,12.681,36.329,37.886,57.378,1.557,21.049
mp-aaaaaajo,248.518,242.394,237.886,6.124,10.632,92.315,117.678,87.270,25.363,5.045
mp-aaaaaajp,117.716,112.015,133.779,5.701,16.062,70.003,77.153,86.219,7.150,16.216
mp-aaaaaajq,39.667,43.539,52.486,3.872,12.820,10.989,17.017,18.714,6.028,7.725
mp-aaaaaajr,330.333,337.512,355.789,7.179,25.455,142.725,132.499,129.833,10.226,12.892
mp-aaaaaajs,56.000,57.204,65.892,1.204,9.892,40.737,38.098,27.110,2.639,13.627
mp-aaaaaajv,17.228,31.687,20.308,14.459,3.080,6.482,11.944,11.902,5.462,5.420
mp-aaaaaajw,121.333,127.959,128.679,6.626,7.345,67.036,38.500,61.230,28.536,5.806
mp-aaaaaajy,138.667,142.157,139.870,3.490,1.203,8.619,3.986,16.723,4.633,8.104
mp-aaaaaajz,224.333,197.397,223.314,26.936,1.019,120.205,76.042,110.812,44.163,9.393
mp-aaaaaakg,123.868,107.447,128.035,16.421,4.167,49.982,38.970,48.325,11.012,1.657
mp-aaaaaako,96.664,109.163,86.448,12.499,10.215,54.800,65.181,43.743,10.381,11.057
mp-aaaaaakq,119.333,98.641,123.710,20.692,4.377,45.642,37.345,44.613,8.297,1.029
mp-aaaaaakt,141.965,147.214,125.970,5.249,15.995,68.041,50.739,62.991,17.302,5.050
mp-aaaaaaku,148.333,132.961,133.985,15.372,14.348,41.138,42.784,7.706,1.646,33.432
mp-aaaaaakv,93.386,66.465,110.515,26.921,17.129,14.294,23.680,33.515,9.386,19.221
mp-aaaaaakw,109.333,114.103,94.391,4.770,14.943,54.512,47.107,39.939,7.405,14.573
mp-aaaaaaky,179.000,173.298,178.076,5.702,0.924,123.635,124.303,120.989,0.668,2.646
mp-aaaaaalc,131.188,119.962,134.385,11.226,3.197,33.873,23.382,33.564,10.491,0.309
mp-aaaaaalf,248.000,225.039,239.030,22.961,8.970,130.278,118.621,122.683,11.657,7.595
mp-aaaaaalg,195.333,185.240,182.640,10.093,12.693,111.269,89.104,77.864,22.165,33.405
mp-aaaaaalj,77.000,82.850,86.814,5.850,9.814,53.277,39.738,54.304,13.539,1.027
mp-aaaaaalo,158.667,154.341,163.122,4.326,4.455,68.147,61.948,64.053,6.199,4.094
mp-aaaaaalr,47.661,54.938,59.945,7.277,12.284,27.253,22.126,34.269,5.127,7.016
mp-aaaaaalt,199.000,181.929,184.331,17.071,14.669,94.900,85.850,84.936,9.050,9.963
mp-aaaaaalu,33.098,86.017,67.217,52.919,34.120,36.033,40.032,50.002,3.999,13.968
mp-aaaaaalw,163.712,128.126,106.326,35.586,57.386,48.699,61.691,37.966,12.992,10.733
mp-aaaaaalx,83.615,80.172,81.882,3.443,1.734,36.285,31.824,33.841,4.461,2.444
mp-aaaaaamb,113.311,145.601,109.259,32.290,4.052,40.731,13.385,33.316,27.346,7.415
mp-aaaaaamc,85.430,91.535,93.306,6.105,7.876,46.510,46.295,46.746,0.215,0.235
mp-aaaaaamd,67.667,69.932,68.129,2.265,0.462,24.341,32.238,16.288,7.897,8.053
mp-aaaaaame,243.000,211.312,238.540,31.688,4.460,120.162,109.897,116.028,10.265,4.134
mp-aaaaaamf,140.333,141.153,149.078,0.820,8.744,55.365,29.595,59.888,25.770,4.523
mp-aaaaaamg,146.667,136.284,152.979,10.383,6.312,50.916,47.473,59.444,3.443,8.528
mp-aaaaaamh,48.212,44.670,50.343,3.542,2.131,19.014,22.093,20.599,3.079,1.585
mp-aaaaaamj,80.222,97.553,72.275,17.331,7.947,28.103,66.647,23.711,38.544,4.391
mp-aaaaaamk,23.059,20.206,21.238,2.853,1.821,10.104,2.995,6.810,7.109,3.294
mp-aaaaaaml,127.447,125.201,115.950,2.246,11.497,36.140,25.639,35.912,10.501,0.227
mp-aaaaaamq,118.015,120.620,111.816,2.605,6.199,20.096,28.762,37.529,8.666,17.433
mp-aaaaaamt,78.667,81.329,91.094,2.662,12.427,42.956,41.414,48.863,1.542,5.907
mp-aaaaaamv,163.605,156.917,176.330,6.688,12.725,83.628,75.922,69.788,7.706,13.839
mp-aaaaaamw,100.994,107.951,99.837,6.957,1.156,39.361,24.775,43.662,14.586,4.301
mp-aaaaaamx,47.727,51.409,52.876,3.682,5.149,29.160,32.171,29.129,3.011,0.030
mp-aaaaaand,30.829,25.567,16.621,5.262,14.209,23.545,25.497,7.969,1.952,15.576
mp-aaaaaane,61.000,58.521,63.488,2.479,2.488,21.978,22.491,30.427,0.513,8.449
mp-aaaaaanf,133.333,118.254,116.371,15.079,16.963,87.795,44.566,61.591,43.229,26.203
mp-aaaaaang,179.907,199.985,168.833,20.078,11.074,115.915,92.513,102.626,23.402,13.289
mp-aaaaaanh,172.333,230.968,166.596,58.635,5.738,90.894,91.528,90.260,0.634,0.634
mp-aaaaaank,97.667,85.393,99.510,12.274,1.843,38.381,27.487,33.716,10.894,4.665
mp-aaaaaanl,52.542,75.695,77.427,23.153,24.885,41.832,54.461,54.275,12.629,12.444
mp-aaaaaanm,68.312,72.172,74.025,3.860,5.713,35.950,43.914,42.587,7.964,6.637
mp-aaaaaann,164.918,154.733,182.314,10.185,17.396,90.959,88.291,98.604,2.668,7.645
mp-aaaaaano,204.839,191.730,208.483,13.109,3.644,100.544,110.197,95.670,9.653,4.874
mp-aaaaaanr,64.706,77.181,61.781,12.475,2.925,32.956,37.818,35.950,4.862,2.994
mp-aaaaaant,120.333,102.340,127.852,17.993,7.519,51.438,40.278,54.732,11.160,3.294
mp-aaaaaanx,112.000,64.334,116.214,47.666,4.214,7.741,4.737,17.509,3.004,9.767
mp-aaaaaany,127.111,112.615,87.705,14.496,39.406,55.316,69.955,22.626,14.639,32.691
mp-aaaaaanz,144.229,126.278,113.112,17.951,31.117,108.883,89.971,70.827,18.912,38.056
mp-aaaaaaoa,194.667,177.656,196.762,17.011,2.095,98.589,93.178,97.346,5.411,1.243
mp-aaaaaaob,158.913,177.615,158.425,18.702,0.489,113.752,107.218,132.696,6.534,18.944
mp-aaaaaaoe,2.848,0.639,-2.457,2.209,5.305,18.627,33.197,4.181,14.570,14.446
mp-aaaaaaog,71.667,46.848,61.298,24.819,10.369,33.978,38.726,17.813,4.748,16.165
mp-aaaaaaoi,237.333,219.604,239.971,17.729,2.638,109.441,106.948,107.593,2.493,1.848
mp-aaaaaaok,259.889,292.504,269.959,32.615,10.070,185.887,169.744,180.264,16.143,5.623
mp-aaaaaaol,152.667,133.902,112.278,18.765,40.388,64.134,48.118,52.157,16.016,11.976
mp-aaaaaaom,56.333,56.187,55.911,0.146,0.422,17.000,20.334,18.920,3.334,1.920
mp-aaaaaaon,122.333,122.401,127.179,0.068,4.846,52.662,45.335,50.214,7.327,2.448
mp-aaaaaaoo,93.997,89.767,93.801,4.230,0.197,66.933,49.529,63.519,17.404,3.414
mp-aaaaaaop,50.333,52.388,56.478,2.055,6.144,2.456,20.687,-1.845,18.231,4.300
mp-aaaaaaoq,56.421,48.810,52.934,7.611,3.487,27.733,25.159,16.956,2.574,10.777
mp-aaaaaaor,257.333,229.816,244.773,27.517,12.561,93.086,102.964,133.600,9.878,40.514
mp-aaaaaaou,57.481,42.581,71.617,14.900,14.136,36.974,38.425,40.917,1.451,3.943
mp-aaaaaaoz,151.170,146.870,175.790,4.300,24.620,53.640,44.118,85.400,9.522,31.760
mp-aaaaaapa,185.061,155.967,225.597,29.094,40.535,48.262,63.569,65.949,15.307,17.687
mp-aaaaaapc,75.667,91.522,70.662,15.855,5.004,32.737,27.508,28.323,5.229,4.414
mp-aaaaaapf,102.660,73.946,95.332,28.714,7.328,84.713,82.549,70.054,2.164,14.659
mp-aaaaaaph,38.667,42.474,27.636,3.807,11.030,24.556,5.726,11.876,18.830,12.680
mp-aaaaaapi,73.667,69.991,71.623,3.676,2.044,44.789,34.041,45.060,10.748,0.270
mp-aaaaaapj,45.055,46.638,48.136,1.583,3.081,28.919,24.000,19.162,4.919,9.757
mp-aaaaaapk,72.000,78.588,67.961,6.588,4.039,47.286,37.704,46.606,9.582,0.680
mp-aaaaaapl,55.694,34.795,58.660,20.899,2.967,37.414,28.203,32.624,9.211,4.791
mp-aaaaaapm,54.800,66.555,52.709,11.755,2.091,28.329,27.336,19.803,0.993,8.527
mp-aaaaaapo,46.604,34.370,43.113,12.234,3.491,23.415,17.715,19.099,5.700,4.317
mp-aaaaaapq,35.333,43.471,35.654,8.138,0.320,13.000,6.222,6.276,6.778,6.724
mp-aaaaaaps,49.667,58.137,35.284,8.470,14.382,43.000,23.056,23.172,19.944,19.828
mp-aaaaaapt,27.110,38.209,25.429,11.099,1.681,13.242,12.255,-1.352,0.987,14.593
mp-aaaaaapu,141.000,127.720,133.445,13.280,7.555,61.422,53.104,55.863,8.318,5.559
mp-aaaaaapx,118.365,103.263,110.079,15.102,8.285,69.000,72.675,64.358,3.675,4.642
mp-aaaaaapz,339.617,355.151,282.715,15.534,56.902,206.703,200.604,189.277,6.099,17.426
mp-aaaaaaqa,280.000,260.700,279.838,19.300,0.162,116.695,136.929,117.409,20.234,0.714
mp-aaaaaaqb,183.333,167.829,202.978,15.504,19.645,84.998,69.934,82.243,15.064,2.756
mp-aaaaaaqd,154.000,167.455,136.109,13.455,17.891,91.262,75.609,66.736,15.653,24.526
mp-aaaaaaqg,92.333,33.323,82.039,59.010,10.294,66.907,64.149,33.621,2.758,33.286
mp-aaaaaaqh,152.562,149.532,164.175,3.030,11.613,42.577,45.936,56.117,3.359,13.540
mp-aaaaaaqj,153.490,157.123,145.934,3.633,7.556,127.324,116.510,127.828,10.814,0.504
mp-aaaaaaqk,132.881,117.509,128.058,15.372,4.823,42.146,50.665,49.632,8.519,7.487
mp-aaaaaaql,160.350,160.149,136.986,0.201,23.364,85.352,81.896,76.007,3.456,9.345
mp-aaaaaaqm,38.333,38.269,36.898,0.064,1.436,27.949,18.567,21.198,9.382,6.751
mp-aaaaaaqn,144.422,155.053,160.718,10.631,16.296,62.278,52.993,62.430,9.285,0.152
mp-aaaaaaqo,158.141,198.241,225.578,40.100,67.437,88.313,107.087,96.765,18.774,8.452
mp-aaaaaaqq,234.260,213.972,226.809,20.288,7.451,50.798,87.671,46.770,36.873,4.027
mp-aaaaaaqr,64.554,67.456,61.532,2.902,3.022,41.975,33.280,43.327,8.695,1.352
mp-aaaaaaqt,68.333,76.651,65.692,8.318,2.641,31.179,28.892,27.347,2.287,3.832
mp-aaaaaaqu,101.000,96.607,108.541,4.393,7.541,26.390,24.981,30.369,1.409,3.979
mp-aaaaaaqv,81.333,80.978,82.592,0.355,1.258,25.457,17.047,31.372,8.410,5.915
mp-aaaaaaqw,74.265,57.714,73.956,16.551,0.310,35.917,29.009,34.217,6.908,1.700
mp-aaaaaaqz,11.333,-3.252,10.670,14.585,0.664,6.195,10.248,4.155,4.053,2.041
mp-aaaaaarb,65.886,56.130,63.023,9.756,2.863,15.220,24.445,15.518,9.225,0.298
mp-aaaaaare,242.667,230.237,259.275,12.430,16.608,85.195,81.619,105.871,3.576,20.676
mp-aaaaaarg,248.333,234.577,250.238,13.756,1.905,47.961,53.276,64.998,5.315,17.038
mp-aaaaaarh,178.444,179.391,191.862,0.947,13.418,105.458,102.385,95.993,3.073,9.464
mp-aaaaaari,286.472,304.425,283.612,17.953,2.860,201.409,182.205,192.738,19.204,8.671
mp-aaaaaarj,160.333,165.559,164.946,5.226,4.612,81.031,61.272,81.181,19.759,0.149
mp-aaaaaark,108.333,119.317,117.254,10.984,8.921,83.104,80.193,93.771,2.911,10.667
mp-aaaaaarm,39.290,53.981,48.089,14.691,8.799,22.767,25.866,27.371,3.099,4.604
mp-aaaaaarq,215.040,166.318,206.064,48.722,8.976,78.123,93.833,80.633,15.710,2.510
mp-aaaaaars,50.333,47.250,47.728,3.083,2.606,26.639,21.269,24.178,5.370,2.461
mp-aaaaaarv,29.667,30.648,27.189,0.981,2.478,16.515,11.512,17.289,5.003,0.775
mp-aaaaaarw,83.333,66.268,85.461,17.065,2.128,29.880,26.482,32.765,3.398,2.885
mp-aaaaaarz,147.345,156.237,166.121,8.892,18.776,48.615,69.478,81.289,20.863,32.674
mp-aaaaaasa,40.163,92.269,64.763,52.106,24.600,53.536,61.181,30.571,7.645,22.965
mp-aaaaaasc,203.190,160.345,232.016,42.845,28.825,130.127,132.674,159.558,2.547,29.430
mp-aaaaaasd,36.743,44.956,32.212,8.213,4.531,18.492,15.826,13.003,2.666,5.489
mp-aaaaaasf,13.706,41.460,18.150,27.754,4.444,6.789,28.075,9.535,21.286,2.747
mp-aaaaaasg,98.455,79.848,100.161,18.607,1.706,38.450,23.922,14.825,14.528,23.625
mp-aaaaaash,72.667,68.691,86.512,3.976,13.846,34.198,31.025,41.547,3.173,7.349
mp-aaaaaasj,72.148,68.576,73.086,3.572,0.938,53.214,39.238,50.566,13.976,2.648
mp-aaaaaasm,166.667,156.701,166.029,9.966,0.638,74.846,65.313,70.988,9.533,3.859
mp-aaaaaasn,198.000,202.765,200.616,4.765,2.616,89.943,72.791,96.585,17.152,6.642
mp-aaaaaasq,15.372,31.109,21.594,15.737,6.222,11.329,11.110,15.068,0.219,3.739
mp-aaaaaasr,174.697,158.605,167.729,16.092,6.967,68.458,60.816,68.912,7.642,0.454
mp-aaaaaass,113.045,121.319,101.004,8.274,12.042,67.147,79.864,47.469,12.717,19.678
mp-aaaaaast,137.070,128.506,141.454,8.564,4.384,114.061,137.134,94.832,23.073,19.229
mp-aaaaaasu,64.689,74.307,68.838,9.618,4.149,18.140,18.630,29.083,0.490,10.942
mp-aaaaaasv,108.646,118.298,118.530,9.652,9.884,58.049,62.468,77.633,4.419,19.584
mp-aaaaaasy,278.333,298.867,231.734,20.534,46.600,191.772,134.598,160.851,57.174,30.920
mp-aaaaaatb,69.333,73.245,70.490,3.912,1.157,43.983,44.844,46.423,0.861,2.440
mp-aaaaaatc,58.333,64.238,59.633,5.905,1.300,29.639,38.174,30.282,8.535,0.642
mp-aaaaaatg,23.249,30.003,24.657,6.754,1.408,15.852,13.639,12.723,2.213,3.130
mp-aaaaaath,24.549,25.111,27.131,0.562,2.582,16.190,14.774,15.607,1.416,0.584
mp-aaaaaatj,118.000,87.710,138.835,30.290,20.835,37.468,24.593,57.115,12.875,19.646
mp-aaaaaatk,79.403,86.128,72.936,6.725,6.468,26.916,27.347,29.231,0.431,2.316
mp-aaaaaatm,93.000,96.752,103.267,3.752,10.267,7.917,16.440,31.585,8.523,23.668
mp-aaaaaatn,202.711,176.749,207.804,25.962,5.093,59.167,76.608,68.053,17.441,8.887
mp-aaaaaatu,110.333,109.666,108.852,0.667,1.481,59.575,56.085,59.387,3.490,0.188
mp-aaaaaatw,63.333,67.687,58.730,4.354,4.604,36.621,27.879,35.493,8.742,1.128
mp-aaaaaatx,184.748,179.122,182.351,5.626,2.397,145.898,140.585,145.604,5.313,0.294
mp-aaaaaauc,138.183,132.952,151.985,5.231,13.802,31.438,30.722,52.822,0.716,21.384
mp-aaaaaaud,62.363,101.251,74.255,38.888,11.892,47.309,60.372,47.638,13.063,0.329
mp-aaaaaauh,19.333,30.913,22.419,11.580,3.085,12.114,8.584,7.943,3.530,4.171
mp-aaaaaauo,246.641,264.821,245.898,18.180,0.744,160.117,155.121,188.616,4.996,28.499
mp-aaaaaaup,193.000,198.548,205.064,5.548,12.064,56.416,61.866,94.167,5.450,37.751
mp-aaaaaaus,34.342,41.334,31.975,6.992,2.367,13.085,11.904,10.569,1.181,2.516
mp-aaaaaaut,31.035,13.455,29.578,17.580,1.457,22.865,32.290,17.041,9.425,5.824
mp-aaaaaauu,125.444,151.607,129.355,26.163,3.911,65.178,55.064,50.659,10.114,14.519
mp-aaaaaauv,187.333,169.256,180.211,18.077,7.123,85.567,44.191,69.463,41.376,16.104
mp-aaaaaauw,27.000,20.947,26.807,6.053,0.193,14.259,12.343,12.171,1.916,2.088
mp-aaaaaauy,169.000,172.126,160.955,3.126,8.045,-0.750,24.837,51.091,25.587,51.841
mp-aaaaaava,156.667,147.085,159.086,9.582,2.420,61.891,51.869,58.263,10.022,3.627
mp-aaaaaavc,228.667,202.421,229.536,26.246,0.870,56.969,70.563,66.529,13.594,9.560
mp-aaaaaavd,65.333,72.539,77.228,7.206,11.894,33.826,30.496,42.883,3.330,9.057
mp-aaaaaave,92.000,93.276,83.853,1.276,8.147,58.702,61.519,59.874,2.817,1.172
mp-aaaaaavf,43.000,45.768,36.433,2.768,6.567,31.799,29.226,18.743,2.573,13.056
mp-aaaaaavj,184.938,193.774,192.069,8.836,7.131,89.332,78.589,79.713,10.743,9.619
mp-aaaaaavk,139.037,130.304,146.811,8.733,7.774,38.519,28.571,59.828,9.948,21.309
mp-aaaaaavl,31.496,25.179,45.935,6.317,14.438,29.337,25.383,20.729,3.954,8.608
mp-aaaaaavn,124.667,118.034,131.883,6.633,7.216,48.208,37.523,58.199,10.685,9.991
mp-aaaaaavo,105.034,101.659,102.548,3.375,2.486,44.992,27.295,32.936,17.697,12.055
mp-aaaaaavq,105.333,96.013,103.273,9.320,2.061,55.592,40.544,46.513,15.048,9.080
mp-aaaaaavr,383.333,346.366,503.860,36.967,120.527,176.005,173.518,283.711,2.487,107.705
mp-aaaaaavs,97.931,90.454,97.086,7.477,0.845,19.396,22.163,23.332,2.767,3.935
mp-aaaaaavt,107.601,114.329,112.522,6.728,4.921,50.686,62.867,56.462,12.181,5.776
mp-aaaaaavw,89.304,94.414,96.583,5.110,7.279,54.631,46.391,53.081,8.240,1.550
mp-aaaaaavy,58.333,58.974,55.713,0.641,2.620,21.466,22.818,28.668,1.352,7.202
mp-aaaaaavz,155.000,149.359,169.955,5.641,14.955,-22.970,20.196,42.717,43.166,65.687
mp-aaaaaawa,51.000,50.427,53.667,0.573,2.667,18.392,26.967,21.852,8.575,3.460
mp-aaaaaawb,88.723,86.633,89.440,2.090,0.717,34.355,33.530,34.913,0.825,0.559
mp-aaaaaawc,213.758,180.182,213.354,33.576,0.404,78.439,85.461,80.257,7.022,1.818
mp-aaaaaawe,223.168,249.155,222.855,25.987,0.313,155.497,154.461,193.643,1.036,38.146
mp-aaaaaawg,82.698,77.619,91.651,5.079,8.953,22.141,25.083,30.920,2.942,8.778
mp-aaaaaawh,110.667,161.989,268.395,51.322,157.729,96.476,127.889,129.610,31.413,33.133
mp-aaaaaawi,120.564,146.275,165.988,25.711,45.424,143.407,129.771,158.834,13.636,15.426
mp-aaaaaawk,195.667,198.576,198.922,2.909,3.256,73.651,66.275,76.160,7.376,2.509
mp-aaaaaawn,253.339,278.960,225.393,25.621,27.946,171.481,162.868,142.982,8.613,28.499
mp-aaaaaawr,67.269,60.864,91.301,6.405,24.032,24.456,13.689,20.921,10.767,3.535
mp-aaaaaaws,128.819,160.402,132.759,31.583,3.941,45.113,51.084,52.952,5.971,7.839
mp-aaaaaawu,215.000,205.808,214.763,9.192,0.237,108.666,78.526,96.492,30.140,12.174
mp-aaaaaaww,134.443,122.241,128.299,12.202,6.144,15.670,37.809,23.279,22.139,7.609
mp-aaaaaawz,152.701,144.371,147.609,8.330,5.093,38.619,36.885,57.409,1.734,18.790
mp-aaaaaaxc,44.667,48.372,66.210,3.705,21.543,-6.892,14.050,45.654,20.942,52.546
mp-aaaaaaxd,75.667,79.683,75.448,4.016,0.219,50.350,43.336,39.464,7.014,10.886
mp-aaaaaaxe,16.933,29.558,10.645,12.625,6.289,13.997,7.498,6.933,6.499,7.063
mp-aaaaaaxf,125.333,134.086,97.523,8.753,27.810,84.757,85.769,53.136,1.012,31.620
mp-aaaaaaxi,100.333,90.745,90.882,9.588,9.452,49.491,49.642,40.631,0.151,8.859
mp-aaaaaaxj,220.000,194.225,169.524,25.775,50.476,-7.562,6.459,32.693,14.021,40.255
mp-aaaaaaxk,143.333,165.658,212.520,22.325,69.187,94.355,108.260,106.969,13.905,12.615
mp-aaaaaaxm,61.718,82.514,92.457,20.796,30.739,55.512,36.801,34.143,18.711,21.369
mp-aaaaaaxp,106.136,109.560,110.433,3.424,4.296,24.944,23.960,31.330,0.984,6.387
mp-aaaaaaxr,41.667,37.390,41.823,4.277,0.156,21.056,21.812,23.362,0.756,2.307
mp-aaaaaaxt,41.108,168.335,81.404,127.227,40.296,30.103,46.716,32.390,16.613,2.287
mp-aaaaaaxz,143.432,126.864,110.669,16.568,32.763,27.162,18.472,18.915,8.690,8.248
mp-aaaaaayb,106.000,121.227,77.604,15.227,28.396,52.469,37.229,46.388,15.240,6.081
mp-aaaaaayd,76.667,72.904,68.078,3.763,8.588,34.557,17.252,23.301,17.305,11.256
mp-aaaaaaye,110.122,110.921,116.362,0.799,6.239,23.323,33.434,47.346,10.111,24.023
mp-aaaaaayh,251.333,237.202,260.929,14.131,9.595,172.492,168.477,185.347,4.015,12.855
mp-aaaaaayi,37.824,69.227,133.332,31.403,95.508,764.209,24.150,41.367,740.059,722.842
mp-aaaaaayj,56.333,58.295,55.302,1.962,1.031,23.922,16.786,21.424,7.136,2.498
mp-aaaaaayk,9.228,33.539,55.266,24.311,46.038,7.571,18.477,12.975,10.906,5.405
mp-aaaaaayl,184.667,178.603,189.477,6.064,4.811,84.372,71.627,87.083,12.745,2.711
mp-aaaaaayn,177.591,193.422,161.667,15.831,15.924,139.447,139.011,131.317,0.436,8.129
mp-aaaaaayo,52.253,55.338,70.134,3.085,17.881,24.573,26.133,39.601,1.560,15.028
mp-aaaaaayt,188.667,160.829,195.069,27.838,6.403,91.115,68.929,95.956,22.186,4.840
mp-aaaaaayv,85.667,83.069,83.446,2.598,2.220,59.066,51.937,57.119,7.129,1.947
mp-aaaaaayw,48.000,41.892,45.092,6.108,2.908,19.312,21.447,14.963,2.135,4.349
mp-aaaaaayx,178.170,169.533,173.135,8.637,5.034,100.946,99.938,89.456,1.008,11.490
mp-aaaaaayy,28.000,33.077,25.109,5.077,2.891,19.198,3.028,9.922,16.170,9.276
mp-aaaaaayz,263.667,245.294,227.288,18.373,36.379,110.415,88.145,91.242,22.270,19.172
mp-aaaaaaza,142.000,113.110,129.157,28.890,12.843,131.800,98.879,122.756,32.921,9.044
mp-aaaaaazg,104.333,96.413,90.016,7.920,14.318,42.218,40.608,28.580,1.610,13.638
mp-aaaaaazh,47.121,61.184,51.597,14.063,4.476,21.119,23.570,32.225,2.451,11.106
mp-aaaaaazl,194.359,163.046,188.685,31.313,5.675,122.221,118.356,121.010,3.865,1.211
mp-aaaaaazm,118.977,107.416,119.824,11.561,0.847,24.070,39.061,38.568,14.991,14.498
mp-aaaaaazn,71.163,75.502,69.036,4.339,2.127,48.035,23.303,41.708,24.732,6.327
mp-aaaaaazp,11.469,25.119,15.527,13.650,4.058,9.228,14.267,5.171,5.039,4.056
mp-aaaaaazs,68.951,74.376,63.086,5.425,5.865,52.991,37.882,38.855,15.109,14.136
mp-aaaaaazt,86.836,86.914,87.754,0.078,0.917,60.695,49.162,56.962,11.533,3.733
mp-aaaaaazw,53.000,49.772,47.319,3.228,5.681,17.343,21.689,7.972,4.346,9.370
mp-aaaaaazx,124.000,115.739,125.580,8.261,1.580,46.909,46.504,45.582,0.405,1.327
mp-aaaaaazy,110.000,96.841,109.535,13.159,0.465,45.956,18.857,31.435,27.099,14.521
mp-aaaaaazz,213.667,186.706,207.896,26.961,5.770,87.272,75.471,73.472,11.801,13.801
mp-aaaaabaa,46.746,59.381,44.381,12.635,2.365,23.511,22.228,25.085,1.283,1.574
mp-aaaaabad,145.667,128.712,151.616,16.955,5.949,65.507,45.134,69.262,20.373,3.755
mp-aaaaabag,46.000,55.604,47.165,9.604,1.165,30.300,38.605,31.401,8.305,1.101
mp-aaaaabap,23.806,26.566,31.510,2.760,7.704,14.699,16.407,13.919,1.708,0.780
mp-aaaaabaq,56.771,110.141,58.509,53.370,1.738,24.278,30.485,32.528,6.207,8.250
mp-aaaaabar,40.667,39.879,42.057,0.788,1.391,15.268,17.135,22.839,1.867,7.570
mp-aaaaabas,17.602,27.106,31.367,9.504,13.765,10.540,20.460,17.395,9.920,6.855
mp-aaaaabau,173.698,162.011,195.053,11.687,21.355,69.932,46.958,94.553,22.974,24.621
mp-aaaaabav,192.000,115.802,187.566,76.198,4.434,98.931,77.245,99.444,21.686,0.513
mp-aaaaabay,19.619,21.696,27.077,2.077,7.458,13.705,22.949,14.917,9.244,1.212
mp-aaaaabbe,30.791,34.664,48.544,3.873,17.752,11.674,17.040,19.644,5.366,7.970
mp-aaaaabbg,66.667,66.044,42.413,0.623,24.254,39.657,33.412,16.010,6.245,23.648
mp-aaaaabbi,80.333,83.265,86.937,2.932,6.604,55.371,47.675,56.640,7.696,1.269
mp-aaaaabbk,70.333,55.216,73.322,15.117,2.988,31.779,30.466,34.140,1.313,2.362
mp-aaaaabbn,245.333,232.722,246.123,12.611,0.790,126.226,102.424,101.589,23.802,24.637
mp-aaaaabbp,169.021,154.616,184.763,14.405,15.742,157.759,74.382,164.517,83.377,6.759
mp-aaaaabbq,145.667,133.098,148.639,12.569,2.972,54.598,40.720,41.669,13.878,12.929
mp-aaaaabbs,6.745,19.465,21.810,12.720,15.065,4.251,5.688,2.844,1.437,1.407
mp-aaaaabbt,54.667,52.360,58.698,2.307,4.031,21.994,20.506,24.851,1.488,2.857
mp-aaaaabbx,234.881,209.250,241.738,25.631,6.857,100.838,99.932,115.921,0.906,15.083
mp-aaaaabby,17.598,44.558,16.272,26.960,1.327,10.337,16.316,16.425,5.979,6.088
mp-aaaaabca,50.619,57.810,39.704,7.191,10.915,21.766,13.380,17.786,8.386,3.981
mp-aaaaabcb,247.000,234.061,237.571,12.939,9.429,154.444,149.134,143.031,5.310,11.412
mp-aaaaabcc,175.333,103.260,143.792,72.073,31.541,117.676,100.676,104.258,17.000,13.419
mp-aaaaabcd,42.730,45.945,48.495,3.215,5.764,17.714,15.296,20.130,2.418,2.416
mp-aaaaabcf,37.739,41.213,35.320,3.474,2.418,28.963,30.214,25.379,1.251,3.584
mp-aaaaabci,39.828,51.096,40.605,11.268,0.777,34.556,24.388,22.037,10.168,12.519
mp-aaaaabck,72.333,76.808,96.410,4.475,24.076,24.165,37.581,40.531,13.416,16.366
mp-aaaaabcl,138.704,125.996,146.383,12.708,7.680,90.189,87.020,75.248,3.169,14.941
mp-aaaaabcn,224.876,210.533,238.857,14.343,13.981,93.398,111.571,124.226,18.173,30.829
mp-aaaaabco,130.789,116.914,131.384,13.875,0.594,54.197,44.195,52.182,10.002,2.015
mp-aaaaabcp,18.002,13.078,19.908,4.924,1.906,9.331,15.233,8.505,5.902,0.826
mp-aaaaabcq,88.667,95.547,84.996,6.880,3.671,61.435,55.215,62.331,6.220,0.896
mp-aaaaabcr,50.000,55.182,53.934,5.182,3.934,18.579,22.505,22.715,3.926,4.136
mp-aaaaabct,103.333,103.499,96.671,0.166,6.663,39.599,31.871,28.118,7.728,11.481
mp-aaaaabcv,145.000,141.926,131.632,3.074,13.368,105.509,84.812,85.622,20.697,19.887
mp-aaaaabcz,47.715,61.665,45.304,13.950,2.410,28.498,22.562,22.763,5.936,5.735
mp-aaaaabda,95.333,70.511,93.231,24.822,2.103,49.111,47.216,55.549,1.895,6.438
mp-aaaaabdb,98.715,115.601,93.741,16.886,4.974,63.712,67.894,57.052,4.182,6.660
mp-aaaaabdc,79.667,78.675,72.805,0.992,6.861,56.224,47.129,55.733,9.095,0.490
mp-aaaaabdd,34.820,37.496,37.802,2.676,2.982,30.104,23.302,23.328,6.802,6.777
mp-aaaaabdf,49.643,66.837,49.242,17.194,0.401,28.940,14.043,23.604,14.897,5.336
mp-aaaaabdg,125.464,64.804,123.042,60.660,2.422,92.389,67.848,68.683,24.541,23.706
mp-aaaaabdi,20.616,45.068,34.479,24.452,13.863,8.210,23.588,15.859,15.378,7.649
mp-aaaaabdj,147.605,169.504,139.993,21.899,7.613,114.018,78.611,113.999,35.407,0.019
mp-aaaaabdm,150.761,142.261,150.358,8.500,0.402,105.833,92.247,121.137,13.586,15.305
mp-aaaaabdn,43.686,52.234,58.398,8.548,14.712,34.808,43.950,37.272,9.142,2.464
mp-aaaaabdo,78.000,87.541,79.979,9.541,1.979,59.987,53.870,67.953,6.117,7.965
mp-aaaaabdr,122.449,122.519,154.209,0.070,31.760,79.816,61.938,79.152,17.878,0.664
mp-aaaaabds,89.679,90.132,97.792,0.453,8.113,29.616,39.209,41.856,9.593,12.240
mp-aaaaabdu,125.133,114.089,125.437,11.044,0.304,64.983,46.685,58.717,18.298,6.266
mp-aaaaabdv,77.749,84.466,78.127,6.717,0.377,43.634,41.223,50.324,2.411,6.690
mp-aaaaabdw,45.667,49.816,108.836,4.149,63.170,17.236,20.292,7.948,3.056,9.288
mp-aaaaabdy,218.940,217.135,202.392,1.805,16.548,95.009,99.615,93.652,4.606,1.356
mp-aaaaabec,53.127,48.365,61.703,4.762,8.576,18.119,17.190,24.047,0.929,5.928
mp-aaaaabeg,56.698,65.297,79.569,8.599,22.871,42.142,29.249,35.963,12.893,6.179
mp-aaaaabei,114.757,117.065,124.462,2.308,9.704,50.524,65.718,53.408,15.194,2.884
mp-aaaaabek,183.000,186.076,187.100,3.076,4.100,79.510,67.332,84.076,12.178,4.566
mp-aaaaaben,40.731,45.114,34.140,4.383,6.591,26.733,30.723,21.029,3.990,5.704
mp-aaaaabeo,43.618,60.463,55.960,16.845,12.341,23.300,21.882,30.239,1.418,6.939
mp-aaaaabep,52.180,57.274,53.905,5.094,1.725,36.233,43.274,30.678,7.041,5.554
mp-aaaaabeq,159.333,152.997,163.249,6.336,3.916,13.212,35.548,56.222,22.336,43.009
mp-aaaaaber,127.000,120.264,136.677,6.736,9.677,47.974,48.651,57.954,0.677,9.981
mp-aaaaabeu,174.997,153.060,179.453,21.937,4.457,164.890,147.007,159.547,17.883,5.343
mp-aaaaabev,290.333,278.848,278.344,11.485,11.989,121.779,119.587,135.609,2.192,13.830
mp-aaaaabey,172.000,172.845,176.177,0.845,4.177,105.052,89.607,108.627,15.445,3.575
mp-aaaaabfa,46.333,44.015,108.806,2.318,62.473,17.861,25.037,34.525,7.176,16.664
mp-aaaaabfe,108.426,125.582,126.758,17.156,18.332,50.145,48.279,58.436,1.866,8.291
mp-aaaaabff,147.701,137.370,139.658,10.331,8.043,62.277,50.664,49.752,11.613,12.526
mp-aaaaabfi,82.000,58.713,83.708,23.287,1.708,29.776,29.945,34.183,0.169,4.407
mp-aaaaabfl,46.000,46.909,54.236,0.909,8.236,17.284,6.334,19.594,10.950,2.310
mp-aaaaabfm,195.582,210.719,210.239,15.137,14.658,95.727,108.228,117.832,12.501,22.105
mp-aaaaabfn,188.667,164.029,192.286,24.638,3.619,66.897,59.463,55.951,7.434,10.946
mp-aaaaabfo,42.667,37.600,49.294,5.067,6.628,13.923,7.973,11.746,5.950,2.177
mp-aaaaabfr,351.333,152.046,173.243,199.287,178.090,67.989,55.910,54.103,12.079,13.886
mp-aaaaabft,252.093,199.535,254.420,52.558,2.327,96.344,106.269,101.873,9.925,5.529
mp-aaaaabfv,20.417,42.234,25.942,21.817,5.525,11.759,14.073,9.280,2.314,2.478
mp-aaaaabfw,209.000,228.109,220.820,19.109,11.820,104.258,89.898,97.522,14.360,6.735
mp-aaaaabfx,155.000,117.782,154.646,37.218,0.354,52.982,48.254,47.896,4.728,5.087
mp-aaaaabfy,172.000,172.777,183.779,0.777,11.779,103.209,89.236,103.475,13.973,0.266
mp-aaaaabga,94.333,89.367,99.715,4.966,5.382,35.677,26.725,35.847,8.952,0.169
mp-aaaaabgb,93.667,58.553,91.415,35.114,2.251,38.183,16.824,28.850,21.359,9.333
mp-aaaaabgc,176.667,124.840,154.526,51.827,22.140,86.453,67.321,73.439,19.132,13.013
mp-aaaaabge,57.667,54.652,59.502,3.015,1.835,23.291,25.816,30.600,2.525,7.309
mp-aaaaabgg,149.000,85.486,114.957,63.514,34.043,18.429,16.807,20.985,1.622,2.557
mp-aaaaabgh,186.667,159.754,185.966,26.913,0.701,75.068,67.365,64.274,7.703,10.793
mp-aaaaabgi,146.000,129.250,142.967,16.750,3.033,55.722,49.317,59.589,6.405,3.867
mp-aaaaabgj,72.586,108.074,74.545,35.488,1.960,50.963,55.061,58.134,4.098,7.172
mp-aaaaabgk,133.000,94.218,131.809,38.782,1.191,59.136,44.834,52.389,14.302,6.747
mp-aaaaabgm,67.667,70.405,67.979,2.738,0.313,34.000,39.827,34.488,5.827,0.488
mp-aaaaabgo,114.218,111.089,109.449,3.129,4.769,68.531,84.269,75.453,15.738,6.922
mp-aaaaabgs,141.667,131.905,150.283,9.762,8.616,61.315,65.317,66.268,4.002,4.954
mp-aaaaabgt,96.000,92.113,97.221,3.887,1.221,37.370,27.360,34.148,10.010,3.222
mp-aaaaabgv,152.064,157.485,146.443,5.421,5.620,75.019,64.570,72.001,10.449,3.018
mp-aaaaabgx,99.667,131.287,123.519,31.620,23.853,104.537,92.698,118.701,11.839,14.164
mp-aaaaabgy,171.908,100.087,182.729,71.821,10.821,87.442,81.765,86.842,5.677,0.600
mp-aaaaabha,83.333,74.010,72.399,9.323,10.935,61.059,53.885,55.411,7.174,5.648
mp-aaaaabhd,140.947,136.107,134.599,4.840,6.348,19.442,41.630,42.449,22.188,23.007
mp-aaaaabhe,58.489,65.839,60.418,7.350,1.929,28.816,46.590,32.438,17.774,3.622
mp-aaaaabhh,146.667,139.041,152.606,7.626,5.940,84.748,84.222,85.950,0.526,1.202
mp-aaaaabhj,59.667,51.358,62.126,8.309,2.459,29.341,22.972,27.380,6.369,1.961
mp-aaaaabhl,132.425,143.955,139.101,11.530,6.676,103.150,111.478,118.227,8.328,15.077
mp-aaaaabhm,19.857,62.894,23.141,43.037,3.283,8.989,4.256,8.133,4.733,0.856
mp-aaaaabhn,201.667,188.395,202.103,13.272,0.436,141.888,130.082,131.837,11.806,10.051
mp-aaaaabho,28.223,38.171,27.013,9.948,1.210,15.874,21.615,12.281,5.741,3.593
mp-aaaaabhp,190.776,161.107,192.082,29.669,1.306,75.359,71.788,91.612,3.571,16.254
mp-aaaaabhr,236.333,222.278,236.994,14.055,0.661,125.087,139.220,127.860,14.133,2.773
mp-aaaaabht,55.740,50.899,58.787,4.841,3.047,27.624,23.181,30.375,4.443,2.750
mp-aaaaabhv,50.000,51.772,50.952,1.772,0.952,25.584,20.444,31.042,5.140,5.458
mp-aaaaabhw,96.328,147.425,129.747,51.097,33.419,29.000,42.586,57.566,13.586,28.566
mp-aaaaabhx,54.086,78.457,58.173,24.371,4.087,17.055,33.663,14.517,16.608,2.538
mp-aaaaabhz,167.667,182.666,164.644,14.999,3.023,127.000,106.533,122.480,20.467,4.520
mp-aaaaabia,81.765,91.875,82.054,10.110,0.289,25.851,32.907,36.170,7.056,10.319
mp-aaaaabic,155.612,98.443,159.882,57.169,4.270,70.634,59.892,72.638,10.742,2.004
mp-aaaaabie,45.745,37.714,32.031,8.031,13.714,28.453,30.088,7.808,1.635,20.646
mp-aaaaabif,300.925,268.492,304.575,32.433,3.650,205.522,196.003,200.358,9.519,5.164
mp-aaaaabig,183.333,224.184,189.912,40.851,6.579,78.029,64.607,77.397,13.422,0.631
mp-aaaaabih,218.217,189.433,217.348,28.784,0.869,82.180,104.821,93.850,22.641,11.670
mp-aaaaabii,137.000,148.740,144.310,11.740,7.310,38.127,20.175,45.247,17.952,7.120
mp-aaaaabij,141.746,106.444,133.684,35.302,8.062,93.119,97.845,92.090,4.726,1.029
mp-aaaaabik,174.076,183.083,183.915,9.007,9.839,64.496,46.797,66.250,17.699,1.754
mp-aaaaabio,76.575,86.979,78.492,10.404,1.916,56.891,45.118,56.761,11.773,0.130
mp-aaaaabiq,137.943,105.638,138.196,32.305,0.253,26.755,29.116,35.455,2.361,8.699
mp-aaaaabis,20.333,17.383,25.192,2.950,4.859,14.494,13.050,10.532,1.444,3.962
mp-aaaaabit,180.000,163.853,182.793,16.147,2.793,54.519,54.215,52.088,0.304,2.431
mp-aaaaabiv,102.227,108.481,104.919,6.254,2.692,39.366,25.556,50.610,13.810,11.244
mp-aaaaabja,296.333,234.149,276.691,62.184,19.642,181.144,164.883,170.957,16.261,10.187
mp-aaaaabjc,143.667,134.126,142.829,9.541,0.838,60.435,60.362,49.751,0.073,10.684
mp-aaaaabjf,57.333,56.388,59.990,0.945,2.657,28.575,19.202,29.571,9.373,0.995
mp-aaaaabjh,57.454,80.704,52.969,23.250,4.485,24.427,9.071,26.946,15.356,2.519
mp-aaaaabjj,65.000,65.957,62.679,0.957,2.321,20.489,24.341,28.597,3.852,8.107
mp-aaaaabjl,152.000,159.139,153.864,7.139,1.864,62.074,53.385,55.211,8.689,6.863
mp-aaaaabjm,228.333,207.623,249.895,20.710,21.562,86.919,90.436,103.319,3.517,16.400
mp-aaaaabjp,316.333,284.784,274.670,31.549,41.664,162.348,188.617,124.469,26.269,37.879
mp-aaaaabjr,87.748,76.322,95.398,11.426,7.650,51.518,53.455,55.770,1.937,4.253
mp-aaaaabju,135.333,78.878,115.118,56.455,20.215,67.994,59.027,77.657,8.967,9.663
mp-aaaaabjv,112.333,113.761,107.557,1.428,4.776,56.216,51.185,65.680,5.031,9.464
mp-aaaaabjw,73.000,76.432,67.487,3.432,5.513,45.269,33.026,38.097,12.243,7.172
mp-aaaaabjx,75.000,66.038,71.563,8.962,3.437,51.256,35.625,48.709,15.631,2.547
mp-aaaaabjy,27.000,29.514,31.141,2.514,4.141,-2.415,11.089,12.554,13.504,14.969
mp-aaaaabka,61.333,67.987,46.412,6.654,14.921,30.655,16.360,5.545,14.295,25.109
mp-aaaaabkc,34.861,44.373,25.353,9.512,9.508,21.562,26.446,13.406,4.884,8.157
mp-aaaaabki,190.460,235.153,187.920,44.693,2.540,144.969,102.773,239.834,42.196,94.865
mp-aaaaabkj,216.590,188.281,231.119,28.309,14.530,93.328,94.244,96.476,0.916,3.147
mp-aaaaabkk,180.000,175.771,191.276,4.229,11.276,75.479,61.617,77.075,13.862,1.597
mp-aaaaabkl,66.667,72.013,74.974,5.346,8.308,5.592,4.468,8.211,1.124,2.619
mp-aaaaabkm,53.333,51.551,54.280,1.782,0.947,20.166,26.482,23.858,6.316,3.692
mp-aaaaabkn,218.083,186.426,234.391,31.657,16.308,108.151,96.047,121.765,12.104,13.613
mp-aaaaabko,64.333,59.812,68.357,4.521,4.024,47.449,30.766,44.191,16.683,3.258
mp-aaaaabkp,144.333,128.574,151.067,15.759,6.734,49.157,45.351,63.825,3.806,14.669
mp-aaaaabkq,271.666,211.480,279.029,60.186,7.363,138.272,125.956,151.816,12.316,13.543
mp-aaaaabkr,118.333,113.091,127.041,5.242,8.708,74.407,49.303,75.438,25.104,1.031
mp-aaaaabks,141.000,144.332,146.382,3.332,5.382,129.876,123.655,128.701,6.221,1.174
mp-aaaaabku,141.630,105.331,154.335,36.299,12.705,79.813,71.118,78.590,8.695,1.223
mp-aaaaabkv,57.333,29.926,67.025,27.407,9.692,17.593,10.752,20.278,6.841,2.684
mp-aaaaabkx,62.279,76.931,59.782,14.652,2.497,41.221,39.123,34.300,2.098,6.921
mp-aaaaabky,303.563,274.693,292.364,28.870,11.199,158.687,164.987,196.817,6.300,38.130
mp-aaaaablb,212.186,192.566,234.063,19.620,21.877,84.547,83.329,118.207,1.218,33.660
mp-aaaaabld,160.311,179.949,160.713,19.638,0.402,144.637,142.803,138.720,1.834,5.917
mp-aaaaable,9.470,93.240,17.143,83.770,7.672,20.229,18.936,14.312,1.293,5.917
mp-aaaaablj,27.333,22.038,19.625,5.295,7.708,12.246,11.099,9.563,1.147,2.683
mp-aaaaablk,44.667,55.746,46.331,11.079,1.665,33.275,18.396,19.759,14.879,13.516
mp-aaaaabll,198.701,171.636,208.164,27.065,9.463,92.743,75.570,97.697,17.173,4.954
mp-aaaaabln,5.495,10.959,15.313,5.464,9.817,1.630,13.763,4.350,12.133,2.719
mp-aaaaablo,185.947,198.217,173.852,12.270,12.094,120.136,105.793,122.656,14.343,2.520
mp-aaaaablp,54.333,44.409,55.310,9.924,0.977,25.724,19.413,30.760,6.311,5.035
mp-aaaaablr,81.586,80.285,87.369,1.301,5.783,49.993,56.277,41.696,6.284,8.297
mp-aaaaabls,120.975,82.570,119.781,38.405,1.194,63.922,79.184,41.639,15.262,22.283
mp-aaaaablt,66.000,62.051,75.058,3.949,9.058,32.146,39.274,34.874,7.128,2.728
mp-aaaaablu,132.333,121.016,141.001,11.317,8.668,50.830,50.591,55.993,0.239,5.164
mp-aaaaablw,102.528,196.266,93.911,93.738,8.617,73.633,86.890,45.512,13.257,28.121
mp-aaaaablx,75.333,46.391,80.181,28.942,4.848,28.802,30.136,38.027,1.334,9.225
mp-aaaaably,35.000,46.369,58.689,11.369,23.689,21.916,25.059,27.452,3.143,5.536
mp-aaaaablz,116.000,119.242,121.846,3.242,5.846,46.176,46.509,35.818,0.333,10.358
mp-aaaaabma,234.482,180.831,198.571,53.651,35.911,122.330,130.081,104.601,7.751,17.730
mp-aaaaabmc,100.552,98.541,101.686,2.011,1.133,41.005,19.499,36.763,21.506,4.242
mp-aaaaabmd,375.081,306.632,402.673,68.449,27.592,165.811,168.334,212.229,2.523,46.419
mp-aaaaabme,37.776,41.701,46.975,3.925,9.199,28.007,32.461,30.087,4.454,2.080
mp-aaaaabmf,87.067,105.556,91.830,18.489,4.763,22.935,33.334,39.687,10.399,16.752
mp-aaaaabmg,86.000,75.420,75.603,10.580,10.397,58.681,48.411,53.396,10.270,5.285
mp-aaaaabmh,164.313,180.977,161.017,16.664,3.296,65.259,51.147,57.581,14.112,7.678
mp-aaaaabmi,281.380,213.127,265.537,68.253,15.843,103.261,88.986,105.437,14.275,2.176
mp-aaaaabmk,107.707,107.637,97.263,0.070,10.443,47.870,63.732,60.053,15.862,12.183
mp-aaaaabmm,28.000,45.472,14.654,17.472,13.346,16.291,19.813,3.042,3.522,13.248
mp-aaaaabmr,207.383,198.831,202.164,8.552,5.219,133.537,117.354,126.981,16.183,6.557
mp-aaaaabmt,60.667,76.361,64.222,15.694,3.555,34.679,30.998,37.738,3.681,3.059
mp-aaaaabna,167.134,91.783,130.144,75.351,36.991,48.271,30.332,37.558,17.939,10.713
mp-aaaaabnd,132.764,120.576,135.673,12.188,2.909,59.273,45.988,57.616,13.285,1.657
mp-aaaaabng,260.333,217.888,265.171,42.445,4.837,153.917,128.549,149.140,25.368,4.776
mp-aaaaabni,18.000,24.597,13.860,6.597,4.140,10.100,11.526,4.239,1.426,5.861
mp-aaaaabnk,8.146,50.489,47.922,42.343,39.777,9.822,30.183,33.981,20.361,24.158
mp-aaaaabnl,107.288,99.312,94.166,7.976,13.122,37.137,46.140,25.236,9.003,11.901
mp-aaaaabnn,215.000,198.971,219.771,16.029,4.771,111.279,93.651,110.632,17.628,0.647
mp-aaaaabno,49.375,80.288,52.212,30.913,2.837,32.497,40.570,27.745,8.073,4.752
mp-aaaaabnp,54.000,57.530,55.143,3.530,1.143,25.181,23.069,21.986,2.112,3.195
mp-aaaaabnr,53.000,49.750,55.259,3.250,2.259,24.363,26.670,22.834,2.307,1.529
mp-aaaaabns,248.858,241.814,267.593,7.044,18.735,179.258,164.296,160.283,14.962,18.975
mp-aaaaabnt,183.000,187.576,101.835,4.576,81.165,8.712,49.144,40.441,40.432,31.729
mp-aaaaabnx,181.511,164.590,183.930,16.921,2.418,71.514,75.257,72.506,3.743,0.992
mp-aaaaabny,91.667,72.952,91.357,18.715,0.309,42.571,48.041,42.738,5.470,0.168
mp-aaaaabnz,34.110,46.563,33.847,12.453,0.263,12.907,9.852,9.610,3.055,3.297
mp-aaaaaboc,151.238,153.784,142.726,2.546,8.512,95.912,102.982,94.479,7.070,1.433
mp-aaaaaboe,304.000,410.753,262.803,106.753,41.197,122.035,131.087,98.247,9.052,23.788
mp-aaaaabof,124.333,90.915,120.759,33.418,3.574,50.474,44.105,40.203,6.369,10.271
mp-aaaaabog,96.916,89.272,81.199,7.644,15.717,47.160,47.771,33.328,0.611,13.832
mp-aaaaaboh,71.413,59.666,71.302,11.747,0.111,34.564,42.158,38.562,7.594,3.998
mp-aaaaaboi,146.706,153.933,164.654,7.227,17.948,40.665,47.003,64.571,6.338,23.905
mp-aaaaabok,118.667,110.977,128.483,7.690,9.816,44.789,41.901,54.408,2.888,9.619
mp-aaaaabom,71.333,66.245,66.451,5.088,4.882,26.633,9.078,25.093,17.555,1.540
mp-aaaaabon,52.000,48.525,50.987,3.475,1.013,28.595,20.268,27.358,8.327,1.237
mp-aaaaabop,59.333,43.175,67.252,16.158,7.919,26.418,23.348,23.625,3.070,2.793
mp-aaaaaboq,141.333,108.400,143.608,32.933,2.274,61.903,44.252,56.628,17.651,5.275
mp-aaaaabor,131.397,133.601,117.584,2.204,13.813,87.469,72.182,71.465,15.287,16.003
mp-aaaaabos,93.764,59.850,110.451,33.914,16.687,6.102,12.846,20.088,6.744,13.986
mp-aaaaabot,48.667,51.313,47.672,2.646,0.994,18.898,22.757,18.622,3.859,0.276
mp-aaaaaboz,49.333,65.969,54.128,16.636,4.794,28.082,20.182,27.539,7.900,0.543
mp-aaaaabpb,48.000,62.459,51.176,14.459,3.176,32.435,35.111,32.628,2.676,0.193
mp-aaaaabpc,53.333,31.765,57.775,21.568,4.442,32.513,48.550,26.547,16.037,5.965
mp-aaaaabpd,132.000,155.135,137.081,23.135,5.081,94.799,115.069,94.759,20.270,0.040
mp-aaaaabpe,44.333,35.412,48.167,8.921,3.834,15.341,6.932,23.968,8.409,8.627
mp-aaaaabph,31.667,21.367,32.907,10.300,1.240,17.780,23.520,16.862,5.740,0.918
mp-aaaaabpk,133.667,146.343,127.164,12.676,6.503,97.730,77.278,112.153,20.452,14.423
mp-aaaaabpl,283.437,290.017,263.622,6.580,19.815,170.695,177.664,178.928,6.969,8.234
mp-aaaaabpm,40.079,20.780,43.330,19.299,3.250,23.125,18.269,13.526,4.856,9.599
mp-aaaaabpp,97.150,122.490,103.263,25.340,6.112,70.458,79.287,69.371,8.829,1.087
mp-aaaaabpu,323.667,288.069,323.092,35.598,0.575,176.404,165.305,180.724,11.099,4.320
mp-aaaaabpv,48.667,51.646,45.637,2.979,3.029,32.293,28.506,22.430,3.787,9.863
mp-aaaaabpx,294.667,293.277,307.349,1.390,12.683,163.239,144.868,193.405,18.371,30.166
mp-aaaaabpy,78.744,101.825,94.640,23.081,15.896,36.366,40.559,48.327,4.193,11.961
mp-aaaaabqb,86.333,101.973,69.422,15.640,16.912,42.500,33.443,29.297,9.057,13.203
mp-aaaaabqe,87.000,73.715,90.506,13.285,3.506,52.932,33.713,46.250,19.219,6.681
mp-aaaaabqh,137.105,141.961,137.381,4.856,0.276,52.250,58.116,35.675,5.866,16.575
mp-aaaaabqi,64.324,112.015,59.266,47.691,5.058,8.530,16.894,30.833,8.364,22.303
mp-aaaaabqj,80.000,86.891,87.124,6.891,7.124,55.231,54.167,55.144,1.064,0.087
mp-aaaaabqk,178.333,208.199,167.325,29.866,11.008,146.000,139.869,112.029,6.131,33.971
mp-aaaaabql,89.199,84.873,91.569,4.326,2.370,18.574,22.574,38.611,4.000,20.037
mp-aaaaabqm,33.667,38.955,36.767,5.288,3.101,21.250,20.734,19.594,0.516,1.656
mp-aaaaabqn,65.175,87.248,71.687,22.073,6.513,35.946,23.057,35.971,12.889,0.025
mp-aaaaabqq,302.966,335.873,299.127,32.907,3.838,199.417,195.136,212.887,4.281,13.470
mp-aaaaabqt,302.199,137.197,148.350,165.002,153.849,30.974,92.088,66.287,61.114,35.313
mp-aaaaabqv,329.555,283.748,333.171,45.807,3.615,158.019,162.634,171.153,4.615,13.134
mp-aaaaabqw,169.178,211.163,178.967,41.985,9.789,108.121,76.171,76.618,31.950,31.503
mp-aaaaabra,191.714,175.594,194.389,16.120,2.674,64.132,72.367,84.689,8.235,20.557
mp-aaaaabrc,282.333,256.539,275.312,25.794,7.021,107.930,118.504,138.546,10.574,30.616
mp-aaaaabrd,173.667,179.824,167.886,6.157,5.780,47.805,89.570,57.369,41.765,9.564
mp-aaaaabrf,50.333,30.958,49.607,19.375,0.726,15.857,19.287,10.057,3.430,5.799
mp-aaaaabrg,63.110,82.366,53.337,19.256,9.773,43.583,7.468,29.257,36.115,14.326
mp-aaaaabrh,40.332,43.233,37.695,2.901,2.637,20.181,23.009,21.022,2.828,0.840
mp-aaaaabrj,157.000,132.268,155.960,24.732,1.040,70.364,69.204,64.881,1.160,5.482
mp-aaaaabrk,214.801,272.979,232.687,58.178,17.887,88.550,107.102,92.859,18.552,4.310
mp-aaaaabrl,167.000,168.854,169.220,1.854,2.220,79.124,70.932,63.883,8.192,15.242
mp-aaaaabro,127.667,84.891,129.595,42.776,1.929,44.717,29.499,42.679,15.218,2.038
mp-aaaaabrr,197.657,154.231,190.201,43.426,7.455,82.791,74.462,84.078,8.329,1.287
mp-aaaaabrs,22.326,22.218,20.852,0.108,1.475,13.701,7.963,8.953,5.738,4.748
mp-aaaaabru,69.333,70.199,69.611,0.866,0.277,50.235,42.088,37.619,8.147,12.617
mp-aaaaabrv,286.336,198.291,252.847,88.045,33.490,139.427,144.473,130.770,5.046,8.658
mp-aaaaabrw,102.015,88.604,102.427,13.411,0.412,36.034,36.579,39.673,0.545,3.639
mp-aaaaabrz,232.080,176.098,244.841,55.982,12.761,132.134,128.493,155.757,3.641,23.622
mp-aaaaabsc,90.375,59.033,92.805,31.342,2.430,33.296,28.656,35.107,4.640,1.811
mp-aaaaabsd,170.662,163.779,188.971,6.883,18.309,76.561,78.431,81.861,1.870,5.300
mp-aaaaabsg,214.333,195.975,220.035,18.358,5.702,77.486,62.723,87.454,14.763,9.968
mp-aaaaabsi,228.667,194.466,228.085,34.201,0.582,124.152,97.719,122.758,26.433,1.394
mp-aaaaabsj,40.333,42.642,43.009,2.309,2.676,33.767,11.168,27.966,22.599,5.801
mp-aaaaabsm,44.667,52.545,38.517,7.878,6.149,29.194,21.999,15.041,7.195,14.153
mp-aaaaabsn,213.012,180.171,214.002,32.841,0.990,85.180,75.097,77.597,10.083,7.583
mp-aaaaabso,134.333,133.022,142.337,1.311,8.003,51.654,46.146,56.310,5.508,4.656
mp-aaaaabsp,122.839,120.783,126.130,2.056,3.291,32.135,30.496,61.725,1.639,29.591
mp-aaaaabst,123.333,132.133,115.514,8.800,7.819,127.636,106.814,105.017,20.822,22.619
mp-aaaaabsu,97.667,122.022,112.787,24.355,15.120,71.927,43.454,69.453,28.473,2.474
mp-aaaaabsx,4.635,10.494,5.444,5.859,0.809,1.860,14.153,17.917,12.293,16.057
mp-aaaaabsz,86.667,74.430,89.871,12.237,3.205,36.016,37.167,39.136,1.151,3.121
mp-aaaaabta,14.031,7.675,23.499,6.356,9.468,10.934,8.674,-16.601,2.260,27.535
mp-aaaaabtc,115.000,121.689,127.944,6.689,12.944,60.126,55.001,64.269,5.125,4.143
mp-aaaaabte,49.667,53.314,49.106,3.647,0.560,27.983,24.305,27.114,3.678,0.869
mp-aaaaabtg,63.667,63.162,63.084,0.505,0.583,21.445,27.477,25.770,6.032,4.325
mp-aaaaabtj,152.295,153.197,149.042,0.902,3.252,73.077,57.455,75.151,15.622,2.074
mp-aaaaabtp,251.000,213.059,252.632,37.941,1.632,156.105,132.200,146.104,23.905,10.001
mp-aaaaabtq,19.336,27.508,33.132,8.172,13.795,14.076,11.371,16.792,2.705,2.716
mp-aaaaabtr,203.333,697.577,209.495,494.244,6.161,75.537,62.132,79.153,13.405,3.617
mp-aaaaabtt,73.667,85.213,67.099,11.546,6.568,44.768,50.775,43.854,6.007,0.914
mp-aaaaabtu,56.333,48.868,65.544,7.465,9.210,27.080,25.158,24.290,1.922,2.790
mp-aaaaabty,139.851,134.212,146.099,5.639,6.248,49.452,29.120,54.862,20.332,5.409
mp-aaaaabud,41.333,44.267,43.059,2.934,1.726,19.166,22.966,23.724,3.800,4.558
mp-aaaaabuf,19.424,43.947,25.223,24.523,5.798,14.090,12.979,15.523,1.111,1.433
mp-aaaaabuh,195.625,166.849,198.352,28.776,2.727,107.381,94.871,108.344,12.510,0.962
mp-aaaaabum,82.000,78.024,73.927,3.976,8.073,59.571,42.112,56.329,17.459,3.243
mp-aaaaabun,71.782,70.246,86.019,1.536,14.238,25.096,20.403,21.664,4.693,3.432
mp-aaaaabuo,66.698,72.372,68.363,5.674,1.664,37.345,38.010,42.285,0.665,4.940
mp-aaaaabup,67.000,69.375,63.990,2.375,3.010,34.781,23.872,28.162,10.909,6.619
mp-aaaaabur,60.093,72.739,46.867,12.646,13.226,-2.443,-6.424,17.892,3.981,20.335
mp-aaaaabus,129.778,153.209,140.092,23.431,10.314,71.595,63.967,71.809,7.628,0.214
mp-aaaaabut,182.976,154.746,179.157,28.230,3.819,110.343,81.920,100.357,28.423,9.986
mp-aaaaabux,35.538,25.313,36.442,10.225,0.905,24.652,30.371,25.326,5.719,0.674
mp-aaaaabuy,138.000,111.843,133.274,26.157,4.726,114.956,101.364,103.121,13.592,11.835
mp-aaaaabuz,184.333,212.149,183.039,27.816,1.294,41.901,44.698,62.245,2.797,20.343
mp-aaaaabva,194.740,170.059,189.807,24.681,4.932,156.462,171.079,150.631,14.617,5.831
mp-aaaaabvc,22.271,34.377,36.853,12.106,14.582,10.713,13.910,11.328,3.197,0.615
mp-aaaaabvh,67.172,84.415,83.260,17.243,16.088,26.582,30.244,29.517,3.662,2.935
mp-aaaaabvj,217.000,210.943,222.932,6.057,5.932,121.440,113.151,121.791,8.289,0.351
mp-aaaaabvk,265.667,237.940,263.570,27.727,2.097,83.775,105.387,126.254,21.612,42.479
mp-aaaaabvl,79.980,81.681,77.931,1.701,2.049,14.644,36.902,32.528,22.258,17.884
mp-aaaaabvn,227.217,244.765,214.725,17.548,12.492,82.052,88.018,74.172,5.966,7.880
mp-aaaaabvo,56.333,54.633,59.311,1.700,2.978,13.991,11.988,20.077,2.003,6.086
mp-aaaaabvr,98.000,131.584,86.135,33.584,11.865,60.428,54.992,48.391,5.436,12.036
mp-aaaaabvs,100.000,79.041,83.143,20.959,16.857,42.741,29.297,57.310,13.444,14.569
mp-aaaaabvx,24.555,65.064,17.650,40.509,6.905,9.623,31.845,69.680,22.222,60.057
mp-aaaaabvy,161.374,165.774,-458.091,4.400,619.464,-44.422,40.478,39.488,84.900,83.909
mp-aaaaabvz,117.285,162.513,114.333,45.228,2.952,72.338,58.701,70.636,13.637,1.702
mp-aaaaabwb,92.274,72.152,88.610,20.122,3.664,51.359,66.035,47.198,14.676,4.161
mp-aaaaabwc,58.363,68.452,64.495,10.089,6.131,31.599,29.457,35.818,2.142,4.219
mp-aaaaabwd,232.769,202.488,238.491,30.281,5.722,101.553,108.147,111.435,6.594,9.883
mp-aaaaabwe,118.467,80.287,116.289,38.180,2.179,89.360,87.501,94.963,1.859,5.603
mp-aaaaabwf,35.333,29.677,34.828,5.656,0.505,21.613,31.571,15.033,9.958,6.580
mp-aaaaabwi,73.968,67.502,81.930,6.466,7.962,50.718,42.562,57.806,8.156,7.088
mp-aaaaabwl,60.000,92.429,61.663,32.429,1.663,53.363,34.937,55.083,18.426,1.719
mp-aaaaabwm,106.364,92.243,115.680,14.121,9.316,46.089,32.882,41.580,13.207,4.509
mp-aaaaabwn,37.333,30.846,37.998,6.487,0.664,21.115,11.823,11.191,9.292,9.925
mp-aaaaabwp,200.333,279.181,226.278,78.848,25.944,92.661,60.348,85.288,32.313,7.373
mp-aaaaabwq,113.333,115.156,117.443,1.823,4.110,21.610,14.827,24.531,6.783,2.921
mp-aaaaabwr,151.333,127.711,175.109,23.622,23.776,118.818,121.418,121.944,2.600,3.126
mp-aaaaabws,24.000,20.296,21.795,3.704,2.205,15.592,11.402,13.071,4.190,2.521
mp-aaaaabwv,90.333,77.071,93.444,13.262,3.110,38.996,28.898,48.338,10.098,9.342
mp-aaaaabwy,265.333,233.566,267.610,31.767,2.277,105.376,130.793,109.058,25.417,3.682
mp-aaaaabxa,165.174,172.020,154.338,6.846,10.836,50.265,67.347,56.237,17.082,5.973
mp-aaaaabxb,251.667,212.796,257.292,38.871,5.625,129.302,121.888,129.227,7.414,0.075
mp-aaaaabxe,127.312,102.543,119.778,24.769,7.534,86.671,68.341,81.028,18.330,5.643
mp-aaaaabxf,306.467,319.254,265.068,12.787,41.399,181.101,160.865,138.553,20.236,42.548
mp-aaaaabxg,65.667,64.919,63.288,0.748,2.379,19.620,25.368,30.139,5.748,10.519
mp-aaaaabxh,273.092,265.576,278.202,7.516,5.111,126.474,137.247,129.645,10.773,3.171
mp-aaaaabxi,306.667,213.022,290.826,93.645,15.841,208.565,199.191,223.604,9.374,15.039
mp-aaaaabxl,209.503,178.488,224.530,31.015,15.026,87.819,76.592,91.993,11.227,4.174
mp-aaaaabxr,55.333,48.550,53.817,6.783,1.516,29.549,30.189,29.234,0.640,0.315
mp-aaaaabxw,174.667,190.902,174.902,16.235,0.235,76.230,75.403,78.694,0.827,2.464
mp-aaaaabxz,206.100,188.268,208.919,17.832,2.819,65.628,51.059,28.422,14.569,37.206
mp-aaaaabyg,85.529,74.777,81.822,10.752,3.707,43.809,47.102,46.778,3.293,2.969
mp-aaaaabyh,42.000,57.344,49.595,15.344,7.595,20.134,31.483,30.058,11.349,9.924
mp-aaaaabyp,74.333,36.956,77.304,37.377,2.971,51.728,33.060,37.961,18.668,13.767
mp-aaaaabyr,84.333,108.678,76.208,24.345,8.125,58.043,61.858,46.774,3.815,11.269
mp-aaaaabyt,88.286,56.893,93.304,31.393,5.018,48.267,29.852,47.493,18.415,0.774
mp-aaaaabyv,39.168,55.747,35.826,16.579,3.342,18.641,20.407,14.912,1.766,3.729
mp-aaaaabza,165.667,151.136,154.332,14.531,11.334,-37.551,-35.682,46.085,1.869,83.636
mp-aaaaabzb,37.333,42.936,37.525,5.603,0.191,20.839,20.074,20.068,0.765,0.771
mp-aaaaabzd,52.712,48.262,48.988,4.450,3.723,26.891,22.346,23.765,4.545,3.126
mp-aaaaabzf,55.526,58.791,58.953,3.265,3.427,31.409,37.159,34.188,5.750,2.779
mp-aaaaabzg,240.513,190.543,228.188,49.970,12.325,121.367,132.037,116.496,10.670,4.871
mp-aaaaabzi,59.700,103.651,54.866,43.951,4.834,31.756,27.725,30.467,4.031,1.289
mp-aaaaabzj,196.000,182.600,197.614,13.400,1.614,68.058,74.648,70.720,6.590,2.661
mp-aaaaabzk,155.855,123.156,162.163,32.699,6.308,34.690,9.316,34.247,25.374,0.443
mp-aaaaabzn,313.000,297.078,319.804,15.922,6.804,206.011,169.276,191.736,36.735,14.275
mp-aaaaabzo,28.027,12.018,27.306,16.009,0.720,19.008,19.505,14.180,0.497,4.828
mp-aaaaabzp,146.185,152.929,146.809,6.744,0.624,49.060,41.963,53.615,7.097,4.555
mp-aaaaabzq,68.667,83.864,62.671,15.197,5.995,36.980,31.987,36.598,4.993,0.382
mp-aaaaabzr,108.333,95.528,112.117,12.805,3.784,38.201,34.898,50.813,3.303,12.612
mp-aaaaabzt,52.866,55.854,44.908,2.988,7.958,33.415,38.270,23.668,4.855,9.747
mp-aaaaabzu,228.755,225.600,209.017,3.155,19.738,207.945,162.882,183.064,45.063,24.882
mp-aaaaabzv,108.667,110.968,110.296,2.301,1.629,57.949,41.313,62.367,16.636,4.418
mp-aaaaabzx,117.000,96.979,112.592,20.021,4.408,51.255,41.361,42.791,9.894,8.465
mp-aaaaacaa,247.333,248.541,216.573,1.208,30.761,147.595,113.713,134.164,33.882,13.430
mp-aaaaacae,88.000,81.385,84.520,6.615,3.480,29.412,31.912,33.271,2.500,3.858
mp-aaaaacaf,149.000,126.283,148.225,22.717,0.775,97.195,116.546,89.768,19.351,7.427
mp-aaaaacag,198.667,266.072,201.723,67.405,3.056,87.971,78.919,79.850,9.052,8.121
mp-aaaaacah,258.904,236.361,277.422,22.543,18.518,109.664,106.439,157.435,3.225,47.771
mp-aaaaacaj,105.750,88.189,101.901,17.561,3.849,54.781,58.567,60.169,3.786,5.388
mp-aaaaacam,76.642,85.192,74.094,8.550,2.548,22.668,37.206,25.650,14.538,2.982
mp-aaaaacap,54.000,52.972,37.224,1.028,16.776,46.199,23.036,24.546,23.163,21.653
mp-aaaaacaq,105.667,111.535,96.828,5.868,8.839,32.762,50.375,39.662,17.613,6.900
mp-aaaaacat,64.438,75.434,66.001,10.996,1.564,23.333,34.711,35.289,11.378,11.956
mp-aaaaacav,171.333,153.976,177.773,17.357,6.440,20.166,-19.225,63.294,39.391,43.128
mp-aaaaacaz,95.020,80.828,89.308,14.192,5.713,32.484,25.292,37.412,7.192,4.928
mp-aaaaacba,40.782,94.200,45.791,53.418,5.008,30.280,33.575,22.090,3.295,8.190
mp-aaaaacbc,135.529,133.304,137.440,2.225,1.912,55.358,56.939,62.568,1.581,7.210
mp-aaaaacbh,49.510,57.699,61.176,8.189,11.665,23.944,28.889,26.032,4.945,2.089
mp-aaaaacbj,162.000,179.161,179.376,17.161,17.376,0.177,51.835,51.116,51.658,50.939
mp-aaaaacbk,154.333,140.170,154.452,14.163,0.118,61.515,47.908,56.746,13.607,4.769
mp-aaaaacbn,78.385,104.507,90.191,26.122,11.806,18.220,39.183,15.009,20.963,3.211
mp-aaaaacbp,53.217,65.109,56.938,11.892,3.721,14.179,22.266,32.299,8.087,18.120
mp-aaaaacbq,23.000,27.363,17.790,4.363,5.210,8.008,14.180,5.546,6.172,2.462
mp-aaaaacbr,231.000,226.147,260.393,4.853,29.393,84.570,108.013,115.255,23.443,30.685
mp-aaaaacbt,11.582,4.357,13.914,7.225,2.332,5.066,8.635,7.126,3.569,2.060
mp-aaaaacbv,91.709,113.119,100.465,21.410,8.756,25.806,34.981,33.553,9.175,7.747
mp-aaaaacbw,222.000,207.384,218.550,14.616,3.450,94.637,80.520,73.524,14.117,21.114
mp-aaaaacbx,103.000,88.110,96.864,14.890,6.136,59.987,57.953,54.720,2.034,5.268
mp-aaaaacby,110.000,99.916,121.034,10.084,11.034,42.574,38.541,48.217,4.033,5.644
mp-aaaaacbz,77.147,65.164,76.779,11.983,0.368,37.258,32.168,35.969,5.090,1.289
mp-aaaaacca,89.189,86.781,89.117,2.408,0.073,15.864,11.396,23.522,4.468,7.658
mp-aaaaaccb,80.844,80.182,71.105,0.662,9.739,53.974,42.148,42.075,11.826,11.899
mp-aaaaaccc,46.333,32.083,45.654,14.250,0.679,29.150,18.858,20.431,10.292,8.719
mp-aaaaaccd,74.498,31.389,85.265,43.109,10.768,46.283,40.165,51.808,6.118,5.526
mp-aaaaacce,45.333,50.376,55.466,5.043,10.133,19.297,14.403,12.370,4.894,6.927
mp-aaaaaccf,189.859,185.908,192.945,3.951,3.086,96.389,99.447,84.868,3.058,11.521
mp-aaaaaccg,163.333,157.691,162.269,5.642,1.064,123.191,107.953,123.553,15.238,0.362
mp-aaaaacci,119.333,111.874,102.690,7.459,16.643,19.816,23.738,29.573,3.922,9.757
mp-aaaaaccj,187.324,167.422,191.929,19.902,4.605,138.393,140.088,126.255,1.695,12.137
mp-aaaaaccl,48.000,37.814,43.373,10.186,4.627,32.250,19.596,25.599,12.654,6.651
mp-aaaaaccm,33.623,24.784,13.618,8.839,20.005,28.034,26.605,6.017,1.429,22.017
mp-aaaaacco,199.000,219.356,198.285,20.356,0.715,99.920,92.945,100.663,6.975,0.743
mp-aaaaacct,117.379,135.690,108.647,18.311,8.732,42.482,21.060,74.035,21.422,31.553
mp-aaaaaccu,122.723,126.762,132.045,4.039,9.322,42.182,46.152,44.627,3.970,2.444
mp-aaaaaccv,198.667,192.908,197.206,5.759,1.461,72.614,76.209,70.179,3.595,2.435
mp-aaaaaccx,156.333,141.308,167.857,15.025,11.523,73.314,73.762,80.928,0.448,7.614
mp-aaaaacdb,203.667,164.561,202.472,39.106,1.194,142.599,126.545,131.018,16.054,11.581
mp-aaaaacdc,145.000,145.764,163.636,0.764,18.636,92.164,76.137,121.794,16.027,29.630
mp-aaaaacde,25.407,120.242,33.588,94.835,8.181,19.210,23.956,19.731,4.746,0.521
mp-aaaaacdh,35.000,31.223,45.272,3.777,10.272,11.914,22.530,22.145,10.616,10.230
mp-aaaaacdi,268.000,265.494,293.768,2.506,25.768,149.461,129.806,167.515,19.655,18.054
mp-aaaaacdj,203.882,178.235,223.684,25.647,19.802,81.013,82.591,86.606,1.578,5.593
mp-aaaaacdl,18.018,50.927,15.916,32.909,2.101,4.521,1.519,2.815,3.002,1.706
mp-aaaaacdo,35.959,23.402,45.451,12.557,9.492,15.853,20.091,19.452,4.238,3.598
mp-aaaaacdr,76.333,57.873,80.605,18.460,4.272,29.635,18.388,40.510,11.247,10.875
mp-aaaaacds,72.753,58.671,59.881,14.082,12.872,17.404,26.322,35.982,8.918,18.578
mp-aaaaacdv,205.148,197.756,209.066,7.392,3.918,77.349,91.852,86.031,14.503,8.682
mp-aaaaacdx,73.333,54.974,78.019,18.359,4.686,28.010,31.993,35.701,3.983,7.691
mp-aaaaacec,219.000,187.658,219.139,31.342,0.139,102.425,84.643,97.950,17.782,4.475
mp-aaaaaceh,174.667,191.248,184.962,16.581,10.296,65.230,59.295,69.915,5.935,4.686
mp-aaaaacep,100.333,84.336,96.734,15.997,3.600,55.723,47.355,45.038,8.368,10.685
mp-aaaaacer,349.638,221.333,282.862,128.305,66.777,102.337,103.715,122.553,1.378,20.216
mp-aaaaaces,183.775,172.331,186.702,11.444,2.927,136.906,150.490,143.766,13.584,6.859
mp-aaaaaceu,99.000,59.871,93.195,39.129,5.805,53.279,43.688,55.108,9.591,1.829
mp-aaaaacev,31.501,60.234,23.904,28.733,7.598,18.706,32.237,12.272,13.531,6.434
mp-aaaaacex,162.000,134.684,154.863,27.316,7.137,161.809,163.518,95.444,1.709,66.365
mp-aaaaacez,42.000,22.539,42.561,19.461,0.561,6.106,9.274,17.077,3.168,10.971
mp-aaaaacfa,107.774,69.905,104.932,37.869,2.842,69.617,69.846,67.074,0.229,2.543
mp-aaaaacfb,221.333,206.067,235.821,15.266,14.488,83.632,98.216,115.864,14.584,32.232
mp-aaaaacfe,146.333,141.152,143.096,5.181,3.238,7.858,40.226,30.200,32.368,22.342
mp-aaaaacff,157.333,143.046,166.914,14.287,9.581,70.772,64.887,81.382,5.885,10.610
mp-aaaaacfi,127.000,128.510,131.200,1.510,4.200,15.276,20.394,36.787,5.118,21.511
mp-aaaaacfn,202.667,314.193,206.248,111.526,3.582,89.757,82.588,86.232,7.169,3.526
mp-aaaaacfp,288.981,313.683,263.537,24.702,25.445,146.047,129.167,106.385,16.880,39.662
mp-aaaaacfs,41.333,49.965,33.058,8.632,8.276,24.754,24.285,20.491,0.469,4.263
mp-aaaaacft,199.875,187.178,192.726,12.697,7.148,63.669,75.256,65.944,11.587,2.275
mp-aaaaacfu,129.333,120.897,127.430,8.436,1.903,38.910,47.442,42.274,8.532,3.364
mp-aaaaacfx,43.667,47.324,42.892,3.657,0.774,21.000,22.359,20.726,1.359,0.274
mp-aaaaacgb,16.817,18.869,34.570,2.052,17.753,11.576,7.431,18.406,4.145,6.831
mp-aaaaacgh,126.091,113.769,126.021,12.322,0.071,96.676,101.436,92.893,4.760,3.782
mp-aaaaacgk,171.000,156.689,178.355,14.311,7.355,73.246,56.299,88.031,16.947,14.785
mp-aaaaacgl,36.667,32.305,31.257,4.362,5.410,23.287,24.713,15.512,1.426,7.775
mp-aaaaacgn,107.667,91.257,113.319,16.410,5.652,52.274,64.997,56.475,12.723,4.201
mp-aaaaacgo,161.919,116.135,138.192,45.784,23.727,125.853,102.829,79.189,23.024,46.664
mp-aaaaacgp,126.390,96.514,126.755,29.876,0.365,83.045,87.882,93.577,4.837,10.533
mp-aaaaacgs,104.510,72.735,98.627,31.775,5.883,47.508,34.639,36.244,12.869,11.264
mp-aaaaacgt,84.089,51.242,89.052,32.847,4.963,22.717,30.410,38.824,7.693,16.106
mp-aaaaacgv,147.333,151.134,151.348,3.801,4.015,70.398,61.950,53.521,8.448,16.877
mp-aaaaacgz,41.667,46.512,41.473,4.845,0.194,16.508,16.183,21.094,0.325,4.586
mp-aaaaacha,93.333,63.265,77.570,30.068,15.763,41.815,32.089,50.553,9.726,8.738
mp-aaaaachb,85.794,100.122,91.396,14.328,5.602,26.115,26.200,39.891,0.085,13.776
mp-aaaaachf,94.135,59.010,87.681,35.125,6.454,55.498,31.722,58.162,23.776,2.664
mp-aaaaachg,55.000,50.208,58.255,4.792,3.255,19.312,17.480,18.836,1.832,0.476
mp-aaaaachh,75.000,46.426,76.700,28.574,1.700,53.443,42.650,46.023,10.793,7.421
mp-aaaaachi,163.109,164.544,164.348,1.435,1.239,152.241,129.382,143.386,22.859,8.854
mp-aaaaachj,109.978,111.222,128.100,1.244,18.121,51.965,52.449,70.464,0.484,18.498
mp-aaaaachl,201.000,175.072,207.138,25.928,6.138,87.093,52.854,85.460,34.239,1.633
mp-aaaaachm,41.000,43.234,41.459,2.234,0.459,24.245,23.308,23.405,0.937,0.840
mp-aaaaachn,120.577,117.732,124.552,2.845,3.975,60.210,67.193,64.317,6.983,4.107
mp-aaaaacho,37.000,41.391,37.112,4.391,0.112,21.652,21.172,19.876,0.480,1.775
mp-aaaaachp,170.000,166.308,180.148,3.692,10.148,70.863,68.633,82.426,2.230,11.563
mp-aaaaachq,82.667,68.235,85.277,14.432,2.610,47.380,46.558,39.069,0.822,8.311
mp-aaaaachr,87.215,103.998,84.560,16.783,2.656,47.655,20.081,44.515,27.574,3.140
mp-aaaaachs,295.267,239.999,303.048,55.268,7.782,151.842,193.744,164.937,41.902,13.095
mp-aaaaacht,149.558,155.980,149.928,6.422,0.370,73.595,63.708,75.031,9.887,1.436
mp-aaaaachv,171.667,150.533,159.008,21.134,12.659,80.348,57.763,62.580,22.585,17.768
mp-aaaaachx,57.550,70.142,55.461,12.592,2.089,34.417,21.842,27.229,12.575,7.188
mp-aaaaachy,80.667,60.224,78.744,20.443,1.923,31.339,29.541,26.338,1.798,5.001
mp-aaaaachz,110.333,134.595,119.452,24.262,9.119,77.736,77.041,75.349,0.695,2.388
mp-aaaaacia,54.333,56.049,53.579,1.716,0.755,21.938,21.312,27.637,0.626,5.699
mp-aaaaacib,80.000,62.609,86.155,17.391,6.155,29.465,23.113,35.736,6.352,6.271
mp-aaaaacic,118.000,132.959,114.324,14.959,3.676,106.570,96.084,99.634,10.486,6.936
mp-aaaaacid,53.672,55.329,41.663,1.657,12.009,38.248,36.118,26.076,2.130,12.172
mp-aaaaacif,235.000,154.859,208.668,80.141,26.332,103.237,83.874,96.155,19.363,7.082
mp-aaaaacig,92.390,123.874,102.988,31.484,10.598,59.904,43.076,53.057,16.828,6.847
mp-aaaaacih,155.116,189.805,164.766,34.689,9.650,65.932,62.057,63.923,3.875,2.009
mp-aaaaacik,87.842,125.510,93.940,37.668,6.098,32.786,33.802,24.976,1.016,7.810
mp-aaaaacil,111.333,94.895,116.151,16.438,4.817,42.094,31.634,39.029,10.460,3.065
mp-aaaaacim,13.990,11.273,18.297,2.717,4.307,8.823,20.047,8.733,11.224,0.090
mp-aaaaacin,82.481,92.362,87.288,9.881,4.806,31.893,45.005,38.621,13.112,6.728
mp-aaaaacip,58.240,87.062,57.849,28.822,0.391,23.085,3.228,33.249,19.857,10.164
mp-aaaaacis,216.667,188.539,220.052,28.128,3.386,105.975,84.551,105.252,21.424,0.723
mp-aaaaacit,120.354,138.615,64.559,18.261,55.795,43.596,22.618,34.789,20.978,8.806
mp-aaaaaciu,305.000,305.491,309.367,0.491,4.367,139.651,131.267,132.424,8.384,7.227
mp-aaaaaciv,9.808,60.400,18.718,50.592,8.911,8.504,24.042,7.977,15.538,0.527
mp-aaaaaciz,209.000,189.927,214.478,19.073,5.478,109.661,85.849,94.389,23.812,15.272
mp-aaaaacja,58.667,73.515,52.199,14.848,6.467,32.236,22.847,29.989,9.389,2.247
mp-aaaaacjd,199.346,193.640,182.457,5.706,16.889,71.365,77.408,52.901,6.043,18.464
mp-aaaaacje,178.879,121.979,131.153,56.900,47.726,70.195,106.155,154.519,35.960,84.323
mp-aaaaacjf,159.716,145.568,126.039,14.148,33.677,112.653,105.911,94.333,6.742,18.320
mp-aaaaacjg,53.148,69.189,52.516,16.041,0.633,14.511,25.081,15.751,10.570,1.240
mp-aaaaacji,173.826,164.471,188.571,9.355,14.745,44.143,55.044,62.116,10.901,17.973
mp-aaaaacjj,135.270,125.823,157.267,9.447,21.997,49.889,53.089,69.819,3.200,19.930
mp-aaaaacjl,206.000,194.477,175.625,11.523,30.375,92.309,43.904,68.528,48.405,23.782
mp-aaaaacjm,24.775,30.954,21.117,6.179,3.658,14.913,10.399,9.559,4.514,5.353
mp-aaaaacjp,253.370,237.225,243.387,16.145,9.983,75.408,100.682,64.608,25.274,10.799
mp-aaaaacjr,76.333,69.639,72.980,6.694,3.353,44.000,33.634,48.530,10.366,4.530
mp-aaaaacjs,213.333,146.652,207.402,66.681,5.932,59.220,56.585,44.592,2.635,14.628
mp-aaaaacju,176.834,123.650,152.642,53.184,24.193,63.308,50.151,50.254,13.157,13.054
mp-aaaaacjv,98.341,104.359,105.562,6.018,7.221,39.264,37.332,42.351,1.932,3.087
mp-aaaaacjw,82.333,53.263,93.869,29.070,11.535,14.726,24.637,26.990,9.911,12.264
mp-aaaaacjx,275.333,273.223,267.324,2.110,8.009,107.458,117.661,110.205,10.203,2.748
mp-aaaaacjy,96.333,77.327,85.257,19.006,11.077,42.197,28.245,55.019,13.952,12.822
mp-aaaaacki,219.522,190.055,219.739,29.467,0.216,189.282,197.788,193.186,8.506,3.904
mp-aaaaackl,100.000,77.290,81.349,22.710,18.651,43.067,29.795,50.704,13.272,7.637
mp-aaaaackp,98.160,117.938,107.741,19.778,9.580,62.454,51.910,64.940,10.544,2.485
mp-aaaaacks,105.667,85.923,97.899,19.744,7.767,59.122,34.190,47.222,24.932,11.901
mp-aaaaackx,40.667,41.668,42.084,1.001,1.417,21.056,21.179,22.850,0.123,1.794
mp-aaaaackz,296.758,254.447,281.438,42.311,15.320,182.896,164.128,77.319,18.768,105.578
mp-aaaaacla,47.667,52.174,46.788,4.507,0.879,32.091,28.428,32.385,3.663,0.294
mp-aaaaaclc,60.167,125.719,56.100,65.552,4.067,28.813,31.148,33.608,2.335,4.794
mp-aaaaacld,74.144,88.283,86.864,14.139,12.719,48.041,45.688,41.170,2.353,6.871
mp-aaaaaclg,58.423,64.708,47.659,6.285,10.764,-0.064,9.722,16.769,9.786,16.833
mp-aaaaacli,25.667,33.849,36.965,8.182,11.299,5.853,19.901,21.221,14.048,15.368
mp-aaaaaclk,98.333,100.146,96.018,1.813,2.315,77.486,60.500,69.750,16.986,7.736
mp-aaaaacll,192.804,215.466,175.878,22.662,16.926,31.444,11.282,75.668,20.162,44.224
mp-aaaaaclo,140.616,124.055,140.909,16.561,0.293,58.481,41.113,61.393,17.368,2.913
mp-aaaaaclr,239.333,595.385,244.474,356.052,5.141,91.005,79.306,96.436,11.699,5.431
mp-aaaaacly,65.659,56.350,74.950,9.309,9.291,20.607,-3.408,38.127,24.015,17.520
mp-aaaaacma,194.667,170.123,205.504,24.544,10.837,77.993,64.593,80.774,13.400,2.781
mp-aaaaacmc,96.685,56.078,89.621,40.607,7.064,47.109,29.987,46.807,17.122,0.302
mp-aaaaacmd,208.616,180.644,196.114,27.972,12.502,54.244,64.158,48.784,9.914,5.459
mp-aaaaacmg,166.124,164.827,171.573,1.297,5.449,69.284,46.401,58.568,22.883,10.716
mp-aaaaacmi,57.000,58.294,57.685,1.294,0.685,38.838,14.818,41.301,24.020,2.462
mp-aaaaacmk,71.667,55.785,72.484,15.882,0.817,27.488,27.546,35.388,0.058,7.900
mp-aaaaacmn,197.754,118.289,196.228,79.465,1.526,148.985,135.142,141.291,13.843,7.694
mp-aaaaacmr,43.667,43.539,43.140,0.128,0.527,24.167,23.673,25.430,0.494,1.263
mp-aaaaacms,118.248,81.894,125.614,36.354,7.366,65.247,52.384,61.725,12.863,3.522
mp-aaaaacmt,15.068,35.270,29.664,20.202,14.596,11.477,6.326,14.647,5.151,3.170
mp-aaaaacmu,114.333,107.861,82.399,6.472,31.934,19.222,7.053,16.441,12.169,2.781
mp-aaaaacmx,73.000,61.727,72.512,11.273,0.488,24.530,23.624,23.340,0.906,1.190
mp-aaaaacmy,79.333,84.729,86.611,5.396,7.277,53.416,38.958,53.000,14.458,0.416
mp-aaaaacmz,262.222,237.623,245.715,24.599,16.507,79.574,62.453,64.804,17.121,14.769
mp-aaaaacna,21.994,66.204,23.106,44.210,1.112,15.586,18.313,9.520,2.727,6.065
mp-aaaaacnc,144.424,117.801,157.941,26.623,13.516,18.657,42.058,28.508,23.401,9.851
mp-aaaaacnf,119.667,144.647,112.302,24.980,7.364,48.414,-18.385,80.691,66.799,32.277
mp-aaaaacng,111.638,110.743,114.186,0.895,2.549,45.074,33.897,41.565,11.177,3.509
mp-aaaaacnh,163.000,145.413,159.902,17.587,3.098,74.139,66.846,65.798,7.293,8.341
mp-aaaaacni,32.738,29.531,31.874,3.207,0.863,21.350,24.904,18.439,3.554,2.910
mp-aaaaacnj,183.433,162.579,186.917,20.854,3.484,102.225,97.728,106.432,4.497,4.207
mp-aaaaacnk,194.333,163.763,236.285,30.570,41.952,120.785,121.391,145.790,0.606,25.005
mp-aaaaacnm,131.667,121.466,144.284,10.201,12.617,42.852,43.439,57.660,0.587,14.808
mp-aaaaacno,52.644,48.122,54.123,4.522,1.479,23.013,20.441,23.617,2.572,0.604
mp-aaaaacnp,125.591,98.899,132.540,26.692,6.949,75.780,66.883,70.965,8.897,4.815
mp-aaaaacns,62.000,53.812,61.978,8.188,0.022,21.671,21.165,21.119,0.506,0.552
mp-aaaaacnt,130.620,102.830,131.087,27.790,0.467,129.585,100.568,88.500,29.017,41.085
mp-aaaaacnv,78.409,79.653,76.627,1.244,1.781,51.652,50.475,48.376,1.177,3.276
mp-aaaaacny,181.769,172.750,183.200,9.019,1.431,127.945,156.562,124.854,28.617,3.091
mp-aaaaacoa,233.235,223.745,209.477,9.490,23.758,105.249,92.123,72.313,13.126,32.935
mp-aaaaacoc,146.982,129.544,148.453,17.438,1.471,71.663,66.363,51.516,5.300,20.147
mp-aaaaacod,159.333,119.189,149.796,40.144,9.538,73.208,70.714,45.688,2.494,27.520
mp-aaaaacoe,157.667,182.705,165.062,25.038,7.395,21.994,17.711,34.040,4.283,12.045
mp-aaaaacog,83.450,91.527,87.531,8.077,4.082,42.328,34.945,44.413,7.383,2.085
mp-aaaaacoh,88.667,69.218,90.536,19.449,1.869,63.439,57.475,55.557,5.964,7.882
mp-aaaaacoj,44.923,38.814,44.408,6.109,0.514,24.006,16.813,29.425,7.193,5.419
mp-aaaaacol,52.542,60.394,55.066,7.852,2.524,34.799,53.044,35.108,18.245,0.309
mp-aaaaacon,91.718,61.804,95.585,29.914,3.867,26.612,24.954,30.488,1.658,3.877
mp-aaaaacoo,30.514,47.161,26.024,16.647,4.490,18.168,23.475,15.312,5.307,2.855
mp-aaaaacos,59.807,50.940,70.709,8.867,10.902,35.194,27.645,39.530,7.549,4.336
mp-aaaaacow,72.667,67.903,81.830,4.764,9.163,48.800,35.937,42.450,12.863,6.350
mp-aaaaacpb,152.378,160.308,176.460,7.930,24.082,85.163,93.906,99.042,8.743,13.878
mp-aaaaacpd,133.559,123.993,136.960,9.566,3.401,54.998,46.785,73.655,8.213,18.657
mp-aaaaacpe,104.667,81.620,104.733,23.047,0.066,56.137,57.979,56.640,1.842,0.503
mp-aaaaacpf,13.000,1.165,8.736,11.835,4.264,7.196,8.457,0.185,1.261,7.011
mp-aaaaacpg,86.667,66.152,96.216,20.515,9.549,36.852,29.763,53.501,7.089,16.649
mp-aaaaacpj,79.667,94.006,72.081,14.339,7.586,29.983,45.236,36.013,15.253,6.030
mp-aaaaacpk,87.946,101.792,95.739,13.846,7.793,20.206,33.546,42.140,13.340,21.934
mp-aaaaacpl,100.000,91.163,87.807,8.837,12.193,48.070,32.358,46.271,15.712,1.799
mp-aaaaacpm,72.369,75.398,62.810,3.029,9.559,37.560,31.013,13.599,6.547,23.961
mp-aaaaacpn,126.991,126.930,131.525,0.061,4.534,37.444,20.357,33.902,17.087,3.542
mp-aaaaacpo,196.000,209.174,192.556,13.174,3.444,135.238,109.049,137.782,26.189,2.544
mp-aaaaacpp,89.779,80.201,91.124,9.578,1.344,31.086,27.702,20.700,3.384,10.386
mp-aaaaacpu,160.667,149.474,159.998,11.193,0.669,62.358,52.954,57.720,9.404,4.638
mp-aaaaacpy,102.667,72.334,83.462,30.333,19.205,43.608,36.461,40.762,7.147,2.846
mp-aaaaacpz,150.000,114.872,168.696,35.128,18.696,70.221,55.930,85.856,14.291,15.634
mp-aaaaacqa,182.667,221.259,196.525,38.592,13.859,111.700,14.393,24.509,97.307,87.191
mp-aaaaacqb,104.667,106.039,107.204,1.372,2.538,29.460,39.500,27.178,10.040,2.282
mp-aaaaacqg,171.420,177.573,167.442,6.153,3.978,164.973,144.229,152.516,20.744,12.457
mp-aaaaacqh,72.684,89.506,84.376,16.822,11.692,20.865,25.395,26.267,4.530,5.403
mp-aaaaacqi,256.333,254.714,249.008,1.619,7.325,92.947,89.099,95.312,3.848,2.365
mp-aaaaacqj,28.000,43.254,29.477,15.254,1.477,19.500,28.385,20.141,8.885,0.641
mp-aaaaacqk,208.000,105.843,191.060,102.157,16.940,153.901,131.946,114.450,21.955,39.452
mp-aaaaacql,39.667,50.341,43.969,10.674,4.302,26.131,4.151,18.526,21.980,7.605
mp-aaaaacqm,138.667,124.959,139.196,13.708,0.529,57.690,58.827,53.800,1.137,3.890
mp-aaaaacqo,81.667,75.006,75.000,6.661,6.667,39.575,25.390,38.819,14.185,0.756
mp-aaaaacqp,51.000,41.528,83.541,9.472,32.541,15.789,8.643,37.648,7.146,21.859
mp-aaaaacqq,21.333,39.985,18.671,18.652,2.663,10.028,-4.962,7.284,14.990,2.744
mp-aaaaacqr,54.333,61.618,52.658,7.285,1.675,30.892,21.415,31.669,9.477,0.777
mp-aaaaacqs,138.000,119.685,119.239,18.315,18.761,71.026,58.505,42.255,12.521,28.771
mp-aaaaacqt,38.667,40.206,37.665,1.539,1.002,26.236,17.788,21.111,8.448,5.125
mp-aaaaacqx,131.187,135.348,115.248,4.161,15.938,77.591,76.957,76.880,0.634,0.711
mp-aaaaacqz,105.330,91.660,103.171,13.670,2.159,37.789,39.294,53.234,1.505,15.445
mp-aaaaacra,243.333,146.866,191.493,96.467,51.840,148.493,154.421,105.196,5.928,43.296
mp-aaaaacrb,94.000,52.154,93.540,41.846,0.460,28.078,19.613,25.261,8.465,2.817
mp-aaaaacre,45.667,39.283,37.084,6.384,8.583,28.708,19.466,19.534,9.242,9.173
mp-aaaaacrf,247.667,178.011,256.586,69.656,8.920,123.993,125.771,128.069,1.778,4.076
mp-aaaaacri,24.754,72.131,23.470,47.377,1.284,10.472,23.822,16.131,13.350,5.659
mp-aaaaacrk,253.951,209.290,204.955,44.661,48.996,179.701,99.827,85.475,79.874,94.226
mp-aaaaacrr,45.667,41.403,42.770,4.264,2.896,10.964,19.322,10.549,8.358,0.415
mp-aaaaacru,52.190,59.351,58.905,7.161,6.715,8.229,24.594,13.214,16.365,4.985
mp-aaaaacry,7.000,31.447,11.746,24.447,4.746,4.794,11.784,5.822,6.990,1.028
mp-aaaaacrz,82.932,100.230,112.594,17.298,29.662,56.230,59.824,86.350,3.594,30.119
mp-aaaaacsa,62.333,61.770,60.641,0.563,1.693,44.208,30.535,26.200,13.673,18.007
mp-aaaaacsb,23.286,64.609,17.237,41.323,6.050,17.053,10.913,7.924,6.140,9.129
mp-aaaaacsc,118.656,95.782,120.380,22.874,1.724,71.009,55.789,67.861,15.220,3.149
mp-aaaaacsd,114.230,117.149,114.426,2.919,0.196,60.398,42.043,51.922,18.355,8.476
mp-aaaaacsf,79.393,72.322,90.386,7.071,10.993,34.137,25.821,26.490,8.316,7.646
mp-aaaaacsh,48.045,61.211,53.010,13.166,4.965,23.378,38.104,34.100,14.726,10.722
mp-aaaaacsl,90.694,84.768,95.364,5.926,4.671,27.284,25.321,29.349,1.963,2.064
mp-aaaaacsm,178.174,168.519,176.288,9.655,1.886,71.924,76.283,69.505,4.359,2.419
mp-aaaaacso,71.138,73.915,79.511,2.777,8.373,21.377,40.231,45.105,18.854,23.728
mp-aaaaacsq,20.326,1.101,22.713,19.225,2.387,9.739,13.658,10.547,3.919,0.807
mp-aaaaacsr,71.333,38.373,74.234,32.960,2.901,30.855,27.256,33.929,3.599,3.075
mp-aaaaacsu,190.551,163.533,211.636,27.018,21.086,78.869,77.258,109.405,1.611,30.536
mp-aaaaacsv,298.158,326.711,273.330,28.553,24.828,102.404,120.820,98.077,18.416,4.328
mp-aaaaacsw,126.144,103.559,135.741,22.585,9.596,103.593,102.991,117.277,0.602,13.684
mp-aaaaactc,111.000,51.298,112.427,59.702,1.427,76.976,66.318,75.860,10.658,1.116
mp-aaaaactd,193.836,163.162,205.075,30.674,11.238,101.708,106.437,103.984,4.729,2.276
mp-aaaaactf,130.587,120.179,135.313,10.408,4.725,18.485,28.326,37.541,9.841,19.055
mp-aaaaactg,14.130,6.109,17.000,8.021,2.871,11.291,21.429,9.552,10.138,1.739
mp-aaaaacti,91.333,64.501,91.794,26.832,0.461,35.143,0.899,31.568,34.244,3.574
mp-aaaaactl,32.000,39.754,36.948,7.754,4.948,14.925,19.975,25.236,5.050,10.311
mp-aaaaacto,69.415,76.555,65.016,7.140,4.399,43.056,36.187,35.934,6.869,7.122
mp-aaaaactt,206.333,136.658,223.171,69.675,16.838,72.644,50.396,82.629,22.248,9.985
mp-aaaaactu,24.467,59.180,27.148,34.713,2.682,9.806,9.261,15.392,0.545,5.586
mp-aaaaactv,228.048,178.527,213.192,49.521,14.857,83.419,86.098,92.055,2.679,8.636
mp-aaaaactw,147.010,158.162,151.996,11.152,4.986,82.549,94.079,84.967,11.530,2.418
mp-aaaaactx,150.427,134.900,157.414,15.527,6.987,46.218,41.380,51.933,4.838,5.715
mp-aaaaactz,222.177,185.999,236.741,36.178,14.564,102.376,86.229,103.192,16.147,0.816
mp-aaaaacub,94.645,69.421,103.699,25.224,9.054,35.316,41.414,30.102,6.098,5.214
mp-aaaaacuc,10.734,124.755,10.752,114.021,0.018,6.769,26.204,-1.656,19.435,8.425
mp-aaaaacue,53.667,43.516,56.409,10.151,2.742,30.784,28.246,25.296,2.538,5.489
mp-aaaaacuf,77.000,86.428,81.621,9.428,4.621,59.395,46.214,66.703,13.181,7.308
mp-aaaaacug,125.333,127.640,122.897,2.307,2.437,130.212,89.910,113.333,40.302,16.879
mp-aaaaacuh,17.086,71.041,25.322,53.955,8.236,17.430,26.426,56.124,8.996,38.694
mp-aaaaacui,13.303,29.987,35.167,16.684,21.864,8.117,17.019,5.040,8.902,3.076
mp-aaaaacuk,90.293,79.305,88.871,10.988,1.422,37.100,34.488,35.055,2.612,2.044
mp-aaaaacul,38.333,46.071,47.562,7.738,9.229,28.082,17.500,19.738,10.582,8.344
mp-aaaaacun,229.667,241.824,221.982,12.157,7.685,119.052,112.144,115.464,6.908,3.588
mp-aaaaacus,311.311,278.248,317.080,33.063,5.770,205.344,205.708,198.250,0.364,7.094
mp-aaaaacut,71.845,75.119,67.131,3.274,4.714,18.530,38.907,15.961,20.377,2.570
mp-aaaaacux,231.667,231.410,261.319,0.257,29.652,-44.000,33.929,57.359,77.929,101.359
mp-aaaaacva,89.191,89.798,82.889,0.607,6.302,47.814,41.266,34.587,6.548,13.227
mp-aaaaacvd,32.792,35.760,43.377,2.968,10.585,8.893,20.044,21.149,11.151,12.256
mp-aaaaacvf,50.788,59.579,47.739,8.791,3.049,29.728,32.962,28.313,3.234,1.415
mp-aaaaacvj,20.618,36.408,28.597,15.790,7.979,13.719,12.857,15.299,0.862,1.580
mp-aaaaacvl,33.333,35.848,36.431,2.515,3.098,20.377,18.526,11.762,1.851,8.615
mp-aaaaacvm,150.738,138.886,151.117,11.852,0.379,65.391,51.453,67.829,13.938,2.439
mp-aaaaacvn,58.333,66.076,58.446,7.743,0.113,28.906,21.094,21.585,7.812,7.321
mp-aaaaacvo,89.667,103.581,89.049,13.914,0.618,39.643,22.946,30.904,16.697,8.738
mp-aaaaacvp,177.667,176.891,183.954,0.776,6.287,75.661,67.209,81.830,8.452,6.169
mp-aaaaacvq,73.612,54.450,76.917,19.162,3.305,52.971,41.426,56.567,11.545,3.596
mp-aaaaacvr,221.227,275.791,234.506,54.564,13.278,140.468,115.729,130.021,24.739,10.448
mp-aaaaacvs,35.333,63.185,36.893,27.852,1.560,-12.575,-3.527,17.509,9.048,30.084
mp-aaaaacvu,198.333,195.889,229.734,2.444,31.401,74.917,48.345,-76.173,26.572,151.090
mp-aaaaacvx,83.333,65.532,62.580,17.801,20.753,49.869,24.359,32.667,25.510,17.202
mp-aaaaacvy,137.333,52.087,119.194,85.246,18.139,92.595,81.841,77.553,10.754,15.042
mp-aaaaacwa,90.551,86.145,84.915,4.406,5.636,65.539,44.089,56.059,21.450,9.480
mp-aaaaacwb,132.333,71.924,105.221,60.409,27.112,48.649,32.497,55.794,16.152,7.145
mp-aaaaacwc,82.301,78.740,97.189,3.561,14.888,34.471,24.348,15.364,10.123,19.108
mp-aaaaacwf,174.667,171.297,186.356,3.370,11.689,117.721,90.934,118.270,26.787,0.549
mp-aaaaacwi,233.000,170.544,236.736,62.456,3.736,84.305,85.259,104.053,0.954,19.747
mp-aaaaacwj,117.000,186.760,88.022,69.760,28.978,38.235,37.953,39.847,0.282,1.612
mp-aaaaacwk,41.667,50.684,53.329,9.017,11.662,22.451,21.268,38.233,1.183,15.782
mp-aaaaacwl,21.657,31.144,23.622,9.487,1.965,13.447,10.551,13.302,2.896,0.145
mp-aaaaacwm,175.664,151.198,182.779,24.466,7.115,92.447,84.334,67.156,8.113,25.290
mp-aaaaacwn,38.612,51.571,42.933,12.959,4.320,22.040,13.894,20.037,8.146,2.002
mp-aaaaacwo,231.755,172.407,246.270,59.348,14.515,146.277,129.790,148.750,16.487,2.472
mp-aaaaacwp,123.333,116.364,125.001,6.969,1.668,47.364,47.989,48.724,0.625,1.360
mp-aaaaacwr,152.667,143.763,158.533,8.904,5.866,42.914,39.776,46.709,3.138,3.796
mp-aaaaacwt,15.909,11.233,19.435,4.676,3.526,8.992,20.008,10.450,11.016,1.457
mp-aaaaacwu,144.333,156.823,146.697,12.490,2.364,115.842,135.141,114.018,19.299,1.824
mp-aaaaacwy,48.667,59.981,49.619,11.314,0.952,14.307,6.893,15.434,7.414,1.127
mp-aaaaacwz,193.185,129.812,154.488,63.373,38.697,55.302,39.865,47.800,15.437,7.502
mp-aaaaacxd,113.750,112.294,119.086,1.456,5.335,68.251,68.303,68.459,0.052,0.208
mp-aaaaacxe,136.911,215.278,121.279,78.367,15.632,112.103,126.246,111.242,14.143,0.862
mp-aaaaacxf,73.333,53.553,77.631,19.780,4.298,28.377,30.548,35.230,2.171,6.853
mp-aaaaacxg,76.115,64.365,79.085,11.750,2.970,50.711,34.338,54.930,16.373,4.219
mp-aaaaacxi,32.333,29.224,35.034,3.109,2.700,20.424,10.738,24.018,9.686,3.594
mp-aaaaacxj,196.667,184.621,191.349,12.046,5.318,78.942,60.651,82.944,18.291,4.002
mp-aaaaacxk,78.667,109.610,83.614,30.943,4.947,68.343,40.631,81.049,27.712,12.706
mp-aaaaacxl,98.384,106.556,104.154,8.172,5.770,40.497,29.032,34.384,11.465,6.112
mp-aaaaacxn,227.153,182.798,240.653,44.355,13.499,76.523,58.208,109.356,18.315,32.833
mp-aaaaacxs,116.288,126.558,121.605,10.270,5.317,38.975,36.842,55.708,2.133,16.733
mp-aaaaacxt,96.534,89.241,93.920,7.293,2.614,69.358,62.668,58.972,6.690,10.386
mp-aaaaacxv,73.333,53.005,77.925,20.328,4.591,32.639,29.802,35.101,2.837,2.462
mp-aaaaacxx,122.893,94.827,118.247,28.066,4.645,86.742,74.521,86.413,12.221,0.330
mp-aaaaacxz,172.333,146.398,154.452,25.935,17.881,137.598,132.462,100.392,5.136,37.206
mp-aaaaacya,51.273,52.861,53.213,1.588,1.940,5.410,31.095,31.944,25.685,26.534
mp-aaaaacyb,56.667,61.277,57.028,4.610,0.362,16.164,10.791,19.709,5.373,3.546
mp-aaaaacyd,127.667,122.813,138.718,4.854,11.051,49.493,51.223,57.254,1.730,7.761
mp-aaaaacyg,132.517,127.092,136.560,5.425,4.044,63.278,53.005,86.690,10.273,23.412
mp-aaaaacyi,31.618,89.810,20.461,58.192,11.157,17.480,14.204,24.610,3.276,7.130
mp-aaaaacyk,129.333,93.700,144.026,35.633,14.692,40.221,38.456,48.253,1.765,8.032
mp-aaaaacyn,215.120,199.714,207.035,15.406,8.085,131.932,120.239,110.461,11.693,21.471
mp-aaaaacyo,49.333,51.415,40.382,2.082,8.952,26.995,35.257,18.913,8.262,8.082
mp-aaaaacyt,97.235,99.877,100.467,2.642,3.233,35.689,22.532,36.763,13.157,1.074
mp-aaaaacyu,191.333,233.233,189.765,41.900,1.568,86.450,87.982,80.945,1.532,5.505
mp-aaaaacyx,13.000,52.124,71.303,39.124,58.303,10.100,34.342,35.068,24.242,24.968
mp-aaaaacyy,69.734,27.632,70.281,42.102,0.548,23.087,29.719,29.005,6.632,5.918
mp-aaaaacyz,44.333,47.734,48.741,3.401,4.407,18.008,15.848,22.210,2.160,4.203
mp-aaaaacze,239.333,209.425,239.575,29.908,0.242,123.508,111.821,110.065,11.687,13.443
mp-aaaaaczg,135.813,138.370,133.725,2.557,2.088,111.929,115.084,94.663,3.155,17.266
mp-aaaaaczj,100.000,112.088,95.638,12.088,4.362,46.488,37.786,44.825,8.702,1.663
mp-aaaaaczk,32.333,39.524,32.539,7.191,0.205,13.906,15.047,14.700,1.141,0.794
mp-aaaaaczm,87.333,88.115,80.630,0.782,6.703,60.531,56.241,58.492,4.290,2.039
mp-aaaaaczo,98.667,95.450,103.129,3.217,4.462,35.407,28.851,39.658,6.556,4.251
mp-aaaaaczq,171.333,179.916,172.187,8.583,0.854,83.557,81.740,77.244,1.817,6.312
mp-aaaaaczr,128.667,183.640,157.251,54.973,28.584,3.440,8.153,31.133,4.713,27.694
mp-aaaaaczx,131.081,109.867,135.509,21.214,4.428,120.538,101.583,91.042,18.955,29.497
mp-aaaaaczz,124.000,125.660,159.469,1.660,35.469,60.569,54.148,73.870,6.421,13.301
mp-aaaaadaa,156.667,95.054,155.089,61.613,1.578,103.599,77.632,97.010,25.967,6.589
mp-aaaaadac,172.000,89.275,125.635,82.725,46.365,121.651,117.191,89.807,4.460,31.844
mp-aaaaadad,135.333,135.603,131.727,0.270,3.607,126.060,108.461,122.290,17.599,3.770
mp-aaaaadaf,201.889,183.443,204.523,18.446,2.634,73.787,73.235,65.562,0.552,8.224
mp-aaaaadag,335.121,223.831,341.637,111.290,6.516,167.628,184.572,160.083,16.944,7.545
mp-aaaaadak,96.000,73.861,80.899,22.139,15.101,1.667,33.673,45.266,32.006,43.599
mp-aaaaadal,173.181,88.512,101.087,84.669,72.094,39.958,28.220,40.620,11.738,0.662
mp-aaaaadaw,61.000,83.235,64.763,22.235,3.763,35.653,32.949,37.717,2.704,2.063
mp-aaaaadax,67.350,65.910,80.310,1.440,12.961,20.344,25.721,42.431,5.377,22.087
mp-aaaaaday,85.667,81.509,83.597,4.158,2.069,51.536,55.149,39.952,3.613,11.583
mp-aaaaadaz,174.000,128.700,159.948,45.300,14.052,82.860,43.388,59.665,39.472,23.196
mp-aaaaadbc,105.278,112.445,96.994,7.167,8.284,47.132,50.148,44.868,3.016,2.264
mp-aaaaadbd,167.887,179.200,166.688,11.313,1.199,152.952,147.822,153.652,5.130,0.700
mp-aaaaadbe,219.981,220.596,231.238,0.615,11.257,81.685,90.527,68.732,8.842,12.953
mp-aaaaadbf,161.477,126.679,160.648,34.798,0.829,85.431,88.433,66.474,3.002,18.957
mp-aaaaadbh,58.000,69.278,56.932,11.278,1.068,27.028,15.027,19.733,12.001,7.295
mp-aaaaadbi,79.169,88.311,80.227,9.142,1.058,37.158,49.017,42.075,11.859,4.916
mp-aaaaadbj,121.569,116.876,132.125,4.693,10.556,40.209,37.279,65.081,2.930,24.873
mp-aaaaadbl,60.272,55.905,61.816,4.367,1.545,35.395,25.584,31.449,9.811,3.946
mp-aaaaadbo,55.708,75.875,67.364,20.167,11.657,31.236,52.197,44.775,20.961,13.539
mp-aaaaadbq,127.667,110.672,124.319,16.995,3.348,72.990,63.956,76.983,9.034,3.993
mp-aaaaadbr,64.427,86.084,69.578,21.657,5.151,34.263,24.001,37.542,10.262,3.279
mp-aaaaadbu,32.667,27.010,34.106,5.657,1.439,25.576,26.135,22.902,0.559,2.674
mp-aaaaadbw,15.774,53.698,23.249,37.924,7.474,11.991,5.956,6.740,6.035,5.251
mp-aaaaadbx,41.667,37.101,42.223,4.566,0.556,19.656,20.852,23.130,1.196,3.474
mp-aaaaadby,127.632,125.228,139.158,2.404,11.526,62.453,51.893,56.455,10.560,5.998
mp-aaaaadbz,14.560,-41.864,15.668,56.424,1.108,8.540,23.444,6.274,14.904,2.267
mp-aaaaadcc,276.000,319.307,240.818,43.307,35.182,95.357,83.242,79.133,12.115,16.224
mp-aaaaadcd,110.333,128.377,113.830,18.044,3.496,33.633,50.246,36.875,16.613,3.242
mp-aaaaadci,74.667,78.241,66.774,3.574,7.892,49.477,46.405,48.560,3.072,0.917
mp-aaaaadcj,20.053,48.139,22.731,28.086,2.678,10.162,12.011,11.410,1.849,1.248
mp-aaaaadck,189.667,168.577,326.884,21.090,137.218,91.470,106.004,46.365,14.534,45.105
mp-aaaaadcl,257.649,288.043,265.557,30.394,7.908,199.085,175.276,216.221,23.809,17.137
mp-aaaaadcn,42.667,66.053,44.872,23.386,2.206,21.148,22.476,22.030,1.328,0.883
mp-aaaaadcr,29.922,77.601,54.086,47.679,24.165,20.993,34.290,32.715,13.297,11.722
mp-aaaaadcs,192.000,220.394,214.898,28.394,22.898,31.355,24.367,35.080,6.988,3.726
mp-aaaaadcw,70.250,67.214,68.607,3.036,1.643,46.870,26.890,41.583,19.980,5.286
mp-aaaaadcx,136.000,133.646,154.329,2.354,18.329,23.890,21.211,39.327,2.679,15.437
mp-aaaaadcz,143.653,126.596,155.926,17.057,12.272,95.364,92.624,93.713,2.740,1.651
mp-aaaaaddc,139.537,136.703,128.163,2.834,11.374,94.330,78.826,82.480,15.504,11.850
mp-aaaaaddi,159.333,167.989,159.520,8.656,0.187,120.770,57.809,124.198,62.961,3.428
mp-aaaaaddl,158.000,162.749,152.992,4.749,5.008,120.584,109.190,116.355,11.394,4.229
mp-aaaaaddn,114.391,126.200,117.520,11.809,3.128,39.711,23.374,39.331,16.337,0.380
mp-aaaaaddo,76.009,78.575,78.423,2.566,2.414,33.375,27.176,30.295,6.199,3.081
mp-aaaaaddp,86.667,87.534,72.243,0.867,14.424,66.955,57.354,50.428,9.601,16.526
mp-aaaaaddr,174.104,132.125,179.019,41.979,4.915,59.042,62.238,63.519,3.196,4.477
mp-aaaaaddt,22.199,22.045,34.312,0.154,12.112,17.744,22.704,21.892,4.960,4.148
mp-aaaaaddu,278.667,278.937,302.665,0.270,23.998,150.355,142.397,172.276,7.958,21.921
mp-aaaaaddw,56.408,68.951,54.806,12.543,1.602,24.090,30.227,28.809,6.137,4.719
mp-aaaaaddx,66.504,78.286,81.197,11.782,14.693,18.788,8.451,44.898,10.337,26.110
mp-aaaaaddy,73.000,107.510,131.421,34.510,58.421,50.677,55.393,53.765,4.716,3.088
mp-aaaaaddz,39.030,69.930,35.879,30.900,3.151,20.403,22.139,14.136,1.736,6.266
mp-aaaaadea,-28.918,272.859,222.379,301.777,251.296,98.406,114.793,115.766,16.387,17.360
mp-aaaaadeb,128.140,94.915,129.985,33.225,1.845,43.023,38.256,56.967,4.767,13.944
mp-aaaaadec,77.000,87.580,80.038,10.580,3.038,59.395,46.670,65.892,12.725,6.497
mp-aaaaadef,72.768,76.799,71.602,4.031,1.166,33.636,35.510,43.391,1.874,9.755
mp-aaaaadek,130.333,52.825,129.852,77.508,0.482,88.646,68.758,86.155,19.888,2.491
mp-aaaaaden,87.964,102.680,99.471,14.716,11.508,25.777,38.421,45.228,12.644,19.450
mp-aaaaades,28.164,29.705,20.783,1.541,7.381,15.066,13.166,7.191,1.900,7.876
mp-aaaaadet,49.667,61.718,42.453,12.051,7.214,19.333,5.359,27.149,13.974,7.816
mp-aaaaadeu,147.690,145.464,150.372,2.226,2.682,72.366,60.955,77.535,11.411,5.169
mp-aaaaadew,69.333,82.051,74.683,12.718,5.350,50.122,49.288,33.582,0.834,16.541
mp-aaaaadey,18.272,42.434,20.189,24.162,1.918,16.466,29.125,7.752,12.659,8.714
mp-aaaaadez,403.840,174.483,281.342,229.357,122.498,194.721,157.035,144.502,37.686,50.219
mp-aaaaadfb,64.000,65.054,62.868,1.054,1.132,21.547,22.082,26.049,0.535,4.503
mp-aaaaadfc,14.477,30.775,20.896,16.298,6.418,0.613,5.832,12.965,5.219,12.352
mp-aaaaadff,114.333,110.595,117.774,3.738,3.441,41.555,37.279,32.979,4.276,8.576
mp-aaaaadfg,54.191,96.152,72.388,41.961,18.197,20.408,47.846,47.081,27.438,26.674
mp-aaaaadfj,66.667,59.350,71.934,7.317,5.268,18.631,21.312,28.494,2.681,9.864
mp-aaaaadfk,27.226,45.747,26.249,18.521,0.977,19.855,18.811,14.493,1.044,5.362
mp-aaaaadfm,67.122,88.039,56.133,20.917,10.989,30.280,31.126,25.347,0.846,4.933
mp-aaaaadfo,67.333,79.141,77.770,11.808,10.436,39.804,26.401,47.240,13.403,7.436
mp-aaaaadfp,40.262,49.351,61.701,9.089,21.439,33.258,47.378,40.392,14.120,7.134
mp-aaaaadfs,42.667,51.218,42.355,8.551,0.312,22.407,17.837,19.385,4.570,3.022
mp-aaaaadfv,228.333,202.317,235.326,26.016,6.992,69.691,85.311,109.478,15.620,39.787
mp-aaaaadfw,84.391,101.826,86.835,17.435,2.444,49.128,59.338,42.313,10.210,6.815
mp-aaaaadfy,64.000,60.113,73.807,3.887,9.807,29.837,33.818,30.927,3.981,1.090
mp-aaaaadfz,101.333,72.397,96.429,28.936,4.904,25.656,16.204,38.935,9.452,13.279
mp-aaaaadgc,79.000,93.322,60.626,14.322,18.374,-40.249,22.852,28.155,63.101,68.404
mp-aaaaadgd,90.358,85.110,95.041,5.248,4.683,45.629,52.099,38.127,6.470,7.502
mp-aaaaadgf,47.299,77.673,68.891,30.374,21.592,28.699,49.379,36.674,20.680,7.975
mp-aaaaadgh,58.333,83.420,58.881,25.087,0.547,35.775,34.102,36.545,1.673,0.770
mp-aaaaadgi,259.913,280.212,245.797,20.299,14.116,51.941,61.008,67.390,9.067,15.449
mp-aaaaadgk,10.769,0.745,25.948,10.024,15.179,3.660,17.041,13.361,13.381,9.701
mp-aaaaadgp,211.000,189.519,205.623,21.481,5.377,99.721,87.082,96.860,12.639,2.861
mp-aaaaadgr,46.333,43.457,44.938,2.876,1.395,27.011,4.507,24.107,22.504,2.904
mp-aaaaadgt,172.000,183.521,164.145,11.521,7.855,83.887,60.460,74.097,23.427,9.790
mp-aaaaadgu,54.000,52.751,55.569,1.249,1.569,16.569,24.343,35.123,7.774,18.554
mp-aaaaadgv,102.667,100.857,102.403,1.810,0.264,40.371,21.082,27.837,19.289,12.534
mp-aaaaadgw,191.667,104.346,149.153,87.321,42.514,52.274,59.402,42.203,7.128,10.072
mp-aaaaadgx,20.982,22.616,25.638,1.634,4.656,14.492,10.273,13.171,4.219,1.321
mp-aaaaadha,105.000,71.164,121.141,33.836,16.141,29.700,34.942,38.678,5.242,8.978
mp-aaaaadhb,219.333,188.907,227.330,30.426,7.997,96.130,83.917,101.768,12.213,5.638
mp-aaaaadhc,120.000,103.173,111.905,16.827,8.095,57.730,41.908,36.293,15.822,21.436
mp-aaaaadhd,185.056,213.910,193.114,28.854,8.058,87.447,80.849,105.715,6.598,18.268
mp-aaaaadhe,44.111,40.909,45.562,3.202,1.452,24.144,21.139,16.960,3.005,7.184
mp-aaaaadhf,77.533,66.521,83.327,11.012,5.794,33.382,26.566,39.395,6.816,6.013
mp-aaaaadhl,98.000,85.647,104.517,12.353,6.517,39.333,35.938,41.353,3.395,2.020
mp-aaaaadhm,69.667,55.710,63.551,13.957,6.116,21.757,17.154,4.312,4.603,17.445
mp-aaaaadhp,154.649,138.092,139.753,16.557,14.896,144.952,144.978,115.050,0.026,29.903
mp-aaaaadhq,91.000,84.292,97.229,6.708,6.229,34.335,22.872,35.081,11.463,0.745
mp-aaaaadhs,42.333,44.799,42.499,2.466,0.165,19.500,23.418,22.278,3.918,2.778
mp-aaaaadht,166.667,137.884,157.709,28.783,8.957,62.389,50.910,46.309,11.479,16.080
mp-aaaaadhv,23.294,31.378,23.907,8.084,0.613,18.422,4.204,11.975,14.218,6.447
mp-aaaaadhx,72.098,80.482,78.942,8.384,6.844,24.945,13.932,24.712,11.013,0.233
mp-aaaaadhy,69.166,57.176,68.397,11.990,0.769,33.437,25.124,34.789,8.313,1.352
mp-aaaaadib,146.670,66.435,156.058,80.235,9.388,49.363,46.725,53.851,2.638,4.488
mp-aaaaadig,21.242,24.557,34.216,3.315,12.974,16.541,18.922,19.588,2.381,3.047
mp-aaaaadih,178.271,168.055,171.114,10.216,7.157,98.935,102.660,87.329,3.725,11.606
mp-aaaaadij,222.281,176.761,211.206,45.520,11.075,133.517,129.709,129.298,3.808,4.220
mp-aaaaadil,24.109,133.209,37.511,109.100,13.402,8.101,25.242,7.993,17.141,0.108
mp-aaaaadio,166.333,145.192,170.829,21.141,4.495,73.620,68.667,68.691,4.953,4.928
mp-aaaaadip,52.104,93.496,44.420,41.392,7.684,33.411,40.499,36.883,7.088,3.471
mp-aaaaadiq,191.221,174.172,188.094,17.049,3.127,195.654,169.441,182.353,26.213,13.301
mp-aaaaadis,201.474,155.251,215.038,46.223,13.564,104.440,105.876,124.608,1.436,20.169
mp-aaaaadiw,104.667,141.400,135.212,36.733,30.545,45.239,48.153,33.506,2.914,11.733
mp-aaaaadiy,200.324,247.898,207.270,47.574,6.945,92.418,68.891,100.511,23.527,8.092
mp-aaaaadjb,216.000,237.312,223.182,21.312,7.182,101.842,79.688,83.884,22.154,17.958
mp-aaaaadjc,80.500,83.011,81.756,2.511,1.256,54.517,47.778,58.443,6.739,3.926
mp-aaaaadjd,39.078,58.029,127.880,18.951,88.802,20.526,12.953,30.694,7.573,10.168
mp-aaaaadjf,168.667,174.875,170.403,6.208,1.736,159.038,141.249,160.501,17.789,1.463
mp-aaaaadjg,66.000,53.397,70.593,12.603,4.593,23.476,23.759,26.501,0.283,3.025
mp-aaaaadjl,75.018,67.550,78.979,7.468,3.961,20.724,17.946,21.575,2.778,0.852
mp-aaaaadjn,4.652,5.428,13.910,0.776,9.258,2.709,25.482,10.238,22.773,7.530
mp-aaaaadjs,74.667,29.946,78.906,44.721,4.240,24.645,33.769,29.607,9.124,4.963
mp-aaaaadjt,55.333,68.265,57.597,12.932,2.264,32.474,27.623,32.618,4.851,0.143
mp-aaaaadjv,128.000,104.671,133.947,23.329,5.947,48.407,32.115,54.758,16.292,6.351
mp-aaaaadjw,30.121,60.970,49.041,30.849,18.920,10.817,24.566,19.180,13.749,8.363
mp-aaaaadjx,48.915,101.579,62.197,52.664,13.282,20.988,29.180,31.531,8.192,10.543
mp-aaaaadjy,33.333,21.364,36.843,11.969,3.510,27.108,18.033,20.547,9.075,6.560
mp-aaaaadjz,184.727,216.878,201.241,32.151,16.514,90.933,106.067,99.159,15.134,8.226
mp-aaaaadkd,141.667,144.976,168.156,3.309,26.490,32.100,71.991,63.886,39.891,31.786
mp-aaaaadke,114.667,111.489,112.137,3.178,2.530,39.779,29.582,30.517,10.197,9.261
mp-aaaaadkf,53.333,42.909,55.180,10.424,1.847,13.000,15.474,8.548,2.474,4.452
mp-aaaaadkg,150.659,165.573,111.139,14.914,39.520,35.043,68.443,61.496,33.400,26.454
mp-aaaaadki,200.110,188.976,195.742,11.134,4.368,56.605,41.450,65.378,15.155,8.773
mp-aaaaadkj,101.612,102.049,97.773,0.437,3.838,36.663,16.487,34.638,20.176,2.025
mp-aaaaadkn,125.667,125.665,128.539,0.002,2.872,75.761,97.194,81.602,21.433,5.841
mp-aaaaadko,189.667,225.390,175.941,35.723,13.726,71.102,71.245,63.755,0.143,7.347
mp-aaaaadkp,60.000,55.980,61.382,4.020,1.382,24.913,32.890,30.942,7.977,6.029
mp-aaaaadks,38.333,36.056,35.947,2.277,2.386,25.672,17.676,21.050,7.996,4.622
mp-aaaaadkw,105.667,96.962,96.650,8.705,9.017,37.470,18.127,37.094,19.343,0.376
mp-aaaaadkx,242.333,160.092,190.249,82.241,52.084,147.816,117.664,120.846,30.152,26.971
mp-aaaaadkz,39.252,33.404,43.687,5.848,4.435,14.019,11.136,24.495,2.883,10.476
mp-aaaaadlc,64.000,63.400,67.287,0.600,3.287,34.449,34.069,32.751,0.380,1.698
mp-aaaaadld,121.222,132.831,142.252,11.609,21.030,60.782,46.048,52.960,14.734,7.821
mp-aaaaadle,223.216,205.340,220.401,17.876,2.815,61.951,116.504,118.455,54.553,56.504
mp-aaaaadli,80.000,66.401,73.754,13.599,6.246,60.882,34.924,55.823,25.958,5.059
mp-aaaaadlj,141.667,148.796,162.779,7.129,21.112,30.771,64.713,67.095,33.942,36.324
mp-aaaaadln,79.274,91.955,81.952,12.681,2.678,23.912,37.715,46.848,13.803,22.936
mp-aaaaadlq,68.471,47.330,74.180,21.141,5.709,42.211,25.548,44.031,16.663,1.820
mp-aaaaadlt,116.000,95.914,122.033,20.086,6.033,50.484,30.764,47.292,19.720,3.192
mp-aaaaadlu,71.000,47.096,76.599,23.904,5.599,31.873,28.131,35.587,3.742,3.714
mp-aaaaadlx,183.333,135.746,192.511,47.587,9.177,70.957,79.580,76.857,8.623,5.900
mp-aaaaadly,66.040,61.547,62.335,4.493,3.705,35.557,30.700,35.734,4.857,0.177
mp-aaaaadlz,157.667,146.944,165.397,10.723,7.730,55.851,47.873,53.823,7.978,2.028
mp-aaaaadma,49.936,63.798,46.053,13.862,3.882,29.964,27.675,24.665,2.289,5.299
mp-aaaaadmb,65.087,143.961,68.330,78.874,3.244,44.663,45.358,48.526,0.695,3.863
mp-aaaaadmd,40.667,55.989,34.419,15.322,6.248,28.555,11.413,16.368,17.142,12.187
mp-aaaaadmf,143.667,104.684,141.549,38.983,2.117,63.393,49.015,56.589,14.378,6.804
mp-aaaaadmh,116.897,131.880,112.941,14.983,3.956,18.269,33.757,15.310,15.488,2.959
mp-aaaaadmi,118.933,88.773,117.781,30.160,1.152,46.342,31.981,40.678,14.361,5.664
mp-aaaaadmj,55.528,60.860,48.214,5.332,7.313,25.320,29.436,20.052,4.116,5.268
mp-aaaaadmk,83.333,74.008,68.927,9.325,14.406,40.741,26.356,39.520,14.385,1.221
mp-aaaaadml,179.667,176.013,186.537,3.654,6.870,77.452,59.574,82.091,17.878,4.639
mp-aaaaadmm,45.667,60.255,38.086,14.588,7.581,30.376,22.771,21.310,7.605,9.066
mp-aaaaadmo,118.667,108.117,82.111,10.550,36.556,68.798,46.772,20.747,22.026,48.051
mp-aaaaadmu,48.141,44.241,39.801,3.900,8.340,33.947,31.605,23.511,2.342,10.437
mp-aaaaadmv,111.953,121.225,110.061,9.272,1.892,23.692,48.132,59.845,24.440,36.153
mp-aaaaadmy,206.667,191.706,208.375,14.961,1.709,104.125,64.821,88.070,39.304,16.055
mp-aaaaadnb,92.560,109.649,84.419,17.089,8.141,38.113,32.717,38.955,5.396,0.842
mp-aaaaadnd,97.551,99.615,102.552,2.064,5.001,39.643,28.079,33.141,11.564,6.502
mp-aaaaadne,139.432,125.231,141.271,14.201,1.839,63.857,58.490,54.680,5.367,9.178
mp-aaaaadnf,13.418,16.331,22.700,2.913,9.282,13.983,8.596,14.139,5.387,0.157
mp-aaaaadnn,173.667,165.154,186.453,8.513,12.786,55.923,94.442,88.162,38.519,32.239
mp-aaaaadnp,114.333,111.210,117.029,3.123,2.696,43.852,39.414,29.945,4.438,13.907
mp-aaaaadns,71.000,81.129,51.826,10.129,19.174,44.140,38.651,25.724,5.489,18.416
mp-aaaaadnt,242.000,215.793,255.509,26.207,13.509,77.889,81.076,81.033,3.187,3.145
mp-aaaaadnw,46.667,40.793,39.608,5.874,7.059,18.875,17.563,12.124,1.312,6.751
mp-aaaaadnz,108.333,102.850,116.566,5.483,8.233,39.190,33.308,43.091,5.882,3.901
mp-aaaaadob,46.667,50.433,50.888,3.766,4.222,15.592,9.036,17.766,6.556,2.174
mp-aaaaadoh,65.667,37.233,67.526,28.434,1.859,31.339,15.444,28.605,15.895,2.734
mp-aaaaadoi,25.224,33.036,27.784,7.812,2.560,14.316,13.119,13.631,1.197,0.685
mp-aaaaadok,18.001,51.102,20.097,33.101,2.097,10.886,16.922,10.436,6.036,0.450
mp-aaaaadol,169.333,170.714,177.770,1.381,8.437,70.826,46.361,77.671,24.465,6.845
mp-aaaaadom,55.667,51.562,55.109,4.105,0.558,35.513,26.716,42.724,8.797,7.212
mp-aaaaadoo,63.202,76.746,56.524,13.544,6.678,43.804,23.795,26.420,20.009,17.384
mp-aaaaadoq,144.998,136.135,154.644,8.863,9.646,37.625,43.338,45.921,5.713,8.296
mp-aaaaados,60.782,54.419,64.882,6.363,4.099,20.827,26.367,16.638,5.540,4.189
mp-aaaaadov,43.000,53.587,43.483,10.587,0.483,30.426,28.350,23.643,2.076,6.783
mp-aaaaadoz,212.333,273.045,220.555,60.712,8.222,95.910,90.586,103.452,5.324,7.542
mp-aaaaadpe,74.124,68.369,82.818,5.755,8.694,49.573,42.819,58.680,6.754,9.107
mp-aaaaadpf,126.667,88.850,89.737,37.817,36.930,-46.958,-39.329,39.806,7.629,86.764
mp-aaaaadpg,70.129,63.509,77.159,6.620,7.030,33.227,36.381,45.336,3.154,12.108
mp-aaaaadpi,41.333,61.491,38.769,20.158,2.564,18.170,12.897,-1.098,5.273,19.268
mp-aaaaadpm,108.118,106.582,104.437,1.536,3.681,71.350,75.555,66.891,4.205,4.459
mp-aaaaadpn,47.667,53.833,54.700,6.166,7.033,19.116,11.747,20.047,7.369,0.932
mp-aaaaadpo,30.000,18.731,24.785,11.269,5.215,22.005,16.531,13.234,5.474,8.771
mp-aaaaadpq,25.000,32.906,26.961,7.906,1.961,18.087,20.957,12.211,2.870,5.876
mp-aaaaadpr,433.113,124.414,162.612,308.699,270.501,-29.369,58.343,69.479,87.712,98.848
mp-aaaaadqa,180.000,176.184,191.171,3.816,11.171,58.567,48.306,72.878,10.261,14.311
mp-aaaaadqf,248.667,208.164,250.660,40.503,1.994,148.319,105.470,135.042,42.849,13.277
mp-aaaaadqg,37.534,36.453,38.099,1.081,0.565,22.858,26.551,22.989,3.693,0.131
mp-aaaaadqh,71.841,77.585,80.378,5.744,8.537,45.621,38.625,54.870,6.996,9.249
mp-aaaaadqk,164.208,182.163,170.746,17.955,6.538,77.620,78.016,58.966,0.396,18.654
mp-aaaaadql,166.237,162.470,164.555,3.767,1.682,119.258,100.896,136.806,18.362,17.549
mp-aaaaadqo,143.000,202.975,167.274,59.975,24.274,119.250,68.231,75.752,51.019,43.498
mp-aaaaadqp,35.000,41.534,37.569,6.534,2.569,23.979,6.147,24.039,17.832,0.060
mp-aaaaadqq,152.995,146.697,162.533,6.298,9.537,69.385,52.558,84.500,16.827,15.115
mp-aaaaadqs,99.759,78.127,101.466,21.632,1.708,35.034,37.383,40.276,2.349,5.241
mp-aaaaadqt,113.538,118.902,119.035,5.364,5.496,47.014,46.188,32.446,0.826,14.568
mp-aaaaadqv,172.333,175.928,182.622,3.595,10.288,72.122,59.134,80.707,12.988,8.585
mp-aaaaadqw,103.846,99.763,101.797,4.083,2.049,43.578,18.826,36.029,24.752,7.549
mp-aaaaadqz,53.333,49.929,51.579,3.404,1.754,16.964,21.556,7.589,4.592,9.375
mp-aaaaadra,97.000,74.322,81.198,22.678,15.802,42.741,30.390,56.556,12.351,13.814
mp-aaaaadrc,84.667,50.443,83.532,34.224,1.135,55.566,43.291,47.928,12.275,7.638
mp-aaaaadre,65.667,56.282,69.666,9.385,3.999,20.494,23.234,26.830,2.740,6.336
mp-aaaaadri,175.328,137.140,156.489,38.188,18.839,142.269,147.786,124.124,5.517,18.144
mp-aaaaadrl,56.408,52.762,50.399,3.646,6.009,30.347,33.722,24.145,3.375,6.202
mp-aaaaadro,57.333,61.713,60.489,4.380,3.155,13.991,21.464,20.415,7.473,6.424
mp-aaaaadrq,173.208,132.287,161.671,40.921,11.536,76.038,47.448,64.512,28.590,11.526
mp-aaaaadrs,209.333,226.453,288.969,17.120,79.636,77.799,91.755,136.507,13.956,58.707
mp-aaaaadrt,178.333,140.384,195.226,37.949,16.892,30.259,36.878,59.672,6.619,29.412
mp-aaaaadru,76.333,63.219,75.583,13.114,0.750,51.565,43.998,40.034,7.567,11.531
mp-aaaaadrv,84.000,67.526,82.389,16.474,1.611,28.038,26.225,34.753,1.813,6.714
mp-aaaaadrx,143.000,130.352,138.350,12.648,4.650,76.483,81.488,79.146,5.005,2.662
mp-aaaaadrz,85.000,65.261,87.923,19.739,2.923,36.309,26.238,50.327,10.071,14.018
mp-aaaaadsd,31.787,46.113,29.722,14.326,2.065,20.441,28.897,9.934,8.456,10.507
mp-aaaaadse,112.639,120.436,97.328,7.797,15.311,68.504,66.445,50.369,2.059,18.135
mp-aaaaadsf,293.215,277.998,305.408,15.217,12.193,147.644,152.240,142.691,4.596,4.952
mp-aaaaadsl,18.260,10.525,18.969,7.735,0.708,11.683,15.650,13.716,3.967,2.033
mp-aaaaadsn,170.000,198.736,168.173,28.736,1.827,76.409,67.221,72.504,9.188,3.905
mp-aaaaadsq,151.827,136.118,155.321,15.709,3.494,44.796,48.528,35.310,3.732,9.486
mp-aaaaadsr,136.333,113.347,130.255,22.986,6.078,84.344,76.068,79.085,8.276,5.259
mp-aaaaadst,231.667,245.881,234.110,14.214,2.443,95.367,95.395,105.619,0.028,10.252
mp-aaaaadsu,60.000,57.425,59.993,2.575,0.007,30.426,25.612,32.005,4.814,1.579
mp-aaaaadsv,36.782,32.974,37.594,3.808,0.812,22.233,27.159,23.659,4.926,1.426
mp-aaaaadsy,62.333,83.119,60.788,20.786,1.545,36.621,32.853,36.844,3.768,0.223
mp-aaaaadtc,70.095,72.299,67.052,2.204,3.043,53.360,38.739,44.410,14.621,8.950
mp-aaaaadtd,54.000,50.455,56.125,3.545,2.125,13.166,12.603,17.783,0.563,4.617
mp-aaaaadth,138.333,112.018,149.577,26.315,11.243,50.611,53.470,62.264,2.859,11.653
mp-aaaaadti,26.333,27.321,26.371,0.988,0.037,18.595,12.107,14.725,6.488,3.870
mp-aaaaadtk,57.333,51.121,60.543,6.212,3.209,21.159,22.383,34.152,1.224,12.994
mp-aaaaadtl,234.324,122.251,229.366,112.073,4.958,94.614,111.884,85.581,17.270,9.033
mp-aaaaadtm,61.000,59.850,59.121,1.150,1.879,40.380,23.762,34.575,16.618,5.805
mp-aaaaadto,238.178,260.481,240.207,22.303,2.029,98.342,84.286,80.410,14.056,17.932
mp-aaaaadts,255.333,227.399,261.001,27.934,5.667,124.860,110.852,114.713,14.008,10.147
mp-aaaaadtu,208.222,106.086,194.349,102.136,13.872,156.547,132.251,166.338,24.296,9.791
mp-aaaaadua,71.333,94.796,70.868,23.463,0.465,51.333,37.749,33.400,13.584,17.933
mp-aaaaadue,91.251,127.158,130.637,35.907,39.386,85.351,60.666,130.669,24.685,45.317
mp-aaaaaduf,127.779,96.881,115.648,30.898,12.132,108.126,95.865,82.067,12.261,26.059
mp-aaaaadug,122.295,128.444,115.740,6.149,6.555,98.054,101.934,85.544,3.880,12.510
mp-aaaaaduj,103.763,79.170,94.415,24.593,9.348,54.100,57.064,55.637,2.964,1.537
mp-aaaaaduk,36.000,39.418,39.694,3.418,3.694,23.517,23.489,22.217,0.028,1.300
mp-aaaaadum,115.333,92.409,109.037,22.924,6.296,47.672,34.324,37.913,13.348,9.759
mp-aaaaaduo,60.325,76.108,50.825,15.783,9.499,16.072,3.131,6.363,12.941,9.710
mp-aaaaadup,93.667,59.911,72.509,33.756,21.157,23.030,23.114,29.848,0.084,6.818
mp-aaaaaduq,19.667,21.909,20.498,2.242,0.832,11.594,13.155,10.825,1.561,0.769
mp-aaaaadus,54.333,95.117,54.594,40.784,0.261,29.590,14.948,24.726,14.642,4.864
mp-aaaaadut,192.333,207.265,199.231,14.932,6.898,52.003,59.669,75.386,7.666,23.383
mp-aaaaaduu,85.409,97.613,89.421,12.204,4.012,29.946,35.617,40.334,5.671,10.388
mp-aaaaaduy,25.992,26.998,22.369,1.006,3.622,16.307,10.139,12.361,6.168,3.947
mp-aaaaaduz,95.667,76.826,79.511,18.841,16.155,53.303,58.741,50.502,5.438,2.801
mp-aaaaadva,167.043,162.793,157.479,4.250,9.564,50.994,87.854,57.124,36.860,6.129
mp-aaaaadvd,237.667,215.154,247.701,22.513,10.035,151.397,108.856,150.057,42.541,1.340
mp-aaaaadve,58.146,51.885,54.021,6.261,4.125,22.455,22.402,26.906,0.053,4.451
mp-aaaaadvg,263.743,253.629,248.958,10.114,14.785,198.046,190.386,190.534,7.660,7.511
mp-aaaaadvi,141.917,131.989,157.351,9.928,15.434,111.601,113.911,123.579,2.310,11.978
mp-aaaaadvj,187.587,170.952,185.402,16.635,2.185,51.594,38.386,66.550,13.208,14.957
mp-aaaaadvp,129.000,112.574,126.539,16.426,2.461,86.378,93.227,73.224,6.849,13.154
mp-aaaaadvs,205.781,150.594,203.929,55.187,1.852,180.430,176.656,180.733,3.774,0.303
mp-aaaaadvw,151.333,151.172,175.593,0.161,24.260,85.052,111.236,86.811,26.184,1.759
mp-aaaaadvx,39.667,22.600,45.670,17.067,6.003,12.602,12.236,27.051,0.366,14.449
mp-aaaaadvy,105.406,147.727,95.967,42.321,9.440,60.726,63.584,45.170,2.858,15.557
mp-aaaaadwa,31.667,34.275,28.484,2.608,3.183,14.356,7.243,2.462,7.113,11.894
mp-aaaaadwc,71.333,67.187,67.834,4.146,3.499,45.498,37.943,32.015,7.555,13.482
mp-aaaaadwe,37.333,31.694,32.903,5.639,4.430,21.749,15.682,15.682,6.067,6.067
mp-aaaaadwf,105.667,51.308,108.909,54.359,3.243,74.193,57.487,75.999,16.706,1.805
mp-aaaaadwg,99.137,86.863,96.917,12.274,2.220,39.811,27.334,26.351,12.477,13.460
mp-aaaaadwk,14.159,70.817,58.346,56.658,44.186,-9.233,34.011,37.746,43.244,46.979
mp-aaaaadwl,39.718,49.226,37.190,9.508,2.528,22.337,29.015,17.521,6.678,4.816
mp-aaaaadwm,48.667,62.025,47.969,13.358,0.698,41.122,31.260,19.516,9.862,21.606
mp-aaaaadwo,106.475,101.732,103.530,4.743,2.945,83.575,77.978,76.594,5.597,6.981
mp-aaaaadwp,49.000,42.528,42.419,6.472,6.581,26.758,18.567,19.547,8.191,7.211
mp-aaaaadwq,192.000,193.734,183.070,1.734,8.930,81.580,81.747,82.376,0.167,0.796
mp-aaaaadws,74.524,74.931,77.994,0.407,3.470,32.822,23.409,29.108,9.413,3.715
mp-aaaaadwt,111.183,139.022,109.544,27.839,1.639,60.730,57.854,47.206,2.876,13.523
mp-aaaaadwu,91.215,88.994,86.442,2.221,4.773,65.468,48.659,56.155,16.809,9.313
mp-aaaaadwv,70.333,69.914,72.703,0.419,2.370,16.647,24.522,29.509,7.875,12.862
mp-aaaaadwy,49.667,71.689,51.039,22.022,1.372,28.720,23.747,18.979,4.973,9.741
mp-aaaaadwz,184.332,137.141,196.369,47.191,12.037,100.621,62.752,111.454,37.869,10.833
mp-aaaaadxb,76.667,80.324,81.645,3.657,4.978,52.366,44.023,55.149,8.343,2.783
mp-aaaaadxe,47.486,70.441,37.432,22.955,10.054,11.364,24.836,22.437,13.472,11.073
mp-aaaaadxh,230.333,126.451,229.986,103.882,0.348,139.978,116.748,143.846,23.230,3.868
mp-aaaaadxi,312.735,286.465,318.139,26.270,5.404,209.445,208.279,216.602,1.166,7.157
mp-aaaaadxk,217.000,39.716,42.135,177.284,174.865,21.501,23.957,21.184,2.456,0.317
mp-aaaaadxl,78.000,50.387,75.538,27.613,2.462,29.530,20.493,33.291,9.037,3.761
mp-aaaaadxn,21.000,79.034,15.050,58.034,5.950,11.784,11.256,5.639,0.528,6.145
mp-aaaaadxo,77.000,73.559,81.066,3.441,4.066,51.314,36.640,54.968,14.674,3.654
mp-aaaaadxq,73.667,73.004,80.750,0.663,7.083,27.437,15.186,18.633,12.251,8.804
mp-aaaaadxr,132.530,128.605,139.305,3.925,6.775,57.786,55.127,54.111,2.659,3.675
mp-aaaaadxs,148.423,142.334,135.172,6.089,13.251,69.202,75.833,56.948,6.631,12.254
mp-aaaaadxt,130.938,134.169,116.656,3.231,14.282,70.063,56.361,57.489,13.702,12.574
mp-aaaaadxu,42.329,40.756,43.142,1.573,0.814,17.692,22.631,24.052,4.939,6.360
mp-aaaaadxv,104.000,112.084,105.944,8.084,1.944,39.426,36.076,43.667,3.350,4.241
mp-aaaaadya,138.333,88.395,136.382,49.938,1.951,62.083,49.721,48.240,12.362,13.843
mp-aaaaadyc,32.774,32.647,34.589,0.127,1.815,21.556,31.241,15.929,9.685,5.627
mp-aaaaadyf,208.305,177.654,202.558,30.651,5.747,107.395,92.472,94.301,14.923,13.095
mp-aaaaadyg,170.667,178.474,170.879,7.807,0.212,96.874,103.273,102.841,6.399,5.967
mp-aaaaadyh,36.040,123.300,23.192,87.260,12.847,19.003,51.525,-22.047,32.522,41.049
mp-aaaaadyj,44.193,49.284,42.485,5.091,1.707,30.854,37.501,26.478,6.647,4.377
mp-aaaaadyk,173.562,163.273,192.590,10.289,19.028,127.515,123.615,116.753,3.900,10.762
mp-aaaaadyl,203.333,167.757,210.852,35.576,7.518,81.713,72.142,85.887,9.571,4.174
mp-aaaaadym,224.000,180.693,211.944,43.307,12.056,64.706,85.096,137.621,20.390,72.914
mp-aaaaadyn,151.333,165.218,164.296,13.885,12.963,15.369,14.399,38.482,0.970,23.112
mp-aaaaadyo,82.496,92.518,76.625,10.022,5.871,34.914,42.278,33.055,7.364,1.860
mp-aaaaadyp,10.333,11.156,12.382,0.823,2.049,6.195,1.572,3.786,4.623,2.409
mp-aaaaadyq,121.574,86.234,111.576,35.340,9.998,44.630,43.506,24.036,1.124,20.594
mp-aaaaadyu,32.549,48.518,30.964,15.969,1.585,16.324,11.901,14.701,4.423,1.622
mp-aaaaadyw,162.667,128.002,162.123,34.665,0.544,73.378,38.634,66.489,34.744,6.889
mp-aaaaadyy,167.667,119.455,170.173,48.212,2.506,118.983,113.276,113.352,5.707,5.631
mp-aaaaadyz,143.667,140.205,144.802,3.462,1.136,55.528,47.395,59.127,8.133,3.599
mp-aaaaadza,241.544,219.580,246.013,21.964,4.469,139.870,104.432,100.982,35.438,38.888
mp-aaaaadzc,181.333,170.040,179.286,11.293,2.048,134.290,104.651,126.252,29.639,8.038
mp-aaaaadze,104.065,118.894,101.379,14.829,2.686,59.216,68.152,58.998,8.936,0.218
mp-aaaaadzg,73.606,70.964,79.951,2.642,6.346,52.466,37.304,57.998,15.162,5.532
mp-aaaaadzh,114.658,103.493,115.789,11.165,1.131,38.172,26.476,37.083,11.696,1.089
mp-aaaaadzi,33.928,46.751,29.571,12.823,4.357,16.096,36.130,17.511,20.034,1.414
mp-aaaaadzk,69.667,69.529,72.794,0.138,3.127,44.176,34.207,44.188,9.969,0.012
mp-aaaaadzl,117.895,145.533,120.193,27.638,2.298,50.433,47.915,52.642,2.518,2.209
mp-aaaaadzn,44.667,35.500,49.080,9.167,4.414,14.611,7.230,17.879,7.381,3.268
mp-aaaaadzp,48.333,55.582,55.039,7.249,6.706,29.813,14.853,17.363,14.960,12.450
mp-aaaaadzq,64.667,77.572,59.330,12.905,5.336,45.449,39.921,38.051,5.528,7.398
mp-aaaaadzr,128.913,146.250,127.361,17.337,1.552,87.660,66.489,73.923,21.171,13.737
mp-aaaaadzs,63.333,65.531,61.100,2.198,2.234,35.937,24.988,24.091,10.949,11.847
mp-aaaaadzt,70.830,67.996,88.812,2.834,17.981,44.351,42.690,42.227,1.661,2.124
mp-aaaaadzu,84.830,77.082,88.911,7.748,4.082,20.717,38.105,39.118,17.388,18.400
mp-aaaaadzv,62.544,65.850,57.417,3.306,5.127,43.612,43.855,38.295,0.243,5.317
mp-aaaaadzw,62.068,68.040,47.598,5.972,14.470,42.790,43.071,26.323,0.281,16.466
mp-aaaaadzx,314.444,292.404,322.677,22.040,8.233,195.077,207.993,191.370,12.916,3.707
mp-aaaaaeab,247.885,220.781,247.162,27.104,0.723,108.086,108.275,111.211,0.189,3.125
mp-aaaaaeac,37.053,34.669,40.338,2.384,3.285,31.793,37.349,23.306,5.556,8.486
mp-aaaaaead,71.934,89.170,66.213,17.236,5.721,13.278,39.686,25.491,26.408,12.213
mp-aaaaaeae,103.000,106.163,97.519,3.163,5.481,28.814,13.343,30.413,15.471,1.598
mp-aaaaaeaj,140.333,241.796,141.034,101.463,0.700,57.004,63.235,29.587,6.231,27.417
mp-aaaaaeal,121.747,138.692,126.733,16.945,4.986,90.232,90.306,92.769,0.074,2.537
mp-aaaaaeam,150.963,148.746,152.976,2.217,2.012,38.218,42.590,58.338,4.372,20.120
mp-aaaaaeaq,151.333,129.727,154.455,21.606,3.122,67.829,69.037,58.473,1.208,9.356
mp-aaaaaear,121.306,122.047,142.609,0.741,21.303,47.061,47.648,81.932,0.587,34.871
mp-aaaaaeat,269.590,233.095,263.474,36.495,6.117,106.397,81.475,117.664,24.922,11.267
mp-aaaaaeau,59.667,74.920,62.501,15.253,2.834,34.679,30.919,39.900,3.760,5.221
mp-aaaaaeav,196.333,252.423,199.016,56.090,2.683,86.700,76.296,77.789,10.404,8.911
mp-aaaaaeay,265.666,245.980,265.281,19.686,0.384,186.280,141.734,162.343,44.546,23.936
mp-aaaaaeaz,119.000,96.571,117.974,22.429,1.026,38.977,57.556,65.677,18.579,26.699
mp-aaaaaeba,34.000,61.176,38.830,27.176,4.830,13.500,12.732,11.197,0.768,2.303
mp-aaaaaebb,97.576,91.813,101.406,5.763,3.829,73.153,61.636,63.642,11.517,9.511
mp-aaaaaebc,224.000,243.557,205.199,19.557,18.801,80.965,76.801,72.413,4.164,8.552
mp-aaaaaebd,142.904,116.617,141.361,26.287,1.543,104.577,111.975,101.593,7.398,2.984
mp-aaaaaebf,189.000,54.172,185.250,134.828,3.750,17.028,40.792,34.445,23.764,17.417
mp-aaaaaebi,78.234,104.179,96.717,25.945,18.483,23.758,28.622,39.947,4.864,16.189
mp-aaaaaebj,31.420,25.764,46.916,5.656,15.497,28.659,25.719,21.015,2.940,7.644
mp-aaaaaebl,80.000,68.292,58.507,11.708,21.493,38.146,38.303,24.700,0.157,13.446
mp-aaaaaebn,72.333,66.499,99.487,5.834,27.154,25.138,32.287,29.829,7.149,4.690
mp-aaaaaebo,79.799,74.433,77.251,5.366,2.548,35.026,24.335,31.420,10.691,3.605
mp-aaaaaebq,334.000,244.857,321.287,89.143,12.713,189.874,184.332,152.133,5.542,37.741
mp-aaaaaebr,126.333,112.884,134.543,13.449,8.210,45.842,48.689,59.318,2.847,13.475
mp-aaaaaebs,62.667,68.276,53.913,5.609,8.754,44.287,38.174,21.908,6.113,22.378
mp-aaaaaebt,124.333,108.469,133.643,15.864,9.310,108.191,108.653,88.380,0.462,19.811
mp-aaaaaebu,42.367,48.694,48.973,6.327,6.606,25.992,24.255,31.061,1.737,5.069
mp-aaaaaebw,184.333,145.003,179.424,39.330,4.909,64.249,66.724,63.576,2.475,0.673
mp-aaaaaecb,90.000,83.014,98.012,6.986,8.012,31.800,10.913,22.326,20.887,9.474
mp-aaaaaecc,41.000,36.529,43.538,4.471,2.538,26.977,22.537,22.849,4.440,4.129
mp-aaaaaece,235.254,218.732,239.356,16.522,4.102,160.963,161.546,151.608,0.583,9.355
mp-aaaaaecg,196.333,250.687,199.171,54.354,2.837,87.976,66.253,79.009,21.723,8.966
mp-aaaaaecl,116.062,112.871,120.677,3.191,4.615,80.398,68.197,70.679,12.201,9.719
mp-aaaaaecm,24.857,27.282,22.345,2.425,2.512,14.420,18.869,12.326,4.449,2.094
mp-aaaaaecq,113.403,79.006,100.061,34.397,13.341,89.522,81.376,61.640,8.146,27.883
mp-aaaaaecr,197.000,169.238,184.812,27.762,12.188,120.555,136.433,112.539,15.878,8.016
mp-aaaaaect,53.932,63.817,58.738,9.885,4.807,19.405,37.743,38.652,18.338,19.248
mp-aaaaaecu,66.333,103.747,80.493,37.414,14.160,11.149,17.110,16.527,5.961,5.378
mp-aaaaaecw,68.333,68.023,74.506,0.310,6.173,18.155,24.423,30.239,6.268,12.085
mp-aaaaaecy,85.068,76.760,89.377,8.308,4.308,32.507,50.356,46.042,17.849,13.535
mp-aaaaaecz,111.000,109.918,113.327,1.082,2.327,32.698,29.020,38.484,3.678,5.786
mp-aaaaaedb,214.464,195.249,222.507,19.215,8.043,108.413,104.354,101.954,4.059,6.459
mp-aaaaaedc,19.000,24.065,17.817,5.065,1.183,11.376,10.513,6.553,0.863,4.822
mp-aaaaaede,27.365,29.839,25.916,2.474,1.450,11.675,17.684,12.058,6.009,0.383
mp-aaaaaedh,5.333,76.139,6.482,70.806,1.148,3.629,11.981,1.776,8.352,1.852
mp-aaaaaedl,8.973,48.598,15.783,39.625,6.809,6.065,18.171,14.965,12.106,8.900
mp-aaaaaedm,230.662,214.167,232.038,16.495,1.376,87.953,86.934,104.422,1.019,16.469
mp-aaaaaedn,218.667,222.414,213.755,3.747,4.912,158.996,115.237,158.420,43.759,0.576
mp-aaaaaedp,108.382,108.789,107.551,0.407,0.831,42.488,47.216,37.121,4.728,5.367
mp-aaaaaeds,130.000,69.675,116.875,60.325,13.125,99.985,76.809,79.582,23.176,20.403
mp-aaaaaedu,198.000,195.550,200.750,2.450,2.750,99.060,86.789,96.537,12.271,2.523
mp-aaaaaedz,90.667,78.098,105.949,12.569,15.282,61.765,60.790,66.452,0.975,4.687
mp-aaaaaeea,164.333,124.381,177.691,39.952,13.358,42.713,10.314,36.853,32.399,5.860
mp-aaaaaeeb,16.368,19.447,28.962,3.079,12.594,8.277,17.727,16.657,9.450,8.380
mp-aaaaaeed,332.913,326.151,342.607,6.762,9.694,197.264,212.548,183.582,15.284,13.682
mp-aaaaaeee,122.534,135.492,110.217,12.958,12.317,72.139,58.733,42.350,13.406,29.789
mp-aaaaaeeg,85.667,96.804,115.725,11.137,30.059,-17.682,24.183,43.974,41.865,61.656
mp-aaaaaeeh,25.884,135.832,34.511,109.948,8.626,19.801,5.309,15.057,14.492,4.744
mp-aaaaaeei,44.976,43.570,46.438,1.406,1.462,17.194,18.427,18.579,1.233,1.385
mp-aaaaaeel,37.667,22.629,33.601,15.038,4.066,1.814,7.351,13.851,5.537,12.037
mp-aaaaaeeo,84.667,76.873,87.256,7.794,2.589,27.203,29.791,42.439,2.588,15.235
mp-aaaaaeep,78.667,80.505,77.127,1.838,1.539,51.952,44.862,49.247,7.090,2.705
mp-aaaaaeeq,157.563,136.043,162.727,21.520,5.164,52.589,49.626,58.643,2.963,6.054
mp-aaaaaeer,130.000,124.615,138.360,5.385,8.360,49.653,52.406,57.426,2.753,7.773
mp-aaaaaees,77.032,65.730,77.355,11.302,0.323,27.345,24.545,29.573,2.800,2.228
mp-aaaaaeet,170.319,123.682,153.268,46.637,17.051,50.192,51.066,51.900,0.874,1.708
mp-aaaaaeeu,270.667,296.189,235.481,25.522,35.186,163.964,132.837,146.896,31.127,17.068
mp-aaaaaeex,168.222,175.186,157.882,6.964,10.340,77.536,38.002,58.869,39.534,18.667
mp-aaaaaeey,55.969,32.239,53.513,23.730,2.456,31.829,34.454,26.766,2.625,5.063
mp-aaaaaefe,183.667,151.103,188.661,32.564,4.994,76.204,44.978,78.284,31.226,2.081
mp-aaaaaeff,95.069,117.342,124.120,22.273,29.052,34.332,32.343,40.550,1.989,6.218
mp-aaaaaefh,94.319,95.436,105.379,1.117,11.060,32.239,62.825,28.647,30.586,3.591
mp-aaaaaefk,106.472,115.323,113.655,8.851,7.183,45.537,48.073,45.859,2.536,0.322
mp-aaaaaefl,121.490,135.853,122.835,14.363,1.345,33.775,48.659,34.371,14.884,0.596
mp-aaaaaefn,180.834,198.081,178.001,17.247,2.833,137.151,155.586,142.650,18.435,5.499
mp-aaaaaefq,311.263,335.431,301.041,24.168,10.222,167.365,173.431,188.005,6.066,20.640
mp-aaaaaefr,99.775,123.634,100.742,23.859,0.967,47.493,42.602,53.387,4.891,5.895
mp-aaaaaeft,208.667,188.997,201.307,19.670,7.360,139.877,128.654,82.980,11.223,56.897
mp-aaaaaefw,123.389,108.407,122.495,14.982,0.894,86.671,69.066,86.545,17.605,0.126
mp-aaaaaefx,200.667,232.300,191.674,31.633,8.992,155.282,139.251,141.127,16.031,14.155
mp-aaaaaefy,183.055,157.564,198.583,25.491,15.528,86.020,86.523,84.696,0.503,1.324
mp-aaaaaegd,41.333,54.908,52.494,13.575,11.161,27.353,19.646,14.010,7.707,13.343
mp-aaaaaegg,119.414,124.215,122.728,4.801,3.314,71.080,69.781,75.604,1.299,4.524
mp-aaaaaego,151.686,87.381,151.323,64.305,0.363,61.968,64.104,60.959,2.136,1.010
mp-aaaaaegr,115.571,92.420,115.975,23.151,0.404,74.999,60.495,77.309,14.504,2.310
mp-aaaaaegs,70.684,84.354,67.036,13.670,3.648,42.153,44.075,45.588,1.922,3.435
mp-aaaaaegt,137.384,76.570,139.936,60.814,2.552,74.995,78.846,74.155,3.851,0.840
mp-aaaaaegu,264.329,269.290,273.012,4.961,8.683,125.203,130.907,130.687,5.704,5.484
mp-aaaaaegy,24.499,46.649,24.532,22.150,0.033,12.001,9.901,10.494,2.100,1.507
mp-aaaaaehg,97.719,80.134,101.874,17.585,4.155,48.480,40.948,57.549,7.532,9.069
mp-aaaaaehh,153.772,152.029,158.886,1.743,5.114,88.914,91.660,90.220,2.746,1.305
mp-aaaaaehi,88.667,103.769,82.521,15.102,6.146,43.698,36.238,28.324,7.460,15.373
mp-aaaaaehj,119.123,102.932,118.096,16.191,1.028,74.676,76.882,73.430,2.206,1.245
mp-aaaaaehr,135.377,129.254,113.885,6.123,21.492,88.297,68.216,60.571,20.081,27.726
mp-aaaaaehu,152.024,130.343,153.624,21.681,1.600,83.514,80.843,87.452,2.671,3.938
mp-aaaaaehx,87.694,107.628,103.178,19.934,15.483,39.241,44.652,49.257,5.411,10.016
mp-aaaaaehy,46.933,62.119,57.669,15.186,10.736,19.368,36.397,27.901,17.029,8.532
mp-aaaaaeic,122.575,128.784,124.957,6.209,2.381,68.032,68.180,64.187,0.148,3.845
mp-aaaaaeif,119.253,108.648,119.359,10.605,0.106,75.639,72.998,69.702,2.641,5.937
mp-aaaaaeig,115.004,58.982,122.449,56.022,7.445,35.555,31.085,44.257,4.470,8.701
mp-aaaaaeii,181.028,190.705,189.587,9.677,8.559,104.080,70.382,98.720,33.698,5.360
mp-aaaaaeil,157.416,139.844,144.735,17.572,12.681,79.656,62.983,74.140,16.673,5.516
mp-aaaaaeim,131.116,124.499,142.788,6.617,11.672,71.843,74.417,82.317,2.574,10.474
mp-aaaaaeip,59.667,56.706,59.840,2.961,0.174,23.811,21.641,18.450,2.170,5.361
mp-aaaaaeiq,20.503,59.358,21.304,38.855,0.801,9.601,31.414,10.351,21.813,0.750
mp-aaaaaeis,192.333,111.353,199.664,80.980,7.331,65.364,72.864,81.964,7.500,16.600
mp-aaaaaeit,110.238,132.785,99.475,22.547,10.763,71.921,75.838,68.261,3.917,3.660
mp-aaaaaeiu,155.975,121.457,145.262,34.518,10.713,98.480,67.761,101.425,30.719,2.945
mp-aaaaaeiv,212.810,187.614,215.601,25.196,2.791,119.110,126.893,125.880,7.783,6.771
mp-aaaaaeix,61.000,65.837,60.049,4.837,0.951,28.326,36.501,15.911,8.175,12.414
mp-aaaaaejj,204.950,227.414,211.414,22.464,6.464,102.969,100.177,97.277,2.792,5.692
mp-aaaaaejl,80.340,82.653,80.067,2.313,0.273,40.284,48.180,34.919,7.896,5.364
mp-aaaaaejr,69.405,76.002,71.844,6.597,2.439,41.571,48.156,41.950,6.585,0.379
mp-aaaaaeju,180.804,163.631,210.206,17.173,29.402,122.457,107.631,122.323,14.826,0.134
mp-aaaaaejw,148.791,139.443,149.789,9.348,0.998,64.352,64.715,65.400,0.363,1.047
mp-aaaaaejx,72.265,58.091,71.067,14.174,1.198,34.883,28.897,32.191,5.986,2.692
mp-aaaaaejz,81.042,73.557,95.940,7.485,14.898,42.989,50.077,53.346,7.088,10.357
mp-aaaaaeka,23.784,66.356,26.262,42.572,2.479,13.849,14.308,13.614,0.459,0.234
mp-aaaaaekb,123.485,88.040,113.436,35.445,10.050,70.761,68.359,40.997,2.402,29.764
mp-aaaaaekd,125.812,152.652,121.865,26.840,3.948,83.004,78.756,61.280,4.248,21.724
mp-aaaaaeke,30.870,52.217,37.602,21.347,6.733,17.529,16.803,16.261,0.726,1.268
mp-aaaaaekm,131.667,101.188,118.183,30.479,13.483,-16.289,-7.291,-10.753,8.998,5.536
mp-aaaaaekn,20.702,53.692,16.876,32.990,3.826,10.283,18.213,8.775,7.930,1.508
mp-aaaaaekp,161.832,174.222,159.397,12.390,2.434,95.543,68.539,94.700,27.004,0.843
mp-aaaaaekx,27.000,31.513,31.961,4.513,4.961,14.112,16.742,17.604,2.630,3.492
mp-aaaaaeky,81.333,84.286,86.102,2.953,4.768,35.937,23.404,38.231,12.533,2.294
mp-aaaaaela,75.456,73.324,88.875,2.132,13.419,40.096,35.848,45.226,4.248,5.131
mp-aaaaaelb,35.393,71.966,46.295,36.573,10.902,22.605,34.587,26.895,11.982,4.289
mp-aaaaaelh,181.404,159.695,194.373,21.709,12.968,123.839,112.306,130.203,11.533,6.364
mp-aaaaaeli,167.333,138.716,182.472,28.617,15.138,106.463,71.317,94.664,35.146,11.799
mp-aaaaaelk,295.333,214.083,237.685,81.250,57.648,110.602,126.425,110.786,15.823,0.184
mp-aaaaaelq,5.462,46.566,13.431,41.104,7.969,5.065,12.634,7.489,7.569,2.424
mp-aaaaaelv,145.791,188.092,149.551,42.301,3.760,68.177,65.502,67.589,2.675,0.588
mp-aaaaaelz,80.185,64.250,79.929,15.935,0.256,45.679,34.029,36.936,11.650,8.743
mp-aaaaaemc,118.645,97.643,120.029,21.002,1.383,73.074,68.301,61.632,4.773,11.442
mp-aaaaaemd,26.790,15.773,30.809,11.017,4.019,13.961,3.268,13.170,10.693,0.792
mp-aaaaaeme,168.000,99.175,183.063,68.825,15.063,89.176,83.005,92.630,6.171,3.454
mp-aaaaaemf,38.300,69.075,42.470,30.775,4.169,22.941,5.819,22.737,17.122,0.204
mp-aaaaaemg,143.000,114.112,138.855,28.888,4.145,10.917,-2.559,11.661,13.476,0.744
mp-aaaaaemp,58.379,68.712,81.955,10.333,23.576,34.291,39.965,41.794,5.674,7.503
mp-aaaaaemq,16.864,-0.212,18.911,17.076,2.047,8.591,10.604,9.533,2.013,0.941
mp-aaaaaems,76.307,91.761,75.582,15.454,0.724,48.834,44.392,45.182,4.442,3.651
mp-aaaaaemt,142.083,109.900,141.065,32.183,1.018,77.824,77.364,76.360,0.460,1.464
mp-aaaaaemw,31.270,29.187,37.282,2.083,6.012,19.462,11.371,16.922,8.091,2.540
mp-aaaaaemy,205.851,177.506,200.091,28.345,5.759,121.034,114.748,128.473,6.286,7.439
mp-aaaaaena,19.333,43.810,28.069,24.477,8.735,10.373,12.737,12.008,2.364,1.635
mp-aaaaaenb,58.946,101.549,73.392,42.603,14.446,11.352,42.118,40.683,30.766,29.331
mp-aaaaaenf,161.130,156.395,165.978,4.735,4.848,45.637,74.194,115.020,28.557,69.383
mp-aaaaaeng,126.412,127.574,122.362,1.162,4.050,70.249,61.720,61.706,8.529,8.543
mp-aaaaaeni,170.333,140.207,170.664,30.126,0.331,103.381,81.964,101.548,21.417,1.833
mp-aaaaaenl,119.468,108.115,100.379,11.353,19.088,1.060,41.345,48.309,40.285,47.249
mp-aaaaaenm,53.857,74.525,66.576,20.668,12.719,28.301,26.345,34.748,1.956,6.447
mp-aaaaaenn,199.648,231.173,212.779,31.525,13.131,90.309,93.400,92.492,3.091,2.183
mp-aaaaaent,145.657,132.634,174.219,13.023,28.562,95.841,75.714,105.358,20.127,9.517
mp-aaaaaenx,109.221,129.677,112.205,20.456,2.984,26.411,48.879,49.562,22.468,23.152
mp-aaaaaeoc,46.958,67.653,61.144,20.695,14.186,5.106,14.378,34.606,9.272,29.500
mp-aaaaaeok,59.041,69.788,62.817,10.747,3.776,31.066,40.967,30.529,9.901,0.537
mp-aaaaaeon,214.495,158.290,219.851,56.205,5.356,147.510,115.475,158.230,32.035,10.720
mp-aaaaaeou,165.333,167.686,162.728,2.353,2.605,63.234,68.643,55.473,5.409,7.761
mp-aaaaaeoy,222.999,254.845,219.408,31.846,3.591,105.363,118.023,106.527,12.660,1.164
mp-aaaaaeoz,224.880,256.182,224.692,31.302,0.187,105.778,117.071,109.987,11.293,4.209
mp-aaaaaepa,83.204,70.567,92.809,12.637,9.605,45.898,52.603,52.409,6.705,6.511
mp-aaaaaepd,152.200,148.293,157.020,3.907,4.820,89.135,88.535,90.757,0.600,1.621
mp-aaaaaepe,178.480,138.675,171.689,39.805,6.791,79.894,82.839,85.185,2.945,5.291
mp-aaaaaepi,39.824,49.474,39.005,9.650,0.819,25.473,31.032,24.657,5.559,0.816
mp-aaaaaepj,216.012,192.555,224.044,23.457,8.031,146.960,142.655,153.791,4.305,6.831
mp-aaaaaepk,100.076,134.528,118.592,34.452,18.516,40.613,36.911,48.313,3.702,7.699
mp-aaaaaepl,149.000,117.635,155.479,31.365,6.479,25.386,22.279,42.753,3.107,17.367
mp-aaaaaepn,149.958,94.597,156.715,55.361,6.757,60.473,56.117,65.116,4.356,4.643
mp-aaaaaepo,158.699,142.153,161.249,16.546,2.550,83.717,87.609,79.174,3.892,4.543
mp-aaaaaepp,70.297,65.145,67.983,5.152,2.314,40.804,27.267,37.263,13.537,3.541
mp-aaaaaeqi,124.463,115.285,130.207,9.178,5.745,59.341,76.670,63.555,17.329,4.214
mp-aaaaaeqq,177.000,91.763,178.565,85.237,1.565,100.277,68.593,94.239,31.684,6.038
mp-aaaaaeqs,18.667,23.522,19.728,4.855,1.062,8.774,13.929,8.633,5.155,0.141
mp-aaaaaeqw,4.000,92.433,34.369,88.433,30.369,8.100,40.147,14.527,32.047,6.427
mp-aaaaaeqx,42.695,55.849,39.051,13.154,3.645,23.286,25.280,21.622,1.994,1.664
mp-aaaaaeqy,140.790,151.731,142.294,10.941,1.503,57.940,52.741,72.316,5.199,14.376
mp-aaaaaerc,145.236,139.137,148.507,6.099,3.271,9.997,46.754,47.674,36.757,37.677
mp-aaaaaerj,175.141,182.545,192.526,7.404,17.385,121.764,83.758,121.106,38.006,0.657
mp-aaaaaerm,79.333,64.085,82.303,15.248,2.970,28.500,38.328,29.874,9.828,1.374
mp-aaaaaern,32.081,37.572,38.869,5.491,6.788,19.469,12.740,17.272,6.729,2.197
mp-aaaaaerp,63.000,83.596,55.702,20.596,7.298,55.554,39.987,39.737,15.567,15.816
mp-aaaaaerr,133.667,78.360,142.920,55.307,9.253,89.172,90.166,85.114,0.994,4.059
mp-aaaaaers,51.565,68.899,47.198,17.334,4.367,20.303,17.554,25.641,2.749,5.337
mp-aaaaaeru,183.158,343.051,178.148,159.893,5.010,94.629,86.360,89.023,8.269,5.606
mp-aaaaaesb,57.030,66.472,52.216,9.442,4.814,39.846,47.668,31.731,7.822,8.115
mp-aaaaaesl,183.333,175.382,189.893,7.951,6.560,85.970,85.509,88.840,0.461,2.870
mp-aaaaaeso,222.444,246.045,221.657,23.601,0.787,104.904,113.074,109.222,8.170,4.318
mp-aaaaaess,120.773,201.428,189.931,80.655,69.158,83.649,110.311,111.298,26.662,27.649
mp-aaaaaesw,86.668,91.542,90.214,4.874,3.547,65.620,53.219,62.243,12.401,3.376
mp-aaaaaesy,161.731,129.192,162.030,32.539,0.299,76.447,51.418,75.205,25.029,1.242
mp-aaaaaesz,93.813,93.334,97.247,0.479,3.434,33.116,40.844,38.757,7.728,5.641
mp-aaaaaetd,67.667,62.139,70.196,5.528,2.530,25.833,28.671,31.345,2.838,5.512
mp-aaaaaetf,146.383,133.757,151.013,12.626,4.630,65.412,48.964,73.779,16.448,8.367
mp-aaaaaeth,66.122,82.880,72.757,16.758,6.635,8.863,23.667,38.017,14.804,29.154
mp-aaaaaetj,61.741,86.497,61.242,24.756,0.499,34.422,39.014,34.406,4.592,0.016
mp-aaaaaetk,52.428,73.000,67.043,20.572,14.616,43.034,38.786,42.489,4.248,0.544
mp-aaaaaetm,91.521,105.111,95.354,13.590,3.834,81.266,75.215,75.949,6.051,5.317
mp-aaaaaetn,107.513,86.460,101.963,21.053,5.550,55.797,40.167,48.590,15.630,7.208
mp-aaaaaets,132.620,171.954,153.244,39.334,20.624,113.073,89.028,126.575,24.045,13.502
mp-aaaaaett,114.333,87.504,128.545,26.829,14.212,27.117,43.737,59.243,16.620,32.126
mp-aaaaaetu,134.156,119.696,138.594,14.460,4.438,52.407,57.018,52.682,4.611,0.275
mp-aaaaaetz,230.214,271.835,222.772,41.621,7.442,94.223,113.287,104.075,19.064,9.852
mp-aaaaaeum,104.965,85.562,103.733,19.403,1.232,54.230,33.200,50.848,21.030,3.382
mp-aaaaaeup,132.156,128.824,135.144,3.332,2.989,94.051,91.524,91.956,2.527,2.095
mp-aaaaaeur,77.505,66.013,71.531,11.492,5.973,40.654,42.395,42.973,1.741,2.319
mp-aaaaaeva,33.776,87.699,67.592,53.923,33.816,21.561,17.904,37.312,3.657,15.751
mp-aaaaaevf,96.064,97.578,107.961,1.514,11.897,42.218,58.778,53.102,16.560,10.884
mp-aaaaaevi,147.902,116.575,155.790,31.327,7.889,60.540,59.691,72.368,0.849,11.828
mp-aaaaaevo,115.120,152.864,133.188,37.744,18.068,22.113,48.155,54.651,26.042,32.538
mp-aaaaaevt,88.209,69.502,102.540,18.707,14.331,48.055,33.630,70.489,14.425,22.435
mp-aaaaaevv,153.000,128.962,147.689,24.038,5.311,103.090,81.685,95.027,21.405,8.064
mp-aaaaaevy,165.893,160.648,169.158,5.245,3.265,51.659,47.630,54.881,4.029,3.222
mp-aaaaaewb,52.564,81.823,49.984,29.259,2.580,42.143,43.642,43.208,1.499,1.064
mp-aaaaaewf,159.203,133.020,149.074,26.183,10.130,78.213,83.612,80.498,5.399,2.286
mp-aaaaaewh,40.499,85.271,46.157,44.772,5.658,18.491,27.742,27.881,9.251,9.390
mp-aaaaaewk,72.100,69.873,80.883,2.227,8.783,50.559,45.129,48.260,5.430,2.299
mp-aaaaaewq,113.586,122.438,137.646,8.852,24.060,94.385,87.589,96.519,6.796,2.134
mp-aaaaaewx,94.829,96.167,105.428,1.338,10.599,55.815,70.409,62.653,14.594,6.838
mp-aaaaaewz,133.687,119.866,137.546,13.821,3.858,53.154,55.472,53.637,2.318,0.483
mp-aaaaaexf,43.000,64.461,61.814,21.461,18.814,19.523,23.364,37.040,3.841,17.517
mp-aaaaaexn,161.333,102.594,159.913,58.739,1.420,54.770,42.966,56.793,11.804,2.022
mp-aaaaaexv,152.333,70.130,146.729,82.203,5.605,88.328,76.276,83.243,12.052,5.085
mp-aaaaaexx,87.722,110.745,109.618,23.023,21.895,-30.327,36.216,46.148,66.543,76.475
mp-aaaaaeyb,112.433,109.017,117.773,3.416,5.340,47.209,52.486,55.312,5.277,8.102
mp-aaaaaeyi,162.889,150.748,165.284,12.141,2.394,72.857,36.317,68.654,36.540,4.203
mp-aaaaaeym,203.000,172.529,206.477,30.471,3.477,103.147,102.483,98.075,0.664,5.072
mp-aaaaaeyo,15.068,10.419,19.468,4.649,4.400,9.566,18.616,9.529,9.050,0.037
mp-aaaaaeyr,73.130,67.288,67.209,5.842,5.921,33.336,37.703,27.370,4.367,5.965
mp-aaaaaeys,80.164,78.613,77.344,1.551,2.821,39.367,39.776,34.591,0.409,4.776
mp-aaaaaeyu,163.606,189.941,149.418,26.335,14.188,69.554,69.187,65.174,0.367,4.381
mp-aaaaaeyv,139.665,113.260,146.943,26.405,7.278,83.096,76.694,78.582,6.402,4.514
mp-aaaaaezf,96.561,66.973,96.801,29.588,0.240,51.434,67.832,48.704,16.398,2.730
mp-aaaaaezj,105.023,108.313,107.718,3.290,2.695,41.894,52.861,42.799,10.967,0.905
mp-aaaaaezq,164.333,122.722,164.320,41.611,0.014,91.075,71.971,90.217,19.104,0.858
mp-aaaaaezs,25.057,14.348,28.772,10.709,3.715,13.212,11.438,13.461,1.774,0.249
mp-aaaaaezw,108.960,63.156,110.403,45.804,1.443,63.619,69.799,55.400,6.180,8.219
mp-aaaaaezy,155.207,94.732,158.086,60.475,2.879,92.584,89.527,95.392,3.057,2.808
mp-aaaaafac,214.828,128.305,218.476,86.523,3.648,144.748,132.313,128.411,12.435,16.337
mp-aaaaafae,173.667,154.421,179.412,19.246,5.745,105.971,83.228,107.422,22.743,1.451
mp-aaaaafaf,104.136,68.463,100.399,35.673,3.737,49.428,42.400,26.582,7.028,22.846
mp-aaaaafah,214.981,131.392,208.312,83.589,6.670,122.375,125.164,129.651,2.789,7.277
mp-aaaaafai,326.556,205.648,178.936,120.908,147.620,83.709,88.881,86.980,5.172,3.271
mp-aaaaafak,118.118,108.014,118.632,10.104,0.514,76.225,72.634,69.277,3.591,6.947
mp-aaaaafar,64.646,66.525,57.223,1.879,7.423,30.274,23.544,29.312,6.730,0.962
mp-aaaaafas,74.848,100.531,79.883,25.683,5.035,28.103,42.546,28.507,14.443,0.405
mp-aaaaafau,141.189,120.859,145.935,20.330,4.746,96.634,81.488,72.977,15.146,23.656
mp-aaaaafaw,37.892,109.571,64.955,71.679,27.063,30.982,35.569,44.451,4.587,13.469
mp-aaaaafaz,152.055,150.270,121.149,1.785,30.905,69.374,99.577,65.060,30.203,4.314
mp-aaaaafbc,182.999,189.862,182.944,6.863,0.054,61.464,74.769,91.687,13.305,30.223
mp-aaaaafbf,34.775,96.946,18.040,62.171,16.735,15.712,29.750,11.062,14.038,4.650
mp-aaaaafbg,85.878,88.670,103.965,2.792,18.087,60.971,55.673,66.951,5.298,5.980
mp-aaaaafbj,133.261,154.268,140.125,21.007,6.864,67.119,78.272,51.822,11.153,15.297
mp-aaaaafbk,51.121,71.092,54.245,19.971,3.124,28.029,37.389,29.161,9.360,1.132
mp-aaaaafbv,92.296,80.263,111.788,12.033,19.492,52.949,52.019,62.280,0.930,9.330
mp-aaaaafbw,137.667,108.868,129.529,28.799,8.138,2.870,-6.900,6.139,9.770,3.269
mp-aaaaafca,103.667,101.793,101.397,1.874,2.269,66.989,57.680,57.944,9.309,9.045
mp-aaaaafcb,90.667,111.212,126.511,20.545,35.844,58.045,70.107,55.362,12.062,2.683
mp-aaaaafcf,137.177,114.640,137.996,22.537,0.819,88.106,83.548,73.104,4.558,15.002
mp-aaaaafcj,151.545,147.417,155.091,4.128,3.547,88.231,83.957,89.188,4.274,0.957
mp-aaaaafck,171.541,138.793,160.513,32.748,11.028,106.377,79.812,90.864,26.565,15.513
mp-aaaaafcm,138.339,181.402,165.667,43.063,27.328,67.570,58.958,69.036,8.612,1.465
mp-aaaaafcq,74.667,52.867,75.571,21.800,0.904,43.597,40.418,44.552,3.179,0.955
mp-aaaaafcx,151.444,130.864,156.646,20.580,5.202,83.756,81.986,86.885,1.770,3.130
mp-aaaaafcy,119.821,100.106,117.415,19.715,2.406,76.371,67.044,68.089,9.327,8.283
mp-aaaaafdg,232.667,227.098,245.891,5.569,13.224,118.411,108.864,120.155,9.547,1.744
mp-aaaaafdi,185.638,185.463,186.290,0.175,0.652,107.453,82.165,107.305,25.288,0.148
mp-aaaaafdj,217.768,236.443,217.318,18.675,0.450,102.866,109.472,101.882,6.606,0.984
mp-aaaaafdl,145.711,127.807,145.282,17.904,0.429,60.495,64.425,53.904,3.930,6.591
mp-aaaaafdm,97.614,102.629,114.207,5.015,16.592,67.588,73.318,73.361,5.730,5.772
mp-aaaaafdn,136.657,149.673,143.522,13.016,6.865,66.004,71.303,48.765,5.299,17.239
mp-aaaaafdo,38.279,65.731,60.683,27.452,22.404,20.568,20.864,25.642,0.296,5.075
mp-aaaaafec,19.954,19.420,19.208,0.534,0.746,13.681,17.600,8.621,3.919,5.060
mp-aaaaafee,97.097,124.924,86.741,27.827,10.356,43.417,54.753,49.796,11.336,6.379
mp-aaaaafef,118.152,108.118,125.043,10.034,6.891,79.916,77.061,83.449,2.855,3.533
mp-aaaaafek,101.680,100.828,116.170,0.852,14.490,53.357,37.963,56.231,15.394,2.874
mp-aaaaafen,50.087,78.700,68.456,28.613,18.369,19.125,23.596,15.663,4.471,3.463
mp-aaaaafeo,128.333,137.780,165.311,9.447,36.978,23.217,35.485,56.969,12.268,33.752
mp-aaaaafep,122.667,102.450,129.442,20.217,6.775,13.965,10.577,25.216,3.388,11.251
mp-aaaaafer,98.308,158.864,131.645,60.556,33.336,58.020,51.113,74.900,6.907,16.881
mp-aaaaafet,84.308,141.988,90.582,57.680,6.274,68.802,60.317,71.341,8.485,2.539
mp-aaaaafeu,157.333,143.367,171.783,13.966,14.449,39.311,47.736,30.987,8.425,8.324
mp-aaaaafex,136.237,106.621,140.951,29.616,4.714,48.001,53.117,45.828,5.116,2.172
mp-aaaaaffd,87.682,93.537,90.838,5.855,3.156,65.616,58.668,62.379,6.948,3.237
mp-aaaaafff,154.132,157.698,143.908,3.566,10.224,107.643,88.810,95.799,18.833,11.844
mp-aaaaaffj,130.667,82.546,132.428,48.121,1.761,50.190,60.257,58.366,10.067,8.175
mp-aaaaaffl,28.048,40.345,24.851,12.297,3.197,12.217,13.485,14.507,1.268,2.289
mp-aaaaaffm,67.000,52.376,65.100,14.624,1.900,36.663,34.610,28.419,2.053,8.244
mp-aaaaaffo,135.467,136.932,141.227,1.465,5.761,100.269,93.397,108.725,6.872,8.456
mp-aaaaaffr,49.806,68.017,54.921,18.211,5.115,27.856,27.501,27.518,0.355,0.337
mp-aaaaaffw,62.679,58.264,67.329,4.415,4.650,23.089,26.699,19.834,3.610,3.256
mp-aaaaaffy,22.197,48.743,30.961,26.546,8.764,15.507,18.875,18.091,3.368,2.584
mp-aaaaafga,183.000,143.728,200.828,39.272,17.828,98.054,101.495,109.804,3.441,11.749
mp-aaaaafgd,186.667,162.076,191.068,24.591,4.401,36.847,37.554,43.798,0.707,6.951
mp-aaaaafgr,27.241,27.049,31.076,0.192,3.835,13.381,12.339,8.915,1.042,4.466
mp-aaaaafgu,127.460,100.597,133.568,26.863,6.109,71.071,64.704,78.203,6.367,7.132
mp-aaaaafhf,46.199,38.288,53.465,7.911,7.266,0.333,12.804,30.901,12.471,30.569
mp-aaaaafhh,100.667,110.346,95.480,9.679,5.187,52.196,51.023,56.740,1.173,4.545
mp-aaaaafhm,125.667,109.379,122.785,16.288,2.882,47.163,45.849,24.422,1.314,22.741
mp-aaaaafho,172.667,155.452,181.130,17.215,8.463,77.521,87.423,77.161,9.902,0.360
mp-aaaaafhr,83.572,67.023,74.418,16.549,9.154,52.814,32.597,37.189,20.217,15.625
mp-aaaaafht,62.619,92.706,52.938,30.087,9.681,47.860,34.336,33.516,13.524,14.345
mp-aaaaafhu,157.878,185.322,145.713,27.444,12.165,104.772,114.196,91.641,9.424,13.131
mp-aaaaafhw,114.614,100.592,124.950,14.022,10.336,55.872,51.480,67.244,4.392,11.372
mp-aaaaafhx,145.723,182.659,148.111,36.936,2.388,99.647,85.080,85.925,14.567,13.722
mp-aaaaafhz,151.352,123.050,147.863,28.302,3.489,62.234,79.394,71.857,17.160,9.623
mp-aaaaafib,59.864,64.467,69.571,4.603,9.707,61.075,57.382,50.103,3.693,10.972
mp-aaaaafid,174.667,165.513,176.860,9.154,2.193,74.892,74.811,76.173,0.081,1.281
mp-aaaaafih,66.333,78.752,74.535,12.419,8.202,42.469,45.357,35.397,2.888,7.072
mp-aaaaafio,92.417,93.150,85.803,0.733,6.614,59.172,55.910,63.147,3.262,3.976
mp-aaaaafir,142.507,159.294,138.938,16.787,3.569,66.577,52.749,63.997,13.828,2.580
mp-aaaaafis,184.293,167.600,185.400,16.693,1.107,91.508,86.368,103.734,5.140,12.226
mp-aaaaafiz,47.096,51.619,51.066,4.523,3.971,28.704,21.799,28.462,6.905,0.242
mp-aaaaafja,188.667,134.053,190.606,54.614,1.939,122.542,86.705,107.173,35.837,15.369
mp-aaaaafje,110.489,116.574,110.049,6.085,0.440,75.983,76.234,69.503,0.251,6.480
mp-aaaaafjj,188.000,177.989,195.169,10.011,7.169,102.600,115.269,99.592,12.669,3.008
mp-aaaaafjv,62.479,89.285,82.936,26.806,20.458,30.911,37.778,36.893,6.867,5.983
mp-aaaaafjx,131.946,112.492,139.122,19.454,7.176,57.938,55.588,65.748,2.350,7.810
mp-aaaaafjy,80.534,92.520,109.622,11.986,29.088,40.604,41.295,49.557,0.691,8.953
mp-aaaaafka,218.667,170.993,209.074,47.674,9.592,105.993,98.951,107.767,7.042,1.774
mp-aaaaafkc,137.304,110.771,135.520,26.533,1.784,46.635,53.349,39.775,6.714,6.860
mp-aaaaafki,112.667,106.455,117.672,6.212,5.005,18.818,25.973,28.325,7.155,9.506
mp-aaaaafkk,41.243,61.640,39.153,20.397,2.090,23.636,22.365,24.246,1.271,0.610
mp-aaaaafko,48.000,-5.104,42.684,53.104,5.316,26.639,22.977,22.440,3.662,4.199
mp-aaaaafkr,206.667,167.572,176.957,39.095,29.710,97.147,119.035,30.669,21.888,66.479
mp-aaaaafku,83.901,103.577,98.869,19.676,14.968,47.485,50.536,57.586,3.051,10.101
mp-aaaaafla,121.908,153.375,131.193,31.467,9.285,75.163,79.808,83.043,4.645,7.880
mp-aaaaaflc,65.108,76.254,73.653,11.146,8.546,35.796,31.958,32.257,3.838,3.539
mp-aaaaafld,27.138,93.052,52.699,65.914,25.562,20.802,36.166,35.529,15.364,14.727
mp-aaaaaflf,101.948,107.969,116.949,6.021,15.000,59.178,51.766,64.428,7.412,5.251
mp-aaaaaflk,98.000,76.561,100.159,21.439,2.159,58.282,45.575,47.846,12.707,10.436
mp-aaaaafll,173.265,146.740,181.748,26.525,8.483,104.973,105.823,113.466,0.850,8.493
mp-aaaaaflm,151.761,179.212,154.677,27.451,2.917,79.878,81.290,79.699,1.412,0.179
mp-aaaaafln,87.333,65.991,101.215,21.342,13.881,51.847,65.588,60.317,13.741,8.470
mp-aaaaaflu,161.667,169.436,172.159,7.769,10.492,87.232,88.306,80.276,1.074,6.956
mp-aaaaaflx,157.267,141.005,156.415,16.262,0.852,64.175,62.854,60.453,1.321,3.722
mp-aaaaafmb,145.333,124.485,144.110,20.848,1.224,18.897,8.776,23.843,10.121,4.946
mp-aaaaafmg,52.158,62.683,55.388,10.525,3.230,38.242,44.293,35.933,6.051,2.309
mp-aaaaafmi,79.790,67.816,95.951,11.974,16.161,31.963,39.837,40.904,7.874,8.941
mp-aaaaafmj,128.710,128.075,123.646,0.635,5.063,85.760,69.099,81.684,16.661,4.076
mp-aaaaafmk,197.259,205.980,196.666,8.721,0.594,71.633,76.884,78.323,5.251,6.690
mp-aaaaafmo,201.516,187.484,197.235,14.032,4.281,106.383,95.847,103.453,10.536,2.930
mp-aaaaafmp,121.350,95.124,144.223,26.226,22.872,26.652,63.765,82.504,37.113,55.851
mp-aaaaafmr,131.330,116.146,131.933,15.184,0.603,70.989,72.667,66.521,1.678,4.468
mp-aaaaafms,184.333,183.347,193.109,0.986,8.776,87.149,97.770,91.124,10.621,3.975
mp-aaaaafmy,89.333,98.575,89.670,9.242,0.337,55.239,47.617,55.576,7.622,0.337
mp-aaaaafmz,189.000,170.942,201.511,18.058,12.511,90.248,105.073,94.857,14.825,4.608
mp-aaaaafna,79.173,50.105,87.913,29.068,8.740,51.438,31.216,45.562,20.222,5.876
mp-aaaaafnd,154.103,94.248,166.065,59.855,11.962,97.931,89.842,102.594,8.089,4.662
mp-aaaaafni,82.667,77.813,84.621,4.854,1.955,28.659,48.243,34.083,19.584,5.423
mp-aaaaafnn,103.363,129.532,109.608,26.169,6.244,50.033,63.170,52.873,13.137,2.839
mp-aaaaafno,179.704,169.381,176.628,10.323,3.076,134.777,122.169,110.118,12.608,24.659
mp-aaaaafnp,24.710,39.680,36.938,14.970,12.228,8.354,10.958,16.508,2.604,8.155
mp-aaaaafns,127.333,89.390,131.478,37.943,4.144,49.357,46.672,51.409,2.685,2.052
mp-aaaaafnv,62.267,59.197,61.328,3.070,0.940,30.116,27.911,29.282,2.205,0.835
mp-aaaaafnw,159.667,131.231,149.676,28.436,9.991,36.987,42.890,30.800,5.903,6.186
mp-aaaaafoa,146.691,146.606,150.398,0.085,3.707,99.086,87.060,93.057,12.026,6.029
mp-aaaaafod,158.074,177.934,151.069,19.860,7.005,128.062,126.096,123.157,1.966,4.905
mp-aaaaafoe,155.993,138.907,161.908,17.086,5.915,81.769,82.977,72.389,1.208,9.381
mp-aaaaafoh,45.249,65.086,47.288,19.837,2.039,23.406,31.333,24.130,7.927,0.724
mp-aaaaafoo,108.433,113.703,116.841,5.270,8.408,74.638,65.024,73.650,9.614,0.987
mp-aaaaafop,168.236,129.029,156.577,39.207,11.659,84.127,81.337,90.098,2.790,5.972
mp-aaaaafos,43.000,102.305,34.792,59.305,8.208,25.036,41.665,23.723,16.629,1.313
mp-aaaaafoy,14.420,48.552,18.928,34.132,4.508,6.548,15.123,10.042,8.575,3.493
mp-aaaaafpb,161.740,141.055,160.537,20.685,1.203,76.829,82.700,83.551,5.871,6.722
mp-aaaaafpc,31.685,23.646,35.916,8.039,4.231,18.944,14.085,15.641,4.859,3.304
mp-aaaaafpj,12.101,45.956,15.032,33.855,2.931,7.121,12.365,14.823,5.244,7.702
mp-aaaaafpv,137.333,131.215,137.709,6.118,0.375,75.731,74.834,63.339,0.897,12.391
mp-aaaaafpw,190.081,184.019,202.304,6.062,12.223,111.753,90.505,124.359,21.248,12.606
mp-aaaaafpz,69.026,71.157,70.882,2.131,1.857,30.166,43.170,37.724,13.004,7.557
mp-aaaaafqd,100.434,91.940,100.073,8.494,0.362,50.439,40.893,53.784,9.546,3.345
mp-aaaaafqg,235.631,240.532,248.137,4.901,12.506,150.373,153.654,164.947,3.281,14.574
mp-aaaaafqh,236.726,239.427,246.902,2.701,10.177,145.259,152.537,148.339,7.278,3.079
mp-aaaaafqi,87.094,96.447,94.300,9.353,7.205,50.678,71.961,49.647,21.283,1.032
mp-aaaaafqj,224.450,256.244,218.949,31.794,5.501,133.098,137.595,116.466,4.497,16.632
mp-aaaaafql,63.000,23.146,71.817,39.854,8.817,26.686,19.300,28.037,7.386,1.351
mp-aaaaafqm,59.903,56.728,67.642,3.175,7.739,29.248,38.728,33.196,9.480,3.948
mp-aaaaafqr,55.329,38.712,45.396,16.617,9.933,28.706,10.997,24.205,17.709,4.501
mp-aaaaafqz,24.515,44.642,32.252,20.127,7.737,10.163,16.943,14.903,6.780,4.740
mp-aaaaafra,60.829,74.034,75.761,13.205,14.932,29.357,24.005,38.482,5.352,9.125
mp-aaaaafre,125.183,107.453,132.309,17.730,7.127,56.084,53.932,47.204,2.152,8.880
mp-aaaaafrf,16.997,44.649,20.830,27.652,3.833,8.925,23.799,8.959,14.874,0.034
mp-aaaaafrh,47.333,64.568,46.781,17.235,0.553,23.136,28.956,15.591,5.820,7.545
mp-aaaaafrl,62.018,90.087,65.714,28.069,3.695,33.016,37.937,38.488,4.921,5.472
mp-aaaaafrm,148.667,84.368,159.802,64.299,11.135,91.398,87.085,98.242,4.313,6.844
mp-aaaaafrn,52.149,103.526,57.537,51.377,5.388,13.147,39.467,33.917,26.320,20.770
mp-aaaaafrq,71.717,137.223,73.609,65.506,1.892,46.254,55.621,50.257,9.367,4.003
mp-aaaaafrr,45.777,47.289,44.997,1.512,0.780,25.076,19.918,14.961,5.158,10.114
mp-aaaaafsb,24.710,49.319,23.471,24.609,1.239,9.914,14.591,9.358,4.677,0.557
mp-aaaaafsg,125.889,115.299,129.937,10.590,4.049,76.146,76.180,65.662,0.034,10.484
mp-aaaaafsj,66.329,69.721,73.911,3.392,7.582,29.805,27.586,38.769,2.219,8.964
mp-aaaaafso,59.043,77.314,54.182,18.271,4.861,37.718,32.045,36.942,5.673,0.776
mp-aaaaafsx,134.056,158.042,132.505,23.986,1.551,94.051,104.568,95.360,10.517,1.309
mp-aaaaafth,57.824,72.133,68.813,14.309,10.989,23.484,35.293,30.217,11.809,6.733
mp-aaaaaftm,125.059,143.583,131.327,18.524,6.268,93.274,93.521,98.389,0.247,5.116
mp-aaaaaftn,98.667,151.787,93.195,53.120,5.472,87.345,69.067,86.364,18.278,0.982
mp-aaaaaftp,45.174,65.247,71.388,20.073,26.213,21.262,20.163,30.435,1.099,9.173
mp-aaaaaftv,156.212,153.270,161.210,2.942,4.998,87.826,88.994,89.307,1.168,1.481
mp-aaaaaftw,179.627,187.672,182.937,8.045,3.310,63.365,80.842,63.925,17.477,0.560
mp-aaaaafub,105.992,114.676,134.707,8.684,28.715,38.529,43.276,66.699,4.747,28.170
mp-aaaaafuj,162.667,142.425,159.936,20.242,2.731,79.316,77.656,64.054,1.660,15.261
mp-aaaaafur,99.762,82.563,108.613,17.199,8.850,33.639,37.465,37.536,3.826,3.897
mp-aaaaafux,198.188,161.457,179.583,36.731,18.605,101.063,76.783,92.604,24.280,8.459
mp-aaaaafuy,156.978,153.737,155.060,3.241,1.917,100.144,102.604,108.574,2.460,8.431
mp-aaaaafvb,60.987,46.952,61.403,14.035,0.416,27.483,20.820,31.633,6.663,4.150
mp-aaaaafvf,101.727,90.128,98.305,11.599,3.422,51.360,39.805,54.438,11.555,3.078
mp-aaaaafvh,149.309,154.172,158.846,4.863,9.537,87.435,79.116,90.570,8.319,3.135
mp-aaaaafvi,78.039,53.185,71.040,24.854,6.999,35.552,36.837,27.313,1.285,8.240
mp-aaaaafvm,125.974,85.100,129.731,40.874,3.757,87.611,74.815,86.542,12.796,1.069
mp-aaaaafvq,113.333,104.107,116.755,9.226,3.422,28.014,27.757,20.756,0.257,7.258
mp-aaaaafvr,123.639,125.519,133.345,1.880,9.706,64.444,56.221,69.189,8.223,4.745
mp-aaaaafvs,151.333,130.132,153.571,21.201,2.238,-10.650,20.198,49.116,30.848,59.765
mp-aaaaafvy,76.565,65.349,79.868,11.216,3.303,47.941,35.208,36.924,12.733,11.017
mp-aaaaafvz,100.667,50.017,97.392,50.650,3.275,38.187,30.863,37.506,7.324,0.681
mp-aaaaafwa,113.902,93.080,118.353,20.822,4.450,59.429,49.805,66.254,9.624,6.825
mp-aaaaafwb,75.011,60.137,91.376,14.874,16.365,33.130,31.151,41.400,1.979,8.270
mp-aaaaafwd,30.554,39.865,32.574,9.311,2.020,36.674,33.322,30.698,3.352,5.976
mp-aaaaafwg,175.827,231.835,180.470,56.008,4.643,86.521,93.060,91.228,6.539,4.706
mp-aaaaafwi,138.233,120.514,146.558,17.719,8.325,55.422,55.491,56.404,0.069,0.982
mp-aaaaafwk,104.385,98.136,110.463,6.249,6.078,48.590,42.336,56.969,6.254,8.380
mp-aaaaafwl,27.465,38.274,36.154,10.809,8.689,12.151,15.410,18.258,3.259,6.107
mp-aaaaafws,27.833,46.476,24.882,18.643,2.951,12.071,18.060,13.384,5.989,1.313
mp-aaaaafxe,34.158,82.704,46.491,48.546,12.333,16.831,27.080,17.939,10.249,1.108
mp-aaaaafxk,77.950,119.166,103.412,41.216,25.462,32.963,43.349,36.842,10.386,3.879
mp-aaaaafxn,255.319,192.554,262.034,62.765,6.715,145.606,132.976,148.235,12.630,2.629
mp-aaaaafxo,96.294,81.617,95.987,14.677,0.307,47.288,34.707,43.179,12.581,4.109
mp-aaaaafxu,122.283,157.341,155.107,35.058,32.824,67.220,57.546,71.459,9.674,4.239
mp-aaaaafxv,144.519,118.946,141.888,25.573,2.630,15.114,43.062,38.811,27.948,23.697
mp-aaaaafxy,57.883,58.180,65.437,0.297,7.554,35.381,51.070,34.433,15.689,0.948
mp-aaaaafyc,142.069,107.127,148.969,34.942,6.900,66.055,61.447,69.184,4.608,3.130
mp-aaaaafyd,147.049,108.558,129.121,38.491,17.928,71.055,62.347,71.712,8.708,0.657
mp-aaaaafye,59.777,78.195,62.536,18.418,2.759,37.147,37.465,29.952,0.318,7.195
mp-aaaaafyf,40.166,59.706,41.959,19.540,1.793,12.782,19.496,14.380,6.714,1.599
mp-aaaaafyj,134.481,166.482,139.228,32.001,4.746,80.906,78.023,85.064,2.883,4.158
mp-aaaaafyk,108.359,85.296,114.739,23.063,6.380,73.822,66.991,78.764,6.831,4.942
mp-aaaaafyp,172.328,131.718,179.043,40.610,6.716,102.428,82.778,103.640,19.650,1.212
mp-aaaaafys,167.232,121.705,157.250,45.527,9.982,95.170,104.011,89.430,8.841,5.739
mp-aaaaafyv,92.000,100.701,97.828,8.701,5.828,61.268,56.895,59.738,4.373,1.530
mp-aaaaafyw,55.241,54.422,51.520,0.819,3.720,34.199,23.149,25.104,11.050,9.095
mp-aaaaafza,21.987,37.083,21.561,15.096,0.427,7.916,23.643,9.135,15.727,1.219
mp-aaaaafzh,170.421,128.168,175.308,42.253,4.887,100.021,84.482,103.172,15.539,3.151
mp-aaaaafzn,33.667,78.052,33.282,44.385,0.384,22.414,21.508,19.763,0.906,2.651
mp-aaaaafzr,16.333,20.165,28.059,3.832,11.726,6.796,22.042,6.452,15.246,0.344
mp-aaaaafzv,17.041,38.030,21.875,20.989,4.834,30.533,34.671,19.507,4.138,11.026
mp-aaaaafzy,96.592,94.678,86.986,1.914,9.605,59.798,54.972,61.011,4.826,1.214
mp-aaaaagaa,144.056,112.518,123.780,31.538,20.277,82.646,83.995,71.679,1.349,10.967
mp-aaaaagai,105.420,101.852,110.231,3.568,4.812,73.502,64.642,67.699,8.860,5.803
mp-aaaaagaj,175.780,204.642,177.624,28.862,1.844,104.967,93.481,103.962,11.486,1.005
mp-aaaaagap,194.316,187.891,192.448,6.425,1.868,139.107,126.690,124.650,12.417,14.457
mp-aaaaagaq,143.352,161.847,146.988,18.495,3.637,81.779,79.447,82.061,2.332,0.282
mp-aaaaagar,152.863,151.830,135.862,1.033,17.001,98.086,88.882,83.961,9.204,14.125
mp-aaaaagat,79.515,75.350,75.888,4.165,3.627,40.427,37.724,32.581,2.703,7.846
mp-aaaaagau,141.667,158.436,123.618,16.769,18.049,55.156,63.957,38.404,8.801,16.752
mp-aaaaagax,100.000,88.006,98.767,11.994,1.233,84.417,68.528,82.263,15.889,2.154
mp-aaaaagaz,42.000,85.481,35.503,43.481,6.497,22.114,23.132,20.732,1.018,1.383
mp-aaaaagbb,65.563,63.705,56.372,1.858,9.191,31.120,33.692,18.871,2.572,12.249
mp-aaaaagbg,114.307,114.356,117.969,0.049,3.661,72.905,75.698,77.953,2.793,5.049
mp-aaaaagbi,143.130,133.474,152.544,9.656,9.415,87.782,85.583,90.030,2.199,2.248
mp-aaaaagbj,279.000,203.971,273.271,75.029,5.729,141.674,130.085,110.015,11.589,31.659
mp-aaaaagbo,185.165,191.162,202.576,5.997,17.411,42.997,77.346,110.733,34.349,67.735
mp-aaaaagbw,138.423,98.959,152.175,39.464,13.752,63.803,66.913,75.233,3.110,11.430
mp-aaaaagbx,113.713,109.210,120.940,4.503,7.226,76.260,71.687,70.577,4.573,5.683
mp-aaaaagcb,76.510,103.496,77.617,26.986,1.107,39.863,48.783,35.426,8.920,4.437
mp-aaaaagce,23.673,23.208,31.194,0.465,7.521,8.955,13.356,12.383,4.401,3.428
mp-aaaaagcj,77.909,80.687,95.504,2.778,17.595,49.140,50.280,64.566,1.140,15.427
mp-aaaaagcm,64.673,54.251,69.900,10.422,5.228,41.829,32.183,35.335,9.646,6.494
mp-aaaaagcq,70.058,76.001,69.016,5.943,1.042,20.312,21.034,32.456,0.722,12.144
mp-aaaaagcs,134.667,68.430,129.890,66.237,4.776,67.517,67.538,63.772,0.021,3.745
mp-aaaaagcx,154.905,138.557,157.198,16.348,2.293,90.952,100.924,91.182,9.972,0.230
mp-aaaaagde,24.861,31.172,29.031,6.311,4.170,10.878,17.162,12.442,6.284,1.564
mp-aaaaagdi,83.667,95.784,87.318,12.117,3.651,0.639,10.136,3.925,9.497,3.286
mp-aaaaagdo,133.033,119.096,139.965,13.937,6.933,52.898,55.895,52.211,2.997,0.686
mp-aaaaagdq,43.749,51.232,45.136,7.483,1.387,19.228,12.831,18.558,6.397,0.671
mp-aaaaagds,40.198,46.996,48.100,6.798,7.902,28.414,34.381,29.876,5.967,1.462
mp-aaaaagdw,100.723,117.361,110.326,16.638,9.603,55.339,67.430,80.585,12.091,25.246
mp-aaaaagdx,31.333,70.434,27.726,39.101,3.607,13.928,28.870,11.464,14.942,2.464
mp-aaaaagdy,136.857,119.849,113.655,17.008,23.201,59.039,49.549,49.159,9.490,9.880
mp-aaaaaged,129.718,116.384,143.066,13.334,13.349,65.574,69.071,64.536,3.497,1.038
mp-aaaaagef,267.623,287.322,261.983,19.699,5.641,129.743,116.991,135.813,12.752,6.071
mp-aaaaagek,200.667,123.629,163.726,77.038,36.941,112.075,81.426,79.314,30.649,32.761
mp-aaaaagel,111.196,121.481,120.194,10.285,8.998,66.456,69.575,54.758,3.119,11.698
mp-aaaaageo,92.333,105.926,95.632,13.593,3.299,57.350,50.971,57.613,6.379,0.263
mp-aaaaagep,64.667,80.833,67.871,16.166,3.205,39.521,23.152,37.726,16.369,1.794
mp-aaaaager,155.804,189.188,156.856,33.384,1.052,79.169,85.959,80.004,6.790,0.834
mp-aaaaageu,96.767,76.123,103.537,20.644,6.770,49.095,54.612,62.670,5.517,13.574
mp-aaaaagev,132.361,119.183,123.536,13.178,8.824,58.478,45.850,53.160,12.628,5.318
mp-aaaaagew,77.910,65.161,79.821,12.749,1.912,26.821,29.202,26.143,2.381,0.678
mp-aaaaagfb,84.872,132.208,62.997,47.336,21.874,60.344,69.473,38.069,9.129,22.276
mp-aaaaagfd,41.616,68.806,61.155,27.190,19.539,34.929,21.306,32.185,13.623,2.744
mp-aaaaagfg,59.723,35.504,58.780,24.219,0.943,45.571,42.911,43.931,2.660,1.640
mp-aaaaagfj,108.329,106.874,118.442,1.455,10.112,44.012,58.759,51.736,14.747,7.725
mp-aaaaagfk,113.407,106.671,110.789,6.736,2.618,81.526,62.784,56.385,18.742,25.141
mp-aaaaagfm,76.333,85.900,91.116,9.567,14.783,14.475,27.278,12.878,12.803,1.597
mp-aaaaagfn,26.767,31.214,26.137,4.447,0.630,13.428,14.424,10.383,0.996,3.045
mp-aaaaagfo,149.665,115.128,169.440,34.537,19.775,78.000,88.493,92.625,10.493,14.625
mp-aaaaagfq,84.102,75.105,80.869,8.997,3.233,41.468,44.826,44.029,3.358,2.561
mp-aaaaagfu,117.537,105.527,103.923,12.010,13.614,51.114,56.483,38.269,5.369,12.845
mp-aaaaagfy,142.364,132.381,126.674,9.983,15.690,60.528,56.248,49.340,4.280,11.188
mp-aaaaaggc,128.994,168.800,140.467,39.806,11.473,73.135,59.263,73.782,13.872,0.647
mp-aaaaaggo,64.221,52.224,63.399,11.997,0.822,40.305,41.698,38.570,1.393,1.735
mp-aaaaaggp,46.659,39.089,51.355,7.570,4.697,3.183,18.705,24.697,15.522,21.513
mp-aaaaaggq,120.354,118.769,123.516,1.585,3.162,85.583,77.733,87.035,7.850,1.452
mp-aaaaaggr,81.769,87.042,82.967,5.273,1.198,43.063,33.709,44.201,9.354,1.138
mp-aaaaaggs,97.333,82.109,97.455,15.224,0.122,81.729,66.793,76.602,14.936,5.127
mp-aaaaaggv,22.843,32.330,23.524,9.487,0.681,12.684,6.394,11.873,6.290,0.810
mp-aaaaaggy,82.534,80.313,82.917,2.221,0.383,33.179,37.978,30.402,4.799,2.777
mp-aaaaagha,160.068,145.302,159.612,14.766,0.457,74.660,77.906,53.552,3.246,21.108
mp-aaaaaghf,154.649,154.945,154.660,0.296,0.011,70.717,66.092,82.968,4.625,12.251
mp-aaaaaghk,164.864,148.127,174.527,16.737,9.664,94.842,80.591,92.337,14.251,2.505
mp-aaaaaghl,44.289,69.749,48.334,25.460,4.045,20.543,10.208,22.579,10.335,2.037
mp-aaaaaghm,131.115,115.950,135.440,15.165,4.324,53.382,51.122,53.940,2.260,0.558
mp-aaaaaghn,101.000,109.740,95.806,8.740,5.194,50.071,50.415,56.887,0.344,6.816
mp-aaaaagho,15.970,23.436,22.655,7.466,6.685,12.014,1.062,10.417,10.952,1.598
mp-aaaaaghp,292.326,211.366,279.295,80.960,13.031,46.081,157.948,151.413,111.867,105.332
mp-aaaaaghr,67.109,78.426,70.733,11.317,3.624,28.685,32.328,28.104,3.643,0.581
mp-aaaaaghv,73.705,93.127,87.399,19.422,13.694,61.472,62.226,45.438,0.754,16.035
mp-aaaaaghy,140.000,172.669,142.760,32.669,2.760,133.238,98.560,128.123,34.678,5.115
mp-aaaaagia,20.660,24.529,15.529,3.869,5.131,10.559,12.677,7.951,2.118,2.608
mp-aaaaagil,127.722,108.081,130.513,19.641,2.791,55.377,56.262,54.231,0.885,1.147
mp-aaaaagim,105.759,110.977,106.762,5.218,1.003,46.343,38.147,39.318,8.196,7.025
mp-aaaaagiq,148.710,99.766,146.213,48.944,2.496,55.360,52.555,60.968,2.805,5.608
mp-aaaaagit,117.033,110.848,109.200,6.185,7.833,61.767,49.050,51.042,12.717,10.725
mp-aaaaagix,106.983,66.105,122.245,40.878,15.261,50.928,66.428,56.703,15.500,5.775
mp-aaaaagiy,95.775,106.722,104.491,10.947,8.715,42.277,49.119,46.338,6.842,4.062
mp-aaaaagjb,115.107,116.325,119.018,1.218,3.911,46.296,56.718,52.865,10.422,6.569
mp-aaaaagjk,90.288,100.675,128.920,10.387,38.632,30.982,34.343,55.661,3.361,24.678
mp-aaaaagjm,111.925,105.749,108.973,6.176,2.952,48.200,41.669,48.406,6.531,0.206
mp-aaaaagjp,122.495,110.038,119.322,12.457,3.173,76.227,72.545,69.345,3.682,6.882
mp-aaaaagjs,74.405,71.320,74.223,3.085,0.182,42.516,32.541,41.873,9.975,0.644
mp-aaaaagka,46.000,81.883,70.463,35.883,24.463,27.986,36.575,42.646,8.589,14.660
mp-aaaaagkf,101.339,104.036,130.829,2.697,29.490,71.965,73.937,82.648,1.972,10.682
mp-aaaaagkg,144.583,149.733,126.625,5.150,17.958,89.436,89.336,74.605,0.100,14.831
mp-aaaaagkh,123.492,108.211,128.741,15.281,5.250,57.065,47.677,55.166,9.388,1.899
mp-aaaaagki,65.000,55.805,73.960,9.195,8.960,22.714,25.555,30.291,2.841,7.577
mp-aaaaagkz,162.667,141.039,162.149,21.628,0.517,100.557,122.833,103.950,22.276,3.393
mp-aaaaagla,109.698,106.918,151.943,2.780,42.246,60.413,70.089,85.312,9.676,24.899
mp-aaaaaglb,52.574,69.539,59.175,16.965,6.601,30.957,29.961,35.606,0.996,4.649
mp-aaaaaglm,38.528,72.570,31.446,34.042,7.082,13.002,22.394,9.509,9.392,3.494
mp-aaaaagln,184.217,136.852,175.036,47.365,9.181,77.955,65.102,76.432,12.853,1.523
mp-aaaaaglr,97.686,70.545,85.924,27.141,11.762,56.206,48.164,49.225,8.042,6.981
mp-aaaaaglw,193.667,180.976,197.182,12.691,3.515,82.316,76.752,68.990,5.564,13.326
mp-aaaaagly,54.527,77.319,31.044,22.792,23.483,25.315,10.788,13.561,14.527,11.754
mp-aaaaaglz,125.000,114.033,114.050,10.967,10.950,-11.130,23.346,19.416,34.476,30.547
mp-aaaaagma,83.000,36.501,86.075,46.499,3.075,31.777,37.335,28.699,5.558,3.078
mp-aaaaagmc,79.657,64.973,80.931,14.684,1.274,32.401,35.463,31.665,3.062,0.736
mp-aaaaagmg,78.230,75.150,86.846,3.080,8.616,41.981,39.432,55.475,2.549,13.493
mp-aaaaagmo,222.222,247.037,217.649,24.815,4.573,105.508,111.823,110.153,6.315,4.645
mp-aaaaagmp,156.768,174.990,160.376,18.222,3.609,80.445,60.688,83.289,19.757,2.844
mp-aaaaagmq,36.605,177.686,26.772,141.081,9.832,23.413,40.125,13.496,16.712,9.918
mp-aaaaagmr,90.311,87.566,123.734,2.745,33.423,29.879,16.756,52.783,13.123,22.903
mp-aaaaagmt,145.767,77.290,149.864,68.477,4.097,82.903,78.120,84.537,4.783,1.634
mp-aaaaagmx,199.381,161.915,194.797,37.466,4.583,108.862,99.589,121.994,9.273,13.131
mp-aaaaagnb,71.523,84.983,68.821,13.460,2.702,45.113,41.571,45.506,3.542,0.392
mp-aaaaagnc,27.333,69.390,31.139,42.057,3.805,9.843,18.435,17.687,8.592,7.844
mp-aaaaagnl,15.667,45.412,19.733,29.745,4.066,9.727,7.706,9.378,2.021,0.349
mp-aaaaagnm,64.185,56.436,46.389,7.749,17.797,31.422,38.277,29.801,6.855,1.621
mp-aaaaagno,162.000,151.405,161.813,10.595,0.187,87.543,68.183,87.925,19.360,0.382
mp-aaaaagnv,135.902,122.389,134.517,13.513,1.385,69.551,76.286,68.163,6.735,1.389
mp-aaaaagnz,130.642,101.028,152.964,29.614,22.322,100.045,55.914,105.336,44.131,5.291
mp-aaaaagob,126.666,144.304,123.640,17.638,3.026,28.288,62.546,61.538,34.258,33.250
mp-aaaaagoi,76.825,70.191,80.620,6.634,3.795,40.080,48.920,46.562,8.840,6.482
mp-aaaaagoj,92.489,64.091,96.150,28.398,3.662,47.702,49.076,53.455,1.374,5.753
mp-aaaaagol,23.184,45.776,26.200,22.592,3.016,6.472,13.909,7.573,7.437,1.100
mp-aaaaagon,166.603,175.881,168.218,9.278,1.616,110.024,89.313,101.626,20.711,8.398
mp-aaaaagos,143.412,82.268,139.497,61.144,3.916,77.506,83.595,84.815,6.089,7.309
mp-aaaaagot,126.435,104.410,127.961,22.025,1.526,67.924,64.118,72.260,3.806,4.336
mp-aaaaagov,79.114,65.372,72.364,13.742,6.750,42.271,45.334,39.714,3.063,2.557
mp-aaaaagpc,79.667,66.467,79.476,13.200,0.191,63.818,45.894,59.263,17.924,4.555
mp-aaaaagpg,36.847,25.042,40.512,11.805,3.664,22.126,19.900,16.188,2.226,5.938
mp-aaaaagpm,149.616,110.869,145.662,38.747,3.954,76.774,78.895,66.135,2.121,10.639
mp-aaaaagpu,120.357,118.241,138.126,2.116,17.769,73.448,71.201,74.824,2.247,1.376
mp-aaaaagpw,46.507,62.932,46.684,16.425,0.177,26.342,32.449,24.980,6.107,1.362
mp-aaaaagpz,205.774,174.104,211.761,31.670,5.987,116.390,115.679,126.017,0.711,9.626
mp-aaaaagqa,315.860,251.913,339.697,63.947,23.837,172.670,209.518,170.394,36.848,2.275
mp-aaaaagqd,32.222,77.465,36.861,45.243,4.639,20.539,22.010,17.748,1.471,2.791
mp-aaaaagqg,83.000,78.838,81.449,4.162,1.551,21.775,37.952,15.664,16.177,6.110
mp-aaaaagqj,89.303,64.702,93.388,24.601,4.085,49.747,49.194,50.614,0.553,0.868
mp-aaaaagql,61.193,59.427,55.082,1.766,6.110,22.502,17.149,19.212,5.353,3.290
mp-aaaaagqm,88.163,91.354,84.478,3.191,3.685,48.773,60.099,38.454,11.326,10.319
mp-aaaaagqq,84.369,88.511,79.484,4.142,4.885,41.999,51.551,35.859,9.552,6.141
mp-aaaaagqu,218.667,189.071,200.998,29.596,17.668,111.423,108.189,62.036,3.234,49.388
mp-aaaaagqw,36.619,45.066,42.297,8.447,5.678,11.545,19.464,24.415,7.919,12.870
mp-aaaaagqx,19.984,4.553,21.291,15.431,1.307,11.745,10.179,12.728,1.566,0.982
mp-aaaaagrb,67.549,84.572,74.253,17.023,6.704,39.315,23.946,46.718,15.369,7.403
mp-aaaaagrc,173.548,135.637,170.058,37.911,3.489,100.393,91.663,90.292,8.730,10.101
mp-aaaaagrh,66.000,68.986,71.911,2.986,5.911,43.426,33.564,46.123,9.862,2.697
mp-aaaaagrk,89.413,82.964,96.619,6.449,7.205,31.421,29.946,39.382,1.475,7.961
mp-aaaaagrm,90.667,103.653,93.228,12.986,2.562,56.333,51.766,56.953,4.567,0.620
mp-aaaaagrq,101.440,108.073,105.484,6.633,4.045,38.532,39.025,52.432,0.493,13.900
mp-aaaaagrv,67.558,65.247,61.421,2.311,6.137,36.695,30.549,33.449,6.146,3.246
mp-aaaaagrw,103.251,90.247,97.427,13.004,5.824,55.662,56.729,52.594,1.067,3.069
mp-aaaaagsa,73.662,82.311,73.278,8.649,0.383,49.018,47.455,43.820,1.563,5.198
mp-aaaaagsf,28.656,42.231,26.033,13.575,2.623,16.087,19.678,13.962,3.591,2.125
mp-aaaaagsh,26.944,54.586,33.263,27.642,6.319,12.735,18.164,12.662,5.429,0.073
mp-aaaaagsj,61.628,64.771,64.767,3.143,3.140,35.658,35.703,41.155,0.045,5.497
mp-aaaaagsm,126.333,117.466,137.603,8.867,11.270,50.585,49.897,61.802,0.688,11.216
mp-aaaaagsr,58.294,95.971,57.384,37.677,0.909,31.725,40.272,15.680,8.547,16.045
mp-aaaaagsz,96.095,113.740,102.302,17.645,6.208,34.347,59.029,59.074,24.682,24.727
mp-aaaaagtb,163.000,84.127,163.600,78.873,0.600,99.781,91.871,89.263,7.910,10.518
mp-aaaaagtc,88.667,56.418,88.223,32.249,0.444,42.741,33.121,39.163,9.620,3.577
mp-aaaaagtg,44.960,74.551,42.391,29.591,2.569,21.155,32.649,22.457,11.494,1.303
mp-aaaaagtj,46.486,65.564,57.897,19.078,11.411,21.999,17.871,28.480,4.128,6.481
mp-aaaaagtl,116.012,117.516,119.888,1.504,3.875,63.311,53.732,65.107,9.579,1.796
mp-aaaaagtn,148.000,121.136,143.681,26.864,4.319,83.663,69.526,87.968,14.137,4.306
mp-aaaaagtv,149.132,89.757,158.385,59.375,9.253,85.065,85.219,84.302,0.154,0.763
mp-aaaaagtx,28.791,46.241,38.194,17.450,9.404,17.100,11.076,23.832,6.024,6.732
mp-aaaaagui,20.043,28.356,29.193,8.313,9.150,11.668,9.937,16.331,1.731,4.663
mp-aaaaaguk,27.819,42.381,31.729,14.562,3.909,13.432,10.329,13.776,3.103,0.344
mp-aaaaaguo,163.000,110.072,172.536,52.928,9.536,75.414,71.527,89.025,3.887,13.611
mp-aaaaagur,235.000,104.165,154.278,130.835,80.722,130.859,94.877,76.237,35.982,54.622
mp-aaaaagut,243.667,207.955,210.459,35.712,33.208,2.219,105.158,20.779,102.939,18.560
mp-aaaaagvc,82.667,158.750,87.278,76.083,4.612,71.652,72.126,75.683,0.474,4.032
mp-aaaaagvg,26.930,23.599,24.218,3.331,2.712,8.113,12.518,8.665,4.405,0.552
mp-aaaaagvj,161.683,172.724,154.941,11.041,6.741,55.516,48.088,68.797,7.428,13.281
mp-aaaaagvk,188.333,170.791,185.508,17.542,2.826,84.328,90.439,62.615,6.111,21.714
mp-aaaaagvl,126.535,157.914,125.710,31.379,0.826,78.159,77.914,74.686,0.245,3.473
mp-aaaaagvy,71.584,82.155,69.619,10.571,1.966,33.183,35.570,29.407,2.387,3.775
mp-aaaaagvz,135.093,122.615,121.113,12.478,13.980,105.662,94.557,86.181,11.105,19.481
mp-aaaaagwa,36.667,72.401,102.265,35.734,65.599,27.964,52.676,65.942,24.712,37.978
mp-aaaaagwc,109.575,137.049,110.036,27.474,0.460,-48.468,72.016,70.218,120.484,118.686
mp-aaaaagwf,108.304,107.405,146.767,0.899,38.463,40.903,42.616,-8.068,1.713,48.972
mp-aaaaagwg,141.050,140.606,145.463,0.444,4.413,67.572,57.245,56.057,10.327,11.514
mp-aaaaagwi,135.617,110.383,139.253,25.234,3.635,44.707,53.207,41.138,8.500,3.569
mp-aaaaagwk,35.000,35.360,41.906,0.360,6.906,20.674,12.554,22.198,8.120,1.523
mp-aaaaagwp,105.354,129.160,149.265,23.806,43.912,54.255,55.650,70.555,1.395,16.300
mp-aaaaagwx,167.927,136.577,173.459,31.350,5.532,100.920,90.774,98.826,10.146,2.094
mp-aaaaagwy,151.000,119.785,150.415,31.215,0.585,28.255,39.064,26.331,10.809,1.924
mp-aaaaagwz,173.894,180.071,172.978,6.177,0.915,104.125,79.754,101.114,24.371,3.011
mp-aaaaagxc,123.817,125.896,118.920,2.079,4.897,84.614,62.875,82.613,21.739,2.001
mp-aaaaagxh,142.941,123.237,135.701,19.704,7.240,62.795,71.128,59.855,8.333,2.940
mp-aaaaagxi,104.339,85.757,115.288,18.582,10.949,46.118,54.759,55.517,8.641,9.399
mp-aaaaagxk,189.333,185.658,207.057,3.675,17.724,16.166,44.299,77.853,28.133,61.686
mp-aaaaagxm,74.390,66.717,73.946,7.673,0.444,39.638,31.143,36.269,8.495,3.370
mp-aaaaagxo,50.338,68.607,41.231,18.269,9.107,24.278,22.970,14.818,1.308,9.460
mp-aaaaagxs,38.781,35.280,38.307,3.501,0.474,22.097,15.518,20.173,6.579,1.924
mp-aaaaagxt,154.876,97.797,163.495,57.079,8.618,91.287,90.912,104.497,0.375,13.210
mp-aaaaagxu,16.024,23.911,16.159,7.887,0.135,7.807,6.513,7.619,1.294,0.188
mp-aaaaagxv,139.522,126.657,142.077,12.865,2.555,110.494,69.341,98.914,41.153,11.580
mp-aaaaagxy,142.299,150.672,145.976,8.373,3.677,98.022,81.890,91.910,16.132,6.113
mp-aaaaagyb,92.826,108.872,100.148,16.046,7.322,55.179,51.981,68.766,3.198,13.588
mp-aaaaagyl,48.122,91.752,63.541,43.630,15.419,14.354,20.318,22.428,5.964,8.074
mp-aaaaagym,114.443,127.912,140.243,13.469,25.800,73.369,75.587,79.194,2.218,5.825
mp-aaaaagyr,72.667,49.658,66.911,23.009,5.756,33.405,24.929,24.626,8.476,8.778
mp-aaaaagyt,127.530,129.917,143.895,2.387,16.365,46.972,69.329,96.327,22.357,49.355
mp-aaaaagzf,84.886,110.390,84.117,25.504,0.769,44.105,47.787,45.612,3.682,1.507
mp-aaaaagzo,211.172,201.821,211.193,9.351,0.021,78.294,83.388,92.065,5.094,13.772
mp-aaaaagzt,107.606,106.965,112.131,0.641,4.525,38.821,32.961,38.883,5.860,0.063
mp-aaaaagzw,59.388,79.520,57.743,20.132,1.645,26.380,29.664,18.896,3.284,7.484
mp-aaaaagzy,30.772,16.265,34.792,14.507,4.019,18.495,13.256,15.402,5.239,3.093
mp-aaaaagzz,45.019,51.922,47.400,6.903,2.381,21.795,21.797,22.632,0.002,0.837
mp-aaaaahaa,105.393,77.867,91.706,27.526,13.687,75.275,42.168,51.380,33.107,23.895
mp-aaaaahag,64.175,81.660,62.496,17.485,1.678,39.686,34.922,34.195,4.764,5.492
mp-aaaaahal,90.655,95.184,88.008,4.529,2.646,52.339,49.568,46.468,2.771,5.871
mp-aaaaaham,84.701,80.000,82.036,4.701,2.666,39.002,40.880,35.294,1.878,3.708
mp-aaaaahav,142.545,139.712,162.009,2.833,19.464,88.915,98.784,96.372,9.869,7.457
mp-aaaaahay,41.333,60.286,41.370,18.953,0.037,22.252,26.004,20.339,3.752,1.913
mp-aaaaahaz,18.103,76.126,23.847,58.023,5.744,11.333,-3.257,14.993,14.590,3.660
mp-aaaaahbf,84.981,71.909,87.951,13.072,2.970,54.401,40.343,58.017,14.058,3.616
mp-aaaaahbj,168.221,190.454,162.761,22.233,5.460,82.480,87.542,90.758,5.062,8.278
mp-aaaaahbk,94.529,108.775,119.533,14.246,25.004,58.675,59.441,70.542,0.766,11.867
mp-aaaaahbm,42.964,47.592,36.104,4.628,6.860,21.792,28.292,17.538,6.500,4.254
mp-aaaaahbn,134.333,119.753,133.984,14.580,0.350,58.581,58.832,31.539,0.251,27.042
mp-aaaaahbv,42.046,117.894,44.051,75.848,2.005,40.470,56.638,25.087,16.168,15.383
mp-aaaaahca,147.372,126.780,146.232,20.592,1.140,68.454,68.808,76.281,0.354,7.827
mp-aaaaahcb,110.092,96.609,112.903,13.483,2.811,61.932,53.730,66.332,8.202,4.400
mp-aaaaahce,129.000,180.245,109.965,51.245,19.035,80.316,71.468,68.372,8.848,11.943
mp-aaaaahcf,178.269,149.842,182.773,28.427,4.504,61.512,61.369,70.766,0.143,9.254
mp-aaaaahcj,141.727,123.541,149.901,18.186,8.174,48.500,67.192,51.527,18.692,3.027
mp-aaaaahco,166.191,150.366,165.442,15.825,0.748,138.786,118.602,130.966,20.184,7.820
mp-aaaaahcv,112.650,106.477,109.532,6.173,3.118,60.207,44.389,61.030,15.818,0.823
mp-aaaaahcz,36.034,20.071,39.634,15.963,3.599,21.870,22.603,15.791,0.733,6.080
mp-aaaaahdc,179.333,141.525,186.054,37.808,6.720,89.911,49.186,86.470,40.725,3.441
mp-aaaaahdd,182.000,160.596,191.180,21.404,9.180,49.024,48.946,58.082,0.078,9.057
mp-aaaaahdf,137.923,126.744,148.608,11.179,10.685,83.781,84.141,88.163,0.360,4.382
mp-aaaaahdh,96.853,111.811,84.891,14.958,11.962,61.851,57.929,50.928,3.922,10.924
mp-aaaaahdj,111.489,85.783,123.907,25.706,12.418,65.158,61.833,70.456,3.325,5.298
mp-aaaaahdk,202.258,126.074,187.858,76.184,14.399,96.751,80.486,82.606,16.265,14.145
mp-aaaaahdm,130.532,102.319,133.074,28.213,2.542,52.596,53.114,52.262,0.518,0.334
mp-aaaaahdn,47.290,73.067,30.628,25.777,16.662,22.264,10.897,11.795,11.367,10.469
mp-aaaaahdo,42.546,64.797,50.683,22.251,8.137,26.792,27.648,33.231,0.856,6.439
mp-aaaaahdq,120.839,100.285,117.212,20.554,3.626,63.060,66.845,75.285,3.785,12.225
mp-aaaaahds,153.333,122.083,153.321,31.250,0.013,47.954,52.416,43.960,4.462,3.994
mp-aaaaahdt,51.097,70.348,56.912,19.251,5.815,26.291,30.896,32.915,4.605,6.624
mp-aaaaahdz,82.267,71.218,88.089,11.049,5.822,45.591,51.798,47.616,6.207,2.026
mp-aaaaahea,43.913,63.129,47.928,19.216,4.015,19.019,8.819,23.778,10.200,4.759
mp-aaaaahee,55.657,51.138,61.987,4.519,6.330,28.594,28.517,20.980,0.077,7.615
mp-aaaaaheg,85.000,38.561,94.064,46.439,9.064,45.270,30.008,42.345,15.262,2.925
mp-aaaaahek,113.000,121.976,108.816,8.976,4.184,31.003,30.015,21.259,0.988,9.744
mp-aaaaaheq,85.354,81.167,93.546,4.187,8.192,31.773,39.313,39.497,7.540,7.724
mp-aaaaahes,65.780,81.411,67.376,15.631,1.596,40.935,33.466,40.580,7.469,0.355
mp-aaaaaheu,85.888,91.250,89.177,5.362,3.290,53.615,45.932,57.813,7.683,4.198
mp-aaaaahez,56.858,55.715,69.235,1.143,12.378,20.418,31.522,35.614,11.104,15.197
mp-aaaaahfc,40.605,33.175,35.301,7.430,5.303,28.685,21.459,17.841,7.226,10.844
mp-aaaaahfd,122.000,116.847,116.778,5.153,5.222,47.562,57.694,50.770,10.132,3.208
mp-aaaaahff,113.752,82.482,110.471,31.270,3.281,47.509,54.358,53.103,6.849,5.594
mp-aaaaahfn,142.414,155.630,153.502,13.216,11.087,65.339,55.115,64.287,10.224,1.053
mp-aaaaahfo,14.333,13.152,18.756,1.181,4.423,6.484,9.598,10.816,3.114,4.332
mp-aaaaahfq,103.067,77.827,102.509,25.240,0.559,68.902,53.172,72.972,15.730,4.070
mp-aaaaahft,123.048,125.240,143.352,2.192,20.303,71.022,75.631,85.565,4.609,14.543
mp-aaaaahfv,83.925,89.482,98.613,5.557,14.688,56.652,62.560,67.069,5.908,10.418
mp-aaaaahfz,103.465,108.103,109.742,4.638,6.277,41.855,49.236,56.729,7.381,14.874
mp-aaaaahga,87.152,52.635,89.885,34.517,2.733,51.786,40.384,53.504,11.402,1.718
mp-aaaaahgb,133.095,140.091,137.781,6.996,4.686,62.229,67.009,67.860,4.780,5.631
mp-aaaaahgf,137.744,167.780,144.615,30.036,6.871,80.819,96.635,94.152,15.816,13.333
mp-aaaaahgh,70.995,74.422,70.776,3.427,0.219,29.671,28.309,37.199,1.362,7.528
mp-aaaaahgi,140.142,127.108,142.069,13.034,1.927,35.082,46.822,62.022,11.740,26.940
mp-aaaaahgj,124.000,111.921,126.976,12.079,2.976,34.636,35.734,33.311,1.098,1.325
mp-aaaaahgl,39.983,53.780,40.867,13.797,0.884,17.066,16.470,13.649,0.596,3.417
mp-aaaaahgm,111.026,82.489,124.814,28.537,13.788,37.367,40.693,48.946,3.326,11.579
mp-aaaaahgn,62.358,56.360,60.659,5.998,1.699,10.238,23.453,27.854,13.215,17.616
mp-aaaaahgp,116.967,99.305,119.210,17.662,2.243,75.419,74.644,68.701,0.775,6.719
mp-aaaaahgq,130.367,152.589,129.680,22.222,0.687,79.434,83.503,82.832,4.069,3.398
mp-aaaaahgu,135.996,115.204,128.992,20.792,7.004,70.267,74.066,65.572,3.799,4.695
mp-aaaaahgv,96.116,122.453,97.602,26.337,1.486,58.357,68.691,51.594,10.334,6.763
mp-aaaaahgz,104.333,107.517,110.924,3.184,6.591,34.058,34.937,42.404,0.879,8.346
mp-aaaaahhg,123.397,130.903,127.065,7.506,3.668,64.770,57.250,61.548,7.520,3.222
mp-aaaaahhi,158.333,144.450,163.431,13.883,5.097,52.329,57.134,35.302,4.805,17.026
mp-aaaaahhk,95.814,77.150,93.940,18.664,1.874,53.298,47.547,56.879,5.751,3.581
mp-aaaaahhq,184.997,154.576,157.160,30.421,27.837,94.365,105.658,57.437,11.293,36.928
mp-aaaaahhu,177.789,133.819,154.237,43.970,23.553,185.060,94.892,99.446,90.168,85.615
mp-aaaaahhw,122.841,124.141,137.936,1.300,15.095,31.027,37.164,48.841,6.137,17.814
mp-aaaaahhz,148.354,136.296,137.679,12.058,10.675,82.790,78.929,88.590,3.861,5.800
mp-aaaaahik,48.667,-12.678,38.622,61.345,10.045,25.291,21.641,19.519,3.650,5.772
mp-aaaaahin,52.292,71.470,53.448,19.178,1.156,27.564,31.271,25.152,3.707,2.412
mp-aaaaahio,120.428,106.496,125.809,13.932,5.381,54.541,51.552,46.249,2.989,8.292
mp-aaaaahip,195.333,182.734,200.986,12.599,5.653,101.043,110.503,78.456,9.460,22.587
mp-aaaaahiv,42.108,47.830,37.447,5.722,4.661,23.434,23.974,17.973,0.540,5.461
mp-aaaaahiw,114.080,96.536,108.161,17.544,5.919,76.881,89.688,62.811,12.807,14.070
mp-aaaaahiy,96.667,119.314,97.941,22.647,1.275,47.190,34.300,44.198,12.890,2.992
mp-aaaaahjd,125.872,109.942,120.086,15.930,5.786,61.955,72.163,51.847,10.208,10.109
mp-aaaaahjg,89.667,70.135,94.090,19.532,4.424,42.400,38.300,35.343,4.100,7.057
mp-aaaaahjh,84.437,88.010,90.531,3.573,6.094,46.327,34.333,38.465,11.994,7.862
mp-aaaaahjm,156.755,181.655,155.648,24.900,1.107,119.102,105.119,105.316,13.983,13.786
mp-aaaaahjn,82.090,63.533,88.685,18.557,6.595,35.503,42.957,44.407,7.454,8.904
mp-aaaaahjq,176.000,162.819,183.439,13.181,7.439,78.300,81.284,83.444,2.984,5.144
mp-aaaaahjt,128.795,115.211,131.579,13.584,2.783,75.433,79.491,64.783,4.058,10.649
mp-aaaaahjw,8.880,30.416,15.172,21.536,6.292,5.388,6.265,7.106,0.877,1.718
mp-aaaaahjx,129.928,139.800,136.047,9.872,6.119,61.658,53.705,48.653,7.953,13.006
mp-aaaaahjy,169.333,146.802,174.750,22.531,5.417,39.289,21.410,36.909,17.879,2.380
mp-aaaaahjz,166.667,133.126,164.633,33.541,2.033,91.986,76.165,92.106,15.821,0.120
mp-aaaaahka,208.005,195.344,207.279,12.661,0.726,136.874,132.004,144.775,4.870,7.902
mp-aaaaahkf,118.544,86.726,114.782,31.818,3.762,77.888,63.932,74.104,13.956,3.784
mp-aaaaahkg,128.432,120.346,120.758,8.086,7.674,47.153,39.299,76.308,7.854,29.154
mp-aaaaahkh,110.910,115.747,123.522,4.837,12.612,67.460,59.723,64.663,7.737,2.797
mp-aaaaahki,29.079,63.265,38.404,34.186,9.325,15.165,13.950,21.745,1.215,6.580
mp-aaaaahku,76.819,86.483,83.906,9.664,7.087,51.277,49.989,50.301,1.288,0.975
mp-aaaaahkw,43.807,91.579,48.514,47.772,4.706,16.322,18.556,20.004,2.234,3.682
mp-aaaaahkx,129.811,134.817,137.643,5.006,7.832,43.324,54.048,46.252,10.724,2.928
mp-aaaaahlb,203.377,179.228,199.638,24.149,3.739,116.914,106.285,125.022,10.629,8.107
mp-aaaaahlc,94.295,128.171,99.935,33.876,5.641,40.784,57.029,55.422,16.245,14.638
mp-aaaaahle,156.878,187.354,160.589,30.476,3.711,77.473,85.330,80.024,7.857,2.551
mp-aaaaahlg,131.667,47.478,123.494,84.189,8.173,51.600,50.567,48.103,1.033,3.497
mp-aaaaahlh,165.331,149.186,171.565,16.145,6.233,114.131,91.132,118.457,22.999,4.326
mp-aaaaahlu,12.671,27.260,15.584,14.589,2.913,6.246,16.103,7.550,9.857,1.304
mp-aaaaahly,86.296,84.514,80.110,1.782,6.186,49.353,48.487,41.427,0.866,7.926
mp-aaaaahmc,37.831,66.659,34.154,28.828,3.677,34.318,37.195,32.915,2.877,1.403
mp-aaaaahme,26.158,28.326,26.960,2.168,0.802,13.538,9.168,12.078,4.370,1.461
mp-aaaaahml,30.252,36.478,27.342,6.226,2.910,14.034,14.407,11.218,0.373,2.816
mp-aaaaahmm,57.535,41.443,50.264,16.092,7.271,26.176,31.391,22.835,5.215,3.341
mp-aaaaahmo,48.962,78.651,69.957,29.689,20.995,14.066,21.648,6.763,7.582,7.303
mp-aaaaahmt,109.833,112.149,114.620,2.316,4.787,68.971,56.680,64.476,12.291,4.495
mp-aaaaahmv,172.157,160.455,182.626,11.702,10.469,119.494,124.120,123.450,4.626,3.956
mp-aaaaahmy,79.938,76.143,77.088,3.795,2.850,39.130,37.463,33.622,1.667,5.508
mp-aaaaahnc,23.693,45.882,31.620,22.189,7.927,12.065,16.052,17.795,3.987,5.729
mp-aaaaahnd,18.301,42.277,26.996,23.976,8.695,8.886,14.827,11.841,5.941,2.955
mp-aaaaahnf,177.122,177.086,189.702,0.036,12.580,121.189,95.216,119.862,25.973,1.327
mp-aaaaahng,143.131,77.832,151.088,65.299,7.957,87.553,78.556,75.770,8.997,11.783
mp-aaaaahnh,29.000,21.129,26.738,7.871,2.262,22.714,17.816,17.246,4.898,5.468
mp-aaaaahni,61.503,58.566,63.519,2.937,2.016,22.441,35.754,25.706,13.313,3.265
mp-aaaaahnu,57.135,39.026,69.940,18.109,12.804,41.074,35.297,41.506,5.777,0.432
mp-aaaaahoi,69.676,72.741,58.604,3.065,11.072,23.552,35.025,30.995,11.473,7.443
mp-aaaaahok,175.941,138.138,186.516,37.803,10.575,95.312,85.113,110.214,10.199,14.902
mp-aaaaahon,102.169,109.337,115.219,7.168,13.049,47.362,53.554,51.490,6.192,4.128
mp-aaaaahoq,120.778,113.413,122.626,7.365,1.848,82.206,83.124,83.130,0.918,0.925
mp-aaaaahpa,28.142,47.557,29.340,19.415,1.198,15.634,22.535,17.345,6.901,1.711
mp-aaaaahpc,138.000,112.786,138.416,25.214,0.416,19.064,42.298,31.261,23.234,12.198
mp-aaaaahpe,71.160,88.610,70.795,17.450,0.365,32.803,47.893,37.218,15.090,4.415
mp-aaaaahpf,69.657,85.331,90.923,15.674,21.265,32.481,37.060,42.101,4.579,9.620
mp-aaaaahph,133.123,123.359,135.648,9.764,2.525,93.960,95.228,95.421,1.268,1.461
mp-aaaaahpk,133.808,83.368,144.882,50.440,11.074,59.623,69.872,64.098,10.249,4.475
mp-aaaaahpn,155.520,166.134,152.353,10.614,3.168,107.706,108.287,106.015,0.581,1.691
mp-aaaaahpp,113.885,79.838,124.093,34.047,10.208,67.765,49.445,63.586,18.320,4.179
mp-aaaaahpt,37.565,34.845,36.978,2.720,0.587,21.942,24.238,16.521,2.296,5.421
mp-aaaaahpy,167.667,192.307,184.763,24.640,17.097,56.558,56.493,50.824,0.065,5.734
mp-aaaaahqb,195.000,172.644,196.262,22.356,1.262,94.181,93.813,79.599,0.368,14.582
mp-aaaaahqc,128.779,117.503,125.232,11.276,3.547,66.445,70.137,57.257,3.692,9.188
mp-aaaaahqd,33.308,36.762,44.789,3.454,11.481,17.272,19.299,13.088,2.027,4.184
mp-aaaaahqe,99.318,108.595,113.304,9.277,13.985,44.877,47.202,45.834,2.325,0.958
mp-aaaaahqg,167.108,139.786,180.330,27.322,13.222,98.542,76.625,104.704,21.917,6.162
mp-aaaaahqj,102.022,110.595,110.751,8.573,8.729,78.529,90.334,69.301,11.805,9.228
mp-aaaaahqk,17.273,52.409,20.972,35.136,3.699,8.431,15.103,8.392,6.672,0.040
mp-aaaaahql,83.333,83.468,88.209,0.135,4.875,20.177,28.437,25.148,8.260,4.971
mp-aaaaahqp,173.558,150.700,179.329,22.858,5.771,58.539,58.927,64.662,0.388,6.123
mp-aaaaahqr,168.390,229.926,160.262,61.536,8.128,88.698,81.438,85.446,7.260,3.251
mp-aaaaahqs,88.239,58.772,86.705,29.467,1.534,27.027,31.051,35.261,4.024,8.235
mp-aaaaahqt,102.100,105.039,113.200,2.939,11.100,47.365,48.865,54.202,1.500,6.837
mp-aaaaahqw,119.838,108.094,110.186,11.744,9.652,62.719,63.960,46.925,1.241,15.794
mp-aaaaahqz,111.814,98.231,111.624,13.583,0.190,46.780,41.648,48.367,5.132,1.587
mp-aaaaahrb,91.374,80.100,88.302,11.274,3.073,51.374,53.275,50.785,1.901,0.589
mp-aaaaahrc,126.860,117.994,137.513,8.866,10.653,73.256,75.445,75.562,2.189,2.306
mp-aaaaahrm,94.180,111.076,102.328,16.896,8.147,38.622,49.535,45.568,10.913,6.946
mp-aaaaahrq,53.219,77.949,50.676,24.730,2.542,29.878,28.934,22.668,0.944,7.210
mp-aaaaahrt,69.514,41.007,63.615,28.507,5.899,36.087,20.162,32.172,15.925,3.915
mp-aaaaahrx,249.842,390.045,252.906,140.203,3.064,122.236,108.159,126.651,14.077,4.415
mp-aaaaahsa,170.333,152.874,173.225,17.459,2.892,73.107,86.127,70.337,13.020,2.770
mp-aaaaahsn,57.000,77.581,56.146,20.581,0.854,29.497,15.496,24.570,14.001,4.927
mp-aaaaahsp,100.369,103.805,101.891,3.436,1.522,47.515,36.641,53.007,10.874,5.492
mp-aaaaahst,174.041,231.927,178.611,57.886,4.570,88.082,92.499,92.645,4.417,4.563
mp-aaaaahsv,172.000,152.934,178.465,19.066,6.465,89.987,89.764,80.503,0.223,9.484
mp-aaaaahsw,67.667,49.031,63.966,18.636,3.701,43.249,41.990,34.987,1.259,8.262
mp-aaaaahsx,184.615,189.858,199.225,5.243,14.610,109.100,95.961,122.588,13.139,13.489
mp-aaaaahtd,171.000,132.414,177.918,38.586,6.918,108.599,91.908,112.373,16.691,3.775
mp-aaaaahtm,71.598,64.577,80.487,7.021,8.888,35.840,41.060,41.445,5.220,5.606
mp-aaaaahtn,82.490,146.786,75.013,64.296,7.477,48.931,54.843,35.036,5.912,13.895
mp-aaaaahts,114.536,102.830,107.399,11.706,7.138,70.134,60.242,62.108,9.892,8.025
mp-aaaaahtt,40.667,132.598,35.116,91.931,5.550,4.573,5.521,-6.430,0.948,11.003
mp-aaaaahtu,103.968,107.268,137.447,3.300,33.479,50.525,68.382,79.829,17.857,29.303
mp-aaaaahtz,66.396,62.535,70.600,3.861,4.204,34.094,38.262,42.028,4.168,7.933
mp-aaaaahuh,45.579,56.304,49.114,10.725,3.534,28.793,36.060,26.256,7.267,2.537
mp-aaaaahui,135.547,183.080,142.581,47.533,7.035,57.435,57.965,61.424,0.530,3.989
mp-aaaaahuq,99.131,121.370,100.230,22.239,1.099,47.262,61.890,66.850,14.628,19.588
mp-aaaaahuw,150.978,135.894,161.453,15.084,10.475,62.705,59.557,72.754,3.148,10.049
mp-aaaaahve,34.087,81.596,60.914,47.509,26.827,11.604,11.634,16.481,0.030,4.877
mp-aaaaahvg,149.330,112.066,149.918,37.264,0.589,91.038,85.029,33.321,6.009,57.716
mp-aaaaahvh,60.370,63.861,63.228,3.491,2.858,25.183,22.668,32.631,2.515,7.448
mp-aaaaahvk,147.105,133.935,139.457,13.170,7.647,82.236,84.948,80.528,2.712,1.708
mp-aaaaahvo,115.388,93.295,110.985,22.093,4.403,57.505,60.796,57.847,3.291,0.343
mp-aaaaahvy,184.000,149.632,178.805,34.368,5.195,95.931,76.482,103.870,19.449,7.940
mp-aaaaahwa,194.667,187.700,202.560,6.967,7.894,130.050,74.665,133.138,55.385,3.088
mp-aaaaahwb,65.974,73.521,64.471,7.547,1.503,30.357,35.469,25.840,5.112,4.516
mp-aaaaahwf,22.034,46.356,29.305,24.322,7.271,10.368,6.767,15.393,3.601,5.025
mp-aaaaahwj,205.970,190.059,210.307,15.911,4.337,125.493,122.104,131.355,3.389,5.861
mp-aaaaahwo,116.667,106.498,103.997,10.169,12.670,56.799,48.263,48.614,8.536,8.185
mp-aaaaahwt,192.000,183.678,202.492,8.322,10.492,48.524,75.832,124.851,27.308,76.327
mp-aaaaahww,111.038,118.989,116.201,7.951,5.162,83.955,84.661,75.403,0.706,8.552
mp-aaaaahwx,46.667,68.807,67.435,22.140,20.769,30.717,39.245,37.592,8.528,6.875
mp-aaaaahxj,14.764,21.714,19.403,6.950,4.639,7.796,-0.546,9.076,8.342,1.280
mp-aaaaahxm,59.213,52.891,114.487,6.322,55.274,22.408,25.907,3.528,3.499,18.880
mp-aaaaahxq,121.067,105.380,119.491,15.687,1.575,74.764,73.282,68.658,1.482,6.105
mp-aaaaahxr,58.125,55.910,69.589,2.215,11.464,13.438,34.249,36.240,20.811,22.801
mp-aaaaahxs,104.424,92.248,107.559,12.176,3.135,57.990,63.084,57.567,5.094,0.423
mp-aaaaahxu,41.766,20.603,50.716,21.163,8.951,29.233,30.380,33.702,1.147,4.469
mp-aaaaahxx,213.534,190.670,210.006,22.864,3.529,125.772,123.660,129.790,2.112,4.018
mp-aaaaahyi,80.919,103.357,102.144,22.438,21.224,29.625,44.290,49.315,14.665,19.690
mp-aaaaahyn,214.604,215.700,211.701,1.096,2.904,169.297,114.834,93.813,54.463,75.484
mp-aaaaahyo,143.061,155.435,150.582,12.374,7.521,58.203,55.177,78.203,3.026,19.999
mp-aaaaahyq,19.265,31.570,21.565,12.305,2.300,7.687,21.001,11.622,13.314,3.936
mp-aaaaahyr,186.000,136.926,191.720,49.074,5.720,98.735,72.722,104.147,26.013,5.412
mp-aaaaahyv,137.564,159.556,158.463,21.992,20.899,66.614,55.427,62.943,11.187,3.671
mp-aaaaahyy,61.869,45.154,48.715,16.715,13.155,43.792,40.049,31.704,3.743,12.088
mp-aaaaahyz,153.423,158.416,150.858,4.993,2.564,86.090,74.425,82.463,11.665,3.627
mp-aaaaahza,159.667,141.920,142.562,17.747,17.105,81.964,79.723,72.754,2.241,9.210
mp-aaaaahzb,145.602,106.322,167.453,39.280,21.850,86.392,73.014,95.935,13.378,9.543
mp-aaaaahze,157.333,153.832,160.129,3.501,2.796,88.323,89.708,86.044,1.385,2.279
mp-aaaaahzf,133.392,138.736,139.348,5.344,5.956,55.285,52.390,58.242,2.895,2.958
mp-aaaaahzg,43.329,69.215,50.653,25.886,7.325,12.384,37.264,24.645,24.880,12.261
mp-aaaaahzj,156.058,111.170,140.594,44.888,15.464,102.687,87.406,78.655,15.281,24.032
mp-aaaaahzk,111.460,106.487,90.723,4.973,20.737,65.834,77.140,55.588,11.306,10.246
mp-aaaaahzm,90.131,84.316,87.279,5.815,2.852,42.546,29.900,39.563,12.646,2.983
mp-aaaaahzo,174.333,141.100,162.201,33.233,12.132,76.109,75.940,54.089,0.169,22.021
mp-aaaaahzr,145.633,115.808,141.587,29.825,4.046,83.282,70.833,82.051,12.449,1.231
mp-aaaaahzs,134.381,127.938,139.002,6.443,4.621,46.039,70.417,45.847,24.378,0.192
mp-aaaaahzz,179.667,161.242,177.379,18.425,2.288,98.685,105.888,81.137,7.203,17.548
mp-aaaaaiab,132.949,100.049,124.165,32.900,8.784,25.924,51.132,55.417,25.208,29.494
mp-aaaaaiac,197.323,175.508,198.254,21.815,0.931,111.362,103.599,124.537,7.763,13.175
mp-aaaaaiag,23.393,34.670,26.438,11.277,3.045,15.077,17.088,12.550,2.011,2.527
mp-aaaaaial,121.667,124.879,127.864,3.212,6.198,40.988,34.004,33.337,6.984,7.652
mp-aaaaaiap,114.683,82.036,108.069,32.647,6.614,72.235,67.491,44.140,4.744,28.095
mp-aaaaaiat,117.025,92.938,132.651,24.087,15.626,61.395,60.776,65.973,0.619,4.578
mp-aaaaaiav,170.133,212.449,170.550,42.316,0.417,89.119,88.124,92.048,0.995,2.929
mp-aaaaaiax,43.008,46.624,44.682,3.616,1.674,20.303,13.734,24.440,6.569,4.137
mp-aaaaaibc,200.000,177.645,207.269,22.355,7.269,86.807,100.770,62.762,13.963,24.046
mp-aaaaaibe,186.667,177.361,195.801,9.306,9.135,89.656,98.915,91.869,9.259,2.213
mp-aaaaaibj,161.248,173.048,157.833,11.800,3.415,81.679,107.024,100.489,25.345,18.809
mp-aaaaaibm,73.911,75.635,70.913,1.724,2.998,21.139,32.571,27.315,11.432,6.176
mp-aaaaaibr,134.296,130.079,120.258,4.217,14.039,48.190,50.189,62.276,1.999,14.086
mp-aaaaaibs,113.385,91.992,113.638,21.393,0.254,75.123,69.690,68.282,5.433,6.841
mp-aaaaaibw,96.613,75.188,87.182,21.425,9.430,53.920,54.860,49.199,0.940,4.721
mp-aaaaaibz,71.434,63.350,66.361,8.084,5.073,34.433,22.475,35.288,11.958,0.855
mp-aaaaaicb,29.048,57.993,31.967,28.945,2.919,13.970,19.981,12.956,6.011,1.014
mp-aaaaaicn,50.619,47.086,50.967,3.533,0.347,40.820,30.309,32.714,10.511,8.106
mp-aaaaaicp,136.685,217.166,140.787,80.481,4.102,89.317,83.995,96.347,5.322,7.029
mp-aaaaaics,139.333,111.464,147.841,27.869,8.508,38.484,20.220,47.682,18.264,9.197
mp-aaaaaict,55.538,45.779,67.255,9.759,11.716,28.661,34.701,33.405,6.040,4.745
mp-aaaaaida,97.533,77.571,90.566,19.962,6.967,54.956,57.989,56.704,3.033,1.748
mp-aaaaaidd,138.700,190.899,169.514,52.199,30.814,58.217,75.261,78.880,17.044,20.662
mp-aaaaaidf,121.333,111.081,113.010,10.252,8.323,14.815,4.447,10.807,10.368,4.008
mp-aaaaaidg,80.285,69.077,96.786,11.208,16.501,42.923,51.108,52.417,8.185,9.494
mp-aaaaaidh,106.372,100.283,106.884,6.089,0.512,68.355,57.866,49.408,10.489,18.947
mp-aaaaaidj,83.977,105.677,80.642,21.700,3.335,16.517,22.775,9.631,6.258,6.886
mp-aaaaaidl,134.583,122.776,134.210,11.807,0.373,69.736,76.916,69.457,7.180,0.279
mp-aaaaaidm,63.192,71.971,67.325,8.779,4.133,34.542,33.931,32.177,0.611,2.365
mp-aaaaaidp,58.496,99.257,48.066,40.761,10.430,23.233,26.900,12.305,3.667,10.928
mp-aaaaaidr,154.762,181.286,167.912,26.524,13.150,73.151,57.708,82.688,15.443,9.537
mp-aaaaaids,51.879,58.179,58.579,6.300,6.700,22.004,13.004,15.871,9.000,6.133
mp-aaaaaidt,85.841,104.341,93.621,18.500,7.780,52.286,39.109,71.800,13.177,19.514
mp-aaaaaidw,141.237,140.652,144.339,0.585,3.103,63.512,55.247,57.936,8.265,5.576
mp-aaaaaieb,20.667,34.339,14.463,13.672,6.203,6.644,-0.380,4.584,7.024,2.060
mp-aaaaaieg,49.324,46.588,49.901,2.736,0.577,18.416,19.751,13.696,1.335,4.720
mp-aaaaaieh,93.412,97.722,104.344,4.310,10.932,45.188,39.967,50.996,5.221,5.808
mp-aaaaaien,65.903,52.347,73.990,13.556,8.086,40.081,38.703,43.653,1.378,3.572
mp-aaaaaieo,117.606,114.085,116.999,3.521,0.607,76.319,81.691,72.806,5.372,3.513
mp-aaaaaieq,61.329,88.561,88.908,27.232,27.579,28.362,36.426,41.211,8.064,12.849
mp-aaaaaier,237.333,207.215,211.687,30.118,25.647,23.543,96.733,70.178,73.190,46.635
mp-aaaaaieu,127.221,105.350,116.902,21.871,10.319,75.705,71.500,66.212,4.205,9.493
mp-aaaaaifa,107.333,94.319,111.139,13.014,3.806,14.281,27.307,26.065,13.026,11.784
mp-aaaaaifc,146.820,130.164,143.538,16.656,3.282,119.034,74.964,116.074,44.070,2.960
mp-aaaaaifd,156.365,141.454,155.513,14.911,0.852,62.622,83.800,55.154,21.178,7.468
mp-aaaaaifk,155.667,149.208,173.937,6.459,18.270,84.207,59.134,93.788,25.073,9.582
mp-aaaaaifl,65.667,83.458,69.340,17.791,3.674,28.050,21.553,22.457,6.497,5.593
mp-aaaaaifs,162.391,168.509,178.607,6.118,16.216,84.336,89.842,85.910,5.506,1.574
mp-aaaaaifu,21.642,84.848,20.456,63.206,1.186,10.380,2.062,11.232,8.318,0.852
mp-aaaaaiga,80.979,82.049,81.219,1.070,0.240,43.041,38.725,39.304,4.316,3.738
mp-aaaaaigc,69.000,55.964,77.095,13.036,8.095,29.975,29.286,32.249,0.689,2.274
mp-aaaaaign,129.879,130.344,125.821,0.465,4.058,64.851,60.877,56.439,3.974,8.412
mp-aaaaaigo,228.060,232.597,224.252,4.537,3.808,106.004,117.367,104.852,11.363,1.152
mp-aaaaaigz,77.444,88.132,80.570,10.688,3.126,47.518,52.062,35.222,4.544,12.297
mp-aaaaaiha,59.981,57.642,68.918,2.339,8.937,48.464,28.182,45.244,20.282,3.220
mp-aaaaaihb,187.354,129.812,144.568,57.542,42.786,19.416,53.276,16.308,33.860,3.108
mp-aaaaaihe,160.016,109.008,153.814,51.008,6.202,72.524,74.343,71.855,1.819,0.670
mp-aaaaaihh,93.592,108.191,118.565,14.599,24.973,79.490,78.114,87.344,1.376,7.854
mp-aaaaaihm,67.333,65.868,72.737,1.465,5.404,24.359,20.365,24.419,3.994,0.059
mp-aaaaaihp,90.132,93.483,93.467,3.351,3.336,51.463,50.555,51.337,0.908,0.127
mp-aaaaaihq,57.070,55.258,57.555,1.812,0.485,24.040,35.873,25.057,11.833,1.017
mp-aaaaaihv,90.369,88.488,82.099,1.881,8.270,40.656,55.133,49.833,14.477,9.177
mp-aaaaaihz,60.769,50.660,56.781,10.109,3.988,36.442,31.530,25.053,4.912,11.390
mp-aaaaaiic,103.926,84.030,122.662,19.896,18.736,48.294,49.599,55.057,1.305,6.763
mp-aaaaaiie,226.097,244.602,227.055,18.505,0.959,106.013,123.385,109.723,17.372,3.709
mp-aaaaaiif,44.000,105.058,37.968,61.058,6.032,25.071,34.646,24.850,9.575,0.221
mp-aaaaaiig,122.869,131.392,137.639,8.523,14.770,87.816,82.934,97.046,4.882,9.230
mp-aaaaaiij,48.426,72.638,68.973,24.212,20.547,11.269,22.531,13.871,11.262,2.602
mp-aaaaaiil,113.926,106.150,120.620,7.776,6.694,77.697,80.950,80.801,3.253,3.104
mp-aaaaaiiq,127.255,90.822,142.511,36.433,15.256,54.380,35.182,56.699,19.198,2.319
mp-aaaaaiis,121.804,108.670,134.608,13.134,12.804,21.176,46.193,68.940,25.017,47.764
mp-aaaaaiiv,92.155,79.156,96.702,12.999,4.546,49.988,46.186,58.037,3.802,8.049
mp-aaaaaiix,173.000,112.219,170.727,60.781,2.273,116.460,100.873,114.670,15.587,1.790
mp-aaaaaijk,140.490,91.807,149.273,48.683,8.783,59.827,50.022,57.581,9.805,2.245
mp-aaaaaijr,183.555,185.947,177.468,2.392,6.087,133.647,130.584,130.766,3.063,2.881
mp-aaaaaiju,152.109,178.465,166.335,26.356,14.226,78.577,61.229,86.259,17.348,7.681
mp-aaaaaijv,111.333,74.234,101.433,37.099,9.901,52.158,42.908,50.313,9.250,1.845
mp-aaaaaikd,88.125,92.998,99.540,4.873,11.415,45.851,68.184,52.174,22.333,6.323
mp-aaaaaiki,110.667,109.835,115.539,0.832,4.873,29.222,18.832,27.228,10.390,1.994
mp-aaaaaiku,132.522,133.983,137.138,1.461,4.616,79.002,77.847,86.314,1.155,7.312
mp-aaaaaikw,162.643,128.000,175.583,34.643,12.941,81.114,81.378,82.253,0.264,1.139
mp-aaaaaiky,185.587,169.440,193.040,16.147,7.454,68.330,56.988,82.453,11.342,14.123
mp-aaaaaikz,60.391,52.411,59.103,7.980,1.288,35.019,24.878,34.212,10.141,0.807
mp-aaaaailf,43.701,54.409,44.152,10.708,0.451,18.836,22.232,21.260,3.396,2.424
mp-aaaaaili,68.888,82.585,75.069,13.697,6.181,25.919,32.378,23.589,6.459,2.330
mp-aaaaailm,17.216,18.785,25.885,1.569,8.669,11.349,10.930,11.565,0.419,0.216
mp-aaaaailq,41.333,78.282,45.085,36.949,3.752,10.700,13.844,11.422,3.144,0.722
mp-aaaaailu,211.598,175.053,213.772,36.545,2.173,126.612,124.682,137.378,1.930,10.766
mp-aaaaaima,159.286,186.931,159.925,27.645,0.639,78.648,85.218,80.192,6.570,1.544
mp-aaaaaimd,130.939,105.328,138.446,25.611,7.507,73.249,56.340,68.557,16.909,4.691
mp-aaaaaime,26.855,45.587,42.080,18.732,15.226,29.509,41.523,31.803,12.014,2.294
mp-aaaaaimj,71.088,69.707,69.286,1.381,1.803,41.710,41.668,40.548,0.042,1.162
mp-aaaaaimk,48.026,72.564,49.032,24.538,1.006,18.559,25.148,17.652,6.589,0.906
mp-aaaaaimn,92.364,64.054,88.689,28.310,3.675,47.020,49.119,50.064,2.099,3.044
mp-aaaaaimt,133.502,146.420,141.590,12.918,8.088,79.855,58.930,84.256,20.925,4.401
mp-aaaaaimz,40.764,177.086,25.995,136.322,14.770,26.689,39.154,9.652,12.465,17.037
mp-aaaaainc,160.333,137.486,163.202,22.847,2.869,37.700,37.441,60.575,0.259,22.875
mp-aaaaaind,51.997,46.433,66.342,5.564,14.345,33.186,37.905,41.115,4.719,7.929
mp-aaaaaing,175.872,201.646,174.532,25.774,1.341,105.002,88.410,103.876,16.592,1.126
mp-aaaaaink,62.772,77.673,62.146,14.901,0.626,27.823,23.244,28.664,4.579,0.841
mp-aaaaainl,205.514,225.333,214.073,19.819,8.559,99.623,110.745,94.173,11.122,5.450
mp-aaaaaino,98.082,78.660,94.166,19.422,3.916,48.974,34.791,46.564,14.183,2.410
mp-aaaaainu,51.332,73.954,73.067,22.622,21.736,11.838,33.931,35.308,22.093,23.469
mp-aaaaainv,132.807,92.884,153.189,39.923,20.382,62.595,62.524,76.377,0.071,13.782
mp-aaaaaiob,115.920,120.236,109.944,4.316,5.976,37.384,62.740,47.839,25.356,10.454
mp-aaaaaiof,97.754,129.183,153.880,31.429,56.127,50.855,58.301,82.030,7.446,31.175
mp-aaaaaiog,221.000,206.749,194.152,14.251,26.848,137.978,126.141,94.628,11.837,43.350
mp-aaaaaiok,62.611,56.624,63.364,5.987,0.753,21.596,26.487,18.739,4.891,2.857
mp-aaaaaiom,53.840,54.680,62.742,0.840,8.903,28.283,27.501,31.397,0.782,3.114
mp-aaaaaiop,86.378,84.618,109.139,1.760,22.761,41.614,49.788,59.751,8.174,18.136
mp-aaaaaioq,83.631,62.004,101.538,21.627,17.907,53.920,53.936,53.222,0.016,0.698
mp-aaaaaiow,168.333,111.572,167.900,56.761,0.433,76.483,65.607,77.157,10.876,0.674
mp-aaaaaiox,101.715,100.645,95.828,1.070,5.887,74.163,69.878,62.818,4.285,11.345
mp-aaaaaipa,159.042,149.718,158.366,9.324,0.675,104.299,103.902,91.041,0.397,13.258
mp-aaaaaipp,219.419,219.371,189.260,0.048,30.159,74.833,74.024,64.591,0.809,10.242
mp-aaaaaipv,116.422,102.746,104.598,13.676,11.824,45.281,45.197,44.046,0.084,1.235
mp-aaaaaipw,140.956,125.413,140.711,15.543,0.245,95.253,93.278,89.178,1.975,6.075
mp-aaaaaipx,83.015,100.172,78.927,17.157,4.088,36.663,29.362,38.183,7.301,1.519
mp-aaaaaiqd,176.667,136.188,166.766,40.479,9.901,103.617,71.217,79.556,32.400,24.060
mp-aaaaaiql,135.717,128.525,135.326,7.192,0.391,94.523,91.441,92.969,3.082,1.554
mp-aaaaaiqm,162.743,88.076,167.350,74.667,4.607,57.958,46.440,63.310,11.518,5.352
mp-aaaaaiqp,102.878,98.112,93.826,4.766,9.051,63.393,51.207,43.911,12.186,19.482
mp-aaaaaiqq,118.696,117.017,146.990,1.679,28.294,81.323,76.440,100.312,4.883,18.990
mp-aaaaaiqr,16.521,78.662,11.116,62.141,5.405,14.257,18.204,-3.983,3.947,18.240
mp-aaaaaiqy,80.263,78.993,76.752,1.270,3.511,38.924,40.674,35.638,1.750,3.286
mp-aaaaairc,146.544,180.363,152.927,33.819,6.383,87.603,90.629,94.313,3.026,6.710
mp-aaaaaird,158.239,154.118,163.816,4.121,5.577,121.447,113.340,135.673,8.107,14.225
mp-aaaaairj,57.934,54.671,56.997,3.263,0.938,22.563,39.970,24.749,17.407,2.186
mp-aaaaairm,92.247,68.869,92.987,23.378,0.740,39.494,35.126,37.425,4.368,2.069
mp-aaaaairq,76.333,65.881,77.253,10.452,0.920,30.225,25.224,14.793,5.001,15.432
mp-aaaaairt,112.451,89.606,107.968,22.845,4.483,60.974,62.474,50.840,1.500,10.135
mp-aaaaaisc,71.000,43.532,80.997,27.468,9.997,33.544,30.683,36.080,2.861,2.536
mp-aaaaaisf,118.462,102.874,111.621,15.588,6.841,79.912,85.592,69.612,5.680,10.300
mp-aaaaaisn,193.667,150.041,199.647,43.626,5.980,102.013,79.659,107.891,22.354,5.878
mp-aaaaaisr,216.333,125.694,225.114,90.639,8.781,150.113,136.606,148.994,13.507,1.119
mp-aaaaaisy,48.106,80.493,49.268,32.387,1.162,22.901,41.862,22.576,18.961,0.324
mp-aaaaaitg,80.242,69.136,90.615,11.106,10.374,42.427,39.467,60.189,2.960,17.761
mp-aaaaaiti,52.001,42.231,51.492,9.770,0.509,33.870,37.155,30.020,3.285,3.850
mp-aaaaaitn,21.730,53.966,19.711,32.236,2.020,8.429,26.787,10.784,18.358,2.355
mp-aaaaaito,106.916,112.834,111.158,5.918,4.243,58.225,70.740,54.872,12.515,3.353
mp-aaaaaitq,179.819,134.017,185.282,45.802,5.463,94.695,72.682,114.463,22.013,19.767
mp-aaaaaits,56.000,83.601,50.018,27.601,5.982,50.755,39.608,31.875,11.147,18.880
mp-aaaaaitt,192.333,162.390,200.161,29.943,7.827,54.015,60.999,70.461,6.984,16.446
mp-aaaaaitw,191.240,152.408,199.064,38.832,7.824,106.713,117.261,130.005,10.548,23.292
mp-aaaaaiua,38.606,36.192,42.038,2.414,3.431,22.450,22.717,18.707,0.267,3.743
mp-aaaaaiub,30.198,47.709,33.841,17.511,3.643,16.968,20.246,20.202,3.278,3.234
mp-aaaaaiuf,139.434,124.858,136.221,14.576,3.213,74.003,65.188,67.424,8.815,6.579
mp-aaaaaiug,99.072,98.250,108.735,0.822,9.663,54.371,68.237,59.956,13.866,5.585
mp-aaaaaiuk,96.448,97.919,99.621,1.471,3.173,44.882,59.173,42.018,14.291,2.864
mp-aaaaaiuq,77.333,84.445,81.131,7.112,3.798,12.613,8.357,12.714,4.256,0.101
mp-aaaaaiuu,132.986,115.941,133.038,17.045,0.052,75.218,69.807,76.183,5.411,0.965
mp-aaaaaivi,33.333,34.329,37.626,0.996,4.293,20.364,20.733,18.890,0.369,1.473
mp-aaaaaivn,141.333,135.235,119.767,6.098,21.566,74.564,75.660,57.028,1.096,17.536
mp-aaaaaivr,159.071,151.996,158.663,7.075,0.408,52.321,24.956,57.271,27.365,4.950
mp-aaaaaivw,120.072,133.838,136.117,13.766,16.045,94.124,95.794,94.702,1.670,0.578
mp-aaaaaivx,159.000,138.044,159.181,20.956,0.181,86.399,66.045,86.108,20.354,0.291
mp-aaaaaiwc,113.407,106.147,109.661,7.260,3.747,49.624,41.982,53.181,7.642,3.558
mp-aaaaaiwd,131.777,116.021,136.549,15.756,4.772,68.474,75.647,71.459,7.173,2.985
mp-aaaaaiwe,229.198,280.586,204.265,51.388,24.934,99.941,103.627,89.182,3.686,10.759
mp-aaaaaiwg,106.839,133.078,153.876,26.239,47.036,49.784,62.560,70.939,12.776,21.155
mp-aaaaaiwk,30.409,84.632,25.894,54.223,4.515,16.964,33.085,11.679,16.121,5.285
mp-aaaaaiwt,130.361,108.862,129.053,21.499,1.308,58.445,59.322,63.260,0.877,4.815
mp-aaaaaixc,153.667,114.241,155.906,39.426,2.239,97.502,78.101,92.543,19.401,4.959
mp-aaaaaixy,170.253,100.201,123.246,70.052,47.007,72.922,60.722,62.105,12.200,10.817
mp-aaaaaiza,41.667,15.419,37.810,26.248,3.857,23.140,18.684,21.040,4.456,2.101
mp-aaaaaizh,147.667,85.535,156.178,62.132,8.511,88.466,63.046,88.381,25.420,0.085
mp-aaaaaizp,158.333,137.582,158.187,20.751,0.146,84.794,71.817,93.563,12.977,8.769
mp-aaaaaizq,34.751,7.934,29.343,26.817,5.408,22.340,12.629,13.215,9.711,9.125
mp-aaaaaizx,81.386,82.249,90.107,0.863,8.721,36.241,40.533,52.782,4.292,16.540
mp-aaaaajae,79.596,80.608,89.058,1.012,9.462,40.377,40.321,34.875,0.056,5.502
mp-aaaaajai,174.113,162.483,170.765,11.630,3.348,70.877,75.793,61.258,4.916,9.619
mp-aaaaajak,86.368,72.542,84.862,13.826,1.506,35.913,47.666,47.549,11.753,11.636
mp-aaaaajan,66.560,77.474,86.570,10.914,20.010,39.153,38.913,45.884,0.240,6.730
mp-aaaaajao,170.825,173.612,164.731,2.787,6.095,72.924,76.272,59.595,3.348,13.328
mp-aaaaajap,92.130,92.331,101.169,0.201,9.039,59.774,59.621,57.139,0.153,2.635
mp-aaaaajas,185.318,149.762,166.908,35.556,18.410,66.159,56.638,47.963,9.521,18.195
mp-aaaaajaz,115.582,104.201,130.674,11.381,15.092,68.528,66.671,74.707,1.857,6.179
mp-aaaaajbm,121.582,76.768,126.906,44.814,5.324,48.040,48.006,48.636,0.034,0.597
mp-aaaaajbr,84.668,79.894,79.485,4.774,5.183,31.672,43.882,43.462,12.210,11.790
mp-aaaaajby,66.327,47.388,59.302,18.939,7.026,37.239,35.096,30.307,2.143,6.932
mp-aaaaajco,93.208,76.518,96.735,16.690,3.527,50.818,42.882,50.098,7.936,0.720
mp-aaaaajcq,151.518,147.523,156.394,3.995,4.877,41.193,46.234,61.633,5.041,20.441
mp-aaaaajdf,124.458,86.416,131.370,38.042,6.912,48.659,39.452,62.201,9.207,13.543
mp-aaaaajdm,123.184,80.500,102.364,42.684,20.820,50.460,49.649,48.994,0.811,1.467
mp-aaaaajdq,41.667,19.835,41.052,21.832,0.615,-23.334,8.501,20.106,31.835,43.440
mp-aaaaajdr,36.001,42.080,33.116,6.079,2.885,20.838,23.248,16.645,2.410,4.193
mp-aaaaajeq,34.333,20.757,37.904,13.576,3.570,17.536,15.505,12.852,2.031,4.684
mp-aaaaajer,104.148,117.604,105.914,13.456,1.766,39.555,44.935,55.064,5.380,15.510
mp-aaaaajfj,174.770,170.306,170.675,4.464,4.095,70.609,76.980,59.258,6.371,11.351
mp-aaaaajfk,109.090,97.639,112.098,11.451,3.008,64.554,63.438,67.230,1.116,2.676
mp-aaaaajfo,82.747,70.884,93.300,11.863,10.553,43.009,33.523,39.539,9.486,3.470
mp-aaaaajgb,96.436,98.537,114.606,2.101,18.171,60.658,61.184,69.203,0.526,8.544
mp-aaaaajhe,85.000,106.096,93.143,21.096,8.143,43.413,44.501,37.189,1.088,6.224
mp-aaaaajim,143.997,90.949,152.458,53.048,8.461,47.110,66.711,86.230,19.601,39.120
mp-aaaaajjb,64.248,66.261,68.343,2.013,4.095,40.566,38.076,35.800,2.490,4.766
mp-aaaaajji,114.353,71.694,126.859,42.659,12.507,45.823,51.080,46.528,5.257,0.705
mp-aaaaajjk,52.305,57.904,55.859,5.599,3.554,29.783,23.623,23.793,6.160,5.990
mp-aaaaajjp,98.353,75.258,98.976,23.095,0.623,51.376,50.108,60.623,1.268,9.246
mp-aaaaajjw,132.504,115.810,144.993,16.694,12.489,77.145,76.854,77.512,0.291,0.367
mp-aaaaajkb,117.775,101.672,127.471,16.103,9.696,44.775,54.851,61.433,10.076,16.658
mp-aaaaajkj,167.525,151.570,178.968,15.955,11.443,102.491,105.204,120.388,2.713,17.897
mp-aaaaajks,138.416,103.842,127.479,34.574,10.937,61.361,47.261,75.640,14.100,14.279
mp-aaaaajlo,14.085,1.041,7.711,13.044,6.374,7.740,8.587,3.917,0.847,3.823
mp-aaaaajlv,77.644,75.598,92.114,2.046,14.470,34.522,38.550,46.952,4.028,12.430
mp-aaaaajmm,68.552,73.055,74.001,4.503,5.449,33.762,35.086,33.545,1.324,0.217
mp-aaaaajnu,63.823,72.471,85.844,8.648,22.021,44.414,51.461,49.820,7.047,5.406
mp-aaaaajol,89.606,81.834,98.562,7.772,8.957,42.326,39.572,50.749,2.754,8.423
mp-aaaaajou,115.432,93.946,113.065,21.486,2.367,61.855,44.142,52.115,17.713,9.740
mp-aaaaajoz,83.097,65.319,89.707,17.778,6.610,46.487,51.372,47.576,4.885,1.089
mp-aaaaajpa,127.333,91.864,139.768,35.469,12.435,78.232,68.611,79.717,9.621,1.485
mp-aaaaajps,130.000,80.710,133.412,49.290,3.412,78.442,69.160,80.994,9.282,2.552
mp-aaaaajpt,100.577,77.327,94.351,23.250,6.226,54.840,52.279,50.058,2.561,4.782
mp-aaaaajpu,46.582,52.794,55.384,6.212,8.802,22.007,25.901,29.382,3.894,7.375
mp-aaaaajpy,72.470,85.045,72.720,12.575,0.250,32.223,35.963,26.059,3.740,6.164
mp-aaaaajqe,74.333,72.346,87.567,1.987,13.233,30.678,37.015,35.454,6.337,4.776
mp-aaaaajql,15.349,42.656,19.818,27.307,4.469,8.384,3.867,8.930,4.517,0.546
mp-aaaaajqv,122.767,122.099,148.016,0.668,25.249,54.007,57.720,70.047,3.713,16.039
mp-aaaaajrr,10.434,41.971,20.523,31.537,10.089,1.726,13.608,7.493,11.882,5.767
mp-aaaaajsb,105.807,90.715,108.268,15.092,2.461,64.453,60.251,57.037,4.202,7.416
mp-aaaaajsi,17.656,8.242,15.540,9.414,2.116,8.161,9.936,7.194,1.775,0.967
mp-aaaaajsk,66.429,79.050,55.550,12.621,10.879,25.230,28.147,22.306,2.917,2.923
mp-aaaaajsm,86.705,63.364,85.888,23.341,0.816,43.552,48.917,46.747,5.365,3.194
mp-aaaaajti,45.667,32.978,50.980,12.689,5.314,27.348,23.209,25.553,4.139,1.795
mp-aaaaajtu,34.049,38.987,35.410,4.938,1.360,20.209,28.862,17.508,8.653,2.701
mp-aaaaajuc,169.994,147.049,165.984,22.945,4.010,102.120,92.610,112.094,9.510,9.975
mp-aaaaajuj,137.667,95.081,137.544,42.586,0.123,79.645,68.297,79.518,11.348,0.126
mp-aaaaajuu,127.383,119.957,125.685,7.426,1.698,80.215,65.096,82.679,15.119,2.464
mp-aaaaajuv,70.731,84.468,68.884,13.737,1.847,34.416,36.137,27.508,1.721,6.908
mp-aaaaajuy,27.887,35.267,26.865,7.380,1.022,12.964,7.064,12.154,5.900,0.809
mp-aaaaajvd,18.649,62.632,17.534,43.983,1.115,8.949,11.046,8.411,2.097,0.538
mp-aaaaajvq,157.727,172.168,168.425,14.441,10.698,64.587,74.134,64.179,9.547,0.409
mp-aaaaajvy,23.126,25.703,20.768,2.577,2.358,9.084,18.996,11.190,9.912,2.106
mp-aaaaajwf,108.687,99.705,114.439,8.982,5.752,57.871,61.877,51.808,4.006,6.063
mp-aaaaajwm,97.340,112.750,102.053,15.410,4.713,58.903,61.045,58.482,2.142,0.421
mp-aaaaajwn,75.633,52.195,75.738,23.438,0.105,40.314,43.964,42.178,3.650,1.864
mp-aaaaajwu,137.525,95.373,125.118,42.152,12.406,68.446,55.649,72.269,12.797,3.823
mp-aaaaajxe,39.333,0.314,37.729,39.019,1.604,20.348,22.014,21.612,1.666,1.264
mp-aaaaajxl,97.728,91.623,115.387,6.105,17.660,52.459,51.372,71.159,1.087,18.700
mp-aaaaajxy,79.377,83.303,75.907,3.926,3.470,46.915,38.797,41.447,8.118,5.468
mp-aaaaajyp,107.786,115.135,119.936,7.349,12.150,23.947,50.464,49.768,26.517,25.821
mp-aaaaajys,30.900,26.258,32.814,4.642,1.913,14.889,18.507,14.807,3.618,0.082
mp-aaaaajzl,110.387,99.277,116.291,11.110,5.903,60.866,61.544,62.290,0.678,1.424
mp-aaaaajzu,154.456,156.884,162.572,2.428,8.116,73.745,75.227,58.777,1.482,14.968
mp-aaaaakag,102.158,85.635,110.998,16.523,8.841,64.876,58.368,68.666,6.508,3.790
mp-aaaaakam,84.679,75.495,81.049,9.184,3.630,51.671,49.424,50.060,2.247,1.611
mp-aaaaakat,102.419,106.467,103.232,4.048,0.812,40.000,46.193,51.560,6.193,11.560
mp-aaaaakav,8.321,40.347,12.046,32.026,3.725,4.010,8.079,4.617,4.069,0.607
mp-aaaaakbi,186.216,191.157,181.327,4.941,4.889,59.239,65.585,62.618,6.346,3.379
mp-aaaaakca,55.393,53.995,55.280,1.398,0.113,26.852,27.631,29.505,0.779,2.653
mp-aaaaakck,189.962,90.305,104.933,99.657,85.029,17.008,55.308,55.814,38.300,38.806
mp-aaaaakcm,89.507,65.018,79.896,24.489,9.612,3.284,42.556,44.948,39.272,41.664
mp-aaaaakdj,73.138,89.945,73.310,16.807,0.172,31.888,46.699,29.730,14.811,2.157
mp-aaaaaked,51.877,42.649,44.726,9.228,7.150,29.456,21.253,21.091,8.203,8.365
mp-aaaaakeg,50.138,92.052,74.711,41.914,24.573,34.623,44.720,36.229,10.097,1.607
mp-aaaaakep,73.747,85.590,75.191,11.843,1.444,34.132,38.346,42.973,4.214,8.840
mp-aaaaakeu,25.667,96.105,20.667,70.438,4.999,8.224,6.608,6.401,1.616,1.823
mp-aaaaakfr,38.127,43.536,10.868,5.409,27.259,7.179,26.353,9.869,19.174,2.690
mp-aaaaakfs,52.836,62.530,54.512,9.694,1.676,67.294,26.628,30.157,40.666,37.137
mp-aaaaakfw,67.671,48.816,104.979,18.855,37.308,27.867,25.238,28.746,2.629,0.878
mp-aaaaakfy,37.111,40.309,32.372,3.198,4.740,27.247,25.075,18.394,2.172,8.853
mp-aaaaakfz,140.698,133.587,136.342,7.111,4.356,73.893,77.267,59.757,3.374,14.135
mp-aaaaakga,173.741,138.359,207.726,35.382,33.985,119.229,102.943,125.716,16.286,6.487
mp-aaaaakgb,73.596,74.831,72.370,1.235,1.227,40.820,41.616,41.728,0.796,0.908
mp-aaaaakgd,81.406,94.754,77.552,13.348,3.853,37.375,37.217,31.051,0.158,6.324
mp-aaaaakgg,133.948,68.665,133.783,65.283,0.165,35.192,47.400,44.388,12.208,9.196
mp-aaaaakgk,110.297,74.044,107.037,36.253,3.261,46.971,48.506,30.162,1.535,16.809
mp-aaaaakgl,165.000,103.560,152.753,61.440,12.247,89.189,66.112,54.496,23.077,34.693
mp-aaaaakgo,33.543,55.571,39.811,22.028,6.268,46.624,47.700,33.134,1.076,13.490
mp-aaaaakgp,58.594,75.641,45.329,17.047,13.264,39.083,29.831,33.393,9.252,5.690
mp-aaaaakgr,138.000,239.618,213.709,101.618,75.709,131.994,141.995,122.100,10.001,9.895
mp-aaaaakgw,171.000,166.218,173.477,4.782,2.477,74.420,53.472,68.992,20.948,5.428
mp-aaaaakgx,165.920,213.120,167.093,47.200,1.173,67.616,72.688,66.336,5.072,1.280
mp-aaaaakgy,185.178,264.572,192.224,79.394,7.046,49.850,69.243,53.104,19.393,3.254
mp-aaaaakhd,12.240,57.569,11.885,45.329,0.355,46.654,43.994,18.210,2.660,28.444
mp-aaaaakhf,272.339,158.038,251.015,114.301,21.325,201.617,180.923,126.818,20.694,74.799
mp-aaaaakhi,27.175,46.665,25.605,19.490,1.570,17.236,21.921,13.583,4.685,3.653
mp-aaaaakhj,55.000,9.046,61.850,45.954,6.850,23.075,19.577,28.160,3.498,5.085
mp-aaaaakhk,56.667,-1.166,42.628,57.833,14.039,30.488,23.661,20.504,6.827,9.984
mp-aaaaakhl,87.222,89.748,93.746,2.526,6.525,50.252,50.554,53.202,0.302,2.949
mp-aaaaakhm,49.177,42.338,48.281,6.839,0.896,29.180,25.728,28.224,3.452,0.957
mp-aaaaakhp,129.708,134.747,154.184,5.039,24.476,90.074,88.727,93.905,1.347,3.831
mp-aaaaakhr,16.540,49.982,33.669,33.442,17.130,11.481,24.260,20.086,12.779,8.604
mp-aaaaakhs,17.804,8.055,17.244,9.749,0.560,10.010,22.147,8.580,12.137,1.429
mp-aaaaakht,69.811,63.046,72.161,6.765,2.350,19.665,27.351,34.714,7.686,15.049
mp-aaaaakhu,63.414,55.326,69.608,8.088,6.194,33.535,32.904,32.567,0.631,0.968
mp-aaaaakhv,64.062,60.717,67.488,3.345,3.425,26.903,27.322,28.980,0.419,2.077
mp-aaaaakia,34.333,26.144,33.309,8.189,1.024,16.635,8.100,14.483,8.535,2.152
mp-aaaaakib,124.610,114.496,122.545,10.114,2.065,66.489,78.769,60.353,12.280,6.135
mp-aaaaakie,116.167,58.943,116.236,57.224,0.070,32.392,31.100,30.804,1.292,1.588
mp-aaaaakif,20.641,16.964,20.424,3.677,0.217,10.279,10.437,9.750,0.158,0.529
mp-aaaaakil,98.485,82.044,88.545,16.441,9.940,59.725,40.603,61.283,19.122,1.557
mp-aaaaakim,80.173,74.577,69.396,5.596,10.778,37.074,34.118,23.733,2.956,13.341
mp-aaaaakio,204.644,225.543,179.935,20.899,24.709,49.041,55.366,20.177,6.325,28.864
mp-aaaaakir,108.667,104.502,115.217,4.165,6.550,37.125,23.823,40.923,13.302,3.798
mp-aaaaakiu,272.667,195.690,251.263,76.977,21.404,79.082,74.767,67.216,4.315,11.866
mp-aaaaakjc,174.667,169.518,185.537,5.149,10.870,107.156,94.664,102.359,12.492,4.797
mp-aaaaakjd,32.089,53.333,32.878,21.244,0.789,21.244,17.951,19.762,3.293,1.482
mp-aaaaakjf,10.690,41.493,8.816,30.803,1.873,3.329,10.098,5.055,6.769,1.726
mp-aaaaakjg,29.654,56.273,38.902,26.619,9.248,46.990,48.046,32.667,1.056,14.323
mp-aaaaakji,104.411,131.886,128.855,27.475,24.444,64.484,68.323,79.410,3.839,14.926
mp-aaaaakjj,110.123,84.745,106.945,25.378,3.178,48.709,38.570,42.548,10.139,6.161
mp-aaaaakjm,173.667,85.200,184.631,88.467,10.964,79.852,68.874,100.263,10.978,20.411
mp-aaaaakjx,129.828,206.702,129.003,76.874,0.825,86.065,84.533,86.872,1.532,0.807
mp-aaaaakkh,151.305,66.639,168.089,84.666,16.784,63.361,66.552,80.169,3.191,16.808
mp-aaaaakkm,207.024,160.125,202.616,46.899,4.407,119.753,86.768,107.517,32.985,12.237
mp-aaaaakks,22.435,43.240,30.904,20.805,8.469,12.224,14.434,12.930,2.210,0.706
mp-aaaaakkv,66.579,25.980,65.685,40.599,0.894,18.402,23.540,30.711,5.138,12.309
mp-aaaaaklc,186.063,144.959,203.762,41.104,17.699,102.744,97.139,128.770,5.605,26.027
mp-aaaaakls,147.686,113.137,152.152,34.549,4.466,64.676,48.741,63.921,15.935,0.755
mp-aaaaaklu,124.423,122.630,110.975,1.793,13.449,63.359,58.308,52.950,5.051,10.409
mp-aaaaaklv,49.273,50.136,43.848,0.863,5.425,29.431,22.546,21.341,6.885,8.090
mp-aaaaaklw,43.121,54.552,36.937,11.431,6.184,31.869,33.492,21.322,1.623,10.548
mp-aaaaakly,179.667,147.804,176.524,31.863,3.143,75.381,70.424,76.416,4.957,1.035
mp-aaaaakmb,43.667,21.313,47.867,22.354,4.200,-1.000,15.018,27.715,16.018,28.716
mp-aaaaakmf,13.224,52.176,13.252,38.952,0.028,5.954,11.867,2.605,5.913,3.349
mp-aaaaakmh,139.467,81.522,127.209,57.945,12.259,62.042,56.118,51.874,5.924,10.168
mp-aaaaakmi,77.409,110.263,51.086,32.854,26.323,46.727,26.599,33.116,20.128,13.611
mp-aaaaakml,65.047,75.128,62.021,10.081,3.026,44.951,40.403,31.282,4.548,13.669
mp-aaaaakmo,16.125,13.839,21.408,2.286,5.283,5.515,19.508,11.805,13.993,6.290
mp-aaaaakmp,146.000,64.551,127.099,81.449,18.901,55.137,53.503,25.390,1.634,29.747
mp-aaaaakmq,260.634,238.602,256.127,22.032,4.507,145.611,126.991,141.017,18.620,4.593
mp-aaaaakmr,23.642,19.863,24.569,3.779,0.927,14.321,14.721,10.839,0.400,3.482
mp-aaaaakms,27.107,27.298,25.963,0.191,1.144,15.918,14.200,13.153,1.718,2.764
mp-aaaaakmu,145.927,149.915,152.850,3.988,6.923,99.420,110.324,112.027,10.904,12.607
mp-aaaaakmv,77.990,80.827,79.654,2.837,1.664,25.961,37.189,34.348,11.228,8.387
mp-aaaaaknb,214.863,233.683,195.479,18.820,19.383,101.389,108.361,86.200,6.972,15.188
mp-aaaaakng,47.667,7.401,43.830,40.266,3.836,26.909,27.711,22.128,0.802,4.781
mp-aaaaaknh,79.667,77.739,81.516,1.928,1.849,4.573,17.613,10.456,13.040,5.883
mp-aaaaakno,64.004,80.526,82.014,16.522,18.009,41.810,44.869,44.809,3.059,2.999
mp-aaaaaknq,41.667,108.726,43.602,67.059,1.936,9.595,9.283,9.239,0.312,0.356
mp-aaaaaknx,78.768,100.495,87.098,21.727,8.329,43.313,53.474,55.279,10.161,11.967
mp-aaaaakog,236.000,215.871,254.636,20.129,18.636,138.817,92.012,151.733,46.805,12.916
mp-aaaaakoh,58.333,52.712,49.551,5.621,8.783,35.677,10.683,23.777,24.994,11.900
mp-aaaaakoq,213.543,120.144,214.214,93.399,0.671,186.625,192.865,178.158,6.240,8.467
mp-aaaaakos,384.956,314.447,367.168,70.509,17.788,61.774,86.913,68.426,25.139,6.652
mp-aaaaakot,118.667,78.122,128.106,40.545,9.440,55.851,61.803,57.595,5.952,1.744
mp-aaaaakoz,32.912,58.865,30.346,25.953,2.567,16.957,26.059,16.377,9.102,0.580
mp-aaaaakpj,54.667,49.762,47.705,4.905,6.961,36.360,29.998,27.669,6.362,8.691
mp-aaaaakpm,46.667,37.956,56.362,8.711,9.695,11.656,12.560,10.744,0.904,0.911
mp-aaaaakpn,40.667,39.303,41.210,1.364,0.543,25.564,22.709,25.274,2.855,0.290
mp-aaaaakps,127.395,112.995,132.499,14.400,5.104,48.934,52.557,51.580,3.623,2.646
mp-aaaaakpt,130.048,124.682,133.122,5.366,3.074,45.239,50.690,38.443,5.451,6.796
mp-aaaaakpu,69.290,78.958,73.379,9.668,4.089,45.442,32.661,42.857,12.781,2.585
mp-aaaaakpx,112.333,131.273,115.876,18.940,3.543,53.517,46.296,47.322,7.221,6.195
mp-aaaaakqk,108.056,110.642,106.161,2.586,1.895,67.263,56.145,59.843,11.118,7.421
mp-aaaaakql,164.333,144.048,157.157,20.285,7.176,62.248,51.880,55.203,10.368,7.045
mp-aaaaakqm,189.888,177.081,200.013,12.807,10.125,142.326,127.600,123.116,14.726,19.210
mp-aaaaakqn,150.000,118.270,118.230,31.730,31.770,67.793,54.627,32.721,13.166,35.072
mp-aaaaakqp,59.788,85.938,59.275,26.150,0.513,38.167,48.563,33.999,10.396,4.168
mp-aaaaakqq,71.970,74.402,69.422,2.432,2.548,40.918,40.700,39.730,0.218,1.188
mp-aaaaakrc,70.431,37.394,71.948,33.037,1.517,32.894,28.273,35.599,4.621,2.705
mp-aaaaakrr,34.970,34.507,38.018,0.463,3.049,21.530,14.889,19.699,6.641,1.832
mp-aaaaakrv,60.667,28.912,59.719,31.755,0.948,51.778,45.560,50.774,6.218,1.004
mp-aaaaakry,203.333,192.648,202.938,10.685,0.395,96.294,87.060,96.413,9.234,0.119
mp-aaaaakse,19.889,53.897,17.307,34.008,2.582,8.603,3.599,-1.004,5.004,9.607
mp-aaaaaksj,44.060,99.448,50.062,55.388,6.002,1.409,31.633,24.542,30.224,23.133
mp-aaaaaksl,53.941,55.396,52.581,1.455,1.360,37.578,31.343,33.897,6.235,3.682
mp-aaaaaksm,91.394,156.878,112.517,65.484,21.123,12.307,30.726,73.043,18.419,60.736
mp-aaaaaksp,108.000,87.956,103.286,20.044,4.714,25.133,24.218,6.405,0.915,18.728
mp-aaaaakst,88.197,75.909,87.185,12.288,1.012,47.713,38.378,45.555,9.335,2.158
mp-aaaaaksw,221.192,174.505,229.415,46.687,8.223,90.245,90.487,96.266,0.242,6.021
mp-aaaaaksx,133.333,90.779,135.180,42.554,1.847,75.956,65.084,77.270,10.872,1.314
mp-aaaaakti,51.508,67.215,48.385,15.707,3.123,29.672,28.979,27.730,0.693,1.942
mp-aaaaaktj,79.334,68.628,72.356,10.706,6.979,53.632,44.992,42.605,8.640,11.027
mp-aaaaaktv,52.333,61.698,47.846,9.365,4.488,33.833,39.588,22.318,5.755,11.515
mp-aaaaaktw,79.885,50.588,83.010,29.297,3.125,38.986,24.355,39.816,14.631,0.831
mp-aaaaakud,170.108,171.518,164.938,1.410,5.171,154.925,135.215,111.042,19.710,43.883
mp-aaaaakuf,177.250,158.982,172.223,18.268,5.027,76.971,76.998,69.895,0.027,7.076
mp-aaaaakui,139.777,95.003,128.492,44.774,11.285,67.976,74.523,56.316,6.547,11.660
mp-aaaaakur,18.930,17.749,21.496,1.181,2.567,8.914,13.097,6.468,4.183,2.446
mp-aaaaakus,92.452,70.986,87.118,21.466,5.334,37.547,49.334,39.758,11.787,2.211
mp-aaaaakuw,125.748,126.306,134.268,0.558,8.520,101.057,140.681,109.227,39.624,8.170
mp-aaaaakux,57.003,56.488,55.278,0.515,1.725,28.965,26.183,22.302,2.782,6.663
mp-aaaaakwh,57.829,72.259,59.865,14.430,2.036,31.097,34.908,35.501,3.811,4.405
mp-aaaaakwl,55.548,47.711,53.138,7.837,2.410,17.148,25.048,24.536,7.900,7.388
mp-aaaaakwr,83.657,139.957,91.238,56.300,7.581,49.883,53.836,41.793,3.953,8.090
mp-aaaaakws,67.973,62.522,69.665,5.451,1.692,42.740,38.642,46.831,4.098,4.091
mp-aaaaakwu,91.418,72.656,84.250,18.762,7.169,48.295,52.473,50.164,4.178,1.868
mp-aaaaakxb,44.667,37.449,43.336,7.218,1.331,28.458,24.671,19.880,3.787,8.578
mp-aaaaakxd,70.831,92.979,75.369,22.148,4.538,52.064,55.158,44.799,3.094,7.264
mp-aaaaakxf,53.221,68.098,56.975,14.877,3.754,47.291,38.997,35.326,8.294,11.965
mp-aaaaakxg,92.995,73.198,92.663,19.797,0.332,36.195,40.763,41.497,4.568,5.302
mp-aaaaakxh,86.009,75.193,85.152,10.816,0.856,40.961,37.370,33.172,3.591,7.789
mp-aaaaakxi,49.942,45.398,50.567,4.544,0.625,194.684,20.117,19.275,174.567,175.409
mp-aaaaakxk,67.097,44.527,67.096,22.570,0.000,35.235,28.753,36.521,6.482,1.286
mp-aaaaakxq,56.535,56.941,78.103,0.406,21.568,21.275,15.491,21.361,5.784,0.086
mp-aaaaakxr,103.526,101.800,105.956,1.726,2.430,30.264,67.311,43.529,37.047,13.264
mp-aaaaakxs,36.057,40.819,32.143,4.762,3.914,25.345,24.557,17.151,0.788,8.194
mp-aaaaakxt,31.310,45.511,21.608,14.201,9.703,20.625,21.883,11.212,1.258,9.413
mp-aaaaakxx,40.667,42.941,40.492,2.274,0.175,25.090,21.902,22.578,3.188,2.512
mp-aaaaakya,112.013,100.779,111.190,11.234,0.823,48.281,37.895,43.747,10.386,4.534
mp-aaaaakyd,23.430,45.499,31.398,22.069,7.968,10.953,14.193,12.904,3.240,1.951
mp-aaaaakyg,46.942,58.160,55.476,11.218,8.534,25.820,28.807,38.998,2.987,13.177
mp-aaaaakym,23.667,29.013,30.338,5.346,6.671,14.466,14.040,20.345,0.426,5.880
mp-aaaaakyq,39.246,65.078,37.452,25.832,1.794,17.306,25.550,21.784,8.244,4.478
mp-aaaaakyv,180.023,194.928,193.057,14.905,13.034,111.060,88.048,125.650,23.012,14.590
mp-aaaaakzk,24.868,-0.481,23.828,25.349,1.040,14.585,17.373,8.040,2.788,6.545
mp-aaaaakzl,30.989,10.659,30.652,20.330,0.337,21.848,15.261,16.037,6.587,5.812
mp-aaaaakzm,90.653,78.482,92.155,12.171,1.502,52.374,58.145,53.505,5.771,1.131
mp-aaaaakzo,173.104,153.312,188.822,19.792,15.718,46.312,33.261,56.074,13.051,9.761
mp-aaaaakzq,55.045,60.785,49.588,5.740,5.456,28.713,35.769,26.559,7.056,2.154
mp-aaaaakzr,51.383,47.521,56.033,3.862,4.650,28.735,30.983,26.108,2.248,2.627
mp-aaaaakzt,43.512,54.296,44.730,10.784,1.219,14.330,15.761,22.323,1.431,7.993
mp-aaaaakzu,39.333,46.904,39.451,7.571,0.118,20.156,19.245,22.801,0.911,2.645
mp-aaaaakzv,42.355,58.090,39.850,15.735,2.505,12.480,19.730,20.492,7.250,8.012
mp-aaaaakzw,37.267,52.024,32.725,14.757,4.542,17.308,20.084,16.388,2.776,0.920
mp-aaaaakzx,47.009,42.591,45.401,4.418,1.608,20.229,23.593,23.317,3.364,3.089
mp-aaaaakzy,31.981,32.216,34.763,0.235,2.782,15.117,12.055,17.305,3.062,2.188
mp-aaaaakzz,35.532,37.917,33.789,2.385,1.743,21.526,26.529,16.792,5.003,4.734
mp-aaaaalaa,29.305,25.679,25.112,3.626,4.194,18.177,10.113,12.462,8.064,5.715
mp-aaaaalab,36.617,23.201,31.361,13.416,5.256,25.943,22.243,13.808,3.700,12.135
mp-aaaaalac,24.333,13.893,22.931,10.440,1.402,17.048,15.757,8.426,1.291,8.622
mp-aaaaalad,25.478,36.177,25.464,10.699,0.014,11.187,20.063,10.581,8.876,0.606
mp-aaaaalae,29.114,49.662,35.958,20.548,6.845,12.829,25.961,22.668,13.132,9.838
mp-aaaaalah,75.757,47.636,77.116,28.121,1.359,46.351,36.473,52.192,9.878,5.841
mp-aaaaalav,12.317,11.268,21.811,1.049,9.494,10.973,17.599,9.530,6.626,1.443
mp-aaaaalax,18.205,48.434,20.502,30.229,2.296,11.174,8.461,10.642,2.713,0.532
mp-aaaaalbb,123.951,136.447,119.466,12.496,4.485,41.125,36.684,50.285,4.441,9.160
mp-aaaaalbe,77.568,89.469,73.940,11.901,3.628,28.999,44.381,33.458,15.382,4.459
mp-aaaaalbh,47.614,58.298,49.675,10.684,2.061,22.688,25.485,22.402,2.797,0.286
mp-aaaaalbi,28.169,30.439,26.526,2.270,1.643,12.173,15.625,11.430,3.452,0.743
mp-aaaaalbk,27.904,84.760,39.741,56.856,11.838,12.557,22.819,16.226,10.262,3.669
mp-aaaaalbl,105.667,114.246,102.452,8.579,3.215,55.692,59.037,40.641,3.345,15.051
mp-aaaaalbm,110.509,107.967,113.643,2.542,3.134,26.267,30.233,43.750,3.966,17.484
mp-aaaaalbn,69.627,67.950,68.815,1.677,0.813,32.917,28.356,30.052,4.561,2.866
mp-aaaaalbo,77.997,70.331,84.884,7.666,6.887,45.379,36.054,53.257,9.325,7.879
mp-aaaaalbp,81.928,84.430,84.940,2.502,3.013,46.819,36.458,52.464,10.361,5.645
mp-aaaaalbq,82.715,75.019,84.822,7.696,2.107,47.416,41.329,51.747,6.087,4.331
mp-aaaaalbs,85.024,90.479,80.913,5.455,4.111,49.952,49.638,46.804,0.314,3.149
mp-aaaaalbu,50.667,-8.309,50.660,58.976,0.006,14.958,16.614,19.449,1.656,4.491
mp-aaaaalbv,50.667,-7.191,49.928,57.858,0.738,12.700,11.689,22.307,1.011,9.607
mp-aaaaalby,56.528,76.775,57.092,20.247,0.565,27.458,28.339,29.753,0.881,2.296
mp-aaaaalcf,34.261,48.344,37.711,14.083,3.450,18.034,23.800,18.517,5.766,0.483
mp-aaaaalcj,105.815,116.540,109.156,10.725,3.341,47.807,48.943,38.846,1.136,8.961
mp-aaaaalck,68.256,81.424,58.519,13.168,9.737,39.025,51.457,31.731,12.432,7.294
mp-aaaaalco,24.058,29.392,36.876,5.334,12.818,17.113,22.521,16.690,5.408,0.423
mp-aaaaalcs,224.326,210.161,208.960,14.165,15.366,131.696,138.692,124.350,6.996,7.346
mp-aaaaaldj,79.639,119.324,81.488,39.685,1.849,38.403,38.162,46.465,0.241,8.062
mp-aaaaaldk,127.800,97.611,127.409,30.189,0.390,74.602,60.076,78.357,14.526,3.755
mp-aaaaalea,123.075,135.931,112.275,12.856,10.799,17.814,33.974,48.296,16.160,30.482
mp-aaaaaleb,43.277,46.720,53.136,3.443,9.859,25.611,20.175,23.796,5.436,1.815
mp-aaaaalec,48.632,71.599,49.659,22.967,1.027,32.268,33.810,30.059,1.542,2.209
mp-aaaaaled,64.789,65.946,62.917,1.157,1.872,165.908,67.826,36.438,98.082,129.469
mp-aaaaalee,191.347,160.986,203.607,30.361,12.260,101.528,102.300,110.781,0.772,9.253
mp-aaaaaleh,30.468,39.227,25.849,8.759,4.618,12.240,22.801,11.268,10.561,0.972
mp-aaaaaleo,61.333,59.460,56.622,1.873,4.711,16.567,23.213,17.283,6.646,0.716
mp-aaaaalep,74.000,64.590,67.114,9.410,6.886,33.317,28.851,23.574,4.466,9.742
mp-aaaaales,148.945,149.375,118.804,0.430,30.142,108.066,100.888,79.773,7.178,28.293
mp-aaaaalet,151.108,145.498,140.153,5.610,10.955,77.277,70.306,61.419,6.971,15.859
mp-aaaaalez,145.351,178.096,154.450,32.745,9.099,53.033,82.516,74.299,29.483,21.267
mp-aaaaalfc,72.895,101.991,73.527,29.096,0.632,31.277,26.450,40.420,4.827,9.143
mp-aaaaalfd,16.776,27.988,19.375,11.212,2.599,6.793,7.803,11.396,1.010,4.603
mp-aaaaalfg,72.356,87.420,70.492,15.064,1.865,48.456,36.041,42.922,12.415,5.533
mp-aaaaalfh,335.533,281.349,343.742,54.184,8.209,208.188,202.098,221.901,6.090,13.713
mp-aaaaalfi,211.219,205.890,234.828,5.329,23.609,134.679,160.878,158.406,26.199,23.727
mp-aaaaalfj,113.000,158.681,83.866,45.681,29.134,83.463,75.201,64.889,8.262,18.573
mp-aaaaalfk,184.000,159.961,192.971,24.039,8.971,118.751,139.785,116.622,21.034,2.129
mp-aaaaalfl,227.000,190.329,223.013,36.671,3.987,115.684,118.202,128.334,2.518,12.650
mp-aaaaalfp,20.105,81.484,26.597,61.379,6.491,14.874,5.449,12.624,9.425,2.250
mp-aaaaalfq,17.967,9.779,25.278,8.188,7.312,13.703,19.218,12.843,5.515,0.860
mp-aaaaalfr,27.642,7.973,29.290,19.669,1.648,19.256,20.602,13.717,1.346,5.539
mp-aaaaalfu,198.642,154.584,210.631,44.058,11.989,60.819,78.312,74.856,17.493,14.037
mp-aaaaalfx,104.618,121.279,117.693,16.661,13.075,73.285,89.100,63.657,15.815,9.628
mp-aaaaalfz,67.871,59.316,53.158,8.555,14.713,36.543,26.495,24.799,10.048,11.744
mp-aaaaalga,59.000,65.757,75.228,6.757,16.228,-15.300,22.688,1.838,37.988,17.138
mp-aaaaalgd,8.043,21.646,20.322,13.603,12.278,6.040,11.311,9.991,5.271,3.950
mp-aaaaalge,236.434,263.560,251.261,27.126,14.827,109.930,113.185,119.499,3.255,9.570
mp-aaaaalgf,20.624,22.492,23.584,1.868,2.960,14.174,10.258,13.604,3.916,0.570
mp-aaaaalgg,125.278,105.532,124.586,19.746,0.691,90.786,77.035,92.484,13.751,1.698
mp-aaaaalgh,195.598,106.356,186.749,89.242,8.849,131.455,127.584,132.292,3.871,0.837
mp-aaaaalgi,146.910,134.194,147.675,12.716,0.765,88.920,75.598,83.442,13.322,5.478
mp-aaaaalgj,162.960,123.776,169.887,39.184,6.927,59.472,61.807,65.996,2.335,6.525
mp-aaaaalgl,52.197,71.770,55.322,19.573,3.125,30.833,42.053,29.251,11.220,1.582
mp-aaaaalgm,108.667,107.049,118.928,1.618,10.261,81.199,87.956,73.505,6.757,7.694
mp-aaaaalgq,91.416,105.214,86.465,13.798,4.950,43.494,42.247,34.514,1.247,8.980
mp-aaaaalha,19.360,21.405,16.268,2.045,3.092,-29.077,1.650,7.857,30.727,36.934
mp-aaaaalhd,17.204,70.044,27.753,52.840,10.549,10.367,3.651,17.206,6.716,6.839
mp-aaaaalhe,22.043,32.091,22.850,10.048,0.807,11.245,15.988,11.443,4.743,0.197
mp-aaaaalhf,43.568,57.727,34.808,14.159,8.760,25.354,27.672,13.687,2.318,11.667
mp-aaaaalhn,213.221,120.182,208.824,93.039,4.397,188.368,193.131,187.572,4.763,0.796
mp-aaaaalho,238.454,176.110,236.066,62.344,2.388,94.136,114.240,93.258,20.104,0.878
mp-aaaaalhv,34.540,46.742,35.544,12.202,1.005,20.783,28.426,19.181,7.643,1.602
mp-aaaaalhz,17.142,29.239,18.297,12.097,1.155,9.439,8.662,7.839,0.777,1.600
mp-aaaaalia,136.358,108.514,143.924,27.844,7.566,63.062,56.654,67.837,6.408,4.775
mp-aaaaalig,93.974,86.374,82.715,7.600,11.259,56.147,48.866,46.563,7.281,9.584
mp-aaaaalil,50.522,61.986,48.925,11.464,1.597,36.835,31.178,29.823,5.657,7.012
mp-aaaaalix,14.504,30.627,20.600,16.123,6.096,8.971,5.294,10.016,3.677,1.046
mp-aaaaaljw,227.260,223.130,230.861,4.130,3.601,178.234,178.276,175.903,0.042,2.330
mp-aaaaalke,151.000,156.633,142.637,5.633,8.363,23.459,13.893,39.874,9.566,16.415
mp-aaaaalki,60.905,77.351,63.053,16.446,2.147,42.137,34.473,42.640,7.664,0.503
mp-aaaaalkl,179.748,135.579,172.264,44.169,7.484,82.889,93.848,80.418,10.959,2.472
mp-aaaaalkn,97.925,72.338,85.599,25.587,12.326,31.290,42.634,28.775,11.344,2.515
mp-aaaaalkp,94.258,112.001,123.767,17.743,29.508,21.856,31.970,3.854,10.114,18.002
mp-aaaaalks,85.471,102.888,94.685,17.417,9.214,52.724,50.958,65.498,1.766,12.774
mp-aaaaallb,61.141,57.686,56.281,3.455,4.860,91.990,37.055,26.540,54.935,65.449
mp-aaaaalld,70.635,43.310,59.363,27.325,11.272,33.438,34.734,25.720,1.296,7.718
mp-aaaaallr,55.840,60.547,57.625,4.707,1.785,23.884,26.945,32.583,3.061,8.699
mp-aaaaalma,133.707,125.707,121.684,8.000,12.023,87.513,65.634,81.981,21.879,5.531
mp-aaaaalme,45.667,32.525,48.595,13.142,2.929,38.172,34.400,37.327,3.772,0.845
mp-aaaaalmf,129.000,126.876,140.969,2.124,11.969,40.907,38.879,50.432,2.028,9.525
mp-aaaaalmg,173.451,165.812,167.471,7.639,5.980,94.883,87.215,94.220,7.668,0.662
mp-aaaaalmh,70.333,52.164,68.649,18.169,1.684,4.975,-10.936,15.020,15.911,10.045
mp-aaaaalmm,49.040,72.977,50.858,23.937,1.819,29.084,32.388,22.424,3.304,6.660
mp-aaaaalmw,54.051,59.187,47.427,5.136,6.624,33.017,27.738,28.143,5.279,4.874
mp-aaaaalmx,46.777,52.408,41.639,5.631,5.138,28.679,23.422,19.928,5.257,8.750
mp-aaaaalnd,48.993,52.952,50.463,3.959,1.470,23.088,21.113,31.297,1.975,8.209
mp-aaaaalnf,44.095,41.782,49.436,2.313,5.340,19.707,23.224,25.728,3.517,6.021
mp-aaaaalnh,68.868,40.114,68.447,28.754,0.421,36.727,10.790,34.427,25.937,2.300
mp-aaaaalnl,44.957,82.395,39.194,37.438,5.763,20.464,20.735,16.933,0.271,3.532
mp-aaaaalnm,10.409,66.784,17.824,56.375,7.416,7.078,12.062,6.721,4.984,0.356
mp-aaaaalnn,141.333,95.871,142.591,45.462,1.258,58.987,64.074,67.728,5.087,8.741
mp-aaaaalnq,179.237,206.141,187.243,26.904,8.006,104.846,91.510,118.242,13.336,13.397
mp-aaaaalny,146.077,138.791,147.781,7.286,1.704,84.953,84.175,96.443,0.778,11.491
mp-aaaaalob,111.146,101.740,131.171,9.406,20.025,47.959,67.627,69.541,19.668,21.582
mp-aaaaaloe,253.527,213.949,244.484,39.578,9.043,156.927,149.695,146.873,7.232,10.054
mp-aaaaalom,19.977,36.555,36.226,16.578,16.248,25.533,27.746,24.135,2.213,1.398
mp-aaaaaloo,34.111,192.841,26.754,158.730,7.357,22.657,31.516,15.778,8.859,6.878
mp-aaaaalov,91.874,121.721,104.723,29.847,12.849,45.272,48.006,36.582,2.734,8.690
mp-aaaaalow,87.920,87.242,80.548,0.678,7.372,72.331,46.610,52.328,25.721,20.003
mp-aaaaalox,92.888,67.895,90.535,24.993,2.353,44.865,48.787,55.044,3.922,10.179
mp-aaaaaloy,26.319,40.599,31.274,14.280,4.954,10.800,29.025,12.070,18.225,1.270
mp-aaaaalpd,198.680,142.523,199.526,56.157,0.846,100.415,112.731,87.765,12.316,12.650
mp-aaaaalpe,203.333,72.787,192.359,130.546,10.975,-26.555,-30.425,44.032,3.870,70.587
mp-aaaaalpg,341.555,305.724,337.624,35.831,3.932,196.877,208.272,178.016,11.395,18.862
mp-aaaaalpi,22.730,31.837,20.596,9.107,2.133,14.725,13.611,7.662,1.114,7.063
mp-aaaaalpt,57.000,72.460,48.022,15.460,8.978,22.648,23.535,14.021,0.887,8.627
mp-aaaaalpu,70.333,87.284,79.518,16.951,9.184,30.578,32.363,48.194,1.785,17.616
mp-aaaaalpw,23.960,48.221,33.187,24.261,9.228,24.441,44.550,22.258,20.109,2.183
mp-aaaaalpx,24.115,41.325,34.871,17.210,10.755,18.983,31.041,22.032,12.058,3.049
mp-aaaaalqf,207.526,264.254,208.535,56.728,1.010,190.622,180.408,176.809,10.214,13.814
mp-aaaaalqh,116.277,81.670,117.323,34.607,1.046,48.495,59.786,40.671,11.291,7.825
mp-aaaaalqj,68.480,63.316,64.382,5.164,4.097,21.607,26.265,15.861,4.658,5.746
mp-aaaaalqx,48.840,45.075,48.396,3.765,0.444,39.267,31.906,32.724,7.361,6.543
mp-aaaaalqy,43.346,43.881,44.699,0.535,1.353,32.588,28.696,25.791,3.892,6.797
mp-aaaaalqz,86.491,69.317,90.557,17.174,4.066,55.814,48.697,54.238,7.117,1.576
mp-aaaaalra,64.157,57.805,65.559,6.352,1.402,26.132,33.704,37.704,7.572,11.572
mp-aaaaalrb,59.833,59.896,59.336,0.063,0.497,31.505,29.799,32.199,1.706,0.694
mp-aaaaalrc,71.625,68.579,68.228,3.046,3.397,41.545,38.536,37.069,3.009,4.476
mp-aaaaalrd,46.756,55.829,49.005,9.073,2.248,4.773,24.407,20.847,19.634,16.074
mp-aaaaalre,46.923,52.428,42.928,5.505,3.995,3.786,18.896,15.026,15.110,11.240
mp-aaaaalrh,75.793,41.131,63.666,34.662,12.128,36.143,30.069,25.103,6.074,11.040
mp-aaaaalrl,142.333,84.442,128.985,57.891,13.348,51.254,59.747,73.335,8.493,22.081
mp-aaaaalrn,53.767,54.799,55.968,1.032,2.201,24.253,27.979,31.455,3.726,7.202
mp-aaaaalro,199.938,216.464,211.465,16.526,11.527,155.407,139.340,156.598,16.067,1.191
mp-aaaaalrt,14.000,-3.685,11.244,17.685,2.756,6.089,-0.975,5.669,7.064,0.420
mp-aaaaalru,10.443,5.758,12.950,4.685,2.508,3.532,6.691,6.751,3.159,3.220
mp-aaaaalrv,78.362,69.154,82.300,9.208,3.938,36.105,32.905,34.390,3.200,1.715
mp-aaaaalrz,19.214,17.291,20.166,1.923,0.952,9.109,10.866,6.375,1.757,2.734
mp-aaaaalsa,55.414,60.749,59.353,5.335,3.939,28.016,40.610,30.598,12.594,2.582
mp-aaaaalsc,37.536,28.325,42.029,9.211,4.493,22.251,23.287,18.496,1.036,3.754
mp-aaaaalsd,36.808,31.224,42.586,5.584,5.778,24.523,21.116,20.877,3.407,3.647
mp-aaaaalse,28.942,44.266,32.743,15.324,3.801,19.183,14.187,18.465,4.996,0.718
mp-aaaaalsf,25.669,45.443,31.641,19.774,5.972,15.802,15.180,18.926,0.622,3.124
mp-aaaaalsg,25.008,45.165,31.047,20.157,6.039,15.995,9.216,18.055,6.779,2.060
mp-aaaaalsh,32.860,54.128,31.316,21.268,1.544,14.965,19.657,12.455,4.692,2.510
mp-aaaaalsj,220.672,156.819,218.357,63.853,2.316,174.277,134.533,177.204,39.744,2.927
mp-aaaaalsk,101.091,109.323,97.111,8.232,3.981,66.822,62.617,61.937,4.205,4.885
mp-aaaaalsl,172.474,117.811,173.589,54.663,1.115,110.141,92.341,106.600,17.800,3.541
mp-aaaaalsm,134.468,106.541,138.568,27.927,4.100,93.832,82.584,98.881,11.248,5.049
mp-aaaaalsn,111.013,77.990,114.167,33.023,3.154,73.673,68.691,76.488,4.982,2.814
mp-aaaaalso,126.467,97.209,126.251,29.258,0.216,82.236,78.395,82.153,3.841,0.083
mp-aaaaalsr,32.020,62.343,34.234,30.323,2.214,25.363,33.510,33.772,8.147,8.409
mp-aaaaalss,22.430,32.305,28.237,9.875,5.808,13.585,18.911,22.049,5.326,8.463
mp-aaaaalsu,41.978,40.468,51.088,1.510,9.110,18.550,24.535,20.733,5.985,2.182
mp-aaaaalsw,22.841,30.462,21.412,7.621,1.429,14.906,13.621,9.580,1.285,5.326
mp-aaaaalsx,267.945,275.206,262.377,7.261,5.568,161.419,169.207,164.674,7.788,3.255
mp-aaaaalsy,35.155,45.573,26.447,10.418,8.707,17.789,22.194,8.575,4.405,9.213
mp-aaaaalta,132.161,103.086,129.115,29.075,3.046,76.983,71.240,60.497,5.743,16.486
mp-aaaaaltb,44.857,40.826,36.032,4.031,8.825,26.819,31.558,13.409,4.739,13.410
mp-aaaaaltf,61.847,72.963,62.126,11.116,0.279,39.748,23.122,32.448,16.626,7.300
mp-aaaaaltg,82.492,86.901,79.607,4.409,2.884,57.281,61.124,41.104,3.843,16.177
mp-aaaaalth,76.178,86.072,77.960,9.894,1.782,48.861,38.678,48.329,10.183,0.532
mp-aaaaalti,69.443,74.689,70.440,5.246,0.997,46.259,30.523,31.665,15.736,14.595
mp-aaaaaltj,61.142,34.541,61.861,26.601,0.719,39.041,21.376,32.184,17.665,6.857
mp-aaaaaltk,56.771,20.851,48.075,35.920,8.696,37.657,12.218,25.196,25.439,12.461
mp-aaaaaltm,50.214,47.259,66.497,2.955,16.284,34.452,27.423,37.070,7.029,2.618
mp-aaaaaltt,20.541,29.589,36.167,9.048,15.626,8.869,15.616,22.272,6.747,13.403
mp-aaaaaltv,77.928,33.448,75.016,44.480,2.912,26.741,26.329,33.070,0.412,6.329
mp-aaaaalty,98.600,102.214,80.681,3.614,17.919,37.420,49.462,42.515,12.042,5.095
mp-aaaaaltz,28.682,27.965,21.449,0.717,7.233,24.357,19.985,12.311,4.372,12.046
mp-aaaaalua,19.756,17.905,17.376,1.851,2.380,12.217,10.719,5.258,1.498,6.959
mp-aaaaalud,83.630,91.300,85.809,7.670,2.179,49.946,38.664,53.759,11.282,3.813
mp-aaaaaluf,44.333,20.925,42.847,23.408,1.486,36.031,30.948,29.475,5.083,6.556
mp-aaaaalug,67.080,58.156,52.227,8.924,14.853,24.272,17.665,17.253,6.607,7.019
mp-aaaaalui,172.080,117.669,182.962,54.411,10.882,82.210,57.607,73.183,24.603,9.027
mp-aaaaalur,69.145,55.416,60.020,13.729,9.125,37.526,30.789,31.664,6.737,5.862
mp-aaaaalus,73.366,64.595,69.892,8.771,3.474,39.737,31.817,38.059,7.920,1.678
mp-aaaaaluu,76.695,67.788,79.344,8.907,2.649,40.255,33.812,43.742,6.443,3.488
mp-aaaaaluv,71.714,72.033,66.529,0.319,5.186,35.870,32.868,39.324,3.002,3.454
mp-aaaaalux,23.612,45.433,26.704,21.821,3.092,9.070,17.268,13.577,8.198,4.507
mp-aaaaalve,149.000,74.877,150.373,74.123,1.373,83.333,61.269,88.605,22.064,5.272
mp-aaaaalvg,7.262,67.216,17.348,59.954,10.086,1.444,5.379,7.333,3.935,5.889
mp-aaaaalvj,97.736,199.468,101.420,101.732,3.684,67.418,86.751,55.573,19.333,11.845
mp-aaaaalvt,143.071,153.389,135.537,10.318,7.534,97.067,91.687,101.055,5.380,3.988
mp-aaaaalvu,118.690,115.448,112.918,3.242,5.771,72.431,49.701,68.190,22.730,4.242
mp-aaaaalwf,17.197,39.081,16.001,21.884,1.196,6.860,14.416,6.141,7.556,0.719
mp-aaaaalwg,14.986,27.462,20.032,12.476,5.047,6.977,16.212,11.838,9.235,4.862
mp-aaaaalwi,63.551,62.309,68.572,1.242,5.021,28.647,27.331,28.009,1.316,0.638
mp-aaaaalwj,49.884,57.316,51.037,7.432,1.153,24.563,18.497,16.299,6.066,8.264
mp-aaaaalwm,184.000,176.429,186.676,7.571,2.676,65.663,46.614,95.257,19.049,29.594
mp-aaaaalwp,134.667,119.376,165.462,15.291,30.796,-10.935,39.000,59.313,49.935,70.248
mp-aaaaalwz,118.478,87.116,92.452,31.362,26.027,34.622,40.239,57.405,5.617,22.783
mp-aaaaalxd,111.000,59.978,97.580,51.022,13.420,50.724,42.292,44.266,8.432,6.458
mp-aaaaalxf,124.667,72.746,131.731,51.921,7.065,76.661,64.349,75.374,12.312,1.288
mp-aaaaalxi,202.603,150.321,195.510,52.282,7.093,86.761,95.567,91.077,8.806,4.316
mp-aaaaalxk,227.169,215.835,227.863,11.334,0.694,151.538,124.806,125.782,26.732,25.755
mp-aaaaalxl,209.612,225.931,192.908,16.319,16.705,89.037,84.148,84.807,4.889,4.230
mp-aaaaalxm,289.731,305.663,270.158,15.932,19.573,175.365,170.384,161.820,4.981,13.545
mp-aaaaalxo,142.648,139.009,134.396,3.639,8.252,71.930,69.657,54.593,2.273,17.338
mp-aaaaalxt,73.818,78.254,72.052,4.436,1.765,27.274,15.657,24.248,11.617,3.026
mp-aaaaalxz,19.667,59.975,39.243,40.308,19.576,41.945,45.882,35.511,3.937,6.434
mp-aaaaalyc,212.667,120.381,221.686,92.286,9.019,187.246,193.397,189.202,6.151,1.956
mp-aaaaalyn,124.434,127.118,145.289,2.684,20.855,28.552,41.351,55.047,12.799,26.495
mp-aaaaalyz,57.333,59.407,54.780,2.074,2.553,38.597,44.223,26.315,5.626,12.282
mp-aaaaalze,80.333,89.393,135.393,9.060,55.060,40.459,45.725,65.341,5.266,24.882
mp-aaaaalzh,14.719,35.990,10.174,21.271,4.545,9.789,6.060,5.008,3.729,4.781
mp-aaaaalzi,16.175,30.285,14.659,14.110,1.516,9.906,10.913,4.997,1.007,4.909
mp-aaaaalzk,14.376,57.032,29.569,42.656,15.192,7.453,31.569,26.046,24.116,18.593
mp-aaaaalzm,168.128,102.380,170.916,65.748,2.788,74.154,60.788,77.856,13.366,3.703
mp-aaaaalzp,311.796,330.411,305.666,18.615,6.130,71.401,70.236,85.376,1.165,13.975
mp-aaaaalzq,344.333,271.629,328.349,72.704,15.984,70.697,141.070,115.872,70.373,45.175
mp-aaaaalzy,203.772,157.247,194.140,46.525,9.631,124.210,95.507,93.753,28.703,30.457
mp-aaaaamak,97.986,86.577,90.573,11.409,7.412,63.654,55.807,48.358,7.847,15.297
mp-aaaaamal,98.367,73.242,92.467,25.125,5.900,64.806,54.443,51.420,10.363,13.386
mp-aaaaaman,100.495,79.184,93.063,21.311,7.432,65.410,55.452,53.870,9.958,11.540
mp-aaaaamao,93.185,94.925,87.074,1.740,6.110,59.881,60.998,42.462,1.117,17.418
mp-aaaaamau,23.279,11.016,37.955,12.263,14.677,17.836,23.960,19.973,6.124,2.137
mp-aaaaamaw,168.944,160.876,138.065,8.068,30.879,44.499,50.940,60.280,6.441,15.781
mp-aaaaamay,135.620,99.479,132.141,36.141,3.479,63.704,58.015,55.571,5.689,8.133
mp-aaaaamaz,129.535,113.604,130.085,15.931,0.550,70.678,67.814,63.846,2.864,6.832
mp-aaaaambm,35.744,46.215,30.694,10.471,5.051,16.464,19.827,13.205,3.363,3.260
mp-aaaaambv,50.319,95.851,48.186,45.532,2.134,15.700,24.152,13.556,8.452,2.144
mp-aaaaambx,75.118,75.540,76.989,0.422,1.871,30.579,26.122,36.298,4.457,5.719
mp-aaaaamcl,71.933,53.446,81.610,18.487,9.678,27.545,30.248,39.600,2.703,12.055
mp-aaaaamcm,69.404,41.772,75.252,27.632,5.847,23.143,29.550,35.049,6.407,11.906
mp-aaaaamcn,86.333,71.737,72.372,14.596,13.961,12.618,12.880,11.626,0.262,0.992
mp-aaaaamcq,39.929,95.939,52.251,56.010,12.322,23.064,56.586,38.157,33.522,15.092
mp-aaaaamcr,110.517,127.528,122.077,17.011,11.560,65.661,64.276,72.991,1.385,7.329
mp-aaaaamcs,115.333,101.746,107.455,13.587,7.879,71.468,78.423,74.251,6.955,2.783
mp-aaaaamcx,42.095,55.500,58.990,13.405,16.896,9.120,24.783,23.042,15.663,13.922
mp-aaaaamcy,96.037,94.684,91.149,1.353,4.888,57.722,53.510,55.577,4.212,2.145
mp-aaaaamdb,17.496,28.886,20.816,11.390,3.320,7.606,7.698,5.320,0.092,2.287
mp-aaaaamdk,63.099,46.040,69.161,17.059,6.062,25.853,34.016,24.352,8.163,1.501
mp-aaaaamdo,194.131,234.462,188.162,40.331,5.969,188.333,153.444,169.633,34.889,18.701
mp-aaaaamdr,193.419,159.210,198.292,34.209,4.872,63.213,53.909,70.988,9.304,7.775
mp-aaaaamds,187.750,157.138,189.012,30.612,1.262,70.229,52.836,70.481,17.393,0.252
mp-aaaaamdv,15.414,42.450,35.164,27.036,19.750,11.022,23.987,22.060,12.965,11.038
mp-aaaaamdw,192.095,154.042,199.979,38.053,7.884,70.848,49.928,86.130,20.920,15.282
mp-aaaaamdz,54.706,57.721,59.517,3.015,4.810,19.798,20.483,31.122,0.685,11.324
mp-aaaaamec,197.333,176.575,209.539,20.758,12.206,136.142,90.367,141.079,45.775,4.938
mp-aaaaamed,127.531,112.080,121.698,15.451,5.832,64.332,68.114,65.717,3.782,1.385
mp-aaaaamef,186.772,150.708,199.397,36.064,12.625,84.904,87.184,99.466,2.280,14.562
mp-aaaaameg,89.000,15.888,77.136,73.112,11.864,-3.386,8.593,-10.713,11.979,7.327
mp-aaaaamei,56.333,30.330,41.480,26.003,14.853,22.879,26.663,26.090,3.784,3.211
mp-aaaaamep,170.331,114.517,159.340,55.814,10.991,84.638,99.492,71.844,14.854,12.793
mp-aaaaameu,61.437,66.587,57.660,5.150,3.778,32.152,45.051,28.403,12.899,3.749
mp-aaaaamev,58.081,63.261,52.761,5.180,5.319,29.813,35.510,25.727,5.697,4.086
mp-aaaaamfh,10.798,9.436,11.867,1.362,1.068,5.088,5.000,5.734,0.088,0.646
mp-aaaaamfi,124.909,112.100,123.597,12.809,1.313,75.874,72.477,74.521,3.397,1.353
mp-aaaaamfl,56.332,100.917,63.417,44.585,7.085,37.116,41.513,40.037,4.397,2.922
mp-aaaaamfn,20.917,31.797,22.362,10.880,1.445,12.829,18.650,18.002,5.821,5.173
mp-aaaaamfo,34.564,57.618,42.023,23.054,7.459,21.237,25.636,30.084,4.399,8.847
mp-aaaaamfu,16.412,7.414,17.779,8.998,1.367,9.508,14.769,6.975,5.261,2.533
mp-aaaaamfz,10.173,14.483,10.448,4.310,0.275,4.334,6.972,5.295,2.638,0.961
mp-aaaaamgh,147.983,118.348,130.008,29.635,17.976,46.305,46.024,59.937,0.281,13.631
mp-aaaaamgi,63.515,67.071,56.452,3.556,7.064,43.621,42.107,37.414,1.514,6.206
mp-aaaaamgj,53.878,63.172,49.067,9.294,4.811,34.900,37.602,29.917,2.702,4.983
mp-aaaaamgk,51.103,39.608,50.377,11.495,0.726,37.993,33.867,32.350,4.126,5.642
mp-aaaaamgl,50.860,58.846,48.347,7.986,2.513,32.317,31.493,29.274,0.824,3.044
mp-aaaaamgm,45.111,36.899,40.559,8.212,4.551,33.363,24.966,19.755,8.397,13.608
mp-aaaaamgn,44.489,46.556,41.981,2.067,2.508,26.977,26.066,18.351,0.911,8.627
mp-aaaaamgo,203.919,178.614,206.776,25.305,2.857,120.494,81.564,156.145,38.930,35.651
mp-aaaaamgr,163.712,138.025,151.270,25.687,12.443,42.604,60.848,77.590,18.244,34.986
mp-aaaaamgv,50.000,25.273,47.573,24.727,2.427,15.611,17.520,16.135,1.909,0.524
mp-aaaaamgw,36.010,57.251,37.212,21.241,1.202,20.110,30.195,22.988,10.085,2.878
mp-aaaaamgx,49.292,67.687,43.890,18.395,5.402,22.164,24.197,21.247,2.033,0.917
mp-aaaaamhe,50.315,28.928,43.833,21.387,6.482,33.572,31.187,29.465,2.385,4.107
mp-aaaaamhf,46.409,29.281,45.291,17.128,1.118,32.067,26.628,29.689,5.439,2.378
mp-aaaaamhg,38.854,40.544,31.810,1.690,7.043,21.674,19.146,17.453,2.528,4.221
mp-aaaaamhm,31.351,88.314,53.825,56.963,22.474,19.146,26.124,31.269,6.978,12.123
mp-aaaaamhn,132.615,122.149,121.782,10.466,10.833,61.519,58.058,52.034,3.461,9.486
mp-aaaaamho,103.059,107.900,118.025,4.841,14.966,50.978,54.026,56.597,3.048,5.619
mp-aaaaamhq,111.025,93.136,127.267,17.889,16.243,44.173,47.441,45.205,3.268,1.032
mp-aaaaamhr,104.532,71.840,109.080,32.692,4.548,62.210,54.129,57.998,8.081,4.212
mp-aaaaamia,69.263,81.356,70.921,12.093,1.658,43.093,42.912,46.850,0.181,3.758
mp-aaaaamip,105.642,74.009,107.096,31.633,1.454,56.653,63.569,54.278,6.916,2.374
mp-aaaaamis,100.667,61.399,102.269,39.268,1.603,20.361,25.235,27.356,4.874,6.994
mp-aaaaamjc,15.255,32.227,27.665,16.972,12.410,5.181,18.030,13.842,12.849,8.662
mp-aaaaamjg,146.333,64.552,138.298,81.781,8.035,53.282,53.505,23.938,0.223,29.343
mp-aaaaamji,109.049,108.590,91.705,0.459,17.344,26.584,26.755,32.808,0.171,6.224
mp-aaaaamjw,36.667,76.733,38.504,40.066,1.837,13.657,13.489,16.580,0.168,2.923
mp-aaaaamjy,187.333,135.887,190.487,51.446,3.153,41.481,53.470,84.843,11.989,43.362
mp-aaaaamka,60.234,62.051,62.675,1.817,2.441,34.967,42.246,44.963,7.279,9.996
mp-aaaaamkd,151.220,179.171,164.030,27.951,12.811,38.369,78.365,70.912,39.996,32.544
mp-aaaaamkf,21.314,14.956,41.750,6.358,20.435,23.372,34.510,25.294,11.138,1.922
mp-aaaaamkr,31.120,38.358,29.366,7.238,1.754,14.599,13.203,14.089,1.396,0.511
mp-aaaaamkz,39.667,-1.542,31.747,41.209,7.919,20.154,15.619,14.752,4.535,5.402
mp-aaaaamla,57.000,11.423,44.401,45.577,12.599,32.715,27.525,20.247,5.190,12.467
mp-aaaaamlb,54.000,17.325,58.912,36.675,4.912,24.232,20.721,22.553,3.511,1.679
mp-aaaaamld,62.667,32.243,73.520,30.424,10.854,36.037,24.516,32.294,11.521,3.743
mp-aaaaamle,66.333,38.956,74.912,27.377,8.579,41.766,43.933,36.682,2.167,5.084
mp-aaaaamlj,56.997,55.057,58.665,1.940,1.668,45.211,23.055,42.028,22.156,3.183
mp-aaaaamll,78.956,70.604,83.833,8.352,4.877,46.975,39.869,51.530,7.106,4.556
mp-aaaaamlq,15.333,8.927,19.152,6.406,3.818,6.195,13.394,6.045,7.199,0.150
mp-aaaaamlr,51.111,74.218,47.181,23.107,3.930,25.305,31.743,27.975,6.438,2.670
mp-aaaaamlu,199.264,144.057,198.375,55.207,0.889,115.426,107.790,121.411,7.636,5.985
mp-aaaaammc,15.667,2.402,11.791,13.265,3.875,8.748,13.588,4.742,4.840,4.005
mp-aaaaammh,151.477,152.298,132.835,0.821,18.642,52.545,71.584,35.360,19.039,17.185
mp-aaaaammi,73.259,69.440,72.237,3.819,1.022,51.120,47.820,45.828,3.300,5.291
mp-aaaaamml,18.883,84.567,47.061,65.684,28.178,11.306,13.946,23.124,2.640,11.818
mp-aaaaammm,17.192,51.139,35.542,33.947,18.350,9.428,1.629,21.688,7.799,12.260
mp-aaaaammp,39.142,44.270,42.115,5.128,2.972,22.629,22.666,27.125,0.037,4.497
mp-aaaaammw,21.777,13.548,19.955,8.229,1.823,10.937,20.492,10.603,9.555,0.333
mp-aaaaamnc,35.399,44.073,38.418,8.674,3.020,23.734,13.682,23.918,10.052,0.184
mp-aaaaamne,33.667,19.199,18.650,14.468,15.017,13.967,1.306,10.369,12.661,3.598
mp-aaaaamng,72.426,73.201,65.114,0.775,7.312,29.362,37.955,33.617,8.593,4.255
mp-aaaaamni,68.333,77.044,69.174,8.711,0.841,23.886,27.981,19.781,4.095,4.105
mp-aaaaamnj,62.382,59.038,59.383,3.344,2.999,26.143,23.948,21.015,2.195,5.128
mp-aaaaamnm,116.882,112.098,125.138,4.784,8.256,68.127,66.862,73.231,1.265,5.105
mp-aaaaamns,76.592,67.549,77.661,9.043,1.069,0.547,28.326,27.497,27.779,26.950
mp-aaaaamnu,84.446,62.290,76.997,22.156,7.449,42.013,36.947,42.942,5.066,0.929
mp-aaaaamof,53.015,46.415,52.007,6.600,1.008,37.294,29.579,34.313,7.715,2.982
mp-aaaaamoi,139.000,121.315,132.702,17.685,6.298,62.240,53.140,61.885,9.100,0.355
mp-aaaaamol,81.754,71.093,83.848,10.661,2.093,35.609,38.628,36.875,3.019,1.266
mp-aaaaamox,160.724,143.879,167.557,16.845,6.833,70.225,74.728,82.428,4.503,12.203
mp-aaaaamqa,157.659,143.005,160.217,14.654,2.558,85.911,98.403,82.959,12.492,2.952
mp-aaaaamqh,171.397,181.094,167.890,9.697,3.506,93.011,98.491,66.231,5.480,26.780
mp-aaaaamqj,3.492,5.803,8.287,2.311,4.795,1.685,10.614,3.467,8.929,1.782
mp-aaaaamql,41.438,46.409,33.955,4.971,7.483,22.989,30.946,15.771,7.957,7.218
mp-aaaaamqm,146.520,124.691,163.836,21.829,17.315,69.847,60.034,87.726,9.813,17.880
mp-aaaaamqp,23.490,36.539,26.269,13.049,2.779,12.832,19.297,14.401,6.465,1.568
mp-aaaaamrd,109.000,69.663,125.764,39.337,16.764,41.766,47.184,69.519,5.418,27.753
mp-aaaaamrm,88.222,86.499,95.535,1.723,7.313,34.071,27.526,26.226,6.545,7.844
mp-aaaaamrz,50.741,71.111,50.475,20.370,0.266,20.091,14.462,25.379,5.629,5.288
mp-aaaaamsc,133.222,122.879,143.385,10.343,10.163,72.310,80.243,60.103,7.933,12.206
mp-aaaaamsd,80.910,96.095,84.095,15.185,3.185,40.408,54.391,40.215,13.983,0.193
mp-aaaaamsv,32.652,77.939,16.057,45.287,16.595,12.952,20.567,15.369,7.615,2.418
mp-aaaaamsz,58.540,75.402,62.756,16.862,4.216,16.754,35.412,28.215,18.658,11.461
mp-aaaaamta,57.495,65.925,57.790,8.430,0.295,21.962,28.041,23.403,6.079,1.440
mp-aaaaamtc,51.954,88.292,38.553,36.338,13.401,21.605,18.519,17.799,3.086,3.806
mp-aaaaamtj,249.355,160.763,243.456,88.592,5.900,141.767,118.807,142.501,22.960,0.734
mp-aaaaamtp,28.083,27.671,25.588,0.412,2.495,14.618,20.652,11.683,6.034,2.935
mp-aaaaamtq,27.005,-3.018,26.829,30.023,0.177,13.640,16.128,13.767,2.488,0.127
mp-aaaaamtr,22.370,20.253,25.214,2.117,2.844,10.662,16.650,11.748,5.988,1.086
mp-aaaaamts,23.667,35.490,36.769,11.823,13.102,15.952,19.850,20.467,3.898,4.516
mp-aaaaamtw,47.476,69.330,49.032,21.854,1.556,24.544,25.905,21.740,1.361,2.804
mp-aaaaamty,140.667,97.170,135.545,43.497,5.122,86.233,75.478,91.396,10.755,5.163
mp-aaaaamtz,182.176,198.463,183.828,16.287,1.652,153.655,132.460,160.586,21.195,6.930
mp-aaaaamua,176.333,180.648,260.268,4.315,83.935,-23.662,61.258,51.061,84.920,74.723
mp-aaaaamuc,281.000,241.860,297.263,39.140,16.263,120.911,102.262,118.923,18.649,1.988
mp-aaaaamud,90.000,99.796,93.247,9.796,3.247,30.106,23.930,36.491,6.176,6.385
mp-aaaaamuf,242.667,264.648,240.238,21.981,2.428,-4.195,44.955,-13.395,49.150,9.200
mp-aaaaamug,298.333,267.375,294.561,30.958,3.772,140.398,145.010,135.259,4.612,5.139
mp-aaaaamuh,304.000,294.240,309.463,9.760,5.463,198.768,174.857,191.491,23.911,7.277
mp-aaaaamui,102.667,101.150,105.772,1.517,3.105,45.774,49.350,43.968,3.576,1.806
mp-aaaaamuk,363.000,362.430,382.603,0.570,19.603,195.374,185.226,197.091,10.148,1.717
mp-aaaaamuq,188.883,179.888,178.174,8.995,10.709,113.368,108.704,95.154,4.664,18.214
mp-aaaaamuw,77.663,133.748,72.006,56.085,5.657,47.302,59.802,34.851,12.500,12.451
mp-aaaaamvi,21.333,59.332,16.612,37.999,4.721,8.464,8.203,4.771,0.261,3.693
mp-aaaaamvm,85.905,73.410,90.369,12.495,4.464,51.859,53.104,52.404,1.245,0.546
mp-aaaaamvo,120.897,118.496,119.702,2.401,1.195,51.300,35.492,52.239,15.808,0.939
mp-aaaaamvr,103.333,96.688,103.274,6.645,0.059,-15.700,2.348,20.595,18.048,36.295
mp-aaaaamvs,28.303,93.491,32.734,65.188,4.431,16.066,19.374,25.073,3.308,9.006
mp-aaaaamvt,14.316,34.153,33.931,19.837,19.615,12.107,15.072,25.479,2.965,13.372
mp-aaaaamvy,152.659,108.932,154.562,43.727,1.904,98.709,102.726,86.608,4.017,12.101
mp-aaaaamwn,160.212,91.390,166.509,68.822,6.297,72.737,80.153,89.314,7.416,16.577
mp-aaaaamwq,33.491,49.771,33.450,16.280,0.041,14.636,7.137,11.022,7.499,3.614
mp-aaaaamwt,19.000,11.843,22.245,7.157,3.245,5.571,14.264,12.213,8.693,6.642
mp-aaaaamxo,23.373,28.343,26.968,4.970,3.596,14.307,14.031,14.810,0.276,0.504
mp-aaaaamxw,42.635,128.103,73.459,85.468,30.824,24.260,37.662,37.559,13.402,13.300
mp-aaaaamyg,127.648,121.537,123.809,6.111,3.840,61.081,79.657,55.900,18.576,5.181
mp-aaaaamyq,23.833,45.449,19.967,21.616,3.866,12.819,15.338,9.770,2.519,3.049
mp-aaaaamyr,16.056,7.846,12.885,8.210,3.171,8.412,1.360,4.047,7.052,4.365
mp-aaaaamys,24.921,15.221,28.673,9.700,3.752,15.608,9.088,14.286,6.520,1.322
mp-aaaaamyu,24.536,15.067,29.387,9.469,4.851,15.584,15.544,11.545,0.040,4.039
mp-aaaaamyw,149.602,130.545,147.657,19.057,1.945,71.080,67.621,81.819,3.459,10.739
mp-aaaaamyz,161.156,110.944,162.146,50.212,0.989,81.528,68.604,80.944,12.924,0.584
mp-aaaaamzj,202.686,187.101,201.411,15.585,1.274,140.844,117.742,133.721,23.102,7.123
mp-aaaaamzk,218.000,220.789,226.017,2.789,8.017,190.525,152.158,195.950,38.367,5.425
mp-aaaaamzs,290.097,261.840,286.626,28.257,3.472,142.030,149.876,130.529,7.846,11.500
mp-aaaaamzt,7.205,41.177,10.043,33.972,2.838,2.552,12.476,2.871,9.924,0.320
mp-aaaaamzy,138.678,106.659,138.821,32.019,0.143,68.297,57.072,64.354,11.225,3.943
mp-aaaaanab,56.631,37.594,50.022,19.037,6.608,40.886,32.427,34.166,8.459,6.720
mp-aaaaanac,77.027,83.047,100.722,6.020,23.696,39.282,42.625,42.538,3.343,3.256
mp-aaaaanal,22.667,13.822,27.242,8.845,4.575,12.455,12.968,13.482,0.513,1.027
mp-aaaaanam,36.491,68.728,43.156,32.237,6.664,13.354,11.959,18.072,1.395,4.718
mp-aaaaanaq,83.378,143.140,90.035,59.762,6.657,67.107,59.430,72.912,7.677,5.804
mp-aaaaanay,17.667,19.631,22.794,1.964,5.128,7.584,14.654,8.430,7.070,0.846
mp-aaaaanbe,81.502,59.854,76.076,21.648,5.426,44.498,50.117,37.953,5.619,6.545
mp-aaaaanbq,110.591,166.688,130.442,56.097,19.851,60.413,51.788,70.685,8.625,10.272
mp-aaaaancc,65.692,69.087,66.868,3.395,1.177,32.800,40.584,32.783,7.784,0.016
mp-aaaaancd,68.667,68.104,60.524,0.563,8.143,23.311,32.644,15.423,9.333,7.888
mp-aaaaancg,160.161,117.436,152.012,42.725,8.149,90.049,64.589,84.001,25.460,6.049
mp-aaaaancu,24.333,27.207,28.226,2.874,3.893,11.490,12.381,16.852,0.891,5.362
mp-aaaaancv,39.460,38.478,44.512,0.982,5.051,21.079,34.881,12.941,13.802,8.138
mp-aaaaancy,202.610,198.411,189.865,4.199,12.744,100.705,102.817,87.110,2.112,13.595
mp-aaaaandc,2.987,49.282,9.422,46.295,6.435,0.396,6.238,4.579,5.842,4.183
mp-aaaaandf,46.725,42.980,43.979,3.745,2.746,21.208,20.338,26.661,0.870,5.453
mp-aaaaandh,88.957,83.280,91.183,5.677,2.226,60.448,50.799,43.225,9.649,17.223
mp-aaaaandi,94.936,93.257,136.907,1.679,41.971,72.902,56.871,85.903,16.031,13.001
mp-aaaaando,82.882,67.996,80.985,14.886,1.896,47.042,47.457,50.508,0.415,3.466
mp-aaaaandp,67.214,78.702,67.480,11.488,0.266,39.583,27.627,39.742,11.956,0.159
mp-aaaaandq,76.432,62.940,72.702,13.492,3.730,51.873,45.055,49.201,6.818,2.672
mp-aaaaandr,60.547,55.726,52.512,4.821,8.036,41.072,35.346,29.080,5.726,11.992
mp-aaaaands,42.646,50.917,39.515,8.271,3.131,22.300,18.261,22.259,4.039,0.041
mp-aaaaandz,65.235,64.898,71.933,0.337,6.699,34.459,35.997,36.977,1.538,2.518
mp-aaaaaned,156.847,173.484,145.535,16.637,11.312,82.243,84.592,77.033,2.349,5.210
mp-aaaaanee,146.914,178.460,147.915,31.546,1.001,79.525,76.115,73.101,3.410,6.425
mp-aaaaaner,273.333,188.360,246.695,84.973,26.638,147.253,147.385,94.278,0.132,52.975
mp-aaaaanet,46.907,89.184,42.245,42.277,4.661,14.782,12.827,10.666,1.955,4.116
mp-aaaaanfe,107.822,90.150,117.677,17.672,9.854,47.551,53.461,53.785,5.910,6.234
mp-aaaaanfj,215.619,245.430,210.970,29.811,4.649,59.488,68.857,56.432,9.369,3.056
mp-aaaaanfo,15.236,19.409,18.012,4.173,2.776,8.450,18.370,10.394,9.920,1.944
mp-aaaaanfs,5.667,48.208,22.436,42.541,16.769,7.533,16.562,2.251,9.029,5.281
mp-aaaaanft,189.755,176.562,196.199,13.193,6.444,170.935,165.634,148.200,5.301,22.735
mp-aaaaanfu,207.169,149.166,207.031,58.003,0.138,149.392,169.697,151.782,20.305,2.390
mp-aaaaanfv,220.236,180.005,220.990,40.231,0.754,148.159,181.721,146.160,33.562,1.998
mp-aaaaanfz,39.726,57.381,39.772,17.655,0.046,19.203,13.483,18.078,5.720,1.125
mp-aaaaangs,32.675,13.952,27.049,18.723,5.626,11.174,9.298,11.065,1.876,0.110
mp-aaaaangt,28.257,22.076,31.772,6.181,3.515,10.410,9.341,11.047,1.069,0.637
mp-aaaaangz,126.006,118.494,123.513,7.512,2.494,69.600,93.001,69.815,23.401,0.215
mp-aaaaanhd,186.598,154.783,173.250,31.815,13.349,116.138,93.556,120.099,22.582,3.961
mp-aaaaanhg,9.777,75.422,19.096,65.645,9.319,8.896,37.108,11.622,28.212,2.727
mp-aaaaanhi,94.333,71.517,81.382,22.816,12.951,29.791,16.113,5.644,13.678,24.147
mp-aaaaanhm,61.288,83.068,66.825,21.780,5.536,33.869,48.565,36.680,14.696,2.811
mp-aaaaanhn,102.169,86.914,94.378,15.255,7.790,40.806,31.068,34.716,9.738,6.090
mp-aaaaanhy,22.609,27.378,31.434,4.769,8.826,8.933,13.016,16.201,4.083,7.268
mp-aaaaanhz,22.790,18.671,20.069,4.119,2.720,9.342,13.740,6.421,4.398,2.921
mp-aaaaania,182.538,201.062,210.839,18.524,28.300,108.998,81.948,122.662,27.050,13.664
mp-aaaaanik,106.099,120.685,124.717,14.586,18.618,65.210,43.017,80.000,22.193,14.791
mp-aaaaanio,12.454,32.251,10.132,19.797,2.322,6.116,5.474,2.209,0.642,3.907
mp-aaaaanjb,113.376,115.169,116.160,1.793,2.784,63.628,45.586,60.183,18.042,3.446
mp-aaaaanjd,92.564,94.541,94.600,1.977,2.036,44.135,30.087,45.477,14.048,1.342
mp-aaaaanjf,46.000,35.844,60.129,10.156,14.129,30.600,27.143,33.796,3.457,3.196
mp-aaaaanjh,86.912,69.201,89.431,17.711,2.519,50.641,47.425,51.499,3.216,0.858
mp-aaaaanjn,48.457,55.365,59.119,6.908,10.662,30.523,22.666,33.089,7.857,2.566
mp-aaaaanki,8.373,35.066,21.959,26.693,13.586,13.253,17.785,14.904,4.532,1.651
mp-aaaaankm,67.667,24.573,76.237,43.094,8.570,22.525,21.279,26.748,1.246,4.223
mp-aaaaankn,68.667,19.930,68.781,48.737,0.114,20.077,22.847,25.841,2.770,5.764
mp-aaaaankp,12.822,-22.258,14.374,35.080,1.552,6.725,11.851,3.866,5.126,2.859
mp-aaaaanku,25.048,26.256,29.262,1.208,4.214,16.574,18.216,17.083,1.642,0.509
mp-aaaaankv,22.339,25.093,24.583,2.754,2.245,14.381,16.429,11.517,2.048,2.864
mp-aaaaanlb,84.952,92.830,87.217,7.878,2.265,32.371,21.969,24.608,10.402,7.762
mp-aaaaanlc,47.750,49.168,52.419,1.418,4.669,28.979,22.848,29.365,6.131,0.386
mp-aaaaanll,40.994,42.546,41.947,1.552,0.953,25.586,16.429,28.476,9.157,2.890
mp-aaaaanlv,73.421,95.326,73.104,21.905,0.317,33.449,41.800,40.034,8.351,6.584
mp-aaaaanmy,53.333,57.242,46.889,3.909,6.444,41.231,26.260,24.381,14.971,16.851
mp-aaaaanmz,98.261,77.770,108.283,20.491,10.021,50.386,55.468,44.955,5.082,5.432
mp-aaaaannb,87.908,81.352,84.311,6.556,3.597,41.031,49.886,39.403,8.855,1.628
mp-aaaaanog,81.007,123.891,83.341,42.884,2.333,40.830,52.922,34.759,12.092,6.071
mp-aaaaanom,119.642,115.760,109.227,3.882,10.415,63.069,46.138,51.184,16.931,11.885
mp-aaaaanoo,96.930,126.354,101.943,29.424,5.013,32.220,41.842,28.265,9.622,3.955
mp-aaaaanou,80.199,93.375,82.766,13.176,2.567,43.417,41.477,42.283,1.940,1.134
mp-aaaaanov,100.701,148.693,101.931,47.992,1.230,53.495,67.779,56.360,14.284,2.865
mp-aaaaanoz,86.220,82.639,89.191,3.581,2.970,65.440,57.075,62.008,8.365,3.433
mp-aaaaanpb,59.509,30.304,54.978,29.205,4.531,30.314,9.820,29.353,20.494,0.961
mp-aaaaanpq,75.100,82.238,73.321,7.138,1.779,35.989,43.679,26.964,7.690,9.025
mp-aaaaanpr,52.107,62.141,49.770,10.034,2.336,14.210,20.970,18.378,6.760,4.168
mp-aaaaanpu,113.015,103.562,125.043,9.453,12.028,90.818,100.348,97.349,9.530,6.531
mp-aaaaanpw,18.333,36.350,20.462,18.017,2.129,11.927,11.328,10.854,0.599,1.073
mp-aaaaanqh,139.357,109.552,135.040,29.805,4.318,84.440,75.331,92.635,9.109,8.195
mp-aaaaanqt,146.755,168.524,163.515,21.769,16.759,82.136,73.152,83.281,8.984,1.145
mp-aaaaanqv,148.895,131.756,142.941,17.139,5.954,61.320,54.425,63.400,6.895,2.080
mp-aaaaanro,153.186,202.593,157.109,49.407,3.923,133.225,117.613,121.653,15.612,11.572
mp-aaaaanrr,58.429,58.015,63.869,0.414,5.440,26.412,29.219,30.243,2.807,3.831
mp-aaaaanrs,78.721,65.533,63.857,13.188,14.864,36.322,37.320,33.847,0.998,2.475
mp-aaaaanrv,23.300,63.179,30.424,39.879,7.123,15.674,15.162,19.638,0.512,3.965
mp-aaaaanrw,7.644,19.903,18.309,12.259,10.665,7.788,10.865,10.493,3.077,2.705
mp-aaaaanry,5.384,39.887,17.065,34.503,11.681,4.289,10.535,11.205,6.246,6.916
mp-aaaaansb,40.399,53.900,45.791,13.501,5.392,21.701,19.873,22.591,1.828,0.890
mp-aaaaansg,11.667,21.500,18.011,9.833,6.345,7.566,9.391,6.350,1.825,1.215
mp-aaaaansi,31.356,36.446,38.240,5.090,6.884,9.588,5.735,9.882,3.853,0.294
mp-aaaaanso,142.093,105.051,140.441,37.042,1.651,87.677,71.523,99.472,16.154,11.795
mp-aaaaansq,27.351,64.524,25.106,37.173,2.245,16.203,21.956,12.918,5.753,3.285
mp-aaaaanss,15.701,30.364,20.237,14.663,4.536,5.597,10.458,7.486,4.861,1.889
mp-aaaaanth,81.888,69.554,77.981,12.334,3.906,53.387,39.564,38.951,13.823,14.435
mp-aaaaantn,34.667,67.526,32.276,32.859,2.391,19.586,24.749,19.586,5.163,0.001
mp-aaaaantw,82.223,82.665,73.357,0.442,8.866,38.344,43.308,30.661,4.964,7.683
mp-aaaaanty,67.676,79.273,59.175,11.597,8.501,35.568,31.543,31.782,4.025,3.786
mp-aaaaantz,53.995,85.082,52.034,31.087,1.961,23.954,22.517,16.591,1.437,7.363
mp-aaaaanue,141.036,100.874,162.887,40.162,21.852,85.028,78.109,94.920,6.919,9.892
mp-aaaaanuk,30.363,45.362,29.446,14.999,0.917,18.698,18.614,16.926,0.084,1.773
mp-aaaaanun,56.416,40.833,48.350,15.583,8.066,30.568,11.215,25.361,19.353,5.206
mp-aaaaanuq,32.790,86.042,52.795,53.252,20.005,20.393,26.029,31.151,5.636,10.758
mp-aaaaanur,51.838,79.579,63.361,27.741,11.523,31.627,32.752,34.546,1.125,2.919
mp-aaaaanuw,11.101,29.847,16.095,18.746,4.995,6.991,18.308,8.959,11.317,1.968
mp-aaaaanvf,186.000,186.692,185.499,0.692,0.501,104.111,112.772,93.484,8.661,10.627
mp-aaaaanvp,34.000,1.897,33.690,32.103,0.310,13.148,13.103,15.599,0.045,2.451
mp-aaaaanvq,100.100,113.873,99.067,13.773,1.033,44.451,45.532,43.307,1.081,1.144
mp-aaaaanvr,95.340,96.716,95.907,1.376,0.567,42.907,43.653,50.444,0.746,7.537
mp-aaaaanwl,72.326,110.968,108.119,38.642,35.793,44.637,36.496,43.544,8.141,1.093
mp-aaaaanwt,40.580,52.809,50.002,12.229,9.422,28.179,27.188,27.493,0.991,0.686
mp-aaaaanwv,114.808,108.091,109.252,6.717,5.556,60.796,45.784,48.640,15.012,12.156
mp-aaaaanww,149.096,148.996,154.990,0.100,5.894,102.089,68.608,115.370,33.481,13.281
mp-aaaaanwx,156.754,174.813,154.475,18.059,2.279,108.630,75.783,103.839,32.847,4.791
mp-aaaaanwz,9.462,51.751,17.623,42.289,8.161,3.456,9.820,10.202,6.364,6.747
mp-aaaaanxa,7.525,54.284,13.133,46.759,5.608,2.690,7.414,9.966,4.724,7.275
mp-aaaaanxb,86.185,67.690,97.255,18.495,11.071,53.361,43.454,61.110,9.907,7.750
mp-aaaaanxd,89.816,77.717,99.244,12.099,9.428,56.688,52.565,66.868,4.123,10.180
mp-aaaaanxf,21.047,104.138,27.632,83.091,6.585,10.423,30.849,20.732,20.426,10.310
mp-aaaaanxn,22.010,49.327,36.352,27.317,14.342,12.001,23.554,22.481,11.553,10.479
mp-aaaaanxo,83.215,92.475,79.612,9.260,3.603,44.311,48.386,47.622,4.075,3.310
mp-aaaaanyz,164.000,143.679,153.283,20.321,10.717,80.020,73.448,69.194,6.572,10.826
mp-aaaaanzp,82.398,74.803,79.920,7.595,2.478,42.464,44.347,42.689,1.883,0.226
mp-aaaaanzv,100.822,144.129,99.687,43.307,1.135,63.542,17.159,59.092,46.383,4.450
mp-aaaaanzw,131.000,187.386,133.621,56.386,2.621,55.785,50.079,63.244,5.706,7.459
mp-aaaaanzz,98.551,86.499,97.180,12.052,1.371,74.539,61.200,61.542,13.339,12.997
mp-aaaaaoai,64.333,70.961,5.363,6.628,58.971,17.499,24.520,12.253,7.021,5.246
mp-aaaaaoaj,76.521,74.240,77.458,2.281,0.937,36.293,47.805,29.424,11.512,6.869
mp-aaaaaoap,18.622,38.308,29.614,19.686,10.992,10.724,19.825,14.424,9.101,3.701
mp-aaaaaoar,26.526,85.992,30.489,59.466,3.963,17.820,43.548,5.099,25.728,12.721
mp-aaaaaoaw,27.377,55.013,30.031,27.636,2.654,13.517,23.950,17.079,10.433,3.562
mp-aaaaaoax,108.477,108.970,115.350,0.493,6.873,5.947,52.194,38.285,46.247,32.338
mp-aaaaaoba,30.778,59.222,42.061,28.444,11.284,10.606,12.370,11.883,1.764,1.277
mp-aaaaaobn,36.403,52.068,36.504,15.665,0.101,14.581,21.234,22.678,6.653,8.097
mp-aaaaaoby,132.698,145.166,127.265,12.468,5.433,91.318,111.500,43.790,20.182,47.528
mp-aaaaaocb,121.643,182.637,121.287,60.994,0.356,54.472,49.337,53.717,5.135,0.756
mp-aaaaaoch,36.401,36.608,37.478,0.207,1.077,19.849,23.887,19.371,4.038,0.478
mp-aaaaaocl,106.844,95.412,108.777,11.432,1.933,74.057,54.851,67.109,19.206,6.948
mp-aaaaaodg,20.706,63.593,33.805,42.887,13.099,16.088,26.926,20.005,10.838,3.917
mp-aaaaaodh,100.846,128.930,107.323,28.084,6.477,38.718,53.954,62.254,15.236,23.536
mp-aaaaaodi,117.636,100.550,116.057,17.086,1.579,78.621,54.657,66.104,23.964,12.517
mp-aaaaaodo,49.851,52.436,47.692,2.585,2.159,40.227,45.471,31.922,5.244,8.305
mp-aaaaaodt,20.564,93.333,22.988,72.769,2.424,17.870,27.795,20.827,9.925,2.957
mp-aaaaaodu,54.559,57.373,52.979,2.814,1.580,35.265,41.803,27.659,6.538,7.606
mp-aaaaaodw,49.893,42.924,50.485,6.969,0.592,36.052,24.549,29.782,11.503,6.270
mp-aaaaaodx,39.835,38.387,36.878,1.448,2.957,26.492,22.012,25.027,4.480,1.464
mp-aaaaaody,38.098,37.357,32.800,0.741,5.298,26.141,24.484,19.672,1.657,6.469
mp-aaaaaodz,36.425,40.617,32.607,4.192,3.818,24.901,24.002,17.445,0.899,7.456
mp-aaaaaoea,38.606,53.070,36.655,14.464,1.952,29.234,27.597,30.883,1.637,1.650
mp-aaaaaoeb,66.120,68.167,63.322,2.047,2.798,45.435,42.042,38.464,3.393,6.971
mp-aaaaaoec,56.802,58.842,58.102,2.040,1.300,34.434,33.236,34.637,1.198,0.203
mp-aaaaaoed,57.267,55.795,54.301,1.472,2.966,35.006,29.894,33.649,5.112,1.357
mp-aaaaaoef,44.676,46.509,42.533,1.833,2.143,33.224,23.302,20.747,9.922,12.477
mp-aaaaaoeg,34.620,43.251,26.314,8.631,8.306,23.604,18.369,12.685,5.235,10.919
mp-aaaaaoeh,55.889,47.063,53.137,8.826,2.752,47.841,43.541,40.588,4.300,7.252
mp-aaaaaoej,50.071,57.173,48.874,7.102,1.197,35.510,34.326,31.312,1.184,4.198
mp-aaaaaoek,34.957,45.785,28.855,10.828,6.102,22.260,24.783,15.883,2.523,6.377
mp-aaaaaoel,27.326,11.228,26.655,16.098,0.671,13.356,16.424,13.043,3.068,0.313
mp-aaaaaoem,24.534,1.496,24.281,23.038,0.252,12.790,11.787,12.845,1.003,0.055
mp-aaaaaoeo,70.315,79.718,67.200,9.403,3.115,49.410,43.370,41.106,6.040,8.304
mp-aaaaaoep,45.454,50.229,49.492,4.775,4.037,20.590,23.628,21.051,3.038,0.460
mp-aaaaaoes,68.778,107.625,51.973,38.847,16.804,28.465,25.404,19.407,3.061,9.059
mp-aaaaaoet,305.962,299.587,314.359,6.375,8.397,172.464,162.821,153.960,9.643,18.505
mp-aaaaaoeu,41.345,43.440,42.317,2.095,0.972,26.919,28.407,26.105,1.488,0.814
mp-aaaaaoey,64.794,68.715,62.588,3.921,2.206,35.343,28.382,30.639,6.961,4.703
mp-aaaaaofb,160.965,104.207,175.583,56.758,14.618,59.319,72.790,69.681,13.471,10.362
mp-aaaaaofq,49.105,107.687,75.939,58.582,26.834,19.701,38.018,20.784,18.317,1.083
mp-aaaaaofv,65.403,51.973,61.256,13.430,4.147,48.791,57.465,35.320,8.674,13.471
mp-aaaaaogl,153.822,136.439,139.254,17.383,14.568,59.704,75.576,64.342,15.872,4.638
mp-aaaaaogp,52.176,57.017,50.599,4.841,1.577,12.474,14.618,14.667,2.144,2.193
mp-aaaaaogq,11.719,16.173,8.042,4.454,3.676,5.166,12.558,5.424,7.392,0.258
mp-aaaaaohs,18.329,4.060,17.985,14.269,0.344,7.865,3.027,8.573,4.838,0.708
mp-aaaaaoht,16.516,-4.402,14.699,20.918,1.817,7.293,9.038,7.235,1.745,0.058
mp-aaaaaoia,20.726,36.761,15.455,16.035,5.272,13.377,24.117,7.301,10.740,6.076
mp-aaaaaoip,21.436,21.244,19.053,0.192,2.383,8.985,12.836,8.247,3.851,0.738
mp-aaaaaois,58.900,63.055,64.330,4.155,5.430,11.871,36.287,42.070,24.416,30.199
mp-aaaaaojn,159.217,151.775,159.986,7.442,0.770,99.753,93.991,110.955,5.762,11.202
mp-aaaaaojs,180.038,125.281,171.164,54.757,8.874,65.751,70.284,77.332,4.533,11.581
mp-aaaaaoju,14.823,-8.516,14.947,23.339,0.124,6.843,14.327,5.639,7.484,1.204
mp-aaaaaojv,40.290,52.583,44.235,12.293,3.945,27.449,23.687,27.897,3.762,0.447
mp-aaaaaojx,58.667,37.637,64.921,21.030,6.254,48.394,49.921,52.048,1.527,3.653
mp-aaaaaokh,10.512,29.875,8.318,19.363,2.194,5.150,9.346,6.646,4.196,1.496
mp-aaaaaokt,64.690,56.810,61.060,7.880,3.629,28.066,31.572,33.082,3.506,5.016
mp-aaaaaoku,58.854,48.364,63.263,10.490,4.409,26.122,30.824,37.380,4.702,11.258
mp-aaaaaolf,213.799,178.348,210.742,35.451,3.057,93.164,113.961,106.967,20.797,13.803
mp-aaaaaolg,172.734,92.644,169.210,80.090,3.524,66.064,51.576,69.414,14.488,3.350
mp-aaaaaoll,159.970,169.380,158.808,9.410,1.163,111.217,95.821,93.159,15.396,18.058
mp-aaaaaols,54.801,54.527,52.444,0.274,2.357,21.752,26.409,17.367,4.657,4.385
mp-aaaaaolv,138.457,139.487,141.210,1.030,2.753,58.424,62.009,16.986,3.585,41.438
mp-aaaaaoma,60.431,62.878,59.888,2.447,0.543,30.745,31.298,31.202,0.553,0.457
mp-aaaaaomc,22.248,13.530,18.515,8.718,3.733,11.025,10.364,9.466,0.661,1.559
mp-aaaaaomx,62.879,58.693,55.985,4.186,6.894,42.669,29.704,34.657,12.965,8.012
mp-aaaaaomz,177.362,146.757,181.007,30.605,3.645,92.273,90.208,95.163,2.065,2.890
mp-aaaaaong,28.073,53.664,34.403,25.591,6.330,13.426,18.765,14.728,5.339,1.301
mp-aaaaaoni,11.436,35.802,15.788,24.366,4.352,5.296,17.890,9.230,12.594,3.934
mp-aaaaaonk,114.859,109.526,124.619,5.333,9.760,44.841,32.855,60.360,11.986,15.519
mp-aaaaaonl,28.853,94.926,31.542,66.073,2.689,22.822,23.490,23.480,0.668,0.657
mp-aaaaaonm,60.889,68.664,66.621,7.775,5.732,20.872,22.687,22.696,1.815,1.824
mp-aaaaaonr,15.104,15.646,22.177,0.542,7.073,6.686,15.629,12.886,8.943,6.200
mp-aaaaaonz,10.781,3.792,11.695,6.989,0.914,4.621,4.962,2.544,0.341,2.077
mp-aaaaaooa,94.667,111.838,109.609,17.171,14.942,32.519,49.088,36.255,16.569,3.736
mp-aaaaaooh,99.931,116.020,95.621,16.089,4.310,63.790,63.065,57.531,0.725,6.259
mp-aaaaaool,49.333,53.687,57.485,4.354,8.151,25.138,25.871,34.649,0.733,9.510
mp-aaaaaoop,51.330,57.362,47.205,6.032,4.125,29.516,33.971,28.352,4.455,1.164
mp-aaaaaooq,88.124,72.448,74.442,15.676,13.682,30.514,32.145,25.939,1.631,4.575
mp-aaaaaoor,22.064,22.506,20.429,0.442,1.635,11.313,14.063,11.611,2.750,0.298
mp-aaaaaoow,66.258,64.622,64.069,1.636,2.189,43.034,52.716,39.834,9.682,3.199
mp-aaaaaooz,68.577,64.420,70.413,4.157,1.836,46.669,44.779,48.021,1.890,1.351
mp-aaaaaops,18.338,7.983,16.014,10.355,2.323,8.531,-2.025,6.743,10.556,1.787
mp-aaaaaopt,52.385,62.497,53.186,10.112,0.801,36.148,29.357,35.124,6.791,1.025
mp-aaaaaoqa,177.527,167.658,166.685,9.869,10.842,137.537,113.043,128.580,24.494,8.957
mp-aaaaaoqb,13.275,47.689,12.756,34.414,0.519,5.502,9.150,5.452,3.648,0.051
mp-aaaaaoqe,19.173,28.909,19.151,9.736,0.023,7.513,16.563,9.396,9.050,1.883
mp-aaaaaoqi,83.329,46.754,100.154,36.575,16.824,55.229,54.426,64.657,0.803,9.428
mp-aaaaaoqj,14.744,10.977,19.167,3.767,4.423,10.391,16.023,12.312,5.632,1.922
mp-aaaaaoqs,51.452,40.456,57.879,10.996,6.427,33.268,27.586,39.119,5.682,5.851
mp-aaaaaoqw,120.118,110.994,106.930,9.124,13.189,78.239,78.911,69.402,0.672,8.837
mp-aaaaaora,238.863,193.551,230.171,45.312,8.692,78.241,114.303,75.752,36.062,2.489
mp-aaaaaorb,37.707,39.380,42.149,1.673,4.443,22.831,17.721,26.572,5.110,3.741
mp-aaaaaorg,57.868,57.532,54.694,0.336,3.174,35.197,24.727,31.728,10.470,3.469
mp-aaaaaork,209.433,178.352,224.811,31.081,15.378,116.040,130.088,111.457,14.048,4.584
mp-aaaaaorm,40.075,50.007,49.916,9.932,9.841,20.862,32.928,26.973,12.066,6.110
mp-aaaaaorn,46.387,40.631,49.395,5.756,3.008,26.142,27.506,21.969,1.364,4.174
mp-aaaaaoro,14.732,58.519,13.349,43.787,1.383,7.609,22.499,9.155,14.890,1.547
mp-aaaaaorp,18.757,42.489,16.873,23.732,1.884,11.034,11.677,14.277,0.643,3.243
mp-aaaaaorq,16.942,49.172,9.420,32.230,7.522,12.521,16.413,7.855,3.892,4.666
mp-aaaaaorr,155.063,179.802,153.777,24.739,1.286,123.912,127.852,127.640,3.940,3.727
mp-aaaaaors,20.270,19.785,31.481,0.485,11.211,14.656,16.584,12.633,1.928,2.024
mp-aaaaaort,35.056,23.142,35.769,11.914,0.713,25.869,25.922,22.463,0.053,3.406
mp-aaaaaoru,56.564,72.221,61.997,15.657,5.433,16.272,34.823,28.380,18.551,12.108
mp-aaaaaorv,23.892,65.619,34.149,41.727,10.257,24.634,46.695,35.203,22.061,10.569
mp-aaaaaorx,121.259,92.609,116.394,28.650,4.865,76.550,71.669,62.197,4.881,14.353
mp-aaaaaosc,34.821,42.622,32.027,7.801,2.795,24.410,25.764,14.513,1.354,9.897
mp-aaaaaosd,60.667,61.273,64.306,0.606,3.640,22.388,36.553,38.375,14.165,15.987
mp-aaaaaosg,141.660,136.850,141.348,4.810,0.311,100.095,75.798,91.229,24.297,8.866
mp-aaaaaosh,132.992,124.904,136.507,8.088,3.515,91.360,67.974,79.835,23.386,11.525
mp-aaaaaosk,57.129,85.817,86.368,28.688,29.239,56.819,61.620,63.522,4.801,6.704
mp-aaaaaosn,77.136,67.665,74.479,9.471,2.656,45.697,41.550,38.686,4.147,7.011
mp-aaaaaoso,68.996,63.570,69.771,5.426,0.775,33.850,32.165,35.988,1.685,2.138
mp-aaaaaosp,213.221,120.210,210.852,93.011,2.369,188.590,193.170,182.889,4.580,5.702
mp-aaaaaosq,52.895,113.727,43.217,60.832,9.678,1.523,45.955,27.749,44.432,26.226
mp-aaaaaoss,27.986,31.078,23.107,3.092,4.879,17.263,25.191,9.093,7.928,8.171
mp-aaaaaost,182.610,136.716,172.839,45.894,9.771,81.454,78.388,61.324,3.066,20.131
mp-aaaaaosv,147.035,97.919,134.658,49.116,12.377,83.859,59.292,79.514,24.567,4.345
mp-aaaaaosw,126.721,95.206,131.033,31.515,4.312,65.247,61.887,59.774,3.360,5.473
mp-aaaaaosy,188.763,159.277,185.199,29.486,3.564,140.985,138.796,115.802,2.189,25.183
mp-aaaaaosz,179.526,189.804,197.157,10.278,17.632,104.275,97.162,107.250,7.113,2.974
mp-aaaaaota,154.553,165.407,160.749,10.854,6.197,106.012,105.754,115.244,0.258,9.232
mp-aaaaaotc,77.333,65.369,79.629,11.964,2.296,63.635,48.470,57.456,15.165,6.179
mp-aaaaaotd,112.468,148.860,109.130,36.392,3.337,59.899,89.894,68.315,29.995,8.416
mp-aaaaaotg,153.333,123.654,158.832,29.679,5.499,40.800,54.726,59.705,13.926,18.905
mp-aaaaaotj,78.980,76.023,73.846,2.957,5.134,53.341,31.749,45.388,21.592,7.954
mp-aaaaaotk,76.437,68.546,72.266,7.891,4.170,51.111,36.161,44.642,14.950,6.469
mp-aaaaaotl,101.082,90.739,116.445,10.343,15.363,70.298,57.765,94.100,12.533,23.802
mp-aaaaaotm,89.444,92.304,92.891,2.860,3.447,57.147,52.845,65.877,4.302,8.730
mp-aaaaaotn,78.186,66.913,74.675,11.273,3.510,54.299,45.925,48.929,8.374,5.370
mp-aaaaaoto,89.218,78.322,81.551,10.896,7.667,65.763,53.213,55.237,12.550,10.526
mp-aaaaaotu,78.769,50.368,76.348,28.401,2.421,40.210,33.373,38.338,6.837,1.872
mp-aaaaaotx,197.983,157.946,205.309,40.037,7.326,99.098,115.820,100.008,16.722,0.910
mp-aaaaaotz,70.932,56.375,81.143,14.557,10.211,45.936,23.829,46.825,22.107,0.889
mp-aaaaaoub,230.085,242.550,227.948,12.465,2.137,139.065,125.716,128.851,13.349,10.215
mp-aaaaaouc,21.887,65.670,19.935,43.783,1.953,9.024,9.609,7.997,0.585,1.027
mp-aaaaaoud,222.823,202.501,210.889,20.322,11.933,130.362,137.150,107.007,6.788,23.355
mp-aaaaaoue,194.193,188.574,206.080,5.619,11.887,99.913,130.974,110.357,31.061,10.444
mp-aaaaaouf,204.256,181.682,209.288,22.574,5.032,116.034,123.796,102.544,7.762,13.490
mp-aaaaaoup,308.215,231.866,312.933,76.349,4.718,178.781,187.840,179.472,9.059,0.691
mp-aaaaaouq,133.989,107.603,141.733,26.386,7.743,77.919,69.909,76.343,8.010,1.576
mp-aaaaaout,193.888,172.387,189.616,21.501,4.273,100.520,98.754,83.482,1.766,17.038
mp-aaaaaouw,33.363,21.954,38.539,11.409,5.176,10.310,8.701,12.706,1.609,2.396
mp-aaaaaouz,11.611,21.574,20.762,9.963,9.151,8.953,8.131,12.968,0.822,4.015
mp-aaaaaova,187.437,176.747,166.737,10.690,20.700,97.088,107.306,97.038,10.218,0.049
mp-aaaaaovd,35.333,46.423,301.209,11.090,265.876,-2.224,-1.336,1.238,0.888,3.462
mp-aaaaaove,27.407,91.597,29.024,64.190,1.617,18.308,13.581,19.124,4.727,0.816
mp-aaaaaovf,290.667,255.214,279.377,35.453,11.290,121.187,118.832,160.097,2.355,38.911
mp-aaaaaovi,23.667,84.526,29.632,60.859,5.965,13.320,15.356,21.696,2.036,8.377
mp-aaaaaovk,153.333,181.299,158.072,27.966,4.739,75.588,54.518,116.764,21.070,41.176
mp-aaaaaovl,55.842,69.029,42.288,13.187,13.554,46.273,20.538,21.836,25.735,24.438
mp-aaaaaovp,256.201,252.232,257.366,3.969,1.165,102.454,115.521,127.935,13.067,25.480
mp-aaaaaovq,62.785,69.168,65.755,6.383,2.970,33.079,27.834,36.943,5.245,3.864
mp-aaaaaovr,105.438,68.315,105.956,37.123,0.518,56.772,55.682,52.589,1.090,4.183
mp-aaaaaovu,337.231,284.826,344.733,52.405,7.503,77.315,102.104,102.115,24.789,24.800
mp-aaaaaovx,25.808,92.298,21.211,66.490,4.597,14.297,19.170,22.686,4.873,8.389
mp-aaaaaowa,65.000,79.791,62.097,14.791,2.903,42.843,42.893,48.789,0.050,5.946
mp-aaaaaowb,232.667,154.303,208.020,78.364,24.647,114.855,113.735,107.448,1.120,7.407
mp-aaaaaowc,38.667,85.291,37.076,46.624,1.591,16.429,18.073,14.978,1.644,1.450
mp-aaaaaowd,61.667,66.199,57.116,4.532,4.551,41.174,39.694,35.710,1.480,5.464
mp-aaaaaowe,206.333,187.064,192.835,19.269,13.498,-1.296,-6.326,72.783,5.030,74.079
mp-aaaaaowf,36.333,78.803,36.287,42.470,0.046,14.173,7.781,17.653,6.392,3.479
mp-aaaaaowi,132.000,133.123,139.735,1.123,7.735,124.674,111.027,104.187,13.647,20.487
mp-aaaaaowk,200.343,193.554,196.743,6.789,3.600,115.631,102.912,104.716,12.719,10.915
mp-aaaaaowm,64.568,57.750,55.303,6.818,9.265,22.907,37.925,26.375,15.018,3.467
mp-aaaaaown,165.035,139.625,171.530,25.410,6.495,65.486,69.245,60.869,3.759,4.617
mp-aaaaaowp,62.333,58.862,53.518,3.471,8.816,27.999,21.564,29.406,6.435,1.406
mp-aaaaaowq,114.966,92.592,119.299,22.374,4.333,62.310,61.541,44.844,0.769,17.466
mp-aaaaaows,117.333,86.228,101.727,31.105,15.606,51.596,50.372,50.414,1.224,1.182
mp-aaaaaowt,311.953,299.461,304.252,12.492,7.702,184.666,184.220,192.634,0.446,7.968
mp-aaaaaowv,296.553,314.302,284.606,17.749,11.947,203.438,191.613,196.109,11.825,7.329
mp-aaaaaoww,188.858,171.236,187.520,17.622,1.339,118.277,114.875,106.029,3.402,12.247
mp-aaaaaowx,244.219,196.849,241.994,47.370,2.224,140.009,152.478,138.827,12.469,1.183
mp-aaaaaowy,143.333,122.056,140.460,21.277,2.873,17.549,0.724,18.842,16.825,1.293
mp-aaaaaowz,146.667,124.627,148.265,22.040,1.598,20.337,10.734,27.807,9.603,7.470
mp-aaaaaoxb,36.667,62.145,36.403,25.478,0.264,18.163,30.958,13.193,12.795,4.970
mp-aaaaaoxc,267.000,190.818,321.888,76.182,54.888,-38.036,1.202,28.621,39.238,66.657
mp-aaaaaoxd,255.999,200.644,250.853,55.355,5.145,145.501,105.142,137.186,40.359,8.316
mp-aaaaaoxm,13.778,39.257,22.583,25.479,8.805,10.776,22.956,10.119,12.180,0.657
mp-aaaaaoxo,157.877,140.172,158.398,17.705,0.521,87.476,79.871,65.677,7.605,21.799
mp-aaaaaoxq,83.535,94.790,88.800,11.255,5.265,52.402,46.210,47.185,6.192,5.217
mp-aaaaaoxy,104.653,83.449,107.909,21.204,3.256,54.249,52.623,55.619,1.626,1.370
mp-aaaaaoye,41.128,59.799,43.511,18.671,2.382,14.860,14.602,17.789,0.258,2.929
mp-aaaaaoyo,28.991,87.351,12.847,58.360,16.144,13.884,12.036,14.040,1.848,0.156
mp-aaaaaoyr,68.195,74.389,84.021,6.194,15.826,29.970,30.760,50.699,0.790,20.729
mp-aaaaaoys,37.554,23.131,38.029,14.423,0.475,30.135,22.022,25.614,8.113,4.521
mp-aaaaaoyw,209.333,203.646,211.946,5.687,2.612,93.324,73.007,70.930,20.317,22.394
mp-aaaaaoyz,242.667,246.836,257.547,4.169,14.880,122.061,100.138,132.675,21.923,10.614
mp-aaaaaozb,255.460,504.771,261.711,249.311,6.250,120.066,107.964,116.430,12.102,3.636
mp-aaaaaoze,237.469,256.887,253.369,19.418,15.900,170.534,170.902,160.564,0.368,9.970
mp-aaaaaozg,135.000,110.002,121.172,24.998,13.828,-8.317,-17.373,-0.083,9.056,8.235
mp-aaaaaozl,160.650,234.454,134.107,73.804,26.542,61.627,74.944,38.472,13.317,23.156
mp-aaaaaozo,85.739,101.656,96.939,15.917,11.200,33.267,36.783,39.165,3.516,5.897
mp-aaaaaozs,295.316,356.996,319.416,61.680,24.100,141.130,139.696,142.835,1.434,1.705
mp-aaaaaozt,79.000,85.711,81.023,6.711,2.023,65.985,56.473,62.476,9.512,3.508
mp-aaaaaozu,147.333,114.357,152.826,32.976,5.493,22.879,27.008,32.497,4.129,9.618
mp-aaaaaozv,128.000,103.256,143.395,24.744,15.395,-1.334,-4.343,50.034,3.009,51.369
mp-aaaaaozw,251.593,279.903,229.786,28.310,21.807,189.202,180.830,109.800,8.372,79.402
mp-aaaaaozz,83.000,89.484,82.571,6.484,0.429,68.849,59.388,64.407,9.461,4.443
mp-aaaaapaa,76.333,74.009,76.653,2.324,0.320,54.363,44.934,57.221,9.429,2.859
mp-aaaaapab,141.050,150.938,152.397,9.888,11.348,106.911,102.630,127.983,4.281,21.072
mp-aaaaapac,293.957,314.612,306.897,20.655,12.940,209.553,194.964,209.232,14.589,0.321
mp-aaaaapad,102.667,183.701,117.445,81.034,14.778,2.126,7.031,1.325,4.905,0.801
mp-aaaaapae,322.160,320.921,320.223,1.239,1.936,144.113,162.858,184.609,18.745,40.496
mp-aaaaapai,44.667,46.584,34.026,1.917,10.641,-20.600,17.834,6.258,38.434,26.858
mp-aaaaapaj,47.667,19.133,45.872,28.534,1.794,13.856,18.925,24.631,5.069,10.775
mp-aaaaapao,131.667,156.418,128.799,24.751,2.868,42.537,40.791,34.543,1.746,7.994
mp-aaaaapap,193.045,170.169,176.443,22.876,16.601,129.380,135.627,131.506,6.247,2.126
mp-aaaaapar,3.333,-44.167,1.522,47.500,1.811,1.500,4.115,0.172,2.615,1.328
mp-aaaaapat,13.333,6.889,16.027,6.444,2.693,6.659,8.991,8.570,2.332,1.911
mp-aaaaapav,24.084,16.396,23.726,7.688,0.358,15.201,15.844,8.419,0.643,6.782
mp-aaaaapaw,58.200,69.570,49.081,11.370,9.120,26.416,36.162,20.333,9.746,6.083
mp-aaaaapaz,17.556,18.663,15.875,1.107,1.681,10.825,14.654,10.634,3.829,0.191
mp-aaaaapba,28.193,21.205,24.142,6.988,4.050,2.129,17.820,9.857,15.691,7.728
mp-aaaaapbb,21.667,30.751,24.040,9.084,2.373,4.712,15.451,10.690,10.739,5.978
mp-aaaaapbg,7.652,-3.420,8.779,11.072,1.128,4.487,7.015,3.793,2.528,0.695
mp-aaaaapbh,14.449,18.206,15.117,3.757,0.668,7.988,0.838,7.515,7.150,0.473
mp-aaaaapbj,55.667,8.884,60.819,46.783,5.153,21.290,21.106,30.482,0.184,9.192
mp-aaaaapbm,55.667,68.023,66.048,12.356,10.382,22.324,11.279,34.850,11.045,12.526
mp-aaaaapbo,68.333,49.372,69.317,18.961,0.983,27.159,23.768,22.760,3.391,4.399
mp-aaaaapbp,150.000,141.820,164.857,8.180,14.857,65.447,55.820,75.475,9.627,10.028
mp-aaaaapbq,63.333,72.077,79.514,8.744,16.181,50.980,22.201,54.081,28.779,3.100
mp-aaaaapbr,80.000,80.997,76.984,0.997,3.016,29.763,31.987,25.485,2.224,4.278
mp-aaaaapbs,89.000,102.006,96.436,13.006,7.436,35.111,34.891,36.932,0.220,1.821
mp-aaaaapbt,62.000,80.838,76.287,18.838,14.287,37.180,30.427,44.837,6.753,7.657
mp-aaaaapbu,95.830,104.863,81.455,9.033,14.375,50.040,55.076,25.278,5.036,24.762
mp-aaaaapbv,144.438,175.487,124.541,31.049,19.897,28.409,34.248,21.863,5.839,6.546
mp-aaaaapbx,35.205,41.674,37.830,6.469,2.624,27.186,25.413,19.929,1.773,7.257
mp-aaaaapca,86.333,101.046,93.299,14.713,6.966,65.912,52.818,62.045,13.094,3.868
mp-aaaaapcc,105.000,126.939,106.837,21.939,1.837,50.200,55.213,48.792,5.013,1.408
mp-aaaaapce,270.697,278.931,269.541,8.234,1.157,117.232,114.740,130.569,2.492,13.337
mp-aaaaapci,138.590,79.509,133.176,59.081,5.414,114.831,94.661,108.562,20.170,6.269
mp-aaaaapcj,171.893,135.945,137.522,35.948,34.371,137.964,154.613,86.857,16.649,51.107
mp-aaaaapcm,55.632,56.057,56.895,0.425,1.264,26.100,23.765,33.556,2.335,7.457
mp-aaaaapcq,162.567,188.892,148.838,26.325,13.729,109.182,103.068,80.887,6.114,28.296
mp-aaaaapcu,80.335,102.904,85.777,22.569,5.442,57.074,48.606,61.053,8.468,3.979
mp-aaaaapcv,68.509,73.238,72.572,4.729,4.063,20.604,31.561,37.132,10.957,16.528
mp-aaaaapcw,136.548,137.583,136.804,1.035,0.256,50.453,60.960,68.714,10.507,18.261
mp-aaaaapdb,123.784,115.909,110.614,7.875,13.171,47.310,57.065,40.185,9.755,7.125
mp-aaaaapdg,59.316,63.169,63.874,3.853,4.557,36.404,34.867,36.152,1.537,0.253
mp-aaaaapdh,57.553,66.241,52.237,8.688,5.317,21.169,34.569,26.723,13.400,5.555
mp-aaaaapdk,18.605,15.963,20.522,2.642,1.916,14.909,11.851,4.278,3.058,10.631
mp-aaaaapdw,147.678,129.419,141.521,18.259,6.157,92.541,82.610,87.133,9.931,5.408
mp-aaaaapea,147.925,112.625,145.427,35.300,2.498,84.606,95.547,83.502,10.941,1.104
mp-aaaaapeb,155.300,139.285,143.388,16.015,11.912,83.860,93.577,85.440,9.717,1.580
mp-aaaaaped,225.206,194.697,200.238,30.509,24.968,98.784,81.393,139.100,17.391,40.316
mp-aaaaapeg,70.000,75.285,63.498,5.285,6.502,42.565,42.550,32.051,0.015,10.513
mp-aaaaapel,274.715,278.333,282.670,3.618,7.955,196.181,186.853,191.571,9.328,4.610
mp-aaaaapem,62.275,95.615,75.714,33.340,13.438,39.926,42.659,33.061,2.733,6.865
mp-aaaaapen,197.653,236.244,206.731,38.591,9.078,80.214,78.657,64.595,1.557,15.619
mp-aaaaapep,171.028,147.498,177.297,23.530,6.269,14.941,93.414,77.527,78.473,62.587
mp-aaaaapeq,165.667,139.956,171.545,25.711,5.878,22.866,47.383,38.779,24.517,15.913
mp-aaaaaper,137.667,124.379,150.412,13.288,12.745,27.321,35.665,30.283,8.344,2.961
mp-aaaaapeu,35.395,102.301,57.046,66.906,21.651,16.185,12.913,25.169,3.272,8.984
mp-aaaaapfa,209.000,131.455,215.351,77.545,6.351,96.248,103.045,99.053,6.797,2.805
mp-aaaaapfb,228.222,142.037,201.639,86.185,26.583,113.645,107.895,96.765,5.750,16.880
mp-aaaaapfe,46.667,73.159,40.259,26.492,6.408,21.354,17.908,15.988,3.446,5.365
mp-aaaaapff,40.000,104.621,41.393,64.621,1.393,12.524,8.095,11.694,4.429,0.830
mp-aaaaapfj,45.333,75.675,41.611,30.342,3.723,19.925,16.318,18.689,3.607,1.236
mp-aaaaapfl,69.105,63.624,69.655,5.481,0.551,33.711,32.127,36.545,1.584,2.834
mp-aaaaapfo,119.962,107.993,106.073,11.969,13.889,85.195,72.586,65.385,12.609,19.810
mp-aaaaapft,135.228,117.757,170.114,17.471,34.886,95.424,67.956,98.790,27.468,3.365
mp-aaaaapfx,40.318,94.061,30.554,53.743,9.764,18.881,-17.800,18.001,36.681,0.880
mp-aaaaapge,197.562,154.259,197.344,43.303,0.218,112.986,88.741,101.850,24.245,11.136
mp-aaaaapgp,144.272,143.370,148.946,0.902,4.674,72.171,72.376,80.551,0.205,8.380
mp-aaaaapgq,154.652,162.982,155.191,8.330,0.539,74.911,84.681,77.981,9.770,3.070
mp-aaaaapgs,59.810,65.944,55.278,6.134,4.532,37.493,33.124,30.490,4.369,7.003
mp-aaaaapgu,70.130,71.815,61.763,1.685,8.367,27.410,34.465,28.419,7.055,1.009
mp-aaaaapha,104.207,165.093,122.384,60.886,18.177,44.247,42.860,41.150,1.387,3.097
mp-aaaaaphe,26.297,80.110,36.033,53.813,9.735,12.107,8.442,21.410,3.665,9.303
mp-aaaaaphv,137.801,151.340,131.785,13.539,6.016,68.079,60.987,70.456,7.092,2.377
mp-aaaaapii,39.333,104.100,42.070,64.767,2.736,12.324,9.618,12.240,2.706,0.084
mp-aaaaapis,225.888,167.312,225.755,58.576,0.133,114.155,112.819,117.765,1.336,3.610
mp-aaaaapit,103.667,148.871,111.079,45.204,7.412,-9.739,-1.091,32.483,8.648,42.222
mp-aaaaapix,162.430,209.486,155.942,47.056,6.488,79.169,99.792,98.487,20.623,19.317
mp-aaaaapjf,137.244,120.735,133.417,16.509,3.827,73.176,80.884,63.122,7.708,10.054
mp-aaaaapjh,17.486,19.608,19.725,2.122,2.238,8.694,15.294,8.974,6.600,0.280
mp-aaaaapjq,126.782,158.911,148.337,32.129,21.555,71.405,77.076,86.797,5.671,15.392
mp-aaaaapju,183.812,183.664,153.783,0.148,30.029,74.152,80.640,57.924,6.488,16.229
mp-aaaaapjy,154.156,154.999,148.066,0.843,6.089,79.680,76.688,67.205,2.992,12.474
mp-aaaaapkc,25.595,50.783,31.528,25.188,5.932,7.460,15.002,16.480,7.542,9.020
mp-aaaaapkf,62.924,92.034,70.469,29.110,7.545,44.223,47.610,47.440,3.387,3.217
mp-aaaaapki,31.180,59.929,30.727,28.749,0.453,14.333,13.548,16.036,0.785,1.703
mp-aaaaapkn,33.000,111.157,38.646,78.157,5.646,3.000,15.545,10.503,12.545,7.503
mp-aaaaapkr,23.706,49.858,28.034,26.152,4.328,16.162,33.775,16.688,17.613,0.525
mp-aaaaapkv,30.763,88.458,14.222,57.695,16.542,15.262,17.737,-4.508,2.475,19.770
mp-aaaaapkw,48.034,89.132,36.180,41.098,11.854,23.241,22.573,5.912,0.668,17.329
mp-aaaaapkx,34.930,92.104,14.938,57.174,19.992,17.952,8.918,5.118,9.034,12.834
mp-aaaaapla,65.974,176.161,113.013,110.187,47.039,36.887,59.435,55.157,22.548,18.269
mp-aaaaaplj,77.384,86.763,84.670,9.379,7.286,41.606,49.206,52.994,7.600,11.388
mp-aaaaapll,67.348,56.752,43.169,10.596,24.178,21.150,23.934,16.897,2.784,4.253
mp-aaaaaplo,204.026,175.981,195.395,28.045,8.631,51.971,86.365,95.503,34.394,43.531
mp-aaaaaplt,62.134,83.730,63.433,21.596,1.299,-37.501,22.704,32.483,60.205,69.984
mp-aaaaaplu,72.746,81.913,65.623,9.167,7.123,21.908,28.688,29.504,6.780,7.596
mp-aaaaapmb,160.754,150.978,164.948,9.776,4.195,75.630,84.988,79.690,9.358,4.060
mp-aaaaapmd,82.621,84.346,83.709,1.725,1.088,52.265,48.112,43.685,4.153,8.581
mp-aaaaapme,192.606,161.139,192.457,31.467,0.149,100.928,66.796,100.327,34.132,0.601
mp-aaaaapmf,169.409,151.415,173.359,17.994,3.951,93.022,71.681,90.582,21.341,2.439
mp-aaaaapml,173.736,149.371,158.888,24.365,14.848,65.411,76.509,65.508,11.098,0.097
mp-aaaaapmr,215.282,161.034,213.372,54.248,1.910,82.253,95.571,88.667,13.318,6.414
mp-aaaaapms,221.107,184.129,223.105,36.978,1.997,113.491,100.823,108.216,12.668,5.275
mp-aaaaapmw,23.333,10.277,30.379,13.056,7.046,10.393,20.840,8.243,10.447,2.150
mp-aaaaapnh,29.920,11.323,19.882,18.597,10.038,23.371,22.995,10.499,0.376,12.873
mp-aaaaapno,17.333,22.842,30.988,5.509,13.655,8.586,18.790,15.000,10.204,6.414
mp-aaaaapnt,49.649,84.573,45.389,34.924,4.260,20.836,16.620,24.389,4.216,3.553
mp-aaaaapnu,151.404,132.483,140.642,18.921,10.762,37.565,46.782,60.360,9.217,22.795
mp-aaaaapop,66.441,79.036,59.836,12.595,6.605,27.432,30.681,30.330,3.249,2.898
mp-aaaaapor,70.621,90.217,73.660,19.596,3.039,37.899,46.556,40.532,8.657,2.633
mp-aaaaapot,148.951,99.523,143.651,49.428,5.300,57.014,44.136,58.281,12.878,1.268
mp-aaaaapov,54.000,106.515,35.683,52.515,18.317,-23.525,51.623,14.660,75.148,38.184
mp-aaaaapox,84.929,80.201,84.723,4.728,0.206,53.178,61.745,45.065,8.567,8.114
mp-aaaaapoy,88.337,94.011,91.862,5.674,3.525,54.218,52.115,53.711,2.103,0.507
mp-aaaaappu,93.884,94.271,95.947,0.387,2.063,71.212,52.446,69.749,18.766,1.463
mp-aaaaapqi,68.672,95.929,69.254,27.257,0.582,34.193,38.782,30.698,4.589,3.496
mp-aaaaaprc,82.333,110.292,86.040,27.959,3.707,43.870,37.556,35.029,6.314,8.841
mp-aaaaaprp,90.333,86.563,96.657,3.770,6.323,34.980,27.633,27.724,7.347,7.256
mp-aaaaaprq,76.222,77.773,73.399,1.551,2.823,40.830,34.760,31.859,6.070,8.971
mp-aaaaaprs,58.667,58.879,49.723,0.212,8.944,34.546,35.562,28.555,1.016,5.991
mp-aaaaaprt,78.667,68.870,79.495,9.797,0.828,64.778,52.788,60.693,11.990,4.085
mp-aaaaapru,67.333,63.200,66.803,4.133,0.530,48.586,40.329,47.655,8.257,0.931
mp-aaaaapry,66.667,62.623,70.894,4.044,4.228,50.179,41.815,49.092,8.364,1.086
mp-aaaaapsa,82.333,63.720,82.569,18.613,0.236,62.765,62.419,63.026,0.346,0.260
mp-aaaaapsd,61.000,55.521,47.765,5.479,13.235,39.726,31.083,28.746,8.643,10.980
mp-aaaaapsg,42.536,28.638,44.518,13.898,1.982,29.284,36.057,28.997,6.773,0.287
mp-aaaaapsh,37.881,19.767,44.463,18.114,6.582,24.781,28.704,28.420,3.923,3.639
mp-aaaaapsi,34.097,11.552,35.048,22.545,0.951,22.919,28.929,20.624,6.010,2.295
mp-aaaaapso,70.333,61.534,52.725,8.799,17.609,44.305,38.241,23.390,6.064,20.916
mp-aaaaapsp,112.667,164.646,98.606,51.979,14.061,42.617,53.028,35.745,10.411,6.872
mp-aaaaapsq,134.333,135.042,116.745,0.709,17.588,36.770,27.779,34.178,8.991,2.592
mp-aaaaapst,51.667,47.696,40.252,3.971,11.415,20.085,22.668,17.913,2.583,2.172
mp-aaaaapsw,57.333,138.099,59.408,80.766,2.074,-5.667,-0.740,3.555,4.927,9.222
mp-aaaaapsy,43.667,37.772,37.995,5.895,5.672,1.383,-5.542,7.288,6.925,5.905
mp-aaaaaptb,51.333,38.762,49.615,12.571,1.718,24.377,30.369,28.476,5.992,4.099
mp-aaaaaptc,29.379,48.319,36.044,18.940,6.665,12.557,22.188,20.449,9.631,7.892
mp-aaaaaptd,82.000,102.217,71.491,20.217,10.509,31.799,16.717,24.807,15.082,6.992
mp-aaaaapte,94.159,81.500,93.226,12.659,0.933,58.256,43.033,48.826,15.223,9.430
mp-aaaaapth,53.333,64.027,47.422,10.694,5.911,10.311,6.554,-79.822,3.757,90.133
mp-aaaaaptn,37.333,14.046,37.002,23.287,0.331,-2.187,-10.114,5.220,7.927,7.407
mp-aaaaaptp,87.527,95.451,82.263,7.924,5.264,64.295,36.346,36.729,27.949,27.567
mp-aaaaaptr,55.983,69.702,69.755,13.719,13.772,38.396,42.579,54.060,4.183,15.664
mp-aaaaapts,62.667,55.561,54.598,7.106,8.069,37.456,21.321,29.302,16.135,8.154
mp-aaaaaptu,50.333,39.776,43.659,10.557,6.674,5.888,16.036,20.572,10.149,14.684
mp-aaaaapty,41.313,26.405,41.960,14.908,0.647,27.561,18.790,22.460,8.771,5.100
mp-aaaaaptz,42.312,44.806,39.482,2.494,2.830,27.869,22.452,22.889,5.417,4.980
mp-aaaaapuc,30.532,31.782,36.233,1.250,5.701,-6.976,12.507,18.433,19.483,25.409
mp-aaaaapuh,55.864,45.474,60.456,10.390,4.592,35.389,30.678,38.959,4.711,3.570
mp-aaaaapuj,32.980,51.586,26.614,18.606,6.366,21.069,24.502,15.255,3.433,5.814
mp-aaaaapuk,45.909,52.795,48.067,6.886,2.158,34.031,32.120,29.589,1.911,4.442
mp-aaaaapul,40.421,54.766,34.479,14.345,5.942,29.955,31.117,19.627,1.162,10.327
mp-aaaaapuo,34.667,104.746,44.102,70.079,9.435,10.817,16.616,17.684,5.799,6.867
mp-aaaaapup,162.667,134.361,178.621,28.306,15.955,40.517,74.461,65.791,33.944,25.275
mp-aaaaapuq,101.223,92.046,100.773,9.177,0.451,73.312,64.348,67.649,8.964,5.663
mp-aaaaapur,69.413,60.993,68.195,8.420,1.218,34.403,29.921,33.437,4.482,0.966
mp-aaaaapus,89.033,78.957,94.334,10.076,5.301,-9.629,-9.277,12.269,0.352,21.899
mp-aaaaapuu,38.667,22.600,27.790,16.067,10.877,17.574,17.491,4.055,0.083,13.519
mp-aaaaapuy,38.667,12.217,32.849,26.450,5.818,8.089,16.319,20.084,8.230,11.994
mp-aaaaapva,40.000,42.891,35.777,2.891,4.223,20.476,24.358,10.472,3.882,10.004
mp-aaaaapvb,53.333,68.342,64.018,15.009,10.685,4.250,5.477,31.627,1.227,27.377
mp-aaaaapvc,147.667,91.196,123.875,56.471,23.791,81.051,54.762,70.184,26.289,10.867
mp-aaaaapvi,90.333,56.506,84.761,33.827,5.572,40.606,38.955,39.700,1.651,0.907
mp-aaaaapvj,69.333,63.718,68.614,5.615,0.719,33.360,32.120,34.235,1.240,0.876
mp-aaaaapvl,80.329,102.494,75.839,22.165,4.490,53.248,54.494,38.241,1.246,15.006
mp-aaaaapvm,66.024,102.644,71.093,36.620,5.068,39.260,43.997,30.572,4.737,8.688
mp-aaaaapvn,205.667,172.292,212.476,33.375,6.809,85.419,107.932,90.665,22.513,5.246
mp-aaaaapvo,168.333,118.599,189.773,49.734,21.440,55.975,79.777,87.770,23.802,31.795
mp-aaaaapvu,258.667,222.794,265.248,35.873,6.581,157.383,135.960,160.119,21.423,2.736
mp-aaaaapvw,183.667,147.891,189.128,35.776,5.462,66.371,87.999,68.454,21.628,2.083
mp-aaaaapvz,175.257,188.919,173.505,13.662,1.752,148.735,147.538,152.674,1.197,3.939
mp-aaaaapwa,214.333,173.905,220.514,40.428,6.181,88.868,96.615,106.170,7.747,17.302
mp-aaaaapwc,204.000,178.001,207.833,25.999,3.833,83.298,103.485,86.522,20.187,3.224
mp-aaaaapwe,186.333,169.247,189.663,17.086,3.330,80.174,86.453,82.411,6.279,2.238
mp-aaaaapwg,36.333,90.928,38.124,54.595,1.791,9.456,13.668,9.988,4.212,0.532
mp-aaaaapwj,121.333,182.212,150.625,60.879,29.292,84.709,103.753,102.632,19.044,17.923
mp-aaaaapwq,173.667,150.646,169.403,23.021,4.264,22.062,17.937,16.871,4.125,5.191
mp-aaaaapwr,129.000,74.182,151.183,54.818,22.183,-1.543,-41.327,23.234,39.784,24.777
mp-aaaaapwu,241.667,204.616,235.654,37.051,6.013,135.960,140.852,127.210,4.892,8.750
mp-aaaaapww,207.429,172.373,193.091,35.056,14.338,90.324,101.131,106.328,10.807,16.005
mp-aaaaapwy,12.236,37.973,7.520,25.737,4.716,5.766,32.603,2.557,26.837,3.209
mp-aaaaapxa,122.817,108.998,127.155,13.819,4.338,50.077,52.196,50.071,2.119,0.006
mp-aaaaapxb,219.900,188.671,218.624,31.229,1.277,102.479,96.701,103.651,5.778,1.172
mp-aaaaapxc,95.000,47.757,110.542,47.243,15.542,49.931,31.330,37.991,18.601,11.940
mp-aaaaapxg,161.200,142.550,174.055,18.650,12.855,15.279,50.805,60.847,35.526,45.568
mp-aaaaapxi,96.324,77.759,90.122,18.565,6.202,54.606,44.222,45.431,10.384,9.174
mp-aaaaapxk,32.667,111.002,36.192,78.335,3.525,24.139,34.369,23.866,10.230,0.273
mp-aaaaapxl,48.169,35.086,50.374,13.083,2.204,32.672,25.326,28.976,7.346,3.696
mp-aaaaapxm,41.333,27.048,40.030,14.285,1.303,26.193,18.505,20.733,7.688,5.460
mp-aaaaapxo,42.333,51.621,41.195,9.288,1.138,27.098,20.244,24.023,6.854,3.076
mp-aaaaapxp,41.667,68.747,39.939,27.080,1.727,-26.214,-9.616,18.311,16.598,44.525
mp-aaaaapxr,119.667,139.963,115.538,20.296,4.129,55.973,51.847,59.158,4.126,3.185
mp-aaaaapxs,83.333,135.486,47.044,52.153,36.290,10.929,15.685,3.031,4.756,7.897
mp-aaaaapxv,58.000,43.379,61.365,14.621,3.365,44.553,35.044,29.414,9.509,15.139
mp-aaaaapxw,60.667,49.013,57.369,11.654,3.298,41.188,18.788,32.901,22.400,8.288
mp-aaaaapxx,61.571,110.034,88.438,48.463,26.867,46.775,58.044,34.876,11.269,11.899
mp-aaaaapxy,45.000,56.348,40.754,11.348,4.246,14.013,10.893,4.296,3.120,9.717
mp-aaaaapya,66.333,30.103,72.533,36.230,6.199,13.906,19.387,11.751,5.481,2.155
mp-aaaaapyn,27.913,23.511,32.206,4.402,4.293,17.765,9.938,19.615,7.827,1.850
mp-aaaaapyo,31.659,23.324,34.039,8.335,2.380,18.387,12.593,20.737,5.794,2.350
mp-aaaaapys,34.090,27.151,40.043,6.939,5.953,20.857,16.450,21.879,4.407,1.021
mp-aaaaapyu,37.424,31.556,39.147,5.868,1.724,21.717,17.117,23.087,4.600,1.370
mp-aaaaapyv,36.444,39.446,39.366,3.002,2.923,22.868,13.048,26.474,9.820,3.606
mp-aaaaapzh,78.832,101.306,61.512,22.474,17.320,41.026,61.068,27.751,20.042,13.275
mp-aaaaapzu,20.045,45.587,27.877,25.542,7.832,14.337,20.104,19.341,5.767,5.004
mp-aaaaaqai,55.029,65.308,62.780,10.279,7.751,26.478,26.710,22.841,0.232,3.636
mp-aaaaaqbc,111.333,87.652,107.699,23.681,3.634,53.335,41.084,64.797,12.251,11.462
mp-aaaaaqbf,79.333,66.888,88.254,12.445,8.921,48.136,57.029,44.752,8.893,3.383
mp-aaaaaqbg,100.000,56.737,102.801,43.263,2.801,37.662,47.869,49.407,10.207,11.746
mp-aaaaaqbh,95.667,35.243,101.165,60.424,5.499,36.093,43.521,43.889,7.428,7.797
mp-aaaaaqbi,79.333,63.536,79.210,15.797,0.123,32.634,28.405,32.742,4.229,0.108
mp-aaaaaqbl,167.476,125.226,203.726,42.250,36.251,117.794,104.067,100.851,13.727,16.943
mp-aaaaaqbm,177.801,157.285,211.741,20.516,33.940,122.362,105.841,121.789,16.521,0.574
mp-aaaaaqbo,182.383,164.172,211.864,18.211,29.481,122.741,106.772,138.294,15.969,15.554
mp-aaaaaqbp,183.884,150.002,214.514,33.882,30.630,122.957,104.514,144.359,18.443,21.402
mp-aaaaaqbt,8.181,1.211,28.828,6.970,20.647,2.022,1.701,6.143,0.321,4.121
mp-aaaaaqcd,108.667,112.175,118.993,3.508,10.326,-10.289,8.193,31.082,18.482,41.371
mp-aaaaaqce,142.000,111.046,134.419,30.954,7.581,22.006,21.388,18.377,0.618,3.629
mp-aaaaaqcf,115.000,110.384,117.185,4.616,2.185,18.900,10.435,40.251,8.465,21.351
mp-aaaaaqci,70.977,65.287,67.090,5.690,3.887,42.678,38.323,47.668,4.355,4.990
mp-aaaaaqcj,81.323,97.525,95.012,16.202,13.689,60.709,56.144,73.621,4.565,12.912
mp-aaaaaqck,31.923,100.451,99.199,68.528,67.275,62.955,52.714,77.259,10.241,14.305
mp-aaaaaqcp,199.667,171.853,191.863,27.814,7.804,96.165,117.639,73.934,21.474,22.231
mp-aaaaaqcq,187.333,178.155,184.999,9.178,2.334,103.674,119.909,90.091,16.235,13.583
mp-aaaaaqcr,160.333,149.122,164.854,11.211,4.521,42.097,54.301,41.416,12.204,0.681
mp-aaaaaqcs,97.664,112.961,95.256,15.297,2.408,49.451,67.205,62.900,17.754,13.448
mp-aaaaaqct,134.000,108.344,140.137,25.656,6.137,57.191,50.625,52.979,6.566,4.212
mp-aaaaaqcv,33.667,52.769,41.762,19.102,8.095,20.093,20.145,26.684,0.052,6.592
mp-aaaaaqcw,64.000,81.431,55.182,17.431,8.818,40.400,35.570,36.287,4.830,4.113
mp-aaaaaqcx,145.000,121.475,144.189,23.525,0.811,43.398,7.823,41.874,35.575,1.524
mp-aaaaaqcy,102.338,137.862,127.515,35.524,25.176,43.574,43.247,26.602,0.327,16.972
mp-aaaaaqcz,179.333,155.854,182.824,23.479,3.491,-25.150,-4.122,40.992,21.028,66.142
mp-aaaaaqda,185.333,177.285,199.846,8.048,14.513,94.941,69.721,81.793,25.220,13.147
mp-aaaaaqdb,185.333,140.280,147.310,45.053,38.024,96.388,44.049,47.390,52.339,48.998
mp-aaaaaqdd,108.871,117.021,115.928,8.150,7.058,59.621,60.599,51.457,0.978,8.164
mp-aaaaaqde,129.667,126.562,131.933,3.105,2.266,57.574,48.426,50.725,9.148,6.849
mp-aaaaaqdf,167.000,167.193,171.540,0.193,4.540,55.329,64.508,46.333,9.179,8.997
mp-aaaaaqdh,127.964,112.815,115.158,15.149,12.807,63.290,61.599,55.825,1.691,7.465
mp-aaaaaqdj,184.000,155.317,182.883,28.683,1.117,46.792,44.894,34.443,1.898,12.349
mp-aaaaaqdk,179.000,154.253,143.986,24.747,35.014,74.844,65.725,43.871,9.119,30.973
mp-aaaaaqdl,150.437,141.094,135.354,9.343,15.083,77.304,61.815,60.668,15.489,16.637
mp-aaaaaqdo,219.000,175.914,243.506,43.086,24.506,52.670,70.526,103.736,17.856,51.066
mp-aaaaaqdp,244.814,242.038,265.339,2.776,20.525,139.520,125.408,134.494,14.112,5.027
mp-aaaaaqdq,166.503,158.529,171.097,7.974,4.594,103.199,109.965,110.422,6.766,7.223
mp-aaaaaqdr,111.914,105.002,112.158,6.912,0.244,67.694,56.679,73.760,11.015,6.066
mp-aaaaaqdt,216.411,165.997,227.773,50.414,11.362,123.476,125.020,132.696,1.544,9.220
mp-aaaaaqdy,30.400,19.266,25.839,11.134,4.561,13.878,18.397,5.397,4.519,8.481
mp-aaaaaqdz,36.470,24.602,26.162,11.868,10.308,16.755,20.082,4.781,3.327,11.975
mp-aaaaaqee,203.632,194.603,193.404,9.029,10.228,97.820,103.904,95.001,6.084,2.819
mp-aaaaaqek,105.851,94.768,110.380,11.083,4.528,55.533,45.118,59.680,10.415,4.147
mp-aaaaaqel,110.422,98.871,112.046,11.551,1.624,56.953,42.651,62.606,14.302,5.653
mp-aaaaaqem,109.205,99.640,112.900,9.565,3.695,58.028,43.614,59.224,14.414,1.197
mp-aaaaaqfg,64.667,67.284,69.393,2.617,4.727,28.481,33.190,23.593,4.709,4.888
mp-aaaaaqfh,69.667,49.566,80.803,20.101,11.137,25.124,23.536,30.138,1.588,5.014
mp-aaaaaqfj,23.857,30.218,29.495,6.361,5.638,13.248,13.857,14.104,0.609,0.855
mp-aaaaaqfo,136.319,110.100,139.318,26.219,2.998,61.571,57.780,61.052,3.791,0.520
mp-aaaaaqft,67.753,83.670,67.054,15.917,0.699,36.277,38.714,31.355,2.437,4.923
mp-aaaaaqfv,50.487,58.468,49.568,7.981,0.918,22.686,25.404,13.648,2.718,9.038
mp-aaaaaqfx,83.929,120.010,92.648,36.081,8.719,27.416,16.419,26.360,10.997,1.056
mp-aaaaaqgn,42.102,78.327,37.434,36.225,4.667,19.990,24.913,17.550,4.923,2.441
mp-aaaaaqgt,96.344,81.186,90.413,15.158,5.932,47.554,47.029,41.611,0.525,5.943
mp-aaaaaqgy,40.976,54.521,43.873,13.545,2.897,27.923,24.166,26.370,3.757,1.553
mp-aaaaaqhn,25.136,27.827,23.481,2.691,1.654,13.835,-0.388,10.231,14.223,3.604
mp-aaaaaqhv,148.065,99.687,147.148,48.378,0.917,58.860,52.507,66.830,6.353,7.970
mp-aaaaaqhx,151.769,118.126,153.967,33.643,2.198,54.343,53.024,55.128,1.319,0.784
mp-aaaaaqhy,122.724,116.804,123.112,5.920,0.388,39.110,46.760,35.487,7.650,3.623
mp-aaaaaqhz,134.825,116.902,141.808,17.923,6.983,43.445,44.509,30.499,1.064,12.947
mp-aaaaaqib,68.649,44.875,65.755,23.774,2.894,42.536,30.707,32.019,11.829,10.518
mp-aaaaaqif,104.541,100.113,105.550,4.428,1.009,60.977,59.551,79.481,1.426,18.504
mp-aaaaaqio,101.092,97.992,114.174,3.100,13.083,46.065,51.111,68.863,5.046,22.799
mp-aaaaaqjx,123.108,117.635,116.203,5.473,6.905,57.321,43.153,42.960,14.168,14.361
mp-aaaaaqkp,77.730,86.241,80.613,8.511,2.883,26.692,20.949,32.509,5.743,5.817
mp-aaaaaqlc,98.428,98.168,108.803,0.260,10.375,30.737,41.897,45.057,11.160,14.321
mp-aaaaaqlf,101.375,107.195,115.954,5.820,14.579,36.295,38.481,52.535,2.186,16.240
mp-aaaaaqll,77.256,77.369,84.643,0.113,7.387,59.985,47.755,55.955,12.230,4.030
mp-aaaaaqme,25.079,28.313,21.909,3.234,3.169,14.029,5.683,9.976,8.346,4.053
mp-aaaaaqmt,35.534,46.304,37.600,10.770,2.066,18.746,23.145,20.491,4.399,1.745
mp-aaaaaqnb,54.642,55.824,55.972,1.182,1.330,39.884,31.520,36.947,8.364,2.937
mp-aaaaaqnd,57.311,56.177,62.989,1.134,5.678,42.951,31.683,39.960,11.268,2.991
mp-aaaaaqnp,96.718,129.034,92.514,32.316,4.204,49.130,60.646,46.508,11.516,2.622
mp-aaaaaqnv,31.452,28.877,32.258,2.575,0.805,15.321,17.885,13.623,2.564,1.698
mp-aaaaaqnw,132.000,121.694,120.516,10.306,11.484,53.786,55.834,45.633,2.048,8.153
mp-aaaaaqny,114.972,108.527,114.463,6.445,0.508,57.285,54.410,57.719,2.875,0.434
mp-aaaaaqoa,28.381,70.651,28.371,42.270,0.010,15.314,12.536,7.739,2.778,7.575
mp-aaaaaqob,45.363,70.508,39.101,25.145,6.262,30.643,29.337,17.488,1.306,13.155
mp-aaaaaqok,174.647,188.964,173.009,14.317,1.639,148.743,147.785,153.157,0.958,4.414
mp-aaaaaqol,194.740,176.669,200.801,18.071,6.062,156.462,164.699,175.634,8.237,19.171
mp-aaaaaqom,184.748,177.560,174.574,7.188,10.174,145.898,136.487,137.708,9.411,8.190
mp-aaaaaqon,104.501,124.177,102.703,19.676,1.798,51.759,28.257,47.020,23.502,4.739
mp-aaaaaqoo,123.111,101.342,117.541,21.769,5.570,49.985,64.369,48.399,14.384,1.586
mp-aaaaaqov,70.930,81.156,67.079,10.226,3.852,45.901,35.288,33.777,10.613,12.124
mp-aaaaaqow,60.391,59.277,62.517,1.114,2.126,36.340,28.876,33.284,7.464,3.056
mp-aaaaaqpd,81.722,75.326,83.267,6.396,1.545,37.229,56.207,45.658,18.978,8.429
mp-aaaaaqpo,70.310,73.414,66.293,3.104,4.017,45.932,25.626,37.036,20.306,8.896
mp-aaaaaqpq,44.667,70.383,48.608,25.716,3.941,25.423,20.994,26.727,4.429,1.304
mp-aaaaaqpv,93.000,94.813,86.990,1.813,6.010,58.072,59.058,61.456,0.986,3.384
mp-aaaaaqpw,54.016,57.785,68.805,3.769,14.789,29.201,22.751,39.877,6.450,10.677
mp-aaaaaqpx,63.333,54.764,66.588,8.569,3.254,34.127,28.286,40.157,5.841,6.031
mp-aaaaaqpy,54.629,47.252,54.873,7.377,0.244,30.752,26.673,37.197,4.079,6.445
mp-aaaaaqpz,75.333,75.177,80.532,0.156,5.199,58.398,46.036,62.238,12.362,3.840
mp-aaaaaqqa,29.998,80.260,30.829,50.262,0.832,-13.012,12.259,20.324,25.271,33.337
mp-aaaaaqqb,108.736,77.193,100.519,31.543,8.217,70.207,63.476,65.427,6.731,4.780
mp-aaaaaqqc,45.667,48.622,44.607,2.955,1.059,17.583,15.950,20.872,1.633,3.289
mp-aaaaaqqd,47.667,52.769,47.535,5.102,0.131,16.957,20.140,21.361,3.183,4.404
mp-aaaaaqqe,75.667,83.192,79.307,7.525,3.640,24.831,23.138,24.548,1.693,0.283
mp-aaaaaqqf,80.000,92.844,84.676,12.844,4.676,29.290,24.037,29.341,5.253,0.051
mp-aaaaaqqh,105.327,78.426,108.815,26.901,3.489,47.638,31.317,42.721,16.321,4.917
mp-aaaaaqql,85.309,89.917,85.367,4.608,0.058,15.716,11.554,33.203,4.162,17.487
mp-aaaaaqqp,33.667,50.579,35.343,16.912,1.676,9.182,15.595,5.372,6.413,3.809
mp-aaaaaqqq,98.333,108.953,113.438,10.620,15.104,11.162,20.869,27.668,9.707,16.506
mp-aaaaaqqr,96.333,92.424,95.566,3.909,0.768,19.166,32.715,35.686,13.549,16.520
mp-aaaaaqqt,43.436,62.461,42.115,19.025,1.321,9.165,13.491,9.233,4.326,0.069
mp-aaaaaqqu,121.514,116.887,127.423,4.627,5.909,28.362,26.568,31.331,1.794,2.969
mp-aaaaaqqy,103.667,103.152,103.558,0.515,0.109,41.769,19.708,31.479,22.061,10.290
mp-aaaaaqrb,133.333,107.933,125.358,25.400,7.976,34.657,40.602,19.313,5.945,15.344
mp-aaaaaqrc,134.000,115.865,131.770,18.135,2.230,20.700,47.317,35.461,26.617,14.761
mp-aaaaaqrd,84.000,52.506,87.737,31.494,3.737,-9.471,7.181,29.931,16.652,39.402
mp-aaaaaqrf,117.000,89.686,93.869,27.314,23.131,52.773,34.329,42.386,18.444,10.386
mp-aaaaaqri,26.552,29.848,24.898,3.296,1.654,7.893,10.028,8.634,2.135,0.742
mp-aaaaaqrj,23.395,25.598,18.683,2.203,4.712,5.691,11.832,2.167,6.141,3.525
mp-aaaaaqrl,55.219,51.738,49.886,3.481,5.333,23.562,26.390,15.219,2.828,8.343
mp-aaaaaqro,166.543,106.965,176.413,59.578,9.870,73.966,86.174,88.063,12.208,14.097
mp-aaaaaqrp,153.976,104.119,140.810,49.857,13.166,116.961,115.859,90.317,1.102,26.644
mp-aaaaaqrr,241.548,124.724,211.936,116.824,29.613,173.492,172.940,130.340,0.552,43.152
mp-aaaaaqrs,208.000,157.610,199.294,50.390,8.706,99.474,113.016,92.179,13.542,7.295
mp-aaaaaqrt,108.592,106.787,108.477,1.805,0.115,103.490,98.051,82.332,5.439,21.158
mp-aaaaaqru,185.684,131.085,190.914,54.599,5.230,111.223,104.031,76.872,7.192,34.351
mp-aaaaaqrv,125.000,89.892,136.681,35.108,11.681,73.821,65.428,51.701,8.393,22.120
mp-aaaaaqrw,122.106,122.850,150.448,0.744,28.342,39.501,89.744,121.293,50.243,81.792
mp-aaaaaqrx,157.980,125.489,163.641,32.491,5.662,137.257,139.436,135.593,2.179,1.664
mp-aaaaaqry,218.111,114.614,214.229,103.497,3.882,168.397,183.121,167.211,14.724,1.186
mp-aaaaaqrz,126.321,103.429,115.845,22.892,10.476,114.777,106.881,77.371,7.896,37.406
mp-aaaaaqsa,46.723,59.552,52.627,12.829,5.903,41.780,33.142,34.586,8.638,7.195
mp-aaaaaqsb,70.000,78.179,77.072,8.179,7.072,36.593,39.733,42.840,3.140,6.247
mp-aaaaaqsc,36.000,25.204,34.936,10.796,1.064,19.500,14.418,16.035,5.082,3.465
mp-aaaaaqsd,38.463,25.689,40.436,12.774,1.973,17.565,15.845,14.747,1.720,2.818
mp-aaaaaqse,30.551,28.026,30.514,2.525,0.037,10.322,15.243,16.237,4.921,5.915
mp-aaaaaqsg,44.000,32.076,45.580,11.924,1.580,22.950,13.597,17.071,9.353,5.879
mp-aaaaaqsj,113.000,71.315,108.183,41.685,4.817,50.891,45.922,36.808,4.969,14.083
mp-aaaaaqsk,56.948,50.878,62.312,6.070,5.364,31.821,35.258,37.509,3.437,5.688
mp-aaaaaqsp,37.556,60.596,49.696,23.040,12.141,13.375,10.148,11.292,3.227,2.083
mp-aaaaaqsq,73.216,61.050,109.672,12.166,36.455,27.769,22.773,2.795,4.996,24.975
mp-aaaaaqsr,57.025,48.204,64.601,8.821,7.576,33.279,36.751,39.550,3.472,6.271
mp-aaaaaqss,56.868,56.953,57.118,0.085,0.249,27.873,25.941,22.505,1.932,5.368
mp-aaaaaqsu,31.667,35.147,35.479,3.480,3.812,12.278,9.899,12.991,2.379,0.714
mp-aaaaaqsx,42.392,54.418,44.044,12.026,1.652,21.336,13.376,20.580,7.960,0.756
mp-aaaaaqsz,94.000,62.145,77.302,31.855,16.698,48.137,27.391,17.271,20.746,30.866
mp-aaaaaqtd,78.333,65.837,75.796,12.496,2.537,27.538,24.889,33.319,2.649,5.781
mp-aaaaaqtm,142.259,106.811,127.283,35.448,14.976,93.709,99.775,80.862,6.066,12.847
mp-aaaaaqtr,13.667,-25.723,7.982,39.390,5.685,6.900,9.755,1.143,2.855,5.757
mp-aaaaaqts,188.180,153.320,180.884,34.860,7.296,132.595,147.155,131.814,14.560,0.781
mp-aaaaaqtt,189.515,143.307,188.849,46.208,0.666,116.306,149.689,144.339,33.383,28.033
mp-aaaaaqty,298.000,250.827,298.860,47.173,0.860,134.509,158.916,151.473,24.407,16.964
mp-aaaaaqtz,88.000,49.073,91.220,38.927,3.220,66.775,56.163,41.011,10.612,25.763
mp-aaaaaqug,14.544,10.255,14.618,4.289,0.074,10.393,19.545,10.180,9.152,0.213
mp-aaaaaquj,135.284,76.080,117.555,59.204,17.729,81.045,68.120,69.217,12.925,11.828
mp-aaaaaqul,102.026,109.753,119.340,7.727,17.314,45.934,40.394,59.724,5.540,13.790
mp-aaaaaquo,87.091,99.029,85.134,11.938,1.958,56.367,55.855,55.890,0.512,0.477
mp-aaaaaqup,87.134,98.631,89.695,11.497,2.561,38.694,42.428,44.761,3.734,6.068
mp-aaaaaquw,242.667,178.191,236.482,64.476,6.185,141.652,135.097,120.114,6.555,21.538
mp-aaaaaqux,70.930,93.735,68.050,22.805,2.879,30.544,29.798,35.694,0.746,5.150
mp-aaaaaquy,107.667,94.732,107.873,12.935,0.207,47.214,40.482,46.855,6.732,0.358
mp-aaaaaquz,78.333,65.771,63.477,12.562,14.857,38.561,35.796,30.589,2.765,7.972
mp-aaaaaqvb,109.696,94.116,107.735,15.580,1.961,39.282,40.492,37.152,1.210,2.130
mp-aaaaaqvc,129.333,115.311,136.820,14.022,7.487,49.157,45.328,25.255,3.829,23.901
mp-aaaaaqve,121.333,95.526,122.192,25.807,0.859,42.311,43.655,43.522,1.344,1.210
mp-aaaaaqvf,63.327,46.484,71.521,16.843,8.193,28.260,30.101,35.576,1.841,7.316
mp-aaaaaqvh,66.413,43.344,75.765,23.069,9.351,27.565,28.397,38.735,0.832,11.170
mp-aaaaaqvm,53.000,47.083,56.756,5.917,3.756,14.819,15.592,16.730,0.773,1.910
mp-aaaaaqvn,41.333,26.314,29.147,15.019,12.186,18.008,11.547,-0.700,6.461,18.707
mp-aaaaaqvu,102.380,123.893,107.362,21.513,4.982,56.841,39.512,56.042,17.329,0.799
mp-aaaaaqvz,100.394,84.731,102.581,15.663,2.187,71.034,61.544,72.023,9.490,0.989
mp-aaaaaqwa,215.667,238.119,224.713,22.452,9.046,42.840,47.190,81.753,4.350,38.914
mp-aaaaaqwc,58.333,70.556,57.266,12.223,1.068,46.155,33.254,37.568,12.901,8.587
mp-aaaaaqwe,100.355,84.002,103.186,16.353,2.831,49.443,39.196,49.869,10.247,0.426
mp-aaaaaqwf,168.109,157.309,166.692,10.800,1.417,99.759,93.783,73.525,5.976,26.234
mp-aaaaaqwj,118.251,134.203,104.773,15.952,13.478,64.824,52.855,57.895,11.969,6.929
mp-aaaaaqwm,128.667,131.681,129.877,3.014,1.211,50.115,45.416,44.354,4.699,5.762
mp-aaaaaqwn,101.559,111.150,103.836,9.591,2.277,60.612,59.471,62.021,1.141,1.408
mp-aaaaaqwt,215.667,227.267,219.116,11.600,3.449,77.753,66.188,85.459,11.565,7.706
mp-aaaaaqwx,76.612,71.015,77.635,5.597,1.023,43.772,45.058,51.909,1.286,8.136
mp-aaaaaqwy,79.997,81.771,81.414,1.774,1.417,49.484,45.335,56.851,4.149,7.368
mp-aaaaaqwz,74.848,79.669,71.311,4.821,3.537,51.497,45.062,51.015,6.435,0.482
mp-aaaaaqxc,125.855,128.235,124.182,2.380,1.673,78.073,79.866,86.331,1.793,8.258
mp-aaaaaqxe,72.000,67.656,68.307,4.344,3.693,43.746,29.056,37.704,14.690,6.042
mp-aaaaaqxh,172.333,60.063,52.751,112.270,119.583,-3.861,10.064,28.107,13.925,31.968
mp-aaaaaqxq,62.180,62.502,62.774,0.322,0.593,36.396,29.333,43.923,7.063,7.527
mp-aaaaaqxr,90.896,89.317,78.489,1.579,12.407,38.651,45.876,45.031,7.225,6.380
mp-aaaaaqxv,98.127,97.551,102.089,0.576,3.962,61.483,60.447,68.601,1.036,7.118
mp-aaaaaqxw,115.236,121.965,105.089,6.729,10.147,76.303,66.413,71.417,9.890,4.887
mp-aaaaaqyb,116.468,103.705,117.154,12.763,0.686,64.932,83.032,77.087,18.100,12.155
mp-aaaaaqye,91.123,84.415,90.578,6.708,0.545,51.829,47.572,45.728,4.257,6.101
mp-aaaaaqyf,94.389,83.955,94.851,10.434,0.462,60.201,57.922,64.964,2.279,4.763
mp-aaaaaqyj,315.951,159.338,196.821,156.613,119.130,39.255,22.336,86.071,16.919,46.816
mp-aaaaaqym,225.000,212.935,230.031,12.065,5.031,113.897,100.394,116.764,13.503,2.867
mp-aaaaaqyn,178.889,153.206,169.356,25.683,9.532,84.347,60.003,68.588,24.344,15.759
mp-aaaaaqyo,136.281,118.534,137.714,17.747,1.433,56.150,49.307,55.997,6.843,0.153
mp-aaaaaqyp,179.333,152.134,180.398,27.199,1.065,32.102,35.138,30.376,3.036,1.726
mp-aaaaaqyq,229.999,191.641,221.212,38.358,8.787,105.627,87.962,109.791,17.665,4.164
mp-aaaaaqyr,180.000,152.967,193.185,27.033,13.185,52.539,34.232,37.715,18.307,14.824
mp-aaaaaqyu,188.333,172.880,194.097,15.453,5.764,83.442,81.441,84.930,2.001,1.488
mp-aaaaaqyv,63.914,42.504,73.898,21.410,9.984,27.493,27.568,37.812,0.075,10.319
mp-aaaaaqyy,40.204,44.002,51.173,3.798,10.970,14.791,9.617,19.428,5.174,4.637
mp-aaaaaqyz,42.658,50.854,49.516,8.196,6.858,19.533,16.860,27.209,2.673,7.676
mp-aaaaaqza,18.691,35.966,20.798,17.275,2.107,8.504,12.130,8.917,3.626,0.413
mp-aaaaaqzb,55.667,49.931,52.729,5.736,2.938,17.864,15.646,16.483,2.218,1.381
mp-aaaaaqzc,55.767,47.205,52.894,8.562,2.872,23.900,19.495,22.854,4.405,1.046
mp-aaaaaqzd,54.667,47.850,51.064,6.817,3.603,17.864,17.940,16.297,0.076,1.567
mp-aaaaaqze,82.792,116.484,92.792,33.692,10.000,25.158,15.588,19.510,9.570,5.648
mp-aaaaaqzf,77.000,55.610,80.815,21.390,3.815,26.614,24.114,28.317,2.500,1.702
mp-aaaaaqzg,29.981,27.433,31.727,2.548,1.745,11.534,15.092,11.509,3.558,0.025
mp-aaaaaqzk,137.667,242.853,139.900,105.186,2.234,51.621,59.048,36.693,7.427,14.928
mp-aaaaaqzm,65.333,69.754,67.016,4.421,1.683,8.000,-3.026,12.493,11.026,4.493
mp-aaaaaqzo,115.667,140.743,108.089,25.076,7.577,-2.356,23.582,10.297,25.938,12.653
mp-aaaaaqzp,309.598,270.645,318.408,38.953,8.811,182.627,177.287,191.100,5.340,8.473
mp-aaaaaqzq,336.674,288.644,313.137,48.030,23.537,189.185,172.950,161.209,16.235,27.976
mp-aaaaaqzs,191.000,186.135,136.093,4.865,54.907,55.155,47.989,13.009,7.166,42.147
mp-aaaaaqzu,106.863,103.261,100.069,3.602,6.794,76.338,63.835,75.804,12.503,0.534
mp-aaaaaqzv,138.333,152.295,146.158,13.962,7.825,50.235,55.496,39.117,5.261,11.118
mp-aaaaaqzw,46.667,51.590,45.791,4.923,0.876,15.800,11.314,15.681,4.486,0.119
mp-aaaaaqzx,36.441,40.177,35.418,3.736,1.023,16.048,14.632,14.278,1.416,1.770
mp-aaaaaqzy,37.333,43.960,38.485,6.627,1.151,27.846,20.169,22.488,7.677,5.358
mp-aaaaaraa,100.667,103.857,123.430,3.190,22.763,40.490,49.556,43.100,9.066,2.609
mp-aaaaarab,47.395,63.892,52.583,16.497,5.187,-18.111,22.609,19.446,40.720,37.557
mp-aaaaarae,67.667,79.427,69.859,11.760,2.192,40.129,34.814,39.650,5.315,0.479
mp-aaaaarag,33.667,38.996,35.814,5.329,2.147,3.971,4.153,9.661,0.182,5.689
mp-aaaaarah,42.555,37.984,42.247,4.571,0.308,21.969,19.339,17.479,2.630,4.491
mp-aaaaarai,148.441,138.632,153.243,9.809,4.802,38.303,49.712,0.635,11.409,37.668
mp-aaaaaral,91.667,97.348,119.373,5.681,27.706,-31.272,-4.142,37.498,27.130,68.770
mp-aaaaaram,81.000,101.942,105.902,20.942,24.902,48.097,27.470,50.566,20.627,2.469
mp-aaaaarao,214.219,192.394,213.113,21.825,1.106,91.423,99.597,97.063,8.174,5.640
mp-aaaaarap,209.592,195.661,221.075,13.931,11.482,92.771,102.376,99.504,9.605,6.733
mp-aaaaaraq,135.400,104.927,119.613,30.473,15.787,96.789,99.722,89.466,2.933,7.323
mp-aaaaarat,70.596,95.307,68.863,24.711,1.733,47.277,37.987,42.423,9.290,4.854
mp-aaaaarau,136.000,134.152,135.613,1.848,0.387,52.765,84.440,52.671,31.675,0.094
mp-aaaaarav,196.998,198.189,197.692,1.191,0.694,90.378,92.677,78.144,2.299,12.234
mp-aaaaaraw,242.072,190.198,244.918,51.874,2.847,110.010,96.675,101.902,13.335,8.108
mp-aaaaarax,219.839,186.941,217.744,32.898,2.095,55.939,66.560,103.571,10.621,47.632
mp-aaaaaray,228.667,201.920,243.529,26.747,14.862,156.603,98.781,85.509,57.822,71.094
mp-aaaaaraz,254.333,246.964,278.134,7.369,23.801,135.814,106.344,139.405,29.470,3.591
mp-aaaaarbb,180.333,176.115,128.135,4.218,52.199,19.757,56.979,20.497,37.222,0.740
mp-aaaaarbc,89.000,91.563,90.785,2.563,1.785,55.527,41.407,55.976,14.120,0.450
mp-aaaaarbd,105.667,114.082,114.267,8.415,8.601,43.787,39.048,34.891,4.739,8.895
mp-aaaaarbe,166.333,142.298,163.481,24.035,2.852,76.851,71.648,71.802,5.203,5.049
mp-aaaaarbf,163.000,141.827,173.196,21.173,10.196,17.623,46.056,41.974,28.433,24.351
mp-aaaaarbi,155.386,143.324,145.887,12.062,9.499,75.812,60.258,72.589,15.554,3.223
mp-aaaaarbn,229.266,219.225,231.003,10.041,1.737,85.670,107.635,112.415,21.965,26.745
mp-aaaaarbp,162.333,154.843,175.621,7.490,13.287,70.378,73.969,72.272,3.591,1.894
mp-aaaaarbq,168.201,86.410,163.177,81.791,5.024,112.431,97.941,101.961,14.490,10.470
mp-aaaaarbs,215.333,205.359,212.371,9.974,2.963,72.166,68.761,73.436,3.405,1.270
mp-aaaaarbt,230.667,214.122,231.685,16.545,1.018,116.655,98.853,110.078,17.802,6.577
mp-aaaaarbv,111.548,96.495,111.365,15.053,0.183,63.615,54.759,61.847,8.856,1.768
mp-aaaaarbw,191.000,159.164,210.418,31.836,19.418,-11.600,7.362,13.771,18.962,25.371
mp-aaaaarbx,208.000,187.437,209.119,20.563,1.119,98.641,93.346,100.456,5.295,1.814
mp-aaaaarcc,153.333,137.171,151.160,16.162,2.174,19.659,22.864,26.367,3.205,6.707
mp-aaaaarcd,81.875,70.217,80.403,11.658,1.472,24.701,23.890,32.070,0.811,7.369
mp-aaaaarcf,192.226,164.530,189.051,27.696,3.176,78.520,72.533,88.450,5.987,9.929
mp-aaaaarcg,90.536,108.107,91.079,17.571,0.544,27.051,8.717,37.353,18.334,10.301
mp-aaaaarci,185.333,167.718,182.905,17.615,2.429,25.457,27.378,31.941,1.921,6.485
mp-aaaaarcj,62.147,124.181,60.102,62.034,2.044,6.014,21.810,15.403,15.796,9.389
mp-aaaaarcn,226.213,156.824,207.618,69.389,18.595,75.397,51.573,56.227,23.824,19.170
mp-aaaaarcq,203.329,195.621,210.875,7.708,7.546,103.324,109.990,107.691,6.666,4.367
mp-aaaaarcr,109.000,107.628,113.744,1.372,4.744,37.650,42.023,34.663,4.373,2.987
mp-aaaaarcs,179.010,189.839,171.309,10.829,7.701,75.800,77.157,72.150,1.357,3.650
mp-aaaaarcu,119.000,112.265,120.448,6.735,1.448,47.864,49.174,36.677,1.310,11.187
mp-aaaaarcv,178.684,191.313,171.203,12.629,7.482,75.950,61.610,68.723,14.340,7.227
mp-aaaaarcw,75.333,91.133,82.507,15.800,7.173,45.842,39.944,43.611,5.898,2.232
mp-aaaaarcx,81.004,81.699,80.927,0.695,0.077,49.901,47.776,52.058,2.125,2.158
mp-aaaaarcy,52.333,52.789,51.724,0.456,0.609,17.472,13.180,14.302,4.292,3.170
mp-aaaaardb,57.000,66.578,63.369,9.578,6.369,1.638,37.058,24.325,35.420,22.688
mp-aaaaardc,257.667,212.772,264.782,44.895,7.116,128.546,109.597,123.348,18.949,5.198
mp-aaaaardd,204.000,192.445,214.573,11.555,10.573,80.209,78.080,84.710,2.129,4.502
mp-aaaaardg,33.000,37.120,33.405,4.120,0.405,24.926,5.889,21.543,19.037,3.383
mp-aaaaardi,118.333,116.559,113.222,1.774,5.111,65.259,45.071,51.450,20.188,13.809
mp-aaaaardk,206.600,180.031,191.597,26.569,15.003,123.438,124.608,92.265,1.170,31.173
mp-aaaaardm,34.825,17.460,35.095,17.365,0.270,17.620,17.666,15.881,0.046,1.739
mp-aaaaardn,160.153,171.301,154.511,11.148,5.642,68.542,81.511,64.902,12.969,3.639
mp-aaaaardo,50.109,78.989,42.385,28.880,7.724,35.602,29.953,26.549,5.649,9.053
mp-aaaaardx,243.911,331.140,244.693,87.229,0.782,123.203,122.240,112.967,0.963,10.236
mp-aaaaardy,231.415,316.558,231.983,85.143,0.568,96.677,121.358,100.450,24.681,3.773
mp-aaaaarea,167.409,154.378,162.177,13.031,5.232,60.997,56.932,52.852,4.065,8.145
mp-aaaaareb,171.092,161.264,168.576,9.828,2.516,60.885,53.665,56.946,7.220,3.939
mp-aaaaarel,255.000,174.490,256.161,80.510,1.161,149.478,134.454,145.023,15.024,4.455
mp-aaaaareo,152.562,134.918,156.440,17.644,3.878,62.823,65.140,58.002,2.317,4.821
mp-aaaaaret,97.730,71.859,98.994,25.871,1.264,62.590,39.212,50.518,23.378,12.072
mp-aaaaarey,93.334,111.293,92.228,17.959,1.106,16.748,28.950,31.926,12.202,15.178
mp-aaaaarez,96.667,118.005,94.643,21.338,2.024,40.222,39.324,37.728,0.898,2.494
mp-aaaaarfw,16.000,0.063,11.445,15.937,4.555,8.912,10.277,3.556,1.365,5.356
mp-aaaaargb,58.656,46.807,72.030,11.849,13.375,46.149,46.419,53.495,0.270,7.345
mp-aaaaarge,58.667,58.175,69.796,0.492,11.129,50.080,8.976,51.582,41.104,1.502
mp-aaaaargk,55.550,66.167,49.691,10.617,5.860,22.064,23.715,1.253,1.651,20.810
mp-aaaaargn,201.000,274.557,217.961,73.557,16.961,116.327,127.003,125.427,10.676,9.101
mp-aaaaargt,75.853,85.344,78.482,9.491,2.629,51.126,42.005,37.863,9.121,13.262
mp-aaaaarhb,28.064,47.743,33.168,19.679,5.104,19.510,29.618,23.331,10.108,3.821
mp-aaaaarhk,110.698,78.234,110.836,32.464,0.138,59.829,49.858,62.200,9.971,2.371
mp-aaaaarhn,25.007,57.713,32.145,32.706,7.138,17.721,26.412,16.685,8.691,1.036
mp-aaaaarhq,185.123,187.447,194.886,2.324,9.763,131.800,136.420,137.894,4.620,6.094
mp-aaaaarht,47.353,89.817,52.961,42.464,5.608,19.908,24.602,27.611,4.694,7.703
mp-aaaaarhu,14.845,44.854,18.193,30.009,3.348,5.252,9.556,9.920,4.304,4.667
mp-aaaaarhv,18.633,26.071,23.577,7.438,4.944,6.865,18.642,9.236,11.777,2.371
mp-aaaaarhw,135.066,150.009,150.594,14.943,15.528,76.406,91.604,96.164,15.198,19.758
mp-aaaaarhx,101.588,127.882,98.475,26.294,3.113,72.384,63.223,61.217,9.161,11.167
mp-aaaaarhy,39.995,36.598,39.603,3.397,0.392,26.536,22.944,25.189,3.592,1.347
mp-aaaaaria,43.929,33.224,38.626,10.705,5.303,29.034,22.796,17.827,6.238,11.206
mp-aaaaarif,129.116,127.558,128.734,1.558,0.382,81.624,72.170,85.666,9.454,4.042
mp-aaaaario,213.664,120.077,216.877,93.587,3.213,188.525,192.991,190.516,4.466,1.992
mp-aaaaaris,25.000,40.977,24.693,15.977,0.307,13.861,13.160,16.070,0.701,2.208
mp-aaaaarit,17.092,13.637,13.591,3.455,3.501,8.194,4.911,4.588,3.283,3.606
mp-aaaaariw,64.441,74.203,72.853,9.762,8.412,22.712,17.459,40.769,5.253,18.056
mp-aaaaarjh,95.000,101.005,98.401,6.005,3.401,72.574,68.756,75.455,3.818,2.881
mp-aaaaarji,131.000,94.442,130.371,36.558,0.629,74.908,58.026,69.000,16.882,5.908
mp-aaaaarjk,222.643,153.498,202.897,69.145,19.746,102.134,97.052,102.425,5.082,0.291
mp-aaaaarjl,78.973,99.793,83.520,20.820,4.547,53.350,61.471,58.162,8.121,4.811
mp-aaaaarjm,25.755,41.354,27.178,15.599,1.423,12.929,10.830,11.062,2.099,1.867
mp-aaaaarjy,149.986,151.683,159.457,1.697,9.471,105.524,87.750,103.842,17.774,1.682
mp-aaaaarka,67.102,85.717,57.545,18.615,9.557,35.576,31.785,27.046,3.791,8.530
mp-aaaaarkc,71.878,91.649,74.040,19.771,2.162,26.800,31.939,34.421,5.139,7.622
mp-aaaaarkd,64.485,82.258,66.042,17.773,1.557,37.406,33.199,35.474,4.207,1.932
mp-aaaaarkn,84.330,75.135,89.672,9.195,5.342,46.965,51.943,58.307,4.978,11.342
mp-aaaaarks,67.946,84.706,70.572,16.760,2.626,28.087,31.399,27.241,3.312,0.846
mp-aaaaarkx,132.333,67.559,135.590,64.774,3.257,69.575,55.235,65.720,14.340,3.855
mp-aaaaarlk,51.531,47.392,54.602,4.139,3.070,16.526,24.396,27.145,7.870,10.619
mp-aaaaarlm,56.462,60.152,53.980,3.690,2.482,29.312,26.345,24.912,2.967,4.400
mp-aaaaarlp,62.965,60.712,62.091,2.253,0.874,30.820,30.817,30.742,0.003,0.077
mp-aaaaarlw,91.897,92.628,97.398,0.731,5.501,42.100,38.207,41.903,3.893,0.197
mp-aaaaarmc,86.667,79.780,87.832,6.887,1.165,37.307,33.792,36.171,3.515,1.136
mp-aaaaarmd,113.250,116.621,118.117,3.371,4.867,51.988,45.173,47.806,6.815,4.182
mp-aaaaarme,140.667,125.955,143.359,14.712,2.692,57.241,73.969,57.705,16.728,0.464
mp-aaaaarmf,109.199,109.114,109.819,0.085,0.620,82.465,79.222,84.012,3.243,1.547
mp-aaaaarmm,34.444,31.945,37.571,2.499,3.126,23.760,27.205,17.161,3.445,6.599
mp-aaaaarmo,40.088,43.792,39.302,3.704,0.787,29.255,28.479,26.362,0.776,2.893
mp-aaaaarmp,30.773,48.328,29.114,17.555,1.659,19.584,15.552,8.244,4.032,11.340
mp-aaaaarmq,8.667,15.016,7.919,6.349,0.747,5.352,2.249,5.548,3.103,0.197
mp-aaaaarms,55.333,38.110,56.713,17.223,1.380,36.948,47.811,43.660,10.863,6.712
mp-aaaaarmu,63.000,33.370,63.638,29.630,0.638,53.526,53.916,52.035,0.390,1.491
mp-aaaaarmw,115.067,87.968,135.627,27.099,20.560,50.026,29.880,39.807,20.146,10.219
mp-aaaaarnc,1.764,-53.636,1.740,55.400,0.024,1.058,2.342,0.485,1.284,0.574
mp-aaaaarnd,94.739,85.879,103.625,8.860,8.886,39.661,40.870,40.903,1.209,1.241
mp-aaaaarne,81.835,96.194,96.280,14.359,14.445,38.284,36.733,35.203,1.551,3.081
mp-aaaaarng,90.333,104.283,84.209,13.950,6.124,44.398,37.140,29.183,7.258,15.215
mp-aaaaarnl,38.736,55.966,62.143,17.230,23.407,26.456,23.907,24.893,2.549,1.563
mp-aaaaarny,73.325,78.179,59.518,4.854,13.807,55.625,41.860,42.398,13.765,13.227
mp-aaaaaron,124.000,116.290,126.984,7.710,2.984,58.393,48.140,45.969,10.253,12.425
mp-aaaaaroo,88.302,99.577,67.305,11.275,20.997,38.718,31.023,12.531,7.695,26.187
mp-aaaaaroq,126.333,119.997,125.834,6.336,0.500,21.537,24.890,23.264,3.353,1.727
mp-aaaaaror,136.613,128.676,138.029,7.937,1.416,48.662,43.126,45.062,5.536,3.600
mp-aaaaarox,46.764,47.783,49.051,1.019,2.287,31.414,29.355,22.332,2.059,9.082
mp-aaaaarpb,197.523,183.215,213.198,14.308,15.675,56.988,59.884,72.115,2.896,15.127
mp-aaaaarqj,184.286,165.797,187.497,18.489,3.211,166.715,121.498,173.555,45.217,6.840
mp-aaaaarqk,112.060,93.925,132.596,18.135,20.536,62.518,64.090,65.731,1.572,3.213
mp-aaaaarql,104.714,98.352,109.945,6.362,5.231,68.607,65.843,67.948,2.764,0.658
mp-aaaaarrn,71.000,81.194,68.781,10.194,2.219,32.608,24.126,31.932,8.482,0.676
mp-aaaaarrx,75.410,68.284,73.795,7.126,1.614,39.012,39.029,20.815,0.017,18.197
mp-aaaaarry,58.846,52.819,63.593,6.027,4.747,22.504,25.907,27.571,3.403,5.067
mp-aaaaarrz,66.947,61.893,67.180,5.054,0.233,32.107,41.002,22.539,8.895,9.568
mp-aaaaarse,86.370,95.299,92.855,8.929,6.485,32.952,29.286,30.449,3.666,2.504
mp-aaaaarsl,108.680,103.017,114.052,5.663,5.372,45.109,60.035,51.339,14.926,6.229
mp-aaaaarsn,83.048,94.045,93.845,10.997,10.797,25.486,44.759,39.869,19.273,14.383
mp-aaaaarso,111.087,107.560,113.727,3.527,2.640,48.334,69.717,50.485,21.383,2.152
mp-aaaaarsr,58.978,63.148,60.726,4.170,1.747,14.832,24.104,9.942,9.272,4.889
mp-aaaaarsy,53.950,45.011,53.511,8.939,0.439,39.587,22.316,30.508,17.271,9.079
mp-aaaaarts,89.340,93.659,93.722,4.319,4.382,66.432,58.092,65.745,8.340,0.688
mp-aaaaartt,90.224,90.793,96.244,0.569,6.021,66.393,63.161,68.570,3.232,2.177
mp-aaaaartu,122.000,115.753,130.180,6.247,8.180,53.272,43.404,54.384,9.868,1.112
mp-aaaaartv,105.000,66.232,100.090,38.768,4.910,51.255,37.292,46.465,13.963,4.790
mp-aaaaartw,101.000,67.681,99.415,33.319,1.585,52.527,38.231,45.900,14.296,6.626
mp-aaaaarud,55.788,41.341,54.733,14.447,1.056,19.410,16.329,17.231,3.081,2.178
mp-aaaaarur,58.914,71.271,55.996,12.357,2.918,47.289,36.027,28.891,11.262,18.398
mp-aaaaarvq,298.193,274.222,304.482,23.971,6.289,188.243,188.033,213.428,0.210,25.184
mp-aaaaarvr,45.436,42.324,56.930,3.112,11.494,26.087,29.912,34.321,3.825,8.234
mp-aaaaarvu,169.799,171.561,169.721,1.762,0.078,99.525,106.439,98.511,6.914,1.014
mp-aaaaarvv,142.229,152.646,154.574,10.417,12.345,93.619,96.968,99.176,3.349,5.558
mp-aaaaarvx,187.875,201.622,196.072,13.747,8.197,75.643,114.386,112.595,38.743,36.951
mp-aaaaarvy,144.934,186.872,125.409,41.938,19.525,-1.819,-12.552,62.997,10.733,64.815
mp-aaaaarvz,74.492,86.852,77.469,12.360,2.977,36.359,33.869,26.653,2.490,9.705
mp-aaaaarwb,121.000,111.681,128.560,9.319,7.560,35.100,36.555,35.486,1.455,0.386
mp-aaaaarwg,106.094,107.385,106.366,1.291,0.272,24.617,41.936,33.650,17.319,9.034
mp-aaaaarwh,126.667,117.927,123.607,8.740,3.060,44.749,34.258,33.318,10.491,11.432
mp-aaaaarwi,111.144,100.210,122.714,10.934,11.570,48.653,31.011,43.768,17.642,4.885
mp-aaaaarwj,100.522,225.061,93.612,124.539,6.909,63.731,63.543,50.314,0.188,13.417
mp-aaaaarwl,128.506,173.550,134.714,45.044,6.208,79.542,97.428,88.314,17.886,8.772
mp-aaaaarwn,126.539,174.812,124.041,48.273,2.499,80.958,74.821,75.041,6.137,5.917
mp-aaaaarwp,57.105,94.238,45.517,37.133,11.588,30.874,33.988,27.419,3.114,3.456
mp-aaaaarww,169.333,168.459,172.514,0.874,3.181,55.172,56.935,57.940,1.763,2.768
mp-aaaaarwx,91.667,120.773,100.093,29.106,8.426,21.240,22.993,30.168,1.753,8.927
mp-aaaaarxd,63.333,82.985,74.055,19.652,10.722,27.764,15.246,21.608,12.518,6.156
mp-aaaaarxh,167.086,181.401,167.766,14.315,0.679,104.240,88.460,101.486,15.780,2.754
mp-aaaaarxi,54.281,86.726,47.845,32.445,6.437,32.708,43.834,27.877,11.126,4.831
mp-aaaaarxk,128.954,116.146,143.730,12.808,14.776,67.652,72.735,85.051,5.083,17.400
mp-aaaaarxl,179.877,152.128,187.370,27.749,7.493,83.805,90.564,87.846,6.759,4.042
mp-aaaaarxo,174.819,137.145,156.379,37.674,18.439,142.958,147.737,123.999,4.779,18.959
mp-aaaaarxp,20.884,30.809,15.939,9.925,4.945,8.062,2.029,7.115,6.033,0.948
mp-aaaaarxr,237.667,212.015,236.717,25.652,0.949,106.879,93.490,100.476,13.389,6.403
mp-aaaaarxs,246.659,219.687,246.910,26.972,0.251,114.579,110.670,124.297,3.909,9.718
mp-aaaaarxt,252.778,172.893,238.267,79.885,14.510,75.176,54.829,67.877,20.347,7.300
mp-aaaaarxu,241.667,220.323,259.273,21.344,17.607,136.277,105.324,99.717,30.953,36.559
mp-aaaaaryc,100.475,63.436,98.834,37.039,1.641,-0.968,23.223,10.359,24.191,11.327
mp-aaaaarye,293.335,340.891,302.634,47.556,9.299,175.474,147.328,141.907,28.146,33.567
mp-aaaaarym,30.000,31.499,32.267,1.499,2.267,20.476,21.220,17.346,0.744,3.130
mp-aaaaaryv,70.118,69.287,71.340,0.831,1.222,-10.590,40.412,44.926,51.002,55.516
mp-aaaaasaj,47.646,82.057,53.228,34.411,5.581,39.519,45.934,34.495,6.415,5.024
mp-aaaaasdu,74.640,75.548,78.232,0.908,3.592,34.406,30.527,32.419,3.879,1.987
mp-aaaaasdw,54.197,76.282,67.345,22.085,13.148,16.096,29.990,29.588,13.894,13.492
mp-aaaaasef,67.755,60.233,60.418,7.522,7.337,41.239,31.139,30.707,10.100,10.532
mp-aaaaasel,24.519,29.190,22.331,4.671,2.188,16.390,14.109,17.568,2.281,1.179
mp-aaaaasft,57.072,84.316,56.102,27.244,0.970,14.456,25.375,16.700,10.919,2.244
mp-aaaaasgl,95.686,148.924,58.592,53.238,37.094,33.641,27.407,23.618,6.234,10.023
mp-aaaaashj,52.788,58.937,48.568,6.149,4.220,18.983,16.054,21.410,2.929,2.427
mp-aaaaashk,48.795,59.230,50.990,10.435,2.195,17.220,16.261,23.542,0.959,6.322
mp-aaaaasif,97.047,86.829,98.038,10.218,0.991,33.271,48.018,40.274,14.747,7.003
mp-aaaaasig,126.687,117.484,132.730,9.203,6.043,65.223,70.903,70.744,5.680,5.522
mp-aaaaasij,136.123,97.370,136.716,38.753,0.593,80.934,62.063,77.240,18.871,3.694
mp-aaaaasim,85.555,96.207,81.903,10.652,3.651,60.931,48.476,48.661,12.455,12.271
mp-aaaaasjb,14.905,23.339,17.463,8.434,2.558,7.731,20.489,12.384,12.758,4.653
mp-aaaaasjj,48.667,59.254,55.455,10.587,6.788,38.246,33.744,41.691,4.502,3.445
mp-aaaaasjm,36.123,42.427,39.998,6.304,3.875,21.895,3.564,18.335,18.331,3.560
mp-aaaaasjz,159.179,123.493,174.474,35.686,15.295,88.362,78.373,99.101,9.989,10.739
mp-aaaaaskq,65.399,67.304,62.249,1.905,3.150,32.613,44.644,25.578,12.031,7.035
mp-aaaaasln,35.925,31.049,28.226,4.876,7.700,25.777,23.406,15.315,2.371,10.462
mp-aaaaasma,149.328,137.271,152.430,12.057,3.102,69.711,67.765,69.237,1.946,0.474
mp-aaaaasmz,74.286,78.546,75.969,4.260,1.683,40.171,44.955,40.294,4.784,0.123
mp-aaaaasnk,62.193,73.305,65.766,11.112,3.573,23.008,24.693,35.851,1.685,12.843
mp-aaaaasno,69.954,100.602,57.526,30.648,12.427,32.183,40.160,26.267,7.977,5.916
mp-aaaaasnp,92.515,120.511,77.035,27.996,15.480,29.057,40.566,41.633,11.509,12.576
mp-aaaaasnr,100.071,121.181,124.545,21.110,24.474,48.324,65.271,75.271,16.947,26.947
mp-aaaaasns,158.731,130.643,137.397,28.088,21.334,168.261,124.027,84.499,44.234,83.762
mp-aaaaasnv,21.670,72.958,34.127,51.288,12.458,14.585,33.964,18.138,19.379,3.553
mp-aaaaasoa,36.691,50.967,45.967,14.276,9.276,13.260,11.987,16.148,1.273,2.887
mp-aaaaasob,160.667,156.626,162.325,4.041,1.659,89.649,71.437,87.622,18.212,2.027
mp-aaaaasof,138.991,152.275,136.830,13.284,2.161,110.772,101.022,101.692,9.750,9.080
mp-aaaaasoo,141.070,145.290,137.525,4.220,3.546,51.681,67.624,48.707,15.943,2.974
mp-aaaaasor,85.893,95.969,79.134,10.076,6.759,43.934,51.080,48.307,7.146,4.373
mp-aaaaasos,194.163,173.170,207.804,20.993,13.641,83.421,73.150,80.994,10.271,2.426
mp-aaaaasov,66.011,81.028,71.349,15.017,5.338,44.282,45.068,40.503,0.786,3.779
mp-aaaaasoz,57.507,45.017,59.213,12.490,1.707,39.584,34.205,33.096,5.379,6.488
mp-aaaaaspa,46.333,41.351,34.566,4.982,11.767,36.770,25.807,20.300,10.963,16.470
mp-aaaaaspb,130.333,111.224,110.280,19.109,20.054,8.669,-15.166,-6.698,23.835,15.366
mp-aaaaaspd,133.020,132.487,131.494,0.533,1.526,97.020,79.550,98.552,17.470,1.532
mp-aaaaaspg,54.333,61.924,53.002,7.591,1.331,8.446,11.765,6.935,3.319,1.512
mp-aaaaasph,130.376,127.450,135.893,2.926,5.517,30.666,25.619,27.579,5.047,3.087
mp-aaaaaspn,147.364,107.991,141.651,39.373,5.714,117.485,89.154,104.107,28.331,13.379
mp-aaaaaspo,133.667,90.029,133.812,43.638,0.145,1.353,-6.248,22.582,7.601,21.229
mp-aaaaaspq,57.463,106.666,54.870,49.203,2.593,27.492,29.546,30.605,2.054,3.114
mp-aaaaaspw,36.000,33.903,35.306,2.097,0.694,22.779,20.630,17.895,2.149,4.884
mp-aaaaasqb,230.333,209.037,251.295,21.296,20.961,154.252,128.236,160.806,26.016,6.554
mp-aaaaasqj,243.333,249.214,258.129,5.881,14.795,111.464,111.060,137.781,0.404,26.317
mp-aaaaasqk,218.667,233.351,145.341,14.684,73.326,87.882,69.342,24.181,18.540,63.701
mp-aaaaasql,265.354,244.683,272.591,20.671,7.237,132.622,95.303,142.216,37.319,9.594
mp-aaaaasqo,153.333,141.873,150.625,11.460,2.709,58.109,55.725,47.528,2.384,10.580
mp-aaaaasqq,44.378,41.639,43.270,2.739,1.108,16.672,16.795,15.183,0.123,1.489
mp-aaaaasqs,73.659,63.383,76.497,10.276,2.838,34.199,43.070,43.887,8.871,9.688
mp-aaaaasqv,222.838,202.401,200.231,20.437,22.607,119.850,151.022,87.626,31.172,32.224
mp-aaaaasqy,229.333,212.301,240.055,17.032,10.721,67.321,81.133,73.293,13.812,5.973
mp-aaaaasrd,73.419,87.337,75.523,13.918,2.104,31.210,33.452,39.695,2.242,8.485
mp-aaaaasre,24.248,35.051,21.005,10.803,3.243,12.754,15.460,13.884,2.706,1.130
mp-aaaaasrk,86.540,59.847,81.820,26.693,4.721,43.585,40.467,40.068,3.118,3.518
mp-aaaaasrm,63.007,63.862,76.887,0.855,13.881,23.324,27.445,29.606,4.121,6.283
mp-aaaaasrn,53.822,49.128,59.566,4.694,5.744,15.205,19.821,20.436,4.616,5.231
mp-aaaaasru,60.698,74.770,55.422,14.072,5.276,39.478,32.686,29.171,6.792,10.308
mp-aaaaasrv,181.667,105.488,189.366,76.179,7.700,54.570,63.715,69.873,9.145,15.302
mp-aaaaasrz,146.196,131.746,147.306,14.450,1.110,40.218,33.076,39.530,7.142,0.688
mp-aaaaassl,134.259,143.673,144.343,9.414,10.085,53.729,49.796,62.287,3.933,8.557
mp-aaaaassm,126.550,124.012,121.994,2.538,4.556,144.234,86.458,138.592,57.776,5.643
mp-aaaaassp,113.333,119.813,99.862,6.480,13.472,-30.775,-6.550,41.355,24.225,72.130
mp-aaaaassv,119.518,111.849,116.220,7.669,3.298,88.916,69.768,71.131,19.148,17.786
mp-aaaaassx,223.412,123.270,200.121,100.142,23.291,77.388,71.693,79.987,5.695,2.599
mp-aaaaassz,37.000,62.844,43.689,25.844,6.689,15.769,10.891,17.075,4.878,1.307
mp-aaaaaste,125.393,122.823,128.927,2.570,3.534,-12.553,68.737,98.303,81.290,110.856
mp-aaaaasth,120.579,102.489,129.031,18.090,8.452,65.426,59.571,76.285,5.855,10.859
mp-aaaaastm,113.352,99.185,112.843,14.167,0.510,35.544,11.654,-4.213,23.890,39.757
mp-aaaaastw,52.653,63.378,41.811,10.725,10.842,35.056,29.849,27.013,5.207,8.043
mp-aaaaasuf,63.951,89.514,75.394,25.563,11.443,43.199,51.288,37.271,8.089,5.928
mp-aaaaasui,71.221,71.006,73.061,0.215,1.840,21.316,25.074,25.640,3.758,4.324
mp-aaaaasul,52.402,62.597,50.541,10.195,1.861,16.869,21.289,20.556,4.420,3.687
mp-aaaaasum,249.324,200.136,254.478,49.188,5.154,101.905,94.244,108.532,7.661,6.627
mp-aaaaasun,55.118,65.260,57.861,10.142,2.743,31.011,25.702,29.679,5.309,1.331
mp-aaaaasup,63.631,81.171,78.581,17.540,14.950,30.141,33.303,30.801,3.162,0.660
mp-aaaaasuw,77.548,74.179,76.942,3.369,0.606,28.976,29.468,22.922,0.492,6.054
mp-aaaaasuy,144.257,123.445,137.996,20.812,6.261,30.575,32.934,49.476,2.359,18.902
mp-aaaaasvc,93.835,92.666,112.304,1.169,18.469,36.266,30.187,7.992,6.079,28.274
mp-aaaaasvj,47.155,59.791,42.479,12.636,4.677,18.732,16.823,9.887,1.909,8.845
mp-aaaaasvk,24.013,31.465,22.320,7.452,1.692,8.887,15.835,13.202,6.948,4.316
mp-aaaaasvl,186.667,137.009,182.738,49.658,3.928,78.083,28.840,67.134,49.243,10.949
mp-aaaaasvu,109.344,94.992,110.851,14.352,1.507,60.900,52.741,65.449,8.159,4.549
mp-aaaaasvw,202.477,209.030,204.546,6.553,2.069,51.153,53.266,73.119,2.113,21.967
mp-aaaaasvx,201.577,223.765,202.051,22.188,0.474,52.734,39.333,76.790,13.401,24.057
mp-aaaaaswb,114.821,117.897,117.979,3.076,3.159,38.192,37.002,45.303,1.190,7.111
mp-aaaaaswc,129.000,126.817,137.265,2.183,8.265,40.565,38.906,48.304,1.659,7.738
mp-aaaaaswd,26.643,46.599,39.931,19.956,13.288,19.397,4.102,21.085,15.295,1.688
mp-aaaaaswi,41.244,35.083,110.144,6.161,68.899,55.839,46.392,-5.624,9.447,61.462
mp-aaaaaswk,68.769,77.536,75.386,8.767,6.617,24.544,21.060,38.677,3.484,14.133
mp-aaaaaswl,-23.635,119.872,119.456,143.507,143.091,-45.295,-1.331,-54.779,43.964,9.484
mp-aaaaaswm,107.525,80.305,84.629,27.220,22.896,78.275,57.118,52.686,21.157,25.589
mp-aaaaaswt,112.117,117.755,115.890,5.638,3.773,31.839,35.447,36.144,3.608,4.305
mp-aaaaaswu,105.321,95.622,114.065,9.699,8.744,51.577,49.265,66.420,2.312,14.843
mp-aaaaaswv,137.355,114.925,153.363,22.430,16.008,27.519,35.217,56.130,7.698,28.611
mp-aaaaasww,174.000,163.609,182.971,10.391,8.971,117.837,114.964,125.247,2.873,7.410
mp-aaaaaswx,173.667,183.945,173.067,10.278,0.600,88.945,74.227,82.237,14.718,6.708
mp-aaaaaswy,106.404,113.388,110.547,6.984,4.143,37.518,26.925,43.264,10.593,5.746
mp-aaaaaswz,82.372,116.982,123.831,34.610,41.458,40.192,30.674,50.449,9.518,10.257
mp-aaaaasxa,48.667,69.191,52.963,20.524,4.297,21.157,15.428,28.112,5.729,6.955
mp-aaaaasxd,85.448,95.887,93.210,10.439,7.763,19.849,35.080,42.336,15.231,22.488
mp-aaaaasxe,87.960,106.997,99.161,19.037,11.201,18.146,39.440,49.941,21.294,31.795
mp-aaaaasxg,111.218,121.396,136.051,10.178,24.834,53.930,47.065,71.021,6.865,17.091
mp-aaaaasxh,97.734,80.878,116.158,16.856,18.425,41.425,42.472,57.386,1.047,15.961
mp-aaaaasxl,138.333,126.599,132.823,11.734,5.510,48.160,51.652,51.442,3.492,3.282
mp-aaaaasxm,285.000,251.385,290.162,33.615,5.162,121.891,125.911,130.918,4.020,9.027
mp-aaaaasxn,34.552,43.260,32.592,8.708,1.960,13.454,7.052,10.446,6.402,3.008
mp-aaaaasxp,95.201,104.189,99.342,8.988,4.141,65.049,69.374,68.904,4.325,3.854
mp-aaaaasxq,63.411,101.180,73.983,37.769,10.572,42.058,46.134,49.263,4.076,7.204
mp-aaaaasxr,43.790,49.141,47.467,5.351,3.677,27.726,25.813,24.822,1.913,2.903
mp-aaaaasyc,99.609,103.928,91.653,4.319,7.955,59.255,55.218,57.501,4.037,1.754
mp-aaaaasyg,202.000,182.072,214.151,19.928,12.151,90.833,102.209,100.448,11.376,9.615
mp-aaaaasyk,131.804,140.456,136.514,8.652,4.710,46.510,52.061,54.868,5.551,8.358
mp-aaaaasyl,85.281,86.758,91.833,1.477,6.551,36.584,31.977,47.400,4.607,10.816
mp-aaaaasyo,49.633,58.110,46.139,8.477,3.494,21.729,25.137,15.144,3.408,6.584
mp-aaaaaszq,117.256,106.410,112.696,10.846,4.560,23.298,36.674,39.275,13.376,15.977
mp-aaaaatak,47.333,61.902,43.289,14.569,4.045,22.833,18.284,13.014,4.549,9.819
mp-aaaaatal,53.221,55.058,47.925,1.837,5.296,22.614,23.096,11.031,0.482,11.583
mp-aaaaatan,203.998,214.396,175.683,10.398,28.315,72.017,139.373,80.714,67.356,8.697
mp-aaaaatas,161.019,198.019,152.285,37.000,8.735,73.984,77.266,68.208,3.282,5.776
mp-aaaaatat,39.072,69.805,54.848,30.733,15.775,14.168,33.436,28.134,19.268,13.966
mp-aaaaatax,138.149,76.395,140.602,61.754,2.452,83.098,78.607,84.049,4.491,0.951
mp-aaaaatbe,160.667,153.615,192.654,7.052,31.988,-42.500,45.654,6.099,88.154,48.599
mp-aaaaatbf,295.817,194.529,265.241,101.288,30.576,133.338,136.693,100.620,3.355,32.718
mp-aaaaatbo,77.221,93.392,85.260,16.171,8.039,37.136,42.327,44.074,5.191,6.938
mp-aaaaatbw,53.801,65.779,76.476,11.978,22.675,61.531,42.707,38.458,18.824,23.072
mp-aaaaatcd,92.552,89.066,89.831,3.486,2.721,66.190,47.990,59.403,18.200,6.787
mp-aaaaatce,93.215,88.362,93.024,4.853,0.190,67.558,48.466,65.295,19.092,2.263
mp-aaaaatch,39.216,64.035,47.203,24.819,7.987,20.104,23.541,23.345,3.437,3.240
mp-aaaaatck,47.794,78.955,61.858,31.161,14.064,30.165,38.225,34.868,8.060,4.703
mp-aaaaatcm,61.310,67.853,64.895,6.543,3.586,20.962,16.456,25.381,4.506,4.419
mp-aaaaatco,24.044,44.295,37.025,20.251,12.982,19.913,17.085,21.881,2.828,1.968
mp-aaaaatdb,98.333,95.198,91.496,3.135,6.837,31.183,42.815,30.964,11.632,0.220
mp-aaaaatdf,98.262,89.161,89.017,9.101,9.246,62.103,56.440,50.044,5.663,12.059
mp-aaaaatdj,148.213,150.900,162.225,2.687,14.012,67.571,53.923,75.630,13.648,8.059
mp-aaaaated,124.424,91.675,124.795,32.749,0.371,61.790,45.829,58.682,15.961,3.108
mp-aaaaatee,131.314,116.255,122.832,15.059,8.482,63.766,52.304,62.319,11.462,1.447
mp-aaaaatef,47.219,66.060,52.665,18.841,5.446,18.185,24.363,21.272,6.178,3.088
mp-aaaaateg,117.650,84.748,121.372,32.902,3.721,63.234,60.661,68.627,2.573,5.393
mp-aaaaatei,157.333,135.833,159.111,21.500,1.778,108.200,130.390,124.876,22.190,16.676
mp-aaaaatej,1.632,57.900,2.029,56.268,0.397,1.334,9.688,4.150,8.354,2.816
mp-aaaaaten,93.583,84.297,95.098,9.286,1.515,27.560,32.238,37.414,4.678,9.854
mp-aaaaateo,111.429,101.855,105.755,9.574,5.674,59.335,43.044,45.322,16.291,14.012
mp-aaaaater,160.884,155.924,151.133,4.960,9.750,79.712,77.355,68.656,2.357,11.055
mp-aaaaatey,118.697,104.145,109.380,14.552,9.317,59.871,38.362,42.085,21.509,17.786
mp-aaaaatff,185.000,119.430,186.124,65.570,1.124,57.674,51.864,52.870,5.810,4.804
mp-aaaaatfi,85.000,96.343,85.827,11.343,0.827,-14.975,20.739,21.816,35.714,36.791
mp-aaaaatfj,68.333,72.225,72.302,3.892,3.968,-46.031,44.704,2.509,90.735,48.540
mp-aaaaatfl,205.713,160.137,160.567,45.576,45.146,65.042,85.107,55.091,20.065,9.951
mp-aaaaatfq,137.093,151.635,126.149,14.542,10.944,115.933,107.142,100.428,8.791,15.504
mp-aaaaatgf,88.143,93.341,83.325,5.198,4.818,67.474,34.571,60.103,32.903,7.372
mp-aaaaatgh,88.868,87.797,94.843,1.071,5.975,62.308,34.633,68.698,27.675,6.390
mp-aaaaatgi,8.110,89.842,97.160,81.732,89.050,-36.224,30.037,70.891,66.261,107.115
mp-aaaaatgk,59.403,63.389,62.417,3.986,3.014,37.649,43.851,40.139,6.202,2.490
mp-aaaaathf,45.333,44.112,49.367,1.221,4.033,16.551,20.429,13.380,3.878,3.171
mp-aaaaathg,55.333,55.673,2291.982,0.340,2236.649,20.071,16.691,4.003,3.380,16.068
mp-aaaaathh,35.333,46.378,36.854,11.045,1.520,13.000,9.883,10.432,3.117,2.568
mp-aaaaathi,254.000,265.264,244.348,11.264,9.652,-34.450,-16.728,56.471,17.722,90.921
mp-aaaaathk,348.601,315.893,349.068,32.708,0.467,164.558,198.084,216.160,33.526,51.602
mp-aaaaathp,64.256,112.155,87.004,47.899,22.748,33.311,39.867,38.096,6.556,4.786
mp-aaaaathz,30.481,30.474,29.811,0.007,0.670,17.922,16.393,21.386,1.529,3.465
mp-aaaaatib,44.717,49.038,45.226,4.321,0.508,33.495,36.299,30.932,2.804,2.563
mp-aaaaatij,140.667,110.002,145.049,30.665,4.382,43.760,49.233,62.533,5.473,18.774
mp-aaaaatiq,155.716,168.642,155.038,12.926,0.678,47.246,88.466,65.904,41.220,18.658
mp-aaaaatis,86.325,119.865,88.093,33.540,1.767,56.785,51.150,58.181,5.635,1.396
mp-aaaaatit,80.709,114.149,62.825,33.440,17.884,54.900,34.385,35.792,20.515,19.108
mp-aaaaatiw,86.825,87.342,99.914,0.517,13.088,47.273,54.812,30.957,7.539,16.316
mp-aaaaatiy,319.915,350.371,317.216,30.456,2.699,194.204,179.543,201.080,14.661,6.877
mp-aaaaatjb,159.333,164.352,191.666,5.019,32.333,102.689,96.131,84.341,6.558,18.348
mp-aaaaatje,220.333,179.651,228.690,40.682,8.356,98.099,94.085,99.860,4.014,1.761
mp-aaaaatjh,171.667,117.286,158.367,54.381,13.300,74.615,76.642,58.561,2.027,16.054
mp-aaaaatjl,47.221,50.563,46.149,3.342,1.072,19.791,19.517,11.001,0.274,8.790
mp-aaaaatjm,57.646,55.978,61.287,1.668,3.642,44.707,27.392,40.210,17.315,4.497
mp-aaaaatjo,111.774,94.366,109.264,17.408,2.510,51.397,46.512,58.358,4.885,6.961
mp-aaaaatjq,93.788,94.446,85.151,0.658,8.636,58.134,51.662,45.579,6.472,12.555
mp-aaaaatjr,93.068,94.994,97.662,1.926,4.594,38.960,38.138,46.816,0.822,7.856
mp-aaaaatjt,36.248,50.882,37.425,14.634,1.177,21.889,16.637,20.674,5.252,1.215
mp-aaaaatjv,112.667,139.651,118.366,26.984,5.699,33.624,38.989,26.186,5.365,7.438
mp-aaaaatjw,252.333,196.754,254.833,55.579,2.500,105.851,100.801,95.170,5.050,10.681
mp-aaaaatke,157.164,87.921,117.593,69.243,39.571,91.529,90.033,57.665,1.496,33.864
mp-aaaaatkf,157.523,96.690,151.455,60.833,6.068,86.918,88.751,96.124,1.833,9.205
mp-aaaaatkn,161.333,191.953,157.453,30.620,3.880,29.750,50.249,24.032,20.499,5.718
mp-aaaaatko,100.302,87.300,107.239,13.002,6.937,35.136,32.938,45.926,2.198,10.791
mp-aaaaatkp,91.989,0.717,90.192,91.272,1.797,19.739,8.689,20.690,11.050,0.951
mp-aaaaatkr,95.199,102.211,92.842,7.012,2.358,40.825,51.726,43.737,10.901,2.912
mp-aaaaatkw,246.236,146.321,177.017,99.915,69.219,7.700,34.459,38.872,26.759,31.172
mp-aaaaatlc,128.333,143.897,140.960,15.564,12.626,-41.828,-49.842,107.659,8.014,149.487
mp-aaaaatlg,365.000,226.070,369.652,138.930,4.652,130.405,133.405,126.932,3.000,3.473
mp-aaaaatlh,178.778,172.045,187.487,6.733,8.709,126.384,107.336,110.381,19.048,16.003
mp-aaaaatli,106.544,97.997,113.632,8.547,7.088,47.749,28.201,40.401,19.548,7.348
mp-aaaaatll,44.000,35.750,38.787,8.250,5.213,-3.565,-0.655,19.321,2.910,22.886
mp-aaaaatls,56.685,68.682,68.499,11.997,11.814,-13.610,35.594,40.743,49.204,54.353
mp-aaaaatlt,48.562,39.867,41.807,8.695,6.755,37.162,30.138,27.437,7.024,9.725
mp-aaaaatlu,102.361,199.282,106.651,96.921,4.290,67.617,86.759,66.247,19.142,1.370
mp-aaaaatly,201.753,179.127,212.783,22.626,11.030,90.716,62.543,79.648,28.173,11.068
mp-aaaaatlz,111.041,106.568,109.393,4.473,1.648,49.944,45.461,45.700,4.483,4.243
mp-aaaaatma,114.156,106.863,121.294,7.293,7.138,45.664,41.208,45.002,4.456,0.662
mp-aaaaatme,76.928,85.045,77.452,8.117,0.524,54.282,48.314,52.721,5.968,1.561
mp-aaaaatmf,160.333,176.569,167.893,16.236,7.560,-46.456,-44.268,2.240,2.188,48.696
mp-aaaaatmi,141.464,133.937,132.792,7.527,8.672,64.444,29.410,45.328,35.034,19.116
mp-aaaaatmp,60.181,54.484,59.852,5.697,0.329,22.263,34.937,25.687,12.674,3.424
mp-aaaaatmq,90.667,69.344,86.029,21.323,4.638,45.643,40.973,38.610,4.670,7.032
mp-aaaaatmr,177.114,275.865,239.205,98.751,62.091,2.320,25.896,28.736,23.576,26.415
mp-aaaaatms,196.000,227.009,200.472,31.009,4.472,16.041,33.213,-6.378,17.172,22.419
mp-aaaaatmt,235.000,277.618,241.646,42.618,6.646,26.722,19.251,27.177,7.471,0.456
mp-aaaaatmw,204.613,204.972,210.935,0.359,6.322,122.534,134.555,116.469,12.021,6.064
mp-aaaaatmz,125.333,111.738,137.857,13.595,12.524,11.889,16.339,49.771,4.450,37.882
mp-aaaaatni,35.667,13.685,37.687,21.982,2.021,15.331,14.234,18.403,1.097,3.072
mp-aaaaatns,78.906,76.871,81.512,2.035,2.605,54.530,49.295,50.553,5.235,3.976
mp-aaaaatnu,77.824,62.077,77.290,15.747,0.534,52.481,51.668,47.475,0.813,5.006
mp-aaaaatnv,88.862,82.057,89.506,6.805,0.644,54.674,49.523,56.852,5.151,2.178
mp-aaaaatoa,70.676,93.120,67.727,22.444,2.950,36.121,15.373,31.167,20.748,4.954
mp-aaaaatpc,74.906,78.394,60.064,3.488,14.842,50.470,43.332,41.780,7.138,8.690
mp-aaaaatpg,114.333,90.240,112.092,24.093,2.241,60.300,54.510,54.615,5.790,5.686
mp-aaaaatpu,51.667,61.003,50.021,9.336,1.646,33.092,18.985,22.350,14.107,10.743
mp-aaaaatqd,136.184,165.320,143.608,29.136,7.425,81.600,99.113,78.954,17.513,2.647
mp-aaaaatqk,48.533,46.109,41.039,2.424,7.494,15.122,18.186,13.277,3.064,1.846
mp-aaaaatqm,43.045,49.466,40.854,6.421,2.191,34.231,29.724,28.391,4.507,5.840
mp-aaaaatqq,44.716,24.931,39.927,19.785,4.789,36.868,29.701,26.509,7.167,10.359
mp-aaaaatqr,39.476,16.220,35.941,23.256,3.535,29.299,28.243,20.224,1.056,9.075
mp-aaaaatrc,12.957,47.675,14.638,34.718,1.680,1.220,5.346,7.040,4.126,5.820
mp-aaaaatrq,79.346,87.818,78.874,8.472,0.472,40.491,36.651,38.593,3.840,1.898
mp-aaaaatrr,78.346,85.099,85.245,6.753,6.899,42.157,39.481,48.134,2.676,5.977
mp-aaaaatrw,86.667,95.858,70.556,9.191,16.110,32.128,35.065,28.774,2.937,3.355
mp-aaaaatrz,46.209,63.825,54.498,17.616,8.289,33.856,36.048,36.718,2.192,2.862
mp-aaaaatsa,50.186,40.671,49.850,9.515,0.336,28.918,6.580,28.760,22.338,0.158
mp-aaaaatsb,41.741,36.623,47.015,5.118,5.274,24.741,7.749,24.235,16.992,0.507
mp-aaaaatsc,32.657,45.589,41.346,12.932,8.689,18.643,9.537,24.214,9.106,5.571
mp-aaaaatsk,168.333,163.726,173.063,4.607,4.730,90.188,83.716,83.175,6.472,7.013
mp-aaaaatsw,165.071,115.597,158.519,49.474,6.552,65.146,61.654,60.471,3.492,4.675
mp-aaaaattz,203.990,193.689,201.173,10.301,2.816,59.632,42.732,68.668,16.900,9.037
mp-aaaaatua,47.026,38.739,42.316,8.287,4.710,29.665,25.823,30.990,3.842,1.325
mp-aaaaatub,36.174,37.495,37.564,1.321,1.391,20.131,28.611,23.774,8.480,3.643
mp-aaaaatvg,90.333,79.549,93.890,10.784,3.557,37.427,37.878,31.656,0.451,5.771
mp-aaaaatvi,101.488,104.001,120.792,2.513,19.303,60.998,64.652,63.727,3.654,2.729
mp-aaaaatvj,113.444,110.433,118.049,3.011,4.606,44.260,55.016,43.261,10.756,1.000
mp-aaaaatwp,82.905,103.956,98.537,21.051,15.632,30.657,34.961,54.246,4.304,23.588
mp-aaaaatwu,113.667,102.138,112.870,11.529,0.797,48.413,57.619,44.982,9.206,3.431
mp-aaaaatxc,37.519,28.921,36.529,8.598,0.990,17.340,30.019,12.186,12.679,5.155
mp-aaaaatxe,222.190,239.535,215.895,17.345,6.295,130.501,98.262,89.496,32.239,41.005
mp-aaaaatxf,88.355,97.017,89.972,8.662,1.617,40.729,39.229,48.100,1.500,7.371
mp-aaaaatxh,46.242,66.777,70.883,20.535,24.641,35.013,31.680,44.606,3.333,9.593
mp-aaaaatxi,100.792,111.474,101.985,10.682,1.193,59.776,61.758,53.779,1.982,5.997
mp-aaaaatxk,166.254,121.603,165.868,44.651,0.386,67.810,57.959,74.428,9.851,6.618
mp-aaaaatxl,158.906,130.164,155.271,28.742,3.634,35.701,48.771,47.282,13.070,11.582
mp-aaaaatxo,68.996,63.591,72.445,5.405,3.448,33.602,32.145,36.417,1.457,2.815
mp-aaaaatxr,32.216,32.517,28.006,0.301,4.210,13.517,13.024,11.844,0.493,1.673
mp-aaaaatxv,211.671,217.854,210.098,6.183,1.574,92.262,90.338,89.463,1.924,2.799
mp-aaaaatye,189.981,186.196,194.300,3.785,4.319,98.471,91.705,106.993,6.766,8.522
mp-aaaaatyg,59.893,53.552,59.193,6.341,0.701,47.294,40.379,36.920,6.915,10.373
mp-aaaaatyh,195.414,230.550,185.280,35.136,10.134,102.860,102.253,90.231,0.607,12.628
mp-aaaaatym,161.667,314.867,188.035,153.200,26.368,21.407,42.739,94.064,21.332,72.656
mp-aaaaatzb,137.217,118.188,145.935,19.029,8.718,36.441,26.955,59.054,9.486,22.613
mp-aaaaatze,39.167,42.446,46.684,3.279,7.518,14.881,24.189,26.090,9.308,11.208
mp-aaaaatzh,177.569,149.084,171.021,28.485,6.548,98.807,85.868,93.414,12.939,5.392
mp-aaaaatzi,171.982,133.360,173.591,38.622,1.609,100.083,95.049,96.768,5.034,3.315
mp-aaaaatzj,81.205,93.098,71.480,11.893,9.725,49.496,51.717,38.887,2.221,10.609
mp-aaaaatzk,88.557,101.377,96.444,12.820,7.887,64.285,62.371,68.212,1.914,3.926
mp-aaaaatzs,74.086,77.505,72.921,3.419,1.166,35.722,45.299,41.927,9.577,6.205
mp-aaaaatzt,66.654,81.168,76.777,14.514,10.123,37.725,41.361,45.613,3.636,7.888
mp-aaaaauaa,22.922,45.217,22.738,22.295,0.184,15.798,23.172,12.147,7.374,3.652
mp-aaaaauaf,111.762,144.230,116.674,32.468,4.912,36.047,41.720,43.256,5.673,7.210
mp-aaaaauap,70.714,89.947,90.496,19.233,19.782,31.147,34.094,43.134,2.947,11.987
mp-aaaaauaq,78.485,91.553,92.171,13.068,13.686,34.652,35.287,37.176,0.635,2.525
mp-aaaaauaw,13.653,42.820,26.567,29.167,12.915,10.831,16.663,14.216,5.832,3.385
mp-aaaaauaz,29.216,78.112,42.681,48.896,13.465,10.236,22.996,26.745,12.760,16.508
mp-aaaaaubc,12.765,47.893,13.634,35.128,0.869,4.691,-6.012,1.893,10.703,2.798
mp-aaaaauby,69.087,72.679,64.028,3.592,5.059,43.654,41.625,34.061,2.029,9.593
mp-aaaaauca,173.812,157.777,177.941,16.035,4.129,72.216,49.042,83.436,23.174,11.220
mp-aaaaaucl,121.424,126.765,121.298,5.341,0.126,69.054,67.937,74.585,1.117,5.531
mp-aaaaaucs,28.333,90.598,33.517,62.265,5.184,6.163,15.416,10.794,9.253,4.631
mp-aaaaaudm,21.234,41.702,33.817,20.468,12.583,17.839,30.599,29.069,12.760,11.230
mp-aaaaauer,149.489,130.400,137.087,19.089,12.402,43.659,48.159,46.239,4.500,2.580
mp-aaaaauez,30.847,40.267,35.190,9.420,4.343,10.450,15.225,11.632,4.775,1.181
mp-aaaaaufk,49.126,36.749,46.730,12.377,2.397,33.121,30.835,30.250,2.286,2.870
mp-aaaaaugd,27.732,48.200,35.421,20.468,7.689,19.480,23.704,21.109,4.224,1.629
mp-aaaaaugg,21.573,57.052,34.278,35.479,12.704,16.240,23.125,15.337,6.885,0.903
mp-aaaaaugh,111.992,112.954,114.944,0.962,2.952,67.038,94.629,74.879,27.591,7.841
mp-aaaaauhx,70.968,82.082,72.675,11.114,1.707,43.598,41.199,40.663,2.399,2.935
mp-aaaaaukr,42.667,28.745,47.696,13.922,5.029,24.556,17.418,23.349,7.138,1.207
mp-aaaaauks,36.667,-9.821,37.167,46.488,0.500,18.128,19.612,16.070,1.484,2.058
mp-aaaaaukt,36.667,-6.005,31.734,42.672,4.933,20.055,20.369,12.180,0.314,7.876
mp-aaaaaukv,170.000,119.371,172.549,50.629,2.549,83.991,68.561,75.133,15.430,8.858
mp-aaaaaulf,103.667,73.577,129.700,30.090,26.033,57.326,78.983,71.131,21.657,13.805
mp-aaaaaulj,35.000,1.343,32.431,33.657,2.569,19.683,22.451,15.411,2.768,4.271
mp-aaaaaulk,31.000,13.077,42.625,17.923,11.625,17.824,24.098,25.821,6.274,7.997
mp-aaaaaulx,41.637,91.373,47.005,49.736,5.367,15.726,23.342,20.954,7.616,5.228
mp-aaaaaumu,174.804,152.571,157.053,22.233,17.751,82.392,93.571,86.395,11.179,4.003
mp-aaaaaumv,169.667,129.783,169.564,39.884,0.103,114.387,116.117,111.139,1.730,3.249
mp-aaaaaumw,300.230,283.402,313.201,16.828,12.971,172.866,176.926,184.386,4.060,11.520
mp-aaaaaunk,37.260,65.288,43.750,28.028,6.490,18.699,19.387,24.497,0.688,5.798
mp-aaaaauoq,68.006,73.565,94.624,5.559,26.618,26.153,24.321,31.484,1.832,5.331
mp-aaaaauot,22.849,45.731,26.698,22.882,3.848,21.415,35.041,28.424,13.626,7.009
mp-aaaaauox,13.972,21.090,23.087,7.118,9.115,12.797,20.904,18.712,8.107,5.915
mp-aaaaaupa,55.933,55.232,53.288,0.701,2.645,30.776,27.042,24.403,3.734,6.372
mp-aaaaaupb,57.573,63.990,61.614,6.417,4.041,15.970,38.633,38.494,22.663,22.524
mp-aaaaaupe,154.000,156.614,152.692,2.614,1.308,97.102,95.041,88.566,2.061,8.536
mp-aaaaaupf,113.333,106.565,122.448,6.768,9.114,29.489,32.662,31.792,3.173,2.303
mp-aaaaaupg,47.902,56.523,52.229,8.621,4.327,35.957,35.959,35.779,0.002,0.178
mp-aaaaaupk,43.326,53.273,47.450,9.947,4.124,19.927,22.427,19.880,2.500,0.047
mp-aaaaaupp,32.333,5.503,42.922,26.830,10.589,16.955,24.668,27.130,7.713,10.175
mp-aaaaauqb,142.000,82.846,130.188,59.154,11.812,43.401,49.225,74.212,5.824,30.812
mp-aaaaauqi,102.667,164.288,91.462,61.621,11.205,99.804,88.123,87.333,11.681,12.470
mp-aaaaauqk,20.270,24.007,32.989,3.737,12.719,10.947,15.562,18.425,4.615,7.478
mp-aaaaauql,21.730,30.183,34.905,8.453,13.175,11.297,19.978,20.527,8.681,9.230
mp-aaaaauqm,19.386,23.073,18.592,3.687,0.794,9.178,13.664,4.879,4.486,4.300
mp-aaaaauqn,25.259,25.771,29.096,0.512,3.837,15.782,13.539,17.296,2.243,1.513
mp-aaaaaura,70.082,85.018,103.831,14.936,33.748,53.737,62.561,63.785,8.824,10.049
mp-aaaaaurb,33.311,90.348,61.110,57.037,27.800,28.502,42.490,37.688,13.988,9.186
mp-aaaaaurc,93.625,78.994,66.789,14.631,26.836,60.160,45.182,38.430,14.978,21.730
mp-aaaaaurf,180.544,141.786,184.986,38.758,4.441,99.660,102.438,83.988,2.778,15.672
mp-aaaaauru,68.711,70.310,64.296,1.599,4.415,27.852,33.126,22.654,5.274,5.198
mp-aaaaaurv,40.934,59.644,36.302,18.710,4.632,23.537,27.928,30.647,4.391,7.110
mp-aaaaause,19.986,53.370,16.020,33.384,3.966,6.179,16.258,7.607,10.079,1.428
mp-aaaaausf,73.597,67.651,70.377,5.946,3.220,42.163,43.058,48.548,0.895,6.385
mp-aaaaauss,49.356,62.139,45.581,12.783,3.776,21.273,24.006,24.845,2.733,3.573
mp-aaaaaute,12.554,2.189,9.767,10.365,2.787,6.111,5.606,5.018,0.505,1.093
mp-aaaaautf,261.753,273.098,253.632,11.345,8.121,104.160,93.055,87.013,11.105,17.146
mp-aaaaautk,131.989,120.944,127.873,11.045,4.116,53.974,46.200,58.623,7.774,4.649
mp-aaaaauty,40.000,24.731,43.103,15.269,3.103,21.379,21.762,25.998,0.383,4.620
mp-aaaaautz,43.333,24.435,43.404,18.898,0.071,22.801,19.634,25.645,3.167,2.843
mp-aaaaauvd,92.333,26.779,101.068,65.554,8.735,47.174,30.385,42.175,16.789,4.999
mp-aaaaauve,91.333,22.499,99.436,68.834,8.103,43.440,36.002,46.672,7.438,3.233
mp-aaaaauvw,12.333,24.635,20.019,12.302,7.686,8.570,8.579,6.000,0.009,2.570
mp-aaaaauvx,57.045,56.812,61.888,0.233,4.843,22.085,24.554,19.293,2.469,2.792
mp-aaaaauvy,49.109,48.724,51.192,0.385,2.082,17.958,24.549,11.108,6.591,6.850
mp-aaaaauvz,52.466,56.936,52.982,4.470,0.516,19.099,18.275,17.596,0.824,1.503
mp-aaaaauwa,42.554,68.804,47.173,26.250,4.620,16.947,15.068,13.444,1.879,3.504
mp-aaaaauwh,81.667,55.092,78.549,26.575,3.118,25.216,23.825,25.014,1.391,0.202
mp-aaaaauwn,96.000,39.550,100.100,56.450,4.100,34.020,19.163,32.513,14.857,1.507
mp-aaaaauwu,34.757,54.590,26.409,19.833,8.348,20.368,18.217,17.189,2.151,3.180
mp-aaaaauwx,114.956,168.193,145.683,53.237,30.727,43.878,58.519,63.403,14.641,19.525
mp-aaaaauwy,164.791,167.018,172.749,2.227,7.957,43.365,45.497,28.131,2.132,15.234
mp-aaaaauxy,169.786,144.597,160.394,25.189,9.392,46.211,58.602,68.096,12.391,21.885
mp-aaaaauyy,22.352,41.374,29.753,19.022,7.401,11.574,13.007,16.461,1.433,4.887
mp-aaaaavaj,23.867,31.827,19.951,7.960,3.916,10.068,19.586,7.638,9.518,2.429
mp-aaaaavam,62.193,57.864,62.976,4.329,0.784,48.508,36.332,36.793,12.176,11.715
mp-aaaaavan,59.514,49.241,56.365,10.273,3.149,47.058,36.227,35.593,10.831,11.465
mp-aaaaavbb,57.333,35.914,53.081,21.419,4.252,4.865,21.795,16.566,16.930,11.701
mp-aaaaavcg,198.000,168.909,209.131,29.091,11.131,138.635,93.647,142.579,44.988,3.944
mp-aaaaavdl,164.270,181.554,179.082,17.284,14.812,122.822,146.988,114.859,24.166,7.963
mp-aaaaavfm,15.181,57.804,13.947,42.623,1.234,6.616,12.453,8.994,5.837,2.378
mp-aaaaavfs,166.879,171.076,170.717,4.197,3.838,119.805,113.746,109.070,6.059,10.735
mp-aaaaavhu,112.097,74.339,110.811,37.758,1.286,55.171,51.017,48.562,4.154,6.609
mp-aaaaavjd,134.876,133.298,135.030,1.578,0.153,77.973,76.965,82.667,1.008,4.694
mp-aaaaavku,124.667,168.709,144.210,44.042,19.543,39.042,55.862,60.417,16.820,21.375
mp-aaaaavnp,179.667,153.336,159.611,26.331,20.056,34.967,41.887,37.751,6.920,2.785
mp-aaaaavoi,59.560,68.135,59.748,8.575,0.187,29.901,41.424,27.157,11.523,2.744
mp-aaaaavpb,66.663,49.135,74.910,17.528,8.247,37.317,33.876,40.600,3.441,3.283
mp-aaaaavpo,78.711,72.455,95.811,6.256,17.099,44.415,51.853,45.704,7.438,1.289
mp-aaaaavqk,196.905,264.363,190.999,67.458,5.905,44.003,72.466,61.264,28.463,17.262
mp-aaaaavqn,93.095,99.248,94.616,6.153,1.521,53.074,48.005,53.667,5.069,0.593
mp-aaaaavqq,144.359,111.523,134.109,32.836,10.250,33.254,62.492,54.204,29.238,20.949
mp-aaaaavvl,82.333,150.699,59.010,68.366,23.324,64.506,63.555,52.536,0.951,11.970
mp-aaaaavvv,88.054,74.964,79.934,13.090,8.120,50.790,49.200,49.837,1.590,0.953
mp-aaaaavww,20.600,41.362,34.557,20.762,13.957,15.229,17.663,22.427,2.434,7.198
mp-aaaaavwx,25.702,44.637,34.797,18.935,9.094,21.423,21.112,21.946,0.311,0.523
mp-aaaaavwz,98.278,103.823,89.039,5.545,9.239,57.985,30.099,40.443,27.886,17.542
mp-aaaaavxc,24.913,57.404,25.695,32.491,0.782,11.251,23.037,16.747,11.786,5.496
mp-aaaaavxd,23.943,46.450,25.592,22.507,1.650,10.914,21.552,16.477,10.638,5.562
mp-aaaaavxv,21.243,66.788,24.366,45.545,3.123,12.403,14.474,9.431,2.071,2.972
mp-aaaaavyh,81.667,150.446,60.525,68.779,21.141,63.461,60.289,52.989,3.172,10.472
mp-aaaaaweh,119.669,96.899,118.457,22.770,1.213,86.698,83.695,86.988,3.003,0.290
mp-aaaaawgx,148.340,125.594,161.323,22.746,12.983,47.512,30.201,57.279,17.311,9.767
mp-aaaaawgz,155.534,139.526,154.789,16.008,0.744,61.263,32.665,56.711,28.598,4.552
mp-aaaaawhy,92.447,68.679,53.466,23.768,38.980,31.151,49.858,32.332,18.707,1.182
mp-aaaaawjh,101.688,104.359,106.684,2.671,4.996,67.734,68.775,71.315,1.041,3.581
mp-aaaaawjo,20.060,42.353,18.630,22.293,1.430,8.715,19.280,9.546,10.565,0.831
mp-aaaaawkz,32.659,20.512,28.874,12.147,3.784,14.940,15.283,12.462,0.343,2.478
mp-aaaaawlu,128.080,140.587,120.903,12.507,7.177,76.915,18.974,65.106,57.941,11.810
mp-aaaaawlv,72.974,59.513,72.094,13.461,0.880,34.932,27.869,32.175,7.063,2.757
mp-aaaaawnq,295.415,313.888,290.852,18.473,4.563,143.607,168.475,143.093,24.868,0.514
mp-aaaaawoa,31.412,24.499,36.254,6.913,4.842,19.698,20.170,21.441,0.472,1.744
mp-aaaaawoq,72.864,76.031,63.373,3.167,9.491,33.813,35.122,27.074,1.309,6.739
mp-aaaaawos,47.671,73.051,53.966,25.380,6.296,29.675,44.972,33.595,15.297,3.920
mp-aaaaawqj,131.240,122.041,121.093,9.199,10.148,71.760,60.053,59.994,11.707,11.767
mp-aaaaawrc,55.063,52.664,59.548,2.399,4.486,27.829,43.791,24.073,15.962,3.757
mp-aaaaawre,34.162,5.638,38.618,28.524,4.456,17.463,19.236,20.330,1.773,2.867
mp-aaaaawri,113.731,100.741,110.288,12.990,3.443,76.799,68.860,64.015,7.939,12.784
mp-aaaaawuf,196.355,150.346,185.734,46.009,10.621,85.614,77.030,94.797,8.584,9.182
mp-aaaaaxai,12.073,-17.534,12.448,29.607,0.375,6.342,18.158,5.913,11.816,0.429
mp-aaaaaxcf,135.863,118.628,137.127,17.235,1.264,70.143,75.996,57.176,5.853,12.967
mp-aaaaaxch,131.218,110.502,161.019,20.716,29.801,81.802,63.328,104.850,18.474,23.048
mp-aaaaaxci,7.078,56.534,50.667,49.456,43.588,1.228,24.953,17.326,23.725,16.098
mp-aaaaaxcr,290.964,259.246,297.857,31.718,6.893,196.177,208.452,207.517,12.275,11.340
mp-aaaaaxct,57.000,44.893,45.467,12.107,11.533,41.393,37.080,22.521,4.313,18.873
mp-aaaaaxcv,48.667,71.887,52.092,23.220,3.426,29.763,30.789,30.841,1.026,1.078
mp-aaaaaxcw,14.390,29.430,24.731,15.040,10.341,10.303,14.503,12.893,4.200,2.590
mp-aaaaaxcy,27.282,26.248,24.017,1.034,3.265,19.605,22.959,15.039,3.354,4.565
mp-aaaaaxdj,28.991,34.581,32.653,5.590,3.662,1.408,12.901,11.094,11.493,9.687
mp-aaaaaxdl,36.467,63.910,34.133,27.443,2.334,21.060,40.815,32.353,19.755,11.292
mp-aaaaaxdn,25.024,47.697,31.582,22.673,6.558,8.564,21.207,15.735,12.643,7.171
mp-aaaaaxdp,46.757,43.903,49.038,2.854,2.280,37.911,28.121,32.188,9.790,5.723
mp-aaaaaxdq,43.276,40.488,41.138,2.788,2.138,33.367,26.772,24.884,6.595,8.483
mp-aaaaaxdr,40.053,40.072,36.707,0.019,3.347,31.537,25.117,22.373,6.420,9.164
mp-aaaaaxdx,152.018,180.313,153.336,28.295,1.318,97.202,91.497,100.399,5.705,3.197
mp-aaaaaxdz,109.883,95.207,63.582,14.676,46.301,46.503,49.374,39.715,2.871,6.788
mp-aaaaaxef,178.151,177.682,186.249,0.469,8.098,102.980,110.220,102.211,7.240,0.769
mp-aaaaaxeh,135.852,156.188,125.302,20.336,10.550,21.044,37.229,30.595,16.185,9.552
mp-aaaaaxei,269.333,219.663,268.856,49.670,0.478,127.208,143.587,134.894,16.379,7.686
mp-aaaaaxej,113.000,141.440,124.218,28.440,11.218,67.971,37.370,92.193,30.601,24.222
mp-aaaaaxeq,22.045,17.552,20.250,4.493,1.795,12.060,14.076,12.829,2.016,0.769
mp-aaaaaxer,52.335,62.132,53.016,9.797,0.681,34.785,31.242,29.372,3.543,5.413
mp-aaaaaxfb,161.242,172.443,164.000,11.201,2.758,76.198,86.298,85.439,10.100,9.241
mp-aaaaaxfg,22.276,13.048,20.380,9.228,1.896,9.887,21.032,10.405,11.145,0.519
mp-aaaaaxfh,31.837,36.328,31.340,4.491,0.497,18.535,25.256,16.373,6.721,2.162
mp-aaaaaxfi,51.345,58.052,37.503,6.707,13.842,38.139,30.207,15.187,7.932,22.952
mp-aaaaaxfj,30.489,8.521,30.373,21.968,0.116,20.919,14.319,16.062,6.600,4.857
mp-aaaaaxfq,116.000,105.669,121.786,10.331,5.786,54.649,37.158,44.231,17.491,10.418
mp-aaaaaxfr,111.438,108.091,108.073,3.347,3.365,47.061,29.654,41.565,17.407,5.497
mp-aaaaaxft,32.166,19.310,29.288,12.856,2.878,22.380,22.597,16.346,0.217,6.034
mp-aaaaaxfx,174.507,151.862,191.531,22.645,17.024,99.409,105.400,124.225,5.991,24.816
mp-aaaaaxfy,235.976,186.719,246.036,49.257,10.060,138.700,120.486,172.718,18.214,34.018
mp-aaaaaxgs,322.865,286.494,302.045,36.371,20.819,169.104,173.726,180.573,4.622,11.469
mp-aaaaaxgu,18.667,3.150,19.317,15.517,0.650,12.413,7.368,9.224,5.045,3.189
mp-aaaaaxiu,36.808,15.311,37.584,21.497,0.776,24.076,21.188,17.015,2.888,7.061
mp-aaaaaxiv,29.653,31.066,30.144,1.413,0.492,18.918,13.775,16.450,5.143,2.468
mp-aaaaaxiw,83.000,86.221,78.723,3.221,4.277,46.190,44.153,40.303,2.037,5.886
mp-aaaaaxix,124.567,112.040,112.641,12.527,11.926,74.449,83.102,69.212,8.653,5.237
mp-aaaaaxiy,197.533,179.848,194.567,17.685,2.966,75.074,70.393,66.500,4.681,8.573
mp-aaaaaxiz,37.186,56.314,37.363,19.128,0.177,21.037,14.545,21.665,6.492,0.628
mp-aaaaaxjb,40.866,58.574,44.013,17.708,3.147,25.222,19.572,28.297,5.650,3.074
mp-aaaaaxjg,48.679,39.299,58.130,9.380,9.450,27.461,22.702,39.493,4.759,12.032
mp-aaaaaxjh,49.207,43.828,57.108,5.379,7.901,27.885,31.320,38.560,3.435,10.676
mp-aaaaaxjj,50.271,39.596,60.560,10.675,10.290,28.943,29.474,36.124,0.531,7.181
mp-aaaaaxjl,40.932,36.167,48.974,4.765,8.042,23.727,24.522,31.297,0.795,7.571
mp-aaaaaxjn,41.281,37.242,45.571,4.039,4.290,24.420,28.662,27.801,4.242,3.381
mp-aaaaaxjo,40.629,34.758,45.598,5.871,4.968,24.222,27.010,26.839,2.788,2.617
mp-aaaaaxjr,299.067,287.578,345.209,11.489,46.142,138.454,204.734,182.190,66.280,43.736
mp-aaaaaxjs,181.888,165.729,181.906,16.159,0.018,66.705,92.052,84.306,25.347,17.601
mp-aaaaaxjv,51.667,43.562,53.389,8.105,1.722,18.766,17.008,19.846,1.758,1.080
mp-aaaaaxkb,292.088,263.234,294.676,28.854,2.589,188.047,207.921,184.301,19.874,3.746
mp-aaaaaxkl,120.609,111.806,109.755,8.803,10.854,80.249,77.545,77.795,2.704,2.454
mp-aaaaaxkm,61.024,53.132,60.363,7.892,0.661,48.542,39.755,38.385,8.787,10.157
mp-aaaaaxkn,54.524,49.601,54.274,4.923,0.249,39.032,29.736,36.530,9.296,2.502
mp-aaaaaxld,112.440,96.694,111.539,15.746,0.901,52.589,68.197,61.048,15.608,8.459
mp-aaaaaxll,52.879,82.794,53.520,29.915,0.641,28.745,40.783,41.240,12.038,12.495
mp-aaaaaxlw,200.333,170.156,201.644,30.177,1.310,79.963,88.473,76.587,8.510,3.376
mp-aaaaaxmz,42.668,32.770,52.014,9.898,9.347,24.970,19.512,29.713,5.458,4.743
mp-aaaaaxnj,78.298,62.832,61.217,15.466,17.081,35.960,35.522,23.291,0.438,12.668
mp-aaaaaxnk,63.408,81.865,66.191,18.457,2.783,28.678,31.097,24.121,2.419,4.557
mp-aaaaaxnp,106.983,144.840,133.510,37.857,26.526,69.713,62.448,73.899,7.265,4.186
mp-aaaaaxok,136.026,150.238,142.495,14.212,6.469,59.477,56.161,74.610,3.316,15.133
mp-aaaaaxpn,21.365,57.285,24.599,35.920,3.234,27.948,19.528,19.315,8.420,8.633
mp-aaaaaxpp,164.909,146.488,145.239,18.421,19.671,105.992,127.761,105.060,21.769,0.932
mp-aaaaaxpq,134.405,133.407,131.096,0.998,3.310,78.817,90.935,82.668,12.118,3.852
mp-aaaaaxpr,170.437,151.748,159.831,18.689,10.606,110.305,90.640,100.977,19.665,9.328
mp-aaaaaxpw,80.973,105.162,84.882,24.189,3.909,54.240,51.848,52.495,2.392,1.745
mp-aaaaaxpz,220.313,186.877,227.817,33.436,7.504,95.606,100.477,120.190,4.871,24.583
mp-aaaaaxqa,115.243,114.643,112.364,0.600,2.879,49.606,51.596,52.319,1.990,2.713
mp-aaaaaxqb,140.780,141.806,134.261,1.026,6.518,88.161,93.683,73.823,5.522,14.338
mp-aaaaaxqe,118.737,117.166,131.619,1.571,12.882,91.246,85.959,94.946,5.287,3.699
mp-aaaaaxqk,87.333,55.120,83.175,32.213,4.158,33.906,26.145,26.427,7.761,7.479
mp-aaaaaxqv,133.150,103.482,126.538,29.668,6.612,71.574,62.981,57.442,8.593,14.133
mp-aaaaaxqw,128.980,118.505,124.766,10.475,4.214,67.603,61.927,68.383,5.676,0.780
mp-aaaaaxqx,145.551,125.864,144.470,19.687,1.081,80.950,83.609,67.781,2.659,13.169
mp-aaaaaxqy,52.667,42.147,55.219,10.520,2.552,33.482,21.673,26.696,11.809,6.786
mp-aaaaaxrj,40.074,54.543,41.804,14.469,1.730,20.437,16.327,15.198,4.110,5.238
mp-aaaaaxsq,70.376,68.206,68.268,2.170,2.108,33.840,20.428,36.788,13.412,2.948
mp-aaaaaxsr,75.262,75.281,66.978,0.019,8.284,36.500,27.099,35.931,9.401,0.568
mp-aaaaaxst,73.589,77.054,70.924,3.465,2.664,35.263,29.226,35.340,6.037,0.077
mp-aaaaaxsu,80.071,77.863,78.852,2.208,1.219,38.687,32.592,46.373,6.095,7.686
mp-aaaaaxtb,172.726,167.944,171.688,4.782,1.038,53.055,68.478,58.534,15.423,5.479
mp-aaaaaxtd,162.970,149.848,163.229,13.122,0.260,61.171,63.849,64.198,2.678,3.026
mp-aaaaaxtk,75.873,80.855,63.086,4.982,12.788,12.984,16.807,28.157,3.823,15.173
mp-aaaaaxtl,31.645,85.323,59.800,53.678,28.155,19.973,43.123,28.747,23.150,8.774
mp-aaaaaxvv,124.752,127.257,131.622,2.505,6.870,50.027,44.032,55.290,5.995,5.263
mp-aaaaaxwq,93.583,81.802,96.600,11.781,3.017,46.205,45.875,54.928,0.330,8.724
mp-aaaaaxzw,61.333,93.556,53.528,32.223,7.806,37.127,74.990,34.775,37.863,2.352
mp-aaaaayae,65.333,54.905,94.023,10.428,28.690,-24.641,-45.422,39.508,20.781,64.149
mp-aaaaayam,27.887,36.510,30.267,8.623,2.380,13.229,8.280,13.226,4.949,0.003
mp-aaaaayao,46.667,35.192,46.439,11.475,0.228,21.048,21.340,20.354,0.292,0.694
mp-aaaaayav,52.180,48.420,52.728,3.760,0.547,22.217,27.603,23.194,5.386,0.977
mp-aaaaayaw,69.333,85.598,74.632,16.265,5.299,14.774,7.872,12.341,6.902,2.432
mp-aaaaayba,127.655,128.877,127.879,1.222,0.224,51.820,46.025,48.372,5.795,3.448
mp-aaaaaybd,31.086,36.095,31.730,5.009,0.644,18.765,19.469,21.825,0.704,3.060
mp-aaaaaybe,56.862,42.857,51.304,14.005,5.558,37.508,32.230,29.604,5.278,7.904
mp-aaaaaybj,116.886,120.876,113.819,3.990,3.067,64.566,70.555,-38.478,5.989,103.043
mp-aaaaaybk,85.437,72.409,87.871,13.028,2.434,27.241,38.944,33.988,11.703,6.747
mp-aaaaaybn,49.020,54.025,51.656,5.005,2.636,37.566,32.735,36.526,4.831,1.040
mp-aaaaaybq,54.442,58.947,64.381,4.505,9.940,41.598,31.578,43.267,10.020,1.669
mp-aaaaaybr,62.000,65.033,72.856,3.033,10.856,23.128,21.007,29.901,2.121,6.773
mp-aaaaaybv,36.333,29.354,36.897,6.979,0.564,1.596,21.186,12.636,19.590,11.041
mp-aaaaaybw,168.667,139.949,162.903,28.718,5.764,133.361,137.298,130.020,3.937,3.342
mp-aaaaaycl,186.667,163.016,192.619,23.651,5.952,68.193,74.703,74.261,6.510,6.068
mp-aaaaayco,194.000,145.447,191.303,48.553,2.697,55.402,73.095,74.616,17.693,19.214
mp-aaaaaycr,112.667,83.452,113.635,29.215,0.969,72.671,58.913,59.008,13.758,13.663
mp-aaaaaycv,101.000,101.058,99.256,0.058,1.744,81.321,61.896,72.359,19.425,8.963
mp-aaaaaydc,126.139,114.510,126.896,11.629,0.757,49.801,43.703,48.722,6.098,1.080
mp-aaaaaydd,175.454,162.546,176.143,12.908,0.689,102.203,91.425,103.484,10.778,1.281
mp-aaaaaydm,103.333,127.904,100.162,24.571,3.172,49.295,45.002,43.863,4.293,5.431
mp-aaaaaydp,206.963,189.460,217.591,17.503,10.628,276.559,44.735,84.292,231.824,192.267
mp-aaaaaydq,51.654,30.225,52.326,21.429,0.673,31.921,15.619,31.467,16.302,0.454
mp-aaaaayds,91.000,54.748,100.250,36.252,9.250,-28.869,17.197,13.536,46.066,42.405
mp-aaaaaydt,65.875,54.373,70.092,11.502,4.216,46.277,42.271,40.783,4.006,5.494
mp-aaaaaydy,127.211,127.824,129.272,0.613,2.061,46.106,46.945,45.104,0.839,1.002
mp-aaaaaydz,100.333,135.257,99.100,34.924,1.233,48.190,48.134,45.406,0.056,2.784
mp-aaaaayeb,101.667,131.481,98.905,29.814,2.762,49.511,43.314,43.175,6.197,6.335
mp-aaaaayei,171.034,131.532,166.805,39.502,4.229,93.307,82.544,83.682,10.763,9.625
mp-aaaaayej,25.259,30.176,28.269,4.917,3.010,15.928,9.168,16.314,6.760,0.386
mp-aaaaayem,36.440,111.746,133.795,75.306,97.355,31.032,55.195,44.681,24.163,13.649
mp-aaaaayen,41.000,45.678,34.151,4.678,6.849,3.998,25.642,12.207,21.644,8.209
mp-aaaaayeo,81.033,82.879,82.176,1.846,1.143,54.396,46.541,57.086,7.855,2.689
mp-aaaaayep,37.333,54.256,40.440,16.923,3.107,33.561,28.757,18.309,4.804,15.253
mp-aaaaayev,132.667,128.969,131.696,3.698,0.970,45.830,46.223,26.568,0.393,19.262
mp-aaaaayfc,158.052,152.879,166.290,5.173,8.238,83.378,71.360,76.769,12.018,6.609
mp-aaaaayfe,150.667,146.277,150.206,4.390,0.461,34.500,39.556,34.587,5.056,0.087
mp-aaaaayfj,123.333,123.327,127.896,0.006,4.563,105.853,103.603,88.053,2.250,17.800
mp-aaaaayfk,24.667,94.104,18.965,69.437,5.701,-0.309,6.221,-3.721,6.530,3.412
mp-aaaaayfl,29.667,75.173,16.085,45.506,13.582,-10.812,3.573,1.034,14.385,11.846
mp-aaaaayfm,84.000,76.787,88.013,7.213,4.013,6.115,11.619,113.257,5.504,107.142
mp-aaaaayfq,80.273,89.545,86.463,9.272,6.190,41.167,29.202,35.040,11.965,6.127
mp-aaaaayfr,87.924,90.474,89.377,2.550,1.453,48.664,42.735,47.154,5.929,1.510
mp-aaaaayfw,100.000,131.800,100.006,31.800,0.006,47.984,42.768,45.720,5.216,2.264
mp-aaaaayhp,95.912,72.380,88.758,23.532,7.154,47.151,44.601,46.167,2.550,0.984
mp-aaaaayjx,130.554,121.482,135.881,9.072,5.327,54.181,54.237,57.510,0.056,3.329
mp-aaaaayjy,138.333,116.637,132.627,21.696,5.706,26.605,25.073,28.538,1.532,1.933
mp-aaaaayjz,79.387,104.788,85.733,25.401,6.345,44.103,51.174,53.993,7.071,9.890
mp-aaaaayke,107.840,109.336,97.049,1.496,10.791,72.151,70.061,68.807,2.090,3.343
mp-aaaaaykh,65.397,100.454,84.520,35.057,19.124,60.681,57.760,53.516,2.921,7.166
mp-aaaaaykj,93.106,96.415,90.182,3.309,2.924,44.613,49.804,47.590,5.191,2.977
mp-aaaaaykk,119.667,113.996,126.332,5.671,6.665,48.765,47.073,34.994,1.692,13.771
mp-aaaaaykl,224.667,201.111,196.592,23.556,28.075,98.020,105.367,97.070,7.347,0.950
mp-aaaaaykm,210.667,163.163,232.577,47.504,21.910,90.704,76.313,67.185,14.391,23.519
mp-aaaaaykn,106.333,94.633,110.679,11.700,4.345,52.089,45.855,54.241,6.234,2.152
mp-aaaaaykr,157.000,131.081,143.675,25.919,13.325,6.750,32.284,16.390,25.534,9.640
mp-aaaaaykt,97.554,110.143,95.014,12.589,2.540,57.054,59.273,49.945,2.219,7.108
mp-aaaaaykw,39.397,55.860,32.211,16.463,7.187,32.468,31.187,29.232,1.281,3.236
mp-aaaaayld,66.581,77.873,73.793,11.292,7.211,40.326,39.289,45.708,1.037,5.382
mp-aaaaayle,172.854,159.958,183.208,12.896,10.354,75.098,74.304,78.440,0.794,3.342
mp-aaaaaylg,90.701,106.474,86.637,15.773,4.065,55.154,57.895,46.335,2.741,8.819
mp-aaaaaylh,100.486,103.295,98.438,2.809,2.048,59.510,64.533,57.224,5.023,2.286
mp-aaaaayll,202.470,198.585,215.463,3.885,12.993,117.346,130.339,132.701,12.993,15.356
mp-aaaaaylm,110.333,102.072,109.734,8.261,0.599,31.232,46.921,38.897,15.689,7.665
mp-aaaaayln,157.292,132.972,160.063,24.320,2.771,48.571,51.129,60.919,2.558,12.348
mp-aaaaaylo,129.667,113.687,126.155,15.980,3.512,41.487,25.498,22.729,15.989,18.759
mp-aaaaaylq,203.829,190.103,204.509,13.726,0.680,60.208,68.583,70.044,8.375,9.837
mp-aaaaayls,112.725,104.490,104.328,8.235,8.397,72.391,65.104,70.209,7.287,2.181
mp-aaaaaylt,112.089,112.111,111.121,0.022,0.967,73.658,66.603,76.085,7.055,2.427
mp-aaaaaymm,84.333,47.323,80.598,37.010,3.735,30.190,25.947,28.744,4.243,1.446
mp-aaaaaynd,49.754,53.791,44.599,4.037,5.155,20.455,22.329,12.155,1.874,8.301
mp-aaaaayne,49.549,53.295,43.097,3.746,6.452,20.240,22.482,14.457,2.242,5.784
mp-aaaaayoz,172.009,142.982,159.906,29.027,12.104,71.362,75.501,72.281,4.139,0.919
mp-aaaaayqf,80.762,88.887,87.957,8.125,7.196,25.591,26.475,34.769,0.884,9.178
mp-aaaaayqg,71.973,73.430,79.259,1.457,7.286,27.661,27.435,37.265,0.226,9.603
mp-aaaaayqi,63.793,78.415,56.963,14.622,6.830,40.540,49.232,31.884,8.692,8.656
mp-aaaaayta,107.773,99.036,106.121,8.737,1.653,69.024,57.608,73.101,11.416,4.077
mp-aaaaaytb,97.000,96.304,93.370,0.696,3.630,75.542,59.045,69.161,16.497,6.381
mp-aaaaaytc,81.000,94.670,68.320,13.670,12.680,50.608,56.010,42.982,5.402,7.626
mp-aaaaaytf,59.352,50.933,56.656,8.419,2.696,34.191,25.682,33.005,8.509,1.187
mp-aaaaaytg,101.957,67.520,101.171,34.437,0.786,44.588,53.588,65.148,9.000,20.560
mp-aaaaaytm,328.000,329.144,321.486,1.144,6.514,14.158,97.943,12.966,83.785,1.192
mp-aaaaaytp,85.951,125.082,90.062,39.131,4.110,53.806,48.343,56.914,5.463,3.108
mp-aaaaaytq,108.697,95.306,100.616,13.391,8.081,53.509,40.843,42.279,12.666,11.231
mp-aaaaaytr,169.667,156.187,161.425,13.480,8.242,60.323,75.745,38.778,15.422,21.545
mp-aaaaaytw,148.863,143.119,156.894,5.744,8.031,57.909,73.508,58.731,15.599,0.822
mp-aaaaayub,66.638,71.729,73.153,5.091,6.515,32.724,36.785,31.810,4.061,0.914
mp-aaaaayug,69.877,60.228,69.946,9.649,0.069,45.814,49.262,40.208,3.448,5.606
mp-aaaaayuh,71.636,60.435,69.149,11.201,2.487,45.938,50.234,38.283,4.296,7.655
mp-aaaaayuj,72.048,70.478,69.883,1.570,2.164,45.512,51.209,38.609,5.697,6.903
mp-aaaaayul,22.144,35.505,39.693,13.361,17.549,15.269,33.717,22.212,18.448,6.943
mp-aaaaayuu,26.107,29.645,27.391,3.538,1.284,16.066,9.771,14.123,6.295,1.943
mp-aaaaayuv,21.356,61.015,47.084,39.659,25.728,17.004,26.714,28.939,9.710,11.935
mp-aaaaayuw,78.515,87.302,67.911,8.787,10.603,27.450,35.669,29.852,8.219,2.401
mp-aaaaayvf,100.878,73.555,99.605,27.323,1.273,31.082,34.450,48.393,3.368,17.311
mp-aaaaaywa,133.091,99.876,125.522,33.215,7.569,64.685,57.989,69.190,6.696,4.505
mp-aaaaayxg,64.716,110.037,92.611,45.321,27.895,39.450,52.721,54.188,13.271,14.738
mp-aaaaayym,60.000,74.086,57.182,14.086,2.818,27.022,29.137,30.341,2.115,3.319
mp-aaaaayzm,89.444,85.874,86.940,3.570,2.503,12.852,9.919,20.876,2.933,8.025
mp-aaaaazan,31.307,63.374,36.569,32.067,5.262,8.552,27.848,9.988,19.296,1.436
mp-aaaaazaq,78.208,78.514,70.939,0.306,7.269,34.191,40.419,38.675,6.228,4.484
mp-aaaaazat,85.336,63.384,86.286,21.952,0.951,45.262,24.915,43.327,20.347,1.935
mp-aaaaazci,205.168,195.148,198.051,10.020,7.117,83.824,79.322,84.226,4.502,0.402
mp-aaaaazdp,115.849,144.252,151.929,28.403,36.080,54.368,53.707,84.280,0.661,29.912
mp-aaaaazen,122.182,123.082,122.003,0.900,0.179,75.534,88.403,70.072,12.869,5.462
mp-aaaaazfp,192.913,185.102,196.501,7.811,3.588,66.593,70.058,61.832,3.465,4.761
mp-aaaaazhk,103.262,101.451,100.602,1.811,2.660,50.610,49.014,43.607,1.596,7.003
mp-aaaaazhn,12.029,28.786,14.847,16.757,2.818,7.446,13.427,7.954,5.981,0.509
mp-aaaaazip,203.600,205.847,194.471,2.247,9.128,121.031,113.356,101.677,7.675,19.354
mp-aaaaaziq,56.929,59.187,46.692,2.258,10.237,20.944,25.499,25.271,4.555,4.327
mp-aaaaaziv,85.639,101.056,88.901,15.417,3.263,45.322,58.395,57.871,13.073,12.548
mp-aaaaazkr,143.512,130.402,161.139,13.110,17.627,58.522,62.768,83.356,4.246,24.833
mp-aaaaazle,84.949,90.786,76.839,5.837,8.110,67.900,41.152,48.766,26.748,19.135
mp-aaaaazol,112.273,92.457,118.347,19.816,6.075,62.705,54.697,66.188,8.008,3.482
mp-aaaaazox,17.597,84.667,14.118,67.070,3.480,12.438,18.031,5.228,5.593,7.210
mp-aaaaazqq,70.624,74.691,67.238,4.067,3.386,68.753,32.508,44.098,36.245,24.655
mp-aaaaazsp,171.034,163.252,174.574,7.782,3.540,43.331,49.831,66.047,6.500,22.716
mp-aaaaaztt,204.688,184.186,200.013,20.502,4.675,71.248,51.428,66.927,19.820,4.321
mp-aaaaazwj,148.799,137.172,148.322,11.627,0.477,76.602,91.109,83.147,14.507,6.545
mp-aaaaazxu,69.243,106.067,72.702,36.824,3.458,38.783,41.758,39.881,2.975,1.099
mp-aaaaazya,13.432,56.903,24.086,43.471,10.654,10.747,29.430,15.372,18.683,4.625
mp-aaaaazyw,18.443,35.477,20.625,17.034,2.182,8.002,5.848,10.043,2.154,2.041
mp-aaaabaab,78.331,78.705,71.616,0.374,6.714,38.616,35.893,37.080,2.723,1.535
mp-aaaababk,71.241,73.182,70.769,1.941,0.473,30.695,33.303,40.830,2.608,10.134
mp-aaaabacl,80.330,78.337,77.475,1.993,2.856,51.614,42.161,50.477,9.453,1.137
mp-aaaabaep,72.391,71.934,58.611,0.457,13.780,51.892,35.246,34.867,16.646,17.025
mp-aaaabaev,70.773,99.306,70.890,28.533,0.117,38.787,44.214,38.720,5.427,0.067
mp-aaaabagt,69.941,56.864,56.463,13.077,13.479,52.163,41.659,37.852,10.504,14.311
mp-aaaabahz,57.330,67.652,50.501,10.322,6.829,34.750,19.630,25.889,15.120,8.861
mp-aaaabakm,183.321,164.296,181.771,19.025,1.550,15.330,106.644,86.251,91.314,70.921
mp-aaaabaku,112.076,114.202,106.375,2.126,5.701,65.273,74.196,70.227,8.923,4.954
mp-aaaabala,65.000,72.486,74.670,7.486,9.670,35.888,25.497,38.454,10.391,2.566
mp-aaaabaln,71.294,79.031,70.312,7.737,0.981,29.277,42.059,40.399,12.782,11.122
mp-aaaabame,93.404,95.893,98.972,2.489,5.567,50.150,48.849,59.634,1.301,9.484
mp-aaaabatx,225.667,145.511,231.843,80.156,6.177,81.356,118.368,108.704,37.012,27.347
mp-aaaabauj,8.346,25.075,12.803,16.729,4.458,5.425,11.420,6.459,5.995,1.034
mp-aaaabawp,28.102,43.310,30.387,15.208,2.285,15.361,15.935,10.653,0.574,4.707
mp-aaaabawt,28.221,16.990,22.673,11.231,5.548,15.370,20.262,13.177,4.892,2.193
mp-aaaabaxy,116.374,120.270,120.247,3.896,3.873,56.522,45.634,47.108,10.888,9.413
mp-aaaabbaf,240.279,221.096,238.881,19.183,1.399,93.397,92.920,100.835,0.477,7.438
mp-aaaabbbk,63.002,100.776,65.990,37.774,2.988,19.496,31.943,34.905,12.447,15.409
mp-aaaabbbw,37.681,46.081,37.518,8.400,0.162,23.129,24.457,22.473,1.328,0.657
mp-aaaabbcm,68.333,81.680,65.960,13.347,2.373,27.435,22.314,32.073,5.121,4.637
mp-aaaabbdh,214.333,181.425,222.860,32.908,8.527,185.621,128.430,145.779,57.191,39.842
mp-aaaabbgt,159.833,146.715,163.023,13.118,3.190,82.872,65.701,79.253,17.171,3.619
mp-aaaabbii,205.256,172.258,219.895,32.998,14.639,116.191,108.251,125.746,7.940,9.555
mp-aaaabbkb,35.584,33.028,35.186,2.556,0.398,20.092,21.188,14.965,1.096,5.127
mp-aaaabbmt,171.381,143.827,143.549,27.554,27.832,101.050,95.514,83.027,5.536,18.022
mp-aaaabbrb,182.000,185.451,172.186,3.451,9.814,84.399,89.487,65.873,5.088,18.526
mp-aaaabbrn,69.777,87.079,63.105,17.302,6.673,24.227,0.249,32.364,23.978,8.137
mp-aaaabbrs,76.105,73.289,56.192,2.816,19.912,25.316,23.223,27.050,2.093,1.734
mp-aaaabdei,80.000,79.306,78.957,0.694,1.043,56.251,52.708,49.481,3.543,6.769
mp-aaaabdej,38.667,72.167,34.479,33.500,4.187,23.800,14.517,13.727,9.283,10.073
mp-aaaabdeo,64.705,79.721,69.563,15.016,4.858,24.077,27.939,17.779,3.862,6.299
mp-aaaabdeq,123.598,145.362,135.198,21.764,11.600,44.199,33.236,61.124,10.963,16.925
mp-aaaabdeu,124.728,124.101,123.701,0.627,1.028,62.732,60.513,60.776,2.219,1.956
mp-aaaabdev,55.275,56.159,64.176,0.884,8.901,28.186,26.467,31.524,1.719,3.338
mp-aaaabdfa,21.655,41.094,31.936,19.439,10.281,21.047,35.960,31.487,14.913,10.440
mp-aaaabdfb,142.450,133.069,152.431,9.381,9.981,50.585,42.163,67.422,8.422,16.836
mp-aaaabdfc,51.000,23.408,25.018,27.592,25.982,11.219,8.736,7.837,2.483,3.381
mp-aaaabdfg,100.677,98.974,98.323,1.703,2.354,37.808,26.995,41.683,10.813,3.874
mp-aaaabdfh,129.594,116.429,144.335,13.165,14.741,71.332,75.901,82.596,4.569,11.264
mp-aaaabdfn,57.033,82.993,58.959,25.960,1.926,18.947,19.093,16.012,0.146,2.936
mp-aaaabdfp,32.333,77.363,29.621,45.030,2.712,9.320,11.620,11.333,2.300,2.013
mp-aaaabdfu,145.399,111.076,117.299,34.323,28.099,64.340,60.980,56.568,3.360,7.772
mp-aaaabdfy,36.333,82.936,34.309,46.603,2.024,6.799,15.245,8.274,8.446,1.475
mp-aaaabdgb,63.228,88.483,62.994,25.255,0.234,17.646,20.981,27.219,3.335,9.573
mp-aaaabdge,41.000,37.554,40.188,3.446,0.812,17.824,14.599,20.185,3.225,2.362
mp-aaaabdgf,20.244,31.193,24.338,10.949,4.093,12.533,11.254,11.209,1.279,1.323
mp-aaaabdgn,84.680,68.247,79.626,16.433,5.053,51.659,40.075,50.992,11.584,0.667
mp-aaaabdgo,38.258,60.211,38.443,21.953,0.185,18.799,21.664,19.378,2.865,0.580
mp-aaaabdgr,38.000,56.697,58.449,18.697,20.449,9.661,18.980,41.072,9.319,31.411
mp-aaaabdgw,77.011,59.836,75.294,17.175,1.716,43.247,28.962,34.584,14.285,8.662
mp-aaaabdgy,230.667,138.889,203.504,91.778,27.162,91.965,125.001,93.028,33.036,1.064
mp-aaaabdhb,78.000,115.354,61.647,37.354,16.353,51.302,53.136,21.442,1.834,29.860
mp-aaaabdhd,297.208,292.845,334.846,4.363,37.637,188.498,195.182,183.854,6.684,4.644
mp-aaaabdhf,102.804,107.848,102.204,5.044,0.599,48.828,63.300,50.241,14.472,1.413
mp-aaaabdhj,20.236,22.463,38.167,2.227,17.931,15.363,15.596,19.654,0.233,4.291
mp-aaaabdhk,177.108,117.026,157.920,60.082,19.188,103.522,98.785,87.750,4.737,15.772
mp-aaaabdhn,45.582,54.968,50.681,9.386,5.099,17.696,24.603,29.463,6.907,11.767
mp-aaaabdho,221.667,202.502,208.558,19.165,13.108,109.953,104.505,75.723,5.448,34.230
mp-aaaabdhv,101.838,120.611,104.915,18.773,3.078,54.787,59.394,47.610,4.607,7.177
mp-aaaabdhw,56.672,78.636,62.691,21.964,6.019,35.464,36.004,34.828,0.540,0.635
mp-aaaabdhx,160.355,168.010,175.565,7.655,15.210,85.852,98.344,90.362,12.492,4.510
mp-aaaabdic,102.327,123.978,125.869,21.651,23.542,52.243,64.829,80.516,12.586,28.273
mp-aaaabdie,48.788,44.162,47.868,4.626,0.920,20.840,22.330,20.483,1.490,0.357
mp-aaaabdif,78.333,65.983,78.512,12.350,0.179,63.144,50.854,56.612,12.290,6.532
mp-aaaabdii,49.667,85.057,51.843,35.390,2.176,6.449,25.757,14.832,19.308,8.384
mp-aaaabdij,202.877,158.053,180.897,44.824,21.980,80.343,99.385,108.582,19.042,28.239
mp-aaaabdim,80.238,69.766,70.901,10.472,9.336,54.723,39.392,26.728,15.331,27.995
mp-aaaabdis,169.333,190.375,160.167,21.042,9.166,132.181,107.412,115.700,24.769,16.481
mp-aaaabdiu,54.940,86.666,55.287,31.726,0.346,31.445,33.921,28.567,2.476,2.878
mp-aaaabdiv,51.220,60.176,52.880,8.956,1.660,16.613,16.316,14.350,0.297,2.263
mp-aaaabdix,161.193,166.883,162.388,5.690,1.195,99.138,91.611,109.006,7.527,9.868
mp-aaaabdiy,40.667,95.793,32.045,55.126,8.622,11.823,5.035,5.684,6.788,6.139
mp-aaaabdjh,170.333,146.873,177.191,23.460,6.857,90.570,91.505,73.034,0.935,17.536
mp-aaaabdjm,197.667,184.131,203.029,13.536,5.362,94.120,88.032,78.519,6.088,15.601
mp-aaaabdjn,14.928,8.923,15.548,6.005,0.621,9.339,8.052,9.650,1.287,0.311
mp-aaaabdjs,127.260,117.078,110.003,10.182,17.257,44.664,38.606,47.276,6.058,2.613
mp-aaaabdjt,82.798,89.304,89.748,6.506,6.949,48.501,39.524,45.742,8.977,2.759
mp-aaaabdju,9.189,21.850,6.656,12.661,2.533,-47.332,14.160,4.653,61.492,51.986
mp-aaaabdjy,62.130,86.335,77.890,24.205,15.760,17.061,26.270,32.897,9.209,15.836
mp-aaaabdkg,169.333,179.757,170.055,10.424,0.722,55.652,13.841,45.075,41.811,10.577
mp-aaaabdkh,82.000,104.891,90.047,22.891,8.047,21.530,12.820,23.375,8.710,1.845
mp-aaaabdkm,102.531,106.065,96.922,3.534,5.609,52.897,53.605,38.612,0.708,14.285
mp-aaaabdkn,146.333,119.107,142.149,27.226,4.184,45.181,40.852,42.360,4.329,2.821
mp-aaaabdkq,94.129,50.826,89.576,43.303,4.553,73.824,67.833,50.247,5.991,23.578
mp-aaaabdkw,109.333,143.837,89.364,34.504,19.969,42.528,45.310,27.161,2.782,15.367
mp-aaaabdkz,68.607,90.278,65.960,21.671,2.647,58.720,29.346,27.223,29.374,31.497
mp-aaaabdld,57.815,74.684,67.938,16.869,10.123,21.243,24.540,21.417,3.297,0.175
mp-aaaabdlf,75.424,94.657,89.828,19.233,14.404,38.754,42.640,50.459,3.886,11.704
mp-aaaabdlg,41.272,27.157,44.010,14.115,2.738,20.265,17.901,18.401,2.364,1.864
mp-aaaabdlo,143.667,108.721,146.475,34.946,2.808,28.619,26.348,50.660,2.271,22.041
mp-aaaabdlp,212.513,206.285,231.085,6.228,18.573,107.793,111.390,115.624,3.597,7.831
mp-aaaabdlq,128.508,110.189,134.661,18.319,6.153,59.101,47.755,56.326,11.346,2.775
mp-aaaabdmb,32.756,71.371,67.105,38.615,34.349,30.633,42.039,46.921,11.406,16.287
mp-aaaabdmc,73.285,76.186,67.028,2.901,6.257,46.290,39.730,36.813,6.560,9.477
mp-aaaabdme,43.000,52.425,50.513,9.425,7.513,28.595,30.141,26.681,1.546,1.914
mp-aaaabdmf,15.849,74.874,24.438,59.025,8.589,10.525,20.367,8.762,9.842,1.763
mp-aaaabdmm,101.548,92.932,92.506,8.616,9.042,50.082,56.110,49.601,6.028,0.480
mp-aaaabdmn,106.667,101.831,112.412,4.836,5.746,41.151,51.863,41.634,10.712,0.483
mp-aaaabdms,79.774,86.422,81.973,6.648,2.199,30.807,23.522,29.312,7.285,1.495
mp-aaaabdmy,138.689,160.755,150.930,22.066,12.241,86.275,81.693,86.515,4.582,0.240
mp-aaaabdnb,74.796,66.384,69.331,8.412,5.464,35.309,34.182,37.428,1.127,2.118
mp-aaaabdne,84.333,52.605,87.565,31.728,3.232,39.449,34.818,39.213,4.631,0.236
mp-aaaabdng,58.000,107.324,123.556,49.324,65.556,-36.000,-26.033,-1.702,9.967,34.298
mp-aaaabdnh,84.071,78.703,94.567,5.368,10.496,39.596,42.703,44.622,3.107,5.026
mp-aaaabdnl,129.108,110.434,137.496,18.674,8.387,88.878,91.410,79.942,2.532,8.937
mp-aaaabdnn,157.606,168.311,147.494,10.705,10.112,75.874,68.252,69.690,7.622,6.185
mp-aaaabdnu,92.333,108.236,103.376,15.903,11.043,28.396,51.774,39.592,23.378,11.196
mp-aaaabdnv,183.000,166.040,173.342,16.960,9.658,107.993,85.117,83.594,22.876,24.399
mp-aaaabdny,32.333,51.563,55.407,19.230,23.074,15.000,13.142,22.705,1.858,7.705
mp-aaaabdnz,103.670,92.089,118.263,11.581,14.593,55.392,50.271,71.186,5.121,15.794
mp-aaaabdoa,45.253,48.804,51.363,3.551,6.110,32.309,19.603,27.275,12.706,5.034
mp-aaaabdoc,81.880,103.534,73.657,21.654,8.223,35.213,45.495,49.820,10.282,14.607
mp-aaaabdod,179.333,175.721,176.210,3.612,3.124,25.829,90.760,79.851,64.931,54.022
mp-aaaabdof,86.217,99.141,83.742,12.924,2.475,54.981,49.066,48.735,5.915,6.245
mp-aaaabdog,42.750,60.461,45.567,17.711,2.817,15.669,12.737,7.456,2.932,8.212
mp-aaaabdoj,54.333,52.460,53.063,1.873,1.270,31.396,27.846,27.810,3.550,3.587
mp-aaaabdop,103.534,94.699,105.105,8.835,1.571,55.241,59.691,51.535,4.450,3.706
mp-aaaabdou,90.863,90.049,87.532,0.814,3.331,53.694,44.898,55.688,8.796,1.994
mp-aaaabdow,92.090,107.049,89.560,14.959,2.530,2.630,41.701,20.935,39.071,18.306
mp-aaaabdox,47.740,56.065,43.394,8.325,4.347,24.846,22.342,22.441,2.504,2.405
mp-aaaabdph,69.952,68.217,76.556,1.735,6.604,28.444,25.478,37.080,2.966,8.636
mp-aaaabdpk,118.142,149.356,117.569,31.214,0.573,85.345,70.499,78.240,14.846,7.104
mp-aaaabdpn,141.824,139.496,142.804,2.328,0.979,60.861,52.109,50.556,8.752,10.305
mp-aaaabdpq,83.857,79.888,99.832,3.969,15.975,54.786,50.505,66.955,4.281,12.168
mp-aaaabdps,36.667,42.231,36.938,5.564,0.272,20.135,8.516,16.470,11.619,3.666
mp-aaaabdqd,52.000,57.209,44.546,5.209,7.454,20.476,15.916,-13.666,4.560,34.142
mp-aaaabdqf,37.639,37.611,32.979,0.028,4.660,22.832,29.998,14.905,7.166,7.926
mp-aaaabdqh,174.947,161.593,165.192,13.354,9.754,154.038,160.092,108.121,6.054,45.917
mp-aaaabdqn,153.968,156.760,140.985,2.792,12.983,58.271,59.440,48.741,1.169,9.529
mp-aaaabdqo,34.069,20.952,36.675,13.117,2.606,18.712,30.862,22.665,12.150,3.953
mp-aaaabdqx,122.912,117.946,125.761,4.966,2.850,56.661,60.773,55.560,4.112,1.102
mp-aaaabdrd,71.748,107.723,75.936,35.975,4.188,51.356,61.613,38.595,10.257,12.761
mp-aaaabdre,48.095,63.527,55.757,15.432,7.662,22.492,23.141,25.114,0.649,2.622
mp-aaaabdri,111.312,112.671,115.157,1.359,3.845,52.586,42.749,46.943,9.837,5.642
mp-aaaabdrj,70.868,112.725,43.817,41.857,27.051,30.946,26.098,3.433,4.848,27.513
mp-aaaabdrm,90.175,89.572,92.475,0.603,2.300,27.878,43.197,35.756,15.319,7.878
mp-aaaabdrn,81.278,105.105,131.581,23.827,50.302,68.087,69.262,61.128,1.175,6.959
mp-aaaabdrp,176.479,189.946,195.268,13.467,18.789,32.734,44.859,56.745,12.125,24.011
mp-aaaabdrs,74.378,76.738,80.635,2.360,6.257,51.763,41.949,57.484,9.814,5.721
mp-aaaabdru,4.667,36.182,10.167,31.515,5.500,2.187,-5.849,3.670,8.036,1.483
mp-aaaabdrv,55.971,100.791,76.263,44.820,20.292,37.603,41.081,52.349,3.478,14.746
mp-aaaabdry,72.773,91.178,84.816,18.405,12.043,43.270,49.334,42.795,6.064,0.475
mp-aaaabdsd,470.373,29.045,143.181,441.328,327.192,-1.028,-34.067,27.128,33.039,28.156
mp-aaaabdsf,69.474,50.284,77.480,19.190,8.006,16.606,16.993,31.448,0.387,14.843
mp-aaaabdsk,171.992,163.783,173.714,8.209,1.722,60.607,68.930,68.995,8.323,8.389
mp-aaaabdsl,110.407,100.050,101.848,10.357,8.559,61.184,71.711,69.428,10.527,8.244
mp-aaaabdso,66.307,75.605,68.780,9.298,2.473,50.731,58.172,48.823,7.441,1.907
mp-aaaabdta,85.274,73.060,73.898,12.214,11.376,43.511,50.227,25.752,6.716,17.759
mp-aaaabdti,41.262,44.866,39.402,3.604,1.860,21.618,23.026,23.120,1.408,1.502
mp-aaaabdto,161.807,141.089,157.639,20.718,4.168,67.476,69.507,56.482,2.031,10.994
mp-aaaabdtr,100.846,99.216,114.321,1.630,13.475,44.301,39.647,51.001,4.654,6.700
mp-aaaabdtw,112.111,123.798,127.854,11.687,15.743,64.758,45.883,62.914,18.875,1.845
mp-aaaabdty,81.524,85.429,79.633,3.905,1.891,54.544,46.591,52.672,7.953,1.872
mp-aaaabdub,101.231,88.194,92.210,13.037,9.021,14.948,34.407,36.736,19.459,21.789
mp-aaaabdue,63.091,80.994,64.764,17.903,1.673,33.391,37.765,35.506,4.374,2.115
mp-aaaabduh,54.333,47.586,53.899,6.747,0.435,30.199,27.095,29.936,3.104,0.263
mp-aaaabduj,283.662,270.434,270.995,13.228,12.666,160.899,152.103,137.530,8.796,23.369
mp-aaaabdum,24.326,52.333,24.741,28.007,0.415,13.518,12.834,10.604,0.684,2.914
mp-aaaabduu,214.330,178.024,230.133,36.306,15.803,115.290,124.939,101.644,9.649,13.646
mp-aaaabduv,182.667,164.878,180.733,17.789,1.934,87.354,94.956,74.495,7.602,12.860
mp-aaaabduw,134.757,119.400,139.806,15.357,5.050,59.760,48.154,58.806,11.606,0.955
mp-aaaabdux,174.184,116.187,180.225,57.997,6.040,111.105,101.470,87.844,9.635,23.260
mp-aaaabdvb,55.676,83.632,55.445,27.956,0.231,38.575,36.643,41.615,1.932,3.039
mp-aaaabdvf,103.508,103.559,83.149,0.051,20.359,55.863,57.920,48.913,2.057,6.950
mp-aaaabdvi,134.333,136.822,129.281,2.489,5.053,28.260,41.868,36.023,13.608,7.762
mp-aaaabdvy,96.965,100.624,99.351,3.659,2.387,50.367,54.432,48.656,4.065,1.712
mp-aaaabdwf,115.667,119.599,129.031,3.932,13.364,71.793,33.714,98.588,38.079,26.795
mp-aaaabdwj,96.000,96.532,92.266,0.532,3.734,63.246,56.193,55.535,7.053,7.711
mp-aaaabdwp,200.007,180.458,198.762,19.549,1.246,115.406,95.564,122.077,19.842,6.671
mp-aaaabdwq,163.296,140.639,161.520,22.657,1.776,85.701,79.307,90.415,6.394,4.714
mp-aaaabdwr,205.540,186.438,204.745,19.102,0.795,122.454,117.511,130.594,4.943,8.140
mp-aaaabdws,170.667,193.325,165.361,22.658,5.306,74.281,56.435,78.923,17.846,4.642
mp-aaaabdwt,59.555,72.162,63.030,12.607,3.476,28.998,34.612,27.117,5.614,1.880
mp-aaaabdwu,32.220,43.143,25.631,10.923,6.589,20.582,14.837,15.825,5.745,4.757
mp-aaaabdwv,183.746,163.439,195.638,20.307,11.892,120.294,124.383,118.618,4.089,1.676
mp-aaaabdwz,60.938,67.405,70.599,6.467,9.661,43.406,27.816,45.516,15.590,2.110
mp-aaaabdxa,73.330,86.049,66.044,12.719,7.287,49.386,51.270,39.030,1.884,10.355
mp-aaaabdxb,105.049,126.995,131.544,21.946,26.495,25.099,67.627,53.247,42.528,28.148
mp-aaaabdxe,65.667,50.841,56.945,14.826,8.722,31.620,23.370,26.156,8.250,5.464
mp-aaaabdxj,227.000,168.504,241.456,58.496,14.456,100.366,92.592,106.168,7.774,5.802
mp-aaaabdxm,83.333,44.381,83.826,38.952,0.493,53.034,35.227,37.042,17.807,15.991
mp-aaaabdxx,50.667,84.667,49.099,34.000,1.568,18.742,20.370,12.275,1.628,6.466
mp-aaaabdxz,47.600,77.721,53.632,30.121,6.032,34.188,48.404,27.804,14.216,6.385
mp-aaaabdya,157.000,144.721,161.771,12.279,4.771,37.203,42.232,36.654,5.029,0.548
mp-aaaabdyf,40.428,43.034,41.972,2.606,1.544,25.029,22.471,20.067,2.558,4.962
mp-aaaabdyh,42.467,63.608,55.099,21.141,12.633,33.746,36.387,28.767,2.641,4.979
mp-aaaabdyj,160.702,131.829,132.604,28.873,28.098,50.045,69.151,17.455,19.106,32.590
mp-aaaabdyk,144.969,136.581,119.764,8.388,25.205,72.650,39.138,39.075,33.512,33.576
mp-aaaabdyr,82.456,111.023,89.025,28.567,6.569,33.655,58.069,52.588,24.414,18.933
mp-aaaabdyv,201.424,190.485,197.711,10.939,3.713,108.017,101.654,93.536,6.363,14.480
mp-aaaabdzb,147.782,135.216,156.829,12.566,9.046,77.462,89.189,93.382,11.727,15.921
mp-aaaabdzd,87.059,101.229,88.658,14.170,1.599,28.272,29.232,24.014,0.960,4.258
mp-aaaabdzh,32.536,31.529,34.567,1.007,2.031,19.298,17.989,15.844,1.309,3.454
mp-aaaabdzj,34.000,27.442,32.776,6.558,1.224,16.116,16.856,14.046,0.740,2.070
mp-aaaabdzk,109.000,127.138,115.107,18.138,6.107,11.096,44.463,60.915,33.367,49.819
mp-aaaabdzl,81.000,83.458,89.614,2.458,8.614,28.803,43.178,31.145,14.375,2.341
mp-aaaabdzo,150.909,138.811,151.352,12.098,0.443,68.997,71.343,67.109,2.346,1.887
mp-aaaabdzp,123.667,141.927,142.053,18.260,18.386,21.857,10.240,47.935,11.617,26.078
mp-aaaabdzv,70.333,88.539,63.417,18.206,6.916,18.143,31.339,14.102,13.196,4.040
mp-aaaabdzw,78.333,68.706,85.885,9.627,7.552,42.208,37.159,53.296,5.049,11.088
mp-aaaabeab,146.278,185.986,153.490,39.708,7.211,72.403,70.890,61.706,1.513,10.697
mp-aaaabeak,69.155,56.299,67.342,12.856,1.813,45.330,44.089,39.669,1.241,5.661
mp-aaaabeas,55.000,54.422,52.614,0.578,2.386,21.831,18.844,13.580,2.987,8.251
mp-aaaabeay,216.699,264.537,255.580,47.838,38.881,120.755,111.061,163.066,9.694,42.311
mp-aaaabeaz,48.667,44.976,49.970,3.691,1.304,25.564,27.134,20.207,1.570,5.357
mp-aaaabebe,30.147,23.605,36.748,6.542,6.601,13.509,18.735,15.851,5.226,2.342
mp-aaaabebf,21.524,89.128,26.885,67.604,5.360,12.901,13.129,8.248,0.228,4.653
mp-aaaabebm,316.527,242.324,303.085,74.203,13.441,170.695,141.985,162.196,28.710,8.499
mp-aaaabebo,14.757,11.906,21.015,2.851,6.259,12.489,4.958,12.955,7.531,0.466
mp-aaaabebv,131.432,130.945,167.057,0.487,35.625,89.996,97.375,117.635,7.379,27.638
mp-aaaabebw,64.000,64.137,69.622,0.137,5.622,14.060,-0.333,31.530,14.393,17.470
mp-aaaabebx,108.417,81.908,111.684,26.509,3.267,31.171,36.192,30.584,5.021,0.587
mp-aaaabecb,52.778,80.502,78.238,27.724,25.460,30.814,58.722,37.618,27.908,6.804
mp-aaaabecf,118.482,89.084,102.593,29.398,15.889,33.625,50.797,52.100,17.172,18.474
mp-aaaabecg,114.837,114.126,111.786,0.711,3.051,72.410,56.632,60.790,15.778,11.620
mp-aaaabeci,109.667,77.775,123.098,31.892,13.431,55.727,60.301,72.244,4.574,16.518
mp-aaaabecl,39.958,81.120,50.210,41.162,10.252,13.256,24.749,17.018,11.493,3.762
mp-aaaabecm,176.000,189.967,173.911,13.967,2.089,71.119,26.254,56.371,44.865,14.748
mp-aaaabecs,153.768,134.115,117.899,19.653,35.869,63.970,48.037,49.021,15.933,14.949
mp-aaaabect,59.667,56.985,56.091,2.682,3.576,31.494,32.429,24.859,0.935,6.635
mp-aaaabecu,87.984,70.688,75.431,17.296,12.553,36.056,61.210,35.422,25.154,0.634
mp-aaaabecw,77.308,79.977,68.585,2.669,8.723,49.895,26.076,34.020,23.819,15.875
mp-aaaabecy,78.280,87.287,70.219,9.007,8.061,22.614,19.289,42.527,3.325,19.912
mp-aaaabeda,35.333,84.261,94.533,48.928,59.200,34.244,7.689,12.837,26.555,21.407
mp-aaaabedf,103.333,99.793,107.055,3.540,3.722,34.808,40.664,26.663,5.856,8.145
mp-aaaabedo,34.375,41.846,47.841,7.471,13.467,24.053,21.795,25.579,2.258,1.526
mp-aaaabedp,241.099,223.319,241.368,17.780,0.269,96.413,128.720,81.434,32.307,14.979
mp-aaaabedv,47.000,73.716,55.207,26.716,8.207,-45.398,-17.192,19.933,28.206,65.331
mp-aaaabeea,77.288,78.901,71.174,1.613,6.114,45.776,45.711,38.660,0.065,7.116
mp-aaaabeeb,63.000,53.126,58.828,9.874,4.172,44.397,38.188,39.425,6.209,4.973
mp-aaaabeef,23.333,38.016,29.080,14.683,5.747,11.181,12.179,11.965,0.998,0.783
mp-aaaabeel,183.486,181.716,182.465,1.770,1.022,76.667,80.819,55.695,4.152,20.972
mp-aaaabeeq,122.438,139.034,127.377,16.596,4.940,15.890,46.171,42.060,30.281,26.171
mp-aaaabeer,139.525,141.624,150.613,2.099,11.088,88.351,99.799,84.330,11.448,4.021
mp-aaaabeev,113.092,134.317,110.754,21.225,2.338,78.900,69.606,74.072,9.294,4.828
mp-aaaabeey,22.186,18.480,24.742,3.706,2.556,13.377,10.092,14.981,3.285,1.604
mp-aaaabefb,121.333,82.368,140.095,38.965,18.762,51.783,41.082,57.736,10.701,5.953
mp-aaaabefi,221.109,237.003,235.627,15.894,14.517,74.252,89.810,100.059,15.558,25.807
mp-aaaabefm,11.467,67.601,15.788,56.134,4.321,9.338,35.888,7.655,26.550,1.682
mp-aaaabefn,35.000,80.237,35.710,45.237,0.710,8.755,14.011,10.305,5.256,1.549
mp-aaaabefp,175.000,90.931,112.402,84.069,62.598,54.820,63.782,70.689,8.962,15.869
mp-aaaabefq,136.142,183.941,146.984,47.799,10.842,27.876,45.639,64.661,17.763,36.785
mp-aaaabefu,41.333,101.047,37.767,59.714,3.566,6.805,6.525,6.239,0.280,0.565
mp-aaaabefw,141.768,187.793,144.743,46.025,2.975,26.891,42.359,52.910,15.468,26.018
mp-aaaabega,234.281,230.678,240.027,3.603,5.745,118.047,106.006,112.618,12.041,5.429
mp-aaaabegc,19.667,56.742,55.698,37.075,36.032,33.275,22.642,12.263,10.633,21.012
mp-aaaabegd,55.668,65.183,65.812,9.515,10.144,34.180,37.865,44.436,3.685,10.256
mp-aaaabege,141.000,127.521,147.410,13.479,6.410,41.828,46.869,45.588,5.041,3.759
mp-aaaabegq,30.790,41.632,32.377,10.842,1.587,19.982,18.118,11.051,1.864,8.931
mp-aaaabegr,78.667,136.158,93.276,57.491,14.609,-2.035,-28.181,-4.925,26.146,2.889
mp-aaaabegu,98.333,89.548,112.540,8.785,14.207,37.919,32.879,41.192,5.040,3.273
mp-aaaabegv,73.667,62.630,72.341,11.037,1.326,38.061,40.561,39.113,2.500,1.052
mp-aaaabegw,54.137,75.514,64.865,21.377,10.727,12.078,24.848,22.028,12.770,9.949
mp-aaaabegx,65.390,113.651,108.381,48.261,42.991,40.110,49.730,60.693,9.620,20.582
mp-aaaabehb,52.000,23.844,19.507,28.156,32.493,19.822,19.392,12.327,0.430,7.495
mp-aaaabehd,111.000,80.408,104.772,30.592,6.228,51.722,49.867,57.711,1.855,5.989
mp-aaaabehe,135.347,139.795,124.006,4.448,11.341,57.778,60.220,59.314,2.442,1.535
mp-aaaabehh,38.667,45.367,42.109,6.700,3.442,20.904,18.386,26.657,2.518,5.753
mp-aaaabehl,137.462,133.279,127.918,4.183,9.544,40.657,55.188,63.331,14.531,22.674
mp-aaaabehm,70.586,80.079,61.832,9.493,8.753,27.567,34.467,22.836,6.900,4.732
mp-aaaabehr,47.600,54.899,45.768,7.299,1.831,27.915,28.436,23.776,0.521,4.139
mp-aaaabeht,129.667,112.287,125.790,17.380,3.877,28.749,14.554,12.693,14.195,16.056
mp-aaaabehv,39.667,58.355,44.310,18.688,4.643,11.047,2.932,10.473,8.115,0.574
mp-aaaabehx,10.317,29.141,14.156,18.824,3.838,8.297,15.207,11.961,6.910,3.664
mp-aaaabehz,40.333,49.094,45.519,8.761,5.186,15.707,22.191,27.179,6.484,11.472
mp-aaaabeib,105.591,76.621,111.203,28.970,5.611,50.262,57.291,53.283,7.029,3.020
mp-aaaabeic,82.382,86.109,81.579,3.727,0.803,33.310,29.107,42.088,4.203,8.778
mp-aaaabeid,70.667,47.916,64.544,22.751,6.123,27.102,26.133,19.476,0.969,7.626
mp-aaaabeie,147.805,139.753,136.806,8.052,10.998,73.958,80.189,79.160,6.231,5.202
mp-aaaabeih,43.972,61.388,41.504,17.416,2.469,192.879,8.337,22.045,184.542,170.834
mp-aaaabeij,58.280,78.205,57.156,19.925,1.124,26.977,25.463,17.852,1.514,9.124
mp-aaaabeil,71.000,52.757,72.750,18.243,1.750,31.754,34.541,35.885,2.787,4.131
mp-aaaabeiy,90.669,127.642,89.364,36.973,1.306,99.536,37.464,40.815,62.072,58.721
mp-aaaabejh,142.000,147.493,150.003,5.493,8.003,29.627,29.077,36.478,0.550,6.851
mp-aaaabeji,66.970,64.357,75.444,2.613,8.475,31.700,38.048,33.646,6.348,1.947
mp-aaaabejj,98.000,111.613,103.755,13.613,5.755,-30.485,11.768,0.898,42.253,31.384
mp-aaaabejl,63.363,97.541,71.366,34.178,8.003,28.548,34.050,35.251,5.502,6.703
mp-aaaabejr,57.989,103.204,69.751,45.215,11.761,35.371,39.173,38.777,3.802,3.406
mp-aaaabejt,55.353,66.200,58.848,10.847,3.495,26.277,28.151,21.624,1.874,4.653
mp-aaaabejw,126.211,124.611,108.970,1.600,17.241,73.939,53.737,59.979,20.202,13.960
mp-aaaabekb,206.677,217.903,214.231,11.226,7.553,103.971,103.599,107.677,0.372,3.706
mp-aaaabekc,100.591,80.577,91.835,20.014,8.756,62.763,50.759,41.175,12.004,21.588
mp-aaaabekf,71.667,73.964,74.421,2.297,2.755,26.500,36.457,24.955,9.957,1.545
mp-aaaabekj,38.333,48.917,38.393,10.584,0.060,18.353,23.924,14.469,5.571,3.884
mp-aaaabekm,155.305,174.227,165.624,18.922,10.320,75.112,105.663,31.424,30.551,43.688
mp-aaaabeko,43.109,53.238,50.440,10.129,7.332,14.374,16.253,9.876,1.879,4.497
mp-aaaabekp,32.333,63.103,30.000,30.770,2.333,15.259,14.290,8.181,0.969,7.078
mp-aaaabekr,104.244,101.698,119.808,2.546,15.564,62.761,59.394,75.509,3.367,12.748
mp-aaaabekx,76.389,82.880,71.998,6.491,4.390,34.890,46.356,32.218,11.466,2.672
mp-aaaabekz,149.035,162.598,139.771,13.563,9.264,62.855,72.619,54.141,9.764,8.714
mp-aaaabelb,115.333,108.404,124.372,6.929,9.039,46.276,53.778,53.048,7.502,6.773
mp-aaaabelp,24.333,10.418,23.892,13.915,0.441,12.613,10.686,12.768,1.927,0.154
mp-aaaabelq,50.000,56.316,41.983,6.316,8.017,21.143,12.095,4.937,9.048,16.205
mp-aaaabelu,216.333,191.176,223.675,25.157,7.342,94.428,98.531,-40.074,4.103,134.501
mp-aaaabely,45.000,54.888,43.649,9.888,1.351,26.346,27.971,27.917,1.625,1.571
mp-aaaabemd,62.171,83.277,63.994,21.106,1.823,42.297,35.530,47.615,6.767,5.318
mp-aaaabeme,186.786,133.266,163.052,53.520,23.733,66.155,80.613,62.892,14.458,3.263
mp-aaaabemh,65.775,73.619,59.508,7.844,6.266,16.781,15.054,7.210,1.727,9.571
mp-aaaabemj,47.333,74.721,51.623,27.388,4.290,8.574,17.648,13.954,9.074,5.380
mp-aaaabemn,26.152,68.114,27.227,41.962,1.075,10.809,-3.968,14.008,14.777,3.200
mp-aaaabemu,23.248,47.880,39.983,24.632,16.735,22.724,26.478,21.523,3.754,1.200
mp-aaaabena,141.530,114.968,139.324,26.562,2.206,55.627,89.217,60.213,33.590,4.586
mp-aaaabenb,133.657,148.193,137.333,14.536,3.676,57.226,55.145,50.568,2.081,6.658
mp-aaaabene,160.068,152.777,169.119,7.291,9.051,44.245,49.587,53.961,5.342,9.717
mp-aaaabenf,15.000,83.333,17.042,68.333,2.042,5.379,5.204,7.689,0.175,2.311
mp-aaaabenj,66.608,89.182,75.855,22.574,9.247,50.507,37.973,45.760,12.534,4.747
mp-aaaabeno,82.993,60.725,100.313,22.268,17.320,44.527,38.249,57.191,6.278,12.663
mp-aaaabenp,103.844,91.055,111.165,12.789,7.321,39.320,54.044,32.828,14.724,6.492
mp-aaaabeoe,244.249,190.300,265.750,53.949,21.502,119.740,120.469,143.398,0.729,23.659
mp-aaaabeos,60.469,71.735,57.751,11.266,2.718,29.867,33.773,29.782,3.906,0.085
mp-aaaabeot,68.757,52.458,68.193,16.299,0.563,46.110,49.460,38.691,3.350,7.419
mp-aaaabeou,82.927,53.319,64.797,29.608,18.131,29.028,20.579,32.118,8.449,3.090
mp-aaaabepe,107.464,115.100,104.153,7.636,3.310,55.675,48.305,53.934,7.370,1.741
mp-aaaabepj,198.333,143.843,200.486,54.490,2.153,86.773,98.406,101.281,11.633,14.508
mp-aaaabepn,73.473,93.766,74.786,20.293,1.313,16.090,21.219,18.141,5.129,2.051
mp-aaaabepo,31.667,93.135,35.757,61.468,4.091,9.609,11.582,12.974,1.973,3.365
mp-aaaabepp,229.000,233.630,236.566,4.630,7.566,132.785,129.260,129.466,3.525,3.319
mp-aaaabepq,55.538,47.409,56.526,8.129,0.988,26.238,24.498,27.520,1.740,1.282
mp-aaaabept,241.500,230.950,245.493,10.550,3.993,170.611,168.035,143.126,2.576,27.485
mp-aaaabepu,86.293,104.393,72.101,18.100,14.192,46.462,56.399,41.009,9.937,5.453
mp-aaaabepz,96.667,94.408,93.403,2.259,3.264,51.447,40.100,41.091,11.347,10.356
mp-aaaabeqb,133.249,113.003,139.200,20.246,5.951,55.634,51.765,70.005,3.869,14.371
mp-aaaabeqc,48.725,90.853,62.063,42.128,13.338,29.991,58.016,24.786,28.025,5.205
mp-aaaabeqm,60.917,95.033,65.877,34.116,4.960,28.306,31.203,34.981,2.897,6.676
mp-aaaabeqp,142.667,192.220,170.531,49.553,27.864,33.741,53.929,74.636,20.188,40.895
mp-aaaabeqs,91.155,113.167,91.703,22.012,0.548,56.647,57.811,51.218,1.164,5.429
mp-aaaabequ,35.489,29.370,37.974,6.119,2.485,7.314,23.616,19.473,16.302,12.159
mp-aaaaberc,34.333,49.180,32.395,14.847,1.938,21.420,12.502,12.783,8.918,8.637
mp-aaaaberd,114.723,105.678,129.220,9.045,14.496,46.108,53.106,51.948,6.998,5.840
mp-aaaaberh,50.000,50.893,45.057,0.893,4.943,29.897,19.127,22.930,10.770,6.966
mp-aaaaberi,162.000,136.779,166.440,25.221,4.440,81.345,85.691,65.059,4.346,16.286
mp-aaaaberj,23.329,27.735,28.473,4.406,5.144,13.939,20.622,14.415,6.683,0.476
mp-aaaaberl,151.528,192.730,161.114,41.202,9.586,78.223,74.036,71.363,4.187,6.860
mp-aaaabern,38.333,58.569,44.096,20.236,5.762,33.008,35.466,25.898,2.458,7.110
mp-aaaabero,32.145,43.815,45.114,11.670,12.968,32.748,16.217,19.278,16.531,13.470
mp-aaaaberq,184.984,167.473,164.211,17.511,20.773,124.259,129.892,101.622,5.633,22.637
mp-aaaaberw,141.000,115.449,142.427,25.551,1.427,53.082,49.984,49.337,3.098,3.745
mp-aaaaberx,39.985,54.806,42.931,14.821,2.946,11.589,4.689,13.830,6.900,2.242
mp-aaaabesc,39.667,94.371,37.835,54.704,1.832,9.294,4.370,8.188,4.924,1.106
mp-aaaabesf,171.442,120.155,143.958,51.287,27.484,77.494,75.379,65.037,2.115,12.457
mp-aaaabesg,47.289,52.466,49.632,5.177,2.342,27.166,33.980,26.284,6.814,0.882
mp-aaaabesj,111.889,129.866,106.268,17.977,5.621,63.523,74.081,62.124,10.558,1.399
mp-aaaabesm,40.090,34.797,39.078,5.293,1.012,15.036,16.261,19.743,1.225,4.707
mp-aaaabesn,62.119,104.447,64.357,42.328,2.238,33.617,38.838,31.694,5.221,1.923
mp-aaaabess,81.786,73.506,83.528,8.280,1.742,44.090,35.759,44.570,8.331,0.480
mp-aaaabesu,57.667,93.679,77.732,36.012,20.065,-27.949,1.547,-0.463,29.496,27.486
mp-aaaabetd,100.259,94.292,98.586,5.967,1.674,52.196,48.426,57.816,3.770,5.619
mp-aaaabeti,23.310,29.033,30.147,5.723,6.838,11.318,5.383,13.935,5.935,2.616
mp-aaaabetl,124.167,118.285,112.772,5.882,11.395,47.547,33.116,58.585,14.431,11.038
mp-aaaabetn,280.686,297.497,269.929,16.811,10.757,142.245,142.307,118.524,0.062,23.721
mp-aaaabetq,14.833,18.858,25.603,4.025,10.770,11.766,0.783,11.314,10.983,0.452
mp-aaaabett,17.102,50.046,33.847,32.944,16.744,13.344,23.122,17.768,9.778,4.424
mp-aaaabetw,196.000,161.482,187.851,34.518,8.149,7.854,21.023,42.684,13.169,34.830
mp-aaaabeua,81.776,66.236,83.042,15.540,1.266,44.522,29.538,53.434,14.984,8.912
mp-aaaabeub,68.000,68.208,74.622,0.208,6.622,18.977,32.103,25.150,13.126,6.173
mp-aaaabeum,159.000,161.095,151.126,2.095,7.874,95.148,93.356,85.176,1.792,9.972
mp-aaaabeuo,175.182,159.810,167.067,15.372,8.114,115.293,105.785,105.874,9.508,9.419
mp-aaaabeup,24.601,57.222,36.665,32.621,12.064,8.904,19.297,13.433,10.393,4.529
mp-aaaabeur,120.077,79.502,115.751,40.575,4.326,66.476,63.960,68.408,2.516,1.932
mp-aaaabeuu,30.667,85.117,23.876,54.450,6.791,10.140,28.441,9.865,18.301,0.275
mp-aaaabeuv,98.000,61.848,68.006,36.152,29.994,46.810,38.317,29.567,8.493,17.243
mp-aaaabeuw,81.110,88.793,91.204,7.683,10.094,46.990,55.813,48.234,8.823,1.244
mp-aaaabeva,12.718,66.669,4.009,53.951,8.709,9.522,14.450,-0.524,4.928,10.047
mp-aaaabevc,172.000,156.359,181.226,15.641,9.226,43.500,69.775,58.526,26.275,15.026
mp-aaaabevg,22.983,37.554,31.092,14.571,8.109,14.497,9.215,15.977,5.282,1.480
mp-aaaabevo,167.333,157.621,169.042,9.712,1.709,81.609,80.763,55.899,0.846,25.710
mp-aaaabevp,108.333,96.694,109.293,11.639,0.959,57.593,45.442,57.657,12.151,0.064
mp-aaaabevs,81.220,69.761,77.275,11.459,3.944,17.851,42.544,41.241,24.693,23.390
mp-aaaabevv,106.773,108.565,94.999,1.792,11.774,50.295,47.778,51.008,2.517,0.713
mp-aaaabevx,128.667,124.828,139.922,3.839,11.255,42.367,58.301,46.026,15.934,3.658
mp-aaaabewf,308.847,317.343,293.531,8.496,15.315,149.389,153.752,143.593,4.363,5.796
mp-aaaabewi,215.667,104.214,202.532,111.453,13.134,119.818,67.325,93.959,52.493,25.859
mp-aaaabewj,157.333,158.841,162.656,1.508,5.323,86.996,92.994,103.103,5.998,16.107
mp-aaaabewk,109.411,65.785,105.707,43.626,3.704,55.080,44.819,53.485,10.261,1.595
mp-aaaabewm,121.667,159.650,158.225,37.983,36.558,22.652,34.575,29.917,11.923,7.265
mp-aaaabewn,66.077,55.650,67.236,10.427,1.159,45.241,52.178,38.736,6.937,6.505
mp-aaaabewo,101.000,184.232,145.359,83.232,44.359,47.115,80.640,74.475,33.525,27.359
mp-aaaabewq,259.324,208.890,245.414,50.434,13.910,135.394,110.231,123.143,25.163,12.251
mp-aaaabewu,33.111,58.982,33.275,25.871,0.163,5.359,19.696,8.012,14.337,2.653
mp-aaaabeww,143.333,163.435,145.103,20.102,1.770,107.902,96.275,101.147,11.627,6.755
mp-aaaabexf,117.026,159.941,116.359,42.915,0.667,49.173,43.830,55.313,5.343,6.140
mp-aaaabexj,94.838,111.888,91.135,17.050,3.703,51.990,51.700,55.777,0.290,3.786
mp-aaaabexl,103.333,134.490,104.623,31.157,1.290,-14.017,-1.309,14.537,12.708,28.554
mp-aaaabexo,196.192,145.821,193.660,50.371,2.532,119.823,115.422,115.390,4.401,4.433
mp-aaaabexr,83.667,105.193,68.194,21.526,15.473,18.861,31.837,18.018,12.976,0.843
mp-aaaabext,93.272,109.873,96.264,16.601,2.993,48.818,43.569,46.865,5.249,1.953
mp-aaaabexu,64.000,75.804,81.378,11.804,17.378,18.744,21.644,22.963,2.900,4.219
mp-aaaabexw,90.603,61.558,102.246,29.045,11.642,25.464,19.670,36.685,5.794,11.221
mp-aaaabexx,96.667,42.366,89.081,54.301,7.585,38.772,42.074,38.778,3.302,0.006
mp-aaaabexz,52.667,51.123,49.543,1.544,3.124,30.396,23.332,23.013,7.064,7.383
mp-aaaabeyb,194.333,84.725,161.640,109.608,32.693,139.059,124.880,111.158,14.179,27.901
mp-aaaabeyc,147.476,133.684,119.963,13.792,27.513,58.569,63.394,51.700,4.825,6.869
mp-aaaabeye,163.300,140.250,208.866,23.050,45.565,126.157,107.266,118.270,18.891,7.888
mp-aaaabeyj,90.910,74.580,79.007,16.330,11.903,14.979,33.953,36.807,18.974,21.827
mp-aaaabeyq,55.667,49.941,53.947,5.726,1.720,31.596,30.641,29.379,0.955,2.217
mp-aaaabeys,44.000,64.433,36.949,20.433,7.051,19.512,13.698,18.195,5.814,1.317
mp-aaaabeyu,177.148,118.782,163.320,58.366,13.829,89.657,69.857,78.442,19.800,11.216
mp-aaaabeyy,111.202,125.903,111.370,14.701,0.169,77.895,64.614,63.438,13.281,14.457
mp-aaaabeza,121.944,73.407,126.695,48.537,4.750,33.882,45.360,33.672,11.478,0.210
mp-aaaabezc,215.246,165.772,218.594,49.474,3.347,97.356,95.735,94.462,1.621,2.894
mp-aaaabezd,121.546,118.154,118.061,3.392,3.485,58.761,54.991,54.908,3.770,3.853
mp-aaaabezf,160.397,154.520,157.098,5.877,3.299,64.069,73.063,58.540,8.994,5.530
mp-aaaabezh,319.700,222.266,329.191,97.434,9.491,168.190,182.213,179.268,14.023,11.078
mp-aaaabezj,47.333,71.530,50.866,24.197,3.533,8.574,18.103,12.297,9.529,3.723
mp-aaaabezk,147.049,143.350,148.401,3.699,1.352,62.643,44.798,66.968,17.845,4.325
mp-aaaabezl,61.667,52.051,56.439,9.616,5.228,41.055,26.072,21.863,14.983,19.192
mp-aaaabezn,40.667,28.432,42.979,12.235,2.312,9.177,9.061,15.338,0.116,6.162
mp-aaaabezo,91.751,72.609,93.026,19.142,1.275,44.276,55.014,55.335,10.738,11.059
mp-aaaabezt,163.461,149.972,163.428,13.489,0.032,86.601,87.632,66.147,1.031,20.454
mp-aaaabezu,137.478,127.219,137.110,10.259,0.368,39.988,39.854,62.427,0.134,22.438
mp-aaaabezw,126.667,126.877,119.101,0.210,7.566,59.158,62.831,52.208,3.673,6.950
mp-aaaabfad,62.694,80.925,66.441,18.231,3.748,39.339,33.903,36.736,5.436,2.602
mp-aaaabfaj,-30.228,51.887,63.136,82.115,93.364,169.798,46.624,34.591,123.174,135.207
mp-aaaabfao,26.882,33.295,31.972,6.413,5.090,16.479,17.011,16.016,0.532,0.463
mp-aaaabfap,199.000,166.374,199.884,32.626,0.884,57.347,55.563,59.381,1.784,2.034
mp-aaaabfaw,41.333,105.570,38.583,64.237,2.750,12.324,10.937,10.243,1.387,2.081
mp-aaaabfbf,63.374,72.284,75.719,8.910,12.345,42.891,43.707,49.096,0.816,6.205
mp-aaaabfbi,72.000,61.127,69.907,10.873,2.093,48.942,39.734,45.058,9.208,3.884
mp-aaaabfbm,255.436,151.362,229.359,104.074,26.077,113.709,114.666,101.230,0.957,12.479
mp-aaaabfbp,116.333,101.120,108.361,15.213,7.973,40.620,57.711,32.666,17.091,7.954
mp-aaaabfbq,29.750,23.236,30.748,6.514,0.998,24.738,22.709,18.707,2.029,6.031
mp-aaaabfbr,65.000,57.595,65.782,7.405,0.782,41.930,33.490,42.757,8.440,0.827
mp-aaaabfbs,115.443,96.801,109.655,18.642,5.788,63.560,58.466,53.212,5.094,10.348
mp-aaaabfbv,122.424,144.199,117.280,21.775,5.144,74.320,61.320,71.464,13.000,2.856
mp-aaaabfbx,103.886,54.240,53.483,49.646,50.403,18.927,18.958,16.218,0.031,2.708
mp-aaaabfbz,103.995,102.485,105.631,1.510,1.636,51.468,39.059,47.203,12.409,4.265
mp-aaaabfca,191.333,204.893,190.513,13.560,0.820,85.820,78.149,82.463,7.671,3.357
mp-aaaabfce,198.308,226.802,237.057,28.494,38.749,76.382,91.657,107.793,15.275,31.411
mp-aaaabfcf,24.667,91.674,25.666,67.007,1.000,-3.729,10.067,7.476,13.796,11.204
mp-aaaabfcj,77.667,74.335,82.249,3.332,4.583,58.217,51.497,59.707,6.720,1.490
mp-aaaabfcm,96.536,65.220,70.561,31.316,25.975,40.675,39.364,20.272,1.311,20.403
mp-aaaabfco,75.667,68.015,78.311,7.652,2.645,51.778,43.390,50.375,8.388,1.403
mp-aaaabfcp,157.718,183.279,159.267,25.561,1.548,115.853,124.773,116.871,8.920,1.017
mp-aaaabfcq,47.528,58.368,47.379,10.840,0.149,23.012,22.246,17.731,0.766,5.282
mp-aaaabfcs,71.667,69.639,78.743,2.028,7.077,18.799,32.090,26.046,13.291,7.247
mp-aaaabfct,66.790,63.316,70.237,3.474,3.447,26.606,24.175,25.419,2.431,1.187
mp-aaaabfcu,42.333,106.439,38.500,64.106,3.834,12.624,9.708,8.808,2.916,3.816
mp-aaaabfcv,60.000,55.064,65.869,4.936,5.869,16.757,17.675,21.799,0.918,5.042
mp-aaaabfcw,115.856,97.168,112.017,18.688,3.840,26.181,34.186,37.416,8.005,11.235
mp-aaaabfcx,141.333,117.834,140.961,23.499,0.372,29.103,24.018,15.277,5.085,13.826
mp-aaaabfdb,94.667,90.429,99.561,4.238,4.895,76.399,68.273,72.973,8.126,3.426
mp-aaaabfde,75.267,79.620,92.938,4.353,17.671,40.136,43.069,38.674,2.933,1.462
mp-aaaabfdg,158.967,138.955,149.913,20.012,9.054,87.959,68.571,72.553,19.388,15.406
mp-aaaabfdj,77.000,-16.809,29.574,93.809,47.426,29.898,14.498,12.634,15.400,17.265
mp-aaaabfdo,199.152,193.179,216.748,5.973,17.596,139.498,139.379,150.598,0.119,11.099
mp-aaaabfdu,84.411,79.911,86.575,4.500,2.164,40.209,32.586,34.614,7.623,5.595
mp-aaaabfef,108.333,88.969,119.484,19.364,11.151,82.226,90.437,90.132,8.211,7.906
mp-aaaabfeh,95.000,75.414,101.361,19.586,6.361,47.516,45.061,42.254,2.455,5.263
mp-aaaabfej,131.846,133.419,136.998,1.573,5.152,50.274,47.293,66.478,2.981,16.204
mp-aaaabfep,238.667,246.537,228.899,7.870,9.767,177.413,156.424,167.147,20.989,10.266
mp-aaaabfes,166.209,191.491,165.241,25.282,0.968,69.599,30.345,74.545,39.254,4.946
mp-aaaabfet,132.330,175.291,139.968,42.961,7.638,58.784,56.547,61.737,2.237,2.952
mp-aaaabffb,97.667,101.678,83.873,4.011,13.793,28.713,33.197,23.910,4.484,4.804
mp-aaaabffe,116.299,138.359,124.838,22.060,8.538,56.458,55.631,36.203,0.827,20.256
mp-aaaabffg,169.621,115.500,124.791,54.121,44.830,42.562,41.682,32.439,0.880,10.124
mp-aaaabffk,42.217,76.991,50.937,34.774,8.720,35.370,44.576,28.501,9.206,6.868
mp-aaaabffm,58.084,89.645,63.330,31.561,5.246,16.441,3.529,6.553,12.912,9.889
mp-aaaabffs,113.742,97.831,107.223,15.911,6.519,48.721,53.890,54.561,5.169,5.840
mp-aaaabffx,70.437,73.549,70.798,3.112,0.361,26.251,44.919,43.312,18.668,17.061
mp-aaaabfgb,129.694,125.256,113.167,4.438,16.527,49.451,44.495,61.306,4.956,11.855
mp-aaaabfgd,69.411,77.837,71.996,8.426,2.586,39.037,35.006,37.318,4.031,1.719
mp-aaaabfgf,117.527,149.185,107.897,31.658,9.629,75.018,74.500,64.223,0.518,10.795
mp-aaaabfgm,52.385,60.533,48.318,8.148,4.067,26.473,24.046,23.105,2.427,3.367
mp-aaaabfgq,19.000,53.884,18.049,34.884,0.951,8.936,3.875,5.929,5.061,3.007
mp-aaaabfgx,71.333,55.763,75.185,15.570,3.852,41.482,31.576,47.112,9.906,5.630
mp-aaaabfhb,42.065,38.691,47.393,3.374,5.329,29.907,30.673,24.559,0.766,5.348
mp-aaaabfhc,-34.809,77.433,42.634,112.242,77.444,7.984,13.617,2.751,5.633,5.233
mp-aaaabfhd,134.420,166.491,125.208,32.071,9.212,-19.857,44.463,56.014,64.320,75.871
mp-aaaabfhf,72.000,72.575,60.262,0.575,11.738,11.769,26.017,15.169,14.248,3.400
mp-aaaabfhl,156.193,168.464,161.487,12.271,5.293,93.403,67.082,85.078,26.321,8.324
mp-aaaabfht,108.612,94.629,114.975,13.983,6.363,61.700,43.198,66.431,18.502,4.731
mp-aaaabfhu,80.203,91.151,90.747,10.948,10.545,60.888,40.456,37.898,20.432,22.990
mp-aaaabfhz,199.729,201.623,200.033,1.894,0.304,47.081,41.915,53.196,5.166,6.115
mp-aaaabfia,68.000,78.679,66.776,10.679,1.224,19.986,27.947,18.202,7.961,1.784
mp-aaaabfid,190.849,185.061,195.704,5.788,4.855,38.735,51.742,63.569,13.007,24.833
mp-aaaabfie,46.602,60.500,49.751,13.898,3.150,32.188,21.659,32.549,10.529,0.361
mp-aaaabfih,186.333,178.630,191.413,7.703,5.080,85.710,93.697,77.993,7.987,7.718
mp-aaaabfil,193.000,162.502,198.418,30.498,5.418,39.633,50.260,54.216,10.627,14.583
mp-aaaabfiv,53.000,69.752,50.582,16.752,2.418,21.530,35.218,20.212,13.688,1.317
mp-aaaabfiw,48.000,99.307,38.863,51.307,9.137,-4.184,-11.862,15.328,7.678,19.512
mp-aaaabfiy,71.275,93.118,76.406,21.843,5.131,15.301,21.811,22.136,6.510,6.835
mp-aaaabfjc,78.810,87.984,92.730,9.174,13.920,22.497,33.482,37.049,10.985,14.552
mp-aaaabfje,82.032,140.636,82.763,58.604,0.731,42.631,32.419,38.029,10.212,4.602
mp-aaaabfjh,53.667,56.486,51.639,2.819,2.027,31.000,21.418,25.483,9.582,5.517
mp-aaaabfji,72.271,77.723,72.066,5.452,0.205,41.976,36.578,42.012,5.398,0.036
mp-aaaabfjk,75.446,56.315,64.865,19.131,10.581,49.712,32.277,32.263,17.435,17.449
mp-aaaabfjl,100.232,97.268,103.570,2.964,3.337,49.079,34.830,60.437,14.249,11.357
mp-aaaabfjm,44.667,49.321,42.136,4.654,2.530,24.181,28.836,21.519,4.655,2.662
mp-aaaabfjq,37.333,62.249,56.432,24.916,19.098,6.401,25.102,45.838,18.701,39.436
mp-aaaabfjv,160.333,153.504,129.498,6.829,30.835,63.503,68.491,23.434,4.988,40.069
mp-aaaabfjy,56.333,32.592,48.586,23.741,7.747,13.259,8.980,17.933,4.279,4.674
mp-aaaabfjz,110.667,109.137,119.719,1.530,9.052,29.669,29.154,36.459,0.515,6.791
mp-aaaabfkt,187.667,141.506,147.439,46.161,40.227,81.296,40.573,40.352,40.723,40.944
mp-aaaabfku,79.000,71.529,80.562,7.471,1.562,31.277,24.773,20.390,6.504,10.887
mp-aaaabfkv,156.658,179.200,161.615,22.542,4.957,83.026,89.992,69.218,6.966,13.808
mp-aaaabfky,142.327,135.208,155.265,7.119,12.938,86.959,87.534,82.693,0.575,4.266
mp-aaaabfla,30.765,33.128,38.878,2.363,8.113,25.519,19.642,27.719,5.877,2.200
mp-aaaabflg,244.228,227.182,243.609,17.046,0.619,121.764,115.509,119.861,6.255,1.903
mp-aaaabflh,89.925,96.441,87.841,6.516,2.084,56.103,62.272,46.426,6.169,9.677
mp-aaaabflj,20.675,72.082,89.484,51.407,68.809,-16.268,39.505,43.512,55.773,59.780
mp-aaaabfll,17.667,32.771,14.926,15.104,2.740,12.662,14.757,-6.580,2.095,19.243
mp-aaaabfln,156.667,165.636,159.045,8.969,2.379,82.363,64.439,76.325,17.924,6.039
mp-aaaabfls,95.955,124.371,91.763,28.416,4.192,53.600,41.552,52.923,12.048,0.677
mp-aaaabfmd,67.293,63.701,70.044,3.592,2.751,31.525,37.996,34.637,6.471,3.112
mp-aaaabfme,92.000,107.117,95.118,15.117,3.118,59.250,53.035,56.921,6.215,2.329
mp-aaaabfmf,18.546,94.943,45.069,76.397,26.523,12.630,7.679,20.734,4.951,8.104
mp-aaaabfmn,133.552,98.450,106.341,35.102,27.210,66.096,56.991,30.090,9.105,36.006
mp-aaaabfms,145.979,154.971,153.236,8.992,7.257,63.135,65.682,52.677,2.547,10.458
mp-aaaabfmv,101.000,127.203,107.691,26.203,6.691,33.514,31.719,51.689,1.795,18.175
mp-aaaabfmw,103.247,107.527,105.794,4.280,2.547,38.496,32.818,43.858,5.678,5.362
mp-aaaabfna,53.865,37.494,48.230,16.371,5.635,27.018,29.604,19.512,2.586,7.505
mp-aaaabfnc,12.746,74.061,49.581,61.315,36.835,4.794,7.840,13.865,3.046,9.071
mp-aaaabfnd,68.549,79.283,55.261,10.734,13.288,45.729,55.153,33.201,9.424,12.528
mp-aaaabfnh,128.333,113.697,128.877,14.636,0.543,60.266,56.920,56.978,3.346,3.288
mp-aaaabfnm,185.672,169.155,190.026,16.517,4.354,100.448,99.023,107.717,1.425,7.269
mp-aaaabfnp,122.333,95.191,116.203,27.142,6.130,61.237,57.052,52.211,4.185,9.026
mp-aaaabfnw,258.360,292.732,262.503,34.372,4.143,125.178,123.835,129.412,1.343,4.235
mp-aaaabfny,74.866,83.238,60.620,8.372,14.246,19.643,4.821,-0.799,14.822,20.442
mp-aaaabfob,66.333,32.170,66.920,34.163,0.587,30.230,34.119,29.193,3.889,1.037
mp-aaaabfof,16.187,41.325,18.098,25.138,1.910,9.114,7.170,8.630,1.944,0.484
mp-aaaabfoi,101.667,96.496,96.054,5.171,5.613,9.294,55.312,37.559,46.018,28.265
mp-aaaabfoq,254.641,212.916,257.421,41.725,2.779,143.309,143.663,151.714,0.354,8.406
mp-aaaabfou,176.100,150.868,173.023,25.232,3.077,79.121,70.786,75.464,8.335,3.656
mp-aaaabfow,162.667,170.298,153.505,7.631,9.162,5.207,-22.223,48.776,27.430,43.569
mp-aaaabfox,172.667,170.582,173.030,2.085,0.364,117.194,102.159,112.597,15.035,4.597
mp-aaaabfoz,64.039,77.392,63.947,13.353,0.092,39.957,25.087,36.148,14.870,3.810
mp-aaaabfpb,299.695,266.944,297.296,32.751,2.399,177.851,184.487,172.017,6.636,5.834
mp-aaaabfpr,97.602,120.337,100.880,22.735,3.278,54.284,54.215,58.204,0.069,3.920
mp-aaaabfpu,112.958,143.018,113.960,30.060,1.001,47.976,55.419,32.944,7.443,15.032
mp-aaaabfpz,216.755,212.999,209.481,3.756,7.274,113.327,111.875,110.605,1.452,2.722
mp-aaaabfqa,119.683,133.223,128.815,13.540,9.132,66.457,79.290,67.679,12.833,1.221
mp-aaaabfqc,21.244,32.743,25.229,11.499,3.985,12.824,7.557,12.152,5.267,0.671
mp-aaaabfqe,155.385,130.715,155.824,24.670,0.439,0.147,50.457,74.182,50.310,74.035
mp-aaaabfqf,36.333,27.730,36.984,8.603,0.651,22.966,18.896,20.500,4.070,2.466
mp-aaaabfqj,58.000,106.942,58.639,48.942,0.639,19.986,20.624,17.329,0.638,2.657
mp-aaaabfqk,75.636,96.491,78.866,20.855,3.230,46.841,47.106,48.365,0.265,1.524
mp-aaaabfqn,105.499,88.394,84.406,17.105,21.093,55.493,51.830,39.186,3.663,16.307
mp-aaaabfqq,97.104,91.880,95.718,5.224,1.386,40.234,54.630,37.856,14.396,2.378
mp-aaaabfqt,61.333,62.710,60.728,1.377,0.605,25.067,23.157,34.521,1.910,9.454
mp-aaaabfrb,76.557,82.374,82.941,5.817,6.384,36.332,47.084,31.286,10.752,5.046
mp-aaaabfrc,130.237,136.237,127.006,6.000,3.231,34.838,33.262,36.421,1.576,1.583
mp-aaaabfrp,16.888,40.015,13.950,23.127,2.938,8.825,13.786,4.942,4.961,3.883
mp-aaaabfrr,114.222,118.358,118.022,4.136,3.800,46.636,54.185,54.038,7.549,7.402
mp-aaaabfru,60.000,120.779,112.836,60.779,52.836,14.976,15.534,22.592,0.558,7.615
mp-aaaabfry,141.023,135.505,107.125,5.518,33.897,58.425,57.805,41.101,0.620,17.324
mp-aaaabfsb,116.333,99.161,83.422,17.172,32.911,51.070,30.200,33.349,20.870,17.721
mp-aaaabfsg,40.000,80.802,39.099,40.802,0.901,21.164,8.899,14.498,12.265,6.667
mp-aaaabfsh,55.333,48.293,53.847,7.040,1.486,30.184,29.873,29.309,0.311,0.875
mp-aaaabfsi,46.000,71.918,49.247,25.918,3.247,15.083,17.107,14.600,2.024,0.483
mp-aaaabfsj,81.195,94.601,84.731,13.406,3.536,53.113,46.840,45.042,6.273,8.071
mp-aaaabfsq,191.237,178.848,188.118,12.389,3.118,94.038,97.647,82.736,3.609,11.302
mp-aaaabfst,77.595,74.518,79.757,3.077,2.162,29.446,23.555,30.307,5.891,0.862
mp-aaaabfsv,84.624,65.824,73.567,18.800,11.056,35.543,51.973,36.877,16.430,1.334
mp-aaaabfsx,183.859,177.047,199.880,6.812,16.021,98.824,98.374,106.377,0.450,7.553
mp-aaaabfsz,233.839,186.079,243.579,47.760,9.741,118.652,133.611,126.876,14.959,8.224
mp-aaaabftf,177.151,177.713,190.855,0.562,13.704,105.771,70.929,118.078,34.842,12.307
mp-aaaabfto,351.984,292.589,353.464,59.395,1.480,122.783,148.061,175.956,25.278,53.172
mp-aaaabftr,165.667,150.994,158.686,14.673,6.981,77.252,76.016,46.586,1.236,30.666
mp-aaaabfts,48.542,48.823,42.199,0.281,6.343,10.136,18.575,15.834,8.439,5.697
mp-aaaabftt,178.333,176.660,169.721,1.673,8.613,71.066,46.307,40.338,24.759,30.728
mp-aaaabftv,66.974,88.939,58.119,21.965,8.856,39.132,53.581,28.789,14.449,10.343
mp-aaaabfua,240.089,240.101,236.392,0.012,3.698,88.397,113.851,93.549,25.454,5.152
mp-aaaabfub,22.081,26.667,16.986,4.586,5.095,12.516,17.249,2.716,4.733,9.799
mp-aaaabfud,64.314,76.821,59.957,12.507,4.357,36.528,25.385,26.718,11.143,9.810
mp-aaaabfuf,42.667,47.402,43.001,4.735,0.335,21.888,29.049,22.453,7.161,0.565
mp-aaaabfuh,41.667,43.536,39.938,1.869,1.729,19.365,16.717,18.680,2.648,0.685
mp-aaaabfui,76.667,85.413,77.614,8.746,0.947,50.528,37.693,26.538,12.835,23.991
mp-aaaabfuo,78.000,85.815,75.945,7.815,2.055,31.935,28.705,29.259,3.230,2.676
mp-aaaabfur,92.104,67.448,88.264,24.656,3.840,57.198,36.187,41.910,21.011,15.288
mp-aaaabfus,16.280,101.623,124.700,85.343,108.420,-1.828,34.680,38.241,36.508,40.069
mp-aaaabfut,238.115,214.958,207.068,23.157,31.047,144.076,117.436,102.389,26.640,41.687
mp-aaaabfvb,54.183,47.504,53.576,6.679,0.607,40.377,21.779,30.949,18.598,9.428
mp-aaaabfvd,63.610,57.770,67.723,5.840,4.113,31.591,39.241,30.347,7.650,1.244
mp-aaaabfvg,81.476,77.594,85.892,3.882,4.417,29.868,36.042,32.685,6.174,2.817
mp-aaaabfvh,49.972,53.957,48.135,3.985,1.836,34.177,31.656,29.887,2.521,4.291
mp-aaaabfvt,35.143,48.146,37.014,13.003,1.871,13.912,14.930,19.208,1.018,5.296
mp-aaaabfzd,67.207,86.228,72.534,19.021,5.327,34.618,39.545,33.506,4.927,1.113
mp-aaaabgfd,98.333,50.925,98.603,47.408,0.270,26.772,29.644,20.978,2.872,5.794
mp-aaaabgie,52.333,66.526,50.061,14.193,2.272,27.285,8.595,9.736,18.690,17.549
mp-aaaabgif,166.000,169.109,161.859,3.109,4.141,69.493,46.981,67.998,22.512,1.495
mp-aaaabgih,10.154,37.421,31.697,27.267,21.543,10.718,13.234,15.579,2.516,4.861
mp-aaaabgik,293.444,155.126,213.283,138.318,80.161,143.051,77.497,120.847,65.554,22.204
mp-aaaabgil,164.052,189.857,206.776,25.805,42.724,77.433,70.693,98.378,6.740,20.945
mp-aaaabgip,35.333,88.268,32.643,52.935,2.690,21.343,29.323,17.599,7.980,3.744
mp-aaaabgit,82.389,82.959,89.850,0.570,7.461,23.786,45.375,43.932,21.589,20.146
mp-aaaabgiv,147.499,140.549,139.996,6.950,7.503,62.985,53.359,49.663,9.626,13.321
mp-aaaabgiw,274.667,227.358,284.683,47.309,10.017,160.603,128.888,181.206,31.715,20.603
mp-aaaabgix,59.053,80.982,64.674,21.929,5.621,17.780,24.571,21.206,6.791,3.426
mp-aaaabgiz,114.667,104.385,224.813,10.282,110.146,-30.984,17.156,13.626,48.140,44.610
mp-aaaabgjh,105.667,117.678,111.801,12.011,6.135,57.157,64.981,70.490,7.824,13.333
mp-aaaabgjj,96.812,83.808,84.836,13.004,11.975,29.436,27.356,39.337,2.080,9.901
mp-aaaabgjn,137.000,86.200,148.643,50.800,11.643,62.525,61.108,83.635,1.417,21.111
mp-aaaabgjr,223.000,205.154,189.322,17.846,33.678,123.257,113.538,84.389,9.719,38.868
mp-aaaabgjv,79.622,77.811,78.385,1.811,1.237,27.486,23.182,28.811,4.304,1.325
mp-aaaabgjw,41.000,95.785,46.876,54.785,5.876,8.816,15.856,6.629,7.040,2.187
mp-aaaabgjy,69.602,107.189,75.945,37.587,6.343,39.480,61.712,35.372,22.232,4.109
mp-aaaabgkb,49.667,30.357,33.643,19.310,16.023,24.318,21.664,14.215,2.654,10.103
mp-aaaabgkc,68.981,79.393,58.803,10.412,10.178,46.744,39.640,32.573,7.104,14.171
mp-aaaabgkp,151.761,127.146,139.574,24.615,12.186,95.868,122.341,83.328,26.473,12.540
mp-aaaabgks,33.000,92.362,42.284,59.362,9.284,10.012,16.149,17.343,6.137,7.331
mp-aaaabgoh,25.613,72.454,24.797,46.841,0.815,11.173,17.764,9.543,6.591,1.630
mp-aaaabgpf,79.000,99.219,73.006,20.219,5.994,21.600,16.117,1.293,5.483,20.307
mp-aaaabgph,160.667,147.067,168.226,13.600,7.559,29.755,42.761,-72.614,13.006,102.370
mp-aaaabgpl,108.538,102.781,105.610,5.757,2.928,43.537,46.749,52.903,3.212,9.366
mp-aaaabgpo,129.498,100.767,129.107,28.731,0.391,35.836,29.433,43.357,6.403,7.521
mp-aaaabgps,110.333,100.619,115.183,9.714,4.850,62.521,48.668,55.467,13.853,7.054
mp-aaaabgpw,88.425,103.758,79.843,15.333,8.583,44.446,31.566,35.219,12.880,9.227
mp-aaaabgqc,73.221,62.064,60.711,11.157,12.510,46.694,31.039,35.380,15.655,11.314
mp-aaaabgqe,68.000,36.495,60.794,31.505,7.206,28.041,25.115,23.547,2.926,4.495
mp-aaaabgqf,71.444,86.163,69.031,14.719,2.413,31.036,32.061,27.675,1.025,3.361
mp-aaaabgqi,84.680,71.389,77.210,13.291,7.470,40.826,41.148,41.407,0.322,0.581
mp-aaaabgqn,33.231,99.448,28.700,66.217,4.530,15.359,20.767,19.173,5.408,3.813
mp-aaaabgqr,125.288,146.542,142.629,21.254,17.342,37.575,35.370,39.342,2.205,1.767
mp-aaaabgqy,83.649,87.936,83.864,4.287,0.215,-23.290,21.423,35.897,44.713,59.188
mp-aaaabgrf,157.381,171.346,166.841,13.965,9.460,60.695,75.405,64.317,14.710,3.623
mp-aaaabgrn,291.667,245.475,284.665,46.192,7.002,149.013,136.849,155.366,12.164,6.353
mp-aaaabgrv,102.333,113.512,108.373,11.179,6.040,20.281,33.033,28.018,12.752,7.738
mp-aaaabgsu,196.667,187.440,196.844,9.227,0.177,79.576,90.013,76.677,10.437,2.899
mp-aaaabgts,175.422,196.326,181.723,20.904,6.301,107.630,95.612,119.331,12.018,11.701
mp-aaaabgtx,92.572,96.842,99.662,4.270,7.090,45.567,40.662,58.766,4.905,13.199
mp-aaaabgty,153.004,106.436,136.871,46.568,16.133,53.999,59.069,57.257,5.070,3.258
mp-aaaabgtz,65.000,77.332,61.169,12.332,3.831,22.950,28.842,19.444,5.892,3.506
mp-aaaabgua,48.229,77.646,46.402,29.417,1.827,33.709,29.213,23.083,4.496,10.625
mp-aaaabguc,53.333,95.930,59.827,42.597,6.493,13.944,-3.265,10.678,17.209,3.267
mp-aaaabguh,112.776,114.449,111.950,1.673,0.826,49.030,50.769,47.772,1.739,1.258
mp-aaaabguo,298.333,211.163,282.347,87.170,15.986,118.398,156.981,94.641,38.583,23.756
mp-aaaabgup,111.489,96.311,119.229,15.178,7.740,52.242,46.205,66.468,6.037,14.226
mp-aaaabguw,88.802,91.244,96.888,2.442,8.086,53.712,51.124,50.516,2.588,3.196
mp-aaaabgvb,92.087,91.844,84.290,0.243,7.798,49.686,49.664,40.039,0.022,9.647
mp-aaaabgwa,223.418,227.052,214.289,3.634,9.129,75.012,95.624,90.555,20.612,15.543
mp-aaaabgwb,122.274,83.667,128.226,38.607,5.952,53.827,41.302,61.777,12.525,7.950
mp-aaaabgwc,110.575,107.018,129.618,3.557,19.043,62.122,69.057,68.891,6.935,6.769
mp-aaaabgwi,128.730,82.960,114.171,45.770,14.559,94.116,61.614,84.301,32.502,9.815
mp-aaaabgwq,146.080,129.676,155.298,16.404,9.218,72.051,65.864,73.606,6.187,1.555
mp-aaaabgwr,104.000,77.218,104.608,26.782,0.608,30.615,26.369,18.724,4.246,11.892
mp-aaaabgwx,146.318,107.229,148.437,39.089,2.119,81.539,79.133,78.229,2.406,3.310
mp-aaaabgwz,103.333,55.622,105.433,47.711,2.100,49.952,39.371,45.975,10.581,3.977
mp-aaaabgxc,22.550,6.334,27.383,16.216,4.833,11.796,12.941,11.999,1.145,0.204
mp-aaaabgxk,106.891,107.839,146.171,0.948,39.280,78.192,76.054,86.569,2.138,8.377
mp-aaaabgxx,32.215,37.502,42.475,5.287,10.261,16.754,22.999,20.034,6.245,3.279
mp-aaaabgxz,13.901,11.931,19.928,1.970,6.027,8.132,4.715,11.487,3.417,3.356
mp-aaaabgya,57.102,83.156,81.387,26.054,24.285,32.481,54.961,38.044,22.480,5.562
mp-aaaabgyc,188.269,161.384,198.321,26.885,10.052,103.410,85.751,123.659,17.659,20.250
mp-aaaabgye,112.659,77.068,77.745,35.591,34.914,71.470,48.838,32.304,22.632,39.165
mp-aaaabgyg,244.779,201.697,249.527,43.082,4.748,123.411,146.733,121.456,23.322,1.954
mp-aaaabgyk,167.333,169.435,150.743,2.102,16.590,96.069,94.533,80.694,1.536,15.375
mp-aaaabgym,208.105,166.742,210.693,41.363,2.587,108.590,117.384,111.669,8.794,3.079
mp-aaaabgyp,19.234,68.623,27.002,49.389,7.768,11.800,30.295,16.728,18.495,4.929
mp-aaaabgyt,108.361,91.124,105.771,17.237,2.590,41.054,38.997,37.076,2.057,3.978
mp-aaaabgyu,135.333,116.223,126.470,19.110,8.863,35.863,52.906,10.940,17.043,24.923
mp-aaaabgzc,62.309,70.090,66.336,7.781,4.026,27.053,24.141,32.804,2.912,5.751
mp-aaaabgze,90.102,93.446,92.630,3.344,2.528,18.950,30.961,21.463,12.011,2.513
mp-aaaabgzf,223.257,215.487,223.948,7.770,0.691,94.222,101.724,106.550,7.502,12.327
mp-aaaabgzh,177.333,174.343,198.793,2.990,21.460,69.228,74.706,80.703,5.478,11.475
mp-aaaabgzp,87.000,90.622,99.813,3.622,12.813,-15.276,20.205,24.245,35.481,39.521
mp-aaaabgzs,184.333,180.507,189.518,3.826,5.184,60.306,72.666,64.448,12.360,4.142
mp-aaaabgzu,177.638,141.224,180.028,36.414,2.390,107.665,80.341,90.150,27.324,17.514
mp-aaaabgzw,23.329,33.390,28.512,10.061,5.183,14.240,17.973,13.788,3.733,0.452
mp-aaaabgzy,134.431,113.530,133.370,20.901,1.062,52.165,42.441,60.218,9.724,8.053
mp-aaaabgzz,140.246,140.463,152.061,0.217,11.814,84.861,86.057,101.640,1.196,16.779
mp-aaaabhab,100.333,67.200,105.117,33.133,4.783,64.074,47.990,61.134,16.084,2.940
mp-aaaabhae,193.764,176.485,188.072,17.279,5.692,63.863,94.799,87.851,30.936,23.988
mp-aaaabhaf,73.973,83.770,66.891,9.797,7.081,27.573,31.285,34.253,3.712,6.680
mp-aaaabhah,130.408,122.922,144.659,7.486,14.251,72.260,79.767,68.250,7.507,4.010
mp-aaaabhaj,48.859,66.915,58.854,18.056,9.995,31.327,24.378,37.709,6.949,6.381
mp-aaaabhak,44.937,53.914,49.095,8.977,4.158,33.473,28.140,33.069,5.333,0.404
mp-aaaabhal,245.000,226.181,240.293,18.819,4.707,189.703,165.752,219.345,23.951,29.641
mp-aaaabham,204.000,191.575,206.205,12.425,2.205,89.742,82.318,103.644,7.424,13.902
mp-aaaabhap,150.381,85.353,134.869,65.028,15.513,54.202,72.152,44.835,17.950,9.367
mp-aaaabhbk,106.000,102.318,102.805,3.682,3.195,36.600,69.657,56.628,33.057,20.028
mp-aaaabhbl,126.217,111.226,113.351,14.991,12.866,20.409,32.301,45.074,11.892,24.665
mp-aaaabhbm,74.648,75.421,77.936,0.773,3.288,40.517,38.962,36.407,1.555,4.109
mp-aaaabhbq,35.000,98.729,33.639,63.729,1.361,4.871,8.967,7.450,4.096,2.580
mp-aaaabhbr,281.333,228.996,277.936,52.337,3.397,148.581,137.879,147.674,10.702,0.907
mp-aaaabhbs,206.825,99.057,117.716,107.768,89.110,34.860,68.214,54.579,33.354,19.719
mp-aaaabhcp,70.808,20.980,74.174,49.828,3.366,20.850,12.593,29.771,8.257,8.921
mp-aaaabhcy,80.047,109.959,103.312,29.912,23.265,27.033,31.526,43.405,4.493,16.372
mp-aaaabhda,36.109,59.136,37.670,23.027,1.561,13.533,12.706,11.054,0.827,2.480
mp-aaaabhdd,96.166,80.906,85.639,15.260,10.527,57.844,24.235,26.453,33.609,31.391
mp-aaaabhde,166.110,125.630,184.909,40.480,18.800,71.151,68.668,87.750,2.483,16.599
mp-aaaabhdi,224.000,271.949,224.238,47.949,0.238,107.336,21.897,107.422,85.439,0.086
mp-aaaabhdk,187.347,174.283,191.294,13.064,3.947,102.794,100.139,88.312,2.655,14.482
mp-aaaabhdo,50.987,58.995,47.999,8.008,2.988,19.182,23.091,7.519,3.909,11.662
mp-aaaabhea,50.127,76.937,49.988,26.810,0.140,34.285,27.583,25.762,6.702,8.523
mp-aaaabhec,27.072,80.233,38.553,53.161,11.481,28.552,30.535,23.333,1.983,5.219
mp-aaaabhek,41.333,52.131,48.811,10.798,7.478,27.545,20.999,28.073,6.546,0.527
mp-aaaabheo,134.388,118.530,119.882,15.858,14.507,71.803,73.605,58.540,1.802,13.263
mp-aaaabheq,113.403,77.031,118.031,36.372,4.627,51.830,45.546,58.134,6.284,6.304
mp-aaaabhew,216.380,171.446,215.153,44.934,1.227,126.257,124.322,119.727,1.935,6.531
mp-aaaabhex,175.158,164.216,181.116,10.942,5.958,62.471,56.037,59.810,6.434,2.661
mp-aaaabhfc,158.365,138.030,166.216,20.335,7.851,84.467,74.767,82.116,9.700,2.351
mp-aaaabhfd,122.333,103.454,131.952,18.879,9.619,69.035,59.817,60.836,9.218,8.199
mp-aaaabhfg,214.414,184.564,221.919,29.850,7.505,104.137,94.543,115.368,9.594,11.231
mp-aaaabhfi,40.961,42.543,39.148,1.582,1.813,21.789,24.589,22.889,2.800,1.100
mp-aaaabhfj,125.333,102.586,125.563,22.747,0.230,63.977,56.384,65.669,7.593,1.691
mp-aaaabhfx,124.333,165.283,126.882,40.950,2.549,60.572,57.729,48.317,2.843,12.255
mp-aaaabhfz,154.000,126.879,143.082,27.121,10.918,50.480,48.625,41.165,1.855,9.315
mp-aaaabhga,23.967,18.570,27.574,5.397,3.606,12.503,7.241,10.638,5.262,1.866
mp-aaaabhgb,114.667,117.298,126.897,2.631,12.231,75.400,56.520,12.821,18.880,62.579
mp-aaaabhgd,47.342,82.275,58.662,34.933,11.320,17.494,40.485,26.227,22.991,8.733
mp-aaaabhgn,220.789,182.487,225.079,38.302,4.290,110.110,112.236,124.116,2.126,14.005
mp-aaaabhgo,153.972,177.204,127.531,23.232,26.441,77.432,52.044,56.002,25.388,21.431
mp-aaaabhgt,19.962,6.942,25.725,13.020,5.763,14.835,10.251,14.098,4.584,0.736
mp-aaaabhgw,114.921,88.122,108.560,26.799,6.362,64.522,56.343,54.754,8.179,9.769
mp-aaaabhgy,257.595,163.258,236.657,94.337,20.938,109.125,105.278,92.327,3.847,16.799
mp-aaaabhgz,153.094,129.022,148.370,24.072,4.724,87.200,92.847,83.446,5.647,3.754
mp-aaaabhhd,89.667,85.933,93.959,3.734,4.292,21.250,10.989,24.538,10.261,3.288
mp-aaaabhhg,35.333,97.522,33.303,62.189,2.031,6.179,2.799,10.474,3.380,4.294
mp-aaaabhhi,56.706,71.438,67.564,14.732,10.858,33.885,39.948,29.935,6.063,3.950
mp-aaaabhhn,153.667,127.281,154.173,26.386,0.506,75.225,72.863,57.422,2.362,17.803
mp-aaaabhhs,138.202,121.366,154.834,16.836,16.632,87.412,75.666,83.939,11.746,3.473
mp-aaaabhhu,136.925,180.694,132.589,43.769,4.336,76.324,65.799,61.822,10.525,14.502
mp-aaaabhhv,64.191,72.588,70.337,8.397,6.147,47.166,34.803,42.470,12.363,4.696
mp-aaaabhhx,41.000,89.667,32.115,48.667,8.885,11.923,8.699,7.767,3.224,4.156
mp-aaaabhhy,94.408,68.768,95.765,25.640,1.357,44.467,27.705,21.498,16.762,22.969
mp-aaaabhig,145.205,101.820,146.882,43.385,1.677,85.023,91.088,82.750,6.065,2.273
mp-aaaabhit,166.333,94.953,171.038,71.380,4.704,87.239,96.086,76.393,8.847,10.846
mp-aaaabhiv,42.667,108.877,44.379,66.210,1.712,8.715,9.194,8.162,0.479,0.553
mp-aaaabhiz,98.667,94.649,107.232,4.018,8.566,0.986,11.862,19.894,10.876,18.908
mp-aaaabhje,195.157,171.734,200.368,23.423,5.211,63.739,81.876,76.719,18.137,12.980
mp-aaaabhjo,43.000,95.359,42.425,52.359,0.575,12.824,18.818,8.251,5.994,4.573
mp-aaaabhjq,131.829,131.115,129.407,0.714,2.422,40.414,70.280,44.952,29.866,4.538
mp-aaaabhjx,154.242,164.045,180.679,9.803,26.437,70.342,73.327,83.798,2.985,13.456
mp-aaaabhjy,45.517,26.381,47.634,19.136,2.117,22.000,3.946,25.907,18.054,3.906
mp-aaaabhka,168.667,199.605,175.547,30.938,6.881,52.515,55.863,55.464,3.348,2.948
mp-aaaabhkm,152.000,134.311,152.048,17.689,0.048,-33.113,15.658,42.552,48.771,75.664
mp-aaaabhkr,200.576,215.218,213.094,14.642,12.518,70.234,81.528,76.818,11.294,6.584
mp-aaaabhkv,74.333,128.067,90.715,53.734,16.381,-4.545,-0.996,244.113,3.549,248.658
mp-aaaabhky,203.333,154.109,184.427,49.224,18.906,107.062,69.381,81.785,37.681,25.277
mp-aaaabhlb,77.110,70.660,84.869,6.450,7.759,47.908,35.375,41.643,12.533,6.265
mp-aaaabhle,144.667,84.151,149.960,60.516,5.293,57.398,58.717,64.616,1.319,7.218
mp-aaaabhln,28.216,28.765,35.155,0.549,6.939,17.393,20.433,17.787,3.040,0.393
mp-aaaabhlp,52.398,65.221,62.819,12.823,10.421,35.026,35.127,40.394,0.101,5.368
mp-aaaabhlq,219.333,141.692,206.647,77.641,12.686,105.800,97.144,93.936,8.656,11.863
mp-aaaabhlx,88.212,87.190,97.289,1.022,9.077,43.771,49.271,42.159,5.500,1.612
mp-aaaabhlz,132.000,145.170,136.141,13.170,4.141,98.243,111.651,108.579,13.408,10.336
mp-aaaabhma,67.512,74.916,70.256,7.404,2.744,9.224,24.323,35.123,15.099,25.899
mp-aaaabhmg,5.988,42.107,6.779,36.119,0.791,3.249,14.358,4.585,11.109,1.336
mp-aaaabhml,246.641,221.978,258.131,24.663,11.490,87.252,96.308,106.699,9.056,19.447
mp-aaaabhmq,196.640,178.331,213.286,18.309,16.646,73.109,89.555,89.285,16.446,16.176
mp-aaaabhmr,179.581,144.690,176.667,34.891,2.914,100.099,88.906,91.186,11.193,8.913
mp-aaaabhmt,198.282,160.042,174.992,38.240,23.290,57.949,80.532,57.907,22.583,0.042
mp-aaaabhna,129.690,125.172,128.620,4.518,1.070,35.562,29.795,41.130,5.767,5.568
mp-aaaabhnc,70.426,80.482,70.288,10.056,0.138,26.375,29.780,27.081,3.405,0.706
mp-aaaabhng,154.733,152.638,157.111,2.095,2.378,36.621,84.407,99.425,47.786,62.804
mp-aaaabhno,108.181,81.738,117.606,26.443,9.425,28.655,36.107,30.871,7.452,2.216
mp-aaaabhnq,163.418,147.184,149.695,16.234,13.723,61.685,63.242,53.228,1.557,8.457
mp-aaaabhny,120.573,117.361,123.867,3.212,3.294,55.141,59.558,54.355,4.417,0.786
mp-aaaabhob,103.667,82.153,108.973,21.514,5.306,24.768,35.652,30.191,10.884,5.423
mp-aaaabhok,91.667,110.389,78.849,18.722,12.818,27.328,17.948,19.885,9.380,7.443
mp-aaaabhol,38.945,63.308,61.572,24.363,22.628,47.235,31.555,30.789,15.680,16.446
mp-aaaabhon,90.333,49.058,88.796,41.275,1.537,43.093,29.094,39.933,13.999,3.160
mp-aaaabhop,33.316,48.029,37.112,14.713,3.796,16.630,23.044,4.672,6.414,11.958
mp-aaaabhot,11.205,29.392,14.482,18.187,3.277,7.548,15.557,11.389,8.009,3.841
mp-aaaabhou,38.000,52.118,40.924,14.118,2.924,18.235,5.890,-5.771,12.345,24.005
mp-aaaabhov,18.373,60.394,12.819,42.021,5.555,12.773,26.339,6.595,13.566,6.178
mp-aaaabhpa,101.129,128.325,103.460,27.196,2.331,56.386,57.643,58.630,1.257,2.244
mp-aaaabhpc,80.342,58.287,85.218,22.055,4.876,53.650,53.290,54.489,0.360,0.839
mp-aaaabhpd,127.218,128.843,133.781,1.625,6.563,60.758,74.601,68.276,13.843,7.518
mp-aaaabhpg,56.000,49.302,57.123,6.698,1.123,20.626,20.823,23.536,0.197,2.909
mp-aaaabhpj,40.593,55.069,45.093,14.476,4.500,26.959,18.350,23.817,8.609,3.142
mp-aaaabhpo,93.333,89.573,105.357,3.760,12.023,23.394,36.131,27.373,12.737,3.978
mp-aaaabhps,77.181,99.457,68.346,22.276,8.835,32.488,26.683,35.013,5.805,2.525
mp-aaaabhpt,59.075,55.134,61.335,3.941,2.261,25.565,17.388,22.982,8.177,2.583
mp-aaaabhpv,107.399,105.175,107.728,2.224,0.328,55.221,49.759,54.514,5.462,0.707
mp-aaaabhpy,194.840,151.317,196.590,43.523,1.750,82.787,92.223,86.291,9.436,3.504
mp-aaaabhqb,118.667,99.248,123.571,19.419,4.905,46.024,51.466,47.790,5.442,1.765
mp-aaaabhqh,236.000,122.381,151.944,113.619,84.056,88.966,51.664,18.533,37.302,70.433
mp-aaaabhql,29.312,18.418,32.644,10.894,3.332,16.840,19.629,19.288,2.789,2.448
mp-aaaabhqm,66.289,69.957,70.198,3.668,3.910,25.943,29.622,26.271,3.679,0.328
mp-aaaabhqp,56.542,75.499,56.080,18.957,0.463,27.651,31.517,26.478,3.866,1.173
mp-aaaabhqq,84.799,73.966,85.824,10.833,1.024,51.266,52.454,41.106,1.188,10.160
mp-aaaabhqx,22.704,75.273,28.252,52.569,5.548,13.990,6.184,12.847,7.806,1.143
mp-aaaabhrc,80.576,102.473,68.107,21.897,12.469,60.912,52.909,41.430,8.003,19.482
mp-aaaabhrg,39.064,52.781,32.937,13.717,6.128,17.377,25.047,13.568,7.670,3.809
mp-aaaabhrj,325.603,284.077,324.267,41.526,1.337,195.122,194.503,179.457,0.619,15.665
mp-aaaabhrk,93.316,86.788,77.834,6.528,15.482,59.507,45.066,30.208,14.441,29.299
mp-aaaabhrt,168.681,165.495,164.225,3.186,4.456,76.489,80.317,82.632,3.828,6.143
mp-aaaabhsd,84.604,98.016,94.737,13.412,10.133,35.954,35.683,37.755,0.271,1.801
mp-aaaabhsg,90.333,123.841,91.639,33.508,1.305,-8.329,-7.705,-57.042,0.624,48.713
mp-aaaabhsk,98.333,111.036,81.803,12.703,16.530,49.056,52.325,36.199,3.269,12.856
mp-aaaabhsl,237.164,203.596,214.280,33.568,22.884,122.508,101.058,103.612,21.450,18.895
mp-aaaabhso,199.333,190.335,204.573,8.998,5.240,88.008,88.646,78.075,0.638,9.933
mp-aaaabhsq,83.333,81.032,73.842,2.301,9.491,20.071,14.727,23.188,5.344,3.117
mp-aaaabhsr,232.889,179.195,190.139,53.694,42.750,88.874,67.036,102.550,21.838,13.676
mp-aaaabhsz,137.088,120.177,139.788,16.911,2.700,70.987,63.199,78.187,7.788,7.200
mp-aaaabhtb,95.000,63.956,93.224,31.044,1.776,39.562,26.277,40.421,13.285,0.859
mp-aaaabhti,53.079,46.200,59.063,6.879,5.984,23.323,23.408,25.794,0.085,2.472
mp-aaaabhtj,49.865,53.486,50.622,3.621,0.756,21.617,28.775,13.861,7.158,7.757
mp-aaaabhtp,32.189,60.370,24.393,28.181,7.797,20.510,6.024,15.535,14.486,4.974
mp-aaaabhuv,2.810,23.780,7.170,20.970,4.360,2.071,1.552,4.210,0.519,2.138
mp-aaaabhux,26.000,49.497,21.132,23.497,4.868,3.959,13.137,8.365,9.178,4.406
mp-aaaabhuz,11.785,88.989,7.613,77.204,4.173,8.257,2.180,5.143,6.077,3.114
mp-aaaabhvc,22.052,39.644,28.616,17.592,6.564,-23.954,9.574,12.401,33.528,36.355
mp-aaaabhve,11.637,-3.108,20.982,14.745,9.345,5.270,1.433,8.255,3.837,2.985
mp-aaaabhvf,10.438,12.253,13.081,1.815,2.644,4.553,3.387,2.646,1.166,1.907
mp-aaaabhvi,23.667,49.964,21.764,26.297,1.902,13.963,13.800,14.775,0.163,0.812
mp-aaaabhvj,6.111,41.255,3.925,35.144,2.186,11.993,4.971,-0.561,7.022,12.554
mp-aaaabhvk,82.333,83.196,96.009,0.863,13.676,25.996,33.845,43.386,7.849,17.390
mp-aaaabhvl,15.000,1.840,17.416,13.160,2.416,7.542,14.134,7.451,6.592,0.091
mp-aaaabhvm,54.667,77.105,60.601,22.438,5.935,29.934,30.284,32.803,0.350,2.869
mp-aaaabhvo,101.828,123.058,100.203,21.230,1.625,29.690,29.282,16.670,0.408,13.020
mp-aaaabhvq,13.398,34.892,19.176,21.494,5.778,7.081,3.515,9.569,3.566,2.488
mp-aaaabhvr,5.012,74.583,7.730,69.571,2.718,3.700,4.450,4.292,0.750,0.592
mp-aaaabhvs,1.556,66.901,7.767,65.345,6.211,1.595,7.801,2.984,6.206,1.389
mp-aaaabhvt,51.667,66.078,51.509,14.411,0.158,29.934,27.142,30.681,2.792,0.747
mp-aaaabhvv,20.000,19.395,26.174,0.605,6.174,7.161,3.995,10.631,3.166,3.470
mp-aaaabhvw,5.462,-6.012,5.447,11.474,0.015,1.951,1.916,3.849,0.035,1.898
mp-aaaabhvx,10.776,96.138,13.269,85.362,2.492,9.657,8.841,-45.484,0.816,55.142
mp-aaaabhvy,44.047,59.945,49.332,15.898,5.286,9.830,20.106,17.392,10.276,7.563
mp-aaaabhvz,52.333,95.369,43.481,43.036,8.852,20.674,5.924,13.962,14.750,6.712
mp-aaaabhwa,10.649,63.821,14.690,53.172,4.041,4.697,4.962,2.739,0.265,1.958
mp-aaaabhwb,8.849,73.138,11.651,64.289,2.802,6.184,4.774,4.823,1.410,1.361
mp-aaaabhwc,15.925,38.142,30.019,22.217,14.094,11.459,14.376,13.848,2.917,2.389
mp-aaaabhwh,26.505,74.573,37.661,48.068,11.156,10.929,3.237,17.569,7.692,6.640
mp-aaaabhwi,20.014,41.084,22.446,21.070,2.432,10.100,14.517,9.807,4.417,0.294
mp-aaaabhwj,6.213,79.950,15.380,73.737,9.167,5.598,5.844,7.493,0.246,1.895
mp-aaaabhwl,108.000,100.142,101.878,7.858,6.122,21.514,27.656,22.349,6.142,0.834
mp-aaaabhwo,25.216,55.971,26.629,30.755,1.413,6.453,12.590,6.984,6.137,0.531
mp-aaaabhwp,38.667,47.177,36.551,8.510,2.115,15.163,8.768,13.968,6.395,1.195
mp-aaaabhwq,31.993,80.811,38.965,48.818,6.973,16.303,3.475,20.914,12.828,4.611
mp-aaaabhwr,11.878,58.205,19.188,46.327,7.310,5.791,15.593,9.330,9.802,3.539
mp-aaaabhws,10.667,-1.304,4.273,11.971,6.393,5.832,6.982,-0.532,1.150,6.363
mp-aaaabhwt,20.000,22.676,21.240,2.676,1.240,12.476,9.369,11.411,3.107,1.065
mp-aaaabhwv,12.333,-26.469,17.865,38.802,5.532,4.922,8.343,11.221,3.421,6.299
mp-aaaabhwy,31.810,73.796,23.272,41.986,8.537,12.705,11.555,11.418,1.150,1.287
mp-aaaabhwz,32.000,39.556,37.242,7.556,5.242,21.164,22.443,14.132,1.279,7.033
mp-aaaabhxa,12.333,-1.926,11.999,14.259,0.335,6.898,3.723,-1.852,3.175,8.750
mp-aaaabhxb,54.000,69.076,58.993,15.076,4.993,30.055,28.769,32.781,1.286,2.727
mp-aaaabhxc,4.134,70.663,20.128,66.529,15.994,3.545,-1.991,5.184,5.536,1.640
mp-aaaabhxd,6.715,78.843,12.169,72.128,5.454,5.445,5.532,7.643,0.087,2.198
mp-aaaabhxg,14.667,98.307,35.144,83.640,20.477,84.496,45.414,15.596,39.082,68.900
mp-aaaabhxh,42.333,98.367,55.043,56.034,12.709,11.564,13.374,20.168,1.810,8.604
mp-aaaabhxi,56.000,140.817,48.024,84.817,7.976,9.965,11.158,-17.538,1.193,27.503
mp-aaaabhxj,32.000,9.252,26.089,22.748,5.911,-27.000,1.485,8.181,28.485,35.181
mp-aaaabhxk,19.667,34.471,25.343,14.804,5.677,11.609,4.775,14.740,6.834,3.131
mp-aaaabhxl,5.915,95.389,17.533,89.474,11.617,5.566,13.163,5.265,7.597,0.301
mp-aaaabhxn,34.333,49.318,35.920,14.985,1.587,10.389,3.259,10.790,7.130,0.401
mp-aaaabhxp,55.000,67.836,53.201,12.836,1.799,29.191,30.818,31.752,1.627,2.560
mp-aaaabhxq,41.556,98.595,45.362,57.039,3.806,6.354,17.829,6.430,11.475,0.076
mp-aaaabhxs,29.258,42.578,21.963,13.320,7.295,12.796,14.045,6.944,1.249,5.851
mp-aaaabhxt,25.333,56.200,28.666,30.867,3.332,6.569,12.525,8.194,5.956,1.625
mp-aaaabhxy,14.270,33.232,15.030,18.962,0.760,7.889,7.193,7.697,0.696,0.193
mp-aaaabhyc,12.188,69.031,13.131,56.843,0.943,6.565,11.967,4.326,5.402,2.239
mp-aaaabhyd,15.432,24.833,16.743,9.401,1.312,7.075,-0.841,7.535,7.916,0.460
mp-aaaabhye,58.089,67.202,62.887,9.113,4.798,36.364,32.539,40.513,3.825,4.149
mp-aaaabhyf,19.917,19.798,21.751,0.119,1.834,11.705,10.476,10.738,1.229,0.968
mp-aaaabhyh,25.996,93.647,55.867,67.651,29.871,17.994,14.043,25.974,3.951,7.980
mp-aaaabhyj,44.854,44.188,45.467,0.666,0.613,26.846,28.607,22.360,1.761,4.486
mp-aaaabhyp,12.000,25.271,11.382,13.271,0.618,6.581,9.443,5.650,2.862,0.931
mp-aaaabhys,15.213,44.762,17.236,29.549,2.023,6.562,14.277,8.674,7.715,2.112
mp-aaaabhyy,11.980,64.264,12.728,52.284,0.747,6.840,5.410,3.995,1.430,2.844
mp-aaaabhyz,48.413,59.849,55.729,11.436,7.316,23.243,23.923,25.833,0.680,2.590
mp-aaaabhza,19.111,27.994,17.882,8.883,1.229,11.202,15.457,9.823,4.255,1.379
mp-aaaabhzd,32.000,50.011,19.454,18.011,12.546,15.900,13.105,9.371,2.795,6.529
mp-aaaabhze,13.855,19.132,15.439,5.277,1.585,7.613,5.967,9.864,1.646,2.251
mp-aaaabhzg,47.983,69.353,53.738,21.370,5.755,16.981,21.312,22.533,4.331,5.552
mp-aaaabhzh,5.917,36.533,13.595,30.616,7.678,4.636,8.339,8.138,3.703,3.502
mp-aaaabhzi,2.955,20.826,6.669,17.871,3.715,1.131,8.247,4.063,7.116,2.932
mp-aaaabhzj,25.165,44.190,21.440,19.025,3.725,16.654,10.971,10.890,5.683,5.764
mp-aaaabhzn,7.238,22.897,14.276,15.659,7.038,3.660,14.744,8.787,11.084,5.127
mp-aaaabhzo,167.736,69.736,62.147,98.000,105.589,22.272,20.469,29.786,1.803,7.513
mp-aaaabhzp,23.868,48.843,29.231,24.975,5.363,13.209,15.252,12.610,2.043,0.600
mp-aaaabhzr,10.000,-6.919,13.536,16.919,3.536,5.347,9.498,6.876,4.151,1.529
mp-aaaabhzt,12.791,45.488,13.547,32.697,0.757,4.436,14.728,7.327,10.292,2.892
mp-aaaabhzu,20.847,32.174,17.881,11.327,2.967,8.711,12.131,7.076,3.420,1.635
mp-aaaabhzv,173.333,174.178,179.353,0.845,6.020,89.434,72.916,87.506,16.518,1.927
mp-aaaabhzw,7.986,70.012,26.241,62.026,18.255,1.070,11.127,11.695,10.057,10.625
mp-aaaabhzy,49.651,72.699,53.973,23.048,4.322,22.931,24.807,22.415,1.876,0.516
mp-aaaabiad,16.602,30.272,13.457,13.670,3.145,10.612,4.242,6.292,6.370,4.321
mp-aaaabiai,22.699,128.827,27.052,106.128,4.353,12.503,26.877,11.496,14.374,1.007
mp-aaaabiaj,26.810,62.715,37.359,35.905,10.550,9.011,20.403,5.191,11.392,3.820
mp-aaaabiam,6.082,6.280,11.288,0.198,5.206,2.582,0.997,6.500,1.585,3.918
mp-aaaabias,25.411,101.893,30.705,76.482,5.294,14.996,22.399,-74.046,7.403,89.042
mp-aaaabiau,13.904,33.897,10.750,19.993,3.153,4.568,11.307,5.380,6.739,0.812
mp-aaaabibd,24.842,43.045,24.498,18.203,0.344,15.155,12.689,12.051,2.466,3.104
mp-aaaabibl,11.000,-7.368,12.067,18.368,1.067,5.347,8.591,5.331,3.244,0.016
mp-aaaabibm,15.907,10.791,12.848,5.116,3.059,7.712,8.954,5.020,1.242,2.692
mp-aaaabibo,34.803,29.457,46.187,5.346,11.384,18.738,14.601,22.156,4.137,3.418
mp-aaaabibp,67.395,85.017,73.287,17.622,5.892,33.952,31.612,34.535,2.340,0.583
mp-aaaabibq,35.667,24.371,33.433,11.296,2.234,12.944,13.847,14.910,0.903,1.966
mp-aaaabibt,7.094,8.211,8.947,1.117,1.853,-8.491,7.673,6.372,16.164,14.863
mp-aaaabibx,47.583,70.909,49.735,23.326,2.152,27.152,21.541,28.475,5.611,1.324
mp-aaaabiby,32.111,70.213,27.510,38.102,4.601,12.822,8.790,13.570,4.032,0.748
mp-aaaabica,11.000,-19.883,15.509,30.883,4.509,5.347,6.630,7.637,1.283,2.290
mp-aaaabicb,21.667,63.249,22.026,41.582,0.360,9.184,7.485,9.410,1.699,0.226
mp-aaaabicc,11.947,21.332,13.494,9.385,1.547,4.028,4.741,9.313,0.713,5.285
mp-aaaabicd,52.862,62.764,54.439,9.902,1.577,33.801,25.392,26.735,8.409,7.067
mp-aaaabicf,6.752,6.257,8.341,0.495,1.589,65.889,6.916,4.209,58.973,61.680
mp-aaaabick,10.889,11.495,27.857,0.606,16.968,8.390,15.562,14.207,7.172,5.818
mp-aaaabicl,51.496,61.479,52.910,9.983,1.414,32.210,25.392,26.814,6.818,5.396
mp-aaaabico,70.518,106.664,82.296,36.146,11.778,31.488,31.614,33.181,0.126,1.692
mp-aaaabicq,19.171,116.090,33.202,96.919,14.030,15.224,27.158,14.109,11.934,1.115
mp-aaaabics,57.984,74.673,46.838,16.689,11.147,23.732,38.108,20.928,14.376,2.804
mp-aaaabicu,44.952,57.175,40.236,12.223,4.717,25.575,17.135,19.802,8.440,5.773
mp-aaaabicw,74.378,90.025,83.799,15.647,9.421,34.102,32.861,37.495,1.241,3.394
mp-aaaabicy,7.000,-8.459,6.357,15.459,0.643,4.074,4.873,1.930,0.799,2.144
mp-aaaabida,6.980,81.306,15.126,74.326,8.147,53.525,-15.085,5.677,68.610,47.848
mp-aaaabidf,12.333,27.866,15.891,15.533,3.558,6.117,10.330,8.028,4.213,1.911
mp-aaaabidg,20.375,61.764,57.418,41.389,37.043,16.017,21.449,27.397,5.432,11.379
mp-aaaabidi,36.550,31.175,40.712,5.375,4.162,16.258,9.724,18.905,6.534,2.648
mp-aaaabidk,18.414,64.408,29.664,45.994,11.250,11.417,7.239,13.986,4.178,2.569
mp-aaaabids,191.000,168.708,193.104,22.292,2.104,117.299,90.111,103.888,27.188,13.411
mp-aaaabidw,42.998,77.229,44.007,34.231,1.009,17.969,15.333,20.208,2.636,2.239
mp-aaaabidx,45.737,90.790,49.221,45.053,3.484,22.233,28.826,24.482,6.593,2.248
mp-aaaabidz,133.228,130.569,140.756,2.659,7.529,94.406,60.831,92.511,33.575,1.895
mp-aaaabieb,86.275,124.955,91.676,38.680,5.401,65.548,61.604,59.637,3.944,5.911
mp-aaaabieh,52.931,87.741,87.861,34.810,34.930,37.112,42.368,55.914,5.256,18.802
mp-aaaabieo,45.539,70.089,61.025,24.550,15.485,29.777,23.383,30.777,6.394,1.000
mp-aaaabifc,73.000,71.068,74.622,1.932,1.622,30.479,25.691,24.840,4.788,5.639
mp-aaaabifh,66.110,52.435,73.594,13.675,7.484,38.160,37.925,38.335,0.235,0.175
mp-aaaabifx,113.667,77.197,114.871,36.470,1.205,68.579,65.948,64.225,2.631,4.354
mp-aaaabify,46.671,63.687,44.493,17.016,2.179,21.821,28.468,21.586,6.647,0.235
mp-aaaabigb,64.531,47.284,70.908,17.247,6.376,35.688,35.104,33.826,0.584,1.862
mp-aaaabigd,41.484,81.728,68.930,40.244,27.446,26.541,29.902,43.491,3.361,16.950
mp-aaaabigf,56.000,68.031,60.367,12.031,4.367,31.105,34.346,28.568,3.241,2.537
mp-aaaabigm,27.778,71.355,24.162,43.577,3.616,8.402,8.401,8.529,0.001,0.127
mp-aaaabigr,43.746,73.243,40.112,29.497,3.634,11.316,-4.045,13.192,15.361,1.877
mp-aaaabigt,42.000,53.033,39.620,11.033,2.380,14.976,12.706,12.785,2.270,2.191
mp-aaaabigu,26.721,33.048,22.417,6.327,4.304,14.985,3.608,9.320,11.377,5.665
mp-aaaabigw,15.222,91.293,20.112,76.071,4.889,12.254,6.732,2.896,5.522,9.358
mp-aaaabigy,17.088,34.630,27.364,17.542,10.276,19.200,6.569,11.221,12.631,7.979
mp-aaaabihf,49.333,66.404,50.595,17.071,1.262,26.851,26.384,25.209,0.467,1.642
mp-aaaabihh,1.971,12.424,10.751,10.453,8.780,2.585,6.437,5.769,3.852,3.184
mp-aaaabihl,11.287,51.411,16.668,40.124,5.381,5.605,11.505,5.780,5.900,0.175
mp-aaaabihm,0.873,71.087,6.948,70.214,6.075,0.891,-3.421,4.327,4.312,3.436
mp-aaaabihn,29.851,94.454,32.268,64.603,2.416,10.729,13.009,16.934,2.280,6.206
mp-aaaabiho,36.361,51.792,38.120,15.431,1.760,8.135,10.473,11.819,2.338,3.684
mp-aaaabihr,34.580,81.585,40.748,47.005,6.168,17.840,10.446,21.824,7.394,3.984
mp-aaaabihw,23.462,39.963,40.203,16.501,16.741,-9.000,11.310,14.279,20.310,23.279
mp-aaaabiia,3.506,19.131,1.541,15.625,1.965,2.375,5.882,1.810,3.507,0.565
mp-aaaabiib,16.667,38.746,15.242,22.079,1.425,9.413,4.214,7.615,5.199,1.798
mp-aaaabiic,10.788,14.738,12.276,3.950,1.489,9.220,3.976,2.820,5.244,6.399
mp-aaaabiid,20.000,90.728,55.549,70.728,35.549,25.342,29.519,28.377,4.177,3.035
mp-aaaabiif,16.333,-28.978,17.409,45.311,1.075,6.898,3.504,8.819,3.394,1.922
mp-aaaabiih,26.325,57.852,29.059,31.527,2.735,9.380,12.238,10.500,2.858,1.119
mp-aaaabiij,39.333,40.137,44.562,0.804,5.228,17.536,11.907,26.081,5.629,8.546
mp-aaaabiik,13.257,2.515,23.456,10.742,10.199,7.602,2.934,8.109,4.668,0.506
mp-aaaabiim,13.997,120.443,9.704,106.446,4.294,7.359,9.880,0.998,2.521,6.361
mp-aaaabiin,8.920,22.694,14.404,13.774,5.484,4.770,5.746,6.288,0.976,1.518
mp-aaaabiiq,32.106,82.359,34.512,50.253,2.405,17.257,-0.980,15.917,18.237,1.341
mp-aaaabiir,33.333,63.020,24.685,29.687,8.648,14.451,10.632,6.180,3.819,8.271
mp-aaaabiis,8.795,59.200,14.578,50.405,5.783,6.237,6.002,4.713,0.235,1.524
mp-aaaabiiw,16.872,70.890,26.228,54.018,9.356,11.350,10.498,12.770,0.852,1.421
mp-aaaabiiz,82.923,90.964,74.050,8.041,8.873,36.390,46.515,24.561,10.125,11.829
mp-aaaabija,3.543,2.724,3.744,0.819,0.201,2.938,-1.294,0.347,4.232,2.591
mp-aaaabije,28.333,29.389,32.403,1.056,4.070,21.292,22.763,23.732,1.471,2.439
mp-aaaabijf,1.923,11.185,182.563,9.262,180.641,1.736,5.426,0.627,3.690,1.109
mp-aaaabijg,22.778,55.292,26.030,32.514,3.252,15.183,8.023,15.935,7.160,0.752
mp-aaaabijj,23.444,82.384,41.279,58.940,17.835,9.835,7.540,5.190,2.295,4.646
mp-aaaabijl,10.058,103.035,10.013,92.977,0.046,6.064,10.320,-1.718,4.256,7.781
mp-aaaabijn,38.333,65.377,48.431,27.044,10.098,8.396,12.688,10.417,4.292,2.021
mp-aaaabijq,54.667,68.968,60.017,14.301,5.350,30.784,23.000,33.212,7.784,2.427
mp-aaaabijt,54.418,77.031,72.815,22.613,18.396,31.777,25.887,28.309,5.890,3.468
mp-aaaabijw,-12.084,104.991,14.293,117.075,26.378,-41.679,-45.850,5.814,4.171,47.493
mp-aaaabijx,53.333,63.482,54.633,10.149,1.299,29.447,24.922,30.609,4.525,1.161
mp-aaaabikb,54.667,77.188,57.301,22.521,2.634,29.934,30.599,31.772,0.665,1.838
mp-aaaabikd,5.409,29.726,10.686,24.317,5.277,2.870,9.357,-0.552,6.487,3.422
mp-aaaabikh,13.333,19.542,16.152,6.209,2.819,7.289,-2.325,6.621,9.614,0.669
mp-aaaabikl,25.036,25.440,29.670,0.404,4.634,13.236,-2.332,9.243,15.568,3.993
mp-aaaabikp,25.667,31.715,26.484,6.048,0.817,16.319,15.732,12.727,0.587,3.593
mp-aaaabikq,15.991,-0.524,20.155,16.515,4.164,5.932,8.098,6.907,2.166,0.976
mp-aaaabikr,17.381,17.649,29.809,0.268,12.427,14.888,13.686,20.321,1.202,5.433
mp-aaaabiks,53.344,84.821,59.290,31.477,5.946,29.924,24.919,28.439,5.005,1.485
mp-aaaabikt,25.712,34.579,32.485,8.867,6.773,13.358,5.625,14.958,7.733,1.599
mp-aaaabiku,3.525,10.581,3.090,7.056,0.435,2.140,4.813,1.631,2.673,0.509
mp-aaaabikv,29.103,85.548,36.526,56.445,7.423,15.283,11.350,21.075,3.933,5.793
mp-aaaabikx,3.470,89.969,5.215,86.499,1.745,16.256,4.253,0.679,12.003,15.577
mp-aaaabiky,15.000,7.111,17.481,7.889,2.481,8.238,7.336,8.532,0.902,0.293
mp-aaaabilf,6.011,80.511,7.010,74.500,0.999,5.082,2.286,5.358,2.796,0.276
mp-aaaabilk,1.111,63.974,3.706,62.863,2.594,0.569,5.391,2.501,4.822,1.932
mp-aaaabill,3.167,23.415,7.456,20.248,4.289,2.181,3.519,4.722,1.338,2.541
mp-aaaabilm,4.044,14.690,5.226,10.646,1.182,2.811,9.131,4.325,6.320,1.514
mp-aaaabilp,38.333,65.951,41.289,27.618,2.955,26.306,15.788,18.797,10.518,7.510
mp-aaaabils,1.167,36.315,5.196,35.148,4.029,0.588,11.496,5.428,10.909,4.840
mp-aaaabilt,18.333,15.193,15.212,3.140,3.121,8.466,1.578,6.945,6.888,1.521
mp-aaaabimb,6.525,-12.359,23.164,18.884,16.638,3.565,-0.713,6.947,4.278,3.381
mp-aaaabimd,16.333,7.666,15.854,8.667,0.480,8.384,10.818,7.068,2.434,1.316
mp-aaaabime,50.667,71.148,45.096,20.481,5.571,27.846,21.418,24.642,6.428,3.204
mp-aaaabimf,132.000,107.780,113.746,24.220,18.254,-12.605,25.283,54.186,37.888,66.791
mp-aaaabimg,11.333,-16.397,16.533,27.730,5.200,5.215,3.931,11.044,1.284,5.829
mp-aaaabimi,10.000,18.438,9.500,8.438,0.500,4.500,6.235,4.454,1.735,0.046
mp-aaaabimn,5.869,64.435,11.320,58.566,5.451,3.534,-1.572,6.859,5.106,3.326
mp-aaaabimr,31.909,43.236,35.785,11.327,3.876,13.170,16.495,8.071,3.325,5.098
mp-aaaabimx,13.980,48.896,13.760,34.916,0.220,-0.733,11.126,7.131,11.859,7.864
mp-aaaabinr,27.000,18.803,28.354,8.197,1.354,16.136,19.358,13.624,3.222,2.512
mp-aaaabint,179.667,142.774,182.025,36.893,2.358,76.037,58.614,82.901,17.423,6.864
mp-aaaabiob,52.118,86.073,74.564,33.955,22.446,25.427,43.203,41.168,17.776,15.741
mp-aaaabioe,53.667,80.696,60.231,27.029,6.565,29.196,25.655,31.186,3.541,1.991
mp-aaaabiof,14.750,33.298,21.807,18.548,7.057,8.512,11.879,6.284,3.367,2.228
mp-aaaabipj,9.333,-17.411,12.983,26.744,3.650,4.833,5.447,6.047,0.614,1.214
mp-aaaabips,15.606,39.809,18.031,24.203,2.424,8.414,3.743,9.513,4.671,1.100
mp-aaaabiqg,8.667,32.670,9.910,24.003,1.244,5.100,9.788,6.090,4.688,0.990
mp-aaaabiqz,8.333,26.060,13.071,17.727,4.738,4.334,9.082,4.874,4.748,0.540
mp-aaaabira,108.009,126.766,114.344,18.757,6.335,70.046,76.690,58.359,6.644,11.688
mp-aaaabirf,8.385,25.583,7.638,17.198,0.747,3.146,0.762,4.589,2.384,1.443
mp-aaaabirg,40.439,50.180,48.843,9.741,8.404,18.392,12.735,24.503,5.657,6.111
mp-aaaabirm,110.000,69.304,92.171,40.696,17.829,56.318,48.345,42.745,7.973,13.574
mp-aaaabirt,178.333,152.202,193.741,26.131,15.408,94.707,63.353,105.054,31.354,10.347
mp-aaaabitg,10.104,49.627,22.765,39.523,12.661,5.300,8.651,9.761,3.351,4.461
mp-aaaabith,10.619,48.240,15.845,37.621,5.226,5.155,10.398,5.149,5.243,0.005
mp-aaaabitj,20.841,28.966,25.795,8.125,4.954,14.007,16.202,14.532,2.195,0.525
mp-aaaabitk,15.267,-2.976,23.785,18.243,8.518,8.358,3.990,9.756,4.368,1.399
mp-aaaabitv,11.000,14.821,10.592,3.821,0.408,5.864,8.864,5.433,3.000,0.430
mp-aaaabiua,14.479,-9.507,16.285,23.986,1.805,14.240,3.715,5.328,10.525,8.912
mp-aaaabiub,10.333,-9.937,13.001,20.270,2.667,4.833,4.210,5.810,0.623,0.977
mp-aaaabiud,11.146,24.670,18.938,13.524,7.793,6.119,7.030,7.031,0.911,0.912
mp-aaaabiuj,12.667,29.653,12.848,16.986,0.181,6.356,11.307,6.646,4.951,0.290
mp-aaaabiuk,7.149,7.736,14.440,0.587,7.291,8.233,5.374,7.643,2.859,0.590
mp-aaaabiuq,14.158,-1.353,13.458,15.511,0.700,24.829,1.480,3.132,23.349,21.697
mp-aaaabiuw,16.169,50.215,18.319,34.046,2.150,8.643,15.730,8.924,7.087,0.281
mp-aaaabive,8.924,-25.102,12.219,34.026,3.295,5.129,6.835,3.807,1.706,1.322
mp-aaaabivq,3.278,5.768,14.875,2.490,11.597,1.295,5.534,7.281,4.239,5.986
mp-aaaabiwc,99.286,94.570,99.860,4.716,0.574,20.745,27.333,19.747,6.588,0.998
mp-aaaabiwe,50.667,56.709,63.730,6.042,13.063,41.174,32.242,32.096,8.932,9.078
mp-aaaabiwg,20.079,19.595,27.721,0.484,7.642,10.447,18.796,14.401,8.349,3.954
mp-aaaabjac,41.275,71.558,34.935,30.283,6.340,27.610,32.778,20.187,5.168,7.423
mp-aaaabjal,120.493,86.251,121.989,34.242,1.496,31.330,39.308,45.651,7.978,14.321
mp-aaaabjay,24.877,39.651,16.740,14.774,8.137,12.058,5.698,11.946,6.360,0.111
mp-aaaabjaz,24.027,26.507,33.834,2.480,9.807,12.458,13.106,19.042,0.648,6.584
mp-aaaabjbq,28.552,63.806,45.111,35.254,16.558,21.834,22.524,33.221,0.690,11.387
mp-aaaabjbr,36.667,64.827,37.693,28.160,1.026,42.537,24.976,13.163,17.561,29.374
mp-aaaabjbs,19.499,48.794,16.507,29.295,2.992,12.911,18.505,8.784,5.594,4.128
mp-aaaabjbu,78.134,84.535,78.055,6.401,0.080,54.640,37.488,49.396,17.152,5.244
mp-aaaabjbx,17.912,40.644,18.410,22.732,0.498,7.451,4.052,12.047,3.399,4.596
mp-aaaabjby,49.633,62.826,42.068,13.193,7.565,36.193,25.022,24.261,11.171,11.932
mp-aaaabjbz,48.344,65.764,54.260,17.420,5.916,33.187,22.103,33.399,11.084,0.213
mp-aaaabjca,61.500,90.782,57.889,29.282,3.611,24.608,35.855,41.520,11.247,16.911
mp-aaaabjcb,46.844,33.154,35.524,13.690,11.320,32.362,33.330,19.028,0.968,13.333
mp-aaaabjcc,37.566,42.811,29.304,5.245,8.261,24.483,21.268,13.155,3.215,11.328
mp-aaaabjcd,29.869,26.640,30.811,3.229,0.942,17.343,7.612,14.273,9.731,3.070
mp-aaaabjck,57.000,86.281,119.374,29.281,62.374,55.928,48.278,36.336,7.650,19.592
mp-aaaabjcr,59.667,67.012,63.576,7.345,3.910,48.891,31.336,51.303,17.555,2.412
mp-aaaabjcv,41.259,90.115,53.971,48.856,12.712,20.830,22.558,24.216,1.728,3.386
mp-aaaabjcy,40.981,65.050,34.425,24.069,6.556,29.875,23.544,22.673,6.331,7.202
mp-aaaabjcz,34.667,41.996,34.231,7.329,0.436,31.339,17.927,19.910,13.412,11.429
mp-aaaabjdo,13.200,40.222,19.055,27.022,5.855,9.642,0.006,11.133,9.636,1.491
mp-aaaabjdv,38.893,37.480,42.926,1.413,4.033,24.596,37.339,22.772,12.743,1.824
mp-aaaabjea,63.502,78.639,66.350,15.137,2.849,35.882,35.804,25.872,0.078,10.010
mp-aaaabjeq,35.758,38.261,33.898,2.503,1.860,19.113,23.231,17.050,4.118,2.063
mp-aaaabjfb,14.122,37.709,20.968,23.587,6.845,6.418,15.868,7.520,9.450,1.102
mp-aaaabjfe,30.315,2.575,19.917,27.740,10.398,6.923,8.433,13.600,1.510,6.677
mp-aaaabjfh,20.096,46.978,22.369,26.882,2.273,13.814,10.881,13.923,2.933,0.110
mp-aaaabjfn,132.737,95.197,145.601,37.540,12.864,86.791,57.210,79.266,29.581,7.525
mp-aaaabjfo,76.667,111.894,84.222,35.227,7.555,61.519,63.345,53.066,1.826,8.454
mp-aaaabjfr,157.878,126.289,144.609,31.589,13.270,134.242,96.081,90.472,38.161,43.770
mp-aaaabjgc,37.333,39.784,34.144,2.451,3.190,39.137,21.524,20.108,17.613,19.028
mp-aaaabjhe,26.383,23.626,32.318,2.757,5.934,13.607,-13.444,14.668,27.051,1.061
mp-aaaabjhi,13.031,30.934,11.249,17.903,1.782,10.261,5.288,7.281,4.973,2.980
mp-aaaabjho,14.141,62.017,15.736,47.876,1.594,9.779,18.515,9.065,8.736,0.713
mp-aaaabjhs,38.232,48.360,41.061,10.128,2.829,22.350,19.887,22.162,2.463,0.188
mp-aaaabjhy,9.200,33.975,15.805,24.775,6.605,7.412,15.069,8.118,7.657,0.705
mp-aaaabjic,23.333,35.345,22.482,12.012,0.851,19.120,20.231,13.239,1.111,5.881
mp-aaaabjih,8.369,33.353,15.987,24.984,7.618,5.674,10.835,8.226,5.161,2.552
mp-aaaabjil,35.703,45.077,39.165,9.374,3.463,20.867,32.859,25.245,11.992,4.378
mp-aaaabjix,33.233,52.991,37.399,19.758,4.165,24.337,22.154,24.348,2.183,0.011
mp-aaaabjjm,24.868,47.060,22.487,22.192,2.381,10.533,12.320,12.330,1.787,1.797
mp-aaaabjjv,118.645,113.919,146.230,4.726,27.585,64.975,74.627,82.847,9.652,17.872
mp-aaaabjjy,13.994,31.181,11.554,17.187,2.440,8.145,11.684,3.881,3.539,4.263
mp-aaaabjkc,24.261,65.315,27.099,41.054,2.838,10.498,11.443,9.196,0.945,1.303
mp-aaaabjkn,28.745,45.035,33.156,16.290,4.411,37.366,18.346,26.341,19.020,11.025
mp-aaaabjko,31.230,38.200,24.724,6.970,6.507,10.545,11.155,12.715,0.610,2.170
mp-aaaabjli,28.325,45.014,25.433,16.689,2.892,18.369,15.754,15.418,2.615,2.950
mp-aaaabjlk,22.960,32.430,26.485,9.470,3.525,17.244,15.359,18.936,1.885,1.692
mp-aaaabjln,24.421,34.967,20.997,10.546,3.425,16.466,16.672,8.118,0.206,8.349
mp-aaaabjlr,13.127,10.267,15.521,2.860,2.393,11.552,15.905,10.531,4.353,1.022
mp-aaaabjmy,39.222,48.480,28.153,9.258,11.069,14.327,14.882,18.408,0.555,4.082
mp-aaaabjnn,72.522,56.196,76.401,16.326,3.879,22.340,78.301,51.645,55.961,29.306
mp-aaaabjno,85.438,65.571,82.960,19.867,2.478,65.342,67.447,56.633,2.105,8.709
mp-aaaabjpq,41.033,32.217,36.620,8.816,4.413,18.715,16.269,17.244,2.446,1.471
mp-aaaabjqf,17.651,75.086,32.895,57.435,15.245,6.241,18.422,19.113,12.181,12.872
mp-aaaabjqg,203.316,147.616,209.310,55.700,5.995,67.803,43.485,69.111,24.318,1.308
mp-aaaabjqi,13.333,24.905,18.761,11.572,5.428,10.389,3.300,8.189,7.089,2.200
mp-aaaabjqq,68.333,62.477,140.269,5.856,71.936,47.449,35.618,67.532,11.831,20.082
mp-aaaabjqr,105.777,60.952,119.848,44.825,14.071,35.238,22.127,44.168,13.111,8.930
mp-aaaabjqt,68.667,57.590,85.673,11.077,17.007,39.643,23.774,45.868,15.869,6.226
mp-aaaabjqu,71.333,58.362,72.780,12.971,1.447,40.716,30.917,29.794,9.799,10.922
mp-aaaabjsn,15.459,1.091,16.294,14.368,0.835,6.545,9.395,9.338,2.850,2.792
mp-aaaabjst,55.000,53.627,68.158,1.373,13.158,31.742,11.764,28.739,19.978,3.002
mp-aaaabjsu,125.263,107.937,117.086,17.326,8.177,72.365,55.845,58.724,16.520,13.641
mp-aaaabjsv,123.658,115.621,121.089,8.037,2.569,67.405,59.618,64.512,7.787,2.892
mp-aaaabjsw,133.632,105.557,122.933,28.075,10.699,86.840,63.684,70.274,23.156,16.566
mp-aaaabjsx,84.667,58.628,87.566,26.039,2.900,54.209,37.647,59.216,16.562,5.007
mp-aaaabjsy,86.333,60.794,86.615,25.539,0.281,56.173,34.370,57.548,21.803,1.375
mp-aaaabjta,179.667,147.002,190.840,32.665,11.173,70.388,42.472,38.438,27.916,31.950
mp-aaaabjtb,133.000,96.130,133.756,36.870,0.756,-37.771,30.479,-20.447,68.250,17.324
mp-aaaabjth,139.667,101.100,137.864,38.567,1.803,-22.311,48.301,-11.728,70.612,10.583
mp-aaaabjum,87.333,60.068,94.507,27.265,7.174,56.173,34.288,49.328,21.885,6.846
mp-aaaabjuw,81.667,82.940,78.552,1.273,3.115,42.355,25.435,35.142,16.920,7.212
mp-aaaabjuz,8.131,8.400,30.727,0.269,22.596,6.075,16.828,15.917,10.753,9.842
mp-aaaabjvi,19.294,41.758,35.744,22.464,16.450,10.731,9.710,17.705,1.021,6.974
mp-aaaabjwf,96.000,78.969,86.809,17.031,9.191,65.279,19.545,33.032,45.734,32.247
mp-aaaabjyc,131.197,97.710,128.766,33.487,2.432,30.958,32.137,36.369,1.179,5.411
mp-aaaabjyd,243.333,138.154,258.483,105.179,15.149,139.547,121.534,140.399,18.013,0.852
mp-aaaabjyf,174.667,109.080,183.021,65.587,8.354,38.287,28.571,46.142,9.716,7.855
mp-aaaabjyg,1.873,35.862,2.204,33.989,0.331,1.118,3.901,1.281,2.783,0.163
mp-aaaabjyh,88.643,66.698,103.483,21.945,14.840,12.050,11.808,29.664,0.242,17.614
mp-aaaabjyi,48.667,55.434,41.494,6.767,7.172,32.093,30.912,24.990,1.181,7.104
mp-aaaabkbe,27.540,41.363,29.051,13.823,1.510,12.990,13.979,12.496,0.989,0.494
mp-aaaabkcc,72.865,54.331,69.467,18.534,3.398,39.136,42.859,38.155,3.723,0.981
mp-aaaabkdc,125.998,121.371,160.718,4.627,34.721,-24.995,-9.038,66.487,15.957,91.482
mp-aaaabkdd,211.029,172.688,216.219,38.341,5.190,128.360,136.190,104.371,7.830,23.989
mp-aaaabkdi,14.243,28.572,17.857,14.329,3.614,8.915,25.854,11.105,16.939,2.190
mp-aaaabkdo,19.056,43.105,18.773,24.049,0.282,10.755,-4.030,11.006,14.785,0.251
mp-aaaabkgz,18.200,15.452,12.302,2.748,5.898,12.626,4.403,7.590,8.223,5.036
mp-aaaabkmc,81.667,65.499,84.971,16.168,3.304,53.757,38.020,54.395,15.737,0.638
mp-aaaabkmk,75.333,65.777,76.989,9.556,1.656,44.814,34.471,45.897,10.343,1.083
mp-aaaabkml,109.000,75.053,89.053,33.947,19.947,61.200,40.399,57.560,20.801,3.640
mp-aaaabkmu,19.653,-14.185,29.116,33.838,9.463,7.949,5.254,16.429,2.695,8.480
mp-aaaabkmv,206.222,118.827,206.291,87.395,0.069,74.693,57.778,76.831,16.915,2.138
mp-aaaabkot,201.000,111.551,200.156,89.449,0.844,66.275,60.482,82.847,5.793,16.572
mp-aaaabkov,11.333,23.844,14.394,12.511,3.061,8.570,4.481,5.945,4.089,2.625
mp-aaaabkow,218.667,158.469,210.177,60.198,8.490,70.379,47.782,68.413,22.597,1.966
mp-aaaabkox,197.000,134.744,201.011,62.256,4.011,58.008,37.076,-16.433,20.932,74.441
mp-aaaabkpa,140.694,104.676,147.393,36.018,6.698,18.142,47.155,28.146,29.013,10.004
mp-aaaabkpc,176.000,118.846,178.687,57.154,2.687,88.132,67.941,82.106,20.191,6.026
mp-aaaabkte,24.042,52.857,22.024,28.815,2.018,10.745,15.112,12.114,4.367,1.369
mp-aaaabljq,107.667,148.319,99.145,40.652,8.522,73.256,58.115,56.958,15.141,16.298
mp-aaaabllt,69.375,99.607,74.373,30.232,4.998,33.794,42.054,37.682,8.260,3.888
mp-aaaablnw,118.678,120.991,117.431,2.313,1.248,60.604,55.654,65.367,4.950,4.763
mp-aaaablpp,132.713,139.726,130.788,7.013,1.924,78.632,79.973,80.560,1.341,1.928
mp-aaaablqf,43.101,147.980,54.429,104.879,11.328,30.487,56.993,34.682,26.506,4.196
mp-aaaablrp,9.952,86.079,9.852,76.127,0.100,6.686,5.843,5.754,0.843,0.931
mp-aaaabmhq,59.531,85.335,56.300,25.804,3.231,44.387,34.670,29.505,9.717,14.882
mp-aaaabodu,10.181,24.766,9.345,14.585,0.836,5.377,4.265,3.446,1.112,1.931
mp-aaaaboeb,32.144,28.464,29.999,3.680,2.145,20.725,20.396,16.123,0.329,4.602
mp-aaaaboee,89.332,34.287,93.129,55.045,3.796,72.665,58.143,64.890,14.522,7.775
mp-aaaaboeu,136.910,134.070,150.710,2.840,13.800,112.314,136.865,117.279,24.551,4.965
mp-aaaaboff,135.451,73.685,128.665,61.766,6.787,56.949,47.230,42.664,9.719,14.285
mp-aaaabofg,27.828,72.391,27.056,44.563,0.772,9.952,6.818,7.460,3.134,2.492
mp-aaaabofy,9.884,-9.086,13.302,18.970,3.418,2.518,6.820,7.351,4.302,4.833
mp-aaaabogc,24.695,93.994,26.900,69.299,2.205,12.412,23.549,12.780,11.137,0.368
mp-aaaabogl,21.654,34.216,22.490,12.562,0.836,10.813,9.118,7.247,1.695,3.566
mp-aaaabogs,19.000,23.487,21.008,4.487,2.008,8.616,9.804,10.649,1.188,2.034
mp-aaaabogx,49.422,61.982,56.868,12.560,7.446,20.470,46.664,28.617,26.194,8.147
mp-aaaabohe,98.437,124.091,99.066,25.654,0.629,54.676,51.930,41.377,2.746,13.298
mp-aaaabohf,66.603,84.887,64.761,18.284,1.842,19.428,25.636,20.161,6.208,0.734
mp-aaaabohv,10.771,29.236,9.063,18.465,1.708,5.509,6.796,2.940,1.287,2.569
mp-aaaaboif,80.350,139.958,94.157,59.608,13.807,38.280,21.085,33.195,17.195,5.085
mp-aaaaboih,24.382,22.998,17.257,1.384,7.125,18.533,2.849,11.543,15.684,6.989
mp-aaaaboip,16.881,5.339,14.492,11.542,2.389,7.194,5.885,4.794,1.309,2.400
mp-aaaabojb,72.662,108.375,78.166,35.713,5.503,42.584,43.841,46.884,1.257,4.300
mp-aaaaboju,34.000,50.850,30.142,16.850,3.858,22.245,12.690,16.617,9.555,5.628
mp-aaaabojw,114.132,111.637,118.909,2.495,4.777,40.696,46.352,35.189,5.656,5.507
mp-aaaaboke,11.667,35.468,15.421,23.801,3.754,6.057,14.371,7.793,8.314,1.736
mp-aaaabokp,58.333,33.019,49.440,25.314,8.893,25.492,20.462,24.492,5.030,1.000
mp-aaaabokt,151.665,128.011,150.733,23.654,0.931,79.140,80.799,77.134,1.659,2.006
mp-aaaabokv,41.202,69.663,46.500,28.461,5.298,18.758,28.107,21.596,9.349,2.838
mp-aaaabolj,40.810,62.819,44.616,22.009,3.806,19.737,26.979,23.740,7.242,4.003
mp-aaaabomi,136.181,155.988,147.706,19.807,11.526,63.455,59.438,79.019,4.017,15.564
mp-aaaabomp,8.534,0.222,14.226,8.312,5.692,5.012,11.445,6.615,6.433,1.604
mp-aaaabond,9.758,-3.456,10.981,13.214,1.223,4.870,6.899,4.641,2.029,0.229
mp-aaaabonk,62.748,96.426,62.717,33.678,0.031,37.571,43.350,31.788,5.779,5.783
mp-aaaabonp,15.831,101.856,28.665,86.025,12.834,12.420,22.140,15.701,9.720,3.281
mp-aaaabons,17.518,108.787,18.100,91.269,0.582,9.229,13.961,4.135,4.732,5.093
mp-aaaabooo,46.404,75.180,45.820,28.776,0.584,18.309,35.162,11.533,16.853,6.776
mp-aaaaboor,13.550,24.312,22.328,10.762,8.778,6.556,14.291,11.235,7.735,4.679
mp-aaaaboov,41.941,55.726,49.984,13.785,8.043,25.245,32.632,29.100,7.387,3.854
mp-aaaabopi,27.621,51.915,31.179,24.294,3.558,16.538,8.627,18.127,7.911,1.589
mp-aaaabopk,21.760,88.002,28.643,66.242,6.884,7.769,9.355,12.162,1.586,4.394
mp-aaaabopy,27.152,36.216,26.656,9.064,0.496,16.309,25.885,10.237,9.576,6.072
mp-aaaabopz,5.775,72.661,15.366,66.886,9.591,3.162,2.964,8.858,0.198,5.695
mp-aaaaboqa,21.718,44.580,22.206,22.862,0.488,7.876,7.359,8.381,0.517,0.505
mp-aaaaboqg,6.730,41.741,9.017,35.011,2.288,4.235,10.315,5.687,6.080,1.452
mp-aaaaboqm,82.139,143.510,101.008,61.371,18.869,42.814,39.221,65.352,3.593,22.538
mp-aaaaboqp,139.089,127.843,156.046,11.246,16.957,73.018,68.356,85.712,4.662,12.694
mp-aaaaboqw,43.102,61.907,39.959,18.805,3.144,19.641,20.408,17.977,0.767,1.665
mp-aaaaborg,241.450,298.565,237.256,57.115,4.194,98.564,82.979,95.984,15.585,2.580
mp-aaaaborx,110.539,139.318,94.252,28.779,16.287,54.440,51.751,44.250,2.689,10.190
mp-aaaaborz,6.788,69.298,14.276,62.510,7.488,9.519,4.415,6.455,5.104,3.065
mp-aaaabose,123.086,109.055,110.911,14.031,12.174,61.574,67.201,52.412,5.627,9.161
mp-aaaabosl,5.000,28.803,4.548,23.803,0.452,3.522,12.281,3.854,8.759,0.332
mp-aaaabotk,8.630,14.362,13.383,5.732,4.753,4.580,2.541,7.347,2.039,2.766
mp-aaaabotm,49.845,72.996,58.580,23.151,8.734,23.468,27.613,36.303,4.145,12.836
mp-aaaabouc,94.911,109.142,102.324,14.231,7.413,35.057,30.554,40.942,4.503,5.886
mp-aaaabour,36.272,38.737,33.160,2.465,3.113,18.668,19.257,15.237,0.589,3.432
mp-aaaabout,45.169,58.170,51.106,13.001,5.937,24.177,41.154,26.413,16.977,2.236
mp-aaaabovu,109.525,80.007,116.328,29.518,6.803,71.926,65.446,69.717,6.480,2.210
mp-aaaabovw,182.000,121.800,191.818,60.200,9.818,112.270,103.198,108.464,9.072,3.806
mp-aaaabows,9.962,92.494,10.710,82.532,0.749,7.530,3.941,5.356,3.589,2.174
mp-aaaabowu,11.000,23.868,12.241,12.868,1.241,5.864,8.878,6.050,3.014,0.187
mp-aaaabowy,7.000,-7.175,10.053,14.175,3.053,4.074,8.657,6.157,4.583,2.084
mp-aaaabowz,12.900,56.792,10.753,43.892,2.147,7.149,8.247,7.705,1.098,0.556
mp-aaaaboxa,8.263,22.664,13.640,14.401,5.377,5.105,-0.843,3.710,5.948,1.395
mp-aaaaboxw,41.811,25.700,38.594,16.111,3.216,18.590,23.436,20.718,4.846,2.128
mp-aaaaboyc,12.069,133.724,15.827,121.655,3.758,6.842,5.105,7.736,1.737,0.894
mp-aaaaboye,51.317,73.383,61.458,22.066,10.141,24.536,8.796,36.602,15.740,12.066
mp-aaaaboyn,48.046,92.946,42.333,44.900,5.713,18.473,26.821,15.535,8.348,2.938
mp-aaaaboyo,15.080,63.560,33.755,48.480,18.675,11.729,5.819,17.741,5.910,6.012
mp-aaaaboyp,12.807,59.284,9.668,46.477,3.139,4.666,13.218,4.323,8.552,0.343
mp-aaaaboys,39.819,31.548,37.785,8.271,2.034,21.288,18.505,21.261,2.783,0.027
mp-aaaaboyz,15.076,-2.419,15.029,17.495,0.046,8.691,3.687,11.512,5.004,2.822
mp-aaaabozb,12.667,-8.343,13.502,21.010,0.835,5.795,9.607,5.871,3.812,0.077
mp-aaaabozd,190.231,202.853,219.540,12.622,29.309,150.582,131.125,135.691,19.457,14.891
mp-aaaabozp,33.096,49.558,28.855,16.462,4.241,23.786,31.482,23.534,7.696,0.252
mp-aaaabpac,22.667,15.496,23.290,7.171,0.624,8.077,5.962,9.566,2.115,1.489
mp-aaaabpad,188.333,148.162,199.012,40.171,10.679,34.468,100.948,105.618,66.480,71.150
mp-aaaabpaj,2.056,48.934,6.843,46.878,4.787,3.233,-2.271,4.002,5.504,0.768
mp-aaaabpak,4.361,6.087,5.450,1.726,1.089,2.505,6.974,14.692,4.469,12.186
mp-aaaabpap,146.846,110.116,148.495,36.730,1.649,37.790,37.537,50.830,0.253,13.040
mp-aaaabpas,6.761,33.730,12.500,26.969,5.740,4.683,5.163,7.955,0.480,3.272
mp-aaaabpbb,13.553,22.836,19.273,9.283,5.720,10.428,24.944,10.750,14.516,0.322
mp-aaaabpbp,138.220,144.368,126.069,6.148,12.150,144.175,81.782,93.882,62.393,50.293
mp-aaaabpbs,80.215,87.471,82.509,7.256,2.293,27.037,35.570,38.472,8.533,11.435
mp-aaaabpbu,21.088,104.793,29.662,83.705,8.574,16.380,20.160,16.924,3.780,0.544
mp-aaaabpca,331.953,289.720,362.449,42.233,30.496,203.584,201.413,188.651,2.171,14.933
mp-aaaabpcb,190.546,190.197,189.146,0.349,1.401,76.735,97.173,61.905,20.438,14.829
mp-aaaabpcr,3.889,44.434,8.444,40.545,4.555,5.405,7.158,4.768,1.753,0.637
mp-aaaabpeb,52.605,36.895,46.640,15.710,5.965,33.070,36.500,26.724,3.430,6.347
mp-aaaabped,74.901,103.256,84.884,28.355,9.983,34.278,30.835,35.303,3.443,1.024
mp-aaaabpeh,9.333,9.885,13.314,0.552,3.981,5.300,11.647,7.133,6.347,1.833
mp-aaaabpei,9.333,27.056,9.800,17.723,0.467,3.867,9.360,5.401,5.493,1.535
mp-aaaabpek,9.000,18.137,7.881,9.137,1.119,5.347,9.171,3.797,3.824,1.550
mp-aaaabpel,10.333,-1.195,14.919,11.528,4.585,5.578,9.461,8.242,3.883,2.664
mp-aaaabpen,11.333,38.730,21.160,27.397,9.827,5.578,12.304,8.419,6.726,2.841
mp-aaaabpeo,13.667,65.209,15.877,51.542,2.211,6.356,17.042,6.105,10.686,0.251
mp-aaaabpep,12.667,-10.967,14.040,23.634,1.373,5.100,11.401,6.181,6.301,1.081
mp-aaaabper,32.825,25.877,32.389,6.948,0.435,10.970,10.281,11.762,0.689,0.791
mp-aaaabpes,17.087,25.142,16.688,8.055,0.398,10.542,15.096,4.541,4.554,6.002
mp-aaaabpet,12.333,24.645,13.199,12.312,0.866,5.300,10.713,7.201,5.413,1.901
mp-aaaabpeu,59.720,43.390,63.329,16.330,3.609,34.184,39.019,37.797,4.835,3.613
mp-aaaabpfc,24.153,130.893,21.276,106.740,2.877,17.304,23.949,11.543,6.645,5.761
mp-aaaabpfd,27.595,186.523,41.028,158.928,13.433,28.312,22.083,15.572,6.229,12.740
mp-aaaabpfe,30.388,206.967,44.158,176.579,13.770,21.522,29.161,22.225,7.639,0.704
mp-aaaabpfp,177.845,195.480,188.349,17.635,10.503,97.140,109.831,53.730,12.691,43.410
mp-aaaabpfr,32.149,117.623,41.071,85.474,8.922,20.398,42.862,7.321,22.464,13.078
mp-aaaabpft,31.329,39.843,34.090,8.514,2.760,15.678,12.288,13.000,3.390,2.678
mp-aaaabpgk,9.000,27.681,10.109,18.681,1.109,4.543,11.921,5.984,7.378,1.441
mp-aaaabpgq,198.555,154.699,197.522,43.856,1.033,49.202,96.767,105.337,47.565,56.135
mp-aaaabpgt,43.458,71.566,57.370,28.108,13.912,25.750,30.577,30.804,4.827,5.054
mp-aaaabpgz,30.494,44.723,20.825,14.229,9.668,12.596,11.760,11.484,0.836,1.112
mp-aaaabphg,123.911,102.351,102.790,21.560,21.121,95.491,89.602,68.930,5.889,26.562
mp-aaaabphs,55.312,56.045,59.088,0.733,3.777,16.662,17.067,18.324,0.405,1.662
mp-aaaabphv,169.349,197.706,180.204,28.357,10.855,101.639,123.495,125.906,21.856,24.267
mp-aaaabpid,172.905,147.208,170.727,25.697,2.178,74.485,91.917,71.260,17.432,3.226
mp-aaaabpig,32.655,49.747,32.336,17.092,0.319,29.055,30.342,22.558,1.287,6.497
mp-aaaabpjd,377.392,296.923,289.794,80.469,87.598,178.600,179.490,39.045,0.890,139.554
mp-aaaabpje,15.941,94.582,45.362,78.641,29.420,5.148,3.527,16.505,1.621,11.357
mp-aaaabpjv,27.550,66.890,27.687,39.340,0.136,14.696,10.259,14.418,4.437,0.277
mp-aaaabpjw,24.259,17.840,29.901,6.419,5.642,12.722,8.233,15.041,4.489,2.319
mp-aaaabpjz,9.793,36.295,19.401,26.502,9.608,5.558,8.491,13.594,2.933,8.036
mp-aaaabpka,10.172,42.383,20.525,32.211,10.354,5.484,6.816,14.470,1.332,8.987
mp-aaaabpki,72.610,86.838,80.702,14.228,8.092,33.316,35.134,38.758,1.818,5.441
mp-aaaabple,78.469,84.270,74.073,5.801,4.396,18.433,27.082,28.906,8.649,10.474
mp-aaaabpll,7.203,23.706,11.225,16.503,4.022,4.605,6.539,5.586,1.934,0.981
mp-aaaabplp,73.882,112.311,81.669,38.429,7.787,43.559,46.763,48.531,3.204,4.972
mp-aaaabpls,10.899,79.189,8.566,68.290,2.333,6.168,6.986,4.024,0.818,2.145
mp-aaaabplw,126.160,106.005,131.651,20.155,5.491,50.109,45.801,54.228,4.308,4.118
mp-aaaabpmq,12.611,54.010,32.139,41.399,19.528,12.837,1.632,18.411,11.205,5.573
mp-aaaabpmv,15.255,60.720,19.682,45.465,4.427,6.285,9.015,8.394,2.730,2.108
mp-aaaabpnc,208.845,206.538,202.328,2.307,6.517,60.815,89.187,58.689,28.372,2.126
mp-aaaabpnm,24.882,99.983,52.230,75.101,27.347,20.017,22.374,32.548,2.357,12.531
mp-aaaabpnn,18.882,52.520,24.966,33.638,6.085,15.270,23.051,13.796,7.781,1.474
mp-aaaabpnp,37.333,67.339,35.387,30.006,1.947,25.507,16.239,23.619,9.268,1.888
mp-aaaabpoe,10.333,-21.424,12.771,31.757,2.438,4.833,8.924,5.499,4.091,0.666
mp-aaaabppe,8.667,-18.891,11.876,27.558,3.209,3.786,3.920,-1.093,0.134,4.879
mp-aaaabppk,12.451,81.945,3.849,69.494,8.602,2.515,2.887,2.667,0.372,0.152
mp-aaaabpqn,10.333,16.685,12.636,6.352,2.303,6.117,11.649,5.961,5.532,0.156
mp-aaaabpqs,90.575,112.003,113.602,21.428,23.027,35.893,51.481,49.025,15.588,13.132
mp-aaaabprf,23.923,42.686,29.763,18.763,5.840,9.924,9.214,15.592,0.710,5.668
mp-aaaabpri,19.333,0.821,19.178,18.512,0.156,13.104,7.509,13.495,5.595,0.391
mp-aaaabprn,18.333,-8.237,23.013,26.570,4.680,12.764,7.827,17.874,4.937,5.110
mp-aaaabprq,2.330,67.335,7.588,65.005,5.259,2.139,1.179,2.768,0.960,0.629
mp-aaaabptu,13.496,27.419,22.170,13.923,8.674,5.911,13.249,12.611,7.338,6.700
mp-aaaabptw,162.653,145.766,182.898,16.887,20.244,72.143,73.158,79.307,1.015,7.164
mp-aaaabptx,7.763,83.071,16.359,75.308,8.596,5.086,2.917,6.991,2.169,1.905
mp-aaaabpue,2.172,18.846,-5.899,16.674,8.071,1.303,5.510,-1.538,4.207,2.841
mp-aaaabpuo,18.856,39.609,19.295,20.753,0.439,11.764,8.504,10.998,3.260,0.766
mp-aaaabpus,196.949,170.362,191.705,26.587,5.243,103.898,85.125,94.564,18.773,9.334
mp-aaaabpvc,23.783,36.390,28.406,12.607,4.622,11.020,8.473,13.468,2.547,2.448
mp-aaaabpve,110.028,82.434,127.332,27.594,17.304,58.185,63.546,88.930,5.361,30.745
mp-aaaabpvi,16.815,68.218,16.933,51.403,0.118,5.709,13.997,5.422,8.288,0.287
mp-aaaabpvl,27.899,34.403,31.047,6.504,3.148,13.218,13.730,16.118,0.512,2.900
mp-aaaabpvu,16.741,15.408,16.211,1.333,0.530,7.911,14.472,9.128,6.561,1.217
mp-aaaabpvv,15.480,29.582,13.012,14.102,2.468,9.297,10.829,7.080,1.532,2.217
mp-aaaabpwo,16.563,11.994,11.936,4.569,4.627,8.085,2.787,2.817,5.298,5.269
mp-aaaabpws,9.715,54.228,7.605,44.513,2.110,6.123,1.620,5.099,4.503,1.024
mp-aaaabpxj,44.475,89.716,34.086,45.241,10.390,11.972,7.072,8.864,4.900,3.108
mp-aaaabpxw,24.161,35.829,28.298,11.668,4.137,11.664,28.863,16.426,17.199,4.762
mp-aaaabpxz,95.287,80.017,76.813,15.270,18.474,39.005,50.464,37.903,11.459,1.103
mp-aaaabpyr,23.045,43.123,15.684,20.078,7.361,-2.294,16.454,11.261,18.748,13.555
mp-aaaabpyy,36.331,45.018,40.647,8.687,4.316,14.309,18.313,18.849,4.004,4.540
mp-aaaabpzk,30.706,61.596,32.661,30.890,1.956,13.043,23.019,21.695,9.976,8.653
mp-aaaabqad,200.225,230.605,201.196,30.380,0.971,176.851,149.143,195.774,27.708,18.922
mp-aaaabqcq,4.933,-25.022,9.398,29.955,4.465,2.939,4.398,4.933,1.459,1.994
mp-aaaabqdj,21.556,127.558,30.912,106.002,9.357,11.315,4.389,14.366,6.926,3.051
mp-aaaabqdk,28.872,143.843,39.320,114.971,10.448,17.748,29.649,21.126,11.901,3.378
mp-aaaabqeb,17.340,30.321,15.577,12.981,1.763,7.369,6.938,6.950,0.431,0.419
mp-aaaabqgb,77.444,101.071,85.273,23.627,7.829,56.634,49.515,31.241,7.119,25.393
mp-aaaabqgf,50.387,37.821,51.587,12.566,1.201,31.619,17.045,33.400,14.574,1.781
mp-aaaabqgt,75.083,60.666,77.633,14.417,2.549,26.852,30.064,30.982,3.212,4.129
mp-aaaabqhr,23.924,43.960,18.461,20.036,5.463,12.188,13.059,8.166,0.871,4.023
mp-aaaabqhs,37.845,49.639,34.494,11.794,3.351,24.877,27.329,22.837,2.452,2.041
mp-aaaabqht,48.667,60.677,51.488,12.010,2.821,35.903,31.263,37.280,4.640,1.377
mp-aaaabqhz,25.218,39.964,23.453,14.746,1.765,14.658,14.683,14.930,0.025,0.272
mp-aaaabqic,32.667,44.078,37.841,11.411,5.174,22.202,22.839,24.805,0.637,2.603
mp-aaaabqih,264.910,197.887,212.615,67.023,52.295,191.070,160.716,130.125,30.354,60.945
mp-aaaabqio,154.852,136.236,163.230,18.616,8.378,34.084,48.816,83.537,14.732,49.453
mp-aaaabqjb,15.549,-1.424,12.172,16.973,3.377,8.414,5.785,5.620,2.629,2.794
mp-aaaabqjd,291.082,309.974,294.704,18.892,3.622,206.094,198.166,216.039,7.928,9.945
mp-aaaabqje,46.660,74.843,48.749,28.183,2.089,24.758,31.925,23.873,7.167,0.885
mp-aaaabqjt,106.940,86.716,86.627,20.224,20.313,55.151,46.468,40.598,8.683,14.553
mp-aaaabqkn,125.283,132.277,120.203,6.994,5.080,62.084,51.306,51.180,10.778,10.904
mp-aaaabqlf,4.205,22.932,9.888,18.727,5.683,2.672,3.491,5.077,0.819,2.405
mp-aaaabqlo,-6.667,25.469,22.133,32.136,28.799,-9.344,9.245,8.338,18.589,17.682
mp-aaaabqlu,42.246,74.193,57.389,31.947,15.142,21.957,31.240,35.174,9.283,13.217
mp-aaaabqmh,11.707,30.018,16.675,18.311,4.967,10.860,22.795,8.011,11.935,2.849
mp-aaaabqms,-2.293,76.886,4.541,79.179,6.834,2.538,2.343,1.384,0.195,1.154
mp-aaaabqnb,238.162,198.102,252.926,40.060,14.764,175.370,176.033,180.318,0.663,4.948
mp-aaaabqnx,2.504,1.655,13.433,0.849,10.929,9.721,3.322,5.366,6.399,4.355
mp-aaaabqoo,77.586,79.947,77.575,2.361,0.011,42.259,59.341,40.376,17.082,1.884
mp-aaaabqpa,23.105,35.956,25.691,12.851,2.586,10.814,12.790,14.070,1.976,3.257
mp-aaaabqpe,220.000,327.906,221.625,107.906,1.625,106.717,109.262,96.817,2.545,9.901
mp-aaaabqpl,90.307,118.543,86.411,28.236,3.896,47.893,53.599,45.312,5.706,2.581
mp-aaaabqpn,119.033,128.405,114.707,9.372,4.326,59.256,57.670,50.268,1.586,8.988
mp-aaaabqpp,82.105,59.461,83.415,22.644,1.310,62.528,67.806,57.396,5.278,5.133
mp-aaaabqqc,16.364,46.572,24.482,30.208,8.119,7.106,8.826,11.051,1.720,3.944
mp-aaaabqrb,16.713,20.684,19.476,3.971,2.763,10.824,11.509,11.264,0.685,0.440
mp-aaaabqre,137.068,108.214,149.776,28.854,12.708,80.679,92.981,65.935,12.302,14.744
mp-aaaabqrj,19.462,19.252,21.182,0.210,1.720,9.014,6.655,11.162,2.359,2.148
mp-aaaabqsm,16.791,12.580,31.644,4.211,14.853,9.609,2.485,14.714,7.124,5.104
mp-aaaabqsy,43.322,87.496,52.528,44.174,9.206,26.471,20.897,28.466,5.574,1.995
mp-aaaabqtj,87.832,66.438,94.109,21.394,6.277,34.686,46.380,37.960,11.694,3.274
mp-aaaabqtk,195.684,251.045,192.855,55.361,2.829,66.730,69.849,68.210,3.119,1.480
mp-aaaabqtl,236.209,290.861,225.587,54.652,10.622,72.838,93.285,82.812,20.447,9.974
mp-aaaabquh,37.355,77.271,39.549,39.916,2.194,24.032,35.842,15.923,11.810,8.110
mp-aaaabqup,104.557,67.992,111.637,36.565,7.080,95.701,57.739,55.328,37.962,40.373
mp-aaaabqvh,108.249,71.877,113.026,36.372,4.777,56.216,56.184,62.301,0.032,6.085
mp-aaaabqvq,31.737,28.779,34.984,2.958,3.247,8.840,10.204,16.007,1.364,7.167
mp-aaaabqwo,32.911,52.006,35.638,19.095,2.728,13.264,6.663,14.355,6.601,1.091
mp-aaaabqwq,12.667,15.089,16.910,2.422,4.243,6.900,8.020,8.752,1.120,1.852
mp-aaaabqxf,90.073,76.133,116.406,13.940,26.333,54.179,50.699,69.575,3.480,15.395
mp-aaaabqxp,145.278,174.864,189.048,29.586,43.770,84.618,121.666,93.822,37.048,9.204
mp-aaaabqxt,19.764,27.486,20.666,7.722,0.903,12.439,12.577,12.488,0.138,0.049
mp-aaaabqxv,74.000,67.385,73.560,6.615,0.440,26.586,30.648,31.054,4.062,4.468
mp-aaaabqxz,9.901,34.293,10.939,24.392,1.038,5.285,6.948,4.273,1.663,1.012
mp-aaaabqyj,26.646,54.326,30.539,27.680,3.893,16.860,24.273,18.764,7.413,1.904
mp-aaaabqyk,289.308,243.125,268.302,46.183,21.006,116.075,101.545,114.113,14.530,1.962
mp-aaaabqzp,12.961,29.984,17.702,17.023,4.741,8.659,4.652,4.496,4.007,4.164
mp-aaaabrab,58.108,73.987,65.100,15.879,6.992,22.279,29.280,28.822,7.001,6.543
mp-aaaabrai,228.836,286.071,259.444,57.235,30.608,128.438,138.773,140.165,10.335,11.726
mp-aaaabrau,50.331,75.279,50.902,24.948,0.570,30.520,35.304,29.108,4.784,1.412
mp-aaaabrax,74.787,110.434,78.777,35.647,3.990,37.412,38.698,19.947,1.286,17.465
mp-aaaabrbr,173.485,161.641,152.282,11.844,21.203,105.456,110.748,98.603,5.292,6.853
mp-aaaabrcl,81.723,72.922,106.162,8.801,24.439,46.628,56.231,20.542,9.603,26.086
mp-aaaabrcn,36.479,114.738,25.188,78.259,11.291,22.396,22.438,12.357,0.042,10.039
mp-aaaabrcp,121.663,101.630,132.553,20.033,10.890,65.947,52.651,61.428,13.296,4.519
mp-aaaabrcq,63.387,78.407,66.265,15.020,2.877,27.417,32.266,34.248,4.849,6.832
mp-aaaabrcs,21.000,18.612,25.950,2.388,4.950,8.814,13.982,12.914,5.168,4.100
mp-aaaabrcz,9.000,30.146,7.316,21.146,1.684,3.819,3.484,3.870,0.335,0.051
mp-aaaabrdd,40.270,81.599,45.815,41.329,5.546,28.535,32.138,36.091,3.603,7.556
mp-aaaabrdf,37.875,71.768,42.385,33.893,4.510,27.114,28.945,26.986,1.831,0.129
mp-aaaabrdg,158.505,120.457,144.501,38.048,14.004,79.144,75.745,67.772,3.399,11.372
mp-aaaabrdh,157.890,118.808,144.570,39.082,13.320,82.463,64.743,64.660,17.720,17.803
mp-aaaabrdi,171.691,135.033,183.146,36.658,11.455,86.956,91.187,112.926,4.231,25.970
mp-aaaabrdl,122.856,100.850,127.509,22.006,4.653,81.060,77.511,77.159,3.549,3.900
mp-aaaabred,59.725,59.900,59.331,0.175,0.394,27.112,36.030,35.351,8.918,8.238
mp-aaaabrey,36.972,80.844,15.035,43.872,21.937,20.703,5.353,7.727,15.350,12.976
mp-aaaabrfj,32.026,57.012,37.905,24.986,5.879,18.872,20.867,11.829,1.995,7.043
mp-aaaabrfk,34.417,42.772,33.643,8.355,0.775,22.350,25.305,18.546,2.955,3.804
mp-aaaabrfl,31.658,41.988,26.839,10.330,4.820,21.123,26.000,10.522,4.877,10.601
mp-aaaabrfm,33.113,46.695,31.212,13.582,1.901,27.216,24.841,25.300,2.375,1.917
mp-aaaabrgr,55.000,26.931,62.475,28.069,7.475,45.265,41.950,49.138,3.315,3.873
mp-aaaabrgt,36.333,51.540,38.411,15.207,2.078,25.971,18.166,21.688,7.805,4.283
mp-aaaabrhj,51.667,93.299,51.996,41.632,0.329,16.139,26.786,18.536,10.647,2.397
mp-aaaabrjg,33.608,57.003,32.763,23.395,0.845,14.152,24.660,13.013,10.508,1.139
mp-aaaabrjz,22.107,76.803,48.611,54.696,26.504,15.532,21.060,28.513,5.528,12.981
mp-aaaabrko,39.667,68.657,34.400,28.990,5.267,26.833,20.579,22.774,6.254,4.059
mp-aaaabrky,85.780,78.273,82.577,7.507,3.202,44.316,40.799,39.397,3.517,4.919
mp-aaaabrlc,143.816,139.606,145.496,4.210,1.680,77.843,69.123,85.006,8.720,7.164
mp-aaaabrli,10.905,73.895,9.413,62.990,1.492,5.596,8.030,4.925,2.434,0.671
mp-aaaabrlk,94.381,107.453,103.355,13.072,8.974,64.509,62.119,67.777,2.390,3.268
mp-aaaabrlu,21.107,38.394,20.816,17.287,0.291,13.939,23.301,11.125,9.362,2.814
mp-aaaabrlz,9.333,19.999,10.664,10.666,1.331,5.000,9.206,5.072,4.206,0.072
mp-aaaabrmq,49.447,75.123,55.154,25.676,5.707,17.520,25.792,19.809,8.272,2.289
mp-aaaabrms,7.000,-2.453,8.266,9.453,1.266,4.074,8.502,4.155,4.428,0.081
mp-aaaabrmx,8.791,13.052,11.830,4.261,3.039,4.912,2.976,6.114,1.936,1.202
mp-aaaabrnl,14.879,45.572,17.075,30.693,2.196,6.636,4.204,8.037,2.432,1.401
mp-aaaabrox,152.945,112.267,151.764,40.678,1.181,72.519,65.509,72.159,7.010,0.360
mp-aaaabroy,14.603,1.558,14.613,13.045,0.010,8.208,9.951,5.468,1.743,2.740
mp-aaaabrpf,92.834,131.614,61.178,38.780,31.656,64.754,84.281,48.265,19.527,16.489
mp-aaaabrps,51.937,67.617,46.834,15.680,5.103,18.002,22.343,16.557,4.341,1.445
mp-aaaabrpx,9.667,-18.654,13.787,28.321,4.120,4.223,8.521,6.544,4.298,2.321
mp-aaaabrqa,14.551,8.397,12.425,6.154,2.126,7.257,8.046,3.078,0.789,4.179
mp-aaaabrqm,116.556,30.283,11.891,86.273,104.664,-25.605,8.641,5.600,34.246,31.205
mp-aaaabrrk,5.999,21.721,12.589,15.722,6.590,3.611,3.971,5.774,0.360,2.164
mp-aaaabrrt,29.992,44.874,25.057,14.882,4.935,19.117,14.500,14.644,4.617,4.473
mp-aaaabrsf,15.083,1.346,6.234,13.737,8.849,4.321,0.001,3.815,4.320,0.505
mp-aaaabrsp,12.333,15.565,15.102,3.232,2.768,5.323,6.438,6.431,1.115,1.108
mp-aaaabrsu,14.667,60.017,15.890,45.350,1.223,5.592,16.492,5.990,10.900,0.398
mp-aaaabrtw,16.060,5.491,14.385,10.569,1.675,8.349,4.062,5.864,4.287,2.485
mp-aaaabrtx,14.799,11.049,11.898,3.750,2.901,7.188,8.835,2.392,1.647,4.796
mp-aaaabrui,93.883,91.725,95.261,2.158,1.377,48.537,55.596,60.787,7.059,12.250
mp-aaaabrvb,31.373,58.463,41.513,27.090,10.140,13.478,14.409,19.951,0.931,6.473
mp-aaaabrvd,103.009,133.912,79.816,30.903,23.193,-5.876,44.569,33.448,50.445,39.324
mp-aaaabrve,205.252,168.041,200.493,37.211,4.759,104.281,126.255,110.617,21.974,6.336
mp-aaaabrvh,15.750,40.648,16.058,24.898,0.307,10.249,15.428,6.406,5.179,3.843
mp-aaaabrvj,30.308,55.652,35.362,25.344,5.055,15.752,19.522,15.374,3.770,0.378
mp-aaaabrvk,16.518,41.009,43.782,24.491,27.264,11.725,21.489,22.765,9.764,11.040
mp-aaaabrvt,122.000,107.300,123.390,14.700,1.390,37.488,49.004,36.465,11.516,1.024
mp-aaaabrvy,86.333,74.742,92.364,11.591,6.031,32.825,35.495,44.250,2.670,11.425
mp-aaaabrwb,17.997,46.651,26.921,28.654,8.924,14.026,17.375,15.064,3.349,1.039
mp-aaaabrwd,43.061,60.384,40.883,17.323,2.178,9.876,13.198,14.495,3.322,4.619
mp-aaaabrwg,114.372,97.850,123.155,16.522,8.784,75.436,68.074,68.695,7.362,6.741
mp-aaaabrwh,57.807,78.085,62.187,20.278,4.380,28.617,21.468,33.156,7.149,4.539
mp-aaaabrwm,19.349,42.319,38.772,22.970,19.423,13.925,-15.653,24.369,29.578,10.444
mp-aaaabrwq,47.748,70.432,43.435,22.684,4.314,15.863,13.828,18.357,2.035,2.494
mp-aaaabrws,166.610,113.398,163.215,53.212,3.395,69.296,49.849,70.372,19.447,1.076
mp-aaaabrwt,51.967,80.688,60.245,28.721,8.279,14.571,13.517,25.703,1.054,11.133
mp-aaaabrwv,180.730,167.193,184.891,13.537,4.162,70.280,46.792,82.665,23.488,12.385
mp-aaaabrwx,144.479,156.600,136.659,12.121,7.820,7.094,15.687,35.729,8.593,28.635
mp-aaaabrwz,66.000,78.825,63.495,12.825,2.505,17.957,25.241,28.071,7.284,10.114
mp-aaaabrxa,12.652,40.344,24.336,27.692,11.685,9.607,8.737,15.040,0.870,5.433
mp-aaaabrxi,230.408,261.135,229.297,30.727,1.111,103.549,144.963,162.354,41.414,58.805
mp-aaaabrxm,61.710,63.919,63.664,2.209,1.953,14.132,18.763,21.424,4.631,7.292
mp-aaaabrzh,181.000,187.905,186.300,6.905,5.300,85.373,88.243,89.396,2.870,4.023
mp-aaaabrzi,164.738,159.954,164.545,4.784,0.192,91.829,95.051,94.124,3.222,2.295
mp-aaaabrzn,67.056,117.954,86.791,50.898,19.735,30.294,27.225,53.000,3.069,22.707
mp-aaaabrzp,70.000,78.643,62.603,8.643,7.397,35.979,35.017,26.362,0.962,9.617
mp-aaaabrzs,81.302,81.191,69.854,0.111,11.448,56.485,49.348,47.601,7.137,8.883
mp-aaaabrzy,165.993,166.342,166.228,0.349,0.235,98.791,97.417,97.630,1.374,1.161
mp-aaaabsae,24.858,49.798,27.332,24.940,2.474,13.094,5.639,12.599,7.455,0.495
mp-aaaabsag,11.316,15.401,13.253,4.085,1.937,4.013,7.350,8.980,3.337,4.967
mp-aaaabsah,9.361,12.921,9.306,3.560,0.054,0.428,7.263,6.174,6.835,5.746
mp-aaaabsai,195.517,184.825,186.647,10.692,8.871,58.069,46.506,39.558,11.563,18.511
mp-aaaabsak,53.770,56.654,50.950,2.884,2.820,28.318,41.273,29.255,12.955,0.937
mp-aaaabsar,38.606,71.382,40.098,32.776,1.492,24.377,31.603,26.407,7.226,2.030
mp-aaaabsat,12.300,17.634,11.595,5.334,0.705,-1.776,4.204,6.169,5.980,7.945
mp-aaaabsau,22.868,11.226,25.863,11.642,2.995,10.595,-0.563,13.018,11.158,2.423
mp-aaaabsbb,77.389,115.847,76.384,38.458,1.006,30.639,19.631,38.303,11.008,7.664
mp-aaaabsbc,73.147,71.330,72.285,1.817,0.861,51.061,49.919,50.212,1.142,0.849
mp-aaaabsch,14.694,51.987,32.487,37.293,17.794,9.396,9.931,13.890,0.535,4.494
mp-aaaabsck,9.333,-5.647,7.532,14.980,1.801,4.213,0.573,2.781,3.640,1.432
mp-aaaabscn,77.796,73.154,80.412,4.642,2.616,54.262,62.788,52.267,8.526,1.996
mp-aaaabscu,39.402,66.911,61.890,27.509,22.488,12.494,20.094,11.905,7.600,0.590
mp-aaaabsde,70.326,122.810,67.056,52.484,3.270,24.409,26.063,22.874,1.654,1.535
mp-aaaabseu,50.247,125.058,36.276,74.811,13.971,24.893,29.968,13.469,5.075,11.424
mp-aaaabsez,18.847,24.277,19.084,5.430,0.237,8.032,8.121,8.641,0.089,0.610
mp-aaaabsfp,13.333,83.674,12.341,70.341,0.992,6.144,9.586,3.513,3.442,2.631
mp-aaaabsfw,149.772,155.856,117.332,6.084,32.440,36.342,50.013,94.116,13.671,57.774
mp-aaaabsfy,18.706,71.302,35.104,52.596,16.399,7.451,5.091,13.616,2.360,6.165
mp-aaaabsga,110.717,128.143,110.040,17.426,0.678,47.618,64.143,54.909,16.525,7.291
mp-aaaabshp,70.863,141.499,53.646,70.636,17.217,9.693,46.599,32.724,36.906,23.031
mp-aaaabshy,12.741,91.397,16.098,78.656,3.357,9.057,0.854,4.509,8.203,4.549
mp-aaaabsim,165.381,181.625,159.292,16.244,6.089,85.655,77.026,89.733,8.629,4.078
mp-aaaabsiv,39.110,75.028,49.913,35.918,10.802,25.791,31.101,28.011,5.310,2.220
mp-aaaabska,13.215,1.653,13.872,11.562,0.657,6.844,7.865,7.578,1.021,0.735
mp-aaaabskp,35.756,56.037,34.711,20.281,1.046,20.079,22.108,19.291,2.029,0.788
mp-aaaabsky,174.026,183.359,175.983,9.333,1.957,100.642,100.394,94.712,0.248,5.930
mp-aaaabslb,3.889,-9.498,11.562,13.387,7.673,2.081,5.116,3.107,3.035,1.026
mp-aaaabsld,37.137,53.185,15.967,16.048,21.169,-41.272,-22.917,4.807,18.355,46.079
mp-aaaabsle,7.491,32.341,8.974,24.850,1.483,2.157,8.360,6.759,6.203,4.601
mp-aaaabslk,33.294,45.065,38.140,11.771,4.847,21.624,22.177,16.787,0.553,4.837
mp-aaaabsln,186.143,189.200,199.251,3.057,13.108,90.876,90.332,84.981,0.544,5.895
mp-aaaabslo,158.667,185.207,178.565,26.540,19.898,4.477,45.867,59.988,41.390,55.511
mp-aaaabslp,123.169,147.303,111.206,24.134,11.962,66.039,81.958,53.064,15.919,12.975
mp-aaaabslr,117.216,99.439,112.415,17.777,4.801,70.615,76.533,69.717,5.918,0.898
mp-aaaabslx,18.055,69.456,21.246,51.401,3.191,11.534,3.399,12.505,8.135,0.971
mp-aaaabsmb,24.085,71.997,10.941,47.912,13.144,8.252,20.289,5.854,12.037,2.397
mp-aaaabsmg,9.000,0.223,10.884,8.777,1.884,4.794,3.724,5.483,1.070,0.689
mp-aaaabsmk,139.905,125.104,146.101,14.801,6.196,28.755,37.442,45.469,8.687,16.714
mp-aaaabsmm,4.994,44.229,27.530,39.235,22.536,3.575,6.256,-5.479,2.681,9.053
mp-aaaabsmn,147.667,118.825,148.880,28.842,1.213,26.580,33.203,32.590,6.623,6.011
mp-aaaabsmx,38.000,47.829,42.677,9.829,4.677,-45.027,3.097,22.338,48.124,67.365
mp-aaaabsmy,62.000,64.395,61.239,2.395,0.761,22.088,38.930,32.908,16.842,10.820
mp-aaaabsnb,37.000,54.915,44.618,17.915,7.618,16.763,7.996,2.416,8.767,14.347
mp-aaaabsnj,208.991,212.109,236.466,3.118,27.475,156.180,141.762,185.574,14.418,29.395
mp-aaaabspn,137.595,112.328,145.182,25.267,7.587,70.535,61.131,83.322,9.404,12.788
mp-aaaabspr,29.003,41.787,35.804,12.784,6.801,19.155,20.711,19.250,1.556,0.095
mp-aaaabspw,96.061,124.680,96.795,28.619,0.734,79.623,84.382,89.994,4.759,10.371
mp-aaaabsqa,105.667,123.827,38.910,18.160,66.756,-1.325,14.258,9.035,15.583,10.360
mp-aaaabsqb,134.339,147.743,128.869,13.404,5.470,25.534,66.626,61.463,41.092,35.929
mp-aaaabsqp,62.435,62.710,65.226,0.275,2.791,40.275,29.295,34.094,10.980,6.181
mp-aaaabsqr,116.687,105.013,114.260,11.674,2.426,78.574,72.891,76.487,5.683,2.087
mp-aaaabsqs,101.000,102.772,92.261,1.772,8.739,58.158,61.377,52.681,3.219,5.477
mp-aaaabsqu,111.685,103.981,102.643,7.704,9.041,74.615,84.613,72.951,9.998,1.664
mp-aaaabsqv,106.518,107.653,105.197,1.135,1.321,64.914,57.403,58.913,7.511,6.001
mp-aaaabsqw,122.956,132.190,124.600,9.234,1.643,75.685,60.565,69.732,15.120,5.954
mp-aaaabsqx,119.751,109.203,113.934,10.548,5.817,85.419,81.090,78.022,4.329,7.397
mp-aaaabsru,12.415,8.896,16.355,3.519,3.940,5.803,7.795,7.455,1.992,1.652
mp-aaaabsrv,41.333,65.469,28.057,24.136,13.276,23.133,12.289,15.793,10.844,7.340
mp-aaaabsrw,113.458,91.783,112.114,21.675,1.344,69.539,68.139,65.033,1.400,4.506
mp-aaaabsrx,15.453,60.445,21.403,44.992,5.950,7.780,17.367,1.265,9.587,6.515
mp-aaaabssp,11.000,9.724,12.972,1.276,1.972,4.543,12.849,6.873,8.306,2.330
mp-aaaabste,88.381,109.084,110.567,20.703,22.186,69.684,80.068,84.728,10.384,15.044
mp-aaaabstg,62.023,94.481,72.965,32.458,10.941,35.265,59.206,51.710,23.941,16.445
mp-aaaabsth,54.956,92.559,62.971,37.603,8.015,34.504,54.271,40.538,19.767,6.034
mp-aaaabstj,51.698,88.561,75.674,36.863,23.976,40.604,46.396,54.602,5.792,13.998
mp-aaaabstn,113.356,62.637,122.023,50.719,8.666,28.929,29.070,42.017,0.141,13.087
mp-aaaabsuj,62.770,60.859,60.010,1.911,2.760,30.232,34.397,27.362,4.165,2.870
mp-aaaabsvl,30.006,69.489,29.156,39.483,0.851,18.184,24.981,17.089,6.797,1.095
mp-aaaabsvr,97.042,98.913,103.626,1.871,6.584,40.573,49.606,49.187,9.033,8.614
mp-aaaabsvw,96.897,107.312,79.462,10.415,17.435,40.270,50.039,15.728,9.769,24.542
mp-aaaabsvz,80.663,70.015,75.536,10.648,5.128,23.197,38.859,42.067,15.662,18.870
mp-aaaabswu,117.088,110.987,124.714,6.101,7.627,76.756,96.027,85.323,19.271,8.567
mp-aaaabswv,126.496,114.848,116.848,11.648,9.649,102.471,94.409,84.683,8.062,17.788
mp-aaaabsww,50.000,44.033,50.535,5.967,0.535,32.385,30.405,30.153,1.980,2.232
mp-aaaabswx,77.373,78.929,79.214,1.556,1.841,34.106,28.057,32.471,6.049,1.635
mp-aaaabswy,77.333,76.794,80.420,0.539,3.087,26.120,24.202,23.383,1.918,2.737
mp-aaaabswz,78.221,75.430,75.735,2.791,2.486,28.639,22.179,20.960,6.460,7.678
mp-aaaabsxa,77.000,76.283,81.766,0.717,4.766,26.245,23.621,23.094,2.624,3.151
mp-aaaabsxb,78.333,73.150,90.086,5.183,11.753,14.726,22.752,26.261,8.026,11.535
mp-aaaabsxc,43.000,44.721,48.312,1.721,5.312,15.145,14.393,21.912,0.752,6.767
mp-aaaabsxf,83.667,83.072,87.934,0.595,4.267,26.528,30.135,27.789,3.607,1.261
mp-aaaabsxh,39.667,44.098,43.244,4.431,3.577,13.206,22.455,18.274,9.249,5.068
mp-aaaabsxj,77.333,77.480,79.719,0.147,2.385,17.189,24.203,22.613,7.014,5.424
mp-aaaabsxk,47.333,52.516,40.228,5.183,7.105,20.639,17.724,15.031,2.915,5.608
mp-aaaabsxl,200.667,181.613,200.195,19.054,0.471,62.823,58.207,51.308,4.616,11.515
mp-aaaabsxm,89.293,92.415,91.158,3.122,1.865,35.774,30.910,34.097,4.864,1.677
mp-aaaabsxn,28.144,36.364,25.237,8.220,2.907,13.697,11.964,12.598,1.733,1.100
mp-aaaabsxp,21.371,34.850,21.467,13.479,0.096,9.525,9.473,10.886,0.052,1.362
mp-aaaabsxq,72.315,69.419,77.907,2.896,5.593,29.893,25.385,29.433,4.508,0.460
mp-aaaabsxs,74.000,75.650,70.555,1.650,3.445,18.574,15.395,13.764,3.179,4.810
mp-aaaabsxu,97.667,89.003,98.961,8.664,1.294,20.747,33.925,35.953,13.178,15.206
mp-aaaabsxv,44.492,59.765,46.222,15.273,1.730,16.752,18.929,15.994,2.177,0.759
mp-aaaabsxw,79.881,91.348,81.124,11.467,1.243,16.768,25.872,20.923,9.104,4.155
mp-aaaabsxx,148.333,101.366,141.177,46.967,7.157,42.774,39.058,50.883,3.716,8.109
mp-aaaabsyd,73.378,74.638,77.677,1.260,4.299,11.382,12.527,24.905,1.145,13.523
mp-aaaabsyg,91.000,84.075,95.616,6.925,4.616,22.030,11.677,26.362,10.353,4.332
mp-aaaabsyn,60.000,66.223,56.665,6.223,3.335,25.658,30.000,18.879,4.342,6.779
mp-aaaabsyp,133.195,103.637,116.763,29.558,16.432,58.018,39.393,45.844,18.625,12.173
mp-aaaabsyy,53.667,57.880,59.533,4.213,5.866,16.833,15.183,26.270,1.650,9.438
mp-aaaabszb,102.000,104.336,105.470,2.336,3.470,24.481,13.420,24.969,11.061,0.489
mp-aaaabszj,44.333,53.070,51.426,8.737,7.092,11.058,21.353,21.727,10.295,10.668
mp-aaaabszk,54.667,46.838,58.423,7.829,3.756,21.684,23.009,19.450,1.325,2.234
mp-aaaabszl,55.667,55.171,61.172,0.496,5.505,21.664,23.012,22.869,1.348,1.205
mp-aaaabszm,45.333,46.541,50.587,1.208,5.253,8.507,14.786,23.212,6.279,14.704
mp-aaaabszo,111.536,112.183,116.331,0.647,4.796,29.981,21.408,30.926,8.573,0.945
mp-aaaabszp,108.077,106.421,122.854,1.656,14.777,40.511,62.672,43.775,22.161,3.264
mp-aaaabszq,127.733,122.915,134.341,4.818,6.608,32.011,27.732,35.832,4.279,3.821
mp-aaaabszy,114.924,120.816,120.186,5.892,5.262,22.611,14.624,20.601,7.987,2.010
mp-aaaabszz,25.333,84.914,104.715,59.581,79.382,65.706,23.806,18.544,41.900,47.161
mp-aaaabtad,125.372,126.156,147.036,0.784,21.664,27.780,31.252,40.303,3.472,12.523
mp-aaaabtag,30.456,50.050,33.967,19.594,3.512,18.615,22.291,13.802,3.676,4.813
mp-aaaabtah,31.511,55.213,31.128,23.702,0.384,17.202,19.075,15.595,1.873,1.607
mp-aaaabtan,61.073,53.625,51.972,7.448,9.101,26.593,28.228,17.890,1.635,8.703
mp-aaaabtao,24.991,41.071,25.671,16.080,0.680,17.021,13.870,10.233,3.151,6.787
mp-aaaabtap,27.491,42.886,34.842,15.395,7.351,7.636,11.880,17.529,4.244,9.893
mp-aaaabtar,66.178,53.376,61.820,12.802,4.357,24.374,24.683,27.713,0.309,3.339
mp-aaaabtas,182.778,105.385,155.515,77.393,27.262,162.445,161.170,120.044,1.275,42.402
mp-aaaabtav,139.889,121.636,136.981,18.253,2.907,149.987,111.626,147.845,38.361,2.142
mp-aaaabtax,151.667,134.257,170.072,17.410,18.405,117.994,100.552,136.256,17.442,18.263
mp-aaaabtay,133.333,133.948,135.694,0.615,2.360,150.029,112.327,141.646,37.702,8.382
mp-aaaabtbd,56.333,51.726,54.910,4.607,1.423,29.289,24.500,27.251,4.789,2.038
mp-aaaabtbf,40.708,40.040,46.806,0.668,6.098,27.472,23.651,24.803,3.821,2.669
mp-aaaabtbg,80.000,98.093,80.754,18.093,0.754,50.127,42.373,51.262,7.754,1.135
mp-aaaabtbh,89.667,125.838,91.995,36.171,2.328,40.000,36.253,41.677,3.747,1.677
mp-aaaabtbi,91.000,124.353,93.317,33.353,2.317,40.799,35.340,41.169,5.459,0.370
mp-aaaabtbj,90.667,124.121,93.841,33.454,3.174,40.597,34.112,42.922,6.485,2.325
mp-aaaabtbl,82.667,93.949,87.534,11.282,4.867,50.330,51.695,54.720,1.365,4.390
mp-aaaabtbn,88.000,94.568,90.156,6.568,2.156,53.321,45.278,53.384,8.043,0.063
mp-aaaabtbo,80.667,87.480,78.507,6.813,2.160,49.477,36.253,48.776,13.224,0.702
mp-aaaabtbp,83.449,95.345,87.883,11.896,4.434,23.626,33.566,24.933,9.940,1.307
mp-aaaabtbt,94.333,90.218,108.166,4.115,13.833,7.123,16.100,29.823,8.977,22.700
mp-aaaabtbw,73.667,122.214,70.664,48.547,3.002,25.237,0.780,9.976,24.457,15.261
mp-aaaabtbx,40.819,50.971,38.980,10.152,1.840,12.379,7.678,12.154,4.701,0.225
mp-aaaabtca,53.780,46.408,45.182,7.372,8.598,24.941,28.890,27.308,3.949,2.368
mp-aaaabtcj,167.831,136.045,172.489,31.786,4.658,79.095,75.204,76.865,3.891,2.229
mp-aaaabtck,21.667,7.522,24.622,14.145,2.956,10.300,13.982,13.109,3.682,2.809
mp-aaaabtcl,32.109,34.067,30.182,1.958,1.927,14.700,15.104,15.538,0.404,0.839
mp-aaaabtcn,22.324,29.835,18.801,7.511,3.524,9.713,13.411,7.232,3.698,2.482
mp-aaaabtcq,30.207,45.933,25.829,15.726,4.378,10.806,12.452,-0.379,1.646,11.185
mp-aaaabtcs,39.957,49.125,36.499,9.168,3.458,19.814,17.032,12.725,2.782,7.089
mp-aaaabtct,42.970,56.114,40.706,13.144,2.264,-5.333,9.295,15.275,14.628,20.608
mp-aaaabtcv,154.887,149.801,147.635,5.086,7.252,57.682,43.339,43.953,14.343,13.728
mp-aaaabtcw,61.328,69.730,58.484,8.402,2.845,29.323,21.946,27.194,7.377,2.129
mp-aaaabtcx,53.444,50.675,55.950,2.769,2.506,25.604,45.397,31.405,19.793,5.801
mp-aaaabtcz,54.938,47.094,61.923,7.844,6.985,30.889,32.987,36.782,2.098,5.893
mp-aaaabtda,56.120,56.262,46.189,0.142,9.931,21.920,25.661,16.919,3.741,5.001
mp-aaaabtdc,81.318,90.676,82.489,9.358,1.171,26.258,31.157,49.934,4.899,23.676
mp-aaaabtdd,89.213,105.279,93.378,16.066,4.165,29.349,27.006,55.850,2.343,26.501
mp-aaaabtde,57.491,58.447,55.424,0.956,2.067,29.655,23.419,22.774,6.236,6.881
mp-aaaabtdi,63.979,53.172,55.478,10.807,8.501,30.781,24.188,24.043,6.593,6.738
mp-aaaabtdj,232.673,315.521,223.203,82.848,9.471,101.867,106.462,91.863,4.595,10.004
mp-aaaabtee,34.091,68.601,31.377,34.510,2.714,12.918,14.714,10.349,1.796,2.569
mp-aaaabteg,13.333,52.011,5.935,38.678,7.399,5.554,32.051,0.372,26.497,5.182
mp-aaaabtej,31.723,64.991,35.222,33.268,3.500,13.072,24.925,17.070,11.853,3.998
mp-aaaabtem,90.625,145.017,90.271,54.392,0.355,51.899,54.538,40.700,2.639,11.200
mp-aaaabtfb,190.333,182.466,182.048,7.867,8.286,88.096,97.642,53.890,9.546,34.206
mp-aaaabtff,195.667,177.003,206.368,18.664,10.701,90.521,87.362,85.333,3.159,5.188
mp-aaaabtfn,140.930,114.340,144.420,26.590,3.490,67.449,71.408,65.471,3.959,1.979
mp-aaaabtfo,101.955,121.845,94.088,19.890,7.868,22.092,-2.529,37.663,24.621,15.571
mp-aaaabtfq,97.000,140.167,123.162,43.167,26.162,24.589,12.595,62.862,11.994,38.273
mp-aaaabtft,175.000,148.144,176.766,26.856,1.766,68.058,78.533,73.376,10.475,5.318
mp-aaaabtfu,204.667,191.785,196.953,12.882,7.713,105.257,82.699,90.312,22.558,14.946
mp-aaaabtfv,38.059,60.092,43.376,22.033,5.317,8.255,-2.526,4.437,10.781,3.819
mp-aaaabtfw,118.837,117.743,136.976,1.094,18.139,63.394,55.919,72.310,7.475,8.916
mp-aaaabtgc,108.000,88.620,116.344,19.380,8.344,23.224,27.142,49.844,3.918,26.620
mp-aaaabtgd,106.333,96.393,118.797,9.940,12.464,14.435,31.717,49.701,17.282,35.265
mp-aaaabtge,52.700,64.281,48.301,11.581,4.399,26.236,30.504,28.278,4.268,2.041
mp-aaaabtgf,124.140,98.543,122.273,25.597,1.867,54.324,51.823,51.077,2.501,3.248
mp-aaaabtgg,106.000,66.698,111.656,39.302,5.656,16.757,25.285,6.962,8.528,9.795
mp-aaaabtgj,116.167,107.677,112.325,8.490,3.841,54.034,46.446,39.332,7.588,14.702
mp-aaaabtgk,86.667,59.169,88.892,27.498,2.225,41.769,33.828,40.191,7.941,1.578
mp-aaaabtgl,100.333,77.293,103.349,23.040,3.016,31.072,52.048,52.200,20.976,21.128
mp-aaaabtgp,53.000,51.724,60.039,1.276,7.039,30.445,33.171,28.452,2.726,1.994
mp-aaaabtgr,143.222,178.544,144.843,35.322,1.622,62.503,65.906,64.933,3.403,2.430
mp-aaaabtgs,145.532,151.582,154.439,6.050,8.907,47.351,48.450,52.067,1.099,4.716
mp-aaaabtgt,177.333,149.505,184.022,27.828,6.688,63.385,75.958,46.895,12.573,16.490
mp-aaaabtgw,47.875,36.022,51.349,11.853,3.474,24.224,29.685,21.633,5.461,2.591
mp-aaaabtgx,139.110,126.477,148.467,12.633,9.357,35.548,56.076,48.975,20.528,13.427
mp-aaaabtgy,109.000,93.057,120.194,15.943,11.194,13.121,25.795,51.176,12.674,38.055
mp-aaaabthb,137.000,112.257,141.730,24.743,4.730,61.132,42.572,51.428,18.560,9.704
mp-aaaabthc,68.411,65.559,67.594,2.852,0.817,42.738,33.151,36.240,9.587,6.498
mp-aaaabthi,76.400,105.550,85.409,29.150,9.009,25.612,23.341,38.086,2.271,12.475
mp-aaaabthj,132.240,138.124,131.729,5.884,0.511,48.887,49.843,40.367,0.956,8.520
mp-aaaabthl,60.587,74.914,63.987,14.327,3.400,37.473,36.083,40.442,1.390,2.969
mp-aaaabthr,103.899,119.987,110.821,16.088,6.923,35.944,31.872,48.838,4.072,12.893
mp-aaaabths,180.436,189.074,170.253,8.638,10.183,75.816,71.895,71.376,3.921,4.439
mp-aaaabtht,175.495,177.299,173.989,1.804,1.506,101.656,101.752,107.612,0.096,5.956
mp-aaaabthx,53.452,47.048,56.516,6.404,3.065,22.809,22.105,26.504,0.704,3.696
mp-aaaabtiu,38.667,39.715,43.893,1.048,5.226,26.680,16.531,24.822,10.149,1.858
mp-aaaabtiw,45.623,47.067,49.129,1.444,3.506,25.215,18.889,29.921,6.326,4.706
mp-aaaabtix,49.498,70.307,58.160,20.809,8.662,17.343,5.869,37.115,11.474,19.772
mp-aaaabtjb,135.000,131.211,122.074,3.789,12.926,66.287,44.057,57.559,22.230,8.728
mp-aaaabtjc,127.623,138.489,154.681,10.866,27.058,65.518,65.769,65.271,0.251,0.247
mp-aaaabtjd,166.333,146.072,161.246,20.261,5.088,49.283,43.220,49.278,6.063,0.005
mp-aaaabtje,168.000,172.088,176.528,4.088,8.528,38.594,44.086,50.939,5.492,12.345
mp-aaaabtjh,127.333,119.879,125.942,7.454,1.391,35.041,22.296,17.309,12.745,17.731
mp-aaaabtjq,74.370,63.989,83.520,10.381,9.150,24.776,29.194,35.301,4.418,10.524
mp-aaaabtjr,120.098,107.690,122.034,12.408,1.936,64.214,57.601,67.945,6.613,3.732
mp-aaaabtjs,118.598,117.014,121.844,1.584,3.245,55.176,41.797,52.883,13.379,2.293
mp-aaaabtjt,108.049,102.036,106.944,6.013,1.105,70.563,73.646,67.203,3.083,3.361
mp-aaaabtkc,113.517,60.364,121.069,53.153,7.552,75.429,59.540,68.524,15.889,6.905
mp-aaaabtkd,99.380,70.048,97.172,29.332,2.208,62.964,64.948,67.785,1.984,4.820
mp-aaaabtke,111.132,68.010,113.533,43.122,2.401,67.018,60.451,59.763,6.567,7.255
mp-aaaabtkf,97.345,71.827,99.582,25.518,2.238,72.806,62.193,63.858,10.613,8.948
mp-aaaabtkg,110.801,71.633,108.581,39.168,2.220,67.493,65.985,72.557,1.508,5.064
mp-aaaabtll,11.855,5.844,16.469,6.011,4.615,5.001,4.051,5.188,0.950,0.187
mp-aaaabtln,44.367,47.716,50.198,3.349,5.832,15.723,19.304,22.976,3.581,7.253
mp-aaaabtlp,68.452,68.448,77.233,0.004,8.781,11.025,18.855,17.519,7.830,6.495
mp-aaaabtlq,63.452,54.411,62.296,9.041,1.157,21.770,21.184,16.614,0.586,5.156
mp-aaaabtlt,62.773,47.078,67.527,15.695,4.754,27.949,20.924,31.715,7.025,3.765
mp-aaaabtlu,59.663,47.251,63.921,12.412,4.258,21.294,18.708,21.959,2.586,0.665
mp-aaaabtlv,69.667,68.600,72.264,1.067,2.597,25.166,21.660,23.550,3.506,1.616
mp-aaaabtlz,110.667,106.371,116.471,4.296,5.804,20.176,30.898,26.385,10.722,6.209
mp-aaaabtmf,54.990,60.103,57.317,5.113,2.327,36.538,27.896,26.048,8.642,10.490
mp-aaaabtmg,242.192,233.460,240.258,8.732,1.934,112.819,107.499,133.493,5.320,20.674
mp-aaaabtmh,77.067,94.538,68.254,17.471,8.813,27.670,34.023,42.700,6.353,15.030
mp-aaaabtmj,259.333,378.135,247.814,118.802,11.519,131.185,116.769,116.594,14.416,14.591
mp-aaaabtmm,334.079,291.625,329.205,42.454,4.873,185.070,184.900,191.480,0.170,6.410
mp-aaaabtmn,350.980,305.576,332.302,45.404,18.678,194.618,197.173,177.410,2.555,17.208
mp-aaaabtmo,130.333,192.944,131.406,62.611,1.073,46.664,27.991,39.644,18.673,7.021
mp-aaaabtms,88.962,98.256,84.172,9.294,4.791,64.277,60.414,57.793,3.863,6.484
mp-aaaabtmv,126.083,110.594,121.796,15.489,4.287,47.028,36.078,27.697,10.950,19.332
mp-aaaabtna,36.000,38.370,38.029,2.370,2.029,14.733,17.456,13.572,2.723,1.161
mp-aaaabtnb,32.333,35.026,35.561,2.693,3.227,13.741,6.617,15.111,7.124,1.370
mp-aaaabtnc,25.333,33.601,29.146,8.268,3.813,15.332,26.121,20.138,10.789,4.805
mp-aaaabtnf,82.000,87.024,98.478,5.024,16.478,9.107,15.422,17.900,6.315,8.793
mp-aaaabtng,135.667,104.937,138.919,30.730,3.253,64.660,66.858,42.231,2.198,22.429
mp-aaaabtnh,218.333,197.440,214.441,20.893,3.892,76.990,82.341,70.929,5.351,6.061
mp-aaaabtni,29.915,28.168,24.150,1.747,5.765,22.208,24.891,19.020,2.683,3.188
mp-aaaabtnj,27.495,33.150,28.760,5.655,1.265,23.248,23.863,20.668,0.615,2.580
mp-aaaabtnk,30.217,28.945,26.022,1.272,4.195,24.122,25.841,20.481,1.719,3.642
mp-aaaabtnl,29.845,29.729,25.380,0.116,4.465,24.814,25.804,19.074,0.990,5.739
mp-aaaabtnp,113.667,93.560,115.022,20.107,1.355,41.744,27.156,43.490,14.588,1.746
mp-aaaabtnq,116.000,107.491,118.209,8.509,2.209,51.374,46.495,45.299,4.879,6.075
mp-aaaabtnt,184.000,175.364,188.639,8.636,4.639,77.681,71.376,74.824,6.305,2.857
mp-aaaabtnu,113.406,86.926,66.254,26.480,47.152,71.323,38.331,31.230,32.992,40.092
mp-aaaabtnv,39.333,41.051,38.186,1.718,1.148,26.275,22.915,20.574,3.360,5.701
mp-aaaabtoa,69.000,80.225,71.765,11.225,2.765,40.223,19.783,39.375,20.440,0.847
mp-aaaabtod,268.616,238.828,261.037,29.788,7.580,132.274,125.357,127.109,6.917,5.165
mp-aaaabtoe,216.000,187.639,215.068,28.361,0.932,103.103,66.094,95.188,37.009,7.915
mp-aaaabtof,179.613,151.784,156.527,27.829,23.086,-9.141,-42.781,26.573,33.640,35.714
mp-aaaabtog,194.000,197.353,176.962,3.353,17.038,34.201,40.543,62.775,6.342,28.574
mp-aaaabton,89.560,95.717,88.217,6.157,1.343,44.017,69.531,39.539,25.514,4.478
mp-aaaabtoo,140.738,98.180,122.838,42.558,17.900,82.825,70.236,63.168,12.589,19.657
mp-aaaabtop,76.181,73.987,74.880,2.194,1.301,28.052,22.497,28.569,5.555,0.518
mp-aaaabtoq,56.917,57.956,59.422,1.039,2.505,23.041,29.303,32.962,6.262,9.921
mp-aaaabtor,75.353,64.720,76.897,10.633,1.544,36.287,39.797,45.192,3.510,8.905
mp-aaaabtov,51.503,50.506,58.414,0.997,6.911,25.064,32.193,25.134,7.129,0.069
mp-aaaabtoy,143.324,140.596,152.480,2.728,9.156,72.441,59.196,76.148,13.245,3.707
mp-aaaabtpb,225.974,192.249,231.616,33.725,5.642,97.703,107.409,106.068,9.706,8.365
mp-aaaabtpf,102.669,93.120,107.218,9.549,4.549,56.573,49.423,70.138,7.150,13.566
mp-aaaabtpg,68.333,68.700,72.154,0.367,3.821,28.864,31.096,36.350,2.232,7.487
mp-aaaabtph,105.000,93.733,106.537,11.267,1.537,56.140,60.692,46.698,4.552,9.442
mp-aaaabtpi,84.667,86.331,90.345,1.664,5.678,37.094,54.682,39.737,17.588,2.643
mp-aaaabtpj,124.667,111.132,120.992,13.535,3.674,59.526,78.539,44.614,19.013,14.912
mp-aaaabtpk,80.667,86.274,84.469,5.607,3.802,39.327,32.049,43.892,7.278,4.564
mp-aaaabtpl,119.000,115.429,119.770,3.571,0.770,55.056,73.058,56.620,18.002,1.564
mp-aaaabtpp,213.000,187.819,215.502,25.181,2.502,92.793,56.449,89.813,36.344,2.980
mp-aaaabtpy,56.472,50.216,59.696,6.256,3.224,13.315,25.829,17.969,12.514,4.654
mp-aaaabtpz,205.166,168.589,201.472,36.577,3.693,73.805,67.114,88.385,6.691,14.580
mp-aaaabtqa,210.218,165.997,204.625,44.221,5.593,86.925,61.002,88.924,25.923,1.999
mp-aaaabtqd,79.548,123.686,84.329,44.138,4.781,21.064,19.678,18.381,1.386,2.683
mp-aaaabtqe,154.560,144.413,165.420,10.147,10.860,41.722,50.457,59.593,8.735,17.871
mp-aaaabtqg,169.998,141.931,157.611,28.067,12.387,80.786,62.269,66.704,18.517,14.081
mp-aaaabtqi,142.667,137.063,151.633,5.604,8.966,13.665,32.709,21.832,19.044,8.167
mp-aaaabtqj,160.667,156.930,165.029,3.737,4.362,64.735,64.825,65.198,0.090,0.463
mp-aaaabtqk,102.155,115.735,101.193,13.580,0.961,30.183,42.433,35.476,12.250,5.294
mp-aaaabtql,137.000,136.567,142.772,0.433,5.772,56.609,51.291,57.236,5.318,0.627
mp-aaaabtqm,145.000,130.556,111.208,14.444,33.792,53.436,42.082,30.123,11.354,23.314
mp-aaaabtqn,244.098,201.405,218.557,42.693,25.541,75.155,83.313,87.782,8.158,12.627
mp-aaaabtqo,259.554,211.451,261.251,48.103,1.696,90.842,95.594,134.975,4.752,44.133
mp-aaaabtqp,203.168,191.721,205.495,11.447,2.327,73.492,76.879,69.879,3.387,3.613
mp-aaaabtqq,240.322,218.154,244.990,22.168,4.669,86.742,84.465,91.066,2.277,4.325
mp-aaaabtqu,212.000,210.863,221.070,1.137,9.070,67.051,65.421,74.705,1.630,7.654
mp-aaaabtqw,221.333,187.306,211.167,34.027,10.166,103.747,81.306,95.134,22.441,8.613
mp-aaaabtre,282.961,212.771,274.870,70.190,8.090,137.324,148.332,139.342,11.008,2.018
mp-aaaabtrf,149.000,171.137,153.898,22.137,4.898,55.286,55.781,68.642,0.495,13.357
mp-aaaabtrk,71.763,84.790,71.405,13.027,0.358,40.531,38.708,41.158,1.823,0.627
mp-aaaabtrn,114.610,102.779,84.472,11.831,30.138,61.157,49.201,-32.882,11.956,94.039
mp-aaaabtro,102.667,108.715,91.268,6.048,11.399,39.251,47.710,42.931,8.459,3.681
mp-aaaabtrp,26.780,36.721,23.817,9.941,2.962,17.067,5.530,9.454,11.537,7.613
mp-aaaabtrq,52.667,53.905,56.626,1.238,3.960,14.611,16.254,15.831,1.643,1.221
mp-aaaabtru,105.551,112.255,85.220,6.704,20.331,65.424,55.584,49.174,9.840,16.250
mp-aaaabtrv,125.464,133.175,117.511,7.711,7.953,38.558,41.650,48.577,3.092,10.019
mp-aaaabtrw,72.100,75.104,75.736,3.004,3.636,41.409,35.294,41.806,6.115,0.398
mp-aaaabtrx,78.346,72.874,82.766,5.472,4.420,45.726,39.484,48.787,6.242,3.061
mp-aaaabtry,80.109,80.110,78.098,0.001,2.011,53.902,38.834,48.516,15.068,5.386
mp-aaaabtse,24.333,44.356,19.551,20.023,4.782,11.643,9.495,7.883,2.148,3.760
mp-aaaabtth,56.888,55.192,53.555,1.696,3.333,-18.040,27.282,24.146,45.322,42.185
mp-aaaabttq,0.873,12.098,4.451,11.225,3.578,0.891,3.422,2.803,2.531,1.912
mp-aaaabttt,82.833,75.943,77.078,6.890,5.756,48.535,31.993,33.798,16.542,14.737
mp-aaaabtud,10.322,30.434,14.901,20.112,4.579,7.029,12.327,9.589,5.298,2.560
mp-aaaabtum,0.819,60.716,7.517,59.897,6.697,0.869,8.625,3.394,7.756,2.526
mp-aaaabtvp,26.733,63.811,27.870,37.078,1.137,19.095,27.454,14.143,8.359,4.952
mp-aaaabtwh,5.868,114.925,10.983,109.057,5.114,4.279,2.778,0.270,1.501,4.009
mp-aaaabtwt,106.303,107.846,94.855,1.543,11.448,64.622,60.035,52.683,4.587,11.939
mp-aaaabtwz,144.490,157.949,155.537,13.459,11.048,89.749,80.037,102.952,9.712,13.203
mp-aaaabtxa,35.861,49.545,36.389,13.684,0.528,21.002,26.088,13.665,5.086,7.338
mp-aaaabtxn,113.147,116.033,113.018,2.886,0.129,50.487,38.493,40.570,11.994,9.917
mp-aaaabtxu,5.342,53.777,22.684,48.435,17.343,4.870,16.218,13.085,11.348,8.215
mp-aaaabtxz,30.247,43.084,36.489,12.837,6.242,10.863,6.829,15.115,4.034,4.252
mp-aaaabtyl,96.667,101.119,111.279,4.452,14.612,74.119,75.228,80.374,1.109,6.255
mp-aaaabtyp,42.912,77.224,48.194,34.312,5.281,19.778,32.237,25.172,12.459,5.394
mp-aaaabtyu,14.000,85.526,28.198,71.526,14.198,3.819,-2.208,17.516,6.027,13.697
mp-aaaabtzk,87.963,81.686,88.521,6.277,0.558,63.199,57.432,65.248,5.767,2.049
mp-aaaabtzl,154.008,107.065,104.216,46.943,49.792,97.285,54.612,75.500,42.673,21.785
mp-aaaabtzq,35.614,42.446,34.050,6.832,1.564,19.811,22.926,14.633,3.115,5.178
mp-aaaabtzx,101.899,104.336,93.305,2.437,8.594,61.654,62.683,56.969,1.029,4.685
mp-aaaabuaa,36.849,63.266,41.455,26.417,4.607,23.942,25.157,31.417,1.215,7.474
mp-aaaabuau,153.802,120.525,162.275,33.277,8.473,79.009,71.462,79.435,7.547,0.425
mp-aaaabuaw,162.154,126.271,180.991,35.883,18.837,81.807,80.848,92.655,0.959,10.848
mp-aaaabuax,163.321,127.701,176.492,35.620,13.171,82.244,77.430,82.060,4.814,0.184
mp-aaaabuay,164.683,129.230,178.441,35.453,13.759,82.144,72.364,85.964,9.780,3.820
mp-aaaabubo,65.520,82.453,63.685,16.933,1.835,38.768,39.708,39.026,0.940,0.258
mp-aaaabubq,147.102,146.312,163.564,0.790,16.462,53.993,51.093,62.711,2.900,8.718
mp-aaaabubt,39.333,43.898,43.137,4.565,3.803,-13.663,15.821,14.286,29.484,27.949
mp-aaaabubu,38.333,65.094,35.204,26.761,3.129,-23.179,10.312,2.252,33.491,25.431
mp-aaaabubw,45.240,34.971,47.242,10.269,2.001,14.605,17.780,9.269,3.175,5.336
mp-aaaabubx,37.833,38.746,36.094,0.913,1.740,24.069,20.116,17.426,3.953,6.643
mp-aaaabubz,43.904,41.456,44.104,2.448,0.200,31.121,27.993,27.938,3.128,3.184
mp-aaaabuca,34.833,45.609,40.891,10.776,6.058,25.382,22.251,23.506,3.131,1.876
mp-aaaabuce,82.127,71.906,82.047,10.221,0.080,24.146,31.340,29.719,7.194,5.573
mp-aaaabucf,89.812,80.760,89.069,9.052,0.744,35.664,35.909,25.548,0.245,10.116
mp-aaaabucm,46.513,49.127,47.067,2.614,0.555,37.128,29.257,29.822,7.871,7.306
mp-aaaabucu,50.333,64.341,50.761,14.008,0.428,24.766,21.319,26.893,3.447,2.127
mp-aaaabucv,93.333,96.160,90.837,2.827,2.497,31.006,33.589,35.475,2.583,4.470
mp-aaaabucw,82.333,79.066,89.214,3.267,6.881,13.915,14.614,21.571,0.699,7.656
mp-aaaabucx,103.000,104.481,102.178,1.481,0.822,25.320,16.630,27.563,8.690,2.243
mp-aaaabucz,53.667,60.115,55.574,6.448,1.907,17.414,11.377,13.190,6.037,4.224
mp-aaaabude,72.571,78.982,70.353,6.411,2.218,52.046,42.588,38.984,9.458,13.062
mp-aaaabudi,93.415,110.453,96.475,17.038,3.060,57.553,60.130,52.533,2.577,5.019
mp-aaaabudk,131.128,187.092,146.132,55.964,15.004,47.039,83.032,55.363,35.993,8.324
mp-aaaabudl,204.000,195.410,199.847,8.590,4.153,131.278,104.513,109.404,26.765,21.874
mp-aaaabudn,185.000,182.881,182.671,2.119,2.329,89.452,103.336,87.258,13.884,2.194
mp-aaaabuef,102.189,122.819,112.235,20.630,10.046,37.635,38.934,57.180,1.299,19.545
mp-aaaabuei,104.333,91.082,106.439,13.251,2.106,39.976,33.746,32.731,6.230,7.245
mp-aaaabuej,71.099,69.539,65.511,1.560,5.588,49.116,53.228,36.368,4.112,12.748
mp-aaaabuem,45.643,52.247,51.712,6.604,6.069,26.823,28.924,29.994,2.101,3.170
mp-aaaabuet,266.966,232.518,258.040,34.448,8.927,121.441,151.548,145.831,30.107,24.389
mp-aaaabueu,14.662,43.170,16.249,28.508,1.587,9.120,7.390,10.228,1.730,1.108
mp-aaaabufj,23.489,21.986,18.956,1.503,4.533,16.350,15.027,6.945,1.323,9.406
mp-aaaabuge,28.713,93.199,53.749,64.486,25.036,25.392,47.048,36.348,21.656,10.956
mp-aaaabugz,71.540,87.696,76.551,16.156,5.011,37.244,36.376,44.266,0.868,7.023
mp-aaaabuhq,58.179,65.483,52.743,7.304,5.436,26.916,22.359,21.912,4.557,5.004
mp-aaaabuhx,62.304,82.313,67.592,20.009,5.287,20.417,24.819,26.216,4.402,5.798
mp-aaaabuiu,28.445,30.687,25.120,2.242,3.325,23.703,18.434,20.217,5.269,3.486
mp-aaaabuiy,70.000,112.993,120.217,42.993,50.217,-2.914,15.098,-21.366,18.012,18.452
mp-aaaabuja,91.905,91.281,93.385,0.624,1.480,44.575,29.094,33.470,15.481,11.105
mp-aaaabujh,143.221,135.632,147.494,7.589,4.272,37.654,34.121,45.653,3.533,7.999
mp-aaaabujj,118.667,110.233,120.627,8.434,1.960,41.617,31.535,39.516,10.082,2.101
mp-aaaabujt,17.333,41.052,16.488,23.719,0.846,8.082,14.803,6.493,6.721,1.589
mp-aaaabukh,12.333,22.415,14.243,10.082,1.910,4.833,9.536,6.969,4.703,2.136
mp-aaaabukm,17.915,25.623,15.976,7.708,1.939,7.642,11.545,7.880,3.903,0.238
mp-aaaabukx,106.382,75.648,106.505,30.734,0.122,29.916,27.157,45.799,2.759,15.883
mp-aaaabuky,76.100,80.228,83.704,4.128,7.604,26.383,21.276,28.473,5.107,2.090
mp-aaaabulb,107.330,117.655,114.474,10.325,7.144,59.997,43.686,53.330,16.311,6.667
mp-aaaabulu,131.926,113.537,128.401,18.389,3.525,44.647,58.859,60.737,14.212,16.090
mp-aaaabulw,46.869,73.279,54.457,26.410,7.588,19.837,19.491,27.686,0.346,7.849
mp-aaaabulx,60.355,78.482,61.230,18.127,0.875,-2.270,27.557,36.190,29.827,38.460
mp-aaaabumd,119.219,104.853,113.006,14.366,6.213,87.347,78.271,66.630,9.076,20.717
mp-aaaabune,78.943,67.277,76.206,11.666,2.737,41.149,33.693,33.841,7.456,7.308
mp-aaaabunh,95.667,100.581,101.914,4.914,6.248,41.678,28.712,39.955,12.966,1.723
mp-aaaabuni,71.000,70.363,72.757,0.637,1.757,25.322,22.428,30.805,2.894,5.483
mp-aaaabunj,82.333,79.134,85.983,3.199,3.650,28.238,20.878,33.004,7.360,4.766
mp-aaaabunr,118.000,102.055,112.898,15.945,5.102,61.630,40.935,57.766,20.695,3.864
mp-aaaabuns,99.667,103.219,104.328,3.552,4.662,37.897,39.193,53.016,1.296,15.119
mp-aaaabunt,150.000,150.145,156.805,0.145,6.805,41.833,39.387,36.124,2.446,5.709
mp-aaaabunu,176.000,199.415,167.099,23.415,8.901,71.373,69.410,52.092,1.963,19.281
mp-aaaabunv,161.333,189.941,145.640,28.608,15.693,48.683,59.933,38.530,11.250,10.153
mp-aaaabunw,143.000,171.375,139.997,28.375,3.003,46.963,56.536,52.098,9.573,5.135
mp-aaaabunx,136.667,147.405,137.274,10.738,0.608,45.750,57.865,51.070,12.115,5.320
mp-aaaabuny,144.333,162.577,138.518,18.244,5.815,28.376,45.988,40.845,17.612,12.469
mp-aaaabunz,165.000,163.652,155.539,1.348,9.461,66.605,69.470,65.010,2.865,1.595
mp-aaaabuoa,193.333,132.639,147.050,60.694,46.283,58.770,64.520,61.917,5.750,3.146
mp-aaaabuoh,151.091,139.005,152.691,12.086,1.600,50.253,43.830,45.503,6.423,4.749
mp-aaaabuoi,69.744,67.470,72.434,2.274,2.690,40.847,46.870,36.607,6.023,4.240
mp-aaaabuoj,118.206,100.260,107.980,17.946,10.226,63.583,56.464,57.575,7.119,6.008
mp-aaaabupk,46.922,51.133,50.013,4.211,3.091,21.372,29.293,22.184,7.921,0.812
mp-aaaabupm,49.546,63.499,39.165,13.953,10.381,19.247,20.915,-0.080,1.668,19.327
mp-aaaabupq,53.452,58.408,57.843,4.956,4.391,70.010,18.438,26.113,51.572,43.897
mp-aaaabupy,65.582,71.480,57.526,5.898,8.056,37.408,35.287,28.189,2.121,9.218
mp-aaaabwdw,140.000,135.654,136.029,4.346,3.971,46.558,38.118,49.497,8.440,2.939
mp-aaaabwes,196.962,158.118,218.210,38.844,21.247,111.191,112.382,126.351,1.191,15.160
mp-aaaabwhl,39.667,12.135,35.679,27.532,3.988,-36.510,14.791,8.693,51.301,45.203
mp-aaaabwix,226.314,213.228,239.827,13.086,13.513,133.228,147.182,140.982,13.954,7.754
mp-aaaabwmu,10.338,84.569,15.800,74.231,5.463,2.792,2.497,5.694,0.295,2.902
mp-aaaabwnz,52.949,74.922,53.106,21.973,0.156,12.377,22.816,15.028,10.439,2.651
mp-aaaabwqx,11.473,37.801,17.818,26.328,6.345,9.688,18.651,13.377,8.963,3.690
mp-aaaabwsl,134.000,176.334,140.852,42.334,6.852,50.484,52.506,53.763,2.022,3.279
mp-aaaabwva,224.952,260.165,215.838,35.213,9.114,97.482,119.275,119.236,21.793,21.755
mp-aaaabwvy,11.000,8.430,14.873,2.570,3.873,5.157,5.172,10.292,0.015,5.135
mp-aaaabwwj,113.333,93.244,100.230,20.089,13.103,45.752,28.694,53.554,17.058,7.803
mp-aaaabwwl,163.881,121.717,122.120,42.164,41.762,123.298,103.449,35.619,19.849,87.679
mp-aaaabwwm,100.667,95.756,83.761,4.911,16.905,33.618,31.399,40.097,2.219,6.478
mp-aaaabwxt,334.564,223.796,316.652,110.768,17.912,171.780,181.824,136.254,10.044,35.526
mp-aaaabwys,267.771,231.083,251.726,36.688,16.045,142.722,131.146,105.492,11.576,37.230
mp-aaaabwzg,79.945,86.983,76.013,7.038,3.932,44.509,37.096,40.829,7.413,3.680
mp-aaaabwzj,5.873,-34.395,7.872,40.268,1.999,0.087,9.019,2.331,8.932,2.243
mp-aaaabxan,255.919,175.094,262.803,80.825,6.884,111.849,118.431,103.903,6.582,7.945
mp-aaaabxhq,46.715,36.653,51.649,10.062,4.934,31.478,27.127,30.080,4.351,1.398
mp-aaaabxjf,53.289,42.830,60.233,10.459,6.943,35.953,23.789,39.686,12.164,3.733
mp-aaaabxjh,182.667,182.889,179.861,0.222,2.806,27.645,35.664,97.851,8.019,70.206
mp-aaaabxpm,49.669,36.882,46.682,12.787,2.987,32.763,31.343,25.168,1.420,7.595
mp-aaaabxrw,67.687,55.227,86.681,12.460,18.994,48.785,44.247,54.562,4.538,5.777
mp-aaaabxta,53.282,56.046,60.058,2.764,6.776,21.188,15.107,23.033,6.081,1.845
mp-aaaabxux,53.358,44.993,62.801,8.365,9.443,35.853,30.970,39.970,4.883,4.118
mp-aaaabxvn,57.966,59.861,58.681,1.895,0.714,-19.812,6.755,14.997,26.567,34.809
mp-aaaabxxb,6.757,44.014,8.188,37.257,1.431,4.899,12.158,9.366,7.259,4.467
mp-aaaabydc,22.855,30.675,22.954,7.820,0.099,13.768,16.838,15.554,3.070,1.786
mp-aaaabyhp,182.858,134.837,145.491,48.021,37.367,91.462,81.798,85.900,9.664,5.562
mp-aaaabyip,24.333,39.925,31.640,15.592,7.307,52.133,11.311,-1.475,40.822,53.608
mp-aaaabykv,68.877,77.049,76.406,8.172,7.530,32.339,34.757,38.601,2.418,6.262
mp-aaaabyof,28.443,29.861,29.997,1.418,1.554,17.780,20.918,15.310,3.138,2.471
mp-aaaabypm,14.387,50.867,24.030,36.480,9.643,11.730,8.836,15.225,2.894,3.495
mp-aaaabyqy,42.000,55.493,24.547,13.493,17.453,14.950,13.838,6.440,1.112,8.510
mp-aaaabysv,19.947,53.623,27.552,33.676,7.605,16.253,20.227,12.023,3.974,4.230
mp-aaaabysz,48.548,79.024,84.714,30.476,36.165,36.929,19.564,31.684,17.365,5.245
mp-aaaabyui,-3.926,104.144,30.811,108.070,34.737,-13.268,5.413,12.065,18.681,25.334
mp-aaaabyxu,25.000,7.487,23.819,17.513,1.181,4.401,12.408,4.830,8.007,0.429
mp-aaaabyzk,43.212,47.985,40.723,4.773,2.489,2.151,12.469,3.538,10.318,1.387
mp-aaaabyzr,45.587,21.002,47.236,24.585,1.649,29.237,29.002,30.734,0.235,1.497
mp-aaaabzab,50.113,49.726,53.290,0.387,3.177,32.098,24.748,32.276,7.350,0.178
mp-aaaabzdz,39.304,67.730,54.989,28.426,15.685,16.439,29.395,19.309,12.956,2.871
mp-aaaabzjz,64.759,59.242,61.805,5.517,2.954,30.424,28.561,33.999,1.863,3.575
mp-aaaabzor,14.220,16.809,26.100,2.589,11.879,9.130,7.450,11.034,1.680,1.904
mp-aaaabzql,63.920,68.989,72.628,5.069,8.708,32.000,22.813,30.397,9.187,1.603
mp-aaaabztx,152.941,157.488,172.336,4.547,19.395,123.655,102.919,120.095,20.736,3.560
mp-aaaabzvn,15.371,59.731,10.658,44.360,4.713,8.065,6.111,2.212,1.954,5.853
mp-aaaabzxi,7.811,46.780,6.574,38.969,1.237,4.161,6.771,2.404,2.610,1.758
mp-aaaabzzr,47.519,38.964,52.979,8.555,5.461,10.547,14.246,28.789,3.699,18.242
mp-aaaacabl,134.048,126.358,125.500,7.690,8.548,60.512,71.706,55.400,11.194,5.112
mp-aaaacace,131.667,113.895,115.366,17.772,16.301,57.944,44.805,42.652,13.139,15.291
mp-aaaacaeu,48.686,94.695,55.321,46.009,6.635,24.526,28.046,28.499,3.520,3.973
mp-aaaacajc,43.824,35.897,48.775,7.927,4.950,27.337,22.069,32.729,5.268,5.392
mp-aaaacakf,103.193,129.704,118.555,26.511,15.362,91.625,69.097,81.719,22.528,9.906
mp-aaaacaox,34.413,47.951,39.198,13.538,4.786,20.737,27.828,20.102,7.091,0.635
mp-aaaacaqx,53.739,43.703,63.204,10.036,9.465,37.691,29.853,38.199,7.838,0.507
mp-aaaacasy,58.150,81.455,63.732,23.305,5.582,34.586,35.773,35.532,1.187,0.946
mp-aaaacavt,46.090,40.148,51.179,5.942,5.090,30.536,28.353,31.120,2.183,0.584
mp-aaaacayb,21.037,24.661,25.585,3.624,4.548,12.407,9.063,12.706,3.344,0.299
mp-aaaacayj,62.000,55.759,69.166,6.241,7.166,22.648,20.150,29.868,2.498,7.220
mp-aaaacban,58.659,71.512,59.654,12.853,0.994,40.147,39.170,35.112,0.977,5.035
mp-aaaacbbp,289.214,301.487,277.432,12.273,11.782,148.484,138.699,201.000,9.785,52.515
mp-aaaacbdd,8.745,36.529,17.282,27.784,8.537,53.923,1.083,5.377,52.840,48.546
mp-aaaacbht,53.324,68.886,62.373,15.562,9.049,20.341,22.703,17.545,2.362,2.796
mp-aaaacbhx,124.000,119.741,131.139,4.259,7.139,55.286,42.678,56.330,12.608,1.044
mp-aaaacbiq,98.613,75.382,87.863,23.231,10.750,34.412,22.852,45.979,11.560,11.567
mp-aaaacbje,53.478,104.465,52.970,50.987,0.509,54.915,44.276,49.916,10.639,4.999
mp-aaaacbjy,104.688,123.804,112.817,19.116,8.129,90.361,65.300,79.267,25.061,11.094
mp-aaaacbkx,54.333,52.178,46.968,2.155,7.365,43.394,31.125,28.872,12.269,14.522
mp-aaaacboc,20.422,109.990,36.084,89.568,15.662,12.877,46.978,14.484,34.101,1.607
mp-aaaacbor,66.051,66.079,66.848,0.028,0.796,29.871,25.475,29.348,4.396,0.523
mp-aaaacboy,28.047,64.350,44.626,36.303,16.579,8.450,9.899,12.137,1.449,3.688
mp-aaaacbqe,18.667,2.940,23.308,15.727,4.642,9.727,9.600,11.841,0.127,2.113
mp-aaaacbth,133.199,125.542,139.376,7.657,6.177,46.392,52.583,60.577,6.191,14.186
mp-aaaacbzc,120.028,128.079,130.116,8.051,10.088,51.244,42.385,63.374,8.859,12.130
mp-aaaaccae,17.617,24.887,25.789,7.270,8.172,10.370,19.354,16.625,8.984,6.255
mp-aaaaccaw,106.333,95.513,98.199,10.820,8.134,46.460,29.992,42.566,16.468,3.894
mp-aaaaccdk,60.754,46.457,61.462,14.297,0.708,29.060,31.615,33.181,2.555,4.120
mp-aaaaccgc,91.703,114.378,104.210,22.675,12.507,45.356,54.211,52.420,8.855,7.064
mp-aaaacckl,88.749,66.529,97.464,22.220,8.715,44.769,50.325,52.502,5.556,7.733
mp-aaaacckp,51.016,101.995,85.153,50.979,34.138,53.795,48.147,60.428,5.648,6.633
mp-aaaacclb,47.924,44.839,53.362,3.085,5.437,30.174,22.005,31.822,8.169,1.649
mp-aaaacclk,243.270,240.847,249.082,2.423,5.812,174.060,139.859,198.757,34.201,24.698
mp-aaaaccnw,123.132,137.245,121.061,14.113,2.071,87.297,84.454,89.667,2.843,2.370
mp-aaaaccqu,35.333,107.898,30.484,72.565,4.849,2.864,16.334,349.765,13.470,346.901
mp-aaaaccwp,23.153,47.746,25.565,24.593,2.412,14.768,13.404,17.489,1.364,2.721
mp-aaaaccyz,25.333,24.358,25.626,0.975,0.293,4.804,16.368,8.886,11.564,4.082
mp-aaaacdht,136.333,142.954,125.756,6.621,10.577,61.189,49.865,59.560,11.324,1.629
mp-aaaacdlh,134.687,100.846,134.856,33.841,0.170,71.116,51.448,73.613,19.668,2.496
mp-aaaacdmw,108.710,88.816,118.532,19.894,9.823,63.291,59.938,63.923,3.353,0.632
mp-aaaacdsj,95.339,67.935,86.508,27.404,8.830,52.455,53.895,41.160,1.440,11.294
mp-aaaacdvp,49.555,35.074,46.411,14.481,3.144,26.414,25.024,24.359,1.390,2.055
mp-aaaacdxg,68.173,72.759,61.326,4.586,6.847,34.046,28.687,28.009,5.359,6.037
mp-aaaaceax,45.570,36.534,49.714,9.036,4.144,30.168,21.901,29.239,8.267,0.929
mp-aaaaceby,98.333,119.846,96.799,21.513,1.534,82.687,83.111,78.917,0.424,3.770
mp-aaaacefu,103.132,106.223,114.797,3.091,11.665,42.921,44.558,47.484,1.637,4.563
mp-aaaacegx,63.167,17.526,51.198,45.641,11.969,22.794,25.061,27.321,2.267,4.527
mp-aaaacejn,20.922,51.479,24.917,30.557,3.995,11.612,16.283,8.404,4.671,3.208
mp-aaaacena,141.667,121.706,140.534,19.961,1.132,65.112,51.983,52.939,13.129,12.173
mp-aaaaceqi,170.800,143.390,174.452,27.410,3.653,122.414,91.873,102.708,30.541,19.706
mp-aaaaceus,21.245,46.531,28.661,25.286,7.416,13.111,13.493,15.594,0.382,2.483
mp-aaaacfcv,16.849,49.591,28.161,32.742,11.312,13.201,12.904,17.159,0.297,3.958
mp-aaaacfgh,46.401,38.228,53.604,8.173,7.203,30.103,24.721,33.060,5.382,2.957
mp-aaaacfhl,19.518,33.095,20.114,13.577,0.596,10.971,10.852,10.227,0.119,0.744
mp-aaaacflz,203.667,147.256,180.119,56.411,23.547,107.041,67.971,82.632,39.070,24.409
mp-aaaacfqw,21.735,25.591,25.195,3.856,3.459,14.959,10.017,13.191,4.942,1.767
mp-aaaacfwb,275.639,276.529,264.961,0.890,10.677,202.275,172.880,196.824,29.395,5.451
mp-aaaacgsf,104.337,120.102,91.776,15.765,12.561,33.346,43.366,40.047,10.020,6.701
mp-aaaachjz,29.774,12.800,34.480,16.974,4.706,15.911,10.983,16.648,4.928,0.737
mp-aaaachmi,31.632,28.773,34.737,2.859,3.105,7.524,14.887,12.115,7.363,4.590
mp-aaaachod,141.333,123.348,155.491,17.985,14.157,37.535,38.425,78.902,0.890,41.367
mp-aaaaciiz,225.560,224.523,206.204,1.037,19.357,206.352,149.661,148.935,56.691,57.417
mp-aaaackeg,28.777,5.474,22.811,23.303,5.966,13.898,11.417,9.973,2.481,3.925
mp-aaabcsjn,107.000,94.172,106.377,12.828,0.623,46.504,57.346,50.717,10.842,4.213
mp-aaabcslm,21.026,47.120,16.474,26.094,4.552,2.886,7.024,11.492,4.138,8.606
mp-aaabcsls,19.287,36.635,17.538,17.348,1.749,10.904,8.808,8.785,2.096,2.119
mp-aaabcsnz,149.216,115.683,152.358,33.533,3.142,78.663,69.580,91.025,9.083,12.362
mp-aaabcspb,60.764,70.888,57.840,10.124,2.924,21.807,13.577,31.772,8.230,9.966
mp-aaabcspf,88.821,89.879,95.567,1.058,6.746,38.620,44.024,40.952,5.404,2.332
mp-aaabcspw,15.245,45.568,16.185,30.323,0.940,6.690,7.100,6.976,0.410,0.286
mp-aaabcsqd,55.000,45.419,55.891,9.581,0.891,3.184,21.997,10.885,18.813,7.701
mp-aaabcsqr,11.333,20.721,17.266,9.388,5.933,6.733,9.662,6.764,2.929,0.031
mp-aaabcsqt,68.333,69.823,65.853,1.490,2.481,29.436,29.171,22.228,0.265,7.207
mp-aaabcsrd,181.373,168.628,168.932,12.745,12.442,91.129,110.044,107.056,18.915,15.927
mp-aaabcsrk,51.998,58.907,53.937,6.909,1.938,19.943,28.180,20.641,8.237,0.698
mp-aaabcsws,132.000,103.585,134.099,28.415,2.099,55.785,41.599,57.808,14.186,2.023
mp-aaabcsxo,141.697,88.852,151.678,52.845,9.981,60.043,54.833,75.596,5.210,15.554
mp-aaabcsyp,38.160,50.738,37.393,12.578,0.766,19.087,27.389,16.785,8.302,2.302
mp-aaabctbh,93.944,154.863,79.923,60.919,14.021,37.848,64.577,31.922,26.729,5.925
mp-aaabctbv,83.798,130.517,88.222,46.719,4.424,53.609,45.658,49.252,7.951,4.357
mp-aaabctcs,56.978,97.027,62.838,40.049,5.860,27.371,32.049,24.474,4.678,2.897
mp-aaabctdv,163.339,154.398,164.581,8.941,1.242,38.457,55.257,61.049,16.800,22.592
mp-aaabctis,37.517,64.168,33.865,26.651,3.652,14.919,14.097,13.885,0.822,1.033
mp-aaabctja,20.636,84.352,24.900,63.716,4.263,15.363,30.604,13.544,15.241,1.819
mp-aaabctjb,178.655,161.673,199.047,16.982,20.393,75.379,95.437,97.637,20.058,22.259
mp-aaabctjg,7.933,60.585,11.135,52.652,3.202,0.131,-0.430,5.583,0.561,5.451
mp-aaabctjj,66.120,98.490,65.048,32.370,1.072,25.058,28.773,28.544,3.715,3.485
mp-aaabctkm,22.515,78.694,36.604,56.179,14.089,3.863,15.289,17.151,11.426,13.288
mp-aaabctkr,167.139,163.569,143.379,3.570,23.760,70.998,75.614,52.737,4.616,18.261
mp-aaabctly,109.318,103.601,108.028,5.717,1.290,29.493,42.107,39.291,12.614,9.798
mp-aaabctmm,68.874,68.545,66.724,0.329,2.151,51.678,39.492,35.766,12.186,15.912
mp-aaabctmn,169.333,166.382,161.834,2.951,7.500,67.989,64.000,49.121,3.989,18.868
mp-aaabctnj,7.067,50.663,17.076,43.596,10.009,2.279,1.406,10.817,0.873,8.539
mp-aaabctnv,81.932,71.410,80.614,10.522,1.317,22.735,46.086,27.777,23.351,5.042
mp-aaabctnw,72.620,104.757,67.586,32.137,5.035,38.995,47.689,30.404,8.694,8.591
mp-aaabctpg,40.700,57.704,52.497,17.004,11.797,21.935,29.116,26.259,7.181,4.324
mp-aaabctus,111.356,121.561,116.607,10.205,5.251,61.842,66.007,74.194,4.165,12.352
mp-aaabctux,62.880,41.806,60.617,21.074,2.263,13.182,24.240,28.205,11.058,15.023
mp-aaabctuz,183.778,126.558,160.368,57.220,23.410,108.438,106.918,103.227,1.520,5.211
mp-aaabctvw,176.512,157.655,187.608,18.857,11.096,76.638,56.216,80.738,20.422,4.100
mp-aaabctwk,172.621,146.021,147.838,26.600,24.783,111.300,93.990,95.100,17.310,16.200
mp-aaabctxc,112.333,106.034,106.841,6.299,5.493,68.150,75.702,74.521,7.552,6.371
mp-aaabctyd,142.000,150.132,117.722,8.132,24.278,48.000,59.757,39.238,11.757,8.762
mp-aaabcufc,141.667,145.937,134.982,4.270,6.685,85.599,77.737,84.709,7.862,0.890
mp-aaabcufd,135.000,127.345,141.564,7.655,6.564,22.875,5.430,20.598,17.445,2.277
mp-aaabcufe,21.228,27.112,22.342,5.884,1.115,10.736,7.868,9.127,2.868,1.609
mp-aaabcufz,114.465,145.244,137.583,30.779,23.118,41.083,49.361,51.325,8.278,10.242
mp-aaabcuga,91.164,85.198,89.572,5.966,1.592,51.890,48.307,45.628,3.583,6.262
mp-aaabcugs,190.119,187.244,193.161,2.875,3.042,75.236,88.315,94.786,13.079,19.550
mp-aaabcugu,27.398,28.861,20.247,1.463,7.150,11.891,13.879,9.599,1.988,2.292
mp-aaabcugv,32.583,34.636,24.005,2.053,8.578,14.245,15.389,-3.463,1.144,17.709
mp-aaabdaoi,14.702,24.429,20.690,9.727,5.988,7.625,8.274,6.793,0.649,0.832
mp-aaabdaos,44.537,44.397,44.475,0.140,0.061,30.072,32.817,30.620,2.745,0.547
mp-aaabdata,125.930,146.226,127.887,20.296,1.957,49.344,65.543,24.851,16.199,24.493
mp-aaabdatv,117.172,126.028,120.774,8.856,3.601,63.438,79.701,60.669,16.263,2.769
mp-aaabdavs,18.772,42.467,17.006,23.695,1.766,6.207,15.360,7.152,9.153,0.945
mp-aaabdaxe,208.436,202.356,208.010,6.080,0.426,203.596,174.596,182.409,29.000,21.187
mp-aaabdaxj,29.629,48.853,28.687,19.224,0.942,20.649,17.458,11.775,3.191,8.874
mp-aaabdays,26.315,17.517,31.621,8.798,5.307,14.154,15.174,11.012,1.020,3.141
mp-aaabdayt,31.069,22.400,34.529,8.669,3.461,16.588,12.410,14.363,4.178,2.224
mp-aaabdazu,78.667,69.152,70.353,9.515,8.314,46.420,37.808,42.739,8.612,3.681
mp-aaabdazw,190.667,162.468,183.660,28.199,7.006,56.752,72.936,78.105,16.184,21.353
mp-aaabdbav,85.333,84.122,76.559,1.211,8.774,54.186,50.091,51.623,4.095,2.563
mp-aaabdbaw,86.333,79.810,74.101,6.523,12.233,47.947,29.321,41.320,18.626,6.628
mp-aaabdbax,98.333,67.927,60.723,30.406,37.610,31.394,27.626,35.059,3.768,3.665
mp-aaabdbay,98.000,59.099,71.885,38.901,26.115,36.259,22.901,24.174,13.358,12.084
mp-aaabdbbd,176.366,158.858,176.969,17.508,0.603,104.868,91.116,97.423,13.752,7.445
mp-aaabdbbg,230.422,235.699,254.934,5.277,24.512,104.700,107.920,148.628,3.220,43.928
mp-aaabdbby,22.667,28.655,22.177,5.988,0.489,17.727,17.607,14.925,0.120,2.802
mp-aaabdbcf,88.299,100.306,82.708,12.007,5.590,35.844,27.717,26.988,8.127,8.856
mp-aaabdbcj,120.902,128.619,118.870,7.717,2.031,39.164,31.823,45.333,7.341,6.169
mp-aaabdbet,54.009,68.020,39.528,14.011,14.481,30.441,21.783,15.198,8.658,15.243
mp-aaabdbfz,27.183,67.321,21.012,40.138,6.171,17.398,20.281,10.853,2.883,6.545
mp-aaabdbgv,15.188,24.377,27.585,9.189,12.397,7.379,18.617,12.513,11.238,5.134
mp-aaabdbjf,185.485,209.150,260.898,23.665,75.413,48.748,87.847,104.321,39.099,55.572
mp-aaabdbjj,218.089,212.340,220.129,5.749,2.040,68.277,76.880,95.989,8.603,27.712
mp-aaabdblz,111.111,96.583,96.366,14.528,14.745,64.261,63.094,56.103,1.167,8.157
mp-aaabeedm,219.598,223.982,232.661,4.384,13.063,186.832,156.782,203.136,30.050,16.304
mp-aaabeele,184.945,232.172,188.939,47.227,3.994,108.030,106.111,184.092,1.919,76.062
mp-aaabeepz,195.667,163.777,211.013,31.890,15.347,120.532,115.604,128.910,4.928,8.378
mp-aaabegkp,189.970,247.149,197.133,57.179,7.163,174.461,161.318,173.973,13.143,0.488
mp-aaabetge,43.630,83.804,59.665,40.174,16.034,29.893,25.358,28.634,4.535,1.259
mp-aaabetqo,22.954,31.220,18.701,8.266,4.252,11.244,9.556,8.988,1.688,2.256
mp-aaabetrs,54.449,67.258,53.311,12.809,1.138,17.563,12.238,28.290,5.325,10.727
mp-aaabetyx,69.900,33.448,60.847,36.452,9.053,33.529,8.689,29.391,24.840,4.137
mp-aaabetzj,3.785,58.058,10.169,54.273,6.384,2.621,-3.170,6.661,5.791,4.040
mp-aaabetzr,178.830,201.647,181.538,22.817,2.707,88.593,97.799,102.068,9.206,13.475
mp-aaabeuaj,215.055,190.685,208.708,24.370,6.346,126.195,104.761,113.435,21.434,12.760
mp-aaabeubn,9.986,12.877,10.766,2.891,0.781,4.550,2.493,4.986,2.057,0.435
mp-aaabeuei,128.000,126.722,125.678,1.278,2.322,83.783,75.295,86.175,8.488,2.392
mp-aaabeuev,17.640,29.048,18.319,11.408,0.680,5.784,9.575,10.297,3.791,4.513
mp-aaabeugb,7.333,-0.026,10.377,7.359,3.044,4.334,9.583,6.361,5.249,2.027
mp-aaabeuhr,28.562,33.909,26.249,5.347,2.312,-6.517,4.977,6.009,11.494,12.526
mp-aaabeuif,1.838,5.194,4.317,3.356,2.479,1.791,3.333,1.839,1.542,0.049
mp-aaabeuig,8.107,8.988,9.979,0.881,1.872,4.650,8.614,6.740,3.964,2.091
mp-aaabeuir,40.637,51.213,28.806,10.576,11.831,13.686,12.004,15.444,1.682,1.757
mp-aaabeujd,13.503,61.656,19.352,48.153,5.849,6.937,12.521,4.888,5.584,2.050
mp-aaabeujn,148.667,119.842,46.881,28.825,101.786,51.206,30.897,14.118,20.309,37.088
mp-aaabeupg,176.842,170.102,190.904,6.740,14.063,112.745,90.444,110.755,22.301,1.990
mp-aaabeush,12.206,23.685,9.652,11.479,2.554,5.805,10.154,3.728,4.349,2.077
mp-aaabeusv,65.844,46.840,61.869,19.004,3.975,30.882,23.989,30.861,6.893,0.021
mp-aaabeuvt,47.000,44.593,40.488,2.407,6.512,49.790,35.080,25.716,14.710,24.074
mp-aaabeuyh,71.637,57.858,67.258,13.779,4.379,36.812,36.279,33.197,0.533,3.615
mp-aaabeuyz,12.957,50.651,19.005,37.694,6.048,7.992,12.523,17.494,4.531,9.502
mp-aaabeval,22.284,62.773,31.960,40.489,9.676,14.532,20.961,16.568,6.429,2.036
mp-aaabevfv,18.564,82.757,26.745,64.193,8.182,8.958,5.059,16.187,3.899,7.229
mp-aaabevgg,35.669,62.119,44.681,26.450,9.012,20.013,41.899,29.598,21.886,9.585
mp-aaabevks,41.507,63.254,43.456,21.747,1.949,25.186,26.706,21.572,1.520,3.614
mp-aaabevlx,8.183,44.464,27.460,36.281,19.277,5.225,16.383,13.829,11.158,8.603
mp-aaabevma,2.347,27.857,4.763,25.510,2.416,-1.601,-0.447,2.646,1.154,4.247
mp-aaabevnx,11.394,34.803,28.216,23.409,16.822,8.182,9.820,11.754,1.638,3.572
mp-aaabevoa,117.237,135.491,114.411,18.254,2.825,40.840,28.546,34.979,12.294,5.861
mp-aaabevqd,36.544,66.640,50.436,30.096,13.892,20.717,41.509,32.581,20.792,11.863
mp-aaabevqh,10.023,18.532,13.199,8.509,3.176,0.439,7.961,8.925,7.522,8.486
mp-aaabevqt,30.265,178.729,32.858,148.464,2.593,11.039,39.617,9.674,28.578,1.365
mp-aaabevrt,32.603,37.245,39.414,4.642,6.811,17.100,22.906,17.380,5.806,0.280
mp-aaabevtt,39.768,87.647,45.626,47.879,5.858,18.910,9.729,26.109,9.181,7.199
mp-aaabevwr,59.000,73.422,60.111,14.422,1.111,6.430,13.705,5.292,7.275,1.138
mp-aaabevxq,24.333,63.236,53.649,38.903,29.316,27.792,35.107,25.631,7.315,2.161
mp-aaabevyd,196.667,174.225,199.542,22.442,2.875,77.769,96.677,78.760,18.908,0.991
mp-aaabevyg,126.504,124.231,127.478,2.273,0.974,39.623,26.351,40.232,13.272,0.608
mp-aaabevym,155.000,73.186,147.474,81.814,7.526,81.966,70.635,73.106,11.331,8.859
mp-aaabevzk,38.542,43.336,40.401,4.794,1.860,21.961,25.740,21.806,3.779,0.155
mp-aaabewas,141.360,114.824,133.345,26.536,8.015,66.365,62.508,77.621,3.857,11.257
mp-aaabewau,48.290,61.750,51.678,13.460,3.388,39.954,38.017,30.160,1.937,9.794
mp-aaabewei,75.249,85.039,75.102,9.790,0.147,35.116,24.760,34.135,10.356,0.981
mp-aaabewkr,65.766,80.157,65.659,14.391,0.107,26.400,34.404,35.758,8.004,9.358
mp-aaabewkx,92.667,142.718,80.505,50.051,12.162,60.316,62.780,65.199,2.464,4.883
mp-aaabewlu,76.110,73.769,74.125,2.341,1.985,52.131,39.763,46.109,12.368,6.022
mp-aaabewng,64.000,56.200,68.110,7.800,4.110,24.926,24.439,29.579,0.487,4.653
mp-aaabewqa,65.173,59.676,63.629,5.497,1.544,20.858,20.635,19.773,0.223,1.084
mp-aaabewqb,203.667,202.759,206.348,0.908,2.682,107.559,117.465,120.743,9.906,13.185
mp-aaabewqc,2.660,19.148,9.004,16.488,6.344,0.447,18.309,5.412,17.862,4.965
mp-aaabewqp,32.333,48.145,33.132,15.812,0.799,22.375,6.340,14.543,16.035,7.831
mp-aaabewrb,169.989,151.469,152.611,18.520,17.377,131.668,147.741,93.321,16.073,38.347
mp-aaabewsu,141.165,154.371,160.790,13.206,19.625,53.241,51.861,65.801,1.380,12.560
mp-aaabewwg,248.667,200.757,258.468,47.910,9.801,178.675,183.716,199.363,5.041,20.688
mp-aaabewwo,2.800,85.465,1.879,82.665,0.921,1.269,18.987,2.246,17.718,0.976
mp-aaabewxh,56.504,91.692,71.402,35.188,14.898,25.868,23.056,29.182,2.812,3.314
mp-aaabewyb,439.802,172.930,185.353,266.872,254.450,119.701,80.058,69.118,39.643,50.583
mp-aaabewyp,25.884,152.246,31.014,126.362,5.130,14.661,37.035,13.639,22.374,1.022
mp-aaabewzk,9.728,19.316,17.727,9.588,7.999,7.167,13.554,10.206,6.387,3.039
mp-aaabexaf,90.713,98.771,110.369,8.058,19.656,30.919,27.112,43.477,3.807,12.558
mp-aaabexba,58.403,53.948,55.917,4.455,2.487,38.161,22.738,28.327,15.423,9.835
mp-aaabexcx,111.074,90.799,122.017,20.275,10.944,61.339,54.233,60.217,7.106,1.122
mp-aaabexdd,248.667,72.891,105.248,175.776,143.419,80.993,85.028,34.338,4.035,46.655
mp-aaabexdj,106.051,105.090,119.637,0.961,13.586,86.296,78.624,97.258,7.672,10.962
mp-aaabexgr,104.313,90.671,91.350,13.642,12.964,64.369,50.939,49.894,13.430,14.475
mp-aaabexho,11.422,-9.272,10.168,20.694,1.255,5.460,0.582,5.176,4.878,0.284
mp-aaabfasu,56.110,103.016,93.386,46.906,37.276,17.450,19.899,34.469,2.449,17.019
mp-aaabfaxn,56.157,111.259,67.382,55.102,11.224,32.267,52.540,38.068,20.273,5.801
mp-aaabfayb,27.502,64.717,47.057,37.215,19.556,16.392,22.607,34.033,6.215,17.641
mp-aaabfayc,17.835,75.582,24.789,57.747,6.954,11.714,12.146,13.551,0.432,1.837
mp-aaabfazg,86.116,54.788,79.610,31.328,6.506,34.231,49.754,37.819,15.523,3.589
mp-aaabfazx,61.822,107.188,58.131,45.366,3.691,27.062,26.214,26.857,0.848,0.204
mp-aaabfbco,114.780,98.315,107.487,16.465,7.293,40.838,40.766,46.930,0.072,6.092
mp-aaabfbiq,70.667,68.389,27.719,2.278,42.947,8.500,26.601,0.018,18.101,8.482
mp-aaabfbjw,58.357,81.752,55.545,23.395,2.812,29.160,27.003,20.177,2.157,8.983
mp-aaabfbra,121.110,67.621,99.161,53.489,21.949,39.208,34.185,18.521,5.023,20.687
mp-aaabfbrz,86.443,113.854,102.528,27.411,16.085,0.272,38.762,44.127,38.490,43.855
mp-aaabfbsl,74.596,71.297,62.389,3.299,12.207,33.183,41.123,25.077,7.940,8.107
mp-aaabfbwv,142.252,90.340,145.341,51.912,3.089,67.569,53.922,56.012,13.647,11.558
mp-aaabfbxm,42.132,39.203,38.289,2.929,3.843,25.052,26.319,18.674,1.267,6.378
mp-aaabfbxw,63.111,117.212,62.832,54.101,0.279,28.482,28.521,27.710,0.039,0.771
mp-aaabfbzs,112.000,51.700,113.861,60.300,1.861,58.072,61.605,46.400,3.533,11.671
mp-aaabfccg,67.382,106.186,68.829,38.804,1.447,36.310,34.140,31.775,2.170,4.535
mp-aaabfcct,22.916,70.485,31.232,47.569,8.316,13.356,28.127,18.100,14.771,4.744
mp-aaabfcfm,69.721,104.015,77.055,34.294,7.334,37.311,26.775,38.422,10.536,1.111
mp-aaabfclg,27.804,61.465,31.975,33.661,4.171,12.859,3.015,5.046,9.844,7.813
mp-aaabfcna,63.356,71.008,84.560,7.652,21.204,32.712,51.935,49.555,19.223,16.842
mp-aaabfcpx,69.758,117.495,75.941,47.737,6.183,36.637,29.031,36.846,7.606,0.209
mp-aaabfcqj,15.667,51.471,17.113,35.804,1.446,7.584,17.928,7.595,10.344,0.012
mp-aaabfcsd,174.778,154.151,197.972,20.627,23.194,105.537,73.455,118.958,32.082,13.421
mp-aaabfctj,10.333,32.042,4.506,21.709,5.827,5.300,11.403,-0.236,6.103,5.536
mp-aaabfcwk,67.425,69.024,63.708,1.599,3.716,-4.128,23.379,27.388,27.507,31.516
mp-aaabfcwo,35.120,59.769,21.350,24.649,13.770,33.236,45.218,15.865,11.982,17.371
mp-aaabfdao,20.822,63.695,38.759,42.873,17.938,14.657,17.313,20.068,2.656,5.411
mp-aaabfddl,142.333,63.162,138.575,79.171,3.759,88.484,76.586,83.218,11.898,5.266
mp-aaabfdjh,67.523,124.850,67.449,57.327,0.074,30.916,29.853,32.099,1.063,1.183
mp-aaabfdnw,38.728,68.848,43.734,30.120,5.006,0.187,23.028,21.252,22.841,21.064
mp-aaabfeck,129.459,131.580,135.288,2.121,5.828,42.373,32.640,50.890,9.733,8.517
mp-aaabffiz,59.914,55.571,65.099,4.343,5.185,34.811,27.372,30.750,7.439,4.061
mp-aaabffqg,23.370,18.308,20.730,5.062,2.640,14.246,16.586,10.841,2.340,3.405
mp-aaabfgjm,120.483,73.111,120.827,47.372,0.345,35.190,45.206,31.309,10.016,3.881
mp-aaabfgvr,66.194,111.086,69.101,44.892,2.907,33.343,30.706,31.496,2.637,1.847
mp-aaabfgwd,14.992,41.357,33.991,26.365,18.999,10.010,15.171,13.791,5.161,3.782
mp-aaabfgwg,139.202,110.715,123.685,28.487,15.517,85.366,90.102,73.002,4.736,12.364
mp-aaabfheo,110.779,86.475,105.133,24.304,5.646,48.398,54.332,33.558,5.934,14.840
mp-aaabfher,70.050,130.100,72.328,60.050,2.278,34.035,30.704,31.086,3.331,2.949
mp-aaabfhfc,12.459,-10.076,3.911,22.535,8.548,8.705,7.924,3.373,0.781,5.332
mp-aaabfhos,124.333,108.088,135.592,16.245,11.258,53.290,53.169,51.902,0.121,1.388
mp-aaabfhqe,148.000,103.222,135.021,44.778,12.979,71.966,65.243,53.138,6.723,18.828
mp-aaabfhso,15.138,25.790,20.426,10.652,5.288,10.283,0.816,10.548,9.467,0.264
mp-aaabfhsz,123.286,98.327,133.498,24.959,10.211,41.218,40.023,46.101,1.195,4.883
mp-aaabfhud,64.221,104.525,67.162,40.304,2.942,31.428,29.375,29.924,2.053,1.504
mp-aaabfibq,61.724,106.974,63.153,45.250,1.428,32.893,34.935,32.297,2.042,0.597
mp-aaabfign,163.759,115.040,163.071,48.719,0.688,82.657,57.779,62.190,24.878,20.466
mp-aaabfilq,58.614,102.315,64.480,43.701,5.865,29.856,18.421,29.640,11.435,0.216
mp-aaabfivk,98.410,82.745,84.139,15.665,14.271,54.576,47.715,35.064,6.861,19.513
mp-aaabfiyf,252.333,181.364,223.801,70.969,28.532,116.200,107.975,92.010,8.225,24.189
mp-aaabfiyu,154.109,94.066,161.707,60.043,7.598,99.801,90.051,108.756,9.750,8.955
mp-aaabfjfw,58.377,72.012,60.441,13.635,2.064,29.288,40.354,32.907,11.066,3.620
mp-aaabfjgf,65.918,111.280,71.076,45.362,5.158,37.264,35.306,33.091,1.958,4.173
mp-aaabfjly,66.752,111.754,68.229,45.002,1.478,37.719,35.475,32.968,2.244,4.751
mp-aaabfkch,94.841,104.240,94.512,9.399,0.329,64.741,50.395,59.596,14.346,5.144
mp-aaabfkcr,24.667,8.608,42.294,16.059,17.627,1.000,4.456,13.667,3.456,12.667
mp-aaabfkeq,17.333,53.139,27.166,35.806,9.833,0.033,12.375,7.302,12.342,7.268
mp-aaabfkev,119.469,87.689,117.167,31.780,2.303,89.056,65.301,50.001,23.755,39.055
mp-aaabfkfm,24.000,73.223,34.349,49.223,10.349,-2.209,3.344,15.853,5.553,18.062
mp-aaabfkjx,44.575,33.942,43.351,10.633,1.224,29.276,23.299,26.585,5.977,2.690
mp-aaabfkkk,31.667,83.211,41.467,51.544,9.800,11.609,26.659,22.391,15.050,10.783
mp-aaabfkky,60.689,92.103,64.637,31.414,3.947,28.463,25.862,33.783,2.601,5.320
mp-aaabfklq,127.281,151.104,127.045,23.823,0.236,65.058,68.315,70.569,3.257,5.511
mp-aaabfkpc,66.755,122.751,69.214,55.996,2.459,33.664,27.468,33.249,6.196,0.415
mp-aaabfkpk,60.124,105.073,66.956,44.949,6.832,24.906,24.837,30.110,0.069,5.204
mp-aaabfkpw,126.882,102.015,126.905,24.867,0.023,54.598,53.744,66.554,0.854,11.956
mp-aaabfkso,77.830,69.879,65.192,7.951,12.637,26.701,25.784,32.552,0.917,5.851
mp-aaabfkvx,32.554,101.583,35.701,69.029,3.148,7.756,16.105,11.665,8.349,3.910
mp-aaabfkyz,88.799,59.485,85.455,29.314,3.344,21.393,18.067,25.680,3.326,4.287
mp-aaabflaa,62.996,91.888,71.154,28.892,8.158,34.041,24.640,30.190,9.401,3.852
mp-aaabflgg,178.068,131.525,187.490,46.543,9.422,121.037,87.139,101.467,33.898,19.570
mp-aaabfllk,144.839,115.247,138.493,29.592,6.346,80.393,71.513,75.145,8.880,5.248
mp-aaabfloh,88.162,68.346,87.929,19.816,0.234,46.004,36.843,38.807,9.161,7.197
mp-aaabflre,68.344,99.482,72.275,31.138,3.931,37.416,33.336,36.475,4.080,0.940
mp-aaabfltq,89.249,97.956,83.668,8.707,5.581,35.698,33.608,44.834,2.090,9.136
mp-aaabflvt,64.959,108.484,65.750,43.525,0.791,34.810,35.984,29.988,1.174,4.822
mp-aaabflys,39.956,51.966,42.592,12.010,2.636,14.710,19.605,19.993,4.895,5.283
mp-aaabfmay,67.330,109.412,72.617,42.082,5.288,34.488,27.599,35.229,6.889,0.741
mp-aaabfmkp,66.333,103.195,74.120,36.862,7.787,34.879,28.470,35.237,6.409,0.358
mp-aaabfmku,71.685,137.836,92.398,66.151,20.712,35.954,37.528,25.918,1.574,10.036
mp-aaabfmmx,6.389,67.695,32.292,61.306,25.903,7.637,13.428,14.106,5.791,6.469
mp-aaabfmnc,67.146,65.068,64.696,2.078,2.451,33.758,31.358,39.055,2.400,5.296
mp-aaabfmne,29.898,79.448,26.349,49.550,3.549,12.038,15.437,12.039,3.399,0.001
mp-aaabfmrw,21.758,75.865,28.002,54.107,6.244,18.920,16.168,20.596,2.752,1.676
mp-aaabfnix,157.717,171.350,160.074,13.633,2.357,75.013,81.238,86.169,6.225,11.155
mp-aaabfnlc,22.581,24.833,23.141,2.252,0.560,25.766,23.299,16.188,2.467,9.578
mp-aaabfnlj,72.498,70.113,77.153,2.385,4.655,29.597,32.214,32.181,2.617,2.583
mp-aaabfnlq,142.460,125.404,145.808,17.056,3.348,99.374,102.408,108.230,3.034,8.856
mp-aaabfnmf,166.796,128.778,174.757,38.018,7.961,60.737,70.770,69.542,10.033,8.805
mp-aaabfnnj,150.738,114.721,148.830,36.017,1.908,70.417,62.050,61.097,8.367,9.321
mp-aaabfnnm,57.124,99.933,58.734,42.809,1.610,17.975,21.949,20.361,3.974,2.386
mp-aaabfnph,61.190,63.279,65.552,2.089,4.362,33.955,29.241,37.283,4.714,3.328
mp-aaabfnrd,20.014,56.198,18.320,36.184,1.694,36.211,43.563,18.766,7.352,17.445
mp-aaabfnsw,3.863,41.315,10.524,37.452,6.661,1.627,12.591,0.051,10.964,1.576
mp-aaabfnvw,46.994,90.600,50.769,43.606,3.775,18.249,23.548,27.446,5.299,9.196
mp-aaabfnww,44.817,72.765,39.929,27.948,4.889,18.651,12.331,11.778,6.320,6.873
mp-aaabfnyk,180.548,143.112,176.203,37.436,4.345,60.474,56.947,63.413,3.527,2.939
mp-aaabfobg,57.104,68.306,67.830,11.202,10.726,21.308,30.279,28.782,8.971,7.474
mp-aaabfobj,76.554,68.881,55.150,7.673,21.405,35.304,43.196,29.365,7.892,5.939
mp-aaabfodh,68.986,63.565,69.348,5.421,0.362,32.520,32.106,37.067,0.414,4.547
mp-aaabfofm,137.673,99.826,136.532,37.847,1.141,93.789,87.811,71.122,5.978,22.667
mp-aaabfojt,24.140,56.805,26.965,32.665,2.825,37.297,43.260,24.885,5.963,12.412
mp-aaabfokv,69.667,46.725,87.418,22.942,17.751,31.620,29.837,35.623,1.783,4.002
mp-aaabfonu,116.887,93.698,139.068,23.189,22.181,59.951,66.454,78.526,6.503,18.574
mp-aaabforh,50.333,51.511,49.017,1.178,1.316,31.869,30.158,25.040,1.711,6.829
mp-aaabfoti,28.857,59.463,52.890,30.606,24.033,27.548,33.559,29.311,6.011,1.763
mp-aaabfozd,70.000,54.424,84.637,15.576,14.637,25.741,30.031,16.795,4.290,8.946
mp-aaabfpbp,21.727,66.033,25.476,44.306,3.749,14.600,18.328,13.820,3.728,0.779
mp-aaabfpci,4.894,53.267,5.290,48.373,0.396,2.026,5.691,4.361,3.665,2.335
mp-aaabfpcq,45.742,83.187,40.681,37.445,5.061,22.571,-3.233,16.755,25.804,5.815
mp-aaabfpgo,31.207,62.546,40.630,31.339,9.423,13.887,15.222,15.878,1.335,1.990
mp-aaabfpiz,18.017,38.517,19.027,20.500,1.010,6.011,13.658,17.025,7.647,11.013
mp-aaabfpky,69.663,63.626,69.499,6.037,0.163,33.447,32.143,35.741,1.304,2.294
mp-aaabfplo,94.844,165.184,147.338,70.340,52.494,40.907,56.623,80.906,15.716,39.998
mp-aaabfpok,88.428,114.837,109.895,26.409,21.467,69.797,75.066,75.787,5.269,5.990
mp-aaabfpqw,91.348,102.623,82.452,11.275,8.895,51.958,49.752,56.774,2.206,4.815
mp-aaabfpsn,87.111,76.274,79.020,10.837,8.091,22.327,27.611,12.842,5.284,9.484
mp-aaabfpst,119.200,49.116,123.049,70.084,3.850,43.799,42.231,58.440,1.568,14.641
mp-aaabfpwi,23.183,32.913,27.996,9.730,4.813,12.262,22.149,12.001,9.887,0.261
mp-aaabfpxf,59.236,79.770,71.010,20.534,11.774,20.702,28.833,27.575,8.131,6.873
mp-aaabfqdn,69.105,63.473,69.994,5.632,0.889,32.795,32.166,36.601,0.629,3.806
mp-aaabfqmu,38.333,61.309,56.873,22.976,18.539,25.227,38.543,32.837,13.316,7.610
mp-aaabfqny,3.900,21.563,8.365,17.663,4.465,2.387,2.641,0.816,0.254,1.571
mp-aaabfqpn,113.602,100.047,122.869,13.555,9.268,63.821,56.891,69.121,6.930,5.300
mp-aaabfqpw,15.849,2.781,12.758,13.068,3.091,8.314,7.573,5.683,0.741,2.631
mp-aaabfqqg,36.831,73.305,40.848,36.474,4.018,14.582,9.090,13.450,5.492,1.132
mp-aaabfqrl,47.008,54.860,52.717,7.852,5.709,17.618,25.270,29.660,7.652,12.042
mp-aaabfquc,43.440,38.026,45.064,5.414,1.625,122.960,29.277,13.882,93.683,109.078
mp-aaabfqvy,100.667,82.871,102.568,17.796,1.901,49.595,35.623,41.041,13.972,8.554
mp-aaabfqwj,155.600,135.402,174.445,20.198,18.845,71.409,65.821,91.771,5.588,20.363
mp-aaabfrbi,48.204,74.575,54.063,26.371,5.859,23.514,17.095,24.949,6.419,1.435
mp-aaabfrem,134.123,73.339,99.434,60.784,34.689,71.183,54.753,57.871,16.430,13.312
mp-aaabfrhg,49.265,66.625,50.910,17.360,1.645,20.207,31.125,28.405,10.918,8.198
mp-aaabfrhs,87.757,109.314,83.029,21.557,4.728,50.694,54.382,51.982,3.688,1.288
mp-aaabfrig,16.429,41.298,18.680,24.869,2.251,9.521,10.835,11.695,1.314,2.174
mp-aaabfrjx,194.256,159.290,190.713,34.966,3.543,94.750,88.972,71.561,5.778,23.189
mp-aaabfrkb,10.793,10.781,14.740,0.012,3.947,6.803,9.299,6.977,2.496,0.174
mp-aaabfrpe,20.187,10.428,14.218,9.759,5.968,13.405,16.383,9.293,2.978,4.112
mp-aaabfrqn,74.803,96.800,69.339,21.997,5.464,40.029,39.709,45.491,0.320,5.463
mp-aaabfrqy,42.452,78.696,55.303,36.244,12.851,38.049,52.096,30.867,14.047,7.182
mp-aaabfrto,26.967,63.033,27.775,36.066,0.808,11.856,6.000,14.050,5.856,2.194
mp-aaabfrwt,14.435,21.259,14.522,6.824,0.087,12.213,16.820,8.522,4.607,3.691
mp-aaabfrxh,8.714,-1.666,14.834,10.380,6.120,3.677,11.712,7.569,8.035,3.892
mp-aaabfrzu,53.866,81.412,51.057,27.546,2.809,34.341,31.625,28.210,2.716,6.131
mp-aaabfsbh,207.440,134.673,210.772,72.767,3.332,82.156,81.420,84.932,0.736,2.776
mp-aaabfseo,38.136,41.730,44.778,3.594,6.642,24.261,13.189,26.188,11.072,1.926
mp-aaabfsib,41.039,61.455,47.299,20.416,6.260,24.892,35.806,28.148,10.914,3.257
mp-aaabfsji,41.099,26.779,36.345,14.320,4.754,15.788,15.301,8.097,0.487,7.691
mp-aaabfsnl,8.298,73.992,11.909,65.694,3.612,9.859,37.987,9.765,28.128,0.094
mp-aaabfstf,9.988,93.628,3.043,83.640,6.945,8.160,28.124,-1.389,19.964,9.549
mp-aaabfsup,1.111,12.526,9.045,11.415,7.934,0.567,-4.175,121.786,4.742,121.219
mp-aaabfszn,7.734,2.336,17.310,5.398,9.575,3.648,10.053,8.223,6.405,4.576
mp-aaabftan,121.243,96.375,129.418,24.868,8.175,48.521,43.758,48.273,4.763,0.248
mp-aaabftcb,36.829,41.992,43.497,5.163,6.668,19.600,21.000,21.082,1.400,1.482
mp-aaabftck,128.793,88.270,134.226,40.523,5.432,77.963,86.025,78.123,8.062,0.160
mp-aaabftfh,14.612,56.534,51.672,41.922,37.060,32.210,43.739,35.636,11.529,3.426
mp-aaabftgg,46.057,54.982,37.669,8.925,8.388,17.322,14.422,15.656,2.900,1.666
mp-aaabftiv,54.536,97.177,56.778,42.641,2.242,13.196,20.976,14.418,7.780,1.222
mp-aaabftjq,83.442,117.330,91.775,33.888,8.332,70.339,43.002,20.868,27.337,49.471
mp-aaabftlh,51.441,97.917,75.373,46.476,23.932,29.060,47.294,34.955,18.234,5.895
mp-aaabftpu,6.667,42.284,11.017,35.617,4.351,14.322,29.095,-2.366,14.773,16.688
mp-aaabftqj,102.426,122.403,122.988,19.977,20.562,53.553,62.301,62.172,8.748,8.619
mp-aaabftqv,65.097,120.173,103.712,55.076,38.615,45.153,61.186,57.339,16.033,12.185
mp-aaabftrh,5.423,11.095,11.332,5.672,5.908,3.829,3.132,3.763,0.697,0.066
mp-aaabftsv,44.333,9.715,45.680,34.618,1.347,6.856,1.957,11.617,4.899,4.761
mp-aaabfuac,113.952,123.443,122.668,9.491,8.716,39.218,32.809,30.625,6.409,8.593
mp-aaabfubj,161.000,130.561,150.034,30.439,10.966,86.594,58.038,70.235,28.556,16.359
mp-aaabfuce,27.787,37.299,28.369,9.512,0.582,14.606,16.437,14.861,1.831,0.255
mp-aaabfufm,31.158,71.581,32.548,40.423,1.391,22.239,34.206,10.668,11.967,11.571
mp-aaabfuhp,142.724,109.095,138.131,33.629,4.593,62.632,51.500,72.149,11.132,9.517
mp-aaabfuka,151.777,144.858,156.169,6.919,4.393,89.266,102.438,91.824,13.172,2.558
mp-aaabfunt,263.931,167.465,280.985,96.466,17.054,193.800,169.473,178.254,24.327,15.546
mp-aaabfupp,178.027,142.973,179.156,35.054,1.129,73.105,74.129,75.892,1.024,2.787
mp-aaabfuvg,5.528,-12.731,11.456,18.259,5.929,2.697,9.369,8.253,6.672,5.556
mp-aaabfuzs,47.680,98.701,40.937,51.021,6.743,19.189,15.812,12.459,3.377,6.730
mp-aaabfuzz,106.213,75.441,106.490,30.772,0.276,49.248,43.566,48.986,5.682,0.262
mp-aaabfvfs,63.333,28.425,74.623,34.908,11.289,22.045,19.906,29.394,2.139,7.349
mp-aaabfvie,36.528,85.797,31.268,49.269,5.259,24.999,20.099,14.203,4.900,10.796
mp-aaabfviq,74.602,121.499,102.373,46.897,27.771,45.057,61.930,51.301,16.873,6.245
mp-aaabfvna,75.116,69.349,83.260,5.767,8.144,42.608,50.615,45.201,8.007,2.593
mp-aaabfvqy,55.107,80.324,45.988,25.217,9.118,16.715,27.240,17.504,10.525,0.789
mp-aaabfvva,86.940,81.831,100.911,5.109,13.971,30.864,37.160,56.866,6.296,26.002
mp-aaabfvvo,31.907,45.551,41.649,13.644,9.743,20.006,26.475,20.116,6.469,0.110
mp-aaabfvya,27.918,43.275,29.993,15.357,2.075,23.802,16.216,11.556,7.586,12.246
mp-aaabfvyp,102.041,77.082,93.997,24.959,8.045,53.625,50.928,53.694,2.697,0.069
mp-aaabfwep,40.283,68.999,45.386,28.716,5.103,10.270,16.449,16.133,6.179,5.863
mp-aaabfwid,51.764,41.174,49.841,10.590,1.924,24.518,34.220,25.662,9.702,1.144
mp-aaabfwjo,33.793,192.848,31.959,159.055,1.834,23.758,31.487,16.736,7.729,7.023
mp-aaabfwkk,135.000,186.855,129.002,51.855,5.998,83.771,65.037,78.655,18.734,5.116
mp-aaabfwlx,32.667,-18.206,32.663,50.873,0.004,16.072,19.662,13.225,3.590,2.847
mp-aaabfwpb,60.122,67.523,58.973,7.401,1.149,22.367,18.995,26.091,3.372,3.724
mp-aaabfwsh,57.024,66.654,61.810,9.630,4.786,44.583,51.571,44.107,6.988,0.475
mp-aaabfwxo,128.322,124.000,133.011,4.322,4.689,49.109,44.453,59.545,4.656,10.435
mp-aaabfwyg,84.976,65.566,95.468,19.410,10.492,47.826,42.302,49.017,5.524,1.190
mp-aaabfwzv,71.000,59.781,73.267,11.219,2.267,42.843,54.916,44.308,12.073,1.465
mp-aaabfxbp,120.211,107.292,124.236,12.919,4.025,68.284,56.291,67.524,11.993,0.760
mp-aaabfxew,117.946,124.659,136.200,6.713,18.254,6.801,47.545,55.079,40.744,48.279
mp-aaabfxft,5.534,50.603,6.185,45.069,0.651,2.803,12.105,3.607,9.302,0.804
mp-aaabfxhc,69.093,63.511,69.870,5.582,0.777,33.941,32.119,37.996,1.822,4.055
mp-aaabfxii,64.677,69.591,80.129,4.914,15.452,41.387,40.615,43.762,0.772,2.375
mp-aaabfxjz,56.190,84.713,49.447,28.523,6.742,31.890,34.319,24.614,2.429,7.276
mp-aaabfxkm,28.640,99.282,38.333,70.642,9.693,16.595,42.558,19.514,25.963,2.919
mp-aaabfxnz,57.980,72.980,54.473,15.000,3.507,27.756,35.321,28.673,7.565,0.917
mp-aaabfxud,120.919,99.388,122.048,21.531,1.129,26.887,51.451,53.540,24.564,26.653
mp-aaabfxyf,34.944,90.553,42.022,55.609,7.077,13.489,22.272,18.688,8.783,5.200
mp-aaabfxzz,31.878,41.449,38.986,9.571,7.107,16.162,20.774,14.453,4.612,1.708
mp-aaabfyet,-7.167,-6.594,20.955,0.573,28.121,2.478,8.648,3.867,6.170,1.389
mp-aaabfygw,69.111,63.578,69.252,5.533,0.141,34.107,32.157,35.072,1.950,0.965
mp-aaabfylb,-0.889,-3.092,27.481,2.203,28.370,3.455,7.531,11.890,4.076,8.436
mp-aaabfynb,87.392,130.344,110.272,42.952,22.880,71.554,78.386,57.170,6.832,14.384
mp-aaabfyny,170.000,143.981,170.247,26.019,0.247,95.810,72.503,92.374,23.307,3.435
mp-aaabfyqp,138.840,122.203,130.273,16.637,8.567,117.402,116.619,73.224,0.783,44.178
mp-aaabfyro,97.250,85.386,86.121,11.864,11.129,33.131,41.167,44.637,8.036,11.506
mp-aaabfyrv,8.333,53.955,16.481,45.622,8.148,13.948,26.823,10.034,12.875,3.914
mp-aaabfyty,62.000,40.770,59.611,21.230,2.389,17.575,20.540,20.893,2.965,3.317
mp-aaabfywm,11.903,19.549,13.121,7.646,1.219,7.235,10.731,7.352,3.496,0.117
mp-aaabfyzv,41.768,46.645,38.499,4.877,3.269,26.210,13.964,25.263,12.246,0.947
mp-aaabfzct,19.715,22.060,25.918,2.345,6.203,-42.597,4.342,10.199,46.939,52.796
mp-aaabfzcw,17.516,31.894,22.645,14.378,5.128,5.917,13.035,8.170,7.118,2.253
mp-aaabfzer,70.676,109.235,108.235,38.559,37.558,42.473,37.043,49.133,5.430,6.660
mp-aaabfzhj,49.667,3.602,49.902,46.065,0.236,16.515,18.914,18.389,2.399,1.875
mp-aaabfzhl,117.213,86.044,112.462,31.169,4.751,27.039,22.894,42.584,4.145,15.545
mp-aaabfzng,16.611,76.607,22.111,59.996,5.500,12.418,14.149,16.087,1.731,3.669
mp-aaabgadh,76.614,67.639,92.960,8.975,16.346,49.161,50.012,55.003,0.851,5.842
mp-aaabgaon,57.341,106.991,59.037,49.650,1.695,35.963,29.790,25.175,6.173,10.787
mp-aaabgaqg,53.737,98.462,54.322,44.725,0.585,31.872,29.672,31.040,2.200,0.832
mp-aaabggxd,81.333,103.597,74.451,22.264,6.883,33.561,23.305,22.425,10.256,11.137
mp-aaabggxl,88.000,101.232,82.220,13.232,5.780,36.789,43.909,27.097,7.120,9.692
mp-aaabggye,74.000,102.072,95.035,28.072,21.035,24.986,8.116,36.662,16.870,11.676
mp-aaabghaa,276.637,365.591,279.270,88.954,2.633,107.221,126.745,78.220,19.524,29.001
mp-aaabghar,161.190,134.049,169.268,27.141,8.079,47.343,21.960,61.167,25.383,13.824
mp-aaabghbb,55.791,69.724,57.864,13.933,2.073,37.866,45.084,39.744,7.218,1.878
mp-aaabghbh,77.126,73.750,77.278,3.376,0.151,42.444,32.774,41.400,9.670,1.043
mp-aaabghbn,136.550,203.335,140.691,66.785,4.141,80.799,88.037,86.417,7.238,5.619
mp-aaabghbu,89.667,81.627,93.521,8.040,3.855,22.429,8.279,23.849,14.150,1.420
mp-aaabghby,98.378,92.999,101.800,5.379,3.422,32.560,42.990,41.960,10.430,9.400
mp-aaabghce,122.823,103.382,126.092,19.441,3.269,69.146,64.587,66.447,4.559,2.700
mp-aaabghcn,93.478,94.839,93.529,1.361,0.051,65.861,61.290,74.455,4.571,8.593
mp-aaabghcy,29.204,53.256,38.941,24.052,9.737,20.053,21.509,15.522,1.456,4.531
mp-aaabghdc,35.759,37.819,40.953,2.060,5.194,17.596,7.586,21.559,10.010,3.963
mp-aaabghdr,9.601,21.106,16.870,11.505,7.269,2.530,7.853,5.708,5.323,3.178
mp-aaabghei,194.000,180.730,192.505,13.270,1.495,26.543,39.714,41.542,13.171,14.999
mp-aaabghek,148.714,161.024,135.657,12.310,13.057,99.806,102.633,92.418,2.827,7.389
mp-aaabghel,6.568,74.541,15.342,67.973,8.773,5.298,4.490,9.043,0.808,3.745
mp-aaabghew,86.581,134.626,88.434,48.045,1.853,22.615,30.606,21.788,7.991,0.827
mp-aaabghfl,68.222,78.007,71.138,9.785,2.916,45.261,42.302,43.954,2.959,1.307
mp-aaabghfo,45.591,65.277,50.259,19.686,4.668,30.283,11.106,23.324,19.177,6.960
mp-aaabghft,19.335,6.109,24.052,13.226,4.717,14.925,12.975,12.732,1.950,2.193
mp-aaabghfu,83.624,107.988,97.362,24.364,13.738,23.827,33.938,42.769,10.111,18.942
mp-aaabghgz,217.759,185.402,220.561,32.357,2.802,60.539,62.592,104.983,2.053,44.444
mp-aaabghhb,46.667,41.649,45.723,5.018,0.944,20.666,23.379,21.047,2.713,0.381
mp-aaabghhq,47.667,71.256,40.627,23.589,7.040,18.477,11.101,20.182,7.376,1.705
mp-aaabghir,42.667,54.791,45.596,12.124,2.930,25.889,26.546,19.074,0.657,6.814
mp-aaabghix,28.667,44.830,30.474,16.163,1.807,13.252,20.443,18.869,7.191,5.618
mp-aaabghiz,335.986,223.537,334.931,112.449,1.055,169.177,181.426,173.068,12.249,3.891
mp-aaabghji,76.432,65.220,80.202,11.212,3.770,41.408,44.191,47.970,2.783,6.562
mp-aaabghjo,62.383,53.032,51.941,9.351,10.441,45.129,33.561,26.693,11.568,18.435
mp-aaabghjs,81.903,73.445,95.591,8.458,13.688,43.898,40.606,50.572,3.292,6.674
mp-aaabghkh,23.976,75.609,28.364,51.633,4.387,10.080,-6.712,15.242,16.792,5.162
mp-aaabghkr,21.773,109.384,17.951,87.611,3.821,12.565,27.716,10.085,15.151,2.480
mp-aaabghle,69.333,65.931,61.303,3.402,8.031,39.110,33.893,38.396,5.217,0.714
mp-aaabghlg,49.527,54.626,44.165,5.099,5.361,36.786,28.817,28.283,7.969,8.504
mp-aaabghli,167.588,170.662,170.088,3.074,2.499,99.004,106.071,101.771,7.067,2.767
mp-aaabghlm,177.993,205.273,181.013,27.280,3.020,116.330,83.120,119.029,33.210,2.700
mp-aaabghme,104.333,103.596,98.028,0.737,6.306,-6.754,-25.763,-10.438,19.009,3.685
mp-aaabghnc,8.875,92.445,11.708,83.570,2.833,5.772,3.984,6.268,1.788,0.496
mp-aaabghnd,212.999,120.224,215.019,92.775,2.019,189.672,193.185,191.616,3.513,1.944
mp-aaabghni,32.720,46.623,37.111,13.903,4.391,17.023,23.337,21.694,6.314,4.672
mp-aaabghnl,178.860,213.120,181.352,34.260,2.492,103.675,89.968,104.236,13.707,0.561
mp-aaabghok,66.260,55.490,61.023,10.770,5.237,29.065,30.058,20.766,0.993,8.300
mp-aaabghom,49.640,68.325,60.410,18.685,10.771,4.650,18.227,32.532,13.577,27.881
mp-aaabghox,213.221,120.162,213.566,93.059,0.345,187.131,193.103,186.679,5.972,0.452
mp-aaabghpe,17.105,48.580,19.275,31.475,2.170,4.068,11.498,7.317,7.430,3.249
mp-aaabghpu,85.066,84.145,78.765,0.921,6.301,52.005,37.451,39.628,14.554,12.377
mp-aaabghqa,165.333,110.416,145.936,54.917,19.397,76.662,48.968,68.690,27.694,7.973
mp-aaabghqi,99.074,99.503,106.855,0.429,7.781,31.209,42.748,44.149,11.539,12.940
mp-aaabghqj,76.333,85.872,81.556,9.539,5.222,59.000,54.507,64.820,4.493,5.820
mp-aaabghqk,273.077,206.706,212.603,66.371,60.474,77.520,61.059,66.235,16.461,11.285
mp-aaabghqr,46.667,69.247,36.049,22.580,10.618,17.152,6.896,23.917,10.256,6.764
mp-aaabghqv,53.109,74.836,61.558,21.727,8.450,24.842,28.100,35.836,3.258,10.993
mp-aaabghrg,236.991,243.016,231.915,6.025,5.077,69.093,82.449,69.447,13.356,0.354
mp-aaabghse,162.667,163.560,124.326,0.893,38.341,59.902,71.084,37.090,11.182,22.813
mp-aaabghsu,19.333,32.971,25.490,13.638,6.157,9.843,12.469,10.585,2.626,0.742
mp-aaabghsv,157.130,154.975,168.378,2.155,11.248,39.758,40.929,71.429,1.171,31.671
mp-aaabghsx,42.761,66.616,38.400,23.855,4.361,19.002,16.177,17.528,2.825,1.474
mp-aaabghsz,29.381,53.647,34.425,24.266,5.043,13.239,14.843,18.006,1.604,4.766
mp-aaabghti,24.675,63.186,25.272,38.511,0.597,9.849,20.710,17.717,10.861,7.868
mp-aaabghtv,127.667,156.866,131.749,29.199,4.082,-37.997,21.798,32.117,59.795,70.114
mp-aaabghtx,11.575,32.842,13.636,21.267,2.061,5.543,0.567,4.118,4.976,1.425
mp-aaabghul,199.419,63.181,194.512,136.238,4.906,48.113,-1.535,56.172,49.648,8.060
mp-aaabghut,204.111,211.252,186.160,7.141,17.951,86.602,74.633,88.291,11.969,1.689
mp-aaabghuv,109.774,109.318,110.825,0.456,1.052,81.483,79.205,85.864,2.278,4.380
mp-aaabghvc,60.818,100.061,65.160,39.243,4.343,38.023,45.191,34.682,7.168,3.340
mp-aaabghvd,12.064,5.189,12.622,6.875,0.558,8.597,5.498,2.870,3.099,5.728
mp-aaabghvn,120.774,107.741,112.533,13.033,8.241,51.821,43.824,47.103,7.997,4.718
mp-aaabghvo,19.523,19.326,18.781,0.197,0.741,12.659,15.643,11.134,2.984,1.525
mp-aaabghvz,54.972,75.292,66.132,20.320,11.160,28.470,34.299,37.099,5.829,8.628
mp-aaabghwi,17.953,39.011,20.187,21.058,2.235,8.709,6.784,10.255,1.925,1.546
mp-aaabghwl,319.224,203.751,272.054,115.473,47.170,122.247,124.486,120.921,2.239,1.326
mp-aaabghwn,169.346,181.959,169.671,12.613,0.325,88.869,85.508,89.654,3.361,0.785
mp-aaabghwo,188.765,236.188,196.469,47.423,7.703,52.504,62.277,60.967,9.773,8.463
mp-aaabghxf,164.489,197.665,146.432,33.176,18.058,68.850,69.568,58.582,0.718,10.267
mp-aaabghxh,103.343,82.711,104.587,20.632,1.244,40.050,44.679,46.153,4.629,6.104
mp-aaabghxj,157.940,161.985,164.991,4.045,7.051,105.399,103.897,105.155,1.502,0.244
mp-aaabghxz,60.667,58.900,61.984,1.767,1.317,19.988,15.707,23.753,4.281,3.765
mp-aaabghyt,79.673,80.049,78.020,0.376,1.653,38.195,41.315,38.426,3.120,0.231
mp-aaabghyu,102.257,87.686,98.044,14.571,4.213,56.159,57.640,40.684,1.481,15.475
mp-aaabghzd,13.423,44.840,20.229,31.417,6.805,10.446,15.746,13.465,5.300,3.019
mp-aaabghze,98.139,106.407,116.825,8.268,18.687,52.324,53.261,54.453,0.937,2.130
mp-aaabghzs,85.743,63.003,83.104,22.740,2.639,55.621,46.307,42.233,9.314,13.388
mp-aaabgiab,91.667,75.974,107.289,15.693,15.622,71.741,74.037,70.238,2.296,1.503
mp-aaabgiac,136.308,129.014,145.897,7.294,9.588,146.829,102.449,154.920,44.380,8.090
mp-aaabgiaq,147.385,130.973,145.698,16.412,1.688,53.869,43.398,55.738,10.471,1.869
mp-aaabgiax,154.202,143.877,147.172,10.325,7.030,77.303,63.905,60.021,13.398,17.282
mp-aaabgibf,185.469,154.373,169.870,31.096,15.598,169.211,135.122,84.715,34.089,84.496
mp-aaabgibt,90.565,189.525,80.595,98.960,9.970,70.050,48.390,52.141,21.660,17.908
mp-aaabgibx,113.600,116.308,119.008,2.708,5.408,80.167,84.002,71.584,3.835,8.584
mp-aaabgibz,58.048,59.485,62.951,1.437,4.903,17.753,21.165,24.590,3.412,6.837
mp-aaabgicl,62.333,132.958,126.560,70.625,64.227,-19.595,-16.118,6.819,3.477,26.414
mp-aaabgicp,148.650,167.115,111.410,18.465,37.240,88.189,62.644,89.846,25.545,1.657
mp-aaabgicu,83.120,71.373,89.361,11.747,6.241,26.102,31.044,35.901,4.942,9.798
mp-aaabgidh,332.887,232.851,336.767,100.036,3.881,143.889,216.789,143.021,72.900,0.868
mp-aaabgidl,147.301,148.889,146.299,1.588,1.002,78.204,94.795,101.049,16.591,22.846
mp-aaabgiee,11.962,-17.384,14.803,29.346,2.841,4.298,3.741,5.957,0.557,1.659
mp-aaabgifl,199.667,177.240,191.577,22.427,8.090,78.632,94.465,68.948,15.833,9.685
mp-aaabgifm,102.771,108.239,90.617,5.468,12.154,49.733,47.230,38.602,2.503,11.131
mp-aaabgiga,193.155,158.039,196.093,35.116,2.939,107.327,128.816,101.011,21.489,6.316
mp-aaabgigj,21.000,17.811,16.087,3.189,4.913,12.335,12.485,8.902,0.150,3.433
mp-aaabgigk,118.014,136.489,107.732,18.475,10.282,70.621,58.984,43.657,11.637,26.964
mp-aaabgigs,158.667,147.722,131.959,10.945,26.708,66.924,56.677,48.091,10.247,18.833
mp-aaabgigw,13.912,28.519,11.206,14.607,2.706,6.681,11.691,6.464,5.010,0.217
mp-aaabgihk,27.707,32.528,31.763,4.821,4.056,15.223,18.568,14.161,3.345,1.062
mp-aaabgiih,124.958,155.245,137.188,30.287,12.229,85.462,91.128,88.406,5.666,2.943
mp-aaabgiis,65.503,82.447,68.455,16.944,2.952,36.896,15.934,37.332,20.962,0.436
mp-aaabgiiv,75.950,88.369,92.881,12.419,16.931,24.268,15.213,35.680,9.055,11.412
mp-aaabgijb,80.333,151.698,102.017,71.365,21.683,-9.132,-52.342,-8.964,43.210,0.167
mp-aaabgijd,179.361,196.061,220.328,16.700,40.967,81.390,122.640,100.383,41.250,18.993
mp-aaabgijj,175.499,144.492,148.431,31.007,27.068,68.060,59.731,48.799,8.329,19.261
mp-aaabgijv,123.900,147.594,120.448,23.694,3.453,88.769,97.644,52.548,8.875,36.221
mp-aaabgikn,73.192,102.178,71.212,28.986,1.980,34.516,46.619,37.241,12.103,2.724
mp-aaabgill,21.531,20.658,20.537,0.873,0.994,10.363,8.272,10.281,2.091,0.082
mp-aaabgiln,81.333,73.773,83.865,7.560,2.531,19.842,16.200,20.904,3.642,1.062
mp-aaabgims,26.118,85.178,40.768,59.060,14.651,14.040,14.255,21.961,0.215,7.921
mp-aaabgimu,68.601,69.874,75.677,1.273,7.076,30.153,37.037,45.071,6.884,14.919
mp-aaabgimz,54.436,53.792,64.060,0.644,9.624,38.883,37.008,42.650,1.875,3.766
mp-aaabgini,167.189,199.909,166.969,32.720,0.220,48.300,39.456,43.935,8.844,4.365
mp-aaabgipc,101.775,95.415,96.956,6.360,4.820,56.515,58.219,49.090,1.704,7.425
mp-aaabgiqn,83.333,92.069,86.679,8.736,3.346,51.847,41.356,54.438,10.491,2.591
mp-aaabgiqr,20.107,20.380,18.231,0.273,1.876,10.504,10.022,5.820,0.482,4.684
mp-aaabgiqy,64.073,76.654,67.272,12.581,3.199,30.390,34.833,28.541,4.443,1.850
mp-aaabgirc,13.238,5.031,16.122,8.207,2.885,7.135,6.446,6.949,0.689,0.186
mp-aaabgirl,72.506,59.453,73.238,13.053,0.732,39.737,46.046,46.229,6.309,6.491
mp-aaabgiry,62.877,73.112,68.427,10.235,5.551,23.384,25.702,35.372,2.318,11.988
mp-aaabgisl,171.667,190.081,169.924,18.414,1.743,85.394,80.011,79.856,5.383,5.538
mp-aaabgism,65.667,62.339,62.845,3.328,2.822,32.293,28.364,39.904,3.929,7.611
mp-aaabgisu,144.469,136.892,149.778,7.577,5.308,118.655,140.646,121.497,21.991,2.842
mp-aaabgisz,10.333,-6.636,14.325,16.969,3.992,4.833,6.782,6.435,1.949,1.602
mp-aaabgitd,145.786,185.667,161.484,39.881,15.698,31.183,34.011,52.853,2.828,21.671
mp-aaabgitl,137.333,172.511,121.641,35.178,15.692,-45.108,-36.032,24.032,9.076,69.140
mp-aaabgitm,25.416,180.638,50.055,155.222,24.639,18.955,32.530,29.506,13.575,10.551
mp-aaabgitn,17.325,27.044,6.498,9.719,10.827,8.852,11.760,14.358,2.908,5.505
mp-aaabgitp,64.789,59.010,79.745,5.779,14.956,30.622,40.724,44.534,10.102,13.912
mp-aaabgitu,99.195,90.775,97.152,8.420,2.043,47.351,47.445,39.951,0.094,7.400
mp-aaabgiul,159.082,165.391,161.195,6.309,2.112,77.020,91.435,80.915,14.415,3.896
mp-aaabgiuw,56.101,69.719,63.307,13.618,7.206,31.639,26.126,27.844,5.513,3.795
mp-aaabgiuy,180.667,223.349,175.029,42.682,5.638,145.717,149.444,151.769,3.727,6.052
mp-aaabgive,38.608,52.092,43.130,13.484,4.522,0.981,10.951,24.971,9.970,23.989
mp-aaabgivm,54.333,60.382,39.051,6.049,15.282,22.311,18.596,4.516,3.715,17.795
mp-aaabgivq,90.880,81.095,93.023,9.785,2.143,44.746,40.702,42.229,4.044,2.517
mp-aaabgivs,31.166,46.397,31.204,15.231,0.038,23.345,26.523,26.238,3.178,2.893
mp-aaabgivz,72.481,68.611,78.227,3.870,5.746,32.099,24.773,30.841,7.326,1.259
mp-aaabgiwh,75.868,89.432,72.375,13.564,3.493,30.936,31.422,39.634,0.486,8.699
mp-aaabgiwm,66.304,62.416,62.068,3.888,4.236,30.037,26.952,36.118,3.085,6.080
mp-aaabgiwq,16.000,36.709,15.030,20.709,0.970,8.775,1.210,7.457,7.565,1.318
mp-aaabgiws,93.286,82.564,94.434,10.722,1.148,30.114,43.876,29.545,13.762,0.569
mp-aaabgixi,79.033,84.914,77.377,5.881,1.656,41.438,42.213,53.671,0.775,12.234
mp-aaabgiyc,34.667,31.920,35.492,2.747,0.826,19.595,18.753,15.718,0.842,3.877
mp-aaabgiyf,90.639,79.182,93.291,11.457,2.652,44.779,61.425,53.538,16.646,8.759
mp-aaabgiyg,82.667,103.582,88.605,20.915,5.938,-21.610,-18.900,18.173,2.710,39.783
mp-aaabgizp,117.333,126.984,121.781,9.651,4.447,78.194,104.792,87.733,26.598,9.539
mp-aaabgizt,150.712,168.835,161.994,18.123,11.282,113.296,115.989,117.529,2.693,4.233
mp-aaabgjaa,11.333,9.584,13.164,1.749,1.831,6.000,11.006,7.248,5.006,1.248
mp-aaabgjau,21.329,-2.263,19.119,23.592,2.210,7.697,4.798,3.037,2.899,4.659
mp-aaabgjav,66.333,80.520,72.917,14.187,6.584,19.252,-4.006,15.291,23.258,3.961
mp-aaabgjaz,163.946,171.439,170.630,7.493,6.684,132.133,120.008,151.347,12.125,19.214
mp-aaabgjbc,30.000,29.351,31.326,0.649,1.326,13.635,11.628,14.791,2.007,1.156
mp-aaabgjbn,171.931,160.029,166.301,11.902,5.631,99.615,102.787,99.902,3.172,0.287
mp-aaabgjbo,209.024,242.524,203.873,33.500,5.152,195.815,162.911,193.535,32.904,2.280
mp-aaabgjbs,16.000,50.462,20.896,34.462,4.896,6.684,-8.223,6.042,14.907,0.642
mp-aaabgjbx,96.954,100.312,98.198,3.358,1.244,68.206,54.043,45.986,14.163,22.220
mp-aaabgjcq,1.333,5.795,2.676,4.462,1.342,0.958,6.883,-2.598,5.925,3.556
mp-aaabgjct,80.110,68.527,65.941,11.583,14.169,30.820,27.930,24.011,2.890,6.809
mp-aaabgjcy,25.068,152.253,32.986,127.185,7.919,13.027,37.043,12.677,24.016,0.350
mp-aaabgjdb,210.997,197.307,215.241,13.690,4.244,162.657,130.589,122.931,32.068,39.726
mp-aaabgjdc,85.000,78.539,88.079,6.461,3.079,22.258,14.819,21.127,7.439,1.131
mp-aaabgjde,17.358,33.967,20.969,16.609,3.611,8.901,11.277,7.510,2.376,1.390
mp-aaabgjdn,120.149,109.597,111.249,10.552,8.900,97.461,94.079,79.231,3.382,18.229
mp-aaabgjdq,52.333,79.214,56.038,26.881,3.705,16.623,-8.347,7.215,24.970,9.409
mp-aaabgjdz,213.221,120.214,212.252,93.007,0.969,188.010,193.139,187.615,5.129,0.395
mp-aaabgjee,152.192,158.102,119.654,5.910,32.538,43.909,39.483,96.765,4.426,52.856
mp-aaabgjek,178.841,198.623,185.399,19.782,6.558,48.380,52.109,54.970,3.729,6.590
mp-aaabgjel,92.701,96.488,103.918,3.787,11.217,53.310,36.869,54.496,16.441,1.186
mp-aaabgjeq,198.514,193.056,190.340,5.458,8.174,72.167,76.600,62.910,4.433,9.256
mp-aaabgjfi,55.114,55.920,57.469,0.806,2.355,16.936,23.374,24.875,6.438,7.939
mp-aaabgjfk,213.443,120.147,213.675,93.296,0.233,187.638,193.085,186.708,5.447,0.929
mp-aaabgjfp,24.443,31.958,30.627,7.515,6.184,14.776,17.417,15.149,2.641,0.373
mp-aaabgjfq,28.667,61.117,22.774,32.450,5.893,12.082,14.053,2.741,1.971,9.342
mp-aaabgjfz,192.888,209.521,181.377,16.633,11.510,121.114,93.832,104.021,27.282,17.093
mp-aaabgjgb,153.314,168.640,153.161,15.326,0.153,79.950,77.155,78.300,2.795,1.650
mp-aaabgjgp,135.142,126.871,127.216,8.271,7.926,65.402,57.501,56.089,7.901,9.313
mp-aaabgjgx,42.777,38.452,49.314,4.325,6.537,25.434,23.903,26.117,1.531,0.683
mp-aaabgjgy,213.221,120.212,214.664,93.009,1.443,187.983,193.170,189.864,5.187,1.881
mp-aaabgjhh,98.333,133.081,98.783,34.748,0.449,34.825,66.658,26.797,31.833,8.028
mp-aaabgjhn,175.333,159.581,179.916,15.752,4.583,82.075,71.655,75.663,10.420,6.411
mp-aaabgjhu,106.183,103.604,101.493,2.579,4.689,83.166,78.009,78.241,5.157,4.926
mp-aaabgjhv,72.667,69.525,73.476,3.142,0.809,24.342,16.385,19.011,7.957,5.331
mp-aaabgjib,126.997,173.116,124.082,46.119,2.916,81.192,93.055,73.828,11.863,7.364
mp-aaabgjil,213.331,120.118,214.298,93.213,0.967,186.732,193.046,186.868,6.314,0.136
mp-aaabgjiw,55.678,91.860,55.784,36.182,0.106,19.814,22.921,21.051,3.107,1.237
mp-aaabgjix,35.954,67.667,34.707,31.713,1.247,17.949,16.783,13.732,1.166,4.217
mp-aaabgjkn,112.486,70.287,119.030,42.199,6.544,75.332,62.910,70.710,12.422,4.622
mp-aaabgjkq,181.724,206.920,184.960,25.196,3.236,90.064,99.955,101.829,9.891,11.766
mp-aaabgjle,113.075,210.095,104.040,97.020,9.036,70.518,67.375,89.754,3.143,19.235
mp-aaabgjlh,28.581,49.785,29.707,21.204,1.126,18.745,24.186,15.396,5.441,3.349
mp-aaabgjlv,87.251,105.640,90.160,18.389,2.909,21.118,16.700,25.403,4.418,4.285
mp-aaabgjlz,145.075,124.569,143.607,20.506,1.468,154.861,125.754,161.465,29.107,6.604
mp-aaabgjmq,56.333,43.582,52.837,12.751,3.496,17.549,-13.840,17.693,31.389,0.144
mp-aaabgjmu,3.347,61.040,14.684,57.693,11.336,2.183,10.410,6.832,8.227,4.649
mp-aaabgjnl,87.525,68.287,82.215,19.238,5.310,45.781,34.953,46.655,10.828,0.874
mp-aaabgjnm,16.071,27.337,17.446,11.266,1.375,9.526,14.563,6.883,5.037,2.643
mp-aaabgjnn,190.680,214.799,171.618,24.119,19.062,70.281,135.727,93.152,65.446,22.870
mp-aaabgjoa,102.667,91.916,103.968,10.751,1.301,30.342,23.130,30.314,7.212,0.028
mp-aaabgjol,106.000,111.639,109.239,5.639,3.239,16.763,21.053,12.614,4.290,4.149
mp-aaabgjop,44.489,51.820,39.259,7.331,5.229,26.270,24.729,12.271,1.541,13.999
mp-aaabgjov,215.051,178.158,204.962,36.893,10.089,88.369,115.314,80.371,26.945,7.999
mp-aaabgjpc,112.251,96.221,116.234,16.030,3.982,34.675,45.251,68.043,10.576,33.367
mp-aaabgjpg,133.954,123.487,144.065,10.467,10.110,144.074,107.748,147.013,36.326,2.939
mp-aaabgjpi,12.000,23.550,12.826,11.550,0.826,4.983,11.433,6.244,6.450,1.261
mp-aaabgjpl,63.667,62.806,62.122,0.861,1.545,17.737,9.606,14.916,8.131,2.822
mp-aaabgjpo,98.000,74.871,98.207,23.129,0.207,25.403,13.007,26.705,12.396,1.302
mp-aaabgjpz,71.667,87.425,63.702,15.758,7.964,33.580,32.911,34.987,0.669,1.408
mp-aaabgjqe,56.661,69.373,65.277,12.712,8.616,12.204,13.533,15.921,1.329,3.717
mp-aaabgjqi,154.291,126.529,147.531,27.762,6.760,82.803,74.737,88.627,8.066,5.824
mp-aaabgjrq,63.647,55.100,56.777,8.547,6.870,29.155,29.169,29.544,0.014,0.389
mp-aaabgjrz,104.667,133.131,120.532,28.464,15.865,9.413,39.790,31.715,30.377,22.302
mp-aaabgjsh,190.100,183.607,176.486,6.493,13.614,129.623,135.284,128.804,5.661,0.819
mp-aaabgjsi,186.424,203.083,186.982,16.659,0.557,55.215,52.111,67.939,3.104,12.724
mp-aaabgjsx,47.217,75.696,53.182,28.479,5.965,12.585,18.276,30.371,5.691,17.786
mp-aaabgjth,5.119,34.721,9.331,29.602,4.212,2.852,1.721,6.877,1.131,4.025
mp-aaabgjti,37.092,39.757,36.911,2.665,0.181,14.375,21.515,15.019,7.140,0.644
mp-aaabgjts,10.333,-15.536,11.351,25.869,1.017,4.833,6.430,5.800,1.597,0.967
mp-aaabgjus,70.385,95.663,60.781,25.278,9.604,13.899,9.684,18.979,4.215,5.080
mp-aaabgjve,7.667,-10.918,7.936,18.585,0.269,3.786,5.529,3.550,1.743,0.235
mp-aaabgjvl,34.497,32.741,36.035,1.756,1.538,19.735,29.491,15.707,9.756,4.027
mp-aaabgjwb,164.922,172.036,166.911,7.114,1.989,99.469,104.061,102.667,4.592,3.198
mp-aaabgjwp,40.512,45.124,42.175,4.612,1.664,6.842,19.462,21.154,12.620,14.312
mp-aaabgjws,32.629,57.849,41.702,25.220,9.072,21.221,25.109,21.515,3.888,0.295
mp-aaabgjxa,28.023,50.188,35.675,22.165,7.652,11.349,22.143,12.030,10.794,0.681
mp-aaabgjxg,155.000,152.789,154.844,2.211,0.156,60.924,62.574,56.179,1.650,4.745
mp-aaabgjxl,39.000,33.919,43.563,5.081,4.563,9.587,15.900,19.673,6.313,10.086
mp-aaabgjxo,156.619,223.772,153.028,67.153,3.591,129.165,130.522,121.479,1.357,7.686
mp-aaabgjyj,11.000,3.042,16.329,7.958,5.329,5.347,4.974,8.771,0.373,3.424
mp-aaabgjyl,102.922,132.924,128.205,30.002,25.283,38.381,26.743,23.270,11.638,15.110
mp-aaabgjym,7.654,62.753,17.240,55.099,9.587,4.680,10.506,8.376,5.826,3.696
mp-aaabgjyr,3.741,23.835,6.124,20.094,2.384,2.380,0.856,3.971,1.524,1.591
mp-aaabgjzb,282.109,283.508,279.543,1.399,2.566,142.589,137.035,89.077,5.554,53.511
mp-aaabgjze,36.663,32.643,39.059,4.020,2.395,23.630,22.042,22.076,1.588,1.553
mp-aaabgkae,134.889,125.690,128.016,9.199,6.873,49.300,56.035,49.756,6.735,0.456
mp-aaabgkam,27.476,40.728,29.858,13.252,2.382,11.725,8.952,11.693,2.773,0.032
mp-aaabgkbc,173.389,215.447,174.878,42.058,1.490,48.590,32.778,51.991,15.812,3.401
mp-aaabgkbk,356.333,282.196,334.500,74.137,21.833,23.867,70.610,-143.048,46.743,166.915
mp-aaabgkcd,186.831,151.678,188.770,35.153,1.939,89.012,109.196,112.456,20.184,23.444
mp-aaabgkcf,200.333,146.398,200.339,53.935,0.005,64.972,57.769,73.593,7.203,8.621
mp-aaabgkcg,272.176,271.444,268.044,0.732,4.132,117.759,123.693,109.652,5.934,8.107
mp-aaabgkcv,70.090,88.677,59.493,18.587,10.597,27.344,3.602,31.103,23.742,3.760
mp-aaabgkcx,28.605,37.810,37.133,9.205,8.528,19.852,21.658,21.149,1.806,1.297
mp-aaabgkec,93.238,89.345,78.279,3.893,14.959,47.714,56.853,40.984,9.139,6.730
mp-aaabgked,194.863,177.724,155.970,17.139,38.893,153.648,89.247,153.127,64.401,0.521
mp-aaabgkeo,94.703,113.388,112.728,18.685,18.025,47.991,81.045,67.536,33.054,19.545
mp-aaabgkfj,61.877,73.930,64.447,12.053,2.570,18.078,35.066,33.334,16.988,15.257
mp-aaabgkfw,150.701,152.352,185.646,1.651,34.945,109.441,117.312,101.935,7.871,7.506
mp-aaabgkfy,38.839,47.332,36.494,8.493,2.344,15.140,8.803,15.542,6.337,0.402
mp-aaabgkgq,136.667,135.960,128.081,0.707,8.586,150.751,107.676,130.336,43.075,20.415
mp-aaabgkgs,154.333,149.382,120.853,4.951,33.481,26.692,42.208,39.683,15.516,12.991
mp-aaabgkhc,276.964,344.091,314.273,67.127,37.309,126.732,143.320,177.331,16.588,50.599
mp-aaabgkhj,66.255,70.027,67.379,3.772,1.125,33.906,40.217,32.324,6.311,1.582
mp-aaabgkhl,92.016,110.925,88.849,18.909,3.167,56.069,60.543,46.237,4.474,9.832
mp-aaabgkhw,36.881,41.406,25.999,4.525,10.881,27.469,24.142,16.314,3.327,11.155
mp-aaabgkic,153.820,211.522,141.026,57.702,12.794,43.880,60.441,58.423,16.561,14.543
mp-aaabgkig,71.073,70.432,70.440,0.641,0.634,43.196,38.525,39.997,4.671,3.199
mp-aaabgkii,37.769,87.966,36.963,50.197,0.806,28.402,42.571,20.003,14.169,8.400
mp-aaabgkix,62.000,78.680,48.219,16.680,13.781,38.349,18.746,18.383,19.603,19.966
mp-aaabgkja,35.024,40.826,39.673,5.802,4.649,14.604,19.695,26.274,5.091,11.670
mp-aaabgkju,92.598,103.282,78.822,10.684,13.776,40.296,41.950,20.686,1.654,19.611
mp-aaabgkjy,196.304,232.520,218.500,36.216,22.196,184.048,146.207,173.232,37.841,10.816
mp-aaabgkkg,218.553,184.228,214.532,34.325,4.020,170.134,158.676,152.811,11.458,17.324
mp-aaabgkle,169.825,193.322,169.266,23.497,0.559,66.233,83.913,58.978,17.680,7.254
mp-aaabgklg,8.545,30.258,6.840,21.713,1.706,4.821,9.672,4.149,4.851,0.672
mp-aaabgkls,95.012,104.414,113.573,9.402,18.561,27.634,36.596,23.564,8.962,4.070
mp-aaabgkmh,120.156,129.480,116.911,9.324,3.245,37.559,37.454,41.643,0.105,4.084
mp-aaabgkms,137.523,128.348,152.953,9.175,15.430,115.584,135.809,115.116,20.225,0.469
mp-aaabgkmt,77.332,84.583,72.893,7.251,4.439,40.814,39.099,29.942,1.715,10.872
mp-aaabgkmw,19.403,26.403,14.626,7.000,4.776,5.458,17.121,7.090,11.663,1.632
mp-aaabgknf,31.279,23.610,26.095,7.669,5.184,22.921,22.462,15.280,0.459,7.640
mp-aaabgkno,93.679,56.187,100.783,37.492,7.104,57.976,33.014,57.962,24.962,0.014
mp-aaabgkns,9.663,16.961,10.994,7.298,1.331,4.508,3.090,5.818,1.418,1.310
mp-aaabgkoc,120.316,122.041,124.814,1.725,4.497,30.492,22.787,36.810,7.705,6.318
mp-aaabgkom,225.772,225.118,228.822,0.654,3.050,164.123,148.903,158.033,15.220,6.090
mp-aaabgkoz,35.335,97.240,40.354,61.905,5.019,12.145,16.099,21.849,3.954,9.704
mp-aaabgkpl,40.333,44.748,38.761,4.415,1.573,20.839,18.060,20.515,2.779,0.324
mp-aaabgkpm,253.156,206.412,252.440,46.744,0.716,110.627,60.215,118.919,50.412,8.291
mp-aaabgkps,47.333,56.320,53.078,8.987,5.744,29.070,29.934,28.449,0.864,0.621
mp-aaabgkpt,176.790,183.131,180.749,6.341,3.959,101.266,107.115,93.395,5.849,7.871
mp-aaabgkqc,2.869,20.695,1.271,17.826,1.598,-12.014,-7.510,-0.038,4.504,11.976
mp-aaabgkqq,186.645,164.512,199.510,22.133,12.865,65.695,59.847,71.838,5.848,6.144
mp-aaabgkqu,53.269,45.043,49.511,8.226,3.758,22.144,19.144,17.050,3.000,5.094
mp-aaabgkrf,18.000,73.242,16.464,55.242,1.536,6.684,4.623,6.603,2.061,0.081
mp-aaabgksc,18.952,50.681,51.460,31.729,32.508,10.846,28.241,29.013,17.395,18.168
mp-aaabgksi,58.444,77.225,88.797,18.781,30.353,37.953,42.776,45.179,4.823,7.227
mp-aaabgksl,104.667,86.234,91.557,18.433,13.110,59.635,43.866,32.341,15.769,27.294
mp-aaabgkso,106.991,116.497,114.140,9.506,7.149,49.569,59.858,58.031,10.289,8.462
mp-aaabgksx,107.970,117.711,120.242,9.741,12.272,16.358,23.950,27.598,7.592,11.240
mp-aaabgktl,140.669,119.976,141.291,20.693,0.622,69.984,82.642,82.470,12.658,12.487
mp-aaabgktw,234.111,211.720,231.006,22.391,3.105,105.784,93.116,96.892,12.668,8.892
mp-aaabgkum,72.941,77.131,73.681,4.190,0.740,41.505,39.537,42.701,1.968,1.195
mp-aaabgkuz,145.244,137.471,155.482,7.773,10.238,19.268,45.309,61.579,26.041,42.312
mp-aaabgkwl,103.000,72.246,98.178,30.754,4.822,59.350,79.536,63.264,20.186,3.915
mp-aaabgkwp,99.000,99.461,93.216,0.461,5.784,46.113,40.819,30.873,5.294,15.240
mp-aaabgkwv,132.667,130.226,136.770,2.441,4.104,24.495,39.283,39.311,14.788,14.816
mp-aaabgkwy,52.219,60.780,49.587,8.561,2.632,35.694,41.491,27.743,5.797,7.951
mp-aaabgkxn,320.797,307.241,303.294,13.556,17.503,209.521,201.241,199.777,8.280,9.743
mp-aaabgkxr,14.359,7.386,14.382,6.973,0.022,6.177,7.498,7.846,1.321,1.670
mp-aaabgkxz,183.674,184.930,177.508,1.256,6.166,109.007,108.687,95.775,0.320,13.233
mp-aaabgkyr,106.738,81.317,111.054,25.421,4.316,55.375,42.336,51.802,13.039,3.573
mp-aaabgkys,75.524,74.464,71.656,1.060,3.868,44.118,38.697,35.239,5.421,8.878
mp-aaabgkyv,109.061,115.629,110.480,6.568,1.420,59.550,33.833,60.519,25.717,0.970
mp-aaabgkzg,121.718,109.926,109.551,11.792,12.168,53.728,43.081,41.608,10.647,12.120
mp-aaabgkzh,29.667,47.477,36.962,17.810,7.296,21.016,32.974,23.372,11.958,2.356
mp-aaabgkzp,16.224,7.166,20.052,9.058,3.828,9.373,15.083,10.250,5.710,0.877
mp-aaabglad,58.222,64.486,65.170,6.264,6.949,32.480,27.803,35.156,4.677,2.676
mp-aaabglah,195.333,176.817,202.272,18.516,6.938,96.225,99.866,94.891,3.641,1.334
mp-aaabglas,39.311,44.818,38.513,5.507,0.798,20.667,18.774,17.830,1.893,2.838
mp-aaabglbw,122.489,135.309,128.403,12.820,5.914,17.584,49.312,50.792,31.728,33.208
mp-aaabglch,80.245,68.800,83.090,11.445,2.846,46.239,46.570,52.147,0.331,5.909
mp-aaabglcl,168.689,109.254,135.646,59.435,33.043,80.139,74.637,82.128,5.502,1.990
mp-aaabgldo,9.611,39.535,19.609,29.924,9.998,3.702,4.656,-2.545,0.954,6.247
mp-aaabglec,153.699,116.639,134.927,37.060,18.773,81.888,76.076,84.540,5.812,2.652
mp-aaabgler,226.595,202.025,224.010,24.570,2.585,118.644,119.954,118.211,1.310,0.432
mp-aaabglfd,105.226,110.963,93.242,5.737,11.984,57.095,63.994,60.875,6.899,3.781
mp-aaabglfk,43.333,39.426,50.313,3.907,6.979,36.199,31.207,39.342,4.992,3.143
mp-aaabglfq,77.667,103.379,83.176,25.712,5.509,26.531,33.746,33.258,7.215,6.728
mp-aaabglfu,47.667,59.459,41.882,11.792,5.785,28.708,26.728,20.488,1.980,8.219
mp-aaabglha,35.465,33.251,41.958,2.214,6.494,26.403,15.484,22.728,10.919,3.676
mp-aaabglhy,189.669,212.411,192.368,22.742,2.698,122.890,74.208,121.110,48.682,1.780
mp-aaabglif,7.319,44.549,3.102,37.230,4.218,4.542,5.629,2.196,1.087,2.346
mp-aaabglip,48.078,58.623,48.431,10.545,0.353,24.577,29.209,21.633,4.632,2.944
mp-aaabglir,65.927,66.231,64.826,0.304,1.101,38.097,36.162,37.113,1.935,0.984
mp-aaabgliv,42.780,39.719,47.288,3.061,4.508,34.078,27.807,36.398,6.271,2.320
mp-aaabglix,12.977,16.258,12.739,3.281,0.239,1.234,3.532,7.565,2.298,6.331
mp-aaabglja,185.414,180.400,146.174,5.014,39.241,76.708,73.285,91.000,3.423,14.293
mp-aaabgljk,309.695,213.693,260.581,96.002,49.114,144.181,168.031,142.771,23.850,1.410
mp-aaabgljl,100.667,105.178,105.757,4.511,5.090,23.970,14.492,23.641,9.478,0.329
mp-aaabglju,29.260,53.908,51.879,24.648,22.619,17.161,24.491,33.027,7.330,15.865
mp-aaabglki,8.649,44.412,3.209,35.763,5.440,5.931,5.667,2.367,0.264,3.565
mp-aaabglkw,56.236,68.670,57.640,12.434,1.405,39.151,45.541,39.398,6.390,0.247
mp-aaabgllb,274.762,236.539,283.618,38.223,8.855,167.496,172.473,184.434,4.977,16.939
mp-aaabglld,22.683,153.597,45.251,130.914,22.569,16.500,25.598,25.863,9.098,9.363
mp-aaabgllo,8.063,1.216,13.582,6.847,5.519,-7.116,7.408,6.260,14.524,13.376
mp-aaabglls,1.850,14.106,9.632,12.256,7.782,2.150,10.132,4.732,7.982,2.582
mp-aaabgllz,96.754,92.881,98.722,3.873,1.968,38.967,22.374,32.294,16.593,6.673
mp-aaabglmq,106.875,81.647,99.102,25.228,7.773,50.476,46.019,51.633,4.457,1.157
mp-aaabglmr,52.180,93.373,52.907,41.193,0.727,14.873,5.278,13.206,9.595,1.667
mp-aaabglms,47.770,52.539,48.165,4.769,0.395,23.818,30.075,24.453,6.257,0.636
mp-aaabglmt,160.430,147.271,164.208,13.159,3.778,42.924,42.621,38.712,0.303,4.213
mp-aaabglnh,31.333,38.102,27.419,6.769,3.914,21.420,15.340,10.886,6.080,10.534
mp-aaabglnn,5.783,28.654,13.651,22.871,7.868,3.529,11.204,8.800,7.675,5.271
mp-aaabglnr,22.000,5.333,15.460,16.667,6.540,12.681,6.983,8.588,5.698,4.093
mp-aaabglnx,21.688,31.556,19.808,9.868,1.880,8.908,2.197,9.019,6.711,0.111
mp-aaabgloa,12.832,75.667,19.989,62.835,7.156,8.698,8.036,11.990,0.662,3.292
mp-aaabgloy,12.188,49.675,13.351,37.487,1.163,5.406,9.464,4.907,4.058,0.499
mp-aaabglpb,9.439,59.592,18.087,50.153,8.648,6.778,6.039,10.719,0.739,3.942
mp-aaabglpo,48.392,70.568,57.408,22.176,9.016,23.729,27.894,21.548,4.165,2.180
mp-aaabglps,106.333,87.681,110.484,18.652,4.151,46.380,33.339,37.445,13.041,8.934
mp-aaabglqd,210.235,198.524,219.501,11.711,9.266,114.027,120.017,127.851,5.990,13.824
mp-aaabglqg,34.000,58.730,30.847,24.730,3.153,15.583,17.659,9.880,2.076,5.703
mp-aaabglqj,164.506,151.375,164.062,13.131,0.444,60.103,83.416,72.341,23.313,12.238
mp-aaabglqt,17.907,9.026,19.966,8.881,2.058,7.831,9.655,10.458,1.824,2.627
mp-aaabglss,51.667,81.637,60.459,29.970,8.793,11.461,2.228,16.459,9.233,4.998
mp-aaabgltp,34.667,59.563,38.818,24.896,4.151,21.038,19.486,20.347,1.552,0.691
mp-aaabgltr,19.667,31.970,22.584,12.303,2.917,9.626,11.867,8.219,2.241,1.407
mp-aaabgluv,66.667,70.356,66.620,3.689,0.047,50.753,53.091,57.772,2.338,7.019
mp-aaabglve,4.327,14.569,9.917,10.242,5.591,0.117,5.222,4.796,5.105,4.680
mp-aaabglvq,255.989,172.474,239.011,83.515,16.978,94.050,114.234,117.305,20.184,23.256
mp-aaabglwm,114.154,100.831,116.027,13.323,1.873,42.329,37.731,45.946,4.598,3.617
mp-aaabglwo,235.736,299.631,244.652,63.895,8.916,6.846,86.749,-63.374,79.903,70.220
mp-aaabglwt,42.553,31.166,44.748,11.387,2.195,21.365,18.030,27.844,3.335,6.479
mp-aaabglwu,181.920,114.415,145.214,67.505,36.706,24.232,29.823,52.444,5.591,28.212
mp-aaabglxa,16.333,-0.172,11.399,16.505,4.935,11.546,10.567,3.365,0.979,8.182
mp-aaabglxr,183.332,203.487,153.862,20.155,29.470,35.170,77.513,70.585,42.343,35.416
mp-aaabglxt,51.780,45.697,48.842,6.083,2.938,40.392,31.795,33.011,8.597,7.381
mp-aaabglxz,221.597,189.848,201.915,31.749,19.682,97.003,104.905,74.715,7.902,22.288
mp-aaabglyo,9.968,15.616,6.149,5.648,3.819,8.206,6.651,0.621,1.555,7.586
mp-aaabglzk,87.000,107.519,102.308,20.519,15.308,4.070,31.560,40.378,27.490,36.308
mp-aaabglzu,23.423,70.113,27.082,46.690,3.659,3.216,16.325,8.185,13.109,4.969
mp-aaabglzz,38.333,42.914,48.491,4.581,10.157,7.343,3.894,11.364,3.449,4.020
mp-aaabgmaj,135.352,135.983,152.344,0.631,16.993,114.605,140.856,96.807,26.251,17.798
mp-aaabgmak,160.217,154.448,164.005,5.769,3.788,98.884,103.583,102.022,4.699,3.137
mp-aaabgman,199.802,167.417,206.700,32.385,6.898,69.074,95.432,97.084,26.358,28.010
mp-aaabgmbi,75.663,61.686,71.692,13.977,3.971,48.227,28.532,38.474,19.695,9.753
mp-aaabgmbv,27.667,44.591,22.566,16.924,5.101,9.929,8.294,7.005,1.635,2.923
mp-aaabgmci,327.208,328.317,341.841,1.109,14.633,185.494,194.269,218.816,8.775,33.322
mp-aaabgmcp,78.333,68.080,80.895,10.253,2.561,18.173,17.443,19.556,0.730,1.383
mp-aaabgmdk,57.667,57.601,63.751,0.066,6.084,29.202,13.293,27.958,15.909,1.244
mp-aaabgmej,44.000,46.791,47.192,2.791,3.192,1.926,31.274,22.138,29.348,20.212
mp-aaabgmew,212.385,227.655,204.862,15.270,7.524,51.033,62.576,45.055,11.543,5.978
mp-aaabgmez,159.307,163.305,154.500,3.998,4.808,78.519,56.313,69.238,22.206,9.280
mp-aaabgmfd,29.338,48.042,29.047,18.704,0.291,18.790,23.157,14.938,4.367,3.853
mp-aaabgmfj,68.000,63.254,66.139,4.746,1.861,21.337,14.846,17.702,6.491,3.635
mp-aaabgmfk,264.335,251.384,255.178,12.951,9.158,91.510,90.700,75.554,0.810,15.957
mp-aaabgmfm,48.332,75.166,43.654,26.834,4.679,17.243,18.247,15.873,1.004,1.369
mp-aaabgmfp,73.107,67.258,70.090,5.849,3.017,28.828,23.845,26.086,4.983,2.742
mp-aaabgmfr,114.000,96.017,112.185,17.983,1.815,37.324,33.683,46.263,3.641,8.940
mp-aaabgmfy,177.333,157.936,186.546,19.397,9.213,45.304,46.994,53.567,1.690,8.263
mp-aaabgmgh,65.942,45.905,65.169,20.037,0.773,36.363,31.502,36.393,4.861,0.030
mp-aaabgmgn,161.816,147.131,161.473,14.685,0.343,51.298,67.135,60.024,15.837,8.725
mp-aaabgmgw,3.722,18.658,5.194,14.936,1.472,2.602,8.471,-0.382,5.869,2.984
mp-aaabgmhs,58.333,81.055,60.443,22.722,2.110,38.387,47.012,32.819,8.625,5.568
mp-aaabgmhv,0.764,-9.681,0.439,10.445,0.325,0.859,6.123,0.112,5.264,0.747
mp-aaabgmhx,39.095,34.589,56.858,4.506,17.763,13.797,26.122,29.198,12.325,15.401
mp-aaabgmhz,169.667,140.163,158.125,29.504,11.542,85.851,72.675,55.662,13.176,30.190
mp-aaabgmir,84.000,53.271,80.034,30.729,3.966,39.258,36.084,37.878,3.174,1.380
mp-aaabgmit,39.548,43.484,29.053,3.936,10.496,30.407,27.320,16.339,3.087,14.069
mp-aaabgmix,31.126,46.424,33.459,15.298,2.333,13.086,16.659,10.736,3.573,2.350
mp-aaabgmjg,197.044,188.911,189.669,8.133,7.375,156.793,140.080,142.038,16.713,14.754
mp-aaabgmji,5.528,-18.665,5.699,24.193,0.172,2.144,-1.526,4.449,3.670,2.305
mp-aaabgmjn,212.997,120.135,213.347,92.862,0.350,187.580,193.065,186.242,5.485,1.338
mp-aaabgmkh,181.667,109.292,172.956,72.375,8.711,-16.155,-9.023,-5.996,7.132,10.159
mp-aaabgmks,76.333,99.744,76.638,23.411,0.305,58.950,37.593,56.211,21.357,2.739
mp-aaabgmkw,179.000,170.505,178.998,8.495,0.002,8.991,4.345,285.210,4.646,276.219
mp-aaabgmlc,158.696,137.205,164.145,21.491,5.449,71.197,66.607,79.182,4.590,7.986
mp-aaabgmlf,51.000,52.567,50.655,1.567,0.345,28.762,25.026,12.018,3.736,16.744
mp-aaabgmlh,43.110,126.408,51.125,83.298,8.015,24.992,37.053,25.022,12.061,0.030
mp-aaabgmlp,130.667,135.993,120.932,5.326,9.735,64.905,46.334,55.894,18.571,9.011
mp-aaabgmnj,15.667,-15.665,15.332,31.332,0.335,6.644,6.519,10.396,0.125,3.752
mp-aaabgmno,56.551,76.217,53.449,19.666,3.102,12.539,17.777,17.171,5.238,4.633
mp-aaabgmnr,98.333,87.779,84.555,10.554,13.779,48.517,45.900,21.264,2.617,27.253
mp-aaabgmnw,167.744,158.948,167.603,8.796,0.141,56.290,48.980,55.848,7.310,0.442
mp-aaabgmoc,20.151,35.416,18.920,15.265,1.231,9.006,13.735,7.093,4.729,1.913
mp-aaabgmoo,5.633,85.800,3.491,80.167,2.142,4.179,10.016,-1.596,5.837,5.775
mp-aaabgmop,203.199,147.698,201.249,55.501,1.950,55.278,61.694,64.672,6.416,9.394
mp-aaabgmow,17.567,36.058,35.566,18.491,17.999,11.924,12.776,16.393,0.852,4.470
mp-aaabgmpb,14.769,15.910,12.936,1.141,1.833,6.411,9.243,4.561,2.832,1.850
mp-aaabgmpq,14.047,4.765,5.950,9.282,8.097,14.143,8.120,-3.118,6.023,17.261
mp-aaabgmqa,275.182,258.728,267.086,16.454,8.096,88.014,85.035,79.311,2.979,8.703
mp-aaabgmqd,239.551,215.865,246.184,23.686,6.633,85.261,81.137,90.024,4.124,4.763
mp-aaabgmqz,213.331,120.165,213.669,93.166,0.339,187.301,193.108,186.747,5.807,0.554
mp-aaabgmrf,138.231,128.042,138.395,10.189,0.164,107.991,92.925,120.885,15.066,12.894
mp-aaabgmrm,42.015,82.518,36.823,40.503,5.192,22.287,33.024,4.954,10.737,17.334
mp-aaabgmss,134.064,129.704,148.219,4.360,14.154,42.155,38.301,50.754,3.854,8.599
mp-aaabgmsv,11.145,92.546,29.394,81.401,18.249,9.672,25.073,14.846,15.401,5.174
mp-aaabgmtb,62.027,60.592,57.160,1.435,4.867,28.434,27.647,27.041,0.787,1.393
mp-aaabgmtd,204.398,219.735,205.417,15.337,1.019,50.345,59.973,73.392,9.628,23.047
mp-aaabgmtg,199.648,234.999,196.142,35.351,3.507,113.142,108.250,110.797,4.892,2.345
mp-aaabgmtp,118.373,108.482,110.623,9.891,7.750,83.635,95.380,79.450,11.745,4.185
mp-aaabgmtv,56.667,54.697,54.976,1.970,1.691,21.624,19.740,17.503,1.884,4.120
mp-aaabgmuh,176.072,179.128,175.722,3.056,0.350,101.592,103.233,106.787,1.641,5.195
mp-aaabgmvg,8.778,101.393,10.841,92.615,2.064,5.091,10.456,4.447,5.365,0.644
mp-aaabgmvm,13.333,0.275,6.719,13.058,6.615,5.888,2.411,-0.576,3.477,6.463
mp-aaabgmwg,11.035,24.025,14.982,12.990,3.947,6.144,4.174,7.847,1.970,1.703
mp-aaabgmwi,17.000,47.516,10.640,30.516,6.360,7.909,6.534,5.081,1.375,2.828
mp-aaabgmwk,226.000,199.405,213.319,26.595,12.681,110.292,75.300,96.919,34.992,13.373
mp-aaabgmwr,20.537,22.286,25.506,1.749,4.969,13.600,10.269,13.293,3.331,0.307
mp-aaabgmxb,6.712,88.686,13.257,81.974,6.545,3.252,1.231,6.872,2.021,3.620
mp-aaabgmxf,187.412,151.766,180.668,35.646,6.745,76.964,92.746,84.431,15.782,7.467
mp-aaabgmxh,101.930,152.960,126.620,51.030,24.691,55.900,49.070,57.591,6.830,1.692
mp-aaabgmxs,64.726,89.869,64.774,25.143,0.048,19.459,16.813,15.073,2.646,4.386
mp-aaabgmxy,25.679,40.304,22.585,14.625,3.094,10.237,14.080,8.383,3.843,1.855
mp-aaabgmye,33.826,46.268,40.319,12.442,6.492,8.670,17.733,12.960,9.063,4.289
mp-aaabgmyu,46.000,48.625,43.579,2.625,2.421,24.926,27.188,21.719,2.262,3.207
mp-aaabgmyz,136.979,126.991,146.543,9.988,9.565,116.054,133.140,100.234,17.086,15.820
mp-aaabgmzj,79.160,86.123,82.473,6.963,3.312,33.804,49.049,32.997,15.245,0.808
mp-aaabgmzw,45.797,64.824,46.474,19.027,0.677,31.207,33.306,25.975,2.099,5.233
mp-aaabgnac,10.333,19.663,3.601,9.330,6.733,4.865,2.579,0.749,2.286,4.116
mp-aaabgnbb,135.573,115.153,141.981,20.420,6.408,98.725,109.239,93.681,10.514,5.044
mp-aaabgnbd,39.995,31.436,40.695,8.559,0.700,26.543,23.613,25.077,2.930,1.466
mp-aaabgnbq,118.667,118.678,109.813,0.011,8.853,50.222,48.140,41.705,2.082,8.517
mp-aaabgnbr,48.925,53.247,40.207,4.322,8.719,29.366,16.757,20.025,12.609,9.341
mp-aaabgnbs,41.931,48.960,32.656,7.029,9.274,15.330,16.422,13.862,1.092,1.468
mp-aaabgnby,26.750,18.692,25.579,8.058,1.171,16.793,11.356,12.758,5.437,4.035
mp-aaabgnbz,169.333,154.859,167.026,14.474,2.307,75.055,47.935,72.686,27.120,2.369
mp-aaabgncu,11.322,-9.482,10.480,20.804,0.842,44.218,-1.414,1.042,45.632,43.175
mp-aaabgndm,161.000,137.647,180.650,23.353,19.650,27.346,24.202,15.257,3.144,12.089
mp-aaabgneg,64.333,62.084,64.790,2.249,0.457,43.367,39.122,45.208,4.245,1.841
mp-aaabgnel,63.729,91.040,63.832,27.311,0.103,26.401,11.039,25.031,15.362,1.371
mp-aaabgnep,54.067,71.840,61.515,17.773,7.448,33.231,43.518,32.101,10.287,1.130
mp-aaabgnes,105.542,102.012,106.050,3.530,0.507,67.894,72.966,72.685,5.072,4.791
mp-aaabgnet,49.004,69.728,39.387,20.724,9.617,25.581,29.429,19.269,3.848,6.312
mp-aaabgnfa,75.539,60.517,78.603,15.022,3.063,31.367,38.449,34.953,7.082,3.585
mp-aaabgnfc,174.333,165.465,184.558,8.868,10.225,71.471,64.211,82.179,7.260,10.709
mp-aaabgnfd,36.102,44.862,42.440,8.760,6.339,15.115,18.371,18.903,3.256,3.788
mp-aaabgnfr,158.052,172.776,192.689,14.724,34.636,106.930,113.161,110.903,6.231,3.973
mp-aaabgnft,27.333,55.057,15.198,27.724,12.135,16.037,15.412,8.414,0.625,7.623
mp-aaabgngi,35.429,108.734,19.880,73.305,15.550,16.220,17.697,7.987,1.477,8.233
mp-aaabgnhd,51.667,56.224,51.494,4.557,0.172,17.236,10.751,14.246,6.485,2.990
mp-aaabgnhr,184.074,167.048,174.651,17.026,9.423,124.626,125.847,132.958,1.221,8.332
mp-aaabgnhs,93.432,66.623,110.237,26.809,16.805,49.658,58.089,59.869,8.431,10.211
mp-aaabgnia,191.665,173.327,168.357,18.338,23.309,87.158,102.665,83.007,15.507,4.151
mp-aaabgnik,129.410,125.519,134.617,3.891,5.207,147.360,109.865,158.776,37.495,11.416
mp-aaabgnim,15.283,36.559,16.824,21.276,1.540,7.307,8.092,7.033,0.785,0.274
mp-aaabgnip,35.562,37.796,37.360,2.234,1.798,22.355,15.289,17.076,7.066,5.279
mp-aaabgnja,38.784,115.789,26.067,77.005,12.716,19.553,22.292,11.832,2.739,7.721
mp-aaabgnje,18.000,-5.084,12.278,23.084,5.722,9.947,10.229,2.634,0.282,7.313
mp-aaabgnjh,14.525,8.625,13.612,5.900,0.913,7.789,11.498,4.591,3.709,3.198
mp-aaabgnjn,15.333,17.710,16.215,2.377,0.882,8.396,9.205,8.518,0.809,0.122
mp-aaabgnkf,135.267,111.822,139.919,23.445,4.652,50.755,59.735,50.632,8.980,0.123
mp-aaabgnkl,173.333,190.911,167.382,17.578,5.952,81.045,75.635,79.688,5.410,1.358
mp-aaabgnkn,38.151,50.339,40.203,12.188,2.052,14.986,14.154,19.315,0.832,4.329
mp-aaabgnkp,181.358,201.990,191.124,20.632,9.766,127.891,128.249,138.563,0.358,10.672
mp-aaabgnkt,273.072,283.912,299.043,10.840,25.971,95.860,112.208,173.915,16.348,78.056
mp-aaabgnku,122.156,195.540,181.337,73.384,59.181,82.007,106.807,110.179,24.800,28.171
mp-aaabgnla,92.385,89.894,95.669,2.491,3.284,66.143,63.456,78.100,2.687,11.957
mp-aaabgnlh,10.667,-0.493,13.367,11.160,2.700,2.662,10.367,7.481,7.705,4.820
mp-aaabgnlm,1.422,69.539,7.876,68.117,6.453,0.834,-3.722,5.160,4.556,4.326
mp-aaabgnlo,79.352,89.068,90.062,9.716,10.710,60.565,82.632,59.274,22.067,1.291
mp-aaabgnmu,133.502,120.312,136.730,13.190,3.228,66.543,78.749,72.223,12.206,5.680
mp-aaabgnmw,77.654,86.869,75.690,9.215,1.964,41.021,43.725,49.680,2.704,8.659
mp-aaabgnmx,12.500,59.406,22.468,46.906,9.968,6.922,8.710,10.231,1.788,3.309
mp-aaabgnoc,152.214,197.654,158.229,45.440,6.015,88.547,86.184,95.771,2.363,7.225
mp-aaabgnok,14.687,25.308,18.167,10.621,3.481,7.263,13.292,9.025,6.029,1.762
mp-aaabgnop,59.777,66.878,66.478,7.101,6.701,20.189,30.021,23.866,9.832,3.676
mp-aaabgnpj,163.550,143.130,157.895,20.420,5.655,69.289,46.793,78.600,22.496,9.311
mp-aaabgnpm,132.456,128.430,141.611,4.026,9.155,33.728,69.290,94.954,35.562,61.226
mp-aaabgnqc,12.259,20.641,12.096,8.382,0.164,6.779,9.978,6.139,3.199,0.640
mp-aaabgnqm,10.333,25.311,14.168,14.978,3.834,5.300,12.184,5.980,6.884,0.680
mp-aaabgnqp,106.562,66.549,107.292,40.013,0.730,62.214,58.325,62.665,3.889,0.451
mp-aaabgnqt,116.663,220.407,107.680,103.744,8.983,27.721,101.078,53.827,73.357,26.106
mp-aaabgnrd,145.462,138.229,151.492,7.233,6.031,3.874,44.567,46.615,40.693,42.742
mp-aaabgphe,29.140,89.899,36.049,60.759,6.910,18.435,56.701,16.412,38.266,2.022
mp-aaabgpsl,6.709,96.588,9.594,89.879,2.885,6.397,22.894,7.406,16.497,1.009
mp-aaabgqcq,22.351,57.243,22.684,34.892,0.333,11.287,21.950,14.458,10.663,3.171
mp-aaabgqmd,140.419,121.172,132.702,19.247,7.717,97.128,89.636,92.611,7.492,4.517
mp-aaabgqpu,12.899,24.062,12.702,11.163,0.197,5.813,8.474,3.973,2.661,1.840
mp-aaabgqrh,12.333,25.974,4.304,13.641,8.029,6.083,0.203,-2.412,5.880,8.494
mp-aaabgqtn,9.363,51.649,12.611,42.286,3.249,3.483,4.650,4.356,1.167,0.873
mp-aaabgrct,156.465,167.290,160.842,10.825,4.377,110.427,111.073,115.045,0.646,4.618
mp-aaabgrdx,128.333,105.648,121.381,22.685,6.952,28.932,24.547,16.347,4.385,12.585
mp-aaabgrkp,138.322,117.384,136.109,20.938,2.213,83.342,83.498,88.649,0.156,5.307
mp-aaabgrlz,85.849,100.781,94.124,14.932,8.275,38.954,49.245,46.281,10.291,7.327
mp-aaabgrmd,39.333,62.698,37.745,23.365,1.588,16.938,26.397,11.503,9.459,5.435
mp-aaabgrnv,72.000,58.750,64.131,13.250,7.869,26.361,21.632,24.331,4.729,2.030
mp-aaabgrzz,10.024,38.568,9.987,28.544,0.037,4.741,6.208,2.645,1.467,2.095
mp-aaabgxxx,133.283,137.946,138.442,4.663,5.159,63.835,80.976,84.241,17.141,20.406
mp-aaabgxyc,112.471,127.765,112.562,15.294,0.091,57.490,38.335,53.948,19.155,3.542
mp-aaabgzgi,206.667,248.587,213.678,41.920,7.011,98.624,62.175,93.936,36.449,4.688
mp-aaabgzow,58.800,89.373,83.429,30.573,24.629,10.417,16.815,22.501,6.398,12.084
mp-aaabhais,181.000,213.032,207.361,32.032,26.361,82.306,88.877,89.346,6.571,7.040
mp-aaabhaiu,24.667,31.056,25.873,6.389,1.206,15.062,12.057,-6.285,3.005,21.347
mp-aaabhakt,111.000,93.532,102.713,17.468,8.287,20.387,25.042,36.195,4.655,15.809
mp-aaabhanl,150.000,149.014,155.315,0.986,5.315,48.600,47.333,47.865,1.267,0.735
mp-aaabhans,104.333,94.346,118.073,9.987,13.740,14.851,31.032,49.930,16.181,35.080
mp-aaabhbhu,23.802,88.720,33.890,64.918,10.088,12.837,22.424,14.451,9.587,1.614
mp-aaabhbjn,62.798,77.430,62.335,14.632,0.463,10.852,9.366,35.184,1.486,24.333
mp-aaabhbnc,12.333,12.116,15.489,0.217,3.156,7.571,10.899,9.828,3.328,2.256
mp-aaabhcnj,122.667,96.342,119.673,26.325,2.994,25.247,14.967,15.470,10.280,9.777
mp-aaabhcno,93.667,109.616,97.781,15.949,4.114,-24.217,-31.664,1.271,7.447,25.489
mp-aaabhcoj,120.662,94.051,115.799,26.611,4.864,48.970,43.789,51.390,5.181,2.420
mp-aaabhcpe,109.608,82.929,116.006,26.679,6.398,50.774,42.693,26.989,8.081,23.786
mp-aaabhcqk,106.290,97.858,109.969,8.432,3.679,36.071,27.227,41.469,8.844,5.399
mp-aaabhcsf,16.222,38.234,14.673,22.012,1.550,8.072,15.573,5.061,7.501,3.011
mp-aaabhczy,213.221,120.210,214.932,93.011,1.711,187.434,193.173,189.314,5.739,1.880
mp-aaabhdhj,42.092,62.964,43.947,20.872,1.855,19.942,10.460,21.020,9.482,1.077
mp-aaabhdmm,201.194,160.687,190.348,40.507,10.846,59.519,58.790,75.492,0.729,15.973
mp-aaabheay,35.879,57.344,34.951,21.465,0.928,25.924,27.106,21.171,1.182,4.753
mp-aaabhemg,100.667,126.992,118.857,26.325,18.191,10.575,10.594,35.117,0.019,24.542
mp-aaabhevi,54.552,72.051,51.287,17.499,3.265,16.542,8.842,29.453,7.700,12.911
mp-aaabidsj,18.667,29.729,14.767,11.062,3.900,7.593,11.084,7.952,3.491,0.359
mp-aaabidts,101.667,101.706,101.421,0.039,0.246,50.379,46.218,41.340,4.161,9.039
mp-aaabidtt,120.333,89.549,117.944,30.784,2.390,52.699,56.207,45.094,3.508,7.605
mp-aaabidxg,68.979,58.371,61.995,10.608,6.984,35.670,-10.416,26.450,46.086,9.220
mp-aaabiekn,106.640,110.672,116.567,4.032,9.926,41.330,40.987,54.438,0.343,13.108
mp-aaabiflh,46.085,57.182,38.984,11.097,7.101,23.858,28.395,19.545,4.537,4.313
mp-aaabifmj,157.825,150.345,190.938,7.480,33.113,62.315,60.013,74.921,2.302,12.606
mp-aaabiggy,182.190,178.290,179.825,3.900,2.365,94.349,104.291,54.525,9.942,39.824
mp-aaabighb,24.005,70.333,33.798,46.328,9.793,17.971,20.172,24.252,2.201,6.281
mp-aaabigia,193.888,175.818,181.467,18.070,12.421,98.309,105.336,53.749,7.027,44.560
mp-aaabiinr,145.493,149.264,150.805,3.771,5.312,61.081,44.358,45.960,16.723,15.122
mp-aaabijbz,233.189,154.594,211.457,78.595,21.732,172.109,157.983,90.011,14.126,82.098
mp-aaabijkc,102.817,100.037,114.268,2.780,11.451,62.947,70.789,60.200,7.842,2.746
mp-aaabijyv,10.000,35.705,29.685,25.705,19.685,-12.827,13.656,-6.728,26.483,6.099
mp-aaabijza,3.437,-41.097,2.432,44.534,1.005,1.562,3.253,1.154,1.691,0.408
mp-aaabijzd,3.000,12.034,1.332,9.034,1.668,1.177,7.877,2.560,6.700,1.384
mp-aaabikfw,84.606,127.660,87.713,43.054,3.106,65.255,64.270,59.478,0.985,5.777
mp-aaabikgq,68.674,92.869,85.062,24.195,16.388,34.345,32.992,41.698,1.353,7.353
mp-aaabikuu,102.093,199.288,122.612,97.195,20.518,73.635,86.758,85.781,13.123,12.146
mp-aaabikvs,11.071,97.139,31.806,86.068,20.736,7.928,44.578,8.933,36.650,1.004
mp-aaabikvu,22.340,71.535,23.755,49.195,1.415,13.263,20.233,0.212,6.970,13.051
mp-aaabikvy,23.793,81.204,43.676,57.411,19.883,-15.956,18.424,7.891,34.380,23.847
mp-aaabilah,50.027,69.489,48.112,19.462,1.915,7.716,15.613,20.075,7.897,12.359
mp-aaabilai,33.474,76.313,53.910,42.839,20.437,16.278,16.992,19.258,0.714,2.980
mp-aaabilyt,160.195,141.861,160.645,18.334,0.450,52.272,47.478,55.493,4.794,3.221
mp-aaabimdq,8.000,4.070,11.744,3.930,3.744,-4.123,0.363,6.544,4.486,10.667
mp-aaabimgi,16.076,57.646,13.948,41.570,2.127,6.645,12.383,5.094,5.738,1.551
mp-aaabinav,6.807,18.674,8.947,11.867,2.141,4.458,3.037,5.325,1.421,0.867
mp-aaabiniy,43.613,36.495,41.676,7.118,1.937,18.037,17.790,19.377,0.247,1.340
mp-aaabiocl,218.731,207.135,201.050,11.596,17.681,77.602,76.673,68.919,0.929,8.683
mp-aaabiojj,33.340,82.958,48.073,49.618,14.733,10.376,25.296,20.027,14.920,9.651
mp-aaabioml,278.967,227.697,291.404,51.270,12.437,161.665,182.090,181.214,20.425,19.548
mp-aaabioql,84.778,89.538,95.027,4.760,10.249,52.350,42.543,48.646,9.807,3.704
mp-aaabipys,10.144,126.019,26.627,115.875,16.483,9.141,16.932,15.520,7.791,6.379
mp-aaabiqfz,8.000,25.267,6.101,17.267,1.899,4.074,11.268,1.533,7.194,2.541
mp-aaabituy,-22.841,127.177,127.238,150.018,150.079,15.188,40.764,43.186,25.576,27.998
mp-aaabixhn,325.597,295.854,332.852,29.743,7.255,177.675,184.336,193.791,6.661,16.116
mp-aaabixpb,180.822,183.073,198.329,2.251,17.507,62.806,66.376,80.884,3.570,18.078
mp-aaabiyhq,32.563,187.635,72.590,155.072,40.028,-7.490,55.767,-7.716,63.257,0.226
mp-aaabiyhx,15.333,-3.747,8.430,19.080,6.903,7.144,2.013,4.118,5.131,3.026
mp-aaabiytj,11.109,39.978,9.493,28.869,1.617,4.643,9.497,3.873,4.854,0.770
mp-aaabiyym,91.333,81.594,91.141,9.739,0.192,-32.742,-4.784,42.523,27.958,75.266
mp-aaabizep,8.333,21.745,5.995,13.412,2.338,3.629,1.329,-0.112,2.300,3.740
mp-aaabizzh,16.314,27.958,18.010,11.644,1.696,9.505,4.673,8.617,4.832,0.888
mp-aaabjafy,202.175,169.804,194.343,32.371,7.832,105.620,109.245,105.226,3.625,0.394
mp-aaabjbuw,15.125,4.798,11.342,10.327,3.783,7.036,5.587,5.310,1.449,1.726
mp-aaabjbxy,22.463,41.636,21.419,19.173,1.043,8.284,5.951,6.800,2.333,1.483
mp-aaabjcbv,147.544,109.910,147.612,37.634,0.068,86.311,87.165,89.433,0.854,3.122
mp-aaabjccl,173.851,182.257,143.942,8.406,29.909,61.195,93.852,79.000,32.657,17.805
mp-aaabjerd,124.128,115.140,115.499,8.988,8.629,53.194,38.086,46.998,15.108,6.197
mp-aaabjfrj,91.461,106.771,95.284,15.310,3.823,28.942,39.217,31.234,10.275,2.292
mp-aaabjhpi,108.964,84.866,109.498,24.098,0.533,50.381,52.926,62.042,2.545,11.662
mp-aaabjiad,60.958,53.678,58.698,7.280,2.260,22.877,14.703,24.679,8.174,1.802
mp-aaabjjea,113.333,108.465,116.584,4.868,3.251,16.316,24.287,21.903,7.971,5.587
mp-aaabjker,100.000,78.170,102.240,21.830,2.240,21.917,18.548,27.424,3.369,5.507
mp-aaabjkld,112.973,116.818,97.051,3.845,15.922,62.742,68.467,65.306,5.725,2.564
mp-aaabjkza,130.213,130.292,138.627,0.079,8.413,56.741,56.808,47.432,0.067,9.310
mp-aaabjlou,68.667,84.492,73.700,15.825,5.033,-7.003,-3.828,-8.730,3.175,1.726
mp-aaabjlqm,16.395,34.565,16.377,18.170,0.017,15.444,21.318,17.661,5.874,2.217
mp-aaabjlus,116.333,71.538,111.648,44.795,4.685,51.012,47.024,38.550,3.988,12.462
mp-aaabjmok,95.333,116.256,98.554,20.923,3.221,-5.663,5.505,7.221,11.168,12.885
mp-aaabjnuy,127.331,160.764,118.357,33.433,8.975,60.290,53.575,56.678,6.715,3.612
mp-aaabjobs,28.563,40.929,29.744,12.366,1.181,15.197,20.288,12.076,5.091,3.121
mp-aaabjolt,41.000,31.453,45.037,9.547,4.037,7.061,11.271,18.811,4.210,11.750
mp-aaabjoqo,106.413,129.625,118.340,23.212,11.927,79.033,84.738,59.047,5.705,19.987
mp-aaabjoqp,91.047,118.888,124.654,27.841,33.607,26.274,75.212,75.620,48.938,49.346
mp-aaabjots,23.933,24.978,24.868,1.045,0.936,9.408,7.977,9.674,1.431,0.266
mp-aaabjoug,82.337,99.636,69.968,17.299,12.370,49.019,48.874,44.930,0.145,4.089
mp-aaabjoui,144.585,118.095,156.701,26.490,12.116,113.252,94.141,98.814,19.111,14.439
mp-aaabjphf,54.663,98.165,70.269,43.502,15.606,29.588,35.746,32.631,6.158,3.043
mp-aaabjqyu,26.316,37.114,22.138,10.798,4.177,12.904,13.692,1.432,0.788,11.472
mp-aaabjrfd,30.967,44.709,30.858,13.742,0.109,17.014,9.279,15.414,7.735,1.600
mp-aaabjseh,228.333,112.591,171.124,115.742,57.209,132.673,69.456,90.238,63.217,42.435
mp-aaabjtxe,8.667,-16.894,9.526,25.561,0.859,3.786,5.232,1.469,1.446,2.317
mp-aaabjvbp,214.045,245.379,193.579,31.334,20.466,92.987,85.103,92.403,7.884,0.585
mp-aaabjxva,38.000,74.571,39.144,36.571,1.144,-18.953,-34.596,11.373,15.643,30.326
mp-aaabjxvc,169.333,181.410,166.192,12.077,3.141,-8.792,38.557,2.432,47.349,11.224
mp-aaabjxvp,141.333,206.463,163.149,65.130,21.816,30.184,65.005,45.887,34.821,15.703
mp-aaabjxvu,95.333,79.107,34.067,16.226,61.266,-39.658,0.085,17.934,39.743,57.592
mp-aaabjxwo,94.333,116.902,105.863,22.569,11.530,-27.348,-18.320,11.343,9.028,38.691
mp-aaabjxww,98.000,149.663,113.351,51.663,15.351,112.032,75.258,43.180,36.774,68.851
mp-aaabjxwz,100.333,91.566,116.145,8.767,15.811,16.320,8.085,23.443,8.235,7.123
mp-aaabjxxe,170.000,163.147,178.189,6.853,8.189,-49.159,3.890,4.511,53.049,53.670
mp-aaabjxxi,75.000,110.122,73.392,35.122,1.608,-22.919,-24.603,2.688,1.684,25.608
mp-aaabjxxk,35.667,27.388,36.825,8.279,1.158,32.167,23.013,17.662,9.154,14.505
mp-aaabjxxn,86.667,103.983,99.596,17.316,12.929,-27.080,-20.712,13.099,6.368,40.179
mp-aaabjxxo,264.333,322.271,167.678,57.938,96.655,58.395,73.947,12.611,15.552,45.785
mp-aaabjxxq,58.667,73.269,59.558,14.602,0.892,15.324,14.753,16.097,0.571,0.773
mp-aaabjxxr,76.667,78.319,89.888,1.652,13.221,5.278,10.352,16.264,5.074,10.986
mp-aaabjxxx,142.000,158.154,142.333,16.154,0.333,48.464,-17.310,23.972,65.774,24.492
mp-aaabjxxy,175.000,144.101,185.150,30.899,10.150,-47.369,-15.870,333.609,31.499,380.978
mp-aaabjxyb,190.000,133.171,174.709,56.829,15.291,-11.500,2.980,-14.173,14.480,2.672
mp-aaabjxyc,176.000,106.492,174.414,69.508,1.586,-11.265,17.491,52.307,28.756,63.572
mp-aaabjxyd,88.333,100.843,89.854,12.510,1.521,36.698,9.055,39.833,27.643,3.135
mp-aaabjxye,73.667,84.108,78.853,10.441,5.187,8.475,26.294,22.868,17.819,14.393
mp-aaabjxyf,70.000,111.867,73.670,41.867,3.670,-24.980,0.560,-8.068,25.540,16.913
mp-aaabjxyg,26.000,63.841,37.094,37.841,11.094,-43.511,-31.598,8.521,11.913,52.032
mp-aaabjxyh,18.000,47.537,29.374,29.537,11.374,5.798,9.445,14.589,3.647,8.791
mp-aaabjxyk,139.333,161.057,158.135,21.724,18.802,4.061,8.486,31.446,4.425,27.385
mp-aaabjxyl,194.667,159.160,202.546,35.507,7.879,81.446,63.772,68.455,17.674,12.991
mp-aaabjxyn,66.667,57.008,68.366,9.659,1.700,-9.775,9.030,22.809,18.805,32.584
mp-aaabjxyw,272.000,295.081,222.444,23.081,49.556,40.742,60.889,121.866,20.147,81.124
mp-aaabjxyx,86.333,93.378,89.034,7.045,2.701,-2.962,-5.816,10.000,2.854,12.962
mp-aaabjxze,111.667,113.939,111.998,2.272,0.331,36.285,51.491,36.811,15.206,0.526
mp-aaabjxzn,106.333,122.355,113.776,16.022,7.443,13.800,25.514,7.847,11.714,5.953
mp-aaabjxzp,103.333,173.266,144.410,69.933,41.077,-10.588,-34.080,23.015,23.492,33.603
mp-aaabjxzv,111.000,132.018,100.616,21.018,10.384,-7.488,-7.235,14.573,0.253,22.060
mp-aaabjxzy,34.333,51.455,37.974,17.122,3.641,-27.060,-16.339,13.206,10.721,40.266
mp-aaabjxzz,167.333,191.634,172.681,24.301,5.348,33.322,48.904,44.161,15.582,10.839
mp-aaabjyad,162.667,177.816,160.620,15.149,2.046,-20.063,24.200,21.956,44.263,42.019
mp-aaabjyae,157.333,234.464,159.205,77.131,1.871,17.593,37.475,17.761,19.882,0.168
mp-aaabjyag,31.000,58.485,35.175,27.485,4.175,4.418,8.069,7.347,3.651,2.928
mp-aaabjyal,87.667,83.660,88.751,4.007,1.085,-12.624,4.804,25.456,17.428,38.080
mp-aaabjyao,98.333,115.477,83.997,17.144,14.337,89.334,58.211,25.516,31.123,63.817
mp-aaabjyau,181.333,271.414,203.270,90.081,21.936,15.650,35.968,44.397,20.318,28.747
mp-aaabjyay,34.667,45.624,19.454,10.957,15.213,-13.203,-2.488,3.423,10.715,16.626
mp-aaabjybb,97.667,86.118,92.859,11.549,4.808,36.627,27.433,11.636,9.194,24.991
mp-aaabjybc,167.667,179.738,192.294,12.071,24.627,24.713,46.808,66.702,22.095,41.989
mp-aaabjybh,146.333,143.715,168.443,2.618,22.109,20.678,90.434,75.307,69.756,54.629
mp-aaabjybk,162.667,117.924,158.307,44.743,4.359,1.075,22.976,764.401,21.901,763.326
mp-aaabjybl,36.667,62.007,53.711,25.340,17.044,-14.278,-12.277,14.597,2.001,28.875
mp-aaabjybn,55.667,108.693,58.593,53.026,2.927,-26.656,-4.689,2.606,21.967,29.262
mp-aaabjybo,209.333,155.769,214.065,53.564,4.731,41.609,33.874,40.754,7.735,0.855
mp-aaabjybp,169.333,180.613,221.400,11.280,52.066,87.023,90.729,105.324,3.706,18.301
mp-aaabjybs,134.000,131.466,109.673,2.534,24.327,-2.782,-2.491,-22.829,0.291,20.047
mp-aaabjybt,88.667,149.254,150.886,60.587,62.219,21.228,25.386,50.162,4.158,28.935
mp-aaabjybv,171.667,134.552,161.346,37.115,10.321,-18.806,46.699,5.177,65.505,23.983
mp-aaabjycg,92.333,129.484,114.144,37.151,21.811,-12.745,-8.762,-66.983,3.983,54.238
mp-aaabjycn,66.000,84.950,85.838,18.950,19.838,-19.443,-9.061,17.335,10.382,36.778
mp-aaabjycp,106.333,134.716,123.228,28.383,16.894,19.847,25.202,12.254,5.355,7.593
mp-aaabjyda,122.333,95.498,124.219,26.835,1.886,92.117,68.377,43.791,23.740,48.326
mp-aaabjydj,35.667,67.186,63.016,31.519,27.349,-29.826,-37.832,27.113,8.006,56.939
mp-aaabjydl,53.000,68.713,50.988,15.713,2.012,23.517,11.648,15.072,11.869,8.445
mp-aaabjydm,97.000,131.338,98.459,34.338,1.459,-1.500,22.104,0.388,23.604,1.888
mp-aaabjydn,105.667,103.429,100.250,2.238,5.417,18.357,8.973,18.867,9.384,0.510
mp-aaabjydr,49.000,54.944,42.266,5.944,6.734,19.258,6.213,12.905,13.045,6.353
mp-aaabjydu,130.667,143.435,120.058,12.768,10.609,22.519,-2.653,15.084,25.172,7.435
mp-aaabjydw,86.000,137.062,107.447,51.062,21.447,-15.300,-17.533,2.447,2.233,17.747
mp-aaabjyeh,17.333,40.717,18.446,23.384,1.112,35.800,13.507,2.873,22.293,32.927
mp-aaabjyej,36.667,56.785,27.655,20.118,9.011,-13.769,-20.326,-7.397,6.557,6.372
mp-aaabjyeo,132.000,137.340,134.271,5.340,2.271,-13.500,9.702,0.678,23.202,14.178
mp-aaabjyep,105.333,120.951,111.427,15.618,6.094,0.143,19.869,24.444,19.726,24.301
mp-aaabjyer,46.333,73.225,45.676,26.892,0.657,8.347,-4.142,11.357,12.489,3.010
mp-aaabjyet,181.000,149.735,172.582,31.265,8.418,-30.351,-13.054,17.238,17.297,47.589
mp-aaabjyev,65.000,58.240,62.099,6.760,2.901,-17.395,-34.655,4.428,17.260,21.823
mp-aaabjyfb,32.333,56.860,40.272,24.527,7.938,-0.618,3.237,16.976,3.855,17.595
mp-aaabjyfj,201.000,192.077,175.535,8.923,25.465,21.382,19.588,-1.671,1.794,23.053
mp-aaabjyfk,66.000,84.840,68.021,18.840,2.021,8.700,3.057,16.388,5.643,7.688
mp-aaabjyfn,55.000,68.763,56.968,13.763,1.968,-24.953,21.931,2.390,46.884,27.343
mp-aaabjyfp,65.667,67.720,49.697,2.053,15.970,66.633,-78.938,6.217,145.571,60.416
mp-aaabjyfs,29.000,54.296,32.994,25.296,3.994,-1.403,-0.886,11.952,0.517,13.356
mp-aaabjyfv,180.667,133.302,211.623,47.365,30.956,15.324,92.998,99.027,77.674,83.703
mp-aaabjyfw,136.667,175.859,135.759,39.192,0.908,26.993,9.124,46.443,17.869,19.450
mp-aaabjygb,111.000,155.837,130.969,44.837,19.969,3.489,1.995,86.644,1.494,83.154
mp-aaabjygd,56.667,89.278,85.243,32.611,28.576,-27.538,26.020,44.949,53.558,72.487
mp-aaabjygh,107.000,110.740,124.117,3.740,17.117,3.580,1.005,-5.901,2.575,9.481
mp-aaabjygi,25.667,69.457,58.477,43.790,32.810,-19.378,17.152,-6.268,36.530,13.110
mp-aaabjygl,119.333,136.515,136.512,17.182,17.179,2.233,46.618,46.605,44.385,44.373
mp-aaabjygn,59.667,75.827,72.471,16.160,12.804,-22.533,-31.882,16.645,9.349,39.178
mp-aaabjygo,37.667,55.263,33.906,17.596,3.761,-25.654,15.847,11.383,41.501,37.037
mp-aaabjygq,43.667,62.616,39.266,18.949,4.400,1.461,0.537,14.620,0.924,13.159
mp-aaabjygr,55.000,63.624,65.687,8.624,10.687,-17.509,-24.317,8.543,6.808,26.052
mp-aaabjygv,116.667,129.916,106.911,13.249,9.756,-10.812,-4.336,-5.181,6.476,5.630
mp-aaabjygx,61.000,96.988,81.714,35.988,20.714,-39.913,-49.815,-5.378,9.902,34.535
mp-aaabjyha,96.667,112.906,84.556,16.239,12.111,-4.864,-6.207,-7.880,1.343,3.016
mp-aaabjyhb,170.667,175.231,150.560,4.564,20.107,-8.752,15.846,18.618,24.598,27.370
mp-aaabjyhc,91.333,140.817,124.494,49.484,33.160,-17.749,13.211,37.323,30.960,55.071
mp-aaabjyhe,65.000,94.590,74.262,29.590,9.262,93.366,59.285,35.578,34.081,57.789
mp-aaabjyhf,107.000,119.561,118.000,12.561,11.000,62.400,9.040,11.459,53.360,50.941
mp-aaabjyhh,209.333,137.591,194.564,71.742,14.769,-8.500,-13.726,13.697,5.226,22.197
mp-aaabjyhj,77.000,130.761,97.155,53.761,20.155,-5.100,1.565,21.618,6.665,26.718
mp-aaabjyhk,174.000,148.363,169.714,25.637,4.286,53.718,27.317,40.284,26.401,13.434
mp-aaabjyjp,449.000,131.205,156.096,317.795,292.904,68.340,44.697,22.708,23.643,45.632
mp-aaabjyly,150.333,107.615,90.946,42.718,59.387,-29.054,49.270,36.872,78.324,65.926
mp-aaabjyog,114.000,129.575,119.396,15.575,5.396,-13.905,10.494,14.724,24.399,28.629
mp-aaabjzgd,113.051,60.727,93.715,52.324,19.336,248.488,46.507,-8.193,201.981,256.681
mp-aaabjzjr,202.512,145.075,227.100,57.437,24.588,64.763,42.863,65.968,21.900,1.205
mp-aaabjzjz,11.667,-7.584,14.453,19.251,2.787,8.250,-1.340,5.826,9.590,2.423
mp-aaabjzne,44.093,46.319,42.125,2.226,1.969,14.593,29.038,19.219,14.445,4.626
mp-aaabjzos,137.850,145.630,124.071,7.780,13.779,86.209,112.436,84.199,26.227,2.010
mp-aaabkacu,16.667,-57.171,16.979,73.838,0.312,6.644,13.551,5.383,6.907,1.261
mp-aaabkbew,193.129,275.058,194.920,81.929,1.791,106.996,137.651,144.597,30.655,37.601
mp-aaabkcnf,23.408,38.820,24.454,15.412,1.047,11.738,14.941,12.042,3.203,0.304
mp-aaabkcvx,21.516,32.671,21.996,11.155,0.481,10.151,9.301,7.834,0.850,2.318
mp-aaabkcwq,14.359,12.579,14.518,1.780,0.159,8.038,2.050,6.621,5.988,1.418
mp-aaabkczn,48.000,23.058,83.462,24.942,35.462,33.455,24.004,49.407,9.451,15.953
mp-aaabkddr,59.056,77.703,82.060,18.647,23.003,128.312,62.012,27.472,66.300,100.840
mp-aaabkeau,51.333,125.857,52.799,74.524,1.466,-9.712,-9.116,16.388,0.596,26.100
mp-aaabkekn,65.309,102.257,68.845,36.948,3.536,25.066,34.443,19.436,9.377,5.629
mp-aaabkexs,4.342,75.041,1.356,70.699,2.986,-5.449,7.341,3.994,12.790,9.443
mp-aaabkfds,158.000,174.312,178.821,16.312,20.821,15.834,64.751,74.658,48.917,58.824
mp-aaabkfgb,38.667,89.887,42.505,51.220,3.838,10.817,15.197,16.688,4.380,5.871
mp-aaabkfhw,190.000,181.520,178.583,8.480,11.417,102.657,96.390,82.835,6.267,19.822
mp-aaabkfie,179.333,160.056,165.081,19.277,14.253,88.718,55.089,63.644,33.629,25.074
mp-aaabkfik,176.257,183.846,179.337,7.589,3.079,53.095,81.953,44.970,28.858,8.125
mp-aaabkfjs,102.520,110.649,103.222,8.129,0.702,66.501,49.425,46.429,17.076,20.072
mp-aaabkfsp,200.667,208.654,212.259,7.987,11.592,88.687,74.181,96.900,14.506,8.214
mp-aaabkgox,19.667,52.867,21.260,33.200,1.593,9.141,4.445,3.354,4.696,5.787
mp-aaabkgrv,87.222,87.435,87.743,0.213,0.521,48.920,55.595,44.946,6.675,3.975
mp-aaabkhed,248.785,244.876,241.510,3.909,7.275,182.583,174.619,178.895,7.964,3.688
mp-aaabkhee,64.000,90.384,79.429,26.384,15.429,-8.729,-20.621,24.179,11.892,32.908
mp-aaabkhfq,53.186,43.621,50.153,9.565,3.033,22.923,25.531,21.388,2.608,1.535
mp-aaabkiwn,9.667,24.939,7.375,15.272,2.292,5.194,8.121,2.727,2.927,2.467
mp-aaabkkgh,168.770,161.003,175.710,7.767,6.940,60.405,52.162,64.399,8.243,3.994
mp-aaabkkix,1.764,-53.651,1.740,55.415,0.024,1.058,2.353,0.485,1.295,0.574
mp-aaabkkoo,161.436,172.506,169.701,11.070,8.264,54.383,53.880,77.093,0.503,22.710
mp-aaabkkpy,117.594,119.343,73.617,1.749,43.978,55.641,63.921,36.905,8.280,18.736
mp-aaabkkui,145.000,123.459,158.836,21.541,13.836,57.238,59.999,59.713,2.761,2.475
mp-aaabkkwf,43.788,82.364,66.206,38.576,22.418,19.228,22.708,17.009,3.480,2.219
mp-aaabkkxb,33.592,67.395,36.391,33.803,2.798,12.837,17.639,19.845,4.802,7.008
mp-aaabkldq,65.000,99.782,82.509,34.782,17.509,42.594,45.563,56.068,2.969,13.475
mp-aaabklft,39.333,57.063,43.337,17.730,4.004,24.180,26.780,27.131,2.600,2.951
mp-aaabklop,73.667,74.524,71.089,0.857,2.578,34.663,45.381,46.822,10.718,12.158
mp-aaabklou,18.798,57.368,28.972,38.570,10.174,40.027,43.644,28.421,3.617,11.606
mp-aaabkluq,128.440,163.679,122.587,35.239,5.852,68.023,93.109,67.602,25.086,0.420
mp-aaabknac,170.221,180.429,177.470,10.208,7.249,82.330,99.442,58.080,17.112,24.250
mp-aaabknap,254.928,240.338,236.455,14.590,18.473,160.923,156.109,188.447,4.814,27.524
mp-aaabknpj,7.333,-2.842,8.637,10.175,1.304,4.334,3.240,6.287,1.094,1.953
mp-aaabkorc,190.266,158.153,180.950,32.113,9.316,45.625,26.310,82.031,19.315,36.406
mp-aaabkorr,191.634,158.317,179.274,33.317,12.360,57.730,26.107,75.383,31.623,17.654
mp-aaabkoxy,59.029,80.073,60.547,21.044,1.518,20.103,9.795,35.371,10.308,15.268
mp-aaabkozf,34.897,50.658,45.989,15.761,11.091,-15.968,7.960,20.212,23.928,36.180
mp-aaabkpew,76.000,98.444,78.732,22.444,2.732,55.757,58.917,52.993,3.160,2.764
mp-aaabkpfd,37.699,51.535,40.235,13.836,2.536,26.996,24.583,23.101,2.413,3.895
mp-aaabkphe,9.048,-38.463,8.782,47.511,0.266,5.407,11.033,7.841,5.626,2.434
mp-aaabkphf,22.228,18.541,24.364,3.687,2.136,15.488,11.175,11.860,4.313,3.629
mp-aaabkpia,94.744,125.918,140.185,31.174,45.441,60.915,48.857,65.465,12.058,4.550
mp-aaabkpir,13.333,34.549,13.483,21.216,0.149,8.586,9.452,6.125,0.866,2.460
mp-aaabkpod,12.000,13.720,9.996,1.720,2.004,5.379,15.218,4.610,9.839,0.768
mp-aaabkpor,14.512,17.497,16.074,2.985,1.562,7.846,1.383,6.863,6.463,0.983
mp-aaabkpou,20.428,49.190,20.783,28.762,0.356,11.238,14.705,12.401,3.467,1.163
mp-aaabkpoy,51.335,80.404,50.579,29.069,0.756,40.498,38.323,33.700,2.175,6.799
mp-aaabkpph,108.696,97.072,83.200,11.624,25.495,34.097,27.827,12.911,6.270,21.186
mp-aaabkppn,15.333,41.111,19.245,25.778,3.911,9.197,-0.069,10.224,9.266,1.027
mp-aaabkpsx,10.926,103.787,24.576,92.861,13.650,7.056,-5.097,4.780,12.153,2.276
mp-aaabkpta,38.402,36.394,33.370,2.008,5.031,30.821,17.428,18.285,13.393,12.536
mp-aaabkpun,103.333,90.352,99.207,12.981,4.126,50.992,45.403,55.388,5.589,4.397
mp-aaabkpvj,8.708,16.194,9.766,7.486,1.059,6.813,10.623,6.127,3.810,0.686
mp-aaabkqgk,36.181,42.642,37.946,6.461,1.765,28.272,18.024,16.476,10.248,11.796
mp-aaabkqgt,28.137,9.442,28.059,18.695,0.078,8.517,6.018,11.059,2.499,2.541
mp-aaabkqhu,30.072,28.743,29.391,1.329,0.681,10.503,7.819,14.637,2.684,4.135
mp-aaabkqpd,176.126,148.221,155.259,27.905,20.867,74.067,66.001,61.493,8.066,12.574
mp-aaabkqqv,18.514,11.925,17.348,6.589,1.166,10.933,2.608,8.339,8.325,2.595
mp-aaabkqzx,44.435,47.696,40.056,3.261,4.379,36.303,34.791,26.481,1.512,9.822
mp-aaabkrab,42.483,41.776,34.482,0.707,8.001,36.689,34.508,18.434,2.181,18.255
mp-aaabkras,87.000,53.928,69.248,33.072,17.752,37.799,38.940,25.751,1.141,12.048
mp-aaabkrbk,57.333,67.650,49.970,10.317,7.363,43.983,39.124,35.588,4.859,8.395
mp-aaabkrbr,21.329,16.883,25.729,4.446,4.400,7.810,5.517,7.493,2.293,0.318
mp-aaabkrby,95.705,81.513,110.524,14.192,14.819,66.507,36.569,63.165,29.938,3.342
mp-aaabkrca,189.142,179.818,188.075,9.324,1.067,69.792,59.629,71.858,10.163,2.067
mp-aaabkrcb,63.667,83.433,47.515,19.766,16.152,30.617,32.731,26.026,2.114,4.591
mp-aaabkrdf,191.064,177.121,177.925,13.943,13.139,68.658,70.311,62.651,1.653,6.007
mp-aaabkrgf,42.372,62.487,34.063,20.115,8.309,28.996,23.966,22.735,5.030,6.261
mp-aaabkrhj,21.438,16.775,22.921,4.663,1.482,6.503,5.045,12.218,1.458,5.715
mp-aaabkrjt,184.667,140.800,193.418,43.867,8.752,103.556,93.344,117.768,10.212,14.212
mp-aaabkrjv,123.333,97.545,128.726,25.788,5.393,25.229,29.099,50.644,3.870,25.415
mp-aaabkrkj,22.356,60.857,25.770,38.501,3.414,24.069,16.325,12.635,7.744,11.434
mp-aaabkrkm,101.333,110.154,110.191,8.821,8.858,45.842,39.179,54.087,6.663,8.244
mp-aaabkrkq,46.667,50.762,46.025,4.095,0.642,17.326,16.662,21.916,0.664,4.590
mp-aaabkrop,4.556,21.736,11.082,17.180,6.527,1.891,0.894,7.850,0.997,5.959
mp-aaabkrrx,49.170,91.968,48.812,42.798,0.358,20.623,68.701,29.494,48.078,8.871
mp-aaabkrtr,59.276,69.615,64.976,10.339,5.700,45.392,32.666,38.710,12.726,6.682
mp-aaabkujr,154.828,126.692,151.069,28.136,3.759,67.367,59.907,67.124,7.460,0.243
mp-aaabkuvw,49.667,52.510,57.963,2.843,8.297,17.414,20.621,21.423,3.207,4.009
mp-aaabkviy,58.000,66.161,64.263,8.161,6.263,90.612,32.339,24.909,58.273,65.703
mp-aaabkytz,35.783,38.787,35.781,3.004,0.002,19.871,18.267,21.726,1.604,1.855
mp-aaablgrc,98.932,163.210,159.260,64.278,60.328,71.588,-38.163,229.950,109.751,158.362
mp-aaablkkg,67.944,95.223,76.076,27.279,8.132,54.658,65.088,47.430,10.430,7.228
mp-aaabmced,80.081,46.618,75.917,33.463,4.164,34.348,24.263,38.352,10.085,4.005
mp-aaabmche,17.923,52.972,40.938,35.049,23.015,35.943,41.447,36.069,5.504,0.126
mp-aaabmckj,77.958,64.892,75.417,13.066,2.541,39.225,32.452,36.666,6.773,2.559
mp-aaabmclu,149.658,118.703,136.167,30.955,13.492,62.639,54.603,58.765,8.036,3.874
mp-aaabmcrk,196.329,154.056,190.274,42.273,6.055,81.041,74.030,80.345,7.011,0.696
mp-aaabmdab,155.479,132.117,173.686,23.362,18.207,46.903,25.087,61.681,21.816,14.778
mp-aaabmdac,186.989,172.595,189.506,14.394,2.516,78.142,34.559,43.951,43.583,34.192
mp-aaabmgkx,71.333,59.055,70.467,12.278,0.866,40.174,35.983,48.039,4.191,7.864
mp-aaabmglc,178.000,158.574,181.253,19.426,3.253,11.603,50.969,62.881,39.366,51.279
mp-aaabmgly,57.632,55.180,59.843,2.452,2.210,27.408,23.295,24.213,4.113,3.195
mp-aaabmgmd,230.000,179.270,209.979,50.730,20.021,52.859,52.278,85.163,0.581,32.303
mp-aaabmgmj,152.419,149.225,158.307,3.194,5.888,65.246,47.381,51.331,17.865,13.914
mp-aaabmgnf,32.405,49.466,36.086,17.061,3.681,28.153,31.087,21.437,2.934,6.716
mp-aaabmgnh,163.327,150.042,159.874,13.285,3.453,90.898,96.330,95.684,5.432,4.786
mp-aaabmgnm,101.035,115.472,113.305,14.437,12.270,77.828,76.705,71.181,1.123,6.647
mp-aaabmgnr,85.017,80.389,89.910,4.628,4.893,35.472,41.265,40.342,5.793,4.870
mp-aaabmgpd,86.667,124.034,93.636,37.367,6.970,19.162,42.597,11.767,23.435,7.396
mp-aaabmgpg,95.000,72.980,91.145,22.020,3.855,42.091,48.189,25.207,6.098,16.884
mp-aaabmgpw,94.000,122.402,114.204,28.402,20.204,-10.694,14.572,15.551,25.266,26.245
mp-aaabmgql,168.261,142.535,168.769,25.726,0.508,51.711,70.577,64.742,18.866,13.031
mp-aaabmgqo,146.667,102.614,139.015,44.053,7.652,45.975,49.234,44.530,3.259,1.445
mp-aaabmgrc,63.796,80.876,58.273,17.080,5.523,-5.107,29.691,-86.982,34.798,81.875
mp-aaabmhaz,188.042,187.486,192.502,0.556,4.460,89.044,66.282,93.882,22.762,4.838
mp-aaabmhbp,169.667,181.201,170.421,11.534,0.754,41.336,66.447,75.480,25.111,34.144
mp-aaabmhda,46.667,43.260,34.139,3.407,12.528,3.833,12.537,4.658,8.704,0.824
mp-aaabmhvf,24.000,10.099,551.474,13.901,527.474,-9.504,-18.527,0.066,9.023,9.571
mp-aaabmhvi,210.729,217.820,222.369,7.091,11.640,93.349,103.199,102.493,9.850,9.144
mp-aaabmhyd,135.667,125.819,132.262,9.848,3.404,57.395,45.660,61.234,11.735,3.839
mp-aaabminb,201.530,209.461,208.244,7.931,6.714,93.280,98.131,89.075,4.851,4.206
mp-aaabmjtm,52.340,55.394,52.672,3.054,0.333,15.475,21.365,16.153,5.890,0.678
mp-aaabmklt,49.213,59.423,44.033,10.210,5.180,21.719,24.563,14.098,2.844,7.621
mp-aaabmkon,187.486,123.012,205.449,64.474,17.963,94.483,74.825,89.852,19.658,4.632
mp-aaabmkro,19.913,59.526,28.489,39.613,8.576,8.486,7.691,11.461,0.795,2.975
mp-aaabmkse,51.764,56.046,54.652,4.282,2.888,24.904,24.629,16.963,0.275,7.941
mp-aaabmkue,208.322,175.276,161.571,33.046,46.751,119.916,110.139,82.429,9.777,37.487
mp-aaabmkum,65.000,68.300,65.344,3.300,0.344,28.877,26.797,28.817,2.080,0.060
mp-aaabmkyl,14.333,31.562,9.891,17.229,4.442,4.038,26.906,4.683,22.868,0.644
mp-aaabmlak,168.701,158.618,185.045,10.083,16.344,113.971,93.083,111.674,20.888,2.297
mp-aaabmlaz,64.876,65.890,64.844,1.014,0.032,28.086,27.031,27.945,1.055,0.141
mp-aaabmlfg,35.111,59.513,25.543,24.402,9.567,16.292,9.022,9.995,7.270,6.297
mp-aaabmlfk,132.171,80.921,127.852,51.250,4.319,41.571,39.389,26.401,2.182,15.170
mp-aaabmlfx,31.374,44.668,28.601,13.294,2.773,18.668,15.017,13.342,3.651,5.326
mp-aaabmlhz,27.295,36.058,29.209,8.763,1.913,21.508,16.639,12.358,4.869,9.150
mp-aaabmllq,60.989,77.497,60.935,16.508,0.053,22.398,22.843,17.526,0.445,4.872
mp-aaabmlon,41.980,54.545,48.547,12.565,6.568,28.304,20.047,30.141,8.257,1.837
mp-aaabmlqi,40.853,49.438,45.039,8.585,4.186,24.886,29.408,18.026,4.522,6.860
mp-aaabmlqp,79.531,105.276,77.129,25.745,2.402,26.294,32.042,29.565,5.748,3.271
mp-aaabmlsg,71.262,88.518,83.945,17.256,12.683,33.111,31.991,43.537,1.120,10.426
mp-aaabmlvk,45.316,52.957,40.974,7.641,4.342,19.100,18.572,1.703,0.528,17.396
mp-aaabmlwg,61.523,58.830,62.134,2.693,0.611,28.085,22.596,25.065,5.489,3.020
mp-aaabmmcg,76.930,115.919,75.791,38.989,1.138,101.502,51.291,44.303,50.211,57.199
mp-aaabmmjh,12.722,90.836,4.934,78.114,7.788,8.406,6.200,2.617,2.206,5.789
mp-aaabmmqa,304.311,242.168,278.330,62.143,25.981,200.738,199.195,190.131,1.543,10.607
mp-aaabmmts,47.859,67.531,53.163,19.672,5.304,24.767,35.587,39.083,10.820,14.316
mp-aaabmmuu,14.081,35.747,18.854,21.666,4.773,6.768,8.608,10.247,1.840,3.479
mp-aaabmmwo,43.207,80.317,33.476,37.110,9.730,17.513,28.702,15.741,11.189,1.772
mp-aaabmnhd,198.095,157.076,188.117,41.019,9.978,120.555,119.170,123.596,1.385,3.041
mp-aaabmnpg,22.902,23.671,29.672,0.769,6.770,2.839,12.336,16.420,9.497,13.580
mp-aaabmnqn,58.774,80.505,56.864,21.731,1.910,26.378,28.858,26.602,2.480,0.225
mp-aaabmnzj,30.106,15.057,25.859,15.049,4.247,19.163,17.887,9.696,1.276,9.468
mp-aaabmsxx,125.657,141.440,123.126,15.783,2.531,58.533,72.908,52.391,14.375,6.141
mp-aaabmxwx,79.667,91.885,75.047,12.218,4.619,50.721,46.793,55.475,3.928,4.754
mp-aaabmysl,141.819,150.322,150.041,8.503,8.221,83.305,102.526,97.744,19.221,14.439
mp-aaabmysr,47.186,43.031,44.912,4.155,2.274,18.634,14.758,19.712,3.876,1.078
mp-aaabmyvf,23.667,-40.626,0.152,64.293,23.514,-18.717,-4.879,1.057,13.838,19.774
mp-aaabmyvp,80.000,40.391,89.039,39.609,9.039,-17.330,-9.398,17.833,7.932,35.163
mp-aaabmyvv,119.400,104.245,125.108,15.155,5.708,70.643,67.366,69.515,3.277,1.127
mp-aaabmywz,97.407,140.801,127.296,43.394,29.888,68.871,65.932,101.590,2.939,32.719
mp-aaabmyzg,126.667,180.703,135.408,54.036,8.741,52.162,45.642,58.255,6.520,6.093
mp-aaabmzgz,55.525,35.677,60.007,19.848,4.481,38.963,28.309,35.447,10.654,3.516
mp-aaabmzkh,29.805,39.736,30.854,9.931,1.049,16.835,13.107,16.955,3.728,0.120
mp-aaabmzlx,208.652,190.082,209.431,18.570,0.779,109.462,115.931,113.696,6.469,4.234
mp-aaabmznw,137.333,143.829,186.341,6.496,49.008,54.560,64.156,61.478,9.596,6.917
mp-aaabmzpq,108.883,141.422,131.083,32.539,22.200,60.558,57.358,80.201,3.200,19.643
mp-aaabnasd,59.847,72.228,81.936,12.381,22.089,35.538,36.425,-3.179,0.887,38.717
mp-aaabnauh,35.663,48.935,36.928,13.272,1.266,26.866,19.683,19.857,7.183,7.009
mp-aaabnhur,10.627,36.755,21.471,26.128,10.844,6.337,18.346,11.813,12.009,5.476
mp-aaabnhvs,127.862,91.723,160.722,36.139,32.860,29.113,34.492,50.092,5.379,20.979
mp-aaabnhwr,22.333,55.852,41.577,33.519,19.243,15.798,20.132,14.543,4.334,1.256
mp-aaabnhwv,24.667,24.240,22.764,0.427,1.902,9.184,0.704,12.812,8.480,3.628
mp-aaabnhxa,39.723,53.977,45.282,14.254,5.558,27.096,30.815,26.137,3.719,0.959
mp-aaabnpjm,8.042,72.770,12.739,64.728,4.697,5.499,4.539,5.839,0.960,0.340
mp-aaabnppe,16.776,25.151,16.078,8.375,0.697,11.024,-2.372,8.419,13.396,2.604
mp-aaabnqij,54.337,86.775,65.976,32.438,11.638,30.328,51.145,39.455,20.817,9.127
mp-aaabnqlg,104.943,132.249,99.852,27.306,5.091,28.963,58.827,38.024,29.864,9.061
mp-aaabnqry,226.412,240.353,220.432,13.941,5.980,176.719,152.137,164.905,24.582,11.815
mp-aaabnrcw,75.000,100.439,73.360,25.439,1.640,53.373,56.844,49.192,3.471,4.181
mp-aaabnrde,42.667,37.601,34.980,5.066,7.687,21.674,21.002,22.169,0.672,0.495
mp-aaabnrdk,42.000,36.907,36.619,5.093,5.381,20.202,20.817,23.675,0.615,3.473
mp-aaabnrei,177.215,160.872,190.084,16.343,12.869,48.396,49.605,62.682,1.209,14.287
mp-aaabnrfk,22.443,52.634,23.662,30.191,1.218,12.738,15.667,14.522,2.929,1.784
mp-aaabnrfz,15.763,17.120,17.204,1.357,1.442,8.927,14.406,6.070,5.479,2.857
mp-aaabnrgo,75.333,45.303,78.304,30.030,2.971,41.238,37.971,46.559,3.267,5.320
mp-aaabnrgv,15.197,5.994,15.256,9.203,0.060,10.493,10.423,5.226,0.070,5.267
mp-aaabnrgy,57.735,88.654,64.935,30.919,7.201,45.288,59.448,45.594,14.160,0.306
mp-aaabnrip,119.325,75.054,120.659,44.271,1.334,24.813,37.171,46.411,12.358,21.598
mp-aaabnrol,52.741,77.001,46.748,24.260,5.993,36.210,30.900,27.871,5.310,8.339
mp-aaabnsbm,61.040,59.532,74.298,1.508,13.258,31.708,37.215,47.070,5.507,15.362
mp-aaaboeuu,27.423,46.712,26.127,19.289,1.295,12.667,11.801,12.448,0.866,0.219
mp-aaabogza,57.582,55.483,55.601,2.099,1.981,34.480,24.192,28.039,10.288,6.440
mp-aaabpbaw,25.836,28.398,19.093,2.562,6.743,14.714,14.929,11.022,0.215,3.692
mp-aaabpdkj,135.667,132.923,136.753,2.744,1.086,84.377,81.507,86.088,2.870,1.711
mp-aaabpjau,2.542,-29.942,8.577,32.484,6.035,2.008,0.856,3.902,1.152,1.895
mp-aaabpkvk,144.408,124.605,147.463,19.803,3.056,77.727,87.646,88.570,9.919,10.843
mp-aaabqvak,98.422,85.971,97.266,12.451,1.156,55.093,45.571,61.878,9.522,6.785
mp-aaabqvan,35.776,46.206,38.459,10.430,2.683,13.296,19.259,13.907,5.963,0.611
mp-aaabqvbb,140.029,101.019,140.990,39.010,0.961,52.164,62.654,75.029,10.490,22.865
mp-aaabqvbm,38.567,17.741,46.868,20.826,8.301,26.195,24.536,24.968,1.659,1.228
mp-aaabqvcx,177.541,187.985,106.159,10.444,71.382,57.768,67.818,29.536,10.050,28.232
mp-aaabqvdb,94.188,86.927,48.406,7.261,45.783,57.756,55.220,38.657,2.536,19.098
mp-aaabqvee,154.913,152.338,161.606,2.575,6.694,66.478,86.857,65.498,20.379,0.979
mp-aaabqvll,105.256,102.989,124.755,2.267,19.499,46.079,48.466,50.660,2.387,4.581
mp-aaabqvne,64.534,61.136,65.764,3.398,1.231,31.064,32.409,31.746,1.345,0.681
mp-aaabqvnj,206.000,140.872,201.688,65.128,4.312,-9.078,4.472,68.726,13.550,77.805
mp-aaabqvqw,166.336,158.227,171.515,8.109,5.179,80.785,117.109,80.471,36.324,0.314
mp-aaabqvrn,42.205,65.401,46.265,23.196,4.059,15.320,30.853,25.404,15.533,10.083
mp-aaabqvrt,139.333,118.551,126.055,20.782,13.278,70.869,60.353,43.696,10.516,27.173
mp-aaabqvsz,45.551,52.675,31.469,7.124,14.082,16.323,29.349,16.450,13.026,0.127
mp-aaabqvut,68.399,80.552,76.662,12.153,8.263,14.372,34.934,31.761,20.562,17.389
mp-aaabqvvn,52.910,49.938,63.705,2.972,10.795,36.711,29.819,31.949,6.892,4.761
mp-aaabqvvt,134.042,125.984,127.039,8.058,7.003,72.905,65.532,54.734,7.373,18.171
mp-aaabqvzv,38.432,121.577,43.068,83.145,4.636,27.466,62.261,28.530,34.795,1.064
mp-aaabqwar,62.118,77.349,64.485,15.231,2.367,23.471,28.157,12.479,4.686,10.992
mp-aaabqwbi,57.482,68.632,58.809,11.150,1.327,24.618,37.401,17.466,12.783,7.152
mp-aaabqwdo,128.668,153.985,126.397,25.317,2.271,58.486,48.449,60.204,10.037,1.718
mp-aaabqwei,64.333,93.180,84.641,28.847,20.308,-13.624,19.273,25.058,32.897,38.681
mp-aaabqwey,53.511,64.538,49.095,11.027,4.415,36.456,18.528,33.885,17.928,2.571
mp-aaabqwfb,6.336,40.442,11.923,34.106,5.587,3.864,9.263,7.974,5.399,4.109
mp-aaabqwfd,182.704,151.938,193.799,30.766,11.095,74.566,80.332,64.684,5.766,9.883
mp-aaabqwgg,100.475,89.823,106.702,10.652,6.226,24.636,24.994,46.073,0.358,21.437
mp-aaabqwhl,27.373,63.054,54.150,35.681,26.777,19.343,32.899,36.424,13.556,17.081
mp-aaabqwho,90.771,109.475,81.341,18.704,9.431,23.601,23.794,25.068,0.193,1.468
mp-aaabqwja,115.914,97.790,128.017,18.124,12.103,78.681,47.685,80.342,30.996,1.661
mp-aaabqwjg,6.333,15.412,7.903,9.079,1.570,3.029,7.520,-0.765,4.491,3.794
mp-aaabqwji,192.819,170.635,194.314,22.184,1.495,36.241,63.358,74.461,27.117,38.220
mp-aaabqwjr,155.441,133.232,146.338,22.209,9.103,98.935,80.924,74.687,18.011,24.248
mp-aaabqwkc,50.617,30.265,48.652,20.352,1.965,17.176,26.847,15.499,9.671,1.677
mp-aaabqwlk,44.114,79.225,54.806,35.111,10.692,27.503,25.714,27.184,1.789,0.319
mp-aaabqwlv,32.247,47.459,16.465,15.212,15.782,8.019,18.728,7.912,10.709,0.107
mp-aaabqwme,68.703,108.660,74.935,39.957,6.233,21.429,30.264,39.763,8.835,18.334
mp-aaabqwpf,212.066,138.791,162.379,73.275,49.687,90.850,80.237,62.990,10.613,27.860
mp-aaabqwqk,127.396,121.889,114.730,5.507,12.666,71.232,72.749,65.618,1.517,5.613
mp-aaabqwqp,169.706,113.269,140.517,56.437,29.189,105.584,68.786,63.573,36.798,42.011
mp-aaabqwra,61.061,35.278,52.272,25.783,8.788,36.283,31.366,21.903,4.917,14.381
mp-aaabqwrc,37.415,70.778,51.546,33.363,14.130,15.764,18.972,29.175,3.208,13.411
mp-aaabqwsj,39.897,74.643,59.356,34.746,19.459,12.106,22.400,28.718,10.294,16.612
mp-aaabqwtx,178.759,171.376,171.853,7.383,6.906,32.965,52.598,64.648,19.633,31.683
mp-aaabqwuk,113.691,101.970,119.455,11.721,5.765,39.770,37.908,35.811,1.862,3.959
mp-aaabqwuv,26.274,60.397,27.514,34.123,1.240,16.545,25.292,14.162,8.747,2.382
mp-aaabqwvj,75.221,70.584,80.313,4.637,5.092,44.485,45.024,52.103,0.539,7.618
mp-aaabqwvt,153.661,136.892,155.700,16.769,2.039,76.096,54.402,68.140,21.694,7.956
mp-aaabqwwu,19.517,60.660,30.901,41.143,11.384,12.977,28.574,18.637,15.597,5.660
mp-aaabqwwv,187.997,120.232,141.919,67.765,46.078,94.974,78.871,70.779,16.103,24.195
mp-aaabqwyf,129.191,86.155,137.461,43.036,8.270,49.663,42.542,56.597,7.121,6.934
mp-aaabqwyu,135.330,94.163,132.731,41.167,2.599,57.591,48.875,54.001,8.716,3.589
mp-aaabqwyy,18.327,17.503,39.579,0.824,21.253,11.761,17.499,15.186,5.738,3.425
mp-aaabqwzh,126.838,133.579,144.678,6.741,17.839,54.402,50.561,70.298,3.841,15.895
mp-aaabqwzi,41.653,69.489,46.675,27.836,5.022,16.007,22.504,22.151,6.497,6.144
mp-aaabqxag,6.179,31.277,17.209,25.098,11.031,4.058,14.449,6.135,10.391,2.078
mp-aaabqxah,234.049,174.085,136.995,59.964,97.053,117.930,91.124,65.709,26.806,52.221
mp-aaabqxbi,86.108,82.526,87.830,3.582,1.722,50.737,43.633,52.166,7.104,1.429
mp-aaabqxbp,165.333,127.003,175.571,38.330,10.237,94.816,72.113,81.843,22.703,12.973
mp-aaabqxcg,43.365,37.951,45.220,5.414,1.855,18.361,26.446,19.337,8.085,0.976
mp-aaabqxch,80.303,71.236,65.121,9.067,15.182,43.572,44.371,33.591,0.799,9.981
mp-aaabqxck,137.542,112.686,128.959,24.856,8.583,49.106,47.756,54.991,1.350,5.885
mp-aaabqxdf,183.997,172.749,189.410,11.248,5.413,82.525,67.080,86.392,15.445,3.867
mp-aaabqxee,89.754,123.415,113.728,33.661,23.974,42.144,40.032,38.798,2.112,3.346
mp-aaabqxfu,201.667,143.031,195.210,58.636,6.457,75.002,75.073,77.258,0.071,2.256
mp-aaabqxgc,120.086,110.945,127.576,9.141,7.490,84.945,56.459,77.320,28.486,7.625
mp-aaabqxgp,138.439,103.426,142.279,35.013,3.840,59.504,42.856,64.509,16.648,5.004
mp-aaabqxgy,119.000,95.729,128.708,23.271,9.708,67.035,52.943,76.154,14.092,9.119
mp-aaabqxhy,75.880,99.230,81.405,23.350,5.525,47.821,46.575,48.258,1.246,0.437
mp-aaabqxji,11.333,44.386,17.622,33.053,6.288,4.922,6.856,8.546,1.934,3.624
mp-aaabqxkj,97.449,97.607,148.518,0.158,51.069,41.355,46.957,13.654,5.602,27.701
mp-aaabqxkk,90.974,124.692,99.474,33.718,8.501,35.769,38.800,39.904,3.031,4.136
mp-aaabqxlb,91.864,74.657,104.539,17.207,12.675,48.757,43.602,48.956,5.155,0.200
mp-aaabqxlo,141.489,96.998,134.261,44.491,7.228,74.348,61.266,73.942,13.082,0.405
mp-aaabqxmd,80.149,82.011,64.714,1.862,15.435,42.820,41.137,33.229,1.683,9.591
mp-aaabqxmn,101.726,82.433,116.460,19.293,14.733,30.932,48.974,41.123,18.042,10.191
mp-aaabqxng,28.523,76.327,38.623,47.804,10.100,11.765,22.945,10.619,11.180,1.146
mp-aaabqxog,100.054,89.750,106.711,10.304,6.657,27.040,24.959,41.815,2.081,14.775
mp-aaabqxoj,17.566,99.844,26.112,82.278,8.546,13.735,27.352,14.961,13.617,1.225
mp-aaabqxow,147.652,140.983,152.640,6.669,4.988,31.483,35.341,35.232,3.858,3.749
mp-aaabqxoy,123.972,92.472,122.696,31.500,1.277,71.680,79.820,67.989,8.140,3.692
mp-aaabqxpe,203.858,144.021,205.941,59.837,2.083,98.718,86.655,98.591,12.063,0.126
mp-aaabqxpi,77.871,69.259,65.109,8.612,12.762,41.153,38.571,36.021,2.582,5.133
mp-aaabqxpu,114.318,97.146,125.898,17.172,11.581,43.948,45.510,40.295,1.562,3.653
mp-aaabqxpy,78.935,79.551,66.493,0.616,12.442,41.063,40.836,35.187,0.227,5.876
mp-aaabqxqb,181.874,110.539,185.119,71.335,3.244,88.790,70.708,86.239,18.082,2.550
mp-aaabqxqc,69.997,63.952,69.256,6.045,0.741,38.854,34.141,35.698,4.713,3.156
mp-aaabqxqj,179.112,135.959,182.001,43.153,2.888,83.242,67.867,90.380,15.375,7.138
mp-aaabqxrd,63.295,80.094,72.864,16.799,9.569,28.264,30.978,27.782,2.714,0.481
mp-aaabqxsf,114.215,122.381,138.774,8.166,24.559,58.642,63.123,86.874,4.481,28.232
mp-aaabqxte,90.444,111.458,87.898,21.014,2.546,55.597,45.990,38.478,9.607,17.119
mp-aaabqxtm,25.118,126.304,29.466,101.186,4.348,17.586,28.569,15.138,10.983,2.448
mp-aaabqxuc,103.226,80.859,119.355,22.367,16.129,17.414,34.816,35.674,17.402,18.260
mp-aaabqxwk,104.643,111.500,96.457,6.857,8.185,56.745,67.609,51.417,10.864,5.329
mp-aaabqxwo,58.343,94.540,65.401,36.197,7.059,26.243,32.325,27.596,6.082,1.354
mp-aaabqxwp,150.738,139.163,144.210,11.575,6.528,58.828,54.821,75.872,4.007,17.044
mp-aaabqxwv,231.437,192.780,227.409,38.657,4.028,156.941,117.911,155.757,39.030,1.185
mp-aaabqxxg,102.523,124.062,103.794,21.539,1.270,45.888,58.677,54.435,12.789,8.547
mp-aaabqxxl,120.884,133.310,130.642,12.426,9.759,51.172,49.429,68.477,1.743,17.305
mp-aaabqxxo,50.881,55.827,41.965,4.946,8.916,26.285,23.709,16.754,2.576,9.531
mp-aaabqxxu,63.688,72.336,57.498,8.648,6.190,30.662,27.369,25.869,3.293,4.794
mp-aaabqxxz,108.964,89.458,105.464,19.506,3.500,59.583,65.128,52.648,5.545,6.935
mp-aaabqxya,144.388,130.165,136.023,14.223,8.364,57.820,50.949,73.720,6.871,15.899
mp-aaabqxyl,141.824,146.091,140.732,4.267,1.092,81.011,79.618,83.750,1.393,2.739
mp-aaabqxzl,92.292,78.772,86.768,13.520,5.524,45.484,53.857,43.979,8.373,1.505
mp-aaabqxzn,169.167,125.132,162.247,44.035,6.920,39.661,53.887,39.855,14.226,0.193
mp-aaabqyas,212.557,271.839,194.180,59.282,18.377,66.257,96.238,94.290,29.981,28.033
mp-aaabqybn,139.923,138.238,152.262,1.685,12.339,71.554,78.494,80.522,6.940,8.968
mp-aaabqych,89.189,56.621,95.130,32.568,5.940,28.765,39.442,45.316,10.677,16.552
mp-aaabqyck,204.469,144.730,197.987,59.739,6.483,98.148,87.897,75.030,10.251,23.117
mp-aaabqycm,103.623,66.963,100.357,36.660,3.265,48.183,28.938,48.550,19.245,0.367
mp-aaabqycp,33.668,74.127,48.588,40.459,14.919,20.574,30.510,25.275,9.936,4.701
mp-aaabqydb,142.194,203.283,162.612,61.089,20.419,50.173,67.083,52.629,16.910,2.456
mp-aaabqydi,104.111,106.293,99.612,2.182,4.499,44.158,36.513,56.539,7.645,12.381
mp-aaabqydv,33.129,42.543,32.911,9.414,0.218,22.473,24.163,15.566,1.690,6.907
mp-aaabqydw,59.842,96.878,74.259,37.036,14.417,32.004,35.597,32.704,3.593,0.699
mp-aaabqyel,107.004,104.257,128.703,2.747,21.699,57.707,77.203,46.454,19.496,11.253
mp-aaabqyeo,95.378,99.828,104.984,4.450,9.606,38.760,43.492,41.808,4.732,3.048
mp-aaabqyer,97.469,123.452,93.265,25.983,4.205,46.959,60.202,57.266,13.243,10.307
mp-aaabqyes,38.902,137.315,47.144,98.413,8.242,14.917,22.544,9.191,7.627,5.726
mp-aaabqyew,60.977,61.835,65.831,0.858,4.854,33.483,52.700,28.971,19.217,4.513
mp-aaabqyfv,70.046,74.027,70.063,3.981,0.017,28.182,28.893,34.769,0.711,6.587
mp-aaabqygy,78.000,-25.569,81.832,103.569,3.832,25.320,25.486,27.248,0.166,1.928
mp-aaabqyhh,114.124,124.868,135.475,10.744,21.351,69.978,71.017,72.977,1.039,2.999
mp-aaabqyia,188.260,168.896,188.533,19.364,0.273,113.850,127.995,123.445,14.145,9.595
mp-aaabqyih,69.210,82.757,60.834,13.547,8.375,36.261,34.772,9.553,1.489,26.707
mp-aaabqyjx,62.856,77.670,66.062,14.814,3.205,29.700,23.821,34.494,5.879,4.795
mp-aaabqykc,177.333,107.098,190.148,70.235,12.815,94.044,93.538,92.897,0.506,1.147
mp-aaabqyku,187.333,171.944,186.742,15.389,0.592,68.820,61.223,102.064,7.597,33.244
mp-aaabqykw,160.213,125.876,146.605,34.337,13.608,48.315,58.638,50.936,10.323,2.621
mp-aaabqykz,136.471,103.647,120.674,32.824,15.797,53.194,61.882,55.833,8.688,2.639
mp-aaabqylj,146.667,106.831,164.727,39.836,18.060,76.933,56.395,78.382,20.538,1.449
mp-aaabqylq,59.791,71.124,34.399,11.333,25.392,21.024,26.778,15.395,5.754,5.629
mp-aaabqymn,109.304,125.169,129.419,15.865,20.115,48.704,77.580,80.800,28.876,32.096
mp-aaabqymy,186.078,193.490,161.460,7.412,24.618,61.544,67.136,60.414,5.592,1.130
mp-aaabqynf,137.540,108.312,147.353,29.228,9.813,56.096,52.688,64.361,3.408,8.264
mp-aaabqynx,64.344,52.179,61.181,12.165,3.163,32.373,34.647,25.320,2.274,7.052
mp-aaabqypc,132.848,124.912,132.057,7.936,0.791,78.230,44.285,60.301,33.945,17.929
mp-aaabqypg,128.984,122.071,98.669,6.913,30.315,53.528,90.718,54.506,37.190,0.978
mp-aaabqypj,4.612,36.475,13.393,31.863,8.781,2.718,12.607,7.787,9.889,5.069
mp-aaabqypr,87.550,82.903,85.827,4.647,1.723,36.130,35.916,40.819,0.214,4.688
mp-aaabqypt,89.743,94.415,90.866,4.672,1.123,53.907,47.624,61.506,6.283,7.599
mp-aaabqypu,62.667,43.828,59.170,18.839,3.497,15.062,12.400,5.478,2.662,9.584
mp-aaabqyqh,118.837,88.558,100.069,30.279,18.767,32.209,30.432,27.335,1.777,4.874
mp-aaabqyqs,52.311,50.840,59.752,1.471,7.441,30.882,29.579,31.085,1.303,0.204
mp-aaabqyrr,174.608,172.320,175.127,2.288,0.520,101.672,102.977,107.983,1.305,6.310
mp-aaabqyrz,82.939,88.461,88.469,5.522,5.530,48.578,38.770,55.160,9.808,6.582
mp-aaabqysi,17.333,36.277,18.680,18.944,1.346,9.683,6.409,11.451,3.274,1.767
mp-aaabqytc,109.770,121.215,121.032,11.445,11.261,25.734,48.001,29.263,22.267,3.529
mp-aaabqytx,78.950,65.379,81.482,13.571,2.531,32.246,28.441,38.911,3.805,6.665
mp-aaabqyue,39.000,47.880,40.939,8.880,1.939,26.893,18.648,26.735,8.245,0.158
mp-aaabqyuy,16.309,48.095,25.379,31.786,9.070,10.256,16.413,10.090,6.157,0.166
mp-aaabqyvh,17.418,68.982,27.436,51.564,10.018,16.181,20.445,15.982,4.264,0.200
mp-aaabqyvo,23.813,37.216,26.726,13.403,2.913,8.857,1.244,11.362,7.613,2.505
mp-aaabqyvq,75.161,108.493,79.727,33.332,4.566,27.468,38.330,33.866,10.862,6.398
mp-aaabqywm,129.736,141.182,97.164,11.446,32.572,57.894,81.603,51.763,23.709,6.131
mp-aaabqyww,61.775,74.455,76.226,12.680,14.451,18.901,25.915,47.687,7.014,28.786
mp-aaabqywz,101.455,123.024,95.159,21.569,6.296,69.242,65.983,68.975,3.259,0.266
mp-aaabqyxe,104.339,104.618,104.319,0.279,0.019,20.034,60.541,39.872,40.507,19.838
mp-aaabqyza,182.363,140.748,184.407,41.615,2.044,83.805,100.181,95.940,16.376,12.135
mp-aaabqyzf,139.500,110.771,125.081,28.729,14.419,49.039,62.175,28.471,13.136,20.568
mp-aaabqyzx,154.187,154.796,166.403,0.609,12.216,77.375,80.896,77.349,3.521,0.026
mp-aaabqzax,47.662,151.307,122.876,103.645,75.214,30.314,42.505,46.618,12.191,16.304
mp-aaabqzca,56.000,59.442,57.241,3.442,1.240,38.877,46.529,37.486,7.652,1.390
mp-aaabqzdf,189.055,170.207,194.588,18.848,5.533,125.847,129.076,147.155,3.229,21.309
mp-aaabqzex,99.038,93.451,82.372,5.587,16.666,42.495,54.478,38.244,11.983,4.250
mp-aaabqzfd,93.932,110.979,103.301,17.047,9.370,57.201,50.600,69.629,6.601,12.428
mp-aaabqzge,136.101,49.008,141.254,87.093,5.153,38.654,27.491,62.251,11.163,23.597
mp-aaabqzgf,158.133,127.674,124.133,30.459,33.999,100.717,72.738,82.454,27.979,18.263
mp-aaabqzgp,33.009,65.290,37.730,32.281,4.722,19.648,17.294,22.593,2.354,2.945
mp-aaabqzgq,235.008,199.697,257.832,35.311,22.823,166.162,122.271,204.112,43.891,37.949
mp-aaabqzhn,109.544,58.031,114.264,51.513,4.720,63.426,54.551,67.371,8.875,3.945
mp-aaabqzht,41.362,34.182,44.194,7.180,2.831,27.799,17.434,28.538,10.365,0.739
mp-aaabqzhy,73.530,90.431,81.903,16.901,8.373,37.661,41.480,30.455,3.819,7.206
mp-aaabqzia,208.667,149.804,183.750,58.863,24.917,46.399,85.966,85.830,39.567,39.431
mp-aaabqzic,162.480,150.872,180.799,11.608,18.319,27.692,56.336,37.136,28.644,9.444
mp-aaabqzij,11.000,51.292,10.130,40.292,0.870,7.030,11.181,6.157,4.151,0.873
mp-aaabqzin,173.624,129.309,146.776,44.315,26.848,73.524,86.399,73.243,12.875,0.281
mp-aaabqzis,154.747,82.218,146.603,72.529,8.143,52.362,46.495,59.076,5.867,6.714
mp-aaabqzix,69.528,107.778,87.332,38.250,17.804,32.355,32.265,38.720,0.090,6.365
mp-aaabqzjc,87.814,86.744,76.722,1.070,11.092,53.911,46.346,35.956,7.565,17.955
mp-aaabqzjq,172.333,133.564,183.559,38.769,11.225,80.230,61.662,77.796,18.568,2.433
mp-aaabqzka,106.168,128.657,112.735,22.489,6.567,66.827,77.223,71.142,10.396,4.314
mp-aaabqzla,86.358,101.166,77.383,14.808,8.975,45.044,29.998,18.544,15.046,26.500
mp-aaabqznu,133.333,132.171,149.732,1.162,16.399,60.792,39.712,68.435,21.080,7.643
mp-aaabqznx,130.171,121.922,135.243,8.249,5.073,97.371,127.030,90.170,29.659,7.201
mp-aaabqzow,100.427,95.103,101.461,5.324,1.033,29.704,32.558,36.077,2.854,6.373
mp-aaabqzoy,17.950,12.240,22.812,5.710,4.862,5.135,8.878,9.467,3.743,4.332
mp-aaabqzpb,213.038,137.635,215.554,75.403,2.516,104.524,101.012,107.892,3.512,3.368
mp-aaabqzrj,108.106,86.024,116.524,22.082,8.418,59.206,45.361,50.150,13.845,9.056
mp-aaabqzrk,84.061,59.693,81.140,24.368,2.921,35.215,36.717,38.034,1.502,2.819
mp-aaabqzrs,69.224,40.876,65.380,28.348,3.844,43.068,23.090,36.595,19.978,6.473
mp-aaabqzsi,103.970,107.849,85.331,3.879,18.639,37.162,40.011,40.998,2.849,3.836
mp-aaabqzsk,72.397,87.872,80.040,15.475,7.643,20.355,36.657,25.989,16.302,5.634
mp-aaabqzsv,64.827,52.738,73.620,12.089,8.793,36.796,38.158,35.503,1.362,1.293
mp-aaabqzta,82.632,59.777,79.779,22.855,2.853,37.932,33.897,34.077,4.035,3.854
mp-aaabqzti,150.187,143.632,143.665,6.555,6.522,65.674,63.160,48.036,2.514,17.638
mp-aaabqztx,84.436,48.735,74.988,35.701,9.448,24.941,38.605,36.913,13.664,11.972
mp-aaabqzvi,28.558,62.303,33.156,33.745,4.598,17.401,26.004,16.878,8.603,0.523
mp-aaabqzvn,76.291,72.356,74.425,3.935,1.866,37.382,35.519,43.080,1.863,5.698
mp-aaabqzwz,19.325,115.739,50.979,96.414,31.654,12.455,20.861,26.163,8.406,13.708
mp-aaabqzxa,181.458,135.266,136.979,46.192,44.479,94.481,106.085,84.529,11.604,9.952
mp-aaabqzxy,80.429,43.349,89.045,37.080,8.616,55.291,37.883,57.702,17.408,2.412
mp-aaabqzzr,213.816,168.667,228.412,45.149,14.596,81.981,94.991,129.735,13.010,47.754
mp-aaabraab,159.630,123.006,136.268,36.624,23.362,45.437,50.630,46.074,5.193,0.636
mp-aaabraed,179.342,163.860,188.200,15.482,8.858,93.368,98.347,94.117,4.979,0.749
mp-aaabraew,70.723,126.266,64.510,55.543,6.213,44.563,33.213,47.649,11.350,3.087
mp-aaabraex,118.856,78.389,114.944,40.467,3.912,67.347,73.319,69.308,5.972,1.961
mp-aaabrafw,183.342,180.683,189.415,2.659,6.074,75.815,75.884,79.342,0.069,3.526
mp-aaabrahj,38.442,38.220,40.274,0.222,1.832,16.195,14.046,21.706,2.149,5.512
mp-aaabrahy,67.591,72.979,61.579,5.388,6.012,24.268,30.694,29.583,6.426,5.315
mp-aaabrajq,79.082,59.706,76.646,19.376,2.436,40.354,36.461,33.690,3.893,6.665
mp-aaabrakg,74.549,55.269,82.710,19.280,8.160,41.131,40.370,46.404,0.761,5.273
mp-aaabralj,62.850,85.536,53.877,22.686,8.973,17.361,34.849,26.897,17.488,9.537
mp-aaabrami,151.037,129.946,177.322,21.091,26.285,92.223,82.130,114.206,10.093,21.983
mp-aaabramo,71.275,86.952,68.923,15.677,2.352,11.577,49.881,37.812,38.304,26.236
mp-aaabraoa,20.666,54.461,31.161,33.795,10.495,0.548,32.644,17.941,32.096,17.392
mp-aaabraoc,144.176,111.863,147.894,32.313,3.718,74.963,57.322,65.446,17.641,9.517
mp-aaabraqd,29.233,70.394,27.102,41.161,2.130,13.447,21.928,13.309,8.481,0.138
mp-aaabrare,190.344,173.977,188.680,16.367,1.664,90.385,65.934,112.882,24.451,22.497
mp-aaabrarz,19.333,-0.928,16.108,20.261,3.225,6.800,6.953,3.288,0.153,3.512
mp-aaabrauj,137.000,87.485,141.488,49.515,4.488,58.393,57.178,59.184,1.215,0.791
mp-aaabrawv,122.000,77.928,122.184,44.072,0.184,48.415,36.181,51.386,12.234,2.971
mp-aaabrbbu,42.108,41.708,44.879,0.400,2.771,26.939,19.174,23.858,7.765,3.081
mp-aaabrbfx,95.316,124.561,95.304,29.245,0.012,52.874,65.392,65.280,12.518,12.406
mp-aaabrbhe,191.764,193.486,205.865,1.722,14.100,113.227,86.688,126.843,26.539,13.616
mp-aaabrbhm,215.260,163.133,212.951,52.127,2.309,80.917,90.205,85.454,9.288,4.536
mp-aaabrbjf,129.518,119.421,132.614,10.097,3.096,60.998,52.802,54.480,8.196,6.518
mp-aaabrbnc,62.710,22.741,66.395,39.969,3.684,35.842,27.858,33.876,7.984,1.966
mp-aaabrbwp,145.985,131.852,157.026,14.133,11.041,71.792,69.427,83.359,2.365,11.568
mp-aaabrbzg,70.791,93.062,66.681,22.271,4.109,19.595,33.250,16.029,13.655,3.566
mp-aaabrdjw,72.950,74.289,55.032,1.339,17.918,5.341,40.958,-3.616,35.617,8.957
mp-aaabrdlw,142.160,137.626,144.551,4.534,2.391,56.177,47.706,51.174,8.471,5.004
mp-aaabrdtm,54.845,62.486,62.303,7.641,7.458,-2.237,32.273,26.608,34.510,28.845
mp-aaabrdwd,170.333,170.198,189.221,0.135,18.888,76.011,78.835,141.320,2.824,65.309
mp-aaabrees,175.422,186.161,192.043,10.739,16.620,40.276,92.634,121.203,52.358,80.927
mp-aaabrefc,36.619,48.578,50.531,11.959,13.911,1.691,23.643,1.551,21.952,0.140
mp-aaabrehe,84.458,72.301,90.808,12.157,6.350,42.113,46.090,59.250,3.977,17.137
mp-aaabrekj,126.700,105.974,131.037,20.726,4.337,66.409,74.800,67.538,8.391,1.128
mp-aaabrenz,102.667,119.614,108.020,16.947,5.353,83.905,52.878,40.324,31.027,43.581
mp-aaabrert,204.744,241.716,226.510,36.972,21.766,179.979,163.339,205.972,16.640,25.993
mp-aaabrfpd,65.903,96.353,76.804,30.450,10.901,23.763,21.413,13.176,2.350,10.587
mp-aaabrfsu,177.734,143.150,173.412,34.584,4.322,52.524,72.146,57.271,19.622,4.747
mp-aaabrgcb,53.333,44.994,64.216,8.339,10.882,15.857,30.258,18.164,14.401,2.307
mp-aaabrgep,197.008,150.776,208.646,46.232,11.638,111.018,104.853,121.531,6.165,10.513
mp-aaabrgvf,13.333,51.385,16.612,38.052,3.278,5.555,8.077,7.678,2.522,2.122
mp-aaabrgvg,52.526,73.153,60.299,20.627,7.773,24.385,28.328,28.738,3.943,4.352
mp-aaabrgvl,82.000,68.226,73.313,13.774,8.687,16.605,28.534,-59.966,11.929,76.571
mp-aaabrgwa,215.986,176.276,234.980,39.710,18.994,117.094,115.065,149.616,2.029,32.522
mp-aaabrgwe,58.701,76.789,52.641,18.088,6.060,38.072,39.408,30.540,1.336,7.532
mp-aaabrgwf,188.659,126.334,138.501,62.325,50.159,59.719,63.149,80.973,3.430,21.255
mp-aaabrgwh,120.085,72.308,125.844,47.777,5.759,49.511,38.172,51.476,11.339,1.965
mp-aaabrgwm,93.976,124.317,103.070,30.341,9.094,49.321,52.784,59.237,3.463,9.916
mp-aaabrgwo,31.166,38.519,36.048,7.353,4.882,25.161,36.021,12.771,10.860,12.389
mp-aaabrgwp,100.000,86.847,94.319,13.153,5.680,43.700,19.123,33.824,24.577,9.876
mp-aaabrgws,171.055,127.403,179.506,43.652,8.451,45.399,48.841,49.295,3.442,3.897
mp-aaabrgwt,28.775,32.940,40.188,4.165,11.413,13.476,11.382,19.559,2.094,6.084
mp-aaabrgwv,11.667,11.451,14.259,0.216,2.592,5.521,6.681,8.085,1.160,2.563
mp-aaabrgxk,95.053,171.232,109.566,76.179,14.513,44.020,47.424,54.659,3.404,10.640
mp-aaabrgzi,2.770,-57.351,2.135,60.121,0.635,1.818,3.781,1.596,1.963,0.222
mp-aaabrgzj,103.080,122.070,103.436,18.990,0.356,56.925,50.045,64.814,6.880,7.889
mp-aaabrgzs,54.108,88.858,52.634,34.750,1.473,30.914,28.068,29.543,2.846,1.371
mp-aaabrhbn,106.279,150.209,124.134,43.930,17.855,62.087,76.219,71.778,14.132,9.691
mp-aaabrhuo,237.863,247.792,243.811,9.929,5.948,124.626,126.947,143.570,2.321,18.944
mp-aaabrhuq,52.150,33.382,57.994,18.768,5.843,20.727,19.814,29.841,0.913,9.114
mp-aaabrizq,182.571,138.809,185.743,43.762,3.172,77.714,83.035,80.079,5.321,2.365
mp-aaabrjau,30.000,47.572,46.436,17.572,16.436,23.969,31.387,29.021,7.418,5.051
mp-aaabrndo,141.028,149.058,127.055,8.030,13.973,93.525,85.547,88.706,7.978,4.819
mp-aaabrock,25.722,37.021,29.689,11.299,3.967,16.432,17.361,17.519,0.929,1.087
mp-aaabrplx,94.466,88.809,100.264,5.657,5.798,53.155,56.175,52.179,3.020,0.976
mp-aaabrpva,155.752,160.490,164.132,4.738,8.380,65.233,76.210,66.268,10.977,1.035
mp-aaabrpwg,47.116,60.333,40.543,13.217,6.573,21.479,29.052,17.028,7.573,4.451
mp-aaabrrft,34.734,33.782,38.307,0.952,3.573,29.289,22.860,23.434,6.429,5.855
mp-aaabrrkf,34.879,36.674,36.367,1.795,1.488,12.802,14.636,19.557,1.834,6.756
mp-aaabrskb,38.465,30.075,29.742,8.390,8.723,24.447,16.906,14.093,7.541,10.355
mp-aaabrsls,78.916,71.249,79.637,7.667,0.721,31.764,30.923,33.844,0.841,2.079
mp-aaabrslt,125.602,82.470,128.539,43.132,2.936,48.481,45.470,60.567,3.011,12.086
mp-aaabrsof,122.763,79.602,107.286,43.161,15.477,72.659,67.520,57.072,5.139,15.588
mp-aaabrsok,58.889,82.399,68.990,23.510,10.101,15.733,30.034,32.924,14.301,17.191
mp-aaabrspq,146.999,139.262,112.797,7.737,34.203,72.551,93.948,66.217,21.397,6.334
mp-aaabrsqg,151.755,74.059,150.775,77.696,0.979,59.606,60.411,60.273,0.805,0.666
mp-aaabrsqq,13.523,-12.630,14.026,26.153,0.503,7.358,7.894,8.918,0.536,1.560
mp-aaabrsux,152.208,94.860,147.572,57.348,4.636,70.315,55.868,70.053,14.447,0.262
mp-aaabrsym,55.637,82.219,96.418,26.582,40.781,36.104,51.873,45.509,15.769,9.405
mp-aaabrtcq,11.187,34.953,13.507,23.766,2.320,4.222,8.583,6.994,4.361,2.772
mp-aaabrtjs,69.516,62.984,71.402,6.532,1.885,37.884,34.071,38.043,3.813,0.159
mp-aaabrtjy,22.557,38.428,28.977,15.871,6.419,13.786,17.430,16.656,3.644,2.870
mp-aaabrtsq,117.077,119.595,151.126,2.518,34.049,89.233,120.472,110.439,31.239,21.206
mp-aaabrtxi,18.962,27.958,24.479,8.996,5.518,10.421,15.723,10.191,5.302,0.230
mp-aaabrtyr,85.208,62.037,77.570,23.171,7.639,25.620,40.093,41.764,14.473,16.145
mp-aaabrucz,71.139,69.118,59.996,2.021,11.143,28.451,27.150,24.720,1.301,3.731
mp-aaabrvfy,86.292,112.685,98.326,26.393,12.034,47.454,50.418,51.076,2.964,3.622
mp-aaabrwaj,99.289,112.137,101.733,12.848,2.444,64.542,56.753,61.042,7.789,3.499
mp-aaabrwfb,140.834,106.969,129.502,33.865,11.332,81.373,74.205,66.313,7.168,15.060
mp-aaabrwpz,154.667,110.728,146.081,43.939,8.585,83.256,64.342,78.051,18.914,5.205
mp-aaabrxbr,161.000,162.266,159.178,1.266,1.822,53.945,55.328,48.524,1.383,5.422
mp-aaabryed,127.010,129.435,120.252,2.425,6.758,47.854,38.035,16.478,9.819,31.376
mp-aaabrzom,56.522,102.004,73.603,45.482,17.081,22.617,42.366,23.132,19.749,0.515
mp-aaabrzsb,16.068,27.965,20.434,11.897,4.367,8.465,10.424,11.789,1.959,3.324
mp-aaabsaua,163.800,126.475,160.801,37.325,2.999,47.003,58.244,38.786,11.241,8.216
mp-aaabscaq,53.834,56.883,62.436,3.049,8.601,18.367,29.106,18.164,10.739,0.203
mp-aaabscgv,22.053,70.432,15.331,48.379,6.722,10.135,23.928,5.073,13.793,5.062
mp-aaabscis,6.097,52.431,6.535,46.334,0.439,13.815,12.959,11.600,0.856,2.214
mp-aaabsdov,217.957,193.382,217.033,24.575,0.924,103.414,112.240,104.659,8.826,1.245
mp-aaabsdoz,33.333,57.983,52.849,24.650,19.516,7.900,22.020,22.044,14.120,14.144
mp-aaabsdqu,115.697,77.620,119.064,38.077,3.367,50.529,49.846,58.629,0.683,8.100
mp-aaabsduo,139.444,106.457,153.840,32.987,14.395,64.819,55.314,73.951,9.505,9.132
mp-aaabsdup,128.208,108.669,137.854,19.539,9.646,63.538,51.521,73.891,12.017,10.353
mp-aaabsdur,194.548,134.280,182.728,60.268,11.820,92.451,81.745,67.856,10.706,24.596
mp-aaabsdus,188.108,181.389,228.962,6.719,40.854,98.371,95.346,131.344,3.025,32.972
mp-aaabsdvr,127.656,133.075,98.833,5.419,28.824,50.580,54.746,48.796,4.166,1.785
mp-aaabsebj,22.201,130.779,44.567,108.578,22.366,14.728,33.658,23.327,18.930,8.599
mp-aaabsebx,200.167,149.750,215.890,50.417,15.722,96.714,100.646,95.813,3.932,0.901
mp-aaabseen,124.000,144.952,132.857,20.952,8.857,56.656,45.597,52.523,11.059,4.133
mp-aaabsegb,177.515,223.299,200.757,45.784,23.241,90.458,96.696,110.743,6.238,20.285
mp-aaabsekm,50.345,142.067,154.278,91.722,103.933,5.847,50.417,71.932,44.570,66.085
mp-aaabsens,196.791,159.831,196.011,36.960,0.781,89.545,87.878,86.791,1.667,2.754
mp-aaabseps,206.715,188.788,202.427,17.927,4.288,108.936,102.829,103.248,6.107,5.689
mp-aaabseql,212.667,159.267,216.965,53.400,4.298,127.497,113.392,134.269,14.105,6.772
mp-aaabsera,228.266,175.848,248.955,52.418,20.688,145.359,137.764,156.854,7.595,11.495
mp-aaabsesq,211.284,150.794,220.107,60.490,8.823,105.976,111.870,98.388,5.894,7.588
mp-aaabsfgq,55.260,81.200,65.110,25.940,9.850,25.725,37.955,38.310,12.230,12.585
mp-aaabsfhf,115.361,75.290,125.970,40.071,10.610,50.091,49.051,59.769,1.040,9.677
mp-aaabsfml,93.631,93.767,97.518,0.136,3.887,39.941,54.795,50.427,14.854,10.485
mp-aaabsgan,160.289,123.119,172.065,37.170,11.776,87.303,74.902,82.418,12.401,4.885
mp-aaabsgaw,105.971,89.092,118.137,16.879,12.166,56.882,50.018,53.659,6.864,3.223
mp-aaabshlc,46.282,66.337,50.531,20.055,4.249,25.126,27.881,22.723,2.755,2.403
mp-aaabsjdl,135.127,79.154,127.939,55.973,7.188,80.793,74.733,68.645,6.060,12.148
mp-aaabsjen,43.508,46.540,38.632,3.032,4.876,16.414,23.956,16.869,7.542,0.454
mp-aaabskga,27.371,121.898,32.265,94.527,4.895,16.506,52.494,7.956,35.988,8.550
mp-aaabsqsc,240.560,190.005,220.075,50.555,20.485,96.725,89.445,89.991,7.280,6.733
mp-aaabsqsd,221.631,232.755,236.236,11.124,14.605,111.705,101.580,115.575,10.125,3.870
mp-aaabwiae,11.445,93.528,0.575,82.083,10.870,11.674,28.044,-4.095,16.370,15.769
mp-aaabwjtz,125.392,134.612,134.164,9.220,8.772,20.445,55.778,32.928,35.333,12.483
mp-aaabwjux,10.333,35.287,13.469,24.954,3.135,6.083,8.397,6.791,2.314,0.708
mp-aaabwpgx,42.528,52.522,45.939,9.994,3.411,15.687,18.103,21.516,2.416,5.829
mp-aaabwzyk,24.710,39.948,26.950,15.238,2.240,15.009,16.843,15.487,1.834,0.478
mp-aaabxaae,39.049,52.326,35.616,13.277,3.434,19.576,18.603,15.559,0.973,4.018
mp-aaabxajc,42.333,17.507,38.391,24.826,3.943,17.496,14.744,12.244,2.752,5.252
mp-aaabxajv,39.333,41.513,38.303,2.180,1.030,23.187,18.227,20.607,4.960,2.580
mp-aaabxajx,76.000,66.348,69.810,9.652,6.190,22.697,15.440,21.962,7.257,0.735
mp-aaabxajz,91.667,85.587,89.902,6.080,1.765,28.086,29.823,26.413,1.737,1.674
mp-aaabxako,53.667,57.818,49.295,4.151,4.371,18.136,23.652,9.651,5.516,8.485
mp-aaabxakp,84.333,75.085,77.836,9.248,6.497,23.902,30.923,24.351,7.021,0.448
mp-aaabxakr,117.667,110.869,150.353,6.798,32.686,-0.343,16.805,20.196,17.148,20.539
mp-aaabxakv,43.667,49.573,42.125,5.906,1.542,17.938,18.259,16.441,0.321,1.497
mp-aaabxaky,78.667,79.411,72.010,0.744,6.657,24.341,25.657,23.909,1.316,0.433
mp-aaabxala,53.667,56.307,51.767,2.640,1.900,19.333,22.188,13.509,2.855,5.824
mp-aaabxaoa,79.000,57.969,70.314,21.031,8.686,27.532,22.022,25.425,5.510,2.108
mp-aaabxaog,48.667,49.551,46.992,0.884,1.675,17.401,16.342,10.348,1.059,7.053
mp-aaabxaom,61.000,51.202,61.115,9.798,0.115,31.703,31.711,27.408,0.008,4.296
mp-aaabxaor,69.000,54.893,76.107,14.107,7.107,31.324,24.166,38.736,7.158,7.412
mp-aaabxaow,252.721,220.657,270.213,32.064,17.492,144.583,131.857,141.804,12.726,2.779
mp-aaabxapc,99.333,98.015,94.312,1.318,5.022,38.473,30.209,48.024,8.264,9.551
mp-aaabxapd,69.000,56.316,74.746,12.684,5.746,3.184,13.589,12.577,10.405,9.393
mp-aaabxapf,182.000,175.427,189.455,6.573,7.455,-2.092,12.448,6.750,14.540,8.842
mp-aaabxapk,44.667,37.373,40.710,7.294,3.957,9.370,12.164,11.557,2.794,2.186
mp-aaabxapl,65.667,78.891,64.446,13.224,1.221,15.568,20.633,29.270,5.065,13.701
mp-aaabxapn,150.667,137.653,145.790,13.014,4.877,40.924,53.385,42.146,12.461,1.222
mp-aaabxapo,59.000,49.526,58.665,9.474,0.335,24.245,24.796,22.662,0.551,1.583
mp-aaabxapp,102.667,89.303,111.597,13.364,8.930,43.656,24.906,33.770,18.750,9.885
mp-aaabxapq,303.392,266.328,314.400,37.064,11.008,160.946,156.158,179.021,4.788,18.075
mp-aaabxapx,160.000,141.714,161.942,18.286,1.942,61.707,55.314,58.494,6.393,3.213
mp-aaabxapz,193.667,181.687,198.583,11.980,4.916,71.388,55.003,72.153,16.385,0.765
mp-aaabxaqa,171.667,151.674,170.490,19.993,1.176,72.381,59.586,61.723,12.795,10.657
mp-aaabxaqb,190.000,168.596,193.502,21.404,3.502,97.232,78.885,78.033,18.347,19.198
mp-aaabxaqd,29.667,28.201,28.375,1.466,1.292,17.780,15.995,15.358,1.785,2.423
mp-aaabxaqf,29.000,21.308,29.883,7.692,0.883,18.937,15.443,15.967,3.494,2.970
mp-aaabxaql,50.333,59.975,56.006,9.642,5.672,20.251,24.969,25.895,4.718,5.644
mp-aaabxaqm,106.333,116.881,119.598,10.548,13.264,41.033,45.299,-394.876,4.266,435.909
mp-aaabxaqn,101.501,68.304,106.015,33.197,4.513,31.148,27.393,37.297,3.755,6.150
mp-aaabxaqq,194.333,199.821,199.439,5.488,5.105,78.535,67.877,79.737,10.658,1.202
mp-aaabxaqs,134.333,127.622,159.209,6.711,24.876,50.180,57.906,62.448,7.726,12.269
mp-aaabxaqu,49.000,34.118,45.511,14.882,3.489,9.435,14.640,16.090,5.205,6.655
mp-aaabxaqv,61.667,45.727,56.936,15.940,4.731,22.525,20.004,24.334,2.521,1.809
mp-aaabxaqw,120.333,87.594,117.145,32.739,3.189,34.423,29.154,19.816,5.269,14.607
mp-aaabxaqx,125.667,107.666,115.764,18.001,9.903,52.323,33.748,28.622,18.575,23.702
mp-aaabxaqz,38.667,33.139,41.740,5.528,3.073,17.864,20.961,17.012,3.097,0.852
mp-aaabxara,222.333,178.499,229.846,43.834,7.513,81.794,74.692,115.597,7.102,33.803
mp-aaabxarb,150.000,121.314,133.542,28.686,16.458,13.195,68.990,48.915,55.795,35.720
mp-aaabxarg,192.333,201.973,197.815,9.640,5.481,75.696,63.442,78.269,12.254,2.573
mp-aaabxatg,67.667,132.892,58.948,65.225,8.718,14.832,12.601,21.117,2.231,6.285
mp-aaabxatp,94.333,80.261,98.888,14.072,4.555,19.500,18.073,14.493,1.427,5.007
mp-aaabxatr,39.667,42.471,39.813,2.804,0.146,10.575,18.159,16.160,7.584,5.585
mp-aaabxats,107.667,81.125,104.802,26.542,2.865,33.843,19.580,21.661,14.263,12.182
mp-aaabxatu,36.372,34.412,32.988,1.960,3.384,25.788,24.386,17.309,1.402,8.479
mp-aaabxayt,2.357,-8.487,9.605,10.844,7.248,1.794,9.872,5.931,8.078,4.136
mp-aaabxayy,47.333,63.049,46.013,15.716,1.320,15.030,22.409,15.113,7.379,0.082
mp-aaabxayz,187.667,122.250,184.192,65.417,3.474,104.587,85.859,81.942,18.728,22.645
mp-aaabxazb,137.333,111.469,132.319,25.864,5.015,44.104,24.790,42.325,19.314,1.779
mp-aaabxazc,39.667,31.100,40.612,8.567,0.945,22.930,22.579,24.791,0.351,1.861
mp-aaabxaze,104.333,101.029,110.141,3.304,5.807,15.684,33.021,28.567,17.337,12.883
mp-aaabxazg,93.000,107.584,96.498,14.584,3.498,27.265,26.765,20.340,0.500,6.925
mp-aaabxazh,78.000,85.273,83.567,7.273,5.567,16.757,20.378,17.808,3.621,1.051
mp-aaabxazi,207.000,217.619,214.452,10.619,7.452,107.122,87.798,101.030,19.324,6.092
mp-aaabxazj,68.667,105.570,49.758,36.903,18.909,17.640,11.497,11.510,6.143,6.130
mp-aaabxazk,43.000,14.826,39.414,28.174,3.586,15.121,17.281,14.190,2.160,0.931
mp-aaabxazo,114.333,65.792,88.187,48.541,26.146,-6.597,15.980,17.589,22.577,24.186
mp-aaabxazp,89.794,100.300,96.786,10.506,6.993,-6.382,22.324,21.712,28.706,28.093
mp-aaabxazw,69.333,72.280,77.565,2.947,8.232,11.212,19.268,10.418,8.056,0.794
mp-aaabxbaa,85.000,90.600,98.905,5.600,13.905,27.346,25.315,12.009,2.031,15.337
mp-aaabxbab,87.000,95.621,79.575,8.621,7.425,36.420,39.644,30.873,3.224,5.547
mp-aaabxbaf,82.333,81.179,88.950,1.154,6.616,15.993,4.403,23.380,11.590,7.387
mp-aaabxbai,234.333,212.253,235.847,22.080,1.514,70.625,86.342,104.510,15.717,33.885
mp-aaabxbaj,160.000,149.641,165.041,10.359,5.041,52.396,30.173,51.587,22.223,0.809
mp-aaabxbam,231.000,200.931,238.012,30.069,7.012,101.691,94.014,102.247,7.677,0.555
mp-aaabxban,49.667,44.152,48.288,5.515,1.379,31.414,26.754,26.082,4.660,5.332
mp-aaabxbbe,102.667,89.519,104.514,13.148,1.847,11.637,9.786,17.095,1.851,5.459
mp-aaabxbbf,182.667,174.308,180.833,8.359,1.834,85.758,92.543,74.772,6.785,10.986
mp-aaabxbbg,86.667,90.343,83.393,3.676,3.274,1.092,12.367,19.928,11.275,18.836
mp-aaabxbbh,54.000,40.224,55.568,13.776,1.568,15.443,20.608,15.362,5.165,0.081
mp-aaabxbbj,116.000,100.346,123.394,15.654,7.394,38.611,39.825,39.059,1.214,0.448
mp-aaabxbbk,120.667,110.367,132.112,10.300,11.445,37.902,35.935,49.253,1.967,11.352
mp-aaabxbbl,37.000,31.972,31.351,5.028,5.649,20.202,15.432,8.786,4.770,11.416
mp-aaabxbbn,34.667,53.746,44.686,19.079,10.020,20.569,12.811,34.888,7.758,14.319
mp-aaabxbbo,34.333,26.672,34.805,7.661,0.471,24.713,26.821,16.523,2.108,8.190
mp-aaabxbbr,179.685,224.826,227.989,45.141,48.304,59.853,48.416,152.821,11.437,92.968
mp-aaabxbbu,57.333,59.237,56.244,1.904,1.090,36.686,27.631,31.564,9.055,5.122
mp-aaabxbbv,41.000,39.179,43.692,1.821,2.692,25.338,22.374,15.227,2.964,10.112
mp-aaabxbbz,185.333,156.315,183.083,29.018,2.250,68.304,47.151,65.085,21.153,3.219
mp-aaabxbcb,193.333,193.671,208.721,0.338,15.387,40.846,67.539,68.026,26.693,27.180
mp-aaabxbcc,190.000,178.710,195.320,11.290,5.320,66.261,66.945,79.945,0.684,13.684
mp-aaabxbcd,52.333,47.391,48.490,4.942,3.844,26.520,29.490,19.094,2.970,7.426
mp-aaabxbce,73.667,76.732,64.968,3.065,8.698,28.562,34.366,22.508,5.804,6.055
mp-aaabxbcg,153.333,107.604,148.999,45.729,4.334,55.945,68.642,48.032,12.697,7.914
mp-aaabxbcj,190.333,173.515,187.392,16.818,2.941,82.866,38.138,72.825,44.728,10.041
mp-aaabxbco,61.000,52.992,53.456,8.008,7.544,-11.014,3.641,-7.864,14.655,3.150
mp-aaabxbcw,146.333,141.780,144.117,4.553,2.217,32.450,22.184,28.208,10.266,4.242
mp-aaabxbcx,252.100,204.107,222.309,47.993,29.791,54.566,59.954,23.671,5.388,30.895
mp-aaabxbda,213.333,196.611,221.517,16.722,8.183,103.556,83.978,86.096,19.578,17.460
mp-aaabxbdb,167.268,187.326,184.098,20.058,16.830,77.398,85.407,80.504,8.009,3.106
mp-aaabxbdf,184.333,151.631,148.930,32.702,35.404,76.142,42.437,46.814,33.705,29.328
mp-aaabxbdp,63.667,63.785,65.992,0.118,2.325,26.768,23.397,23.078,3.371,3.689
mp-aaabxbdq,59.667,49.648,60.125,10.019,0.458,25.090,23.462,24.610,1.628,0.480
mp-aaabxbns,144.333,128.709,121.625,15.624,22.708,-16.143,29.579,24.505,45.722,40.648
mp-aaabxbnv,67.316,74.181,66.495,6.865,0.821,42.731,28.412,43.869,14.319,1.138
mp-aaabxbnw,79.114,99.901,74.943,20.787,4.171,29.484,31.621,34.707,2.137,5.224
mp-aaabxbny,52.667,48.578,48.988,4.089,3.679,14.017,16.027,9.319,2.010,4.698
mp-aaabxbox,199.000,165.971,202.969,33.029,3.969,102.836,113.694,109.307,10.858,6.471
mp-aaabxboy,238.667,191.246,225.526,47.421,13.140,45.183,91.513,56.348,46.330,11.166
mp-aaabxboz,46.862,45.772,36.757,1.090,10.105,13.005,16.192,11.063,3.187,1.942
mp-aaabxbpa,146.000,159.809,169.780,13.809,23.780,65.442,62.060,72.793,3.382,7.351
mp-aaabxbpb,200.667,157.832,190.585,42.835,10.081,91.256,91.176,88.574,0.080,2.682
mp-aaabxbpg,152.000,138.780,169.146,13.220,17.146,104.151,105.704,69.638,1.553,34.513
mp-aaabxbph,147.333,149.810,161.443,2.477,14.110,67.156,88.028,74.589,20.872,7.432
mp-aaabxbpw,124.667,91.470,114.356,33.197,10.311,56.810,50.918,59.429,5.892,2.619
mp-aaabxbqa,166.000,127.170,171.292,38.830,5.292,79.774,84.655,95.045,4.881,15.271
mp-aaabxbqc,104.000,109.996,109.134,5.996,5.134,69.791,68.174,59.856,1.617,9.936
mp-aaabxbqd,42.667,51.090,40.816,8.423,1.851,16.629,18.935,6.625,2.306,10.004
mp-aaabxbqf,108.667,87.919,204.514,20.748,95.847,35.577,36.976,13.733,1.399,21.845
mp-aaabxbqt,160.667,142.286,175.384,18.381,14.717,59.147,76.290,65.815,17.143,6.668
mp-aaabxbqw,113.000,109.875,122.273,3.125,9.273,46.909,45.124,52.228,1.785,5.319
mp-aaabxbqx,81.333,86.051,81.217,4.718,0.116,41.609,32.475,31.952,9.134,9.658
mp-aaabxbqy,85.333,75.694,88.162,9.639,2.828,45.731,37.057,44.918,8.674,0.813
mp-aaabxbrs,137.000,131.686,142.043,5.314,5.043,49.852,54.915,54.809,5.063,4.958
mp-aaabxbrt,145.000,138.969,146.545,6.031,1.545,62.550,54.504,56.812,8.046,5.738
mp-aaabxbse,148.333,140.079,146.285,8.254,2.048,63.479,57.052,64.431,6.427,0.952
mp-aaabxbsh,110.000,95.701,107.781,14.299,2.219,27.708,34.320,36.469,6.612,8.762
mp-aaabxbsi,107.333,96.044,120.724,11.289,13.391,48.691,37.980,51.127,10.711,2.436
mp-aaabxbsj,140.000,131.786,143.282,8.214,3.282,64.583,69.798,58.075,5.215,6.507
mp-aaabxbsk,124.333,113.597,127.180,10.736,2.847,48.895,30.365,50.675,18.530,1.780
mp-aaabxbsl,108.000,110.942,117.606,2.942,9.606,42.496,35.216,48.527,7.280,6.032
mp-aaabxbud,124.000,117.471,130.956,6.529,6.956,52.857,36.489,48.985,16.368,3.872
mp-aaabxbul,122.667,129.849,126.968,7.182,4.301,45.372,44.719,48.010,0.653,2.638
mp-aaabxbum,120.333,123.651,122.387,3.318,2.054,37.907,45.660,45.588,7.753,7.681
mp-aaabxbuz,268.667,259.167,273.008,9.500,4.341,143.183,120.681,132.326,22.502,10.857
mp-aaabxbva,241.333,227.410,236.752,13.923,4.581,132.050,106.833,109.924,25.217,22.126
mp-aaabxbwb,111.667,128.741,117.729,17.074,6.062,38.240,38.176,50.373,0.064,12.133
mp-aaabxbwo,123.000,127.216,127.985,4.216,4.985,49.653,47.937,47.662,1.716,1.991
mp-aaabxbwu,43.333,37.911,40.557,5.422,2.776,21.625,18.905,16.694,2.720,4.931
mp-aaabxbyt,108.667,105.353,117.499,3.314,8.832,43.746,38.851,46.123,4.895,2.377
mp-aaabxbyw,110.333,115.388,116.973,5.055,6.640,39.371,44.317,50.624,4.946,11.252
mp-aaabxbyy,76.000,85.440,86.182,9.440,10.182,45.749,40.838,43.899,4.911,1.850
mp-aaabxbyz,34.667,29.871,32.704,4.796,1.963,5.832,10.945,14.572,5.113,8.740
mp-aaabxbzd,112.333,93.637,113.594,18.696,1.261,47.545,38.806,45.516,8.739,2.029
mp-aaabxbzf,50.333,44.707,48.121,5.626,2.213,33.008,15.141,28.322,17.867,4.686
mp-aaabxbzg,142.667,123.216,124.749,19.451,17.918,31.342,27.985,40.903,3.357,9.561
mp-aaabxbzl,181.000,172.282,184.301,8.718,3.301,100.695,94.008,83.478,6.687,17.216
mp-aaabxbzn,105.667,83.909,111.539,21.758,5.872,45.572,32.529,44.597,13.043,0.975
mp-aaabxbzp,37.905,45.014,32.482,7.109,5.423,20.459,4.628,17.297,15.831,3.162
mp-aaabxcak,297.195,265.341,312.852,31.854,15.657,173.826,150.148,182.613,23.678,8.787
mp-aaabxcam,68.667,57.164,65.953,11.503,2.714,32.091,21.521,29.000,10.570,3.091
mp-aaabxcan,326.044,306.436,313.572,19.608,12.472,204.294,179.885,186.136,24.409,18.159
mp-aaabxcay,216.333,147.603,208.576,68.730,7.757,113.531,84.935,108.644,28.596,4.887
mp-aaabxcaz,55.631,33.990,22.877,21.641,32.754,13.569,2.959,5.433,10.610,8.136
mp-aaabxcba,146.333,136.835,152.189,9.498,5.856,94.310,90.910,69.763,3.400,24.547
mp-aaabxcbc,317.168,260.129,333.027,57.039,15.858,179.280,161.357,182.411,17.923,3.130
mp-aaabxcbi,174.667,176.974,185.396,2.307,10.729,62.945,71.302,73.061,8.357,10.116
mp-aaabxcbl,33.333,17.532,36.173,15.801,2.839,19.821,13.098,22.498,6.723,2.677
mp-aaabxcbp,58.580,57.895,47.266,0.685,11.314,34.764,34.934,19.738,0.170,15.026
mp-aaabxcbr,44.000,39.415,41.640,4.585,2.360,19.930,23.636,16.288,3.706,3.643
mp-aaabxcbs,321.406,311.820,327.555,9.586,6.149,185.771,167.041,199.797,18.730,14.026
mp-aaabxcbu,270.333,175.985,254.684,94.348,15.650,117.796,105.296,96.960,12.500,20.836
mp-aaabxccb,139.333,117.882,156.907,21.451,17.573,186.800,136.039,43.125,50.761,143.675
mp-aaabxccd,31.667,40.800,27.561,9.133,4.105,17.969,18.510,5.810,0.541,12.158
mp-aaabxcce,29.333,23.845,27.833,5.488,1.500,20.071,16.509,13.591,3.562,6.480
mp-aaabxcdb,308.313,285.557,330.166,22.756,21.854,168.482,166.196,185.443,2.286,16.961
mp-aaabxcdc,76.824,88.177,77.799,11.353,0.975,56.828,46.074,56.272,10.754,0.556
mp-aaabxcdd,145.000,100.361,129.990,44.639,15.010,37.488,34.801,39.201,2.687,1.713
mp-aaabxcde,92.204,135.340,106.538,43.136,14.334,43.639,49.815,15.481,6.176,28.158
mp-aaabxcdi,50.667,57.023,44.575,6.356,6.092,28.442,14.142,22.216,14.300,6.226
mp-aaabxcdj,71.667,61.129,75.819,10.538,4.152,19.724,13.407,12.493,6.317,7.231
mp-aaabxcdk,86.108,64.821,91.973,21.287,5.865,39.464,39.600,38.618,0.136,0.845
mp-aaabxcdm,141.667,120.829,135.566,20.838,6.100,47.799,38.129,49.032,9.670,1.233
mp-aaabxcdn,38.667,26.382,39.085,12.285,0.419,20.904,20.206,24.030,0.698,3.126
mp-aaabxcdp,219.000,192.313,223.158,26.687,4.158,127.386,115.973,118.566,11.413,8.820
mp-aaabxcdt,70.667,66.670,70.462,3.997,0.204,29.028,24.267,32.681,4.761,3.652
mp-aaabxcdx,42.333,37.856,41.789,4.477,0.545,19.842,18.215,17.464,1.627,2.378
mp-aaabxcdz,152.182,131.129,132.833,21.053,19.349,90.722,73.964,62.142,16.758,28.580
mp-aaabxcea,65.667,64.935,69.936,0.732,4.270,12.234,14.523,23.396,2.289,11.161
mp-aaabxcec,111.867,91.295,114.120,20.572,2.254,53.619,58.938,55.418,5.319,1.799
mp-aaabxcee,146.000,121.048,144.774,24.952,1.226,59.258,51.462,59.057,7.796,0.201
mp-aaabxcek,24.552,84.089,28.473,59.537,3.920,17.192,15.265,18.903,1.927,1.711
mp-aaabxcel,179.333,176.855,173.332,2.478,6.001,118.818,115.727,112.460,3.091,6.359
mp-aaabxcem,43.333,40.544,42.270,2.789,1.063,19.166,22.023,23.111,2.857,3.945
mp-aaabxceo,211.333,205.524,211.317,5.809,0.017,97.552,95.810,107.779,1.742,10.227
mp-aaabxcep,185.333,178.230,191.516,7.103,6.183,113.116,119.038,102.810,5.922,10.306
mp-aaabxcer,74.790,79.642,76.350,4.852,1.560,56.704,39.910,44.342,16.794,12.362
mp-aaabxces,56.667,65.793,50.378,9.126,6.289,16.791,20.966,19.654,4.175,2.862
mp-aaabxcet,235.000,229.389,243.433,5.611,8.433,122.021,103.463,118.168,18.558,3.853
mp-aaabxceu,270.667,250.228,264.426,20.439,6.241,140.705,140.699,124.875,0.006,15.830
mp-aaabxcew,79.667,78.265,85.009,1.402,5.342,32.100,30.771,28.585,1.329,3.515
mp-aaabxcex,92.333,98.423,94.365,6.090,2.032,32.932,27.136,31.702,5.796,1.229
mp-aaabxcey,123.667,129.637,126.607,5.970,2.940,29.630,16.605,23.178,13.025,6.453
mp-aaabxcez,221.000,232.208,212.869,11.208,8.131,108.357,84.442,101.292,23.915,7.065
mp-aaabxcfa,201.333,167.599,193.461,33.734,7.873,80.534,108.624,85.024,28.090,4.491
mp-aaabxcfe,101.000,102.004,102.251,1.004,1.251,30.830,32.044,40.607,1.214,9.776
mp-aaabxcfg,137.000,121.543,140.403,15.457,3.403,60.222,54.666,55.596,5.556,4.626
mp-aaabxcfh,227.333,183.429,223.489,43.904,3.845,99.722,106.195,98.676,6.473,1.046
mp-aaabxcfi,189.112,180.597,179.418,8.515,9.694,188.077,150.530,44.778,37.547,143.299
mp-aaabxcfj,180.667,154.232,185.840,26.435,5.173,80.474,89.818,91.194,9.344,10.720
mp-aaabxcfk,66.551,65.567,68.757,0.984,2.206,24.194,21.487,17.584,2.707,6.610
mp-aaabxcfl,97.667,95.837,93.825,1.830,3.841,36.583,31.114,25.828,5.469,10.755
mp-aaabxcfn,80.333,76.347,77.357,3.986,2.977,34.003,34.888,33.435,0.885,0.568
mp-aaabxcfo,26.667,35.890,22.109,9.223,4.558,16.236,20.873,8.428,4.637,7.808
mp-aaabxcfp,27.667,36.874,22.870,9.207,4.797,21.307,23.411,8.969,2.104,12.338
mp-aaabxcfr,207.667,177.930,210.697,29.737,3.031,80.508,82.908,78.274,2.400,2.234
mp-aaabxcft,219.333,170.833,223.583,48.500,4.250,89.333,98.977,88.212,9.644,1.120
mp-aaabxcfv,54.000,53.510,51.017,0.490,2.983,18.937,19.570,17.931,0.633,1.006
mp-aaabxcfw,78.667,74.942,72.993,3.725,5.673,23.155,19.419,22.263,3.736,0.892
mp-aaabxcfy,149.000,146.754,157.932,2.246,8.932,59.662,66.516,70.056,6.854,10.395
mp-aaabxcga,64.773,61.982,60.185,2.791,4.589,16.314,26.116,31.418,9.802,15.104
mp-aaabxcgb,64.333,65.415,58.866,1.082,5.468,27.764,22.321,21.991,5.443,5.772
mp-aaabxcgc,57.667,56.908,52.466,0.759,5.200,21.994,18.802,11.703,3.192,10.291
mp-aaabxcgf,97.000,87.443,95.365,9.557,1.635,22.914,10.263,14.193,12.651,8.721
mp-aaabxcgi,26.000,33.879,24.379,7.879,1.621,15.372,22.197,10.703,6.825,4.669
mp-aaabxcgk,62.333,62.745,60.771,0.412,1.562,26.520,26.032,24.368,0.488,2.153
mp-aaabxcgl,73.333,62.246,70.141,11.087,3.192,-13.310,15.128,12.333,28.438,25.643
mp-aaabxcgn,31.000,38.291,29.504,7.291,1.496,14.392,8.667,14.116,5.725,0.275
mp-aaabxcgp,45.000,56.557,45.169,11.557,0.169,19.776,5.142,15.276,14.634,4.500
mp-aaabxcgs,57.606,56.008,56.540,1.598,1.066,27.485,32.000,21.531,4.515,5.954
mp-aaabxcgw,52.934,47.215,56.260,5.719,3.326,22.599,19.671,29.282,2.928,6.682
mp-aaabxcgx,54.000,48.645,50.175,5.355,3.825,23.164,21.102,17.076,2.062,6.089
mp-aaabxcgy,66.601,77.025,67.182,10.424,0.581,44.241,32.688,32.826,11.553,11.415
mp-aaabxcgz,40.000,40.178,39.185,0.178,0.815,23.149,20.870,21.456,2.279,1.693
mp-aaabxchb,55.333,58.696,50.536,3.363,4.797,25.971,18.745,23.567,7.226,2.403
mp-aaabxchj,54.333,53.250,52.473,1.083,1.860,26.275,19.163,26.127,7.112,0.149
mp-aaabxchl,19.231,24.289,14.338,5.058,4.894,12.000,24.167,6.233,12.167,5.768
mp-aaabxchq,128.667,122.695,129.446,5.972,0.779,133.429,71.248,38.022,62.181,95.406
mp-aaabxchr,125.333,111.773,119.206,13.560,6.127,36.111,54.458,44.652,18.347,8.542
mp-aaabxchu,230.667,224.843,243.898,5.824,13.231,113.622,115.012,145.579,1.390,31.956
mp-aaabxchv,324.921,281.433,330.941,43.488,6.021,174.994,166.946,190.451,8.048,15.457
mp-aaabxchx,231.000,215.750,227.280,15.250,3.720,111.598,121.458,111.347,9.860,0.250
mp-aaabxcic,54.667,52.077,48.435,2.590,6.232,18.850,25.503,22.344,6.653,3.494
mp-aaabxcie,61.667,52.660,59.042,9.007,2.625,31.714,33.112,26.196,1.398,5.518
mp-aaabxcig,247.000,206.908,253.998,40.092,6.998,108.575,97.404,102.850,11.171,5.724
mp-aaabxcil,44.000,42.350,46.354,1.650,2.354,19.877,9.224,15.278,10.653,4.599
mp-aaabxcin,36.333,1.462,29.407,34.871,6.926,18.233,12.490,13.056,5.743,5.178
mp-aaabxcio,283.544,229.532,276.414,54.012,7.130,112.453,120.128,100.970,7.675,11.484
mp-aaabxciv,80.333,70.258,92.455,10.075,12.121,17.743,16.464,24.322,1.279,6.579
mp-aaabxcjd,102.667,76.223,108.101,26.444,5.434,13.515,16.428,27.095,2.913,13.580
mp-aaabxcje,201.000,131.868,191.724,69.132,9.276,42.454,35.980,45.186,6.474,2.732
mp-aaabxcjf,82.000,86.497,83.471,4.497,1.471,15.592,13.174,27.319,2.418,11.727
mp-aaabxcjk,122.667,88.114,118.722,34.553,3.945,73.651,52.779,84.926,20.872,11.275
mp-aaabxcjl,110.000,86.206,113.873,23.794,3.873,15.624,21.103,23.696,5.479,8.072
mp-aaabxcju,99.333,79.808,98.303,19.525,1.031,24.826,13.662,18.885,11.164,5.941
mp-aaabxcjv,172.667,133.954,186.215,38.713,13.548,49.212,34.860,38.926,14.352,10.287
mp-aaabxcjw,133.333,77.617,135.425,55.716,2.092,57.430,60.627,56.109,3.197,1.321
mp-aaabxckb,77.667,77.767,74.484,0.100,3.182,15.268,15.688,18.464,0.420,3.196
mp-aaabxckc,86.333,60.051,79.330,26.282,7.003,12.967,21.053,29.660,8.086,16.693
mp-aaabxckf,74.667,63.166,66.636,11.501,8.031,31.617,32.771,25.119,1.154,6.498
mp-aaabxckg,63.667,57.906,63.142,5.761,0.525,20.688,25.590,22.295,4.902,1.607
mp-aaabxckh,176.000,162.446,174.229,13.554,1.771,34.921,27.620,36.180,7.301,1.259
mp-aaabxcki,95.657,80.017,98.747,15.640,3.090,48.965,48.053,47.691,0.912,1.274
mp-aaabxckk,45.000,28.601,39.286,16.399,5.714,22.161,17.270,15.148,4.891,7.013
mp-aaabxckl,203.003,205.732,217.458,2.729,14.455,149.118,130.733,148.490,18.385,0.628
mp-aaabxckn,71.000,139.966,55.147,68.966,15.853,20.400,26.745,10.239,6.345,10.161
mp-aaabxcks,159.303,125.253,137.117,34.050,22.186,51.776,36.345,36.546,15.431,15.230
mp-aaabxckt,141.431,110.065,181.679,31.366,40.248,50.477,41.836,55.093,8.641,4.616
mp-aaabxcky,66.667,62.766,54.323,3.901,12.344,-6.655,5.087,-3.392,11.742,3.263
mp-aaabxckz,108.667,105.117,118.235,3.550,9.569,59.370,63.302,65.832,3.932,6.462
mp-aaabxcla,104.667,73.721,110.190,30.946,5.523,61.841,46.463,49.510,15.378,12.331
mp-aaabxclb,105.667,61.721,105.509,43.946,0.158,60.992,35.573,49.671,25.419,11.321
mp-aaabxclc,111.000,93.181,116.740,17.819,5.740,56.693,44.569,61.180,12.124,4.487
mp-aaabxcld,90.648,69.018,98.669,21.630,8.021,6.230,38.323,41.719,32.093,35.489
mp-aaabxclg,24.832,56.254,15.783,31.422,9.049,6.953,10.027,4.761,3.074,2.192
mp-aaabxcli,194.667,145.005,178.139,49.662,16.528,79.941,67.461,63.630,12.480,16.311
mp-aaabxclj,29.256,78.507,23.159,49.251,6.097,7.996,14.929,6.191,6.933,1.805
mp-aaabxclk,83.667,82.403,85.109,1.264,1.442,10.646,14.075,13.752,3.429,3.105
mp-aaabxclm,66.333,48.031,64.852,18.302,1.481,17.773,13.445,14.102,4.328,3.670
mp-aaabxcln,100.667,82.509,95.284,18.158,5.383,11.461,9.959,24.602,1.502,13.141
mp-aaabxcls,91.333,81.972,101.715,9.361,10.382,10.010,5.828,24.149,4.182,14.139
mp-aaabxclt,42.000,34.268,41.203,7.732,0.797,22.408,22.009,19.634,0.399,2.773
mp-aaabxclu,66.333,52.645,63.945,13.688,2.389,27.760,16.035,18.309,11.725,9.452
mp-aaabxclv,49.000,32.331,45.108,16.669,3.892,24.530,14.733,16.433,9.797,8.097
mp-aaabxclw,67.000,54.477,67.493,12.523,0.493,24.589,14.955,22.461,9.634,2.128
mp-aaabxclx,84.000,87.483,86.408,3.483,2.408,28.799,20.695,22.419,8.104,6.380
mp-aaabxcly,87.667,88.612,83.338,0.945,4.329,34.546,29.990,22.269,4.556,12.277
mp-aaabxclz,98.667,98.313,96.107,0.354,2.560,41.114,36.239,45.216,4.875,4.102
mp-aaabxcma,45.000,37.877,41.346,7.123,3.654,26.722,14.616,23.633,12.106,3.089
mp-aaabxcmc,60.000,48.009,56.847,11.991,3.153,10.797,7.774,5.776,3.023,5.021
mp-aaabxcmd,78.667,72.284,76.890,6.383,1.777,6.206,10.746,14.279,4.540,8.073
mp-aaabxcme,60.667,42.846,57.568,17.821,3.099,16.524,13.973,14.307,2.551,2.217
mp-aaabxcmh,92.333,96.580,91.198,4.247,1.135,33.561,27.828,37.566,5.733,4.005
mp-aaabxcmi,111.667,109.571,117.003,2.096,5.336,38.667,42.053,30.240,3.386,8.427
mp-aaabxcmj,108.333,117.365,109.303,9.032,0.969,17.106,22.014,28.034,4.908,10.928
mp-aaabxcmk,89.667,83.349,93.843,6.318,4.177,19.229,9.869,22.090,9.360,2.861
mp-aaabxcml,56.000,48.790,53.513,7.210,2.487,23.476,18.319,15.420,5.157,8.056
mp-aaabxcmn,136.380,126.675,152.720,9.705,16.340,47.008,37.160,45.715,9.848,1.293
mp-aaabxcmo,40.333,42.457,39.452,2.124,0.882,22.297,20.276,21.688,2.021,0.609
mp-aaabxcmp,66.000,67.596,70.818,1.596,4.818,11.357,7.544,14.315,3.813,2.958
mp-aaabxcmr,80.333,80.622,84.899,0.289,4.565,-29.041,-6.435,18.357,22.606,47.398
mp-aaabxcmx,187.333,174.804,193.324,12.529,5.990,91.729,71.667,81.153,20.062,10.575
mp-aaabxcmy,80.667,66.116,80.477,14.551,0.190,6.382,10.108,13.963,3.726,7.581
mp-aaabxcne,40.333,45.647,39.702,5.314,0.631,22.297,20.671,21.387,1.626,0.911
mp-aaabxcnj,71.667,68.391,72.757,3.276,1.090,23.127,12.828,14.858,10.299,8.269
mp-aaabxcnm,65.667,65.216,60.410,0.451,5.257,68.033,20.262,13.245,47.771,54.789
mp-aaabxcnn,49.667,32.352,44.578,17.315,5.088,11.461,12.611,15.792,1.150,4.331
mp-aaabxcno,42.000,38.391,33.645,3.609,8.355,15.592,9.823,12.475,5.769,3.117
mp-aaabxcnq,38.000,25.753,38.430,12.247,0.430,30.830,21.412,26.379,9.418,4.451
mp-aaabxcnu,39.667,25.007,37.063,14.660,2.604,30.226,20.715,25.340,9.511,4.885
mp-aaabxcnw,61.333,63.032,59.519,1.699,1.814,5.555,12.040,17.228,6.485,11.673
mp-aaabxcny,59.000,42.749,55.778,16.251,3.222,24.926,15.797,21.565,9.129,3.361
mp-aaabxcoc,59.000,54.488,58.132,4.512,0.868,18.087,12.632,17.101,5.455,0.986
mp-aaabxcod,43.333,31.672,39.860,11.661,3.474,14.386,12.268,14.603,2.118,0.217
mp-aaabxcof,44.333,23.001,31.770,21.332,12.564,12.525,5.612,16.978,6.913,4.454
mp-aaabxcoi,40.000,30.928,39.273,9.072,0.727,23.968,25.961,24.638,1.993,0.670
mp-aaabxcoj,36.333,36.520,35.221,0.187,1.112,18.848,7.569,15.025,11.279,3.822
mp-aaabxcoo,117.667,101.748,118.817,15.919,1.151,52.274,28.617,45.139,23.657,7.135
mp-aaabxcoq,83.667,77.255,94.440,6.412,10.773,18.285,15.571,22.865,2.714,4.580
mp-aaabxcow,42.667,31.721,38.295,10.946,4.371,26.264,16.377,19.997,9.887,6.267
mp-aaabxcoy,39.000,43.753,39.341,4.753,0.341,23.149,20.986,21.889,2.163,1.260
mp-aaabxcpa,65.333,66.281,68.853,0.948,3.519,18.833,14.017,14.578,4.816,4.255
mp-aaabxcpd,39.667,40.740,38.950,1.073,0.717,22.362,18.356,21.105,4.006,1.257
mp-aaabxcpi,83.000,82.023,81.140,0.977,1.860,7.849,10.507,15.755,2.658,7.906
mp-aaabxcpl,86.667,108.548,88.748,21.881,2.081,23.567,25.106,27.506,1.539,3.939
mp-aaabxcpn,64.000,66.077,64.714,2.077,0.714,23.455,22.653,21.401,0.802,2.054
mp-aaabxcpo,69.230,77.509,70.412,8.279,1.181,41.997,36.059,46.458,5.938,4.461
mp-aaabxcpp,60.667,50.711,60.170,9.956,0.496,27.988,27.096,23.916,0.892,4.071
mp-aaabxcps,144.821,195.846,164.787,51.025,19.966,110.388,102.265,114.669,8.123,4.280
mp-aaabxcpx,78.667,81.214,81.686,2.547,3.019,22.533,19.016,24.057,3.517,1.524
mp-aaabxcpy,61.000,60.846,57.597,0.154,3.403,21.190,17.608,14.424,3.582,6.766
mp-aaabxcqb,59.071,71.906,56.894,12.835,2.176,37.811,33.736,34.960,4.075,2.852
mp-aaabxcqc,58.667,62.536,58.684,3.869,0.018,20.494,27.049,15.648,6.555,4.846
mp-aaabxcqe,52.333,49.256,51.049,3.077,1.285,23.187,16.148,18.656,7.039,4.532
mp-aaabxcrd,105.524,80.970,105.997,24.554,0.473,49.968,66.957,53.129,16.989,3.161
mp-aaabxctg,72.974,95.396,103.301,22.422,30.327,-17.141,24.620,28.885,41.761,46.026
mp-aaabxczz,37.333,38.546,27.902,1.213,9.431,22.709,11.652,6.940,11.057,15.769
mp-aaabxdaf,39.333,49.003,41.310,9.670,1.977,19.167,20.031,16.837,0.864,2.329
mp-aaabxdag,42.333,33.429,32.675,8.904,9.658,25.589,13.283,18.177,12.306,7.412
mp-aaabxdai,47.669,36.926,42.800,10.743,4.869,35.293,24.951,18.667,10.342,16.626
mp-aaabxdpj,59.333,50.266,61.231,9.067,1.897,28.864,25.812,26.785,3.052,2.079
mp-aaabxdpk,97.333,104.062,91.486,6.729,5.848,33.383,31.757,29.415,1.626,3.968
mp-aaabxdpm,62.667,64.163,60.995,1.496,1.672,21.250,25.411,21.301,4.161,0.051
mp-aaabxdpn,56.333,54.412,54.273,1.921,2.061,19.166,22.889,17.526,3.723,1.640
mp-aaabxdpr,57.667,51.301,56.405,6.366,1.262,15.436,17.407,14.116,1.971,1.319
mp-aaabxdpw,66.333,59.648,66.559,6.685,0.226,24.647,30.920,26.796,6.273,2.149
mp-aaabxdpz,65.000,64.793,63.442,0.207,1.558,28.026,25.022,21.622,3.004,6.404
mp-aaabxdqa,92.333,82.312,84.842,10.021,7.491,35.558,19.503,25.979,16.055,9.579
mp-aaabxdqb,81.000,82.687,80.613,1.687,0.387,26.972,18.553,26.390,8.419,0.582
mp-aaabxdqd,83.333,70.301,81.673,13.032,1.661,31.396,11.726,27.271,19.670,4.125
mp-aaabxdqe,54.667,54.015,53.345,0.652,1.322,25.912,22.024,24.835,3.888,1.078
mp-aaabxdqf,62.333,59.204,61.276,3.129,1.057,22.265,23.249,23.411,0.984,1.147
mp-aaabxdqg,64.667,47.181,65.231,17.486,0.565,26.000,23.342,23.903,2.658,2.097
mp-aaabxdqh,65.333,57.277,62.431,8.056,2.902,24.326,22.741,26.653,1.585,2.327
mp-aaabxdqi,61.667,57.586,53.532,4.081,8.135,19.686,23.766,12.844,4.080,6.842
mp-aaabxdqj,78.455,79.718,79.540,1.263,1.085,25.764,23.524,25.903,2.240,0.139
mp-aaabxdql,185.667,200.431,182.349,14.764,3.318,78.520,71.454,75.783,7.066,2.737
mp-aaabxdqq,71.333,66.782,70.528,4.551,0.805,23.000,22.670,21.643,0.330,1.357
mp-aaabxdqr,73.667,70.076,74.102,3.591,0.435,21.394,23.865,25.318,2.471,3.924
mp-aaabxdqs,64.333,60.477,62.047,3.856,2.286,21.200,23.894,16.665,2.694,4.535
mp-aaabxdqw,185.667,162.946,179.744,22.721,5.922,83.583,88.659,74.916,5.076,8.667
mp-aaabxdrc,54.667,62.664,55.433,7.997,0.766,23.091,27.978,24.017,4.887,0.926
mp-aaabxdrd,55.667,53.164,48.557,2.503,7.110,30.111,30.570,20.406,0.459,9.705
mp-aaabxdre,49.000,51.862,47.720,2.862,1.280,29.391,18.816,19.678,10.575,9.714
mp-aaabxdri,54.333,48.647,51.813,5.686,2.521,28.166,22.761,22.898,5.405,5.268
mp-aaabxdrj,50.333,53.038,48.213,2.705,2.120,18.903,20.381,19.463,1.478,0.560
mp-aaabxdrk,45.667,48.270,45.096,2.603,0.570,21.056,15.195,20.268,5.861,0.788
mp-aaabxdrl,48.667,51.487,49.473,2.820,0.806,27.043,21.857,19.102,5.186,7.940
mp-aaabxdrn,16.667,10.031,15.847,6.636,0.820,10.600,10.400,7.824,0.200,2.776
mp-aaabxdrp,324.666,283.453,337.575,41.213,12.909,203.219,163.850,214.917,39.369,11.698
mp-aaabxdrq,38.000,3.279,27.678,34.721,10.322,18.816,17.015,12.582,1.801,6.234
mp-aaabxdrr,144.667,123.582,141.420,21.085,3.246,52.421,35.953,52.381,16.468,0.040
mp-aaabxdrt,97.667,124.332,85.691,26.665,11.975,34.447,28.757,21.279,5.690,13.168
mp-aaabxdrv,95.000,105.169,94.817,10.169,0.183,26.763,26.845,31.079,0.082,4.316
mp-aaabxdrw,98.000,111.882,94.412,13.882,3.588,32.804,26.695,27.594,6.109,5.210
mp-aaabxdrx,89.667,99.392,78.339,9.725,11.327,28.591,9.429,24.056,19.162,4.534
mp-aaabxdsa,139.333,133.290,148.192,6.043,8.859,29.225,38.585,40.012,9.360,10.787
mp-aaabxdse,136.000,115.956,140.622,20.044,4.622,9.595,19.173,28.603,9.578,19.009
mp-aaabxdsf,89.333,83.271,92.173,6.062,2.840,27.072,20.893,31.802,6.179,4.731
mp-aaabxdsh,155.333,145.663,165.538,9.670,10.205,60.705,49.670,68.444,11.035,7.738
mp-aaabxdsm,97.000,102.788,97.461,5.788,0.461,34.064,21.480,26.778,12.584,7.285
mp-aaabxdsn,91.333,80.679,87.554,10.654,3.780,28.349,17.265,28.563,11.084,0.214
mp-aaabxdso,139.333,109.137,123.376,30.196,15.957,-25.063,-18.864,35.571,6.199,60.634
mp-aaabxdsp,126.333,111.251,141.630,15.082,15.296,161.535,119.554,29.875,41.981,131.660
mp-aaabxdsq,114.000,123.939,110.300,9.939,3.700,42.833,29.085,34.619,13.748,8.214
mp-aaabxdsr,50.333,52.109,53.297,1.776,2.964,29.817,18.395,32.575,11.422,2.758
mp-aaabxdss,101.667,104.215,106.003,2.548,4.336,28.556,27.350,32.754,1.206,4.199
mp-aaabxdst,125.333,116.306,133.180,9.027,7.847,51.629,50.596,46.539,1.033,5.090
mp-aaabxdsu,111.667,144.229,99.859,32.562,11.808,38.654,22.486,25.053,16.168,13.601
mp-aaabxdsv,92.333,90.178,89.017,2.155,3.317,28.396,16.165,26.946,12.231,1.449
mp-aaabxdsx,67.000,71.908,65.289,4.908,1.711,25.741,23.346,22.964,2.395,2.778
mp-aaabxdsy,51.333,48.697,49.431,2.636,1.902,22.160,20.435,18.509,1.725,3.650
mp-aaabxdtd,90.592,82.657,97.284,7.935,6.692,44.547,50.421,42.552,5.874,1.995
mp-aaabxdte,121.333,124.979,130.500,3.646,9.167,25.138,19.257,25.063,5.881,0.075
mp-aaabxdtl,16.459,25.267,20.460,8.808,4.001,8.031,12.349,7.927,4.318,0.104
mp-aaabxdtn,11.000,14.796,13.875,3.796,2.875,6.814,9.763,7.964,2.949,1.150
mp-aaabxdto,35.000,19.842,22.303,15.158,12.697,16.178,9.802,6.172,6.376,10.006
mp-aaabxezt,30.333,34.273,29.238,3.940,1.095,12.798,5.682,12.992,7.116,0.194
mp-aaabxezu,44.667,46.658,44.094,1.991,0.573,22.728,24.332,19.482,1.604,3.246
mp-aaabxezv,88.667,81.983,101.377,6.684,12.710,15.886,22.212,24.888,6.326,9.002
mp-aaabxezx,66.333,67.945,69.654,1.612,3.320,28.977,25.450,42.540,3.527,13.563
mp-aaabxezy,45.000,49.505,43.449,4.505,1.551,19.095,15.379,17.364,3.716,1.730
mp-aaabxfac,163.667,168.154,172.348,4.487,8.681,81.919,70.222,90.849,11.697,8.930
mp-aaabxfad,132.333,121.732,132.779,10.601,0.446,34.801,25.539,25.307,9.262,9.494
mp-aaabxfae,104.000,140.456,115.011,36.456,11.011,20.518,44.527,12.093,24.009,8.425
mp-aaabxfag,47.000,51.275,44.891,4.275,2.109,27.072,20.039,22.992,7.033,4.081
mp-aaabxfah,105.667,121.017,101.005,15.350,4.662,22.369,24.349,26.755,1.980,4.386
mp-aaabxfai,46.333,48.592,42.673,2.259,3.660,22.656,15.583,15.024,7.073,7.632
mp-aaabxfak,70.667,73.199,72.784,2.532,2.117,34.000,7.184,36.970,26.816,2.970
mp-aaabxfam,4.583,76.160,5.453,71.577,0.869,2.400,1.889,-5.166,0.511,7.566
mp-aaabxfan,2.932,9.280,6.939,6.348,4.007,2.339,8.122,2.295,5.783,0.044
mp-aaabxfao,32.000,38.106,35.717,6.106,3.717,8.895,17.265,9.367,8.370,0.471
mp-aaabxfaq,42.667,33.940,42.654,8.727,0.012,22.429,26.590,19.967,4.161,2.462
mp-aaabxfas,95.333,108.378,94.412,13.045,0.921,30.469,29.078,28.515,1.391,1.953
mp-aaabxfat,127.333,114.950,135.954,12.383,8.621,-27.700,18.720,10.556,46.420,38.256
mp-aaabxfau,131.000,121.943,133.039,9.057,2.039,47.923,42.522,52.820,5.401,4.896
mp-aaabxfav,124.667,158.700,127.219,34.033,2.552,34.656,36.758,36.092,2.102,1.435
mp-aaabxfaw,122.000,110.110,103.670,11.890,18.330,24.548,6.370,33.245,18.178,8.697
mp-aaabxfay,67.000,62.473,61.497,4.527,5.503,14.381,17.087,13.066,2.706,1.315
mp-aaabxfaz,52.333,50.920,51.745,1.413,0.588,20.094,16.335,20.733,3.759,0.639
mp-aaabxfba,43.000,45.203,44.755,2.203,1.755,22.500,20.238,24.313,2.262,1.813
mp-aaabxfbb,175.000,150.998,174.382,24.002,0.618,56.297,31.724,58.734,24.573,2.438
mp-aaabxfbd,57.667,58.631,53.086,0.964,4.581,19.724,17.177,15.539,2.547,4.185
mp-aaabxfbj,240.333,202.461,245.837,37.872,5.504,104.865,96.634,105.519,8.231,0.654
mp-aaabxfbk,234.333,213.467,242.554,20.866,8.220,108.171,94.199,94.673,13.972,13.498
mp-aaabxfbl,45.542,84.925,40.841,39.383,4.701,20.311,11.072,23.410,9.239,3.100
mp-aaabxfbr,194.465,189.759,188.451,4.706,6.014,146.375,99.695,109.990,46.680,36.385
mp-aaabxfbu,272.333,231.737,278.078,40.596,5.745,131.427,114.892,133.789,16.535,2.362
mp-aaabxfbv,221.000,193.979,230.703,27.021,9.703,93.193,92.099,94.428,1.094,1.235
mp-aaabxfby,162.000,158.338,157.073,3.662,4.927,59.560,58.612,45.247,0.948,14.313
mp-aaabxfcd,107.000,119.946,80.558,12.946,26.442,31.993,31.478,21.499,0.515,10.494
mp-aaabxfcf,149.667,127.377,150.027,22.290,0.361,56.837,30.190,41.114,26.647,15.723
mp-aaabxfcl,70.000,64.915,80.514,5.085,10.514,16.200,14.911,18.613,1.289,2.413
mp-aaabxfcm,82.667,74.170,95.430,8.497,12.763,17.938,15.644,25.676,2.294,7.738
mp-aaabxfcn,220.000,218.847,230.968,1.153,10.968,7.500,76.279,100.357,68.779,92.857
mp-aaabxfco,246.000,206.873,247.004,39.127,1.004,94.941,96.625,99.743,1.684,4.802
mp-aaabxfcq,245.333,190.163,248.173,55.170,2.840,86.652,96.484,100.770,9.832,14.117
mp-aaabxfcs,65.333,63.142,67.555,2.191,2.221,41.264,31.352,34.676,9.912,6.588
mp-aaabxfct,75.325,92.577,81.157,17.252,5.832,30.149,37.481,60.138,7.332,29.988
mp-aaabxfdc,189.667,185.351,204.557,4.316,14.891,80.261,64.115,67.822,16.146,12.439
mp-aaabxfeh,206.333,134.547,160.104,71.786,46.230,108.118,85.656,67.454,22.462,40.664
mp-aaabxfey,40.333,49.494,41.168,9.161,0.834,26.633,31.465,28.575,4.832,1.942
mp-aaabxffa,141.667,124.941,144.915,16.726,3.248,34.918,40.335,34.281,5.417,0.637
mp-aaabxffb,285.842,156.243,170.430,129.599,115.411,164.174,128.859,72.291,35.315,91.884
mp-aaabxffh,33.667,40.902,37.340,7.235,3.673,16.629,6.942,20.896,9.687,4.267
mp-aaabxffi,17.552,18.841,17.976,1.289,0.424,6.211,10.818,7.559,4.607,1.348
mp-aaabxffj,33.667,35.230,35.055,1.563,1.388,19.333,17.991,23.397,1.342,4.064
mp-aaabxffk,114.000,109.124,124.620,4.876,10.620,50.361,31.774,51.759,18.587,1.398
mp-aaabxffl,40.764,74.284,67.048,33.520,26.284,16.508,23.520,21.476,7.012,4.968
mp-aaabxffn,47.333,47.170,43.732,0.163,3.601,10.437,13.984,17.894,3.547,7.457
mp-aaabxffo,68.000,44.551,47.749,23.449,20.251,20.950,18.873,21.815,2.077,0.865
mp-aaabxffv,41.000,11.651,28.704,29.349,12.296,-4.883,12.760,15.504,17.643,20.387
mp-aaabxffw,30.333,40.272,33.073,9.939,2.740,17.814,16.536,22.826,1.278,5.011
mp-aaabxffy,13.437,13.242,15.540,0.195,2.103,5.930,8.402,5.631,2.472,0.299
mp-aaabxfgb,250.000,200.772,250.230,49.228,0.230,79.802,101.388,98.882,21.586,19.080
mp-aaabxfgc,40.000,50.082,41.327,10.082,1.327,26.981,17.960,26.286,9.021,0.695
mp-aaabxfgd,42.000,57.546,47.090,15.546,5.090,21.000,25.375,24.505,4.375,3.505
mp-aaabxfge,247.221,211.191,245.658,36.030,1.563,83.205,98.770,96.018,15.565,12.813
mp-aaabxfgf,43.777,74.134,44.641,30.357,0.864,17.385,25.118,20.423,7.733,3.038
mp-aaabxfgj,25.667,26.510,28.012,0.843,2.346,16.629,17.991,19.282,1.362,2.653
mp-aaabxfgk,265.667,220.570,271.178,45.097,5.511,130.727,110.998,130.303,19.729,0.424
mp-aaabxfgl,33.000,42.873,37.248,9.873,4.248,15.592,26.835,24.548,11.243,8.956
mp-aaabxfgm,74.000,78.174,68.585,4.174,5.415,36.663,23.864,31.394,12.799,5.270
mp-aaabxfgp,70.667,58.406,76.759,12.261,6.092,15.886,22.867,13.220,6.981,2.666
mp-aaabxfgu,123.333,96.782,116.844,26.551,6.490,12.042,5.303,23.068,6.739,11.026
mp-aaabxfgw,246.333,212.209,254.578,34.124,8.245,118.244,108.751,115.002,9.493,3.242
mp-aaabxfgx,49.000,50.119,48.903,1.119,0.097,29.896,21.634,24.132,8.262,5.763
mp-aaabxfgy,142.667,129.751,130.034,12.916,12.632,67.811,51.836,45.778,15.975,22.033
mp-aaabxfhb,56.000,159.104,131.920,103.104,75.920,47.223,52.595,17.646,5.372,29.578
mp-aaabxfhc,210.667,186.673,203.982,23.994,6.685,96.297,88.770,76.146,7.527,20.152
mp-aaabxfhd,39.000,40.021,38.508,1.021,0.492,30.596,19.852,21.968,10.744,8.628
mp-aaabxfhe,47.288,106.180,55.685,58.892,8.397,25.323,42.664,33.945,17.341,8.622
mp-aaabxfhi,90.333,100.412,90.132,10.079,0.201,29.374,23.361,22.273,6.013,7.101
mp-aaabxfhj,45.333,52.248,40.281,6.915,5.052,15.707,17.427,7.357,1.720,8.350
mp-aaabxfhk,37.667,41.704,39.815,4.037,2.148,11.909,16.165,7.074,4.256,4.835
mp-aaabxfhm,211.333,212.905,230.364,1.572,19.031,86.104,76.710,-22.739,9.394,108.842
mp-aaabxfhn,43.667,51.305,43.562,7.638,0.104,22.795,23.069,25.128,0.274,2.333
mp-aaabxfho,55.667,62.903,56.817,7.236,1.151,21.400,11.894,23.275,9.506,1.875
mp-aaabxfhs,52.667,36.771,48.645,15.896,4.022,4.624,13.715,14.973,9.091,10.349
mp-aaabxfht,86.000,93.922,80.282,7.922,5.718,26.243,28.112,26.259,1.869,0.016
mp-aaabxfhv,150.333,141.782,159.768,8.551,9.434,43.750,34.206,53.923,9.544,10.173
mp-aaabxfix,184.000,161.062,186.351,22.938,2.351,26.110,42.572,54.820,16.462,28.710
mp-aaabxfiz,81.667,65.060,73.009,16.607,8.658,29.164,19.281,27.036,9.883,2.128
mp-aaabxfjb,156.000,139.504,152.243,16.496,3.757,66.323,44.042,53.571,22.281,12.752
mp-aaabxfjc,218.000,194.086,226.600,23.914,8.600,78.087,72.031,99.720,6.056,21.633
mp-aaabxfjt,192.333,168.301,189.475,24.032,2.859,69.319,71.210,63.218,1.891,6.102
mp-aaabxfkn,177.667,150.095,186.304,27.572,8.637,87.478,66.255,77.374,21.223,10.104
mp-aaabxfko,135.333,100.544,134.033,34.789,1.301,19.547,21.274,23.302,1.727,3.756
mp-aaabxfkt,112.000,102.573,115.863,9.427,3.863,33.909,24.779,29.354,9.130,4.555
mp-aaabxfku,63.667,46.455,66.331,17.212,2.664,20.111,22.099,18.386,1.988,1.724
mp-aaabxfkz,101.621,92.415,91.876,9.206,9.746,41.055,36.242,41.062,4.813,0.006
mp-aaabxfla,180.333,183.915,187.311,3.582,6.977,66.793,66.660,66.826,0.133,0.034
mp-aaabxflc,81.667,77.328,84.431,4.339,2.764,9.236,20.748,13.304,11.512,4.067
mp-aaabxfld,64.667,48.687,64.786,15.980,0.119,16.892,17.355,16.504,0.463,0.388
mp-aaabxflf,194.333,172.487,210.000,21.846,15.667,107.582,90.632,113.968,16.950,6.386
mp-aaabxflg,94.000,120.860,161.207,26.860,67.207,69.208,45.589,64.456,23.619,4.752
mp-aaabxflh,162.000,109.646,172.173,52.354,10.173,49.047,48.113,55.698,0.934,6.651
mp-aaabxfli,22.333,28.467,23.966,6.134,1.632,16.565,6.802,11.148,9.763,5.417
mp-aaabxfll,77.498,80.487,68.191,2.989,9.308,22.415,25.404,9.432,2.989,12.983
mp-aaabxflm,131.333,107.202,125.409,24.131,5.924,56.173,35.010,43.379,21.163,12.794
mp-aaabxfln,198.000,187.775,206.229,10.225,8.229,91.200,80.366,103.202,10.834,12.002
mp-aaabxflo,73.000,72.679,75.982,0.321,2.982,16.588,20.228,19.473,3.640,2.885
mp-aaabxflr,122.000,106.328,118.643,15.672,3.357,41.544,29.064,29.943,12.480,11.602
mp-aaabxfls,191.333,192.033,203.896,0.700,12.563,107.763,96.282,91.145,11.481,16.617
mp-aaabxflt,195.667,204.540,208.490,8.873,12.823,81.140,88.601,103.439,7.461,22.299
mp-aaabxflu,149.667,122.634,155.341,27.033,5.674,63.012,20.853,61.999,42.159,1.013
mp-aaabxfma,187.667,155.439,193.137,32.228,5.470,87.630,71.415,72.873,16.215,14.757
mp-aaabxfmd,161.667,142.832,171.241,18.835,9.574,76.596,36.182,73.807,40.414,2.790
mp-aaabxfme,114.667,86.162,107.036,28.505,7.631,36.216,21.070,21.784,15.146,14.432
mp-aaabxfmf,178.333,159.944,189.897,18.389,11.563,83.353,79.063,71.465,4.290,11.888
mp-aaabxfmg,94.667,93.106,101.457,1.561,6.790,25.166,4.854,26.100,20.312,0.934
mp-aaabxfmh,115.000,109.264,120.445,5.736,5.445,-12.176,13.586,39.658,25.762,51.835
mp-aaabxfmi,58.667,41.510,54.090,17.157,4.577,23.190,17.550,21.729,5.640,1.461
mp-aaabxfmj,56.333,59.862,53.274,3.529,3.060,32.367,18.624,26.294,13.743,6.073
mp-aaabxfmk,171.000,147.965,159.963,23.035,11.037,46.593,36.740,35.210,9.853,11.384
mp-aaabxfml,217.667,193.626,224.480,24.041,6.813,103.508,96.771,112.003,6.737,8.495
mp-aaabxfmm,1.728,61.088,-50.568,59.360,52.296,2.087,0.366,-0.443,1.721,2.530
mp-aaabxfmo,190.333,207.084,195.658,16.751,5.325,77.486,78.475,93.299,0.989,15.813
mp-aaabxfmp,111.989,105.479,121.876,6.510,9.887,52.956,48.801,58.526,4.155,5.570
mp-aaabxfmq,84.333,95.393,94.804,11.060,10.470,30.305,22.040,34.630,8.265,4.326
mp-aaabxfmr,88.333,90.953,95.900,2.620,7.566,20.177,39.099,40.843,18.922,20.666
mp-aaabxfms,76.777,77.557,81.044,0.780,4.266,19.011,24.398,25.491,5.387,6.480
mp-aaabxfmt,109.555,111.984,112.794,2.429,3.239,21.272,20.801,25.094,0.471,3.822
mp-aaabxfmu,227.667,215.476,235.601,12.191,7.934,109.552,98.160,110.687,11.392,1.135
mp-aaabxfmv,43.220,42.962,45.481,0.258,2.261,24.523,25.434,24.236,0.911,0.287
mp-aaabxfmw,34.774,37.177,41.871,2.403,7.097,12.782,4.433,18.167,8.349,5.385
mp-aaabxfmx,160.000,142.566,176.088,17.434,16.088,49.470,43.791,35.225,5.679,14.245
mp-aaabxfmy,120.333,117.126,129.064,3.207,8.730,58.445,35.251,54.139,23.194,4.306
mp-aaabxfmz,49.164,56.378,52.490,7.214,3.326,25.759,23.621,29.928,2.138,4.169
mp-aaabxfnb,193.333,148.849,192.109,44.484,1.224,108.248,90.735,93.543,17.513,14.705
mp-aaabxfnc,139.333,117.276,176.418,22.057,37.084,27.517,60.234,68.085,32.717,40.568
mp-aaabxfnd,171.333,129.306,175.625,42.027,4.292,98.296,82.389,82.628,15.907,15.668
mp-aaabxfne,143.667,120.918,153.201,22.749,9.534,48.800,18.865,46.936,29.935,1.864
mp-aaabxfnf,170.333,140.289,174.385,30.044,4.052,-46.011,8.707,19.287,54.718,65.298
mp-aaabxfng,173.333,162.561,183.055,10.772,9.722,-47.361,-10.971,34.541,36.390,81.902
mp-aaabxfnh,188.667,174.372,199.699,14.295,11.033,85.960,52.667,73.434,33.293,12.527
mp-aaabxfni,229.000,232.612,234.355,3.612,5.355,102.784,92.828,105.190,9.956,2.407
mp-aaabxfnk,48.055,54.091,45.037,6.036,3.018,32.934,21.464,18.947,11.470,13.987
mp-aaabxfnl,231.667,192.860,217.302,38.807,14.364,92.975,72.426,81.141,20.549,11.835
mp-aaabxfnm,246.238,250.596,256.757,4.358,10.519,183.116,182.409,183.222,0.707,0.106
mp-aaabxfnn,152.667,145.784,169.378,6.883,16.711,93.556,74.905,46.028,18.651,47.528
mp-aaabxfnp,200.667,167.596,204.631,33.071,3.964,93.556,88.417,93.526,5.139,0.030
mp-aaabxfnr,103.667,100.293,105.958,3.374,2.291,44.490,28.226,40.835,16.264,3.655
mp-aaabxfnt,194.667,125.159,181.499,69.508,13.168,42.162,56.725,77.288,14.563,35.127
mp-aaabxfnu,38.333,27.282,34.991,11.051,3.342,23.407,12.177,18.517,11.230,4.891
mp-aaabxfny,247.000,210.988,245.890,36.012,1.110,124.373,122.020,109.053,2.353,15.319
mp-aaabxfoa,155.667,137.129,162.722,18.538,7.055,66.840,49.293,49.598,17.547,17.242
mp-aaabxfob,106.000,105.203,113.628,0.797,7.628,57.842,44.210,49.137,13.632,8.706
mp-aaabxfoc,252.000,185.840,248.044,66.160,3.956,102.916,91.097,93.184,11.819,9.732
mp-aaabxfod,176.667,174.048,196.316,2.619,19.649,80.474,83.913,94.003,3.439,13.529
mp-aaabxfoe,88.000,88.080,96.087,0.080,8.087,26.666,17.452,29.219,9.214,2.553
mp-aaabxfog,175.667,144.844,180.212,30.823,4.545,56.754,65.727,57.868,8.973,1.114
mp-aaabxfoh,106.333,109.890,116.339,3.557,10.005,5.967,-0.233,37.293,6.200,31.326
mp-aaabxfoi,99.000,98.296,107.702,0.704,8.702,31.587,43.384,39.858,11.797,8.271
mp-aaabxfoj,101.333,116.917,98.768,15.584,2.566,41.493,22.016,31.389,19.477,10.104
mp-aaabxfok,72.667,74.571,71.862,1.904,0.804,34.029,25.920,29.936,8.109,4.093
mp-aaabxfom,219.333,200.301,220.548,19.032,1.215,130.761,116.585,109.756,14.176,21.006
mp-aaabxfon,99.667,122.359,98.358,22.692,1.308,32.766,31.675,31.742,1.091,1.024
mp-aaabxfop,228.333,209.517,251.404,18.816,23.070,98.881,107.850,110.167,8.969,11.286
mp-aaabxfoq,210.667,198.130,220.726,12.537,10.060,49.994,75.822,51.049,25.828,1.055
mp-aaabxfor,226.333,229.360,230.733,3.027,4.400,78.901,79.772,89.186,0.871,10.285
mp-aaabxfot,169.000,169.658,189.504,0.658,20.504,54.666,47.432,69.934,7.234,15.268
mp-aaabxfou,193.667,108.285,120.665,85.382,73.002,102.494,47.366,43.079,55.128,59.414
mp-aaabxfov,255.667,188.162,232.899,67.505,22.768,128.269,111.562,90.188,16.707,38.080
mp-aaabxfow,237.333,169.937,234.215,67.396,3.119,126.186,106.439,106.906,19.747,19.280
mp-aaabxfox,37.000,33.032,37.457,3.968,0.457,6.367,18.544,17.167,12.177,10.799
mp-aaabxfoy,218.000,193.326,234.100,24.674,16.100,89.921,93.527,115.017,3.606,25.096
mp-aaabxfpb,71.443,87.235,85.587,15.792,14.144,38.929,46.075,53.078,7.146,14.149
mp-aaabxfpd,139.667,115.318,142.559,24.349,2.892,50.536,55.189,47.176,4.653,3.360
mp-aaabxfpg,183.000,192.247,196.895,9.247,13.895,90.044,82.795,45.909,7.249,44.135
mp-aaabxfph,198.000,203.795,205.198,5.795,7.198,93.547,97.896,92.886,4.349,0.661
mp-aaabxfpi,89.000,92.146,92.019,3.146,3.019,34.786,23.956,27.220,10.830,7.567
mp-aaabxfpj,214.000,157.227,214.285,56.773,0.285,112.052,91.530,110.917,20.522,1.135
mp-aaabxfpm,55.333,50.796,55.430,4.537,0.097,35.560,28.880,30.585,6.680,4.976
mp-aaabxfpn,52.667,42.243,50.911,10.424,1.756,27.643,20.172,24.320,7.471,3.322
mp-aaabxfpq,197.333,198.727,211.220,1.394,13.887,78.971,84.955,98.901,5.984,19.930
mp-aaabxfpr,195.667,148.041,193.661,47.626,2.006,100.104,79.833,92.666,20.271,7.438
mp-aaabxfpv,208.333,195.695,211.776,12.638,3.443,21.731,71.735,45.633,50.004,23.902
mp-aaabxfpz,183.333,156.642,204.615,26.691,21.281,118.469,29.902,43.255,88.567,75.214
mp-aaabxfqa,187.000,171.543,209.309,15.457,22.309,99.726,91.184,71.552,8.542,28.174
mp-aaabxfqb,219.333,147.027,228.628,72.306,9.295,107.685,106.223,112.762,1.462,5.078
mp-aaabxfqc,287.738,278.130,297.552,9.608,9.815,136.487,146.827,146.714,10.340,10.227
mp-aaabxfqd,201.000,150.588,196.929,50.412,4.071,95.324,83.381,80.772,11.943,14.552
mp-aaabxfqf,245.000,205.990,244.278,39.010,0.722,109.560,102.214,106.820,7.346,2.740
mp-aaabxfqg,243.000,201.849,240.950,41.151,2.050,131.706,110.812,117.807,20.894,13.899
mp-aaabxfqh,195.667,151.945,196.225,43.722,0.559,84.307,67.405,80.253,16.902,4.054
mp-aaabxfqi,41.667,16.429,37.895,25.238,3.771,19.848,12.984,11.965,6.864,7.883
mp-aaabxfqj,147.000,120.662,149.281,26.338,2.281,10.800,28.279,25.737,17.479,14.937
mp-aaabxfqk,173.000,186.019,176.529,13.019,3.529,80.368,83.125,82.925,2.757,2.556
mp-aaabxfqm,174.667,154.804,186.238,19.863,11.571,77.801,25.435,75.966,52.366,1.835
mp-aaabxfqs,222.333,192.023,225.090,30.310,2.756,99.496,99.000,101.403,0.496,1.907
mp-aaabxfqt,187.333,148.754,186.698,38.579,0.635,73.365,57.876,56.389,15.489,16.976
mp-aaabxfqx,109.333,99.746,108.653,9.587,0.681,28.166,26.505,29.626,1.661,1.459
mp-aaabxfqy,165.333,147.965,158.579,17.368,6.754,78.890,75.912,54.871,2.978,24.019
mp-aaabxfrc,226.333,244.533,223.555,18.200,2.778,104.537,78.394,88.546,26.143,15.991
mp-aaabxfrd,128.667,110.207,129.355,18.460,0.689,39.674,31.615,25.335,8.059,14.339
mp-aaabxfre,154.333,135.600,173.027,18.733,18.693,68.536,37.006,70.720,31.530,2.184
mp-aaabxfrf,22.667,2.831,22.923,19.836,0.256,14.611,12.073,11.065,2.538,3.546
mp-aaabxfrv,35.000,30.558,27.127,4.442,7.873,23.339,22.102,19.448,1.237,3.891
mp-aaabxfse,69.333,79.342,72.837,10.009,3.503,22.453,20.086,20.593,2.367,1.860
mp-aaabxfsf,28.000,38.566,39.834,10.566,11.834,-2.889,12.698,6.959,15.587,9.849
mp-aaabxfsh,150.667,134.785,156.391,15.882,5.725,29.694,27.028,30.728,2.666,1.034
mp-aaabxfsj,40.333,10.156,28.572,30.177,11.761,11.018,11.059,13.588,0.041,2.570
mp-aaabxfsk,41.333,46.610,40.540,5.277,0.793,20.639,13.023,12.193,7.616,8.446
mp-aaabxfss,31.333,27.356,29.222,3.977,2.112,12.711,11.757,13.489,0.954,0.778
mp-aaabxfst,175.000,152.556,193.549,22.444,18.549,62.496,51.500,58.712,10.996,3.784
mp-aaabxfsu,117.333,120.366,125.035,3.033,7.702,40.179,39.457,42.188,0.722,2.009
mp-aaabxfsv,160.333,150.588,161.350,9.745,1.017,55.624,48.006,45.211,7.618,10.413
mp-aaabxfsw,218.667,189.594,215.281,29.073,3.386,91.160,87.416,94.589,3.744,3.428
mp-aaabxfsy,37.667,34.708,37.623,2.959,0.044,23.970,13.465,17.408,10.505,6.562
mp-aaabxfsz,79.667,85.325,80.927,5.658,1.261,24.926,19.989,26.909,4.937,1.984
mp-aaabxfta,55.000,45.880,55.881,9.120,0.881,16.041,12.312,12.295,3.729,3.746
mp-aaabxftc,26.000,36.765,29.775,10.765,3.775,9.532,8.284,8.593,1.248,0.938
mp-aaabxftj,15.333,36.858,33.577,21.525,18.243,6.983,15.889,15.678,8.906,8.694
mp-aaabxftk,43.333,30.600,43.768,12.733,0.435,14.834,16.226,16.441,1.392,1.606
mp-aaabxftl,37.000,33.528,37.372,3.472,0.372,19.877,11.399,17.017,8.478,2.861
mp-aaabxftm,24.667,31.152,24.360,6.485,0.307,12.750,2.247,10.124,10.503,2.626
mp-aaabxftn,59.667,55.429,60.915,4.238,1.248,18.294,15.680,15.845,2.614,2.450
mp-aaabxfto,35.667,37.311,36.526,1.644,0.859,17.326,9.828,16.012,7.498,1.314
mp-aaabxftp,58.000,50.671,59.203,7.329,1.203,17.591,14.403,16.976,3.188,0.615
mp-aaabxftr,42.333,29.733,39.651,12.600,2.682,14.834,14.238,15.651,0.596,0.816
mp-aaabxfts,41.667,38.977,38.506,2.690,3.161,15.952,13.594,15.351,2.358,0.600
mp-aaabxftt,37.667,34.729,36.917,2.938,0.750,23.970,13.968,16.389,10.002,7.580
mp-aaabxftu,57.000,47.994,56.639,9.006,0.361,17.085,13.748,15.330,3.337,1.755
mp-aaabxftv,41.667,33.079,37.587,8.588,4.080,14.685,16.218,14.564,1.533,0.122
mp-aaabxftw,132.333,60.029,120.789,72.304,11.545,58.405,55.193,57.270,3.212,1.134
mp-aaabxftz,120.333,110.326,124.241,10.007,3.907,31.140,22.395,38.531,8.745,7.391
mp-aaabxfub,155.333,142.218,154.273,13.115,1.060,80.754,57.154,73.292,23.600,7.463
mp-aaabxfuc,74.333,81.881,81.308,7.548,6.975,-0.077,21.128,30.180,21.205,30.257
mp-aaabxfud,23.333,36.777,24.501,13.444,1.168,7.571,3.799,9.048,3.772,1.476
mp-aaabxfug,172.667,152.780,191.299,19.887,18.632,76.239,56.736,62.816,19.503,13.423
mp-aaabxfuh,201.667,171.838,208.756,29.829,7.089,54.900,71.625,71.056,16.725,16.156
mp-aaabxfuo,192.667,166.088,185.616,26.579,7.050,88.759,74.731,70.572,14.028,18.186
mp-aaabxfuv,27.000,37.002,24.268,10.002,2.732,8.895,8.782,7.322,0.113,1.574
mp-aaabxfuw,182.501,182.429,193.304,0.072,10.803,70.813,62.333,70.323,8.480,0.490
mp-aaabxfux,182.667,149.074,183.994,33.593,1.327,96.713,88.118,82.249,8.595,14.464
mp-aaabxfuy,181.667,127.919,183.637,53.748,1.971,42.037,39.134,46.946,2.903,4.909
mp-aaabxfuz,178.667,164.788,183.080,13.879,4.414,14.910,21.691,45.754,6.781,30.845
mp-aaabxfva,86.333,83.905,92.100,2.428,5.767,21.804,9.221,27.387,12.583,5.583
mp-aaabxfvb,88.000,98.309,87.855,10.309,0.145,27.596,19.953,25.608,7.643,1.987
mp-aaabxfvc,124.333,110.754,128.209,13.579,3.876,39.976,22.739,44.414,17.237,4.438
mp-aaabxfvf,155.667,145.017,155.695,10.650,0.029,85.583,68.085,78.258,17.498,7.325
mp-aaabxfvg,66.000,59.670,65.590,6.330,0.410,39.514,35.892,33.749,3.622,5.765
mp-aaabxfvi,49.667,40.027,47.767,9.640,1.900,22.692,18.309,20.860,4.383,1.832
mp-aaabxfvj,64.000,58.247,64.898,5.753,0.898,39.679,32.688,35.752,6.991,3.927
mp-aaabxfvk,185.333,196.605,195.565,11.272,10.232,79.963,76.155,91.663,3.808,11.700
mp-aaabxfvm,162.333,159.262,162.323,3.071,0.010,58.897,58.313,76.706,0.584,17.809
mp-aaabxfvn,189.667,141.886,183.319,47.781,6.347,67.460,69.457,68.968,1.997,1.508
mp-aaabxfvp,138.333,112.757,137.803,25.576,0.531,69.518,63.177,54.008,6.341,15.509
mp-aaabxfvq,167.090,150.985,173.706,16.105,6.617,69.024,54.835,71.577,14.189,2.553
mp-aaabxfvr,32.667,24.317,31.121,8.350,1.545,21.888,28.374,14.886,6.486,7.003
mp-aaabxfvu,193.000,193.972,207.421,0.972,14.421,-21.675,40.233,51.555,61.908,73.230
mp-aaabxfvv,38.324,43.962,39.290,5.638,0.966,14.512,20.927,17.452,6.415,2.940
mp-aaabxfvw,171.667,158.812,160.716,12.855,10.951,73.842,72.985,58.465,0.857,15.377
mp-aaabxfvy,169.667,148.590,172.776,21.077,3.109,60.017,35.729,58.770,24.288,1.247
mp-aaabxfwa,136.667,109.625,131.715,27.042,4.951,16.885,31.831,24.304,14.946,7.419
mp-aaabxfwc,191.000,178.534,205.522,12.466,14.522,11.075,57.074,37.973,45.999,26.898
mp-aaabxfwd,201.333,181.410,202.833,19.923,1.499,95.965,89.815,98.960,6.150,2.995
mp-aaabxfwf,167.333,158.886,158.754,8.447,8.580,102.174,73.945,97.297,28.229,4.877
mp-aaabxfwh,68.667,70.092,78.057,1.425,9.391,15.886,23.256,28.680,7.370,12.794
mp-aaabxfwi,91.667,90.088,99.266,1.579,7.599,-41.615,15.769,19.332,57.384,60.947
mp-aaabxfwj,76.040,75.220,62.160,0.820,13.880,45.779,44.381,35.876,1.398,9.903
mp-aaabxfwk,187.333,193.268,186.713,5.935,0.620,96.256,80.051,87.627,16.205,8.629
mp-aaabxfwl,154.000,152.644,162.695,1.356,8.695,73.935,58.455,76.370,15.480,2.435
mp-aaabxfwp,223.667,239.389,233.118,15.722,9.452,101.835,83.335,97.072,18.500,4.762
mp-aaabxfwr,211.862,171.775,209.651,40.087,2.210,94.521,108.960,96.044,14.439,1.523
mp-aaabxfws,151.864,140.209,146.348,11.655,5.516,39.175,38.009,26.675,1.166,12.500
mp-aaabxfwt,147.667,116.833,148.490,30.834,0.824,56.067,52.091,51.828,3.976,4.239
mp-aaabxfxa,123.667,130.643,133.215,6.976,9.549,20.835,31.968,31.231,11.133,10.396
mp-aaabxfxe,127.000,116.126,137.926,10.874,10.926,52.682,56.467,48.480,3.785,4.202
mp-aaabxfxh,183.000,212.505,192.213,29.505,9.213,86.594,85.606,94.463,0.988,7.869
mp-aaabxfxi,45.000,48.404,43.049,3.404,1.951,23.609,24.619,23.164,1.010,0.444
mp-aaabxfxj,135.000,109.799,145.283,25.201,10.283,40.590,76.316,51.765,35.726,11.175
mp-aaabxfxn,161.667,181.811,162.063,20.144,0.396,73.695,72.074,82.982,1.621,9.288
mp-aaabxfxo,104.000,117.562,105.116,13.562,1.116,37.187,17.372,39.214,19.815,2.027
mp-aaabxfxq,188.333,191.310,176.835,2.977,11.499,111.413,87.527,101.935,23.886,9.479
mp-aaabxfxr,125.667,181.906,126.653,56.239,0.986,53.493,29.374,40.171,24.119,13.322
mp-aaabxfxw,80.333,92.186,65.101,11.853,15.232,49.985,15.242,24.305,34.743,25.680
mp-aaabxfya,116.000,127.462,123.358,11.462,7.358,62.482,38.970,16.320,23.512,46.162
mp-aaabxfyb,231.333,190.149,214.242,41.184,17.091,114.779,84.589,112.194,30.190,2.585
mp-aaabxfyc,116.000,113.253,124.528,2.747,8.528,52.799,47.591,50.308,5.208,2.491
mp-aaabxfyd,45.000,46.450,40.577,1.450,4.423,22.161,18.733,17.007,3.428,5.154
mp-aaabxfye,124.000,111.262,137.979,12.738,13.979,6.994,12.987,25.864,5.993,18.870
mp-aaabxfyg,226.333,202.764,232.809,23.569,6.476,84.787,78.571,100.294,6.216,15.507
mp-aaabxfyh,128.667,128.267,125.523,0.400,3.144,89.055,77.503,84.695,11.552,4.360
mp-aaabxfyj,100.333,115.331,101.044,14.998,0.710,38.730,40.236,34.290,1.506,4.441
mp-aaabxfym,55.000,62.393,52.357,7.393,2.643,32.608,29.154,25.525,3.454,7.083
mp-aaabxfyn,206.333,206.987,208.168,0.654,1.835,90.710,78.949,95.127,11.761,4.416
mp-aaabxfyu,180.000,174.046,179.558,5.954,0.442,73.725,64.403,77.848,9.322,4.123
mp-aaabxfyv,153.000,158.905,161.083,5.905,8.083,68.956,75.521,69.769,6.565,0.813
mp-aaabxfyw,203.000,144.798,204.684,58.202,1.684,78.365,84.509,76.729,6.144,1.636
mp-aaabxfyy,142.000,126.191,155.729,15.809,13.729,184.298,90.955,38.991,93.343,145.307
mp-aaabxfza,52.000,33.309,53.377,18.691,1.377,26.341,21.491,24.025,4.850,2.316
mp-aaabxfzb,182.333,174.652,180.329,7.681,2.004,78.893,70.871,84.945,8.022,6.052
mp-aaabxfzd,129.667,120.378,129.663,9.289,0.004,45.372,43.526,50.370,1.846,4.998
mp-aaabxfzi,188.333,191.518,185.657,3.185,2.676,81.171,75.732,81.792,5.439,0.622
mp-aaabxfzt,108.667,109.832,127.745,1.165,19.079,81.625,10.876,40.703,70.749,40.922
mp-aaabxfzy,260.333,244.119,263.191,16.214,2.858,129.181,117.761,125.853,11.420,3.328
mp-aaabxgaa,209.000,187.790,202.910,21.210,6.090,127.196,96.103,120.040,31.093,7.156
mp-aaabxgab,96.333,101.724,100.568,5.391,4.235,34.799,26.750,35.729,8.049,0.931
mp-aaabxgac,97.000,105.472,98.912,8.472,1.912,38.820,14.716,39.085,24.104,0.265
mp-aaabxgae,101.333,103.960,98.039,2.627,3.294,37.732,31.318,30.152,6.414,7.581
mp-aaabxgar,65.667,65.349,66.734,0.318,1.067,29.194,25.059,24.950,4.135,4.245
mp-aaabxgas,108.667,100.074,111.367,8.593,2.701,16.164,25.018,25.581,8.854,9.417
mp-aaabxgat,135.333,119.299,140.561,16.034,5.227,52.777,52.891,55.082,0.114,2.305
mp-aaabxgbc,171.333,148.466,174.803,22.867,3.469,52.194,86.909,65.090,34.715,12.895
mp-aaabxgbk,-10.667,44.393,48.733,55.060,59.400,20.164,18.358,23.801,1.806,3.637
mp-aaabxgbo,116.000,117.765,113.117,1.765,2.883,46.146,35.672,41.718,10.474,4.428
mp-aaabxgbp,137.667,143.960,140.598,6.293,2.932,66.188,61.948,64.581,4.240,1.607
mp-aaabxgbq,133.000,74.658,137.237,58.342,4.237,58.854,73.514,54.571,14.660,4.283
mp-aaabxgbt,118.667,112.975,114.444,5.692,4.222,56.333,59.356,50.393,3.023,5.940
mp-aaabxgbx,79.333,81.563,74.156,2.230,5.177,27.108,24.014,30.996,3.094,3.889
mp-aaabxgcg,93.000,96.151,91.339,3.151,1.661,39.562,32.019,35.674,7.543,3.889
mp-aaabxgci,106.333,95.648,105.009,10.685,1.325,35.629,27.628,29.543,8.001,6.086
mp-aaabxgck,128.764,127.687,131.447,1.077,2.682,48.558,44.009,44.914,4.549,3.644
mp-aaabxgcx,136.849,145.249,135.645,8.400,1.204,52.529,41.832,38.675,10.697,13.854
mp-aaabxgcy,58.667,58.527,56.886,0.140,1.780,38.212,35.033,31.426,3.179,6.786
mp-aaabxgcz,111.007,113.535,110.190,2.528,0.817,44.573,46.961,36.880,2.388,7.692
mp-aaabxgdc,87.667,103.703,84.799,16.036,2.867,26.759,31.667,28.385,4.908,1.626
mp-aaabxgdd,90.000,100.834,86.761,10.834,3.239,29.897,20.687,30.989,9.210,1.093
mp-aaabxgde,146.514,157.738,149.616,11.224,3.103,53.088,54.009,50.487,0.921,2.601
mp-aaabxgdg,182.000,203.437,180.704,21.437,1.296,69.224,62.558,77.491,6.666,8.267
mp-aaabxgdp,54.092,85.859,60.055,31.767,5.963,22.526,19.498,28.119,3.028,5.592
mp-aaabxgds,43.333,42.755,40.881,0.578,2.452,25.902,24.807,22.807,1.095,3.096
mp-aaabxgdv,156.333,156.041,161.027,0.292,4.694,70.903,67.970,76.739,2.933,5.837
mp-aaabxgdy,221.667,201.391,233.146,20.276,11.479,89.363,81.120,85.775,8.243,3.588
mp-aaabxgeb,233.667,203.764,234.527,29.903,0.860,59.160,75.919,90.909,16.759,31.749
mp-aaabxgeq,174.841,201.076,154.806,26.235,20.035,44.188,66.796,19.857,22.608,24.331
mp-aaabxges,85.555,76.759,88.671,8.796,3.116,45.410,46.613,46.260,1.203,0.850
mp-aaabxget,76.161,75.771,78.657,0.390,2.496,56.881,40.191,45.960,16.690,10.921
mp-aaabxgew,81.333,86.832,79.879,5.499,1.454,38.505,33.510,34.341,4.995,4.164
mp-aaabxgfl,192.000,129.757,192.312,62.243,0.312,22.243,27.143,52.939,4.900,30.696
mp-aaabxgfo,129.000,73.613,110.457,55.387,18.543,70.599,58.404,44.707,12.195,25.892
mp-aaabxgfp,151.181,143.485,151.832,7.696,0.651,36.096,45.554,39.768,9.458,3.673
mp-aaabxgfq,50.667,49.580,53.845,1.087,3.178,20.135,17.081,20.539,3.054,0.404
mp-aaabxgfs,104.064,140.279,67.910,36.215,36.155,79.689,94.654,29.463,14.965,50.226
mp-aaabxgfu,59.455,46.621,73.585,12.834,14.130,38.518,18.940,38.279,19.578,0.238
mp-aaabxgfw,106.333,121.353,100.332,15.020,6.002,42.774,33.245,34.311,9.529,8.464
mp-aaabxgfx,73.667,77.885,71.228,4.218,2.439,20.688,29.530,30.545,8.842,9.857
mp-aaabxgfy,157.000,156.751,154.515,0.249,2.485,72.544,58.755,76.128,13.789,3.584
mp-aaabxggf,158.333,131.654,162.048,26.679,3.714,28.575,28.561,34.617,0.014,6.042
mp-aaabxggg,244.000,229.348,242.380,14.652,1.620,113.455,125.349,120.798,11.894,7.343
mp-aaabxggh,130.000,115.470,153.584,14.530,23.584,164.932,129.318,33.852,35.614,131.080
mp-aaabxggi,90.000,95.990,80.381,5.990,9.619,37.199,21.815,41.352,15.384,4.153
mp-aaabxggk,73.333,72.169,74.404,1.164,1.071,29.791,30.247,34.003,0.456,4.212
mp-aaabxggm,212.667,205.375,211.089,7.292,1.578,87.200,81.729,97.901,5.471,10.700
mp-aaabxggn,77.333,67.915,72.211,9.418,5.122,27.664,20.051,26.275,7.613,1.389
mp-aaabxggo,85.426,65.325,76.915,20.101,8.511,43.197,37.838,35.407,5.359,7.790
mp-aaabxggx,98.667,101.261,101.000,2.594,2.333,39.825,29.358,40.762,10.467,0.937
mp-aaabxgha,265.333,210.148,259.202,55.185,6.132,115.215,109.388,102.358,5.827,12.857
mp-aaabxghd,197.667,196.255,213.072,1.412,15.405,81.708,72.974,70.248,8.734,11.460
mp-aaabxghf,66.000,61.171,62.689,4.829,3.311,19.877,15.368,15.338,4.509,4.539
mp-aaabxghg,75.667,73.180,72.963,2.487,2.704,23.155,20.696,25.186,2.459,2.031
mp-aaabxghh,193.333,169.796,187.462,23.537,5.872,78.802,71.198,81.703,7.604,2.901
mp-aaabxghi,46.000,49.878,48.996,3.878,2.996,13.798,13.704,13.809,0.094,0.011
mp-aaabxghj,230.000,214.352,242.069,15.648,12.069,78.945,89.207,102.413,10.262,23.468
mp-aaabxghk,259.000,220.250,261.460,38.750,2.460,107.804,103.209,111.001,4.595,3.198
mp-aaabxghu,243.000,227.594,250.495,15.406,7.495,96.106,80.498,111.323,15.608,15.217
mp-aaabxghw,253.333,221.228,245.685,32.105,7.648,112.208,98.409,95.975,13.799,16.234
mp-aaabxghx,261.333,212.966,246.928,48.367,14.405,118.058,103.853,98.711,14.205,19.347
mp-aaabxghy,226.000,206.182,224.453,19.818,1.547,79.293,91.185,102.013,11.892,22.720
mp-aaabxghz,203.667,185.919,208.062,17.748,4.396,18.922,39.389,72.551,20.467,53.629
mp-aaabxgic,232.000,210.349,251.827,21.651,19.827,103.071,105.086,102.416,2.015,0.655
mp-aaabxgig,241.333,212.220,242.983,29.113,1.649,103.132,103.177,98.690,0.045,4.441
mp-aaabxgih,238.000,220.975,239.948,17.025,1.948,94.982,98.004,93.378,3.022,1.604
mp-aaabxgii,320.910,306.833,317.010,14.077,3.901,186.674,170.247,169.874,16.427,16.799
mp-aaabxgij,289.667,230.845,280.632,58.822,9.035,136.599,111.683,126.417,24.916,10.182
mp-aaabxgil,275.000,227.491,277.129,47.509,2.129,128.857,122.190,124.768,6.667,4.090
mp-aaabxgim,102.100,84.444,114.772,17.656,12.672,36.725,48.858,62.742,12.133,26.017
mp-aaabxgin,254.000,223.450,261.908,30.550,7.908,110.353,113.852,117.682,3.499,7.329
mp-aaabxgio,69.667,55.108,72.522,14.559,2.856,17.164,19.458,13.003,2.294,4.160
mp-aaabxgip,71.333,74.463,73.703,3.130,2.370,15.857,20.249,16.745,4.392,0.888
mp-aaabxgiq,82.667,83.737,81.375,1.070,1.292,23.682,24.846,26.703,1.164,3.021
mp-aaabxgir,69.667,75.446,65.332,5.779,4.335,31.936,31.288,27.958,0.648,3.978
mp-aaabxgis,286.333,273.049,281.536,13.284,4.798,125.417,133.626,127.200,8.209,1.783
mp-aaabxgit,250.333,239.784,250.193,10.549,0.141,119.452,119.240,112.759,0.212,6.693
mp-aaabxgiy,53.667,54.464,52.448,0.797,1.218,26.641,17.248,26.627,9.393,0.014
mp-aaabxgiz,106.000,92.788,106.548,13.212,0.548,-0.400,19.207,26.464,19.607,26.864
mp-aaabxgjb,59.667,72.099,61.069,12.432,1.403,36.485,18.921,32.737,17.564,3.748
mp-aaabxgjd,127.000,116.473,133.144,10.527,6.144,44.875,42.024,43.113,2.851,1.762
mp-aaabxgjf,179.333,179.525,174.650,0.192,4.684,69.377,64.453,72.605,4.924,3.228
mp-aaabxgjg,97.333,97.947,101.333,0.614,4.000,27.846,20.789,29.036,7.057,1.190
mp-aaabxgji,87.333,80.611,89.832,6.722,2.498,21.536,12.247,21.522,9.289,0.014
mp-aaabxgjj,183.667,167.676,196.568,15.991,12.901,75.452,38.363,81.229,37.089,5.777
mp-aaabxgjk,116.000,125.413,121.471,9.413,5.471,20.856,20.084,32.068,0.772,11.212
mp-aaabxgjl,75.667,43.364,65.041,32.303,10.625,19.333,14.950,18.707,4.383,0.626
mp-aaabxgjn,70.500,77.734,83.723,7.234,13.222,38.960,36.783,51.982,2.177,13.022
mp-aaabxgjp,190.333,189.815,200.717,0.518,10.383,7.327,40.894,72.419,33.567,65.093
mp-aaabxgjq,124.333,168.313,113.549,43.980,10.784,30.535,-22.059,37.301,52.594,6.766
mp-aaabxgjr,159.000,122.703,137.709,36.297,21.291,82.844,46.642,51.306,36.202,31.538
mp-aaabxgjt,240.000,206.169,239.492,33.831,0.508,111.006,105.356,110.131,5.650,0.875
mp-aaabxgju,35.536,42.127,28.097,6.591,7.440,15.807,11.005,14.842,4.802,0.965
mp-aaabxgjw,127.667,102.613,127.310,25.054,0.357,30.111,31.549,29.452,1.438,0.659
mp-aaabxgjx,168.333,160.594,176.596,7.739,8.262,77.451,84.013,53.732,6.562,23.719
mp-aaabxgjy,192.667,167.675,184.812,24.992,7.855,73.012,51.624,61.091,21.388,11.921
mp-aaabxgkf,74.333,70.721,71.391,3.612,2.943,23.000,16.286,23.329,6.714,0.329
mp-aaabxgkg,39.000,46.764,40.764,7.764,1.764,23.880,20.591,18.731,3.289,5.149
mp-aaabxgkh,68.667,61.726,65.694,6.941,2.972,27.745,32.704,25.898,4.959,1.847
mp-aaabxgko,224.333,193.173,209.272,31.160,15.062,110.384,84.071,89.376,26.313,21.008
mp-aaabxgks,47.791,25.932,37.991,21.859,9.800,20.882,3.464,-9.469,17.418,30.351
mp-aaabxgku,63.000,54.221,63.269,8.779,0.269,41.132,25.148,36.624,15.984,4.508
mp-aaabxgkv,90.333,100.600,91.301,10.267,0.968,35.592,23.490,31.345,12.102,4.247
mp-aaabxgkw,180.599,143.625,186.801,36.974,6.202,123.562,120.475,102.581,3.087,20.981
mp-aaabxgkx,111.333,110.543,119.362,0.790,8.029,18.155,14.222,19.962,3.933,1.807
mp-aaabxgla,139.000,130.672,142.403,8.328,3.403,57.120,60.645,58.739,3.525,1.619
mp-aaabxgld,211.667,193.407,199.380,18.260,12.286,97.015,77.919,84.813,19.096,12.202
mp-aaabxgll,45.000,57.317,48.903,12.317,3.903,11.955,11.926,12.418,0.029,0.462
mp-aaabxglm,43.667,36.158,41.953,7.509,1.713,24.578,20.162,20.199,4.416,4.380
mp-aaabxglq,50.333,57.117,53.911,6.784,3.578,8.089,18.952,15.335,10.863,7.247
mp-aaabxglr,41.619,29.893,43.611,11.726,1.992,20.497,23.414,22.560,2.917,2.063
mp-aaabxglt,237.000,248.207,248.173,11.207,11.173,105.383,98.524,115.987,6.859,10.604
mp-aaabxglu,236.667,224.914,237.529,11.753,0.862,112.000,114.981,111.781,2.981,0.219
mp-aaabxglv,88.667,78.477,90.428,10.190,1.761,33.914,27.092,35.827,6.822,1.913
mp-aaabxglw,92.333,83.712,93.525,8.621,1.192,40.393,30.007,39.726,10.386,0.668
mp-aaabxglz,171.000,163.725,177.886,7.275,6.886,76.894,39.080,70.836,37.814,6.058
mp-aaabxgma,87.333,96.204,85.465,8.871,1.868,30.184,31.469,34.752,1.285,4.568
mp-aaabxgmc,100.000,103.070,97.406,3.070,2.594,37.771,31.436,36.206,6.335,1.565
mp-aaabxgmf,75.667,66.960,85.056,8.707,9.389,19.316,14.918,21.232,4.398,1.916
mp-aaabxgmi,109.667,126.594,112.775,16.927,3.108,42.354,26.724,37.718,15.630,4.635
mp-aaabxgmk,55.000,47.019,54.737,7.981,0.263,36.353,28.506,32.632,7.847,3.721
mp-aaabxgml,120.000,145.913,120.082,25.913,0.082,33.141,20.724,38.886,12.417,5.744
mp-aaabxgmm,17.333,24.110,17.164,6.777,0.170,9.787,2.920,8.793,6.867,0.994
mp-aaabxgmp,115.667,115.289,119.577,0.378,3.910,19.000,19.847,19.878,0.847,0.878
mp-aaabxgmq,159.667,210.231,161.993,50.564,2.326,-1.500,-1.537,45.518,0.037,47.018
mp-aaabxgmr,150.000,128.097,153.400,21.903,3.400,60.518,58.320,56.565,2.198,3.954
mp-aaabxgmt,181.334,176.123,173.668,5.211,7.667,85.779,94.879,76.852,9.100,8.928
mp-aaabxgmx,229.000,210.167,224.197,18.833,4.803,88.329,99.308,119.142,10.979,30.812
mp-aaabxgnh,23.062,25.104,19.396,2.042,3.666,18.766,12.682,8.623,6.084,10.143
mp-aaabxgnm,46.333,55.589,45.847,9.256,0.486,0.781,22.982,25.882,22.201,25.101
mp-aaabxgnw,228.000,227.393,219.642,0.607,8.358,116.603,92.164,106.710,24.439,9.893
mp-aaabxgnx,105.000,104.390,96.123,0.610,8.877,40.188,25.120,32.617,15.068,7.571
mp-aaabxgoe,33.667,39.464,38.925,5.797,5.258,21.957,18.944,23.509,3.013,1.552
mp-aaabxgof,203.333,175.989,209.364,27.344,6.031,95.114,62.464,92.285,32.650,2.830
mp-aaabxgog,208.333,196.184,215.925,12.149,7.591,94.044,85.381,93.427,8.663,0.617
mp-aaabxgoi,207.667,167.457,219.730,40.210,12.063,105.970,121.439,97.637,15.469,8.333
mp-aaabxgoj,251.333,193.410,236.506,57.923,14.828,111.413,88.542,92.223,22.871,19.190
mp-aaabxgol,223.667,198.924,228.998,24.743,5.332,94.472,84.227,94.999,10.245,0.527
mp-aaabxgom,243.333,180.953,235.760,62.380,7.573,112.972,108.222,100.062,4.750,12.910
mp-aaabxgop,94.000,117.164,92.020,23.164,1.980,35.804,30.049,32.093,5.755,3.712
mp-aaabxgoq,56.667,83.159,60.065,26.492,3.398,22.692,19.116,24.477,3.576,1.785
mp-aaabxgor,38.000,48.643,41.102,10.643,3.102,17.400,20.023,22.223,2.623,4.823
mp-aaabxgos,39.000,43.935,40.818,4.935,1.818,-2.468,21.529,22.823,23.997,25.291
mp-aaabxgot,100.667,113.564,101.498,12.897,0.832,38.654,41.815,32.799,3.161,5.855
mp-aaabxgou,287.000,230.109,274.122,56.891,12.878,141.846,115.634,109.231,26.212,32.615
mp-aaabxgov,271.333,210.746,276.848,60.587,5.515,125.265,100.858,119.230,24.407,6.036
mp-aaabxgow,32.667,47.558,37.567,14.891,4.901,16.881,15.106,16.429,1.775,0.453
mp-aaabxgoz,228.667,192.066,229.770,36.601,1.104,85.679,88.981,101.159,3.302,15.480
mp-aaabxgpb,59.333,50.298,58.628,9.035,0.705,33.164,27.919,28.764,5.245,4.399
mp-aaabxgpi,195.667,165.091,177.360,30.576,18.307,76.124,76.180,60.272,0.056,15.852
mp-aaabxgpj,146.667,123.340,131.252,23.327,15.414,2.391,34.020,9.590,31.629,7.199
mp-aaabxgpk,283.667,247.598,256.568,36.069,27.099,134.500,128.422,123.060,6.078,11.440
mp-aaabxgpl,245.000,229.109,234.439,15.891,10.561,129.955,104.355,119.938,25.600,10.017
mp-aaabxgqa,143.667,121.502,141.185,22.165,2.481,49.595,35.859,52.238,13.736,2.644
mp-aaabxgqm,66.000,55.499,62.705,10.501,3.295,25.362,24.250,25.333,1.112,0.030
mp-aaabxgqo,68.000,80.117,82.157,12.117,14.157,-8.025,14.358,21.817,22.383,29.842
mp-aaabxgqq,173.667,150.426,171.819,23.241,1.848,66.378,67.773,62.028,1.395,4.350
mp-aaabxgqr,29.667,32.884,22.690,3.217,6.977,22.677,13.864,6.708,8.813,15.969
mp-aaabxgqs,40.333,60.861,37.654,20.528,2.679,6.879,7.185,1.021,0.306,5.858
mp-aaabxgqu,36.417,72.545,33.776,36.128,2.641,14.639,9.954,16.763,4.685,2.124
mp-aaabxgqv,235.000,213.073,233.527,21.927,1.473,118.805,93.717,100.135,25.088,18.669
mp-aaabxgrg,194.000,163.567,192.866,30.433,1.134,80.526,66.491,78.388,14.035,2.138
mp-aaabxgri,133.333,115.143,125.091,18.190,8.242,28.806,24.103,21.928,4.703,6.878
mp-aaabxgrj,52.667,60.660,51.021,7.993,1.645,13.823,16.696,14.315,2.873,0.493
mp-aaabxgrl,288.111,244.952,285.037,43.159,3.074,154.612,148.387,147.178,6.225,7.433
mp-aaabxgrn,38.667,39.684,31.863,1.017,6.803,30.843,34.476,17.717,3.633,13.126
mp-aaabxgrp,35.333,25.484,34.757,9.849,0.576,14.666,20.354,16.657,5.688,1.991
mp-aaabxgrq,48.000,37.312,43.614,10.688,4.386,9.939,14.460,14.800,4.521,4.861
mp-aaabxgrr,53.667,65.777,56.323,12.110,2.656,15.800,14.392,16.563,1.408,0.763
mp-aaabxgru,41.000,34.001,44.671,6.999,3.671,11.457,16.792,13.885,5.335,2.428
mp-aaabxgrv,198.000,202.913,207.804,4.913,9.804,48.531,46.264,79.467,2.267,30.936
mp-aaabxgrz,72.688,67.366,77.503,5.322,4.815,54.958,39.142,49.479,15.816,5.479
mp-aaabxgsf,79.333,77.774,77.658,1.559,1.675,27.108,20.349,26.337,6.759,0.770
mp-aaabxgsi,94.000,91.859,81.573,2.141,12.427,9.939,6.255,21.483,3.684,11.544
mp-aaabxgsj,130.667,113.342,116.056,17.325,14.611,55.566,9.293,36.358,46.273,19.208
mp-aaabxgsl,134.667,120.407,136.963,14.260,2.296,38.757,50.396,34.567,11.639,4.191
mp-aaabxgsu,210.000,177.088,198.566,32.912,11.434,87.730,88.098,86.819,0.368,0.912
mp-aaabxgtf,188.333,181.062,189.952,7.271,1.618,88.435,79.605,80.687,8.830,7.748
mp-aaabxgtg,160.333,115.605,128.663,44.728,31.670,76.016,43.602,31.769,32.414,44.247
mp-aaabxgtl,160.000,171.269,166.871,11.269,6.871,179.634,92.844,28.198,86.790,151.437
mp-aaabxgtm,152.333,177.770,176.789,25.437,24.456,66.385,59.766,83.058,6.619,16.672
mp-aaabxgto,156.000,106.183,127.851,49.817,28.149,-22.993,-8.145,37.123,14.848,60.117
mp-aaabxgtp,55.667,66.003,60.118,10.336,4.452,21.875,12.366,18.392,9.509,3.483
mp-aaabxgtq,40.667,41.486,47.186,0.819,6.520,8.160,7.341,20.117,0.819,11.957
mp-aaabxgtr,253.333,223.586,245.745,29.747,7.588,138.014,130.697,112.370,7.317,25.643
mp-aaabxgts,196.333,159.767,208.726,36.566,12.393,76.133,72.780,87.893,3.353,11.760
mp-aaabxgtt,85.333,81.262,80.577,4.071,4.756,30.280,34.293,42.377,4.013,12.097
mp-aaabxgtv,87.667,89.550,87.127,1.883,0.540,34.170,33.130,43.642,1.040,9.472
mp-aaabxgtw,128.333,129.038,145.146,0.705,16.813,53.439,65.551,45.822,12.112,7.618
mp-aaabxgtx,127.667,110.692,121.928,16.975,5.739,69.163,73.119,45.071,3.956,24.093
mp-aaabxgty,124.310,136.001,129.688,11.691,5.378,45.239,47.002,51.989,1.763,6.750
mp-aaabxgtz,55.667,58.741,46.541,3.074,9.126,36.276,25.923,25.279,10.353,10.998
mp-aaabxgua,45.667,43.392,44.112,2.275,1.555,26.673,17.458,18.912,9.215,7.761
mp-aaabxgub,138.000,123.248,131.196,14.752,6.804,-19.165,5.931,34.525,25.096,53.691
mp-aaabxgud,195.000,170.814,193.268,24.186,1.732,87.333,68.404,76.386,18.929,10.947
mp-aaabxguf,201.000,167.402,196.819,33.598,4.181,80.998,80.194,77.139,0.804,3.859
mp-aaabxgug,94.333,81.099,88.471,13.234,5.862,31.072,25.695,27.792,5.377,3.279
mp-aaabxguh,208.000,193.555,212.435,14.445,4.435,83.827,71.300,92.497,12.527,8.670
mp-aaabxguj,210.333,143.429,202.508,66.904,7.826,96.898,89.787,65.675,7.111,31.224
mp-aaabxguk,257.667,208.279,266.608,49.388,8.942,119.121,109.710,118.102,9.411,1.019
mp-aaabxgul,46.333,47.445,51.757,1.112,5.423,16.551,12.483,16.009,4.068,0.542
mp-aaabxgum,50.667,37.846,46.616,12.821,4.051,10.964,15.845,14.460,4.881,3.496
mp-aaabxgun,35.667,42.673,34.180,7.006,1.487,17.002,9.432,18.065,7.570,1.064
mp-aaabxguo,43.000,41.678,47.146,1.322,4.146,19.064,21.108,19.830,2.044,0.766
mp-aaabxgup,105.000,85.507,103.097,19.493,1.903,25.188,10.820,25.997,14.368,0.809
mp-aaabxgvo,224.333,203.863,226.585,20.470,2.252,110.787,85.796,99.757,24.991,11.030
mp-aaabxgvp,119.000,131.808,106.255,12.808,12.745,28.246,21.418,28.389,6.828,0.143
mp-aaabxgvq,231.333,207.675,227.705,23.658,3.629,119.727,97.594,109.061,22.133,10.666
mp-aaabxgvt,70.000,79.838,67.422,9.838,2.578,33.581,28.360,23.726,5.221,9.855
mp-aaabxgvu,164.000,172.361,163.772,8.361,0.228,74.906,72.899,87.163,2.007,12.258
mp-aaabxgvv,101.333,101.235,101.299,0.098,0.035,42.614,39.551,33.023,3.063,9.591
mp-aaabxgwc,54.667,69.346,56.511,14.679,1.844,25.124,20.256,17.081,4.868,8.043
mp-aaabxgwd,57.667,73.500,54.824,15.833,2.843,17.695,22.803,24.348,5.108,6.653
mp-aaabxgwe,64.440,82.930,57.965,18.490,6.475,26.693,11.885,20.642,14.808,6.050
mp-aaabxgwf,164.000,142.646,153.505,21.354,10.495,66.804,61.115,57.528,5.689,9.276
mp-aaabxgwg,126.000,100.864,130.361,25.136,4.361,15.276,13.870,22.207,1.406,6.932
mp-aaabxgwh,40.333,43.404,41.277,3.071,0.944,20.258,19.306,18.026,0.952,2.233
mp-aaabxgwl,48.667,62.945,54.449,14.278,5.782,13.206,20.080,20.921,6.874,7.715
mp-aaabxgwo,139.000,119.563,146.898,19.437,7.898,27.203,37.017,-46.258,9.814,73.461
mp-aaabxgwp,41.667,37.641,44.261,4.026,2.594,32.315,19.324,30.466,12.991,1.849
mp-aaabxgwq,137.333,117.639,139.673,19.694,2.340,46.040,30.216,53.234,15.824,7.193
mp-aaabxgwr,173.667,137.407,160.314,36.260,13.352,70.694,57.746,61.835,12.948,8.860
mp-aaabxgws,135.000,91.640,134.900,43.360,0.100,47.286,43.831,56.612,3.455,9.326
mp-aaabxgwt,47.000,65.220,57.283,18.220,10.283,3.998,21.888,21.026,17.890,17.028
mp-aaabxgwu,127.000,81.186,119.944,45.814,7.056,37.884,35.124,38.364,2.760,0.480
mp-aaabxgww,37.000,53.166,-2.730,16.166,39.730,9.826,11.265,8.671,1.439,1.154
mp-aaabxgwy,225.333,198.512,230.065,26.821,4.732,99.243,103.763,107.859,4.520,8.616
mp-aaabxgwz,212.333,181.577,197.581,30.756,14.752,77.913,62.047,66.507,15.866,11.407
mp-aaabxgxa,168.000,166.517,191.820,1.483,23.820,73.694,59.814,79.179,13.880,5.486
mp-aaabxgxb,49.667,67.143,47.230,17.476,2.437,17.822,17.749,12.474,0.073,5.348
mp-aaabxgxg,137.667,120.080,153.963,17.587,16.296,43.656,74.174,48.467,30.518,4.811
mp-aaabxgxk,206.333,194.011,198.749,12.322,7.584,106.399,80.413,91.779,25.986,14.620
mp-aaabxgxp,117.000,72.597,112.330,44.403,4.670,26.623,35.651,38.891,9.028,12.268
mp-aaabxgxq,68.667,56.987,65.468,11.680,3.199,25.541,10.275,22.832,15.266,2.708
mp-aaabxgxr,204.000,210.861,217.842,6.861,13.842,74.027,84.366,108.158,10.339,34.131
mp-aaabxgxs,51.000,51.446,54.638,0.446,3.638,21.327,13.956,20.196,7.371,1.131
mp-aaabxgxt,35.000,22.367,23.539,12.633,11.461,19.021,17.253,9.783,1.768,9.238
mp-aaabxgxu,180.000,165.352,185.128,14.648,5.128,89.448,102.428,89.244,12.980,0.204
mp-aaabxgxv,161.000,170.116,169.070,9.116,8.070,50.985,42.804,47.978,8.181,3.007
mp-aaabxgxw,108.875,93.339,101.447,15.536,7.428,59.030,32.537,33.305,26.493,25.725
mp-aaabxgxx,226.333,188.913,237.096,37.420,10.763,132.853,125.420,134.838,7.433,1.985
mp-aaabxgxz,91.667,104.079,84.576,12.412,7.091,34.991,28.221,24.690,6.770,10.301
mp-aaabxgya,268.333,244.324,245.959,24.009,22.374,104.994,91.036,89.509,13.958,15.485
mp-aaabxgyd,57.000,67.698,72.788,10.698,15.788,2.137,23.932,42.179,21.795,40.042
mp-aaabxgye,37.000,35.759,38.206,1.241,1.206,28.799,19.569,21.343,9.230,7.456
mp-aaabxgyf,44.000,47.477,42.129,3.477,1.871,32.356,29.045,25.642,3.311,6.713
mp-aaabxgyi,102.333,101.120,103.955,1.213,1.621,37.833,41.810,39.612,3.977,1.779
mp-aaabxgyk,226.000,212.084,232.124,13.916,6.124,94.966,90.674,94.601,4.292,0.365
mp-aaabxgym,258.000,221.832,258.060,36.168,0.060,111.607,101.057,118.719,10.550,7.113
mp-aaabxgyo,36.333,43.741,39.157,7.408,2.824,25.287,19.952,24.907,5.335,0.380
mp-aaabxgyp,80.000,81.871,83.875,1.871,3.875,20.856,25.738,32.365,4.882,11.509
mp-aaabxgyq,45.333,46.645,43.287,1.312,2.046,29.276,18.604,28.251,10.672,1.025
mp-aaabxgyr,188.667,194.345,184.600,5.678,4.067,107.097,99.329,93.524,7.768,13.574
mp-aaabxgyu,103.333,77.454,99.160,25.879,4.174,5.555,17.670,23.123,12.115,17.568
mp-aaabxgyv,165.333,160.613,174.766,4.720,9.433,53.901,65.568,60.023,11.667,6.122
mp-aaabxgyw,122.667,123.285,125.826,0.618,3.160,48.332,35.957,34.505,12.375,13.827
mp-aaabxgyx,179.667,155.197,194.673,24.470,15.006,77.121,85.966,102.730,8.845,25.609
mp-aaabxgyy,201.333,173.188,208.032,28.145,6.699,72.675,64.371,85.332,8.304,12.657
mp-aaabxgyz,136.667,140.533,139.522,3.866,2.855,45.019,21.923,40.795,23.096,4.224
mp-aaabxgza,130.000,126.234,128.610,3.766,1.390,52.072,52.757,30.073,0.685,21.999
mp-aaabxgzb,182.667,156.921,184.725,25.746,2.058,65.680,50.744,64.540,14.936,1.140
mp-aaabxgzc,47.000,35.194,37.102,11.806,9.898,33.747,28.462,20.750,5.285,12.997
mp-aaabxgzd,231.000,249.721,228.498,18.721,2.502,128.222,99.185,112.046,29.037,16.177
mp-aaabxgze,81.615,17.379,79.888,64.236,1.727,26.700,23.704,25.009,2.996,1.691
mp-aaabxgzf,35.000,32.130,36.496,2.870,1.496,21.273,26.435,20.359,5.162,0.914
mp-aaabxgzg,82.667,80.507,86.195,2.160,3.528,32.728,23.287,36.144,9.441,3.416
mp-aaabxgzj,29.982,36.066,33.926,6.084,3.944,19.388,14.515,20.282,4.873,0.893
mp-aaabxgzk,83.667,59.892,76.479,23.775,7.188,9.247,21.024,20.336,11.777,11.089
mp-aaabxgzo,152.333,186.017,143.340,33.684,8.994,51.707,44.591,47.305,7.116,4.402
mp-aaabxgzr,54.333,48.459,53.221,5.874,1.113,18.412,15.850,18.429,2.562,0.018
mp-aaabxgzs,213.667,179.733,214.275,33.934,0.608,102.343,71.418,93.036,30.925,9.307
mp-aaabxgzv,75.333,146.862,62.555,71.529,12.778,17.879,16.403,20.049,1.476,2.170
mp-aaabxgzw,59.667,62.269,52.413,2.602,7.253,10.575,5.506,2.116,5.069,8.459
mp-aaabxhab,70.333,62.309,66.808,8.024,3.525,14.592,10.823,-0.174,3.769,14.765
mp-aaabxhae,352.747,270.974,360.402,81.773,7.655,163.271,158.098,183.497,5.173,20.226
mp-aaabxhah,66.667,69.964,61.523,3.297,5.144,27.437,17.731,23.861,9.706,3.576
mp-aaabxhai,34.000,25.475,31.486,8.525,2.514,27.678,21.166,19.477,6.512,8.201
mp-aaabxhaj,40.667,35.969,37.206,4.698,3.461,29.835,23.255,19.204,6.580,10.631
mp-aaabxhak,238.000,234.458,229.958,3.542,8.042,124.381,121.645,115.925,2.736,8.456
mp-aaabxham,68.333,72.820,72.262,4.487,3.929,13.800,16.450,17.726,2.650,3.926
mp-aaabxhan,219.000,150.318,216.406,68.682,2.594,90.818,82.206,91.862,8.612,1.043
mp-aaabxhas,117.000,95.061,113.006,21.939,3.994,32.271,48.305,37.415,16.034,5.144
mp-aaabxhaw,48.333,40.033,46.344,8.300,1.989,21.928,18.778,19.609,3.150,2.319
mp-aaabxhax,43.333,45.060,39.540,1.727,3.794,14.494,16.464,20.143,1.970,5.649
mp-aaabxhba,103.000,98.467,106.876,4.533,3.876,28.787,23.529,31.732,5.258,2.945
mp-aaabxhbb,64.667,43.554,67.307,21.113,2.640,20.494,20.509,13.372,0.015,7.122
mp-aaabxhbc,27.333,28.670,32.508,1.337,5.175,8.446,11.526,9.279,3.080,0.833
mp-aaabxhbd,135.492,136.549,145.734,1.057,10.242,42.345,46.420,47.438,4.075,5.093
mp-aaabxhbe,37.000,28.733,31.263,8.267,5.737,27.028,26.980,16.904,0.048,10.124
mp-aaabxhbf,56.000,66.982,66.839,10.982,10.839,10.319,24.130,29.393,13.811,19.074
mp-aaabxhbh,218.667,222.552,215.619,3.885,3.047,126.994,115.452,121.760,11.542,5.234
mp-aaabxhbi,87.332,77.993,77.046,9.339,10.286,60.044,44.342,52.381,15.702,7.663
mp-aaabxhbj,46.000,48.311,45.052,2.311,0.948,29.000,26.511,28.905,2.489,0.095
mp-aaabxhbk,126.667,116.301,127.680,10.366,1.013,36.583,47.842,34.009,11.259,2.574
mp-aaabxhbl,90.333,100.148,89.907,9.815,0.426,29.591,23.559,23.426,6.032,6.165
mp-aaabxhbm,108.667,107.057,109.584,1.610,0.918,40.371,38.481,48.235,1.890,7.864
mp-aaabxhbn,70.000,79.329,79.590,9.329,9.590,15.276,17.752,16.258,2.476,0.982
mp-aaabxhbo,91.000,84.224,87.227,6.776,3.773,23.700,14.780,19.318,8.920,4.382
mp-aaabxhbp,44.000,45.594,44.017,1.594,0.017,28.516,25.274,30.767,3.242,2.251
mp-aaabxhbq,213.000,218.832,230.047,5.832,17.047,67.541,58.139,2123.156,9.402,2055.615
mp-aaabxhbr,82.333,79.598,83.131,2.735,0.797,15.631,11.484,20.374,4.147,4.743
mp-aaabxhbs,40.333,29.873,34.309,10.460,6.024,21.115,23.418,12.710,2.303,8.406
mp-aaabxhbt,236.000,225.917,233.727,10.083,2.273,125.082,127.130,116.992,2.048,8.090
mp-aaabxhbu,34.333,44.700,33.551,10.367,0.782,11.589,12.429,12.548,0.840,0.958
mp-aaabxhbw,65.333,66.635,64.386,1.302,0.947,30.237,26.455,22.934,3.782,7.304
mp-aaabxhbx,58.000,47.033,57.776,10.967,0.224,25.500,22.105,21.892,3.395,3.608
mp-aaabxhby,45.000,50.838,44.373,5.838,0.627,13.170,12.867,7.719,0.303,5.451
mp-aaabxhbz,47.333,45.620,43.558,1.713,3.775,10.437,11.976,17.898,1.539,7.461
mp-aaabxhca,62.000,57.611,63.409,4.389,1.409,24.926,23.253,21.448,1.673,3.478
mp-aaabxhce,160.333,154.399,166.767,5.934,6.434,60.266,49.277,47.629,10.989,12.637
mp-aaabxhcg,49.333,32.395,46.600,16.938,2.733,25.287,18.474,18.312,6.813,6.975
mp-aaabxhch,43.333,34.898,40.775,8.435,2.559,26.503,20.226,23.684,6.277,2.819
mp-aaabxhck,47.000,56.565,45.556,9.565,1.444,20.654,26.709,21.434,6.055,0.781
mp-aaabxhcm,50.333,39.040,52.174,11.293,1.841,25.202,20.827,21.630,4.375,3.573
mp-aaabxhco,189.667,184.381,194.230,5.286,4.563,50.483,52.338,60.079,1.855,9.596
mp-aaabxhcq,184.000,126.278,195.994,57.722,11.994,27.545,64.132,95.790,36.587,68.245
mp-aaabxhcs,202.667,225.227,204.486,22.560,1.819,87.343,85.682,87.087,1.661,0.256
mp-aaabxhcx,203.667,201.812,202.092,1.855,1.575,110.154,100.966,104.513,9.188,5.641
mp-aaabxhcz,185.000,177.321,185.482,7.679,0.482,92.682,72.473,81.774,20.209,10.909
mp-aaabxhdd,173.333,199.335,202.533,26.002,29.200,64.345,70.899,55.721,6.554,8.624
mp-aaabxhdr,183.667,156.240,173.106,27.427,10.560,107.796,93.020,85.935,14.776,21.861
mp-aaabxhdw,77.489,132.806,80.283,55.317,2.794,19.182,30.334,14.986,11.152,4.196
mp-aaabxheb,45.333,36.994,42.215,8.339,3.118,27.481,19.671,26.321,7.810,1.160
mp-aaabxhec,228.333,219.418,219.053,8.915,9.280,107.259,98.275,103.100,8.984,4.159
mp-aaabxhed,40.000,40.330,39.546,0.330,0.454,23.149,20.665,21.867,2.484,1.282
mp-aaabxhee,75.333,67.400,71.691,7.933,3.642,-19.089,14.145,19.884,33.234,38.973
mp-aaabxheh,50.667,53.966,456.665,3.299,405.998,21.250,18.512,9.552,2.738,11.698
mp-aaabxhej,127.667,121.474,139.124,6.193,11.458,60.396,63.142,63.131,2.746,2.736
mp-aaabxhel,229.000,204.512,231.723,24.488,2.723,100.662,102.813,119.008,2.151,18.346
mp-aaabxhem,185.333,157.167,199.218,28.166,13.885,-30.860,40.419,60.473,71.279,91.333
mp-aaabxhen,147.333,132.247,148.408,15.086,1.075,26.520,19.839,53.317,6.681,26.798
mp-aaabxhep,216.000,196.279,228.144,19.721,12.144,183.805,118.259,16.557,65.546,167.248
mp-aaabxher,58.000,65.385,55.721,7.385,2.279,32.963,22.686,28.989,10.277,3.974
mp-aaabxhet,90.667,99.937,93.034,9.270,2.368,16.978,23.876,37.302,6.898,20.325
mp-aaabxheu,58.000,60.211,56.571,2.211,1.429,23.648,27.080,29.533,3.432,5.885
mp-aaabxhev,105.000,111.753,101.940,6.753,3.060,25.584,32.763,37.444,7.179,11.860
mp-aaabxhew,88.333,91.052,92.657,2.719,4.324,22.336,22.282,33.913,0.054,11.576
mp-aaabxhex,195.964,214.735,184.891,18.771,11.073,105.763,89.472,85.153,16.291,20.611
mp-aaabxhfa,214.000,211.405,209.283,2.595,4.717,97.425,85.579,103.748,11.846,6.322
mp-aaabxhfb,179.333,166.885,180.387,12.448,1.054,76.014,78.024,80.001,2.010,3.987
mp-aaabxhfc,177.333,147.773,180.014,29.560,2.681,84.419,73.952,85.556,10.467,1.137
mp-aaabxhfi,129.000,114.234,131.129,14.766,2.129,43.202,39.109,42.873,4.093,0.329
mp-aaabxhfr,38.333,50.769,37.534,12.436,0.800,15.726,16.416,9.055,0.690,6.672
mp-aaabxhfs,39.000,34.705,36.765,4.295,2.235,11.989,11.839,11.024,0.150,0.965
mp-aaabxhfv,77.000,139.746,60.460,62.746,16.540,20.564,14.472,12.400,6.092,8.163
mp-aaabxhfw,106.811,112.642,97.472,5.831,9.339,10.400,30.190,42.850,19.790,32.449
mp-aaabxhfx,200.333,222.384,202.848,22.051,2.514,83.997,81.204,90.153,2.793,6.156
mp-aaabxhga,173.667,179.117,175.798,5.450,2.131,66.594,58.767,74.106,7.827,7.512
mp-aaabxhgc,246.000,198.893,255.388,47.107,9.388,118.263,118.819,122.493,0.556,4.230
mp-aaabxhgd,193.667,135.835,190.028,57.832,3.639,99.653,80.119,98.282,19.534,1.371
mp-aaabxhge,184.000,199.600,182.572,15.600,1.428,73.567,69.835,78.845,3.732,5.278
mp-aaabxhgf,137.000,108.653,138.346,28.347,1.346,16.793,24.221,25.453,7.428,8.660
mp-aaabxhgi,66.000,59.969,64.347,6.031,1.653,29.318,24.242,22.886,5.076,6.432
mp-aaabxhgj,246.333,205.616,246.565,40.717,0.232,109.550,88.709,98.378,20.841,11.172
mp-aaabxhgn,190.667,187.746,189.715,2.921,0.952,87.129,81.158,89.419,5.971,2.290
mp-aaabxhgp,218.333,218.865,221.882,0.532,3.549,102.507,82.346,103.149,20.161,0.643
mp-aaabxhgq,37.667,34.505,37.300,3.162,0.367,23.190,8.266,17.353,14.924,5.838
mp-aaabxhgt,65.667,74.230,65.402,8.563,0.265,29.548,28.893,26.527,0.655,3.021
mp-aaabxhgu,24.667,21.421,24.747,3.246,0.081,18.614,8.637,13.681,9.977,4.934
mp-aaabxhgv,60.000,71.453,60.135,11.453,0.135,21.831,23.091,25.643,1.260,3.812
mp-aaabxhgw,195.667,185.264,189.658,10.403,6.008,92.779,90.006,68.562,2.773,24.217
mp-aaabxhha,168.667,153.355,162.771,15.312,5.895,87.860,79.062,80.754,8.798,7.106
mp-aaabxhhb,189.333,145.975,206.773,43.358,17.440,66.162,80.553,88.489,14.391,22.328
mp-aaabxhhc,156.000,135.042,160.694,20.958,4.694,18.122,30.141,25.316,12.019,7.193
mp-aaabxhhd,230.000,196.261,218.860,33.739,11.140,146.195,126.351,98.334,19.844,47.861
mp-aaabxhhe,227.667,237.836,236.289,10.169,8.622,86.136,61.369,55.995,24.767,30.141
mp-aaabxhhf,203.667,158.876,208.110,44.791,4.444,97.999,75.236,72.202,22.763,25.797
mp-aaabxhhi,75.000,74.158,66.715,0.842,8.285,30.118,33.238,22.017,3.120,8.100
mp-aaabxhhm,74.000,62.646,68.154,11.354,5.846,31.777,31.387,24.601,0.390,7.176
mp-aaabxhho,191.333,153.773,197.051,37.560,5.717,105.095,118.057,82.215,12.962,22.880
mp-aaabxhhp,194.333,176.949,193.832,17.384,0.501,-19.125,32.748,73.535,51.873,92.660
mp-aaabxhhq,242.000,225.390,227.760,16.610,14.240,121.800,91.622,90.402,30.178,31.397
mp-aaabxhhr,209.333,210.525,207.563,1.192,1.771,91.967,91.509,104.341,0.458,12.374
mp-aaabxhhs,138.333,120.224,131.867,18.109,6.466,45.122,36.879,52.245,8.243,7.124
mp-aaabxhhu,43.333,47.548,43.083,4.215,0.250,23.719,24.240,25.011,0.521,1.292
mp-aaabxhhv,148.000,151.711,144.890,3.711,3.110,64.786,43.172,59.992,21.614,4.794
mp-aaabxhhw,97.000,121.812,99.729,24.812,2.729,32.392,30.839,30.802,1.553,1.590
mp-aaabxhhx,251.003,213.908,244.378,37.095,6.626,128.961,131.868,129.228,2.907,0.267
mp-aaabxhhy,64.667,66.725,68.424,2.058,3.758,13.486,17.139,21.572,3.653,8.086
mp-aaabxhhz,127.667,113.369,132.812,14.298,5.146,37.514,62.099,45.021,24.585,7.507
mp-aaabxhia,61.667,43.355,62.481,18.312,0.814,26.500,17.871,25.795,8.629,0.705
mp-aaabxhib,109.667,109.568,119.039,0.099,9.372,47.777,32.076,51.265,15.701,3.487
mp-aaabxhic,102.333,105.895,102.496,3.562,0.162,37.393,25.853,38.775,11.540,1.383
mp-aaabxhie,125.667,124.775,132.896,0.892,7.229,22.318,36.441,23.625,14.123,1.307
mp-aaabxhif,23.000,29.482,23.652,6.482,0.652,5.800,8.151,6.549,2.351,0.749
mp-aaabxhih,83.000,76.400,83.713,6.600,0.713,20.394,9.407,27.347,10.987,6.953
mp-aaabxhii,40.333,45.404,42.067,5.071,1.734,26.656,24.188,23.847,2.468,2.809
mp-aaabxhij,111.667,124.831,111.588,13.164,0.079,46.217,28.488,40.224,17.729,5.993
mp-aaabxhik,99.667,79.644,112.786,20.023,13.119,17.780,24.607,32.330,6.827,14.550
mp-aaabxhil,34.667,39.392,37.275,4.725,2.609,20.873,18.571,25.144,2.302,4.271
mp-aaabxhim,68.333,71.761,87.894,3.428,19.561,23.421,31.503,34.573,8.082,11.152
mp-aaabxhin,91.000,86.637,88.802,4.363,2.198,25.093,9.884,26.125,15.209,1.032
mp-aaabxhio,42.333,31.239,39.972,11.094,2.362,29.289,25.614,27.376,3.675,1.913
mp-aaabxhip,39.667,27.704,36.736,11.963,2.931,28.547,20.226,23.614,8.321,4.934
mp-aaabxhiq,28.667,27.007,31.101,1.660,2.434,23.311,24.238,22.228,0.927,1.083
mp-aaabxhir,40.667,30.287,37.743,10.380,2.924,29.674,20.538,24.957,9.136,4.716
mp-aaabxhit,169.333,162.510,169.008,6.823,0.325,62.538,43.763,53.982,18.775,8.556
mp-aaabxhiv,75.000,66.178,77.392,8.822,2.392,2.132,17.016,16.255,14.884,14.124
mp-aaabxhiw,110.000,126.477,118.406,16.477,8.406,52.220,37.924,48.107,14.296,4.113
mp-aaabxhix,158.000,148.476,161.727,9.524,3.727,47.700,47.271,49.831,0.429,2.131
mp-aaabxhiy,137.333,118.748,139.502,18.585,2.168,52.280,59.352,42.360,7.072,9.920
mp-aaabxhiz,47.537,57.149,58.154,9.612,10.618,28.380,40.111,30.477,11.731,2.097
mp-aaabxhjb,42.000,50.851,34.042,8.851,7.958,33.138,29.251,13.330,3.887,19.808
mp-aaabxhjc,34.000,26.328,30.609,7.672,3.391,29.479,30.604,22.092,1.125,7.387
mp-aaabxhjd,37.667,33.162,28.561,4.505,9.106,26.199,16.795,17.690,9.404,8.509
mp-aaabxhje,29.000,34.788,30.143,5.788,1.143,21.143,22.172,15.257,1.029,5.886
mp-aaabxhjg,38.667,31.215,34.423,7.452,4.244,27.889,19.746,22.220,8.143,5.669
mp-aaabxhjj,44.000,60.813,40.977,16.813,3.023,16.295,11.696,17.221,4.599,0.926
mp-aaabxhjm,68.000,80.243,75.059,12.243,7.059,29.311,40.926,28.973,11.615,0.339
mp-aaabxhjn,42.333,40.800,36.661,1.533,5.672,17.513,15.223,15.828,2.290,1.685
mp-aaabxhjo,66.667,62.632,62.813,4.035,3.853,20.579,22.041,20.206,1.462,0.373
mp-aaabxhjv,60.000,73.908,61.992,13.908,1.992,20.544,28.279,26.834,7.735,6.290
mp-aaabxhjw,42.333,49.066,42.158,6.733,0.176,-7.913,19.971,24.829,27.884,32.742
mp-aaabxhjx,248.333,208.961,249.443,39.372,1.109,123.024,91.033,111.285,31.991,11.739
mp-aaabxhkc,192.000,166.661,183.690,25.339,8.310,79.916,59.925,74.858,19.991,5.058
mp-aaabxhkd,200.000,191.953,210.370,8.047,10.370,107.399,96.772,89.953,10.627,17.445
mp-aaabxhke,44.333,36.987,41.627,7.346,2.706,26.503,19.212,25.012,7.291,1.491
mp-aaabxhkf,174.667,151.943,188.128,22.724,13.462,-3.674,6.321,28.115,9.995,31.788
mp-aaabxhkg,64.424,82.074,57.336,17.650,7.089,52.247,70.175,32.704,17.928,19.543
mp-aaabxhkh,52.333,33.822,50.411,18.511,1.922,27.098,15.189,21.519,11.909,5.579
mp-aaabxhki,198.000,153.384,184.836,44.616,13.164,63.374,58.409,73.120,4.965,9.746
mp-aaabxhkj,48.667,37.663,41.091,11.004,7.575,13.591,17.602,18.445,4.011,4.854
mp-aaabxhkl,82.667,78.792,87.764,3.875,5.098,27.390,21.695,24.561,5.695,2.829
mp-aaabxhkm,51.333,32.836,51.053,18.497,0.280,26.633,21.488,20.444,5.145,6.189
mp-aaabxhkn,37.000,26.260,35.075,10.740,1.925,28.199,21.663,16.098,6.536,12.101
mp-aaabxhml,76.000,65.026,76.050,10.974,0.050,15.284,6.478,16.889,8.806,1.605
mp-aaabxhmq,233.333,235.590,230.885,2.257,2.448,130.854,125.574,125.158,5.280,5.696
mp-aaabxhmr,150.667,161.097,158.075,10.430,7.408,66.989,65.171,64.020,1.818,2.969
mp-aaabxhms,30.667,43.337,33.990,12.670,3.324,19.724,14.798,13.512,4.926,6.212
mp-aaabxhmt,89.333,84.792,103.949,4.541,14.616,15.004,23.420,26.859,8.416,11.854
mp-aaabxhmu,44.667,178.199,196.183,133.532,151.516,57.122,90.938,83.929,33.816,26.807
mp-aaabxhmv,49.000,56.541,47.427,7.541,1.573,23.700,29.042,23.499,5.342,0.201
mp-aaabxhmx,27.667,72.398,29.397,44.731,1.730,5.028,11.840,-2.123,6.812,7.151
mp-aaabxhnb,43.667,49.234,43.098,5.567,0.569,22.451,22.722,24.362,0.271,1.912
mp-aaabxhnc,161.333,126.709,157.918,34.624,3.415,15.694,35.896,45.960,20.202,30.266
mp-aaabxhne,88.621,77.050,76.774,11.571,11.848,48.479,46.814,44.333,1.665,4.146
mp-aaabxhnf,212.667,257.011,211.879,44.344,0.788,94.598,92.259,94.408,2.339,0.190
mp-aaabxhnr,59.600,81.024,59.601,21.424,0.002,28.226,16.410,22.956,11.816,5.271
mp-aaabxhnu,125.659,105.579,118.985,20.080,6.675,75.248,64.181,77.882,11.067,2.634
mp-aaabxhqd,210.667,196.831,194.010,13.836,16.657,126.994,102.043,98.190,24.951,28.804
mp-aaabxhqe,192.000,153.637,190.272,38.363,1.728,85.691,89.767,102.843,4.076,17.152
mp-aaabxhvu,46.375,44.746,43.938,1.629,2.437,17.347,19.880,17.708,2.533,0.360
mp-aaabxias,151.831,143.851,146.966,7.980,4.865,83.889,100.002,80.666,16.113,3.222
mp-aaabxihe,42.265,44.727,42.440,2.462,0.175,26.698,20.766,22.588,5.932,4.111
mp-aaabxihg,33.000,10.957,28.458,22.043,4.542,-37.597,3.362,8.613,40.959,46.210
mp-aaabxish,286.333,220.995,270.214,65.338,16.119,149.587,136.948,116.796,12.639,32.791
mp-aaabxisj,84.333,101.316,88.669,16.983,4.336,35.176,26.738,31.842,8.438,3.334
mp-aaabxisk,138.000,128.675,150.414,9.325,12.414,64.711,63.776,59.101,0.935,5.610
mp-aaabxiso,235.000,185.849,238.062,49.151,3.062,73.722,88.701,100.236,14.979,26.515
mp-aaabxisq,238.000,228.606,252.323,9.394,14.323,107.900,88.300,140.280,19.600,32.381
mp-aaabxisr,112.667,111.639,117.370,1.028,4.703,43.856,34.480,43.546,9.376,0.310
mp-aaabxiss,77.333,68.688,86.605,8.645,9.271,21.536,13.786,19.905,7.750,1.631
mp-aaabxist,117.667,98.583,116.508,19.084,1.159,19.686,23.959,6.678,4.273,13.008
mp-aaabxisu,201.000,163.118,207.798,37.882,6.798,108.196,98.951,100.520,9.245,7.676
mp-aaabxisv,71.333,62.414,65.398,8.919,5.935,30.084,24.144,25.532,5.940,4.552
mp-aaabxisx,268.000,241.766,258.685,26.234,9.315,94.491,108.445,120.918,13.954,26.427
mp-aaabxisz,200.667,173.225,202.493,27.442,1.826,97.791,102.518,101.807,4.727,4.017
mp-aaabxita,2.764,11.734,1.332,8.970,1.432,1.059,8.140,2.560,7.081,1.502
mp-aaabxitb,80.667,83.232,85.458,2.565,4.791,26.165,27.928,27.814,1.763,1.649
mp-aaabxitc,94.667,90.575,91.463,4.092,3.203,29.799,25.279,27.790,4.520,2.009
mp-aaabxite,40.667,41.838,41.044,1.171,0.377,21.407,23.702,22.795,2.295,1.388
mp-aaabxitf,52.667,50.772,50.616,1.895,2.050,25.415,19.734,25.351,5.681,0.064
mp-aaabxitj,117.333,116.277,123.648,1.056,6.315,13.211,16.873,20.470,3.662,7.259
mp-aaabxitl,194.000,200.907,198.290,6.907,4.290,87.273,82.219,86.606,5.054,0.668
mp-aaabxitr,69.419,74.577,64.914,5.158,4.505,42.185,33.174,35.281,9.011,6.905
mp-aaabxits,40.667,33.727,38.388,6.940,2.279,17.814,15.873,18.857,1.941,1.043
mp-aaabxitt,54.000,43.207,52.052,10.793,1.948,34.967,30.384,30.232,4.583,4.735
mp-aaabxitu,196.667,193.393,198.151,3.274,1.485,93.062,79.534,90.205,13.528,2.857
mp-aaabxitv,20.667,17.121,22.043,3.546,1.376,2.650,12.978,9.226,10.328,6.576
mp-aaabxitw,145.667,132.469,150.506,13.198,4.839,54.986,44.877,61.724,10.109,6.738
mp-aaabxitx,29.333,32.694,23.505,3.361,5.828,22.864,23.532,6.080,0.668,16.783
mp-aaabxiue,167.333,182.142,177.985,14.809,10.652,61.964,67.262,78.432,5.298,16.468
mp-aaabxiuf,61.000,45.241,60.293,15.759,0.707,13.500,18.497,16.804,4.997,3.304
mp-aaabxiug,56.333,50.342,53.049,5.991,3.284,23.174,22.583,19.226,0.591,3.948
mp-aaabxiuh,40.000,38.201,40.687,1.799,0.687,21.857,23.239,22.712,1.382,0.854
mp-aaabxiui,64.667,58.696,66.178,5.971,1.511,16.833,15.337,22.524,1.496,5.690
mp-aaabxiul,39.667,53.381,36.107,13.714,3.560,17.171,6.777,16.166,10.394,1.005
mp-aaabxiup,26.333,17.570,25.409,8.763,0.925,14.330,14.598,11.828,0.268,2.501
mp-aaabxiur,30.000,27.467,22.686,2.533,7.314,23.395,17.973,8.284,5.422,15.111
mp-aaabxius,151.667,136.083,159.134,15.584,7.467,153.292,93.044,64.269,60.248,89.023
mp-aaabxiut,30.333,20.028,23.801,10.305,6.533,21.199,23.515,11.003,2.316,10.196
mp-aaabxiuu,30.000,29.478,34.555,0.522,4.555,8.747,9.645,17.448,0.898,8.701
mp-aaabxiuz,58.000,47.466,53.206,10.534,4.794,18.074,16.957,11.318,1.117,6.756
mp-aaabxiva,50.667,46.845,48.201,3.822,2.465,23.291,17.232,21.797,6.059,1.494
mp-aaabxivd,59.667,42.495,57.848,17.172,1.819,25.117,20.251,23.749,4.866,1.369
mp-aaabxive,86.667,97.719,82.312,11.052,4.355,30.391,31.484,24.211,1.093,6.180
mp-aaabxivi,58.667,72.097,58.142,13.430,0.525,25.541,22.838,16.868,2.703,8.673
mp-aaabxivj,176.000,171.629,177.021,4.371,1.021,79.500,66.888,50.288,12.612,29.212
mp-aaabxivl,45.000,43.876,43.132,1.124,1.868,22.648,15.064,16.755,7.584,5.893
mp-aaabxivn,53.667,51.289,52.412,2.378,1.255,21.250,20.997,19.035,0.253,2.215
mp-aaabxivp,35.000,40.342,27.052,5.342,7.948,20.636,12.183,5.072,8.453,15.564
mp-aaabxivr,185.000,114.950,217.573,70.050,32.573,60.719,33.236,100.572,27.483,39.853
mp-aaabxivs,71.333,70.187,75.853,1.146,4.520,22.375,19.406,22.760,2.969,0.385
mp-aaabxivt,117.333,129.437,135.230,12.104,17.897,-16.552,32.809,49.698,49.361,66.250
mp-aaabxivu,117.667,97.341,118.980,20.326,1.314,-38.140,45.178,38.578,83.318,76.718
mp-aaabxivw,35.222,34.314,30.884,0.908,4.338,23.123,19.335,14.969,3.788,8.154
mp-aaabxivy,11.770,15.214,12.189,3.444,0.419,6.822,12.414,7.993,5.592,1.171
mp-aaabxiwc,84.333,80.118,87.784,4.215,3.451,23.934,13.703,29.754,10.231,5.819
mp-aaabxiwd,28.333,30.954,22.938,2.621,5.395,21.778,19.816,9.996,1.962,11.782
mp-aaabxiwg,26.000,16.123,24.306,9.877,1.694,12.702,14.509,11.767,1.807,0.934
mp-aaabxiwh,27.667,17.785,23.535,9.882,4.132,18.939,15.555,10.918,3.384,8.021
mp-aaabxiwj,118.000,145.423,115.430,27.423,2.570,47.187,35.042,36.670,12.145,10.517
mp-aaabxiwk,130.667,188.574,127.870,57.907,2.797,58.339,42.896,35.674,15.443,22.666
mp-aaabxiwm,238.000,223.809,248.182,14.191,10.182,104.624,96.658,111.208,7.966,6.584
mp-aaabxiwn,47.333,29.721,43.098,17.612,4.235,22.554,18.141,16.699,4.413,5.855
mp-aaabxiwo,67.333,54.147,67.308,13.186,0.026,18.562,19.116,14.367,0.554,4.196
mp-aaabxiwr,170.824,189.061,168.834,18.237,1.990,85.428,83.189,84.317,2.239,1.111
mp-aaabxiws,48.000,44.912,39.627,3.088,8.373,26.005,23.163,17.145,2.842,8.860
mp-aaabxiwt,90.333,100.820,101.537,10.487,11.203,42.463,42.086,46.829,0.377,4.366
mp-aaabxiwu,42.000,33.005,40.193,8.995,1.807,22.006,26.468,18.646,4.462,3.360
mp-aaabxiwv,60.000,59.533,57.017,0.467,2.983,-0.409,5.569,10.825,5.978,11.234
mp-aaabxiww,24.333,30.145,28.408,5.812,4.075,16.432,18.417,18.948,1.985,2.516
mp-aaabxiwx,46.611,56.745,52.983,10.134,6.372,16.173,21.981,31.331,5.808,15.158
mp-aaabxiwz,12.438,27.845,15.186,15.407,2.749,8.222,20.136,6.659,11.914,1.563
mp-aaabxixd,119.333,126.539,119.713,7.206,0.380,41.138,45.753,43.890,4.615,2.752
mp-aaabxixe,61.667,42.792,62.075,18.875,0.408,26.044,21.802,25.385,4.242,0.659
mp-aaabxixf,80.667,88.603,74.848,7.936,5.819,32.309,33.186,29.555,0.877,2.754
mp-aaabxixl,56.000,72.828,52.375,16.828,3.625,17.085,21.514,22.517,4.429,5.432
mp-aaabxixm,78.333,91.872,84.929,13.539,6.596,46.792,41.789,45.137,5.003,1.655
mp-aaabxixn,121.000,129.985,122.650,8.985,1.650,45.429,44.714,44.136,0.715,1.293
mp-aaabxixp,59.333,50.317,56.854,9.016,2.480,11.656,15.422,9.920,3.766,1.736
mp-aaabxixq,71.441,76.080,68.614,4.639,2.827,44.420,26.581,34.054,17.839,10.366
mp-aaabxixs,54.333,72.783,51.921,18.450,2.412,15.274,10.587,9.379,4.687,5.895
mp-aaabxixt,219.333,193.587,210.900,25.746,8.433,139.398,123.996,116.425,15.402,22.973
mp-aaabxixu,88.000,80.353,91.503,7.647,3.503,25.729,24.767,27.122,0.962,1.392
mp-aaabxixv,104.667,99.547,103.497,5.120,1.169,31.332,31.786,28.333,0.454,2.999
mp-aaabxixw,41.333,93.588,88.461,52.255,47.128,35.660,41.937,19.325,6.277,16.336
mp-aaabxixx,117.000,117.488,116.917,0.488,0.083,40.833,43.159,37.801,2.326,3.032
mp-aaabxixy,85.000,84.132,92.553,0.868,7.553,12.490,22.926,16.859,10.436,4.369
mp-aaabxixz,80.667,81.570,85.173,0.903,4.506,20.229,10.824,21.751,9.405,1.522
mp-aaabxiyb,41.000,27.733,39.205,13.267,1.795,21.600,25.047,17.862,3.447,3.738
mp-aaabxiyc,109.000,92.332,119.142,16.668,10.142,50.807,35.638,36.935,15.169,13.872
mp-aaabxiyd,76.750,130.794,70.568,54.044,6.183,24.854,15.232,23.155,9.622,1.698
mp-aaabxiye,115.667,117.715,136.860,2.048,21.193,10.902,20.069,21.808,9.167,10.905
mp-aaabxiyg,216.000,190.366,223.988,25.634,7.988,92.749,77.804,103.697,14.945,10.948
mp-aaabxiyh,68.000,47.427,57.432,20.573,10.568,23.591,19.559,6.365,4.032,17.226
mp-aaabxiyi,374.457,324.972,368.019,49.485,6.439,203.844,190.344,217.395,13.500,13.551
mp-aaabxiyk,33.667,32.541,33.698,1.126,0.031,11.108,7.808,15.613,3.300,4.504
mp-aaabxiyl,74.333,71.279,72.139,3.054,2.195,31.977,30.779,29.161,1.198,2.816
mp-aaabxiyo,207.667,157.300,195.890,50.367,11.777,111.586,88.862,97.155,22.724,14.432
mp-aaabxiyp,194.333,182.917,171.576,11.416,22.757,126.069,96.252,97.591,29.817,28.478
mp-aaabxiyq,87.333,102.228,81.023,14.895,6.311,53.275,48.156,38.408,5.119,14.867
mp-aaabxiyr,210.333,164.707,196.271,45.626,14.063,67.589,71.315,75.187,3.726,7.598
mp-aaabxiys,219.667,181.256,222.346,38.411,2.679,113.540,117.942,117.967,4.402,4.428
mp-aaabxiyt,276.000,220.213,278.979,55.787,2.979,123.848,118.343,129.775,5.505,5.927
mp-aaabxiyv,55.333,57.517,57.005,2.184,1.671,36.312,27.645,32.657,8.667,3.655
mp-aaabxiyw,142.000,111.487,120.207,30.513,21.793,-29.396,-26.865,37.855,2.531,67.250
mp-aaabxiyy,238.000,173.710,239.549,64.290,1.549,124.888,102.159,126.213,22.729,1.325
mp-aaabxiyz,285.908,247.994,289.165,37.914,3.257,178.176,162.188,152.479,15.988,25.696
mp-aaabxizd,81.667,85.862,74.584,4.195,7.082,32.992,40.831,28.364,7.839,4.628
mp-aaabxizf,76.333,82.407,84.291,6.074,7.958,20.468,10.912,31.439,9.556,10.971
mp-aaabxizg,60.036,48.298,63.133,11.738,3.098,21.478,18.542,21.167,2.936,0.310
mp-aaabxizi,60.758,55.359,80.119,5.399,19.361,39.168,34.081,42.296,5.087,3.128
mp-aaabxizk,199.000,183.291,202.410,15.709,3.410,92.968,67.528,93.673,25.440,0.705
mp-aaabxizl,171.667,179.055,178.400,7.388,6.733,117.465,112.917,106.327,4.548,11.138
mp-aaabxizw,212.000,192.524,177.115,19.476,34.885,107.865,104.913,70.226,2.952,37.638
mp-aaabxizy,134.333,116.037,1888.797,18.296,1754.464,18.666,18.442,19.842,0.224,1.175
mp-aaabxizz,193.333,128.600,204.320,64.733,10.987,100.191,86.768,101.402,13.423,1.211
mp-aaabxjaa,148.667,109.213,134.210,39.454,14.456,3.117,22.887,17.896,19.770,14.779
mp-aaabxjaf,103.667,107.012,105.552,3.345,1.885,37.009,37.053,26.215,0.044,10.794
mp-aaabxjaj,144.423,162.681,138.520,18.258,5.903,59.932,64.159,54.716,4.227,5.216
mp-aaabxjal,199.667,184.589,201.912,15.078,2.245,93.910,105.134,101.567,11.224,7.657
mp-aaabxjas,200.333,190.586,202.329,9.747,1.996,119.470,103.169,111.156,16.301,8.314
mp-aaabxjat,193.000,177.476,198.667,15.524,5.667,91.428,91.248,93.759,0.180,2.331
mp-aaabxjaw,163.333,160.828,167.828,2.505,4.495,89.193,85.784,84.229,3.409,4.963
mp-aaabxjbe,53.000,51.146,49.655,1.854,3.345,4.830,-4.853,-50.619,9.683,55.449
mp-aaabxjbi,33.333,45.527,29.072,12.194,4.262,22.318,25.118,18.757,2.800,3.561
mp-aaabxjbj,22.333,25.620,25.522,3.287,3.188,6.100,21.348,15.892,15.248,9.792
mp-aaabxjbl,341.746,312.382,322.766,29.364,18.981,158.057,159.538,160.739,1.481,2.682
mp-aaabxjbm,72.000,59.296,68.072,12.704,3.928,16.733,25.358,10.246,8.625,6.487
mp-aaabxjbn,143.141,120.725,149.888,22.416,6.747,80.146,91.529,59.336,11.383,20.810
mp-aaabxjbo,57.952,69.318,51.229,11.366,6.723,37.362,36.105,31.515,1.257,5.846
mp-aaabxjbp,50.333,42.687,50.526,7.646,0.193,21.804,19.578,22.329,2.226,0.525
mp-aaabxjbq,30.333,22.040,28.691,8.293,1.642,20.839,14.250,14.800,6.589,6.039
mp-aaabxjbr,299.773,269.947,302.008,29.826,2.235,150.106,145.558,158.396,4.548,8.290
mp-aaabxjbt,99.333,73.995,92.929,25.338,6.404,19.394,19.896,23.097,0.502,3.703
mp-aaabxjbw,308.685,277.751,321.395,30.934,12.710,192.168,168.303,200.454,23.865,8.286
mp-aaabxjbx,290.844,229.942,282.025,60.902,8.819,151.580,141.008,148.767,10.572,2.813
mp-aaabxjcb,84.000,62.352,83.386,21.648,0.614,19.986,12.470,19.254,7.516,0.733
mp-aaabxjce,82.000,76.544,77.793,5.456,4.207,-3.375,13.024,24.084,16.399,27.459
mp-aaabxjcm,82.667,70.556,80.529,12.111,2.138,19.116,12.363,18.933,6.753,0.182
mp-aaabxjek,65.333,64.860,56.627,0.473,8.706,17.337,8.408,7.048,8.929,10.288
mp-aaabxjhr,222.333,191.401,212.138,30.932,10.195,126.389,112.831,106.277,13.558,20.112
mp-aaabxjka,116.324,142.294,124.895,25.970,8.571,52.781,65.216,65.619,12.435,12.838
mp-aaabxjpd,33.322,44.690,36.093,11.368,2.771,11.682,24.101,20.471,12.419,8.789
mp-aaabxjql,113.603,98.794,124.128,14.809,10.525,65.298,53.698,73.611,11.600,8.313
mp-aaabxjqu,193.682,159.018,173.616,34.664,20.066,81.228,92.321,119.220,11.093,37.993
mp-aaabxjqy,169.667,177.047,171.927,7.380,2.260,79.967,90.440,76.315,10.473,3.652
mp-aaabxjrb,40.333,30.531,38.556,9.802,1.777,2.989,17.555,16.633,14.566,13.644
mp-aaabxjrd,187.667,142.482,218.823,45.185,31.156,195.548,94.147,23.074,101.401,172.473
mp-aaabxjrg,97.333,92.106,96.213,5.227,1.120,36.187,30.941,37.049,5.246,0.862
mp-aaabxjrl,135.000,127.063,140.705,7.937,5.705,59.058,61.890,58.812,2.832,0.246
mp-aaabxjrm,84.333,76.320,85.282,8.013,0.948,20.594,13.268,28.061,7.326,7.467
mp-aaabxjrt,151.333,137.838,160.364,13.495,9.031,60.179,59.021,69.386,1.158,9.207
mp-aaabxjrv,224.667,186.491,225.705,38.176,1.038,40.656,58.050,45.055,17.394,4.399
mp-aaabxjrx,54.333,54.215,53.117,0.118,1.216,26.275,21.429,26.650,4.846,0.375
mp-aaabxjrz,180.667,170.403,184.265,10.264,3.598,83.704,96.374,92.293,12.670,8.588
mp-aaabxjsd,232.000,200.132,226.917,31.868,5.083,99.061,85.023,82.062,14.038,16.999
mp-aaabxjse,106.110,108.453,114.861,2.343,8.750,84.480,93.281,51.207,8.801,33.273
mp-aaabxjsk,220.667,214.381,231.632,6.286,10.965,108.573,100.797,107.737,7.776,0.835
mp-aaabxjsm,268.667,254.922,266.927,13.745,1.740,122.056,114.712,112.135,7.344,9.921
mp-aaabxjsq,358.684,303.324,351.473,55.360,7.211,159.858,164.598,185.721,4.740,25.863
mp-aaabxjss,129.333,108.771,131.341,20.562,2.007,46.622,45.750,46.186,0.872,0.436
mp-aaabxjst,186.000,171.075,187.876,14.925,1.876,66.343,63.420,77.514,2.923,11.171
mp-aaabxjsw,71.667,75.524,64.040,3.857,7.627,8.894,9.190,16.000,0.296,7.106
mp-aaabxjsx,42.000,34.635,41.730,7.365,0.270,24.921,19.609,17.308,5.312,7.613
mp-aaabxjsy,55.500,33.053,44.853,22.447,10.647,18.451,33.482,3.890,15.031,14.561
mp-aaabxjsz,49.333,69.104,43.704,19.771,5.629,17.548,9.696,2.371,7.852,15.177
mp-aaabxjta,127.333,115.201,133.345,12.132,6.012,53.718,47.961,50.322,5.757,3.396
mp-aaabxjtb,24.000,10.707,20.638,13.293,3.362,11.805,16.025,10.411,4.220,1.393
mp-aaabxjtd,28.667,20.623,29.252,8.044,0.585,21.016,20.344,14.515,0.672,6.501
mp-aaabxjtf,42.000,38.904,39.027,3.096,2.973,16.569,13.337,16.766,3.232,0.198
mp-aaabxjti,52.333,39.036,49.183,13.297,3.150,12.562,10.393,15.094,2.169,2.532
mp-aaabxjtk,117.333,129.427,140.635,12.094,23.302,4.379,42.653,64.562,38.274,60.183
mp-aaabxjtn,58.801,59.198,53.320,0.397,5.481,37.519,29.753,24.532,7.766,12.987
mp-aaabxjto,276.000,258.956,282.337,17.044,6.337,139.477,114.333,141.814,25.144,2.337
mp-aaabxjts,119.000,99.410,126.379,19.590,7.379,-35.633,48.068,41.718,83.701,77.351
mp-aaabxjtt,207.333,169.909,194.662,37.424,12.672,83.696,83.402,87.106,0.294,3.410
mp-aaabxjty,62.667,46.618,63.531,16.049,0.865,26.500,24.924,25.340,1.576,1.160
mp-aaabxjua,227.333,169.347,233.653,57.986,6.320,69.148,67.413,102.134,1.735,32.985
mp-aaabxjub,179.000,169.155,189.411,9.845,10.411,80.855,60.865,72.566,19.990,8.290
mp-aaabxjug,147.333,127.752,164.558,19.581,17.224,23.562,34.966,20.593,11.404,2.969
mp-aaabxjuh,247.333,185.222,236.372,62.111,10.961,122.599,123.525,117.286,0.926,5.313
mp-aaabxjuj,254.000,174.776,259.111,79.224,5.111,103.795,111.123,109.479,7.328,5.684
mp-aaabxjuk,75.033,93.990,60.695,18.957,14.337,22.878,15.110,11.898,7.768,10.980
mp-aaabxjum,206.333,172.696,206.723,33.637,0.389,87.913,89.992,88.913,2.079,1.000
mp-aaabxjuo,149.333,127.746,144.885,21.587,4.449,70.815,79.273,55.380,8.458,15.435
mp-aaabxjus,257.000,207.138,244.485,49.862,12.515,117.302,105.317,99.316,11.985,17.986
mp-aaabxjut,70.333,66.348,57.807,3.985,12.526,3.442,19.011,22.302,15.569,18.860
mp-aaabxjuv,32.333,22.751,32.567,9.582,0.234,18.951,20.867,16.043,1.916,2.908
mp-aaabxjuw,149.000,136.099,156.213,12.901,7.213,62.005,59.836,63.017,2.169,1.012
mp-aaabxjuz,67.667,66.937,66.760,0.730,0.907,7.867,15.686,13.502,7.819,5.635
mp-aaabxjva,48.333,51.940,45.656,3.607,2.677,21.128,24.580,17.727,3.452,3.401
mp-aaabxjvd,90.000,79.456,85.555,10.544,4.445,18.183,46.938,7.957,28.755,10.227
mp-aaabxjvf,114.000,140.290,113.057,26.290,0.943,41.199,30.950,26.660,10.249,14.539
mp-aaabxjvh,40.000,41.321,40.077,1.321,0.077,21.143,21.338,22.253,0.195,1.111
mp-aaabxjvi,62.667,59.578,61.289,3.089,1.378,6.206,16.697,19.569,10.491,13.363
mp-aaabxjvj,100.333,73.417,108.104,26.916,7.771,30.723,28.641,46.602,2.082,15.878
mp-aaabxjvn,78.667,72.216,78.245,6.451,0.422,0.782,15.580,21.763,14.798,20.981
mp-aaabxjvo,89.333,103.581,92.211,14.248,2.877,25.238,26.027,27.785,0.789,2.548
mp-aaabxjvp,83.333,86.069,83.129,2.736,0.204,27.199,17.587,27.910,9.612,0.711
mp-aaabxjvq,69.003,79.662,75.229,10.659,6.226,43.955,40.680,50.926,3.275,6.971
mp-aaabxjvs,58.667,59.683,61.980,1.016,3.313,8.879,13.899,22.568,5.020,13.689
mp-aaabxjvt,54.000,47.378,49.848,6.622,4.152,35.414,32.269,29.550,3.145,5.864
mp-aaabxjvu,241.667,189.551,233.892,52.116,7.775,90.580,96.086,85.985,5.506,4.595
mp-aaabxjvw,65.000,67.264,69.399,2.264,4.399,19.095,17.749,17.075,1.346,2.020
mp-aaabxjvx,74.000,76.038,83.553,2.038,9.553,-11.045,11.355,31.064,22.400,42.110
mp-aaabxjvy,214.667,197.087,208.853,17.580,5.814,123.993,113.136,119.975,10.857,4.018
mp-aaabxjvz,57.515,48.055,54.379,9.460,3.136,20.996,21.836,15.747,0.840,5.250
mp-aaabxjwb,143.333,116.282,147.957,27.051,4.624,59.585,84.800,47.219,25.215,12.366
mp-aaabxjwc,82.667,74.379,81.504,8.288,1.163,7.810,20.823,15.569,13.013,7.759
mp-aaabxjwh,89.667,92.756,87.763,3.089,1.903,30.353,33.627,27.083,3.274,3.270
mp-aaabxjwo,50.333,48.222,48.967,2.111,1.367,30.553,25.668,25.345,4.885,5.208
mp-aaabxjwp,85.000,69.847,85.971,15.153,0.971,31.799,26.176,30.823,5.623,0.976
mp-aaabxjwq,99.333,97.857,104.823,1.476,5.490,28.377,37.440,43.401,9.063,15.024
mp-aaabxjwr,204.667,199.863,207.816,4.804,3.150,101.983,90.953,97.027,11.030,4.956
mp-aaabxjwt,110.000,122.562,117.978,12.562,7.978,24.483,28.748,28.903,4.265,4.419
mp-aaabxjwv,194.333,171.279,197.222,23.054,2.888,72.896,78.124,81.080,5.228,8.184
mp-aaabxjww,186.667,179.899,196.545,6.768,9.878,102.009,93.523,117.752,8.486,15.743
mp-aaabxjwy,214.000,226.894,218.639,12.894,4.639,93.763,100.584,119.708,6.821,25.945
mp-aaabxjxc,73.667,62.797,72.165,10.870,1.502,12.662,14.367,7.941,1.705,4.722
mp-aaabxjxd,139.333,131.568,139.381,7.765,0.048,50.729,58.965,54.131,8.236,3.402
mp-aaabxjxf,113.667,114.957,117.667,1.290,4.000,22.634,23.236,36.030,0.602,13.396
mp-aaabxjxi,54.667,51.731,53.941,2.936,0.726,-6.422,10.003,16.784,16.425,23.206
mp-aaabxjxj,149.333,145.130,153.921,4.203,4.588,87.562,73.232,70.879,14.330,16.683
mp-aaabxjxk,192.333,197.930,195.169,5.597,2.836,95.021,67.035,67.186,27.986,27.835
mp-aaabxjxl,199.667,186.907,203.516,12.760,3.849,67.020,75.436,48.914,8.416,18.105
mp-aaabxjxn,177.000,179.999,176.412,2.999,0.588,70.614,60.488,71.124,10.126,0.510
mp-aaabxjxo,84.620,101.756,99.629,17.136,15.010,47.925,42.878,42.022,5.047,5.903
mp-aaabxjxp,81.667,73.915,74.279,7.752,7.388,24.395,26.606,25.351,2.211,0.956
mp-aaabxjxq,163.333,143.682,168.215,19.651,4.882,82.859,75.452,73.131,7.407,9.728
mp-aaabxjxr,151.667,162.498,140.613,10.831,11.054,-0.730,3.950,13.559,4.680,14.289
mp-aaabxjxs,93.667,88.046,89.693,5.621,3.973,30.816,17.087,20.038,13.729,10.778
mp-aaabxjxt,37.333,28.347,31.137,8.986,6.196,19.120,17.211,12.109,1.909,7.011
mp-aaabxjxu,101.000,85.483,98.587,15.517,2.413,-3.052,20.176,22.427,23.228,25.479
mp-aaabxjxv,223.000,230.774,224.377,7.774,1.377,108.464,103.249,86.549,5.215,21.915
mp-aaabxjxw,163.333,145.871,169.671,17.462,6.337,75.696,60.299,69.044,15.397,6.652
mp-aaabxjya,68.564,71.419,75.697,2.855,7.132,50.641,37.036,48.169,13.605,2.472
mp-aaabxjzu,121.667,100.481,128.094,21.186,6.427,38.308,52.325,33.567,14.017,4.742
mp-aaabxjzv,52.000,50.090,51.138,1.910,0.862,11.204,12.317,11.145,1.113,0.059
mp-aaabxkab,77.667,71.152,90.553,6.515,12.887,18.475,18.332,25.149,0.143,6.675
mp-aaabyfua,35.155,43.610,38.075,8.455,2.920,16.222,16.885,16.638,0.663,0.416
mp-aaabyhvh,21.453,56.496,39.653,35.043,18.200,10.414,18.264,19.030,7.850,8.616
mp-aaacapbk,128.000,122.904,128.666,5.096,0.666,77.850,57.382,71.825,20.468,6.025
mp-aaacapbl,116.333,121.565,117.464,5.232,1.130,73.113,48.227,66.983,24.886,6.129
mp-aaacapbm,124.000,122.660,119.760,1.340,4.240,68.989,65.728,63.479,3.261,5.510
mp-aaacbgit,173.000,108.204,184.299,64.796,11.299,109.271,75.826,110.106,33.445,0.834
mp-aaacbjfs,118.787,210.164,169.651,91.377,50.864,91.722,67.434,148.737,24.288,57.015
mp-aaacboiv,16.602,107.827,20.157,91.225,3.554,10.028,14.462,12.093,4.434,2.065
mp-aaacbufg,42.168,56.320,41.592,14.152,0.576,20.008,24.331,22.750,4.323,2.741
mp-aaacccut,26.705,17.242,29.201,9.463,2.496,13.431,10.757,14.266,2.674,0.835
mp-aaaccfde,22.426,33.658,24.943,11.232,2.517,13.034,19.578,13.165,6.544,0.131
mp-aaacckiy,171.552,156.429,169.047,15.123,2.505,76.469,74.712,80.621,1.757,4.152
mp-aaaccsoj,48.667,89.498,59.864,40.831,11.197,4.223,31.213,47.453,26.990,43.229
mp-aaaccsok,159.000,175.770,155.977,16.770,3.023,62.317,63.178,55.728,0.861,6.589
mp-aaaccsom,26.000,27.038,20.158,1.038,5.842,-12.149,15.423,5.222,27.572,17.370
mp-aaaccson,136.000,128.782,113.007,7.218,22.993,73.865,59.380,56.188,14.485,17.677
mp-aaaccsoo,119.333,157.210,114.217,37.877,5.116,105.671,60.642,17.672,45.029,88.000
mp-aaaccsop,143.667,124.111,151.908,19.556,8.241,67.823,65.151,75.259,2.672,7.437
mp-aaaccsoq,119.667,117.550,122.311,2.117,2.644,67.460,53.403,65.568,14.057,1.892
mp-aaaccsor,226.333,189.100,195.349,37.233,30.984,121.202,79.039,33.659,42.163,87.543
mp-aaaccsos,97.000,124.310,107.122,27.310,10.122,-31.310,-17.654,-4.161,13.656,27.149
mp-aaaccsot,41.000,50.105,41.075,9.105,0.075,-19.443,9.368,10.454,28.811,29.897
mp-aaaccsou,134.333,157.683,130.458,23.350,3.875,53.972,51.511,41.548,2.461,12.424
mp-aaaccsov,107.333,116.576,104.944,9.243,2.390,33.339,47.156,56.637,13.817,23.298
mp-aaaccsow,138.333,158.065,139.809,19.732,1.476,51.339,62.305,35.726,10.966,15.613
mp-aaaccsox,145.667,135.310,143.472,10.357,2.195,56.754,57.526,40.717,0.772,16.037
mp-aaaccsoy,157.667,138.966,147.993,18.701,9.673,76.476,79.757,57.470,3.281,19.006
mp-aaaccsoz,139.000,123.807,118.773,15.193,20.227,55.828,48.611,20.855,7.217,34.973
mp-aaaccspa,94.000,118.628,87.669,24.628,6.331,-35.429,-24.980,-27.513,10.449,7.916
mp-aaaccspc,120.000,147.615,107.845,27.615,12.155,31.345,29.110,14.091,2.235,17.254
mp-aaaccspd,54.667,67.608,49.546,12.941,5.121,37.550,23.703,29.054,13.847,8.496
mp-aaaccspg,139.667,179.371,146.808,39.704,7.142,27.745,46.579,31.267,18.834,3.522
mp-aaaccsph,135.000,168.777,131.271,33.777,3.729,0.200,-34.058,-7.426,34.258,7.626
mp-aaaccspi,146.667,161.662,145.922,14.995,0.744,-36.510,16.226,40.498,52.736,77.008
mp-aaaccspj,123.333,155.576,130.134,32.243,6.801,-3.786,3.253,-24.727,7.039,20.941
mp-aaaccspl,146.667,145.240,127.955,1.427,18.711,73.287,73.553,49.718,0.266,23.568
mp-aaaccspm,145.333,185.688,151.593,40.355,6.259,3.867,18.922,13.731,15.055,9.865
mp-aaaccspn,129.000,130.646,106.573,1.646,22.427,70.607,81.819,41.916,11.212,28.691
mp-aaaccspo,114.333,148.626,125.492,34.293,11.158,-23.179,-31.456,-4.957,8.277,18.221
mp-aaaccspp,143.333,172.014,136.531,28.681,6.802,-5.552,-28.682,-7.795,23.130,2.244
mp-aaaccspq,110.667,116.762,103.289,6.095,7.378,66.324,59.979,65.779,6.345,0.545
mp-aaaccspr,140.667,172.891,136.644,32.224,4.022,-1.329,-9.762,0.974,8.433,2.303
mp-aaaccsps,134.000,172.908,134.811,38.908,0.811,-0.771,-18.179,2.030,17.408,2.801
mp-aaaccspt,109.333,132.507,108.019,23.174,1.315,-26.495,-40.293,-13.723,13.798,12.772
mp-aaaccspu,119.000,114.784,124.644,4.216,5.644,47.408,47.727,41.243,0.319,6.165
mp-aaaccspv,50.000,48.059,58.216,1.941,8.216,3.587,25.745,29.495,22.158,25.908
mp-aaaccspw,37.000,28.236,32.220,8.764,4.780,18.270,21.264,16.091,2.994,2.179
mp-aaaccspx,33.333,18.001,22.628,15.332,10.706,21.693,23.168,9.153,1.475,12.540
mp-aaaccspy,125.667,136.541,141.986,10.874,16.319,20.920,43.548,61.244,22.628,40.324
mp-aaaccspz,118.667,115.311,108.193,3.356,10.474,55.543,46.336,25.420,9.207,30.123
mp-aaaccsqa,136.000,181.540,141.920,45.540,5.920,15.300,21.124,17.055,5.824,1.755
mp-aaaccsqb,91.000,117.729,81.429,26.729,9.571,-24.735,-83.299,-58.544,58.564,33.809
mp-aaaccsqd,97.000,130.293,98.547,33.293,1.547,-36.773,-23.764,-21.309,13.009,15.464
mp-aaaccsqe,107.667,131.032,116.805,23.365,9.139,-16.320,-1.818,-1.399,14.502,14.922
mp-aaaccsqf,106.333,106.319,92.455,0.014,13.879,48.957,16.747,17.319,32.210,31.638
mp-aaaccsqg,106.333,131.456,100.021,25.123,6.313,-11.761,8.857,5.143,20.618,16.904
mp-aaaccsqh,85.000,88.666,76.019,3.666,8.981,22.765,10.020,33.825,12.745,11.061
mp-aaaccsqi,181.000,178.032,179.744,2.968,1.256,72.145,64.251,63.097,7.894,9.048
mp-aaaccsqj,95.333,111.367,82.779,16.034,12.554,37.914,36.937,12.162,0.977,25.752
mp-aaaccsqk,64.000,64.068,68.749,0.068,4.749,34.449,35.458,35.541,1.009,1.092
mp-aaaccsqm,75.000,140.009,113.398,65.009,38.398,-20.700,-19.262,10.036,1.438,30.736
mp-aaaccsqn,100.000,126.896,90.721,26.896,9.279,-36.641,-38.066,-21.248,1.425,15.393
mp-aaaccsqp,28.000,54.814,39.552,26.814,11.552,-40.952,-2.745,6.659,38.207,47.611
mp-aaaccsqr,100.333,127.604,107.210,27.271,6.877,-13.141,-13.106,-4.353,0.035,8.788
mp-aaaccsqs,165.333,149.261,161.178,16.072,4.155,68.446,50.814,52.110,17.632,16.336
mp-aaaccsqv,93.000,119.224,94.627,26.224,1.627,-11.600,-6.556,7.621,5.044,19.221
mp-aaaccsqw,171.667,176.687,160.209,5.020,11.458,48.057,61.563,13.151,13.506,34.906
mp-aaaccsqx,154.333,140.069,143.823,14.264,10.510,61.964,47.611,48.068,14.353,13.897
mp-aaaccsqy,153.333,160.121,150.084,6.788,3.250,54.041,46.110,35.601,7.931,18.439
mp-aaaccsqz,134.000,135.147,133.490,1.147,0.510,63.091,49.259,48.876,13.832,14.215
mp-aaaccsrc,137.667,165.503,132.601,27.836,5.065,40.782,34.406,30.816,6.376,9.966
mp-aaaccsre,128.667,149.308,125.209,20.641,3.458,-7.487,-13.084,-1.246,5.597,6.241
mp-aaaccsrf,117.667,137.358,119.133,19.691,1.467,-25.175,-30.018,-25.610,4.843,0.435
mp-aaaccsrg,111.667,117.377,106.511,5.710,5.156,-29.485,-42.500,-31.301,13.015,1.816
mp-aaaccsri,100.667,127.439,105.453,26.772,4.787,-1.971,-22.807,9.969,20.836,11.940
mp-aaaccsrj,42.667,60.107,42.192,17.440,0.474,8.196,5.585,10.195,2.611,1.998
mp-aaaccsrl,118.667,174.210,132.551,55.543,13.885,8.398,46.022,46.432,37.624,38.035
mp-aaaccsrm,141.000,179.628,133.915,38.628,7.085,-10.151,-20.600,-14.075,10.449,3.924
mp-aaaccsrn,148.333,182.383,138.614,34.050,9.720,-11.483,-19.840,-18.030,8.357,6.547
mp-aaaccsti,24.667,20.897,21.435,3.770,3.231,11.156,8.102,6.037,3.054,5.119
mp-aaacctef,24.667,36.077,28.964,11.410,4.298,-25.457,21.458,10.544,46.915,36.000
mp-aaacctej,31.667,48.377,39.166,16.710,7.499,-12.962,19.601,12.592,32.563,25.553
mp-aaacctek,20.333,26.761,10.188,6.428,10.145,2.000,25.321,1.520,23.321,0.480
mp-aaacctel,35.667,50.096,32.686,14.429,2.981,13.260,19.829,5.244,6.569,8.015
mp-aaaccten,20.667,24.608,18.656,3.941,2.011,-15.369,14.451,6.018,29.820,21.388
mp-aaacctep,18.333,26.144,18.090,7.811,0.243,3.792,12.086,5.762,8.294,1.970
mp-aaaccteq,33.667,43.809,28.744,10.142,4.922,17.414,22.460,6.721,5.046,10.693
mp-aaacctes,48.667,64.399,53.693,15.732,5.026,-3.191,0.227,3.332,3.418,6.523
mp-aaacctet,35.333,65.301,35.303,29.968,0.031,-4.600,12.364,7.727,16.964,12.327
mp-aaaccteu,26.333,40.724,28.028,14.391,1.695,8.570,18.710,11.133,10.140,2.563
mp-aaacctev,14.333,19.082,12.786,4.749,1.547,12.900,12.347,2.147,0.553,10.753
mp-aaacctew,36.667,45.256,42.114,8.589,5.448,-10.500,15.786,10.472,26.286,20.972
mp-aaacctez,68.000,112.700,73.987,44.700,5.987,5.830,13.231,14.020,7.401,8.191
mp-aaacctfa,46.667,43.386,46.533,3.281,0.134,17.051,12.521,19.506,4.530,2.455
mp-aaacdaeq,59.438,57.182,56.406,2.256,3.032,32.504,31.898,26.536,0.606,5.968
mp-aaacdhil,76.749,50.328,78.922,26.421,2.172,-8.623,8.609,51.470,17.232,60.092
mp-aaacdhjp,79.667,89.474,66.605,9.807,13.062,47.750,64.313,39.556,16.563,8.194
mp-aaacdhjq,76.000,84.388,43.176,8.388,32.824,46.146,58.070,28.087,11.924,18.060
mp-aaacdhjx,103.667,98.607,68.965,5.060,34.702,47.224,60.581,43.817,13.357,3.408
mp-aaacdhkb,23.505,34.060,27.499,10.555,3.994,11.476,8.765,13.275,2.711,1.799
mp-aaacdhkk,141.667,116.427,137.084,25.240,4.582,72.752,78.756,75.174,6.004,2.423
mp-aaacdhkl,69.049,190.899,109.308,121.850,40.259,51.910,53.360,86.717,1.450,34.808
mp-aaacdhkw,99.333,97.905,64.152,1.428,35.181,52.319,53.080,32.056,0.761,20.264
mp-aaacdhlc,98.333,178.747,124.512,80.414,26.178,3.755,-10.881,31.708,14.636,27.952
mp-aaacdhle,42.333,46.738,44.839,4.405,2.506,21.536,21.196,22.355,0.340,0.818
mp-aaacdhlf,159.667,162.379,175.261,2.712,15.595,29.147,50.437,45.151,21.290,16.004
mp-aaacdhlg,227.667,167.696,243.402,59.971,15.736,-5.623,44.771,51.513,50.394,57.136
mp-aaacdhlh,51.667,49.223,50.939,2.444,0.727,19.955,19.955,19.341,0.000,0.614
mp-aaacdhli,152.667,164.103,156.353,11.436,3.686,59.581,47.147,50.952,12.434,8.628
mp-aaacdhlo,60.191,56.390,60.498,3.801,0.308,24.176,26.586,21.845,2.410,2.331
mp-aaacdhlu,49.480,74.723,49.720,25.243,0.239,24.270,12.678,10.746,11.592,13.525
mp-aaacdhlw,48.333,78.044,63.845,29.711,15.512,-18.128,-22.211,14.312,4.083,32.440
mp-aaacdhmo,155.667,170.979,171.136,15.312,15.469,56.794,51.164,71.776,5.630,14.982
mp-aaacdhmp,184.000,169.423,183.309,14.577,0.691,55.528,24.435,53.896,31.093,1.632
mp-aaacdhmu,183.667,154.026,186.802,29.641,3.136,51.355,90.366,62.456,39.011,11.101
mp-aaacdhnc,108.667,183.694,154.011,75.027,45.344,71.258,64.988,57.991,6.270,13.267
mp-aaacdhnd,61.667,96.143,60.583,34.476,1.084,5.592,0.240,20.083,5.352,14.491
mp-aaacdhnh,18.000,35.874,20.192,17.874,2.192,-10.197,-2.388,-7.041,7.809,3.156
mp-aaacdhnl,78.333,96.175,105.949,17.842,27.616,-42.400,-19.067,10.105,23.333,52.505
mp-aaacdhod,209.110,185.499,220.626,23.611,11.516,91.400,65.137,100.507,26.263,9.107
mp-aaacdhox,66.333,44.124,68.617,22.209,2.283,27.559,20.363,27.300,7.196,0.259
mp-aaacdhpb,21.000,44.297,37.067,23.297,16.067,3.565,-0.524,7.747,4.089,4.183
mp-aaacdhpy,24.667,23.490,23.359,1.177,1.308,-31.660,-16.133,3.346,15.527,35.005
mp-aaacdhpz,143.000,134.577,141.745,8.423,1.255,2.419,30.327,39.257,27.908,36.838
mp-aaacdhqi,176.667,179.208,173.570,2.541,3.096,56.062,55.217,53.081,0.845,2.981
mp-aaacdhqj,39.220,43.374,41.702,4.154,2.481,17.001,17.866,16.486,0.865,0.515
mp-aaacdhrf,94.997,109.374,96.230,14.377,1.232,-1.113,-76.193,38.314,75.080,39.427
mp-aaacdhrj,62.379,49.929,79.017,12.450,16.638,-25.351,14.685,28.977,40.036,54.328
mp-aaacdhsl,128.333,110.148,128.820,18.185,0.487,18.666,16.215,25.552,2.451,6.886
mp-aaacdhtd,149.686,143.229,146.340,6.457,3.346,0.620,45.654,35.610,45.034,34.990
mp-aaacdhtf,130.217,173.937,146.934,43.720,16.717,30.697,44.495,44.152,13.798,13.455
mp-aaacdhti,78.000,78.956,78.234,0.956,0.234,27.203,30.231,15.455,3.028,11.748
mp-aaacdhto,40.769,35.240,36.353,5.529,4.416,20.418,19.736,15.016,0.682,5.401
mp-aaacdhtq,65.000,62.915,67.196,2.085,2.196,37.136,27.791,39.698,9.345,2.562
mp-aaacdhts,67.667,59.056,70.742,8.611,3.075,33.792,19.779,27.652,14.013,6.140
mp-aaacdhtw,65.886,108.381,74.362,42.495,8.475,8.258,-9.932,20.960,18.190,12.701
mp-aaacdhub,61.833,62.798,60.611,0.965,1.222,36.159,41.537,30.751,5.378,5.408
mp-aaacdhuq,102.090,121.131,115.644,19.041,13.554,16.872,67.299,424.227,50.427,407.355
mp-aaacdhus,51.365,88.891,61.301,37.526,9.936,7.157,10.124,22.683,2.967,15.526
mp-aaacdhut,128.667,114.656,124.624,14.011,4.042,16.319,21.590,33.501,5.271,17.182
mp-aaacdhva,60.667,72.428,60.212,11.761,0.455,21.240,38.937,10.700,17.697,10.540
mp-aaacdhvc,150.796,141.404,131.439,9.392,19.357,-1.164,46.239,37.794,47.403,38.958
mp-aaacdhvr,103.333,66.099,120.391,37.234,17.057,42.467,45.602,70.268,3.135,27.801
mp-aaacdhvv,69.000,70.522,68.696,1.522,0.304,31.800,29.252,28.970,2.548,2.830
mp-aaacdhwb,92.667,65.987,84.664,26.680,8.003,23.593,30.875,34.352,7.282,10.759
mp-aaacdhwm,84.667,73.127,93.974,11.540,9.308,46.397,47.897,48.860,1.500,2.463
mp-aaacdhxl,96.000,57.395,112.738,38.605,16.738,41.614,71.036,64.271,29.422,22.657
mp-aaacdhya,298.723,254.883,295.682,43.840,3.041,66.629,149.336,62.868,82.707,3.762
mp-aaacdhyg,92.466,103.020,102.070,10.554,9.604,63.926,46.043,55.102,17.883,8.824
mp-aaacdhyi,44.667,40.082,47.763,4.585,3.096,31.494,22.920,34.358,8.574,2.864
mp-aaacdhym,92.000,99.682,98.839,7.682,6.839,48.397,28.635,50.893,19.762,2.496
mp-aaacdhyw,97.000,101.310,118.187,4.310,21.187,45.696,53.428,66.766,7.732,21.070
mp-aaacdhza,53.333,38.269,53.152,15.064,0.181,25.242,23.678,24.825,1.564,0.417
mp-aaacdhze,217.333,153.823,214.593,63.510,2.741,98.372,68.516,100.120,29.856,1.748
mp-aaacdhzh,116.375,113.996,118.050,2.379,1.674,64.277,43.533,63.518,20.744,0.759
mp-aaacdhzj,203.333,199.480,205.329,3.853,1.996,36.863,50.862,65.658,13.999,28.795
mp-aaacdhzp,114.051,112.866,146.388,1.185,32.337,2.718,-11.799,52.624,14.517,49.905
mp-aaacdhzu,34.333,47.168,42.037,12.835,7.704,9.383,6.861,10.697,2.522,1.314
mp-aaacdhzz,129.667,137.570,127.843,7.903,1.824,78.265,65.296,84.374,12.969,6.110
mp-aaacdiaa,94.243,95.029,96.783,0.786,2.540,40.137,36.550,30.733,3.587,9.404
mp-aaacdial,28.745,37.809,30.496,9.064,1.751,12.312,19.782,14.571,7.470,2.259
mp-aaacdiap,178.333,110.079,207.865,68.254,29.532,70.993,59.727,96.084,11.266,25.091
mp-aaacdibf,28.000,23.639,30.333,4.361,2.333,16.777,15.298,14.049,1.479,2.728
mp-aaacdicq,40.000,-7.914,39.549,47.914,0.451,24.049,23.842,22.977,0.207,1.071
mp-aaacdido,37.667,42.786,38.785,5.119,1.119,18.291,13.823,18.682,4.468,0.391
mp-aaacdidr,146.333,127.679,139.378,18.654,6.956,4.344,21.972,1.836,17.628,2.508
mp-aaacdidt,27.000,38.301,27.863,11.301,0.863,8.238,2.610,3.427,5.628,4.812
mp-aaacdiek,130.076,101.304,118.479,28.772,11.597,40.606,-67.998,13.392,108.604,27.214
mp-aaacdien,263.333,222.386,264.011,40.947,0.678,116.880,118.621,114.411,1.741,2.469
mp-aaacdier,250.333,205.353,258.315,44.980,7.982,104.841,116.758,116.747,11.917,11.906
mp-aaacdiez,167.333,138.687,177.485,28.646,10.152,52.407,66.059,67.234,13.652,14.827
mp-aaacdifc,233.843,212.131,213.978,21.712,19.865,90.125,93.340,81.904,3.215,8.221
mp-aaacdife,277.333,217.092,276.484,60.241,0.849,103.517,62.940,108.781,40.577,5.263
mp-aaacdifk,125.350,86.313,128.074,39.037,2.723,63.092,57.922,71.260,5.170,8.168
mp-aaacdift,238.667,181.360,257.914,57.307,19.248,-19.545,19.078,85.142,38.623,104.687
mp-aaacdifu,179.333,190.628,186.349,11.295,7.016,84.732,62.343,71.879,22.389,12.853
mp-aaacdifx,217.333,187.663,224.055,29.670,6.722,83.938,81.994,94.239,1.944,10.301
mp-aaacdiga,68.667,61.680,71.994,6.987,3.327,41.379,36.961,36.525,4.418,4.854
mp-aaacdign,35.222,24.578,33.523,10.644,1.699,19.401,19.724,20.140,0.323,0.738
mp-aaacdihe,68.000,53.988,66.646,14.012,1.354,32.698,29.860,29.668,2.838,3.030
mp-aaacdihf,219.333,189.962,218.727,29.371,0.606,93.333,83.834,96.609,9.499,3.276
mp-aaacdihp,10.882,19.429,17.267,8.547,6.385,9.565,6.259,9.447,3.306,0.118
mp-aaacdiin,236.628,290.849,243.937,54.221,7.309,88.206,111.799,67.893,23.593,20.313
mp-aaacdiio,58.078,81.872,63.966,23.794,5.888,20.699,24.639,36.902,3.940,16.203
mp-aaacdijb,251.333,211.253,255.132,40.080,3.798,124.136,97.086,115.459,27.050,8.677
mp-aaacdijc,247.642,188.776,232.687,58.866,14.955,88.712,97.798,32.835,9.086,55.877
mp-aaacdije,261.200,215.500,275.958,45.700,14.758,134.760,115.101,133.827,19.659,0.933
mp-aaacdijp,216.333,205.740,225.875,10.593,9.542,92.259,90.951,99.144,1.308,6.885
mp-aaacdike,24.333,38.955,29.315,14.622,4.982,12.962,20.835,19.306,7.873,6.344
mp-aaacdikf,96.504,107.850,125.351,11.346,28.848,34.672,-3.405,42.863,38.077,8.190
mp-aaacdikq,14.438,13.242,20.871,1.196,6.433,9.813,7.281,14.532,2.532,4.719
mp-aaacdikw,36.333,34.785,36.483,1.548,0.149,18.473,14.712,23.062,3.761,4.589
mp-aaacdikz,26.707,32.114,27.455,5.407,0.748,-2.524,3.226,4.936,5.750,7.460
mp-aaacdilw,230.667,175.295,187.190,55.372,43.476,71.462,68.259,79.466,3.203,8.004
mp-aaacdimp,66.000,65.183,68.322,0.817,2.322,36.103,26.429,39.078,9.674,2.975
mp-aaacdimu,68.667,63.069,70.969,5.598,2.302,35.026,22.839,28.249,12.187,6.777
mp-aaacdinq,224.667,138.763,214.421,85.904,10.246,73.381,80.574,47.032,7.193,26.348
mp-aaacdiod,57.333,58.455,60.766,1.122,3.433,15.333,21.769,17.144,6.436,1.811
mp-aaacdioe,42.000,59.408,49.402,17.408,7.402,40.500,14.613,-4.476,25.887,44.976
mp-aaacdipq,38.818,31.870,32.462,6.948,6.356,17.341,25.750,13.839,8.409,3.502
mp-aaacdiqa,56.000,50.907,57.206,5.093,1.206,31.162,28.399,29.635,2.763,1.528
mp-aaacdiqh,62.333,65.257,59.127,2.924,3.206,21.952,21.315,16.343,0.637,5.610
mp-aaacdiqs,58.667,55.598,58.104,3.069,0.563,27.391,30.352,30.024,2.961,2.633
mp-aaacdiqw,85.000,78.924,98.004,6.076,13.004,17.666,21.157,24.812,3.491,7.146
mp-aaacdiqy,63.667,57.160,69.283,6.507,5.616,27.265,18.663,24.038,8.602,3.227
mp-aaacdira,79.333,74.916,82.680,4.417,3.346,21.343,23.229,28.133,1.886,6.790
mp-aaacdirg,57.000,62.841,56.764,5.841,0.236,18.900,14.678,17.765,4.222,1.135
mp-aaacdirk,59.000,52.777,58.054,6.223,0.946,27.203,24.242,32.702,2.961,5.499
mp-aaacdirl,52.667,50.908,56.336,1.759,3.669,15.492,13.256,16.195,2.236,0.703
mp-aaacdirt,43.311,75.497,36.483,32.186,6.828,28.372,32.239,19.139,3.867,9.233
mp-aaacditt,41.000,47.890,41.099,6.890,0.099,22.211,21.921,22.892,0.290,0.681
mp-aaacdiup,84.000,71.887,85.834,12.113,1.834,11.805,18.329,14.680,6.524,2.875
mp-aaacdius,82.000,81.475,91.592,0.525,9.592,-23.400,7.987,21.180,31.387,44.580
mp-aaacdivb,62.667,45.845,65.736,16.822,3.069,21.016,19.987,22.922,1.029,1.906
mp-aaacdivg,57.667,51.498,58.677,6.169,1.010,27.856,31.454,31.759,3.598,3.903
mp-aaacdivh,127.667,206.874,129.870,79.207,2.203,122.276,53.339,32.936,68.937,89.340
mp-aaacdivt,52.333,52.228,55.032,0.105,2.699,15.000,13.496,16.324,1.504,1.324
mp-aaacdivx,81.667,70.961,87.989,10.706,6.322,8.860,17.222,17.884,8.362,9.024
mp-aaacdivz,136.298,98.686,133.840,37.612,2.458,72.198,73.547,67.383,1.349,4.816
mp-aaacdiwu,83.328,88.346,80.751,5.018,2.577,41.687,39.847,24.626,1.840,17.061
mp-aaacdixg,44.538,72.793,51.889,28.255,7.351,15.307,21.437,16.116,6.130,0.809
mp-aaacdiyk,75.488,71.336,75.529,4.152,0.041,-10.970,18.192,4.943,29.162,15.913
mp-aaacdizd,96.333,93.895,71.663,2.438,24.671,-16.466,-3.891,0.143,12.575,16.609
mp-aaacdize,45.914,57.277,58.432,11.363,12.518,32.388,13.238,32.694,19.150,0.307
mp-aaacdizo,82.333,83.384,56.958,1.051,25.376,-35.944,-13.804,-40.202,22.140,4.258
mp-aaacdizz,117.387,130.396,136.875,13.009,19.488,-7.083,27.296,51.367,34.379,58.450
mp-aaacdjbe,129.885,88.007,57.592,41.878,72.293,12.384,4.530,12.771,7.854,0.388
mp-aaacdjbs,26.072,63.100,33.906,37.028,7.834,36.371,45.296,39.714,8.925,3.343
mp-aaacdjbu,286.333,208.995,278.709,77.338,7.624,100.005,115.061,110.340,15.056,10.335
mp-aaacdjcg,232.667,193.690,238.633,38.977,5.966,24.268,-34.590,121.569,58.858,97.301
mp-aaacdjcl,130.333,173.270,191.928,42.937,61.594,76.629,92.993,99.448,16.364,22.819
mp-aaacdjcm,136.415,164.987,165.064,28.572,28.649,53.335,65.390,55.571,12.055,2.236
mp-aaacdjcv,52.333,71.010,61.307,18.677,8.974,-24.229,2.505,18.555,26.734,42.783
mp-aaacdjcx,203.000,170.200,242.150,32.800,39.150,53.814,41.097,116.035,12.717,62.221
mp-aaacdjdd,199.197,162.441,212.521,36.756,13.324,101.525,121.579,89.233,20.054,12.291
mp-aaacdjdt,103.333,93.736,100.992,9.597,2.342,32.065,30.923,34.850,1.142,2.785
mp-aaacdjdy,107.000,105.408,106.487,1.592,0.513,29.033,24.520,31.650,4.513,2.618
mp-aaacdjeb,107.333,121.858,105.769,14.525,1.564,36.488,21.962,37.036,14.526,0.549
mp-aaacdjei,59.329,69.078,59.677,9.749,0.348,34.184,18.878,32.875,15.306,1.309
mp-aaacdjej,117.667,121.981,118.396,4.314,0.729,51.938,43.546,43.122,8.392,8.815
mp-aaacdjel,125.000,122.016,126.596,2.984,1.596,30.550,38.936,51.129,8.386,20.579
mp-aaacdjeo,73.000,81.864,76.578,8.864,3.578,30.931,30.435,29.792,0.496,1.139
mp-aaacdjeq,81.333,74.148,87.231,7.185,5.898,38.275,35.981,43.644,2.294,5.369
mp-aaacdjey,21.942,39.133,48.984,17.191,27.042,11.870,5.894,15.620,5.976,3.750
mp-aaacdjfb,116.877,129.614,124.227,12.737,7.350,30.222,33.324,34.730,3.102,4.508
mp-aaacdjfe,90.333,99.207,88.958,8.874,1.375,35.041,28.860,31.248,6.181,3.793
mp-aaacdjff,118.333,125.410,116.851,7.077,1.483,47.489,38.094,44.938,9.395,2.551
mp-aaacdjfn,78.667,85.454,80.538,6.787,1.871,34.746,29.746,32.046,5.000,2.700
mp-aaacdjfo,29.651,17.080,31.204,12.571,1.553,15.108,10.933,16.339,4.175,1.231
mp-aaacdjfs,29.489,19.313,30.485,10.176,0.996,16.557,12.477,14.625,4.080,1.931
mp-aaacdjfu,73.333,71.715,74.890,1.618,1.556,37.262,32.522,34.851,4.740,2.411
mp-aaacdjgf,98.667,102.417,100.858,3.750,2.192,37.381,19.817,38.529,17.564,1.148
mp-aaacdjgv,32.904,62.606,35.225,29.702,2.321,11.349,10.570,3.540,0.779,7.809
mp-aaacdjgz,70.000,69.136,73.694,0.864,3.694,35.804,24.504,30.024,11.300,5.781
mp-aaacdjhd,50.000,43.721,48.091,6.279,1.909,26.758,21.413,23.510,5.345,3.248
mp-aaacdjhi,43.101,54.986,40.715,11.885,2.387,5.317,8.596,16.754,3.279,11.437
mp-aaacdjhl,177.333,192.411,183.145,15.078,5.811,77.955,65.797,78.138,12.158,0.183
mp-aaacdjho,86.667,84.145,75.791,2.522,10.875,12.360,23.410,11.256,11.050,1.104
mp-aaacdjhp,118.333,114.349,123.357,3.984,5.024,41.138,46.902,46.534,5.764,5.396
mp-aaacdjht,136.000,128.890,125.061,7.110,10.939,-2.092,22.786,-39.810,24.878,37.718
mp-aaacdjhu,136.000,133.257,136.910,2.743,0.910,36.712,40.570,47.845,3.858,11.133
mp-aaacdjhy,179.333,158.321,169.620,21.012,9.713,40.477,88.829,55.015,48.352,14.538
mp-aaacdjim,67.667,71.550,69.636,3.883,1.970,35.969,26.840,38.172,9.129,2.202
mp-aaacdjjg,203.667,244.175,205.579,40.508,1.913,64.660,58.692,68.149,5.968,3.489
mp-aaacdjjy,203.508,244.363,204.446,40.855,0.938,59.565,59.036,70.554,0.529,10.989
mp-aaacdjka,40.667,51.861,44.843,11.194,4.177,21.888,20.270,23.436,1.618,1.548
mp-aaacdjld,111.000,123.592,90.636,12.592,20.364,30.087,23.375,67.359,6.712,37.272
mp-aaacdjlg,17.000,29.892,19.100,12.892,2.100,7.286,9.132,9.116,1.846,1.830
mp-aaacdjli,54.333,66.011,54.651,11.678,0.317,35.637,26.720,36.525,8.917,0.887
mp-aaacdjlk,57.333,68.462,62.253,11.129,4.920,33.048,3.211,20.660,29.837,12.388
mp-aaacdjlq,172.667,158.732,175.311,13.935,2.644,161.463,75.298,67.320,86.165,94.143
mp-aaacdjlr,129.000,128.667,145.578,0.333,16.578,23.575,50.773,46.750,27.198,23.176
mp-aaacdjls,186.333,169.141,172.693,17.192,13.640,68.742,64.650,88.494,4.092,19.752
mp-aaacdjmm,68.333,66.921,75.895,1.412,7.562,19.500,23.555,24.600,4.055,5.100
mp-aaacdjmq,103.060,102.238,113.177,0.822,10.116,39.364,39.383,38.181,0.019,1.183
mp-aaacdjmy,102.667,98.478,111.356,4.189,8.689,7.979,35.093,29.095,27.114,21.116
mp-aaacdjnh,120.667,190.283,123.413,69.616,2.747,64.006,34.350,27.330,29.656,36.675
mp-aaacdjnj,34.333,37.698,39.187,3.365,4.853,51.272,1.913,15.555,49.359,35.717
mp-aaacdjnv,119.000,116.422,122.591,2.578,3.591,23.752,37.473,37.040,13.721,13.288
mp-aaacdjon,91.000,73.139,97.027,17.861,6.027,37.117,39.418,35.310,2.301,1.807
mp-aaacdjoo,104.000,106.856,105.885,2.856,1.885,33.093,20.068,22.367,13.025,10.726
mp-aaacdjop,79.000,93.669,93.851,14.669,14.851,38.611,14.233,44.264,24.378,5.653
mp-aaacdjov,180.000,156.180,204.259,23.820,24.259,91.203,90.549,87.782,0.654,3.421
mp-aaacdjoz,157.000,154.918,160.183,2.082,3.183,13.800,12.187,35.304,1.613,21.504
mp-aaacdjpc,135.667,143.458,130.538,7.791,5.129,45.195,25.496,75.421,19.699,30.227
mp-aaacdjpm,27.528,50.108,31.291,22.580,3.763,10.521,5.889,18.748,4.632,8.227
mp-aaacdjpu,52.449,57.109,50.820,4.660,1.629,21.301,23.621,13.978,2.320,7.323
mp-aaacdjpv,55.017,76.750,54.967,21.733,0.050,19.731,12.305,16.641,7.426,3.090
mp-aaacdjqb,199.404,144.719,191.367,54.685,8.036,65.456,55.291,32.792,10.165,32.664
mp-aaacdjqf,122.330,116.483,123.048,5.847,0.718,37.834,46.593,32.527,8.759,5.307
mp-aaacdjql,26.333,41.706,29.190,15.373,2.856,7.109,1.284,10.213,5.825,3.103
mp-aaacdjrx,102.398,113.357,96.019,10.959,6.379,32.793,24.905,33.089,7.888,0.296
mp-aaacdjsa,40.667,39.568,40.722,1.099,0.055,23.725,24.932,22.734,1.207,0.990
mp-aaacdjss,19.437,27.522,18.945,8.085,0.491,6.266,10.507,5.537,4.241,0.728
mp-aaacdjsy,44.667,43.176,43.483,1.491,1.183,15.040,12.067,20.084,2.973,5.044
mp-aaacdjti,53.209,70.953,58.974,17.744,5.765,33.905,28.576,35.154,5.329,1.249
mp-aaacdjtj,181.333,151.457,157.828,29.876,23.506,111.489,89.587,63.703,21.902,47.786
mp-aaacdjtl,125.000,47.919,129.761,77.081,4.761,40.957,52.539,58.571,11.582,17.615
mp-aaacdjtm,104.333,103.288,104.630,1.045,0.297,35.689,20.640,37.155,15.049,1.467
mp-aaacdjtn,7.311,24.782,5.927,17.471,1.384,-31.099,8.875,4.429,39.974,35.528
mp-aaacdjts,59.667,61.876,65.341,2.209,5.674,29.006,20.971,30.283,8.035,1.277
mp-aaacdjuq,53.284,75.554,58.820,22.270,5.537,26.967,29.591,33.373,2.624,6.407
mp-aaacdjvg,11.776,11.703,10.177,0.073,1.599,6.245,5.250,5.515,0.995,0.730
mp-aaacdjvp,38.667,45.301,40.826,6.634,2.159,25.833,31.285,21.198,5.452,4.634
mp-aaacdjwg,206.000,182.483,208.363,23.517,2.363,100.726,104.522,100.723,3.796,0.003
mp-aaacdjwh,30.667,35.210,33.349,4.543,2.682,18.974,17.460,16.647,1.514,2.327
mp-aaacdjwq,29.399,109.962,55.500,80.563,26.100,171.834,111.766,32.197,60.068,139.636
mp-aaacdjwr,178.333,175.584,198.301,2.749,19.967,26.961,38.338,57.893,11.377,30.932
mp-aaacdjxc,35.993,36.373,35.980,0.380,0.013,24.096,13.871,15.292,10.225,8.803
mp-aaacdjxm,28.476,33.776,31.073,5.300,2.597,13.504,12.050,10.818,1.454,2.686
mp-aaacdjyi,92.000,145.929,132.234,53.929,40.234,27.709,30.778,72.094,3.069,44.385
mp-aaacdjyo,143.000,124.965,153.955,18.035,10.955,9.819,15.820,28.341,6.001,18.521
mp-aaacdjzb,24.172,33.144,28.386,8.972,4.214,8.809,16.810,19.355,8.001,10.545
mp-aaacdjzs,130.333,122.298,143.172,8.035,12.839,46.358,50.462,59.541,4.104,13.183
mp-aaacdkac,99.333,97.557,101.898,1.776,2.564,36.031,34.073,37.970,1.958,1.939
mp-aaacdkad,200.000,174.158,201.908,25.842,1.908,79.268,80.153,83.362,0.885,4.094
mp-aaacdkag,8.333,22.960,8.978,14.627,0.645,2.456,7.782,3.789,5.326,1.334
mp-aaacdkak,61.000,44.925,60.576,16.075,0.424,-10.500,-12.437,7.373,1.937,17.873
mp-aaacdkap,29.765,35.143,32.092,5.378,2.327,23.238,16.063,20.522,7.175,2.716
mp-aaacdkaz,49.750,50.613,55.100,0.863,5.350,27.107,20.463,32.233,6.644,5.125
mp-aaacdkbf,202.000,159.287,139.000,42.713,63.000,119.725,110.841,66.808,8.884,52.917
mp-aaacdkdp,99.667,108.039,98.980,8.372,0.687,14.364,5.479,24.407,8.885,10.043
mp-aaacdkdq,319.710,250.850,296.863,68.860,22.846,156.581,131.897,146.862,24.684,9.719
mp-aaacdkdr,24.000,54.260,7.149,30.260,16.851,15.600,2.896,-4.040,12.704,19.640
mp-aaacdkds,151.000,122.385,126.989,28.615,24.011,85.942,87.126,65.121,1.184,20.821
mp-aaacdkdu,67.667,81.735,73.573,14.068,5.907,40.187,40.478,41.448,0.291,1.260
mp-aaacdkdw,181.307,198.597,185.971,17.290,4.664,150.663,132.184,157.567,18.479,6.904
mp-aaacdkek,6.611,24.540,6.550,17.929,0.061,8.768,5.759,4.983,3.009,3.786
mp-aaacdkem,51.667,81.307,51.260,29.640,0.407,34.213,33.148,32.710,1.065,1.503
mp-aaacdker,65.667,59.132,63.699,6.535,1.968,6.265,21.215,25.985,14.950,19.720
mp-aaacdkeu,45.333,49.646,43.792,4.313,1.541,16.242,17.218,13.990,0.976,2.252
mp-aaacdkfb,44.874,74.664,40.027,29.790,4.847,28.811,36.360,24.736,7.549,4.074
mp-aaacdkfc,48.000,49.729,44.535,1.729,3.465,17.652,14.637,9.921,3.015,7.731
mp-aaacdkgk,92.000,99.671,89.310,7.671,2.690,24.232,25.856,24.789,1.624,0.557
mp-aaacdkgr,156.000,168.858,130.566,12.858,25.434,18.153,70.401,55.344,52.248,37.191
mp-aaacdkgs,9.333,2.395,11.422,6.938,2.089,2.456,5.554,5.199,3.098,2.744
mp-aaacdkhe,35.889,30.309,37.462,5.580,1.573,-8.455,-3.303,3.541,5.152,11.996
mp-aaacdkhl,128.851,104.889,135.185,23.962,6.334,63.637,63.699,71.451,0.062,7.814
mp-aaacdkho,69.000,80.088,74.313,11.088,5.313,40.091,42.073,43.165,1.982,3.074
mp-aaacdkhy,70.000,70.889,68.420,0.889,1.580,32.600,27.186,32.500,5.414,0.101
mp-aaacdkie,191.000,225.687,196.746,34.687,5.746,58.958,44.344,60.922,14.614,1.964
mp-aaacdkif,70.000,79.084,72.746,9.084,2.746,32.698,32.900,33.448,0.202,0.750
mp-aaacdkjh,189.667,234.425,177.666,44.758,12.001,28.138,48.981,71.472,20.843,43.335
mp-aaacdkjk,41.220,38.265,38.560,2.955,2.660,18.256,19.654,16.996,1.398,1.260
mp-aaacdkjp,44.435,65.167,39.985,20.732,4.450,30.433,34.722,22.689,4.289,7.744
mp-aaacdkli,66.000,66.452,64.726,0.452,1.274,24.245,25.006,25.905,0.761,1.659
mp-aaacdklk,68.875,71.951,53.831,3.076,15.044,6.022,12.260,-68.366,6.238,74.387
mp-aaacdkly,60.882,54.572,59.985,6.310,0.898,19.809,4.158,34.335,15.651,14.526
mp-aaacdkme,167.033,167.692,169.889,0.659,2.856,89.522,98.721,113.752,9.199,24.230
mp-aaacdkmp,53.191,65.515,50.448,12.324,2.743,3.971,12.916,-1.189,8.945,5.161
mp-aaacdkmt,57.000,62.156,55.231,5.156,1.769,26.031,23.388,26.202,2.643,0.171
mp-aaacdkmz,43.667,46.420,45.467,2.753,1.801,0.067,-14.157,3.813,14.224,3.746
mp-aaacdknh,76.781,121.320,79.843,44.539,3.062,3.973,19.535,26.325,15.562,22.351
mp-aaacdkni,51.667,77.196,42.527,25.529,9.139,-3.745,35.804,22.202,39.549,25.947
mp-aaacdkno,90.089,61.253,93.740,28.836,3.651,17.454,22.852,29.852,5.398,12.398
mp-aaacdkou,23.000,28.080,25.256,5.080,2.256,16.671,5.757,2.329,10.914,14.342
mp-aaacdkow,46.333,42.696,44.062,3.637,2.271,98.033,33.460,7.901,64.573,90.132
mp-aaacdkpa,65.667,68.916,61.853,3.249,3.814,3.783,36.571,27.263,32.788,23.480
mp-aaacdkpe,143.333,130.591,154.216,12.742,10.882,22.771,24.413,36.964,1.642,14.192
mp-aaacdkpf,169.333,165.302,162.039,4.031,7.295,-0.992,-10.616,97.991,9.624,98.983
mp-aaacdkpl,51.667,47.788,49.630,3.879,2.036,33.258,26.924,28.834,6.334,4.425
mp-aaacdkpr,47.000,46.429,44.443,0.571,2.557,25.436,23.843,21.540,1.593,3.896
mp-aaacdkqj,93.667,78.296,91.994,15.371,1.672,66.238,51.617,60.248,14.621,5.990
mp-aaacdkqn,130.667,110.328,124.667,20.339,5.999,43.851,37.724,76.925,6.127,33.074
mp-aaacdkqs,36.667,41.349,37.110,4.682,0.443,20.873,19.131,17.897,1.742,2.976
mp-aaacdkqt,49.333,60.285,53.872,10.952,4.538,19.126,12.944,21.897,6.182,2.771
mp-aaacdkrf,51.000,48.566,46.988,2.434,4.012,17.715,17.661,12.182,0.054,5.533
mp-aaacdkri,157.667,186.674,157.786,29.007,0.120,71.754,65.118,79.134,6.636,7.381
mp-aaacdkrl,63.667,66.221,62.819,2.554,0.848,21.250,21.459,24.566,0.209,3.316
mp-aaacdkrm,47.667,45.724,45.749,1.943,1.918,27.396,19.619,22.374,7.777,5.023
mp-aaacdkro,140.821,124.073,145.221,16.748,4.400,24.130,29.969,49.312,5.839,25.182
mp-aaacdksc,112.333,73.357,113.996,38.976,1.662,27.591,32.393,27.748,4.802,0.157
mp-aaacdksm,177.260,167.835,171.930,9.425,5.329,80.094,67.770,45.146,12.324,34.949
mp-aaacdksz,210.779,194.421,210.980,16.358,0.201,32.401,48.175,38.547,15.774,6.146
mp-aaacdktg,41.667,34.853,50.843,6.814,9.177,6.132,22.121,19.439,15.989,13.307
mp-aaacdktw,66.333,73.720,67.308,7.387,0.974,28.171,27.872,32.526,0.299,4.354
mp-aaacdktx,49.000,54.629,46.301,5.629,2.699,16.588,15.045,17.321,1.543,0.733
mp-aaacdkug,29.576,28.044,36.125,1.532,6.549,21.280,21.588,20.539,0.308,0.742
mp-aaacdkur,90.333,85.601,92.680,4.732,2.347,34.766,41.301,29.085,6.535,5.681
mp-aaacdkut,119.667,112.363,127.951,7.304,8.285,34.944,37.125,40.979,2.181,6.036
mp-aaacdkux,174.592,162.230,171.204,12.362,3.388,31.245,44.036,47.707,12.791,16.462
mp-aaacdkva,42.111,45.242,40.515,3.131,1.595,28.256,22.698,23.069,5.558,5.188
mp-aaacdkxw,32.667,32.041,38.938,0.626,6.271,-3.883,18.228,26.488,22.111,30.370
mp-aaacdkxx,178.333,134.633,181.662,43.700,3.329,118.073,79.585,104.476,38.488,13.597
mp-aaacdkxz,130.000,157.454,136.437,27.454,6.437,51.465,34.254,67.449,17.211,15.984
mp-aaacdkyc,34.000,25.171,32.343,8.829,1.657,19.500,15.468,18.722,4.032,0.778
mp-aaacdleb,52.333,50.190,57.462,2.143,5.129,13.104,17.649,17.481,4.545,4.376
mp-aaacdlfh,63.000,58.836,63.864,4.164,0.864,30.868,32.449,30.705,1.581,0.164
mp-aaacdlhj,73.639,65.963,68.610,7.676,5.029,16.400,28.623,31.111,12.223,14.711
mp-aaacdlhr,41.729,103.483,-260.857,61.754,302.586,6.440,9.444,10.449,3.004,4.009
mp-aaacdlhy,41.195,47.830,41.312,6.635,0.117,25.676,24.917,25.805,0.759,0.129
mp-aaacdlib,38.227,17.508,33.681,20.719,4.545,22.540,19.857,20.202,2.683,2.338
mp-aaacdlil,266.000,245.337,277.476,20.663,11.476,166.752,140.089,173.094,26.663,6.342
mp-aaacdlir,267.654,244.844,271.282,22.810,3.628,110.568,139.036,142.085,28.468,31.517
mp-aaacdlju,253.000,224.068,262.308,28.932,9.308,132.782,100.777,145.685,32.005,12.903
mp-aaacdlkl,57.000,54.874,56.366,2.126,0.634,16.955,14.938,19.429,2.017,2.474
mp-aaacdlkt,248.333,208.994,258.504,39.339,10.171,78.029,78.962,94.249,0.933,16.220
mp-aaacdllj,349.089,277.904,345.243,71.185,3.846,170.272,176.052,191.807,5.780,21.535
mp-aaacdlln,244.333,201.090,246.433,43.243,2.100,26.252,29.694,42.846,3.442,16.594
mp-aaacdllo,342.994,310.218,358.103,32.776,15.109,145.905,204.819,125.350,58.914,20.555
mp-aaacdllp,259.667,212.228,266.261,47.439,6.594,53.544,62.184,76.479,8.640,22.935
mp-aaacdllt,329.037,317.645,327.206,11.392,1.831,156.213,169.946,185.008,13.733,28.795
mp-aaacdlmy,297.333,265.492,288.267,31.841,9.066,47.382,53.745,138.385,6.363,91.003
mp-aaacdlnb,353.052,292.967,347.160,60.085,5.892,193.044,170.631,198.270,22.413,5.226
mp-aaacdlnd,200.333,214.459,171.843,14.126,28.490,81.990,45.283,36.187,36.707,45.804
mp-aaacdlne,277.333,187.652,265.805,89.681,11.528,49.008,34.454,100.347,14.554,51.339
mp-aaacdlnk,162.744,150.808,198.562,11.936,35.818,16.611,32.656,69.768,16.045,53.157
mp-aaacdlnu,145.612,133.144,143.558,12.468,2.054,54.359,1.716,46.184,52.643,8.175
mp-aaacdlpf,206.333,118.819,168.428,87.514,37.906,-7.165,13.361,26.850,20.526,34.015
mp-aaacdlpl,40.000,43.831,40.121,3.831,0.121,23.149,21.470,22.333,1.679,0.817
mp-aaacdlpr,51.667,54.487,53.674,2.820,2.007,15.152,11.492,17.498,3.660,2.346
mp-aaacdlpv,52.667,47.976,54.090,4.691,1.423,29.222,23.381,30.406,5.841,1.184
mp-aaacdlra,7.667,-7.220,7.998,14.887,0.332,2.662,5.365,3.407,2.703,0.746
mp-aaacdlrh,184.667,126.621,201.460,58.046,16.793,76.929,106.943,79.636,30.014,2.707
mp-aaacdlrx,203.000,141.286,171.926,61.714,31.074,-9.549,51.676,3.950,61.225,13.499
mp-aaacdltg,249.189,207.428,256.440,41.761,7.251,79.816,76.611,88.539,3.205,8.723
mp-aaacdlth,68.000,64.829,65.374,3.171,2.626,5.347,0.642,4.827,4.705,0.520
mp-aaacdltp,350.657,290.260,355.038,60.397,4.381,184.843,172.610,205.255,12.233,20.412
mp-aaacdltr,5.333,36.898,10.775,31.565,5.441,3.029,0.346,5.384,2.683,2.355
mp-aaacdluc,57.000,52.165,56.102,4.835,0.898,27.678,27.922,32.589,0.244,4.911
mp-aaacdluf,5.667,29.669,6.208,24.002,0.541,-0.033,-2.836,-1.274,2.803,1.241
mp-aaacdlug,47.333,60.277,2.110,12.944,45.223,8.887,24.473,5.659,15.585,3.228
mp-aaacdlwu,52.000,52.747,54.309,0.747,2.309,16.312,9.913,18.188,6.399,1.876
mp-aaacdlxy,9.333,1.451,10.927,7.882,1.593,5.010,5.131,5.822,0.121,0.812
mp-aaacdlya,116.000,99.003,97.773,16.997,18.227,22.136,26.237,40.226,4.101,18.090
mp-aaacdlyd,5.667,42.246,6.248,36.579,0.582,2.309,4.980,1.962,2.671,0.347
mp-aaacdlzi,5.333,30.289,5.658,24.956,0.325,1.882,6.594,0.283,4.712,1.599
mp-aaacdlzq,62.667,60.726,65.430,1.941,2.763,18.156,12.486,15.907,5.670,2.249
mp-aaacdmah,4.333,-31.146,3.172,35.479,1.161,1.500,3.535,10.854,2.035,9.354
mp-aaacdmas,3.000,34.812,8.168,31.812,5.168,2.700,4.527,2.769,1.827,0.069
mp-aaacdmbj,21.333,11.387,24.656,9.946,3.322,6.659,6.174,13.296,0.485,6.637
mp-aaacdmby,119.333,105.704,161.340,13.629,42.007,51.208,69.555,81.769,18.347,30.561
mp-aaacdmbz,6.667,25.583,11.876,18.916,5.210,2.662,6.755,4.787,4.093,2.126
mp-aaacdmcv,38.667,-4.871,37.490,43.538,1.177,21.875,13.255,21.875,8.620,0.000
mp-aaacdmcw,3.333,-33.075,4.547,36.408,1.213,1.155,1.953,-5.128,0.798,6.283
mp-aaacdmdn,3.333,8.732,4.420,5.399,1.086,1.500,-0.155,1.025,1.655,0.475
mp-aaacdmfl,5.333,39.564,7.092,34.231,1.759,1.826,4.179,1.067,2.353,0.760
mp-aaacdmfq,3.667,39.607,6.002,35.940,2.335,1.514,-3.546,2.793,5.060,1.279
mp-aaacdmfv,182.000,155.485,184.478,26.515,2.478,71.508,65.060,73.060,6.448,1.552
mp-aaacdmga,5.000,-54.123,6.468,59.123,1.468,2.271,3.564,2.955,1.293,0.684
mp-aaacdmgb,13.000,2.175,16.735,10.825,3.735,3.819,9.194,6.202,5.375,2.383
mp-aaacdmgc,3.333,24.708,7.254,21.375,3.920,1.155,2.222,2.116,1.067,0.961
mp-aaacdmgz,110.000,101.116,113.269,8.884,3.269,49.496,36.821,44.013,12.675,5.483
mp-aaacdmjc,3.333,13.019,5.725,9.686,2.391,1.155,2.532,2.392,1.377,1.237
mp-aaacdmjr,4.056,-10.675,3.434,14.731,0.622,1.742,-1.221,-3.457,2.963,5.199
mp-aaacdmjs,163.182,157.552,143.460,5.630,19.722,68.642,75.819,107.343,7.177,38.701
mp-aaacdmjx,57.000,49.144,55.837,7.856,1.163,18.171,17.644,16.156,0.527,2.015
mp-aaacdmjy,9.333,37.324,6.013,27.991,3.320,-0.331,7.604,0.421,7.935,0.752
mp-aaacdmkd,5.188,13.824,9.634,8.636,4.446,7.199,4.817,3.863,2.382,3.336
mp-aaacdmkn,365.416,363.532,367.925,1.884,2.509,182.745,185.276,194.517,2.531,11.772
mp-aaacdmmc,57.901,55.353,66.171,2.548,8.270,35.319,26.906,31.727,8.413,3.592
mp-aaacdmou,10.667,4.079,10.754,6.588,0.087,4.635,4.407,4.913,0.228,0.278
mp-aaacdmpi,122.333,52.527,122.057,69.806,0.277,88.350,59.094,79.638,29.256,8.712
mp-aaacdmpy,117.333,61.995,127.011,55.338,9.678,106.120,59.464,74.297,46.656,31.823
mp-aaacdmqa,155.333,137.465,175.037,17.868,19.704,85.421,60.680,71.264,24.741,14.157
mp-aaacdmqi,196.000,135.997,154.430,60.003,41.570,127.045,79.723,68.235,47.322,58.810
mp-aaacdmqo,8.764,-2.039,13.698,10.803,4.934,4.132,5.005,7.232,0.873,3.100
mp-aaacdmrt,20.333,24.114,23.876,3.781,3.543,7.718,5.512,11.657,2.206,3.940
mp-aaacdmrv,95.667,76.578,126.966,19.089,31.299,47.634,47.518,57.529,0.116,9.895
mp-aaacdmsp,18.000,3.315,17.800,14.685,0.200,10.197,6.534,8.918,3.663,1.280
mp-aaacdmsy,141.667,135.116,188.276,6.551,46.609,78.715,50.336,105.930,28.379,27.214
mp-aaacdmtc,133.000,69.623,122.109,63.377,10.891,69.861,54.831,64.209,15.030,5.652
mp-aaacdmtk,66.000,58.244,66.818,7.756,0.818,7.001,15.596,34.934,8.595,27.933
mp-aaacdmtn,74.333,54.483,85.537,19.850,11.204,11.319,42.616,45.854,31.297,34.535
mp-aaacdmua,21.000,7.393,20.582,13.607,0.418,3.515,0.856,2.940,2.659,0.575
mp-aaacdmuj,40.385,79.290,39.995,38.905,0.390,-0.676,33.080,10.057,33.756,10.733
mp-aaacdmvj,150.000,141.430,154.802,8.570,4.802,70.458,31.429,93.268,39.029,22.810
mp-aaacdmvv,39.687,89.017,53.583,49.330,13.896,24.825,20.532,26.461,4.293,1.636
mp-aaacdmwa,84.667,91.643,114.103,6.976,29.436,32.009,36.601,54.416,4.592,22.407
mp-aaacdmwe,20.667,2.325,19.584,18.342,1.083,9.206,12.257,10.822,3.051,1.616
mp-aaacdmwq,38.333,63.493,57.110,25.160,18.777,-2.876,10.425,24.555,13.301,27.430
mp-aaacdmws,40.000,19.743,37.469,20.257,2.531,9.709,10.289,16.353,0.580,6.644
mp-aaacdmwt,11.333,27.733,17.145,16.400,5.811,5.664,3.677,6.568,1.987,0.904
mp-aaacdmxa,12.000,17.970,6.341,5.970,5.659,5.479,5.344,1.461,0.135,4.018
mp-aaacdmxo,11.000,27.887,17.158,16.887,6.158,5.339,3.609,6.649,1.730,1.310
mp-aaacdmyh,172.230,169.398,197.298,2.832,25.068,86.953,86.667,70.570,0.286,16.383
mp-aaacdmyj,102.667,116.484,139.485,13.817,36.819,101.486,35.581,90.128,65.905,11.358
mp-aaacdmyl,112.333,131.453,136.212,19.120,23.879,40.925,43.863,86.517,2.938,45.592
mp-aaacdmyx,179.667,130.428,197.064,49.239,17.397,50.906,49.517,56.550,1.389,5.644
mp-aaacdmzb,161.000,159.220,166.659,1.780,5.659,56.012,66.722,70.372,10.710,14.360
mp-aaacdmzv,60.667,24.293,71.944,36.374,11.277,33.174,17.782,34.267,15.392,1.093
mp-aaacdnbr,45.000,79.497,37.800,34.497,7.200,7.985,16.903,2.009,8.918,5.975
mp-aaacdnbs,53.333,66.222,56.063,12.889,2.730,12.140,14.020,13.205,1.880,1.065
mp-aaacdnbv,40.667,47.007,39.563,6.340,1.103,23.091,19.492,22.010,3.599,1.081
mp-aaacdnby,56.000,64.945,54.038,8.945,1.962,20.302,15.064,18.441,5.238,1.860
mp-aaacdncb,140.000,155.842,143.193,15.842,3.193,-13.914,31.180,68.635,45.094,82.548
mp-aaacdncc,52.667,61.668,53.112,9.001,0.446,17.588,10.801,16.319,6.787,1.269
mp-aaacdnck,10.333,17.856,14.636,7.523,4.303,-1.445,13.238,9.532,14.683,10.977
mp-aaacdneg,36.333,32.643,37.780,3.690,1.447,-25.409,20.240,16.465,45.649,41.874
mp-aaacdneq,259.333,141.507,181.600,117.826,77.734,21.544,38.967,34.018,17.423,12.474
mp-aaacdnfk,56.000,74.727,54.601,18.727,1.399,17.713,24.539,16.293,6.826,1.419
mp-aaacdnfl,29.333,36.287,30.541,6.954,1.208,2.600,14.266,14.084,11.666,11.484
mp-aaacdnfn,66.000,80.731,67.678,14.731,1.678,-23.224,-22.730,-5341.228,0.494,5318.004
mp-aaacdngo,44.333,60.293,44.187,15.960,0.146,24.826,19.411,21.765,5.415,3.061
mp-aaacdngp,35.000,28.095,32.861,6.905,2.139,19.500,16.929,15.531,2.571,3.969
mp-aaacdngq,79.631,60.799,70.828,18.832,8.803,48.020,32.185,37.833,15.835,10.187
mp-aaacdngw,61.118,73.996,63.692,12.878,2.574,16.916,23.725,34.530,6.809,17.614
mp-aaacdngz,36.326,23.238,36.850,13.088,0.523,-5.113,20.299,22.728,25.412,27.841
mp-aaacdnha,52.333,46.739,49.249,5.594,3.084,21.200,19.576,20.065,1.624,1.135
mp-aaacdnhb,40.745,33.956,37.064,6.789,3.681,24.603,22.920,24.342,1.683,0.261
mp-aaacdnhc,54.743,42.466,50.947,12.277,3.796,24.996,20.932,24.377,4.064,0.618
mp-aaacdnhg,62.667,96.514,76.872,33.847,14.205,28.307,36.849,20.285,8.542,8.023
mp-aaacdnhi,39.847,29.316,32.442,10.531,7.405,23.831,24.861,19.386,1.030,4.445
mp-aaacdnho,69.000,71.859,74.713,2.859,5.713,22.806,10.925,27.229,11.881,4.423
mp-aaacdnlp,55.333,51.773,54.729,3.560,0.604,27.481,22.189,32.212,5.292,4.731
mp-aaacdnmi,54.667,51.711,54.802,2.956,0.135,17.401,16.841,18.461,0.560,1.061
mp-aaacdnmn,52.000,52.988,53.268,0.988,1.268,16.312,10.533,18.955,5.780,2.642
mp-aaacdnmo,26.440,53.700,29.832,27.260,3.392,14.750,36.240,20.520,21.490,5.770
mp-aaacdnmr,35.667,27.650,35.490,8.017,0.177,21.016,19.518,19.244,1.498,1.772
mp-aaacdnmv,61.333,57.756,62.962,3.577,1.628,18.562,13.633,12.665,4.929,5.897
mp-aaacdnnq,51.333,47.375,49.893,3.958,1.441,28.014,22.499,26.465,5.515,1.549
mp-aaacdnoc,295.597,275.069,312.450,20.528,16.852,165.539,174.407,181.880,8.868,16.341
mp-aaacdnoq,37.333,41.571,37.013,4.238,0.320,23.187,21.706,19.725,1.481,3.462
mp-aaacdnpk,26.542,34.834,25.848,8.292,0.695,18.431,22.452,15.979,4.021,2.452
mp-aaacdnpw,38.333,40.525,38.286,2.192,0.048,23.187,23.096,20.888,0.091,2.300
mp-aaacdnpy,31.395,45.230,36.412,13.835,5.017,12.474,18.076,15.850,5.602,3.376
mp-aaacdnpz,55.333,47.704,52.315,7.629,3.018,18.472,17.388,16.553,1.084,1.919
mp-aaacdnqm,50.667,55.494,50.399,4.827,0.268,16.524,12.722,12.585,3.802,3.939
mp-aaacdnqu,22.844,24.872,23.456,2.028,0.611,8.358,15.686,11.245,7.328,2.888
mp-aaacdnqv,179.000,145.609,169.934,33.391,9.066,19.894,23.305,10.272,3.411,9.622
mp-aaacdnqw,62.262,81.239,52.772,18.977,9.490,39.772,35.391,33.489,4.381,6.283
mp-aaacdnqz,102.023,108.383,111.396,6.360,9.373,31.720,20.973,26.608,10.747,5.112
mp-aaacdnrc,203.942,199.438,217.146,4.504,13.205,63.482,80.222,58.276,16.740,5.206
mp-aaacdnrd,187.333,129.294,190.285,58.039,2.952,34.691,42.734,93.770,8.043,59.079
mp-aaacdnrk,51.667,55.317,51.251,3.650,0.416,17.236,13.676,14.318,3.560,2.918
mp-aaacdnrw,55.333,63.578,53.090,8.245,2.244,20.823,13.755,15.527,7.068,5.297
mp-aaacdnrx,55.333,54.964,53.047,0.369,2.286,20.823,16.090,15.875,4.733,4.948
mp-aaacdntk,41.333,45.196,38.944,3.863,2.389,23.562,21.145,21.160,2.417,2.402
mp-aaacdnuc,50.000,116.272,58.076,66.272,8.076,13.450,50.183,24.706,36.733,11.256
mp-aaacdnug,21.000,2.732,29.372,18.268,8.372,6.744,10.431,18.654,3.687,11.910
mp-aaacdnuj,22.000,33.304,24.034,11.304,2.034,13.905,13.796,12.503,0.109,1.402
mp-aaacdnuu,40.667,43.355,40.583,2.688,0.083,22.728,20.340,22.354,2.388,0.374
mp-aaacdnuw,22.333,19.138,21.398,3.195,0.936,6.100,25.330,6.839,19.230,0.739
mp-aaacdnvj,23.333,39.961,24.051,16.628,0.717,19.191,22.130,16.833,2.939,2.358
mp-aaacdnvq,40.000,43.108,39.485,3.108,0.515,23.149,22.068,21.325,1.081,1.824
mp-aaacdnwh,25.667,31.429,37.683,5.762,12.017,15.870,20.868,23.327,4.998,7.457
mp-aaacdnwp,24.774,24.971,22.734,0.197,2.040,16.202,16.698,13.125,0.496,3.077
mp-aaacdnwu,54.333,100.939,49.180,46.606,5.153,33.591,21.030,19.014,12.561,14.577
mp-aaacdnwv,69.667,68.950,75.026,0.717,5.359,22.429,11.644,28.641,10.785,6.212
mp-aaacdnxj,14.218,6.900,13.875,7.318,0.343,7.439,19.031,5.416,11.592,2.023
mp-aaacdnxk,33.667,36.696,30.952,3.029,2.715,15.062,20.850,11.215,5.788,3.847
mp-aaacdnxq,240.000,170.117,233.026,69.883,6.974,114.315,102.659,97.033,11.656,17.282
mp-aaacdnyo,104.709,94.959,104.856,9.750,0.147,55.453,40.092,40.688,15.361,14.766
mp-aaacdnyt,60.333,64.243,89.635,3.910,29.302,-26.909,-20.973,17.280,5.936,44.190
mp-aaacdnyv,80.667,73.898,81.400,6.769,0.733,7.387,16.388,13.401,9.001,6.014
mp-aaacdnyw,31.000,40.056,33.984,9.056,2.984,11.914,19.553,15.653,7.639,3.739
mp-aaacdnze,60.000,68.354,63.576,8.354,3.576,-26.893,13.503,-10.223,40.396,16.670
mp-aaacdnzh,75.000,65.846,74.596,9.154,0.404,109.800,24.767,17.360,85.033,92.440
mp-aaacdnzl,56.000,50.852,55.205,5.148,0.795,27.678,29.857,32.251,2.179,4.573
mp-aaacdnzp,126.000,106.851,133.063,19.149,7.063,122.330,91.845,92.240,30.485,30.090
mp-aaacdnzu,38.667,26.967,37.720,11.700,0.947,23.291,22.308,20.372,0.983,2.919
mp-aaacdnzv,19.320,26.755,18.048,7.435,1.272,11.115,3.865,8.746,7.250,2.369
mp-aaacdnzy,55.000,56.003,52.142,1.003,2.858,16.312,11.946,17.767,4.367,1.454
mp-aaacdoag,48.900,55.644,52.025,6.744,3.125,25.279,34.599,33.710,9.320,8.431
mp-aaacdoah,40.000,43.085,39.590,3.085,0.410,23.149,22.194,21.843,0.955,1.306
mp-aaacdoap,54.333,53.283,52.921,1.050,1.413,20.494,16.935,14.303,3.559,6.191
mp-aaacdobl,19.333,29.237,25.062,9.904,5.729,11.656,9.348,16.957,2.308,5.301
mp-aaacdobp,109.000,97.399,111.677,11.601,2.677,30.591,18.808,31.416,11.783,0.825
mp-aaacdocy,24.000,34.496,28.145,10.496,4.145,7.985,8.339,8.726,0.354,0.741
mp-aaacdodo,24.667,20.191,28.332,4.476,3.665,11.329,7.999,14.007,3.330,2.678
mp-aaacdoel,104.000,102.087,104.845,1.913,0.845,39.007,48.269,35.880,9.262,3.127
mp-aaacdoem,65.333,51.882,57.645,13.451,7.688,35.344,34.301,25.569,1.043,9.775
mp-aaacdoen,24.667,5.385,21.182,19.282,3.485,15.839,9.678,10.299,6.161,5.540
mp-aaacdoeo,25.761,31.842,27.473,6.081,1.712,18.564,14.553,17.212,4.011,1.352
mp-aaacdoep,31.443,43.863,26.831,12.420,4.612,26.494,20.647,14.757,5.847,11.737
mp-aaacdoeq,21.000,18.041,26.484,2.959,5.484,0.771,11.925,6.857,11.154,6.086
mp-aaacdoer,187.000,170.917,194.397,16.083,7.397,51.674,65.766,57.940,14.092,6.267
mp-aaacdoex,84.100,65.518,50.898,18.582,33.202,38.347,38.753,19.381,0.406,18.966
mp-aaacdoey,15.333,-15.442,17.993,30.775,2.660,-6.140,1.657,11.773,7.797,17.913
mp-aaacdoez,134.263,111.257,136.935,23.006,2.671,84.865,94.279,87.468,9.414,2.603
mp-aaacdofg,19.554,34.358,13.716,14.804,5.837,8.661,6.744,3.235,1.917,5.425
mp-aaacdofp,49.000,50.463,41.317,1.463,7.683,6.978,9.839,0.115,2.861,6.863
mp-aaacdofr,24.490,52.525,22.813,28.035,1.676,16.666,25.342,14.260,8.676,2.406
mp-aaacdofs,33.348,11.147,29.360,22.201,3.988,12.163,16.653,12.046,4.490,0.116
mp-aaacdogt,31.667,12.136,28.191,19.531,3.476,5.552,28.206,15.865,22.654,10.313
mp-aaacdogv,20.333,19.394,26.299,0.939,5.966,0.936,10.928,6.886,9.992,5.949
mp-aaacdohe,131.667,96.849,123.111,34.818,8.556,39.927,21.964,46.839,17.963,6.913
mp-aaacdohh,33.000,22.749,22.925,10.251,10.075,14.713,16.945,9.470,2.232,5.243
mp-aaacdohi,34.000,48.610,37.218,14.610,3.218,18.392,6.209,9.169,12.183,9.223
mp-aaacdohp,54.333,55.179,53.834,0.846,0.499,20.872,17.128,21.286,3.744,0.414
mp-aaacdohr,92.333,90.753,98.318,1.580,5.985,26.972,27.015,35.036,0.043,8.064
mp-aaacdohs,54.667,48.572,52.797,6.095,1.870,26.044,26.006,27.205,0.038,1.160
mp-aaacdoie,44.097,51.291,40.044,7.194,4.053,24.333,16.972,20.536,7.361,3.797
mp-aaacdokb,33.667,37.801,28.374,4.134,5.293,18.285,8.194,-8.162,10.091,26.448
mp-aaacdokd,16.552,1.085,22.528,15.467,5.976,8.993,16.900,15.977,7.907,6.985
mp-aaacdoke,25.639,37.586,36.473,11.947,10.834,12.652,20.582,23.447,7.930,10.795
mp-aaacdokh,13.886,18.209,15.957,4.323,2.071,6.854,0.434,8.117,6.420,1.263
mp-aaacdoki,23.667,34.730,23.015,11.063,0.652,5.251,20.652,16.201,15.401,10.950
mp-aaacdokk,23.667,36.153,31.110,12.486,7.443,22.796,28.374,14.905,5.578,7.891
mp-aaacdokp,102.777,114.984,100.656,12.207,2.121,30.239,35.257,26.004,5.018,4.236
mp-aaacdoks,114.610,127.354,125.269,12.744,10.659,16.302,9.675,24.073,6.627,7.770
mp-aaacdokt,44.444,61.275,43.626,16.831,0.819,-1.670,8.760,120.482,10.430,122.152
mp-aaacdoku,30.667,18.694,28.798,11.973,1.869,10.436,16.367,16.030,5.931,5.594
mp-aaacdokv,36.097,46.800,40.944,10.703,4.846,18.922,17.575,23.031,1.347,4.110
mp-aaacdokw,54.333,50.099,56.654,4.234,2.321,16.200,14.835,17.374,1.365,1.174
mp-aaacdorc,52.000,52.829,53.028,0.829,1.028,33.581,33.774,32.252,0.193,1.329
mp-aaacdork,56.000,64.035,57.552,8.035,1.552,37.701,29.376,37.651,8.325,0.050
mp-aaacdorm,143.000,124.968,140.716,18.032,2.284,58.192,32.733,51.480,25.459,6.712
mp-aaacdoro,128.000,96.900,124.330,31.100,3.670,37.884,39.927,45.161,2.043,7.277
mp-aaacdowj,122.333,100.522,118.156,21.811,4.177,10.659,29.975,39.895,19.316,29.236
mp-aaacdowl,115.000,101.625,92.578,13.375,22.422,23.215,29.958,37.552,6.743,14.337
mp-aaacdoxc,50.667,40.770,43.779,9.897,6.888,28.527,19.544,14.395,8.983,14.132
mp-aaacdoxj,42.068,38.142,42.333,3.926,0.264,20.580,15.858,26.769,4.722,6.189
mp-aaacdoya,27.667,17.830,25.053,9.837,2.614,4.452,15.443,11.475,10.991,7.023
mp-aaacdoye,127.667,109.011,113.955,18.656,13.712,28.229,20.312,33.834,7.917,5.605
mp-aaacdoyg,85.992,96.393,93.747,10.401,7.754,21.160,-49.835,31.419,70.995,10.259
mp-aaacdoyh,68.000,63.952,68.929,4.048,0.929,10.598,54.718,40.112,44.120,29.513
mp-aaacdoyq,144.333,138.079,158.264,6.254,13.930,20.474,27.843,36.256,7.369,15.783
mp-aaacdoyz,54.000,43.965,52.019,10.035,1.981,36.304,31.203,31.204,5.101,5.099
mp-aaacdozf,137.000,125.154,158.255,11.846,21.255,40.709,38.011,61.827,2.698,21.119
mp-aaacdozm,131.525,138.292,146.735,6.767,15.211,26.575,28.462,38.755,1.887,12.180
mp-aaacdozy,173.330,161.801,189.442,11.529,16.113,61.078,70.429,63.335,9.351,2.258
mp-aaacdpas,173.595,161.522,162.418,12.073,11.177,46.626,66.995,41.227,20.369,5.398
mp-aaacdpax,21.072,28.061,22.625,6.989,1.552,18.684,10.605,14.699,8.079,3.985
mp-aaacdpbb,164.667,141.927,175.495,22.740,10.828,57.786,69.663,80.836,11.877,23.051
mp-aaacdpbk,24.667,17.579,23.149,7.088,1.517,8.486,15.634,11.377,7.148,2.890
mp-aaacdpbr,34.333,29.423,29.593,4.910,4.741,20.600,11.847,-3.223,8.753,23.823
mp-aaacdpby,95.995,122.732,114.001,26.737,18.006,36.428,46.431,48.273,10.003,11.846
mp-aaacdpcm,88.000,72.125,92.621,15.875,4.621,11.914,13.714,23.195,1.800,11.281
mp-aaacdpcv,161.658,141.283,161.064,20.375,0.594,57.603,69.960,65.931,12.357,8.328
mp-aaacdpdz,211.000,133.611,140.398,77.389,70.602,96.129,87.042,82.336,9.087,13.792
mp-aaacdpet,236.667,153.461,231.691,83.206,4.976,94.189,18.417,81.487,75.772,12.702
mp-aaacdpfs,104.667,88.739,103.844,15.928,0.823,38.447,45.477,48.818,7.030,10.371
mp-aaacdpfv,97.189,109.395,109.770,12.206,12.580,36.573,32.311,28.319,4.262,8.254
mp-aaacdpga,141.323,133.631,142.650,7.692,1.327,38.438,42.786,47.567,4.348,9.129
mp-aaacdpgg,21.631,28.438,21.222,6.807,0.409,-3.293,9.567,13.362,12.860,16.655
mp-aaacdphj,9.426,-12.608,10.760,22.034,1.334,5.058,13.851,5.836,8.793,0.777
mp-aaacdphk,13.567,2.619,15.074,10.948,1.506,5.830,5.580,6.336,0.250,0.506
mp-aaacdphl,10.312,-12.007,6.503,22.319,3.810,4.514,10.433,5.038,5.919,0.524
mp-aaacdpjd,99.075,95.648,88.542,3.427,10.533,30.354,29.772,36.744,0.582,6.390
mp-aaacdpjf,139.976,133.670,137.699,6.306,2.277,44.738,42.833,48.648,1.905,3.910
mp-aaacdple,80.000,89.828,85.345,9.828,5.345,23.824,23.340,23.230,0.484,0.594
mp-aaacdplh,113.333,94.046,117.641,19.287,4.308,-4.914,11.028,28.836,15.942,33.750
mp-aaacdpll,137.667,50.311,131.815,87.356,5.852,78.637,52.550,79.389,26.087,0.751
mp-aaacdplr,138.000,119.928,131.057,18.072,6.943,68.874,74.494,70.030,5.620,1.156
mp-aaacdplu,26.828,34.593,29.798,7.765,2.970,7.634,19.178,14.744,11.544,7.110
mp-aaacdplw,172.771,200.229,166.765,27.458,6.006,41.326,48.606,41.184,7.280,0.142
mp-aaacdpmg,186.667,133.391,200.827,53.276,14.160,62.673,42.321,76.036,20.352,13.363
mp-aaacdpmi,133.000,132.460,134.982,0.540,1.982,16.946,33.596,36.097,16.650,19.151
mp-aaacdpml,102.000,136.852,97.162,34.852,4.838,33.824,-2.990,30.752,36.814,3.073
mp-aaacdpnh,65.007,77.837,37.310,12.830,27.697,-0.752,6.880,21.503,7.632,22.256
mp-aaacdpns,190.000,124.482,172.111,65.518,17.889,92.322,76.976,91.740,15.346,0.582
mp-aaacdpnx,165.667,148.576,182.485,17.091,16.818,14.687,38.279,-1.106,23.592,15.793
mp-aaacdpny,117.000,120.965,119.085,3.965,2.085,172.592,86.901,33.944,85.691,138.648
mp-aaacdpod,40.333,45.340,40.011,5.007,0.322,16.781,17.945,17.934,1.164,1.153
mp-aaacdpof,19.333,20.864,20.946,1.531,1.612,8.887,8.466,9.936,0.421,1.049
mp-aaacdpoq,22.333,19.330,26.768,3.003,4.434,4.250,8.177,15.471,3.927,11.221
mp-aaacdpox,20.440,27.302,23.671,6.862,3.231,4.217,7.515,9.491,3.298,5.274
mp-aaacdppi,20.931,28.378,23.536,7.447,2.606,7.714,6.556,11.571,1.158,3.857
mp-aaacdppo,75.333,58.322,72.910,17.011,2.423,20.258,8.486,18.050,11.772,2.208
mp-aaacdppu,37.395,53.665,40.674,16.270,3.279,16.602,17.836,8.718,1.234,7.884
mp-aaacdpqd,26.667,12.366,31.821,14.301,5.154,5.406,13.659,16.564,8.253,11.158
mp-aaacdprc,36.547,52.706,44.524,16.159,7.977,15.975,17.267,24.178,1.292,8.203
mp-aaacdprl,198.405,192.638,203.806,5.767,5.400,87.240,109.655,100.169,22.415,12.929
mp-aaacdprv,261.333,165.722,243.371,95.611,17.963,99.332,92.770,95.979,6.562,3.353
mp-aaacdpry,21.000,21.140,23.382,0.140,2.382,0.771,14.288,5.153,13.517,4.381
mp-aaacdpsw,184.000,146.540,175.180,37.460,8.820,15.043,28.393,40.570,13.350,25.527
mp-aaacdpum,67.333,68.604,63.214,1.271,4.119,23.902,20.658,25.837,3.244,1.935
mp-aaacdpun,256.667,201.660,258.369,55.007,1.702,110.400,103.531,117.579,6.869,7.179
mp-aaacdpuo,211.000,254.857,208.899,43.857,2.101,91.230,87.515,97.262,3.715,6.031
mp-aaacdpuq,216.667,237.850,214.847,21.183,1.819,93.068,73.427,90.582,19.641,2.486
mp-aaacdpus,101.667,141.122,103.107,39.455,1.441,33.341,33.664,33.523,0.323,0.182
mp-aaacdpuw,177.667,176.989,183.991,0.678,6.324,83.116,63.003,72.732,20.113,10.384
mp-aaacdpux,242.333,204.632,251.018,37.701,8.685,102.746,102.988,114.165,0.242,11.420
mp-aaacdpvb,144.000,127.729,135.653,16.271,8.347,59.363,56.658,43.985,2.705,15.378
mp-aaacdpvd,63.000,46.704,65.257,16.296,2.257,26.322,22.978,24.886,3.344,1.437
mp-aaacdpvg,58.333,53.175,56.044,5.158,2.289,19.716,17.875,13.651,1.841,6.066
mp-aaacdpvi,84.667,83.997,85.930,0.670,1.264,1.618,7.518,13.641,5.900,12.023
mp-aaacdpvk,87.667,77.548,89.223,10.119,1.557,21.016,16.361,20.782,4.655,0.234
mp-aaacdpvo,58.000,60.816,65.839,2.816,7.839,25.874,22.125,33.139,3.749,7.265
mp-aaacdpvq,227.667,195.823,230.377,31.844,2.710,82.222,90.836,88.865,8.614,6.643
mp-aaacdpvr,142.667,118.820,150.774,23.847,8.107,-0.143,12.995,5.934,13.138,6.077
mp-aaacdpvs,204.333,202.031,198.112,2.302,6.221,66.006,84.212,67.936,18.206,1.929
mp-aaacdpvt,95.075,103.743,90.938,8.668,4.136,58.373,39.900,43.526,18.473,14.847
mp-aaacdpvy,225.333,199.076,238.652,26.257,13.319,86.861,87.923,98.905,1.062,12.043
mp-aaacdpvz,72.667,57.367,63.202,15.300,9.465,30.440,21.989,26.601,8.451,3.839
mp-aaacdpwa,53.667,47.750,52.847,5.917,0.819,27.983,21.879,26.519,6.104,1.464
mp-aaacdpwe,113.333,108.110,119.395,5.223,6.062,45.799,38.984,52.118,6.815,6.318
mp-aaacdpwg,71.667,68.903,73.448,2.764,1.781,11.967,14.688,15.986,2.721,4.019
mp-aaacdpwh,84.667,84.390,90.500,0.277,5.833,40.580,28.027,30.901,12.553,9.679
mp-aaacdpwj,233.000,209.986,234.200,23.014,1.200,106.766,91.843,100.050,14.923,6.716
mp-aaacdpwl,11.844,12.803,15.224,0.959,3.379,5.000,13.003,6.051,8.003,1.051
mp-aaacdpwm,84.000,100.481,80.671,16.481,3.329,20.700,19.934,23.353,0.766,2.653
mp-aaacdpwp,197.333,163.578,205.443,33.755,8.109,92.151,72.614,72.432,19.537,19.719
mp-aaacdpwq,175.667,99.162,171.315,76.505,4.351,93.769,84.611,65.750,9.158,28.018
mp-aaacdpwx,90.000,81.103,92.857,8.897,2.857,22.806,17.831,24.500,4.975,1.695
mp-aaacdpwy,103.333,141.921,102.993,38.588,0.340,34.912,33.989,33.782,0.923,1.130
mp-aaacdpxa,69.333,72.606,79.035,3.273,9.702,18.155,10.631,22.522,7.524,4.368
mp-aaacdpxd,132.667,113.521,133.091,19.146,0.424,44.120,48.009,47.388,3.889,3.268
mp-aaacdpxh,244.000,207.723,238.366,36.277,5.634,104.117,98.393,97.935,5.724,6.182
mp-aaacdpxj,174.333,163.356,170.856,10.977,3.478,67.231,39.116,64.787,28.115,2.445
mp-aaacdpxk,68.353,85.779,70.688,17.426,2.335,43.357,40.900,52.161,2.457,8.804
mp-aaacdpxm,189.000,176.711,195.934,12.289,6.934,80.991,67.675,96.901,13.316,15.911
mp-aaacdpxq,209.333,177.823,214.746,31.510,5.412,88.876,86.319,82.632,2.557,6.244
mp-aaacdpxs,188.667,181.896,198.897,6.771,10.230,75.761,86.098,93.894,10.337,18.133
mp-aaacdpxu,136.667,115.179,130.824,21.488,5.843,68.979,39.181,52.490,29.798,16.488
mp-aaacdpxv,36.000,55.008,30.002,19.008,5.998,16.437,28.759,8.744,12.322,7.693
mp-aaacdpxw,149.000,138.118,157.420,10.882,8.420,47.660,56.782,43.004,9.122,4.656
mp-aaacdpxy,38.000,50.798,45.778,12.798,7.778,26.590,27.380,31.684,0.790,5.094
mp-aaacdpxz,204.667,200.322,207.801,4.345,3.134,90.364,84.469,94.262,5.895,3.898
mp-aaacdpya,121.333,88.686,119.024,32.647,2.309,16.064,16.177,22.814,0.113,6.750
mp-aaacdpyb,81.000,95.288,75.605,14.288,5.395,26.395,25.268,25.677,1.127,0.718
mp-aaacdpyl,140.667,103.689,139.126,36.978,1.541,43.851,27.165,56.260,16.686,12.409
mp-aaacdpys,121.667,90.794,119.158,30.873,2.508,33.160,24.617,18.792,8.543,14.368
mp-aaacdpyt,136.667,132.517,153.899,4.150,17.232,56.464,54.306,71.778,2.158,15.315
mp-aaacdqbm,203.667,172.380,207.992,31.287,4.325,77.249,76.097,86.762,1.152,9.513
mp-aaacdqbp,161.333,130.658,164.791,30.675,3.457,52.064,23.184,50.684,28.880,1.379
mp-aaacdqbt,205.667,185.741,212.519,19.926,6.852,92.724,98.191,101.438,5.467,8.714
mp-aaacdqbu,42.333,37.581,38.867,4.752,3.467,17.337,14.384,16.645,2.953,0.691
mp-aaacdqbx,238.000,181.349,242.137,56.651,4.137,113.692,108.088,110.896,5.604,2.796
mp-aaacdqby,56.667,50.091,57.494,6.576,0.827,28.771,20.460,25.472,8.311,3.299
mp-aaacdqbz,140.333,140.573,147.002,0.240,6.668,62.934,42.633,69.761,20.301,6.827
mp-aaacdqcb,196.000,176.301,193.322,19.699,2.678,91.230,80.127,90.929,11.103,0.302
mp-aaacdqcc,188.000,185.402,191.069,2.598,3.069,91.684,91.683,85.354,0.001,6.331
mp-aaacdqcf,63.333,81.995,65.449,18.662,2.116,20.690,12.386,23.834,8.304,3.144
mp-aaacdqcg,72.667,79.593,74.748,6.926,2.082,28.936,25.888,29.142,3.048,0.206
mp-aaacdqch,175.333,147.242,186.040,28.091,10.706,-13.590,10.472,46.877,24.062,60.466
mp-aaacdqcl,74.058,81.538,79.803,7.480,5.745,55.569,41.423,49.354,14.146,6.215
mp-aaacdqcn,222.667,204.921,226.582,17.746,3.915,100.634,89.878,90.691,10.756,9.943
mp-aaacdqco,79.333,69.367,76.273,9.966,3.060,-0.297,20.784,15.001,21.081,15.298
mp-aaacdqcp,210.000,195.210,214.797,14.790,4.797,85.547,93.305,82.597,7.758,2.951
mp-aaacdqcs,102.000,104.059,104.810,2.059,2.810,30.166,25.900,28.737,4.266,1.429
mp-aaacdqcu,142.000,118.381,145.372,23.619,3.372,14.262,28.416,17.977,14.154,3.715
mp-aaacdqcw,70.667,50.371,62.910,20.296,7.757,28.562,22.207,26.162,6.355,2.401
mp-aaacdqcx,131.000,110.070,133.172,20.930,2.172,-20.517,19.674,44.713,40.191,65.230
mp-aaacdqcy,175.333,143.628,167.062,31.705,8.271,73.825,65.107,67.131,8.718,6.694
mp-aaacdqcz,141.333,157.315,140.215,15.982,1.119,84.889,72.789,84.480,12.100,0.409
mp-aaacdqde,159.333,126.619,160.663,32.714,1.330,52.629,46.215,44.631,6.414,7.998
mp-aaacdqdg,64.667,73.085,66.471,8.418,1.805,43.510,25.479,33.737,18.031,9.773
mp-aaacdqdi,172.667,141.143,186.566,31.524,13.899,59.649,44.986,51.128,14.663,8.522
mp-aaacdqdj,183.333,234.573,138.376,51.240,44.957,198.296,124.581,14.293,73.715,184.003
mp-aaacdqdl,96.000,88.623,95.688,7.377,0.312,47.121,39.692,39.540,7.429,7.581
mp-aaacdqdp,60.000,53.793,59.996,6.207,0.004,24.606,22.549,22.304,2.057,2.302
mp-aaacdqth,218.000,198.682,222.330,19.318,4.330,57.560,80.843,46.050,23.283,11.510
mp-aaacdqtt,188.782,163.703,163.064,25.079,25.718,64.412,56.180,49.771,8.232,14.641
mp-aaacdqus,5.333,29.446,7.317,24.113,1.983,2.143,3.320,1.813,1.177,0.330
mp-aaacdqwp,52.333,51.270,50.598,1.063,1.735,20.071,17.820,19.317,2.251,0.754
mp-aaacdqwr,52.000,61.328,49.516,9.328,2.484,15.789,11.620,16.247,4.169,0.457
mp-aaacdqwu,41.847,66.845,33.339,24.998,8.508,26.103,27.767,17.420,1.664,8.683
mp-aaacdqwv,89.333,77.397,84.190,11.936,5.143,21.810,26.982,19.460,5.172,2.349
mp-aaacdqxb,50.000,53.494,45.348,3.494,4.652,18.036,26.543,5.466,8.507,12.570
mp-aaacdqxg,51.000,60.229,48.630,9.229,2.370,15.466,12.786,12.638,2.680,2.827
mp-aaacdrdg,35.000,40.021,37.887,5.021,2.887,4.983,10.979,9.025,5.996,4.043
mp-aaacdrdl,172.000,141.690,170.184,30.310,1.816,95.314,105.344,86.550,10.030,8.764
mp-aaacdrdo,152.158,152.271,195.036,0.113,42.878,34.565,41.649,94.435,7.084,59.871
mp-aaacdrdp,72.333,84.892,78.342,12.559,6.008,26.289,5.114,28.197,21.175,1.908
mp-aaacdrdr,84.333,86.677,86.332,2.344,1.998,29.119,16.180,38.130,12.939,9.011
mp-aaacdrds,50.101,80.000,58.307,29.899,8.206,4.911,7.779,33.519,2.868,28.607
mp-aaacdrdu,80.554,91.400,80.946,10.846,0.392,38.254,30.375,36.812,7.879,1.442
mp-aaacdrdv,44.667,55.365,41.488,10.698,3.179,0.331,0.623,15.274,0.292,14.943
mp-aaacdrdw,26.027,31.352,27.017,5.325,0.990,11.822,9.755,1.100,2.067,10.722
mp-aaacdrdx,38.000,48.460,40.770,10.460,2.770,14.013,16.325,16.265,2.312,2.252
mp-aaacdrdy,42.120,53.685,39.207,11.565,2.913,13.372,13.714,16.504,0.342,3.132
mp-aaacdrdz,183.546,216.058,202.332,32.512,18.785,183.026,158.341,182.331,24.685,0.695
mp-aaacdrea,60.000,63.160,58.772,3.160,1.228,25.995,14.445,34.398,11.550,8.403
mp-aaacdreb,44.047,47.922,39.284,3.875,4.763,22.975,18.592,14.843,4.383,8.132
mp-aaacdrec,11.314,98.961,41.849,87.647,30.535,5.909,3.250,24.476,2.659,18.567
mp-aaacdree,40.756,51.478,39.778,10.722,0.978,19.480,11.731,14.772,7.749,4.708
mp-aaacdref,41.667,52.529,42.250,10.862,0.584,12.750,11.717,16.707,1.033,3.957
mp-aaacdreg,40.667,47.730,36.110,7.063,4.557,13.769,13.355,11.151,0.414,2.618
mp-aaacdreh,38.642,32.787,42.996,5.855,4.354,20.827,14.956,19.550,5.871,1.277
mp-aaacdrej,46.333,52.546,45.447,6.213,0.886,28.500,22.349,16.685,6.151,11.815
mp-aaacdrek,43.667,45.813,38.772,2.146,4.895,20.264,18.139,13.047,2.125,7.217
mp-aaacdrel,72.667,76.068,75.822,3.401,3.155,52.274,36.406,38.970,15.868,13.304
mp-aaacdreo,85.111,92.383,77.423,7.272,7.688,31.025,30.722,44.099,0.303,13.074
mp-aaacdrep,48.333,48.562,47.261,0.229,1.072,32.753,26.872,22.827,5.881,9.926
mp-aaacdrer,36.187,37.602,39.913,1.415,3.726,19.056,17.870,17.727,1.186,1.329
mp-aaacdres,41.667,43.020,52.453,1.353,10.787,19.607,12.257,18.659,7.350,0.948
mp-aaacdrfb,81.000,79.530,71.572,1.470,9.428,30.290,23.275,35.441,7.015,5.151
mp-aaacdrfc,69.000,80.660,60.974,11.660,8.026,42.380,31.908,21.356,10.472,21.023
mp-aaacdrmf,199.667,156.594,207.805,43.073,8.138,116.430,119.824,98.474,3.394,17.956
mp-aaacdrmg,232.000,164.738,263.371,67.262,31.371,87.409,57.340,113.488,30.069,26.079
mp-aaacdrmj,203.333,138.960,206.554,64.373,3.221,116.655,122.770,91.284,6.115,25.371
mp-aaacdrmm,130.868,210.268,154.896,79.400,24.028,91.747,123.987,118.403,32.240,26.656
mp-aaacdrmn,98.667,104.485,120.850,5.818,22.183,-30.835,-3.124,62.598,27.711,93.433
mp-aaacdrmo,64.333,75.442,68.781,11.109,4.448,42.800,29.292,45.684,13.508,2.884
mp-aaacdrmp,71.444,79.461,69.204,8.017,2.240,-4.926,14.992,21.588,19.918,26.515
mp-aaacdrmq,264.000,211.280,261.315,52.720,2.685,95.816,110.317,124.671,14.501,28.855
mp-aaacdrmr,70.667,65.710,72.032,4.957,1.365,-24.099,-12.071,0.453,12.028,24.551
mp-aaacdrms,78.000,70.032,78.148,7.968,0.148,17.225,19.164,11.607,1.939,5.617
mp-aaacdrmu,183.000,189.616,177.207,6.616,5.793,103.190,57.903,103.616,45.287,0.427
mp-aaacdrmx,52.667,50.934,52.034,1.733,0.632,34.213,34.967,27.269,0.754,6.943
mp-aaacdrmz,153.333,152.207,164.634,1.126,11.300,36.676,67.784,51.638,31.108,14.961
mp-aaacdrnd,40.667,42.080,41.061,1.413,0.394,21.056,23.800,22.694,2.744,1.639
mp-aaacdrne,41.000,45.350,41.357,4.350,0.357,25.436,29.774,23.255,4.338,2.181
mp-aaacdrnf,61.333,60.788,62.973,0.545,1.640,36.152,27.430,36.933,8.722,0.781
mp-aaacdrni,122.938,127.344,121.038,4.406,1.900,-9.697,31.563,44.968,41.260,54.665
mp-aaacdrnj,56.000,50.865,53.584,5.135,2.416,28.606,29.631,23.204,1.025,5.402
mp-aaacdrnn,81.000,84.914,84.906,3.914,3.906,43.157,39.363,42.977,3.794,0.180
mp-aaacdrno,84.426,92.572,79.829,8.146,4.597,20.797,21.854,25.134,1.057,4.337
mp-aaacdrnr,54.000,50.631,54.523,3.369,0.523,16.654,13.395,16.616,3.259,0.038
mp-aaacdrnt,63.667,47.975,66.484,15.692,2.817,21.957,18.964,22.911,2.993,0.954
mp-aaacdrnx,44.333,55.254,37.007,10.921,7.327,-4.644,4.452,3.553,9.096,8.197
mp-aaacdrny,72.991,73.975,67.863,0.984,5.128,55.721,49.095,43.633,6.626,12.089
mp-aaacdrob,57.333,52.405,59.621,4.928,2.288,27.098,30.159,31.322,3.061,4.224
mp-aaacdrog,56.000,52.356,55.685,3.644,0.315,20.626,19.238,17.894,1.388,2.732
mp-aaacdroh,52.333,52.003,55.551,0.330,3.217,14.666,13.712,15.549,0.954,0.883
mp-aaacdroj,60.000,55.393,64.744,4.607,4.744,18.559,20.730,22.023,2.171,3.464
mp-aaacdrok,66.773,73.439,65.441,6.666,1.332,39.319,32.692,35.260,6.627,4.059
mp-aaacdrol,56.000,64.907,57.063,8.907,1.063,20.302,19.555,20.754,0.747,0.452
mp-aaacdron,59.333,62.647,58.882,3.314,0.452,29.830,25.360,29.942,4.470,0.112
mp-aaacdroq,238.088,207.080,216.144,31.008,21.944,104.389,90.303,130.765,14.086,26.376
mp-aaacdros,219.333,162.872,227.223,56.461,7.890,75.588,65.323,88.818,10.265,13.230
mp-aaacdrot,83.000,90.883,83.546,7.883,0.546,22.779,25.567,26.683,2.788,3.904
mp-aaacdrov,62.000,45.388,64.108,16.612,2.108,18.489,20.812,22.006,2.323,3.516
mp-aaacdrpb,56.333,52.263,55.456,4.070,0.877,21.151,18.934,18.758,2.217,2.393
mp-aaacdrpc,53.667,51.380,54.678,2.287,1.012,17.938,12.375,18.498,5.563,0.560
mp-aaacdrpg,193.889,168.812,196.127,25.077,2.238,93.910,90.765,84.983,3.145,8.927
mp-aaacdrqi,134.262,133.253,128.530,1.009,5.731,52.490,20.366,48.011,32.124,4.479
mp-aaacdrrk,75.667,83.288,75.211,7.621,0.455,18.671,26.189,27.758,7.518,9.088
mp-aaacdrrl,46.667,44.786,46.064,1.881,0.602,21.407,18.291,20.509,3.116,0.899
mp-aaacdrya,56.000,51.107,54.722,4.893,1.278,22.500,17.809,17.562,4.691,4.938
mp-aaacdryb,48.000,72.964,46.634,24.964,1.366,28.613,30.129,21.768,1.516,6.845
mp-aaacdryc,32.698,28.512,33.356,4.186,0.658,7.846,13.614,10.018,5.768,2.172
mp-aaacdryl,57.000,48.563,54.711,8.437,2.289,20.775,15.944,15.703,4.831,5.072
mp-aaacdrym,58.667,49.224,58.567,9.443,0.100,31.043,30.383,30.846,0.660,0.197
mp-aaacdryt,55.333,47.078,52.699,8.255,2.635,22.364,19.959,19.705,2.405,2.659
mp-aaacdrzb,39.000,4.029,38.711,34.971,0.289,22.635,14.860,22.564,7.775,0.070
mp-aaacdrzc,92.667,79.551,90.744,13.116,1.922,29.784,22.587,28.992,7.197,0.792
mp-aaacdrzk,47.889,60.986,53.789,13.097,5.900,3.532,20.504,-10.591,16.972,14.122
mp-aaacdrzl,56.000,56.663,54.811,0.663,1.189,22.500,16.923,19.084,5.577,3.416
mp-aaacdrzy,20.832,-2.426,18.520,23.258,2.312,6.661,4.521,6.608,2.140,0.053
mp-aaacdsad,144.667,90.585,151.965,54.082,7.298,86.559,64.427,96.198,22.132,9.639
mp-aaacdsaf,89.983,135.295,76.813,45.312,13.170,63.440,56.950,37.993,6.490,25.447
mp-aaacdsah,45.000,52.230,64.750,7.230,19.750,-14.596,-28.609,14.269,14.013,28.865
mp-aaacdsai,46.000,53.408,48.726,7.408,2.726,28.784,24.407,26.452,4.377,2.331
mp-aaacdsbh,67.000,78.655,68.380,11.655,1.380,-30.600,-19.701,10.499,10.899,41.099
mp-aaacdsch,67.667,67.218,75.209,0.449,7.542,19.994,19.633,16.837,0.361,3.157
mp-aaacdscl,64.667,39.331,67.506,25.336,2.840,27.391,18.152,27.146,9.239,0.244
mp-aaacdscr,53.667,57.023,63.151,3.356,9.484,-22.686,-17.974,3.700,4.712,26.386
mp-aaacdscs,59.614,69.869,61.325,10.255,1.711,32.539,30.345,30.614,2.194,1.924
mp-aaacdsda,145.667,162.668,157.926,17.001,12.259,68.838,44.976,100.994,23.862,32.156
mp-aaacdsdd,34.000,31.013,34.858,2.987,0.858,23.171,16.884,18.090,6.287,5.080
mp-aaacdsdy,55.000,48.313,53.106,6.687,1.894,26.177,23.949,21.373,2.228,4.804
mp-aaacdsea,146.333,80.623,141.074,65.710,5.259,79.854,90.067,63.101,10.213,16.752
mp-aaacdseb,33.000,37.840,31.866,4.840,1.134,16.790,17.537,10.334,0.747,6.457
mp-aaacdsem,52.667,57.562,50.784,4.895,1.883,29.136,16.242,26.251,12.894,2.886
mp-aaacdser,86.649,97.883,100.106,11.234,13.457,9.339,0.219,11.275,9.120,1.936
mp-aaacdsev,56.667,45.203,58.832,11.464,2.165,20.579,22.139,23.038,1.560,2.459
mp-aaacdsex,54.000,48.868,56.743,5.132,2.743,16.993,16.796,18.329,0.197,1.336
mp-aaacdsey,131.333,128.604,142.948,2.729,11.615,38.570,49.030,65.713,10.460,27.143
mp-aaacdsfi,76.515,81.657,66.674,5.142,9.841,31.317,33.602,19.345,2.285,11.972
mp-aaacdsfj,70.931,66.934,69.551,3.997,1.380,26.189,43.723,16.814,17.534,9.376
mp-aaacdsfk,68.333,44.346,69.397,23.987,1.064,27.080,21.401,25.890,5.679,1.190
mp-aaacdsfp,58.562,59.509,71.135,0.947,12.573,21.396,25.225,21.089,3.829,0.306
mp-aaacdsfr,135.333,110.512,138.552,24.821,3.218,49.398,52.416,28.449,3.018,20.949
mp-aaacdsgf,62.000,69.737,63.194,7.737,1.194,29.290,18.076,22.828,11.214,6.462
mp-aaacdsgh,66.983,64.466,68.816,2.517,1.833,40.099,29.074,34.913,11.025,5.186
mp-aaacdsgj,65.766,78.092,69.293,12.326,3.527,17.379,30.717,31.338,13.338,13.960
mp-aaacdsgk,20.394,50.918,26.966,30.524,6.572,12.156,13.388,17.663,1.232,5.507
mp-aaacdsgw,42.145,45.741,41.857,3.596,0.288,26.698,28.144,25.662,1.446,1.036
mp-aaacdshj,73.000,94.203,74.066,21.203,1.066,15.624,-8.659,13.494,24.283,2.130
mp-aaacdsho,86.667,69.536,84.290,17.131,2.376,40.597,31.941,32.109,8.656,8.488
mp-aaacdsib,57.667,57.928,61.312,0.261,3.645,22.037,22.195,23.861,0.158,1.825
mp-aaacdsir,46.000,46.655,42.488,0.655,3.512,24.640,25.923,19.163,1.283,5.476
mp-aaacdsis,159.333,202.139,175.870,42.806,16.537,14.515,24.504,68.798,9.989,54.284
mp-aaacdskh,115.352,113.751,114.347,1.601,1.005,38.437,37.982,46.267,0.455,7.830
mp-aaacdsmq,71.667,57.065,72.614,14.602,0.947,28.708,28.609,29.595,0.099,0.887
mp-aaacdsow,36.222,30.027,33.666,6.195,2.556,20.154,13.681,19.486,6.473,0.668
mp-aaacdspu,65.000,53.961,66.723,11.039,1.723,28.209,19.849,27.343,8.360,0.866
mp-aaacdspz,46.995,34.363,38.582,12.632,8.413,20.749,32.009,16.966,11.260,3.783
mp-aaacdsqb,236.837,287.636,246.874,50.799,10.037,61.069,100.296,80.326,39.227,19.257
mp-aaacdsqd,231.667,201.327,234.741,30.340,3.075,106.764,95.192,100.143,11.572,6.621
mp-aaacdsqf,27.000,47.302,31.524,20.302,4.524,6.561,15.306,7.585,8.745,1.024
mp-aaacdsqg,96.667,115.629,95.806,18.962,0.861,31.000,33.775,28.682,2.775,2.318
mp-aaacdsqi,120.333,112.676,150.240,7.657,29.906,-5.139,-5.211,56.311,0.072,61.450
mp-aaacdsqx,68.000,55.837,70.101,12.163,2.101,26.758,17.359,27.658,9.399,0.900
mp-aaacdsqz,276.000,247.997,282.677,28.003,6.677,121.340,115.534,126.395,5.806,5.055
mp-aaacdsrd,33.245,37.322,37.053,4.077,3.808,4.796,12.910,17.408,8.114,12.612
mp-aaacdsre,111.000,75.175,120.200,35.825,9.200,45.322,40.839,60.822,4.483,15.499
mp-aaacdssx,40.970,42.022,38.550,1.052,2.419,20.663,27.182,21.981,6.519,1.318
mp-aaacdsvt,261.824,205.439,255.773,56.385,6.051,162.586,164.448,120.090,1.862,42.495
mp-aaacdsvx,56.000,54.449,60.220,1.551,4.220,24.745,19.029,28.508,5.716,3.763
mp-aaacdsvz,41.000,25.352,38.637,15.648,2.363,25.436,21.760,20.024,3.676,5.412
mp-aaacdswb,61.333,59.618,61.365,1.715,0.032,31.626,28.412,30.799,3.214,0.827
mp-aaacdswc,85.667,86.651,92.082,0.984,6.416,2.500,-5.222,21.349,7.722,18.849
mp-aaacdswd,69.000,55.378,69.655,13.622,0.655,42.485,38.987,38.574,3.498,3.910
mp-aaacdswe,57.000,54.767,57.778,2.233,0.778,20.950,21.097,22.106,0.147,1.156
mp-aaacdswf,68.333,62.039,71.945,6.294,3.611,34.799,22.658,28.545,12.141,6.253
mp-aaacdswh,60.667,58.529,61.631,2.138,0.964,30.111,27.948,31.051,2.163,0.940
mp-aaacdswj,57.000,55.214,61.592,1.786,4.592,26.686,20.588,29.768,6.098,3.082
mp-aaacdswk,55.000,55.117,57.707,0.117,2.707,16.312,14.594,21.506,1.719,5.194
mp-aaacdswl,63.000,70.245,64.148,7.245,1.148,34.970,29.282,31.647,5.688,3.323
mp-aaacdswo,54.000,49.161,56.813,4.839,2.813,16.654,13.446,18.573,3.208,1.919
mp-aaacdswp,44.667,47.355,43.128,2.688,1.538,24.875,23.415,22.527,1.460,2.348
mp-aaacdsxn,35.659,46.854,43.006,11.195,7.348,17.233,24.050,26.173,6.817,8.940
mp-aaacdsxt,54.624,54.334,48.110,0.290,6.514,21.323,34.661,19.913,13.338,1.410
mp-aaacdtdm,36.561,28.177,33.017,8.384,3.543,20.785,21.103,19.233,0.318,1.552
mp-aaacdthg,59.667,57.865,60.443,1.802,0.776,29.222,27.512,31.711,1.710,2.489
mp-aaacdthj,65.667,64.079,68.401,1.588,2.735,36.683,26.456,39.637,10.227,2.954
mp-aaacdtit,211.333,183.524,195.183,27.809,16.151,80.409,77.329,78.389,3.080,2.019
mp-aaacdtol,36.473,27.510,32.808,8.963,3.664,20.723,20.853,18.897,0.130,1.826
mp-aaacdtow,219.000,197.812,207.976,21.188,11.024,37.163,62.104,55.062,24.941,17.899
mp-aaacdtpj,72.840,27.914,74.008,44.926,1.168,29.225,23.165,30.996,6.060,1.771
mp-aaacdtpr,170.000,164.300,168.617,5.700,1.383,62.461,53.131,68.863,9.330,6.401
mp-aaacdtpt,59.987,70.308,68.179,10.321,8.192,23.989,27.252,37.724,3.263,13.735
mp-aaacdtpu,63.667,43.989,69.089,19.678,5.422,28.771,19.632,27.227,9.139,1.544
mp-aaacdtpv,10.000,-20.022,16.572,30.022,6.572,5.798,9.604,8.913,3.806,3.115
mp-aaacdtpw,9.667,-26.484,15.134,36.151,5.467,6.131,10.483,10.710,4.352,4.579
mp-aaacdtqa,25.667,26.398,31.719,0.731,6.052,15.830,2.343,16.883,13.487,1.053
mp-aaacdtqf,20.667,30.604,19.508,9.937,1.159,14.687,4.271,14.049,10.416,0.638
mp-aaacdtqk,27.667,32.088,31.082,4.421,3.416,16.629,16.179,18.682,0.450,2.053
mp-aaacdtqp,19.333,37.251,28.212,17.918,8.879,10.812,5.058,16.778,5.754,5.966
mp-aaacdtqq,18.333,25.955,22.025,7.622,3.692,9.270,6.768,14.376,2.502,5.106
mp-aaacdtqv,38.333,41.679,40.401,3.346,2.068,18.472,18.257,24.467,0.215,5.996
mp-aaacdtqw,36.000,41.613,34.304,5.613,1.696,18.574,13.917,16.041,4.657,2.533
mp-aaacdtqx,20.667,29.627,21.836,8.960,1.169,14.611,8.723,14.527,5.888,0.084
mp-aaacdtqz,93.333,104.838,90.847,11.505,2.486,36.103,35.174,27.688,0.929,8.415
mp-aaacdtrb,39.667,38.062,42.576,1.605,2.910,23.127,25.486,29.529,2.359,6.402
mp-aaacdtrc,34.333,36.199,36.949,1.866,2.616,17.773,21.217,24.747,3.444,6.974
mp-aaacdtrs,77.333,107.897,71.280,30.564,6.053,35.558,52.325,37.297,16.767,1.739
mp-aaacdtrv,107.000,132.370,95.468,25.370,11.532,30.815,38.217,30.639,7.402,0.176
mp-aaacdtrx,47.667,64.701,51.880,17.034,4.214,18.614,14.678,23.923,3.936,5.309
mp-aaacdtsj,27.667,24.390,31.716,3.277,4.049,14.307,11.798,15.111,2.509,0.804
mp-aaacdtsm,93.980,101.054,99.137,7.074,5.157,39.196,44.301,50.632,5.105,11.436
mp-aaacdtso,45.667,62.458,48.366,16.791,2.699,8.160,18.175,25.634,10.015,17.474
mp-aaacdtsw,53.000,52.436,52.946,0.564,0.054,33.581,32.455,33.616,1.126,0.036
mp-aaacdttq,19.000,31.400,26.914,12.400,7.914,9.332,14.023,16.324,4.691,6.992
mp-aaacdtua,41.333,40.333,44.295,1.000,2.962,21.115,20.141,21.082,0.974,0.034
mp-aaacdtuf,30.333,55.483,44.511,25.150,14.178,5.560,3.388,25.867,2.172,20.307
mp-aaacdtuj,65.000,51.920,63.948,13.080,1.052,20.850,20.274,20.403,0.576,0.447
mp-aaacdtuk,62.667,71.477,66.877,8.810,4.211,15.152,16.070,14.792,0.918,0.360
mp-aaacdtul,42.000,42.543,42.520,0.543,0.520,20.476,21.653,23.560,1.177,3.084
mp-aaacdtuo,61.000,48.216,64.840,12.784,3.840,12.123,9.353,31.230,2.770,19.107
mp-aaacdtup,102.000,106.206,105.150,4.206,3.150,15.624,24.782,30.075,9.158,14.451
mp-aaacdtus,49.000,55.918,52.249,6.918,3.249,28.595,29.118,30.751,0.523,2.155
mp-aaacdtut,33.333,33.909,34.625,0.576,1.292,19.252,15.488,20.521,3.764,1.270
mp-aaacdtuu,53.000,39.068,53.657,13.932,0.657,25.882,24.576,24.715,1.306,1.166
mp-aaacdtuy,71.000,67.665,72.105,3.335,1.105,20.302,20.860,24.947,0.558,4.645
mp-aaacdtvy,151.723,150.162,142.697,1.561,9.026,85.920,56.519,55.398,29.401,30.522
mp-aaacdtzr,12.333,32.061,17.552,19.728,5.219,6.331,12.278,7.868,5.947,1.536
mp-aaacdtzs,224.210,237.629,211.779,13.419,12.432,46.889,64.925,40.982,18.036,5.907
mp-aaacdtzt,139.772,120.201,126.359,19.571,13.414,64.140,47.454,67.016,16.686,2.876
mp-aaacdtzz,52.667,38.535,54.534,14.132,1.867,26.044,24.805,24.085,1.239,1.960
mp-aaacduaa,125.094,128.454,132.152,3.360,7.058,36.511,42.098,64.353,5.587,27.843
mp-aaacduad,308.000,303.847,312.449,4.153,4.449,110.292,115.348,157.822,5.056,47.530
mp-aaacduae,107.440,125.216,124.841,17.776,17.401,22.946,53.005,53.093,30.059,30.147
mp-aaacduag,132.333,153.651,139.576,21.318,7.243,53.080,37.604,71.193,15.476,18.114
mp-aaacduhk,72.333,51.210,72.404,21.123,0.071,27.949,26.036,30.820,1.913,2.871
mp-aaacduiv,44.990,48.756,49.736,3.766,4.746,17.931,24.362,27.631,6.431,9.700
mp-aaacdure,89.333,75.443,93.865,13.890,4.532,32.467,30.413,73.515,2.054,41.047
mp-aaacduru,66.333,63.580,68.957,2.753,2.623,34.808,29.725,38.003,5.083,3.194
mp-aaacdurv,22.479,27.865,22.865,5.386,0.386,6.731,14.017,14.208,7.286,7.476
mp-aaacdurx,158.667,152.170,160.686,6.497,2.019,13.221,45.771,51.146,32.550,37.925
mp-aaacdusb,209.000,80.869,88.971,128.131,120.029,47.311,39.534,40.352,7.777,6.959
mp-aaacduvd,232.333,224.768,248.366,7.565,16.033,107.888,109.890,94.294,2.002,13.594
mp-aaacduvo,100.022,102.447,101.070,2.425,1.048,44.813,45.047,44.843,0.234,0.029
mp-aaacdvcn,122.667,192.323,206.798,69.656,84.131,71.640,26.426,16.289,45.214,55.350
mp-aaacdvco,42.667,41.046,43.058,1.621,0.391,21.757,20.784,23.404,0.973,1.647
mp-aaacdvcr,123.667,106.703,134.679,16.964,11.012,17.267,24.628,43.677,7.361,26.410
mp-aaacdvcs,15.000,24.371,15.304,9.371,0.304,7.985,12.434,7.526,4.449,0.459
mp-aaacdvct,31.333,20.376,27.909,10.957,3.424,16.565,12.624,12.805,3.941,3.759
mp-aaacdvit,90.000,42.036,94.858,47.964,4.858,54.509,39.823,56.833,14.686,2.324
mp-aaacdvmm,58.323,78.458,59.252,20.135,0.928,-26.581,-14.735,14.447,11.846,41.028
mp-aaacdvmt,54.754,69.594,60.631,14.840,5.877,37.798,21.714,32.615,16.084,5.183
mp-aaacdvmv,118.000,138.015,153.596,20.015,35.596,-0.757,5.798,45.161,6.555,45.918
mp-aaacdvmw,37.505,81.941,38.147,44.436,0.642,4.597,-8.398,5.830,12.995,1.233
mp-aaacdvna,29.203,32.131,23.345,2.928,5.858,16.499,15.305,3.705,1.194,12.794
mp-aaacdvnb,119.000,119.713,127.112,0.713,8.112,46.400,65.463,53.345,19.063,6.945
mp-aaacdvns,122.315,116.057,123.831,6.258,1.516,24.214,28.640,22.032,4.426,2.182
mp-aaacdvnt,177.333,177.526,187.624,0.193,10.290,26.639,21.651,36.478,4.988,9.839
mp-aaacdvnu,36.000,41.262,38.124,5.262,2.124,16.654,13.339,22.924,3.315,6.270
mp-aaacdvok,121.667,115.266,139.123,6.401,17.456,20.462,42.025,61.699,21.563,41.236
mp-aaacdvom,37.512,40.127,39.583,2.615,2.071,17.166,21.866,24.389,4.700,7.223
mp-aaacdvqt,29.667,33.570,34.719,3.903,5.053,5.221,6.790,13.500,1.569,8.279
mp-aaacdvqu,122.000,68.686,115.890,53.314,6.110,47.182,37.159,28.848,10.023,18.334
mp-aaacdvqv,54.333,62.169,58.617,7.836,4.284,1.785,25.157,29.636,23.372,27.851
mp-aaacdvrs,99.914,127.539,114.663,27.625,14.749,-18.002,-75.121,41.569,57.119,59.571
mp-aaacdvsv,268.333,216.486,265.992,51.847,2.341,126.097,107.867,119.339,18.230,6.757
mp-aaacdvsx,98.333,58.809,99.484,39.524,1.151,43.509,61.760,50.951,18.251,7.442
mp-aaacdvtf,54.997,59.469,57.187,4.472,2.191,32.206,29.245,32.253,2.961,0.046
mp-aaacdvtg,112.333,73.822,126.060,38.511,13.726,44.245,52.258,54.945,8.013,10.699
mp-aaacdvti,13.000,29.665,14.592,16.665,1.592,6.744,6.995,7.647,0.251,0.903
mp-aaacdvtj,65.333,58.543,68.083,6.790,2.750,27.949,28.261,24.809,0.312,3.140
mp-aaacdvtn,56.991,67.593,51.874,10.602,5.116,1.274,14.588,7.131,13.314,5.858
mp-aaacdvto,258.667,287.580,265.199,28.913,6.532,85.641,90.936,108.515,5.295,22.873
mp-aaacdvtp,67.826,96.049,79.671,28.223,11.845,45.649,37.248,55.696,8.401,10.047
mp-aaacdvtq,141.667,102.149,142.033,39.518,0.367,20.532,31.686,25.850,11.154,5.318
mp-aaacdvtu,49.333,63.080,53.975,13.747,4.642,1.000,7.796,3.464,6.796,2.464
mp-aaacdvtv,103.923,89.951,95.162,13.972,8.761,8.225,18.342,6.956,10.117,1.268
mp-aaacdvtx,82.667,79.332,84.285,3.335,1.619,33.129,28.526,34.791,4.603,1.662
mp-aaacdvub,30.667,38.327,34.625,7.660,3.958,18.529,20.316,19.716,1.787,1.188
mp-aaacdvwk,73.478,84.622,72.961,11.144,0.517,28.438,19.418,29.706,9.020,1.267
mp-aaacdvze,65.000,60.870,65.335,4.130,0.335,12.702,19.516,22.378,6.814,9.676
mp-aaacdvzv,83.056,61.385,91.455,21.671,8.400,42.714,40.868,55.661,1.846,12.948
mp-aaacdvzw,53.333,49.433,57.203,3.900,3.870,14.666,16.051,18.432,1.385,3.767
mp-aaacdvzy,74.000,60.183,70.521,13.817,3.479,8.514,16.461,35.480,7.947,26.966
mp-aaacdwhn,35.383,39.116,38.000,3.733,2.617,17.283,25.224,23.042,7.941,5.760
mp-aaacdwhp,104.220,101.571,107.360,2.649,3.140,34.266,43.215,27.751,8.949,6.515
mp-aaacdwor,73.000,83.517,81.861,10.517,8.861,14.377,27.817,20.642,13.440,6.265
mp-aaacdwot,17.424,24.167,15.906,6.743,1.518,8.664,2.518,7.968,6.146,0.696
mp-aaacdwrk,82.995,78.095,82.631,4.900,0.364,29.994,25.702,32.689,4.292,2.695
mp-aaacdwro,41.848,44.381,48.665,2.533,6.817,-9.227,-10.123,4.628,0.896,13.855
mp-aaacdwrp,54.333,51.367,49.576,2.966,4.757,19.547,24.198,13.644,4.651,5.902
mp-aaacdwrq,50.333,52.369,51.337,2.036,1.004,17.373,17.127,19.507,0.246,2.134
mp-aaacdwrv,38.000,36.186,37.095,1.814,0.905,23.149,20.645,19.163,2.504,3.987
mp-aaacdwrx,51.667,52.932,51.981,1.265,0.314,17.236,9.641,17.833,7.595,0.597
mp-aaacdwsu,86.667,62.936,96.866,23.731,10.199,65.132,52.042,58.554,13.090,6.578
mp-aaacdwtc,178.667,129.588,179.157,49.079,0.490,103.770,75.146,94.730,28.624,9.040
mp-aaacdwty,270.258,269.674,254.978,0.584,15.280,116.517,123.596,91.387,7.079,25.131
mp-aaacdwyt,22.538,28.312,26.931,5.774,4.394,8.025,8.758,15.439,0.733,7.414
mp-aaacdxar,133.000,96.888,130.827,36.112,2.173,48.538,75.124,40.841,26.586,7.697
mp-aaacdxas,84.333,97.459,103.073,13.126,18.740,-7.200,4.289,7.642,11.489,14.842
mp-aaacdxbh,44.595,22.933,37.686,21.662,6.909,17.882,11.468,-2.359,6.414,20.242
mp-aaacdxfm,7.667,-4.790,8.906,12.457,1.240,3.893,6.466,3.799,2.573,0.094
mp-aaacdxfx,67.551,64.039,68.973,3.512,1.422,23.147,25.326,19.918,2.179,3.229
mp-aaacdxgb,72.565,59.951,62.709,12.614,9.856,44.854,32.034,25.324,12.820,19.529
mp-aaacdxgd,56.000,45.514,56.260,10.486,0.260,20.893,15.731,20.749,5.162,0.144
mp-aaacdxge,43.000,46.401,43.193,3.401,0.193,20.817,22.933,22.797,2.116,1.980
mp-aaacdxgj,57.333,56.043,59.652,1.290,2.318,21.267,13.750,20.714,7.517,0.553
mp-aaacdxkx,97.885,86.898,103.202,10.987,5.317,48.635,39.052,50.427,9.583,1.793
mp-aaacdxmr,70.080,77.059,76.153,6.979,6.073,40.928,32.308,37.670,8.620,3.258
mp-aaacdxms,142.333,176.386,154.023,34.053,11.689,63.929,43.894,94.028,20.035,30.100
mp-aaacdxod,18.667,30.137,24.009,11.470,5.342,3.742,-3.079,9.570,6.821,5.828
mp-aaacdxoe,44.887,57.685,39.043,12.798,5.844,28.284,23.376,20.893,4.908,7.391
mp-aaacdxov,55.333,46.616,53.506,8.717,1.827,19.716,11.441,16.062,8.275,3.654
mp-aaacdxpt,11.211,10.508,13.721,0.703,2.509,4.988,13.171,6.750,8.183,1.762
mp-aaacdxqu,6.667,43.351,10.605,36.684,3.939,2.736,0.077,1.225,2.659,1.512
mp-aaacdxqv,6.333,40.383,10.894,34.050,4.561,3.029,0.094,0.483,2.935,2.545
mp-aaacdxqw,116.333,96.499,123.716,19.834,7.383,61.812,56.183,57.392,5.629,4.420
mp-aaacdxqx,136.000,124.832,137.483,11.168,1.483,67.218,100.840,53.604,33.622,13.614
mp-aaacdxtc,54.000,51.755,58.487,2.245,4.487,14.163,16.201,18.514,2.038,4.351
mp-aaacdxtd,238.000,193.166,240.658,44.834,2.658,106.399,99.810,100.791,6.589,5.608
mp-aaacdxtm,266.075,263.926,263.734,2.149,2.341,131.594,151.553,125.759,19.959,5.834
mp-aaacdxtr,111.333,92.299,120.613,19.034,9.280,58.770,50.970,46.286,7.800,12.484
mp-aaacdxuy,87.333,79.558,88.643,7.775,1.310,24.799,18.232,28.271,6.567,3.473
mp-aaacdxuz,11.667,11.646,15.337,0.021,3.670,5.028,13.779,6.058,8.751,1.031
mp-aaacdxvf,118.367,63.080,90.797,55.287,27.569,64.041,68.678,37.069,4.637,26.972
mp-aaacdxvg,5.000,36.391,11.189,31.391,6.189,2.700,1.103,6.865,1.597,4.165
mp-aaacdxyr,60.667,57.134,61.800,3.533,1.134,34.918,22.241,30.448,12.677,4.470
mp-aaacdxys,214.667,216.454,207.453,1.787,7.214,82.624,84.124,16.399,1.500,66.225
mp-aaacdxyv,11.333,10.985,14.942,0.348,3.608,3.681,6.094,6.817,2.413,3.135
mp-aaacdxzh,40.333,29.844,35.120,10.489,5.213,3.744,16.981,18.249,13.237,14.505
mp-aaacdycs,105.667,85.235,109.365,20.432,3.699,34.656,42.118,34.827,7.462,0.171
mp-aaacdyct,112.000,103.788,117.666,8.212,5.666,16.329,12.277,32.884,4.052,16.555
mp-aaacdycz,20.398,39.025,29.642,18.627,9.244,9.487,12.667,19.446,3.180,9.959
mp-aaacdygd,58.333,47.738,57.268,10.595,1.065,17.548,17.271,14.994,0.277,2.554
mp-aaacdyil,121.000,92.467,115.427,28.533,5.573,33.543,27.986,22.087,5.557,11.457
mp-aaacdyio,63.333,61.320,65.455,2.013,2.121,32.065,33.037,30.876,0.972,1.189
mp-aaacdyjo,-25.660,75.977,19.785,101.637,45.445,-30.440,-60.608,10.712,30.168,41.153
mp-aaacdyjq,75.667,72.938,74.778,2.729,0.888,26.181,18.462,25.996,7.719,0.185
mp-aaacdymn,75.000,70.726,73.719,4.274,1.281,24.000,19.626,23.146,4.374,0.854
mp-aaacdymo,65.000,93.332,61.988,28.332,3.012,28.111,11.366,26.367,16.745,1.744
mp-aaacdymu,88.000,85.906,77.783,2.094,10.217,28.762,24.540,19.078,4.222,9.684
mp-aaacdymv,43.333,64.994,52.688,21.661,9.355,3.462,14.951,15.478,11.489,12.015
mp-aaacdyrm,172.333,170.593,187.841,1.740,15.508,93.081,87.257,103.339,5.824,10.258
mp-aaacdysq,4.333,12.371,5.111,8.038,0.778,1.155,0.206,1.290,0.949,0.136
mp-aaacdyto,62.333,90.760,77.629,28.427,15.295,-19.595,-17.393,3.282,2.202,22.877
mp-aaacdyub,50.667,36.627,44.457,14.040,6.209,26.199,36.300,26.712,10.101,0.513
mp-aaacdyud,61.000,45.098,61.259,15.902,0.259,18.074,18.698,18.270,0.624,0.196
mp-aaacdyue,55.667,51.737,29.433,3.930,26.234,21.664,13.642,10.674,8.022,10.991
mp-aaacdyug,175.667,159.886,166.846,15.781,8.821,5.993,17.550,14.229,11.557,8.236
mp-aaacdyvj,101.460,98.676,97.772,2.784,3.688,45.488,36.289,47.693,9.199,2.205
mp-aaacdywv,93.333,64.873,108.125,28.460,14.791,38.292,32.463,62.011,5.829,23.719
mp-aaacdyxh,12.076,15.030,12.027,2.954,0.049,5.961,14.446,4.540,8.485,1.421
mp-aaacdyyl,141.000,110.516,136.631,30.484,4.369,30.744,25.971,30.406,4.773,0.337
mp-aaacdyzb,94.000,83.000,95.620,11.000,1.620,33.555,25.823,34.142,7.732,0.587
mp-aaacdyzc,51.000,48.547,51.248,2.453,0.248,20.232,21.813,22.117,1.581,1.885
mp-aaacdyzk,164.667,126.452,156.851,38.215,7.815,78.346,32.777,86.019,45.569,7.674
mp-aaacdyzl,85.993,64.999,81.959,20.994,4.034,49.323,43.538,31.337,5.785,17.987
mp-aaacdyzm,43.333,38.356,38.574,4.977,4.760,8.089,22.782,18.818,14.693,10.730
mp-aaacdyzn,22.885,46.368,21.609,23.483,1.276,13.234,13.556,13.329,0.322,0.095
mp-aaacdzad,68.667,64.551,71.475,4.116,2.809,33.914,30.979,36.402,2.935,2.488
mp-aaacdzae,50.000,63.541,49.435,13.541,0.565,10.197,13.701,30.300,3.504,20.102
mp-aaacdzaf,78.333,100.168,74.616,21.835,3.717,33.799,41.090,45.021,7.291,11.222
mp-aaacdzag,50.000,61.007,48.764,11.007,1.236,16.569,23.607,17.250,7.038,0.682
mp-aaacdzah,54.333,71.246,50.323,16.913,4.010,13.831,22.294,20.315,8.463,6.484
mp-aaacdzak,151.667,173.721,162.340,22.054,10.673,100.168,102.574,92.576,2.406,7.592
mp-aaacdzao,62.000,88.938,82.143,26.938,20.143,6.075,22.157,35.653,16.082,29.578
mp-aaacdzaw,91.333,86.970,103.541,4.363,12.208,-19.434,20.135,22.530,39.569,41.964
mp-aaacdzax,75.774,90.285,70.624,14.511,5.150,34.846,39.401,33.994,4.555,0.852
mp-aaacdzay,56.667,63.287,59.527,6.620,2.860,18.939,-20.815,34.059,39.754,15.121
mp-aaacdzmq,77.667,71.173,74.585,6.494,3.082,35.189,27.895,28.843,7.294,6.346
mp-aaacdzsc,73.122,85.775,76.951,12.653,3.828,26.438,37.081,38.304,10.643,11.866
mp-aaacdzsd,96.333,100.172,128.802,3.839,32.468,-7.270,33.440,52.717,40.710,59.987
mp-aaacdzue,108.333,121.793,112.613,13.460,4.280,35.000,32.601,35.380,2.399,0.380
mp-aaacdzzk,40.333,20.266,50.381,20.067,10.048,10.365,20.696,25.723,10.331,15.358
mp-aaaceadr,96.567,73.428,101.604,23.139,5.037,20.737,21.122,31.702,0.385,10.965
mp-aaaceads,203.000,178.386,207.348,24.614,4.348,110.844,116.488,106.294,5.644,4.549
mp-aaaceadx,37.667,48.023,38.448,10.356,0.782,32.888,10.606,16.828,22.282,16.060
mp-aaaceady,106.108,136.558,104.283,30.450,1.824,-2.964,1.972,43.097,4.936,46.060
mp-aaaceakh,9.667,33.766,9.608,24.099,0.059,5.150,3.459,1.801,1.691,3.349
mp-aaacealc,95.667,119.110,91.504,23.443,4.163,36.119,38.109,30.900,1.990,5.219
mp-aaacealj,44.333,48.509,44.044,4.176,0.290,7.625,15.854,18.247,8.229,10.622
mp-aaaceall,286.000,238.022,325.146,47.978,39.146,60.229,63.773,111.944,3.544,51.715
mp-aaacealm,205.667,154.906,211.876,50.761,6.209,44.752,86.638,56.488,41.886,11.736
mp-aaaceaoh,64.000,44.770,63.087,19.230,0.913,27.708,27.474,26.532,0.234,1.176
mp-aaaceaoi,195.667,141.517,201.618,54.150,5.951,59.597,92.792,61.976,33.195,2.379
mp-aaacearb,10.750,14.321,14.328,3.571,3.578,4.982,7.561,8.913,2.579,3.932
mp-aaaceare,51.333,48.279,57.680,3.054,6.346,30.871,28.308,29.100,2.563,1.771
mp-aaacearh,181.004,241.695,192.748,60.691,11.744,33.051,27.526,63.325,5.525,30.274
mp-aaacearn,221.000,201.784,197.476,19.216,23.524,72.192,5.673,142.400,66.519,70.207
mp-aaacearq,46.678,70.309,50.511,23.631,3.833,13.952,17.979,16.554,4.027,2.602
mp-aaacearu,132.100,133.402,131.710,1.302,0.390,125.906,113.324,122.662,12.582,3.244
mp-aaacearv,103.000,70.448,97.765,32.552,5.235,38.675,9.204,33.907,29.471,4.768
mp-aaacearx,189.667,171.311,184.603,18.356,5.064,98.919,106.528,70.142,7.609,28.777
mp-aaaceary,168.000,123.227,186.148,44.773,18.148,-6.673,-19.330,52.770,12.657,59.443
mp-aaacease,274.016,273.911,301.472,0.105,27.456,97.130,100.830,150.932,3.700,53.802
mp-aaaceasf,79.333,64.940,82.726,14.393,3.393,49.371,47.039,51.649,2.332,2.278
mp-aaaceasu,23.679,-3.866,22.894,27.545,0.785,8.561,13.968,12.378,5.407,3.817
mp-aaaceate,40.145,38.304,35.111,1.841,5.035,24.831,21.885,20.126,2.946,4.706
mp-aaaceatp,15.410,44.604,22.827,29.194,7.417,-2.354,7.966,16.165,10.320,18.520
mp-aaaceatr,57.333,48.860,57.922,8.473,0.588,22.129,20.022,21.054,2.107,1.076
mp-aaaceatw,34.185,39.948,45.326,5.763,11.140,19.261,37.388,21.843,18.127,2.581
mp-aaaceauj,34.333,27.720,34.438,6.613,0.105,17.548,20.204,20.694,2.656,3.146
mp-aaaceaup,45.333,39.554,46.432,5.779,1.098,24.363,21.568,20.654,2.795,3.709
mp-aaaceauu,37.551,46.298,48.276,8.747,10.725,24.678,25.587,30.907,0.909,6.228
mp-aaaceaxt,120.451,131.030,116.900,10.579,3.551,55.479,70.673,72.876,15.194,17.398
mp-aaaceaxw,103.869,85.446,109.978,18.423,6.109,37.240,45.003,52.702,7.763,15.463
mp-aaacebex,25.109,36.487,27.984,11.378,2.875,12.919,12.419,17.993,0.500,5.074
mp-aaacebni,113.808,105.963,118.196,7.845,4.388,33.871,31.188,40.452,2.683,6.582
mp-aaacebnk,147.123,116.096,149.341,31.027,2.218,47.189,51.351,49.553,4.162,2.364
mp-aaacebnl,44.209,38.001,52.458,6.208,8.250,15.672,5.179,14.358,10.493,1.314
mp-aaacebnm,83.333,83.590,84.751,0.257,1.418,17.850,26.818,22.393,8.968,4.543
mp-aaacebnn,82.667,77.707,50.322,4.960,32.345,10.994,14.193,10.357,3.199,0.637
mp-aaacebnp,63.333,47.051,62.596,16.282,0.737,11.000,41.805,9.940,30.805,1.060
mp-aaacebnr,121.380,124.120,126.085,2.740,4.705,16.663,19.191,27.343,2.528,10.680
mp-aaacebnz,90.391,87.861,92.539,2.530,2.149,81.170,44.170,26.560,37.000,54.610
mp-aaaceboa,105.191,106.578,116.008,1.387,10.817,33.618,29.959,32.261,3.659,1.357
mp-aaacebod,102.205,122.947,108.521,20.742,6.316,14.295,14.693,43.001,0.398,28.705
mp-aaaceboe,37.333,25.251,34.301,12.082,3.032,20.872,27.437,18.867,6.565,2.005
mp-aaacebog,25.554,66.168,27.089,40.614,1.534,14.460,16.486,8.858,2.026,5.601
mp-aaaceboh,32.322,50.345,42.164,18.023,9.842,18.173,9.992,22.040,8.181,3.868
mp-aaacebtm,76.667,49.070,48.981,27.597,27.686,16.021,19.381,3.442,3.360,12.579
mp-aaacebtn,57.054,45.028,64.892,12.026,7.838,33.413,28.630,40.507,4.783,7.094
mp-aaacebtr,79.667,78.263,86.881,1.404,7.215,23.204,25.456,18.556,2.252,4.648
mp-aaacebty,38.000,28.580,36.412,9.420,1.588,17.400,10.114,14.806,7.286,2.594
mp-aaacebxv,31.020,26.155,37.195,4.865,6.176,20.464,17.780,19.301,2.684,1.163
mp-aaacebxy,26.293,67.655,26.365,41.362,0.072,15.083,12.793,9.994,2.290,5.089
mp-aaacebyw,90.391,134.773,106.420,44.382,16.029,5.104,9.414,45.241,4.310,40.137
mp-aaacebyx,147.775,172.337,126.566,24.562,21.209,50.608,50.660,54.916,0.052,4.308
mp-aaacebzb,22.432,34.700,22.109,12.268,0.324,11.596,10.513,11.128,1.083,0.468
mp-aaacebzc,22.667,28.693,22.635,6.026,0.031,6.322,10.128,9.619,3.806,3.297
mp-aaacebzd,51.333,71.137,48.417,19.804,2.916,38.201,36.070,31.057,2.131,7.144
mp-aaacebze,31.667,37.122,36.139,5.455,4.473,21.967,21.000,24.031,0.967,2.064
mp-aaacebzg,41.000,131.975,68.171,90.975,27.171,90.055,74.482,29.000,15.573,61.055
mp-aaacebzj,27.667,16.671,32.769,10.996,5.102,-11.985,9.380,14.441,21.365,26.427
mp-aaacebzk,27.667,19.864,31.906,7.803,4.239,-20.031,9.611,14.156,29.642,34.187
mp-aaacecgs,17.993,68.483,11.958,50.490,6.035,16.709,16.286,27.950,0.423,11.241
mp-aaacechp,94.047,97.623,99.108,3.576,5.061,33.517,35.432,42.752,1.915,9.235
mp-aaacechq,96.667,109.080,101.411,12.413,4.744,59.571,57.879,65.200,1.692,5.629
mp-aaacecij,63.911,101.000,82.382,37.089,18.471,70.207,60.648,45.327,9.559,24.880
mp-aaacecim,67.278,63.513,64.738,3.765,2.540,19.755,17.815,18.415,1.940,1.340
mp-aaacecin,14.161,20.449,30.599,6.288,16.439,12.276,17.329,15.451,5.053,3.176
mp-aaacecip,16.937,35.269,18.468,18.332,1.530,12.815,13.684,6.400,0.869,6.415
mp-aaacedqq,51.000,74.091,52.039,23.091,1.039,22.697,34.436,29.241,11.739,6.543
mp-aaacegyd,59.149,75.022,52.932,15.873,6.217,19.960,52.946,26.291,32.986,6.331
mp-aaacehhw,39.435,61.145,49.441,21.710,10.006,18.572,24.222,22.167,5.650,3.595
mp-aaacehhx,18.539,31.370,40.517,12.831,21.977,18.188,16.253,17.313,1.935,0.875
mp-aaacehpk,18.000,12.123,20.528,5.877,2.528,16.041,9.942,8.612,6.099,7.429
mp-aaacehpv,42.333,36.422,45.134,5.911,2.801,17.620,26.801,33.445,9.181,15.826
mp-aaacehpy,31.667,44.547,33.288,12.880,1.622,11.344,18.248,21.860,6.904,10.516
mp-aaacehqa,40.333,23.886,42.461,16.447,2.128,13.812,23.357,27.211,9.544,13.398
mp-aaacehqb,16.333,6.695,15.199,9.638,1.134,8.907,6.755,8.808,2.152,0.099
mp-aaacehtw,59.000,83.370,65.795,24.370,6.795,30.539,32.026,34.736,1.487,4.197
mp-aaacehue,22.667,44.060,27.858,21.393,5.191,10.452,16.599,12.004,6.147,1.552
mp-aaacehuf,99.992,150.079,119.474,50.087,19.482,46.515,53.176,58.346,6.661,11.831
mp-aaacehug,17.333,44.341,19.646,27.008,2.312,9.573,8.329,9.410,1.244,0.163
mp-aaacehui,15.000,25.176,23.607,10.176,8.607,5.159,7.208,9.028,2.049,3.869
mp-aaacehuk,17.667,34.050,21.083,16.383,3.416,-2.231,8.150,6.249,10.381,8.480
mp-aaacehun,13.000,24.868,21.872,11.868,8.872,9.675,8.984,9.840,0.691,0.165
mp-aaacehup,36.333,11.749,45.774,24.584,9.441,19.327,18.244,25.831,1.083,6.504
mp-aaacehuq,168.365,206.285,153.046,37.920,15.320,56.460,68.131,52.168,11.671,4.292
mp-aaacehut,36.000,41.459,44.414,5.459,8.414,18.171,13.214,18.323,4.957,0.152
mp-aaacehuu,23.667,25.029,24.792,1.362,1.126,14.437,10.030,15.017,4.407,0.580
mp-aaacehuv,16.333,39.856,10.581,23.523,5.753,-17.598,7.257,5.273,24.855,22.871
mp-aaacehuw,101.004,141.945,113.723,40.941,12.719,42.179,36.892,56.908,5.287,14.728
mp-aaacehuy,32.667,-9.968,31.541,42.635,1.126,-7.568,16.411,10.970,23.979,18.538
mp-aaacehuz,39.667,30.575,37.959,9.092,1.707,17.494,12.530,8.816,4.964,8.678
mp-aaacehvb,23.333,19.448,24.472,3.885,1.139,15.168,10.773,14.752,4.395,0.416
mp-aaacehvc,38.333,48.692,44.508,10.359,6.174,-11.962,8.143,15.439,20.105,27.401
mp-aaacehvd,31.333,-0.579,29.391,31.912,1.942,10.830,12.827,11.757,1.997,0.927
mp-aaacehve,27.667,-15.617,24.251,43.284,3.416,10.600,14.381,8.755,3.781,1.845
mp-aaacehvf,23.333,20.851,21.076,2.482,2.258,14.743,10.756,12.592,3.987,2.151
mp-aaacehvg,43.667,28.297,44.101,15.370,0.435,28.241,30.568,33.043,2.327,4.802
mp-aaacehvh,33.333,-14.145,34.202,47.478,0.869,17.332,21.479,14.992,4.147,2.339
mp-aaacehvi,22.333,67.718,24.618,45.385,2.285,11.207,19.874,14.580,8.667,3.373
mp-aaacehvk,11.333,7.301,13.211,4.032,1.877,0.071,7.279,1.060,7.208,0.988
mp-aaacehvl,18.333,35.691,19.150,17.358,0.817,9.275,10.117,8.536,0.842,0.739
mp-aaacehvo,35.000,-11.543,35.334,46.543,0.334,17.654,21.142,16.582,3.488,1.072
mp-aaacehvr,41.667,35.117,52.314,6.550,10.647,13.060,16.434,16.948,3.374,3.888
mp-aaacehvt,22.333,16.347,21.740,5.986,0.593,15.798,12.353,11.370,3.445,4.429
mp-aaacehvu,135.597,146.900,126.056,11.303,9.541,49.322,56.130,53.891,6.808,4.569
mp-aaacehvv,37.333,32.612,37.061,4.721,0.272,-2.500,16.819,13.293,19.319,15.793
mp-aaacehwa,17.000,15.945,21.342,1.055,4.342,10.100,16.330,11.994,6.230,1.894
mp-aaacehwb,42.333,45.415,39.315,3.082,3.018,18.198,17.657,9.694,0.541,8.505
mp-aaacehwc,33.000,12.308,44.088,20.692,11.088,8.908,21.455,15.645,12.547,6.737
mp-aaacehwd,17.667,30.462,17.671,12.795,0.005,8.992,8.337,8.063,0.655,0.929
mp-aaacehwe,242.667,236.750,244.887,5.917,2.220,92.551,81.991,100.217,10.560,7.666
mp-aaacehwg,37.667,0.454,35.527,37.213,2.140,10.431,18.820,16.112,8.389,5.681
mp-aaacehwi,31.000,26.107,36.618,4.893,5.618,13.162,15.424,10.588,2.261,2.574
mp-aaacehwk,23.000,51.360,18.286,28.360,4.714,11.535,8.833,10.117,2.702,1.418
mp-aaacehwn,18.333,0.699,21.062,17.634,2.728,8.088,12.289,8.615,4.201,0.528
mp-aaacehwp,23.333,15.718,22.817,7.615,0.516,15.198,11.424,12.099,3.774,3.099
mp-aaacehwq,164.830,212.075,161.161,47.245,3.669,35.579,33.742,75.975,1.837,40.396
mp-aaacehws,38.667,-1.270,37.237,39.937,1.430,20.688,22.082,19.079,1.394,1.609
mp-aaacehwt,20.000,12.599,16.870,7.401,3.130,10.151,10.849,5.816,0.698,4.335
mp-aaacehwu,34.667,30.550,34.507,4.117,0.160,17.139,11.743,15.945,5.396,1.194
mp-aaacehwx,20.667,3.047,19.901,17.620,0.766,10.140,11.044,8.462,0.904,1.679
mp-aaacehwz,26.333,-3.203,24.457,29.536,1.877,13.661,12.582,11.158,1.079,2.503
mp-aaacehxa,85.006,103.130,79.023,18.124,5.983,22.984,31.296,39.186,8.312,16.202
mp-aaacehxb,17.667,40.039,22.477,22.372,4.810,-4.647,6.048,7.470,10.695,12.117
mp-aaacehxe,45.667,24.599,48.582,21.068,2.915,38.040,34.690,36.034,3.350,2.006
mp-aaacehxg,37.333,31.250,35.545,6.083,1.789,29.549,27.911,26.054,1.638,3.495
mp-aaacehxt,28.667,0.765,26.576,27.902,2.091,9.849,12.944,12.768,3.095,2.919
mp-aaacehxw,18.333,31.013,18.550,12.680,0.216,10.268,8.992,6.507,1.276,3.760
mp-aaacehxx,144.713,188.786,148.423,44.073,3.710,69.422,43.364,86.574,26.058,17.153
mp-aaacehyb,178.951,223.876,166.849,44.925,12.102,62.443,78.504,62.343,16.061,0.100
mp-aaacehyx,106.415,143.335,118.659,36.920,12.244,46.625,49.003,50.691,2.378,4.066
mp-aaacehze,23.667,30.645,27.786,6.978,4.119,15.436,11.306,15.472,4.130,0.036
mp-aaacehzg,16.000,47.193,16.919,31.193,0.919,4.500,9.592,8.481,5.092,3.981
mp-aaaceibf,132.257,181.028,137.647,48.771,5.390,67.840,58.821,66.796,9.019,1.043
mp-aaaceipw,246.022,123.369,193.320,122.653,52.702,160.771,129.862,127.144,30.909,33.627
mp-aaaceiqe,13.536,24.350,15.339,10.814,1.803,6.970,5.994,3.709,0.976,3.261
mp-aaacejdm,75.400,107.240,76.438,31.840,1.038,44.590,59.787,39.804,15.197,4.786
mp-aaacejdw,80.905,105.830,80.900,24.925,0.005,50.947,52.196,57.372,1.249,6.424
mp-aaacekzk,30.333,59.727,32.486,29.394,2.153,19.857,24.303,18.798,4.446,1.060
mp-aaaceqby,24.126,70.392,24.118,46.266,0.008,14.758,23.953,14.080,9.195,0.678
mp-aaaceqcx,33.567,58.747,31.350,25.180,2.218,0.920,-1.390,6.114,2.310,5.194
mp-aaaceqeu,148.192,201.555,211.264,53.363,63.072,-23.457,-32.754,92.575,9.297,116.032
mp-aaaceqev,12.426,98.026,10.476,85.600,1.950,0.230,10.388,5.319,10.158,5.089
mp-aaacerpx,200.506,181.332,212.446,19.174,11.939,134.770,134.188,151.347,0.582,16.577
mp-aaacerpy,169.767,160.371,180.448,9.396,10.681,112.550,118.019,115.957,5.469,3.407
mp-aaacestw,270.092,287.900,255.837,17.808,14.255,107.081,126.458,91.848,19.377,15.233
mp-aaacestx,12.667,20.197,16.974,7.530,4.307,-0.185,4.052,8.415,4.237,8.600
mp-aaacesua,15.000,22.253,14.585,7.253,0.415,4.500,5.511,8.297,1.011,3.797
mp-aaacesuk,171.989,122.519,167.914,49.470,4.075,33.720,28.994,39.954,4.726,6.234
mp-aaacesuq,19.636,47.250,17.298,27.614,2.338,8.477,14.950,-6.010,6.473,14.486
mp-aaacesur,57.571,106.788,60.514,49.217,2.943,17.323,24.539,14.309,7.216,3.015
mp-aaacesuu,111.741,114.816,102.722,3.075,9.020,32.838,28.650,29.631,4.188,3.207
mp-aaacesuv,88.536,70.288,76.726,18.248,11.810,18.874,10.207,7.043,8.667,11.831
mp-aaacesvb,155.377,109.650,156.716,45.727,1.339,28.458,29.103,-2.943,0.645,31.401
mp-aaacesvd,46.108,61.560,58.050,15.452,11.942,15.030,21.568,22.323,6.538,7.293
mp-aaacesvf,112.175,104.611,111.130,7.564,1.045,14.831,26.433,25.801,11.602,10.970
mp-aaacesvj,67.391,85.143,67.488,17.752,0.097,27.849,28.356,30.847,0.507,2.998
mp-aaacesvk,91.941,105.146,137.007,13.205,45.067,46.602,20.908,28.268,25.694,18.334
mp-aaacesvl,88.910,47.728,93.648,41.182,4.738,18.561,24.869,14.331,6.308,4.229
mp-aaacesvn,63.193,99.508,76.021,36.315,12.828,17.515,25.280,27.423,7.765,9.908
mp-aaacesvr,78.365,134.687,90.759,56.322,12.393,43.242,50.012,39.615,6.770,3.627
mp-aaacesvs,75.546,77.170,79.119,1.624,3.573,7.253,24.534,8.118,17.281,0.865
mp-aaacesvu,83.159,76.170,96.994,6.989,13.835,44.280,38.137,55.070,6.143,10.791
mp-aaacesvw,70.614,107.438,61.183,36.824,9.432,26.882,28.771,19.016,1.889,7.866
mp-aaaceswi,97.429,87.384,102.791,10.045,5.362,51.544,45.987,47.436,5.557,4.107
mp-aaaceswj,97.290,85.414,114.446,11.876,17.156,39.172,44.850,53.685,5.678,14.513
mp-aaaceswk,122.942,120.597,118.418,2.345,4.524,34.808,29.462,15.391,5.346,19.417
mp-aaaceswn,71.696,89.169,77.607,17.473,5.911,25.115,32.852,35.082,7.737,9.967
mp-aaaceswo,87.357,53.568,95.658,33.789,8.300,19.329,21.951,17.353,2.622,1.977
mp-aaaceswq,136.510,111.357,132.655,25.153,3.855,35.306,32.544,38.309,2.762,3.003
mp-aaacesxc,25.893,82.694,30.206,56.801,4.313,10.799,18.850,13.852,8.051,3.053
mp-aaacesxd,69.058,73.892,78.854,4.834,9.796,17.164,15.614,35.816,1.550,18.652
mp-aaacesxf,17.439,57.217,37.171,39.778,19.733,7.657,16.414,4.937,8.757,2.720
mp-aaacesxi,112.745,87.189,116.422,25.556,3.677,49.255,43.333,49.727,5.922,0.472
mp-aaacesxj,136.080,128.707,137.273,7.373,1.193,63.598,63.564,73.157,0.034,9.559
mp-aaacesxm,76.454,95.939,93.104,19.485,16.650,34.393,38.820,39.221,4.427,4.828
mp-aaacesxp,113.947,90.868,104.046,23.079,9.901,28.762,22.329,17.238,6.433,11.525
mp-aaacesxt,48.585,76.757,101.712,28.172,53.127,21.850,31.332,26.851,9.482,5.001
mp-aaacesxu,21.310,80.766,32.072,59.456,10.762,8.985,24.676,10.924,15.691,1.939
mp-aaacesyd,133.514,123.114,149.739,10.400,16.225,-47.023,5.715,22.915,52.738,69.939
mp-aaacesyg,45.455,79.703,52.150,34.248,6.695,18.983,23.711,19.966,4.728,0.983
mp-aaacesyh,72.961,74.683,64.738,1.722,8.224,21.735,20.383,9.071,1.352,12.664
mp-aaaceszi,59.169,98.858,55.745,39.689,3.424,20.277,22.839,19.687,2.562,0.590
mp-aaaceszk,40.485,62.993,50.775,22.508,10.290,18.438,19.919,19.480,1.481,1.042
mp-aaaceszl,81.054,74.546,77.018,6.508,4.036,31.208,37.818,44.175,6.610,12.966
mp-aaaceszm,79.616,62.412,84.208,17.204,4.592,34.143,34.968,42.548,0.825,8.405
mp-aaaceszu,81.068,69.987,80.385,11.081,0.683,32.912,38.482,37.028,5.570,4.116
mp-aaaceszy,154.476,120.580,158.513,33.896,4.037,40.794,26.868,37.015,13.926,3.779
mp-aaacetaa,77.820,68.158,80.231,9.662,2.411,41.601,39.856,23.752,1.745,17.849
mp-aaacetai,23.047,72.603,24.510,49.556,1.463,10.427,20.875,7.017,10.448,3.411
mp-aaacetsw,183.333,185.269,198.138,1.936,14.805,99.440,54.010,116.560,45.430,17.120
mp-aaacettw,37.333,56.669,40.548,19.336,3.215,2.215,11.088,22.048,8.873,19.833
mp-aaacetty,98.667,161.051,94.477,62.384,4.190,83.616,81.313,79.908,2.303,3.709
mp-aaacetuk,165.371,139.618,149.396,25.753,15.975,44.283,49.619,58.582,5.336,14.299
mp-aaaceuoh,38.667,82.126,46.913,43.459,8.246,17.583,24.267,19.354,6.684,1.771
mp-aaaceuqe,31.000,-16.135,30.154,47.135,0.846,13.162,11.224,9.603,1.938,3.559
mp-aaaceuul,33.667,8.010,35.180,25.657,1.513,17.250,6.979,16.224,10.271,1.026
mp-aaaceuyo,86.333,60.361,88.622,25.972,2.289,21.037,29.690,21.495,8.653,0.458
mp-aaaceuys,81.146,77.802,86.176,3.344,5.030,16.652,38.732,37.544,22.080,20.892
mp-aaacevdw,159.333,97.554,175.482,61.779,16.148,102.258,102.999,102.673,0.741,0.415
mp-aaacevps,70.667,86.986,87.255,16.319,16.589,47.608,44.038,56.370,3.570,8.761
mp-aaacevpt,28.667,7.745,26.156,20.922,2.511,-20.526,-10.835,-14.934,9.691,5.592
mp-aaacevqp,61.000,77.984,66.020,16.984,5.020,19.930,34.900,3.763,14.970,16.167
mp-aaacevqw,139.000,161.354,144.391,22.354,5.391,20.123,46.474,43.855,26.351,23.731
mp-aaacevqz,124.333,140.650,127.025,16.317,2.691,64.411,36.954,83.157,27.457,18.746
mp-aaacevra,83.000,158.090,106.292,75.090,23.292,14.423,24.746,43.477,10.323,29.054
mp-aaacevrc,120.000,129.744,144.250,9.744,24.250,-37.839,-74.655,38.628,36.816,76.467
mp-aaacevrd,62.000,53.536,62.221,8.464,0.221,-17.202,0.668,18.972,17.870,36.174
mp-aaacevrf,141.536,172.294,139.405,30.758,2.131,-17.866,36.530,101.477,54.396,119.343
mp-aaacevrg,336.053,296.924,299.793,39.129,36.260,35.181,103.370,41.323,68.189,6.142
mp-aaacevrj,259.000,384.551,257.061,125.551,1.939,68.568,71.941,65.988,3.373,2.581
mp-aaacevro,201.667,232.592,194.541,30.925,7.125,80.681,65.489,51.757,15.192,28.923
mp-aaacevrt,17.111,28.695,16.524,11.584,0.587,7.759,8.121,5.839,0.362,1.920
mp-aaacevtb,248.000,246.617,244.706,1.383,3.294,99.864,92.381,97.907,7.483,1.957
mp-aaacevtd,190.250,184.751,183.758,5.499,6.492,105.691,84.599,71.886,21.092,33.804
mp-aaacevts,193.000,175.053,184.849,17.947,8.151,113.005,97.143,89.156,15.862,23.849
mp-aaacevtt,246.667,154.208,148.533,92.459,98.134,130.808,75.857,58.053,54.951,72.755
mp-aaacevty,187.333,159.022,154.044,28.311,33.290,27.720,75.187,61.252,47.467,33.533
mp-aaacevtz,215.333,173.758,206.551,41.575,8.783,90.249,106.102,66.069,15.853,24.179
mp-aaacevub,171.000,149.365,154.714,21.635,16.286,69.000,63.421,48.556,5.579,20.444
mp-aaacevuc,187.333,171.523,186.793,15.810,0.540,52.963,79.552,56.201,26.589,3.238
mp-aaacevui,189.667,168.609,175.379,21.058,14.288,125.781,96.527,77.454,29.254,48.327
mp-aaacevuj,103.000,109.604,112.489,6.604,9.489,66.115,74.961,89.723,8.846,23.608
mp-aaacevuk,113.000,110.941,107.466,2.059,5.534,37.391,24.998,14.445,12.393,22.946
mp-aaacevuo,131.667,137.298,130.781,5.631,0.885,42.781,19.620,28.489,23.161,14.292
mp-aaacevup,123.667,131.282,123.376,7.615,0.291,38.739,18.299,21.213,20.440,17.526
mp-aaacevuq,110.000,123.640,122.123,13.640,12.123,29.965,23.942,25.180,6.023,4.785
mp-aaacevve,207.333,184.405,197.328,22.928,10.006,182.056,103.717,62.537,78.339,119.519
mp-aaacevwd,107.667,121.091,116.742,13.424,9.076,33.562,15.790,27.479,17.772,6.083
mp-aaacevwx,153.333,142.995,154.186,10.338,0.852,43.165,73.999,39.106,30.834,4.059
mp-aaacevxc,108.000,120.843,128.051,12.843,20.051,56.503,30.263,42.678,26.240,13.825
mp-aaacevxd,121.667,129.367,139.394,7.700,17.728,45.355,25.794,29.972,19.561,15.383
mp-aaacevxe,138.667,137.492,139.735,1.175,1.068,53.041,45.473,28.900,7.568,24.141
mp-aaacevxk,155.000,147.017,226.970,7.983,71.970,54.565,62.267,15.352,7.702,39.213
mp-aaacevxr,145.000,143.295,140.694,1.705,4.306,49.370,46.739,19.559,2.631,29.812
mp-aaacevxs,118.000,133.753,125.748,15.753,7.748,33.909,31.807,25.858,2.102,8.051
mp-aaacevxt,412.333,151.439,139.666,260.894,272.667,11.970,45.418,42.935,33.448,30.965
mp-aaacevxw,96.667,113.524,102.897,16.857,6.230,14.609,11.957,26.336,2.652,11.727
mp-aaacevya,36.000,116.670,117.642,80.670,81.642,43.696,39.603,20.573,4.093,23.124
mp-aaacevyd,105.667,108.803,116.276,3.136,10.609,41.847,36.858,40.218,4.989,1.629
mp-aaacevyk,278.977,236.268,262.620,42.709,16.357,108.422,101.939,114.368,6.483,5.946
mp-aaacevym,180.022,148.897,190.063,31.125,10.040,93.802,86.775,84.307,7.027,9.495
mp-aaacevyu,104.667,128.246,123.108,23.579,18.441,49.717,36.920,31.401,12.797,18.317
mp-aaacevzp,343.877,299.496,378.520,44.381,34.643,144.591,112.279,179.224,32.312,34.633
mp-aaacevzq,288.319,253.541,314.669,34.778,26.349,42.751,102.701,69.379,59.950,26.627
mp-aaacevzs,301.259,245.270,340.825,55.989,39.567,189.079,169.989,217.780,19.090,28.701
mp-aaacevzt,29.551,45.746,34.343,16.195,4.792,17.742,16.850,21.851,0.892,4.109
mp-aaacevzv,97.667,82.612,79.664,15.055,18.003,18.875,37.665,30.992,18.790,12.117
mp-aaacevzw,81.750,81.227,90.458,0.523,8.708,27.994,27.376,33.166,0.618,5.171
mp-aaacevzy,45.308,50.142,48.506,4.834,3.198,27.788,21.751,29.801,6.037,2.013
mp-aaacevzz,37.590,40.823,39.942,3.233,2.352,23.560,18.218,24.676,5.342,1.116
mp-aaacewac,76.513,95.357,82.464,18.844,5.951,27.402,31.479,30.265,4.077,2.862
mp-aaacewae,28.776,46.397,31.361,17.621,2.585,16.970,12.522,19.137,4.448,2.167
mp-aaacewaf,201.811,163.219,203.044,38.592,1.233,71.309,50.069,46.495,21.240,24.814
mp-aaacewal,18.826,57.021,28.372,38.195,9.546,12.350,13.483,14.047,1.133,1.697
mp-aaacewar,70.761,91.884,73.504,21.123,2.743,23.214,32.917,15.759,9.703,7.455
mp-aaacewch,74.667,89.143,68.449,14.476,6.218,-9.203,-1.249,14.177,7.954,23.381
mp-aaacewci,198.667,185.450,207.966,13.217,9.299,31.541,81.886,78.982,50.345,47.442
mp-aaacewcj,153.000,202.346,184.694,49.346,31.694,0.559,45.222,90.113,44.663,89.554
mp-aaacewck,151.819,118.086,158.666,33.733,6.847,90.388,76.300,89.317,14.088,1.071
mp-aaacewcm,173.692,152.529,192.941,21.163,19.249,85.486,83.848,93.136,1.638,7.650
mp-aaacewcr,146.562,253.347,155.223,106.785,8.662,3.282,34.783,39.395,31.501,36.114
mp-aaacewcs,308.415,277.006,321.244,31.409,12.829,192.435,203.167,205.298,10.732,12.863
mp-aaacewcu,81.461,88.748,68.681,7.287,12.779,46.702,54.104,36.004,7.402,10.697
mp-aaacewcv,93.667,98.845,107.749,5.178,14.082,13.206,41.654,12.851,28.448,0.355
mp-aaacewcy,82.824,82.305,73.248,0.519,9.576,67.306,56.264,43.561,11.042,23.745
mp-aaacewdb,73.000,85.842,82.486,12.842,9.486,23.511,38.250,25.332,14.739,1.821
mp-aaacewez,113.000,114.861,136.119,1.861,23.119,45.900,28.847,59.997,17.053,14.097
mp-aaacewfa,81.333,96.658,89.901,15.325,8.567,32.867,35.794,39.133,2.927,6.267
mp-aaacewfb,284.787,216.458,258.823,68.329,25.964,160.328,157.803,121.548,2.525,38.780
mp-aaacewff,273.685,375.967,265.704,102.282,7.981,89.074,15.242,90.130,73.832,1.055
mp-aaacewfg,323.713,308.785,270.666,14.928,53.046,153.082,125.432,93.711,27.650,59.371
mp-aaacewfl,24.989,37.054,24.095,12.065,0.893,14.790,12.155,12.906,2.635,1.884
mp-aaacewfq,15.109,7.067,15.090,8.042,0.019,10.865,11.368,6.673,0.503,4.192
mp-aaacewgd,143.029,117.089,160.271,25.940,17.242,68.898,68.536,77.175,0.362,8.278
mp-aaacewgk,133.667,172.203,156.429,38.536,22.762,38.327,28.860,41.135,9.467,2.808
mp-aaacewgl,53.302,110.338,78.384,57.036,25.082,19.336,43.412,47.283,24.076,27.946
mp-aaacewgm,167.667,154.594,176.659,13.073,8.992,49.239,1.826,53.035,47.413,3.796
mp-aaacewgo,159.333,137.763,169.897,21.570,10.564,46.454,41.221,53.826,5.233,7.372
mp-aaacewgt,212.549,248.355,221.567,35.806,9.018,-14.813,24.126,56.631,38.939,71.445
mp-aaacewgx,329.689,341.737,330.912,12.048,1.223,170.548,187.889,178.696,17.341,8.148
mp-aaacewgy,374.825,305.969,405.412,68.856,30.588,95.309,89.885,140.593,5.424,45.284
mp-aaacewhh,320.080,365.987,254.743,45.907,65.337,197.245,179.198,132.230,18.047,65.015
mp-aaacewhi,89.513,113.841,90.738,24.328,1.226,36.709,33.676,27.791,3.033,8.918
mp-aaacewia,73.866,76.089,73.221,2.223,0.645,25.282,22.669,24.323,2.613,0.959
mp-aaacewit,224.656,232.879,223.132,8.223,1.524,53.162,63.155,58.501,9.993,5.339
mp-aaacewiv,304.745,284.761,311.031,19.984,6.286,165.264,206.508,180.170,41.244,14.906
mp-aaacewjo,229.542,173.485,234.767,56.057,5.225,109.968,98.171,108.528,11.797,1.441
mp-aaacewjp,273.059,228.293,271.231,44.766,1.828,152.236,165.058,166.383,12.822,14.147
mp-aaacewka,236.398,196.952,244.831,39.446,8.433,97.509,153.227,93.757,55.718,3.753
mp-aaacewkb,198.000,179.731,206.593,18.269,8.593,78.852,58.330,70.461,20.522,8.391
mp-aaacewkc,226.667,235.002,218.318,8.335,8.348,83.836,59.336,96.450,24.500,12.614
mp-aaacewkh,187.333,167.319,191.465,20.014,4.132,75.354,71.690,64.193,3.664,11.161
mp-aaacewki,174.333,165.932,191.813,8.401,17.480,66.043,59.497,63.563,6.546,2.480
mp-aaacewlx,187.333,152.194,206.487,35.139,19.154,31.889,-12.552,68.890,44.441,37.001
mp-aaacewlz,183.333,177.354,185.568,5.979,2.235,22.924,67.264,52.190,44.340,29.266
mp-aaacewmb,181.803,183.024,172.062,1.221,9.741,53.954,46.576,78.894,7.378,24.939
mp-aaacewmk,35.689,41.274,40.650,5.585,4.961,21.954,16.727,21.596,5.227,0.358
mp-aaacewmp,43.058,42.942,47.403,0.116,4.345,26.395,22.864,32.150,3.531,5.755
mp-aaacewmu,51.586,41.134,58.383,10.452,6.797,31.657,23.294,34.140,8.363,2.483
mp-aaacewne,41.803,40.849,48.022,0.954,6.220,25.073,21.375,30.660,3.698,5.588
mp-aaacewnh,169.667,227.686,170.008,58.019,0.341,53.653,64.863,54.394,11.210,0.742
mp-aaacewni,38.298,41.983,41.595,3.685,3.297,24.587,18.831,27.351,5.756,2.764
mp-aaacewns,48.667,56.833,64.577,8.166,15.910,17.164,10.329,32.231,6.835,15.068
mp-aaacewnt,135.667,171.612,130.310,35.945,5.357,21.664,45.666,23.407,24.002,1.742
mp-aaacewny,45.855,49.393,46.977,3.538,1.122,28.050,20.446,27.972,7.604,0.078
mp-aaacewod,29.667,59.219,24.636,29.552,5.030,6.356,26.990,6.231,20.634,0.125
mp-aaacewoe,27.079,58.093,27.974,31.014,0.894,13.309,17.910,7.806,4.601,5.504
mp-aaacewok,274.969,213.420,275.533,61.549,0.564,137.959,142.763,146.490,4.804,8.531
mp-aaacewol,259.213,270.438,255.296,11.225,3.917,59.359,110.647,48.612,51.288,10.748
mp-aaacewoq,170.667,146.419,198.167,24.248,27.500,23.257,67.670,21.620,44.413,1.637
mp-aaacewoy,105.249,158.424,178.116,53.175,72.867,80.841,107.128,79.937,26.287,0.903
mp-aaacewpw,51.205,42.791,52.568,8.414,1.363,13.829,15.403,15.154,1.574,1.326
mp-aaacewpy,196.222,192.297,184.415,3.925,11.807,93.284,99.239,75.315,5.955,17.969
mp-aaacewqb,125.401,132.012,138.730,6.611,13.329,114.995,90.064,66.501,24.931,48.494
mp-aaacewqg,184.667,140.522,194.182,44.145,9.515,54.675,79.581,77.509,24.906,22.834
mp-aaacewqo,198.333,155.860,214.793,42.473,16.460,89.455,85.137,87.760,4.318,1.695
mp-aaacewrg,219.000,174.124,229.630,44.876,10.630,121.122,108.022,96.355,13.100,24.767
mp-aaaceyum,73.667,45.784,67.183,27.883,6.483,32.315,29.375,29.562,2.940,2.752
mp-aaaceyut,57.667,56.611,60.212,1.056,2.546,20.014,14.925,16.029,5.089,3.985
mp-aaaceyux,80.916,115.281,109.070,34.365,28.154,44.700,39.817,43.456,4.883,1.244
mp-aaacezqj,149.950,239.307,195.552,89.357,45.602,115.538,102.092,109.877,13.446,5.662
mp-aaacezre,239.000,249.616,265.158,10.616,26.158,123.655,135.605,179.989,11.950,56.334
mp-aaacezro,97.434,83.065,97.074,14.369,0.359,67.168,55.485,67.955,11.683,0.787
mp-aaacezyd,47.248,33.934,52.481,13.314,5.233,26.809,21.908,17.940,4.901,8.868
mp-aaacezye,61.138,41.734,64.860,19.404,3.722,40.203,43.800,34.167,3.597,6.035
mp-aaacezyf,188.667,145.889,198.826,42.778,10.159,-4.560,28.699,74.451,33.259,79.011
mp-aaacezyg,55.768,35.693,66.136,20.075,10.368,33.370,29.196,29.907,4.174,3.463
mp-aaacezyi,178.333,165.434,177.852,12.899,0.482,51.712,40.926,102.943,10.786,51.231
mp-aaacezyj,275.000,290.205,270.986,15.205,4.014,72.582,77.619,34.691,5.037,37.891
mp-aaacezyk,36.475,85.245,-15.255,48.770,51.729,18.422,12.176,-0.331,6.246,18.753
mp-aaacezzu,218.000,220.479,220.419,2.479,2.419,34.989,28.967,69.000,6.022,34.010
mp-aaacezzv,323.469,430.210,351.696,106.741,28.227,82.514,54.481,149.338,28.033,66.824
mp-aaacezzz,125.000,197.458,106.566,72.458,18.434,22.762,28.338,40.988,5.576,18.226
mp-aaacfaab,35.000,52.166,26.904,17.166,8.096,14.516,3.374,9.609,11.142,4.908
mp-aaacfaac,238.667,302.279,239.404,63.612,0.737,72.194,74.013,83.879,1.819,11.685
mp-aaacfaad,70.627,75.315,39.475,4.688,31.152,45.686,41.008,28.569,4.678,17.118
mp-aaacfaaf,124.333,143.147,121.152,18.814,3.181,2.429,23.834,3.549,21.405,1.120
mp-aaacfadd,56.333,72.925,56.117,16.592,0.216,-21.994,-1.958,-19.601,20.036,2.393
mp-aaacfade,85.000,89.498,87.507,4.498,2.507,24.620,36.718,32.190,12.098,7.569
mp-aaacfadg,196.000,205.203,203.503,9.203,7.503,85.876,43.589,92.140,42.287,6.264
mp-aaacfajd,20.201,33.864,16.740,13.663,3.460,11.686,9.957,9.786,1.729,1.900
mp-aaacfajp,14.483,18.185,15.700,3.702,1.216,7.976,6.985,-2.792,0.991,10.768
mp-aaacfajr,10.984,14.894,4.688,3.910,6.296,5.271,4.981,0.485,0.290,4.786
mp-aaacfakr,159.000,186.656,206.115,27.656,47.115,-11.877,56.419,32.361,68.296,44.239
mp-aaacfakw,198.333,140.611,206.064,57.722,7.731,-40.000,12.654,-34.950,52.654,5.050
mp-aaacfakz,335.667,334.459,381.381,1.208,45.714,116.593,115.399,126.774,1.194,10.181
mp-aaacfale,207.667,216.936,217.044,9.269,9.377,56.585,64.889,40.981,8.304,15.604
mp-aaacfalg,158.667,174.506,172.005,15.839,13.338,30.435,44.205,49.684,13.770,19.248
mp-aaacfals,64.145,63.902,56.137,0.243,8.008,14.419,16.651,-0.897,2.232,15.316
mp-aaacfamv,160.333,176.347,176.498,16.014,16.165,96.654,119.174,125.527,22.520,28.874
mp-aaacfanl,266.000,231.814,266.899,34.186,0.899,-45.812,-34.510,17.986,11.302,63.798
mp-aaacfann,311.333,314.066,321.939,2.733,10.606,131.123,138.282,153.672,7.159,22.549
mp-aaacfano,183.333,204.166,195.119,20.833,11.786,-12.375,-6.736,28.468,5.639,40.843
mp-aaacfanr,282.667,242.508,279.079,40.159,3.587,39.183,57.887,47.909,18.704,8.726
mp-aaacfans,303.007,244.777,300.512,58.230,2.495,177.384,169.335,188.218,8.049,10.835
mp-aaacfaol,361.667,374.481,344.511,12.814,17.156,59.682,144.350,157.193,84.668,97.510
mp-aaacfaoo,79.333,68.033,53.014,11.300,26.319,18.310,10.888,15.830,7.422,2.480
mp-aaacfaoz,70.000,56.387,103.057,13.613,33.057,43.157,47.896,67.447,4.739,24.290
mp-aaacfapa,107.000,110.979,117.000,3.979,10.000,49.060,46.590,44.146,2.470,4.913
mp-aaacfapg,225.333,239.378,265.846,14.045,40.513,-10.662,-23.192,27.279,12.530,37.941
mp-aaacfapi,33.333,85.801,58.695,52.468,25.361,0.231,-2.409,-1.135,2.640,1.366
mp-aaacfdtx,182.000,200.724,186.675,18.724,4.675,16.367,-3.355,107.293,19.722,90.926
mp-aaacfdzq,176.955,123.627,141.244,53.328,35.710,77.068,72.543,55.937,4.525,21.130
mp-aaacffsn,56.667,49.539,54.624,7.128,2.043,20.873,18.026,16.144,2.847,4.729
mp-aaacfggn,51.333,57.717,41.345,6.384,9.988,22.297,14.728,-14.610,7.569,36.908
mp-aaacfgiq,16.333,40.224,18.122,23.891,1.788,5.267,8.660,6.646,3.393,1.379
mp-aaacfgjy,32.714,54.974,31.721,22.260,0.994,22.307,23.054,13.436,0.747,8.871
mp-aaacfgna,38.642,67.613,28.680,28.971,9.962,17.394,24.185,12.546,6.791,4.848
mp-aaacfhmc,33.282,74.323,57.833,41.041,24.551,30.268,29.096,33.575,1.172,3.307
mp-aaacfhme,72.667,116.120,73.520,43.453,0.853,59.365,38.785,30.957,20.580,28.408
mp-aaacfhmg,76.333,97.362,80.554,21.029,4.221,0.662,25.021,17.605,24.359,16.944
mp-aaacfhmi,227.333,212.787,232.673,14.546,5.340,-24.739,9.013,33.247,33.752,57.986
mp-aaacfhmk,119.333,75.821,68.302,43.512,51.032,40.569,35.162,20.842,5.407,19.727
mp-aaacfhml,102.667,161.127,110.216,58.460,7.549,28.902,27.303,66.027,1.599,37.126
mp-aaacfiph,17.110,2.980,19.380,14.130,2.270,13.040,9.563,12.527,3.477,0.513
mp-aaacfiqa,179.667,153.335,168.409,26.332,11.258,81.684,60.139,68.368,21.545,13.317
mp-aaacfiqb,232.667,253.559,229.515,20.892,3.152,85.364,79.473,91.454,5.891,6.090
mp-aaacfiqe,301.123,419.275,290.638,118.152,10.485,153.888,152.711,140.075,1.177,13.813
mp-aaacfiqh,29.656,48.898,35.088,19.242,5.433,18.209,14.367,23.305,3.842,5.096
mp-aaacfiqi,143.264,134.013,155.624,9.251,12.360,47.547,32.870,60.980,14.677,13.433
mp-aaacfiqk,83.767,89.562,84.965,5.795,1.199,17.290,12.082,36.851,5.208,19.560
mp-aaacfiri,192.333,180.434,186.756,11.899,5.578,33.452,33.077,45.416,0.375,11.964
mp-aaacfirj,176.416,165.571,183.045,10.845,6.629,55.377,37.575,72.662,17.802,17.286
mp-aaacfirl,287.667,288.607,294.631,0.940,6.965,105.082,94.660,135.395,10.422,30.313
mp-aaacfisw,104.000,104.259,102.396,0.259,1.604,57.842,74.671,60.345,16.829,2.503
mp-aaacfiua,59.642,65.206,52.465,5.564,7.177,45.021,37.252,39.232,7.769,5.789
mp-aaacfiub,295.546,142.611,293.686,152.935,1.860,163.278,152.451,153.298,10.827,9.980
mp-aaacfiuk,36.333,46.543,34.421,10.210,1.912,17.548,11.508,6.787,6.040,10.761
mp-aaacfiuq,46.000,45.748,47.970,0.252,1.970,24.483,30.007,20.496,5.524,3.987
mp-aaacfius,90.000,106.487,90.218,16.487,0.218,34.800,29.612,10.992,5.188,23.808
mp-aaacfiwj,199.000,173.303,134.167,25.697,64.833,53.396,79.096,38.750,25.700,14.645
mp-aaacfiwl,246.980,211.922,250.615,35.058,3.635,173.197,148.487,190.506,24.710,17.309
mp-aaacfiwm,50.186,124.406,87.062,74.220,36.876,22.811,56.759,39.503,33.948,16.692
mp-aaacfixo,192.000,174.915,199.574,17.085,7.574,114.789,129.893,121.484,15.104,6.695
mp-aaacfixp,180.000,194.804,171.122,14.804,8.878,72.321,73.728,44.143,1.407,28.178
mp-aaacfixq,189.667,185.563,187.604,4.104,2.062,-10.042,34.256,26.987,44.298,37.029
mp-aaacfixr,193.106,205.853,191.226,12.747,1.880,95.571,89.979,90.132,5.592,5.440
mp-aaacfiyr,251.669,298.135,248.362,46.466,3.306,158.980,143.037,132.057,15.943,26.923
mp-aaacfizq,67.204,52.507,70.400,14.697,3.196,47.361,43.592,30.652,3.769,16.709
mp-aaacfizr,30.000,48.363,35.966,18.363,5.966,17.813,14.611,22.712,3.202,4.899
mp-aaacfizs,29.551,47.027,34.540,17.476,4.990,17.742,11.642,22.582,6.100,4.841
mp-aaacfjac,82.578,79.031,83.087,3.547,0.509,17.362,13.439,35.213,3.923,17.851
mp-aaacfjah,196.506,213.471,218.583,16.965,22.076,105.866,98.770,112.534,7.096,6.668
mp-aaacfjai,130.000,124.415,138.885,5.585,8.885,7.999,40.612,29.774,32.613,21.776
mp-aaacfjbt,93.333,89.219,105.896,4.114,12.563,29.489,31.991,33.735,2.502,4.247
mp-aaacfjcg,206.000,198.743,210.017,7.257,4.017,103.083,95.381,103.188,7.702,0.105
mp-aaacfjch,176.000,174.746,192.006,1.254,16.006,-28.812,26.003,33.929,54.815,62.741
mp-aaacfjlv,32.667,32.590,37.774,0.077,5.107,5.773,-2.030,9.151,7.803,3.379
mp-aaacfjlw,222.000,181.009,196.441,40.991,25.559,94.716,111.138,38.396,16.422,56.320
mp-aaacfjly,143.667,164.941,168.192,21.274,24.525,22.260,46.415,71.017,24.155,48.757
mp-aaacfjnu,274.000,175.523,294.893,98.477,20.893,145.961,156.238,164.119,10.277,18.159
mp-aaacfjnv,155.333,197.902,195.333,42.569,40.000,100.467,77.228,59.219,23.239,41.248
mp-aaacfjnx,187.333,171.607,203.331,15.726,15.997,76.366,83.873,61.323,7.507,15.043
mp-aaacfjny,240.667,233.528,229.513,7.139,11.153,82.510,30.338,45.254,52.172,37.256
mp-aaacfjnz,254.667,201.259,278.378,53.408,23.711,140.285,146.786,152.596,6.501,12.311
mp-aaacfjoa,380.333,182.487,230.683,197.846,149.651,149.809,141.326,118.812,8.483,30.998
mp-aaacfjoc,227.667,212.819,206.549,14.848,21.118,93.068,89.506,74.398,3.562,18.670
mp-aaacfjof,239.000,233.454,255.360,5.546,16.360,60.492,-8.892,24.569,69.384,35.923
mp-aaacfjqr,258.000,200.462,228.989,57.538,29.011,102.198,127.795,120.659,25.597,18.461
mp-aaacfjrs,42.000,77.704,73.294,35.704,31.294,62.230,48.463,31.743,13.767,30.487
mp-aaacfjvk,72.667,95.923,63.726,23.256,8.941,-8.887,-0.578,9.363,8.309,18.251
mp-aaacfjvv,101.332,163.981,101.201,62.649,0.131,19.390,36.428,42.002,17.038,22.611
mp-aaacfjvz,339.657,304.027,344.158,35.630,4.501,188.222,206.014,203.959,17.792,15.737
mp-aaacfjwa,89.777,95.152,96.083,5.375,6.306,25.141,38.938,26.886,13.797,1.745
mp-aaacfjwb,113.000,140.213,116.732,27.213,3.732,-17.743,-21.910,53.386,4.167,71.129
mp-aaacfjwc,34.000,-21.466,48.624,55.466,14.624,3.386,-0.719,13.927,4.105,10.541
mp-aaacfjwm,67.298,78.427,76.675,11.129,9.377,27.957,39.655,24.419,11.698,3.538
mp-aaacfjws,48.252,47.549,48.880,0.703,0.629,37.497,25.042,32.368,12.455,5.129
mp-aaacfjxk,88.664,53.759,73.449,34.905,15.215,23.677,56.031,27.533,32.354,3.856
mp-aaacfjxl,321.582,277.228,354.910,44.354,33.328,211.102,131.637,289.114,79.465,78.012
mp-aaacfjxo,146.555,133.460,137.355,13.095,9.201,141.243,138.675,93.823,2.568,47.420
mp-aaacfjxq,203.667,188.401,198.082,15.266,5.585,82.755,108.256,90.785,25.501,8.031
mp-aaacfjyo,99.333,124.518,113.260,25.185,13.927,67.081,90.628,70.422,23.547,3.341
mp-aaacfjyp,138.333,139.962,140.850,1.629,2.517,41.667,51.597,49.488,9.930,7.820
mp-aaacfjyq,183.310,167.253,215.057,16.057,31.747,111.033,112.834,135.392,1.801,24.359
mp-aaacfjyr,257.947,214.531,259.675,43.416,1.728,177.317,158.172,178.573,19.145,1.256
mp-aaacfjys,127.667,139.923,123.896,12.256,3.771,29.041,23.353,3.311,5.688,25.730
mp-aaacfjyt,162.313,135.516,148.524,26.797,13.789,162.369,163.535,141.401,1.166,20.968
mp-aaacfjyv,30.884,46.028,37.051,15.144,6.167,17.966,14.046,23.878,3.920,5.912
mp-aaacfjzc,106.221,104.142,97.944,2.079,8.277,49.379,39.723,39.761,9.656,9.619
mp-aaacfkaj,108.214,80.193,99.723,28.021,8.490,-19.022,33.809,25.322,52.831,44.343
mp-aaacfkas,172.333,235.601,173.977,63.268,1.644,29.582,3.565,31.459,26.017,1.877
mp-aaacfkaz,51.586,72.529,54.729,20.943,3.143,17.367,15.400,27.377,1.967,10.011
mp-aaacfkbh,315.395,208.829,299.881,106.566,15.514,155.460,177.439,161.435,21.979,5.975
mp-aaacfkbn,143.667,158.281,126.106,14.614,17.560,40.737,55.877,33.952,15.140,6.785
mp-aaacfkbo,218.953,178.999,231.080,39.954,12.127,99.097,127.042,116.088,27.945,16.991
mp-aaacfkbq,135.070,134.996,139.025,0.074,3.955,23.200,20.728,25.688,2.472,2.487
mp-aaacfkbr,262.667,209.341,255.693,53.326,6.974,22.025,40.280,19.032,18.255,2.993
mp-aaacfkby,197.333,177.659,203.205,19.674,5.872,100.411,76.758,72.227,23.653,28.184
mp-aaacfkcj,133.000,227.615,138.746,94.615,5.746,19.080,25.235,50.601,6.155,31.521
mp-aaacfkcz,110.667,130.213,166.155,19.546,55.489,57.009,45.537,12.486,11.472,44.523
mp-aaacfkdh,246.667,180.726,247.047,65.941,0.380,83.079,80.365,119.911,2.714,36.832
mp-aaacfkdk,151.667,152.364,149.214,0.697,2.452,59.202,60.005,42.627,0.803,16.575
mp-aaacfkdl,37.000,77.966,67.475,40.966,30.475,-43.869,-54.600,34.128,10.731,77.997
mp-aaacfkdm,59.871,87.913,68.851,28.042,8.979,31.914,26.403,31.706,5.511,0.208
mp-aaacfkds,73.000,108.818,68.026,35.818,4.974,16.955,-3.004,5.771,19.959,11.184
mp-aaacfkdt,86.000,129.190,97.006,43.190,11.006,-0.300,-8.073,2.035,7.773,2.335
mp-aaacfkeg,67.333,111.072,67.025,43.739,0.308,1.155,-12.562,8.861,13.717,7.706
mp-aaacfkfe,67.333,111.384,89.856,44.051,22.523,-6.625,-26.105,9.874,19.480,16.499
mp-aaacfkff,81.000,121.943,92.896,40.943,11.896,3.000,-5.174,-25.617,8.174,28.617
mp-aaacfkfl,62.882,82.474,69.423,19.592,6.540,-2.183,15.310,13.626,17.493,15.809
mp-aaacfkfm,93.667,71.996,125.747,21.671,32.080,-41.493,10.780,49.653,52.273,91.146
mp-aaacfkgf,65.667,115.725,81.622,50.058,15.956,-8.000,-46.912,13.839,38.912,21.839
mp-aaacfkhc,53.290,59.046,53.267,5.756,0.023,19.851,12.600,18.728,7.251,1.122
mp-aaacfkhl,284.000,197.994,285.629,86.006,1.629,186.828,46.368,171.937,140.460,14.892
mp-aaacfkhm,46.333,44.606,49.510,1.727,3.176,30.785,17.452,24.700,13.333,6.084
mp-aaacfkhy,332.845,289.346,343.983,43.499,11.138,140.667,108.870,191.905,31.797,51.238
mp-aaacfkif,348.510,191.122,327.578,157.388,20.932,205.951,188.248,194.405,17.703,11.547
mp-aaacfkig,356.745,332.279,365.251,24.466,8.505,90.902,92.409,127.445,1.507,36.544
mp-aaacfkin,34.667,62.320,28.734,27.653,5.933,-40.233,4.960,13.236,45.193,53.469
mp-aaacfkiu,222.667,274.429,236.661,51.762,13.994,1.373,15.280,35.978,13.907,34.604
mp-aaacfkja,335.000,382.728,316.281,47.728,18.719,68.143,74.947,52.074,6.804,16.069
mp-aaacfkjj,357.475,231.109,361.304,126.366,3.829,194.473,166.208,203.245,28.265,8.773
mp-aaacfkki,32.719,124.487,19.442,91.768,13.277,25.261,16.066,6.998,9.195,18.262
mp-aaacfkko,59.333,94.076,46.342,34.743,12.991,20.516,16.470,21.984,4.046,1.468
mp-aaacfkku,111.333,113.766,102.341,2.433,8.992,57.759,43.347,39.289,14.412,18.470
mp-aaacfkkv,118.333,123.365,111.299,5.032,7.034,30.165,49.263,30.048,19.098,0.116
mp-aaacfkkw,116.000,113.220,106.146,2.780,9.854,49.190,58.648,39.696,9.458,9.494
mp-aaacfkky,134.333,152.012,161.161,17.679,26.827,13.250,40.303,39.605,27.053,26.355
mp-aaacfkld,94.219,82.553,85.549,11.666,8.670,50.804,34.409,38.265,16.395,12.539
mp-aaacfklz,58.333,62.218,60.245,3.885,1.912,16.081,32.950,12.492,16.869,3.589
mp-aaacfkmh,43.000,48.762,53.443,5.762,10.443,33.555,26.646,25.007,6.909,8.548
mp-aaacfkmi,108.667,156.145,122.119,47.478,13.453,-6.911,9.191,17.755,16.102,24.665
mp-aaacfkmo,119.667,172.207,121.294,52.540,1.627,46.124,41.077,52.359,5.047,6.235
mp-aaacfkmq,174.667,158.490,166.085,16.177,8.582,10.157,29.071,42.200,18.914,32.043
mp-aaacfkms,204.000,261.844,156.394,57.844,47.606,66.909,75.022,27.469,8.113,39.441
mp-aaacfkmu,63.000,74.473,61.453,11.473,1.547,-23.262,-4.159,12.576,19.103,35.837
mp-aaacfkmv,62.935,125.069,65.233,62.134,2.298,71.385,81.254,28.507,9.869,42.878
mp-aaacfkmw,44.667,76.486,180.881,31.819,136.214,5.406,4.589,2.956,0.817,2.450
mp-aaacfkmy,39.000,27.604,28.317,11.396,10.683,15.017,6.067,7.948,8.950,7.069
mp-aaacfkmz,193.667,265.569,239.380,71.902,45.714,88.208,124.097,77.101,35.889,11.106
mp-aaacfknb,64.667,78.282,63.383,13.615,1.283,-24.672,-19.243,-17.156,5.429,7.516
mp-aaacfkoj,100.382,159.523,112.459,59.141,12.077,3.157,32.020,36.703,28.863,33.546
mp-aaacfkpe,293.667,433.462,336.950,139.795,43.283,-44.809,27.411,-8.688,72.220,36.121
mp-aaacfkpf,257.000,321.918,274.622,64.918,17.622,42.566,52.795,17.633,10.229,24.933
mp-aaacfkpr,69.667,40.469,50.585,29.198,19.081,37.731,27.783,23.273,9.948,14.458
mp-aaacfkpx,294.667,515.394,298.928,220.727,4.261,-12.484,91.854,106.313,104.338,118.797
mp-aaacfkpy,46.333,48.846,34.629,2.513,11.704,3.681,8.969,5.504,5.288,1.823
mp-aaacfkqa,54.667,59.781,47.169,5.114,7.498,33.971,12.447,20.805,21.524,13.166
mp-aaacfkqb,71.000,88.248,74.653,17.248,3.653,-5.693,7.515,50.349,13.208,56.042
mp-aaacfkqg,97.333,133.940,71.089,36.607,26.244,46.755,46.554,50.222,0.201,3.467
mp-aaacfkqj,63.667,78.850,44.776,15.183,18.891,-23.719,-19.376,8.586,4.343,32.305
mp-aaacfkql,200.333,356.453,245.472,156.120,45.139,85.072,95.282,104.297,10.210,19.226
mp-aaacfkro,42.333,70.070,39.638,27.737,2.695,67.281,13.180,20.875,54.101,46.406
mp-aaacfksr,173.667,141.012,181.622,32.655,7.955,87.157,71.416,90.951,15.741,3.794
mp-aaacfkss,297.333,351.238,298.110,53.905,0.776,71.539,103.889,77.341,32.350,5.802
mp-aaacfkst,60.333,56.823,61.739,3.510,1.406,29.079,25.604,26.107,3.475,2.972
mp-aaacfksx,55.773,69.396,57.014,13.623,1.240,27.256,5.834,34.575,21.422,7.318
mp-aaacfktb,76.111,75.530,73.174,0.581,2.937,57.931,50.086,47.177,7.845,10.754
mp-aaacfktc,69.104,64.781,63.037,4.323,6.067,51.948,40.564,35.554,11.384,16.394
mp-aaacfkup,140.000,164.419,205.266,24.419,65.266,-8.788,-16.283,18.187,7.495,26.974
mp-aaacfkur,138.937,131.508,114.872,7.429,24.065,48.737,84.154,97.591,35.417,48.854
mp-aaacfkus,259.667,172.298,238.482,87.369,21.185,47.864,80.364,43.824,32.500,4.041
mp-aaacfkut,33.333,82.831,61.388,49.498,28.055,3.867,1.239,21.440,2.628,17.573
mp-aaacfkuv,192.333,174.523,203.818,17.810,11.485,103.219,90.931,67.730,12.288,35.489
mp-aaacfkux,43.667,96.215,66.513,52.548,22.846,-5.100,17.175,18.091,22.275,23.191
mp-aaacfkxq,27.667,68.832,58.729,41.165,31.062,-47.113,8.810,-6.490,55.923,40.623
mp-aaacfkxr,58.000,53.033,86.814,4.967,28.814,-7.741,-1.930,14.267,5.811,22.009
mp-aaacfkyb,69.333,62.773,58.325,6.560,11.008,30.017,21.295,27.005,8.722,3.012
mp-aaacfkyc,240.000,230.245,235.729,9.755,4.271,40.489,62.537,51.181,22.048,10.692
mp-aaacfkye,24.333,42.278,8.266,17.945,16.067,4.015,14.954,10.378,10.939,6.362
mp-aaacfkyf,35.000,75.781,35.924,40.781,0.924,18.115,19.667,17.915,1.552,0.200
mp-aaacfkyg,35.333,55.568,35.151,20.235,0.182,10.724,10.099,9.029,0.625,1.696
mp-aaacfkyh,42.111,31.836,34.215,10.275,7.896,26.966,23.028,18.856,3.938,8.110
mp-aaacfkyw,102.714,80.204,95.665,22.510,7.049,8.795,34.368,14.135,25.573,5.340
mp-aaacfkzw,207.000,177.764,203.108,29.236,3.892,70.041,56.203,43.533,13.838,26.509
mp-aaacflhi,206.667,195.585,201.490,11.082,5.177,63.140,68.396,56.867,5.256,6.273
mp-aaacflhj,275.667,255.715,264.576,19.952,11.091,7.346,40.127,151.294,32.781,143.948
mp-aaacflhv,299.333,354.506,350.312,55.173,50.978,199.352,205.142,179.683,5.790,19.668
mp-aaacflih,337.333,450.905,242.134,113.572,95.200,17.456,13.184,88.951,4.272,71.496
mp-aaacflij,313.667,368.665,366.429,54.998,52.762,140.598,93.244,106.133,47.354,34.465
mp-aaacflim,258.333,268.816,262.721,10.483,4.387,84.794,82.439,98.119,2.355,13.324
mp-aaacflio,2.444,-42.658,1.878,45.102,0.566,1.717,-1.178,2.181,2.895,0.465
mp-aaacflir,179.667,175.292,190.408,4.375,10.742,-1.857,-44.421,99.222,42.564,101.079
mp-aaacfljc,58.624,61.118,46.179,2.494,12.446,37.435,31.763,28.960,5.672,8.474
mp-aaacflkf,215.667,225.052,221.517,9.385,5.850,47.302,53.718,51.121,6.416,3.819
mp-aaacflkj,390.000,411.995,398.465,21.995,8.465,-3.097,-5.132,46.015,2.035,49.112
mp-aaacflkk,182.000,175.653,175.114,6.347,6.886,-0.100,13.690,109.708,13.790,109.808
mp-aaacflkm,290.000,270.135,280.942,19.865,9.058,3.653,37.146,10.436,33.493,6.783
mp-aaacflkq,11.000,-31.392,11.389,42.392,0.389,4.708,8.070,4.278,3.362,0.430
mp-aaacflkr,222.333,110.224,212.834,112.109,9.499,88.420,89.435,80.946,1.015,7.474
mp-aaacflku,211.333,240.283,225.356,28.950,14.022,54.098,11.381,51.125,42.717,2.973
mp-aaacflmc,256.333,168.041,231.042,88.292,25.291,47.507,70.392,68.519,22.885,21.012
mp-aaacflmd,70.021,50.141,66.034,19.880,3.987,-46.232,-15.429,31.431,30.803,77.663
mp-aaacflmm,93.667,126.720,109.918,33.053,16.252,54.789,41.552,50.628,13.237,4.162
mp-aaacflmn,101.000,126.593,112.750,25.593,11.750,47.939,58.078,49.049,10.139,1.111
mp-aaacflmq,212.333,254.174,208.384,41.841,3.949,11.626,-20.316,89.256,31.942,77.630
mp-aaacfloh,94.333,140.730,117.350,46.397,23.017,24.653,24.815,32.816,0.162,8.164
mp-aaacfloo,375.902,369.893,361.034,6.009,14.868,8.444,148.401,174.742,139.957,166.298
mp-aaacflou,280.667,308.650,270.362,27.983,10.304,-14.000,47.679,80.614,61.679,94.614
mp-aaacflov,59.132,79.294,51.520,20.162,7.612,7.793,-7.410,7.532,15.203,0.262
mp-aaacflox,185.694,126.120,209.919,59.574,24.224,165.463,126.550,179.400,38.913,13.938
mp-aaacfloz,82.805,69.806,89.615,12.999,6.810,39.163,44.180,24.066,5.017,15.097
mp-aaacflpf,283.000,212.341,246.033,70.659,36.967,4.784,3.477,11.467,1.307,6.683
mp-aaacflqk,347.667,299.150,310.641,48.517,37.026,-12.516,-29.304,2.063,16.788,14.579
mp-aaacflql,121.282,123.482,126.072,2.200,4.789,104.467,107.519,95.882,3.052,8.584
mp-aaacflrv,395.667,305.241,349.620,90.426,46.047,151.421,145.755,130.735,5.666,20.687
mp-aaacflrx,37.000,41.372,26.373,4.372,10.627,24.921,25.514,12.395,0.593,12.526
mp-aaacflry,220.333,238.347,246.287,18.014,25.953,21.267,19.350,49.543,1.917,28.276
mp-aaacflsk,63.667,80.680,66.100,17.013,2.433,9.206,20.633,8.889,11.427,0.317
mp-aaacflsl,31.667,81.301,28.433,49.634,3.234,-20.281,-12.884,3.751,7.397,24.032
mp-aaacflso,140.667,118.790,143.259,21.877,2.593,45.629,44.189,44.022,1.440,1.607
mp-aaacflsq,43.000,76.540,63.337,33.540,20.337,-26.235,-25.068,2.309,1.167,28.544
mp-aaacflsr,42.000,84.100,58.261,42.100,16.261,-24.442,-7.248,2.957,17.194,27.399
mp-aaacflst,35.000,34.607,26.658,0.393,8.342,23.742,28.477,11.972,4.735,11.769
mp-aaacflsu,28.000,31.260,24.340,3.260,3.660,19.683,16.980,8.942,2.703,10.741
mp-aaacflsv,21.129,28.211,35.100,7.082,13.971,108.740,2.592,7.118,106.148,101.621
mp-aaacflte,111.000,132.702,113.142,21.702,2.142,2.639,10.199,5.958,7.560,3.319
mp-aaacflti,260.667,235.533,263.365,25.134,2.698,51.881,-27.367,34.761,79.248,17.120
mp-aaacfltz,321.667,293.039,310.448,28.628,11.218,44.754,51.727,80.499,6.973,35.744
mp-aaacflue,269.667,212.372,239.289,57.295,30.378,63.398,24.067,47.254,39.331,16.144
mp-aaacfluz,55.000,64.751,51.360,9.751,3.640,37.629,27.164,18.863,10.465,18.765
mp-aaacflvf,89.000,65.756,84.343,23.244,4.657,24.504,30.343,65.542,5.839,41.037
mp-aaacflvg,122.000,106.897,119.798,15.103,2.202,84.946,36.612,51.668,48.334,33.278
mp-aaacflvi,130.667,192.811,160.698,62.144,30.031,99.685,87.965,111.177,11.720,11.491
mp-aaacflvj,191.234,229.374,195.980,38.140,4.746,51.896,60.420,129.799,8.524,77.903
mp-aaacflvn,18.394,48.657,13.550,30.263,4.844,-4.499,23.466,3.008,27.965,7.507
mp-aaacflvo,24.305,70.084,12.293,45.779,12.012,20.714,17.512,1.995,3.202,18.719
mp-aaacflvp,98.667,107.473,133.680,8.806,35.013,49.717,81.876,76.652,32.159,26.935
mp-aaacflvr,312.667,360.688,371.226,48.021,58.560,189.337,190.701,194.002,1.364,4.665
mp-aaacflvs,224.333,222.919,230.370,1.414,6.037,76.080,72.921,80.993,3.159,4.912
mp-aaacflvt,247.667,240.955,246.206,6.712,1.461,30.391,35.283,32.477,4.892,2.085
mp-aaacflvu,168.201,158.209,173.241,9.992,5.041,122.562,110.427,109.135,12.135,13.427
mp-aaacflvv,290.333,287.948,312.561,2.385,22.227,-13.569,34.658,181.830,48.227,195.400
mp-aaacflvw,226.333,253.700,279.201,27.367,52.868,66.621,60.140,95.805,6.481,29.184
mp-aaacflvx,347.667,226.373,353.465,121.294,5.798,-25.639,14.101,66.325,39.740,91.963
mp-aaacflvy,217.356,246.044,218.810,28.688,1.454,122.128,129.334,142.334,7.206,20.207
mp-aaacflwi,239.667,191.764,237.756,47.903,1.910,47.790,-3.249,54.387,51.039,6.597
mp-aaacflyc,145.667,136.467,153.458,9.200,7.791,36.824,43.670,45.767,6.846,8.943
mp-aaacfmex,215.000,187.878,217.476,27.122,2.476,113.175,112.741,72.090,0.434,41.085
mp-aaacfmhk,137.900,161.769,143.803,23.869,5.903,89.850,47.034,50.278,42.816,39.572
mp-aaacfnmv,92.333,99.382,108.937,7.049,16.603,22.290,22.100,48.528,0.190,26.238
mp-aaacfnpv,50.667,61.196,51.722,10.529,1.055,-17.773,4.959,-20.114,22.732,2.341
mp-aaacfodb,53.810,50.063,60.249,3.747,6.439,48.281,17.852,20.127,30.429,28.153
mp-aaacfopj,11.667,6.791,11.363,4.876,0.304,5.723,3.830,3.152,1.893,2.571
mp-aaacfpwh,29.290,48.025,26.512,18.735,2.778,12.572,11.197,7.446,1.375,5.126
mp-aaacfpzs,191.294,204.847,190.188,13.553,1.107,97.241,95.108,100.052,2.133,2.811
mp-aaacfrhs,62.000,46.927,57.839,15.073,4.161,49.302,44.802,43.170,4.500,6.132
mp-aaacfrht,26.266,111.848,27.487,85.582,1.221,16.027,28.084,2.964,12.057,13.062
mp-aaacfrhu,17.040,92.982,14.173,75.942,2.867,15.301,27.780,9.502,12.479,5.799
mp-aaacfrhv,82.880,46.330,93.795,36.550,10.916,64.905,47.521,61.850,17.384,3.055
mp-aaacfrhw,36.667,74.819,37.824,38.152,1.157,22.153,21.214,22.543,0.939,0.390
mp-aaacfrhx,46.667,34.104,44.841,12.563,1.825,35.275,30.592,34.115,4.683,1.159
mp-aaacfrib,40.667,56.182,39.856,15.515,0.811,27.129,28.630,24.156,1.501,2.973
mp-aaacfrii,36.000,17.638,30.690,18.362,5.310,21.514,19.009,18.803,2.505,2.712
mp-aaacfrim,35.667,33.152,31.101,2.515,4.566,24.455,24.096,18.587,0.359,5.868
mp-aaacfrio,29.000,42.547,26.283,13.547,2.717,16.065,15.966,8.382,0.099,7.683
mp-aaacfrip,39.333,13.028,40.172,26.305,0.839,26.499,25.310,27.485,1.189,0.985
mp-aaacfriq,57.333,29.517,65.738,27.816,8.405,49.395,49.302,49.804,0.093,0.410
mp-aaacfrir,35.667,63.924,35.187,28.257,0.479,25.590,18.749,13.314,6.841,12.276
mp-aaacfris,38.333,29.162,40.086,9.171,1.753,27.572,25.328,28.896,2.244,1.324
mp-aaacfriv,31.667,32.751,34.173,1.084,2.506,21.162,24.057,21.291,2.895,0.129
mp-aaacfriw,49.333,22.963,50.400,26.370,1.067,39.695,45.674,38.507,5.979,1.188
mp-aaacfrix,48.000,24.346,45.819,23.654,2.181,39.221,36.299,32.946,2.922,6.275
mp-aaacfrja,37.333,21.912,35.982,15.421,1.352,26.794,26.106,24.866,0.688,1.928
mp-aaacfrjg,28.333,39.288,27.820,10.955,0.513,19.583,19.837,13.162,0.254,6.421
mp-aaacfrjy,20.000,27.891,19.349,7.891,0.651,10.930,13.860,4.310,2.930,6.620
mp-aaacfrka,20.000,29.911,20.378,9.911,0.378,11.555,11.460,9.355,0.095,2.200
mp-aaacfrkb,24.000,20.211,15.884,3.789,8.116,13.481,16.885,6.015,3.404,7.466
mp-aaacfrkd,22.000,18.756,15.189,3.244,6.811,12.212,13.329,8.009,1.117,4.202
mp-aaacfrke,31.333,38.886,32.308,7.553,0.975,22.375,24.432,19.324,2.057,3.050
mp-aaacfrmg,38.667,12.866,36.328,25.801,2.339,26.770,24.337,24.991,2.433,1.779
mp-aaacfrmh,30.667,37.004,33.862,6.337,3.195,21.740,24.707,19.680,2.967,2.061
mp-aaacfroo,26.667,41.015,26.442,14.348,0.225,12.017,11.993,8.067,0.024,3.951
mp-aaacfrop,26.333,37.392,25.191,11.059,1.143,12.931,14.740,8.242,1.809,4.689
mp-aaacfroq,26.667,42.125,23.677,15.458,2.990,13.712,9.497,8.114,4.215,5.598
mp-aaacfrou,17.667,48.966,13.091,31.299,4.576,7.182,0.322,3.654,6.860,3.529
mp-aaacfrow,4.000,53.056,13.015,49.056,9.015,6.979,1.610,5.429,5.369,1.550
mp-aaacfroy,20.000,28.387,17.462,8.387,2.538,9.948,14.033,4.170,4.085,5.778
mp-aaacfroz,18.333,32.353,17.146,14.020,1.188,8.731,10.862,6.049,2.131,2.681
mp-aaacfrpa,19.667,23.117,15.413,3.450,4.253,9.843,14.740,3.820,4.897,6.024
mp-aaacfrpc,18.000,28.248,16.269,10.248,1.731,9.634,15.899,6.356,6.265,3.277
mp-aaacfrpf,19.000,31.588,20.757,12.588,1.757,9.634,13.966,9.441,4.332,0.193
mp-aaacfrpt,28.667,34.839,26.535,6.172,2.131,15.627,15.209,9.513,0.418,6.114
mp-aaacfrpu,38.333,60.165,33.048,21.832,5.285,27.228,23.927,16.235,3.301,10.993
mp-aaacfrpw,19.000,36.604,22.764,17.604,3.764,10.285,7.665,10.908,2.620,0.623
mp-aaacfsaf,134.333,150.889,180.751,16.556,46.417,41.033,55.498,56.468,14.465,15.435
mp-aaacfseh,15.056,224.752,13.740,209.696,1.316,10.117,21.145,5.898,11.028,4.219
mp-aaacfsgm,17.657,32.331,15.018,14.674,2.639,7.296,6.909,3.350,0.387,3.946
mp-aaacfsie,92.667,99.389,91.201,6.722,1.466,-21.968,67.702,13.094,89.670,35.061
mp-aaacfsil,116.000,117.611,118.262,1.611,2.262,47.400,31.526,46.430,15.874,0.970
mp-aaacfsit,147.768,199.381,149.385,51.613,1.616,95.837,91.941,92.635,3.896,3.202
mp-aaacfsiv,111.883,122.997,110.742,11.114,1.141,50.475,39.083,39.486,11.392,10.989
mp-aaacfsiw,110.667,124.728,119.720,14.061,9.053,51.599,25.559,41.737,26.040,9.862
mp-aaacfsix,109.333,106.224,114.763,3.109,5.429,58.972,51.484,43.969,7.488,15.002
mp-aaacfsjk,176.989,205.727,175.534,28.738,1.455,79.882,86.848,93.383,6.966,13.501
mp-aaacfsjm,159.678,179.857,166.002,20.179,6.324,84.577,90.558,81.448,5.981,3.129
mp-aaacfsjr,188.521,235.073,190.660,46.552,2.139,85.773,93.590,94.060,7.817,8.287
mp-aaacfsjs,149.228,156.404,155.309,7.176,6.081,92.063,79.434,83.978,12.629,8.085
mp-aaacfsjx,145.689,162.786,136.030,17.097,9.659,94.508,71.757,74.315,22.751,20.192
mp-aaacfskb,192.093,230.393,201.151,38.300,9.058,75.073,54.308,49.776,20.765,25.297
mp-aaacfske,265.333,354.280,274.283,88.947,8.950,21.398,39.335,120.346,17.937,98.947
mp-aaacfskf,174.829,181.776,178.278,6.947,3.449,88.822,78.109,86.851,10.713,1.971
mp-aaacfslr,158.794,302.085,224.811,143.291,66.017,168.693,145.467,82.282,23.226,86.411
mp-aaacfslv,217.439,226.214,210.223,8.775,7.215,130.764,112.897,114.315,17.867,16.449
mp-aaacfsoj,112.000,236.343,66.926,124.343,45.074,21.164,32.931,13.273,11.767,7.892
mp-aaacfsrs,274.000,329.011,314.260,55.011,40.260,135.317,140.419,164.276,5.102,28.959
mp-aaacfsru,25.977,41.651,26.165,15.674,0.188,-8.664,12.526,12.105,21.190,20.768
mp-aaacfvdc,154.293,199.463,161.649,45.170,7.356,55.709,62.904,61.371,7.195,5.662
mp-aaacfvgn,58.205,69.742,67.553,11.537,9.348,28.717,34.038,27.918,5.321,0.799
mp-aaacfvgq,52.689,69.507,54.210,16.818,1.521,25.822,20.462,27.523,5.360,1.700
mp-aaacfvki,39.284,43.421,37.105,4.137,2.179,25.797,17.451,16.643,8.346,9.154
mp-aaacfvlp,38.759,38.529,38.286,0.230,0.473,20.875,19.405,22.955,1.470,2.080
mp-aaacfvpy,29.444,32.297,29.848,2.853,0.404,20.058,17.182,17.389,2.876,2.669
mp-aaacfvwb,43.810,62.931,48.897,19.121,5.087,24.680,31.906,27.001,7.226,2.321
mp-aaacfwel,162.667,123.422,167.819,39.245,5.152,55.784,60.770,64.241,4.986,8.458
mp-aaacfwem,154.333,95.678,158.911,58.655,4.577,69.316,60.831,72.177,8.485,2.861
mp-aaacfwen,176.000,176.261,201.387,0.261,25.387,121.569,107.572,123.641,13.997,2.072
mp-aaacfwep,137.000,129.980,149.804,7.020,12.804,103.568,62.339,91.420,41.229,12.148
mp-aaacfwer,169.000,103.937,170.844,65.063,1.844,78.113,79.263,81.919,1.150,3.806
mp-aaacfwes,172.333,148.483,185.598,23.850,13.265,16.038,22.593,37.925,6.555,21.887
mp-aaacfwet,185.667,123.075,171.718,62.592,13.949,100.943,71.806,77.846,29.137,23.097
mp-aaacfwev,161.667,138.405,172.528,23.262,10.861,43.294,40.801,26.886,2.493,16.408
mp-aaacfwex,175.333,186.094,189.743,10.761,14.410,40.579,19.205,40.420,21.374,0.159
mp-aaacfwfc,208.667,199.423,197.051,9.244,11.615,50.684,47.385,42.689,3.299,7.995
mp-aaacfwfd,138.000,101.608,149.696,36.392,11.696,52.259,58.733,52.968,6.474,0.709
mp-aaacfwfg,203.333,186.215,210.766,17.118,7.433,47.296,19.767,49.539,27.529,2.243
mp-aaacfwfh,159.667,109.344,170.905,50.323,11.239,52.198,75.478,60.374,23.280,8.175
mp-aaacfwfi,174.333,180.422,181.402,6.089,7.068,54.191,44.861,57.661,9.330,3.470
mp-aaacfwfj,174.667,142.997,180.340,31.670,5.674,11.779,23.769,33.266,11.990,21.487
mp-aaacfwfl,155.667,90.255,151.216,65.412,4.450,57.788,53.318,59.377,4.470,1.589
mp-aaacfwfm,182.000,156.855,184.511,25.145,2.511,75.836,56.755,40.378,19.081,35.459
mp-aaacfwfo,170.000,121.028,202.316,48.972,32.316,38.614,25.931,93.941,12.683,55.327
mp-aaacfwfq,134.333,109.722,170.186,24.611,35.853,53.840,63.925,68.699,10.085,14.859
mp-aaacfwfr,178.333,184.040,192.421,5.707,14.088,38.654,36.790,40.182,1.864,1.529
mp-aaacfwgl,146.667,89.397,153.239,57.270,6.573,42.086,64.506,61.277,22.420,19.191
mp-aaacfwgm,172.333,151.263,188.777,21.070,16.443,27.285,25.000,63.257,2.285,35.972
mp-aaacfwgn,167.000,99.981,177.123,67.019,10.123,93.443,80.122,93.696,13.321,0.253
mp-aaacfwgo,221.667,137.794,254.434,83.873,32.767,68.072,84.196,107.341,16.124,39.269
mp-aaacfwgq,236.000,128.457,228.526,107.543,7.474,107.408,82.380,99.183,25.028,8.225
mp-aaacfwgr,148.333,172.851,152.464,24.518,4.131,39.703,36.612,38.183,3.091,1.520
mp-aaacfwgt,228.333,136.430,234.954,91.903,6.621,103.531,100.501,116.816,3.030,13.285
mp-aaacfwgu,161.333,183.140,182.331,21.807,20.998,65.742,40.364,40.981,25.378,24.761
mp-aaacfwgv,152.667,95.922,156.508,56.745,3.842,63.835,50.694,62.776,13.141,1.059
mp-aaacfwgw,192.000,160.430,193.386,31.570,1.386,21.857,27.596,45.284,5.739,23.427
mp-aaacfwgx,150.000,102.119,142.136,47.881,7.864,44.888,54.157,49.779,9.269,4.891
mp-aaacfwgy,172.667,126.766,172.423,45.901,0.243,115.081,103.718,103.640,11.363,11.441
mp-aaacfwho,190.667,141.256,197.947,49.411,7.280,37.956,29.581,68.664,8.375,30.707
mp-aaacfwhq,151.333,122.123,151.485,29.210,0.152,53.457,53.161,52.277,0.296,1.180
mp-aaacfwhr,182.667,151.329,187.306,31.338,4.639,86.241,75.260,89.550,10.981,3.310
mp-aaacfwio,201.667,201.846,203.846,0.179,2.179,45.750,31.917,46.816,13.833,1.066
mp-aaacfwiq,230.667,130.754,231.547,99.913,0.880,135.064,55.233,140.796,79.831,5.732
mp-aaacfwis,191.000,148.709,175.204,42.291,15.796,76.727,85.767,78.139,9.040,1.412
mp-aaacfwlj,158.667,128.402,161.213,30.265,2.547,114.923,103.646,105.151,11.277,9.773
mp-aaacfwlk,157.333,92.125,141.466,65.208,15.867,66.557,70.681,59.758,4.124,6.799
mp-aaacfwzx,46.156,58.839,51.517,12.683,5.361,21.417,19.030,27.115,2.387,5.698
mp-aaacfxah,28.374,45.853,23.954,17.479,4.420,8.455,17.398,12.626,8.943,4.171
mp-aaacfxco,167.667,104.885,170.336,62.782,2.670,69.030,69.730,67.886,0.700,1.144
mp-aaacfxcp,172.000,174.424,168.805,2.424,3.195,64.800,57.958,55.462,6.842,9.338
mp-aaacfxex,86.860,92.326,89.503,5.466,2.644,17.578,26.509,32.338,8.931,14.759
mp-aaacfxey,30.773,43.685,38.728,12.912,7.955,18.507,7.600,24.583,10.907,6.076
mp-aaacfxez,90.604,83.664,85.010,6.940,5.594,54.211,44.945,40.687,9.266,13.524
mp-aaacfxfb,285.973,228.622,228.476,57.351,57.497,37.917,45.603,-135.697,7.686,173.613
mp-aaacfxfe,223.546,205.809,220.247,17.737,3.299,172.756,152.588,191.323,20.168,18.567
mp-aaacfxff,199.667,154.483,202.024,45.184,2.357,76.775,75.498,68.842,1.277,7.933
mp-aaacfxfg,71.667,83.705,63.929,12.038,7.737,-14.572,-5.598,-208.607,8.974,194.035
mp-aaacfxfj,323.333,476.293,341.083,152.960,17.750,-0.658,-48.908,91.256,48.250,91.914
mp-aaacfxft,239.667,224.265,255.910,15.402,16.243,153.937,163.549,147.760,9.612,6.177
mp-aaacfxfv,236.964,218.138,219.447,18.826,17.517,115.870,103.850,106.952,12.020,8.918
mp-aaacfxfx,146.086,165.610,139.205,19.524,6.881,87.388,44.434,83.293,42.954,4.095
mp-aaacfxfy,49.852,46.173,52.972,3.679,3.120,20.142,23.284,9.509,3.142,10.633
mp-aaacfxge,79.009,86.527,85.154,7.518,6.145,28.461,32.589,40.449,4.128,11.989
mp-aaacfxgg,278.333,276.604,277.267,1.729,1.066,107.465,94.580,107.530,12.885,0.065
mp-aaacfxgh,170.000,142.446,160.046,27.554,9.954,75.930,62.657,68.318,13.273,7.612
mp-aaacfxgi,225.000,246.664,219.810,21.664,5.190,86.289,73.003,85.197,13.286,1.092
mp-aaacfxgk,225.802,243.923,205.981,18.121,19.821,124.320,119.499,110.375,4.821,13.945
mp-aaacfxgn,106.598,98.254,112.573,8.344,5.975,86.989,41.957,88.065,45.032,1.076
mp-aaacfxgo,218.794,201.394,225.253,17.400,6.459,65.896,102.293,176.445,36.397,110.550
mp-aaacfxgq,118.198,103.283,122.113,14.915,3.915,31.015,34.532,42.986,3.517,11.971
mp-aaacfxgs,183.000,159.364,188.724,23.636,5.724,69.275,62.034,72.185,7.241,2.910
mp-aaacfxgt,80.333,67.512,74.336,12.821,5.998,26.207,27.773,28.108,1.566,1.900
mp-aaacfxhe,157.333,157.256,155.978,0.077,1.356,96.953,105.618,74.405,8.665,22.547
mp-aaacfxhq,223.667,213.819,225.661,9.848,1.995,101.770,98.333,112.278,3.437,10.507
mp-aaacfxhs,20.667,25.851,14.326,5.184,6.341,-20.019,-16.776,5.320,3.243,25.339
mp-aaacfxhu,164.333,161.068,158.408,3.265,5.926,192.137,68.520,-81.132,123.617,273.268
mp-aaacfxjm,79.667,77.549,81.738,2.118,2.071,49.042,43.798,46.719,5.244,2.323
mp-aaacfxjn,99.333,102.730,96.186,3.397,3.147,75.661,73.688,71.960,1.973,3.701
mp-aaacfxjp,109.667,85.989,109.142,23.678,0.525,26.799,41.255,58.251,14.456,31.452
mp-aaacfxjr,153.333,123.789,166.831,29.544,13.498,20.590,22.225,57.016,1.635,36.426
mp-aaacfxjs,174.333,127.684,191.671,46.649,17.337,44.529,61.667,83.630,17.138,39.101
mp-aaacfxxd,24.437,28.905,24.894,4.468,0.457,2.852,8.790,-0.678,5.938,3.530
mp-aaacfxxh,102.504,108.090,103.246,5.586,0.742,28.713,35.682,38.306,6.969,9.593
mp-aaacfxxj,330.935,290.758,326.429,40.177,4.506,180.151,153.451,180.463,26.700,0.311
mp-aaacfxyf,45.000,46.481,46.047,1.481,1.047,36.353,30.675,25.975,5.678,10.378
mp-aaacfxyi,197.667,176.860,186.538,20.807,11.129,72.543,80.296,60.544,7.753,11.999
mp-aaacfxyl,140.667,137.919,144.463,2.748,3.797,32.867,65.877,32.048,33.010,0.819
mp-aaacfxyq,77.493,73.832,73.040,3.661,4.453,19.210,22.221,-3.494,3.011,22.704
mp-aaacfxyt,138.333,91.458,138.459,46.875,0.126,28.260,45.071,30.725,16.811,2.465
mp-aaacfxyu,205.667,183.891,197.551,21.776,8.116,87.791,64.387,85.487,23.404,2.304
mp-aaacfxyv,115.488,113.813,91.421,1.675,24.068,32.102,40.231,20.911,8.129,11.191
mp-aaacfxyw,44.194,53.020,55.633,8.826,11.439,14.441,18.124,24.312,3.683,9.872
mp-aaacfxyy,139.536,100.406,128.391,39.130,11.145,100.923,87.017,66.452,13.906,34.471
mp-aaacfxyz,147.000,135.713,163.822,11.287,16.822,45.666,30.372,40.352,15.294,5.313
mp-aaacfxza,58.444,47.565,62.826,10.879,4.382,39.846,35.935,39.023,3.911,0.823
mp-aaacfxzb,86.835,66.341,81.879,20.494,4.956,44.028,42.900,41.603,1.128,2.425
mp-aaacfxzc,97.642,37.488,104.975,60.154,7.333,54.061,36.432,55.561,17.629,1.500
mp-aaacfxzd,141.524,176.976,149.971,35.452,8.447,36.674,33.118,28.137,3.556,8.537
mp-aaacfxzk,44.967,44.027,46.601,0.940,1.635,16.704,20.376,15.756,3.672,0.949
mp-aaacfxzm,75.333,95.168,66.806,19.835,8.528,21.778,16.318,16.121,5.460,5.657
mp-aaacfxzs,135.852,111.278,156.483,24.574,20.631,76.964,75.347,85.235,1.617,8.271
mp-aaacfxzv,51.308,46.862,55.466,4.446,4.158,33.588,19.027,29.230,14.561,4.358
mp-aaacfxzx,68.761,75.538,70.466,6.777,1.705,19.804,40.908,23.531,21.104,3.727
mp-aaacfxzy,231.333,192.018,227.205,39.315,4.128,112.138,88.584,105.765,23.554,6.373
mp-aaacfyab,116.776,88.644,123.899,28.132,7.123,67.233,62.145,61.647,5.088,5.586
mp-aaacfyad,44.777,53.673,39.875,8.896,4.902,29.644,22.450,19.331,7.194,10.313
mp-aaacfyae,176.944,184.647,185.139,7.703,8.196,60.593,82.242,77.049,21.649,16.456
mp-aaacfyaf,207.333,123.082,152.280,84.251,55.054,138.335,199.316,83.874,60.981,54.461
mp-aaacfyag,177.299,171.453,183.301,5.846,6.002,68.427,58.610,71.203,9.817,2.776
mp-aaacfyah,101.667,93.434,117.398,8.233,15.731,10.991,45.087,8.937,34.096,2.054
mp-aaacfyak,167.939,161.154,175.505,6.785,7.566,69.528,62.918,39.269,6.610,30.259
mp-aaacfyal,179.000,184.884,184.712,5.884,5.712,77.710,69.583,86.298,8.127,8.588
mp-aaacfyap,213.667,199.616,197.365,14.051,16.302,17.000,71.873,91.017,54.873,74.017
mp-aaacfyaq,51.785,45.310,51.718,6.475,0.068,33.376,18.730,27.889,14.646,5.487
mp-aaacfyas,168.000,166.619,156.445,1.381,11.555,27.887,39.255,37.167,11.368,9.280
mp-aaacfyax,79.194,85.142,78.035,5.948,1.158,20.705,43.635,30.225,22.930,9.520
mp-aaacfyay,137.000,126.464,135.072,10.536,1.928,56.763,54.620,41.537,2.143,15.226
mp-aaacfyba,173.667,148.304,158.653,25.363,15.014,82.376,74.266,46.497,8.110,35.879
mp-aaacfybb,38.551,57.318,37.906,18.767,0.645,8.979,11.856,8.726,2.877,0.252
mp-aaacfybd,185.540,169.762,188.634,15.778,3.094,68.408,77.779,65.166,9.371,3.242
mp-aaacfybh,41.362,39.361,42.801,2.001,1.439,7.152,17.023,19.715,9.871,12.562
mp-aaacfybo,45.185,76.481,46.183,31.296,0.998,21.649,22.749,24.097,1.100,2.448
mp-aaacfybp,80.547,66.589,74.043,13.958,6.503,47.696,43.108,40.885,4.588,6.811
mp-aaacfybq,37.268,69.200,40.638,31.932,3.369,16.576,15.753,20.595,0.823,4.019
mp-aaacfybs,49.211,72.191,51.525,22.980,2.314,28.713,24.032,23.026,4.681,5.687
mp-aaacfybu,146.039,131.833,151.413,14.206,5.374,41.243,41.409,40.297,0.166,0.945
mp-aaacfybv,140.719,103.643,138.847,37.076,1.872,22.798,27.237,0.647,4.439,22.151
mp-aaacfybw,78.944,92.465,81.100,13.521,2.156,32.224,35.139,37.234,2.915,5.010
mp-aaacfybz,13.491,31.414,31.816,17.923,18.325,13.473,16.454,21.334,2.981,7.861
mp-aaacfyce,46.292,63.487,51.805,17.195,5.513,0.572,26.266,15.078,25.694,14.505
mp-aaacfych,25.125,20.011,26.939,5.114,1.813,7.132,20.244,18.462,13.112,11.330
mp-aaacfycn,160.484,144.521,142.778,15.963,17.706,99.838,36.934,34.503,62.904,65.334
mp-aaacfyco,43.719,37.590,42.659,6.129,1.060,28.772,29.672,25.486,0.900,3.286
mp-aaacfycp,147.129,124.190,150.899,22.939,3.770,24.956,39.184,39.073,14.228,14.117
mp-aaacfycq,162.359,152.679,159.697,9.680,2.662,84.466,34.873,68.063,49.593,16.403
mp-aaacfycs,36.000,63.671,33.474,27.671,2.526,20.443,21.594,12.884,1.151,7.559
mp-aaacfycu,88.719,94.377,80.981,5.658,7.739,36.583,29.848,4.155,6.735,32.428
mp-aaacfycw,184.806,116.295,179.131,68.511,5.675,-22.971,32.861,66.030,55.832,89.001
mp-aaacfycy,38.667,93.153,40.618,54.486,1.951,21.501,16.272,17.164,5.229,4.337
mp-aaacfycz,82.330,67.146,69.848,15.184,12.482,38.502,35.339,28.954,3.163,9.548
mp-aaacfyda,13.881,18.175,16.642,4.294,2.761,3.991,0.133,9.189,3.858,5.198
mp-aaacfydb,46.667,46.583,41.423,0.084,5.244,29.528,20.945,17.759,8.583,11.768
mp-aaacfydc,79.000,102.392,70.255,23.392,8.745,32.954,24.461,4.078,8.493,28.876
mp-aaacfyde,8.857,34.457,13.956,25.600,5.098,4.737,5.396,3.066,0.659,1.671
mp-aaacfydf,81.333,99.131,85.021,17.798,3.688,49.804,41.892,54.522,7.912,4.718
mp-aaacfydg,88.140,100.331,104.928,12.191,16.788,39.390,29.425,47.397,9.965,8.007
mp-aaacfydi,223.667,223.017,209.704,0.650,13.963,24.536,45.538,21.233,21.002,3.302
mp-aaacfydk,82.667,71.207,70.921,11.460,11.746,27.183,40.495,33.666,13.312,6.482
mp-aaacfydl,63.667,70.107,66.307,6.440,2.641,-2.125,24.406,24.839,26.531,26.964
mp-aaacfydo,117.571,118.276,126.821,0.705,9.250,46.679,28.322,43.821,18.357,2.857
mp-aaacfydp,101.663,89.985,102.550,11.678,0.887,42.749,37.698,32.190,5.051,10.559
mp-aaacfydq,21.209,42.410,32.646,21.201,11.436,15.319,29.821,19.862,14.502,4.544
mp-aaacfydr,194.561,152.432,187.057,42.129,7.504,76.864,82.246,74.412,5.382,2.452
mp-aaacfydt,152.251,116.393,154.282,35.858,2.031,13.227,41.054,21.166,27.827,7.939
mp-aaacfydu,111.774,88.183,105.451,23.591,6.324,44.756,32.156,35.447,12.600,9.309
mp-aaacfydx,215.667,220.796,231.330,5.129,15.663,80.002,58.948,70.608,21.054,9.394
mp-aaacfyeb,104.667,113.928,107.745,9.261,3.079,46.505,53.617,48.513,7.112,2.008
mp-aaacfyee,213.667,233.088,201.664,19.421,12.003,22.692,46.690,17.888,23.998,4.803
mp-aaacfyef,259.333,270.024,239.618,10.691,19.715,15.716,43.304,2.337,27.588,13.379
mp-aaacfyeg,224.572,188.106,246.118,36.466,21.546,119.889,107.257,139.777,12.632,19.888
mp-aaacfyet,127.714,120.950,131.317,6.764,3.603,25.525,20.601,33.996,4.924,8.471
mp-aaacfyvz,187.000,174.363,189.171,12.637,2.171,0.169,-9.262,55.897,9.431,55.728
mp-aaacfywa,197.000,176.433,192.311,20.567,4.689,-19.743,-4.989,61.406,14.754,81.149
mp-aaacfywb,153.667,121.556,150.068,32.111,3.599,20.337,4.861,18.261,15.476,2.076
mp-aaacfywh,166.000,125.473,157.356,40.527,8.644,27.636,28.732,56.549,1.096,28.913
mp-aaacfywi,154.000,126.488,156.086,27.512,2.086,31.039,29.442,39.395,1.597,8.357
mp-aaacfywl,175.000,119.057,181.666,55.943,6.666,85.787,69.527,75.800,16.260,9.987
mp-aaacfywn,96.000,74.354,105.377,21.646,9.377,72.932,61.818,83.462,11.114,10.530
mp-aaacfywp,143.000,115.595,136.328,27.405,6.672,20.835,15.586,16.171,5.249,4.663
mp-aaacfywq,174.000,171.089,166.976,2.911,7.024,0.930,27.018,0.277,26.088,0.654
mp-aaacfywr,182.333,176.482,179.105,5.851,3.228,-31.449,20.949,8.293,52.398,39.742
mp-aaacfywt,99.667,50.131,96.019,49.536,3.648,61.235,37.832,60.975,23.403,0.259
mp-aaacfywy,21.667,21.177,22.524,0.490,0.857,9.217,6.988,9.096,2.229,0.121
mp-aaacfywz,17.461,42.182,24.832,24.721,7.371,-25.541,22.662,10.327,48.203,35.868
mp-aaacfyxc,41.343,30.175,36.608,11.168,4.735,25.844,37.707,19.604,11.863,6.240
mp-aaacfyxd,49.353,59.889,60.265,10.536,10.912,21.656,23.950,27.978,2.294,6.321
mp-aaacfyxf,149.403,178.087,180.192,28.684,30.789,90.083,24.345,79.984,65.738,10.099
mp-aaacfyxk,128.805,120.888,146.430,7.917,17.625,47.143,39.978,53.972,7.165,6.829
mp-aaacfyxs,124.707,138.381,120.257,13.674,4.450,87.272,90.408,91.431,3.136,4.159
mp-aaacfyxu,70.436,68.614,74.966,1.822,4.530,47.302,37.058,50.336,10.244,3.035
mp-aaacfyxz,58.776,51.325,58.034,7.451,0.742,22.970,18.069,31.332,4.901,8.362
mp-aaacfyyd,76.883,50.660,75.892,26.223,0.991,40.218,33.804,41.637,6.414,1.419
mp-aaacfyye,49.274,77.278,55.873,28.004,6.599,31.340,23.332,27.406,8.008,3.934
mp-aaacfyyf,76.684,66.209,78.827,10.475,2.143,45.300,46.775,45.159,1.475,0.142
mp-aaacfyyj,65.864,54.349,68.552,11.515,2.687,41.009,33.940,48.814,7.069,7.805
mp-aaacfyyk,75.512,62.938,70.515,12.574,4.997,53.709,40.696,43.086,13.013,10.623
mp-aaacfyym,59.330,53.916,59.294,5.414,0.036,21.843,16.157,33.545,5.686,11.702
mp-aaacfyyo,75.757,71.272,79.641,4.485,3.885,59.480,41.470,58.932,18.010,0.548
mp-aaacfyyt,46.258,61.029,49.659,14.771,3.401,37.322,30.056,29.176,7.266,8.146
mp-aaacfyyw,42.498,58.972,48.130,16.474,5.632,27.787,29.863,29.922,2.076,2.135
mp-aaacfyzd,93.305,88.435,89.786,4.870,3.519,62.432,63.850,52.306,1.418,10.126
mp-aaacfyzg,94.111,94.588,101.921,0.477,7.811,54.387,62.159,46.776,7.772,7.611
mp-aaacfyzi,125.028,87.272,136.084,37.756,11.055,70.584,65.875,71.802,4.709,1.218
mp-aaacfyzl,87.309,98.762,80.863,11.453,6.446,35.043,53.628,32.838,18.585,2.205
mp-aaacfyzm,271.662,309.837,285.179,38.175,13.517,92.191,116.194,147.486,24.003,55.294
mp-aaacfyzo,160.856,164.100,162.458,3.244,1.602,60.245,76.405,48.832,16.160,11.413
mp-aaacfyzp,185.814,187.753,180.444,1.939,5.370,49.697,104.507,66.308,54.810,16.611
mp-aaacfyzr,134.960,115.060,156.078,19.900,21.119,60.118,57.394,73.310,2.724,13.192
mp-aaacfyzs,76.924,66.356,78.993,10.568,2.069,46.590,46.473,43.581,0.117,3.009
mp-aaacfyzt,101.124,124.937,101.789,23.813,0.665,57.986,62.056,58.461,4.070,0.475
mp-aaacfyzu,156.641,157.834,156.014,1.193,0.627,76.503,81.124,51.776,4.621,24.727
mp-aaacfyzw,77.769,51.047,76.517,26.722,1.252,40.274,33.448,40.140,6.826,0.134
mp-aaacfzaa,59.222,53.882,59.985,5.340,0.764,21.998,15.748,33.673,6.250,11.675
mp-aaacfzac,304.667,343.227,274.133,38.560,30.534,73.164,116.636,59.764,43.472,13.400
mp-aaacfzal,131.627,154.411,134.753,22.784,3.125,54.987,53.816,62.317,1.171,7.330
mp-aaacfzan,78.751,93.702,72.088,14.951,6.664,29.949,25.045,31.129,4.904,1.180
mp-aaacfzat,79.544,66.436,78.715,13.108,0.830,41.646,30.059,39.962,11.587,1.684
mp-aaacfzau,55.207,66.181,48.863,10.974,6.344,27.068,18.257,26.133,8.811,0.935
mp-aaacfzbg,44.501,32.491,50.032,12.010,5.531,33.482,28.938,33.104,4.544,0.379
mp-aaacfzbm,36.994,33.009,37.260,3.985,0.265,27.450,24.771,26.051,2.679,1.399
mp-aaacfzbw,38.525,34.322,37.826,4.203,0.699,28.076,27.189,26.090,0.887,1.986
mp-aaacfzcc,30.741,41.517,43.544,10.776,12.803,14.490,14.967,18.010,0.477,3.520
mp-aaacfzck,48.298,58.624,45.006,10.326,3.292,15.699,8.143,18.321,7.556,2.622
mp-aaacfzco,61.853,68.740,58.430,6.887,3.423,-22.372,9.636,23.464,32.008,45.835
mp-aaacfzct,86.807,103.907,76.416,17.100,10.391,36.308,60.746,24.963,24.438,11.345
mp-aaacfzcu,126.833,87.742,132.941,39.091,6.108,110.693,80.375,89.926,30.318,20.767
mp-aaacfzcz,26.995,121.268,34.015,94.273,7.020,18.304,21.813,16.891,3.509,1.413
mp-aaacfzda,14.702,34.229,15.420,19.527,0.718,-5.241,7.595,7.476,12.836,12.717
mp-aaacfzde,58.531,64.619,54.239,6.088,4.291,24.564,21.452,30.471,3.112,5.907
mp-aaacfzdi,58.920,67.040,53.745,8.120,5.176,28.875,18.727,29.384,10.148,0.509
mp-aaacfzds,103.790,95.945,126.076,7.845,22.285,115.953,70.954,61.687,44.999,54.266
mp-aaacfzen,353.667,320.879,314.954,32.788,38.713,130.489,162.932,110.436,32.443,20.054
mp-aaacfzeo,361.980,230.868,352.958,131.112,9.022,206.325,163.611,194.864,42.714,11.461
mp-aaacfzep,311.044,276.972,280.660,34.072,30.384,10.516,43.730,53.285,33.214,42.768
mp-aaacfzgh,77.090,104.633,70.265,27.543,6.825,44.321,56.780,39.818,12.459,4.503
mp-aaacfzgo,86.675,99.499,81.762,12.824,4.913,35.936,26.640,39.903,9.296,3.968
mp-aaacfzhw,57.317,59.759,52.259,2.442,5.058,21.082,21.793,29.382,0.711,8.301
mp-aaacfzia,69.867,53.118,66.233,16.749,3.633,36.428,29.535,31.289,6.893,5.139
mp-aaacfzib,58.153,65.215,51.756,7.062,6.397,28.072,20.694,26.612,7.378,1.460
mp-aaacfzii,387.274,358.483,389.464,28.791,2.189,182.279,180.793,214.784,1.486,32.505
mp-aaacfzij,15.580,40.043,17.451,24.463,1.872,9.827,10.408,7.162,0.581,2.666
mp-aaacfzmi,366.333,345.974,267.126,20.359,99.207,175.319,152.584,104.066,22.735,71.253
mp-aaacfzmk,348.962,182.688,303.035,166.274,45.927,194.760,183.122,155.666,11.638,39.094
mp-aaacfznq,84.282,291.157,44.253,206.875,40.029,92.416,76.704,24.444,15.712,67.972
mp-aaacfznr,38.248,22.581,43.394,15.667,5.146,15.250,20.183,14.562,4.933,0.688
mp-aaacfznt,27.261,10.903,31.430,16.358,4.169,18.123,12.341,15.897,5.782,2.226
mp-aaacfzob,165.513,112.937,165.313,52.576,0.200,57.991,93.242,99.895,35.251,41.904
mp-aaacfzoe,84.867,106.936,84.310,22.069,0.558,49.383,62.571,51.481,13.188,2.099
mp-aaacfzoj,19.971,23.078,19.283,3.107,0.688,12.209,12.780,7.572,0.571,4.637
mp-aaacfzom,104.031,105.327,88.753,1.296,15.277,55.741,68.364,47.013,12.623,8.728
mp-aaacfzon,89.829,138.932,86.674,49.103,3.155,44.956,41.152,40.013,3.804,4.943
mp-aaacfzpq,60.228,64.693,55.417,4.465,4.811,29.473,25.501,30.916,3.972,1.444
mp-aaacfzud,52.889,54.770,71.472,1.881,18.584,28.780,29.306,34.362,0.526,5.582
mp-aaacfzuh,36.292,38.451,34.112,2.159,2.180,21.292,16.746,14.353,4.546,6.939
mp-aaacfzuk,239.903,302.389,238.777,62.486,1.126,77.293,90.633,76.661,13.340,0.633
mp-aaacfzuo,56.881,47.717,52.637,9.164,4.244,24.161,26.728,27.134,2.567,2.972
mp-aaacfzuu,288.627,278.077,277.485,10.550,11.142,150.262,109.164,134.279,41.098,15.983
mp-aaacfzuz,32.344,42.073,28.054,9.729,4.290,18.071,17.800,10.827,0.271,7.244
mp-aaacfzvb,37.825,41.569,39.423,3.744,1.598,27.209,27.796,23.890,0.587,3.319
mp-aaacfzvc,32.262,46.381,31.174,14.119,1.089,24.836,19.662,14.970,5.174,9.867
mp-aaacfzwp,322.667,277.638,272.492,45.029,50.175,156.749,159.629,121.614,2.880,35.135
mp-aaacfzwu,58.888,52.277,54.907,6.611,3.981,23.512,22.276,27.974,1.236,4.462
mp-aaacfzyb,86.629,71.694,84.094,14.935,2.535,41.777,44.232,40.305,2.455,1.472
mp-aaacfzyc,98.206,79.474,104.063,18.732,5.857,53.004,41.177,63.655,11.827,10.651
mp-aaacfzyd,78.754,73.373,73.030,5.381,5.725,39.282,36.480,33.670,2.802,5.612
mp-aaacfzye,89.826,75.038,89.847,14.788,0.021,41.086,44.670,49.336,3.584,8.250
mp-aaacfzyf,69.077,75.470,72.954,6.393,3.877,31.510,33.456,37.690,1.946,6.180
mp-aaacfzyg,65.933,73.769,62.188,7.836,3.746,28.661,24.427,26.065,4.234,2.595
mp-aaacfzyy,223.000,172.066,242.048,50.934,19.048,145.250,134.545,153.220,10.705,7.970
mp-aaacgadw,177.000,170.789,199.261,6.211,22.261,107.182,101.538,122.363,5.644,15.181
mp-aaacgadx,32.089,63.539,33.956,31.450,1.867,30.450,49.928,26.794,19.478,3.656
mp-aaacgafd,90.333,41.197,90.214,49.136,0.119,56.595,42.671,51.357,13.924,5.238
mp-aaacgafg,146.835,85.007,155.394,61.828,8.559,90.482,87.923,94.936,2.559,4.454
mp-aaacgafm,189.406,142.047,203.825,47.359,14.419,145.251,117.475,103.521,27.776,41.730
mp-aaacgafn,82.534,72.553,72.526,9.981,10.008,46.751,36.265,34.997,10.486,11.753
mp-aaacgaga,41.333,21.924,38.009,19.409,3.324,37.260,38.433,28.441,1.173,8.819
mp-aaacgagj,126.221,106.088,134.595,20.133,8.373,71.891,70.187,90.341,1.704,18.450
mp-aaacgagu,125.793,105.237,135.567,20.556,9.774,71.431,69.499,82.316,1.932,10.885
mp-aaacgamx,206.333,173.137,217.178,33.196,10.845,133.847,109.652,142.154,24.195,8.307
mp-aaacgaxf,82.857,129.539,88.170,46.682,5.313,68.302,63.387,74.738,4.915,6.436
mp-aaacgaxn,87.418,101.149,83.154,13.731,4.264,60.431,56.700,46.140,3.731,14.291
mp-aaacgazb,122.784,133.590,141.910,10.806,19.127,86.469,86.313,95.599,0.156,9.130
mp-aaacgbus,142.336,77.777,148.913,64.559,6.578,89.125,78.995,91.970,10.130,2.844
mp-aaacgbxv,117.581,146.477,95.827,28.896,21.754,76.341,84.867,54.722,8.526,21.619
mp-aaacgcvr,140.303,224.324,136.402,84.021,3.901,106.306,87.940,100.640,18.366,5.666
mp-aaacgcvv,15.096,27.252,12.872,12.156,2.224,8.549,10.015,-4.243,1.466,12.793
mp-aaacgcvw,0.333,2.983,14.604,2.650,14.270,0.757,5.179,-0.072,4.422,0.829
mp-aaacgczn,48.898,34.608,29.706,14.290,19.191,22.071,15.236,17.495,6.835,4.576
mp-aaacgczo,39.316,42.118,42.701,2.802,3.385,21.594,14.995,22.076,6.599,0.482
mp-aaacgczv,11.900,24.464,7.603,12.564,4.297,5.730,0.407,2.340,5.323,3.390
mp-aaacgdbq,35.689,36.928,33.174,1.239,2.515,16.020,21.118,19.544,5.098,3.524
mp-aaacgdcb,201.667,259.261,255.003,57.594,53.337,102.378,90.850,150.776,11.528,48.398
mp-aaacgdcl,76.136,78.125,59.243,1.989,16.892,26.608,18.971,18.172,7.637,8.436
mp-aaacgdcp,276.000,146.741,270.929,129.259,5.071,133.807,120.157,123.079,13.650,10.727
mp-aaacgddc,8.000,11.427,11.309,3.427,3.309,3.531,2.671,2.526,0.860,1.005
mp-aaacgdiy,33.333,28.373,37.171,4.960,3.837,-0.665,5.581,11.436,6.246,12.100
mp-aaacgdiz,68.241,87.248,68.894,19.007,0.653,11.136,32.584,38.944,21.448,27.808
mp-aaacgdjc,76.126,87.835,70.184,11.709,5.941,34.945,37.670,40.486,2.725,5.540
mp-aaacgdje,64.333,129.563,76.785,65.230,12.452,221.300,36.694,8.694,184.606,212.606
mp-aaacgdnf,40.820,67.253,48.059,26.433,7.239,174.242,22.982,29.905,151.260,144.337
mp-aaacgdpw,26.724,34.326,27.749,7.602,1.025,15.616,14.746,12.598,0.870,3.018
mp-aaacgdxr,46.913,74.137,52.621,27.224,5.708,21.288,27.966,23.499,6.678,2.211
mp-aaacgeae,46.070,57.972,46.095,11.902,0.025,15.799,19.852,25.622,4.053,9.823
mp-aaacgedr,46.209,70.895,52.400,24.686,6.191,19.549,33.198,34.728,13.649,15.179
mp-aaacgeom,35.517,31.432,40.480,4.085,4.963,18.823,19.367,24.075,0.544,5.252
mp-aaacgeqz,41.640,57.669,41.938,16.029,0.297,18.635,30.828,21.278,12.193,2.643
mp-aaacgexl,107.000,105.230,118.287,1.770,11.287,22.867,49.187,36.483,26.320,13.616
mp-aaacgexn,145.698,150.000,138.031,4.302,7.667,60.598,70.139,72.360,9.541,11.762
mp-aaacgexp,46.333,47.471,54.794,1.138,8.460,15.071,2.107,16.733,12.964,1.661
mp-aaacgexq,31.036,38.703,47.362,7.667,16.326,23.504,18.285,22.011,5.219,1.493
mp-aaacgexs,112.168,108.376,94.700,3.792,17.468,36.863,25.352,32.078,11.511,4.785
mp-aaacgfaq,31.542,25.310,24.767,6.232,6.776,16.316,19.712,16.538,3.396,0.222
mp-aaacgfmz,126.205,124.749,132.492,1.456,6.287,71.406,73.576,47.968,2.170,23.438
mp-aaacgfnb,98.000,83.507,98.279,14.493,0.279,43.773,42.615,46.676,1.158,2.903
mp-aaacgfnc,103.667,78.279,97.692,25.388,5.974,40.543,42.481,39.494,1.938,1.048
mp-aaacgfnd,38.333,56.283,38.532,17.950,0.199,16.955,24.312,16.778,7.357,0.177
mp-aaacgfng,19.191,44.006,16.998,24.815,2.194,10.421,11.327,7.629,0.906,2.792
mp-aaacgfoj,41.726,50.937,43.693,9.211,1.967,26.398,21.601,19.402,4.797,6.995
mp-aaacgfpp,42.364,43.493,45.087,1.129,2.722,24.214,20.873,28.153,3.341,3.939
mp-aaacgfqe,43.922,49.210,48.788,5.288,4.867,26.583,23.987,21.543,2.596,5.040
mp-aaacgfqj,33.523,51.758,35.702,18.235,2.180,-5.318,14.673,15.000,19.991,20.318
mp-aaacgful,34.678,29.054,29.998,5.624,4.680,13.243,23.477,14.931,10.234,1.688
mp-aaacgfuv,38.067,36.789,38.177,1.278,0.111,20.717,22.893,25.447,2.176,4.730
mp-aaacgfwg,33.775,27.363,27.981,6.412,5.794,18.559,24.047,17.845,5.488,0.714
mp-aaacggrs,10.990,137.110,-4.784,126.120,15.774,9.003,9.449,-11.702,0.446,20.705
mp-aaacggse,9.544,78.674,8.667,69.130,0.877,8.269,4.052,5.339,4.217,2.929
mp-aaacggsh,15.215,128.584,9.137,113.369,6.077,11.171,17.315,1.561,6.144,9.610
mp-aaacggxf,30.613,44.300,32.360,13.687,1.747,14.045,18.839,13.995,4.794,0.049
mp-aaacggxj,204.861,186.592,218.470,18.269,13.609,30.283,43.721,73.029,13.438,42.747
mp-aaacgifi,79.444,63.626,83.244,15.818,3.799,53.286,46.201,49.935,7.085,3.351
mp-aaacgifj,88.604,88.142,78.586,0.462,10.018,35.413,32.886,42.161,2.527,6.748
mp-aaacgifl,110.000,63.499,108.199,46.501,1.801,55.576,43.120,46.646,12.456,8.930
mp-aaacgifr,171.262,178.637,159.374,7.375,11.888,66.637,106.480,58.901,39.843,7.736
mp-aaacgigm,161.333,146.375,174.065,14.958,12.732,57.520,61.153,71.682,3.633,14.162
mp-aaacgigp,104.667,84.875,110.851,19.792,6.185,14.192,36.350,51.471,22.158,37.279
mp-aaacgigs,251.517,282.865,256.097,31.348,4.580,120.985,110.062,130.893,10.923,9.909
mp-aaacgigt,86.897,68.951,91.222,17.946,4.325,24.371,39.520,39.162,15.149,14.790
mp-aaacgigv,247.533,361.477,247.540,113.944,0.007,123.243,112.455,119.490,10.788,3.753
mp-aaacgigw,110.667,101.737,121.464,8.930,10.798,33.275,42.348,56.507,9.073,23.232
mp-aaacgihm,147.000,127.663,140.093,19.337,6.907,119.950,121.736,139.237,1.786,19.287
mp-aaacgiht,177.329,187.712,199.532,10.383,22.203,74.443,86.586,77.777,12.143,3.334
mp-aaacgihy,163.667,148.676,169.474,14.991,5.807,57.846,54.400,68.568,3.446,10.722
mp-aaacgiie,79.722,75.045,70.898,4.677,8.824,25.959,42.502,22.808,16.543,3.151
mp-aaacgiig,189.945,201.558,182.055,11.613,7.890,76.675,81.112,73.549,4.437,3.126
mp-aaacgiiu,170.372,156.688,182.348,13.684,11.977,36.871,58.063,83.171,21.192,46.300
mp-aaacgiiv,140.083,120.888,146.748,19.195,6.666,44.726,55.028,62.484,10.302,17.758
mp-aaacgijg,193.781,240.361,212.898,46.580,19.117,95.915,96.847,96.776,0.932,0.861
mp-aaacgijr,157.376,136.885,158.928,20.491,1.551,96.515,78.087,96.654,18.428,0.139
mp-aaacgijt,53.585,61.540,54.951,7.955,1.366,30.507,31.361,26.649,0.854,3.857
mp-aaacgijv,232.540,316.754,230.188,84.214,2.353,131.578,91.474,134.888,40.104,3.310
mp-aaacgijz,247.024,352.994,248.024,105.970,0.999,123.703,106.083,122.078,17.620,1.625
mp-aaacgikb,76.216,50.586,74.844,25.630,1.372,40.222,34.788,41.700,5.434,1.477
mp-aaacgiku,70.172,66.009,68.124,4.163,2.048,42.215,36.966,38.618,5.249,3.597
mp-aaacgikx,11.767,46.999,34.164,35.232,22.397,9.309,18.674,18.352,9.365,9.043
mp-aaacgila,130.608,120.975,127.842,9.633,2.766,64.849,56.248,76.849,8.601,11.999
mp-aaacgild,84.291,96.525,79.077,12.234,5.214,58.463,54.261,59.653,4.202,1.189
mp-aaacgill,166.000,148.642,169.602,17.358,3.602,59.959,54.044,69.251,5.915,9.292
mp-aaacgilo,109.333,81.640,111.824,27.693,2.491,27.072,32.169,53.276,5.097,26.204
mp-aaacgilv,242.669,176.780,170.687,65.889,71.981,91.881,95.353,13.910,3.472,77.971
mp-aaacgily,72.405,83.928,83.842,11.523,11.437,30.393,17.300,55.756,13.093,25.363
mp-aaacgilz,216.288,220.829,184.213,4.541,32.075,53.060,71.929,18.582,18.869,34.478
mp-aaacgimg,116.000,102.013,124.934,13.987,8.934,48.594,42.214,55.709,6.380,7.114
mp-aaacgimi,79.997,85.745,74.357,5.748,5.641,57.083,45.166,45.160,11.917,11.923
mp-aaacgimq,66.750,86.006,75.055,19.256,8.305,-6.987,34.703,38.512,41.690,45.499
mp-aaacgimw,30.782,71.629,37.872,40.847,7.089,11.334,18.194,19.220,6.860,7.886
mp-aaacgimx,63.699,50.764,67.531,12.935,3.832,36.445,35.381,37.730,1.064,1.285
mp-aaacgina,42.593,70.421,54.435,27.828,11.842,11.589,48.445,30.247,36.856,18.658
mp-aaacginb,87.352,88.678,85.675,1.326,1.677,49.918,47.962,52.385,1.956,2.467
mp-aaacginc,170.333,210.062,169.044,39.729,1.289,87.856,108.110,98.689,20.254,10.832
mp-aaacgine,53.382,50.332,67.084,3.050,13.702,29.186,36.726,20.414,7.540,8.772
mp-aaacginh,154.352,134.981,154.229,19.371,0.123,54.070,44.328,44.912,9.742,9.158
mp-aaacginl,131.479,137.289,134.505,5.810,3.025,88.019,87.416,75.855,0.603,12.165
mp-aaacginn,133.486,152.514,140.820,19.028,7.334,85.349,96.040,74.485,10.691,10.864
mp-aaacgins,96.790,97.035,103.680,0.245,6.890,60.612,59.854,69.471,0.758,8.859
mp-aaacgint,104.073,101.587,99.519,2.486,4.554,65.773,59.446,56.296,6.327,9.477
mp-aaacginw,90.344,90.331,106.692,0.013,16.348,32.621,50.427,51.375,17.806,18.754
mp-aaacginx,34.766,41.741,38.858,6.975,4.092,16.106,21.619,20.037,5.513,3.930
mp-aaacgioa,48.736,44.933,56.567,3.803,7.831,29.457,32.507,29.795,3.050,0.339
mp-aaacgiob,166.025,136.685,163.434,29.340,2.591,74.371,87.029,83.652,12.658,9.281
mp-aaacgioc,64.738,65.705,78.587,0.967,13.849,46.971,51.084,49.392,4.113,2.421
mp-aaacgiod,165.884,170.876,173.086,4.992,7.201,135.148,115.243,156.727,19.905,21.580
mp-aaacgiof,17.554,35.634,14.944,18.080,2.610,8.687,7.077,5.765,1.610,2.922
mp-aaacgioh,197.342,182.714,198.162,14.628,0.820,60.368,55.055,49.285,5.313,11.083
mp-aaacgiok,100.670,88.748,95.249,11.922,5.421,41.481,40.467,38.651,1.014,2.829
mp-aaacgiol,84.681,92.103,95.598,7.422,10.917,43.428,44.197,47.233,0.769,3.806
mp-aaacgiom,292.667,262.641,296.880,30.026,4.214,134.139,137.352,142.858,3.213,8.718
mp-aaacgion,103.645,97.817,112.571,5.828,8.926,52.011,57.036,63.027,5.025,11.016
mp-aaacgiou,132.885,126.308,127.550,6.577,5.335,72.000,62.877,68.067,9.123,3.933
mp-aaacgiov,10.211,59.307,10.031,49.096,0.180,6.412,5.242,3.351,1.170,3.061
mp-aaacgiox,67.515,43.865,71.843,23.650,4.328,46.552,35.608,44.979,10.944,1.574
mp-aaacgioz,142.810,128.885,117.387,13.925,25.422,72.261,67.598,43.623,4.663,28.638
mp-aaacgipb,48.180,55.089,51.554,6.909,3.374,32.948,25.594,25.070,7.354,7.878
mp-aaacgipc,36.623,66.015,44.602,29.392,7.979,18.888,30.768,22.055,11.880,3.167
mp-aaacgipg,188.976,193.309,196.538,4.333,7.562,59.527,55.275,63.457,4.252,3.930
mp-aaacgiph,203.174,187.746,204.683,15.428,1.510,57.418,61.330,60.783,3.912,3.365
mp-aaacgipm,178.935,170.567,192.843,8.368,13.908,56.536,55.314,56.804,1.222,0.269
mp-aaacgipn,45.971,68.187,56.840,22.216,10.869,32.918,33.914,30.584,0.996,2.334
mp-aaacgipo,196.837,184.324,210.628,12.513,13.791,57.078,51.586,70.233,5.492,13.156
mp-aaacgipq,136.512,128.053,136.806,8.459,0.293,46.349,39.450,49.004,6.899,2.655
mp-aaacgipr,116.289,112.372,103.190,3.917,13.099,87.876,58.290,66.637,29.586,21.239
mp-aaacgips,92.605,81.990,81.462,10.615,11.143,59.156,56.039,39.522,3.117,19.634
mp-aaacgipt,86.095,91.800,88.367,5.705,2.272,52.969,45.914,56.095,7.055,3.126
mp-aaacgipx,109.164,106.497,105.783,2.667,3.382,50.713,56.792,51.683,6.079,0.970
mp-aaacgiqa,76.675,58.190,80.641,18.485,3.966,49.832,49.296,51.421,0.536,1.589
mp-aaacgiqe,96.878,101.622,95.193,4.744,1.685,66.533,61.859,62.660,4.674,3.873
mp-aaacgiqf,96.321,104.866,121.240,8.545,24.920,52.316,49.856,64.133,2.460,11.817
mp-aaacgiqg,96.600,93.951,96.568,2.649,0.032,62.272,65.215,64.767,2.943,2.495
mp-aaacgiqj,90.230,95.864,90.518,5.634,0.288,54.498,45.869,52.848,8.629,1.650
mp-aaacgiqk,93.151,94.749,99.040,1.598,5.889,50.622,45.851,55.426,4.771,4.804
mp-aaacgiqo,167.263,172.982,168.675,5.719,1.412,137.466,118.407,149.928,19.059,12.462
mp-aaacgiqq,127.094,120.745,126.136,6.349,0.958,33.496,35.499,29.150,2.003,4.347
mp-aaacgiqu,17.667,27.964,14.745,10.297,2.922,7.859,7.148,6.702,0.711,1.157
mp-aaacgiqz,97.182,89.623,89.259,7.559,7.923,52.053,45.198,56.784,6.855,4.732
mp-aaacgira,157.892,143.405,167.037,14.487,9.145,54.783,51.242,58.657,3.541,3.875
mp-aaacgird,144.961,132.893,151.297,12.068,6.335,57.208,47.811,52.080,9.397,5.128
mp-aaacgirf,91.316,78.793,85.448,12.523,5.867,53.281,48.377,57.416,4.904,4.135
mp-aaacgirg,181.686,187.569,190.519,5.883,8.833,94.398,106.713,115.086,12.315,20.688
mp-aaacgirh,24.542,49.004,37.017,24.462,12.475,11.010,7.604,16.121,3.406,5.111
mp-aaacgiri,156.422,134.818,158.892,21.604,2.470,66.403,70.136,81.718,3.733,15.315
mp-aaacgirj,13.983,25.181,12.213,11.198,1.771,6.450,3.635,7.305,2.815,0.855
mp-aaacgirm,214.264,210.012,212.498,4.252,1.766,67.920,67.980,66.402,0.060,1.517
mp-aaacgirn,218.765,206.717,214.367,12.048,4.398,74.580,76.554,71.581,1.974,2.998
mp-aaacgiro,209.351,198.725,203.681,10.626,5.670,73.270,65.842,57.340,7.428,15.929
mp-aaacgirp,15.453,26.538,15.711,11.085,0.258,10.990,9.677,6.497,1.313,4.492
mp-aaacgirq,34.256,68.611,53.211,34.355,18.954,21.704,34.763,29.024,13.059,7.320
mp-aaacgirs,177.777,169.558,175.136,8.219,2.640,110.203,85.599,107.583,24.604,2.620
mp-aaacgirt,171.998,154.907,164.369,17.091,7.628,102.688,78.397,91.058,24.291,11.630
mp-aaacgiru,53.835,71.772,51.921,17.937,1.914,29.877,39.181,19.671,9.304,10.206
mp-aaacgirw,89.887,75.766,85.616,14.121,4.270,45.184,50.501,32.014,5.317,13.170
mp-aaacgirx,69.365,39.662,71.305,29.703,1.941,41.971,33.174,42.427,8.797,0.456
mp-aaacgiry,53.949,74.124,51.714,20.175,2.236,144.329,40.422,22.757,103.907,121.572
mp-aaacgisb,114.090,115.447,106.217,1.357,7.873,59.616,59.484,53.389,0.132,6.227
mp-aaacgisc,37.097,43.034,45.163,5.937,8.066,18.219,24.489,21.166,6.270,2.947
mp-aaacgise,92.108,89.487,87.282,2.621,4.827,54.218,42.884,56.385,11.334,2.167
mp-aaacgish,82.863,46.503,77.904,36.360,4.959,48.886,37.352,50.288,11.534,1.402
mp-aaacgisj,144.664,131.893,151.170,12.771,6.506,53.169,40.959,53.952,12.210,0.783
mp-aaacgism,154.389,134.041,154.729,20.348,0.340,42.444,45.632,41.762,3.188,0.682
mp-aaacgisr,162.977,152.794,162.816,10.183,0.161,59.946,51.766,55.817,8.180,4.129
mp-aaacgiss,148.249,131.922,151.765,16.327,3.516,45.796,43.007,38.431,2.789,7.365
mp-aaacgisu,112.574,102.020,102.719,10.554,9.855,70.199,73.416,63.241,3.217,6.958
mp-aaacgisw,197.027,208.865,200.351,11.838,3.324,65.061,73.407,72.806,8.346,7.745
mp-aaacgisz,165.579,184.202,173.851,18.623,8.272,103.379,103.987,30.289,0.608,73.090
mp-aaacgitb,183.887,186.056,189.309,2.169,5.422,58.212,49.467,58.670,8.745,0.458
mp-aaacgitc,21.248,94.855,33.307,73.607,12.059,8.226,33.573,21.665,25.347,13.439
mp-aaacgitd,101.118,94.391,103.234,6.727,2.117,34.365,47.589,44.139,13.224,9.774
mp-aaacgitf,27.848,50.874,33.996,23.026,6.148,15.345,16.043,15.542,0.698,0.196
mp-aaacgiti,95.427,89.271,87.090,6.156,8.337,34.869,35.454,29.955,0.585,4.914
mp-aaacgitl,18.875,14.179,16.193,4.696,2.682,7.723,13.151,7.225,5.428,0.498
mp-aaacgitm,76.557,79.898,86.518,3.341,9.961,53.191,43.584,43.821,9.607,9.370
mp-aaacgitn,160.177,145.195,162.015,14.982,1.838,68.493,71.195,79.765,2.702,11.272
mp-aaacgito,201.162,176.916,218.595,24.246,17.433,71.341,53.146,77.404,18.195,6.063
mp-aaacgitp,100.194,87.718,84.309,12.476,15.886,72.442,49.609,45.414,22.833,27.028
mp-aaacgitt,186.394,185.853,189.385,0.541,2.990,54.804,47.258,46.042,7.546,8.762
mp-aaacgitv,21.186,42.044,27.392,20.858,6.205,6.262,15.665,13.106,9.403,6.844
mp-aaacgity,13.964,26.151,20.198,12.187,6.234,10.330,10.084,8.127,0.246,2.203
mp-aaacgitz,98.075,102.409,95.100,4.334,2.975,62.753,57.726,65.262,5.027,2.508
mp-aaacgiuc,36.551,57.079,45.090,20.528,8.539,8.648,21.653,17.634,13.005,8.985
mp-aaacgiud,124.943,127.894,126.227,2.951,1.283,81.076,72.842,84.572,8.234,3.496
mp-aaacgiuj,49.444,59.407,53.570,9.963,4.126,34.617,25.697,24.599,8.920,10.018
mp-aaacgiuk,151.887,145.978,152.585,5.909,0.698,58.389,46.262,47.234,12.127,11.155
mp-aaacgium,145.982,130.893,144.926,15.089,1.056,48.080,46.111,38.190,1.969,9.890
mp-aaacgiun,116.998,58.809,84.627,58.189,32.370,66.837,61.064,43.938,5.773,22.899
mp-aaacgiuo,21.802,118.649,45.434,96.847,23.632,87.326,35.217,28.778,52.109,58.548
mp-aaacgiup,37.762,38.622,36.740,0.860,1.022,24.995,19.969,20.852,5.026,4.143
mp-aaacgiur,180.771,183.528,176.092,2.757,4.679,48.153,36.580,48.637,11.573,0.484
mp-aaacgius,131.867,123.329,133.490,8.538,1.623,83.599,76.504,91.407,7.095,7.808
mp-aaacgiuu,194.186,202.244,197.416,8.058,3.230,67.215,60.220,62.609,6.995,4.606
mp-aaacgiuw,134.114,110.185,118.732,23.929,15.382,84.135,87.978,81.511,3.843,2.624
mp-aaacgiuy,59.792,75.403,57.142,15.611,2.650,27.065,22.899,19.765,4.166,7.300
mp-aaacgivc,94.927,100.292,103.496,5.365,8.569,59.766,59.245,69.269,0.521,9.503
mp-aaacgivd,118.334,134.185,116.456,15.851,1.878,80.575,67.501,73.173,13.074,7.402
mp-aaacgive,189.871,179.579,196.955,10.292,7.084,-2.462,46.765,60.364,49.227,62.826
mp-aaacgivi,198.878,190.258,210.493,8.620,11.614,66.240,55.052,67.328,11.188,1.088
mp-aaacgivk,156.034,144.055,154.236,11.979,1.797,68.607,54.854,78.308,13.753,9.701
mp-aaacgivl,6.000,-9.436,7.996,15.436,1.996,3.515,12.520,5.102,9.005,1.587
mp-aaacgivm,5.333,4.619,5.273,0.714,0.060,-1.514,14.098,-4.654,15.612,3.139
mp-aaacgivn,85.884,80.126,88.062,5.758,2.179,53.394,50.950,57.130,2.444,3.736
mp-aaacgivp,9.771,46.123,13.254,36.352,3.483,4.924,7.258,5.236,2.334,0.312
mp-aaacgivq,49.071,82.051,49.553,32.980,0.482,32.340,38.155,21.765,5.815,10.575
mp-aaacgivr,160.567,168.235,168.514,7.668,7.947,128.755,112.409,149.017,16.346,20.262
mp-aaacgivx,200.237,179.825,202.266,20.412,2.029,52.655,53.532,56.465,0.877,3.809
mp-aaacgivy,196.350,182.106,196.907,14.244,0.557,52.074,48.239,40.164,3.835,11.910
mp-aaacgiwc,87.805,90.312,92.784,2.507,4.979,54.911,51.014,47.485,3.897,7.426
mp-aaacgiwf,117.027,105.887,132.956,11.140,15.929,64.713,74.381,64.144,9.668,0.569
mp-aaacgiwi,18.333,16.545,15.679,1.788,2.654,7.665,7.135,8.407,0.530,0.742
mp-aaacgiwj,172.000,219.982,196.753,47.982,24.753,79.293,96.472,94.321,17.179,15.028
mp-aaacgiwu,124.013,106.254,125.140,17.759,1.127,57.750,78.263,59.488,20.513,1.738
mp-aaacgiwv,110.144,125.797,114.205,15.653,4.061,36.448,42.649,31.869,6.201,4.580
mp-aaacgiwz,131.945,140.304,134.515,8.359,2.570,76.155,72.307,53.201,3.848,22.954
mp-aaacgixb,144.000,127.728,148.976,16.272,4.976,45.214,46.557,53.700,1.343,8.486
mp-aaacgixg,101.354,104.853,106.635,3.499,5.281,68.463,67.104,46.143,1.359,22.320
mp-aaacgixh,67.719,113.665,62.125,45.946,5.594,23.507,48.214,37.644,24.707,14.137
mp-aaacgixl,215.589,150.106,214.405,65.483,1.184,117.440,124.814,103.296,7.374,14.145
mp-aaacgixr,97.535,112.735,101.323,15.200,3.788,32.147,37.427,39.749,5.280,7.602
mp-aaacgixx,95.793,104.360,92.969,8.567,2.823,30.539,37.453,46.969,6.914,16.431
mp-aaacgiyb,195.444,196.944,194.938,1.500,0.506,126.298,131.997,124.647,5.699,1.652
mp-aaacgiyi,102.166,111.517,104.951,9.351,2.786,34.140,30.529,41.472,3.611,7.332
mp-aaacgiyj,116.651,119.925,103.386,3.274,13.265,75.263,45.411,28.262,29.852,47.001
mp-aaacgiyn,122.543,116.813,119.209,5.730,3.334,44.060,68.844,57.192,24.784,13.132
mp-aaacgiyp,111.847,121.317,115.693,9.470,3.846,2.325,53.369,36.433,51.044,34.108
mp-aaacgiyq,56.667,26.095,35.785,30.572,20.882,21.975,13.215,23.407,8.760,1.432
mp-aaacgiyr,126.427,125.176,116.567,1.251,9.860,85.048,80.151,78.028,4.897,7.020
mp-aaacgiyv,60.565,62.966,49.331,2.401,11.234,24.111,14.363,23.789,9.748,0.322
mp-aaacgizh,43.546,41.606,46.948,1.940,3.402,27.118,16.731,33.720,10.387,6.602
mp-aaacgizm,101.258,95.393,103.195,5.865,1.937,26.795,28.000,16.469,1.205,10.326
mp-aaacgjaf,174.986,164.292,180.515,10.694,5.529,134.345,122.529,132.765,11.816,1.580
mp-aaacgjai,63.157,74.820,74.624,11.663,11.467,28.993,34.148,33.682,5.155,4.689
mp-aaacgjam,100.020,92.168,96.701,7.852,3.319,56.304,46.491,59.849,9.813,3.545
mp-aaacgjbg,115.083,148.508,115.842,33.425,0.760,77.519,69.859,75.802,7.660,1.716
mp-aaacgjbi,111.927,115.135,110.255,3.208,1.672,35.779,38.927,28.571,3.148,7.208
mp-aaacgjcf,19.667,16.676,14.881,2.991,4.786,7.788,10.773,8.227,2.985,0.439
mp-aaacgjcg,156.993,183.700,158.253,26.707,1.260,111.456,100.154,98.695,11.302,12.761
mp-aaacgjch,167.333,155.366,130.043,11.967,37.291,51.728,32.863,-3.238,18.865,54.967
mp-aaacgjci,103.315,103.153,89.744,0.162,13.572,57.511,44.823,51.301,12.688,6.209
mp-aaacgjck,91.329,86.921,98.689,4.408,7.360,56.925,49.190,47.454,7.735,9.471
mp-aaacgjcn,212.574,216.020,169.164,3.446,43.410,119.521,140.874,85.236,21.353,34.285
mp-aaacgjcv,71.858,141.251,74.888,69.393,3.030,29.423,47.447,17.450,18.024,11.972
mp-aaacgjdb,19.549,98.712,13.268,79.163,6.281,15.186,23.682,13.724,8.496,1.462
mp-aaacgjos,17.104,125.887,15.573,108.783,1.532,11.842,19.276,7.106,7.434,4.736
mp-aaacgnti,16.444,67.893,12.951,51.449,3.494,12.798,9.190,5.659,3.608,7.139
mp-aaacgoop,104.409,146.652,113.930,42.243,9.521,58.029,76.988,56.450,18.959,1.580
mp-aaacgoov,132.703,193.421,143.888,60.718,11.185,19.407,40.562,53.082,21.155,33.675
mp-aaacgoow,122.316,127.360,111.094,5.044,11.222,79.743,66.004,63.502,13.739,16.241
mp-aaacgopa,152.719,181.810,130.732,29.091,21.987,60.542,46.009,40.337,14.533,20.204
mp-aaacgopf,160.334,148.378,149.366,11.956,10.968,114.879,85.191,106.749,29.688,8.130
mp-aaacgoqf,105.333,73.090,104.244,32.243,1.090,43.460,30.205,35.712,13.255,7.748
mp-aaacgoqg,83.519,93.962,84.543,10.443,1.024,49.044,41.235,44.961,7.809,4.083
mp-aaacgoqv,32.947,158.910,39.159,125.963,6.212,21.683,42.606,15.511,20.923,6.172
mp-aaacgoqy,40.145,86.587,106.872,46.442,66.727,39.721,25.149,33.653,14.572,6.068
mp-aaacgoqz,94.864,122.564,49.595,27.700,45.269,35.584,38.014,2.166,2.430,33.417
mp-aaacgorc,39.147,135.550,35.302,96.403,3.845,24.726,48.276,17.194,23.550,7.532
mp-aaacgorq,159.098,187.013,165.894,27.915,6.796,81.658,87.554,92.887,5.896,11.229
mp-aaacgoru,129.789,157.941,130.846,28.152,1.056,63.851,52.812,66.116,11.039,2.264
mp-aaacgorw,36.777,64.708,29.191,27.931,7.586,12.232,20.356,13.702,8.124,1.470
mp-aaacgorx,148.006,163.722,152.962,15.716,4.956,74.635,72.138,92.416,2.497,17.781
mp-aaacgory,147.601,243.250,159.648,95.649,12.048,66.312,103.388,73.990,37.076,7.678
mp-aaacgosh,66.043,74.382,46.974,8.339,19.069,33.216,22.921,23.348,10.295,9.868
mp-aaacgosj,67.544,80.479,63.096,12.935,4.448,37.739,35.912,31.195,1.827,6.544
mp-aaacgosr,63.891,104.001,58.178,40.110,5.713,33.240,37.854,26.247,4.614,6.993
mp-aaacgost,168.682,174.411,157.636,5.729,11.046,123.335,94.063,108.950,29.272,14.386
mp-aaacgotc,128.549,148.957,120.746,20.408,7.802,54.256,61.948,56.356,7.692,2.100
mp-aaacgoti,144.355,171.088,126.047,26.733,18.308,90.956,64.514,82.512,26.442,8.444
mp-aaacgotj,46.507,85.772,49.155,39.265,2.648,8.009,17.374,5.291,9.365,2.718
mp-aaacgotm,114.746,110.151,115.862,4.595,1.116,59.012,59.416,61.799,0.404,2.787
mp-aaacgott,112.834,155.117,128.656,42.283,15.822,86.147,77.038,103.770,9.109,17.623
mp-aaacgoud,87.366,149.179,107.042,61.813,19.675,47.889,58.469,56.525,10.580,8.636
mp-aaacgoue,114.808,164.401,127.143,49.593,12.335,44.606,47.533,49.644,2.927,5.038
mp-aaacgoul,129.898,124.169,117.293,5.729,12.605,83.756,73.758,69.005,9.998,14.751
mp-aaacgoum,135.159,132.252,119.817,2.907,15.342,78.804,65.805,75.278,12.999,3.525
mp-aaacgoup,87.831,133.129,63.355,45.298,24.477,90.061,49.122,26.559,40.939,63.501
mp-aaacgouq,118.726,150.591,134.121,31.865,15.395,50.703,48.957,56.481,1.746,5.778
mp-aaacgovc,39.783,84.476,28.737,44.693,11.046,16.978,9.647,11.923,7.331,5.055
mp-aaacgove,138.839,183.000,140.639,44.161,1.800,52.449,51.612,51.443,0.837,1.006
mp-aaacgovg,134.343,221.558,164.817,87.215,30.474,71.582,87.765,84.300,16.183,12.718
mp-aaacgovy,122.264,155.728,150.428,33.464,28.164,53.559,50.571,65.041,2.988,11.482
mp-aaacgowa,43.885,109.713,38.161,65.828,5.724,30.815,17.276,17.208,13.539,13.607
mp-aaacgowe,70.305,129.499,66.188,59.194,4.117,39.007,57.539,45.741,18.532,6.734
mp-aaacgown,94.384,124.291,77.790,29.907,16.593,35.957,35.730,32.789,0.227,3.168
mp-aaacgowo,154.481,186.731,152.794,32.250,1.687,59.356,51.717,55.102,7.639,4.253
mp-aaacgoww,60.272,121.249,44.514,60.977,15.757,31.928,34.559,21.816,2.631,10.112
mp-aaacgowz,131.505,150.714,119.503,19.209,12.002,65.082,51.632,62.317,13.450,2.765
mp-aaacgoxe,79.353,75.891,83.610,3.462,4.257,54.281,54.431,49.833,0.150,4.448
mp-aaacgoxj,91.745,84.593,89.268,7.152,2.477,38.068,57.804,57.978,19.736,19.910
mp-aaacgoxu,69.631,110.909,67.827,41.278,1.804,26.722,47.445,39.038,20.723,12.317
mp-aaacgoxv,36.121,97.237,24.075,61.116,12.046,11.255,3.162,13.121,8.093,1.866
mp-aaacgoyc,84.133,146.945,86.898,62.812,2.765,72.533,63.252,73.992,9.281,1.459
mp-aaacgoyk,113.015,107.749,99.076,5.266,13.939,-0.978,53.774,50.796,54.752,51.774
mp-aaacgoyy,124.375,155.440,113.331,31.065,11.043,51.510,72.087,48.285,20.577,3.225
mp-aaacgoza,75.000,122.918,66.632,47.918,8.368,63.091,50.015,58.379,13.076,4.712
mp-aaacgozj,58.769,82.311,59.645,23.542,0.876,28.974,26.470,31.121,2.504,2.147
mp-aaacgozk,74.600,68.673,77.772,5.927,3.172,47.626,42.093,48.107,5.533,0.481
mp-aaacgozo,149.538,190.087,149.606,40.549,0.068,69.421,97.391,54.504,27.970,14.918
mp-aaacgozp,44.546,81.395,54.988,36.849,10.442,24.302,23.892,30.531,0.410,6.229
mp-aaacgozu,54.667,102.616,56.721,47.949,2.055,37.618,31.067,36.486,6.551,1.132
mp-aaacgpao,85.333,131.599,75.819,46.266,9.515,58.244,57.047,69.745,1.197,11.501
mp-aaacgpaz,37.671,94.123,51.085,56.452,13.414,20.056,33.528,26.676,13.472,6.620
mp-aaacgpba,39.914,98.597,46.709,58.683,6.795,14.185,31.203,23.723,17.018,9.538
mp-aaacgpbg,70.979,78.505,75.279,7.526,4.300,28.567,44.960,42.638,16.393,14.070
mp-aaacgpbs,81.000,122.929,64.507,41.929,16.493,44.911,43.917,31.073,0.994,13.838
mp-aaacgpbv,41.522,78.584,33.724,37.062,7.797,20.581,29.153,17.248,8.572,3.333
mp-aaacgpcf,44.131,90.035,39.802,45.904,4.329,22.086,32.928,19.735,10.842,2.351
mp-aaacgpck,79.896,74.018,80.502,5.878,0.605,45.056,48.590,46.646,3.534,1.590
mp-aaacgpdh,95.371,73.136,99.598,22.235,4.227,36.320,45.796,42.626,9.476,6.306
mp-aaacgpdo,48.842,91.234,59.835,42.392,10.993,25.777,23.668,32.949,2.109,7.171
mp-aaacgpea,141.799,180.604,145.494,38.805,3.695,94.084,89.239,92.631,4.845,1.453
mp-aaacgped,56.892,81.123,59.119,24.231,2.227,29.779,33.427,29.588,3.648,0.190
mp-aaacgpee,53.467,102.563,59.253,49.096,5.785,38.222,33.490,37.785,4.732,0.437
mp-aaacgpeh,71.807,72.890,80.414,1.083,8.607,46.820,55.953,46.847,9.133,0.027
mp-aaacgpei,86.887,65.534,88.185,21.353,1.298,41.315,58.227,49.279,16.912,7.964
mp-aaacgpfv,17.994,61.115,19.120,43.121,1.126,3.865,3.997,8.699,0.132,4.834
mp-aaacgpfy,161.918,202.939,184.721,41.021,22.803,78.095,97.307,98.126,19.212,20.030
mp-aaacgpgh,46.877,141.028,55.119,94.151,8.242,10.258,37.403,29.097,27.145,18.839
mp-aaacgpgw,83.257,137.802,80.885,54.545,2.372,58.704,46.165,57.194,12.539,1.511
mp-aaacgpha,88.763,72.500,90.209,16.263,1.446,41.955,61.996,50.339,20.041,8.384
mp-aaacgphd,103.956,118.960,110.249,15.004,6.293,52.548,65.494,62.147,12.946,9.599
mp-aaacgphh,88.845,77.129,91.000,11.716,2.155,45.465,51.480,46.424,6.015,0.959
mp-aaacgphj,76.498,147.283,82.583,70.785,6.085,69.388,64.233,71.860,5.155,2.472
mp-aaacgphl,65.735,92.886,68.401,27.151,2.666,39.091,33.062,35.991,6.029,3.100
mp-aaacgphu,61.080,78.688,62.558,17.608,1.478,34.745,35.747,34.539,1.002,0.206
mp-aaacgpia,29.485,42.973,26.531,13.488,2.954,12.114,9.212,11.889,2.902,0.226
mp-aaacgpih,102.356,182.541,88.467,80.185,13.889,-27.661,34.770,54.831,62.431,82.492
mp-aaacgpiu,82.835,131.960,87.823,49.125,4.988,43.628,66.879,57.301,23.251,13.673
mp-aaacgpix,148.805,178.796,159.965,29.991,11.161,74.799,74.062,75.007,0.737,0.208
mp-aaacgpja,108.932,117.154,123.492,8.222,14.560,49.948,62.706,70.193,12.758,20.245
mp-aaacgpjc,26.127,41.933,22.872,15.806,3.255,11.857,16.075,11.980,4.218,0.123
mp-aaacgpjj,119.732,110.010,119.219,9.722,0.513,61.289,48.452,62.712,12.837,1.423
mp-aaacgpjr,73.021,87.636,74.804,14.615,1.783,33.262,40.606,45.817,7.344,12.555
mp-aaacgpks,84.156,139.451,92.027,55.295,7.871,64.381,60.818,76.870,3.563,12.490
mp-aaacgpky,81.338,89.651,77.826,8.313,3.512,41.016,46.752,48.004,5.736,6.988
mp-aaacgpla,157.391,204.844,184.460,47.453,27.070,75.648,101.493,98.877,25.845,23.229
mp-aaacgple,92.018,127.622,102.449,35.604,10.431,32.875,50.017,46.240,17.142,13.364
mp-aaacgpmi,81.390,92.549,95.717,11.159,14.327,38.616,53.150,53.314,14.534,14.698
mp-aaacgpms,92.468,119.401,92.882,26.933,0.414,30.562,43.957,41.494,13.395,10.932
mp-aaacgpnr,110.870,189.716,144.849,78.846,33.978,59.017,86.749,87.643,27.732,28.625
mp-aaacgpoj,112.440,110.006,111.890,2.434,0.550,59.349,72.470,61.874,13.121,2.525
mp-aaacgpol,88.763,105.521,80.530,16.758,8.232,46.501,50.500,42.547,3.999,3.954
mp-aaacgpou,80.581,159.667,91.065,79.086,10.484,46.305,49.387,43.893,3.082,2.412
mp-aaacgppf,79.667,69.131,82.168,10.536,2.502,52.319,61.844,49.763,9.525,2.556
mp-aaacgqxf,16.437,86.409,9.579,69.972,6.858,11.380,12.266,5.969,0.886,5.411
mp-aaachcqp,41.793,53.531,38.461,11.738,3.332,20.245,12.741,17.354,7.504,2.891
mp-aaachcsk,42.333,55.608,49.760,13.275,7.427,10.812,10.659,11.703,0.153,0.891
mp-aaachcso,20.667,65.953,27.448,45.286,6.781,-15.274,-6.003,11.540,9.271,26.815
mp-aaachcux,20.333,-30.937,24.056,51.270,3.723,8.794,10.640,15.347,1.846,6.553
mp-aaachcwi,65.199,83.178,63.703,17.979,1.496,27.549,19.787,38.974,7.762,11.426
mp-aaachcxa,48.667,71.968,59.262,23.301,10.595,-16.785,-3.191,29.282,13.594,46.067
mp-aaachcyb,21.556,2.568,22.435,18.988,0.879,7.297,12.611,13.317,5.314,6.020
mp-aaachcym,40.454,52.425,37.382,11.971,3.072,14.357,14.956,13.566,0.599,0.791
mp-aaachcyp,40.064,50.746,37.278,10.682,2.786,8.939,14.826,17.649,5.887,8.710
mp-aaachdah,46.833,77.238,64.105,30.405,17.272,6.533,19.886,42.807,13.353,36.274
mp-aaachdbr,38.856,44.734,34.035,5.878,4.821,13.724,14.183,15.329,0.459,1.605
mp-aaachdcj,40.000,32.912,39.382,7.088,0.618,12.669,8.699,14.301,3.970,1.632
mp-aaachdck,38.589,44.892,48.553,6.303,9.964,43.809,15.054,18.876,28.755,24.933
mp-aaachdcl,77.566,35.051,31.086,42.515,46.479,4.992,11.367,7.544,6.375,2.552
mp-aaachded,61.329,85.131,69.448,23.802,8.119,-24.902,22.636,43.274,47.538,68.176
mp-aaachdeh,18.732,46.582,15.136,27.850,3.597,0.620,-5.103,6.959,5.723,6.339
mp-aaachdei,41.278,54.847,41.560,13.569,0.282,12.832,17.125,12.287,4.293,0.545
mp-aaachdff,32.667,31.469,30.436,1.198,2.231,20.427,16.459,19.355,3.968,1.072
mp-aaachdfm,46.333,43.475,45.719,2.858,0.615,15.526,6.463,18.074,9.063,2.549
mp-aaachdhe,39.636,30.751,31.631,8.885,8.005,7.238,15.498,8.937,8.260,1.699
mp-aaachdho,22.867,44.329,13.860,21.462,9.007,7.008,6.899,8.245,0.109,1.237
mp-aaachdij,19.381,-27.621,23.279,47.002,3.898,11.249,10.088,13.810,1.161,2.561
mp-aaachdjq,41.480,48.965,40.284,7.485,1.196,5.285,12.126,16.969,6.841,11.685
mp-aaachdku,20.551,-16.104,19.562,36.655,0.989,3.072,11.693,11.494,8.621,8.423
mp-aaachdkv,38.197,47.355,38.007,9.158,0.190,12.449,16.147,16.417,3.698,3.967
mp-aaachdns,21.556,1.111,23.028,20.445,1.473,8.319,12.896,14.894,4.577,6.575
mp-aaachdoh,28.941,20.452,24.792,8.489,4.149,9.821,20.646,15.890,10.825,6.068
mp-aaachdoj,17.990,18.467,13.060,0.477,4.930,6.861,8.342,8.634,1.481,1.774
mp-aaachdqg,38.284,39.366,35.059,1.082,3.225,17.235,13.240,16.683,3.995,0.552
mp-aaachdqt,27.000,46.072,20.101,19.072,6.899,6.352,5.093,13.994,1.259,7.643
mp-aaachdtc,30.677,56.565,35.328,25.888,4.651,-0.746,-3.120,17.671,2.374,18.416
mp-aaachfdz,197.667,145.643,194.547,52.024,3.119,104.795,53.868,84.623,50.927,20.172
mp-aaachgfy,81.519,54.129,81.508,27.390,0.010,54.084,38.365,43.876,15.719,10.208
mp-aaachgoh,85.543,95.121,86.304,9.578,0.761,38.534,43.521,31.696,4.987,6.838
mp-aaachhos,7.354,41.550,16.587,34.196,9.233,8.068,15.044,11.874,6.976,3.806
mp-aaachhqt,78.086,91.596,90.723,13.510,12.637,35.758,40.019,37.449,4.261,1.691
mp-aaachnky,27.702,77.769,48.253,50.067,20.551,8.792,25.749,16.642,16.957,7.850
mp-aaachovw,64.863,77.852,66.051,12.989,1.188,26.516,20.516,11.039,6.000,15.477
mp-aaachpav,60.287,113.251,54.664,52.964,5.624,26.285,44.010,26.368,17.725,0.083
mp-aaachpbg,63.498,125.800,75.419,62.302,11.921,33.955,40.500,32.352,6.545,1.602
mp-aaachpsj,105.523,139.485,117.602,33.962,12.078,49.526,42.617,49.745,6.909,0.219
mp-aaachwgl,59.877,52.518,52.211,7.359,7.666,25.537,33.306,24.279,7.769,1.259
mp-aaacidmu,9.667,-4.671,13.247,14.338,3.580,5.437,0.313,7.355,5.124,1.918
mp-aaacieaw,9.000,18.713,7.284,9.713,1.716,7.062,2.198,3.737,4.864,3.325
mp-aaaciegr,12.667,11.437,8.456,1.230,4.211,-33.800,-7.748,3.061,26.052,36.861
mp-aaacifbn,90.000,29.080,99.533,60.920,9.533,15.083,-2.224,22.177,17.307,7.094
mp-aaacifid,29.667,171.426,43.831,141.759,14.165,11.570,8.053,24.862,3.517,13.292
mp-aaacifix,23.333,23.146,31.772,0.187,8.439,-10.779,11.299,21.863,22.078,32.642
mp-aaacigyq,32.663,26.324,31.847,6.339,0.816,13.464,9.683,14.937,3.781,1.473
mp-aaacimmv,13.657,15.712,13.909,2.055,0.252,5.359,6.720,5.193,1.361,0.166
mp-aaaciouk,112.023,120.178,111.991,8.155,0.032,38.748,61.446,24.396,22.698,14.352
mp-aaacipap,88.262,168.566,80.384,80.304,7.878,50.518,58.704,68.091,8.186,17.573
mp-aaacipat,67.191,90.989,60.983,23.798,6.208,14.536,19.110,9.547,4.574,4.989
mp-aaaciqqt,87.524,72.001,122.222,15.523,34.698,47.758,55.808,37.162,8.050,10.596
mp-aaaciuim,81.773,90.748,76.923,8.975,4.850,33.803,38.148,35.126,4.345,1.323
mp-aaaciwgq,104.086,86.672,99.833,17.414,4.254,47.620,53.356,44.346,5.736,3.273
mp-aaaciycv,167.672,130.140,142.864,37.532,24.808,63.021,66.238,66.242,3.217,3.221
mp-aaaciycx,151.481,138.439,151.095,13.042,0.385,72.180,69.073,82.819,3.107,10.640
mp-aaaciyzo,87.782,106.501,80.119,18.719,7.663,41.498,45.465,47.637,3.967,6.139
mp-aaacizdd,29.034,37.973,28.855,8.939,0.179,9.092,14.421,12.615,5.329,3.523
mp-aaacjabt,65.894,113.090,87.462,47.196,21.568,24.403,40.192,44.400,15.789,19.997
mp-aaacjbeg,60.179,69.311,62.402,9.132,2.223,38.336,31.413,39.574,6.923,1.238
mp-aaacjhja,61.753,69.475,63.889,7.722,2.136,36.911,34.313,40.865,2.598,3.954
mp-aaacjhsr,157.058,74.831,150.468,82.227,6.589,90.248,46.361,15.606,43.887,74.643
mp-aaacjigx,88.583,94.707,89.264,6.124,0.682,28.238,14.246,37.104,13.992,8.866
mp-aaacjiov,124.598,120.180,124.047,4.418,0.551,58.150,44.355,50.453,13.795,7.697
mp-aaacjjan,3.222,16.391,2.675,13.169,0.547,-5.167,11.345,-2.890,16.512,2.276
mp-aaacjjjk,142.333,127.823,157.124,14.510,14.790,76.764,80.936,74.775,4.172,1.989
mp-aaacjjkr,69.597,88.151,75.449,18.554,5.853,36.247,38.457,49.867,2.210,13.620
mp-aaacjjoq,42.549,63.386,46.369,20.837,3.820,21.187,26.010,23.229,4.823,2.042
mp-aaacjkeu,62.126,79.750,58.422,17.624,3.704,17.709,33.881,17.396,16.172,0.313
mp-aaacjkhi,15.985,118.647,130.318,102.662,114.333,-2.961,66.990,52.306,69.951,55.267
mp-aaacjknf,55.969,58.223,63.173,2.254,7.204,32.754,27.796,34.851,4.958,2.097
mp-aaacjknu,183.347,171.862,169.247,11.485,14.099,87.099,78.560,55.979,8.539,31.120
mp-aaacjkrk,338.105,338.294,325.849,0.189,12.256,195.061,175.167,198.611,19.894,3.549
mp-aaacjkuv,262.862,296.985,279.750,34.123,16.888,188.472,153.534,211.934,34.938,23.462
mp-aaacjlcf,145.441,189.723,130.771,44.282,14.670,117.930,122.355,99.302,4.425,18.628
mp-aaacjlcg,140.000,91.788,146.231,48.212,6.231,78.581,78.335,74.961,0.246,3.620
mp-aaacjlmm,57.000,48.852,58.482,8.148,1.482,41.400,40.052,26.716,1.348,14.684
mp-aaacjwtd,201.285,244.366,244.246,43.081,42.961,194.561,162.580,169.713,31.981,24.848
mp-aaackiov,173.526,187.469,169.835,13.943,3.691,124.169,125.230,131.471,1.061,7.301
mp-aaackipy,149.150,169.088,78.915,19.938,70.235,65.028,34.185,34.622,30.843,30.405
mp-aaackisd,85.170,65.573,78.648,19.597,6.522,48.380,45.912,41.174,2.468,7.206
mp-aaackivq,229.530,191.639,225.324,37.891,4.206,121.345,72.519,102.147,48.826,19.198
mp-aaackkmp,121.560,143.180,133.900,21.620,12.340,77.122,89.344,64.151,12.222,12.971
mp-aaackqye,222.118,212.018,210.099,10.100,12.019,117.379,114.479,119.654,2.900,2.275
mp-aaackrev,84.208,70.231,76.184,13.977,8.025,27.728,39.119,43.152,11.391,15.424
mp-aaackryp,92.289,102.576,104.979,10.287,12.691,35.597,33.708,44.641,1.889,9.044
mp-aaackryw,82.963,67.673,84.269,15.290,1.306,119.121,45.296,49.091,73.825,70.030
mp-aaackshq,131.194,131.296,127.936,0.102,3.259,53.073,44.626,51.616,8.447,1.457
mp-aaackslv,101.210,94.945,102.412,6.265,1.203,36.941,36.686,37.774,0.255,0.832
mp-aaackssl,68.497,102.370,99.013,33.873,30.516,28.216,44.145,46.418,15.929,18.202
mp-aaackthy,79.520,68.214,78.086,11.306,1.434,52.890,33.036,53.656,19.854,0.765
mp-aaackumd,-16.113,97.261,24.107,113.374,40.220,1.090,63.335,12.473,62.245,11.383
mp-aaackupu,47.308,76.177,64.325,28.869,17.017,13.072,29.843,30.392,16.771,17.320
mp-aaackurx,50.616,72.650,52.711,22.034,2.095,11.305,18.585,19.996,7.280,8.691
mp-aaackvdw,60.322,69.937,65.565,9.615,5.243,45.782,34.377,41.412,11.405,4.370
mp-aaackvor,213.667,228.173,257.672,14.506,44.006,195.749,141.652,227.861,54.097,32.112
mp-aaackwvr,138.771,97.536,129.674,41.235,9.097,66.877,52.347,72.908,14.530,6.031
mp-aaackxmx,89.410,85.689,71.520,3.721,17.889,31.393,33.529,28.941,2.136,2.452
mp-aaackxny,11.763,40.088,10.551,28.325,1.212,6.064,3.351,4.247,2.713,1.817
mp-aaackxqf,156.686,83.069,153.362,73.617,3.324,65.430,73.468,67.266,8.038,1.836
mp-aaackxsj,71.127,74.504,60.442,3.377,10.685,51.211,41.166,40.836,10.045,10.375
mp-aaackxtl,111.335,103.126,133.612,8.209,22.277,84.637,54.541,87.947,30.096,3.310
mp-aaackxua,33.221,86.156,29.614,52.935,3.607,27.545,25.484,17.673,2.061,9.872
mp-aaackxwh,204.047,189.386,200.532,14.661,3.515,114.887,128.801,105.478,13.914,9.410
mp-aaackyhw,-47.486,142.809,164.542,190.295,212.029,64.100,57.882,80.142,6.218,16.042
mp-aaackyjk,361.815,319.027,381.479,42.788,19.664,142.508,154.534,163.842,12.026,21.334
mp-aaackysa,216.794,203.636,193.958,13.158,22.836,121.176,116.930,116.536,4.246,4.640
mp-aaacltmd,67.990,97.655,66.244,29.665,1.745,28.012,82.304,41.079,54.292,13.067
mp-aaacmgss,79.288,87.188,97.516,7.900,18.228,53.827,58.112,61.128,4.285,7.302
mp-aaacpdqk,13.549,81.564,59.193,68.015,45.645,26.977,40.280,31.338,13.303,4.360
mp-aaacpdyp,141.844,137.142,175.206,4.702,33.363,37.073,48.553,55.271,11.480,18.198
mp-aaacpdzj,50.639,31.856,39.369,18.783,11.270,13.957,31.439,12.491,17.482,1.466
mp-aaacpggi,15.889,35.123,21.515,19.234,5.626,10.665,9.633,11.018,1.032,0.354
mp-aaacpgxn,46.549,66.249,57.855,19.700,11.306,16.162,20.975,23.741,4.813,7.579
mp-aaacpkhu,7.774,5.295,9.961,2.479,2.188,4.064,5.580,1.064,1.516,3.001
mp-aaacpkij,11.476,2.353,21.127,9.123,9.650,2.406,12.657,6.600,10.251,4.195
mp-aaacpkpn,3.667,-39.457,2.647,43.124,1.020,1.501,2.767,11.608,1.266,10.107
mp-aaacpkqd,323.667,283.223,337.786,40.444,14.119,198.390,163.854,215.369,34.536,16.979
mp-aaacpktr,6.422,45.233,2.718,38.811,3.704,2.851,-0.279,-3.118,3.130,5.969
mp-aaacplgz,51.755,54.668,39.908,2.913,11.847,43.207,36.201,19.827,7.006,23.380
mp-aaacpmmc,19.000,32.348,23.579,13.348,4.579,6.115,2.914,11.247,3.201,5.131
mp-aaacpnub,365.098,363.528,370.126,1.570,5.028,195.981,185.252,198.921,10.729,2.940
mp-aaacpnuc,365.000,319.333,393.671,45.667,28.671,207.135,199.164,224.045,7.971,16.910
mp-aaacpnux,329.044,270.490,337.972,58.554,8.929,175.246,173.577,202.218,1.669,26.973
mp-aaacppoz,21.261,5.847,18.340,15.414,2.921,10.745,6.648,10.580,4.097,0.165
mp-aaacpqbh,141.141,151.637,137.970,10.496,3.171,52.769,65.520,57.824,12.751,5.055
mp-aaacpqrt,302.534,320.150,314.038,17.616,11.504,153.195,159.202,169.258,6.007,16.063
mp-aaacprkl,91.583,84.472,82.463,7.111,9.120,31.355,34.429,32.187,3.074,0.832
mp-aaacptjk,14.194,39.488,6.116,25.294,8.078,4.885,4.730,3.849,0.155,1.036
mp-aaacptkb,129.888,155.249,148.052,25.361,18.164,65.171,58.763,69.936,6.408,4.765
mp-aaacptmd,18.372,1.500,16.094,16.872,2.278,-0.645,2.021,6.154,2.666,6.798
mp-aaacptpp,136.000,120.834,115.497,15.166,20.503,47.939,51.999,65.309,4.060,17.371
mp-aaacptuh,154.967,174.019,158.121,19.052,3.153,79.442,61.405,79.546,18.037,0.104
mp-aaacpuks,180.846,180.943,172.686,0.097,8.160,153.696,143.340,148.432,10.356,5.264
mp-aaacputy,223.976,239.907,207.660,15.931,16.315,172.435,170.461,151.379,1.974,21.056
mp-aaacpwli,106.237,120.028,131.094,13.791,24.857,64.631,70.002,62.377,5.371,2.254
mp-aaacqaek,14.392,19.582,12.896,5.190,1.495,7.834,6.033,5.940,1.801,1.895
mp-aaacqbhn,31.236,53.720,29.670,22.484,1.566,13.225,13.162,16.521,0.063,3.296
mp-aaacqbkm,226.420,210.407,227.221,16.013,0.802,195.709,175.477,199.764,20.232,4.054
mp-aaacqbnf,61.681,112.316,89.088,50.635,27.407,28.839,28.760,32.090,0.079,3.251
mp-aaacqcgt,46.449,61.860,57.254,15.411,10.805,26.668,32.027,31.365,5.359,4.697
mp-aaacqfhu,27.819,40.176,27.631,12.357,0.188,11.071,10.642,14.428,0.429,3.357
mp-aaacqgau,-0.634,34.233,15.498,34.867,16.132,-0.837,9.462,7.454,10.299,8.292
mp-aaacqgqk,138.781,155.960,141.021,17.179,2.240,62.947,46.847,71.615,16.100,8.668
mp-aaacqhqp,27.405,77.667,20.050,50.262,7.356,11.178,8.284,10.323,2.894,0.855
mp-aaacqiyf,20.333,51.901,23.625,31.568,3.291,12.711,14.864,14.419,2.153,1.708
mp-aaacqozz,1.156,59.700,9.072,58.544,7.916,-0.990,6.924,6.624,7.914,7.614
mp-aaacqpab,43.837,79.640,23.807,35.803,20.030,32.565,34.752,3.602,2.187,28.964
mp-aaacqxfa,218.503,247.863,231.437,29.360,12.935,174.938,149.099,191.803,25.839,16.865
mp-aaacrdqk,233.441,222.271,241.099,11.170,7.658,194.831,166.417,222.226,28.414,27.395
mp-aaacrfgp,354.692,311.871,323.637,42.821,31.055,131.997,156.155,127.814,24.158,4.183
mp-aaacrfjr,204.039,308.308,263.055,104.269,59.017,189.730,186.749,196.933,2.981,7.203
mp-aaacrfmj,271.895,293.924,270.497,22.029,1.398,210.932,196.206,184.202,14.726,26.729
mp-aaacrgvr,306.552,271.580,320.330,34.972,13.778,167.724,159.058,190.620,8.666,22.896
mp-aaacrhrg,310.109,255.619,290.639,54.490,19.470,201.225,168.380,176.023,32.845,25.203
mp-aaacrhso,245.511,315.508,263.346,69.997,17.836,179.074,187.822,176.573,8.748,2.501
mp-aaacrhsu,315.141,259.568,319.855,55.573,4.714,199.194,206.924,186.417,7.730,12.777
mp-aaacrhsv,296.398,282.070,309.469,14.328,13.071,188.118,187.779,197.794,0.339,9.676
mp-aaacrhte,324.679,302.516,329.238,22.163,4.559,194.358,198.629,200.188,4.271,5.830
mp-aaacrhtf,266.418,291.147,263.142,24.729,3.276,207.528,195.418,208.168,12.110,0.640
mp-aaacrjzz,282.509,253.883,283.970,28.626,1.461,138.048,145.227,159.524,7.179,21.476
mp-aaacrkbx,12.000,26.162,17.420,14.162,5.420,6.763,0.441,9.734,6.322,2.971
mp-aaacrkfs,19.425,6.562,17.882,12.863,1.543,8.876,9.478,7.633,0.602,1.243
mp-aaacrlhv,297.136,272.748,314.857,24.388,17.721,188.579,200.741,197.266,12.162,8.687
mp-aaacrlsc,303.217,285.784,292.090,17.433,11.127,195.804,200.448,206.575,4.644,10.771
mp-aaacrqdr,374.639,363.320,355.338,11.319,19.301,195.717,180.559,192.457,15.158,3.260
mp-aaacrqlo,327.333,317.649,344.223,9.684,16.890,203.534,169.841,239.742,33.693,36.207
mp-aaacrrav,269.110,301.022,261.029,31.912,8.081,169.348,132.668,171.140,36.680,1.792
mp-aaacrtlk,11.000,11.824,5.268,0.824,5.732,5.571,0.220,-1.011,5.351,6.582
mp-aaacrtxj,17.365,11.333,16.541,6.032,0.824,7.249,7.967,7.688,0.718,0.439
mp-aaacrtze,301.153,293.825,281.078,7.328,20.075,201.570,225.089,185.205,23.519,16.366
mp-aaacrudk,307.650,255.171,306.599,52.479,1.050,187.718,157.005,176.227,30.713,11.491
mp-aaacrxne,291.322,315.190,270.181,23.868,21.141,187.437,185.561,195.257,1.876,7.820
mp-aaacrxnw,209.226,243.516,211.046,34.290,1.819,186.785,162.637,200.438,24.148,13.653
mp-aaacrxpd,210.936,243.510,188.690,32.574,22.247,64.112,162.616,141.396,98.504,77.284
mp-aaacsczr,128.231,224.100,146.152,95.869,17.922,101.262,87.863,91.441,13.399,9.821
mp-aaacsmot,237.985,242.801,226.476,4.816,11.510,188.871,159.496,171.046,29.375,17.825
mp-aaactgqb,173.111,166.833,182.541,6.278,9.431,67.325,67.754,45.836,0.429,21.489
mp-aaacyhjq,118.709,152.926,161.581,34.217,42.873,56.265,53.956,77.000,2.309,20.735
mp-aaacyoks,155.438,131.220,162.167,24.218,6.729,86.927,81.795,92.607,5.132,5.680
mp-aaadaeow,128.170,66.447,114.798,61.723,13.372,63.446,68.341,57.121,4.895,6.325
mp-aaadasyd,17.333,36.854,16.737,19.521,0.596,19.143,25.308,18.578,6.165,0.565
mp-aaadattb,126.038,84.794,125.032,41.244,1.006,57.445,40.872,23.698,16.573,33.747
mp-aaadaxfe,107.794,85.316,109.997,22.478,2.203,46.241,61.795,38.945,15.554,7.296
mp-aaadbbsq,29.281,53.960,38.770,24.679,9.489,8.029,18.644,10.401,10.615,2.372
mp-aaadbcnc,30.667,70.998,54.091,40.331,23.424,14.017,27.863,20.608,13.846,6.591
mp-aaadbddi,43.281,100.394,53.901,57.113,10.620,29.106,57.842,30.531,28.736,1.425
mp-aaadbfsb,120.345,91.228,110.937,29.117,9.409,43.600,26.662,20.312,16.938,23.287
mp-aaadbisu,55.028,15.174,29.552,39.854,25.476,20.226,23.109,10.380,2.883,9.845
mp-aaadbrgu,68.692,81.734,48.625,13.042,20.066,37.828,49.971,27.721,12.143,10.107
mp-aaadbrue,71.677,83.873,79.925,12.196,8.248,37.324,52.860,40.934,15.536,3.610
mp-aaadbsgu,26.798,41.436,31.841,14.638,5.043,0.266,10.645,1.273,10.379,1.007
mp-aaadbunb,144.365,260.657,149.110,116.292,4.745,38.339,72.102,37.954,33.763,0.385
mp-aaadbusv,108.825,167.104,103.964,58.279,4.861,73.074,73.841,67.279,0.767,5.795
mp-aaadbvah,109.984,159.923,113.118,49.939,3.135,62.547,77.197,53.541,14.650,9.006
mp-aaadbyft,158.086,108.576,150.581,49.510,7.505,48.222,35.101,24.235,13.121,23.987
mp-aaadbymz,60.333,94.128,85.487,33.795,25.154,32.596,19.908,52.126,12.688,19.529
mp-aaadbzwy,119.623,95.490,118.068,24.133,1.555,36.063,31.654,40.623,4.409,4.560
mp-aaadcbsm,47.667,63.123,50.394,15.456,2.728,17.583,16.912,15.560,0.671,2.022
mp-aaadcdgv,87.467,131.093,70.833,43.626,16.634,33.736,42.037,34.581,8.301,0.846
mp-aaadciww,187.467,147.682,163.876,39.785,23.591,34.195,78.896,57.024,44.701,22.829
mp-aaadcjdh,146.529,145.285,153.978,1.244,7.448,77.404,44.160,73.130,33.244,4.274
mp-aaadcjud,135.000,92.486,139.711,42.514,4.711,41.127,33.903,72.435,7.224,31.308
mp-aaadckzv,105.333,77.197,109.486,28.136,4.152,48.540,66.168,51.512,17.628,2.972
mp-aaadclgq,12.881,91.313,12.703,78.432,0.178,14.021,47.587,17.447,33.566,3.426
mp-aaadcppj,116.000,84.517,118.816,31.483,2.816,6.371,25.485,50.534,19.114,44.163
mp-aaadcsho,135.000,131.492,117.359,3.508,17.641,38.094,41.641,52.581,3.547,14.487
mp-aaadctaf,152.667,125.524,138.732,27.143,13.935,33.869,-15.431,62.411,49.300,28.542
mp-aaadctjr,36.593,60.307,53.488,23.714,16.895,15.642,35.769,20.395,20.127,4.753
mp-aaadcvwk,116.667,139.680,105.677,23.013,10.989,7.276,2.196,75.536,5.080,68.260
mp-aaadcwvn,127.000,92.726,146.312,34.274,19.312,73.445,71.905,71.293,1.540,2.152
mp-aaadcxpl,10.210,53.036,16.399,42.826,6.189,9.219,30.286,9.558,21.067,0.338
mp-aaaddbvu,113.000,91.331,94.375,21.669,18.625,19.427,20.652,40.451,1.225,21.024
mp-aaadddpu,153.000,103.974,161.657,49.026,8.657,53.246,72.511,74.010,19.265,20.764
mp-aaaddgxc,148.333,240.636,152.811,92.303,4.478,27.999,27.777,55.790,0.222,27.791
mp-aaaddkle,308.261,327.443,287.964,19.182,20.297,149.637,182.236,72.835,32.599,76.802
mp-aaaddkuv,136.329,213.892,95.500,77.563,40.829,50.488,25.258,53.439,25.230,2.951
mp-aaaddlxh,128.000,130.237,134.377,2.237,6.377,11.446,6.268,84.022,5.178,72.576
mp-aaaddmwh,182.333,163.349,172.712,18.984,9.621,81.392,48.404,97.154,32.988,15.763
mp-aaaddtgg,189.000,168.714,182.402,20.286,6.598,58.527,32.027,92.811,26.500,34.284
mp-aaadedbm,143.333,116.593,187.035,26.740,43.701,44.945,48.078,71.338,3.133,26.393
mp-aaadeemt,128.127,70.980,120.280,57.147,7.848,42.510,51.570,48.956,9.060,6.446
mp-aaadefsc,8.142,15.136,27.736,6.994,19.594,13.214,21.615,11.620,8.401,1.595
mp-aaadfzap,180.333,171.918,186.357,8.415,6.024,63.321,51.743,83.054,11.578,19.733
mp-aaadhpig,160.000,142.555,149.192,17.445,10.808,48.415,33.154,67.449,15.261,19.034
mp-aaadiszd,71.668,65.477,71.919,6.191,0.251,40.137,49.289,43.690,9.152,3.553
mp-aaaditgp,132.585,179.593,140.461,47.008,7.876,56.258,48.870,47.331,7.388,8.927
mp-aaadjlob,9.741,57.230,-1.828,47.489,11.568,12.249,4.625,-23.401,7.624,35.650
mp-aaadjmyx,28.179,71.259,41.318,43.080,13.138,8.444,13.040,9.168,4.596,0.723
mp-aaadjpcn,193.939,168.956,197.366,24.983,3.427,60.105,71.987,92.772,11.882,32.667
mp-aaadjsgw,16.751,75.587,28.789,58.836,12.038,12.229,9.313,17.328,2.916,5.099
mp-aaadjtde,13.077,18.497,11.802,5.420,1.275,6.394,11.423,4.820,5.029,1.574
mp-aaadjulw,9.755,33.791,13.719,24.036,3.964,4.465,5.302,7.470,0.837,3.006
mp-aaadjyvo,33.969,27.408,27.516,6.561,6.452,23.459,22.346,12.775,1.113,10.685
mp-aaadjzau,6.103,17.407,23.004,11.304,16.900,3.157,10.142,0.659,6.985,2.499
mp-aaaegtjv,25.333,12.142,22.663,13.191,2.670,10.750,6.173,8.009,4.577,2.741
mp-aaaeijno,47.045,57.235,51.251,10.190,4.206,23.911,31.782,27.645,7.871,3.734
mp-aaaeiktf,31.667,16.846,28.994,14.821,2.673,12.082,14.143,11.490,2.061,0.593
mp-aaaekrzj,2.653,53.158,7.044,50.505,4.391,-0.293,4.685,4.539,4.978,4.832
mp-aaaelcam,25.406,76.875,63.780,51.469,38.374,12.002,18.072,13.542,6.070,1.541
mp-aaaelgps,10.100,78.501,22.293,68.401,12.193,7.176,17.282,6.804,10.106,0.372
mp-aaaelwww,12.697,79.073,10.136,66.376,2.561,2.783,3.369,6.663,0.586,3.880
mp-aaaemsyl,57.092,72.342,60.230,15.250,3.138,21.793,21.909,22.745,0.116,0.953
mp-aaaewiwb,133.503,161.297,134.110,27.794,0.607,77.096,72.495,76.476,4.601,0.621
mp-aaaewpfx,68.198,92.902,98.349,24.704,30.150,40.926,35.197,43.049,5.729,2.123
mp-aaafdnwp,47.739,52.651,43.180,4.912,4.559,10.689,17.228,8.743,6.539,1.946
mp-aaafdsif,117.234,132.367,111.889,15.133,5.345,41.699,36.396,33.405,5.303,8.294
mp-aaafdvbl,82.256,100.996,95.053,18.740,12.797,182.762,121.390,64.629,61.372,118.133
mp-aaafdwji,42.978,138.248,59.227,95.270,16.250,1.116,72.514,5.971,71.398,4.855
mp-aaafdwlt,13.102,39.161,26.869,26.059,13.768,9.055,20.736,14.107,11.681,5.052
mp-aaafdxez,14.011,79.542,17.675,65.531,3.664,2.606,11.504,6.715,8.898,4.109
mp-aaafdxgq,7.901,70.081,10.353,62.180,2.453,5.359,-0.988,3.784,6.347,1.575
mp-aaafeaud,37.922,20.504,37.964,17.418,0.042,-3.537,8.635,19.565,12.172,23.102
mp-aaafecms,23.169,54.610,11.960,31.441,11.209,11.353,17.989,7.082,6.636,4.272
mp-aaafehfz,12.645,71.235,0.807,58.590,11.839,4.743,5.298,0.098,0.555,4.645
mp-aaafekuc,65.390,72.268,70.512,6.878,5.122,23.166,15.717,35.807,7.449,12.641
mp-aaafekuv,25.504,32.061,27.865,6.557,2.361,13.227,8.495,15.622,4.732,2.395
mp-aaafekwf,33.655,43.149,28.183,9.494,5.472,29.799,28.260,21.788,1.539,8.011
mp-aaafepjt,71.126,75.002,65.897,3.876,5.229,34.231,28.069,32.187,6.162,2.044
mp-aaafexrn,243.472,137.698,88.663,105.774,154.810,4.478,38.186,10.545,33.708,6.067
mp-aaaffcsd,89.111,80.370,62.612,8.741,26.499,41.853,55.169,44.800,13.316,2.947
mp-aaaffkqd,87.450,65.826,85.784,21.624,1.666,43.172,46.434,48.834,3.262,5.663
mp-aaaffoui,57.514,74.651,50.828,17.137,6.686,23.135,14.827,27.821,8.308,4.686
mp-aaafgfrj,299.412,302.420,285.982,3.008,13.430,149.171,170.681,130.900,21.510,18.271
mp-aaafhbgq,93.409,105.818,109.640,12.409,16.231,20.503,38.944,28.774,18.441,8.271
mp-aaafhlhi,43.661,67.364,47.512,23.703,3.852,21.830,15.351,19.754,6.479,2.076
mp-aaafhsfr,54.930,43.272,66.811,11.658,11.881,48.727,37.367,35.846,11.360,12.881
mp-aaafhsgi,57.027,103.459,88.685,46.432,31.658,17.918,26.528,32.304,8.610,14.387
mp-aaafhsov,28.138,-4.317,18.626,32.455,9.512,17.862,14.392,0.542,3.470,17.321
mp-aaafhvbj,12.217,22.540,6.857,10.323,5.360,3.511,8.829,3.613,5.318,0.102
mp-aaafhwgd,1.278,90.821,1.092,89.543,0.186,1.328,10.948,-0.546,9.620,1.874
mp-aaafhzny,159.361,248.486,200.130,89.125,40.769,5.588,-15.256,29.934,20.844,24.345
mp-aaafjttj,8.054,59.062,8.601,51.008,0.548,4.067,6.616,5.529,2.549,1.462
mp-aaafjxek,148.330,187.628,161.047,39.298,12.717,59.105,44.834,65.301,14.271,6.196
mp-aaafjxih,4.622,33.682,12.317,29.060,7.694,3.105,2.696,5.241,0.409,2.135
mp-aaafkfqe,31.667,31.194,28.481,0.473,3.186,11.785,11.168,12.345,0.617,0.560
mp-aaafkmaw,62.947,71.240,60.536,8.293,2.411,30.051,30.020,27.513,0.031,2.538
mp-aaafkmcl,80.339,96.310,74.521,15.971,5.818,31.400,44.137,35.148,12.737,3.748
mp-aaafkmdf,129.366,160.324,124.830,30.958,4.537,91.593,91.951,78.493,0.358,13.100
mp-aaafkwew,35.351,76.084,41.303,40.733,5.952,27.902,33.260,16.409,5.358,11.493
mp-aaaflcev,33.222,15.681,32.593,17.541,0.629,26.677,23.971,21.949,2.706,4.728
mp-aaaflckx,44.734,42.450,48.369,2.284,3.635,22.094,24.041,25.826,1.947,3.733
mp-aaaflpdr,201.434,189.989,205.859,11.445,4.425,86.965,84.113,71.346,2.852,15.619
mp-aaaflvuj,52.837,43.066,56.545,9.771,3.707,32.611,43.070,31.076,10.459,1.535
mp-aaafmqdn,49.895,65.682,45.431,15.787,4.464,22.237,15.603,24.244,6.634,2.007
mp-aaafnbaf,54.555,59.834,50.020,5.279,4.534,29.457,27.563,26.356,1.894,3.100
mp-aaafngpc,37.264,64.500,35.179,27.236,2.085,19.421,14.435,19.822,4.986,0.401
mp-aaafnrhd,160.632,190.728,171.046,30.096,10.414,79.595,76.208,97.341,3.387,17.746
mp-aaafnzjq,134.049,129.113,144.378,4.936,10.329,18.744,22.181,35.349,3.437,16.604
mp-aaafqzqh,171.295,131.993,185.005,39.302,13.709,85.158,82.838,106.719,2.320,21.561
mp-aaaftaxl,80.120,78.422,84.948,1.698,4.827,27.176,38.940,33.274,11.764,6.098
mp-aaaftbhv,37.695,44.053,56.337,6.358,18.641,24.616,26.084,31.630,1.468,7.013
mp-aaaftlrb,50.120,61.969,40.753,11.849,9.367,19.011,14.633,8.366,4.378,10.644
mp-aaaftpiy,7.774,-30.702,15.231,38.476,7.457,3.622,2.003,5.064,1.619,1.442
mp-aaaftrdu,187.000,180.081,172.003,6.919,14.997,73.273,75.855,103.515,2.582,30.242
mp-aaafubiu,89.313,95.575,66.180,6.262,23.133,49.676,68.725,35.777,19.049,13.899
mp-aaafussj,22.000,14.379,24.225,7.621,2.225,8.238,9.864,11.940,1.626,3.702
mp-aaafuupd,76.593,71.311,82.513,5.282,5.920,32.356,41.552,40.831,9.196,8.475
mp-aaafvagi,122.717,73.134,116.575,49.583,6.142,44.802,56.399,40.278,11.597,4.524
mp-aaafvitu,17.539,45.998,14.398,28.459,3.141,10.644,13.429,7.551,2.785,3.093
mp-aaafvlbp,49.243,70.487,45.685,21.244,3.558,26.710,30.394,31.180,3.684,4.470
mp-aaafvqnr,76.196,95.113,107.680,18.917,31.484,44.930,41.315,53.659,3.615,8.729
mp-aaafwben,80.467,46.997,72.673,33.470,7.793,43.421,32.399,34.706,11.022,8.716
mp-aaafwfix,101.007,191.100,113.114,90.093,12.107,24.727,31.242,40.249,6.515,15.522
mp-aaafwilm,27.304,52.657,23.328,25.353,3.977,13.124,24.192,12.709,11.068,0.415
mp-aaafwmcv,7.562,47.487,12.667,39.925,5.106,3.772,2.099,5.909,1.673,2.137
mp-aaafwmfk,121.325,231.429,109.910,110.104,11.414,25.356,14.014,9.396,11.342,15.960
mp-aaafxjyb,40.000,-10.265,31.915,50.265,8.085,13.520,9.871,13.581,3.649,0.061
mp-aaafxjyp,77.169,28.404,78.340,48.765,1.171,16.152,12.504,12.544,3.648,3.609
mp-aaafypsm,75.382,62.354,84.368,13.028,8.986,29.911,30.970,38.121,1.059,8.210
mp-aaafyqjn,53.774,61.621,49.804,7.847,3.971,29.386,29.118,26.616,0.268,2.770
mp-aaafyssc,99.100,64.485,89.752,34.615,9.348,45.789,47.055,54.360,1.266,8.571
mp-aaafyufe,26.000,35.755,20.251,9.755,5.749,14.303,22.691,9.271,8.388,5.032
mp-aaafyztd,125.165,128.029,116.098,2.864,9.067,46.113,71.645,63.513,25.532,17.400
mp-aaafzajy,25.887,71.344,42.547,45.457,16.660,20.915,28.342,21.221,7.427,0.306
mp-aaafzbnm,45.908,99.253,69.467,53.345,23.559,21.118,32.276,35.594,11.158,14.476
mp-aaagbwbn,14.667,25.186,16.449,10.519,1.782,4.600,-4.548,5.804,9.148,1.204
mp-aaagbxij,5.667,33.932,8.665,28.265,2.998,3.000,6.581,1.227,3.581,1.773
mp-aaagcsia,31.204,35.165,33.679,3.961,2.474,18.916,15.020,19.271,3.896,0.355
mp-aaagdbcg,24.333,49.618,19.698,25.285,4.636,12.660,10.037,9.737,2.623,2.924
mp-aaagdlwt,8.778,-10.069,18.442,18.847,9.664,4.553,9.303,2.677,4.750,1.876
mp-aaagdntk,102.669,93.596,102.457,9.073,0.212,11.738,22.038,32.241,10.300,20.503
mp-aaageynw,29.778,34.355,28.877,4.577,0.901,17.195,19.347,19.127,2.152,1.933
mp-aaageyou,34.510,32.594,32.556,1.916,1.954,18.904,22.129,21.338,3.225,2.433
mp-aaageypz,25.067,32.152,24.372,7.085,0.694,16.359,20.339,16.683,3.980,0.325
mp-aaagfcen,87.539,95.740,65.571,8.201,21.968,20.692,25.461,20.266,4.769,0.427
mp-aaagfddh,213.768,260.569,235.100,46.801,21.332,107.989,126.187,157.779,18.198,49.790
mp-aaagfdgv,29.929,44.770,33.880,14.841,3.950,9.993,11.214,9.103,1.221,0.889
mp-aaaggulq,29.228,29.627,27.861,0.399,1.367,17.678,17.984,18.666,0.306,0.987
mp-aaaghkro,39.290,28.043,40.522,11.247,1.232,15.455,14.126,13.106,1.329,2.349
mp-aaaghqrh,74.214,61.164,95.241,13.050,21.027,35.167,33.578,35.555,1.589,0.388
mp-aaaghxdy,52.000,57.562,50.618,5.562,1.382,22.030,14.744,-2.270,7.286,24.300
mp-aaagirhh,46.213,55.982,40.500,9.769,5.713,27.472,24.227,18.055,3.245,9.417
mp-aaagjtrl,90.467,83.111,86.219,7.356,4.248,-0.045,43.538,49.942,43.583,49.987
mp-aaagkhrg,32.117,90.545,62.977,58.428,30.860,-16.157,58.803,15.331,74.960,31.489
mp-aaagklfr,5.947,61.817,5.705,55.870,0.242,9.847,12.507,2.634,2.660,7.213
mp-aaagkrhu,6.825,25.645,27.643,18.820,20.818,2.952,-5.074,10.410,8.026,7.458
mp-aaagkrml,1.966,-1.849,2.344,3.815,0.378,1.197,-0.901,-3.649,2.098,4.846
mp-aaagkufv,16.664,49.154,18.018,32.490,1.354,9.421,30.399,8.064,20.978,1.356
mp-aaagkumu,225.666,219.549,233.555,6.117,7.889,198.396,158.769,211.026,39.627,12.630
mp-aaagkwgv,9.235,61.903,55.130,52.668,45.895,1.534,14.995,15.832,13.461,14.298
