mp-aaaaaaab,0.604
mp-aaaaaaac,48.469
mp-aaaaaaad,1.609
mp-aaaaaaae,11.48
mp-aaaaaaah,1.075
mp-aaaaaaai,168.04
mp-aaaaaaaj,23.2
mp-aaaaaaak,32.38
mp-aaaaaaal,20.3
mp-aaaaaaan,67.563
mp-aaaaaaao,10.032
mp-aaaaaaar,116.144
mp-aaaaaaas,23.903
mp-aaaaaaat,14.952
mp-aaaaaaau,111.454
mp-aaaaaaav,-6.284
mp-aaaaaaax,91.592
mp-aaaaaaay,510.742
mp-aaaaaaaz,0.309
mp-aaaaaaba,16.922
mp-aaaaaabb,-14.386
mp-aaaaaabc,33.95
mp-aaaaaabe,49.843
mp-aaaaaabg,45.07
mp-aaaaaabh,193.869
mp-aaaaaabi,56.749
mp-aaaaaabk,22.413
mp-aaaaaabl,39.908
mp-aaaaaabm,19.899
mp-aaaaaabn,3.464
mp-aaaaaabp,1.932
mp-aaaaaabq,60.284
mp-aaaaaabs,113.597
mp-aaaaaabt,7.495
mp-aaaaaabu,48.257
mp-aaaaaabv,525.646
mp-aaaaaabw,89.734
mp-aaaaaabx,244.666
mp-aaaaaaby,64.83
mp-aaaaaabz,3.618
mp-aaaaaacb,-44.235
mp-aaaaaacc,88.882
mp-aaaaaacd,5.892
mp-aaaaaace,4.782
mp-aaaaaacg,19980.015
mp-aaaaaack,11.45
mp-aaaaaacm,32.576
mp-aaaaaaco,519.951
mp-aaaaaacp,32.26
mp-aaaaaacq,19.245
mp-aaaaaacr,24.026
mp-aaaaaacs,0.8200000000000001
mp-aaaaaact,10.038
mp-aaaaaacu,62.245
mp-aaaaaacv,-30.266
mp-aaaaaacw,150.16
mp-aaaaaacx,25.854
mp-aaaaaacy,5.411
mp-aaaaaada,39.008
mp-aaaaaadb,-2781.21
mp-aaaaaadc,-9.829
mp-aaaaaadd,-5.735
mp-aaaaaade,11.153
mp-aaaaaadg,25.121
mp-aaaaaadh,11.555
mp-aaaaaadi,23.389
mp-aaaaaadj,133.872
mp-aaaaaadk,26.543
mp-aaaaaadm,76.972
mp-aaaaaadn,148.152
mp-aaaaaado,62.896
mp-aaaaaadq,13.413
mp-aaaaaadr,7.209
mp-aaaaaadt,16.891
mp-aaaaaadv,31.02
mp-aaaaaadw,-27.239
mp-aaaaaadx,208.901
mp-aaaaaady,120.256
mp-aaaaaadz,56.604
mp-aaaaaaea,20.273
mp-aaaaaaeb,11.377
mp-aaaaaaee,-261.938
mp-aaaaaaef,70.562
mp-aaaaaaeg,9.504
mp-aaaaaaeh,0.597
mp-aaaaaaei,27.122
mp-aaaaaaej,145.8
mp-aaaaaaek,17.687
mp-aaaaaaen,22.399
mp-aaaaaaeo,0.503
mp-aaaaaaep,-98.413
mp-aaaaaaes,5.667
mp-aaaaaaet,21.438
mp-aaaaaaeu,13.21
mp-aaaaaaew,49.52
mp-aaaaaaex,2.099
mp-aaaaaaey,40.309
mp-aaaaaaez,117.048
mp-aaaaaafa,39.838
mp-aaaaaafb,33.105
mp-aaaaaafc,10.874
mp-aaaaaafd,22.101
mp-aaaaaafe,-13.986
mp-aaaaaaff,3.745
mp-aaaaaafg,180.477
mp-aaaaaafh,42.715
mp-aaaaaafj,7.697
mp-aaaaaafk,8.836
mp-aaaaaafl,12.032
mp-aaaaaafm,30.01
mp-aaaaaafn,31.32
mp-aaaaaafo,28.414
mp-aaaaaafq,40.746
mp-aaaaaafr,4.031
mp-aaaaaaft,62.445
mp-aaaaaafu,-60.519
mp-aaaaaafv,-4.929
mp-aaaaaafx,24.389
mp-aaaaaaga,14.36
mp-aaaaaagb,12.609
mp-aaaaaagd,18.911
mp-aaaaaage,172.392
mp-aaaaaagf,2957435.607
mp-aaaaaagg,8.32
mp-aaaaaagj,61.322
mp-aaaaaagk,3.229
mp-aaaaaagm,62.471
mp-aaaaaagn,80.084
mp-aaaaaagp,101.539
mp-aaaaaagr,69.344
mp-aaaaaagw,37.801
mp-aaaaaagx,4.156
mp-aaaaaaha,31.131
mp-aaaaaahg,86.928
mp-aaaaaahh,99.337
mp-aaaaaahi,91.956
mp-aaaaaahj,41.489
mp-aaaaaahl,46.073
mp-aaaaaahn,74.077
mp-aaaaaaho,83.776
mp-aaaaaahv,31.57
mp-aaaaaahw,13.894
mp-aaaaaahy,-513.342
mp-aaaaaaif,18.707
mp-aaaaaaig,77.994
mp-aaaaaaih,34.094
mp-aaaaaaii,79.706
mp-aaaaaaij,21.314
mp-aaaaaaik,55.209
mp-aaaaaail,133.065
mp-aaaaaaim,2.343
mp-aaaaaaip,27.681
mp-aaaaaaiq,20.652
mp-aaaaaais,135.327
mp-aaaaaait,37.739
mp-aaaaaaiv,110.129
mp-aaaaaaiw,58.618
mp-aaaaaaiy,41.33
mp-aaaaaaiz,56.461
mp-aaaaaajd,18.543
mp-aaaaaaje,42.263
mp-aaaaaajf,19.508
mp-aaaaaajh,27.592
mp-aaaaaaji,110.605
mp-aaaaaajm,30.021
mp-aaaaaajo,92.438
mp-aaaaaajp,70.131
mp-aaaaaajq,11.194
mp-aaaaaajr,142.307
mp-aaaaaajs,40.518
mp-aaaaaajt,71.056
mp-aaaaaajv,6.751
mp-aaaaaajw,67.25
mp-aaaaaajy,8.879
mp-aaaaaajz,120.006
mp-aaaaaaka,222.072
mp-aaaaaakf,212.167
mp-aaaaaakg,49.979
mp-aaaaaako,54.863
mp-aaaaaakq,45.523
mp-aaaaaakt,68.118
mp-aaaaaaku,41.22
mp-aaaaaakv,14.307
mp-aaaaaakw,54.578
mp-aaaaaaky,123.627
mp-aaaaaala,36.238
mp-aaaaaalc,33.953
mp-aaaaaalf,130.443
mp-aaaaaalg,111.483
mp-aaaaaalj,53.503
mp-aaaaaalo,68.3
mp-aaaaaalr,27.225
mp-aaaaaalt,94.979
mp-aaaaaalu,36.019
mp-aaaaaalw,48.125
mp-aaaaaalx,36.124
mp-aaaaaaly,2311.15
mp-aaaaaama,172.832
mp-aaaaaamb,41.291
mp-aaaaaamc,46.181
mp-aaaaaamd,24.288
mp-aaaaaame,120.425
mp-aaaaaamf,54.997
mp-aaaaaamg,51.052
mp-aaaaaamh,18.805
mp-aaaaaamj,28.256
mp-aaaaaamk,10.224
mp-aaaaaaml,35.883
mp-aaaaaamq,20.086
mp-aaaaaamt,43.156
mp-aaaaaamv,83.525
mp-aaaaaamw,39.28
mp-aaaaaamx,29.226
mp-aaaaaamy,24.103
mp-aaaaaanb,11.56
mp-aaaaaand,23.519
mp-aaaaaane,21.954
mp-aaaaaanf,87.521
mp-aaaaaang,115.861
mp-aaaaaanh,90.679
mp-aaaaaank,38.402
mp-aaaaaanl,41.818
mp-aaaaaanm,35.885
mp-aaaaaann,91.069
mp-aaaaaano,100.522
mp-aaaaaanp,-0.015
mp-aaaaaanr,33.016
mp-aaaaaant,50.999
mp-aaaaaanx,7.888
mp-aaaaaany,55.258
mp-aaaaaanz,108.792
mp-aaaaaaoa,98.81
mp-aaaaaaob,113.996
mp-aaaaaaoe,0.877
mp-aaaaaaog,33.755
mp-aaaaaaoi,109.303
mp-aaaaaaok,185.971
mp-aaaaaaol,63.703
mp-aaaaaaom,17.281
mp-aaaaaaon,52.59
mp-aaaaaaoo,66.701
mp-aaaaaaop,2.939
mp-aaaaaaoq,27.422
mp-aaaaaaor,93.152
mp-aaaaaaou,37.098
mp-aaaaaaox,-60.014
mp-aaaaaaoz,53.453
mp-aaaaaapa,47.35
mp-aaaaaapc,32.637
mp-aaaaaapf,84.766
mp-aaaaaaph,24.319
mp-aaaaaapi,44.73
mp-aaaaaapj,28.839
mp-aaaaaapk,47.046
mp-aaaaaapl,37.408
mp-aaaaaapm,28.366
mp-aaaaaapo,23.548
mp-aaaaaapq,13.013
mp-aaaaaaps,42.782
mp-aaaaaapt,13.293
mp-aaaaaapu,61.282
mp-aaaaaapx,68.706
mp-aaaaaapz,206.661
mp-aaaaaaqa,116.816
mp-aaaaaaqb,85.073
mp-aaaaaaqd,90.805
mp-aaaaaaqf,-180715117223.169
mp-aaaaaaqg,66.879
mp-aaaaaaqh,42.417
mp-aaaaaaqj,127.484
mp-aaaaaaqk,42.069
mp-aaaaaaql,85.376
mp-aaaaaaqm,27.868
mp-aaaaaaqn,62.202
mp-aaaaaaqo,88.246
mp-aaaaaaqq,50.729
mp-aaaaaaqr,42.112
mp-aaaaaaqt,30.84
mp-aaaaaaqu,26.534
mp-aaaaaaqv,25.035
mp-aaaaaaqw,36.021
mp-aaaaaaqz,5.849
mp-aaaaaarb,15.106
mp-aaaaaard,19.668
mp-aaaaaare,85.42
mp-aaaaaarg,47.951
mp-aaaaaarh,104.859
mp-aaaaaari,201.475
mp-aaaaaarj,81.074
mp-aaaaaark,83.076
mp-aaaaaarm,22.906
mp-aaaaaarp,-15532.357
mp-aaaaaarq,74.827
mp-aaaaaars,26.844
mp-aaaaaarv,16.899
mp-aaaaaarw,29.485
mp-aaaaaarz,48.498
mp-aaaaaasa,49.835
mp-aaaaaasc,130.151
mp-aaaaaasd,18.611
mp-aaaaaase,-142.01
mp-aaaaaasf,6.665
mp-aaaaaasg,38.227
mp-aaaaaash,33.954
mp-aaaaaasj,53.193
mp-aaaaaasm,74.793
mp-aaaaaasn,89.795
mp-aaaaaasq,11.435
mp-aaaaaasr,68.767
mp-aaaaaass,67.142
mp-aaaaaast,114.123
mp-aaaaaasu,18.079
mp-aaaaaasv,58.027
mp-aaaaaasx,-2965589.882
mp-aaaaaasy,191.577
mp-aaaaaatb,43.84
mp-aaaaaatc,29.769
mp-aaaaaatg,15.826
mp-aaaaaath,16.179
mp-aaaaaatj,37.254
mp-aaaaaatk,27.234
mp-aaaaaatm,8.07
mp-aaaaaatn,59.025
mp-aaaaaatr,9.662
mp-aaaaaatu,59.457
mp-aaaaaatw,36.872
mp-aaaaaatx,145.738
mp-aaaaaatz,-82.799
mp-aaaaaauc,31.3
mp-aaaaaaud,47.301
mp-aaaaaauf,-124.445
mp-aaaaaauh,12.119
mp-aaaaaauo,159.851
mp-aaaaaaup,56.748
mp-aaaaaaus,13.005
mp-aaaaaaut,22.912
mp-aaaaaauu,65.405
mp-aaaaaauv,85.474
mp-aaaaaauw,14.296
mp-aaaaaauy,-1.133
mp-aaaaaava,61.943
mp-aaaaaavc,57.068
mp-aaaaaavd,33.538
mp-aaaaaave,58.772
mp-aaaaaavf,31.802
mp-aaaaaavj,89.567
mp-aaaaaavk,38.253
mp-aaaaaavl,29.509
mp-aaaaaavn,48.346
mp-aaaaaavo,45.148
mp-aaaaaavq,55.904
mp-aaaaaavr,175.607
mp-aaaaaavs,19.279
mp-aaaaaavt,50.824
mp-aaaaaavw,54.473
mp-aaaaaavx,43.425
mp-aaaaaavy,21.328
mp-aaaaaavz,-22.888
mp-aaaaaawa,18.597
mp-aaaaaawb,34.383
mp-aaaaaawc,78.733
mp-aaaaaawe,155.259
mp-aaaaaawg,21.947
mp-aaaaaawh,96.262
mp-aaaaaawi,143.495
mp-aaaaaawk,73.319
mp-aaaaaawl,-410.562
mp-aaaaaawn,171.71
mp-aaaaaawr,7.528
mp-aaaaaaws,43.793
mp-aaaaaawu,108.631
mp-aaaaaaww,15.89
mp-aaaaaawz,38.641
mp-aaaaaaxc,-6.965
mp-aaaaaaxd,50.128
mp-aaaaaaxe,14.025
mp-aaaaaaxf,84.594
mp-aaaaaaxh,6.693
mp-aaaaaaxi,49.726
mp-aaaaaaxj,-8.473
mp-aaaaaaxk,94.374
mp-aaaaaaxm,55.488
mp-aaaaaaxp,25.081
mp-aaaaaaxr,20.773
mp-aaaaaaxt,30.048
mp-aaaaaaxz,27.186
mp-aaaaaayb,52.226
mp-aaaaaayd,34.822
mp-aaaaaaye,23.228
mp-aaaaaayh,172.363
mp-aaaaaayi,133.594
mp-aaaaaayj,23.894
mp-aaaaaayk,7.553
mp-aaaaaayl,84.21
mp-aaaaaayn,139.258
mp-aaaaaayo,24.166
mp-aaaaaayr,3.185
mp-aaaaaayt,91.197
mp-aaaaaayv,58.988
mp-aaaaaayw,19.44
mp-aaaaaayx,100.771
mp-aaaaaayy,19.193
mp-aaaaaayz,110.344
mp-aaaaaaza,131.95
mp-aaaaaazg,42.384
mp-aaaaaazh,21.379
mp-aaaaaazl,122.306
mp-aaaaaazm,24.256
mp-aaaaaazn,47.984
mp-aaaaaazp,9.691
mp-aaaaaazs,52.941
mp-aaaaaazt,60.691
mp-aaaaaazu,-171548.748
mp-aaaaaazw,17.29
mp-aaaaaazx,47.113
mp-aaaaaazy,45.919
mp-aaaaaazz,87.007
mp-aaaaabaa,23.676
mp-aaaaabad,65.426
mp-aaaaabag,30.163
mp-aaaaabap,14.724
mp-aaaaabaq,23.825
mp-aaaaabar,15.285
mp-aaaaabas,11.236
mp-aaaaabat,2255401628309.966
mp-aaaaabau,69.894
mp-aaaaabav,99.178
mp-aaaaabay,13.905
mp-aaaaabbe,11.783
mp-aaaaabbg,39.976
mp-aaaaabbi,54.979
mp-aaaaabbj,20374681.542
mp-aaaaabbk,31.833
mp-aaaaabbn,126.396
mp-aaaaabbp,157.964
mp-aaaaabbq,54.511
mp-aaaaabbs,4.15
mp-aaaaabbt,22.082
mp-aaaaabbv,-1167296.783
mp-aaaaabbx,100.944
mp-aaaaabby,10.038
mp-aaaaabca,21.97
mp-aaaaabcb,154.873
mp-aaaaabcc,117.617
mp-aaaaabcd,17.515
mp-aaaaabcf,28.881
mp-aaaaabci,34.45
mp-aaaaabck,23.812
mp-aaaaabcl,90.022
mp-aaaaabcn,93.323
mp-aaaaabco,54.059
mp-aaaaabcp,9.539
mp-aaaaabcq,61.321
mp-aaaaabcr,18.428
mp-aaaaabct,39.324
mp-aaaaabcv,105.756
mp-aaaaabcz,28.522
mp-aaaaabda,48.854
mp-aaaaabdb,63.743
mp-aaaaabdc,56.275
mp-aaaaabdd,30.48
mp-aaaaabdf,28.914
mp-aaaaabdg,92.204
mp-aaaaabdi,8.299
mp-aaaaabdj,114.34
mp-aaaaabdm,105.88
mp-aaaaabdn,34.758
mp-aaaaabdo,59.643
mp-aaaaabdr,80.027
mp-aaaaabds,28.37
mp-aaaaabdu,63.525
mp-aaaaabdv,43.758
mp-aaaaabdw,17.494
mp-aaaaabdy,94.973
mp-aaaaabec,17.97
mp-aaaaabeg,41.61
mp-aaaaabei,50.317
mp-aaaaabek,79.492
mp-aaaaaben,26.846
mp-aaaaabeo,23.178
mp-aaaaabep,36.261
mp-aaaaabeq,11.999
mp-aaaaaber,48.329
mp-aaaaabeu,164.653
mp-aaaaabev,122.068
mp-aaaaabex,-1227107.91
mp-aaaaabey,104.855
mp-aaaaabfa,18.171
mp-aaaaabfd,37.758
mp-aaaaabfe,50.253
mp-aaaaabff,62.266
mp-aaaaabfh,15.741
mp-aaaaabfi,29.474
mp-aaaaabfl,17.128
mp-aaaaabfm,95.795
mp-aaaaabfn,66.783
mp-aaaaabfo,13.947
mp-aaaaabfr,68.061
mp-aaaaabft,96.302
mp-aaaaabfv,11.746
mp-aaaaabfw,104.05
mp-aaaaabfx,52.682
mp-aaaaabfy,103.147
mp-aaaaabga,35.725
mp-aaaaabgb,38.03
mp-aaaaabgc,86.739
mp-aaaaabge,23.228
mp-aaaaabgg,18.618
mp-aaaaabgh,75.505
mp-aaaaabgi,55.461
mp-aaaaabgj,50.633
mp-aaaaabgk,58.912
mp-aaaaabgm,33.75
mp-aaaaabgo,68.632
mp-aaaaabgs,61.092
mp-aaaaabgt,37.403
mp-aaaaabgv,74.924
mp-aaaaabgx,104.389
mp-aaaaabgy,87.385
mp-aaaaabha,60.864
mp-aaaaabhd,19.409
mp-aaaaabhe,28.878
mp-aaaaabhh,84.87
mp-aaaaabhj,29.491
mp-aaaaabhl,103.376
mp-aaaaabhm,8.923
mp-aaaaabhn,142.052
mp-aaaaabho,16.162
mp-aaaaabhp,75.46
mp-aaaaabhr,124.889
mp-aaaaabht,27.494
mp-aaaaabhv,25.245
mp-aaaaabhw,63.032
mp-aaaaabhx,16.852
mp-aaaaabhz,126.817
mp-aaaaabia,25.855
mp-aaaaabic,70.553
mp-aaaaabie,28.543
mp-aaaaabif,205.66
mp-aaaaabig,78.105
mp-aaaaabih,82.317
mp-aaaaabii,37.91
mp-aaaaabij,92.826
mp-aaaaabik,64.5
mp-aaaaabio,56.689
mp-aaaaabip,-54.98
mp-aaaaabiq,26.75
mp-aaaaabis,14.528
mp-aaaaabit,54.434
mp-aaaaabiv,39.391
mp-aaaaabiz,4.43
mp-aaaaabja,180.981
mp-aaaaabjc,60.396
mp-aaaaabjf,28.662
mp-aaaaabjh,24.134
mp-aaaaabjj,20.766
mp-aaaaabjl,61.818
mp-aaaaabjm,87.071
mp-aaaaabjp,162.007
mp-aaaaabjr,51.586
mp-aaaaabjt,19626.604
mp-aaaaabju,68.268
mp-aaaaabjv,56.224
mp-aaaaabjw,45.318
mp-aaaaabjx,50.989
mp-aaaaabjy,-2.521
mp-aaaaabka,30.648
mp-aaaaabkc,20.165
mp-aaaaabkh,11.459
mp-aaaaabki,144.826
mp-aaaaabkj,93.38
mp-aaaaabkk,75.41
mp-aaaaabkl,5.8
mp-aaaaabkm,20.206
mp-aaaaabkn,108.106
mp-aaaaabko,47.603
mp-aaaaabkp,49.52
mp-aaaaabkq,138.285
mp-aaaaabkr,74.397
mp-aaaaabks,129.899
mp-aaaaabku,69.262
mp-aaaaabkv,17.977
mp-aaaaabkx,41.255
mp-aaaaabky,158.777
mp-aaaaablb,84.375
mp-aaaaabld,144.669
mp-aaaaable,18.841
mp-aaaaablh,-314611.222
mp-aaaaablj,12.49
mp-aaaaablk,33.162
mp-aaaaabll,92.753
mp-aaaaabln,1.734
mp-aaaaablo,120.052
mp-aaaaablp,25.507
mp-aaaaablr,49.955
mp-aaaaabls,64.11
mp-aaaaablt,32.403
mp-aaaaablu,50.923
mp-aaaaablw,73.485
mp-aaaaablx,28.832
mp-aaaaably,21.92
mp-aaaaablz,45.918
mp-aaaaabma,122.364
mp-aaaaabmc,40.982
mp-aaaaabmd,165.988
mp-aaaaabme,27.803
mp-aaaaabmf,23.018
mp-aaaaabmg,58.797
mp-aaaaabmh,65.4
mp-aaaaabmi,103.408
mp-aaaaabmk,47.617
mp-aaaaabmm,16.564
mp-aaaaabmr,133.593
mp-aaaaabmt,34.856
mp-aaaaabmw,239.35
mp-aaaaabna,43.71
mp-aaaaabnd,59.206
mp-aaaaabnf,-140053.811
mp-aaaaabng,153.82
mp-aaaaabni,9.782
mp-aaaaabnk,9.098
mp-aaaaabnl,37.338
mp-aaaaabnn,111.279
mp-aaaaabno,32.562
mp-aaaaabnp,25.35
mp-aaaaabnq,345694.764
mp-aaaaabnr,24.157
mp-aaaaabns,179.27
mp-aaaaabnt,9.535
mp-aaaaabnx,71.476
mp-aaaaabny,42.44
mp-aaaaabnz,12.887
mp-aaaaaboc,95.833
mp-aaaaabod,-1.116
mp-aaaaaboe,122.424
mp-aaaaabof,50.641
mp-aaaaabog,47.291
mp-aaaaaboh,33.499
mp-aaaaaboi,40.28
mp-aaaaabok,45.039
mp-aaaaabom,26.679
mp-aaaaabon,28.401
mp-aaaaabop,26.802
mp-aaaaaboq,61.887
mp-aaaaabor,87.345
mp-aaaaabos,6.318
mp-aaaaabot,18.872
mp-aaaaabov,-9321.119
mp-aaaaaboz,28.091
mp-aaaaabpa,27.219
mp-aaaaabpb,32.432
mp-aaaaabpc,32.823
mp-aaaaabpd,95.031
mp-aaaaabpe,15.155
mp-aaaaabph,17.651
mp-aaaaabpj,11.526
mp-aaaaabpk,97.556
mp-aaaaabpl,170.538
mp-aaaaabpm,23.145
mp-aaaaabpp,70.615
mp-aaaaabpq,218.807
mp-aaaaabps,219.913
mp-aaaaabpt,23.809
mp-aaaaabpu,176.246
mp-aaaaabpv,32.3
mp-aaaaabpx,163.457
mp-aaaaabpy,36.343
mp-aaaaabqb,42.681
mp-aaaaabqe,52.574
mp-aaaaabqf,212.507
mp-aaaaabqh,52.238
mp-aaaaabqi,8.69
mp-aaaaabqj,55.255
mp-aaaaabqk,146.135
mp-aaaaabql,18.279
mp-aaaaabqm,21.385
mp-aaaaabqn,35.973
mp-aaaaabqq,199.428
mp-aaaaabqt,101.503
mp-aaaaabqv,157.907
mp-aaaaabqw,108.026
mp-aaaaabqx,11.679
mp-aaaaabra,64.237
mp-aaaaabrc,107.926
mp-aaaaabrd,47.411
mp-aaaaabrf,15.799
mp-aaaaabrg,43.383
mp-aaaaabrh,20.471
mp-aaaaabrj,70.297
mp-aaaaabrk,88.554
mp-aaaaabrl,79.378
mp-aaaaabro,44.447
mp-aaaaabrr,82.517
mp-aaaaabrs,13.902
mp-aaaaabru,50.018
mp-aaaaabrv,138.782
mp-aaaaabrw,36.16
mp-aaaaabrz,128.563
mp-aaaaabsb,257.473
mp-aaaaabsc,33.237
mp-aaaaabsd,76.573
mp-aaaaabsg,77.53
mp-aaaaabsi,123.939
mp-aaaaabsj,33.875
mp-aaaaabsm,28.856
mp-aaaaabsn,85.348
mp-aaaaabso,51.613
mp-aaaaabsp,31.901
mp-aaaaabst,127.915
mp-aaaaabsu,71.668
mp-aaaaabsx,2.075
mp-aaaaabsy,7.3
mp-aaaaabsz,35.894
mp-aaaaabta,10.862
mp-aaaaabtc,59.938
mp-aaaaabte,28.271
mp-aaaaabtg,21.785
mp-aaaaabtj,73.223
mp-aaaaabto,11.549
mp-aaaaabtp,155.92
mp-aaaaabtq,13.618
mp-aaaaabtr,75.228
mp-aaaaabtt,44.934
mp-aaaaabtu,27.288
mp-aaaaabty,49.526
mp-aaaaabud,19.049
mp-aaaaabue,71.175
mp-aaaaabuf,13.921
mp-aaaaabuh,107.51
mp-aaaaabum,59.812
mp-aaaaabun,25.159
mp-aaaaabuo,37.237
mp-aaaaabup,34.535
mp-aaaaabur,-3.394
mp-aaaaabus,71.568
mp-aaaaabut,110.136
mp-aaaaabuu,88.774
mp-aaaaabux,24.771
mp-aaaaabuy,114.779
mp-aaaaabuz,42.108
mp-aaaaabva,156.409
mp-aaaaabvc,10.902
mp-aaaaabvh,26.442
mp-aaaaabvj,121.695
mp-aaaaabvk,83.581
mp-aaaaabvl,14.854
mp-aaaaabvm,113731.953
mp-aaaaabvn,82.089
mp-aaaaabvo,14.117
mp-aaaaabvr,60.31
mp-aaaaabvs,42.662
mp-aaaaabvx,9.666
mp-aaaaabvy,-44.27
mp-aaaaabvz,72.314
mp-aaaaabwb,51.311
mp-aaaaabwc,31.582
mp-aaaaabwd,101.713
mp-aaaaabwe,89.18
mp-aaaaabwf,21.416
mp-aaaaabwi,50.758
mp-aaaaabwl,53.601
mp-aaaaabwm,46.203
mp-aaaaabwn,21.06
mp-aaaaabwp,92.494
mp-aaaaabwq,21.558
mp-aaaaabwr,118.82
mp-aaaaabws,15.694
mp-aaaaabwt,3.296
mp-aaaaabwv,39.284
mp-aaaaabwy,105.327
mp-aaaaabxa,50.421
mp-aaaaabxb,129.281
mp-aaaaabxe,86.698
mp-aaaaabxf,181.327
mp-aaaaabxg,20.06
mp-aaaaabxh,126.573
mp-aaaaabxi,208.742
mp-aaaaabxl,87.687
mp-aaaaabxr,29.738
mp-aaaaabxu,49.343
mp-aaaaabxw,75.967
mp-aaaaabxz,65.451
mp-aaaaabyb,-599.866
mp-aaaaabyc,903.633
mp-aaaaabyg,43.904
mp-aaaaabyh,20.189
mp-aaaaabyp,51.763
mp-aaaaabyr,57.702
mp-aaaaabyt,48.267
mp-aaaaabyv,18.412
mp-aaaaabza,-37.31
mp-aaaaabzb,20.725
mp-aaaaabzd,26.802
mp-aaaaabze,216.097
mp-aaaaabzf,31.607
mp-aaaaabzg,121.292
mp-aaaaabzi,31.783
mp-aaaaabzj,68.158
mp-aaaaabzk,34.529
mp-aaaaabzn,205.818
mp-aaaaabzo,19.013
mp-aaaaabzp,48.875
mp-aaaaabzq,37.058
mp-aaaaabzr,38.425
mp-aaaaabzt,33.528
mp-aaaaabzu,207.712
mp-aaaaabzv,57.835
mp-aaaaabzx,51.148
mp-aaaaacaa,147.586
mp-aaaaacae,29.488
mp-aaaaacaf,97.011
mp-aaaaacag,87.843
mp-aaaaacah,109.754
mp-aaaaacaj,54.983
mp-aaaaacam,22.852
mp-aaaaacap,46.085
mp-aaaaacaq,32.407
mp-aaaaacat,23.339
mp-aaaaacav,20.09
mp-aaaaacaz,32.47
mp-aaaaacba,30.156
mp-aaaaacbc,55.505
mp-aaaaacbf,257918.777
mp-aaaaacbh,24.161
mp-aaaaacbj,0.675
mp-aaaaacbk,61.485
mp-aaaaacbn,18.365
mp-aaaaacbp,14.399
mp-aaaaacbq,7.73
mp-aaaaacbr,84.674
mp-aaaaacbt,5.003
mp-aaaaacbv,26.205
mp-aaaaacbw,94.6
mp-aaaaacbx,60.056
mp-aaaaacby,42.419
mp-aaaaacbz,37.195
mp-aaaaacca,15.441
mp-aaaaaccb,53.889
mp-aaaaaccc,29.189
mp-aaaaaccd,46.162
mp-aaaaacce,19.452
mp-aaaaaccf,96.324
mp-aaaaaccg,123.389
mp-aaaaacch,8.13
mp-aaaaacci,20.295
mp-aaaaaccj,138.396
mp-aaaaaccl,32.174
mp-aaaaaccm,27.791
mp-aaaaacco,99.899
mp-aaaaacct,42.118
mp-aaaaaccu,42.129
mp-aaaaaccv,72.775
mp-aaaaaccx,73.089
mp-aaaaaccz,51.645
mp-aaaaacdb,142.935
mp-aaaaacdc,92.441
mp-aaaaacde,16.102
mp-aaaaacdh,11.921
mp-aaaaacdi,149.21
mp-aaaaacdj,80.898
mp-aaaaacdl,4.644
mp-aaaaacdo,15.863
mp-aaaaacdr,29.406
mp-aaaaacds,18.258
mp-aaaaacdv,77.484
mp-aaaaacdx,28.425
mp-aaaaacec,102.506
mp-aaaaaced,235.294
mp-aaaaaceh,65.07
mp-aaaaacep,55.844
mp-aaaaaceq,227.984
mp-aaaaacer,85.018
mp-aaaaaces,136.862
mp-aaaaaceu,53.382
mp-aaaaacev,18.639
mp-aaaaacex,161.948
mp-aaaaacez,6.146
mp-aaaaacfa,69.751
mp-aaaaacfb,83.86
mp-aaaaacfe,7.305
mp-aaaaacff,70.652
mp-aaaaacfi,15.302
mp-aaaaacfj,240.821
mp-aaaaacfn,90.008
mp-aaaaacfp,146.051
mp-aaaaacfq,31557.682
mp-aaaaacfs,24.774
mp-aaaaacft,63.445
mp-aaaaacfu,38.584
mp-aaaaacfx,21.014
mp-aaaaacgb,11.679
mp-aaaaacgf,174809.96
mp-aaaaacgg,214.267
mp-aaaaacgh,96.722
mp-aaaaacgk,73.359
mp-aaaaacgl,23.516
mp-aaaaacgn,52.551
mp-aaaaacgo,125.99
mp-aaaaacgp,83.188
mp-aaaaacgs,47.479
mp-aaaaacgt,22.729
mp-aaaaacgv,70.328
mp-aaaaacgz,16.713
mp-aaaaacha,42.129
mp-aaaaachb,26.002
mp-aaaaachf,55.771
mp-aaaaachg,19.277
mp-aaaaachh,53.631
mp-aaaaachi,152.469
mp-aaaaachj,51.923
mp-aaaaachl,86.842
mp-aaaaachm,24.698
mp-aaaaachn,60.39
mp-aaaaacho,21.807
mp-aaaaachp,71.121
mp-aaaaachq,47.415
mp-aaaaachr,47.591
mp-aaaaachs,151.829
mp-aaaaacht,73.617
mp-aaaaachv,80.374
mp-aaaaachx,34.45
mp-aaaaachy,31.664
mp-aaaaachz,77.845
mp-aaaaacia,21.792
mp-aaaaacib,29.91
mp-aaaaacic,106.867
mp-aaaaacid,38.383
mp-aaaaacif,103.516
mp-aaaaacig,59.905
mp-aaaaacih,65.856
mp-aaaaacij,228.81
mp-aaaaacik,32.771
mp-aaaaacil,42.251
mp-aaaaacim,9.134
mp-aaaaacin,31.702
mp-aaaaacip,23.224
mp-aaaaacis,105.892
mp-aaaaacit,44.098
mp-aaaaaciu,139.843
mp-aaaaaciv,8.605
mp-aaaaaciy,516795.504
mp-aaaaaciz,109.487
mp-aaaaacja,31.963
mp-aaaaacjd,71.552
mp-aaaaacje,70.648
mp-aaaaacjf,112.747
mp-aaaaacjg,14.653
mp-aaaaacji,44.062
mp-aaaaacjj,49.941
mp-aaaaacjl,92.078
mp-aaaaacjm,14.892
mp-aaaaacjp,75.517
mp-aaaaacjq,4.007
mp-aaaaacjr,44.081
mp-aaaaacjs,58.894
mp-aaaaacju,63.241
mp-aaaaacjv,39.517
mp-aaaaacjw,14.568
mp-aaaaacjx,107.47
mp-aaaaacjy,42.109
mp-aaaaacki,189.139
mp-aaaaackl,43.445
mp-aaaaackp,62.627
mp-aaaaacks,58.772
mp-aaaaackw,12.625
mp-aaaaackx,20.807
mp-aaaaackz,183.029
mp-aaaaacla,32.398
mp-aaaaaclb,379.418
mp-aaaaaclc,28.625
mp-aaaaacld,48.058
mp-aaaaacle,-340.303
mp-aaaaaclg,-0.334
mp-aaaaacli,5.618
mp-aaaaaclk,77.342
mp-aaaaacll,31.661
mp-aaaaaclo,58.525
mp-aaaaaclq,14.102
mp-aaaaaclr,91.056
mp-aaaaaclu,-35918.953
mp-aaaaaclv,131.709
mp-aaaaacly,-43.513
mp-aaaaacma,77.739
mp-aaaaacmc,47.098
mp-aaaaacmd,54.043
mp-aaaaacme,16.578
mp-aaaaacmg,69.08
mp-aaaaacmh,-470.299
mp-aaaaacmi,39.145
mp-aaaaacmk,27.766
mp-aaaaacmn,148.915
mp-aaaaacmr,24.189
mp-aaaaacms,65.248
mp-aaaaacmt,11.664
mp-aaaaacmu,19.123
mp-aaaaacmx,24.388
mp-aaaaacmy,53.691
mp-aaaaacmz,79.393
mp-aaaaacna,15.8
mp-aaaaacnc,23.585
mp-aaaaacnf,48.318
mp-aaaaacng,45.078
mp-aaaaacnh,73.747
mp-aaaaacni,21.427
mp-aaaaacnj,102.319
mp-aaaaacnk,120.714
mp-aaaaacnm,42.873
mp-aaaaacnn,21.029
mp-aaaaacno,22.879
mp-aaaaacnp,75.478
mp-aaaaacns,21.921
mp-aaaaafzv,30.589
mp-aaaaafzy,59.711
mp-aaaaagaa,82.699
mp-aaaaagai,73.682
mp-aaaaagaj,105.149
mp-aaaaagap,139.105
mp-aaaaagaq,81.584
mp-aaaaagar,97.846
mp-aaaaagat,40.544
mp-aaaaagau,55.213
mp-aaaaagax,84.205
mp-aaaaagaz,22.077
mp-aaaaagbb,31.327
mp-aaaaagbg,72.994
mp-aaaaagbi,87.696
mp-aaaaagbj,141.689
mp-aaaaagbo,42.507
mp-aaaaagbw,63.957
mp-aaaaagbx,76.348
mp-aaaaagby,27.608
mp-aaaaagcb,39.593
mp-aaaaagce,8.835
mp-aaaaagcj,49.052
mp-aaaaagcm,42.103
mp-aaaaagcq,20.23
mp-aaaaagcs,67.688
mp-aaaaagcx,91.058
mp-aaaaagde,10.78
mp-aaaaagdf,-370800.738
mp-aaaaagdi,1.044
mp-aaaaagdo,52.879
mp-aaaaagdq,19.476
mp-aaaaagds,28.303
mp-aaaaagdw,55.316
mp-aaaaagdx,13.799
mp-aaaaagdy,58.915
mp-aaaaaged,65.502
mp-aaaaagef,129.73
mp-aaaaagek,111.744
mp-aaaaagel,66.451
mp-aaaaageo,57.242
mp-aaaaagep,39.275
mp-aaaaager,79.345
mp-aaaaageu,48.988
mp-aaaaagev,58.074
mp-aaaaagew,26.272
mp-aaaaagfb,60.474
mp-aaaaagfd,34.383
mp-aaaaagfg,45.452
mp-aaaaagfi,11707.21
mp-aaaaagfj,44.072
mp-aaaaagfk,81.325
mp-aaaaagfm,14.472
mp-aaaaagfn,13.524
mp-aaaaagfo,78.155
mp-aaaaagfq,41.224
mp-aaaaagfu,51.105
mp-aaaaagfy,60.204
mp-aaaaaggc,73.037
mp-aaaaaggo,40.013
mp-aaaaaggp,2.098
mp-aaaaaggq,85.498
mp-aaaaaggr,42.854
mp-aaaaaggs,81.849
mp-aaaaaggv,12.876
mp-aaaaaggy,33.339
mp-aaaaagha,74.317
mp-aaaaaghf,70.601
mp-aaaaaghj,3.953
mp-aaaaaghk,94.828
mp-aaaaaghl,20.522
mp-aaaaaghm,53.315
mp-aaaaaghn,49.953
mp-aaaaagho,11.956
mp-aaaaaghp,44.953
mp-aaaaaghr,28.683
mp-aaaaaghv,61.567
mp-aaaaaghy,133.528
mp-aaaaagia,10.521
mp-aaaaagil,55.498
mp-aaaaagim,46.48
mp-aaaaagiq,55.03
mp-aaaaagit,61.786
mp-aaaaagix,50.94
mp-aaaaagiy,42.414
mp-aaaaagjb,46.459
mp-aaaaagjk,30.327
mp-aaaaagjm,48.011
mp-aaaaagjp,76.33
mp-aaaaagjs,42.754
mp-aaaaagka,28.001
mp-aaaaagkf,71.846
mp-aaaaagkg,89.475
mp-aaaaagkh,57.139
mp-aaaaagki,23.205
mp-aaaaagkz,100.692
mp-aaaaagla,60.647
mp-aaaaaglb,31.048
mp-aaaaaglm,13.208
mp-aaaaagln,77.988
mp-aaaaaglr,55.987
mp-aaaaaglu,9110.059
mp-aaaaaglw,82.303
mp-aaaaagly,25.524
mp-aaaaaglz,-10.347
mp-aaaaagma,31.472
mp-aaaaagmc,32.583
mp-aaaaagmg,42.242
mp-aaaaagmo,105.493
mp-aaaaagmp,80.253
mp-aaaaagmq,23.578
mp-aaaaagmr,29.309
mp-aaaaagmt,82.978
mp-aaaaagmx,108.878
mp-aaaaagnb,45.392
mp-aaaaagnc,9.771
mp-aaaaagnl,9.399
mp-aaaaagnm,31.298
mp-aaaaagno,87.474
mp-aaaaagnq,80.572
mp-aaaaagnv,69.868
mp-aaaaagnz,99.908
mp-aaaaagob,28.246
mp-aaaaagoi,39.815
mp-aaaaagoj,47.623
mp-aaaaagol,6.11
mp-aaaaagon,109.844
mp-aaaaagos,77.611
mp-aaaaagot,67.988
mp-aaaaagov,42.085
mp-aaaaagpc,63.961
mp-aaaaagpg,22.088
mp-aaaaagpi,472.294
mp-aaaaagpm,76.62
mp-aaaaagpu,73.586
mp-aaaaagpw,26.263
mp-aaaaagpz,116.509
mp-aaaaagqa,172.69
mp-aaaaagqd,20.186
mp-aaaaagqg,21.792
mp-aaaaagqj,49.717
mp-aaaaagql,22.406
mp-aaaaagqm,48.795
mp-aaaaagqq,42.202
mp-aaaaagqu,111.468
mp-aaaaagqw,11.768
mp-aaaaagqx,11.932
mp-aaaaagrb,39.357
mp-aaaaagrc,100.233
mp-aaaaagrh,43.537
mp-aaaaagrk,31.411
mp-aaaaagrm,56.439
mp-aaaaagrq,37.235
mp-aaaaagrv,36.621
mp-aaaaagrw,55.688
mp-aaaaagsa,49.211
mp-aaaaagsf,16.186
mp-aaaaagsh,12.399
mp-aaaaagsj,35.839
mp-aaaaagsm,50.791
mp-aaaaagsr,31.25
mp-aaaaagsz,34.515
mp-aaaaagtb,99.605
mp-aaaaagtc,42.728
mp-aaaaagtg,21.273
mp-aaaaagtj,21.432
mp-aaaaagtl,63.137
mp-aaaaagtn,83.571
mp-aaaaagtv,85.19
mp-aaaaagtx,16.998
mp-aaaaagty,36.824
mp-aaaaaguh,-1785.447
mp-aaaaagui,11.808
mp-aaaaaguk,13.523
mp-aaaaaguo,75.837
mp-aaaaagur,130.58
mp-aaaaagut,2.215
mp-aaaaagvc,71.832
mp-aaaaagvg,7.181
mp-aaaaagvj,55.529
mp-aaaaagvk,84.07
mp-aaaaagvl,78.073
mp-aaaaagvy,33.183
mp-aaaaagvz,105.649
mp-aaaaagwa,26.884
mp-aaaaagwc,-50.211
mp-aaaaagwf,40.803
mp-aaaaagwg,67.343
mp-aaaaagwi,44.365
mp-aaaaagwk,20.607
mp-aaaaagwp,54.339
mp-aaaaagwx,101.114
mp-aaaaagwy,28.127
mp-aaaaagwz,104.133
mp-aaaaagxc,84.62
mp-aaaaagxh,62.971
mp-aaaaagxi,46.104
mp-aaaaagxk,15.755
mp-aaaaagxm,39.677
mp-aaaaagxo,24.198
mp-aaaaagxs,22.162
mp-aaaaagxt,91.224
mp-aaaaagxu,7.666
mp-aaaaagxv,110.721
mp-aaaaagxy,97.869
mp-aaaaagyb,54.97
mp-aaaaagyl,14.143
mp-aaaaagym,73.379
mp-aaaaagyr,33.234
mp-aaaaagyt,47.441
mp-aaaaagzf,43.976
mp-aaaaagzo,78.437
mp-aaaaagzt,38.891
mp-aaaaagzw,26.243
mp-aaaaagzy,18.665
mp-aaaaagzz,21.626
mp-aaaaahaa,75.021
mp-aaaaahag,39.785
mp-aaaaahal,52.162
mp-aaaaaham,39.082
mp-aaaaahaq,-58.617
mp-aaaaahav,88.811
mp-aaaaahay,22.498
mp-aaaaahaz,11.252
mp-aaaaahbf,54.178
mp-aaaaahbj,82.371
mp-aaaaahbk,58.471
mp-aaaaahbm,21.97
mp-aaaaahbn,58.316
mp-aaaaahbv,40.743
mp-aaaaahca,68.474
mp-aaaaahcb,61.657
mp-aaaaahce,80.552
mp-aaaaahcf,61.536
mp-aaaaahcj,48.272
mp-aaaaahco,138.55
mp-aaaaahcv,60.067
mp-aaaaahcz,22.015
mp-aaaaahdc,90.257
mp-aaaaahdd,49.39
mp-aaaaahdf,83.789
mp-aaaaahdh,61.918
mp-aaaaahdj,65.203
mp-aaaaahdk,97.007
mp-aaaaahdm,52.738
mp-aaaaahdn,22.117
mp-aaaaahdo,26.866
mp-aaaaahdq,63.044
mp-aaaaahds,48.08
mp-aaaaahdt,26.423
mp-aaaaahdz,45.769
mp-aaaaahea,18.882
mp-aaaaahee,28.705
mp-aaaaaheg,45.424
mp-aaaaahek,31.097
mp-aaaaaheq,31.876
mp-aaaaahes,40.817
mp-aaaaaheu,53.558
mp-aaaaahez,20.546
mp-aaaaahfc,28.662
mp-aaaaahfd,47.358
mp-aaaaahff,47.283
mp-aaaaahfn,65.535
mp-aaaaahfo,6.494
mp-aaaaahfq,68.946
mp-aaaaahft,71.098
mp-aaaaahfv,56.871
mp-aaaaahfz,41.631
mp-aaaaahga,51.893
mp-aaaaahgb,62.331
mp-aaaaahgf,80.746
mp-aaaaahgh,29.644
mp-aaaaahgi,34.47
mp-aaaaahgj,34.491
mp-aaaaahgl,16.928
mp-aaaaahgm,27.466
mp-aaaaahgn,10.28
mp-aaaaahgp,75.636
mp-aaaaahgq,79.764
mp-aaaaahgu,70.145
mp-aaaaahgv,58.493
mp-aaaaahgz,33.902
mp-aaaaahhg,64.855
mp-aaaaahhi,52.165
mp-aaaaahhk,53.319
mp-aaaaahhq,94.223
mp-aaaaahhu,183.311
mp-aaaaahhw,30.453
mp-aaaaahhy,341.806
mp-aaaaahhz,82.764
mp-aaaaahik,25.296
mp-aaaaahin,27.331
mp-aaaaahio,54.617
mp-aaaaahip,101.019
mp-aaaaahiv,23.423
mp-aaaaahiw,77.053
mp-aaaaahiy,47.273
mp-aaaaahjd,61.752
mp-aaaaahjg,42.279
mp-aaaaahjh,46.483
mp-aaaaahjm,118.851
mp-aaaaahjn,35.549
mp-aaaaahjq,78.41
mp-aaaaahjs,85096.646
mp-aaaaahjt,75.386
mp-aaaaahjw,5.635
mp-aaaaahjx,61.789
mp-aaaaahjy,39.345
mp-aaaaahjz,91.856
mp-aaaaahka,136.76
mp-aaaaahkf,77.929
mp-aaaaahkg,47.185
mp-aaaaahkh,67.306
mp-aaaaahki,15.456
mp-aaaaahku,51.443
mp-aaaaahkw,16.322
mp-aaaaahkx,43.274
mp-aaaaahlb,116.996
mp-aaaaahlc,40.831
mp-aaaaahle,77.629
mp-aaaaahlg,51.345
mp-aaaaahlh,114.231
mp-aaaaahlu,6.173
mp-aaaaahly,49.263
mp-aaaaahmc,34.279
mp-aaaaahme,13.673
mp-aaaaahmg,276505.524
mp-aaaaahml,13.834
mp-aaaaahmm,26.202
mp-aaaaahmo,13.985
mp-aaaaahmt,68.926
mp-aaaaahmv,119.72
mp-aaaaahmy,39.479
mp-aaaaahnc,11.792
mp-aaaaahnd,8.683
mp-aaaaahnf,121.093
mp-aaaaahng,87.474
mp-aaaaahnh,22.606
mp-aaaaahni,22.407
mp-aaaaahnu,41.074
mp-aaaaahoi,23.473
mp-aaaaahok,95.326
mp-aaaaahon,47.692
mp-aaaaahop,37.169
mp-aaaaahoq,82.295
mp-aaaaahpa,15.648
mp-aaaaahpc,18.952
mp-aaaaahpe,32.925
mp-aaaaahpf,32.616
mp-aaaaahph,94.082
mp-aaaaahpk,60.18
mp-aaaaahpn,107.738
mp-aaaaahpp,67.669
mp-aaaaahpt,21.775
mp-aaaaahpy,56.385
mp-aaaaahqb,94.077
mp-aaaaahqc,66.265
mp-aaaaahqd,17.369
mp-aaaaahqe,44.933
mp-aaaaahqg,98.467
mp-aaaaahqj,78.667
mp-aaaaahqk,8.418
mp-aaaaahql,20.021
mp-aaaaahqp,58.779
mp-aaaaahqr,88.638
mp-aaaaahqs,26.838
mp-aaaaahqt,47.319
mp-aaaaahqw,62.859
mp-aaaaahqz,46.687
mp-aaaaahrb,50.611
mp-aaaaahrc,73.066
mp-aaaaahrm,38.313
mp-aaaaahrq,29.953
mp-aaaaahrt,36.069
mp-aaaaahrx,122.299
mp-aaaaahsa,73.418
mp-aaaaahsn,29.276
mp-aaaaahsp,47.553
mp-aaaaahst,87.971
mp-aaaaahsv,89.886
mp-aaaaahsw,43.016
mp-aaaaahsx,108.981
mp-aaaaahtd,108.497
mp-aaaaahtm,36.055
mp-aaaaahtn,48.599
mp-aaaaahts,70.239
mp-aaaaahtt,4.726
mp-aaaaahtu,50.363
mp-aaaaahtz,33.929
mp-aaaaahuh,28.532
mp-aaaaahui,57.245
mp-aaaaahuq,46.99
mp-aaaaahuw,62.689
mp-aaaaahve,11.493
mp-aaaaahvg,89.167
mp-aaaaahvh,25.048
mp-aaaaahvk,82.397
mp-aaaaahvo,57.367
mp-aaaaahvy,95.771
mp-aaaaahwa,129.69
mp-aaaaahwb,30.222
mp-aaaaahwf,10.288
mp-aaaaahwj,125.023
mp-aaaaahwo,56.542
mp-aaaaahwt,48.718
mp-aaaaahww,83.937
mp-aaaaahwx,31.019
mp-aaaaahxj,7.749
mp-aaaaahxm,22.5
mp-aaaaahxq,74.808
mp-aaaaahxr,14.059
mp-aaaaahxs,56.315
mp-aaaaahxu,29.034
mp-aaaaahxx,125.896
mp-aaaaahyi,29.012
mp-aaaaahyn,169.418
mp-aaaaahyo,57.979
mp-aaaaahyq,8.026
mp-aaaaahyr,98.422
mp-aaaaahyv,66.772
mp-aaaaahyy,43.882
mp-aaaaahyz,86.061
mp-aaaaahza,82.144
mp-aaaaahzb,86.592
mp-aaaaahze,88.318
mp-aaaaahzf,55.399
mp-aaaaahzg,12.537
mp-aaaaahzj,102.589
mp-aaaaahzk,65.679
mp-aaaaahzm,42.488
mp-aaaaahzo,76.297
mp-aaaaahzr,83.177
mp-aaaaahzs,45.909
mp-aaaaahzz,98.873
mp-aaaaaiab,25.895
mp-aaaaaiac,111.407
mp-aaaaaiag,14.886
mp-aaaaaial,40.935
mp-aaaaaiap,71.979
mp-aaaaaiat,61.45
mp-aaaaaiav,89.207
mp-aaaaaiax,20.15
mp-aaaaaibc,87.106
mp-aaaaaibe,89.666
mp-aaaaaibj,81.589
mp-aaaaaibk,14.871
mp-aaaaaibm,21.617
mp-aaaaaibr,48.299
mp-aaaaaibs,75.241
mp-aaaaaibw,53.877
mp-aaaaaibz,34.516
mp-aaaaaicb,14.073
mp-aaaaaicn,40.749
mp-aaaaaicp,88.887
mp-aaaaaics,38.327
mp-aaaaaict,28.295
mp-aaaaaida,55.112
mp-aaaaaidd,58.177
mp-aaaaaidf,15.261
mp-aaaaaidg,43.078
mp-aaaaaidh,68.41
mp-aaaaaidj,16.27
mp-aaaaaidl,69.45
mp-aaaaaidm,34.526
mp-aaaaaidp,23.471
mp-aaaaaidr,73.121
mp-aaaaaids,21.914
mp-aaaaaidt,52.251
mp-aaaaaidw,63.454
mp-aaaaaieb,7.07
mp-aaaaaied,-142028.877
mp-aaaaaieg,18.696
mp-aaaaaieh,45.301
mp-aaaaaien,40.349
mp-aaaaaieo,76.385
mp-aaaaaieq,26.959
mp-aaaaaier,23.421
mp-aaaaaieu,75.758
mp-aaaaaifa,14.252
mp-aaaaaifc,118.908
mp-aaaaaifd,61.897
mp-aaaaaifg,39.122
mp-aaaaaifk,84.063
mp-aaaaaifl,28.043
mp-aaaaaifs,84.537
mp-aaaaaifu,10.392
mp-aaaaaiga,43.123
mp-aaaaaigc,30.35
mp-aaaaaign,65.086
mp-aaaaaigo,105.804
mp-aaaaaigz,47.371
mp-aaaaaiha,48.769
mp-aaaaaihb,19.633
mp-aaaaaihe,72.463
mp-aaaaaihh,79.373
mp-aaaaaihm,24.062
mp-aaaaaihp,51.335
mp-aaaaaihq,24.286
mp-aaaaaihv,40.544
mp-aaaaaihz,36.572
mp-aaaaaiic,48.223
mp-aaaaaiie,106.066
mp-aaaaaiif,25.259
mp-aaaaaiig,88.035
mp-aaaaaiij,11.243
mp-aaaaaiil,77.796
mp-aaaaaiiq,54.647
mp-aaaaaiis,12.254
mp-aaaaaiiv,50.077
mp-aaaaaiix,116.187
mp-aaaaaijk,59.865
mp-aaaaaijr,133.36
mp-aaaaaiju,78.895
mp-aaaaaijv,52.386
mp-aaaaaikc,-2893.555
mp-aaaaaikd,45.893
mp-aaaaaiki,29.228
mp-aaaaaiku,79.147
mp-aaaaaikw,80.921
mp-aaaaaiky,68.207
mp-aaaaaikz,34.579
mp-aaaaailf,18.902
mp-aaaaaili,25.749
mp-aaaaailm,11.328
mp-aaaaailq,10.424
mp-aaaaailu,126.519
mp-aaaaaima,78.475
mp-aaaaaimd,73.136
mp-aaaaaime,29.63
mp-aaaaaimj,41.828
mp-aaaaaimk,18.109
mp-aaaaaimn,47.273
mp-aaaaaimt,79.861
mp-aaaaaimz,26.257
mp-aaaaainc,37.535
mp-aaaaaind,33.226
mp-aaaaaing,105.01
mp-aaaaaink,27.883
mp-aaaaainl,99.395
mp-aaaaaino,49.193
mp-aaaaainu,11.751
mp-aaaaainv,62.37
mp-aaaaaiob,37.097
mp-aaaaaiof,51.278
mp-aaaaaiog,137.797
mp-aaaaaiok,21.746
mp-aaaaaiom,28.066
mp-aaaaaioo,90.466
mp-aaaaaiop,41.969
mp-aaaaaioq,53.954
mp-aaaaaiow,76.893
mp-aaaaaiox,73.927
mp-aaaaaipa,104.243
mp-aaaaaipp,74.925
mp-aaaaaipv,45.239
mp-aaaaaipw,95.364
mp-aaaaaipx,36.596
mp-aaaaaiqd,103.379
mp-aaaaaiql,94.372
mp-aaaaaiqm,58.134
mp-aaaaaiqp,63.424
mp-aaaaaiqq,81.291
mp-aaaaaiqr,14.044
mp-aaaaaiqy,38.697
mp-aaaaairc,87.485
mp-aaaaaird,121.468
mp-aaaaairj,22.432
mp-aaaaairm,39.336
mp-aaaaairq,30.067
mp-aaaaairt,61.191
mp-aaaaaisc,33.286
mp-aaaaaisf,79.673
mp-aaaaaisn,102.343
mp-aaaaaisr,150.17
mp-aaaaaisy,23.193
mp-aaaaaitg,42.321
mp-aaaaaiti,33.921
mp-aaaaaitn,8.29
mp-aaaaaito,58.089
mp-aaaaaitq,94.851
mp-aaaaaits,50.642
mp-aaaaaitt,53.507
mp-aaaaaitw,103.854
mp-aaaaaiua,22.514
mp-aaaaaiub,16.822
mp-aaaaaiuf,73.886
mp-aaaaaiug,54.255
mp-aaaaaiuk,44.756
mp-aaaaaiuq,12.833
mp-aaaaaiuu,75.141
mp-aaaaaiux,998.472
mp-aaaaaivi,20.602
mp-aaaaaivn,74.37
mp-aaaaaivr,52.283
mp-aaaaaivw,94.317
mp-aaaaaivx,86.085
mp-aaaaaiwc,49.769
mp-aaaaaiwd,68.577
mp-aaaaaiwe,99.894
mp-aaaaaiwg,49.773
mp-aaaaaiwk,17.192
mp-aaaaaiwt,58.295
mp-aaaaaixc,97.534
mp-aaaaaixy,72.955
mp-aaaaaiza,23.479
mp-aaaaaizh,88.417
mp-aaaaaizp,84.574
mp-aaaaaizq,22.332
mp-aaaaaizx,35.951
mp-aaaaajae,40.612
mp-aaaaajai,71.075
mp-aaaaajak,35.75
mp-aaaaajan,39.258
mp-aaaaajao,72.989
mp-aaaaajap,59.882
mp-aaaaajas,66.271
mp-aaaaajaz,68.582
mp-aaaaajbm,45.988
mp-aaaaajbr,31.781
mp-aaaaajby,37.152
mp-aaaaajco,47.588
mp-aaaaajcq,41.096
mp-aaaaajdf,48.803
mp-aaaaajdm,50.367
mp-aaaaajdq,-23.193
mp-aaaaajdr,20.883
mp-aaaaajeq,17.639
mp-aaaaajer,39.752
mp-aaaaajfj,70.588
mp-aaaaajfk,64.49
mp-aaaaajfo,43.09
mp-aaaaajgb,60.422
mp-aaaaajhe,43.501
mp-aaaaajim,47.009
mp-aaaaajjb,40.586
mp-aaaaajji,45.755
mp-aaaaajjk,29.889
mp-aaaaajjp,51.456
mp-aaaaajjw,77.257
mp-aaaaajkb,44.573
mp-aaaaajkj,102.676
mp-aaaaajks,61.191
mp-aaaaajlo,7.871
mp-aaaaajlv,34.457
mp-aaaaajmm,33.762
mp-aaaaajni,18.856
mp-aaaaajnu,44.628
mp-aaaaajol,41.324
mp-aaaaajou,61.928
mp-aaaaajoz,46.252
mp-aaaaajpa,78.056
mp-aaaaajps,78.167
mp-aaaaajpt,54.985
mp-aaaaajpu,21.788
mp-aaaaajpy,32.065
mp-aaaaajqe,30.686
mp-aaaaajql,8.426
mp-aaaaajqv,53.816
mp-aaaaajrr,2.107
mp-aaaaajsb,64.604
mp-aaaaajsi,8.399000000000001
mp-aaaaajsk,24.898
mp-aaaaajsm,43.679
mp-aaaaajti,27.366
mp-aaaaajtu,20.176
mp-aaaaajuc,102.31
mp-aaaaajuj,79.834
mp-aaaaajuu,80.136
mp-aaaaajuv,34.38
mp-aaaaajuy,12.769
mp-aaaaajvd,8.919
mp-aaaaajvq,64.68
mp-aaaaajvy,9.426
mp-aaaaajwf,57.615
mp-aaaaajwm,58.853
mp-aaaaajwn,40.323
mp-aaaaajwu,68.552
mp-aaaaajxe,20.537
mp-aaaaajxl,52.483
mp-aaaaajxy,46.869
mp-aaaaajyp,22.835
mp-aaaaajys,15.01
mp-aaaaajzf,14.336
mp-aaaaajzl,60.904
mp-aaaaajzu,73.834
mp-aaaaakae,-2174.223
mp-aaaaakag,65.007
mp-aaaaakam,51.832
mp-aaaaakat,40.374
mp-aaaaakav,4.82
mp-aaaaakbi,59.085
mp-aaaaakca,26.743
mp-aaaaakck,16.845
mp-aaaaakcm,1.261
mp-aaaaakdj,31.84
mp-aaaaaked,29.357
mp-aaaaakeg,34.42
mp-aaaaakep,34.342
mp-aaaaakeu,8.334
mp-aaaaakfr,6.986
mp-aaaaakfs,66.8
mp-aaaaakfw,25.283
mp-aaaaakfy,27.264
mp-aaaaakfz,74.07
mp-aaaaakga,119.281
mp-aaaaakgb,40.715
mp-aaaaakgd,37.389
mp-aaaaakgg,35.048
mp-aaaaakgk,46.871
mp-aaaaakgl,88.803
mp-aaaaakgo,46.226
mp-aaaaakgp,38.924
mp-aaaaakgr,132.223
mp-aaaaakgw,74.335
mp-aaaaakgx,67.481
mp-aaaaakgy,50.107
mp-aaaaakhd,46.397
mp-aaaaakhf,201.767
mp-aaaaakhi,16.98
mp-aaaaakhj,22.838
mp-aaaaakhk,30.807
mp-aaaaakhl,49.979
mp-aaaaakhm,29.294
mp-aaaaakhp,90.105
mp-aaaaakhr,10.65
mp-aaaaakhs,9.887
mp-aaaaakht,20.054
mp-aaaaakhu,33.454
mp-aaaaakhv,26.896
mp-aaaaakia,16.596
mp-aaaaakib,66.368
mp-aaaaakie,32.461
mp-aaaaakif,10.436
mp-aaaaakil,59.761
mp-aaaaakim,37.063
mp-aaaaakio,48.692
mp-aaaaakir,37.093
mp-aaaaakis,219.943
mp-aaaaakiu,79.289
mp-aaaaakjc,106.824
mp-aaaaakjd,21.615
mp-aaaaakjf,5.269
mp-aaaaakjg,46.637
mp-aaaaakji,63.701
mp-aaaaakjj,48.649
mp-aaaaakjm,79.765
mp-aaaaakjn,6.251
mp-aaaaakjx,85.619
mp-aaaaakkh,61.546
mp-aaaaakkm,119.755
mp-aaaaakks,12.159
mp-aaaaakkv,18.564
mp-aaaaaklc,102.826
mp-aaaaakls,64.453
mp-aaaaaklu,63.254
mp-aaaaaklv,29.511
mp-aaaaaklw,31.93
mp-aaaaakly,75.462
mp-aaaaakmb,-0.129
mp-aaaaakmf,6.053
mp-aaaaakmh,61.97
mp-aaaaakmi,46.935
mp-aaaaakml,45.062
mp-aaaaakmo,5.087
mp-aaaaakmp,54.984
mp-aaaaakmq,145.673
mp-aaaaakmr,14.48
mp-aaaaakms,16.18
mp-aaaaakmu,99.581
mp-aaaaakmv,26.085
mp-aaaaaknb,101.199
mp-aaaaakng,26.842
mp-aaaaaknh,4.652
mp-aaaaakno,41.762
mp-aaaaaknq,9.405
mp-aaaaaknx,43.513
mp-aaaaakog,139.147
mp-aaaaakoh,35.887
mp-aaaaakoi,4.976
mp-aaaaakoq,186.481
mp-aaaaakos,61.473
mp-aaaaakot,56.229
mp-aaaaakoz,16.882
mp-aaaaakpj,36.156
mp-aaaaakpm,11.057
mp-aaaaakpn,25.572
mp-aaaaakps,48.991
mp-aaaaakpt,44.958
mp-aaaaakpu,45.435
mp-aaaaakpx,53.46
mp-aaaaakqk,67.155
mp-aaaaakql,62.108
mp-aaaaakqm,142.279
mp-aaaaakqn,67.929
mp-aaaaakqp,38.083
mp-aaaaakqq,41.139
mp-aaaaakrc,33.123
mp-aaaaakrr,21.712
mp-aaaaakrv,51.711
mp-aaaaakry,96.268
mp-aaaaaksb,-170.262
mp-aaaaakse,8.569
mp-aaaaaksj,4.118
mp-aaaaaksl,37.828
mp-aaaaaksm,16.158
mp-aaaaaksp,25.46
mp-aaaaakst,47.803
mp-aaaaaksw,89.264
mp-aaaaaksx,75.75
mp-aaaaakti,29.777
mp-aaaaaktj,53.688
mp-aaaaaktv,33.929
mp-aaaaaktw,39.135
mp-aaaaakud,155.057
mp-aaaaakuf,75.969
mp-aaaaakui,67.795
mp-aaaaakur,8.75
mp-aaaaakus,37.221
mp-aaaaakuw,101.107
mp-aaaaakux,29.141
mp-aaaaakwh,30.968
mp-aaaaakwl,17.134
mp-aaaaakwr,49.618
mp-aaaaakws,42.707
mp-aaaaakwu,48.485
mp-aaaaakxb,28.524
mp-aaaaakxd,52.128
mp-aaaaakxf,46.735
mp-aaaaakxg,36.257
mp-aaaaakxh,41.023
mp-aaaaakxi,163.745
mp-aaaaakxk,35.068
mp-aaaaakxq,21.409
mp-aaaaakxr,30.726
mp-aaaaakxs,25.252
mp-aaaaakxt,20.566
mp-aaaaakxx,24.883
mp-aaaaakya,48.388
mp-aaaaakyd,10.958
mp-aaaaakyg,25.775
mp-aaaaakym,14.643
mp-aaaaakyq,17.053
mp-aaaaakyv,110.879
mp-aaaaakzk,14.645
mp-aaaaakzl,21.894
mp-aaaaakzm,53.158
mp-aaaaakzo,46.36
mp-aaaaakzq,28.964
mp-aaaaakzr,28.814
mp-aaaaakzt,14.186
mp-aaaaakzu,20.206
mp-aaaaakzv,12.806
mp-aaaaakzw,17.071
mp-aaaaakzx,20.221
mp-aaaaakzy,15.202
mp-aaaaakzz,21.711
mp-aaaaalaa,17.875
mp-aaaaalab,26.245
mp-aaaaalac,17.165
mp-aaaaalad,10.614
mp-aaaaalae,12.804
mp-aaaaalah,46.361
mp-aaaaalav,10.742
mp-aaaaalax,10.737
mp-aaaaalbb,41.154
mp-aaaaalbe,29.185
mp-aaaaalbh,22.586
mp-aaaaalbi,12.071
mp-aaaaalbk,12.606
mp-aaaaalbl,55.803
mp-aaaaalbm,26.428
mp-aaaaalbn,32.899
mp-aaaaalbo,44.923
mp-aaaaalbp,46.64
mp-aaaaalbq,47.336
mp-aaaaalbs,49.502
mp-aaaaalbu,14.872
mp-aaaaalbv,12.972
mp-aaaaalby,27.769
mp-aaaaalcf,17.996
mp-aaaaalcj,47.811
mp-aaaaalck,38.922
mp-aaaaalco,16.772
mp-aaaaalcs,131.374
mp-aaaaaldj,38.563
mp-aaaaaldk,74.558
mp-aaaaalea,14.744
mp-aaaaaleb,25.39
mp-aaaaalec,32.336
mp-aaaaaled,189.536
mp-aaaaalee,101.543
mp-aaaaaleh,12.256
mp-aaaaaleo,16.802
mp-aaaaalep,33.072
mp-aaaaaler,-451794.168
mp-aaaaales,108.018
mp-aaaaalet,77.117
mp-aaaaalez,52.906
mp-aaaaalfc,31.269
mp-aaaaalfd,6.563
mp-aaaaalfg,48.378
mp-aaaaalfh,208.11
mp-aaaaalfi,134.6
mp-aaaaalfj,83.729
mp-aaaaalfk,118.732
mp-aaaaalfl,115.85
mp-aaaaalfp,14.459
mp-aaaaalfq,13.525
mp-aaaaalfr,18.786
mp-aaaaalfu,58.221
mp-aaaaalfx,73.225
mp-aaaaalfz,36.685
mp-aaaaalga,-14.623
mp-aaaaalgd,6.065
mp-aaaaalge,110.04
mp-aaaaalgf,13.817
mp-aaaaalgg,90.659
mp-aaaaalgh,131.584
mp-aaaaalgi,88.832
mp-aaaaalgj,59.533
mp-aaaaalgl,30.935
mp-aaaaalgm,81.341
mp-aaaaalgq,43.646
mp-aaaaalgx,-136.083
mp-aaaaalha,-28.397
mp-aaaaalhd,10.609
mp-aaaaalhe,11.3
mp-aaaaalhf,25.406
mp-aaaaalhn,188.196
mp-aaaaalho,94.385
mp-aaaaalhv,20.74
mp-aaaaalhz,9.354
mp-aaaaalia,63.025
mp-aaaaalig,55.927
mp-aaaaalil,36.821
mp-aaaaalix,9.043
mp-aaaaaljw,178.062
mp-aaaaalke,23.821
mp-aaaaalkf,11.65
mp-aaaaalki,42.058
mp-aaaaalkl,82.806
mp-aaaaalkn,31.521
mp-aaaaalkp,21.968
mp-aaaaalks,52.804
mp-aaaaallb,90.834
mp-aaaaalld,33.502
mp-aaaaallr,23.869
mp-aaaaalma,87.199
mp-aaaaalme,38.116
mp-aaaaalmf,41.213
mp-aaaaalmg,94.85
mp-aaaaalmh,4.975
mp-aaaaalmm,28.861
mp-aaaaalmw,33.006
mp-aaaaalmx,28.778
mp-aaaaalnd,23.079
mp-aaaaalnf,19.862
mp-aaaaalnh,36.572
mp-aaaaalnl,20.578
mp-aaaaalnm,7.343
mp-aaaaalnn,58.701
mp-aaaaalnq,105.086
mp-aaaaalny,84.791
mp-aaaaalob,48.326
mp-aaaaaloe,156.93
mp-aaaaalom,25.441
mp-aaaaaloo,23.281
mp-aaaaalov,45.452
mp-aaaaalow,72.307
mp-aaaaalox,44.695
mp-aaaaaloy,10.888
mp-aaaaalpd,100.31
mp-aaaaalpe,-26.31
mp-aaaaalpg,196.608
mp-aaaaalpi,14.651
mp-aaaaalpt,22.843
mp-aaaaalpu,30.525
mp-aaaaalpw,24.692
mp-aaaaalpx,18.753
mp-aaaaalpz,80951.322
mp-aaaaalqf,190.624
mp-aaaaalqh,48.599
mp-aaaaalqj,21.226
mp-aaaaalqx,39.07
mp-aaaaalqy,32.923
mp-aaaaalqz,55.773
mp-aaaaalra,26.011
mp-aaaaalrb,31.348
mp-aaaaalrc,41.392
mp-aaaaalrd,4.623
mp-aaaaalre,4.63
mp-aaaaalrh,35.872
mp-aaaaalrl,51.221
mp-aaaaalrn,24.175
mp-aaaaalro,155.272
mp-aaaaalrt,6.039
mp-aaaaalru,3.5700000000000003
mp-aaaaalrv,36.031
mp-aaaaalrz,9.167
mp-aaaaalsa,28.159
mp-aaaaalsc,22.148
mp-aaaaalsd,24.465
mp-aaaaalse,19.161
mp-aaaaalsf,15.84
mp-aaaaalsg,15.86
mp-aaaaalsh,14.741
mp-aaaaaral,-31.463
mp-aaaaaram,48.083
mp-aaaaarao,91.253
mp-aaaaarap,92.581
mp-aaaaaraq,96.673
mp-aaaaarat,47.27
mp-aaaaarau,52.607
mp-aaaaarav,90.468
mp-aaaaaraw,110.128
mp-aaaaarax,56.006
mp-aaaaaray,155.083
mp-aaaaaraz,135.775
mp-aaaaarbb,20.057
mp-aaaaarbc,55.328
mp-aaaaarbd,43.86
mp-aaaaarbe,76.925
mp-aaaaarbf,17.165
mp-aaaaarbi,75.801
mp-aaaaarbn,85.56
mp-aaaaarbp,70.469
mp-aaaaarbq,112.037
mp-aaaaarbs,71.946
mp-aaaaarbt,116.78
mp-aaaaarbv,63.557
mp-aaaaarbw,-11.601
mp-aaaaarbx,98.481
mp-aaaaarcc,19.089
mp-aaaaarcd,25.047
mp-aaaaarcf,78.469
mp-aaaaarcg,27.047
mp-aaaaarci,25.456
mp-aaaaarcj,7.605
mp-aaaaarck,11.349
mp-aaaaarcn,75.273
mp-aaaaarcq,103.155
mp-aaaaarcr,37.508
mp-aaaaarcs,76.027
mp-aaaaarct,-310.529
mp-aaaaarcu,47.637
mp-aaaaarcv,76.122
mp-aaaaarcw,45.806
mp-aaaaarcx,49.667
mp-aaaaarcy,17.365
mp-aaaaardb,1.966
mp-aaaaardc,128.64
mp-aaaaardd,80.038
mp-aaaaardg,25.063
mp-aaaaardh,7.41
mp-aaaaardi,65.384
mp-aaaaardk,123.545
mp-aaaaardm,17.624
mp-aaaaardn,68.795
mp-aaaaardo,35.782
mp-aaaaardx,122.516
mp-aaaaardy,96.666
mp-aaaaarea,61.066
mp-aaaaareb,60.983
mp-aaaaarel,149.374
mp-aaaaareo,62.966
mp-aaaaaret,62.325
mp-aaaaarey,16.841
mp-aaaaarez,40.075
mp-aaaaarfw,8.546
mp-aaaaargb,46.042
mp-aaaaarge,50.196
mp-aaaaargk,22.247
mp-aaaaargn,116.039
mp-aaaaargt,51.194
mp-aaaaarhb,19.583
mp-aaaaarhk,59.798
mp-aaaaarhn,17.848
mp-aaaaarhq,131.667
mp-aaaaarht,19.788
mp-aaaaarhu,5.749
mp-aaaaarhv,7.235
mp-aaaaarhw,76.425
mp-aaaaarhx,72.515
mp-aaaaarhy,26.556
mp-aaaaaria,29.179
mp-aaaaarif,81.477
mp-aaaaario,188.708
mp-aaaaaris,13.408
mp-aaaaarit,8.485
mp-aaaaariw,22.802
mp-aaaaarjh,72.27
mp-aaaaarji,74.578
mp-aaaaarjk,101.928
mp-aaaaarjl,53.188
mp-aaaaarjm,12.971
mp-aaaaarjy,105.78
mp-aaaaarka,35.549
mp-aaaaarkc,26.817
mp-aaaaarkd,37.541
mp-aaaaarkn,47.028
mp-aaaaarks,27.976
mp-aaaaarkt,-168698.095
mp-aaaaarkx,69.574
mp-aaaaarlk,16.855
mp-aaaaarlm,29.194
mp-aaaaarlp,30.835
mp-aaaaarlw,41.97
mp-aaaaarlx,1.43
mp-aaaaarmc,37.269
mp-aaaaarmd,51.982
mp-aaaaarme,57.323
mp-aaaaarmf,82.494
mp-aaaaarmm,23.72
mp-aaaaarmo,29.175
mp-aaaaarmp,19.584
mp-aaaaarmq,5.631
mp-aaaaarms,36.988
mp-aaaaarmu,53.243
mp-aaaaarmw,50.004
mp-aaaaarnc,0.854
mp-aaaaarnd,34.78
mp-aaaaarne,38.407
mp-aaaaarng,44.187
mp-aaaaarnj,10.946
mp-aaaaarnl,26.525
mp-aaaaarny,55.383
mp-aaaaarnz,-12797.737
mp-aaaaaron,58.332
mp-aaaaaroo,38.861
mp-aaaaaroq,21.458
mp-aaaaaror,48.595
mp-aaaaarox,31.724
mp-aaaaarpa,12.437
mp-aaaaarpb,57.181
mp-aaaaarqj,166.544
mp-aaaaarqk,62.379
mp-aaaaarql,68.742
mp-aaaaarrn,32.565
mp-aaaaarrx,38.941
mp-aaaaarry,22.729
mp-aaaaarrz,32.392
mp-aaaaarse,32.529
mp-aaaaarsl,45.248
mp-aaaaarsn,25.415
mp-aaaaarso,48.404
mp-aaaaarsr,14.507
mp-aaaaarsy,39.795
mp-aaaaarts,66.418
mp-aaaaartt,66.441
mp-aaaaartu,53.332
mp-aaaaartv,51.211
mp-aaaaartw,52.422
mp-aaaaarud,19.499
mp-aaaaarur,47.499
mp-aaaaarvq,185.951
mp-aaaaarvr,26.186
mp-aaaaarvu,99.704
mp-aaaaarvv,93.691
mp-aaaaarvx,76.06
mp-aaaaarvy,-1.049
mp-aaaaarvz,36.15
mp-aaaaarwb,34.758
mp-aaaaarwd,-70.762
mp-aaaaarwg,24.932
mp-aaaaarwh,44.714
mp-aaaaarwi,48.418
mp-aaaaarwj,64.05
mp-aaaaarwl,79.786
mp-aaaaarwn,81.112
mp-aaaaarwp,30.734
mp-aaaaarwt,214.386
mp-aaaaarww,55.578
mp-aaaaarwx,21.175
mp-aaaaarxd,27.414
mp-aaaaarxh,104.163
mp-aaaaarxi,32.9
mp-aaaaarxk,67.54
mp-aaaaarxl,83.799
mp-aaaaarxn,0.209
mp-aaaaarxo,142.771
mp-aaaaarxp,7.798
mp-aaaaarxr,106.959
mp-aaaaarxs,114.484
mp-aaaaarxt,75.042
mp-aaaaarxu,137.208
mp-aaaaaryc,-1.137
mp-aaaaarye,175.639
mp-aaaaarym,20.946
mp-aaaaaryv,-10.187
mp-aaaaasaj,39.669
mp-aaaaasdt,3759.549
mp-aaaaasdu,34.337
mp-aaaaasdw,15.813
mp-aaaaasef,41.18
mp-aaaaasel,16.195
mp-aaaaasft,13.863
mp-aaaaasgl,33.227
mp-aaaaashj,18.779
mp-aaaaashk,16.926
mp-aaaaasif,33.42
mp-aaaaasig,65.384
mp-aaaaasij,80.852
mp-aaaaasim,61.119
mp-aaaaasjb,7.539
mp-aaaaasjj,38.377
mp-aaaaasjm,22.025
mp-aaaaasjz,88.394
mp-aaaaaskq,32.756
mp-aaaaasln,25.807
mp-aaaaasma,69.61
mp-aaaaasmz,39.843
mp-aaaaasnk,23.131
mp-aaaaasno,31.853
mp-aaaaasnp,27.896
mp-aaaaasnr,48.444
mp-aaaaasns,171.783
mp-aaaaasnv,14.556
mp-aaaaasoa,13.319
mp-aaaaasob,89.983
mp-aaaaasof,110.605
mp-aaaaasoo,51.729
mp-aaaaasor,43.997
mp-aaaaasos,83.607
mp-aaaaasov,44.296
mp-aaaaasoz,39.629
mp-aaaaaspa,36.802
mp-aaaaaspb,8.795
mp-aaaaaspd,96.926
mp-aaaaaspg,8.279
mp-aaaaasph,30.71
mp-aaaaaspn,117.352
mp-aaaaaspo,1.984
mp-aaaaaspq,26.988
mp-aaaaaspw,23.104
mp-aaaaaspx,5.92
mp-aaaaasqb,154.192
mp-aaaaasqj,111.389
mp-aaaaasqk,87.624
mp-aaaaasql,132.684
mp-aaaaasqo,58.109
mp-aaaaasqq,16.519
mp-aaaaasqs,34.33
mp-aaaaasqv,120.031
mp-aaaaasqy,67.266
mp-aaaaasqz,24531.996
mp-aaaaasrd,31.135
mp-aaaaasre,12.724
mp-aaaaasrk,43.449
mp-aaaaasrm,23.43
mp-aaaaasrn,15.044
mp-aaaaasrs,0.899
mp-aaaaasru,39.538
mp-aaaaasrv,54.765
mp-aaaaasrz,39.965
mp-aaaaassl,53.917
mp-aaaaassm,144.287
mp-aaaaassp,-31.924
mp-aaaaassv,89.118
mp-aaaaassx,77.447
mp-aaaaassz,15.689
mp-aaaaaste,-11.301
mp-aaaaasth,65.3
mp-aaaaastm,35.386
mp-aaaaastq,-365.695
mp-aaaaastw,34.891
mp-aaaaasuf,43.121
mp-aaaaasui,21.372
mp-aaaaasul,16.615
mp-aaaaasum,101.745
mp-aaaaasun,31.099
mp-aaaaasup,30.122
mp-aaaaasuw,29.073
mp-aaaaasuy,30.697
mp-aaaaasvc,36.325
mp-aaaaasvj,18.66
mp-aaaaasvk,8.793
mp-aaaaasvl,77.819
mp-aaaaasvu,61.07
mp-aaaaasvw,51.366
mp-aaaaasvx,52.887
mp-aaaaaswb,37.951
mp-aaaaaswc,40.626
mp-aaaaaswd,19.236
mp-aaaaaswi,65.624
mp-aaaaaswk,24.776
mp-aaaaaswl,-45.7
mp-aaaaaswm,78.177
mp-aaaaaswt,31.739
mp-aaaaaswu,51.741
mp-aaaaaswv,27.364
mp-aaaaasww,117.539
mp-aaaaaswx,88.469
mp-aaaaaswy,37.163
mp-aaaaaswz,40.245
mp-aaaaasxa,22.218
mp-aaaaasxd,19.816
mp-aaaaasxe,18.126
mp-aaaaasxf,-89.425
mp-aaaaasxg,53.8
mp-aaaaasxh,41.265
mp-aaaaasxl,47.92
mp-aaaaasxm,122.261
mp-aaaaasxn,13.496
mp-aaaaasxp,65.059
mp-aaaaasxq,42.116
mp-aaaaasxr,27.739
mp-aaaaasyc,58.974
mp-aaaaasyg,90.94
mp-aaaaasyj,4.264
mp-aaaaasyk,46.444
mp-aaaaasyl,36.511
mp-aaaaasyo,21.715
mp-aaaaasyw,7.698
mp-aaaaaszq,23.0
mp-aaaaatak,22.69
mp-aaaaatal,22.713
mp-aaaaatan,71.803
mp-aaaaatas,73.874
mp-aaaaatat,13.543
mp-aaaaatax,83.126
mp-aaaaatbe,-42.433
mp-aaaaatbf,133.476
mp-aaaaatbo,36.907
mp-aaaaatbw,61.724
mp-aaaaatcd,66.189
mp-aaaaatce,67.711
mp-aaaaatch,19.888
mp-aaaaatck,29.98
mp-aaaaatcm,20.845
mp-aaaaatco,19.766
mp-aaaaatdb,31.257
mp-aaaaatdf,62.055
mp-aaaaatdj,67.474
mp-aaaaated,61.519
mp-aaaaatee,63.9
mp-aaaaatef,18.114
mp-aaaaateg,63.314
mp-aaaaatei,108.383
mp-aaaaatej,1.038
mp-aaaaaten,27.628
mp-aaaaateo,59.351
mp-aaaaater,79.509
mp-aaaaatey,60.061
mp-aaaaatff,57.406
mp-aaaaatfh,-151.906
mp-aaaaatfi,-14.72
mp-aaaaatfj,-46.267
mp-aaaaatfl,65.201
mp-aaaaatfq,115.936
mp-aaaaatgf,67.377
mp-aaaaatgh,62.104
mp-aaaaatgi,-36.332
mp-aaaaatgk,37.676
mp-aaaaathf,16.372
mp-aaaaathg,19.977
mp-aaaaathh,12.698
mp-aaaaathi,-34.527
mp-aaaaathj,-510.585
mp-aaaaathk,164.499
mp-aaaaathp,104.473
mp-aaaaathz,17.973
mp-aaaaatib,33.357
mp-aaaaatij,43.654
mp-aaaaatiq,47.365
mp-aaaaatis,56.9
mp-aaaaatit,55.047
mp-aaaaatiw,47.251
mp-aaaaatiy,194.111
mp-aaaaatjb,102.599
mp-aaaaatje,98.352
mp-aaaaatjh,74.447
mp-aaaaatjl,19.796
mp-aaaaatjm,44.769
mp-aaaaatjo,51.435
mp-aaaaatjq,57.961
mp-aaaaatjr,38.915
mp-aaaaatjt,21.583
mp-aaaaatju,-74.573
mp-aaaaatjv,33.918
mp-aaaaatjw,105.846
mp-aaaaatke,91.657
mp-aaaaatkf,87.118
mp-aaaaatkn,29.635
mp-aaaaatko,34.678
mp-aaaaatkp,19.754
mp-aaaaatkr,40.715
mp-aaaaatkw,6.272
mp-aaaaatlc,-41.288
mp-aaaaatle,-112.117
mp-aaaaatlg,130.115
mp-aaaaatlh,126.437
mp-aaaaatli,47.503
mp-aaaaatll,-3.305
mp-aaaaatls,-5.581
mp-aaaaatlt,37.374
mp-aaaaatlu,71.023
mp-aaaaatly,90.624
mp-aaaaatlz,49.936
mp-aaaaatma,45.823
mp-aaaaatme,54.248
mp-aaaaatmf,-46.768
mp-aaaaatmi,64.242
mp-aaaaatmp,22.255
mp-aaaaatmq,45.743
mp-aaaaatmr,1.966
mp-aaaaatms,14.5
mp-aaaaatmt,26.883
mp-aaaaatmw,122.484
mp-aaaaatmz,12.21
mp-aaaaatni,15.358
mp-aaaaatns,54.432
mp-aaaaatnu,52.304
mp-aaaaatnv,54.852
mp-aaaaatoa,36.113
mp-aaaaatpc,50.53
mp-aaaaatpg,60.675
mp-aaaaatpu,33.459
mp-aaaaatqd,81.553
mp-aaaaatqk,15.092
mp-aaaaatqm,34.095
mp-aaaaatqq,36.89
mp-aaaaatqr,29.534
mp-aaaaatrc,0.547
mp-aaaaatrq,40.523
mp-aaaaatrr,42.379
mp-aaaaatru,0.769
mp-aaaaatrw,31.821
mp-aaaaatrz,33.949
mp-aaaaatsa,28.849
mp-aaaaatsb,24.788
mp-aaaaatsc,18.692
mp-aaaaatsk,90.626
mp-aaaaatsw,62.67
mp-aaaaattz,59.761
mp-aaaaatua,29.598
mp-aaaaatub,20.102
mp-aaaaatvg,37.101
mp-aaaaatvi,60.872
mp-aaaaatvj,44.0
mp-aaaaatwp,30.594
mp-aaaaatws,263388.905
mp-aaaaatwt,41278961304.943
mp-aaaaatwu,48.482
mp-aaaaatxc,17.536
mp-aaaaatxe,133.101
mp-aaaaatxf,40.635
mp-aaaaatxh,35.142
mp-aaaaatxi,59.904
mp-aaaaatxk,67.77
mp-aaaaatxl,35.489
mp-aaaaatxo,33.527
mp-aaaaatxr,13.704
mp-aaaaatxv,92.083
mp-aaaaatye,98.602
mp-aaaaatyg,47.51
mp-aaaaatyh,103.095
mp-aaaaatym,21.34
mp-aaaaatzb,36.61
mp-aaaaatzc,665.664
mp-aaaaatze,15.539
mp-aaaaatzh,98.793
mp-aaaaatzi,100.095
mp-aaaaatzj,49.625
mp-aaaaatzk,64.222
mp-aaaaatzs,35.772
mp-aaaaatzt,37.748
mp-aaaaauaa,15.794
mp-aaaaauaf,36.26
mp-aaaaauap,31.218
mp-aaaaauaq,34.647
mp-aaaaauaw,10.867
mp-aaaaauaz,10.041
mp-aaaaaubc,4.817
mp-aaaaauby,43.42
mp-aaaaauca,72.253
mp-aaaaaucl,68.945
mp-aaaaaucs,6.383
mp-aaaaaudm,16.281
mp-aaaaauer,42.573
mp-aaaaauez,10.708
mp-aaaaaufk,32.933
mp-aaaaaugd,18.473
mp-aaaaaugg,16.515
mp-aaaaaugh,67.117
mp-aaaaaugk,56495583854276.67
mp-aaaaauhx,43.757
mp-aaaaaukr,24.134
mp-aaaaauks,18.04
mp-aaaaaukt,19.851
mp-aaaaaukv,83.891
mp-aaaaaulf,57.23
mp-aaaaaulj,19.848
mp-aaaaaulk,17.633
mp-aaaaaulx,15.73
mp-aaaaaumu,82.389
mp-aaaaaumv,114.248
mp-aaaaaumw,172.829
mp-aaaaaunk,18.844
mp-aaaaauoq,26.331
mp-aaaaauot,19.106
mp-aaaaauox,11.044
mp-aaaaaupa,30.515
mp-aaaaaupb,15.908
mp-aaaaaupe,97.165
mp-aaaaaupf,29.525
mp-aaaaaupg,36.127
mp-aaaaaupk,20.036
mp-aaaaaupp,16.618
mp-aaaaauqb,43.535
mp-aaaaauqi,99.981
mp-aaaaauqk,10.778
mp-aaaaauql,11.185
mp-aaaaauqm,9.084
mp-aaaaauqn,15.703
mp-aaaaaura,53.913
mp-aaaaaurb,28.667
mp-aaaaaurc,60.152
mp-aaaaaurf,99.478
mp-aaaaauru,27.986
mp-aaaaaurv,21.554
mp-aaaaause,6.76
mp-aaaaausf,41.198
mp-aaaaauss,21.423
mp-aaaaaute,5.999
mp-aaaaautf,104.142
mp-aaaaautk,52.09
mp-aaaaauty,21.126
mp-aaaaautz,22.615
mp-aaaaauvd,47.586
mp-aaaaauve,43.214
mp-aaaaauvw,8.333
mp-aaaaauvx,22.129
mp-aaaaauvy,18.075
mp-aaaaauvz,18.993
mp-aaaaauwa,16.77
mp-aaaaauwh,25.207
mp-aaaaauwn,34.159
mp-aaaaauwu,20.591
mp-aaaaauwx,43.813
mp-aaaaauwy,42.539
mp-aaaaauxy,45.719
mp-aaaaauyy,11.68
mp-aaaaavaj,10.21
mp-aaaaavam,48.636
mp-aaaaavan,46.996
mp-aaaaavbb,4.985
mp-aaaaavbe,1.073
mp-aaaaavcg,138.548
mp-aaaaavdl,122.955
mp-aaaaavfk,4.317
mp-aaaaavfm,6.519
mp-aaaaavfs,119.842
mp-aaaaavhu,53.909
mp-aaaaavjd,77.934
mp-aaaaavku,39.318
mp-aaaaavnp,35.321
mp-aaaaavoi,29.668
mp-aaaaavpb,37.354
mp-aaaaavpo,44.59
mp-aaaaavqk,43.85
mp-aaaaavqn,53.156
mp-aaaaavqq,32.654
mp-aaaaavvl,64.79
mp-aaaaavvv,50.938
mp-aaaaavww,15.343
mp-aaaaavwx,21.48
mp-aaaaavwz,57.571
mp-aaaaavxc,11.179
mp-aaaaavxd,11.021
mp-aaaaavxv,12.991
mp-aaaaavyh,63.726
mp-aaaaaweh,86.833
mp-aaaaawgx,47.35
mp-aaaaawgz,61.345
mp-aaaaawhy,31.054
mp-aaaaawjh,67.825
mp-aaaaawjo,8.887
mp-aaaaawkz,14.702
mp-aaaaawlu,76.958
mp-aaaaawlv,35.04
mp-aaaaawnq,142.003
mp-aaaaawoa,19.498
mp-aaaaawoq,33.867
mp-aaaaawos,29.604
mp-aaaaawqj,72.06
mp-aaaaawrc,27.75
mp-aaaaawre,17.647
mp-aaaaawri,76.911
mp-aaaaawuf,85.772
mp-aaaaaxai,6.537
mp-aaaaaxcf,70.188
mp-aaaaaxch,81.551
mp-aaaaaxci,2.873
mp-aaaaaxcr,196.282
mp-aaaaaxct,40.993
mp-aaaaaxcv,29.724
mp-aaaaaxcw,10.616
mp-aaaaaxcy,19.874
mp-aaaaaxdj,1.061
mp-aaaaaxdl,19.802
mp-aaaaaxdn,8.073
mp-aaaaaxdp,37.809
mp-aaaaaxdq,33.218
mp-aaaaaxdr,31.634
mp-aaaaaxdx,96.953
mp-aaaaaxdz,46.377
mp-aaaaaxef,103.013
mp-aaaaaxeh,20.292
mp-aaaaaxei,127.45
mp-aaaaaxej,68.134
mp-aaaaaxeq,11.917
mp-aaaaaxer,34.865
mp-aaaaaxet,290.218
mp-aaaaaxfb,76.351
mp-aaaaaxfg,9.944
mp-aaaaaxfh,18.43
mp-aaaaaxfi,37.96
mp-aaaaaxfj,20.548
mp-aaaaaxfq,54.249
mp-aaaaaxfr,47.4
mp-aaaaaxft,22.573
mp-aaaaaxfx,99.161
mp-aaaaaxfy,138.965
mp-aaaaaxfz,292.034
mp-aaaaaxgs,169.103
mp-aaaaaxgu,12.629
mp-aaaaaxiu,24.208
mp-aaaaaxiv,19.075
mp-aaaaaxiw,46.001
mp-aaaaaxix,74.315
mp-aaaaaxiy,75.061
mp-aaaaaxiz,20.828
mp-aaaaaxjb,25.094
mp-aaaaaxjg,27.464
mp-aaaaaxjh,27.451
mp-aaaaaxjj,28.514
mp-aaaaaxjl,23.333
mp-aaaaaxjn,24.176
mp-aaaaaxjo,24.071
mp-aaaaaxjr,138.373
mp-aaaaaxjs,66.326
mp-aaaaaxjv,18.906
mp-aaaaaxkb,188.047
mp-aaaaaxkl,64.797
mp-aaaaaxkm,48.427
mp-aaaaaxkn,38.814
mp-aaaaaxld,52.617
mp-aaaaaxll,28.749
mp-aaaaaxlw,79.683
mp-aaaaaxmz,25.019
mp-aaaaaxnj,35.964
mp-aaaaaxnk,28.611
mp-aaaaaxnp,69.73
mp-aaaaaxok,59.655
mp-aaaaaxpn,27.825
mp-aaaaaxpp,106.028
mp-aaaaaxpq,78.547
mp-aaaaaxpr,110.229
mp-aaaaaxpw,54.227
mp-aaaaaxpz,95.48
mp-aaaaaxqa,49.685
mp-aaaaaxqb,88.346
mp-aaaaaxqe,91.081
mp-aaaaaxqk,34.024
mp-aaaaaxqv,71.657
mp-aaaaaxqw,67.701
mp-aaaaaxqx,80.979
mp-aaaaaxqy,33.809
mp-aaaaaxrj,20.397
mp-aaaaaxsq,34.028
mp-aaaaaxsr,36.804
mp-aaaaaxst,35.465
mp-aaaaaxsu,38.705
mp-aaaaaxtb,53.11
mp-aaaaaxtd,61.104
mp-aaaaaxtk,13.558
mp-aaaaaxtl,19.986
mp-aaaaaxvv,50.075
mp-aaaaaxwq,46.289
mp-aaaaaxzw,37.17
mp-aaaaayae,-24.499
mp-aaaaayam,13.172
mp-aaaaayao,20.639
mp-aaaaayav,22.259
mp-aaaaayaw,14.861
mp-aaaaayba,51.748
mp-aaaaaybd,18.718
mp-aaaaaybe,37.446
mp-aaaaaybj,64.491
mp-aaaaaybk,27.195
mp-aaaaaybn,37.699
mp-aaaaaybq,41.666
mp-aaaaaybr,22.866
mp-aaaaaybv,0.834
mp-aaaaaybw,133.263
mp-aaaaaycl,67.992
mp-aaaaayco,54.987
mp-aaaaaycr,73.035
mp-aaaaaycv,81.286
mp-aaaaaydc,49.574
mp-aaaaaydd,102.271
mp-aaaaaydm,49.592
mp-aaaaaydp,-104.678
mp-aaaaaydq,31.835
mp-aaaaayds,-32.143
mp-aaaaaydt,46.074
mp-aaaaaydy,45.952
mp-aaaaaydz,48.071
mp-aaaaayea,-100.853
mp-aaaaayeb,49.226
mp-aaaaayei,93.2
mp-aaaaayej,15.716
mp-aaaaayem,20.028
mp-aaaaayen,4.176
mp-aaaaayeo,54.586
mp-aaaaayep,33.386
mp-aaaaayev,46.128
mp-aaaaayfc,83.324
mp-aaaaayfe,34.806
mp-aaaaayfj,106.06
mp-aaaaayfk,-0.953
mp-aaaaayfl,-10.96
mp-aaaaayfm,5.813
mp-aaaaayfq,41.432
mp-aaaaayfr,48.812
mp-aaaaayfw,47.964
mp-aaaaayfy,-108.598
mp-aaaaayhp,46.996
mp-aaaaayjx,54.244
mp-aaaaayjy,26.152
mp-aaaaayjz,44.138
mp-aaaaayke,72.22
mp-aaaaaykh,60.932
mp-aaaaaykj,44.624
mp-aaaaaykk,48.944
mp-aaaaaykl,92.876
mp-aaaaaykm,90.488
mp-aaaaaykn,52.175
mp-aaaaaykr,7.228
mp-aaaaaykt,57.089
mp-aaaaaykw,32.272
mp-aaaaayld,39.767
mp-aaaaayle,75.145
mp-aaaaaylg,55.21
mp-aaaaaylh,59.378
mp-aaaaaylj,-1079152.082
mp-aaaaayll,117.084
mp-aaaaaylm,31.202
mp-aaaaayln,48.459
mp-aaaaaylo,41.369
mp-aaaaaylq,60.327
mp-aaaaayls,72.365
mp-aaaaaylt,73.629
mp-aaaaaymm,30.321
mp-aaaaaynd,20.463
mp-aaaaayne,20.154
mp-aaaaayoz,71.746
mp-aaaaayqf,25.724
mp-aaaaayqg,27.733
mp-aaaaayqi,40.822
mp-aaaaayta,69.162
mp-aaaaaytb,75.356
mp-aaaaaytc,50.525
mp-aaaaaytf,33.73
mp-aaaaaytg,44.441
mp-aaaaaytm,14.157
mp-aaaaaytn,-106.741
mp-aaaaayto,-166.276
mp-aaaaaytp,53.796
mp-aaaaaytq,53.198
mp-aaaaaytr,60.198
mp-aaaaaytw,57.852
mp-aaaaayub,32.98
mp-aaaaayug,45.797
mp-aaaaayuh,46.03
mp-aaaaayuj,45.561
mp-aaaaayul,14.885
mp-aaaaayuu,15.968
mp-aaaaayuv,17.264
mp-aaaaayuw,27.456
mp-aaaaayvf,30.995
mp-aaaaaywa,64.717
mp-aaaaayxg,39.327
mp-aaaaayym,27.013
mp-aaaaayzm,26.46
mp-aaaaazan,8.633
mp-aaaaazaq,34.172
mp-aaaaazat,45.222
mp-aaaaazci,83.974
mp-aaaaazcm,-131.109
mp-aaaaazdp,54.525
mp-aaaaazen,75.362
mp-aaaaazfp,66.741
mp-aaaaazhk,50.612
mp-aaaaazhn,7.433
mp-aaaaazip,120.912
mp-aaaaaziq,20.961
mp-aaaaaziv,45.483
mp-aaaaazkr,58.521
mp-aaaaazle,67.801
mp-aaaaazol,62.641
mp-aaaaazox,12.492
mp-aaaaazqq,68.245
mp-aaaaazsp,43.404
mp-aaaaaztt,71.393
mp-aaaaazwj,76.439
mp-aaaaazxu,38.896
mp-aaaaazya,10.712
mp-aaaaazyw,7.793
mp-aaaabaab,38.848
mp-aaaababk,30.552
mp-aaaabacl,51.513
mp-aaaabaep,52.028
mp-aaaabaev,38.942
mp-aaaabaew,30.023
mp-aaaabagt,52.258
mp-aaaabahz,34.638
mp-aaaabakm,74.346
mp-aaaabaku,65.271
mp-aaaabala,35.962
mp-aaaabaln,28.855
mp-aaaabame,50.422
mp-aaaabatx,81.165
mp-aaaabauj,5.594
mp-aaaabawp,15.493
mp-aaaabawt,15.413
mp-aaaabaxy,54.332
mp-aaaabbaf,93.407
mp-aaaabbbk,19.604
mp-aaaabbbw,23.128
mp-aaaabbcm,27.547
mp-aaaabbdh,185.759
mp-aaaabbgt,82.863
mp-aaaabbii,116.345
mp-aaaabbkb,19.958
mp-aaaabbmt,101.052
mp-aaaabbrb,84.311
mp-aaaabbrn,23.933
mp-aaaabbrs,25.948
mp-aaaabdei,56.436
mp-aaaabdej,24.006
mp-aaaabdeo,23.957
mp-aaaabdeq,44.057
mp-aaaabdet,6.787
mp-aaaabdeu,62.797
mp-aaaabdev,28.196
mp-aaaabdfa,19.324
mp-aaaabdfb,50.382
mp-aaaabdfc,11.726
mp-aaaabdfg,37.842
mp-aaaabdfh,71.17
mp-aaaabdfn,17.818
mp-aaaabdfp,8.891
mp-aaaabdfu,64.185
mp-aaaabdfy,7.23
mp-aaaabdgb,17.74
mp-aaaabdgc,-2192.137
mp-aaaabdge,17.99
mp-aaaabdgf,12.565
mp-aaaabdgn,51.145
mp-aaaabdgo,18.867
mp-aaaabdgr,9.67
mp-aaaabdgw,43.513
mp-aaaabdgy,91.928
mp-aaaabdhb,51.356
mp-aaaabdhd,188.623
mp-aaaabdhf,48.899
mp-aaaabdhj,15.524
mp-aaaabdhk,103.306
mp-aaaabdhn,17.411
mp-aaaabdho,109.921
mp-aaaabdhv,54.94
mp-aaaabdhw,35.695
mp-aaaabdhx,85.796
mp-aaaabdic,52.095
mp-aaaabdie,20.676
mp-aaaabdif,63.498
mp-aaaabdii,6.186
mp-aaaabdij,80.367
mp-aaaabdim,54.912
mp-aaaabdis,132.589
mp-aaaabdiu,31.713
mp-aaaabdiv,16.323
mp-aaaabdix,99.016
mp-aaaabdiy,11.741
mp-aaaabdjh,90.612
mp-aaaabdjm,93.978
mp-aaaabdjn,9.325
mp-aaaabdjs,44.847
mp-aaaabdjt,48.364
mp-aaaabdju,-56.008
mp-aaaabdjy,17.315
mp-aaaabdkg,55.803
mp-aaaabdkh,21.597
mp-aaaabdkm,52.845
mp-aaaabdkn,45.056
mp-aaaabdkq,73.813
mp-aaaabdkw,42.631
mp-aaaabdkz,58.614
mp-aaaabdlb,-61239.667
mp-aaaabdld,21.437
mp-aaaabdlf,38.66
mp-aaaabdlg,19.979
mp-aaaabdlo,28.872
mp-aaaabdlp,107.785
mp-aaaabdlq,59.224
mp-aaaabdls,14.903
mp-aaaabdmb,30.223
mp-aaaabdmc,46.12
mp-aaaabdme,28.756
mp-aaaabdmf,10.522
mp-aaaabdmm,49.807
mp-aaaabdmn,41.076
mp-aaaabdms,30.741
mp-aaaabdmy,86.366
mp-aaaabdnb,35.383
mp-aaaabdne,39.817
mp-aaaabdng,-36.49
mp-aaaabdnh,35.69
mp-aaaabdnl,89.065
mp-aaaabdnn,75.992
mp-aaaabdnu,28.197
mp-aaaabdnv,108.178
mp-aaaabdny,14.765
mp-aaaabdnz,55.573
mp-aaaabdoa,32.042
mp-aaaabdoc,35.049
mp-aaaabdod,26.3
mp-aaaabdof,54.869
mp-aaaabdog,15.587
mp-aaaabdoj,31.505
mp-aaaabdop,55.201
mp-aaaabdou,53.705
mp-aaaabdow,0.487
mp-aaaabdox,24.856
mp-aaaabdph,28.578
mp-aaaabdpk,85.132
mp-aaaabdpn,60.689
mp-aaaabdpq,54.767
mp-aaaabdps,19.944
mp-aaaabdqd,20.53
mp-aaaabdqf,22.73
mp-aaaabdqh,154.075
mp-aaaabdqn,58.196
mp-aaaabdqo,18.789
mp-aaaabdqx,56.481
mp-aaaabdrd,51.439
mp-aaaabdre,22.314
mp-aaaabdri,52.781
mp-aaaabdrj,31.362
mp-aaaabdrm,21.176
mp-aaaabdrn,68.296
mp-aaaabdrp,32.814
mp-aaaabdrs,51.788
mp-aaaabdru,2.479
mp-aaaabdrv,37.641
mp-aaaabdry,43.448
mp-aaaabdsd,-54.209
mp-aaaabdsf,16.907
mp-aaaabdsk,60.769
mp-aaaabdsl,61.217
mp-aaaabdso,50.437
mp-aaaabdsz,-385.478
mp-aaaabdta,43.424
mp-aaaabdti,21.469
mp-aaaabdtn,-382047.651
mp-aaaabdto,67.389
mp-aaaabdtr,44.183
mp-aaaabdtv,-10988.061
mp-aaaabdtw,64.91
mp-aaaabdty,54.729
mp-aaaabdub,15.334
mp-aaaabdue,33.49
mp-aaaabduh,29.977
mp-aaaabduj,160.729
mp-aaaabdum,13.484
mp-aaaabduu,115.435
mp-aaaabduv,87.666
mp-aaaabduw,59.967
mp-aaaabdux,111.101
mp-aaaabdvb,38.376
mp-aaaabdvf,55.693
mp-aaaabdvi,28.736
mp-aaaabdvy,50.419
mp-aaaabdwf,71.811
mp-aaaabdwj,62.894
mp-aaaabdwp,115.548
mp-aaaabdwq,85.586
mp-aaaabdwr,122.306
mp-aaaabdws,73.939
mp-aaaabdwt,28.945
mp-aaaabdwu,20.449
mp-aaaabdwv,120.232
mp-aaaabdwz,43.259
mp-aaaabdxa,49.19
mp-aaaabdxb,25.421
mp-aaaabdxe,31.631
mp-aaaabdxj,100.274
mp-aaaabdxm,52.872
mp-aaaabdxx,18.878
mp-aaaabdxz,34.395
mp-aaaabdya,37.296
mp-aaaabdyb,9.831
mp-aaaabdyf,24.968
mp-aaaabdyh,33.947
mp-aaaabdyj,49.515
mp-aaaabdyk,72.532
mp-aaaabdyr,33.359
mp-aaaabdyv,108.089
mp-aaaabdzb,77.37
mp-aaaabdzd,28.112
mp-aaaabdzh,19.199
mp-aaaabdzj,15.815
mp-aaaabdzk,11.686
mp-aaaabdzl,28.966
mp-aaaabdzo,68.935
mp-aaaabdzp,21.757
mp-aaaabdzv,18.402
mp-aaaabdzw,42.193
mp-aaaabdzy,-233.823
mp-aaaabojb,42.251
mp-aaaaboju,22.458
mp-aaaabojw,40.626
mp-aaaaboke,6.094
mp-aaaabokp,25.205
mp-aaaabokt,79.245
mp-aaaabokv,18.701
mp-aaaabolj,19.975
mp-aaaabomi,63.278
mp-aaaabomp,5.136
mp-aaaabond,4.784
mp-aaaabonk,37.793
mp-aaaabonp,12.33
mp-aaaabons,9.563
mp-aaaaboof,3.423
mp-aaaabooo,18.352
mp-aaaaboor,6.409
mp-aaaaboov,25.359
mp-aaaabopi,15.95
mp-aaaabopk,3.242
mp-aaaabopy,16.167
mp-aaaabopz,3.334
mp-aaaaboqa,7.82
mp-aaaaboqg,4.068
mp-aaaaboqm,42.907
mp-aaaaboqp,72.998
mp-aaaaboqw,19.864
mp-aaaaborg,98.734
mp-aaaaborx,53.526
mp-aaaaborz,2.887
mp-aaaabose,61.657
mp-aaaabosl,3.287
mp-aaaabotk,4.661
mp-aaaabotm,23.323
mp-aaaabouc,34.888
mp-aaaabour,18.64
mp-aaaabout,24.379
mp-aaaabovu,71.768
mp-aaaabovw,112.527
mp-aaaabows,7.434
mp-aaaabowu,5.731
mp-aaaabowy,3.906
mp-aaaabowz,7.055
mp-aaaaboxa,6.877
mp-aaaaboxb,1.135
mp-aaaaboxw,18.92
mp-aaaaboyc,6.513
mp-aaaaboye,24.366
mp-aaaaboyn,18.881
mp-aaaaboyo,11.944
mp-aaaaboyp,4.615
mp-aaaaboys,20.865
mp-aaaaboyz,8.571
mp-aaaabozb,5.95
mp-aaaabozd,150.727
mp-aaaabozp,23.382
mp-aaaabozu,257.596
mp-aaaabpac,8.363
mp-aaaabpad,33.92
mp-aaaabpaj,2.17
mp-aaaabpak,2.642
mp-aaaabpap,37.678
mp-aaaabpas,4.002
mp-aaaabpbb,10.508
mp-aaaabpbp,144.093
mp-aaaabpbs,27.008
mp-aaaabpbu,16.394
mp-aaaabpca,203.68
mp-aaaabpcb,76.549
mp-aaaabpcr,5.097
mp-aaaabpcz,57.905
mp-aaaabpeb,32.91
mp-aaaabped,34.161
mp-aaaabpeh,5.044
mp-aaaabpei,4.099
mp-aaaabpek,5.067
mp-aaaabpel,5.344
mp-aaaabpen,5.702
mp-aaaabpeo,6.203
mp-aaaabpep,5.247
mp-aaaabper,10.903
mp-aaaabpes,10.693
mp-aaaabpet,5.72
mp-aaaabpeu,34.015
mp-aaaabpfc,17.04
mp-aaaabpfd,19.671
mp-aaaabpfe,21.367
mp-aaaabpfp,97.153
mp-aaaabpfr,20.406
mp-aaaabpft,15.706
mp-aaaabpga,-256.127
mp-aaaabpgk,4.521
mp-aaaabpgq,48.748
mp-aaaabpgt,25.849
mp-aaaabpgz,12.511
mp-aaaabphg,95.505
mp-aaaabphs,16.44
mp-aaaabphv,97.532
mp-aaaabpid,74.472
mp-aaaabpig,28.995
mp-aaaabpik,3.7
mp-aaaabpjd,182.174
mp-aaaabpje,4.885
mp-aaaabpjv,14.801
mp-aaaabpjw,12.791
mp-aaaabpjz,5.38
mp-aaaabpka,5.194
mp-aaaabpkd,3.843
mp-aaaabpki,33.187
mp-aaaabpkn,2.16
mp-aaaabple,15.31
mp-aaaabpll,4.455
mp-aaaabplp,43.59
mp-aaaabpls,6.127
mp-aaaabplw,50.1
mp-aaaabpmq,11.563
mp-aaaabpmv,5.971
mp-aaaabpnc,60.797
mp-aaaabpnm,20.167
mp-aaaabpnn,15.059
mp-aaaabpnp,25.136
mp-aaaabpoe,4.884
mp-aaaabpoq,0.187
mp-aaaabppe,3.938
mp-aaaabppk,6.039
mp-aaaabpqn,6.046
mp-aaaabpqs,35.739
mp-aaaabprf,9.85
mp-aaaabpri,12.792
mp-aaaabprn,12.762
mp-aaaabprq,2.36
mp-aaaabptu,5.992
mp-aaaabptw,72.047
mp-aaaabptx,4.202
mp-aaaabpue,1.038
mp-aaaabpuo,11.927
mp-aaaabpus,103.758
mp-aaaabpvc,10.843
mp-aaaabpve,58.503
mp-aaaabpvi,5.768
mp-aaaabpvl,13.205
mp-aaaabpvu,8.008
mp-aaaabpvv,9.192
mp-aaaabpwo,7.963
mp-aaaabpws,6.232
mp-aaaabpxj,12.248
mp-aaaabpxw,11.791
mp-aaaabpxz,39.105
mp-aaaabpyr,2.2
mp-aaaabpyy,14.225
mp-aaaabpzd,0.967
mp-aaaabpzk,13.085
mp-aaaabpzz,0.163
mp-aaaabqad,173.797
mp-aaaabqce,3.729
mp-aaaabqcq,2.591
mp-aaaabqdj,11.575
mp-aaaabqdk,17.814
mp-aaaabqeb,7.552
mp-aaaabqgb,56.475
mp-aaaabqgf,31.593
mp-aaaabqgt,26.886
mp-aaaabqhr,12.461
mp-aaaabqhs,25.035
mp-aaaabqht,35.622
mp-aaaabqhz,14.596
mp-aaaabqic,22.436
mp-aaaabqih,191.09
mp-aaaabqik,370.484
mp-aaaabqio,34.515
mp-aaaabqjb,8.724
mp-aaaabqjd,204.868
mp-aaaabqje,24.856
mp-aaaabqjt,55.197
mp-aaaabqkn,62.129
mp-aaaabqlf,2.594
mp-aaaabqlo,-8.839
mp-aaaabqlu,21.927
mp-aaaabqmh,10.585
mp-aaaabqms,2.594
mp-aaaabqnb,175.41
mp-aaaabqnx,9.017
mp-aaaabqoo,42.257
mp-aaaabqpa,10.928
mp-aaaabqpe,106.867
mp-aaaabqpl,47.964
mp-aaaabqpn,59.136
mp-aaaabqpp,62.621
mp-aaaabqqc,7.334
mp-aaaabqrb,10.994
mp-aaaabqre,80.702
mp-aaaabqrj,8.949
mp-aaaabqsm,9.591
mp-aaaabqsy,26.483
mp-aaaabqtj,34.758
mp-aaaabqtk,67.035
mp-aaaabqtl,73.014
mp-aaaabquh,23.847
mp-aaaabqup,96.35
mp-aaaabqur,5.307
mp-aaaabqva,8.64
mp-aaaabqvh,56.276
mp-aaaabqvq,8.703
mp-aaaabqwo,13.188
mp-aaaabqwq,7.072
mp-aaaabqxf,54.3
mp-aaaabqxp,84.753
mp-aaaabqxt,12.262
mp-aaaabqxv,26.776
mp-aaaabqxz,5.456
mp-aaaabqyj,16.903
mp-aaaabqyk,115.863
mp-aaaabqzp,7.903
mp-aaaabrab,22.313
mp-aaaabrai,128.086
mp-aaaabrau,30.528
mp-aaaabrax,37.645
mp-aaaabrbr,105.494
mp-aaaabrcl,46.598
mp-aaaabrcn,22.51
mp-aaaabrcp,65.726
mp-aaaabrcq,27.585
mp-aaaabrcs,8.939
mp-aaaabrcz,3.613
mp-aaaabrdd,28.342
mp-aaaabrdf,26.953
mp-aaaabrdg,79.053
mp-aaaabrdh,82.497
mp-aaaabrdi,86.955
mp-aaaabrdl,81.176
mp-aaaabred,26.965
mp-aaaabrey,20.852
mp-aaaabrfj,18.785
mp-aaaabrfk,22.208
mp-aaaabrfl,21.056
mp-aaaabrfm,27.31
mp-aaaabrgr,45.672
mp-aaaabrgt,25.902
mp-aaaabrhj,16.451
mp-aaaabrjg,14.373
mp-aaaabrjz,15.101
mp-aaaabrko,26.861
mp-aaaabrky,44.286
mp-aaaabrlc,77.985
mp-aaaabrli,5.407
mp-aaaabrlk,64.692
mp-aaaabrlu,13.849
mp-aaaabrlz,4.756
mp-aaaabrmq,17.547
mp-aaaabrms,4.16
mp-aaaabrmu,-1.641
mp-aaaabrmx,4.898
mp-aaaabrnl,6.566
mp-aaaabrox,72.5
mp-aaaabroy,8.101
mp-aaaabrpf,65.035
mp-aaaabrps,17.901
mp-aaaabrpx,4.388
mp-aaaabrqa,7.232
mp-aaaabrqm,-0.81
mp-aaaabrqs,1.662
mp-aaaabrrk,3.8
mp-aaaabrrt,18.993
mp-aaaabrsf,2.962
mp-aaaabrsp,5.4
mp-aaaabrsu,5.2620000000000005
mp-aaaabrtw,8.037
mp-aaaabrtx,7.057
mp-aaaabrui,48.55
mp-aaaabrvb,13.621
mp-aaaabrvd,-4.889
mp-aaaabrve,104.22
mp-aaaabrvh,14.483
mp-aaaabrvj,15.677
mp-aaaabrvk,10.996
mp-aaaabrvt,37.662
mp-aaaabrvy,32.854
mp-aaaabrwb,14.027
mp-aaaabrwd,9.879
mp-aaaabrwg,75.643
mp-aaaabrwh,28.693
mp-aaaabrwm,13.686
mp-aaaabrwq,15.999
mp-aaaabrws,69.397
mp-aaaabrwt,13.74
mp-aaaabrwv,70.297
mp-aaaabrwx,11.431
mp-aaaabrwz,18.302
mp-aaaabrxa,9.841
mp-aaaabrxi,103.58
mp-aaaabrxm,14.291
mp-aaaabrzh,85.796
mp-aaaabrzi,91.599
mp-aaaabrzn,30.398
mp-aaaabrzp,35.796
mp-aaaabrzs,56.76
mp-aaaabrzy,98.975
mp-aaaabsae,12.965
mp-aaaabsag,3.787
mp-aaaabsah,0.299
mp-aaaabsai,57.888
mp-aaaabsak,28.446
mp-aaaabsar,24.118
mp-aaaabsat,-1.893
mp-aaaabsau,10.868
mp-aaaabsbb,30.575
mp-aaaabsbc,51.058
mp-aaaabsch,9.255
mp-aaaabsck,4.015
mp-aaaabscn,54.318
mp-aaaabscu,12.451
mp-aaaabsde,24.477
mp-aaaabseo,1.482
mp-aaaabseu,25.135
mp-aaaabsez,7.96
mp-aaaabsfp,6.248
mp-aaaabsfw,37.797
mp-aaaabsfy,7.562
mp-aaaabsga,47.537
mp-aaaabsgu,-201.861
mp-aaaabshp,9.328
mp-aaaabshy,8.72
mp-aaaabsim,85.631
mp-aaaabsiv,25.771
mp-aaaabska,6.882
mp-aaaabskp,19.93
mp-aaaabsky,100.445
mp-aaaabslb,2.514
mp-aaaabsld,-45.445
mp-aaaabsle,2.537
mp-aaaabslk,21.701
mp-aaaabsln,90.753
mp-aaaabslo,3.563
mp-aaaabslp,66.091
mp-aaaabslr,70.54
mp-aaaabslx,11.602
mp-aaaabsmb,8.104
mp-aaaabsmg,4.908
mp-aaaabsmk,28.979
mp-aaaabsmm,3.178
mp-aaaabsmn,26.623
mp-aaaabsmx,-52.54
mp-aaaabsmy,22.035
mp-aaaabsnb,16.885
mp-aaaabsnj,152.913
mp-aaaabspf,1.835
mp-aaaabspn,70.614
mp-aaaabspo,419.8
mp-aaaabspr,19.356
mp-aaaabspw,79.534
mp-aaaabsqa,-1.456
mp-aaaabsqb,25.701
mp-aaaabsqp,40.313
mp-aaaabsqr,78.364
mp-aaaabsqs,58.206
mp-aaaabsqu,74.751
mp-aaaabsqv,64.543
mp-aaaabsqw,75.405
mp-aaaabsqx,85.414
mp-aaaabsru,5.747
mp-aaaabsrv,22.985
mp-aaaabsrw,69.552
mp-aaaabsrx,7.936
mp-aaaabssp,4.8870000000000005
mp-aaaabste,69.588
mp-aaaabstg,34.799
mp-aaaabsth,34.467
mp-aaaabstj,40.488
mp-aaaabstn,29.163
mp-aaaabsuj,30.419
mp-aaaabsvl,18.037
mp-aaaabsvr,40.652
mp-aaaabsvw,40.151
mp-aaaabsvz,22.835
mp-aaaabswu,76.786
mp-aaaabswv,102.302
mp-aaaabsww,32.502
mp-aaaabswx,34.07
mp-aaaabswy,25.82
mp-aaaabswz,28.717
mp-aaaabsxa,26.089
mp-aaaabsxb,14.93
mp-aaaabsxc,15.372
mp-aaaabsxf,26.91
mp-aaaabsxh,13.522
mp-aaaabsxj,17.218
mp-aaaabsxk,20.815
mp-aaaabsxl,62.854
mp-aaaabsxm,35.942
mp-aaaabsxn,13.764
mp-aaaabsxo,17.609
mp-aaaabsxp,9.351
mp-aaaabsxq,29.94
mp-aaaabsxs,18.548
mp-aaaabsxu,21.026
mp-aaaabsxv,16.757
mp-aaaabsxw,16.568
mp-aaaabsxx,42.582
mp-aaaabsyd,11.916
mp-aaaabsyg,22.045
mp-aaaabsyn,25.706
mp-aaaabsyp,58.098
mp-aaaabsyy,16.653
mp-aaaabszb,24.732
mp-aaaabszj,11.552
mp-aaaabszk,21.767
mp-aaaabszl,21.316
mp-aaaabszm,8.488
mp-aaaabszo,29.873
mp-aaaabszp,40.081
mp-aaaabszq,32.116
mp-aaaabszy,21.951
mp-aaaabszz,66.09
mp-aaaabtad,26.935
mp-aaaabtag,18.744
mp-aaaabtah,17.133
mp-aaaabtai,8.614
mp-aaaabtan,26.771
mp-aaaabtao,17.206
mp-aaaabtap,7.882
mp-aaaabtar,24.277
mp-aaaabtas,162.402
mp-aaaabtav,150.117
mp-aaaabtax,117.848
mp-aaaabtay,149.843
mp-aaaabtbd,29.042
mp-aaaabtbf,27.691
mp-aaaabtbg,50.161
mp-aaaabtbh,40.218
mp-aaaabtbi,40.701
mp-aaaabtbj,40.665
mp-aaaabtbl,50.28
mp-aaaabtbn,53.578
mp-aaaabtbo,49.382
mp-aaaabtbp,23.445
mp-aaaabtbt,6.461
mp-aaaabtbw,25.236
mp-aaaabtbx,12.03
mp-aaaabtca,25.146
mp-aaaabtcj,79.033
mp-aaaabtck,10.484
mp-aaaabtcl,14.606
mp-aaaabtcn,9.782
mp-aaaabtcq,10.68
mp-aaaabtcs,19.676
mp-aaaabtct,-5.096
mp-aaaabtcv,57.642
mp-aaaabtcw,29.259
mp-aaaabtcx,25.46
mp-aaaabtcz,30.672
mp-aaaabtda,21.64
mp-aaaabtdc,26.541
mp-aaaabtdd,29.006
mp-aaaabtde,29.664
mp-aaaabtdi,30.596
mp-aaaabtdj,101.532
mp-aaaabtee,12.796
mp-aaaabteg,5.629
mp-aaaabtej,13.097
mp-aaaabtem,52.07
mp-aaaabtfb,88.288
mp-aaaabtff,90.532
mp-aaaabtfk,-106.263
mp-aaaabtfn,67.418
mp-aaaabtfo,22.233
mp-aaaabtfq,24.714
mp-aaaabtft,59.12
mp-aaaabtfu,105.307
mp-aaaabtfv,8.532
mp-aaaabtfw,63.266
mp-aaaabtgc,23.276
mp-aaaabtgd,14.638
mp-aaaabtge,26.153
mp-aaaabtgf,54.412
mp-aaaabtgg,17.253
mp-aaaabtgj,53.682
mp-aaaabtgk,41.739
mp-aaaabtgl,31.24
mp-aaaabtgp,30.448
mp-aaaabtgq,27.073
mp-aaaabtgr,62.437
mp-aaaabtgs,47.364
mp-aaaabtgt,63.304
mp-aaaabtgw,24.239
mp-aaaabtgx,34.657
mp-aaaabtgy,13.382
mp-aaaabthb,60.974
mp-aaaabthc,42.601
mp-aaaabthi,25.794
mp-aaaabthj,48.795
mp-aaaabthl,37.354
mp-aaaabthr,35.813
mp-aaaabths,75.831
mp-aaaabtht,101.516
mp-aaaabthx,22.798
mp-aaaabtiu,26.698
mp-aaaabtiw,25.13
mp-aaaabtix,17.471
mp-aaaabtjb,66.1
mp-aaaabtjc,65.377
mp-aaaabtjd,48.916
mp-aaaabtje,38.51
mp-aaaabtjh,35.179
mp-aaaabtjo,-357.651
mp-aaaabtjq,24.825
mp-aaaabtjr,64.019
mp-aaaabtjs,55.181
mp-aaaabtjt,70.461
mp-aaaabtkc,75.217
mp-aaaabtkd,62.966
mp-aaaabtke,66.922
mp-aaaabtkf,72.855
mp-aaaabtkg,67.469
mp-aaaabtll,4.929
mp-aaaabtln,15.581
mp-aaaabtlp,10.762
mp-aaaabtlq,22.049
mp-aaaabtlt,27.952
mp-aaaabtlu,21.426
mp-aaaabtlv,25.347
mp-aaaabtlz,20.177
mp-aaaabtmf,36.231
mp-aaaabtmg,112.944
mp-aaaabtmh,27.796
mp-aaaabtmj,131.2
mp-aaaabtmm,184.951
mp-aaaabtmn,194.892
mp-aaaabtmo,46.637
mp-aaaabtms,64.291
mp-aaaabtmv,47.043
mp-aaaabtna,14.747
mp-aaaabtnb,13.48
mp-aaaabtnc,15.278
mp-aaaabtnf,9.173
mp-aaaabtng,64.55
mp-aaaabtnh,77.09
mp-aaaabtni,21.604
mp-aaaabtnj,22.949
mp-aaaabtnk,23.766
mp-aaaabtnl,24.659
mp-aaaabtnp,41.733
mp-aaaabtnq,51.674
mp-aaaabtnt,78.069
mp-aaaabtnu,68.756
mp-aaaabtnv,26.455
mp-aaaabtoa,39.903
mp-aaaabtod,132.343
mp-aaaabtoe,102.767
mp-aaaabtof,-9.903
mp-aaaabtog,33.7
mp-aaaabtom,-114.163
mp-aaaabton,43.695
mp-aaaabtoo,82.962
mp-aaaabtop,28.036
mp-aaaabtoq,23.092
mp-aaaabtor,36.423
mp-aaaabtov,24.888
mp-aaaabtox,529137.442
mp-aaaabtoy,72.199
mp-aaaabtpb,97.776
mp-aaaabtpf,56.516
mp-aaaabtpg,29.042
mp-aaaabtph,56.274
mp-aaaabtpi,37.313
mp-aaaabtpj,59.706
mp-aaaabtpk,39.204
mp-aaaabtpl,55.198
mp-aaaabtpm,763.837
mp-aaaabtpp,92.757
mp-aaaabtpy,13.412
mp-aaaabtpz,73.846
mp-aaaabtqa,86.887
mp-aaaabtqd,21.272
mp-aaaabtqe,41.93
mp-aaaabtqf,-112823.863
mp-aaaabtqg,80.861
mp-aaaabtqi,13.402
mp-aaaabtqj,64.907
mp-aaaabtqk,30.087
mp-aaaabtql,56.643
mp-aaaabtqm,53.407
mp-aaaabtqn,75.583
mp-aaaabtqo,90.679
mp-aaaabtqp,73.603
mp-aaaabtqq,86.388
mp-aaaabtqu,67.417
mp-aaaabtqw,103.854
mp-aaaabtqz,-41629.368
mp-aaaabtrd,-849.6
mp-aaaabtre,137.344
mp-aaaabtrf,55.613
mp-aaaabtrj,-53.314
mp-aaaabtrk,40.547
mp-aaaabtrn,61.103
mp-aaaabtro,39.314
mp-aaaabtrp,16.996
mp-aaaabtrq,14.522
mp-aaaabtru,65.278
mp-aaaabtrv,38.221
mp-aaaabtrw,41.301
mp-aaaabtrx,45.395
mp-aaaabtry,54.123
mp-aaaabtse,11.495
mp-aaaabtth,8.761
mp-aaaabttq,0.713
mp-aaaabttt,48.372
mp-aaaabtud,6.5120000000000005
mp-aaaabtum,0.772
mp-aaaabtun,1.064
mp-aaaabtuo,0.757
mp-aaaabtvp,18.976
mp-aaaabtwh,4.404
mp-aaaabtwt,64.641
mp-aaaabtwz,89.672
mp-aaaabtxa,20.895
mp-aaaabtxn,50.422
mp-aaaabtxu,5.1370000000000005
mp-aaaabtxz,11.003
mp-aaaabtyl,74.295
mp-aaaabtyp,19.745
mp-aaaabtyu,3.607
mp-aaaabtzc,302.329
mp-aaaabtzk,63.155
mp-aaaabtzl,97.394
mp-aaaabtzq,19.553
mp-aaaabtzx,61.658
mp-aaaabuaa,24.109
mp-aaaabuau,79.013
mp-aaaabuaw,81.837
mp-aaaabuax,82.231
mp-aaaabuay,82.262
mp-aaaabubo,38.649
mp-aaaabubq,53.987
mp-aaaabubs,-137.081
mp-aaaabubt,-13.715
mp-aaaabubu,-22.986
mp-aaaabubw,14.575
mp-aaaabubx,24.08
mp-aaaabubz,31.194
mp-aaaabuca,25.518
mp-aaaabuce,24.132
mp-aaaabucf,35.644
mp-aaaabucm,37.248
mp-aaaabucu,25.281
mp-aaaabucv,31.362
mp-aaaabucw,13.904
mp-aaaabucx,25.725
mp-aaaabucy,12.638
mp-aaaabucz,17.503
mp-aaaabude,52.022
mp-aaaabudi,57.442
mp-aaaabudk,47.246
mp-aaaabudl,131.417
mp-aaaabudm,1386.228
mp-aaaabudn,85.502
mp-aaaabuef,37.707
mp-aaaabuei,40.176
mp-aaaabuej,48.951
mp-aaaabuem,26.717
mp-aaaabuet,121.199
mp-aaaabueu,8.574
mp-aaaabufj,16.323
mp-aaaabuge,25.536
mp-aaaabugz,37.376
mp-aaaabuhq,26.802
mp-aaaabuhx,20.244
mp-aaaabuiu,23.649
mp-aaaabuiw,347.437
mp-aaaabuiy,-2.536
mp-aaaabuja,44.34
mp-aaaabujh,37.467
mp-aaaabujj,41.443
mp-aaaabujt,7.912
mp-aaaabukh,4.805
mp-aaaabukm,7.959
mp-aaaabukx,29.962
mp-aaaabuky,26.496
mp-aaaabulb,59.853
mp-aaaabulu,45.013
mp-aaaabulw,20.315
mp-aaaabulx,-20.13
mp-aaaabumd,87.328
mp-aaaabune,41.125
mp-aaaabunh,41.728
mp-aaaabuni,25.237
mp-aaaabunj,28.256
mp-aaaabunr,61.85
mp-aaaabuns,37.576
mp-aaaabunt,42.085
mp-aaaabunu,71.486
mp-aaaabunv,48.967
mp-aaaabunw,47.25
mp-aaaabunx,45.611
mp-aaaabuny,28.092
mp-aaaabunz,66.374
mp-aaaabuoa,59.158
mp-aaaabuoh,50.274
mp-aaaabuoi,40.787
mp-aaaabuoj,63.711
mp-aaaabupk,21.387
mp-aaaabupm,19.133
mp-aaaabupq,62.402
mp-aaaabupy,37.452
mp-aaaabwdw,46.383
mp-aaaabwes,111.213
mp-aaaabwhl,-36.107
mp-aaaabwix,133.288
mp-aaaabwmu,2.471
mp-aaaabwnz,12.209
mp-aaaabwor,1.644
mp-aaaabwqx,10.089
mp-aaaabwsl,50.448
mp-aaaabwva,97.549
mp-aaaabwvy,5.083
mp-aaaabwwj,45.787
mp-aaaabwwl,123.406
mp-aaaabwwm,33.76
mp-aaaabwxt,171.769
mp-aaaabwys,142.833
mp-aaaabwzg,44.22
mp-aaaabwzj,0.27
mp-aaaabxan,111.765
mp-aaaabxhq,31.404
mp-aaaabxjf,36.134
mp-aaaabxjh,27.336
mp-aaaabxpm,32.521
mp-aaaabxrw,48.769
mp-aaaabxta,21.01
mp-aaaabxux,36.047
mp-aaaabxvn,-19.395
mp-aaaabxxb,4.678
mp-aaaabydc,13.8
mp-aaaabyhp,91.41
mp-aaaabyip,53.855
mp-aaaabykv,32.05
mp-aaaabyof,17.702
mp-aaaabypm,11.629
mp-aaaabyqy,15.206
mp-aaaabysv,16.077
mp-aaaabysz,36.943
mp-aaaabyui,-23.104
mp-aaaabyxu,4.15
mp-aaaabyzk,1.937
mp-aaaabyzr,29.444
mp-aaaabzab,32.154
mp-aaaabzdz,16.325
mp-aaaabzff,-165.509
mp-aaaabzjz,30.307
mp-aaaabzor,8.844
mp-aaaabzql,32.097
mp-aaaabztx,123.673
mp-aaaabzvn,7.891
mp-aaaabzxi,4.31
mp-aaaabzzr,10.702
mp-aaaacabl,60.404
mp-aaaacace,58.164
mp-aaaacaeu,24.423
mp-aaaacaga,14.778
mp-aaaacajc,27.524
mp-aaaacakf,91.621
mp-aaaacaox,20.858
mp-aaaacaqx,37.776
mp-aaaacasy,34.694
mp-aaaacavt,30.614
mp-aaaacayb,12.398
mp-aaaacayj,22.805
mp-aaaacban,40.226
mp-aaaacbbp,148.536
mp-aaaacbdd,-4.26
mp-aaaacbht,20.563
mp-aaaacbhx,55.446
mp-aaaacbiq,34.446
mp-aaaacbje,54.638
mp-aaaacbjy,90.318
mp-aaaacbkx,43.198
mp-aaaacboc,12.943
mp-aaaacbor,29.485
mp-aaaacboy,8.545
mp-aaaacbqe,9.681
mp-aaaacbth,45.623
mp-aaaacbzc,51.158
mp-aaaaccae,9.206
mp-aaaaccaw,46.716
mp-aaaaccdk,28.881
mp-aaaaccgc,45.48
mp-aaaacchn,12.022
mp-aaaacckl,44.834
mp-aaaacckp,53.892
mp-aaaacclb,29.894
mp-aaaacclk,173.986
mp-aaaaccnw,87.311
mp-aaaaccox,11.413
mp-aaaaccqu,2.902
mp-aaaaccwp,14.651
mp-aaaaccyz,5.244
mp-aaaacdht,61.265
mp-aaaacdlh,70.894
mp-aaaacdmw,63.36
mp-aaaacdsj,52.632
mp-aaaacdvp,26.418
mp-aaaacdxg,34.084
mp-aaaaceax,30.214
mp-aaaaceby,82.964
mp-aaaacefu,42.718
mp-aaaacegx,22.129
mp-aaaacejn,11.502
mp-aaaacena,65.184
mp-aaaaceqi,122.647
mp-aaaaceus,13.061
mp-aaaacfcv,13.418
mp-aaaacfgh,29.91
mp-aaaacfhl,11.009
mp-aaaacfla,221.748
mp-aaaacflz,107.446
mp-aaaacfqw,14.943
mp-aaaacfwb,202.375
mp-aaaacgsf,32.797
mp-aaaachjz,16.081
mp-aaaachlt,-112.455
mp-aaaachmi,7.198
mp-aaaachod,37.417
mp-aaaaciiz,208.455
mp-aaaacizj,-793280.082
mp-aaaackeg,13.976
mp-aaabcsjn,46.81
mp-aaabcslm,-6.901
mp-aaabcsls,10.767
mp-aaabcsnz,78.671
mp-aaabcsor,8.424
mp-aaabcspb,22.01
mp-aaabcspf,38.837
mp-aaabcspw,3.144
mp-aaabcsqd,3.148
mp-aaabcsqr,6.937
mp-aaabcsqt,29.302
mp-aaabcsrd,91.29
mp-aaabcsrk,10.688
mp-aaabcsws,55.657
mp-aaabcsxo,60.251
mp-aaabcsyp,19.096
mp-aaabctbh,37.956
mp-aaabctbv,53.613
mp-aaabctcs,26.984
mp-aaabctdv,38.309
mp-aaabctis,15.102
mp-aaabctja,15.495
mp-aaabctjb,74.726
mp-aaabctjg,1.091
mp-aaabctjj,24.781
mp-aaabctkm,4.469
mp-aaabctkr,70.895
mp-aaabctly,29.558
mp-aaabctmm,51.581
mp-aaabctmn,67.952
mp-aaabctnj,2.458
mp-aaabctnv,22.855
mp-aaabctnw,39.227
mp-aaabctpg,21.852
mp-aaabctus,61.884
mp-aaabctux,13.558
mp-aaabctuz,108.317
mp-aaabctvj,-14970.959
mp-aaabctvn,17.295
mp-aaabctvw,76.463
mp-aaabctwk,111.219
mp-aaabctwz,40.09
mp-aaabctxc,68.175
mp-aaabctyd,47.873
mp-aaabcufc,85.13
mp-aaabcufd,22.932
mp-aaabcufe,10.568
mp-aaabcufz,40.972
mp-aaabcuga,51.886
mp-aaabcugq,15008.384
mp-aaabcugs,75.142
mp-aaabcugu,12.019
mp-aaabcugv,14.59
mp-aaabdaoi,7.755
mp-aaabdaos,30.063
mp-aaabdarg,5.475
mp-aaabdata,49.325
mp-aaabdatv,63.673
mp-aaabdavs,6.469
mp-aaabdaxe,203.456
mp-aaabdaxj,20.614
mp-aaabdays,13.917
mp-aaabdayt,16.474
mp-aaabdazu,46.696
mp-aaabdazw,56.573
mp-aaabdbav,54.5
mp-aaabdbaw,47.722
mp-aaabdbax,31.19
mp-aaabdbay,35.871
mp-aaabdbbd,104.824
mp-aaabdbbg,104.687
mp-aaabdbby,17.785
mp-aaabdbcf,35.851
mp-aaabdbcj,39.147
mp-aaabdbet,30.308
mp-aaabdbfz,16.982
mp-aaabdbgv,7.301
mp-aaabdbjf,48.139
mp-aaabdbjj,68.482
mp-aaabdblz,64.424
mp-aaabeedm,186.743
mp-aaabeele,107.776
mp-aaabeepz,120.442
mp-aaabegkp,174.61
mp-aaabetge,29.816
mp-aaabetqo,11.199
mp-aaabetrs,17.436
mp-aaabetsr,2.656
mp-aaabetyx,33.616
mp-aaabetzj,2.284
mp-aaabetzp,1.087
mp-aaabetzr,88.8
mp-aaabeuaj,126.142
mp-aaabeubn,4.607
mp-aaabeuei,83.893
mp-aaabeueu,0.547
mp-aaabeuev,5.849
mp-aaabeugb,3.894
mp-aaabeuhr,-6.905
mp-aaabeuif,1.848
mp-aaabeuig,4.516
mp-aaabeuir,7.629
mp-aaabeujd,6.941
mp-aaabeujn,52.246
mp-aaabeupg,112.719
mp-aaabeush,5.649
mp-aaabeusv,30.591
mp-aaabeuvt,49.922
mp-aaabeuyh,36.758
mp-aaabeuyr,8.06
mp-aaabeuyz,8.261
mp-aaabeval,14.331
mp-aaabevfv,8.879
mp-aaabevgg,19.961
mp-aaabevks,25.085
mp-aaabevlx,5.086
mp-aaabevma,-0.042
mp-aaabevnx,7.588
mp-aaabevoa,41.047
mp-aaabevqd,20.662
mp-aaabevqh,0.275
mp-aaabevqt,11.245
mp-aaabevrt,17.426
mp-aaabevtt,19.095
mp-aaabevwr,6.418
mp-aaabevxq,28.081
mp-aaabevyd,77.674
mp-aaabevyg,39.637
mp-aaabevym,81.711
mp-aaabevzk,22.051
mp-aaabewas,66.176
mp-aaabewau,40.06
mp-aaabewei,34.761
mp-aaabewgi,-7116.162
mp-aaabewgt,-3005821.615
mp-aaabewkr,26.555
mp-aaabewkx,60.664
mp-aaabewlu,52.03
mp-aaabewlx,0.5650000000000001
mp-aaabewng,24.717
mp-aaabewqa,20.975
mp-aaabewqb,107.621
mp-aaabewqc,0.987
mp-aaabewqp,22.782
mp-aaabewrb,131.74
mp-aaabewsu,53.162
mp-aaabewwg,178.711
mp-aaabewwo,1.739
mp-aaabewxh,25.934
mp-aaabewyb,116.723
mp-aaabewyp,14.551
mp-aaabewzk,7.349
mp-aaabexaf,30.787
mp-aaabexba,38.545
mp-aaabexcx,61.413
mp-aaabexdd,81.197
mp-aaabexdj,86.395
mp-aaabexgr,64.238
mp-aaabexho,5.269
mp-aaabfasu,17.613
mp-aaabfaxn,32.011
mp-aaabfayb,16.752
mp-aaabfayc,11.723
mp-aaabfazg,34.214
mp-aaabfazx,27.064
mp-aaabfbco,40.843
mp-aaabfbiq,8.515
mp-aaabfbjw,29.13
mp-aaabfbra,39.099
mp-aaabfbrz,0.01
mp-aaabfbsl,33.473
mp-aaabfbvb,-52.694
mp-aaabfbwv,67.656
mp-aaabfbxm,24.83
mp-aaabfbxw,28.016
mp-aaabfbzs,58.323
mp-aaabfccg,36.507
mp-aaabfcct,13.41
mp-aaabfcfm,37.545
mp-aaabfclg,12.586
mp-aaabfcna,31.521
mp-aaabfcpx,36.579
mp-aaabfcqj,7.16
mp-aaabfcsd,105.689
mp-aaabfctj,5.142
mp-aaabfcwk,-5.159
mp-aaabfcwo,33.443
mp-aaabjyfv,15.248
mp-aaabjyfw,27.99
mp-aaabjyfx,-225.924
mp-aaabjyfy,-166.948
mp-aaabjyfz,-132.221
mp-aaabjyga,-144.229
mp-aaabjygb,3.995
mp-aaabjygd,-27.655
mp-aaabjygh,3.701
mp-aaabjygi,-19.699
mp-aaabjygl,1.572
mp-aaabjygm,-54.118
mp-aaabjygn,-22.722
mp-aaabjygo,-23.148
mp-aaabjygp,-12.202
mp-aaabjygq,0.933
mp-aaabjygr,-17.595
mp-aaabjygv,-11.203
mp-aaabjygw,-82.002
mp-aaabjygx,-39.837
mp-aaabjygy,-516.136
mp-aaabjygz,17306036055.71
mp-aaabjyha,-4.638
mp-aaabjyhb,-8.309
mp-aaabjyhc,-17.413
mp-aaabjyhe,91.332
mp-aaabjyhf,65.202
mp-aaabjyhg,-181.555
mp-aaabjyhh,-7.963
mp-aaabjyhj,-5.352
mp-aaabjyhk,53.948
mp-aaabjyhm,-57.796
mp-aaabjyhp,-80.417
mp-aaabjyjp,68.24
mp-aaabjykr,-180.769
mp-aaabjyly,-29.097
mp-aaabjyog,-14.031
mp-aaabjzgd,169.416
mp-aaabjzhi,0.01
mp-aaabjzjr,64.761
mp-aaabjzjz,7.858
mp-aaabjzne,14.907
mp-aaabjzos,86.229
mp-aaabjzwz,14.281
mp-aaabkacu,6.439
mp-aaabkbew,107.233
mp-aaabkcnf,11.61
mp-aaabkcvx,10.172
mp-aaabkcvz,0.048
mp-aaabkcwq,8.001
mp-aaabkczn,33.752
mp-aaabkddr,123.9
mp-aaabkdht,69.155
mp-aaabkeau,-9.203
mp-aaabkekn,25.095
mp-aaabkexs,4.717
mp-aaabkfds,15.311
mp-aaabkfgb,10.717
mp-aaabkfhw,102.391
mp-aaabkfie,88.699
mp-aaabkfih,543.33
mp-aaabkfik,53.156
mp-aaabkfjs,66.476
mp-aaabkfsp,88.857
mp-aaabkfwk,-59.573
mp-aaabkgox,9.48
mp-aaabkgrv,48.891
mp-aaabkhed,182.763
mp-aaabkhee,-8.524000000000001
mp-aaabkhfq,22.686
mp-aaabkhlr,348823.815
mp-aaabkiwn,5.257
mp-aaabkkgh,60.566
mp-aaabkkix,0.8290000000000001
mp-aaabkklh,507732.754
mp-aaabkkoo,54.621
mp-aaabkkpy,55.679
mp-aaabkkui,57.313
mp-aaabkkwf,19.144
mp-aaabkkxb,12.416
mp-aaabkldq,42.746
mp-aaabklft,24.137
mp-aaabklop,34.907
mp-aaabklou,40.013
mp-aaabkluq,67.937
mp-aaabknac,82.143
mp-aaabknap,160.943
mp-aaabknpj,4.313
mp-aaabkogh,238.638
mp-aaabkorc,44.977
mp-aaabkorr,57.721
mp-aaabkoxy,20.203
mp-aaabkozf,-7.014
mp-aaabkpew,56.035
mp-aaabkpfd,26.867
mp-aaabkphe,5.553
mp-aaabkphf,15.092
mp-aaabkpia,60.907
mp-aaabkpir,8.42
mp-aaabkpod,5.377
mp-aaabkpor,8.069
mp-aaabkpou,11.385
mp-aaabkpoy,40.431
mp-aaabkpph,34.066
mp-aaabkppn,9.309
mp-aaabkpsx,6.494
mp-aaabkpta,30.856
mp-aaabkpun,50.961
mp-aaabkpvj,6.91
mp-aaabkqgk,28.352
mp-aaabkqgt,8.568
mp-aaabkqhu,10.733
mp-aaabkqpd,73.984
mp-aaabkqqv,10.788
mp-aaabkqzx,36.437
mp-aaabkrab,36.787
mp-aaabkras,38.11
mp-aaabkrbk,44.04
mp-aaabkrbr,7.822
mp-aaabkrby,66.735
mp-aaabkrca,69.795
mp-aaabkrcb,30.422
mp-aaabkrdf,68.019
mp-aaabkrgf,29.177
mp-aaabkrhj,6.659
mp-aaabkrjt,103.187
mp-aaabkrjv,24.897
mp-aaabkrkj,23.855
mp-aaabkrkm,45.801
mp-aaabkrkq,17.132
mp-aaabkrop,2.184
mp-aaabkrrx,20.284
mp-aaabkrtr,45.523
mp-aaabkrud,218.928
mp-aaabkujr,67.477
mp-aaabkuvw,17.366
mp-aaabkviy,73.669
mp-aaabkvua,-100.878
mp-aaabkytz,19.61
mp-aaablgrc,69.661
mp-aaablkkg,54.694
mp-aaabmced,33.832
mp-aaabmche,35.939
mp-aaabmckj,39.303
mp-aaabmclu,62.629
mp-aaabmcrk,80.945
mp-aaabmdab,46.847
mp-aaabmdac,77.938
mp-aaabmgkx,40.353
mp-aaabmglc,11.728
mp-aaabmgld,-0.054
mp-aaabmglu,340.374
mp-aaabmgly,27.4
mp-aaabmgmd,52.491
mp-aaabmgmj,65.218
mp-aaabmgnf,28.036
mp-aaabmgnh,90.833
mp-aaabmgnm,77.888
mp-aaabmgnr,35.401
mp-aaabmgpd,19.052
mp-aaabmgpg,41.998
mp-aaabmgpw,-10.592
mp-aaabmgql,51.56
mp-aaabmgqo,45.894
mp-aaabmgrc,-3.584
mp-aaabmhaz,89.044
mp-aaabmhbp,41.414
mp-aaabmhda,3.555
mp-aaabmhvf,-10.096
mp-aaabmhvi,93.26
mp-aaabmhyd,57.501
mp-aaabminb,93.123
mp-aaabmjhe,0.027
mp-aaabmjtm,15.063
mp-aaabmklt,21.681
mp-aaabmknx,11.154
mp-aaabmkon,94.281
mp-aaabmkro,8.16
mp-aaabmkse,24.981
mp-aaabmkue,120.083
mp-aaabmkum,28.853
mp-aaabmkyl,2.746
mp-aaabmkyp,30.852
mp-aaabmlak,114.219
mp-aaabmlaz,28.215
mp-aaabmlfg,16.043
mp-aaabmlfk,41.566
mp-aaabmlfx,18.669
mp-aaabmlhz,21.644
mp-aaabmllq,22.196
mp-aaabmlon,28.249
mp-aaabmlqi,25.051
mp-aaabmlqp,26.249
mp-aaabmlsg,32.839
mp-aaabmlvk,19.187
mp-aaabmlwg,27.881
mp-aaabmmcg,102.936
mp-aaabmmjh,2.166
mp-aaabmmqa,200.726
mp-aaabmmts,23.772
mp-aaabmmuu,6.331
mp-aaabmmwo,17.426
mp-aaabmnhd,120.349
mp-aaabmnpg,3.435
mp-aaabmnqn,26.47
mp-aaabmnzj,19.522
mp-aaabmsxx,58.454
mp-aaabmxwx,51.059
mp-aaabmysl,83.335
mp-aaabmysr,18.782
mp-aaabmyvf,-18.183
mp-aaabmyvp,-17.323
mp-aaabmyvv,70.699
mp-aaabmywz,68.913
mp-aaabmyzg,52.094
mp-aaabmzgz,38.964
mp-aaabmzjo,645.342
mp-aaabmzkh,16.759
mp-aaabmzlx,109.345
mp-aaabmznw,54.669
mp-aaabmzpq,60.558
mp-aaabnasd,35.545
mp-aaabnauh,27.044
mp-aaabnhur,6.367
mp-aaabnhvs,29.293
mp-aaabnhwr,15.848
mp-aaabnhwv,8.757
mp-aaabnhxa,27.03
mp-aaabnpjm,5.381
mp-aaabnppe,11.148
mp-aaabnptq,-109.374
mp-aaabnqij,30.348
mp-aaabnqlg,28.707
mp-aaabnqry,176.541
mp-aaabnqse,10.626
mp-aaabnrcw,53.259
mp-aaabnrde,21.525
mp-aaabnrdk,20.0
mp-aaabnrei,48.503
mp-aaabnrfk,12.865
mp-aaabnrfz,8.999
mp-aaabnrgo,40.914
mp-aaabnrgv,10.568
mp-aaabnrgy,45.414
mp-aaabnrip,24.169
mp-aaabnrol,36.277
mp-aaabnsbm,31.661
mp-aaaboaqo,4.705
mp-aaaboeuu,12.5
mp-aaabogza,34.407
mp-aaabpbaw,14.764
mp-aaabpbrz,0.17
mp-aaabpclq,3.138
mp-aaabpdkj,84.456
mp-aaabpjau,2.059
mp-aaabpkvk,77.839
mp-aaabqvak,54.904
mp-aaabqvan,13.136
mp-aaabqvbb,52.116
mp-aaabqvbm,25.974
mp-aaabqvcx,57.723
mp-aaabqvdb,57.843
mp-aaabqvee,66.392
mp-aaabqvll,46.263
mp-aaabqvne,31.103
mp-aaabqvnj,-9.251
mp-aaabqvqw,81.144
mp-aaabqvrn,15.213
mp-aaabqvrt,70.675
mp-aaabqvsz,16.474
mp-aaabqvut,14.637
mp-aaabqvvn,36.796
mp-aaabqvvt,72.906
mp-aaabqvzv,27.664
mp-aaabqwar,23.563
mp-aaabqwbi,24.837
mp-aaabqwdo,58.428
mp-aaabqwei,-19.919
mp-aaabqwey,36.155
mp-aaabqwfb,4.129
mp-aaabqwfd,74.28
mp-aaabqwgg,24.628
mp-aaabqwhl,19.272
mp-aaabqwho,23.117
mp-aaabqwja,77.53
mp-aaabqwjg,3.256
mp-aaabqwji,34.164
mp-aaabqwjr,99.01
mp-aaabqwkc,17.197
mp-aaabqwlk,27.419
mp-aaabqwlv,8.094
mp-aaabqwme,21.538
mp-aaabqwpf,90.785
mp-aaabqwqk,71.103
mp-aaabqwqp,105.424
mp-aaabqwra,36.004
mp-aaabqwrc,15.988
mp-aaabqwsj,12.424
mp-aaabqwtx,32.967
mp-aaabqwuk,39.898
mp-aaabqwuv,16.527
mp-aaabqwvj,44.502
mp-aaabqwvt,76.375
mp-aaabqwwu,13.074
mp-aaabqwwv,94.772
mp-aaabqwxj,22.372
mp-aaabqwyf,49.518
mp-aaabqwyu,57.512
mp-aaabqwyy,12.222
mp-aaabqwzh,53.616
mp-aaabqwzi,16.147
mp-aaabqxag,3.671
mp-aaabqxah,118.214
mp-aaabqxbi,50.551
mp-aaabqxbp,95.032
mp-aaabqxcg,18.638
mp-aaabqxch,43.86
mp-aaabqxck,48.995
mp-aaabqxdf,82.439
mp-aaabqxee,41.778
mp-aaabqxfu,75.077
mp-aaabqxgc,83.776
mp-aaabqxgp,59.557
mp-aaabqxgy,67.155
mp-aaabqxhy,47.947
mp-aaabqxji,5.266
mp-aaabqxkj,39.586
mp-aaabqxkk,35.895
mp-aaabqxlb,48.531
mp-aaabqxlo,73.418
mp-aaabqxmd,42.918
mp-aaabqxmn,30.952
mp-aaabqxng,10.449
mp-aaabqxog,27.104
mp-aaabqxoj,13.897
mp-aaabqxov,315.883
mp-aaabqxow,31.825
mp-aaabqxoy,71.974
mp-aaabqxpe,98.598
mp-aaabqxpi,40.984
mp-aaabqxpt,-93.937
mp-aaabqxpu,44.069
mp-aaabqxpy,41.192
mp-aaabqxqb,88.934
mp-aaabqxqc,38.368
mp-aaabqxqj,83.392
mp-aaabqxrd,28.377
mp-aaabqxsf,58.508
mp-aaabqxte,55.545
mp-aaabqxtm,17.517
mp-aaabqxuc,18.432
mp-aaabqxwk,56.612
mp-aaabqxwo,26.511
mp-aaabqxwp,58.736
mp-aaabqxwv,156.899
mp-aaabqxxg,45.232
mp-aaabqxxl,51.007
mp-aaabqxxo,26.427
mp-aaabqxxu,30.51
mp-aaabqxxz,59.646
mp-aaabqxya,57.572
mp-aaabqxyl,81.135
mp-aaabqxzl,45.373
mp-aaabqxzn,39.788
mp-aaabqyab,8.451
mp-aaabqyas,66.114
mp-aaabqybn,69.54
mp-aaabqych,29.031
mp-aaabqyck,98.032
mp-aaabqycm,48.284
mp-aaabqycp,21.098
mp-aaabqydb,49.906
mp-aaabqydi,43.61
mp-aaabqydv,22.349
mp-aaabqydw,32.248
mp-aaabqyel,57.732
mp-aaabqyeo,38.795
mp-aaabqyer,46.12
mp-aaabqyes,14.826
mp-aaabqyew,32.603
mp-aaabqyfv,28.076
mp-aaabqygy,24.897
mp-aaabqyhh,69.919
mp-aaabqyia,110.963
mp-aaabqyih,36.587
mp-aaabqyjx,29.664
mp-aaabqykc,94.012
mp-aaabqyku,68.846
mp-aaabqykw,48.466
mp-aaabqykz,52.0
mp-aaabqylj,77.006
mp-aaabqylq,20.992
mp-aaabqymn,49.055
mp-aaabqymy,61.596
mp-aaabqynf,53.717
mp-aaabqynx,32.067
mp-aaabqypc,78.047
mp-aaabqypg,53.564
mp-aaabqypj,2.819
mp-aaabqypr,36.283
mp-aaabqypt,53.39
mp-aaabqypu,14.836
mp-aaabqyqh,31.907
mp-aaabqyqs,30.741
mp-aaabqyrr,101.443
mp-aaabqyrz,47.939
mp-aaabqysi,9.97
mp-aaabqytc,25.035
mp-aaabqytx,31.987
mp-aaabqyue,26.756
mp-aaabqyuy,9.76
mp-aaabqyvh,-18.302
mp-aaabqyvo,8.606
mp-aaabqyvq,27.57
mp-aaabqywm,57.795
mp-aaabqyww,18.755
mp-aaabqywz,68.963
mp-aaabqyxe,20.922
mp-aaabqyza,84.014
mp-aaabqyzf,49.089
mp-aaabqyzx,77.349
mp-aaabqzax,30.382
mp-aaabqzca,39.05
mp-aaabqzdf,125.957
mp-aaabqzex,42.556
mp-aaabqzfd,55.213
mp-aaabqzge,38.21
mp-aaabqzgf,100.522
mp-aaabqzgp,19.441
mp-aaabqzgq,165.923
mp-aaabqzhn,63.525
mp-aaabqzht,27.873
mp-aaabqzhy,37.488
mp-aaabqzia,46.453
mp-aaabqzic,27.544
mp-aaabqzij,7.241
mp-aaabqzin,70.819
mp-aaabqzis,52.193
mp-aaabqzix,32.308
mp-aaabqzjc,53.789
mp-aaabqzjq,80.173
mp-aaabqzka,66.947
mp-aaabqzla,45.178
mp-aaabqznf,4.547
mp-aaabqznu,60.716
mp-aaabqznx,97.194
mp-aaabqzoj,53338.594
mp-aaabqzow,28.386
mp-aaabqzoy,5.392
mp-aaabqzpb,103.635
mp-aaabqzrj,59.121
mp-aaabqzrk,34.596
mp-aaabqzrs,43.12
mp-aaabqzsi,36.043
mp-aaabqzsk,20.112
mp-aaabqzsv,36.388
mp-aaabqzta,37.902
mp-aaabqzti,65.836
mp-aaabqztx,25.303
mp-aaabqzvi,17.231
mp-aaabqzvn,37.118
mp-aaabqzwz,12.683
mp-aaabqzxa,94.335
mp-aaabqzxy,54.35
mp-aaabqzzr,82.002
mp-aaabraab,45.236
mp-aaabraed,93.478
mp-aaabraew,44.318
mp-aaabraex,67.526
mp-aaabrafw,75.836
mp-aaabrahj,16.356
mp-aaabrahy,24.372
mp-aaabrajq,40.188
mp-aaabrakg,40.862
mp-aaabralj,17.347
mp-aaabrami,92.324
mp-aaabramo,31.867
mp-aaabraoa,0.923
mp-aaabraoc,74.86
mp-aaabraqd,13.543
mp-aaabrare,86.342
mp-aaabrarz,6.651
mp-aaabrauj,58.558
mp-aaabrawv,48.154
mp-aaabrbbu,26.741
mp-aaabrbfx,52.736
mp-aaabrbhe,113.32
mp-aaabrbhm,81.083
mp-aaabrbjf,61.088
mp-aaabrbnc,35.827
mp-aaabrbwp,71.912
mp-aaabrbzg,19.302
mp-aaabrcej,1589074.976
mp-aaabrdjw,4.969
mp-aaabrdlw,56.025
mp-aaabrdtm,112.431
mp-aaabrdwd,76.264
mp-aaabrees,39.309
mp-aaabrefc,1.6960000000000002
mp-aaabrehe,42.222
mp-aaabrekj,66.399
mp-aaabrenz,79.085
mp-aaabrert,179.969
mp-aaabrfpd,24.505
mp-aaabrfsu,52.642
mp-aaabrgcb,15.96
mp-aaabrgcv,7.397
mp-aaabrgep,111.116
mp-aaabrgvf,5.774
mp-aaabrgvg,24.293
mp-aaabrgvl,16.632
mp-aaabrgwa,117.113
mp-aaabrgwe,38.102
mp-aaabrgwf,60.171
mp-aaabrgwh,49.517
mp-aaabrgwm,49.385
mp-aaabrgwo,25.169
mp-aaabrgwp,43.642
mp-aaabrgws,45.205
mp-aaabrgwt,13.461
mp-aaabrgwv,5.095
mp-aaabrgxk,44.243
mp-aaabrgxr,89774.627
mp-aaabrgzi,1.552
mp-aaabrgzj,56.718
mp-aaabrgzs,30.888
mp-aaabrhbn,61.957
mp-aaabrhuo,124.731
mp-aaabrhuq,20.744
mp-aaabrizq,77.664
mp-aaabrjau,23.861
mp-aaabrndo,93.619
mp-aaabrock,16.32
mp-aaabrplx,53.21
mp-aaabrpva,65.111
mp-aaabrpwg,21.639
mp-aaabrrft,29.197
mp-aaabrrkf,12.923
mp-aaabrskb,24.406
mp-aaabrsls,31.896
mp-aaabrslt,48.501
mp-aaabrsof,72.528
mp-aaabrsok,15.033
mp-aaabrspq,72.302
mp-aaabrsqg,59.427
mp-aaabrsqq,7.139
mp-aaabrsux,70.113
mp-aaabrsym,36.039
mp-aaabrtcq,3.779
mp-aaabrtjs,37.8
mp-aaabrtjy,13.661
mp-aaabrtsq,89.323
mp-aaabrttf,7.312
mp-aaabrtxi,-16.509
mp-aaabrtyr,26.274
mp-aaabrucz,28.639
mp-aaabruov,-44263.884
mp-aaabrvfy,47.62
mp-aaabrwaj,64.543
mp-aaabrwfb,81.465
mp-aaabrwpz,83.545
mp-aaabrxbr,53.715
mp-aaabryed,48.069
mp-aaabrzom,22.461
mp-aaabrzsb,8.723
mp-aaabsaua,47.131
mp-aaabscaq,17.871
mp-aaabscgv,10.683
mp-aaabscis,13.893
mp-aaabsdov,103.555
mp-aaabsdoz,7.739
mp-aaabsdqu,50.63
mp-aaabsduo,64.912
mp-aaabsdup,63.43
mp-aaabsdur,92.442
mp-aaabsdus,98.43
mp-aaabsdvr,50.589
mp-aaabsebj,14.412
mp-aaabsebx,96.744
mp-aaabseen,56.909
mp-aaabsegb,90.58
mp-aaabsekm,6.569
mp-aaabsens,89.526
mp-aaabseps,108.773
mp-aaabseql,127.515
mp-aaabsera,145.301
mp-aaabsesq,106.112
mp-aaabsfgq,25.761
mp-aaabsfhf,50.224
mp-aaabsfml,40.168
mp-aaabsgan,87.319
mp-aaabsgaw,56.792
mp-aaabshlc,25.335
mp-aaabsjdl,80.788
mp-aaabsjen,16.37
mp-aaabskga,16.375
mp-aaabsqsc,96.666
mp-aaabsqsd,111.762
mp-aaabwiae,11.615
mp-aaabwjtz,20.715
mp-aaabwjuw,0.072
mp-aaabwjux,5.909
mp-aaabwpgx,15.398
mp-aaabwzyk,14.592
mp-aaabwzym,2.584
mp-aaabxaae,19.728
mp-aaabxajc,17.936
mp-aaabxajv,22.951
mp-aaabxajx,22.525
mp-aaabxajz,28.342
mp-aaabxako,18.268
mp-aaabxakp,24.217
mp-aaabxakr,0.118
mp-aaabxakv,17.977
mp-aaabxaky,24.587
mp-aaabxala,19.059
mp-aaabxaoa,27.35
mp-aaabxaog,17.214
mp-aaabxaom,31.772
mp-aaabxaor,31.322
mp-aaabxaow,144.737
mp-aaabxapc,38.644
mp-aaabxapd,3.22
mp-aaabxapf,-2.967
mp-aaabxapk,9.091
mp-aaabxapl,15.67
mp-aaabxapn,40.787
mp-aaabxapo,24.637
mp-aaabxapp,43.455
mp-aaabxapq,161.012
mp-aaabxapx,61.979
mp-aaabxapz,71.126
mp-aaabxaqa,72.215
mp-aaabxaqb,96.956
mp-aaabxaqd,18.121
mp-aaabxaqf,18.831
mp-aaabxaqg,-241.201
mp-aaabxaql,20.181
mp-aaabxaqm,41.098
mp-aaabxaqn,30.932
mp-aaabxaqq,78.863
mp-aaabxaqs,50.068
mp-aaabxaqu,9.543
mp-aaabxaqv,22.364
mp-aaabxaqw,34.247
mp-aaabxaqx,52.058
mp-aaabxaqz,18.108
mp-aaabxara,82.095
mp-aaabxarb,13.887
mp-aaabxarg,75.782
mp-aaabxatg,14.533
mp-aaabxatp,19.117
mp-aaabxatr,10.424
mp-aaabxats,33.967
mp-aaabxatu,25.863
mp-aaabxayt,1.677
mp-aaabxayy,14.917
mp-aaabxayz,104.711
mp-aaabxazb,44.212
mp-aaabxazc,22.936
mp-aaabxaze,15.442
mp-aaabxazg,27.025
mp-aaabxazh,17.072
mp-aaabxazi,107.147
mp-aaabxazj,18.099
mp-aaabxazk,14.998
mp-aaabxazo,-7.19
mp-aaabxazp,30.851
mp-aaabxazw,11.597
mp-aaabxbaa,26.976
mp-aaabxbab,36.374
mp-aaabxbaf,15.71
mp-aaabxbai,70.548
mp-aaabxbaj,52.518
mp-aaabxbam,101.829
mp-aaabxban,31.25
mp-aaabxbbe,11.699
mp-aaabxbbf,85.615
mp-aaabxbbg,0.923
mp-aaabxbbh,15.603
mp-aaabxbbj,38.677
mp-aaabxbbk,37.805
mp-aaabxbbl,20.318
mp-aaabxbbn,20.594
mp-aaabxbbo,24.541
mp-aaabxbbr,62.621
mp-aaabxbbu,36.576
mp-aaabxbbv,25.461
mp-aaabxbbz,67.999
mp-aaabxbcb,40.729
mp-aaabxbcc,66.077
mp-aaabxbcd,26.487
mp-aaabxbce,28.359
mp-aaabxbcg,55.985
mp-aaabxbcj,83.01
mp-aaabxbco,-10.602
mp-aaabxbcw,32.81
mp-aaabxbcx,54.533
mp-aaabxbda,103.795
mp-aaabxbdb,71.569
mp-aaabxbdf,76.543
mp-aaabxbdp,26.76
mp-aaabxbdq,25.452
mp-aaabxbns,-15.622
mp-aaabxbnv,42.694
mp-aaabxbnw,29.499
mp-aaabxbny,14.129
mp-aaabxbox,102.765
mp-aaabxboy,45.537
mp-aaabxboz,12.999
mp-aaabxbpa,65.499
mp-aaabxbpb,91.436
mp-aaabxbpg,104.435
mp-aaabxbph,66.739
mp-aaabxbpw,56.945
mp-aaabxbqa,79.648
mp-aaabxbqc,69.544
mp-aaabxbqd,16.536
mp-aaabxbqf,35.687
mp-aaabxbqn,-883.663
mp-aaabxbqt,59.369
mp-aaabxbqw,46.784
mp-aaabxbqx,41.463
mp-aaabxbqy,45.774
mp-aaabxbrs,49.792
mp-aaabxbrt,62.463
mp-aaabxbsa,7.693
mp-aaabxbse,63.627
mp-aaabxbsf,-3.561
mp-aaabxbsg,16.611
mp-aaabxbsh,27.74
mp-aaabxbsi,48.992
mp-aaabxbsj,64.707
mp-aaabxbsk,49.234
mp-aaabxbsl,42.33
mp-aaabxbud,53.036
mp-aaabxbue,-7999124033.206
mp-aaabxbul,45.47
mp-aaabxbum,37.764
mp-aaabxbuz,143.473
mp-aaabxbva,132.422
mp-aaabxbwb,37.977
mp-aaabxbwo,49.483
mp-aaabxbwu,21.383
mp-aaabxbyt,43.786
mp-aaabxbyw,39.474
mp-aaabxbyy,45.758
mp-aaabxbyz,6.17
mp-aaabxbzd,47.296
mp-aaabxbzf,33.33
mp-aaabxbzg,32.762
mp-aaabxbzl,100.408
mp-aaabxbzn,45.33
mp-aaabxbzp,20.383
mp-aaabxcak,173.524
mp-aaabxcam,31.932
mp-aaabxcan,204.28
mp-aaabxcay,113.636
mp-aaabxcaz,13.605
mp-aaabxcba,94.037
mp-aaabxcbc,179.065
mp-aaabxcbi,62.733
mp-aaabxcbl,19.764
mp-aaabxcbp,34.916
mp-aaabxcbr,20.144
mp-aaabxcbs,185.926
mp-aaabxcbu,117.74
mp-aaabxcbv,212.422
mp-aaabxccb,187.799
mp-aaabxccd,17.679
mp-aaabxcce,20.041
mp-aaabxcch,-130.789
mp-aaabxcdb,168.416
mp-aaabxcdc,56.514
mp-aaabxcdd,37.593
mp-aaabxcde,43.619
mp-aaabxcdi,28.284
mp-aaabxcdj,19.936
mp-aaabxcdk,39.669
mp-aaabxcdm,47.905
mp-aaabxcdn,20.637
mp-aaabxcdp,127.552
mp-aaabxcds,38528967319.515
mp-aaabxcdt,29.28
mp-aaabxcdx,19.632
mp-aaabxcdz,90.589
mp-aaabxcea,12.356
mp-aaabxcec,54.122
mp-aaabxcee,59.172
mp-aaabxcek,17.221
mp-aaabxcel,118.533
mp-aaabxcem,18.839
mp-aaabxceo,97.627
mp-aaabxcep,112.686
mp-aaabxcer,56.657
mp-aaabxces,16.796
mp-aaabxcet,121.918
mp-aaabxceu,140.544
mp-aaabxcew,32.127
mp-aaabxcex,32.821
mp-aaabxcey,29.224
mp-aaabxcez,108.285
mp-aaabxcfa,80.844
mp-aaabxcfe,31.014
mp-aaabxcfg,60.261
mp-aaabxcfh,99.655
mp-aaabxcfi,188.109
mp-aaabxcfj,80.631
mp-aaabxcfk,24.289
mp-aaabxcfl,36.27
mp-aaabxcfn,34.286
mp-aaabxcfo,15.966
mp-aaabxcfp,21.316
mp-aaabxcfr,80.503
mp-aaabxcft,89.291
mp-aaabxcfv,19.066
mp-aaabxcfw,22.938
mp-aaabxcfy,59.775
mp-aaabxcga,15.758
mp-aaabxcgb,27.683
mp-aaabxcgc,21.841
mp-aaabxcgf,22.7
mp-aaabxcgi,15.711
mp-aaabxcgk,26.438
mp-aaabxcgl,-13.323
mp-aaabxcgn,14.401
mp-aaabxcgp,19.997
mp-aaabxcgs,27.429
mp-aaabxcgu,9.574
mp-aaabxcgw,22.607
mp-aaabxcgx,22.842
mp-aaabxcgy,44.283
mp-aaabxcgz,23.289
mp-aaabxchb,26.176
mp-aaabxchd,-55007303412.241
mp-aaabxchj,26.564
mp-aaabxchl,12.139
mp-aaabxchq,129.985
mp-aaabxchr,36.12
mp-aaabxchu,113.371
mp-aaabxchv,174.876
mp-aaabxchx,111.317
mp-aaabxcic,19.11
mp-aaabxcie,31.697
mp-aaabxcig,108.248
mp-aaabxcih,298.985
mp-aaabxcil,19.952
mp-aaabxcin,17.941
mp-aaabxcio,112.353
mp-aaabxciq,1.806
mp-aaabxciv,17.514
mp-aaabxcjd,14.015
mp-aaabxcje,42.399
mp-aaabxcjf,15.743
mp-aaabxcjk,73.385
mp-aaabxcjl,15.551
mp-aaabxcjo,-242.288
mp-aaabxcju,24.885
mp-aaabxcjv,49.108
mp-aaabxcjw,57.351
mp-aaabxckb,15.124
mp-aaabxckc,12.642
mp-aaabxckf,31.331
mp-aaabxckg,20.936
mp-aaabxckh,34.878
mp-aaabxcki,49.122
mp-aaabxckk,22.0
mp-aaabxckl,148.952
mp-aaabxckn,20.391
mp-aaabxcks,52.044
mp-aaabxckt,50.388
mp-aaabxcky,-5.434
mp-aaabxckz,59.249
mp-aaabxcla,62.028
mp-aaabxclb,60.794
mp-aaabxclc,56.445
mp-aaabxcld,6.371
mp-aaabxclf,-71.481
mp-aaabxclg,7.332
mp-aaabxcli,79.846
mp-aaabxclj,8.309
mp-aaabxclk,10.746
mp-aaabxcll,0.917
mp-aaabxclm,17.984
mp-aaabxcln,11.401
mp-aaabxclq,-46.159
mp-aaabxclr,9.199
mp-aaabxcls,10.223
mp-aaabxclt,22.358
mp-aaabxclu,27.483
mp-aaabxclv,24.664
mp-aaabxclw,24.337
mp-aaabxclx,28.891
mp-aaabxcly,34.909
mp-aaabxclz,40.992
mp-aaabxcma,26.906
mp-aaabxcmc,10.533
mp-aaabxcmd,6.423
mp-aaabxcme,16.513
mp-aaabxcmh,33.2
mp-aaabxcmi,38.736
mp-aaabxcmj,17.543
mp-aaabxcmk,19.041
mp-aaabxcml,23.661
mp-aaabxcmn,46.704
mp-aaabxcmo,22.558
mp-aaabxcmp,11.484
mp-aaabxcmr,-29.425
mp-aaabxcmx,91.654
mp-aaabxcmy,6.17
mp-aaabxcne,22.248
mp-aaabxcnj,23.111
mp-aaabxcnm,67.79
mp-aaabxcnn,11.196
mp-aaabxcno,15.462
mp-aaabxcnq,30.714
mp-aaabxcnu,30.085
mp-aaabxcnw,5.559
mp-aaabxcny,24.499
mp-aaabxcoc,18.208
mp-aaabxcod,14.658
mp-aaabxcof,12.633
mp-aaabxcoi,24.17
mp-aaabxcoj,18.771
mp-aaabxcoo,52.142
mp-aaabxcoq,17.853
mp-aaabxcow,25.998
mp-aaabxcoy,23.357
mp-aaabxcpa,18.899
mp-aaabxcpd,22.085
mp-aaabxcpg,280.555
mp-aaabxcpi,8.779
mp-aaabxcpl,23.457
mp-aaabxcpn,23.361
mp-aaabxcpo,41.964
mp-aaabxcpp,27.973
mp-aaabxcpr,3.058
mp-aaabxcps,110.498
mp-aaabxcpu,1.747
mp-aaabxcpx,22.251
mp-aaabxcpy,21.122
mp-aaabxcqb,37.695
mp-aaabxcqc,20.724
mp-aaabxcqe,23.145
mp-aaabxcrd,50.033
mp-aaabxcri,2.666
mp-aaabxcrk,1.882
mp-aaabxcrl,2.495
mp-aaabxctg,-25.143
mp-aaabxczz,22.936
mp-aaabxdaf,19.567
mp-aaabxdag,25.646
mp-aaabxdai,35.48
mp-aaabxdam,2.63
mp-aaabxdpj,28.777
mp-aaabxdpk,33.714
mp-aaabxdpm,21.073
mp-aaabxdpn,19.511
mp-aaabxdpr,15.302
mp-aaabxdpw,24.887
mp-aaabxdpz,27.903
mp-aaabxdqa,35.405
mp-aaabxdqb,26.778
mp-aaabxdqd,31.005
mp-aaabxdqe,25.799
mp-aaabxdqf,22.513
mp-aaabxdqg,25.837
mp-aaabxdqh,24.444
mp-aaabxdqi,19.596
mp-aaabxdqj,25.855
mp-aaabxdql,78.278
mp-aaabxdqq,22.807
mp-aaabxdqr,21.327
mp-aaabxdqs,21.386
mp-aaabxdqw,83.539
mp-aaabxdrb,1.732
mp-aaabxdrc,23.108
mp-aaabxdrd,30.263
mp-aaabxdre,29.34
mp-aaabxdri,28.117
mp-aaabxdrj,19.158
mp-aaabxdrk,20.753
mp-aaabxdrl,26.907
mp-aaabxdrn,10.679
mp-aaabxdrp,203.512
mp-aaabxdrq,18.514
mp-aaabxdrr,52.644
mp-aaabxdrt,34.119
mp-aaabxdrv,26.464
mp-aaabxdrw,32.964
mp-aaabxdrx,28.709
mp-aaabxdsa,29.205
mp-aaabxdsd,14.344
mp-aaabxdse,10.065
mp-aaabxdsf,26.998
mp-aaabxdsh,60.474
mp-aaabxdsm,33.757
mp-aaabxdsn,28.354
mp-aaabxdso,-25.032
mp-aaabxdsp,158.517
mp-aaabxdsq,42.631
mp-aaabxdsr,30.054
mp-aaabxdss,28.245
mp-aaabxdst,51.651
mp-aaabxdsu,38.388
mp-aaabxdsv,28.348
mp-aaabxdsx,25.639
mp-aaabxdsy,22.324
mp-aaabxdtd,44.219
mp-aaabxdte,25.136
mp-aaabxdtl,8.023
mp-aaabxdtn,6.6370000000000005
mp-aaabxdto,16.227
mp-aaabxjxv,108.216
mp-aaabxjxw,75.808
mp-aaabxjya,50.773
mp-aaabxjzu,38.283
mp-aaabxjzv,11.561
mp-aaabxkab,18.567
mp-aaabyfua,13.954
mp-aaabyhvh,10.234
mp-aaacapbk,77.933
mp-aaacapbl,73.11
mp-aaacapbm,69.076
mp-aaacbgit,109.553
mp-aaacbjfs,91.861
mp-aaacboiv,10.386
mp-aaacbufg,20.022
mp-aaacbzxc,3.491
mp-aaacccut,13.335
mp-aaaccfde,13.031
mp-aaacckiy,76.603
mp-aaaccsoj,4.5600000000000005
mp-aaaccsok,62.489
mp-aaaccsol,-131.845
mp-aaaccsom,-12.045
mp-aaaccson,74.15
mp-aaaccsoo,139.154
mp-aaaccsop,68.035
mp-aaaccsoq,67.211
mp-aaaccsor,121.257
mp-aaaccsos,-31.592
mp-aaaccsot,-18.955
mp-aaaccsou,53.837
mp-aaaccsov,33.705
mp-aaaccsow,51.107
mp-aaaccsox,56.487
mp-aaaccsoy,76.634
mp-aaaccsoz,55.905
mp-aaaccspa,-35.297
mp-aaaccspc,31.185
mp-aaaccspd,37.789
mp-aaaccspf,3360433.715
mp-aaaccspg,27.745
mp-aaaccsph,0.506
mp-aaaccspi,-37.488
mp-aaaccspj,-3.699
mp-aaaccspl,73.592
mp-aaaccspm,3.848
mp-aaaccspn,70.695
mp-aaaccspo,-23.486
mp-aaaccspp,-6.282
mp-aaaccspq,66.456
mp-aaaccspr,-0.997
mp-aaaccsps,-0.804
mp-aaaccspt,-26.763
mp-aaaccspu,47.761
mp-aaaccspv,4.158
mp-aaaccspw,17.972
mp-aaaccspx,21.704
mp-aaaccspy,20.992
mp-aaaccspz,55.653
mp-aaaccsqa,15.44
mp-aaaccsqb,-24.859
mp-aaaccsqd,-36.665
mp-aaaccsqe,-15.992
mp-aaaccsqf,48.87
mp-aaaccsqg,-11.683
mp-aaaccsqh,22.703
mp-aaaccsqi,72.168
mp-aaaccsqj,38.126
mp-aaaccsqk,34.294
mp-aaaccsql,-142.864
mp-aaaccsqm,-20.653
mp-aaaccsqn,-36.755
mp-aaaccsqp,-40.599
mp-aaaccsqr,-11.924
mp-aaaccsqs,68.623
mp-aaaccsqu,-248.627
mp-aaaccsqv,-11.673
mp-aaaccsqw,47.772
mp-aaaccsqx,61.799
mp-aaaccsqy,54.063
mp-aaaccsqz,63.302
mp-aaaccsrc,40.965
mp-aaaccsre,-7.6
mp-aaaccsrf,-25.213
mp-aaaccsrg,-29.301
mp-aaaccsri,-2.274
mp-aaaccsrj,8.295
mp-aaaccsrl,8.741
mp-aaaccsrm,-10.145
mp-aaaccsrn,-11.415
mp-aaaccsti,11.206
mp-aaacctef,-25.412
mp-aaacctei,0.269
mp-aaacctej,-12.968
mp-aaacctek,2.317
mp-aaacctel,12.985
mp-aaacctem,-0.5660000000000001
mp-aaaccten,-15.532
mp-aaaccteo,-58.994
mp-aaacctep,3.472
mp-aaaccteq,17.467
mp-aaaccter,-1.732
mp-aaacctes,-3.379
mp-aaacctet,-5.105
mp-aaaccteu,8.847
mp-aaacctev,11.023
mp-aaacctew,-10.293
mp-aaacctex,-74.574
mp-aaacctey,-86.508
mp-aaacctez,5.193
mp-aaacctfa,17.166
mp-aaacdaeq,32.374
mp-aaacdhil,-12.481
mp-aaacdhjp,47.329
mp-aaacdhjq,45.957
mp-aaacdhjx,47.232
mp-aaacdhkb,11.797
mp-aaacdhkk,72.85
mp-aaacdhkl,51.344
mp-aaacdhkw,52.658
mp-aaacdhlc,4.182
mp-aaacdhld,-65.608
mp-aaacdhle,21.937
mp-aaacdhlf,28.888
mp-aaacdhlg,-4.4
mp-aaacdhlh,19.59
mp-aaacdhli,59.718
mp-aaacdhlo,24.036
mp-aaacdhlu,24.613
mp-aaacdhlw,-17.927
mp-aaacdhmo,56.716
mp-aaacdhmp,55.834
mp-aaacdhmu,51.41
mp-aaacdhnc,71.217
mp-aaacdhnd,5.969
mp-aaacdhnh,-10.383
mp-aaacdhnl,-42.517
mp-aaacdhnn,-57.824
mp-aaacdhod,91.273
mp-aaacdhox,27.672
mp-aaacdhpb,3.365
mp-aaacdhpy,-31.87
mp-aaacdhpz,3.265
mp-aaacdhqi,56.286
mp-aaacdhqj,17.206
mp-aaacdhqz,-127.808
mp-aaacdhrd,-51.09
mp-aaacdhrf,-0.897
mp-aaacdhrj,-24.478
mp-aaacdhrk,15.75
mp-aaacdhsl,18.995
mp-aaacdhtd,0.619
mp-aaacdhtf,30.673
mp-aaacdhti,27.152
mp-aaacdhto,20.14
mp-aaacdhtq,36.907
mp-aaacdhts,33.808
mp-aaacdhtw,7.68
mp-aaacdhub,36.189
mp-aaacdhuq,15.75
mp-aaacdhus,10.059
mp-aaacdhut,16.539
mp-aaacdhva,21.319
mp-aaacdhvc,-4.07
mp-aaacdhvr,42.81
mp-aaacdhvv,31.805
mp-aaacdhwb,23.388
mp-aaacdhwm,46.093
mp-aaacdhws,11311.01
mp-aaacdhxl,41.576
mp-aaacdhya,66.458
mp-aaacdhyg,63.909
mp-aaacdhyi,31.315
mp-aaacdhym,48.313
mp-aaacdhyw,45.698
mp-aaacdhza,25.438
mp-aaacdhze,98.184
mp-aaacdhzh,64.387
mp-aaacdhzj,36.67
mp-aaacdhzp,2.215
mp-aaacdhzu,9.412
mp-aaacdhzz,78.184
mp-aaacdiaa,40.008
mp-aaacdial,11.895
mp-aaacdiap,70.859
mp-aaacdibf,16.901
mp-aaacdicq,23.922
mp-aaacdido,17.921
mp-aaacdidr,5.176
mp-aaacdidt,8.347
mp-aaacdiek,40.429
mp-aaacdien,116.67
mp-aaacdier,104.672
mp-aaacdiez,52.288
mp-aaacdifc,90.295
mp-aaacdife,103.594
mp-aaacdifk,62.953
mp-aaacdift,-20.12
mp-aaacdifu,84.534
mp-aaacdifx,83.786
mp-aaacdiga,41.351
mp-aaacdign,19.382
mp-aaacdihe,32.424
mp-aaacdihf,93.59
mp-aaacdihp,8.744
mp-aaacdiia,-206.258
mp-aaacdiin,88.105
mp-aaacdiio,20.696
mp-aaacdijb,123.911
mp-aaacdijc,89.479
mp-aaacdije,134.934
mp-aaacdijf,-3037.847
mp-aaacdijp,92.111
mp-aaacdike,13.027
mp-aaacdikf,34.507
mp-aaacdikq,9.767
mp-aaacdikw,18.49
mp-aaacdikz,-5.562
mp-aaacdilw,71.729
mp-aaacdimg,57.765
mp-aaacdimp,36.138
mp-aaacdimu,35.034
mp-aaacdinq,73.067
mp-aaacdiod,15.051
mp-aaacdioe,37.307
mp-aaacdipq,17.395
mp-aaacdiqa,31.189
mp-aaacdiqh,21.731
mp-aaacdiqs,27.032
mp-aaacdiqw,17.723
mp-aaacdiqy,27.002
mp-aaacdiqz,-130.311
mp-aaacdira,21.569
mp-aaacdirg,18.836
mp-aaacdirk,27.058
mp-aaacdirl,15.513
mp-aaacdirt,28.525
mp-aaacditt,22.235
mp-aaacdiup,11.832
mp-aaacdius,-25.724
mp-aaacdivb,21.019
mp-aaacdivg,27.83
mp-aaacdivh,124.147
mp-aaacdivt,15.194
mp-aaacdivx,9.128
mp-aaacdivz,72.161
mp-aaacdiwu,41.54
mp-aaacdixg,14.712
mp-aaacdiyk,-10.855
mp-aaacdizd,-16.813
mp-aaacdize,32.427
mp-aaacdizk,-238.39
mp-aaacdizn,34.903
mp-aaacdizo,-35.93
mp-aaacdizz,-7.469
mp-aaacdjad,-65.089
mp-aaacdjbd,-93.936
mp-aaacdjbe,11.961
mp-aaacdjbs,36.205
mp-aaacdjbu,99.977
mp-aaacdjcg,24.58
mp-aaacdjcl,76.857
mp-aaacdjcm,53.369
mp-aaacdjcv,-24.29
mp-aaacdjcx,53.644
mp-aaacdjdd,101.53
mp-aaacdjdt,32.002
mp-aaacdjdy,28.725
mp-aaacdjeb,36.88
mp-aaacdjeg,9.245
mp-aaacdjei,34.349
mp-aaacdjej,51.8
mp-aaacdjel,30.673
mp-aaacdjeo,31.094
mp-aaacdjeq,38.357
mp-aaacdjey,19.34
mp-aaacdjfb,29.776
mp-aaacdjfe,35.177
mp-aaacdjff,47.121
mp-aaacdjfn,34.736
mp-aaacdjfo,15.277
mp-aaacdjfs,16.724
mp-aaacdjfu,37.11
mp-aaacdjgf,37.129
mp-aaacdjgv,11.214
mp-aaacdjgz,35.826
mp-aaacdjhd,26.851
mp-aaacdjhi,4.888
mp-aaacdjhl,77.929
mp-aaacdjho,12.239
mp-aaacdjhp,40.973
mp-aaacdjht,-1.491
mp-aaacdjhu,36.621
mp-aaacdjhy,40.67
mp-aaacdjim,36.47
mp-aaacdjjg,64.747
mp-aaacdjjy,59.908
mp-aaacdjka,21.816
mp-aaacdjld,30.278
mp-aaacdjlg,7.485
mp-aaacdjli,35.495
mp-aaacdjlk,33.265
mp-aaacdjlq,161.339
mp-aaacdjlr,23.656
mp-aaacdjls,68.294
mp-aaacdjmm,19.238
mp-aaacdjmq,39.197
mp-aaacdjmy,7.858
mp-aaacdjnh,64.194
mp-aaacdjnj,-5.415
mp-aaacdjnv,23.645
mp-aaacdjof,285.597
mp-aaacdjon,37.258
mp-aaacdjoo,33.304
mp-aaacdjop,38.927
mp-aaacdjov,91.053
mp-aaacdjoz,14.097
mp-aaacdjpc,45.595
mp-aaacdjpm,10.71
mp-aaacdjpu,21.232
mp-aaacdjpv,20.144
mp-aaacdjqb,65.253
mp-aaacdjqf,37.565
mp-aaacdjql,7.189
mp-aaacdjrl,1.942
mp-aaacdjrx,32.331
mp-aaacdjsa,23.677
mp-aaacdjss,6.112
mp-aaacdjsy,15.15
mp-aaacdjth,2.439
mp-aaacdjti,33.866
mp-aaacdjtj,111.434
mp-aaacdjtl,40.829
mp-aaacdjtm,35.688
mp-aaacdjtn,-10.74
mp-aaacdjts,28.768
mp-aaacdjuq,27.112
mp-aaacdjvg,5.99
mp-aaacdjvp,25.839
mp-aaacdjwg,100.722
mp-aaacdjwh,18.917
mp-aaacdjwq,168.403
mp-aaacdjwr,26.833
mp-aaacdjxc,24.167
mp-aaacdjxm,13.561
mp-aaacdjyi,27.945
mp-aaacdjyo,9.073
mp-aaacdjzb,8.867
mp-aaacdjzs,46.272
mp-aaacdjzu,376.325
mp-aaacdkac,35.918
mp-aaacdkad,79.557
mp-aaacdkag,2.93
mp-aaacdkak,-10.527
mp-aaacdkap,23.398
mp-aaacdkaz,27.113
mp-aaacdkbf,119.458
mp-aaacdkdk,0.64
mp-aaacdkdp,14.401
mp-aaacdkdq,156.612
mp-aaacdkdr,15.512
mp-aaacdkds,85.959
mp-aaacdkdu,40.238
mp-aaacdkdw,150.52
mp-aaacdkek,12.973
mp-aaacdkem,34.157
mp-aaacdker,6.7
mp-aaacdkeu,16.18
mp-aaacdkfb,28.755
mp-aaacdkfc,17.844
mp-aaacdkgk,24.25
mp-aaacdkgr,17.775
mp-aaacdkgs,2.325
mp-aaacdkha,1.584
mp-aaacdkhe,-8.384
mp-aaacdkhf,1.335
mp-aaacdkhl,63.787
mp-aaacdkho,40.108
mp-aaacdkhy,32.936
mp-aaacdkie,58.922
mp-aaacdkif,32.871
mp-aaacdkjh,28.686
mp-aaacdkjk,18.141
mp-aaacdkjp,30.304
mp-aaacdkli,24.399
mp-aaacdklk,5.8100000000000005
mp-aaacdklm,-146.863
mp-aaacdkly,19.562
mp-aaacdkme,89.256
mp-aaacdkmp,5.094
mp-aaacdkmt,25.804
mp-aaacdkmz,0.147
mp-aaacdkna,-4.842
mp-aaacdknh,3.11
mp-aaacdkni,-3.783
mp-aaacdkno,17.107
mp-aaacdkou,18.474
mp-aaacdkow,79.056
mp-aaacdkpa,3.327
mp-aaacdkpe,22.521
mp-aaacdkpf,-1.135
mp-aaacdkpl,33.455
mp-aaacdkpr,25.569
mp-aaacdkqj,66.056
mp-aaacdkqn,44.298
mp-aaacdkqs,21.112
mp-aaacdkqt,19.565
mp-aaacdkrf,17.531
mp-aaacdkri,71.534
mp-aaacdkrl,21.382
mp-aaacdkrm,27.055
mp-aaacdkro,23.914
mp-aaacdksc,27.647
mp-aaacdksm,80.165
mp-aaacdksz,32.427
mp-aaacdktb,115.236
mp-aaacdktg,5.772
mp-aaacdktw,28.195
mp-aaacdktx,16.435
mp-aaacdkug,21.039
mp-aaacdkur,34.59
mp-aaacdkut,34.793
mp-aaacdkux,20.43
mp-aaacdkva,28.439
mp-aaacdkxw,-5.24
mp-aaacdkxx,117.855
mp-aaacdkxz,51.077
mp-aaacdkyc,19.689
mp-aaacdleb,13.122
mp-aaacdlfh,30.971
mp-aaacdlfy,4.102
mp-aaacdlhj,16.667
mp-aaacdlhr,6.575
mp-aaacdlhy,25.844
mp-aaacdlib,22.519
mp-aaacdlic,215.629
mp-aaacdlig,8.547
mp-aaacdlii,10.805
mp-aaacdlil,166.99
mp-aaacdlir,110.675
mp-aaacdlji,226.427
mp-aaacdlju,132.714
mp-aaacdljw,-108.409
mp-aaacdlkl,17.033
mp-aaacdlkt,78.168
mp-aaacdlky,0.032
mp-aaacdllj,170.331
mp-aaacdlln,26.112
mp-aaacdllo,146.125
mp-aaacdllp,53.395
mp-aaacdllt,156.327
mp-aaacdlly,-92.546
mp-aaacdlmc,218.264
mp-aaacdlmh,212.936
mp-aaacdlmj,269.296
mp-aaacdlmy,46.257
mp-aaacdlnb,193.1
mp-aaacdlnd,82.095
mp-aaacdlne,48.767
mp-aaacdlnk,27.22
mp-aaacdlnu,54.122
mp-aaacdlpf,-6.952
mp-aaacdlpl,22.854
mp-aaacdlpr,14.981
mp-aaacdlpv,28.981
mp-aaacdlra,2.856
mp-aaacdlrh,76.961
mp-aaacdlrx,-9.864
mp-aaacdlrz,217.193
mp-aaacdlsa,54.174
mp-aaacdltd,-139.685
mp-aaacdltg,79.874
mp-aaacdlth,5.286
mp-aaacdltp,184.629
mp-aaacdltr,2.908
mp-aaacdluc,27.584
mp-aaacdluf,0.352
mp-aaacdlug,8.871
mp-aaacdlwu,16.032
mp-aaacdlxy,4.848
mp-aaacdlya,22.598
mp-aaacdlyd,2.138
mp-aaacdlzi,1.895
mp-aaacdlzq,18.307
mp-aaacdlzx,0.432
mp-aaacdmah,1.448
mp-aaacdmas,2.7
mp-aaacdmbj,6.489
mp-aaacdmbo,0.48
mp-aaacdmby,51.104
mp-aaacdmbz,2.648
mp-aaacdmcv,21.65
mp-aaacdmcw,1.363999999999999
mp-aaacdmdn,1.15
mp-aaacdmfl,1.881
mp-aaacdmfq,1.539
mp-aaacdmfv,71.432
mp-aaacdmga,2.719
mp-aaacdmgb,4.304
mp-aaacdmgc,1.129
mp-aaacdmgz,49.601
mp-aaacdmhi,0.931
mp-aaacdmhq,0.512
mp-aaacdmjc,0.915
mp-aaacdmjr,1.545
mp-aaacdmjs,68.685
mp-aaacdmjx,18.171
mp-aaacdmjy,0.168
mp-aaacdmkb,-0.172
mp-aaacdmkd,8.733
mp-aaacdmkn,182.644
mp-aaacdmmc,35.292
mp-aaacdmou,4.825
mp-aaacdmpi,88.194
mp-aaacdmpq,0.775
mp-aaacdmpy,105.897
mp-aaacdmqa,85.574
mp-aaacdmqi,126.82
mp-aaacdmqo,4.504
mp-aaacdmrt,7.573
mp-aaacdmrv,47.559
mp-aaacdmsp,10.261
mp-aaacdmsy,78.796
mp-aaacdmtc,69.83
mp-aaacdmtk,7.311
mp-aaacdmtn,11.05
mp-aaacdmua,3.405
mp-aaacdmuj,1.582
mp-aaacdmvj,70.624
mp-aaacdmvv,24.942
mp-aaacdmwa,31.992
mp-aaacdmwe,9.154
mp-aaacdmwq,-2.853
mp-aaacdmws,9.212
mp-aaacdmwt,5.159
mp-aaacdmwv,-60.784
mp-aaacdmxa,5.689
mp-aaacdmxe,13.871
mp-aaacdmxo,5.022
mp-aaacdmyh,86.583
mp-aaacdmyj,101.456
mp-aaacdmyl,41.005
mp-aaacdmyx,51.052
mp-aaacdmzb,55.989
mp-aaacdmzv,33.337
mp-aaacdnbr,8.082
mp-aaacdnbs,12.164
mp-aaacdnbv,23.058
mp-aaacdnby,20.488
mp-aaacdncb,-14.438
mp-aaacdncc,17.653
mp-aaacdnck,-1.937
mp-aaacdneg,-26.63
mp-aaacdneq,21.626
mp-aaacdnfk,17.316
mp-aaacdnfl,2.173
mp-aaacdnfn,-22.901
mp-aaacdngo,24.977
mp-aaacdngp,19.5
mp-aaacdngq,48.022
mp-aaacdngw,17.24
mp-aaacdngz,-6.95
mp-aaacdnha,21.09
mp-aaacdnhb,24.774
mp-aaacdnhc,25.001
mp-aaacdnhg,28.516
mp-aaacdnhi,23.682
mp-aaacdnho,22.539
mp-aaacdnlp,27.633
mp-aaacdnmi,17.233
mp-aaacdnmn,16.163
mp-aaacdnmo,14.376
mp-aaacdnmr,21.072
mp-aaacdnmv,18.365
mp-aaacdnni,-195.246
mp-aaacdnnq,27.862
mp-aaacdnoc,165.564
mp-aaacdnoq,22.948
mp-aaacdnpk,18.203
mp-aaacdnpw,23.158
mp-aaacdnpy,12.521
mp-aaacdnpz,18.684
mp-aaacdnqm,16.497
mp-aaacdnqu,8.36
mp-aaacdnqv,20.22
mp-aaacdnqw,39.623
mp-aaacdnqz,31.714
mp-aaacdnrc,63.201
mp-aaacdnrd,34.435
mp-aaacdnrk,17.144
mp-aaacdnrw,20.724
mp-aaacdnrx,21.051
mp-aaacdntk,23.46
mp-aaacdnuc,13.061
mp-aaacdnug,6.803
mp-aaacdnuj,13.808
mp-aaacdnuu,22.702
mp-aaacdnuw,6.546
mp-aaacdnvd,14.761
mp-aaacdnvj,19.231
mp-aaacdnvq,23.12
mp-aaacdnwh,15.939
mp-aaacdnwp,16.433
mp-aaacdnwu,33.718
mp-aaacdnwv,22.594
mp-aaacdnxj,7.417
mp-aaacdnxk,15.328
mp-aaacdnxq,114.133
mp-aaacdnyo,55.501
mp-aaacdnyt,-26.787
mp-aaacdnyv,7.408
mp-aaacdnyw,12.342
mp-aaacdnze,-26.773
mp-aaacdnzh,152.053
mp-aaacdnzl,27.557
mp-aaacdnzp,121.985
mp-aaacdnzu,23.324
mp-aaacdnzv,11.268
mp-aaacdnzy,16.048
mp-aaacdoag,25.378
mp-aaacdoah,23.028
mp-aaacdoap,20.646
mp-aaacdobl,11.449
mp-aaacdobp,30.372
mp-aaacdocy,8.211
mp-aaacdodo,11.459
mp-aaacdoeg,4.952
mp-aaacdoei,4.316
mp-aaacdoel,38.993
mp-aaacdoem,35.495
mp-aaacdoen,15.823
mp-aaacdoeo,18.66
mp-aaacdoep,26.561
mp-aaacdoeq,1.22
mp-aaacdoer,51.58
mp-aaacdoex,38.463
mp-aaacdoey,-6.125
mp-aaacdoez,84.987
mp-aaacdofg,8.428
mp-aaacdofp,7.419
mp-aaacdofr,16.29
mp-aaacdofs,11.216
mp-aaacdogt,5.748
mp-aaacdogv,1.26
mp-aaacdohe,40.126
mp-aaacdohh,14.653
mp-aaacdohi,18.07
mp-aaacdohp,21.056
mp-aaacdohr,26.844
mp-aaacdohs,26.014
mp-aaacdoie,24.132
mp-aaacdokb,18.579
mp-aaacdokc,1649.05
mp-aaacdokd,8.239
mp-aaacdoke,12.498
mp-aaacdokh,6.849
mp-aaacdoki,5.487999999999999
mp-aaacdokk,63.284
mp-aaacdokp,29.873
mp-aaacdoks,16.594
mp-aaacdokt,-1.776
mp-aaacdoku,10.268
mp-aaacdokv,18.853
mp-aaacdokw,16.026
mp-aaacdorc,33.704
mp-aaacdork,37.55
mp-aaacdorm,57.973
mp-aaacdoro,38.137
mp-aaacdowj,10.695
mp-aaacdowl,23.371
mp-aaacdoxc,28.817
mp-aaacdoxj,20.853
mp-aaacdoya,5.894
mp-aaacdoye,28.17
mp-aaacdoyg,21.624
mp-aaacdoyh,10.716
mp-aaacdoyq,20.114
mp-aaacdoyz,36.081
mp-aaacdozf,40.924
mp-aaacdozm,26.657
mp-aaacdozy,60.99
mp-aaacdpas,46.299
mp-aaacdpax,15.238
mp-aaacdpbb,57.89
mp-aaacdpbk,8.351
mp-aaacdpbr,20.509
mp-aaacdpby,36.546
mp-aaacdpcm,11.465
mp-aaacdpcv,56.636
mp-aaacdpdz,96.474
mp-aaacdpet,94.173
mp-aaacdpfs,38.431
mp-aaacdpfv,36.663
mp-aaacdpga,37.371
mp-aaacdpgg,-1.706
mp-aaacdphj,5.147
mp-aaacdphk,5.918
mp-aaacdphl,4.636
mp-aaacdpjd,30.199
mp-aaacdpjf,44.646
mp-aaacdpji,2.301
mp-aaacdple,24.056
mp-aaacdplh,-5.241
mp-aaacdpll,78.761
mp-aaacdplr,68.649
mp-aaacdplu,7.681
mp-aaacdplw,41.644
mp-aaacdpmg,62.388
mp-aaacdpmi,16.731
mp-aaacdpml,33.847
mp-aaacdpnh,-4.58
mp-aaacdpns,92.535
mp-aaacdpnx,14.462
mp-aaacdpny,176.789
mp-aaacdpod,16.716
mp-aaacdpof,9.212
mp-aaacdpoq,4.584
mp-aaacdpox,3.332
mp-aaacdppi,7.239
mp-aaacdppo,20.306
mp-aaacdppu,15.88
mp-aaacdpqd,5.399
mp-aaacdprc,16.61
mp-aaacdprl,87.191
mp-aaacdprv,99.376
mp-aaacdpry,0.8260000000000001
mp-aaacdpsw,15.146
mp-aaacdpum,23.653
mp-aaacdpun,110.354
mp-aaacdpuo,91.004
mp-aaacdpuq,92.854
mp-aaacdpus,33.565
mp-aaacdpuw,83.13
mp-aaacdpux,102.984
mp-aaacdpvb,59.398
mp-aaacdpvd,26.252
mp-aaacdpvg,19.612
mp-aaacdpvi,0.971
mp-aaacdpvj,2.449
mp-aaacdpvk,21.331
mp-aaacdpvo,25.898
mp-aaacdpvq,82.513
mp-aaacdpvr,-0.632
mp-aaacdpvs,66.124
mp-aaacdpvt,58.63
mp-aaacdpvy,86.954
mp-aaacdpvz,30.528
mp-aaacdpwa,28.17
mp-aaacdpwe,45.839
mp-aaacdpwg,11.975
mp-aaacdpwh,40.498
mp-aaacdpwj,106.447
mp-aaacdpwl,5.181
mp-aaacdpwm,20.958
mp-aaacdpwp,92.43
mp-aaacdpwq,93.616
mp-aaacdpwx,22.834
mp-aaacdpwy,34.938
mp-aaacdpxa,18.185
mp-aaacdpxd,44.279
mp-aaacdpxg,-54020.802
mp-aaacdpxh,104.198
mp-aaacdpxj,67.06
mp-aaacdpxk,42.706
mp-aaacdpxm,81.355
mp-aaacdpxq,88.985
mp-aaacdpxr,249.566
mp-aaacdpxs,75.849
mp-aaacdpxu,68.715
mp-aaacdpxv,16.368
mp-aaacdpxw,47.643
mp-aaacdpxy,26.477
mp-aaacdpxz,90.314
mp-aaacdpya,16.372
mp-aaacdpyb,26.458
mp-aaacdpyl,44.187
mp-aaacdpys,33.045
mp-aaacdpyt,56.653
mp-aaacdqbm,77.459
mp-aaacdqbp,52.302
mp-aaacdqbt,92.747
mp-aaacdqbu,17.115
mp-aaacdqbx,113.467
mp-aaacdqby,28.549
mp-aaacdqbz,62.854
mp-aaacdqcb,91.155
mp-aaacdqcc,91.242
mp-aaacdqce,-87.597
mp-aaacdqcf,20.657
mp-aaacdqcg,28.927
mp-aaacdqch,-12.875
mp-aaacdqcl,55.444
mp-aaacdqcn,100.908
mp-aaacdqco,0.078
mp-aaacdqcp,85.649
mp-aaacdqcr,9.338
mp-aaacdqcs,30.299
mp-aaacdqcu,14.39
mp-aaacdqcw,28.583
mp-aaacdqcx,-19.141
mp-aaacdqcy,73.696
mp-aaacdqcz,84.832
mp-aaacdqde,52.852
mp-aaacdqdg,43.212
mp-aaacdqdi,59.624
mp-aaacdqdj,197.522
mp-aaacdqdl,46.953
mp-aaacdqdp,24.389
mp-aaacdqth,57.605
mp-aaacdqtt,64.102
mp-aaacdqus,1.738
mp-aaacdqwp,20.487
mp-aaacdqwr,15.917
mp-aaacdqwu,26.103
mp-aaacdqwv,21.893
mp-aaacdqxb,18.011
mp-aaacdqxg,15.684
mp-aaacdrdg,4.9350000000000005
mp-aaacdrdl,95.017
mp-aaacdrdo,34.379
mp-aaacdrdp,25.948
mp-aaacdrdr,29.257
mp-aaacdrds,4.313
mp-aaacdrdt,-6661.016
mp-aaacdrdu,37.943
mp-aaacdrdv,-0.105
mp-aaacdrdw,11.401
mp-aaacdrdx,13.932
mp-aaacdrdy,13.131
mp-aaacdrdz,183.073
mp-aaacdrea,25.887
mp-aaacdreb,22.719
mp-aaacdrec,6.038
mp-aaacdree,19.659
mp-aaacdref,12.543
mp-aaacdreg,13.677
mp-aaacdreh,20.553
mp-aaacdrej,28.117
mp-aaacdrek,20.217
mp-aaacdrel,52.21
mp-aaacdreo,31.04
mp-aaacdrep,32.735
mp-aaacdrer,18.965
mp-aaacdres,20.038
mp-aaacdrfb,30.25
mp-aaacdrfc,42.454
mp-aaacdrmf,116.389
mp-aaacdrmg,87.065
mp-aaacdrmj,116.859
mp-aaacdrml,467.03
mp-aaacdrmm,90.777
mp-aaacdrmn,-30.69
mp-aaacdrmo,43.099
mp-aaacdrmp,-4.995
mp-aaacdrmq,95.512
mp-aaacdrmr,-23.964
mp-aaacdrms,17.374
mp-aaacdrmu,103.136
mp-aaacdrmx,34.028
mp-aaacdrmz,36.773
mp-aaacdrnd,21.424
mp-aaacdrne,25.23
mp-aaacdrnf,35.85
mp-aaacdrni,-11.306
mp-aaacdrnj,28.563
mp-aaacdrnn,42.953
mp-aaacdrno,20.54
mp-aaacdrnp,22.707
mp-aaacdrnr,16.825
mp-aaacdrnt,22.229
mp-aaacdrnx,-4.613
mp-aaacdrny,55.607
mp-aaacdrob,27.18
mp-aaacdrog,20.911
mp-aaacdroh,14.781
mp-aaacdroj,18.699
mp-aaacdrok,39.34
mp-aaacdrol,20.047
mp-aaacdron,29.737
mp-aaacdroq,104.483
mp-aaacdros,75.823
mp-aaacdrot,23.106
mp-aaacdrov,18.658
mp-aaacdrpb,21.466
mp-aaacdrpc,17.948
mp-aaacdrpg,94.134
mp-aaacdrqi,53.305
mp-aaacdrrk,18.839
mp-aaacdrrl,21.479
mp-aaacdrya,22.203
mp-aaacdryb,28.35
mp-aaacdryc,7.791
mp-aaacdryl,20.78
mp-aaacdrym,30.881
mp-aaacdryt,22.421
mp-aaacdrzb,22.803
mp-aaacdrzc,29.788
mp-aaacdrzk,3.231
mp-aaacdrzl,22.726
mp-aaacdrzy,6.9190000000000005
mp-aaacdsad,86.516
mp-aaacdsaf,63.466
mp-aaacdsah,-14.543
mp-aaacdsai,29.168
mp-aaacdsbh,-32.013
mp-aaacdsbl,-159.993
mp-aaacdsch,20.09
mp-aaacdscl,27.122
mp-aaacdscr,-22.886
mp-aaacdscs,32.407
mp-aaacdsda,69.014
mp-aaacdsdd,22.956
mp-aaacdsdy,26.257
mp-aaacdsea,80.046
mp-aaacdseb,16.505
mp-aaacdsem,28.975
mp-aaacdser,9.318
mp-aaacdsev,20.46
mp-aaacdsex,16.993
mp-aaacdsey,38.65
mp-aaacdsfi,31.552
mp-aaacdsfj,26.34
mp-aaacdsfk,27.068
mp-aaacdsfp,21.612
mp-aaacdsfr,49.453
mp-aaacdsgf,29.253
mp-aaacdsgh,40.177
mp-aaacdsgj,17.126
mp-aaacdsgk,12.317
mp-aaacdsgw,26.898
mp-aaacdshi,-163.985
mp-aaacdshj,15.655
mp-aaacdsho,40.594
mp-aaacdsib,22.245
mp-aaacdsir,24.536
mp-aaacdsis,14.701
mp-aaacdskh,38.471
mp-aaacdsmq,28.734
mp-aaacdsow,20.299
mp-aaacdspu,28.297
mp-aaacdspz,20.296
mp-aaacdsqb,61.097
mp-aaacdsqd,107.068
mp-aaacdsqf,6.46
mp-aaacdsqg,31.058
mp-aaacdsqi,-4.927
mp-aaacdsqx,26.88
mp-aaacdsqz,121.472
mp-aaacdsrd,4.863
mp-aaacdsre,45.527
mp-aaacdssx,20.619
mp-aaacdsvt,161.716
mp-aaacdsvx,24.488
mp-aaacdsvz,25.48
mp-aaacdswb,31.495
mp-aaacdswc,3.029
mp-aaacdswd,42.645
mp-aaacdswe,21.058
mp-aaacdswf,34.495
mp-aaacdswh,30.364
mp-aaacdswj,26.801
mp-aaacdswk,16.293
mp-aaacdswl,35.072
mp-aaacdswo,16.268
mp-aaacdswp,25.076
mp-aaacdswq,-105.222
mp-aaacdsxn,16.772
mp-aaacdsxt,20.865
mp-aaacdtdm,20.829
mp-aaacdthg,29.032
mp-aaacdthj,36.683
mp-aaacdtit,80.366
mp-aaacdtol,20.498
mp-aaacdtow,37.09
mp-aaacdtpj,29.185
mp-aaacdtpr,62.863
mp-aaacdtpt,24.042
mp-aaacdtpu,28.694
mp-aaacdtpv,5.601
mp-aaacdtpw,5.944
mp-aaacdtpx,8.177
mp-aaacdtpy,15.305
mp-aaacdtqa,16.111
mp-aaacdtqf,14.683
mp-aaacdtqk,16.494
mp-aaacdtql,10.13
mp-aaacdtqp,10.761
mp-aaacdtqq,9.45
mp-aaacdtqv,18.393
mp-aaacdtqw,18.723
mp-aaacdtqx,14.63
mp-aaacdtqz,35.89
mp-aaacdtrb,23.271
mp-aaacdtrc,17.672
mp-aaacdtrs,35.155
mp-aaacdtrv,30.747
mp-aaacdtrx,18.544
mp-aaacdtsj,14.306
mp-aaacdtsm,39.1
mp-aaacfxzc,53.705
mp-aaacfxzd,37.018
mp-aaacfxzk,16.917
mp-aaacfxzm,21.893
mp-aaacfxzs,77.026
mp-aaacfxzu,249.439
mp-aaacfxzv,33.931
mp-aaacfxzx,19.561
mp-aaacfxzy,112.224
mp-aaacfyab,67.239
mp-aaacfyad,29.749
mp-aaacfyae,60.729
mp-aaacfyaf,138.143
mp-aaacfyag,68.595
mp-aaacfyah,10.755
mp-aaacfyak,69.419
mp-aaacfyal,77.935
mp-aaacfyam,-57.475
mp-aaacfyap,17.647
mp-aaacfyaq,33.145
mp-aaacfyas,27.984
mp-aaacfyax,20.698
mp-aaacfyay,56.721
mp-aaacfyba,82.553
mp-aaacfybb,8.827
mp-aaacfybd,68.25
mp-aaacfybg,-142.472
mp-aaacfybh,7.128
mp-aaacfybo,21.239
mp-aaacfybp,47.51
mp-aaacfybq,16.787
mp-aaacfybs,28.721
mp-aaacfybu,40.853
mp-aaacfybv,23.112
mp-aaacfybw,32.238
mp-aaacfybz,13.397
mp-aaacfyce,1.393
mp-aaacfych,7.599
mp-aaacfycl,-62.874
mp-aaacfycn,99.939
mp-aaacfyco,28.525
mp-aaacfycp,25.114
mp-aaacfycq,84.389
mp-aaacfycs,20.084
mp-aaacfycu,36.624
mp-aaacfycw,-25.448
mp-aaacfycy,21.569
mp-aaacfycz,38.705
mp-aaacfyda,4.151
mp-aaacfydb,29.67
mp-aaacfydc,33.23
mp-aaacfyde,5.8
mp-aaacfydf,50.118
mp-aaacfydg,39.279
mp-aaacfydi,24.551
mp-aaacfydk,27.554
mp-aaacfydl,-1.488
mp-aaacfydo,46.472
mp-aaacfydp,42.846
mp-aaacfydq,15.431
mp-aaacfydr,76.958
mp-aaacfydt,13.529
mp-aaacfydu,44.974
mp-aaacfydx,80.193
mp-aaacfyeb,46.545
mp-aaacfyee,22.598
mp-aaacfyef,15.884
mp-aaacfyeg,119.613
mp-aaacfyet,25.387
mp-aaacfyvz,0.718
mp-aaacfywa,-19.081
mp-aaacfywb,20.546
mp-aaacfywf,-148.566
mp-aaacfywh,27.529
mp-aaacfywi,31.093
mp-aaacfywl,85.64
mp-aaacfywn,72.828
mp-aaacfywp,20.681
mp-aaacfywq,0.424
mp-aaacfywr,-31.646
mp-aaacfywt,61.016
mp-aaacfywv,331.922
mp-aaacfywy,8.899000000000001
mp-aaacfywz,-25.956
mp-aaacfyxc,25.652
mp-aaacfyxd,21.614
mp-aaacfyxf,91.323
mp-aaacfyxk,47.443
mp-aaacfyxs,87.289
mp-aaacfyxu,47.339
mp-aaacfyxz,22.777
mp-aaacfyyd,40.405
mp-aaacfyye,31.234
mp-aaacfyyf,45.507
mp-aaacfyyj,40.822
mp-aaacfyyk,53.824
mp-aaacfyym,21.657
mp-aaacfyyo,59.377
mp-aaacfyyt,37.428
mp-aaacfyyw,27.809
mp-aaacfyyx,6.449
mp-aaacfyzd,62.432
mp-aaacfyzg,54.445
mp-aaacfyzi,70.481
mp-aaacfyzl,34.866
mp-aaacfyzm,91.152
mp-aaacfyzo,60.257
mp-aaacfyzp,49.71
mp-aaacfyzr,60.344
mp-aaacfyzs,46.616
mp-aaacfyzt,58.103
mp-aaacfyzu,76.649
mp-aaacfyzw,40.426
mp-aaacfzaa,22.227
mp-aaacfzac,73.461
mp-aaacfzal,51.436
mp-aaacfzan,30.133
mp-aaacfzat,41.711
mp-aaacfzau,26.822
mp-aaacfzbg,33.579
mp-aaacfzbm,27.09
mp-aaacfzbw,28.031
mp-aaacfzbz,802.383
mp-aaacfzcc,14.417
mp-aaacfzck,15.766
mp-aaacfzco,-23.133
mp-aaacfzct,36.492
mp-aaacfzcu,110.749
mp-aaacfzcz,17.899
mp-aaacfzda,-5.163
mp-aaacfzde,24.695
mp-aaacfzdi,28.775
mp-aaacfzds,116.903
mp-aaacfzen,130.572
mp-aaacfzeo,206.455
mp-aaacfzep,11.242
mp-aaacfzgh,44.381
mp-aaacfzgo,35.836
mp-aaacfzhw,21.419
mp-aaacfzia,36.5
mp-aaacfzib,28.206
mp-aaacfzii,182.404
mp-aaacfzij,9.919
mp-aaacfzmi,175.334
mp-aaacfzmk,194.625
mp-aaacfzml,265.328
mp-aaacfznq,92.215
mp-aaacfznr,15.505
mp-aaacfznt,18.243
mp-aaacfzob,58.095
mp-aaacfzoe,49.211
mp-aaacfzoj,12.079
mp-aaacfzom,55.758
mp-aaacfzon,45.174
mp-aaacfzpq,29.721
mp-aaacfzud,28.712
mp-aaacfzuh,21.448
mp-aaacfzuk,77.09
mp-aaacfzuo,24.397
mp-aaacfzuu,150.555
mp-aaacfzuz,18.165
mp-aaacfzvb,27.358
mp-aaacfzvc,24.914
mp-aaacfzwn,240.891
mp-aaacfzwp,156.601
mp-aaacfzwu,23.413
mp-aaacfzyb,41.691
mp-aaacfzyc,52.831
mp-aaacfzyd,39.448
mp-aaacfzye,41.079
mp-aaacfzyf,31.492
mp-aaacfzyg,28.967
mp-aaacfzyy,145.417
mp-aaacgadw,106.97
mp-aaacgadx,30.371
mp-aaacgafd,56.437
mp-aaacgafg,90.422
mp-aaacgafm,145.289
mp-aaacgafn,46.497
mp-aaacgaga,37.095
mp-aaacgagj,71.871
mp-aaacgagu,71.471
mp-aaacgamu,232.977
mp-aaacgamx,134.04
mp-aaacgaxf,68.471
mp-aaacgaxn,60.241
mp-aaacgazb,86.576
mp-aaacgbus,89.039
mp-aaacgbxv,76.296
mp-aaacgcvr,106.231
mp-aaacgcvv,8.606
mp-aaacgcvw,0.6990000000000001
mp-aaacgczn,21.953
mp-aaacgczo,21.388
mp-aaacgczv,5.876
mp-aaacgdbq,16.23
mp-aaacgdcb,102.231
mp-aaacgdcl,26.749
mp-aaacgdcp,133.326
mp-aaacgddc,3.639
mp-aaacgdiy,-0.12
mp-aaacgdiz,11.095
mp-aaacgdjc,35.049
mp-aaacgdje,104.314
mp-aaacgdnf,125.594
mp-aaacgdpw,15.503
mp-aaacgdxr,21.126
mp-aaacgeae,15.92
mp-aaacgedr,19.814
mp-aaacgeom,18.822
mp-aaacgeqz,18.43
mp-aaacgexl,22.993
mp-aaacgexn,60.588
mp-aaacgexo,-129.69
mp-aaacgexp,15.269
mp-aaacgexq,23.505
mp-aaacgexs,36.808
mp-aaacgfaq,16.441
mp-aaacgfmz,71.609
mp-aaacgfnb,44.106
mp-aaacgfnc,40.689
mp-aaacgfnd,17.3
mp-aaacgfng,10.273
mp-aaacgfoj,26.463
mp-aaacgfpp,24.369
mp-aaacgfqe,26.629
mp-aaacgfqj,-5.63
mp-aaacgful,13.092
mp-aaacgfuv,20.459
mp-aaacgfwg,18.212
mp-aaacggrs,8.675
mp-aaacggsc,6.363
mp-aaacggse,7.663
mp-aaacggsh,10.803
mp-aaacggxf,14.149
mp-aaacggxj,28.066
mp-aaacgifi,53.287
mp-aaacgifj,35.539
mp-aaacgifl,55.5
mp-aaacgifr,66.442
mp-aaacgigl,-1330112.803
mp-aaacgigm,57.587
mp-aaacgigp,14.049
mp-aaacgigs,120.981
mp-aaacgigt,24.491
mp-aaacgigv,123.13
mp-aaacgigw,33.425
mp-aaacgihm,119.851
mp-aaacgiht,74.395
mp-aaacgihx,28.588
mp-aaacgihy,57.77
mp-aaacgiie,25.792
mp-aaacgiig,76.477
mp-aaacgiiu,37.02
mp-aaacgiiv,44.998
mp-aaacgijd,-37078.522
mp-aaacgijg,95.922
mp-aaacgijr,96.466
mp-aaacgijt,30.622
mp-aaacgijv,131.531
mp-aaacgijz,123.894
mp-aaacgikb,40.268
mp-aaacgiku,42.435
mp-aaacgikx,9.65
mp-aaacgila,65.017
mp-aaacgild,58.396
mp-aaacgill,59.703
mp-aaacgilo,27.214
mp-aaacgilv,91.914
mp-aaacgily,30.387
mp-aaacgilz,53.324
mp-aaacgimg,48.519
mp-aaacgimi,56.864
mp-aaacgimq,-7.658
mp-aaacgimw,11.26
mp-aaacgimx,36.52
mp-aaacgina,11.277
mp-aaacginb,50.001
mp-aaacginc,88.212
mp-aaacgine,28.851
mp-aaacginh,53.791
mp-aaacginl,88.202
mp-aaacginn,85.459
mp-aaacgino,-399597.959
mp-aaacginq,217.798
mp-aaacgins,60.465
mp-aaacgint,65.901
mp-aaacginw,32.425
mp-aaacginx,15.978
mp-aaacgioa,29.443
mp-aaacgiob,74.225
mp-aaacgioc,46.863
mp-aaacgiod,135.007
mp-aaacgiof,8.639
mp-aaacgioh,60.385
mp-aaacgiok,41.32
mp-aaacgiol,43.307
mp-aaacgiom,133.885
mp-aaacgion,52.044
mp-aaacgiou,71.88
mp-aaacgiov,6.304
mp-aaacgiox,46.399
mp-aaacgioz,72.317
mp-aaacgipb,32.833
mp-aaacgipc,19.028
mp-aaacgipg,59.621
mp-aaacgiph,57.276
mp-aaacgipm,56.588
mp-aaacgipn,33.076
mp-aaacgipo,57.269
mp-aaacgipq,46.262
mp-aaacgipr,87.932
mp-aaacgips,58.933
mp-aaacgipt,52.911
mp-aaacgipx,50.857
mp-aaacgiqa,49.825
mp-aaacgiqe,66.519
mp-aaacgiqf,52.327
mp-aaacgiqg,62.39
mp-aaacgiqj,54.39
mp-aaacgiqk,50.935
mp-aaacgiqo,137.312
mp-aaacgiqq,33.622
mp-aaacgiqu,7.682
mp-aaacgiqz,52.0
mp-aaacgira,54.705
mp-aaacgird,57.259
mp-aaacgire,72.64
mp-aaacgirf,53.452
mp-aaacgirg,94.657
mp-aaacgirh,10.938
mp-aaacgiri,66.367
mp-aaacgirj,6.614
mp-aaacgirm,67.858
mp-aaacgirn,74.715
mp-aaacgiro,73.003
mp-aaacgirp,11.197
mp-aaacgirq,21.565
mp-aaacgirs,110.244
mp-aaacgirt,102.849
mp-aaacgiru,29.918
mp-aaacgirw,45.094
mp-aaacgirx,41.997
mp-aaacgiry,136.526
mp-aaacgisb,59.756
mp-aaacgisc,17.944
mp-aaacgise,54.393
mp-aaacgish,49.134
mp-aaacgisj,53.252
mp-aaacgism,42.415
mp-aaacgisr,59.659
mp-aaacgiss,45.948
mp-aaacgisu,70.165
mp-aaacgisw,65.207
mp-aaacgisz,103.392
mp-aaacgitb,58.167
mp-aaacgitc,9.018
mp-aaacgitd,34.363
mp-aaacgitf,15.38
mp-aaacgitg,82.417
mp-aaacgiti,34.882
mp-aaacgitl,7.49
mp-aaacgitm,53.225
mp-aaacgitn,68.541
mp-aaacgito,71.228
mp-aaacgitp,72.274
mp-aaacgitt,54.754
mp-aaacgitv,6.531
mp-aaacgity,10.2
mp-aaacgitz,62.927
mp-aaacgiuc,9.03
mp-aaacgiud,81.239
mp-aaacgiue,-114159.321
mp-aaacgiuj,34.742
mp-aaacgiuk,58.097
mp-aaacgium,47.971
mp-aaacgiun,66.772
mp-aaacgiuo,63.614
mp-aaacgiup,25.111
mp-aaacgiur,48.286
mp-aaacgius,83.433
mp-aaacgiuu,67.167
mp-aaacgiuv,84.313
mp-aaacgiuw,84.07
mp-aaacgiuy,26.878
mp-aaacgivc,59.557
mp-aaacgivd,80.656
mp-aaacgive,-2.093
mp-aaacgivi,66.434
mp-aaacgivk,68.605
mp-aaacgivl,3.815
mp-aaacgivm,-1.283
mp-aaacgivn,53.183
mp-aaacgivp,5.05
mp-aaacgivq,32.385
mp-aaacgivr,128.824
mp-aaacgivx,52.542
mp-aaacgivy,52.206
mp-aaacgiwc,55.061
mp-aaacgiwf,64.624
mp-aaacgiwi,7.445
mp-aaacgiwj,78.948
mp-aaacgiwu,57.852
mp-aaacgiwv,36.535
mp-aaacgiwz,76.034
mp-aaacgixb,45.333
mp-aaacgixg,68.458
mp-aaacgixh,23.832
mp-aaacgixl,117.284
mp-aaacgixr,32.196
mp-aaacgixx,30.437
mp-aaacgiyb,126.196
mp-aaacgiyi,33.963
mp-aaacgiyj,70.719
mp-aaacgiyn,44.065
mp-aaacgiyp,2.313
mp-aaacgiyq,22.566
mp-aaacgiyr,84.924
mp-aaacgiyv,24.082
mp-aaacgizh,27.258
mp-aaacgizm,26.739
mp-aaacgjaf,134.256
mp-aaacgjai,28.999
mp-aaacgjal,-164.244
mp-aaacgjam,56.193
mp-aaacgjbg,77.68
mp-aaacgjbh,1859.482
mp-aaacgjbi,35.878
mp-aaacgjcf,7.414
mp-aaacgjcg,111.361
mp-aaacgjch,51.944
mp-aaacgjci,57.495
mp-aaacgjck,56.773
mp-aaacgjcn,119.819
mp-aaacgjcv,29.665
mp-aaacgjdb,14.933
mp-aaacgjdf,11.068
mp-aaacgjlv,9.713
mp-aaacgjos,11.985
mp-aaacgmog,8.256
mp-aaacgnti,12.676
mp-aaacgogj,14.183
mp-aaacgoop,58.104
mp-aaacgoov,19.372
mp-aaacgoow,79.606
mp-aaacgopa,60.484
mp-aaacgopf,113.863
mp-aaacgoqf,43.204
mp-aaacgoqg,48.959
mp-aaacgoqv,21.646
mp-aaacgoqy,39.756
mp-aaacgoqz,35.617
mp-aaacgorc,24.691
mp-aaacgorq,81.861
mp-aaacgoru,64.008
mp-aaacgorw,12.387
mp-aaacgorx,74.511
mp-aaacgory,66.596
mp-aaacgosh,33.563
mp-aaacgosj,37.741
mp-aaacgosr,33.023
mp-aaacgost,121.918
mp-aaacgotc,54.099
mp-aaacgoti,90.866
mp-aaacgotj,4.322
mp-aaacgotm,58.969
mp-aaacgott,85.985
mp-aaacgoud,47.814
mp-aaacgoue,44.495
mp-aaacgoul,83.772
mp-aaacgoum,78.625
mp-aaacgoup,88.233
mp-aaacgouq,50.692
mp-aaacgovc,18.619
mp-aaacgove,52.641
mp-aaacgovg,71.603
mp-aaacgovy,53.646
mp-aaacgowa,33.031
mp-aaacgowc,224.054
mp-aaacgowe,38.982
mp-aaacgown,35.797
mp-aaacgowo,59.218
mp-aaacgoww,29.1
mp-aaacgowz,65.055
mp-aaacgoxe,54.329
mp-aaacgoxj,37.724
mp-aaacgoxu,26.776
mp-aaacgoxv,11.342
mp-aaacgoyc,72.584
mp-aaacgoyk,-0.803
mp-aaacgoyy,51.678
mp-aaacgoza,62.895
mp-aaacgozj,28.697
mp-aaacgozk,47.916
mp-aaacgozo,69.353
mp-aaacgozp,24.266
mp-aaacgozu,37.513
mp-aaacgpao,58.145
mp-aaacgpaz,19.922
mp-aaacgpba,14.17
mp-aaacgpbg,28.485
mp-aaacgpbs,44.751
mp-aaacgpbv,20.467
mp-aaacgpcf,22.139
mp-aaacgpck,45.005
mp-aaacgpdh,36.268
mp-aaacgpdo,26.01
mp-aaacgpea,94.254
mp-aaacgped,29.774
mp-aaacgpee,38.074
mp-aaacgpeh,46.556
mp-aaacgpei,41.251
mp-aaacgpfv,3.776
mp-aaacgpfy,77.978
mp-aaacgpgh,10.582
mp-aaacgpgp,22.998
mp-aaacgpgw,58.897
mp-aaacgpha,42.246
mp-aaacgphd,52.829
mp-aaacgphh,45.204
mp-aaacgphj,69.192
mp-aaacgphl,39.114
mp-aaacgphu,34.671
mp-aaacgpia,12.232
mp-aaacgpih,-27.923
mp-aaacgpiu,43.636
mp-aaacgpix,74.731
mp-aaacgpja,49.934
mp-aaacgpjc,11.927
mp-aaacgpjj,61.364
mp-aaacgpjr,33.654
mp-aaacgpks,64.411
mp-aaacgpky,41.117
mp-aaacgpla,75.632
mp-aaacgple,32.947
mp-aaacgpmi,38.641
mp-aaacgpms,30.4
mp-aaacgpnr,59.002
mp-aaacgpoj,59.404
mp-aaacgpol,46.392
mp-aaacgpou,46.341
mp-aaacgppf,52.24
mp-aaacgqxf,11.578
mp-aaachcop,36.589
mp-aaachcoy,5.786
mp-aaachcqp,20.186
mp-aaachcsk,10.818
mp-aaachcso,-15.128
mp-aaachcsz,51.088
mp-aaachcux,8.857
mp-aaachcwh,9.932
mp-aaachcwi,27.355
mp-aaachcxa,-16.528
mp-aaachcyb,6.514
mp-aaachcym,14.201
mp-aaachcyp,8.885
mp-aaachdah,7.203
mp-aaachdbr,13.855
mp-aaachdcj,12.544
mp-aaachdck,-128.391
mp-aaachdcl,4.819
mp-aaachddq,5.49
mp-aaachded,-3.025
mp-aaachdeh,0.454
mp-aaachdei,12.967
mp-aaachdez,34.684
mp-aaachdff,19.961
mp-aaachdfg,14.975
mp-aaachdfm,17.567
mp-aaachdhe,7.408
mp-aaachdho,6.963
mp-aaachdij,11.541
mp-aaachdjq,5.239
mp-aaachdku,2.458
mp-aaachdkv,12.876
mp-aaachdlh,-1888.877
mp-aaachdns,8.429
mp-aaachdoh,9.348
mp-aaachdoj,7.009
mp-aaachdqg,17.452
mp-aaachdqt,6.686
mp-aaachdtc,-0.969
mp-aaachfdz,104.983
mp-aaachgfy,53.96
mp-aaachgoh,38.622
mp-aaachhos,8.086
mp-aaachhpv,0.5760000000000001
mp-aaachhqt,35.946
mp-aaachnky,8.573
mp-aaachovw,26.799
mp-aaachpav,26.547
mp-aaachpbg,33.875
mp-aaachpsj,49.916
mp-aaachwgl,25.405
mp-aaacidma,-96.391
mp-aaacidmu,5.449
mp-aaacieaw,6.816
mp-aaaciegr,-32.593
mp-aaacievi,-786.682
mp-aaacifbn,15.186
mp-aaacifid,10.827
mp-aaacifix,-11.402
mp-aaacigyq,13.525
mp-aaaciliy,-141.727
mp-aaacimmv,5.187
mp-aaaciojo,3.789
mp-aaaciouk,38.731
mp-aaacipap,50.804
mp-aaacipat,14.716
mp-aaacipiz,3.458
mp-aaaciqas,216.621
mp-aaaciqqt,47.731
mp-aaaciuim,25.387
mp-aaaciwgq,47.82
mp-aaaciycv,62.88
mp-aaaciycx,72.048
mp-aaaciyzo,41.614
mp-aaacizdd,9.471
mp-aaacjabt,24.115
mp-aaacjbcb,15.772
mp-aaacjbeg,38.323
mp-aaacjhja,37.017
mp-aaacjhoa,226.66
mp-aaacjhsr,90.2
mp-aaacjigx,28.123
mp-aaacjiov,58.378
mp-aaacjjan,18.317
mp-aaacjjbh,242.51
mp-aaacjjcg,261.781
mp-aaacjjgn,217.459
mp-aaacjjjk,76.408
mp-aaacjjkr,36.326
mp-aaacjjlu,9.952
mp-aaacjjoq,21.354
mp-aaacjkeu,17.699
mp-aaacjkhi,135.997
mp-aaacjknf,32.789
mp-aaacjknu,108.614
mp-aaacjkrk,195.212
mp-aaacjkuv,188.133
mp-aaacjlcf,118.054
mp-aaacjlcg,78.541
mp-aaacjlmm,41.307
mp-aaacjmqa,230.98
mp-aaacjwtd,194.582
mp-aaackiml,13.115
mp-aaackiov,124.059
mp-aaackipy,64.776
mp-aaackira,3.478
mp-aaackisd,48.429
mp-aaackivq,121.212
mp-aaackkmp,76.989
mp-aaackqye,117.091
mp-aaackrev,27.253
mp-aaackryp,35.417
mp-aaackryw,121.332
mp-aaackshq,52.85
mp-aaackslv,37.118
mp-aaackssl,28.161
mp-aaacktbd,213.715
mp-aaackthy,52.875
mp-aaackumd,0.793
mp-aaackupu,12.815
mp-aaackurx,11.3
mp-aaackuzj,-945973.311
mp-aaackvdw,45.953
mp-aaackvor,195.974
mp-aaackwvr,66.968
mp-aaackxmx,31.475
mp-aaackxna,408363.95
mp-aaackxny,6.079
mp-aaackxqf,65.355
mp-aaackxsj,51.133
mp-aaackxtk,-66717.161
mp-aaackxtl,84.477
mp-aaackxua,27.707
mp-aaackxwh,115.136
mp-aaackyhw,23.307
mp-aaackyie,-7509982.58
mp-aaackyjk,142.666
mp-aaackyjo,239.029
mp-aaackysa,121.151
mp-aaacltmd,28.045
mp-aaacmgss,53.835
mp-aaacpdqk,26.828
mp-aaacpdyp,37.166
mp-aaacpdzj,13.638
mp-aaacpggi,10.493
mp-aaacpgxn,16.064
mp-aaacpjap,229.681
mp-aaacpkhu,3.948
mp-aaacpkij,2.516
mp-aaacpkpn,1.623
mp-aaacpkpt,239.938
mp-aaacpkqd,198.555
mp-aaacpktr,2.555
mp-aaacplgz,42.979
mp-aaacpmmc,6.198
mp-aaacpnse,1.491
mp-aaacpnub,196.072
mp-aaacpnuc,207.287
mp-aaacpnux,175.246
mp-aaacppoz,10.388
mp-aaacpqbh,52.772
mp-aaacpqrt,153.142
mp-aaacprkl,31.336
mp-aaacprlm,37.755
mp-aaacprod,292.421
mp-aaacpsqo,14.6
mp-aaacpthb,4.36
mp-aaacptjk,4.908
mp-aaacptkb,64.99
mp-aaacptmd,0.288
mp-aaacptpp,48.153
mp-aaacptuh,79.573
mp-aaacpufc,141.6
mp-aaacpuks,153.686
mp-aaacputy,172.568
mp-aaacpwgq,-1724237.717
mp-aaacpwli,64.802
mp-aaacqaek,7.765
mp-aaacqbhn,13.415
mp-aaacqbkm,195.537
mp-aaacqbnf,28.883
mp-aaacqcgt,26.647
mp-aaacqexm,10.445
mp-aaacqfhu,11.1
mp-aaacqgau,0.753
mp-aaacqgqk,62.765
mp-aaacqhqp,11.096
mp-aaacqiyf,12.493
mp-aaacqozz,0.749
mp-aaacqpab,32.433
mp-aaacqqrp,232.744
mp-aaacqtpe,242.82
mp-aaacqxfa,174.986
mp-aaacrdpq,239.732
mp-aaacrdqk,193.022
mp-aaacrdqv,221.721
mp-aaacrdqx,219.951
mp-aaacrfgp,132.178
mp-aaacrfjr,188.983
mp-aaacrfko,219.064
mp-aaacrfmj,211.081
mp-aaacrfnn,218.099
mp-aaacrfof,229.65
mp-aaacrfux,252.386
mp-aaacrfvw,238.167
mp-aaacrggk,223.639
mp-aaacrgvr,167.325
mp-aaacrhne,224.962
mp-aaacrhqg,241.451
mp-aaacrhrg,198.354
mp-aaacrhso,179.007
mp-aaacrhsu,199.102
mp-aaacrhsv,188.191
mp-aaacrhte,194.458
mp-aaacrhtf,207.503
mp-aaacrjzz,137.973
mp-aaacrkaf,243.938
mp-aaacrkbx,7.082
mp-aaacrkfs,8.997
mp-aaacrktz,219.581
mp-aaacrlgp,219.876
mp-aaacrlhv,188.514
mp-aaacrlsc,195.691
mp-aaacrmur,255.342
mp-aaacrmzn,222.816
mp-aaacrqdr,195.756
mp-aaacrqen,214.796
mp-aaacrqlo,201.523
mp-aaacrqya,237.314
mp-aaacrrav,169.356
mp-aaacrrbb,250.862
mp-aaacrrbv,229.143
mp-aaacrrdo,225.412
mp-aaacrtlk,5.362
mp-aaacrtxj,7.136
mp-aaacrtze,201.556
mp-aaacrudk,187.727
mp-aaacrxnb,232.779
mp-aaacrxne,187.638
mp-aaacrxnw,186.929
mp-aaacrxpd,64.025
mp-aaacsczr,101.322
mp-aaacsmot,184.835
mp-aaactgqb,67.583
mp-aaactvmu,-927.269
mp-aaacyhjq,56.266
mp-aaacyoks,86.945
mp-aaadaeow,63.424
mp-aaadasyd,16.557
mp-aaadattb,57.544
mp-aaadaxfe,46.162
mp-aaadbbsq,8.09
mp-aaadbcnc,14.349
mp-aaadbddi,28.477
mp-aaadbevu,246.489
mp-aaadbfsb,44.148
mp-aaadbisu,20.038
mp-aaadbrgu,37.802
mp-aaadbrue,37.282
mp-aaadbsgu,-0.304
mp-aaadbunb,38.369
mp-aaadbusv,72.905
mp-aaadbvah,62.484
mp-aaadbyft,47.729
mp-aaadbymz,32.665
mp-aaadbzwy,36.082
mp-aaadcbsm,17.435
mp-aaadcdgv,32.379
mp-aaadciww,33.469
mp-aaadcjdh,73.976
mp-aaadcjud,40.831
mp-aaadckzv,48.521
mp-aaadclgq,13.302
mp-aaadcppj,6.923
mp-aaadcsho,38.01
mp-aaadctaf,34.036
mp-aaadctjr,15.287
mp-aaadcvwk,6.697
mp-aaadcwvn,73.559
mp-aaadcxpl,3.564
mp-aaaddbvu,19.427
mp-aaadddpu,53.245
mp-aaaddgxc,27.861
mp-aaaddkle,149.602
mp-aaaddkuv,50.155
mp-aaaddlxh,11.997
mp-aaaddmwh,81.28
mp-aaaddpts,-77.919
mp-aaaddtgg,58.897
mp-aaadedbm,43.928
mp-aaadeemt,41.61
mp-aaadefoj,-101.339
mp-aaadefsc,11.184
mp-aaadfzap,63.163
mp-aaadhpig,47.974
mp-aaadiszd,40.169
mp-aaaditgp,56.294
mp-aaadjlob,-24.614
mp-aaadjmyx,8.147
mp-aaadjnqp,33.731
mp-aaadjpcn,59.754
mp-aaadjsgw,11.846
mp-aaadjtde,6.148
mp-aaadjulw,4.58
mp-aaadjxmb,-95.458
mp-aaadjyvo,23.465
mp-aaadjzau,3.265
mp-aaaegtjv,10.716
mp-aaaeijno,23.696
mp-aaaeiktf,12.344
mp-aaaekrzj,68.257
mp-aaaekyeh,358391.561
mp-aaaelcam,12.062
mp-aaaelgps,6.9190000000000005
mp-aaaelwww,4.9190000000000005
mp-aaaemsyl,21.765
mp-aaaevxwh,8.964
mp-aaaewiwb,76.212
mp-aaaewpfx,37.194
mp-aaafdnwp,11.264
mp-aaafdsif,40.927
mp-aaafdsxr,4.85
mp-aaafdvbl,205.333
mp-aaafdvdv,4.889
mp-aaafdvub,5.496
mp-aaafdwji,0.799
mp-aaafdwlt,8.873
mp-aaafdxez,6.688
mp-aaafdxgq,4.879
mp-aaafeaud,-4.103
mp-aaafecfi,128.338
mp-aaafecms,10.796
mp-aaafehfz,5.1
mp-aaafekuc,23.295
mp-aaafekuv,12.984
mp-aaafekwf,29.535
mp-aaafepjt,34.235
mp-aaafexrn,9.851
mp-aaaffcsd,42.035
mp-aaaffkqd,43.197
mp-aaaffoui,22.771
mp-aaafgfrj,148.726
mp-aaafhbgq,19.434
mp-aaafhlhi,21.384
mp-aaafhmhi,10.16
mp-aaafhsfr,44.806
mp-aaafhsgi,17.976
mp-aaafhsov,18.076
mp-aaafhtqa,1.144
mp-aaafhvbj,2.054
mp-aaafhwgd,0.2
mp-aaafhzny,6.6530000000000005
mp-aaafjsiw,0.512
mp-aaafjtql,1.297
mp-aaafjttj,4.371
mp-aaafjxek,59.017
mp-aaafjxih,3.699
mp-aaafkfqe,11.58
mp-aaafkmaw,30.22
mp-aaafkmcl,31.703
mp-aaafkmdf,91.595
mp-aaafkwew,27.752
mp-aaaflcev,26.704
mp-aaaflckx,22.319
mp-aaaflpdr,86.946
mp-aaaflvuj,32.578
mp-aaafmqdn,21.994
mp-aaafnbaf,29.553
mp-aaafnets,87.786
mp-aaafngpc,19.608
mp-aaafnrhd,79.641
mp-aaafnzjq,18.854
mp-aaafqzqh,22.274
mp-aaaftaxl,26.205
mp-aaaftbhv,24.755
mp-aaaftlrb,19.045
mp-aaaftpiy,3.832
mp-aaaftrdu,73.013
mp-aaafubiu,49.715
mp-aaafussj,8.403
mp-aaafuupd,32.205
mp-aaafvagi,44.726
mp-aaafvitu,10.774
mp-aaafvlbp,26.895
mp-aaafvqnr,44.811
mp-aaafwben,43.487
mp-aaafwfix,24.65
mp-aaafwilm,13.766
mp-aaafwmcv,3.907
mp-aaafwmfk,25.475
mp-aaafxjyb,22.971
mp-aaafxjyp,16.08
mp-aaafypsm,30.213
mp-aaafyqjn,29.57
mp-aaafyssc,45.967
mp-aaafyufe,14.452
mp-aaafyztd,45.772
mp-aaafzajy,20.946
mp-aaafzbnm,20.876
mp-aaagbryv,4.464
mp-aaagbwbn,4.861
mp-aaagbxij,2.738
mp-aaagcsia,18.969
mp-aaagcubx,-0.329
mp-aaagdbcg,12.606
mp-aaagdlwt,4.34
mp-aaagdntk,11.556
mp-aaageynw,17.306
mp-aaageyou,18.906
mp-aaageypz,16.268
mp-aaagfcen,20.647
mp-aaagfddh,108.263
mp-aaagfdgv,9.886
mp-aaaggulq,17.592
mp-aaaghkro,15.381
mp-aaaghqrh,34.868
mp-aaaghxdy,22.198
mp-aaagirhh,27.637
mp-aaagjtho,1.748
mp-aaagjtrl,-3.976
mp-aaagkhrg,-59.249
mp-aaagklfr,144.08
mp-aaagkrhu,-67.643
mp-aaagkrml,1.164
mp-aaagkufv,-7.34
mp-aaagkumu,198.203
mp-aaagkwgv,2.623
mp-aaagkxvz,4.904
mp-aaaaacnt,129.399
mp-aaaaacnv,51.693
mp-aaaaacny,128.034
mp-aaaaacoa,105.314
mp-aaaaacoc,71.586
mp-aaaaacod,69.543
mp-aaaaacoe,22.054
mp-aaaaacog,42.179
mp-aaaaacoh,63.453
mp-aaaaacoj,23.828
mp-aaaaacol,34.563
mp-aaaaacon,26.401
mp-aaaaacoo,18.207
mp-aaaaacop,3.97
mp-aaaaacos,35.088
mp-aaaaacot,-118.011
mp-aaaaacow,48.426
mp-aaaaacpb,85.16
mp-aaaaacpd,55.025
mp-aaaaacpe,56.418
mp-aaaaacpf,7.26
mp-aaaaacpg,36.997
mp-aaaaacph,6.588
mp-aaaaacpj,30.308
mp-aaaaacpk,19.987
mp-aaaaacpl,47.87
mp-aaaaacpm,37.696
mp-aaaaacpn,37.609
mp-aaaaacpo,135.517
mp-aaaaacpp,30.837
mp-aaaaacpt,800469189874.404
mp-aaaaacpu,62.27
mp-aaaaacpy,43.054
mp-aaaaacpz,70.015
mp-aaaaacqa,122.559
mp-aaaaacqb,29.332
mp-aaaaacqf,276.94
mp-aaaaacqg,164.724
mp-aaaaacqh,20.977
mp-aaaaacqi,93.359
mp-aaaaacqj,19.528
mp-aaaaacqk,153.975
mp-aaaaacql,26.05
mp-aaaaacqm,58.07
mp-aaaaacqo,39.59
mp-aaaaacqp,15.494
mp-aaaaacqq,9.864
mp-aaaaacqr,31.033
mp-aaaaacqs,71.311
mp-aaaaacqt,26.322
mp-aaaaacqx,77.568
mp-aaaaacqz,37.599
mp-aaaaacra,148.783
mp-aaaaacrb,27.834
mp-aaaaacre,28.847
mp-aaaaacrf,123.87
mp-aaaaacri,11.629
mp-aaaaacrk,180.178
mp-aaaaacro,340.997
mp-aaaaacrr,10.847
mp-aaaaacru,8.453
mp-aaaaacry,4.652
mp-aaaaacrz,56.104
mp-aaaaacsa,44.285
mp-aaaaacsb,17.056
mp-aaaaacsc,71.121
mp-aaaaacsd,60.543
mp-aaaaacsf,34.066
mp-aaaaacsh,23.313
mp-aaaaacsi,-13338.654
mp-aaaaacsl,27.279
mp-aaaaacsm,71.862
mp-aaaaacso,21.595
mp-aaaaacsq,9.644
mp-aaaaacsr,31.116
mp-aaaaacsu,78.901
mp-aaaaacsv,102.452
mp-aaaaacsw,103.51
mp-aaaaactc,76.97
mp-aaaaactd,101.56
mp-aaaaactf,18.528
mp-aaaaactg,11.448
mp-aaaaacti,35.417
mp-aaaaactl,15.006
mp-aaaaacto,42.891
mp-aaaaactt,72.566
mp-aaaaactu,9.593
mp-aaaaactv,83.263
mp-aaaaactw,82.483
mp-aaaaactx,46.087
mp-aaaaactz,102.436
mp-aaaaacub,35.487
mp-aaaaacuc,6.562
mp-aaaaacue,31.014
mp-aaaaacuf,59.484
mp-aaaaacug,129.905
mp-aaaaacuh,55.552
mp-aaaaacui,8.1
mp-aaaaacuk,36.849
mp-aaaaacul,27.868
mp-aaaaacun,119.385
mp-aaaaacus,205.308
mp-aaaaacut,18.401
mp-aaaaacuw,263.151
mp-aaaaacux,-43.789
mp-aaaaacva,47.956
mp-aaaaacvd,8.992
mp-aaaaacve,-50.153
mp-aaaaacvf,29.625
mp-aaaaacvj,14.171
mp-aaaaacvl,20.642
mp-aaaaacvm,65.083
mp-aaaaacvn,28.745
mp-aaaaacvo,39.732
mp-aaaaacvp,75.459
mp-aaaaacvq,52.98
mp-aaaaacvr,140.537
mp-aaaaacvs,-13.372
mp-aaaaacvu,74.969
mp-aaaaacvv,-56965665.311
mp-aaaaacvx,49.635
mp-aaaaacvy,92.704
mp-aaaaacwa,65.542
mp-aaaaacwb,48.734
mp-aaaaacwc,34.701
mp-aaaaacwf,117.48
mp-aaaaacwi,84.517
mp-aaaaacwj,38.179
mp-aaaaacwk,22.505
mp-aaaaacwl,13.481
mp-aaaaacwm,92.363
mp-aaaaacwn,22.182
mp-aaaaacwo,146.396
mp-aaaaacwp,47.466
mp-aaaaacwr,42.594
mp-aaaaacwt,8.947
mp-aaaaacwu,115.879
mp-aaaaacwy,14.165
mp-aaaaacwz,54.384
mp-aaaaacxd,68.456
mp-aaaaacxe,112.016
mp-aaaaacxf,28.142
mp-aaaaacxg,50.722
mp-aaaaacxi,20.197
mp-aaaaacxj,78.729
mp-aaaaacxk,68.452
mp-aaaaacxl,40.299
mp-aaaaacxn,76.178
mp-aaaaacxs,39.07
mp-aaaaacxt,69.318
mp-aaaaacxv,32.372
mp-aaaaacxx,86.662
mp-aaaaacxy,60061.749
mp-aaaaacxz,137.49
mp-aaaaacya,6.594
mp-aaaaacyb,16.292
mp-aaaaacyd,49.519
mp-aaaaacyg,63.079
mp-aaaaacyi,16.914
mp-aaaaacyj,313.794
mp-aaaaacyk,40.506
mp-aaaaacym,47182.922
mp-aaaaacyn,131.92
mp-aaaaacyo,27.37
mp-aaaaacys,244.359
mp-aaaaacyt,36.052
mp-aaaaacyu,86.186
mp-aaaaacyx,10.31
mp-aaaaacyy,23.155
mp-aaaaacyz,17.852
mp-aaaaacze,123.848
mp-aaaaaczg,111.737
mp-aaaaaczj,46.377
mp-aaaaaczk,13.906
mp-aaaaaczm,60.67
mp-aaaaaczo,35.656
mp-aaaaaczq,83.814
mp-aaaaaczr,3.61
mp-aaaaaczx,120.416
mp-aaaaaczz,60.459
mp-aaaaadaa,103.427
mp-aaaaadac,121.491
mp-aaaaadad,126.036
mp-aaaaadaf,73.848
mp-aaaaadag,167.632
mp-aaaaadak,1.08
mp-aaaaadal,39.923
mp-aaaaadav,-14315206718497.004
mp-aaaaadaw,35.415
mp-aaaaadax,20.287
mp-aaaaaday,51.516
mp-aaaaadaz,82.544
mp-aaaaadbc,47.072
mp-aaaaadbd,152.964
mp-aaaaadbe,81.818
mp-aaaaadbf,85.622
mp-aaaaadbh,26.727
mp-aaaaadbi,37.317
mp-aaaaadbj,39.845
mp-aaaaadbl,34.361
mp-aaaaadbo,28.711
mp-aaaaadbq,72.8
mp-aaaaadbr,34.222
mp-aaaaadbu,25.62
mp-aaaaadbv,248.7
mp-aaaaadbw,11.72
mp-aaaaadbx,19.61
mp-aaaaadby,62.551
mp-aaaaadbz,8.536
mp-aaaaadcc,95.703
mp-aaaaadcd,33.475
mp-aaaaadcf,27.46
mp-aaaaadci,49.823
mp-aaaaadcj,10.753
mp-aaaaadck,91.403
mp-aaaaadcl,199.016
mp-aaaaadcn,21.141
mp-aaaaadcr,21.245
mp-aaaaadcs,31.442
mp-aaaaadcw,46.687
mp-aaaaadcx,23.973
mp-aaaaadcz,95.21
mp-aaaaaddc,94.124
mp-aaaaaddi,120.831
mp-aaaaaddk,-10720.538
mp-aaaaaddl,120.579
mp-aaaaaddn,39.897
mp-aaaaaddo,33.252
mp-aaaaaddp,67.045
mp-aaaaaddr,59.048
mp-aaaaaddt,17.938
mp-aaaaaddu,150.309
mp-aaaaaddw,24.132
mp-aaaaaddx,18.615
mp-aaaaaddy,50.812
mp-aaaaaddz,20.283
mp-aaaaadea,97.244
mp-aaaaadeb,42.921
mp-aaaaadec,59.683
mp-aaaaadef,33.4
mp-aaaaadek,88.304
mp-aaaaadel,-87.276
mp-aaaaaden,22.573
mp-aaaaades,14.972
mp-aaaaadet,19.098
mp-aaaaadeu,72.438
mp-aaaaadew,50.428
mp-aaaaadey,15.707
mp-aaaaadez,146.476
mp-aaaaadfb,21.366
mp-aaaaadfc,-8.269
mp-aaaaadff,41.48
mp-aaaaadfg,45.381
mp-aaaaadfj,18.225
mp-aaaaadfk,19.801
mp-aaaaadfm,30.516
mp-aaaaadfo,39.773
mp-aaaaadfp,33.316
mp-aaaaadfs,22.571
mp-aaaaadfu,49.262
mp-aaaaadfv,69.775
mp-aaaaadfw,49.015
mp-aaaaadfy,29.701
mp-aaaaadfz,25.536
mp-aaaaadgc,-40.282
mp-aaaaadgd,45.424
mp-aaaaadgf,28.803
mp-aaaaadgh,35.969
mp-aaaaadgi,51.85
mp-aaaaadgk,5.916
mp-aaaaadgp,99.533
mp-aaaaadgr,27.177
mp-aaaaadgt,84.351
mp-aaaaadgu,16.8
mp-aaaaadgv,40.255
mp-aaaaadgw,52.371
mp-aaaaadgx,14.307
mp-aaaaadha,29.697
mp-aaaaadhb,96.288
mp-aaaaadhc,58.07
mp-aaaaadhd,87.323
mp-aaaaadhe,24.287
mp-aaaaadhf,33.498
mp-aaaaadhl,39.298
mp-aaaaadhm,21.852
mp-aaaaadhp,145.09
mp-aaaaadhq,34.497
mp-aaaaadhs,19.228
mp-aaaaadht,62.567
mp-aaaaadhv,18.459
mp-aaaaadhw,0.419
mp-aaaaadhx,24.919
mp-aaaaadhy,33.204
mp-aaaaadhz,4888.979
mp-aaaaadib,49.766
mp-aaaaadig,16.528
mp-aaaaadih,98.782
mp-aaaaadij,133.615
mp-aaaaadil,7.425
mp-aaaaadio,73.267
mp-aaaaadip,33.607
mp-aaaaadiq,195.809
mp-aaaaadis,104.324
mp-aaaaadiw,44.872
mp-aaaaadiy,92.583
mp-aaaaadjb,101.732
mp-aaaaadjc,54.614
mp-aaaaadjd,22.507
mp-aaaaadjf,159.19
mp-aaaaadjg,23.666
mp-aaaaadjh,-89.327
mp-aaaaadjl,20.968
mp-aaaaadjn,2.694
mp-aaaaadjs,24.776
mp-aaaaadjt,32.903
mp-aaaaadjv,48.526
mp-aaaaadjw,11.136
mp-aaaaadjx,20.99
mp-aaaaadjy,26.985
mp-aaaaadjz,90.948
mp-aaaaadkd,31.996
mp-aaaaadke,39.632
mp-aaaaadkf,13.311
mp-aaaaadkg,34.51
mp-aaaaadki,56.587
mp-aaaaadkj,37.086
mp-aaaaadkn,75.904
mp-aaaaadko,71.205
mp-aaaaadkp,25.072
mp-aaaaadkr,241.645
mp-aaaaadks,25.636
mp-aaaaadkw,37.359
mp-aaaaadkx,147.84
mp-aaaaadkz,14.062
mp-aaaaadlc,34.632
mp-aaaaadld,59.861
mp-aaaaadle,61.973
mp-aaaaadli,61.069
mp-aaaaadlj,30.953
mp-aaaaadln,24.042
mp-aaaaadlq,42.182
mp-aaaaadlr,211.409
mp-aaaaadlt,50.728
mp-aaaaadlu,31.884
mp-aaaaadlx,71.054
mp-aaaaadly,35.596
mp-aaaaadlz,56.112
mp-aaaaadma,29.996
mp-aaaaadmb,44.749
mp-aaaaadmd,28.207
mp-aaaaadmf,63.498
mp-aaaaadmh,18.447
mp-aaaaadmi,46.202
mp-aaaaadmj,25.172
mp-aaaaadmk,40.885
mp-aaaaadml,77.422
mp-aaaaadmm,30.58
mp-aaaaadmo,68.833
mp-aaaaadmp,-348.911
mp-aaaaadms,3021564.222
mp-aaaaadmu,33.926
mp-aaaaadmv,23.687
mp-aaaaadmx,125320591256.951
mp-aaaaadmy,104.185
mp-aaaaadnb,38.059
mp-aaaaadnd,39.635
mp-aaaaadne,63.816
mp-aaaaadnf,13.907
mp-aaaaadnn,55.782
mp-aaaaadnp,44.03
mp-aaaaadns,44.222
mp-aaaaadnt,77.779
mp-aaaaadnw,19.072
mp-aaaaadny,-0.915
mp-aaaaadnz,39.152
mp-aaaaadob,15.556
mp-aaaaadoe,29.35
mp-aaaaadoh,31.429
mp-aaaaadoi,14.479
mp-aaaaadok,10.842
mp-aaaaadol,70.92
mp-aaaaadom,35.322
mp-aaaaadoo,43.682
mp-aaaaadoq,37.74
mp-aaaaados,21.072
mp-aaaaadov,30.324
mp-aaaaadoz,96.074
mp-aaaaadpe,49.575
mp-aaaaadpf,-46.911
mp-aaaaadpg,33.134
mp-aaaaadpi,18.419
mp-aaaaadpm,71.611
mp-aaaaadpn,19.207
mp-aaaaadpo,22.012
mp-aaaaadpq,18.121
mp-aaaaadpr,59.059
mp-aaaaadpv,-285006.516
mp-aaaaadqa,58.842
mp-aaaaadqf,148.259
mp-aaaaadqg,22.571
mp-aaaaadqh,44.156
mp-aaaaadqk,77.415
mp-aaaaadql,119.207
mp-aaaaadqo,120.173
mp-aaaaadqp,23.996
mp-aaaaadqq,69.138
mp-aaaaadqs,34.941
mp-aaaaadqt,46.961
mp-aaaaadqv,72.237
mp-aaaaadqw,43.716
mp-aaaaadqz,17.126
mp-aaaaadra,42.673
mp-aaaaadrc,55.772
mp-aaaaadre,20.315
mp-aaaaadri,142.4
mp-aaaaadrl,30.526
mp-aaaaadrm,15.017
mp-aaaaadro,13.663
mp-aaaaadrq,76.295
mp-aaaaadrs,77.908
mp-aaaaadrt,29.992
mp-aaaaadru,51.463
mp-aaaaadrv,28.368
mp-aaaaadrx,76.604
mp-aaaaadrz,35.905
mp-aaaaadsc,-74412.396
mp-aaaaadsd,20.384
mp-aaaaadse,68.61
mp-aaaaadsf,147.601
mp-aaaaadsl,12.041
mp-aaaaadsn,76.264
mp-aaaaadso,-60.291
mp-aaaaadsq,44.754
mp-aaaaadsr,84.294
mp-aaaaadst,95.103
mp-aaaaadsu,30.473
mp-aaaaadsv,22.286
mp-aaaaadsy,36.301
mp-aaaaadtc,53.203
mp-aaaaadtd,13.044
mp-aaaaadth,50.28
mp-aaaaadti,18.389
mp-aaaaadtk,20.901
mp-aaaaadtl,94.33
mp-aaaaadtm,40.715
mp-aaaaadto,98.426
mp-aaaaadtp,-19234344.271
mp-aaaaadts,125.024
mp-aaaaadtu,156.717
mp-aaaaadtz,-916.464
mp-aaaaadua,51.563
mp-aaaaadud,71.871
mp-aaaaadue,77.836
mp-aaaaaduf,108.178
mp-aaaaadug,98.236
mp-aaaaadui,4.601
mp-aaaaaduj,54.176
mp-aaaaaduk,23.128
mp-aaaaadum,47.565
mp-aaaaaduo,16.136
mp-aaaaadup,23.207
mp-aaaaaduq,11.488
mp-aaaaadus,29.524
mp-aaaaadut,52.199
mp-aaaaaduu,29.796
mp-aaaaaduy,16.339
mp-aaaaaduz,53.34
mp-aaaaadva,50.773
mp-aaaaadvd,151.231
mp-aaaaadve,22.605
mp-aaaaadvg,198.028
mp-aaaaadvi,111.779
mp-aaaaadvj,51.647
mp-aaaaadvp,86.082
mp-aaaaadvs,180.217
mp-aaaaadvw,85.399
mp-aaaaadvx,13.03
mp-aaaaadvy,60.636
mp-aaaaadwa,14.228
mp-aaaaadwc,45.687
mp-aaaaadwe,22.167
mp-aaaaadwf,74.209
mp-aaaaadwg,39.724
mp-aaaaadwk,-12.335
mp-aaaaadwl,22.184
mp-aaaaadwm,41.317
mp-aaaaadwo,83.451
mp-aaaaadwp,26.359
mp-aaaaadwq,81.895
mp-aaaaadws,32.809
mp-aaaaadwt,60.628
mp-aaaaadwu,65.591
mp-aaaaadwv,16.924
mp-aaaaadwy,28.771
mp-aaaaadwz,100.718
mp-aaaaadxb,52.475
mp-aaaaadxe,11.912
mp-aaaaadxh,139.96
mp-aaaaadxi,209.5
mp-aaaaadxk,21.921
mp-aaaaadxl,30.01
mp-aaaaadxn,11.725
mp-aaaaadxo,51.167
mp-aaaaadxq,27.634
mp-aaaaadxr,57.91
mp-aaaaadxs,69.404
mp-aaaaadxt,69.809
mp-aaaaadxu,17.743
mp-aaaaadxv,39.149
mp-aaaaadxw,7.5
mp-aaaaadxx,-62.135
mp-aaaaadya,62.199
mp-aaaaadyb,383.44
mp-aaaaadyc,21.529
mp-aaaaadyf,107.377
mp-aaaaadyg,96.914
mp-aaaaadyh,18.796
mp-aaaaadyj,30.984
mp-aaaaadyk,127.428
mp-aaaaadyl,81.716
mp-aaaaadym,64.903
mp-aaaaadyn,15.68
mp-aaaaadyo,35.331
mp-aaaaadyp,6.1370000000000005
mp-aaaaadyq,44.278
mp-aaaaadys,-147.195
mp-aaaaadyu,16.455
mp-aaaaadyv,22.646
mp-aaaaadyw,73.5
mp-aaaaadyx,194.497
mp-aaaaadyy,119.142
mp-aaaaadyz,55.443
mp-aaaaadza,140.06
mp-aaaaadzc,134.517
mp-aaaaadze,59.183
mp-aaaaadzg,52.463
mp-aaaaadzh,38.262
mp-aaaaadzi,15.634
mp-aaaaadzk,43.833
mp-aaaaadzl,50.22
mp-aaaaadzn,14.743
mp-aaaaadzo,-4493.692
mp-aaaaadzp,29.365
mp-aaaaadzq,45.077
mp-aaaaadzr,87.742
mp-aaaaadzs,36.044
mp-aaaaadzt,44.189
mp-aaaaadzu,20.657
mp-aaaaadzv,43.161
mp-aaaaadzw,41.833
mp-aaaaadzx,195.263
mp-aaaaaeab,108.174
mp-aaaaaeac,31.729
mp-aaaaaead,13.117
mp-aaaaaeae,28.692
mp-aaaaaeaj,56.862
mp-aaaaaeal,90.498
mp-aaaaaeam,38.05
mp-aaaaaeaq,67.611
mp-aaaaaear,47.005
mp-aaaaaeat,106.561
mp-aaaaaeau,34.455
mp-aaaaaeav,86.675
mp-aaaaaeay,186.427
mp-aaaaaeaz,38.727
mp-aaaaaeba,13.132
mp-aaaaaebb,73.321
mp-aaaaaebc,80.823
mp-aaaaaebd,104.805
mp-aaaaaebf,17.012
mp-aaaaaebi,23.865
mp-aaaaaebj,28.985
mp-aaaaaebk,50.054
mp-aaaaaebl,37.856
mp-aaaaaebn,24.82
mp-aaaaaebo,34.789
mp-aaaaaebq,189.755
mp-aaaaaebr,45.911
mp-aaaaaebs,44.203
mp-aaaaaebt,108.384
mp-aaaaaebu,25.838
mp-aaaaaebw,64.46
mp-aaaaaecb,31.869
mp-aaaaaecc,27.097
mp-aaaaaecd,-1607.604
mp-aaaaaece,160.992
mp-aaaaaecg,88.026
mp-aaaaaecl,80.336
mp-aaaaaecm,14.75
mp-aaaaaecq,89.522
mp-aaaaaecr,120.555
mp-aaaaaect,19.453
mp-aaaaaecu,11.065
mp-aaaaaecw,18.274
mp-aaaaaecy,32.298
mp-aaaaaecz,32.904
mp-aaaaaedb,108.228
mp-aaaaaedc,11.389
mp-aaaaaede,11.457
mp-aaaaaedh,3.922
mp-aaaaaedl,6.012
mp-aaaaaedm,87.878
mp-aaaaaedn,159.251
mp-aaaaaedp,42.488
mp-aaaaaeds,100.19
mp-aaaaaedu,98.917
mp-aaaaaedy,27.276
mp-aaaaaedz,61.629
mp-aaaaaeea,42.54
mp-aaaaaeeb,8.865
mp-aaaaaeed,196.526
mp-aaaaaeee,72.045
mp-aaaaaeeg,-19.52
mp-aaaaaeeh,18.973
mp-aaaaaeei,17.053
mp-aaaaaeel,2.024
mp-aaaaaeeo,27.123
mp-aaaaaeep,51.947
mp-aaaaaeeq,52.588
mp-aaaaaeer,49.925
mp-aaaaaees,26.429
mp-aaaaaeet,50.237
mp-aaaaaeeu,164.261
mp-aaaaaeex,77.686
mp-aaaaaeey,30.395
mp-aaaaaefd,44.484
mp-aaaaaefe,76.268
mp-aaaaaeff,34.764
mp-aaaaaefh,31.99
mp-aaaaaefk,45.354
mp-aaaaaefl,33.728
mp-aaaaaefn,137.339
mp-aaaaaefq,167.398
mp-aaaaaefr,47.367
mp-aaaaaefs,375.735
mp-aaaaaeft,140.084
mp-aaaaaefw,86.605
mp-aaaaaefx,155.674
mp-aaaaaefy,85.963
mp-aaaaaegd,27.145
mp-aaaaaegg,70.986
mp-aaaaaego,62.028
mp-aaaaaegr,75.0
mp-aaaaaegs,42.146
mp-aaaaaegt,74.953
mp-aaaaaegu,125.147
mp-aaaaaegy,11.784
mp-aaaaaegz,-130.998
mp-aaaaaehg,48.593
mp-aaaaaehh,88.803
mp-aaaaaehi,43.605
mp-aaaaaehj,74.609
mp-aaaaaehr,88.333
mp-aaaaaehu,83.385
mp-aaaaaehx,39.228
mp-aaaaaehy,19.31
mp-aaaaaeic,67.694
mp-aaaaaeif,75.813
mp-aaaaaeig,35.776
mp-aaaaaeii,101.264
mp-aaaaaeij,-2281533237499.651
mp-aaaaaeil,79.679
mp-aaaaaeim,71.958
mp-aaaaaeip,23.975
mp-aaaaaeiq,8.942
mp-aaaaaeis,65.249
mp-aaaaaeit,71.679
mp-aaaaaeiu,98.283
mp-aaaaaeiv,119.223
mp-aaaaaeix,28.556
mp-aaaaaejj,102.945
mp-aaaaaejl,40.148
mp-aaaaaejr,41.752
mp-aaaaaeju,122.595
mp-aaaaaejv,22.518
mp-aaaaaejw,64.218
mp-aaaaaejx,34.75
mp-aaaaaejz,43.029
mp-aaaaaeka,13.819
mp-aaaaaekb,70.832
mp-aaaaaekd,83.203
mp-aaaaaeke,17.37
mp-aaaaaekm,-15.263
mp-aaaaaekn,10.103
mp-aaaaaekp,95.434
mp-aaaaaekx,14.225
mp-aaaaaeky,35.873
mp-aaaaaela,40.242
mp-aaaaaelb,22.715
mp-aaaaaelh,124.008
mp-aaaaaeli,106.373
mp-aaaaaelk,110.737
mp-aaaaaelq,5.003
mp-aaaaaelv,68.15
mp-aaaaaelz,45.737
mp-aaaaaemc,73.221
mp-aaaaaemd,13.957
mp-aaaaaeme,89.357
mp-aaaaaemf,22.879
mp-aaaaaemg,10.576
mp-aaaaaemp,34.2
mp-aaaaaemq,8.554
mp-aaaaaems,48.745
mp-aaaaaemt,77.717
mp-aaaaaemw,19.26
mp-aaaaaemy,120.709
mp-aaaaaena,10.152
mp-aaaaaenb,7.572
mp-aaaaaenf,45.242
mp-aaaaaeng,70.395
mp-aaaaaeni,103.015
mp-aaaaaenl,0.172
mp-aaaaaenm,28.12
mp-aaaaaenn,90.324
mp-aaaaaent,95.952
mp-aaaaaenx,26.204
mp-aaaaaeoc,4.636
mp-aaaaaeok,31.08
mp-aaaaaeon,147.365
mp-aaaaaeou,62.911
mp-aaaaaeoy,105.243
mp-aaaaaeoz,105.691
mp-aaaaaepa,45.935
mp-aaaaaepd,89.341
mp-aaaaaepe,80.28
mp-aaaaaepi,25.486
mp-aaaaaepj,146.872
mp-aaaaaepk,40.749
mp-aaaaaepl,25.344
mp-aaaaaepn,60.464
mp-aaaaaepo,83.91
mp-aaaaaepp,40.783
mp-aaaaaeqi,59.572
mp-aaaaaeqq,100.088
mp-aaaaaeqs,8.832
mp-aaaaaeqw,8.029
mp-aaaaaeqx,23.265
mp-aaaaaeqy,58.084
mp-aaaaaerc,12.014
mp-aaaaaerj,121.834
mp-aaaaaerm,28.96
mp-aaaaaern,19.435
mp-aaaaaerp,55.349
mp-aaaaaerr,89.091
mp-aaaaaers,20.306
mp-aaaaaeru,94.675
mp-aaaaaesb,39.745
mp-aaaaaesl,86.089
mp-aaaaaeso,104.945
mp-aaaaaess,83.296
mp-aaaaaesw,65.462
mp-aaaaaesy,76.582
mp-aaaaaesz,33.168
mp-aaaaaetd,26.29
mp-aaaaaetf,65.377
mp-aaaaaetg,25.619
mp-aaaaaeth,8.308
mp-aaaaaetj,34.524
mp-aaaaaetk,43.277
mp-aaaaaetm,81.218
mp-aaaaaetn,55.72
mp-aaaaaets,113.262
mp-aaaaaett,27.307
mp-aaaaaetu,52.4
mp-aaaaaetz,94.235
mp-aaaaaeum,54.191
mp-aaaaaeup,94.295
mp-aaaaaeur,40.884
mp-aaaaaeva,21.669
mp-aaaaaevf,42.367
mp-aaaaaevi,60.41
mp-aaaaaevo,22.613
mp-aaaaaevt,47.917
mp-aaaaaevv,103.192
mp-aaaaaevy,51.908
mp-aaaaaewb,42.303
mp-aaaaaewf,78.213
mp-aaaaaewh,18.604
mp-aaaaaewk,50.611
mp-aaaaaewn,-382.116
mp-aaaaaewq,94.425
mp-aaaaaewx,55.96
mp-aaaaaewz,53.071
mp-aaaaaexf,19.34
mp-aaaaaexn,54.739
mp-aaaaaexv,88.002
mp-aaaaaexx,-30.923
mp-aaaaaeyb,46.914
mp-aaaaaeyi,69.839
mp-aaaaaeym,103.041
mp-aaaaaeyo,9.292
mp-aaaaaeyr,33.161
mp-aaaaaeys,39.455
mp-aaaaaeyu,69.518
mp-aaaaaeyv,83.293
mp-aaaaaezf,51.646
mp-aaaaaezj,41.918
mp-aaaaaezq,91.448
mp-aaaaaezs,13.378
mp-aaaaaezw,63.505
mp-aaaaaezy,92.483
mp-aaaaafac,144.683
mp-aaaaafae,105.755
mp-aaaaafaf,49.586
mp-aaaaafah,122.375
mp-aaaaafai,83.923
mp-aaaaafak,76.153
mp-aaaaafar,30.35
mp-aaaaafas,28.014
mp-aaaaafau,96.788
mp-aaaaafaw,30.992
mp-aaaaafaz,69.533
mp-aaaaafbc,59.449
mp-aaaaafbf,15.825
mp-aaaaafbg,60.857
mp-aaaaafbj,67.203
mp-aaaaafbk,28.155
mp-aaaaafbv,52.968
mp-aaaaafbw,3.312
mp-aaaaafca,66.881
mp-aaaaafcb,57.883
mp-aaaaafcf,87.99
mp-aaaaafcj,88.566
mp-aaaaafck,106.112
mp-aaaaafcm,67.66
mp-aaaaafcq,43.567
mp-aaaaafct,8.829
mp-aaaaafcx,83.931
mp-aaaaafcy,76.235
mp-aaaaafdg,118.341
mp-aaaaafdi,103.755
mp-aaaaafdj,103.1
mp-aaaaafdl,60.623
mp-aaaaafdm,67.421
mp-aaaaafdn,65.972
mp-aaaaafdo,20.584
mp-aaaaafdt,7.627
mp-aaaaafec,13.626
mp-aaaaafee,43.32
mp-aaaaafef,79.69
mp-aaaaafek,53.223
mp-aaaaafen,19.147
mp-aaaaafeo,22.94
mp-aaaaafep,13.5
mp-aaaaafer,58.284
mp-aaaaafet,68.603
mp-aaaaafeu,39.414
mp-aaaaafex,48.004
mp-aaaaaffd,65.851
mp-aaaaafff,107.661
mp-aaaaaffj,50.433
mp-aaaaaffl,12.385
mp-aaaaaffm,36.515
mp-aaaaaffo,100.508
mp-aaaaaffr,27.831
mp-aaaaaffw,22.96
mp-aaaaaffy,15.452
mp-aaaaafga,98.235
mp-aaaaafgd,37.235
mp-aaaaafgr,13.392
mp-aaaaafgu,70.856
mp-aaaaafhf,-0.5640000000000001
mp-aaaaafhh,52.211
mp-aaaaafhm,47.176
mp-aaaaafho,77.795
mp-aaaaafhr,53.059
mp-aaaaafht,47.917
mp-aaaaafhu,104.546
mp-aaaaafhw,55.684
mp-aaaaafhx,99.569
mp-aaaaafhz,61.909
mp-aaaaafib,60.977
mp-aaaaafid,74.997
mp-aaaaafih,42.28
mp-aaaaafij,191192.497
mp-aaaaafio,59.11
mp-aaaaafir,66.96
mp-aaaaafis,91.55
mp-aaaaafiz,28.121
mp-aaaaafja,122.495
mp-aaaaafje,75.98
mp-aaaaafjj,102.715
mp-aaaaafjv,31.277
mp-aaaaafjx,56.884
mp-aaaaafjy,40.718
mp-aaaaafka,105.841
mp-aaaaafkc,46.58
mp-aaaaafki,18.83
mp-aaaaafkk,23.641
mp-aaaaafko,26.403
mp-aaaaafkr,96.955
mp-aaaaafku,47.464
mp-aaaaafla,72.113
mp-aaaaaflc,35.648
mp-aaaaafld,20.553
mp-aaaaaflf,59.156
mp-aaaaaflk,58.121
mp-aaaaafll,105.134
mp-aaaaaflm,79.93
mp-aaaaafln,51.865
mp-aaaaaflu,87.207
mp-aaaaaflx,64.147
mp-aaaaafmb,18.834
mp-aaaaafmg,38.416
mp-aaaaafmi,31.762
mp-aaaaafmj,85.544
mp-aaaaafmk,71.301
mp-aaaaafmo,106.337
mp-aaaaafmp,25.3
mp-aaaaafmr,70.892
mp-aaaaafms,87.48
mp-aaaaafmy,55.203
mp-aaaaafmz,90.644
mp-aaaaafna,51.071
mp-aaaaafnd,98.02
mp-aaaaafni,28.95
mp-aaaaafnn,49.129
mp-aaaaafno,134.771
mp-aaaaafnp,8.47
mp-aaaaafns,49.2
mp-aaaaafnv,30.024
mp-aaaaafnw,36.868
mp-aaaaafoa,99.169
mp-aaaaafod,128.029
mp-aaaaafoe,81.731
mp-aaaaafoh,23.515
mp-aaaaafoo,74.64
mp-aaaaafop,81.692
mp-aaaaafos,24.992
mp-aaaaafoy,6.382
mp-aaaaafpb,74.471
mp-aaaaafpc,18.984
mp-aaaaafpj,4.726
mp-aaaaafpv,75.57
mp-aaaaafpw,111.803
mp-aaaaafpz,30.263
mp-aaaaafqd,50.55
mp-aaaaafqg,150.43
mp-aaaaafqh,145.106
mp-aaaaafqi,50.755
mp-aaaaafqj,133.097
mp-aaaaafql,26.285
mp-aaaaafqm,29.379
mp-aaaaafqr,28.767
mp-aaaaafqz,10.53
mp-aaaaafra,29.338
mp-aaaaafre,56.202
mp-aaaaafrf,9.027
mp-aaaaafrh,23.183
mp-aaaaafri,7406.534
mp-aaaaafrl,32.953
mp-aaaaafrm,91.419
mp-aaaaafrn,14.911
mp-aaaaafrq,46.271
mp-aaaaafrr,24.967
mp-aaaaafsb,9.844
mp-aaaaafsg,76.237
mp-aaaaafsj,29.566
mp-aaaaafso,37.748
mp-aaaaafsx,94.05
mp-aaaaafth,23.691
mp-aaaaaftm,93.417
mp-aaaaaftn,87.141
mp-aaaaaftp,20.982
mp-aaaaaftv,87.871
mp-aaaaaftw,63.404
mp-aaaaafub,38.657
mp-aaaaafuj,79.114
mp-aaaaafur,33.82
mp-aaaaafux,101.138
mp-aaaaafuy,100.566
mp-aaaaafvb,27.657
mp-aaaaafvf,51.669
mp-aaaaafvh,87.587
mp-aaaaafvi,35.591
mp-aaaaafvm,87.404
mp-aaaaafvq,28.127
mp-aaaaafvr,64.43
mp-aaaaafvs,-11.47
mp-aaaaafvy,47.675
mp-aaaaafvz,37.972
mp-aaaaafwa,59.353
mp-aaaaafwb,33.182
mp-aaaaafwd,36.63
mp-aaaaafwg,86.668
mp-aaaaafwi,54.77
mp-aaaaafwk,48.615
mp-aaaaafwl,12.321
mp-aaaaafws,12.002
mp-aaaaafxe,17.182
mp-aaaaafxk,32.974
mp-aaaaafxn,145.732
mp-aaaaafxo,47.45
mp-aaaaafxu,67.187
mp-aaaaafxv,15.533
mp-aaaaafxx,10.165
mp-aaaaafxy,35.314
mp-aaaaafyc,66.446
mp-aaaaafyd,70.97
mp-aaaaafye,37.29
mp-aaaaafyf,12.375
mp-aaaaafyj,80.896
mp-aaaaafyk,73.831
mp-aaaaafyp,102.365
mp-aaaaafys,95.112
mp-aaaaafyv,61.273
mp-aaaaafyw,34.149
mp-aaaaafza,8.082
mp-aaaaafzh,100.038
mp-aaaaafzn,22.259
mp-aaaaafzr,6.5760000000000005
mp-aaaaalsj,174.122
mp-aaaaalsk,66.176
mp-aaaaalsl,110.149
mp-aaaaalsm,93.63
mp-aaaaalsn,73.615
mp-aaaaalso,82.007
mp-aaaaalsr,22.643
mp-aaaaalss,12.227
mp-aaaaalsu,18.289
mp-aaaaalsw,13.913
mp-aaaaalsx,161.799
mp-aaaaalsy,17.968
mp-aaaaalta,76.896
mp-aaaaaltb,26.944
mp-aaaaaltf,39.772
mp-aaaaaltg,57.167
mp-aaaaalth,48.843
mp-aaaaalti,46.405
mp-aaaaaltj,39.007
mp-aaaaaltk,37.527
mp-aaaaaltm,34.134
mp-aaaaaltt,9.303
mp-aaaaaltv,26.736
mp-aaaaalty,37.433
mp-aaaaaltz,24.195
mp-aaaaalua,12.543
mp-aaaaalud,49.484
mp-aaaaaluf,35.774
mp-aaaaalug,24.035
mp-aaaaalui,82.453
mp-aaaaalur,36.925
mp-aaaaalus,39.626
mp-aaaaaluu,39.962
mp-aaaaaluv,36.15
mp-aaaaalux,9.335
mp-aaaaalve,83.207
mp-aaaaalvg,3.041
mp-aaaaalvj,68.078
mp-aaaaalvt,96.813
mp-aaaaalvu,71.709
mp-aaaaalvv,-63.434
mp-aaaaalwf,4.906
mp-aaaaalwg,6.112
mp-aaaaalwi,28.475
mp-aaaaalwj,24.581
mp-aaaaalwm,66.054
mp-aaaaalwo,-67.087
mp-aaaaalwp,-10.647
mp-aaaaalwz,34.579
mp-aaaaalxd,50.624
mp-aaaaalxf,76.51
mp-aaaaalxh,1.873
mp-aaaaalxi,86.908
mp-aaaaalxk,151.481
mp-aaaaalxl,88.907
mp-aaaaalxm,175.313
mp-aaaaalxo,71.451
mp-aaaaalxt,27.181
mp-aaaaalxz,41.802
mp-aaaaalyc,187.246
mp-aaaaalyn,28.671
mp-aaaaalyo,22.423
mp-aaaaalyz,38.966
mp-aaaaalze,40.766
mp-aaaaalzh,9.934
mp-aaaaalzi,9.961
mp-aaaaalzk,6.777
mp-aaaaalzl,-59.492
mp-aaaaalzm,74.36
mp-aaaaalzp,69.541
mp-aaaaalzq,70.766
mp-aaaaalzy,121.355
mp-aaaaamak,63.774
mp-aaaaamal,64.836
mp-aaaaaman,65.529
mp-aaaaamao,60.168
mp-aaaaamau,17.774
mp-aaaaamaw,43.216
mp-aaaaamay,63.691
mp-aaaaamaz,70.286
mp-aaaaambm,16.34
mp-aaaaambv,15.68
mp-aaaaambx,30.762
mp-aaaaamcl,27.414
mp-aaaaamcm,23.024
mp-aaaaamcn,12.599
mp-aaaaamcq,22.996
mp-aaaaamcr,65.413
mp-aaaaamcs,71.782
mp-aaaaamcx,9.082
mp-aaaaamcy,57.465
mp-aaaaamdb,7.681
mp-aaaaamdk,25.878
mp-aaaaamdo,188.166
mp-aaaaamdr,63.614
mp-aaaaamds,69.992
mp-aaaaamdv,10.596
mp-aaaaamdw,71.033
mp-aaaaamdz,19.623
mp-aaaaamec,136.42
mp-aaaaamed,64.32
mp-aaaaamef,85.07
mp-aaaaameg,-4.755
mp-aaaaamei,22.76
mp-aaaaamep,84.61
mp-aaaaameu,32.265
mp-aaaaamev,29.71
mp-aaaaamfh,5.047
mp-aaaaamfi,75.844
mp-aaaaamfl,37.483
mp-aaaaamfn,11.715
mp-aaaaamfo,19.578
mp-aaaaamfu,9.501
mp-aaaaamfz,4.41
mp-aaaaamgh,45.555
mp-aaaaamgi,43.654
mp-aaaaamgj,34.745
mp-aaaaamgk,38.104
mp-aaaaamgl,32.604
mp-aaaaamgm,33.213
mp-aaaaamgn,26.805
mp-aaaaamgo,120.619
mp-aaaaamgr,42.095
mp-aaaaamgv,15.788
mp-aaaaamgw,19.878
mp-aaaaamgx,22.261
mp-aaaaamhe,33.556
mp-aaaaamhf,32.082
mp-aaaaamhg,21.736
mp-aaaaamhm,19.247
mp-aaaaamhn,61.205
mp-aaaaamho,50.245
mp-aaaaamhq,44.076
mp-aaaaamhr,62.095
mp-aaaaamia,43.35
mp-aaaaamip,56.479
mp-aaaaamis,20.136
mp-aaaaamjc,5.277
mp-aaaaamjg,53.406
mp-aaaaamji,26.885
mp-aaaaamjw,13.823
mp-aaaaamjy,41.228
mp-aaaaamka,34.761
mp-aaaaamkb,-116.308
mp-aaaaamkd,38.343
mp-aaaaamkf,23.269
mp-aaaaamkr,14.354
mp-aaaaamkz,20.108
mp-aaaaamla,32.481
mp-aaaaamlb,24.043
mp-aaaaamld,36.041
mp-aaaaamle,41.94
mp-aaaaamlj,45.426
mp-aaaaamll,46.437
mp-aaaaamlq,6.037
mp-aaaaamlr,25.252
mp-aaaaamlu,115.332
mp-aaaaammc,8.676
mp-aaaaammh,52.405
mp-aaaaammi,50.755
mp-aaaaamml,11.412
mp-aaaaammm,9.351
mp-aaaaammp,22.791
mp-aaaaammw,10.978
mp-aaaaamnc,23.768
mp-aaaaamne,14.164
mp-aaaaamng,29.338
mp-aaaaamni,23.705
mp-aaaaamnj,26.036
mp-aaaaamnm,68.275
mp-aaaaamns,1.084
mp-aaaaamnu,42.149
mp-aaaaamof,37.085
mp-aaaaamoi,62.222
mp-aaaaamol,35.587
mp-aaaaamox,70.234
mp-aaaaamqa,86.03
mp-aaaaamqh,93.249
mp-aaaaamqj,1.6760000000000002
mp-aaaaamql,23.276
mp-aaaaamqm,69.882
mp-aaaaamqp,12.749
mp-aaaaamrd,41.577
mp-aaaaamrm,32.087
mp-aaaaamrz,20.189
mp-aaaaamsc,72.154
mp-aaaaamsd,40.46
mp-aaaaamsv,13.203
mp-aaaaamsx,4.133
mp-aaaaamsz,15.928
mp-aaaaamta,21.965
mp-aaaaamtc,20.635
mp-aaaaamtj,141.476
mp-aaaaamtp,14.58
mp-aaaaamtq,13.652
mp-aaaaamtr,10.459
mp-aaaaamts,15.91
mp-aaaaamtw,24.441
mp-aaaaamty,86.444
mp-aaaaamtz,153.632
mp-aaaaamua,-24.16
mp-aaaaamub,-121.246
mp-aaaaamuc,120.902
mp-aaaaamud,29.84
mp-aaaaamue,-82.909
mp-aaaaamuf,-4.159
mp-aaaaamug,140.215
mp-aaaaamuh,198.805
mp-aaaaamui,45.446
mp-aaaaamuj,-177.398
mp-aaaaamuk,195.364
mp-aaaaamul,247.391
mp-aaaaamuq,113.376
mp-aaaaamuw,47.266
mp-aaaaamvi,8.448
mp-aaaaamvm,51.84
mp-aaaaamvo,51.1
mp-aaaaamvr,-17.951
mp-aaaaamvs,16.05
mp-aaaaamvt,12.148
mp-aaaaamvy,98.816
mp-aaaaamwn,71.217
mp-aaaaamwq,14.542
mp-aaaaamwt,5.501
mp-aaaaamxo,14.44
mp-aaaaamxw,24.229
mp-aaaaamyg,61.207
mp-aaaaamyq,12.6
mp-aaaaamyr,8.277
mp-aaaaamys,15.62
mp-aaaaamyu,15.306
mp-aaaaamyw,71.025
mp-aaaaamyz,81.561
mp-aaaaamzd,695.709
mp-aaaaamzj,141.073
mp-aaaaamzk,190.491
mp-aaaaamzs,141.769
mp-aaaaamzt,2.426
mp-aaaaamzy,68.334
mp-aaaaanab,40.92
mp-aaaaanac,39.302
mp-aaaaanal,12.314
mp-aaaaanam,13.476
mp-aaaaanaq,67.066
mp-aaaaanay,7.65
mp-aaaaanbe,44.53
mp-aaaaanbq,59.556
mp-aaaaancc,32.776
mp-aaaaancd,23.297
mp-aaaaancg,90.19
mp-aaaaancu,11.722
mp-aaaaancv,21.019
mp-aaaaancy,100.91
mp-aaaaandc,2.319
mp-aaaaandf,21.559
mp-aaaaandh,60.304
mp-aaaaandi,73.016
mp-aaaaando,47.048
mp-aaaaandp,39.618
mp-aaaaandq,51.856
mp-aaaaandr,41.228
mp-aaaaands,22.507
mp-aaaaandz,34.028
mp-aaaaaned,81.829
mp-aaaaanee,79.667
mp-aaaaaner,147.463
mp-aaaaanet,15.031
mp-aaaaanfe,47.314
mp-aaaaanfj,58.845
mp-aaaaanfo,8.595
mp-aaaaanfs,5.736
mp-aaaaanft,171.077
mp-aaaaanfu,149.363
mp-aaaaanfv,147.913
mp-aaaaanfz,19.123
mp-aaaaangs,11.131
mp-aaaaangt,10.514
mp-aaaaangz,69.791
mp-aaaaanhd,116.13
mp-aaaaanhg,8.382
mp-aaaaanhi,29.703
mp-aaaaanhm,33.737
mp-aaaaanhn,40.756
mp-aaaaanhy,9.05
mp-aaaaanhz,9.447
mp-aaaaania,108.952
mp-aaaaanik,65.305
mp-aaaaanio,6.133
mp-aaaaanjb,63.455
mp-aaaaanjd,44.079
mp-aaaaanjf,30.78
mp-aaaaanjh,50.486
mp-aaaaanjn,30.181
mp-aaaaanki,11.439
mp-aaaaankm,22.825
mp-aaaaankn,19.737
mp-aaaaankp,6.659
mp-aaaaanku,16.531
mp-aaaaankv,14.515
mp-aaaaanlb,32.065
mp-aaaaanlc,28.714
mp-aaaaanll,25.399
mp-aaaaanlv,33.445
mp-aaaaanmy,40.964
mp-aaaaanmz,50.345
mp-aaaaannb,41.371
mp-aaaaanog,41.021
mp-aaaaanom,62.806
mp-aaaaanoo,31.757
mp-aaaaanou,43.617
mp-aaaaanov,53.487
mp-aaaaanoz,65.462
mp-aaaaanpb,30.289
mp-aaaaanpq,35.782
mp-aaaaanpr,13.895
mp-aaaaanpu,90.786
mp-aaaaanpw,11.654
mp-aaaaanqe,240.168
mp-aaaaanqh,84.491
mp-aaaaanqt,82.265
mp-aaaaanqv,61.333
mp-aaaaanri,-2106678.948
mp-aaaaanro,133.263
mp-aaaaanrr,26.516
mp-aaaaanrs,36.107
mp-aaaaanrv,15.407
mp-aaaaanrw,7.541
mp-aaaaanry,4.37
mp-aaaaansb,21.583
mp-aaaaansc,213.805
mp-aaaaansg,7.232
mp-aaaaansi,9.325
mp-aaaaanso,87.554
mp-aaaaansq,15.986
mp-aaaaanss,5.488
mp-aaaaanth,53.344
mp-aaaaantn,19.87
mp-aaaaantw,38.336
mp-aaaaanty,35.522
mp-aaaaantz,23.848
mp-aaaaanue,84.913
mp-aaaaanuk,18.801
mp-aaaaanun,30.354
mp-aaaaanuq,20.268
mp-aaaaanur,31.792
mp-aaaaanuw,6.847
mp-aaaaanvf,104.288
mp-aaaaanvp,13.221
mp-aaaaanvq,44.379
mp-aaaaanvr,42.974
mp-aaaaanwl,44.528
mp-aaaaanwt,28.465
mp-aaaaanwv,60.855
mp-aaaaanww,101.048
mp-aaaaanwx,107.326
mp-aaaaanwz,3.555
mp-aaaaanxa,2.961
mp-aaaaanxb,53.608
mp-aaaaanxd,56.64
mp-aaaaanxf,10.537
mp-aaaaanxn,12.107
mp-aaaaanxo,44.343
mp-aaaaanyz,80.125
mp-aaaaanzc,25.323
mp-aaaaanzp,42.477
mp-aaaaanzv,63.23
mp-aaaaanzw,56.059
mp-aaaaanzz,74.614
mp-aaaaaoai,17.417
mp-aaaaaoaj,36.39
mp-aaaaaoap,10.156
mp-aaaaaoar,18.646
mp-aaaaaoaw,13.57
mp-aaaaaoax,1.484
mp-aaaaaoba,10.721
mp-aaaaaobn,14.922
mp-aaaaaoby,91.296
mp-aaaaaocb,54.446
mp-aaaaaoch,19.856
mp-aaaaaocl,74.2
mp-aaaaaodg,15.662
mp-aaaaaodh,37.767
mp-aaaaaodi,78.678
mp-aaaaaodo,40.121
mp-aaaaaodt,17.569
mp-aaaaaodu,35.547
mp-aaaaaodw,36.09
mp-aaaaaodx,26.42
mp-aaaaaody,26.095
mp-aaaaaodz,24.844
mp-aaaaaoea,28.594
mp-aaaaaoeb,45.563
mp-aaaaaoec,34.608
mp-aaaaaoed,35.241
mp-aaaaaoef,33.067
mp-aaaaaoeg,23.924
mp-aaaaaoeh,47.692
mp-aaaaaoej,35.571
mp-aaaaaoek,21.934
mp-aaaaaoel,13.611
mp-aaaaaoem,12.675
mp-aaaaaoeo,49.154
mp-aaaaaoep,20.696
mp-aaaaaoes,28.417
mp-aaaaaoet,172.722
mp-aaaaaoeu,26.861
mp-aaaaaoey,35.334
mp-aaaaaofb,59.303
mp-aaaaaofq,19.417
mp-aaaaaofv,48.553
mp-aaaaaogl,59.765
mp-aaaaaogp,12.745
mp-aaaaaogq,4.926
mp-aaaaaohs,8.013
mp-aaaaaoht,7.368
mp-aaaaaoia,13.474
mp-aaaaaoip,9.22
mp-aaaaaois,11.435
mp-aaaaaojn,99.809
mp-aaaaaojs,64.066
mp-aaaaaoju,6.582
mp-aaaaaojv,27.656
mp-aaaaaojx,48.427
mp-aaaaaokh,5.168
mp-aaaaaokt,27.956
mp-aaaaaoku,26.11
mp-aaaaaolf,93.452
mp-aaaaaolg,65.809
mp-aaaaaoll,111.219
mp-aaaaaols,21.62
mp-aaaaaolv,58.663
mp-aaaaaoma,30.788
mp-aaaaaomc,11.106
mp-aaaaaomx,42.842
mp-aaaaaomz,92.377
mp-aaaaaong,13.316
mp-aaaaaoni,3.583
mp-aaaaaonk,43.981
mp-aaaaaonl,22.737
mp-aaaaaonm,20.692
mp-aaaaaonr,6.896
mp-aaaaaonz,4.682
mp-aaaaaooa,32.243
mp-aaaaaooc,-85.541
mp-aaaaaooh,63.715
mp-aaaaaool,25.226
mp-aaaaaoop,29.669
mp-aaaaaooq,30.704
mp-aaaaaoor,11.138
mp-aaaaaoow,42.871
mp-aaaaaooz,46.754
mp-aaaaaops,8.524000000000001
mp-aaaaaopt,36.396
mp-aaaaaoqa,137.397
mp-aaaaaoqb,5.715
mp-aaaaaoqe,7.483
mp-aaaaaoqi,55.304
mp-aaaaaoqj,9.646
mp-aaaaaoqs,33.441
mp-aaaaaoqw,78.022
mp-aaaaaora,78.048
mp-aaaaaorb,22.866
mp-aaaaaorg,35.063
mp-aaaaaork,116.095
mp-aaaaaorm,21.135
mp-aaaaaorn,25.849
mp-aaaaaoro,8.458
mp-aaaaaorp,11.217
mp-aaaaaorq,12.408
mp-aaaaaorr,123.748
mp-aaaaaors,13.84
mp-aaaaaort,25.74
mp-aaaaaoru,15.766
mp-aaaaaorv,21.445
mp-aaaaaorx,76.784
mp-aaaaaosc,24.366
mp-aaaaaosd,22.852
mp-aaaaaosg,100.146
mp-aaaaaosh,91.279
mp-aaaaaosk,56.924
mp-aaaaaosn,44.805
mp-aaaaaoso,33.915
mp-aaaaaosp,188.499
mp-aaaaaosq,1.347
mp-aaaaaoss,17.23
mp-aaaaaost,81.575
mp-aaaaaosv,83.603
mp-aaaaaosw,65.141
mp-aaaaaosy,140.846
mp-aaaaaosz,104.264
mp-aaaaaota,105.974
mp-aaaaaotc,63.955
mp-aaaaaotd,59.737
mp-aaaaaotg,40.969
mp-aaaaaotj,53.571
mp-aaaaaotk,50.93
mp-aaaaaotl,70.078
mp-aaaaaotm,57.039
mp-aaaaaotn,54.513
mp-aaaaaoto,65.637
mp-aaaaaotp,231.992
mp-aaaaaotu,40.498
mp-aaaaaotx,98.928
mp-aaaaaotz,45.809
mp-aaaaaoub,138.977
mp-aaaaaouc,8.773
mp-aaaaaoud,130.576
mp-aaaaaoue,100.032
mp-aaaaaouf,116.039
mp-aaaaaoup,179.014
mp-aaaaaouq,77.674
mp-aaaaaout,100.741
mp-aaaaaouw,10.05
mp-aaaaaouy,-195712.719
mp-aaaaaouz,8.821
mp-aaaaaova,97.117
mp-aaaaaovd,-2.211
mp-aaaaaove,18.066
mp-aaaaaovf,121.446
mp-aaaaaovi,13.226
mp-aaaaaovk,75.434
mp-aaaaaovl,46.698
mp-aaaaaovp,102.364
mp-aaaaaovq,33.162
mp-aaaaaovr,56.829
mp-aaaaaovu,77.299
mp-aaaaaovx,13.219
mp-aaaaaowa,43.092
mp-aaaaaowb,114.737
mp-aaaaaowc,16.408
mp-aaaaaowd,40.798
mp-aaaaaowe,-1.786
mp-aaaaaowf,14.277
mp-aaaaaowi,124.769
mp-aaaaaowk,115.533
mp-aaaaaowm,22.978
mp-aaaaaown,65.328
mp-aaaaaowp,28.154
mp-aaaaaowq,62.395
mp-aaaaaows,51.514
mp-aaaaaowt,184.439
mp-aaaaaowu,147.434
mp-aaaaaowv,203.341
mp-aaaaaoww,118.119
mp-aaaaaowx,140.108
mp-aaaaaowy,17.014
mp-aaaaaowz,20.647
mp-aaaaaoxb,18.173
mp-aaaaaoxc,-38.26
mp-aaaaaoxd,145.512
mp-aaaaaoxh,-77977.487
mp-aaaaaoxm,10.677
mp-aaaaaoxo,87.552
mp-aaaaaoxq,52.086
mp-aaaaaoxy,54.195
mp-aaaaaoye,14.519
mp-aaaaaoyo,14.306
mp-aaaaaoyr,30.159
mp-aaaaaoys,29.961
mp-aaaaaoyw,94.851
mp-aaaaaoyz,121.824
mp-aaaaaozb,120.286
mp-aaaaaoze,170.637
mp-aaaaaozg,-7.802
mp-aaaaaozl,61.559
mp-aaaaaozo,33.162
mp-aaaaaozs,141.007
mp-aaaaaozt,65.681
mp-aaaaaozu,23.258
mp-aaaaaozv,-0.961
mp-aaaaaozw,188.97
mp-aaaaaozz,68.655
mp-aaaaapaa,54.498
mp-aaaaapab,106.77
mp-aaaaapac,209.478
mp-aaaaapad,1.609
mp-aaaaapae,144.049
mp-aaaaapai,-19.483
mp-aaaaapaj,13.854
mp-aaaaapao,42.613
mp-aaaaapap,129.322
mp-aaaaapar,1.235
mp-aaaaapat,6.582
mp-aaaaapav,15.515
mp-aaaaapaw,26.178
mp-aaaaapax,-443.088
mp-aaaaapaz,10.999
mp-aaaaapba,4.292
mp-aaaaapbb,4.399
mp-aaaaapbg,4.588
mp-aaaaapbh,7.956
mp-aaaaapbj,21.121
mp-aaaaapbm,22.303
mp-aaaaapbo,27.178
mp-aaaaapbp,65.605
mp-aaaaapbq,51.137
mp-aaaaapbr,29.553
mp-aaaaapbs,35.31
mp-aaaaapbt,37.249
mp-aaaaapbu,49.752
mp-aaaaapbv,28.444
mp-aaaaapbx,27.015
mp-aaaaapca,65.526
mp-aaaaapcc,50.093
mp-aaaaapce,117.555
mp-aaaaapcf,29.097
mp-aaaaapci,114.747
mp-aaaaapcj,138.022
mp-aaaaapcm,26.089
mp-aaaaapcq,109.297
mp-aaaaapcu,56.949
mp-aaaaapcv,21.049
mp-aaaaapcw,50.308
mp-aaaaapdb,47.409
mp-aaaaapdg,33.967
mp-aaaaapdh,19.874
mp-aaaaapdk,14.958
mp-aaaaapdw,92.423
mp-aaaaapea,84.654
mp-aaaaapeb,84.106
mp-aaaaaped,98.863
mp-aaaaapeg,42.339
mp-aaaaapel,196.187
mp-aaaaapem,40.094
mp-aaaaapen,80.204
mp-aaaaapep,14.663
mp-aaaaapeq,22.979
mp-aaaaaper,27.593
mp-aaaaapeu,15.722
mp-aaaaapfa,96.179
mp-aaaaapfb,113.893
mp-aaaaapfe,21.304
mp-aaaaapff,12.572
mp-aaaaapfj,20.445
mp-aaaaapfl,33.634
mp-aaaaapfo,85.329
mp-aaaaapft,95.251
mp-aaaaapfx,19.114
mp-aaaaapge,112.914
mp-aaaaapgp,72.062
mp-aaaaapgq,74.585
mp-aaaaapgs,37.689
mp-aaaaapgu,27.351
mp-aaaaapha,44.085
mp-aaaaaphe,12.192
mp-aaaaaphv,68.589
mp-aaaaapii,12.289
mp-aaaaapis,114.307
mp-aaaaapit,-9.388
mp-aaaaapix,79.152
mp-aaaaapiz,93.487
mp-aaaaapjf,73.151
mp-aaaaapjh,8.653
mp-aaaaapjq,71.615
mp-aaaaapju,74.08
mp-aaaaapjy,79.36
mp-aaaaapkc,7.213
mp-aaaaapkf,43.955
mp-aaaaapki,14.596
mp-aaaaapkn,2.992
mp-aaaaapkr,16.167
mp-aaaaapkv,15.538
mp-aaaaapkw,23.061
mp-aaaaapkx,17.635
mp-aaaaapla,37.002
mp-aaaaaplj,41.59
mp-aaaaapll,21.124
mp-aaaaaplo,51.875
mp-aaaaaplr,46.731
mp-aaaaaplt,-24.237
mp-aaaaaplu,15.21
mp-aaaaapmb,75.506
mp-aaaaapmd,52.547
mp-aaaaapme,100.864
mp-aaaaapmf,93.146
mp-aaaaapml,65.313
mp-aaaaapmr,82.355
mp-aaaaapms,113.62
mp-aaaaapmw,10.027
mp-aaaaapnh,23.278
mp-aaaaapno,8.245
mp-aaaaapnt,21.069
mp-aaaaapnu,37.87
mp-aaaaapop,27.459
mp-aaaaapor,38.044
mp-aaaaapot,56.926
mp-aaaaapov,-24.612
mp-aaaaapox,53.174
mp-aaaaapoy,54.353
mp-aaaaappu,71.102
mp-aaaaapqi,34.11
mp-aaaaaprc,43.765
mp-aaaaapro,194.68
mp-aaaaaprp,33.559
mp-aaaaaprq,40.891
mp-aaaaaprs,34.474
mp-aaaaaprt,64.388
mp-aaaaapru,48.714
mp-aaaaapry,49.981
mp-aaaaapsa,62.479
mp-aaaaapsd,39.774
mp-aaaaapsg,29.394
mp-aaaaapsh,24.535
mp-aaaaapsi,22.719
mp-aaaaapso,44.49
mp-aaaaapsp,42.792
mp-aaaaapsq,36.636
mp-aaaaapss,77.099
mp-aaaaapst,19.98
mp-aaaaapsv,-18932412.96
mp-aaaaapsw,-5.451
mp-aaaaapsy,1.927
mp-aaaaapsz,-83.195
mp-aaaaaptb,24.656
mp-aaaaaptc,13.043
mp-aaaaaptd,31.802
mp-aaaaapte,58.065
mp-aaaaapth,10.981
mp-aaaaaptn,-2.43
mp-aaaaaptp,64.435
mp-aaaaaptr,38.258
mp-aaaaapts,37.283
mp-aaaaaptu,5.86
mp-aaaaapty,27.353
mp-aaaaaptz,27.815
mp-aaaaapuc,-7.663
mp-aaaaapuh,35.283
mp-aaaaapuj,21.056
mp-aaaaapuk,34.119
mp-aaaaapul,29.986
mp-aaaaapuo,10.871
mp-aaaaapup,40.864
mp-aaaaapuq,73.164
mp-aaaaapur,34.179
mp-aaaaapus,-10.108
mp-aaaaapuu,17.482
mp-aaaaapuy,7.752
mp-aaaaapuz,-58.823
mp-aaaaapva,20.058
mp-aaaaapvb,4.094
mp-aaaaapvc,80.747
mp-aaaaapvg,32533.522
mp-aaaaapvi,40.713
mp-aaaaapvj,33.55
mp-aaaaapvl,53.198
mp-aaaaapvm,39.426
mp-aaaaapvn,85.576
mp-aaaaapvo,55.797
mp-aaaaapvu,157.252
mp-aaaaapvw,66.421
mp-aaaaapvx,-79.046
mp-aaaaapvz,148.53
mp-aaaaapwa,88.558
mp-aaaaapwc,83.513
mp-aaaaapwe,80.247
mp-aaaaapwg,9.516
mp-aaaaapwj,84.645
mp-aaaaapwq,22.013
mp-aaaaapwr,-1.522
mp-aaaaapwu,135.904
mp-aaaaapww,90.488
mp-aaaaapwy,5.365
mp-aaaaapxa,50.263
mp-aaaaapxb,102.358
mp-aaaaapxc,50.133
mp-aaaaapxg,15.067
mp-aaaaapxi,54.613
mp-aaaaapxk,24.368
mp-aaaaapxl,32.93
mp-aaaaapxm,26.058
mp-aaaaapxo,26.865
mp-aaaaapxp,-26.71
mp-aaaaapxr,56.301
mp-aaaaapxs,11.035
mp-aaaaapxv,44.393
mp-aaaaapxw,41.4
mp-aaaaapxx,46.767
mp-aaaaapxy,14.071
mp-aaaaapya,13.773
mp-aaaaapyn,16.898
mp-aaaaapyo,18.356
mp-aaaaapys,20.777
mp-aaaaapyu,21.547
mp-aaaaapyv,22.803
mp-aaaaapzh,41.191
mp-aaaaapzu,14.3
mp-aaaaaqai,26.528
mp-aaaaaqbc,53.591
mp-aaaaaqbd,-75.602
mp-aaaaaqbe,415843.534
mp-aaaaaqbf,48.176
mp-aaaaaqbg,37.791
mp-aaaaaqbh,35.985
mp-aaaaaqbi,32.354
mp-aaaaaqbl,117.642
mp-aaaaaqbm,122.101
mp-aaaaaqbo,122.567
mp-aaaaaqbp,122.764
mp-aaaaaqbt,1.6800000000000002
mp-aaaaaqcd,-9.992
mp-aaaaaqce,22.112
mp-aaaaaqcf,18.822
mp-aaaaaqci,42.193
mp-aaaaaqcj,60.736
mp-aaaaaqck,62.995
mp-aaaaaqcp,96.223
mp-aaaaaqcq,103.489
mp-aaaaaqcr,41.844
mp-aaaaaqcs,49.461
mp-aaaaaqct,56.709
mp-aaaaaqcv,20.182
mp-aaaaaqcw,40.501
mp-aaaaaqcx,43.389
mp-aaaaaqcy,43.816
mp-aaaaaqcz,-25.764
mp-aaaaaqda,94.704
mp-aaaaaqdb,96.779
mp-aaaaaqdc,-2.133
mp-aaaaaqdd,59.669
mp-aaaaaqde,57.619
mp-aaaaaqdf,55.002
mp-aaaaaqdh,63.127
mp-aaaaaqdj,46.699
mp-aaaaaqdk,74.581
mp-aaaaaqdl,77.09
mp-aaaaaqdo,52.218
mp-aaaaaqdp,139.655
mp-aaaaaqdq,103.353
mp-aaaaaqdr,67.526
mp-aaaaaqdt,123.464
mp-aaaaaqdy,13.747
mp-aaaaaqdz,17.029
mp-aaaaaqee,97.656
mp-aaaaaqek,55.746
mp-aaaaaqel,56.989
mp-aaaaaqem,58.212
mp-aaaaaqfg,28.359
mp-aaaaaqfh,24.821
mp-aaaaaqfj,13.331
mp-aaaaaqfo,61.451
mp-aaaaaqft,36.442
mp-aaaaaqfv,22.751
mp-aaaaaqfx,26.788
mp-aaaaaqgn,19.923
mp-aaaaaqgt,47.451
mp-aaaaaqgy,27.929
mp-aaaaaqhn,14.014
mp-aaaaaqhv,58.853
mp-aaaaaqhx,54.287
mp-aaaaaqhy,39.168
mp-aaaaaqhz,43.218
mp-aaaaaqib,42.518
mp-aaaaaqif,61.012
mp-aaaaaqio,46.35
mp-aaaaaqjx,57.386
mp-aaaaaqkp,26.504
mp-aaaaaqlc,30.802
mp-aaaaaqlf,35.758
mp-aaaaaqll,60.194
mp-aaaaaqme,14.025
mp-aaaaaqmt,18.576
mp-aaaaaqnb,39.928
mp-aaaaaqnd,43.313
mp-aaaaaqnp,48.721
mp-aaaaaqnv,15.461
mp-aaaaaqnw,53.407
mp-aaaaaqny,56.597
mp-aaaaaqoa,15.367
mp-aaaaaqob,30.749
mp-aaaaaqok,148.681
mp-aaaaaqol,156.37
mp-aaaaaqom,145.713
mp-aaaaaqon,51.636
mp-aaaaaqoo,50.0
mp-aaaaaqov,45.625
mp-aaaaaqow,36.168
mp-aaaaaqpd,37.331
mp-aaaaaqpo,45.946
mp-aaaaaqpq,25.657
mp-aaaaaqpv,58.228
mp-aaaaaqpw,28.791
mp-aaaaaqpx,34.161
mp-aaaaaqpy,30.684
mp-aaaaaqpz,58.719
mp-aaaaaqqa,97.757
mp-aaaaaqqb,70.301
mp-aaaaaqqc,17.459
mp-aaaaaqqd,17.019
mp-aaaaaqqe,24.529
mp-aaaaaqqf,29.349
mp-aaaaaqqh,47.55
mp-aaaaaqql,16.141
mp-aaaaaqqp,9.25
mp-aaaaaqqq,10.927
mp-aaaaaqqr,19.139
mp-aaaaaqqt,9.418
mp-aaaaaqqu,28.325
mp-aaaaaqqy,41.675
mp-aaaaaqrb,34.832
mp-aaaaaqrc,20.319
mp-aaaaaqrd,-8.518
mp-aaaaaqrf,53.078
mp-aaaaaqri,7.81
mp-aaaaaqrj,5.763
mp-aaaaaqrl,23.411
mp-aaaaaqrm,194.459
mp-aaaaaqro,74.026
mp-aaaaaqrp,115.023
mp-aaaaaqrq,2608.016
mp-aaaaaqrr,173.672
mp-aaaaaqrs,99.333
mp-aaaaaqrt,103.678
mp-aaaaaqru,111.426
mp-aaaaaqrv,73.705
mp-aaaaaqrw,39.713
mp-aaaaaqrx,137.179
mp-aaaaaqry,168.39
mp-aaaaaqrz,114.539
mp-aaaaaqsa,41.853
mp-aaaaaqsb,34.84
mp-aaaaaqsc,19.466
mp-aaaaaqsd,17.551
mp-aaaaaqse,10.343
mp-aaaaaqsg,23.071
mp-aaaaaqsj,50.865
mp-aaaaaqsk,32.037
mp-aaaaaqsp,13.28
mp-aaaaaqsq,27.827
mp-aaaaaqsr,33.057
mp-aaaaaqss,27.83
mp-aaaaaqsu,11.955
mp-aaaaaqsx,21.298
mp-aaaaaqsz,48.102
mp-aaaaaqtd,27.666
mp-aaaaaqtm,93.649
mp-aaaaaqtr,6.979
mp-aaaaaqts,132.466
mp-aaaaaqtt,116.307
mp-aaaaaqty,134.395
mp-aaaaaqtz,66.886
mp-aaaaaqug,10.32
mp-aaaaaquh,-86.184
mp-aaaaaquj,80.903
mp-aaaaaqul,45.728
mp-aaaaaquo,56.558
mp-aaaaaqup,38.825
mp-aaaaaquw,141.455
mp-aaaaaqux,30.62
mp-aaaaaquy,47.008
mp-aaaaaquz,38.37
mp-aaaaaqvb,39.212
mp-aaaaaqvc,49.243
mp-aaaaaqve,42.491
mp-aaaaaqvf,28.091
mp-aaaaaqvh,27.641
mp-aaaaaqvm,14.909
mp-aaaaaqvn,17.948
mp-aaaaaqvu,56.671
mp-aaaaaqvx,224.371
mp-aaaaaqvz,71.102
mp-aaaaaqwa,42.667
mp-aaaaaqwc,46.327
mp-aaaaaqwe,49.426
mp-aaaaaqwf,99.899
mp-aaaaaqwj,64.945
mp-aaaaaqwm,50.343
mp-aaaaaqwn,60.478
mp-aaaaaqwt,77.72
mp-aaaaaqwx,43.659
mp-aaaaaqwy,49.437
mp-aaaaaqwz,51.181
mp-aaaaaqxc,77.813
mp-aaaaaqxe,43.497
mp-aaaaaqxh,-4.514
mp-aaaaaqxq,35.969
mp-aaaaaqxr,38.686
mp-aaaaaqxv,61.377
mp-aaaaaqxw,76.361
mp-aaaaaqyb,64.955
mp-aaaaaqye,51.773
mp-aaaaaqyf,60.055
mp-aaaaaqyj,12.124
mp-aaaaaqym,114.202
mp-aaaaaqyn,84.487
mp-aaaaaqyo,56.325
mp-aaaaaqyp,32.338
mp-aaaaaqyq,105.973
mp-aaaaaqyr,52.643
mp-aaaaaqyu,83.13
mp-aaaaaqyv,27.217
mp-aaaaaqyy,14.936
mp-aaaaaqyz,19.557
mp-aaaaaqza,8.158
mp-aaaaaqzb,17.642
mp-aaaaaqzc,23.982
mp-aaaaaqzd,18.135
mp-aaaaaqze,25.105
mp-aaaaaqzf,26.456
mp-aaaaaqzg,11.573
mp-aaaaaqzk,51.619
mp-aaaaaqzm,7.734
mp-aaaaaqzo,-1.918
mp-aaaaaqzp,182.715
mp-aaaaaqzq,189.314
mp-aaaaaqzs,54.929
mp-aaaaaqzu,76.465
mp-aaaaaqzv,49.969
mp-aaaaaqzw,15.837
mp-aaaaaqzx,15.968
mp-aaaaaqzy,27.734
mp-aaaaaraa,40.276
mp-aaaaarab,-8.548
mp-aaaaarae,40.231
mp-aaaaarag,4.18
mp-aaaaarah,22.125
mp-aaaaarai,38.385
mp-aaaabeab,72.446
mp-aaaabeae,-59.623
mp-aaaabeai,15.484
mp-aaaabeak,45.363
mp-aaaabeas,21.916
mp-aaaabeay,120.735
mp-aaaabeaz,25.68
mp-aaaabebe,13.618
mp-aaaabebf,13.304
mp-aaaabebm,168.637
mp-aaaabebo,12.459
mp-aaaabebv,89.952
mp-aaaabebw,14.148
mp-aaaabebx,31.048
mp-aaaabecb,31.081
mp-aaaabecd,277.419
mp-aaaabecf,34.182
mp-aaaabecg,72.193
mp-aaaabeci,53.655
mp-aaaabecl,13.28
mp-aaaabecm,71.192
mp-aaaabecs,63.79
mp-aaaabect,31.656
mp-aaaabecu,35.899
mp-aaaabecw,49.889
mp-aaaabecy,22.121
mp-aaaabeda,34.562
mp-aaaabedf,34.754
mp-aaaabedo,23.828
mp-aaaabedp,96.294
mp-aaaabedv,-44.671
mp-aaaabedy,-6465.549
mp-aaaabeea,45.902
mp-aaaabeeb,44.171
mp-aaaabeef,10.909
mp-aaaabeel,76.499
mp-aaaabeeq,15.575
mp-aaaabeer,88.21
mp-aaaabeev,78.828
mp-aaaabeey,13.508
mp-aaaabefb,51.744
mp-aaaabefi,74.351
mp-aaaabefm,9.709
mp-aaaabefn,9.034
mp-aaaabefp,54.819
mp-aaaabefq,27.967
mp-aaaabefu,6.322
mp-aaaabefw,26.348
mp-aaaabega,118.177
mp-aaaabegc,33.153
mp-aaaabegd,34.493
mp-aaaabege,41.266
mp-aaaabegk,4.648
mp-aaaabegq,20.078
mp-aaaabegr,-1.998
mp-aaaabegu,38.025
mp-aaaabegv,38.448
mp-aaaabegw,9.287
mp-aaaabegx,40.241
mp-aaaabehb,19.973
mp-aaaabehd,51.467
mp-aaaabehe,57.92
mp-aaaabehh,21.04
mp-aaaabehl,39.98
mp-aaaabehm,27.746
mp-aaaabehr,27.899
mp-aaaabeht,28.853
mp-aaaabehv,11.204
mp-aaaabehw,-37.207
mp-aaaabehx,8.123
mp-aaaabehz,15.802
mp-aaaabeib,50.244
mp-aaaabeic,33.482
mp-aaaabeid,26.891
mp-aaaabeie,73.9
mp-aaaabeih,200.977
mp-aaaabeij,26.933
mp-aaaabeil,31.493
mp-aaaabeiy,107.873
mp-aaaabejh,29.805
mp-aaaabeji,31.852
mp-aaaabejj,-30.406
mp-aaaabejl,28.551
mp-aaaabejr,35.525
mp-aaaabejt,26.311
mp-aaaabeju,12.136
mp-aaaabejw,73.734
mp-aaaabekb,103.941
mp-aaaabekc,62.794
mp-aaaabekf,26.458
mp-aaaabekj,18.658
mp-aaaabekm,75.452
mp-aaaabeko,14.658
mp-aaaabekp,14.898
mp-aaaabekr,62.677
mp-aaaabeku,11.772
mp-aaaabekx,35.045
mp-aaaabekz,63.031
mp-aaaabela,0.611
mp-aaaabelb,46.408
mp-aaaabelp,12.365
mp-aaaabelq,20.995
mp-aaaabelu,94.021
mp-aaaabely,26.55
mp-aaaabemd,42.25
mp-aaaabeme,66.072
mp-aaaabemh,17.014
mp-aaaabemj,8.571
mp-aaaabemn,10.896
mp-aaaabemu,22.44
mp-aaaabena,61.852
mp-aaaabenb,57.121
mp-aaaabene,44.115
mp-aaaabenf,5.221
mp-aaaabenj,50.449
mp-aaaabeno,43.833
mp-aaaabenp,39.538
mp-aaaabeoe,119.66
mp-aaaabeos,29.701
mp-aaaabeot,45.973
mp-aaaabeou,29.216
mp-aaaabepe,55.659
mp-aaaabepj,86.71
mp-aaaabepn,16.086
mp-aaaabepo,9.57
mp-aaaabepp,133.08
mp-aaaabepq,26.456
mp-aaaabept,170.502
mp-aaaabepu,46.56
mp-aaaabepz,51.211
mp-aaaabeqb,55.766
mp-aaaabeqc,30.049
mp-aaaabeqm,27.627
mp-aaaabeqp,34.23
mp-aaaabeqs,56.905
mp-aaaabequ,7.251
mp-aaaaberc,21.217
mp-aaaaberd,46.309
mp-aaaaberh,29.861
mp-aaaaberi,81.16
mp-aaaaberj,13.929
mp-aaaaberl,78.089
mp-aaaabern,33.177
mp-aaaabero,32.268
mp-aaaaberq,124.055
mp-aaaaberw,53.067
mp-aaaaberx,11.459
mp-aaaabesc,9.784
mp-aaaabesf,77.456
mp-aaaabesg,27.191
mp-aaaabesj,63.4
mp-aaaabesm,15.239
mp-aaaabesn,33.99
mp-aaaabess,43.907
mp-aaaabesu,-28.21
mp-aaaabetd,52.148
mp-aaaabeti,11.157
mp-aaaabetl,47.545
mp-aaaabetn,142.25
mp-aaaabetq,11.744
mp-aaaabetr,10.115
mp-aaaabett,12.987
mp-aaaabetw,7.245
mp-aaaabeua,44.771
mp-aaaabeub,18.833
mp-aaaabeum,95.097
mp-aaaabeuo,114.935
mp-aaaabeup,9.6
mp-aaaabeur,66.408
mp-aaaabeuu,10.034
mp-aaaabeuv,46.799
mp-aaaabeuw,46.765
mp-aaaabeva,9.402
mp-aaaabevc,43.661
mp-aaaabevg,14.549
mp-aaaabevo,81.836
mp-aaaabevp,57.48
mp-aaaabevs,17.296
mp-aaaabevv,50.343
mp-aaaabevx,42.248
mp-aaaabewf,149.359
mp-aaaabewi,120.102
mp-aaaabewj,86.842
mp-aaaabewk,55.11
mp-aaaabewm,22.62
mp-aaaabewn,45.214
mp-aaaabewo,47.092
mp-aaaabewq,135.348
mp-aaaabewu,5.34
mp-aaaabeww,107.737
mp-aaaabexf,48.902
mp-aaaabexj,51.156
mp-aaaabexl,-13.882
mp-aaaabexo,119.784
mp-aaaabexr,19.027
mp-aaaabext,48.754
mp-aaaabexu,18.398
mp-aaaabexw,25.292
mp-aaaabexx,38.657
mp-aaaabexz,30.543
mp-aaaabeyb,139.154
mp-aaaabeyc,58.45
mp-aaaabeye,126.426
mp-aaaabeyj,13.408
mp-aaaabeyq,31.329
mp-aaaabeys,19.481
mp-aaaabeyu,89.691
mp-aaaabeyy,77.964
mp-aaaabeza,33.594
mp-aaaabezc,97.397
mp-aaaabezd,58.575
mp-aaaabezf,64.039
mp-aaaabezh,168.003
mp-aaaabezj,8.839
mp-aaaabezk,62.805
mp-aaaabezl,41.165
mp-aaaabezn,9.136
mp-aaaabezo,44.253
mp-aaaabezt,86.459
mp-aaaabezu,39.837
mp-aaaabezw,59.365
mp-aaaabfad,39.629
mp-aaaabfaj,147.543
mp-aaaabfao,16.61
mp-aaaabfap,57.089
mp-aaaabfaw,12.506
mp-aaaabfbf,42.778
mp-aaaabfbi,49.169
mp-aaaabfbm,113.66
mp-aaaabfbp,40.305
mp-aaaabfbq,24.614
mp-aaaabfbr,41.796
mp-aaaabfbs,63.746
mp-aaaabfbv,74.404
mp-aaaabfbx,18.822
mp-aaaabfbz,51.35
mp-aaaabfca,85.736
mp-aaaabfce,76.444
mp-aaaabfcf,-2.748
mp-aaaabfcj,58.485
mp-aaaabfcl,50770.337
mp-aaaabfcm,40.606
mp-aaaabfco,52.058
mp-aaaabfcp,116.018
mp-aaaabfcq,23.163
mp-aaaabfcs,18.408
mp-aaaabfct,26.547
mp-aaaabfcu,12.995
mp-aaaabfcv,17.086
mp-aaaabfcw,27.179
mp-aaaabfcx,29.434
mp-aaaabfdb,76.167
mp-aaaabfde,40.184
mp-aaaabfdg,87.954
mp-aaaabfdj,29.602
mp-aaaabfdo,139.444
mp-aaaabfdu,40.129
mp-aaaabfef,82.444
mp-aaaabfeh,47.368
mp-aaaabfej,50.299
mp-aaaabfep,177.337
mp-aaaabfes,69.592
mp-aaaabfet,58.586
mp-aaaabffb,28.717
mp-aaaabffe,56.472
mp-aaaabffg,42.474
mp-aaaabffk,35.285
mp-aaaabffm,16.258
mp-aaaabffs,48.717
mp-aaaabffw,9.664
mp-aaaabffx,25.994
mp-aaaabfgb,49.23
mp-aaaabfgd,39.155
mp-aaaabfgf,74.651
mp-aaaabfgm,26.341
mp-aaaabfgq,8.672
mp-aaaabfgx,41.666
mp-aaaabfhb,29.863
mp-aaaabfhc,8.211
mp-aaaabfhd,-20.908
mp-aaaabfhf,11.588
mp-aaaabfhl,93.602
mp-aaaabfht,61.869
mp-aaaabfhu,60.666
mp-aaaabfhz,47.08
mp-aaaabfia,19.913
mp-aaaabfid,38.833
mp-aaaabfie,32.199
mp-aaaabfih,85.891
mp-aaaabfil,39.868
mp-aaaabfiv,21.626
mp-aaaabfiw,-4.259
mp-aaaabfiy,15.258
mp-aaaabfjc,22.205
mp-aaaabfje,42.405
mp-aaaabfjh,31.022
mp-aaaabfji,41.882
mp-aaaabfjj,3228.528
mp-aaaabfjk,49.643
mp-aaaabfjl,48.952
mp-aaaabfjm,24.021
mp-aaaabfjq,6.307
mp-aaaabfjv,63.718
mp-aaaabfjy,13.524
mp-aaaabfjz,29.49
mp-aaaabfkt,81.286
mp-aaaabfku,31.085
mp-aaaabfkv,83.056
mp-aaaabfky,86.63
mp-aaaabfla,25.544
mp-aaaabflg,121.83
mp-aaaabflh,56.086
mp-aaaabflj,-18.302
mp-aaaabfll,12.637
mp-aaaabfln,82.565
mp-aaaabfls,53.266
mp-aaaabflw,224.953
mp-aaaabfmd,31.756
mp-aaaabfme,58.842
mp-aaaabfmf,12.678
mp-aaaabfmi,10.789
mp-aaaabfmn,65.888
mp-aaaabfms,63.269
mp-aaaabfmv,33.181
mp-aaaabfmw,38.221
mp-aaaabfna,27.105
mp-aaaabfnc,4.893
mp-aaaabfnd,45.755
mp-aaaabfnf,-1539214.365
mp-aaaabfnh,59.957
mp-aaaabfnm,100.664
mp-aaaabfnp,61.486
mp-aaaabfnw,125.054
mp-aaaabfny,19.891
mp-aaaabfob,30.223
mp-aaaabfof,9.297
mp-aaaabfoi,9.431
mp-aaaabfoq,143.287
mp-aaaabfou,79.095
mp-aaaabfow,5.122
mp-aaaabfox,117.511
mp-aaaabfoz,39.804
mp-aaaabfpb,177.92
mp-aaaabfpr,54.466
mp-aaaabfpu,47.997
mp-aaaabfpz,113.415
mp-aaaabfqa,66.587
mp-aaaabfqc,12.794
mp-aaaabfqe,-0.088
mp-aaaabfqf,22.798
mp-aaaabfqj,20.125
mp-aaaabfqk,46.845
mp-aaaabfqn,55.446
mp-aaaabfqq,40.432
mp-aaaabfqt,24.866
mp-aaaabfrb,36.44
mp-aaaabfrc,34.54
mp-aaaabfrd,-2748.856
mp-aaaabfrp,9.385
mp-aaaabfrr,46.8
mp-aaaabfru,15.121
mp-aaaabfry,58.224
mp-aaaabfsb,51.159
mp-aaaabfsg,20.904
mp-aaaabfsh,30.395
mp-aaaabfsi,15.239
mp-aaaabfsj,52.977
mp-aaaabfsq,93.389
mp-aaaabfst,29.445
mp-aaaabfsv,35.548
mp-aaaabfsx,99.048
mp-aaaabfsz,118.544
mp-aaaabftf,105.877
mp-aaaabfto,122.896
mp-aaaabftr,77.267
mp-aaaabfts,11.144
mp-aaaabftt,71.09
mp-aaaabftv,39.305
mp-aaaabfua,88.269
mp-aaaabfub,12.4
mp-aaaabfud,36.531
mp-aaaabfuf,21.821
mp-aaaabfuh,19.312
mp-aaaabfui,50.621
mp-aaaabfuo,32.062
mp-aaaabfur,56.915
mp-aaaabfus,0.78
mp-aaaabfut,144.123
mp-aaaabfvb,40.499
mp-aaaabfvd,31.32
mp-aaaabfvg,29.744
mp-aaaabfvh,34.362
mp-aaaabfvt,13.531
mp-aaaabfzd,34.378
mp-aaaabgbe,23687.184
mp-aaaabgfd,27.039
mp-aaaabgie,27.469
mp-aaaabgif,69.408
mp-aaaabgih,10.135
mp-aaaabgii,-144.17
mp-aaaabgik,143.27
mp-aaaabgil,77.404
mp-aaaabgio,9.014
mp-aaaabgip,20.988
mp-aaaabgit,23.8
mp-aaaabgiv,62.89
mp-aaaabgiw,160.459
mp-aaaabgix,17.584
mp-aaaabgiz,-30.998
mp-aaaabgjh,57.182
mp-aaaabgjj,29.546
mp-aaaabgjn,62.307
mp-aaaabgjr,122.941
mp-aaaabgjv,27.594
mp-aaaabgjw,8.526
mp-aaaabgjy,39.38
mp-aaaabgkb,24.456
mp-aaaabgkc,46.562
mp-aaaabgkp,96.024
mp-aaaabgks,10.085
mp-aaaabgoh,10.625
mp-aaaabgpf,21.172
mp-aaaabgph,29.281
mp-aaaabgpl,43.449
mp-aaaabgpo,35.872
mp-aaaabgps,62.286
mp-aaaabgpw,44.545
mp-aaaabgqc,46.706
mp-aaaabgqe,28.122
mp-aaaabgqf,31.294
mp-aaaabgqi,40.977
mp-aaaabgqn,9.685
mp-aaaabgqr,36.408
mp-aaaabgqy,-23.497
mp-aaaabgrf,60.566
mp-aaaabgrn,149.144
mp-aaaabgrv,20.333
mp-aaaabgsu,79.702
mp-aaaabgts,107.734
mp-aaaabgtx,45.427
mp-aaaabgty,53.822
mp-aaaabgtz,23.001
mp-aaaabgua,33.541
mp-aaaabguc,13.931
mp-aaaabguh,49.253
mp-aaaabguo,118.524
mp-aaaabgup,52.158
mp-aaaabguw,53.506
mp-aaaabgvb,49.378
mp-aaaabgvn,148.403
mp-aaaabgwa,75.138
mp-aaaabgwb,53.983
mp-aaaabgwc,62.194
mp-aaaabgwh,-115.015
mp-aaaabgwi,94.186
mp-aaaabgwq,71.956
mp-aaaabgwr,30.817
mp-aaaabgwx,81.493
mp-aaaabgwz,50.032
mp-aaaabgxc,11.724
mp-aaaabgxk,78.122
mp-aaaabgxx,16.944
mp-aaaabgxz,8.246
mp-aaaabgya,32.522
mp-aaaabgyc,103.44
mp-aaaabgye,71.503
mp-aaaabgyg,123.348
mp-aaaabgyk,96.068
mp-aaaabgym,108.505
mp-aaaabgyo,43839.952
mp-aaaabgyp,11.732
mp-aaaabgyt,41.035
mp-aaaabgyu,36.221
mp-aaaabgzc,26.962
mp-aaaabgze,19.145
mp-aaaabgzf,94.126
mp-aaaabgzh,66.995
mp-aaaabgzi,21789.623
mp-aaaabgzp,-15.69
mp-aaaabgzs,58.409
mp-aaaabgzu,107.666
mp-aaaabgzw,14.371
mp-aaaabgzy,52.259
mp-aaaabgzz,85.12
mp-aaaabhab,63.944
mp-aaaabhae,64.075
mp-aaaabhaf,27.803
mp-aaaabhah,72.418
mp-aaaabhaj,31.209
mp-aaaabhak,33.57
mp-aaaabhal,182.299
mp-aaaabham,89.664
mp-aaaabhap,52.286
mp-aaaabhbk,36.31
mp-aaaabhbl,20.728
mp-aaaabhbm,40.321
mp-aaaabhbq,5.284
mp-aaaabhbr,148.287
mp-aaaabhbs,33.35
mp-aaaabhco,157.267
mp-aaaabhcp,20.656
mp-aaaabhcr,-110.605
mp-aaaabhcy,26.984
mp-aaaabhda,13.697
mp-aaaabhdd,57.01
mp-aaaabhde,71.269
mp-aaaabhdi,107.105
mp-aaaabhdk,102.86
mp-aaaabhdo,19.337
mp-aaaabhea,34.428
mp-aaaabhec,28.384
mp-aaaabheg,14991.641
mp-aaaabhek,27.802
mp-aaaabheo,71.704
mp-aaaabheq,51.662
mp-aaaabhew,126.335
mp-aaaabhex,62.475
mp-aaaabhfc,84.508
mp-aaaabhfd,68.97
mp-aaaabhfg,104.168
mp-aaaabhfi,21.813
mp-aaaabhfj,63.867
mp-aaaabhfw,7.674
mp-aaaabhfx,60.607
mp-aaaabhfz,50.534
mp-aaaabhga,12.571
mp-aaaabhgb,75.75
mp-aaaabhgd,17.649
mp-aaaabhgn,110.02
mp-aaaabhgo,77.414
mp-aaaabhgt,15.869
mp-aaaabhgw,64.592
mp-aaaabhgy,109.037
mp-aaaabhgz,87.244
mp-aaaabhhd,21.208
mp-aaaabhhg,5.7010000000000005
mp-aaaabhhi,33.759
mp-aaaabhhn,75.173
mp-aaaabhhs,87.231
mp-aaaabhhu,76.238
mp-aaaabhhv,47.276
mp-aaaabhhx,12.029
mp-aaaabhhy,44.452
mp-aaaabhig,85.05
mp-aaaabhit,87.185
mp-aaaabhiv,9.172
mp-aaaabhiz,0.5750000000000001
mp-aaaabhje,63.555
mp-aaaabhjo,13.276
mp-aaaabhjq,40.349
mp-aaaabhjx,70.41
mp-aaaabhjy,22.184
mp-aaaabhka,52.731
mp-aaaabhkm,-33.914
mp-aaaabhkr,70.269
mp-aaaabhkv,-4.197
mp-aaaabhky,107.341
mp-aaaabhlb,47.857
mp-aaaabhle,57.394
mp-aaaabhln,17.561
mp-aaaabhlp,35.029
mp-aaaabhlq,105.854
mp-aaaabhlx,43.823
mp-aaaabhlz,98.281
mp-aaaabhma,9.095
mp-aaaabhmg,3.152
mp-aaaabhml,87.348
mp-aaaabhmq,73.151
mp-aaaabhmr,100.086
mp-aaaabhmt,57.604
mp-aaaabhna,35.51
mp-aaaabhnc,26.429
mp-aaaabhng,36.714
mp-aaaabhno,28.665
mp-aaaabhnq,61.559
mp-aaaabhny,55.178
mp-aaaabhob,24.622
mp-aaaabhok,27.293
mp-aaaabhol,43.234
mp-aaaabhon,43.172
mp-aaaabhop,16.521
mp-aaaabhor,-862.811
mp-aaaabhot,7.042
mp-aaaabhou,17.212
mp-aaaabhov,12.518
mp-aaaabhpa,56.128
mp-aaaabhpc,53.787
mp-aaaabhpd,60.573
mp-aaaabhpg,20.93
mp-aaaabhpj,27.11
mp-aaaabhpo,23.095
mp-aaaabhps,32.433
mp-aaaabhpt,25.46
mp-aaaabhpv,55.03
mp-aaaabhpy,82.78
mp-aaaabhqb,46.141
mp-aaaabhqh,89.09
mp-aaaabhql,16.906
mp-aaaabhqm,26.014
mp-aaaabhqp,27.532
mp-aaaabhqq,51.325
mp-aaaabhqw,-262.949
mp-aaaabhqx,13.958
mp-aaaabhqz,-296.987
mp-aaaabhrc,60.881
mp-aaaabhrg,17.293
mp-aaaabhrj,195.015
mp-aaaabhrk,59.464
mp-aaaabhrt,76.495
mp-aaaabhsd,36.015
mp-aaaabhsg,-8.419
mp-aaaabhsk,48.922
mp-aaaabhsl,122.609
mp-aaaabhso,88.046
mp-aaaabhsq,19.831
mp-aaaabhsr,88.775
mp-aaaabhsz,70.8
mp-aaaabhtb,39.715
mp-aaaabhti,23.306
mp-aaaabhtj,21.531
mp-aaaabhtp,20.271
mp-aaaabhuv,1.95
mp-aaaabhux,4.456
mp-aaaabhuz,8.227
mp-aaaabhvb,-2.198
mp-aaaabhvc,-15.742
mp-aaaabhve,5.404
mp-aaaabhvf,4.529
mp-aaaabhvi,14.298
mp-aaaabhvj,11.412
mp-aaaabhvk,26.028
mp-aaaabhvl,7.445
mp-aaaabhvm,29.989
mp-aaaabhvo,29.791
mp-aaaabhvq,7.042
mp-aaaabhvr,3.407
mp-aaaabhvs,1.336
mp-aaaabhvt,30.315
mp-aaaabhvv,7.329
mp-aaaabhvw,2.046
mp-aaaabhvx,9.518
mp-aaaabhvy,10.07
mp-aaaabhvz,20.475
mp-aaaabhwa,5.828
mp-aaaabhwb,5.888
mp-aaaabhwc,11.345
mp-aaaabhwd,0.925
mp-aaaabhwg,-80.505
mp-aaaabhwh,11.102
mp-aaaabhwi,10.337
mp-aaaabhwj,5.677
mp-aaaabhwl,21.406
mp-aaaabhwo,6.592
mp-aaaabhwp,15.17
mp-aaaabhwq,16.294
mp-aaaabhwr,5.628
mp-aaaabhws,5.635
mp-aaaabhwt,12.473
mp-aaaabhwv,5.209
mp-aaaabhwy,12.661
mp-aaaabhwz,20.781
mp-aaaabhxa,6.573
mp-aaaabhxb,29.768
mp-aaaabhxc,3.695
mp-aaaabhxd,5.593
mp-aaaabhxg,84.218
mp-aaaabhxh,11.405
mp-aaaabhxi,10.104
mp-aaaabhxj,-28.395
mp-aaaabhxk,11.281
mp-aaaabhxl,5.924
mp-aaaabhxn,10.345
mp-aaaabhxp,29.486
mp-aaaabhxq,6.466
mp-aaaabhxs,12.854
mp-aaaabhxt,6.593
mp-aaaabhxy,7.736
mp-aaaabhyc,6.6690000000000005
mp-aaaabhyd,7.063
mp-aaaabhye,35.853
mp-aaaabhyf,11.964
mp-aaaabhyh,18.304
mp-aaaabhyj,26.718
mp-aaaabhyp,6.545
mp-aaaabhys,6.799
mp-aaaabhyy,6.796
mp-aaaabhyz,23.272
mp-aaaabhza,10.994
mp-aaaabhzd,15.897
mp-aaaabhze,7.225
mp-aaaabhzg,16.906
mp-aaaabhzh,4.804
mp-aaaabhzi,1.303
mp-aaaabhzj,16.303
mp-aaaabhzn,3.768
mp-aaaabhzo,8.571
mp-aaaabhzp,13.384
mp-aaaabhzr,5.213
mp-aaaabhzt,4.463
mp-aaaabhzu,9.004
mp-aaaabhzv,89.283
mp-aaaabhzw,1.69
mp-aaaabhzy,22.669
mp-aaaabiad,11.049
mp-aaaabiah,2.6790000000000003
mp-aaaabiai,12.826
mp-aaaabiaj,9.049
mp-aaaabiam,5.167
mp-aaaabias,14.541
mp-aaaabiau,4.715
mp-aaaabibd,15.1
mp-aaaabibl,5.229
mp-aaaabibm,7.956
mp-aaaabibo,18.311
mp-aaaabibp,33.92
mp-aaaabibq,13.125
mp-aaaabibt,0.965
mp-aaaabibx,27.118
mp-aaaabiby,12.913
mp-aaaabica,5.006
mp-aaaabicb,9.296
mp-aaaabicc,4.405
mp-aaaabicd,33.704
mp-aaaabicf,45.967
mp-aaaabick,8.443
mp-aaaabicl,32.156
mp-aaaabico,31.328
mp-aaaabicq,15.301
mp-aaaabics,23.569
mp-aaaabicu,25.243
mp-aaaabicw,34.045
mp-aaaabicy,3.998
mp-aaaabida,-22.026
mp-aaaabidf,6.418
mp-aaaabidg,15.753
mp-aaaabidi,16.453
mp-aaaabidk,11.592
mp-aaaabids,117.305
mp-aaaabidw,17.959
mp-aaaabidx,22.391
mp-aaaabidz,94.309
mp-aaaabieb,65.455
mp-aaaabieh,36.986
mp-aaaabieo,29.537
mp-aaaabifc,30.493
mp-aaaabifh,38.059
mp-aaaabifx,68.485
mp-aaaabify,21.923
mp-aaaabigb,35.671
mp-aaaabigd,26.242
mp-aaaabigf,31.02
mp-aaaabigm,8.365
mp-aaaabign,3.174
mp-aaaabigo,2.895
mp-aaaabigp,0.266
mp-aaaabigr,11.548
mp-aaaabigs,0.124
mp-aaaabigt,14.827
mp-aaaabigu,15.046
mp-aaaabigw,12.215
mp-aaaabigx,-24791.702
mp-aaaabigy,21.246
mp-aaaabihf,27.031
mp-aaaabihh,2.519
mp-aaaabihk,0.313
mp-aaaabihl,5.809
mp-aaaabihm,0.59
mp-aaaabihn,10.642
mp-aaaabiho,8.227
mp-aaaabihr,17.807
mp-aaaabihs,0.102
mp-aaaabihw,-6.373
mp-aaaabihx,0.637
mp-aaaabiia,2.493
mp-aaaabiib,9.177
mp-aaaabiic,8.796
mp-aaaabiid,25.082
mp-aaaabiif,6.535
mp-aaaabiih,9.183
mp-aaaabiij,17.54
mp-aaaabiik,7.457
mp-aaaabiim,9.15
mp-aaaabiin,4.314
mp-aaaabiiq,16.753
mp-aaaabiir,14.668
mp-aaaabiis,6.263
mp-aaaabiiw,11.051
mp-aaaabiiz,36.378
mp-aaaabija,2.604
mp-aaaabije,21.021
mp-aaaabijf,0.079
mp-aaaabijg,14.843
mp-aaaabijh,-0.122
mp-aaaabijj,9.765
mp-aaaabijl,6.402
mp-aaaabijm,0.302
mp-aaaabijn,8.539
mp-aaaabijq,30.664
mp-aaaabijt,31.812
mp-aaaabijw,-57.121
mp-aaaabijx,29.04
mp-aaaabika,3.645
mp-aaaabikb,30.393
mp-aaaabikd,3.074
mp-aaaabikh,7.473
mp-aaaabikj,243755.644
mp-aaaabikl,13.099
mp-aaaabikp,16.321
mp-aaaabikq,5.955
mp-aaaabikr,14.793
mp-aaaabiks,30.036
mp-aaaabikt,13.286
mp-aaaabiku,1.246
mp-aaaabikv,15.213
mp-aaaabikx,-8.602
mp-aaaabiky,8.31
mp-aaaabilf,3.743
mp-aaaabilj,20183.189
mp-aaaabilk,0.311
mp-aaaabill,2.106
mp-aaaabilm,2.612
mp-aaaabilp,25.983
mp-aaaabils,0.38
mp-aaaabilt,8.644
mp-aaaabimb,3.764
mp-aaaabimd,8.333
mp-aaaabime,27.498
mp-aaaabimf,-12.591
mp-aaaabimg,5.547
mp-aaaabimi,4.598
mp-aaaabimn,3.138
mp-aaaabimq,2.494
mp-aaaabimr,13.341
mp-aaaabimx,-0.142
mp-aaaabinr,16.231
mp-aaaabint,76.076
mp-aaaabiob,25.333
mp-aaaabioe,29.547
mp-aaaabiof,8.411
mp-aaaabipj,4.79
mp-aaaabips,8.358
mp-aaaabiqg,4.775
mp-aaaabiqz,4.508
mp-aaaabira,70.056
mp-aaaabirb,20.723
mp-aaaabirf,3.14
mp-aaaabirg,18.465
mp-aaaabirm,56.631
mp-aaaabirt,94.649
mp-aaaabist,14986.449
mp-aaaabitg,4.998
mp-aaaabith,5.389
mp-aaaabitj,14.11
mp-aaaabitk,8.241
mp-aaaabitv,5.661
mp-aaaabiua,14.798
mp-aaaabiub,4.976
mp-aaaabiud,6.001
mp-aaaabiuj,6.625
mp-aaaabiuk,20.538
mp-aaaabiuq,22.207
mp-aaaabiuw,8.709
mp-aaaabive,4.925
mp-aaaabivq,1.937
mp-aaaabiwc,20.823
mp-aaaabiwe,41.051
mp-aaaabiwg,10.494
mp-aaaabjac,27.904
mp-aaaabjal,30.953
mp-aaaabjay,12.017
mp-aaaabjaz,12.259
mp-aaaabjbl,-53.67
mp-aaaabjbq,21.892
mp-aaaabjbr,42.538
mp-aaaabjbs,13.109
mp-aaaabjbu,54.412
mp-aaaabjbx,7.326
mp-aaaabjby,36.195
mp-aaaabjbz,33.062
mp-aaaabjca,25.012
mp-aaaabjcb,32.48
mp-aaaabjcc,24.537
mp-aaaabjcd,17.353
mp-aaaabjck,56.466
mp-aaaabjcr,49.113
mp-aaaabjcv,20.925
mp-aaaabjcy,28.674
mp-aaaabjcz,31.061
mp-aaaabjdo,9.216
mp-aaaabjdv,24.69
mp-aaaabjea,35.137
mp-aaaabjeq,19.094
mp-aaaabjfb,6.744
mp-aaaabjfe,6.912
mp-aaaabjfh,13.733
mp-aaaabjfn,86.963
mp-aaaabjfo,61.863
mp-aaaabjfr,134.235
mp-aaaabjgc,38.849
mp-aaaabjhe,13.538
mp-aaaabjhi,10.054
mp-aaaabjho,10.119
mp-aaaabjhs,22.306
mp-aaaabjhy,7.261
mp-aaaabjic,19.487
mp-aaaabjih,5.065
mp-aaaabjil,21.012
mp-aaaabjix,24.155
mp-aaaabjjm,10.563
mp-aaaabjjn,0.024
mp-aaaabjjv,64.867
mp-aaaabjjy,8.089
mp-aaaabjkc,10.503
mp-aaaabjkn,35.304
mp-aaaabjko,10.701
mp-aaaabjli,18.246
mp-aaaabjlk,17.351
mp-aaaabjln,16.417
mp-aaaabjlr,11.542
mp-aaaabjmy,14.245
mp-aaaabjnn,91.54
mp-aaaabjno,65.614
mp-aaaabjpq,18.806
mp-aaaabjqf,9.791
mp-aaaabjqg,67.791
mp-aaaabjqi,10.516
mp-aaaabjqq,47.226
mp-aaaabjqr,34.971
mp-aaaabjqt,39.792
mp-aaaabjqu,40.995
mp-aaaabjsn,6.873
mp-aaaabjst,31.721
mp-aaaabjsu,72.439
mp-aaaabjsv,67.366
mp-aaaabjsw,86.992
mp-aaaabjsx,54.075
mp-aaaabjsy,55.883
mp-aaaabjta,70.17
mp-aaaabjtb,-37.786
mp-aaaabjth,-22.435
mp-aaaabjum,56.307
mp-aaaabjuv,-303.464
mp-aaaabjuw,42.175
mp-aaaabjuz,6.04
mp-aaaabjvi,10.781
mp-aaaabjwf,65.106
mp-aaaabjyc,31.121
mp-aaaabjyd,139.914
mp-aaaabjyf,38.553
mp-aaaabjyg,0.961
mp-aaaabjyh,12.304
mp-aaaabjyi,32.026
mp-aaaabkbe,12.739
mp-aaaabkcc,39.173
mp-aaaabkdc,-26.735
mp-aaaabkdd,124.662
mp-aaaabkdg,-161.569
mp-aaaabkdi,8.906
mp-aaaabkdo,10.617
mp-aaaabkgm,0.247
mp-aaaabkgz,12.811
mp-aaaabkmc,53.752
mp-aaaabkmk,44.862
mp-aaaabkml,61.069
mp-aaaabkmu,8.117
mp-aaaabkmv,74.701
mp-aaaabkot,66.268
mp-aaaabkov,8.535
mp-aaaabkow,70.702
mp-aaaabkox,57.999
mp-aaaabkpa,17.855
mp-aaaabkpc,88.024
mp-aaaabkte,10.798
mp-aaaabljq,73.07
mp-aaaabllt,33.635
mp-aaaablnw,59.679
mp-aaaabloj,-180381.586
mp-aaaablpp,77.858
mp-aaaablqf,30.243
mp-aaaablrp,6.716
mp-aaaabmhq,44.354
mp-aaaabodu,5.644
mp-aaaaboeb,20.742
mp-aaaaboee,72.774
mp-aaaaboeu,112.471
mp-aaaaboff,57.034
mp-aaaabofg,9.818
mp-aaaabofm,87.205
mp-aaaabofy,1.628
mp-aaaabogc,12.29
mp-aaaabogl,10.672
mp-aaaabogs,8.647
mp-aaaabogx,20.282
mp-aaaabohe,54.6
mp-aaaabohf,19.457
mp-aaaabohv,5.618
mp-aaaabohy,5.042
mp-aaaaboif,38.407
mp-aaaaboih,18.386
mp-aaaaboij,1.613
mp-aaaaboip,7.203
mp-aaabfdao,14.909
mp-aaabfddl,88.097
mp-aaabfdjh,31.122
mp-aaabfdnw,2.055
mp-aaabfeck,42.722
mp-aaabffgl,-29.994
mp-aaabffiz,35.008
mp-aaabffqg,14.52
mp-aaabfgjm,35.461
mp-aaabfgvr,33.63
mp-aaabfgwd,10.073
mp-aaabfgwg,85.723
mp-aaabfheo,48.431
mp-aaabfher,34.205
mp-aaabfhfc,8.811
mp-aaabfhos,53.073
mp-aaabfhqe,71.889
mp-aaabfhso,10.177
mp-aaabfhsz,38.399
mp-aaabfhud,31.398
mp-aaabfibq,33.01
mp-aaabfign,82.37
mp-aaabfigr,20.662
mp-aaabfilq,30.184
mp-aaabfivk,54.698
mp-aaabfiyf,116.166
mp-aaabfiyu,99.642
mp-aaabfjfw,29.535
mp-aaabfjgf,37.166
mp-aaabfjly,37.804
mp-aaabfkch,64.714
mp-aaabfkcr,0.848
mp-aaabfkeq,0.411
mp-aaabfkev,88.26
mp-aaabfkfm,-3.833
mp-aaabfkjx,29.289
mp-aaabfkkk,11.846
mp-aaabfkky,28.69
mp-aaabfklq,63.244
mp-aaabfkpc,33.28
mp-aaabfkpk,25.112
mp-aaabfkpw,54.774
mp-aaabfkso,26.569
mp-aaabfkvx,7.759
mp-aaabfkyz,21.489
mp-aaabflaa,34.12
mp-aaabflgg,121.168
mp-aaabfllk,76.732
mp-aaabfloh,46.083
mp-aaabflre,37.095
mp-aaabfltq,35.678
mp-aaabflvt,34.827
mp-aaabflys,14.478
mp-aaabfmay,34.704
mp-aaabfmkp,34.566
mp-aaabfmku,36.293
mp-aaabfmmx,7.237
mp-aaabfmnc,33.706
mp-aaabfmne,12.092
mp-aaabfmrw,18.21
mp-aaabfnix,75.141
mp-aaabfnlc,25.908
mp-aaabfnlj,29.508
mp-aaabfnlq,99.452
mp-aaabfnmf,60.602
mp-aaabfnnj,70.401
mp-aaabfnnm,17.879
mp-aaabfnph,33.783
mp-aaabfnrd,36.105
mp-aaabfnsw,1.184
mp-aaabfnvw,17.662
mp-aaabfnww,18.654
mp-aaabfnyk,60.573
mp-aaabfobg,21.226
mp-aaabfobj,35.479
mp-aaabfodh,32.743
mp-aaabfofm,93.631
mp-aaabfojt,37.443
mp-aaabfokv,31.504
mp-aaabfonu,60.045
mp-aaabforh,31.655
mp-aaabfoti,27.719
mp-aaabfozd,25.725
mp-aaabfpbp,14.506
mp-aaabfpci,1.901
mp-aaabfpcq,22.782
mp-aaabfpgo,13.867
mp-aaabfpiz,6.13
mp-aaabfpky,33.563
mp-aaabfpll,3.447
mp-aaabfplo,40.993
mp-aaabfpok,69.759
mp-aaabfpqw,51.804
mp-aaabfpsn,22.067
mp-aaabfpst,43.519
mp-aaabfpwi,12.267
mp-aaabfpxf,20.592
mp-aaabfqag,60.956
mp-aaabfqdk,4.006
mp-aaabfqdn,33.044
mp-aaabfqmu,25.265
mp-aaabfqny,2.383
mp-aaabfqpn,63.877
mp-aaabfqpw,8.247
mp-aaabfqqg,14.436
mp-aaabfqrl,18.023
mp-aaabfquc,122.464
mp-aaabfqvy,49.604
mp-aaabfqwj,71.182
mp-aaabfrbi,23.338
mp-aaabfrem,71.266
mp-aaabfrhg,19.957
mp-aaabfrhs,50.69
mp-aaabfrig,9.562
mp-aaabfrjx,94.708
mp-aaabfrkb,6.848
mp-aaabfrpe,12.982
mp-aaabfrqn,40.321
mp-aaabfrqy,38.011
mp-aaabfrto,11.927
mp-aaabfrwt,11.809
mp-aaabfrxh,3.385
mp-aaabfrzu,34.445
mp-aaabfsbh,81.941
mp-aaabfseo,24.251
mp-aaabfsib,24.485
mp-aaabfsji,15.676
mp-aaabfsnl,13.13
mp-aaabfsrr,30.885
mp-aaabfstf,7.862999999999999
mp-aaabfsup,0.398
mp-aaabfszn,3.731
mp-aaabftan,48.516
mp-aaabftcb,19.669
mp-aaabftck,77.715
mp-aaabftfh,32.297
mp-aaabftgg,17.366
mp-aaabftiv,13.226
mp-aaabftjq,70.619
mp-aaabftlh,28.904
mp-aaabftpu,13.215
mp-aaabftqj,53.631
mp-aaabftqv,45.16
mp-aaabftrh,3.883
mp-aaabftsv,6.537
mp-aaabfuac,39.33
mp-aaabfubj,86.846
mp-aaabfuce,14.486
mp-aaabfufm,22.279
mp-aaabfuhp,62.537
mp-aaabfuka,89.116
mp-aaabfunt,193.946
mp-aaabfupp,73.282
mp-aaabfuvg,2.596
mp-aaabfuzs,19.3
mp-aaabfuzz,49.331
mp-aaabfvfs,22.102
mp-aaabfvie,24.815
mp-aaabfviq,45.124
mp-aaabfvna,42.587
mp-aaabfvqc,3.395
mp-aaabfvqy,16.781
mp-aaabfvva,31.055
mp-aaabfvvo,20.733
mp-aaabfvya,23.866
mp-aaabfvyp,53.471
mp-aaabfwep,10.303
mp-aaabfwid,24.574
mp-aaabfwjo,23.124
mp-aaabfwkk,83.735
mp-aaabfwlx,16.405
mp-aaabfwpb,22.259
mp-aaabfwsh,44.504
mp-aaabfwxo,49.329
mp-aaabfwyg,47.769
mp-aaabfwzv,42.484
mp-aaabfxbp,68.24
mp-aaabfxew,7.723
mp-aaabfxft,2.833
mp-aaabfxhc,34.087
mp-aaabfxii,41.188
mp-aaabfxjz,32.201
mp-aaabfxkm,16.293
mp-aaabfxnz,27.905
mp-aaabfxud,26.941
mp-aaabfxyf,13.442
mp-aaabfxzz,16.051
mp-aaabfyet,3.475
mp-aaabfygw,34.258
mp-aaabfylb,3.033
mp-aaabfynb,71.581
mp-aaabfyny,95.728
mp-aaabfyqp,117.383
mp-aaabfyro,33.187
mp-aaabfyrv,14.198
mp-aaabfyty,17.699
mp-aaabfywm,7.157
mp-aaabfyzv,26.154
mp-aaabfzct,-54.89
mp-aaabfzcw,5.807
mp-aaabfzdr,1.087
mp-aaabfzer,42.75
mp-aaabfzhj,16.764
mp-aaabfzhl,27.567
mp-aaabfzng,12.414
mp-aaabgadh,49.081
mp-aaabgaon,36.117
mp-aaabgaqg,31.983
mp-aaabggxd,33.51
mp-aaabggxl,36.738
mp-aaabggye,24.812
mp-aaabghaa,107.112
mp-aaabghar,47.288
mp-aaabghbb,38.055
mp-aaabghbh,42.304
mp-aaabghbn,80.697
mp-aaabghbu,22.082
mp-aaabghby,32.566
mp-aaabghce,69.177
mp-aaabghcn,65.957
mp-aaabghcy,20.062
mp-aaabghdc,17.201
mp-aaabghdr,1.967
mp-aaabghei,26.294
mp-aaabghek,99.896
mp-aaabghel,5.067
mp-aaabghew,22.739
mp-aaabghfl,44.645
mp-aaabghfo,30.675
mp-aaabghft,15.001
mp-aaabghfu,24.157
mp-aaabghgz,60.562
mp-aaabghhb,20.768
mp-aaabghhq,18.075
mp-aaabghir,25.919
mp-aaabghix,13.292
mp-aaabghiz,169.09
mp-aaabghji,41.622
mp-aaabghjo,45.075
mp-aaabghjs,44.054
mp-aaabghkh,10.533
mp-aaabghkr,11.256
mp-aaabghle,39.27
mp-aaabghlg,36.036
mp-aaabghli,99.097
mp-aaabghlm,116.259
mp-aaabghme,-7.237
mp-aaabghmi,-12.744
mp-aaabghnb,2.078
mp-aaabghnc,5.642
mp-aaabghnd,189.705
mp-aaabghni,17.29
mp-aaabghnl,103.451
mp-aaabghok,29.254
mp-aaabghom,2.943
mp-aaabghox,187.138
mp-aaabghpe,4.449
mp-aaabghpu,52.137
mp-aaabghqa,76.83
mp-aaabghqi,31.23
mp-aaabghqj,59.228
mp-aaabghqk,75.807
mp-aaabghqr,16.698
mp-aaabghqv,25.037
mp-aaabghrg,69.065
mp-aaabghru,-43.992
mp-aaabghse,60.034
mp-aaabghsu,9.676
mp-aaabghsv,39.688
mp-aaabghsx,18.993
mp-aaabghsz,13.033
mp-aaabghti,10.225
mp-aaabghtv,-38.174
mp-aaabghtx,5.511
mp-aaabghul,34.896
mp-aaabghuo,3.45
mp-aaabghut,86.951
mp-aaabghuv,81.43
mp-aaabghvc,37.899
mp-aaabghvd,8.516
mp-aaabghvn,51.797
mp-aaabghvo,11.97
mp-aaabghvz,28.511
mp-aaabghwi,8.669
mp-aaabghwl,121.476
mp-aaabghwn,88.942
mp-aaabghwo,52.506
mp-aaabghxf,68.938
mp-aaabghxh,40.154
mp-aaabghxj,105.514
mp-aaabghxz,20.019
mp-aaabghyt,38.108
mp-aaabghyu,55.871
mp-aaabghyv,1.812
mp-aaabghzd,10.704
mp-aaabghze,52.411
mp-aaabghzs,55.643
mp-aaabgiab,71.729
mp-aaabgiac,146.834
mp-aaabgiaq,53.657
mp-aaabgiax,77.392
mp-aaabgibf,169.219
mp-aaabgibt,70.15
mp-aaabgibx,80.368
mp-aaabgibz,17.944
mp-aaabgicl,-19.284
mp-aaabgicp,88.001
mp-aaabgicu,25.976
mp-aaabgidh,143.971
mp-aaabgidl,78.001
mp-aaabgiee,4.31
mp-aaabgifl,78.329
mp-aaabgifm,49.663
mp-aaabgiga,107.54
mp-aaabgigg,2.043
mp-aaabgigj,11.983
mp-aaabgigk,70.637
mp-aaabgigs,66.883
mp-aaabgigw,6.536
mp-aaabgihk,15.224
mp-aaabgiih,85.444
mp-aaabgiis,36.834
mp-aaabgiiv,24.038
mp-aaabgijb,-8.98
mp-aaabgijd,114.384
mp-aaabgijj,68.222
mp-aaabgijv,88.753
mp-aaabgikn,34.329
mp-aaabgill,10.643
mp-aaabgiln,20.018
mp-aaabgims,14.238
mp-aaabgimt,-3785.546
mp-aaabgimu,30.316
mp-aaabgimz,39.121
mp-aaabgini,48.099
mp-aaabgipc,56.499
mp-aaabgipd,4.29
mp-aaabgipp,0.798
mp-aaabgiqc,300.763
mp-aaabgiqn,51.78
mp-aaabgiqr,10.762
mp-aaabgiqy,30.44
mp-aaabgirc,6.9190000000000005
mp-aaabgire,88.909
mp-aaabgirl,39.943
mp-aaabgiry,23.069
mp-aaabgisl,85.681
mp-aaabgism,31.924
mp-aaabgisu,118.841
mp-aaabgisz,4.995
mp-aaabgitd,30.894
mp-aaabgitl,-45.192
mp-aaabgitm,18.845
mp-aaabgitn,8.66
mp-aaabgitp,31.014
mp-aaabgitu,47.371
mp-aaabgiul,76.801
mp-aaabgiuw,31.575
mp-aaabgiuy,145.697
mp-aaabgivc,2.127
mp-aaabgive,-2.408
mp-aaabgivm,22.466
mp-aaabgivq,44.751
mp-aaabgivs,23.614
mp-aaabgivz,32.054
mp-aaabgiwh,31.014
mp-aaabgiwm,29.879
mp-aaabgiwq,8.573
mp-aaabgiws,30.235
mp-aaabgixi,41.354
mp-aaabgiyc,19.365
mp-aaabgiyf,44.997
mp-aaabgiyg,-21.834
mp-aaabgizp,78.133
mp-aaabgizt,113.309
mp-aaabgjaa,5.881
mp-aaabgjau,7.604
mp-aaabgjav,19.356
mp-aaabgjaz,132.338
mp-aaabgjbc,13.901
mp-aaabgjbn,99.601
mp-aaabgjbo,195.607
mp-aaabgjbs,6.436
mp-aaabgjbx,68.271
mp-aaabgjcq,10.918
mp-aaabgjct,30.456
mp-aaabgjcy,12.548
mp-aaabgjdb,162.768
mp-aaabgjdc,22.155
mp-aaabgjde,9.009
mp-aaabgjdn,97.442
mp-aaabgjdq,16.667
mp-aaabgjdz,188.038
mp-aaabgjee,43.587
mp-aaabgjek,48.129
mp-aaabgjel,53.078
mp-aaabgjeq,72.282
mp-aaabgjfi,17.113
mp-aaabgjfk,187.484
mp-aaabgjfp,14.694
mp-aaabgjfq,11.85
mp-aaabgjfz,121.043
mp-aaabgjgb,80.006
mp-aaabgjgp,65.247
mp-aaabgjgx,25.536
mp-aaabgjgy,188.173
mp-aaabgjhh,35.115
mp-aaabgjhn,81.744
mp-aaabgjhu,83.347
mp-aaabgjhv,24.328
mp-aaabgjib,81.322
mp-aaabgjil,186.767
mp-aaabgjiw,19.911
mp-aaabgjix,17.982
mp-aaabgjkn,75.306
mp-aaabgjkq,90.151
mp-aaabgjlb,213.484
mp-aaabgjle,71.286
mp-aaabgjlh,18.694
mp-aaabgjlv,21.466
mp-aaabgjlz,154.988
mp-aaabgjmq,17.381
mp-aaabgjmu,2.31
mp-aaabgjnl,45.969
mp-aaabgjnm,9.403
mp-aaabgjnn,69.364
mp-aaabgjoa,30.541
mp-aaabgjol,17.49
mp-aaabgjop,26.141
mp-aaabgjov,108.524
mp-aaabgjpc,34.946
mp-aaabgjpg,144.017
mp-aaabgjpi,5.031
mp-aaabgjpl,17.957
mp-aaabgjpo,25.385
mp-aaabgjpz,33.339
mp-aaabgjqe,12.175
mp-aaabgjqi,82.948
mp-aaabgjrq,28.942
mp-aaabgjrz,9.443
mp-aaabgjsh,129.36
mp-aaabgjsi,55.113
mp-aaabgjsx,12.714
mp-aaabgjsy,1.982
mp-aaabgjth,3.14
mp-aaabgjti,14.436
mp-aaabgjts,4.644
mp-aaabgjus,14.097
mp-aaabgjve,3.865
mp-aaabgjvl,19.881
mp-aaabgjwb,99.379
mp-aaabgjwp,6.856
mp-aaabgjws,21.329
mp-aaabgjxa,11.553
mp-aaabgjxg,60.691
mp-aaabgjxl,9.347
mp-aaabgjxo,129.394
mp-aaabgjyj,5.438
mp-aaabgjyl,38.589
mp-aaabgjym,4.523
mp-aaabgjyr,2.172
mp-aaabgjzb,142.488
mp-aaabgjze,23.429
mp-aaabgkae,48.827
mp-aaabgkaf,8.705
mp-aaabgkam,11.85
mp-aaabgkbc,48.395
mp-aaabgkbk,23.776
mp-aaabgkcd,89.169
mp-aaabgkcf,65.069
mp-aaabgkcg,117.569
mp-aaabgkcv,27.622
mp-aaabgkcx,19.747
mp-aaabgkda,233.825
mp-aaabgkec,47.963
mp-aaabgked,153.362
mp-aaabgkeo,47.979
mp-aaabgkfj,17.812
mp-aaabgkfw,109.355
mp-aaabgkfy,15.146
mp-aaabgkgq,150.5
mp-aaabgkgs,26.551
mp-aaabgkhc,126.51
mp-aaabgkhj,33.994
mp-aaabgkhl,55.971
mp-aaabgkhw,27.584
mp-aaabgkic,43.728
mp-aaabgkig,43.099
mp-aaabgkii,28.456
mp-aaabgkiq,62.899
mp-aaabgkix,38.547
mp-aaabgkja,14.647
mp-aaabgkju,40.519
mp-aaabgkjy,184.076
mp-aaabgkkg,169.943
mp-aaabgkle,66.041
mp-aaabgklg,5.017
mp-aaabgkls,27.788
mp-aaabgkmh,37.576
mp-aaabgkms,115.49
mp-aaabgkmt,40.912
mp-aaabgkmw,-20.547
mp-aaabgknf,22.911
mp-aaabgkno,57.902
mp-aaabgkns,4.436
mp-aaabgkoc,30.562
mp-aaabgkol,521.927
mp-aaabgkom,164.088
mp-aaabgkoz,11.831
mp-aaabgkpl,20.482
mp-aaabgkpm,109.706
mp-aaabgkps,29.44
mp-aaabgkpt,101.152
mp-aaabgkqc,-11.963
mp-aaabgkqq,65.612
mp-aaabgkqu,22.156
mp-aaabgkrf,6.9190000000000005
mp-aaabgksb,66.868
mp-aaabgksc,10.885
mp-aaabgksi,37.974
mp-aaabgksl,59.306
mp-aaabgkso,49.656
mp-aaabgkst,5.361
mp-aaabgksx,16.267
mp-aaabgksz,-72.249
mp-aaabgktl,70.203
mp-aaabgktw,105.465
mp-aaabgkum,41.622
mp-aaabgkuz,19.552
mp-aaabgkwl,59.186
mp-aaabgkwp,46.202
mp-aaabgkwv,24.612
mp-aaabgkwy,35.794
mp-aaabgkxe,-1085735.016
mp-aaabgkxm,-78.984
mp-aaabgkxn,209.293
mp-aaabgkxr,6.05
mp-aaabgkxz,108.94
mp-aaabgkyr,55.298
mp-aaabgkys,44.076
mp-aaabgkyv,59.1
mp-aaabgkzg,53.401
mp-aaabgkzh,20.993
mp-aaabgkzp,9.422
mp-aaabglad,32.583
mp-aaabglah,96.283
mp-aaabglas,20.557
mp-aaabglbw,18.02
mp-aaabglch,46.353
mp-aaabglcl,79.991
mp-aaabgldo,4.594
mp-aaabglec,81.693
mp-aaabgler,118.704
mp-aaabglfd,57.151
mp-aaabglfe,219.493
mp-aaabglfk,36.36
mp-aaabglfq,26.578
mp-aaabglfu,28.668
mp-aaabglha,26.28
mp-aaabglhy,122.916
mp-aaabglif,4.377
mp-aaabglip,24.585
mp-aaabglir,38.077
mp-aaabgliv,33.657
mp-aaabglix,0.461
mp-aaabglja,76.705
mp-aaabgljk,144.082
mp-aaabgljl,23.96
mp-aaabglju,16.95
mp-aaabglki,6.081
mp-aaabglkm,1.239
mp-aaabglkw,39.274
mp-aaabgllb,167.557
mp-aaabglld,16.412
mp-aaabgllo,-12.477
mp-aaabglls,1.935
mp-aaabgllv,11.205
mp-aaabgllz,38.817
mp-aaabglmq,50.269
mp-aaabglmr,15.119
mp-aaabglms,24.024
mp-aaabglmt,43.074
mp-aaabglnh,21.657
mp-aaabglnn,3.834
mp-aaabglnr,12.431
mp-aaabglnx,9.13
mp-aaabgloa,8.631
mp-aaabgloy,5.58
mp-aaabglpb,6.587
mp-aaabglpo,23.537
mp-aaabglps,46.251
mp-aaabglqb,0.344
mp-aaabglqc,2.447
mp-aaabglqd,114.096
mp-aaabglqg,15.324
mp-aaabglqj,59.837
mp-aaabglqt,7.948
mp-aaabglry,-145.439
mp-aaabglss,11.215
mp-aaabgltp,21.164
mp-aaabgltr,9.195
mp-aaabgluv,50.75
mp-aaabglve,0.321
mp-aaabglvq,93.792
mp-aaabglvw,432496.257
mp-aaabglvx,3.143
mp-aaabglwm,42.308
mp-aaabglwo,10.217
mp-aaabglwt,20.96
mp-aaabglwu,23.948
mp-aaabglxa,11.708
mp-aaabglxr,53.794
mp-aaabglxt,40.529
mp-aaabglxz,97.022
mp-aaabglyo,7.752
mp-aaabglys,0.268
mp-aaabglzk,4.657
mp-aaabglzu,3.498
mp-aaabglzz,6.979
mp-aaabgmaj,114.39
mp-aaabgmak,98.512
mp-aaabgman,38.258
mp-aaabgmay,2.06
mp-aaabgmbi,48.163
mp-aaabgmbv,10.092
mp-aaabgmci,185.363
mp-aaabgmcp,18.309
mp-aaabgmdk,28.736
mp-aaabgmej,1.523
mp-aaabgmew,51.03
mp-aaabgmez,78.332
mp-aaabgmfd,18.994
mp-aaabgmfj,21.183
mp-aaabgmfk,91.366
mp-aaabgmfm,17.093
mp-aaabgmfp,28.849
mp-aaabgmfr,37.008
mp-aaabgmfy,45.456
mp-aaabgmgh,36.511
mp-aaabgmgn,51.204
mp-aaabgmgw,2.302
mp-aaabgmhs,38.466
mp-aaabgmhv,0.866
mp-aaabgmhx,13.664
mp-aaabgmhz,85.959
mp-aaabgmia,0.015
mp-aaabgmir,39.309
mp-aaabgmit,29.927
mp-aaabgmix,13.125
mp-aaabgmjg,156.611
mp-aaabgmji,1.421
mp-aaabgmjn,187.261
mp-aaabgmkh,-15.965
mp-aaabgmks,58.94
mp-aaabgmkw,8.617
mp-aaabgmlc,71.316
mp-aaabgmlf,28.861
mp-aaabgmlh,25.056
mp-aaabgmlp,65.19
mp-aaabgmne,1.478
mp-aaabgmnj,7.04
mp-aaabgmno,12.66
mp-aaabgmnr,48.37
mp-aaabgmnw,56.355
mp-aaabgmoc,9.206
mp-aaabgmoe,-94.645
mp-aaabgmoo,3.946
mp-aaabgmop,55.616
mp-aaabgmow,11.654
mp-aaabgmpb,6.203
mp-aaabgmpq,13.772
mp-aaabgmqa,88.088
mp-aaabgmqd,85.342
mp-aaabgmqz,187.274
mp-aaabgmrf,107.94
mp-aaabgmrm,22.499
mp-aaabgmss,41.898
mp-aaabgmsv,9.905
mp-aaabgmsx,3.473
mp-aaabgmtb,28.522
mp-aaabgmtd,50.0
mp-aaabgmtg,93.348
mp-aaabgmtp,82.612
mp-aaabgmtv,21.515
mp-aaabgmuh,101.432
mp-aaabgmvg,5.459
mp-aaabgmvm,5.91
mp-aaabgmwg,5.833
mp-aaabgmwi,7.862999999999999
mp-aaabgmwk,110.559
mp-aaabgmwr,13.684
mp-aaabgmxb,3.142
mp-aaabgmxf,76.808
mp-aaabgmxh,55.69
mp-aaabgmxs,19.653
mp-aaabgmxy,10.446
mp-aaabgmye,7.887
mp-aaabgmyr,-149.959
mp-aaabgmyu,24.736
mp-aaabgmyz,116.03
mp-aaabgmzj,33.717
mp-aaabgmzr,-78.499
mp-aaabgmzw,31.388
mp-aaabgnac,5.148
mp-aaabgnbb,98.633
mp-aaabgnbd,26.483
mp-aaabgnbq,50.018
mp-aaabgnbr,29.539
mp-aaabgnbs,15.392
mp-aaabgnby,17.146
mp-aaabgnbz,75.074
mp-aaabgnch,7.71
mp-aaabgncu,38.176
mp-aaabgndm,27.431
mp-aaabgndy,-93.916
mp-aaabgneg,43.503
mp-aaabgnel,26.476
mp-aaabgnep,33.133
mp-aaabgnes,67.761
mp-aaabgnet,25.52
mp-aaabgnfa,31.358
mp-aaabgnfc,71.283
mp-aaabgnfd,14.998
mp-aaabgnfr,106.783
mp-aaabgnft,16.32
mp-aaabgngi,16.27
mp-aaabgngk,3.416
mp-aaabgnhd,17.104
mp-aaabgnhr,124.562
mp-aaabgnhs,49.484
mp-aaabgnia,87.084
mp-aaabgnik,147.448
mp-aaabgnim,7.497
mp-aaabgnip,22.431
mp-aaabgnja,20.005
mp-aaabgnje,10.168
mp-aaabgnjh,7.556
mp-aaabgnjn,8.079
mp-aaabgnkf,50.944
mp-aaabgnkl,80.601
mp-aaabgnkn,15.009
mp-aaabgnkp,127.875
mp-aaabgnkt,96.097
mp-aaabgnku,81.927
mp-aaabgnla,65.876
mp-aaabgnlh,-1.569
mp-aaabgnlm,0.526
mp-aaabgnlo,60.71
mp-aaabgnmu,66.56
mp-aaabgnmw,40.872
mp-aaabgnmx,6.673
mp-aaabgnoc,88.505
mp-aaabgnof,-237.81
mp-aaabgnok,7.569
mp-aaabgnop,20.217
mp-aaabgnpj,69.364
mp-aaabgnpm,33.971
mp-aaabgnqc,6.631
mp-aaabgnqm,5.332
mp-aaabgnqp,62.14
mp-aaabgnqr,375.573
mp-aaabgnqt,28.245
mp-aaabgnrc,6.6850000000000005
mp-aaabgnrd,3.08
mp-aaabgphe,18.793
mp-aaabgpsl,6.173
mp-aaabgpvb,-79.512
mp-aaabgqcq,10.872
mp-aaabgqmd,96.947
mp-aaabgqpu,5.717
mp-aaabgqrh,6.1
mp-aaabgqtn,3.587
mp-aaabgrct,110.53
mp-aaabgrdx,28.838
mp-aaabgrkp,83.438
mp-aaabgrlz,39.352
mp-aaabgrmd,16.967
mp-aaabgrnv,26.856
mp-aaabgrtu,11735.995
mp-aaabgrzz,4.7620000000000005
mp-aaabgxxx,63.662
mp-aaabgxyc,57.044
mp-aaabgzgi,98.815
mp-aaabgzow,9.32
mp-aaabhaik,6.978
mp-aaabhais,82.097
mp-aaabhaiu,14.968
mp-aaabhakt,20.3
mp-aaabhani,386904.471
mp-aaabhanl,48.551
mp-aaabhans,14.966
mp-aaabhbhu,12.264
mp-aaabhbjn,11.369
mp-aaabhbnc,7.769
mp-aaabhcnj,25.139
mp-aaabhcno,-24.354
mp-aaabhcoj,48.711
mp-aaabhcpe,50.704
mp-aaabhcqk,35.944
mp-aaabhcsf,8.126
mp-aaabhczy,187.685
mp-aaabhdhj,20.122
mp-aaabhdmm,34.185
mp-aaabheay,26.016
mp-aaabhemg,10.5
mp-aaabhevi,16.418
mp-aaabidsj,7.962
mp-aaabidts,50.092
mp-aaabidtt,52.466
mp-aaabidxg,35.78
mp-aaabiekn,41.679
mp-aaabieme,5.924
mp-aaabifiv,680807.355
mp-aaabiflh,23.788
mp-aaabifmj,62.601
mp-aaabiggy,94.289
mp-aaabighb,18.072
mp-aaabighu,218897.653
mp-aaabigia,98.488
mp-aaabiijz,-50.161
mp-aaabiinr,61.591
mp-aaabijbz,172.168
mp-aaabijkc,63.039
mp-aaabijyv,-13.034
mp-aaabijza,1.596
mp-aaabijzd,1.12
mp-aaabikfw,65.472
mp-aaabikgq,34.404
mp-aaabikuu,73.415
mp-aaabikvs,7.382
mp-aaabikvu,13.087
mp-aaabikvy,-16.64
mp-aaabilah,-5.355
mp-aaabilai,16.154
mp-aaabilyt,52.169
mp-aaabimdq,-6.411
mp-aaabimgi,6.4030000000000005
mp-aaabinav,4.154
mp-aaabiniy,18.167
mp-aaabiocl,77.711
mp-aaabiojj,10.463
mp-aaabioml,161.786
mp-aaabioql,52.398
mp-aaabipys,9.142
mp-aaabiqfz,4.029
mp-aaabitdq,1328.535
mp-aaabitsv,0.46
mp-aaabituy,98.723
mp-aaabiumk,523.699
mp-aaabivce,0.8190000000000001
mp-aaabivna,0.205
mp-aaabixhn,177.956
mp-aaabixpb,62.54
mp-aaabiyhq,-6.922
mp-aaabiyhx,7.428
mp-aaabiytj,4.588
mp-aaabiyym,-31.834
mp-aaabizep,4.02
mp-aaabizzh,9.506
mp-aaabjafy,105.884
mp-aaabjbuw,6.978
mp-aaabjbxg,522.967
mp-aaabjbxy,8.493
mp-aaabjcbv,86.318
mp-aaabjccl,61.398
mp-aaabjerd,53.326
mp-aaabjfrj,29.117
mp-aaabjhpi,50.601
mp-aaabjiad,22.758
mp-aaabjjea,16.645
mp-aaabjker,22.021
mp-aaabjkld,62.713
mp-aaabjkza,56.753
mp-aaabjlou,-7.423
mp-aaabjlpe,-1756.111
mp-aaabjlqm,14.26
mp-aaabjlus,51.305
mp-aaabjmok,-5.611
mp-aaabjnlj,-84122.955
mp-aaabjnuy,59.397
mp-aaabjobs,15.19
mp-aaabjolt,19.038
mp-aaabjoqo,79.123
mp-aaabjoqp,27.238
mp-aaabjots,9.372
mp-aaabjoug,49.224
mp-aaabjoui,113.213
mp-aaabjpdt,696.449
mp-aaabjphf,29.387
mp-aaabjqyu,13.038
mp-aaabjrfd,17.006
mp-aaabjseh,132.732
mp-aaabjtxe,3.947
mp-aaabjudp,5.384
mp-aaabjumx,70.992
mp-aaabjvbp,92.873
mp-aaabjvdy,411.93
mp-aaabjxva,-20.232
mp-aaabjxvb,-148.274
mp-aaabjxvc,-9.488
mp-aaabjxvp,30.087
mp-aaabjxvu,-39.447
mp-aaabjxwo,-27.492
mp-aaabjxwq,-234.104
mp-aaabjxwt,-77.516
mp-aaabjxww,116.716
mp-aaabjxwx,41252178517.549
mp-aaabjxwz,15.888
mp-aaabjxxc,-236.888
mp-aaabjxxe,-47.643
mp-aaabjxxi,-22.546
mp-aaabjxxk,32.36
mp-aaabjxxl,-166.496
mp-aaabjxxm,-121.271
mp-aaabjxxn,-27.038
mp-aaabjxxo,57.963
mp-aaabjxxq,15.074
mp-aaabjxxr,5.414
mp-aaabjxxx,48.436
mp-aaabjxxy,-47.706
mp-aaabjxyb,-11.43
mp-aaabjxyc,-11.236
mp-aaabjxyd,36.564
mp-aaabjxye,8.397
mp-aaabjxyf,-24.806
mp-aaabjxyg,-43.555
mp-aaabjxyh,5.998
mp-aaabjxyk,3.578
mp-aaabjxyl,81.15
mp-aaabjxyn,-9.647
mp-aaabjxyw,40.401
mp-aaabjxyx,-3.149
mp-aaabjxze,36.429
mp-aaabjxzk,-176.459
mp-aaabjxzn,14.125
mp-aaabjxzp,-10.839
mp-aaabjxzq,-352.409
mp-aaabjxzt,233.098
mp-aaabjxzv,-7.327
mp-aaabjxzx,-125.36
mp-aaabjxzy,-26.819
mp-aaabjxzz,33.053
mp-aaabjyad,-21.408
mp-aaabjyae,17.362
mp-aaabjyag,4.064
mp-aaabjyak,-89.048
mp-aaabjyal,-13.279
mp-aaabjyao,88.718
mp-aaabjyap,559.954
mp-aaabjyau,15.702
mp-aaabjyaw,-281.665
mp-aaabjyay,-13.397
mp-aaabjyaz,-134.272
mp-aaabjyba,-110.855
mp-aaabjybb,36.635
mp-aaabjybc,24.724
mp-aaabjybh,20.711
mp-aaabjybi,-342.213
mp-aaabjybk,1.128
mp-aaabjybl,-14.001
mp-aaabjybn,-26.181
mp-aaabjybo,41.412
mp-aaabjybp,87.129
mp-aaabjybr,-144.2
mp-aaabjybs,-3.385
mp-aaabjybt,20.655
mp-aaabjybv,-17.773
mp-aaabjycf,284.254
mp-aaabjycg,-13.058
mp-aaabjycn,-19.055
mp-aaabjycp,20.358
mp-aaabjycq,-57.668
mp-aaabjyct,-165.072
mp-aaabjyda,93.926
mp-aaabjydc,-104.989
mp-aaabjydf,-225.567
mp-aaabjydj,-29.914
mp-aaabjydl,23.084
mp-aaabjydm,-1.824
mp-aaabjydn,16.375
mp-aaabjydr,19.0
mp-aaabjyds,-86.794
mp-aaabjydu,22.36
mp-aaabjydw,-15.169
mp-aaabjydz,-334.671
mp-aaabjyeb,-144.504
mp-aaabjyeh,27.375
mp-aaabjyej,-13.931
mp-aaabjyeo,-12.964
mp-aaabjyep,0.641
mp-aaabjyer,7.573
mp-aaabjyet,-30.528
mp-aaabjyeu,-160.684
mp-aaabjyev,-17.503
mp-aaabjyfb,-0.368
mp-aaabjyfe,-92.477
mp-aaabjyfj,21.798
mp-aaabjyfk,8.576
mp-aaabjyfl,-237.864
mp-aaabjyfn,-24.853
mp-aaabjyfp,63.846
mp-aaabjyfs,-1.577
mp-aaabxdts,1.687
mp-aaabxezt,13.128
mp-aaabxezu,22.76
mp-aaabxezv,16.179
mp-aaabxezx,29.172
mp-aaabxezy,19.556
mp-aaabxezz,35.539
mp-aaabxfac,81.723
mp-aaabxfad,34.849
mp-aaabxfae,20.073
mp-aaabxfag,27.158
mp-aaabxfah,22.447
mp-aaabxfai,22.87
mp-aaabxfak,34.393
mp-aaabxfam,2.24
mp-aaabxfan,1.905
mp-aaabxfao,8.736
mp-aaabxfaq,22.585
mp-aaabxfas,30.569
mp-aaabxfat,-28.162
mp-aaabxfau,47.959
mp-aaabxfav,34.581
mp-aaabxfaw,24.383
mp-aaabxfay,14.374
mp-aaabxfaz,19.813
mp-aaabxfba,22.643
mp-aaabxfbb,56.338
mp-aaabxfbd,19.66
mp-aaabxfbj,104.993
mp-aaabxfbk,108.32
mp-aaabxfbl,20.537
mp-aaabxfbp,47.427
mp-aaabxfbr,146.294
mp-aaabxfbu,131.157
mp-aaabxfbv,92.928
mp-aaabxfby,59.551
mp-aaabxfcb,1.97
mp-aaabxfcd,31.941
mp-aaabxfcf,56.792
mp-aaabxfcg,-3.273
mp-aaabxfcl,16.502
mp-aaabxfcm,18.058
mp-aaabxfcn,8.017
mp-aaabxfco,94.95
mp-aaabxfcp,270.528
mp-aaabxfcq,86.818
mp-aaabxfcs,41.214
mp-aaabxfct,29.069
mp-aaabxfdc,80.044
mp-aaabxfeh,107.967
mp-aaabxfey,26.401
mp-aaabxfez,1.928
mp-aaabxffa,35.064
mp-aaabxffb,155.689
mp-aaabxffh,16.655
mp-aaabxffi,5.722
mp-aaabxffj,19.632
mp-aaabxffk,50.305
mp-aaabxffl,16.564
mp-aaabxffn,10.455
mp-aaabxffo,21.207
mp-aaabxffv,-4.408
mp-aaabxffw,17.477
mp-aaabxffy,5.917
mp-aaabxfgb,79.922
mp-aaabxfgc,26.795
mp-aaabxfgd,20.811
mp-aaabxfge,83.08
mp-aaabxfgf,17.57
mp-aaabxfgj,16.634
mp-aaabxfgk,131.074
mp-aaabxfgl,15.65
mp-aaabxfgm,36.814
mp-aaabxfgp,16.174
mp-aaabxfgu,11.963
mp-aaabxfgw,118.496
mp-aaabxfgx,29.746
mp-aaabxfgy,67.926
mp-aaabxfhb,47.324
mp-aaabxfhc,96.619
mp-aaabxfhd,30.672
mp-aaabxfhe,25.186
mp-aaabxfhi,29.454
mp-aaabxfhj,15.851
mp-aaabxfhk,11.896
mp-aaabxfhm,86.11
mp-aaabxfhn,22.812
mp-aaabxfho,21.308
mp-aaabxfhs,4.747
mp-aaabxfht,26.005
mp-aaabxfhu,69473798140.241
mp-aaabxfhv,43.706
mp-aaabxfit,-85.511
mp-aaabxfix,26.08
mp-aaabxfiz,29.061
mp-aaabxfjb,66.416
mp-aaabxfjc,77.859
mp-aaabxfjg,-210.285
mp-aaabxfjt,69.361
mp-aaabxfkn,87.341
mp-aaabxfko,19.536
mp-aaabxfkt,33.55
mp-aaabxfku,20.259
mp-aaabxfkz,41.219
mp-aaabxfla,67.035
mp-aaabxflc,9.329
mp-aaabxfld,16.75
mp-aaabxflf,107.76
mp-aaabxflg,69.086
mp-aaabxflh,48.901
mp-aaabxfli,16.745
mp-aaabxfll,20.513
mp-aaabxflm,56.136
mp-aaabxfln,91.46
mp-aaabxflo,16.491
mp-aaabxflq,529.42
mp-aaabxflr,41.79
mp-aaabxfls,107.865
mp-aaabxflt,81.051
mp-aaabxflu,63.086
mp-aaabxflz,2.429
mp-aaabxfma,87.375
mp-aaabxfmd,76.667
mp-aaabxfme,36.177
mp-aaabxfmf,83.49
mp-aaabxfmg,25.037
mp-aaabxfmh,-11.996
mp-aaabxfmi,23.305
mp-aaabxfmj,32.136
mp-aaabxfmk,46.246
mp-aaabxfml,103.317
mp-aaabxfmm,2.04
mp-aaabxfmo,77.224
mp-aaabxfmp,52.91
mp-aaabxfmq,30.478
mp-aaabxfmr,20.608
mp-aaabxfms,19.291
mp-aaabxfmt,21.208
mp-aaabxfmu,109.437
mp-aaabxfmv,24.542
mp-aaabxfmw,13.139
mp-aaabxfmx,49.295
mp-aaabxfmy,58.45
mp-aaabxfmz,25.681
mp-aaabxfnb,108.004
mp-aaabxfnc,27.168
mp-aaabxfnd,98.352
mp-aaabxfne,48.766
mp-aaabxfnf,-46.86
mp-aaabxfng,-48.971
mp-aaabxfnh,86.0
mp-aaabxfni,102.886
mp-aaabxfnk,33.169
mp-aaabxfnl,93.042
mp-aaabxfnm,183.147
mp-aaabxfnn,93.542
mp-aaabxfnp,93.704
mp-aaabxfnr,44.291
mp-aaabxfnt,42.134
mp-aaabxfnu,23.217
mp-aaabxfnx,-81.634
mp-aaabxfny,124.181
mp-aaabxfoa,66.691
mp-aaabxfob,58.013
mp-aaabxfoc,102.98
mp-aaabxfod,80.201
mp-aaabxfoe,26.291
mp-aaabxfog,56.988
mp-aaabxfoh,6.267
mp-aaabxfoi,31.582
mp-aaabxfoj,41.391
mp-aaabxfok,33.934
mp-aaabxfom,130.613
mp-aaabxfon,32.495
mp-aaabxfoo,2.081
mp-aaabxfop,98.864
mp-aaabxfoq,50.037
mp-aaabxfor,78.633
mp-aaabxfot,55.119
mp-aaabxfou,102.349
mp-aaabxfov,128.084
mp-aaabxfow,126.511
mp-aaabxfox,5.626
mp-aaabxfoy,89.826
mp-aaabxfpb,39.137
mp-aaabxfpd,50.183
mp-aaabxfpg,90.315
mp-aaabxfph,93.516
mp-aaabxfpi,34.602
mp-aaabxfpj,111.931
mp-aaabxfpm,35.437
mp-aaabxfpn,27.596
mp-aaabxfpq,78.797
mp-aaabxfpr,100.021
mp-aaabxfpv,21.435
mp-aaabxfpz,118.314
mp-aaabxfqa,99.508
mp-aaabxfqb,107.454
mp-aaabxfqc,136.361
mp-aaabxfqd,95.257
mp-aaabxfqf,109.351
mp-aaabxfqg,131.761
mp-aaabxfqh,84.368
mp-aaabxfqi,19.533
mp-aaabxfqj,9.708
mp-aaabxfqk,80.426
mp-aaabxfqm,77.815
mp-aaabxfqs,99.455
mp-aaabxfqt,73.235
mp-aaabxfqv,949.623
mp-aaabxfqx,28.094
mp-aaabxfqy,79.164
mp-aaabxfrc,104.561
mp-aaabxfrd,39.982
mp-aaabxfre,68.281
mp-aaabxfrf,14.702
mp-aaabxfru,244.174
mp-aaabxfrv,23.508
mp-aaabxfse,22.098
mp-aaabxfsf,-3.797
mp-aaabxfsh,29.824
mp-aaabxfsj,10.792
mp-aaabxfsk,20.408
mp-aaabxfss,12.636
mp-aaabxfst,62.602
mp-aaabxfsu,40.522
mp-aaabxfsv,55.791
mp-aaabxfsw,90.767
mp-aaabxfsy,23.742
mp-aaabxfsz,24.87
mp-aaabxfta,16.143
mp-aaabxftc,9.66
mp-aaabxftj,7.06
mp-aaabxftk,14.613
mp-aaabxftl,19.687
mp-aaabxftm,13.0
mp-aaabxftn,18.192
mp-aaabxfto,17.268
mp-aaabxftp,17.696
mp-aaabxftr,14.872
mp-aaabxfts,15.962
mp-aaabxftt,23.846
mp-aaabxftu,17.065
mp-aaabxftv,14.842
mp-aaabxftw,57.938
mp-aaabxftz,31.091
mp-aaabxfub,80.766
mp-aaabxfuc,-1.208
mp-aaabxfud,7.617
mp-aaabxfug,75.907
mp-aaabxfuh,55.152
mp-aaabxfuo,88.412
mp-aaabxfuv,8.941
mp-aaabxfuw,70.948
mp-aaabxfux,96.573
mp-aaabxfuy,42.333
mp-aaabxfuz,15.527
mp-aaabxfva,21.743
mp-aaabxfvb,27.617
mp-aaabxfvc,40.012
mp-aaabxfvf,85.611
mp-aaabxfvg,39.796
mp-aaabxfvi,23.048
mp-aaabxfvj,39.898
mp-aaabxfvk,79.79
mp-aaabxfvm,58.759
mp-aaabxfvn,67.567
mp-aaabxfvp,69.939
mp-aaabxfvq,68.884
mp-aaabxfvr,21.831
mp-aaabxfvs,267.579
mp-aaabxfvu,-22.079
mp-aaabxfvv,14.403
mp-aaabxfvw,73.821
mp-aaabxfvy,60.425
mp-aaabxfwa,16.975
mp-aaabxfwc,11.426
mp-aaabxfwd,95.692
mp-aaabxfwf,101.809
mp-aaabxfwh,15.528
mp-aaabxfwi,-47.071
mp-aaabxfwj,45.528
mp-aaabxfwk,96.083
mp-aaabxfwl,73.504
mp-aaabxfwp,101.794
mp-aaabxfwr,94.266
mp-aaabxfws,39.096
mp-aaabxfwt,55.923
mp-aaabxfxa,20.588
mp-aaabxfxe,52.847
mp-aaabxfxh,86.548
mp-aaabxfxi,23.143
mp-aaabxfxj,40.486
mp-aaabxfxk,215.462
mp-aaabxfxn,73.726
mp-aaabxfxo,37.091
mp-aaabxfxq,111.444
mp-aaabxfxr,53.425
mp-aaabxfxw,50.256
mp-aaabxfya,61.788
mp-aaabxfyb,114.747
mp-aaabxfyc,52.742
mp-aaabxfyd,22.125
mp-aaabxfye,6.664
mp-aaabxfyg,85.139
mp-aaabxfyh,89.296
mp-aaabxfyj,38.748
mp-aaabxfym,32.495
mp-aaabxfyn,90.483
mp-aaabxfyu,73.733
mp-aaabxfyv,68.88
mp-aaabxfyw,78.138
mp-aaabxfyy,187.815
mp-aaabxfza,26.236
mp-aaabxfzb,79.038
mp-aaabxfzd,45.355
mp-aaabxfzi,80.951
mp-aaabxfzt,80.134
mp-aaabxfzy,129.33
mp-aaabxgaa,126.798
mp-aaabxgab,34.96
mp-aaabxgac,38.929
mp-aaabxgae,37.595
mp-aaabxgar,29.025
mp-aaabxgas,15.796
mp-aaabxgat,52.839
mp-aaabxgav,2.236
mp-aaabxgbc,52.236
mp-aaabxgbk,20.482
mp-aaabxgbo,46.14
mp-aaabxgbp,66.037
mp-aaabxgbq,59.337
mp-aaabxgbs,2.7
mp-aaabxgbt,56.419
mp-aaabxgbx,27.045
mp-aaabxgcg,39.448
mp-aaabxgci,35.412
mp-aaabxgck,48.806
mp-aaabxgcv,1.961
mp-aaabxgcx,52.461
mp-aaabxgcy,38.344
mp-aaabxgcz,44.23
mp-aaabxgdc,26.832
mp-aaabxgdd,29.624
mp-aaabxgde,52.945
mp-aaabxgdg,68.958
mp-aaabxgdp,22.17
mp-aaabxgds,26.114
mp-aaabxgdu,236.351
mp-aaabxgdv,71.105
mp-aaabxgdy,89.252
mp-aaabxgeb,59.053
mp-aaabxgeq,44.381
mp-aaabxges,45.234
mp-aaabxget,56.917
mp-aaabxgew,38.614
mp-aaabxgfl,23.041
mp-aaabxgfo,70.632
mp-aaabxgfp,36.377
mp-aaabxgfq,19.85
mp-aaabxgfs,79.737
mp-aaabxgfu,38.592
mp-aaabxgfw,42.924
mp-aaabxgfx,20.648
mp-aaabxgfy,72.197
mp-aaabxggf,28.706
mp-aaabxggg,113.141
mp-aaabxggh,168.188
mp-aaabxggi,37.52
mp-aaabxggk,29.755
mp-aaabxggm,87.343
mp-aaabxggn,27.589
mp-aaabxggo,43.146
mp-aaabxggx,39.928
mp-aaabxgha,115.151
mp-aaabxghd,81.715
mp-aaabxghf,19.943
mp-aaabxghg,23.479
mp-aaabxghh,78.85
mp-aaabxghi,13.564
mp-aaabxghj,78.962
mp-aaabxghk,107.994
mp-aaabxghl,3.386
mp-aaabxghu,96.105
mp-aaabxghw,112.266
mp-aaabxghx,118.265
mp-aaabxghy,79.087
mp-aaabxghz,18.666
mp-aaabxgic,102.939
mp-aaabxgif,2.292
mp-aaabxgig,103.536
mp-aaabxgih,95.291
mp-aaabxgii,186.516
mp-aaabxgij,136.853
mp-aaabxgil,129.105
mp-aaabxgim,37.565
mp-aaabxgin,109.902
mp-aaabxgio,17.156
mp-aaabxgip,15.786
mp-aaabxgiq,23.742
mp-aaabxgir,32.13
mp-aaabxgis,125.357
mp-aaabxgit,119.671
mp-aaabxgiy,26.509
mp-aaabxgiz,-0.531
mp-aaabxgjb,36.417
mp-aaabxgjc,-102.485
mp-aaabxgjd,44.737
mp-aaabxgjf,69.742
mp-aaabxgjg,27.819
mp-aaabxgjh,2.379
mp-aaabxgji,21.097
mp-aaabxgjj,75.228
mp-aaabxgjk,20.954
mp-aaabxgjl,19.287
mp-aaabxgjn,38.964
mp-aaabxgjp,7.109
mp-aaabxgjq,30.249
mp-aaabxgjr,83.1
mp-aaabxgjt,110.684
mp-aaabxgju,15.633
mp-aaabxgjw,30.229
mp-aaabxgjx,77.429
mp-aaabxgjy,72.804
mp-aaabxgkf,22.913
mp-aaabxgkg,24.271
mp-aaabxgkh,27.721
mp-aaabxgko,110.157
mp-aaabxgks,20.884
mp-aaabxgku,40.862
mp-aaabxgkv,35.774
mp-aaabxgkw,123.56
mp-aaabxgkx,18.066
mp-aaabxgla,56.941
mp-aaabxgld,97.188
mp-aaabxgll,12.122
mp-aaabxglm,24.558
mp-aaabxglq,7.951
mp-aaabxglr,20.535
mp-aaabxglt,105.622
mp-aaabxglu,112.122
mp-aaabxglv,33.634
mp-aaabxglw,40.684
mp-aaabxglz,76.912
mp-aaabxgma,30.47
mp-aaabxgmc,37.98
mp-aaabxgmf,19.233
mp-aaabxgmi,42.364
mp-aaabxgmk,36.348
mp-aaabxgml,33.326
mp-aaabxgmm,9.799
mp-aaabxgmp,18.845
mp-aaabxgmq,-1.269
mp-aaabxgmr,60.379
mp-aaabxgmt,85.898
mp-aaabxgmx,88.656
mp-aaabxgnh,18.808
mp-aaabxgnm,1.24
mp-aaabxgnw,116.587
mp-aaabxgnx,40.076
mp-aaabxgoe,22.062
mp-aaabxgof,95.495
mp-aaabxgog,94.372
mp-aaabxgoi,105.768
mp-aaabxgoj,111.453
mp-aaabxgol,94.868
mp-aaabxgom,113.185
mp-aaabxgop,35.758
mp-aaabxgoq,22.834
mp-aaabxgor,17.587
mp-aaabxgos,-3.458
mp-aaabxgot,38.627
mp-aaabxgou,142.198
mp-aaabxgov,125.232
mp-aaabxgow,17.026
mp-aaabxgoz,85.424
mp-aaabxgpb,33.082
mp-aaabxgph,-17226801.471
mp-aaabxgpi,76.292
mp-aaabxgpj,3.057
mp-aaabxgpk,134.466
mp-aaabxgpl,129.794
mp-aaabxgqa,49.846
mp-aaabxgql,-66.294
mp-aaabxgqm,25.565
mp-aaabxgqo,-6.937
mp-aaabxgqq,66.646
mp-aaabxgqr,22.827
mp-aaabxgqs,7.09
mp-aaabxgqu,14.586
mp-aaabxgqv,118.676
mp-aaabxgrg,80.092
mp-aaabxgri,28.603
mp-aaabxgrj,13.98
mp-aaabxgrl,154.37
mp-aaabxgrn,30.808
mp-aaabxgrp,14.569
mp-aaabxgrq,9.986
mp-aaabxgrr,15.429
mp-aaabxgru,11.442
mp-aaabxgrv,48.354
mp-aaabxgrz,54.985
mp-aaabxgse,390.759
mp-aaabxgsf,27.507
mp-aaabxgsh,39.613
mp-aaabxgsi,9.818
mp-aaabxgsj,55.665
mp-aaabxgsl,38.75
mp-aaabxgsu,88.015
mp-aaabxgtf,88.172
mp-aaabxgtg,76.368
mp-aaabxgtl,176.796
mp-aaabxgtm,66.576
mp-aaabxgto,-22.8
mp-aaabxgtp,21.769
mp-aaabxgtq,8.103
mp-aaabxgtr,138.001
mp-aaabxgts,75.961
mp-aaabxgtt,30.034
mp-aaabxgtv,34.245
mp-aaabxgtw,53.675
mp-aaabxgtx,69.17
mp-aaabxgty,45.438
mp-aaabxgtz,36.046
mp-aaabxgua,26.674
mp-aaabxgub,-18.716
mp-aaabxgud,87.695
mp-aaabxgue,-141.098
mp-aaabxguf,81.324
mp-aaabxgug,31.195
mp-aaabxguh,83.939
mp-aaabxgui,-10122524553.472
mp-aaabxguj,97.116
mp-aaabxguk,119.069
mp-aaabxgul,16.211
mp-aaabxgum,10.941
mp-aaabxgun,17.094
mp-aaabxguo,18.79
mp-aaabxgup,24.769
mp-aaabxgvo,110.73
mp-aaabxgvp,28.281
mp-aaabxgvq,119.766
mp-aaabxgvt,33.64
mp-aaabxgvu,74.76
mp-aaabxgvv,42.41
mp-aaabxgwc,25.194
mp-aaabxgwd,17.435
mp-aaabxgwe,26.866
mp-aaabxgwf,66.692
mp-aaabxgwg,15.063
mp-aaabxgwh,20.338
mp-aaabxgwl,13.18
mp-aaabxgwo,27.199
mp-aaabxgwp,32.362
mp-aaabxgwq,45.895
mp-aaabxgwr,70.542
mp-aaabxgws,47.3
mp-aaabxgwt,4.542
mp-aaabxgwu,37.587
mp-aaabxgww,9.484
mp-aaabxgwx,2626291758.897
mp-aaabxgwy,99.119
mp-aaabxgwz,77.792
mp-aaabxgxa,73.802
mp-aaabxgxb,17.539
mp-aaabxgxg,43.403
mp-aaabxgxk,106.326
mp-aaabxgxp,26.476
mp-aaabxgxq,25.776
mp-aaabxgxr,74.202
mp-aaabxgxs,21.554
mp-aaabxgxt,19.316
mp-aaabxgxu,89.75
mp-aaabxgxv,51.02
mp-aaabxgxw,59.015
mp-aaabxgxx,132.598
mp-aaabxgxz,34.918
mp-aaabxgya,105.257
mp-aaabxgyd,2.197
mp-aaabxgye,28.619
mp-aaabxgyf,32.244
mp-aaabxgyi,37.415
mp-aaabxgyk,95.113
mp-aaabxgym,111.69
mp-aaabxgyo,25.303
mp-aaabxgyp,21.024
mp-aaabxgyq,29.381
mp-aaabxgyr,106.717
mp-aaabxgyu,5.343
mp-aaabxgyv,53.838
mp-aaabxgyw,48.221
mp-aaabxgyx,77.02
mp-aaabxgyy,72.828
mp-aaabxgyz,44.683
mp-aaabxgza,52.34
mp-aaabxgzb,65.713
mp-aaabxgzc,33.556
mp-aaabxgzd,127.917
mp-aaabxgze,26.713
mp-aaabxgzf,21.546
mp-aaabxgzg,32.676
mp-aaabxgzj,19.141
mp-aaabxgzk,9.884
mp-aaabxgzo,51.878
mp-aaabxgzr,18.108
mp-aaabxgzs,102.659
mp-aaabxgzv,17.573
mp-aaabxgzw,10.319
mp-aaabxhab,14.645
mp-aaabxhae,163.317
mp-aaabxhah,27.563
mp-aaabxhai,27.664
mp-aaabxhaj,29.73
mp-aaabxhak,124.518
mp-aaabxham,13.835
mp-aaabxhan,90.915
mp-aaabxhas,32.569
mp-aaabxhaw,21.802
mp-aaabxhax,14.378
mp-aaabxhba,28.97
mp-aaabxhbb,20.768
mp-aaabxhbc,8.57
mp-aaabxhbd,42.281
mp-aaabxhbe,26.755
mp-aaabxhbf,10.22
mp-aaabxhbh,127.182
mp-aaabxhbi,58.97
mp-aaabxhbj,29.126
mp-aaabxhbk,36.271
mp-aaabxhbl,29.843
mp-aaabxhbm,40.561
mp-aaabxhbn,15.34
mp-aaabxhbo,23.938
mp-aaabxhbp,28.411
mp-aaabxhbq,67.428
mp-aaabxhbr,15.978
mp-aaabxhbs,20.861
mp-aaabxhbt,125.212
mp-aaabxhbu,11.787
mp-aaabxhbv,1.721
mp-aaabxhbw,30.299
mp-aaabxhbx,25.723
mp-aaabxhby,13.126
mp-aaabxhbz,10.569
mp-aaabxhca,25.22
mp-aaabxhce,60.682
mp-aaabxhcg,25.27
mp-aaabxhch,26.267
mp-aaabxhck,21.003
mp-aaabxhcm,25.265
mp-aaabxhco,50.231
mp-aaabxhcq,27.888
mp-aaabxhcs,87.3
mp-aaabxhcx,110.178
mp-aaabxhcz,92.448
mp-aaabxhdd,64.205
mp-aaabxhdr,107.986
mp-aaabxhdw,18.975
mp-aaabxheb,27.213
mp-aaabxhec,106.888
mp-aaabxhed,22.984
mp-aaabxhee,-20.063
mp-aaabxheg,14.14
mp-aaabxheh,21.146
mp-aaabxhej,60.221
mp-aaabxhel,100.834
mp-aaabxhem,-32.898
mp-aaabxhen,26.257
mp-aaabxhep,183.204
mp-aaabxher,33.262
mp-aaabxhet,16.985
mp-aaabxheu,23.613
mp-aaabxhev,25.439
mp-aaabxhew,22.204
mp-aaabxhex,102.252
mp-aaabxhfa,97.486
mp-aaabxhfb,75.943
mp-aaabxhfc,84.695
mp-aaabxhfi,43.166
mp-aaabxhfr,15.688
mp-aaabxhfs,11.995
mp-aaabxhfv,20.378
mp-aaabxhfw,15.766
mp-aaabxhfx,84.188
mp-aaabxhga,66.781
mp-aaabxhgc,118.179
mp-aaabxhgd,99.772
mp-aaabxhge,73.942
mp-aaabxhgf,16.877
mp-aaabxhgi,29.296
mp-aaabxhgj,109.532
mp-aaabxhgn,87.342
mp-aaabxhgp,102.576
mp-aaabxhgq,23.164
mp-aaabxhgt,29.72
mp-aaabxhgu,18.578
mp-aaabxhgv,21.558
mp-aaabxhgw,92.605
mp-aaabxhha,88.091
mp-aaabxhhb,65.793
mp-aaabxhhc,18.4
mp-aaabxhhd,146.521
mp-aaabxhhe,85.752
mp-aaabxhhf,98.384
mp-aaabxhhi,30.036
mp-aaabxhhm,31.695
mp-aaabxhho,104.999
mp-aaabxhhp,-19.025
mp-aaabxhhq,121.444
mp-aaabxhhr,91.984
mp-aaabxhhs,44.976
mp-aaabxhht,-90.038
mp-aaabxhhu,23.614
mp-aaabxhhv,65.206
mp-aaabxhhw,32.475
mp-aaabxhhx,128.846
mp-aaabxhhy,13.385
mp-aaabxhhz,37.6
mp-aaabxhia,26.818
mp-aaabxhib,47.658
mp-aaabxhic,37.213
mp-aaabxhie,22.501
mp-aaabxhif,5.834
mp-aaabxhig,1099.271
mp-aaabxhih,20.128
mp-aaabxhii,26.726
mp-aaabxhij,46.33
mp-aaabxhik,17.763
mp-aaabxhil,20.71
mp-aaabxhim,23.405
mp-aaabxhin,24.979
mp-aaabxhio,29.333
mp-aaabxhip,28.708
mp-aaabxhiq,23.4
mp-aaabxhir,29.888
mp-aaabxhit,62.502
mp-aaabxhiv,2.402
mp-aaabxhiw,52.136
mp-aaabxhix,47.873
mp-aaabxhiy,51.879
mp-aaabxhiz,27.939
mp-aaabxhjb,33.395
mp-aaabxhjc,29.306
mp-aaabxhjd,26.277
mp-aaabxhje,20.86
mp-aaabxhjg,27.925
mp-aaabxhjj,16.405
mp-aaabxhjl,-52.441
mp-aaabxhjm,29.364
mp-aaabxhjn,17.216
mp-aaabxhjo,21.006
mp-aaabxhjv,20.582
mp-aaabxhjw,-7.11
mp-aaabxhjx,122.887
mp-aaabxhjy,2.266
mp-aaabxhkc,80.041
mp-aaabxhkd,107.6
mp-aaabxhke,26.537
mp-aaabxhkf,-3.802
mp-aaabxhkg,52.263
mp-aaabxhkh,27.182
mp-aaabxhki,63.503
mp-aaabxhkj,13.617
mp-aaabxhkl,27.763
mp-aaabxhkm,26.726
mp-aaabxhkn,28.384
mp-aaabxhml,15.863
mp-aaabxhmq,130.885
mp-aaabxhmr,66.736
mp-aaabxhms,19.546
mp-aaabxhmt,15.162
mp-aaabxhmu,57.185
mp-aaabxhmv,23.997
mp-aaabxhmx,4.678
mp-aaabxhnb,22.533
mp-aaabxhnc,15.865
mp-aaabxhne,48.571
mp-aaabxhnf,95.013
mp-aaabxhnr,28.1
mp-aaabxhnu,75.063
mp-aaabxhqd,127.259
mp-aaabxhqe,85.453
mp-aaabxhvu,17.604
mp-aaabxias,83.776
mp-aaabxihe,26.896
mp-aaabxihg,-39.079
mp-aaabxish,149.646
mp-aaabxisj,35.169
mp-aaabxisk,64.672
mp-aaabxiso,73.87
mp-aaabxisq,107.436
mp-aaabxisr,44.091
mp-aaabxiss,21.755
mp-aaabxist,19.867
mp-aaabxisu,107.903
mp-aaabxisv,30.073
mp-aaabxisx,94.516
mp-aaabxisz,97.729
mp-aaabxita,0.995
mp-aaabxitb,26.055
mp-aaabxitc,29.904
mp-aaabxite,21.549
mp-aaabxitf,25.367
mp-aaabxiti,-337.271
mp-aaabxitj,13.032
mp-aaabxitl,87.109
mp-aaabxitp,248.808
mp-aaabxitr,41.914
mp-aaabxits,17.74
mp-aaabxitt,34.678
mp-aaabxitu,92.83
mp-aaabxitv,2.7
mp-aaabxitw,55.025
mp-aaabxitx,22.989
mp-aaabxiue,62.044
mp-aaabxiuf,13.446
mp-aaabxiug,23.153
mp-aaabxiuh,21.856
mp-aaabxiui,16.546
mp-aaabxiul,16.759
mp-aaabxiup,14.441
mp-aaabxiur,23.267
mp-aaabxius,153.628
mp-aaabxiut,21.366
mp-aaabxiuu,8.433
mp-aaabxiuz,18.366
mp-aaabxiva,23.368
mp-aaabxivd,25.006
mp-aaabxive,30.325
mp-aaabxivi,25.752
mp-aaabxivj,79.491
mp-aaabxivl,22.668
mp-aaabxivn,21.025
mp-aaabxivp,20.738
mp-aaabxivr,60.942
mp-aaabxivs,22.13
mp-aaabxivt,-16.545
mp-aaabxivu,-39.18
mp-aaabxivw,22.869
mp-aaabxivy,6.8870000000000005
mp-aaabxiwc,23.689
mp-aaabxiwd,21.909
mp-aaabxiwg,12.698
mp-aaabxiwh,18.813
mp-aaabxiwi,239.966
mp-aaabxiwj,47.096
mp-aaabxiwk,58.373
mp-aaabxiwm,104.493
mp-aaabxiwn,22.66
mp-aaabxiwo,18.217
mp-aaabxiwr,85.541
mp-aaabxiws,26.111
mp-aaabxiwt,42.228
mp-aaabxiwu,21.903
mp-aaabxiwv,-0.091
mp-aaabxiww,16.087
mp-aaabxiwx,15.779
mp-aaabxiwz,8.094
mp-aaabxixd,40.989
mp-aaabxixe,25.823
mp-aaabxixf,32.546
mp-aaabxixl,16.817
mp-aaabxixm,46.4
mp-aaabxixn,45.33
mp-aaabxixp,11.582
mp-aaabxixq,44.485
mp-aaabxixs,15.364
mp-aaabxixt,139.325
mp-aaabxixu,26.455
mp-aaabxixv,31.667
mp-aaabxixw,35.747
mp-aaabxixx,40.679
mp-aaabxixy,12.155
mp-aaabxixz,20.303
mp-aaabxiyb,21.552
mp-aaabxiyc,50.885
mp-aaabxiyd,24.906
mp-aaabxiye,10.784
mp-aaabxiyg,92.758
mp-aaabxiyh,23.311
mp-aaabxiyi,203.733
mp-aaabxiyk,10.983
mp-aaabxiyl,31.91
mp-aaabxiyo,111.666
mp-aaabxiyp,125.949
mp-aaabxiyq,53.421
mp-aaabxiyr,67.75
mp-aaabxiys,113.398
mp-aaabxiyt,123.705
mp-aaabxiyv,36.114
mp-aaabxiyw,-28.842
mp-aaabxiyx,-96.494
mp-aaabxiyy,125.302
mp-aaabxiyz,178.077
mp-aaabxizd,33.159
mp-aaabxizf,20.793
mp-aaabxizg,21.49
mp-aaabxizi,39.055
mp-aaabxizk,92.754
mp-aaabxizl,117.437
mp-aaabxizw,107.484
mp-aaabxizy,18.751
mp-aaabxizz,99.781
mp-aaabxjaa,3.839
mp-aaabxjaf,37.47
mp-aaabxjaj,60.128
mp-aaabxjal,93.491
mp-aaabxjas,119.809
mp-aaabxjat,91.598
mp-aaabxjaw,89.022
mp-aaabxjbe,4.795
mp-aaabxjbi,22.258
mp-aaabxjbj,5.553
mp-aaabxjbl,157.989
mp-aaabxjbm,16.677
mp-aaabxjbn,80.316
mp-aaabxjbo,37.406
mp-aaabxjbp,21.635
mp-aaabxjbq,20.709
mp-aaabxjbr,149.971
mp-aaabxjbt,19.368
mp-aaabxjbw,192.283
mp-aaabxjbx,150.925
mp-aaabxjcb,20.109
mp-aaabxjce,-4.548
mp-aaabxjcm,19.287
mp-aaabxjek,17.124
mp-aaabxjhr,126.478
mp-aaabxjka,52.941
mp-aaabxjpd,11.558
mp-aaabxjql,64.272
mp-aaabxjqu,81.153
mp-aaabxjqy,80.239
mp-aaabxjrb,2.711
mp-aaabxjrd,192.924
mp-aaabxjrg,36.068
mp-aaabxjrl,59.335
mp-aaabxjrm,20.809
mp-aaabxjrs,-1364.215
mp-aaabxjrt,60.401
mp-aaabxjrv,40.955
mp-aaabxjrx,26.236
mp-aaabxjrz,83.722
mp-aaabxjsd,99.304
mp-aaabxjse,84.189
mp-aaabxjsk,108.258
mp-aaabxjsm,122.335
mp-aaabxjsq,159.736
mp-aaabxjss,46.495
mp-aaabxjst,66.322
mp-aaabxjsw,8.445
mp-aaabxjsx,24.891
mp-aaabxjsy,18.189
mp-aaabxjsz,17.588
mp-aaabxjta,53.734
mp-aaabxjtb,11.67
mp-aaabxjtd,20.928
mp-aaabxjtf,16.305
mp-aaabxjti,12.474
mp-aaabxjtk,4.832
mp-aaabxjtn,37.601
mp-aaabxjto,139.6
mp-aaabxjts,-37.156
mp-aaabxjtt,83.607
mp-aaabxjtu,-9004.23
mp-aaabxjty,26.307
mp-aaabxjua,69.434
mp-aaabxjub,80.647
mp-aaabxjug,23.595
mp-aaabxjuh,122.52
mp-aaabxjuj,103.767
mp-aaabxjuk,22.77
mp-aaabxjum,87.815
mp-aaabxjuo,70.882
mp-aaabxjus,116.994
mp-aaabxjut,3.618
mp-aaabxjuv,19.163
mp-aaabxjuw,62.195
mp-aaabxjuz,8.012
mp-aaabxjva,21.138
mp-aaabxjvd,18.27
mp-aaabxjvf,41.151
mp-aaabxjvh,21.373
mp-aaabxjvi,6.665
mp-aaabxjvj,31.012
mp-aaabxjvn,0.457
mp-aaabxjvo,25.511
mp-aaabxjvp,27.293
mp-aaabxjvq,43.821
mp-aaabxjvs,8.994
mp-aaabxjvt,35.568
mp-aaabxjvu,90.582
mp-aaabxjvw,19.196
mp-aaabxjvx,-11.833
mp-aaabxjvy,123.796
mp-aaabxjvz,21.074
mp-aaabxjwb,59.512
mp-aaabxjwc,7.809
mp-aaabxjwh,30.369
mp-aaabxjwo,30.872
mp-aaabxjwp,32.134
mp-aaabxjwq,28.575
mp-aaabxjwr,102.073
mp-aaabxjwt,24.382
mp-aaabxjwv,73.091
mp-aaabxjww,102.23
mp-aaabxjwy,94.027
mp-aaabxjxc,12.425
mp-aaabxjxd,50.956
mp-aaabxjxf,22.942
mp-aaabxjxi,-6.574
mp-aaabxjxj,87.694
mp-aaabxjxk,94.927
mp-aaabxjxl,66.761
mp-aaabxjxm,-88.01
mp-aaabxjxn,70.762
mp-aaabxjxo,47.77
mp-aaabxjxp,24.579
mp-aaabxjxq,82.681
mp-aaabxjxr,0.02
mp-aaabxjxs,30.879
mp-aaabxjxt,18.913
mp-aaabxjxu,-2.593
mp-aaacdtso,8.033
mp-aaacdtsw,33.632
mp-aaacdttq,9.43
mp-aaacdtua,21.5
mp-aaacdtuf,6.0
mp-aaacdtuj,20.684
mp-aaacdtuk,14.993
mp-aaacdtul,20.656
mp-aaacdtuo,12.55
mp-aaacdtup,15.253
mp-aaacdtus,29.049
mp-aaacdtut,19.241
mp-aaacdtuu,25.653
mp-aaacdtuy,20.256
mp-aaacdtvy,87.665
mp-aaacdtzr,6.437
mp-aaacdtzs,46.685
mp-aaacdtzt,64.14
mp-aaacdtzz,26.151
mp-aaacduaa,36.556
mp-aaacduad,110.247
mp-aaacduae,23.118
mp-aaacduag,53.361
mp-aaacduhk,28.405
mp-aaacduiv,17.74
mp-aaacdure,32.813
mp-aaacduru,35.136
mp-aaacdurv,6.47
mp-aaacdurx,13.058
mp-aaacdusb,47.005
mp-aaacduvd,108.03
mp-aaacduvo,44.624
mp-aaacdvbd,3.808
mp-aaacdvcm,-296.085
mp-aaacdvcn,70.473
mp-aaacdvco,21.693
mp-aaacdvcr,17.805
mp-aaacdvcs,8.285
mp-aaacdvct,16.275
mp-aaacdvit,54.665
mp-aaacdvmm,-27.196
mp-aaacdvmt,37.631
mp-aaacdvmv,-1.16
mp-aaacdvmw,4.946
mp-aaacdvna,16.656
mp-aaacdvnb,45.999
mp-aaacdvns,24.306
mp-aaacdvnt,26.475
mp-aaacdvnu,16.544
mp-aaacdvok,20.41
mp-aaacdvom,17.204
mp-aaacdvqt,5.404
mp-aaacdvqu,47.151
mp-aaacdvqv,2.471
mp-aaacdvrs,-18.479
mp-aaacdvsv,126.088
mp-aaacdvsw,-192.067
mp-aaacdvsx,43.398
mp-aaacdvsy,-60.02
mp-aaacdvtf,32.213
mp-aaacdvtg,44.097
mp-aaacdvti,6.768
mp-aaacdvtj,27.769
mp-aaacdvtn,1.311
mp-aaacdvto,85.493
mp-aaacdvtp,45.595
mp-aaacdvtq,20.16
mp-aaacdvtu,1.476
mp-aaacdvtv,7.568
mp-aaacdvtx,32.929
mp-aaacdvub,18.446
mp-aaacdvwk,28.309
mp-aaacdvze,12.754
mp-aaacdvzn,16889380351.058
mp-aaacdvzv,42.938
mp-aaacdvzw,14.644
mp-aaacdvzy,8.738
mp-aaacdwhn,17.254
mp-aaacdwhp,34.212
mp-aaacdwor,14.516
mp-aaacdwot,8.46
mp-aaacdwrk,30.051
mp-aaacdwro,-7.591
mp-aaacdwrp,19.655
mp-aaacdwrq,17.421
mp-aaacdwrv,22.827
mp-aaacdwrx,17.376
mp-aaacdwsu,65.445
mp-aaacdwtc,103.527
mp-aaacdwty,116.36
mp-aaacdwyt,7.949
mp-aaacdxar,48.968
mp-aaacdxas,-9.012
mp-aaacdxbh,18.15
mp-aaacdxfm,3.678
mp-aaacdxfx,23.089
mp-aaacdxgb,44.698
mp-aaacdxgd,20.8
mp-aaacdxge,20.63
mp-aaacdxgj,21.588
mp-aaacdxkx,48.755
mp-aaacdxmr,41.108
mp-aaacdxms,64.149
mp-aaacdxod,3.286
mp-aaacdxoe,28.229
mp-aaacdxov,19.899
mp-aaacdxpt,4.612
mp-aaacdxqu,3.082
mp-aaacdxqv,3.261
mp-aaacdxqw,61.853
mp-aaacdxqx,67.515
mp-aaacdxtc,14.109
mp-aaacdxtd,106.444
mp-aaacdxtm,131.508
mp-aaacdxtr,58.693
mp-aaacdxuy,24.629
mp-aaacdxuz,4.995
mp-aaacdxvf,64.213
mp-aaacdxvg,2.625
mp-aaacdxyr,35.164
mp-aaacdxys,81.996
mp-aaacdxyv,3.209
mp-aaacdxzh,3.548
mp-aaacdycs,34.74
mp-aaacdyct,16.251
mp-aaacdycz,9.445
mp-aaacdygd,17.81
mp-aaacdyil,33.178
mp-aaacdyio,32.116
mp-aaacdyjo,-74.316
mp-aaacdyjq,25.95
mp-aaacdymn,24.411
mp-aaacdymo,27.884
mp-aaacdymu,28.611
mp-aaacdymv,3.493999999999999
mp-aaacdyrm,92.953
mp-aaacdyrn,-60.945
mp-aaacdysq,0.904
mp-aaacdyto,-19.55
mp-aaacdyub,26.433
mp-aaacdyud,17.988
mp-aaacdyue,21.872
mp-aaacdyug,6.555
mp-aaacdyvj,45.497
mp-aaacdywv,38.201
mp-aaacdyxh,6.122
mp-aaacdyyl,30.875
mp-aaacdyzb,33.306
mp-aaacdyzc,19.866
mp-aaacdyzk,78.314
mp-aaacdyzl,49.34
mp-aaacdyzm,8.029
mp-aaacdyzn,13.541
mp-aaacdzad,33.579
mp-aaacdzae,10.322
mp-aaacdzaf,33.527
mp-aaacdzag,16.682
mp-aaacdzah,13.482
mp-aaacdzak,99.945
mp-aaacdzao,6.133
mp-aaacdzaw,-20.126
mp-aaacdzax,34.846
mp-aaacdzay,18.755
mp-aaacdzbb,37.671
mp-aaacdzmq,35.198
mp-aaacdzsc,26.673
mp-aaacdzsd,-7.617
mp-aaacdzue,34.691
mp-aaacdzzk,10.838
mp-aaaceadr,20.565
mp-aaaceads,111.008
mp-aaaceadx,33.016
mp-aaaceady,-0.8150000000000001
mp-aaaceakh,4.65
mp-aaacealc,36.14
mp-aaacealj,7.739
mp-aaaceall,59.98
mp-aaacealm,44.295
mp-aaaceaoh,27.597
mp-aaaceaoi,59.159
mp-aaacearb,5.229
mp-aaaceare,30.59
mp-aaacearh,33.566
mp-aaacearn,72.044
mp-aaacearo,124.341
mp-aaacearq,14.032
mp-aaacearu,126.051
mp-aaacearv,38.839
mp-aaacearx,99.193
mp-aaaceary,-6.455
mp-aaacease,92.848
mp-aaaceasf,49.114
mp-aaaceasu,8.383
mp-aaaceate,24.832
mp-aaaceatp,-3.088
mp-aaaceatr,21.948
mp-aaaceatw,19.568
mp-aaaceauj,17.525
mp-aaaceaup,24.297
mp-aaaceauu,24.562
mp-aaaceaxt,55.328
mp-aaaceaxw,37.382
mp-aaacebex,12.805
mp-aaacebni,34.219
mp-aaacebnk,46.944
mp-aaacebnl,15.369
mp-aaacebnm,17.741
mp-aaacebnn,10.842
mp-aaacebnp,11.284
mp-aaacebnr,15.796
mp-aaacebnz,80.813
mp-aaaceboa,33.362
mp-aaacebod,14.492
mp-aaaceboe,20.758
mp-aaacebog,14.427
mp-aaaceboh,18.276
mp-aaacebtm,16.069
mp-aaacebtn,33.396
mp-aaacebto,-832058.201
mp-aaacebtr,22.963
mp-aaacebty,17.546
mp-aaacebxv,20.343
mp-aaacebxy,14.982
mp-aaacebyw,5.364
mp-aaacebyx,50.081
mp-aaacebzb,11.673
mp-aaacebzc,6.232
mp-aaacebzd,38.236
mp-aaacebze,21.887
mp-aaacebzg,98.169
mp-aaacebzj,-11.852
mp-aaacebzk,-20.486
mp-aaacecgs,-0.758
mp-aaacechp,33.298
mp-aaacechq,59.777
mp-aaacecij,67.864
mp-aaacecim,19.836
mp-aaacecin,12.581
mp-aaacecip,12.019
mp-aaacedqq,22.587
mp-aaacegyd,20.016
mp-aaacehhw,18.433
mp-aaacehhx,18.536
mp-aaacehpk,15.863
mp-aaacehpv,17.548000000000002
mp-aaacehpy,11.569
mp-aaacehqa,13.77
mp-aaacehqb,8.914
mp-aaacehtw,30.306
mp-aaacehue,10.42
mp-aaacehuf,46.355
mp-aaacehug,9.454
mp-aaacehui,4.966
mp-aaacehuk,-2.248
mp-aaacehun,10.592
mp-aaacehup,19.293
mp-aaacehuq,55.095
mp-aaacehut,18.173
mp-aaacehuu,14.191
mp-aaacehuv,-18.145
mp-aaacehuw,42.097
mp-aaacehuy,-7.138
mp-aaacehuz,17.814
mp-aaacehvb,15.191
mp-aaacehvc,-12.71
mp-aaacehvd,11.015
mp-aaacehve,10.349
mp-aaacehvf,14.582
mp-aaacehvg,28.342
mp-aaacehvh,17.354
mp-aaacehvi,11.356
mp-aaacehvk,0.447
mp-aaacehvl,9.127
mp-aaacehvo,17.791
mp-aaacehvq,229.284
mp-aaacehvr,13.628
mp-aaacehvt,15.57
mp-aaacehvu,49.111
mp-aaacehvv,-2.132
mp-aaacehwa,10.145
mp-aaacehwb,18.37
mp-aaacehwc,8.613
mp-aaacehwd,8.845
mp-aaacehwe,92.446
mp-aaacehwg,10.4
mp-aaacehwi,12.854
mp-aaacehwk,11.223
mp-aaacehwn,8.094
mp-aaacehwp,15.28
mp-aaacehwq,35.462
mp-aaacehws,20.572
mp-aaacehwt,10.376
mp-aaacehwu,17.281
mp-aaacehwx,10.025
mp-aaacehwz,13.579
mp-aaacehxa,22.858
mp-aaacehxb,-4.917
mp-aaacehxe,37.923
mp-aaacehxg,29.733
mp-aaacehxt,9.87
mp-aaacehxw,10.352
mp-aaacehxx,69.624
mp-aaacehyb,62.581
mp-aaacehyx,46.526
mp-aaacehze,15.331
mp-aaacehzg,4.943
mp-aaacehzn,8.671
mp-aaaceibf,65.761
mp-aaaceipw,160.992
mp-aaaceiqe,6.628
mp-aaacejdm,44.35
mp-aaacejdw,50.952
mp-aaacekzk,19.727
mp-aaaceqby,13.306
mp-aaaceqcx,0.906
mp-aaaceqef,2.614
mp-aaaceqeu,-25.276
mp-aaaceqev,2.536
mp-aaacerpx,134.763
mp-aaacerpy,112.681
mp-aaacestw,103.364
mp-aaacestx,-0.23
mp-aaacesua,4.623
mp-aaacesuk,33.467
mp-aaacesuq,8.52
mp-aaacesur,17.227
mp-aaacesuu,32.744
mp-aaacesuv,19.323
mp-aaacesvb,28.501
mp-aaacesvd,14.739
mp-aaacesvf,14.729
mp-aaacesvj,27.745
mp-aaacesvk,45.731
mp-aaacesvl,18.483
mp-aaacesvn,17.878
mp-aaacesvr,43.139
mp-aaacesvs,6.182
mp-aaacesvu,44.442
mp-aaacesvw,27.457
mp-aaaceswi,51.187
mp-aaaceswj,39.248
mp-aaaceswk,34.632
mp-aaaceswn,25.176
mp-aaaceswo,19.118
mp-aaaceswq,35.461
mp-aaacesxc,10.8
mp-aaacesxd,17.253
mp-aaacesxf,7.771
mp-aaacesxi,49.532
mp-aaacesxj,63.634
mp-aaacesxm,34.529
mp-aaacesxp,28.905
mp-aaacesxt,22.051
mp-aaacesxu,9.227
mp-aaacesyd,-44.775
mp-aaacesyg,19.29
mp-aaacesyh,21.79
mp-aaaceszi,20.275
mp-aaaceszk,18.339
mp-aaaceszl,31.012
mp-aaaceszm,33.996
mp-aaaceszu,32.871
mp-aaaceszy,21.439
mp-aaacetaa,41.425
mp-aaacetai,10.684
mp-aaacetsb,3.592
mp-aaacetsw,99.276
mp-aaacettw,2.787
mp-aaacettx,212.354
mp-aaacetty,83.541
mp-aaacetuk,44.222
mp-aaaceuoh,17.428
mp-aaaceuqe,13.156
mp-aaaceuul,17.108
mp-aaaceuyo,21.339
mp-aaaceuys,60.572
mp-aaacevdw,102.329
mp-aaacevps,48.263
mp-aaacevpt,-20.315
mp-aaacevpy,470.461
mp-aaacevqp,19.966
mp-aaacevqw,19.372
mp-aaacevqz,64.499
mp-aaacevra,15.041
mp-aaacevrc,-37.686
mp-aaacevrd,-17.473
mp-aaacevrf,-18.825
mp-aaacevrg,34.576
mp-aaacevrh,-222.387
mp-aaacevrj,68.67
mp-aaacevro,80.583
mp-aaacevrt,5.756
mp-aaacevtb,100.073
mp-aaacevtd,105.968
mp-aaacevts,113.059
mp-aaacevtt,130.828
mp-aaacevtw,-85.271
mp-aaacevtx,-196.311
mp-aaacevty,27.731
mp-aaacevtz,90.291
mp-aaacevub,68.732
mp-aaacevuc,52.824
mp-aaacevui,126.046
mp-aaacevuj,65.989
mp-aaacevuk,37.386
mp-aaacevuo,42.805
mp-aaacevup,38.711
mp-aaacevuq,29.881
mp-aaacevve,178.915
mp-aaacevwd,33.17
mp-aaacevwx,43.594
mp-aaacevxc,56.463
mp-aaacevxd,45.216
mp-aaacevxe,52.933
mp-aaacevxk,54.714
mp-aaacevxr,49.069
mp-aaacevxs,34.101
mp-aaacevxt,12.007
mp-aaacevxw,14.141
mp-aaacevya,43.517
mp-aaacevyd,42.04
mp-aaacevyh,-234.481
mp-aaacevyk,108.369
mp-aaacevym,93.646
mp-aaacevyu,49.611
mp-aaacevzp,144.403
mp-aaacevzq,42.622
mp-aaacevzs,189.179
mp-aaacevzt,17.502
mp-aaacevzv,18.099
mp-aaacevzw,28.181
mp-aaacevzy,27.446
mp-aaacevzz,23.515
mp-aaacewac,27.534
mp-aaacewae,16.803
mp-aaacewaf,71.407
mp-aaacewah,706.409
mp-aaacewal,12.666
mp-aaacewar,23.373
mp-aaacewch,-10.015
mp-aaacewci,31.581
mp-aaacewcj,0.719
mp-aaacewck,90.299
mp-aaacewcm,85.469
mp-aaacewcr,2.583
mp-aaacewcs,192.421
mp-aaacewcu,46.823
mp-aaacewcv,13.769
mp-aaacewcy,67.287
mp-aaacewdb,23.849
mp-aaacewer,13.991
mp-aaacewez,46.178
mp-aaacewfa,32.765
mp-aaacewfb,160.065
mp-aaacewff,88.779
mp-aaacewfg,153.168
mp-aaacewfi,212.91
mp-aaacewfl,14.469
mp-aaacewfq,10.939
mp-aaacewgd,68.759
mp-aaacewgk,38.555
mp-aaacewgl,19.436
mp-aaacewgm,50.419
mp-aaacewgo,46.576
mp-aaacewgt,-14.759
mp-aaacewgx,170.722
mp-aaacewgy,95.289
mp-aaacewhh,197.237
mp-aaacewhi,36.741
mp-aaacewia,25.201
mp-aaacewit,53.216
mp-aaacewiv,165.167
mp-aaacewjo,109.899
mp-aaacewjp,151.933
mp-aaacewjq,-347.196
mp-aaacewka,97.351
mp-aaacewkb,78.6
mp-aaacewkc,84.137
mp-aaacewkh,75.731
mp-aaacewki,66.041
mp-aaacewlx,31.409
mp-aaacewlz,23.16
mp-aaacewmb,54.324
mp-aaacewmk,21.517
mp-aaacewmp,25.836
mp-aaacewmu,31.329
mp-aaacewnd,-83.941
mp-aaacewne,24.811
mp-aaacewnh,53.439
mp-aaacewni,24.123
mp-aaacewns,17.122
mp-aaacewnt,21.899
mp-aaacewny,27.774
mp-aaacewod,6.252
mp-aaacewoe,13.547
mp-aaacewog,243.147
mp-aaacewok,137.971
mp-aaacewol,59.475
mp-aaacewoq,22.904
mp-aaacewoy,80.838
mp-aaacewpw,13.695
mp-aaacewpy,93.423
mp-aaacewqb,115.101
mp-aaacewqf,226.611
mp-aaacewqg,54.829
mp-aaacewqo,89.79
mp-aaacewrg,121.126
mp-aaaceyum,32.261
mp-aaaceyut,20.211
mp-aaaceyux,44.943
mp-aaacezqj,115.671
mp-aaacezre,123.5
mp-aaacezro,67.15
mp-aaacezyd,26.474
mp-aaacezye,39.777
mp-aaacezyf,-4.917
mp-aaacezyg,32.783
mp-aaacezyi,52.095
mp-aaacezyj,72.735
mp-aaacezyk,18.166
mp-aaacezzs,-669.869
mp-aaacezzu,35.297
mp-aaacezzv,82.577
mp-aaacezzw,-237.613
mp-aaacezzz,22.505
mp-aaacfaab,14.188
mp-aaacfaac,72.753
mp-aaacfaad,45.849
mp-aaacfaaf,1.864
mp-aaacfaal,-100.125
mp-aaacfadd,-22.097
mp-aaacfade,24.121
mp-aaacfadg,85.489
mp-aaacfadi,-122.043
mp-aaacfajd,11.883
mp-aaacfajp,8.011
mp-aaacfajr,5.533
mp-aaacfakn,228.608
mp-aaacfakr,-11.6
mp-aaacfakw,-40.376
mp-aaacfakz,116.329
mp-aaacfale,56.564
mp-aaacfalg,30.036
mp-aaacfals,14.169
mp-aaacfamv,96.772
mp-aaacfanl,-45.552
mp-aaacfanm,-8631.367
mp-aaacfann,131.046
mp-aaacfano,-11.97
mp-aaacfanr,38.743
mp-aaacfans,177.149
mp-aaacfaok,221.298
mp-aaacfaol,59.704
mp-aaacfaon,-301.974
mp-aaacfaoo,18.648
mp-aaacfaoz,43.134
mp-aaacfapa,48.73
mp-aaacfapb,-97.758
mp-aaacfapf,2.582
mp-aaacfapg,-10.477
mp-aaacfaph,-67.592
mp-aaacfapi,0.486
mp-aaacfdtx,16.36
mp-aaacfdzq,76.921
mp-aaacffsn,20.934
mp-aaacfggn,22.228
mp-aaacfgiq,4.933
mp-aaacfgjy,22.291
mp-aaacfgna,17.17
mp-aaacfhmc,29.993
mp-aaacfhme,59.35
mp-aaacfhmg,0.74
mp-aaacfhmh,-193.745
mp-aaacfhmi,-24.615
mp-aaacfhmk,40.563
mp-aaacfhml,29.038
mp-aaacfiph,13.115
mp-aaacfiqa,81.621
mp-aaacfiqb,85.143
mp-aaacfiqe,153.835
mp-aaacfiqh,17.83
mp-aaacfiqi,47.548
mp-aaacfiqk,17.384
mp-aaacfiri,33.801
mp-aaacfirj,55.584
mp-aaacfirl,105.077
mp-aaacfisw,57.804
mp-aaacfiua,45.231
mp-aaacfiub,163.378
mp-aaacfiuk,17.574
mp-aaacfiuq,24.306
mp-aaacfius,34.723
mp-aaacfiwh,308.988
mp-aaacfiwj,53.674
mp-aaacfiwl,173.186
mp-aaacfiwm,22.424
mp-aaacfixo,114.871
mp-aaacfixp,72.293
mp-aaacfixq,-10.601
mp-aaacfixr,95.457
mp-aaacfiyr,159.067
mp-aaacfizq,47.034
mp-aaacfizr,17.841
mp-aaacfizs,17.633
mp-aaacfjac,17.544
mp-aaacfjah,105.884
mp-aaacfjai,7.905
mp-aaacfjbt,29.914
mp-aaacfjcg,102.844
mp-aaacfjch,-28.368
mp-aaacfjcy,473.571
mp-aaacfjlv,6.014
mp-aaacfjlw,94.391
mp-aaacfjlx,-394.736
mp-aaacfjly,22.082
mp-aaacfjnu,146.065
mp-aaacfjnv,100.224
mp-aaacfjnx,76.573
mp-aaacfjny,82.757
mp-aaacfjnz,140.331
mp-aaacfjoa,149.373
mp-aaacfjoc,93.238
mp-aaacfjoe,1184416.805
mp-aaacfjof,60.631
mp-aaacfjqr,102.21
mp-aaacfjrq,215.557
mp-aaacfjrs,62.301
mp-aaacfjsk,1.254
mp-aaacfjsl,421.283
mp-aaacfjvk,-8.822
mp-aaacfjvv,19.068
mp-aaacfjvz,188.232
mp-aaacfjwa,25.074
mp-aaacfjwb,-18.177
mp-aaacfjwc,1.423
mp-aaacfjwd,-108.517
mp-aaacfjwk,-64.248
mp-aaacfjwm,28.172
mp-aaacfjws,37.37
mp-aaacfjxj,393.147
mp-aaacfjxk,23.739
mp-aaacfjxl,208.41
mp-aaacfjxm,226.252
mp-aaacfjxn,315.747
mp-aaacfjxo,141.361
mp-aaacfjxq,82.704
mp-aaacfjyo,67.277
mp-aaacfjyp,41.554
mp-aaacfjyq,110.883
mp-aaacfjyr,177.148
mp-aaacfjys,27.863
mp-aaacfjyt,162.369
mp-aaacfjyv,18.038
mp-aaacfjzc,49.525
mp-aaacfkaj,-15.414
mp-aaacfkas,29.649
mp-aaacfkaz,17.035
mp-aaacfkbh,155.666
mp-aaacfkbm,233.691
mp-aaacfkbn,40.65
mp-aaacfkbo,99.627
mp-aaacfkbq,12.694
mp-aaacfkbr,21.556
mp-aaacfkby,100.403
mp-aaacfkcj,18.99
mp-aaacfkcz,58.014
mp-aaacfkdh,83.386
mp-aaacfkdk,59.294
mp-aaacfkdl,-43.139
mp-aaacfkdm,32.196
mp-aaacfkds,17.188
mp-aaacfkdt,0.279
mp-aaacfkeg,0.8130000000000001
mp-aaacfkfe,-6.671
mp-aaacfkff,3.268
mp-aaacfkfg,-48.912
mp-aaacfkfl,-3.418
mp-aaacfkfm,-41.27
mp-aaacfkgf,-7.846999999999999
mp-aaacfkhc,19.779
mp-aaacfkhl,186.658
mp-aaacfkhm,30.655
mp-aaacfkhy,140.635
mp-aaacfkif,205.664
mp-aaacfkig,90.421
mp-aaacfkih,-425.525
mp-aaacfkij,-52.306
mp-aaacfkin,-39.964
mp-aaacfkiu,1.409
mp-aaacfkja,68.185
mp-aaacfkjj,194.292
mp-aaacfkki,25.033
mp-aaacfkko,20.866
mp-aaacfkku,57.648
mp-aaacfkkv,29.978
mp-aaacfkkw,49.122
mp-aaacfkky,13.263
mp-aaacfkld,50.585
mp-aaacfklx,-227745468488.47
mp-aaacfklz,16.306
mp-aaacfkmh,33.252
mp-aaacfkmi,-7.308
mp-aaacfkmo,45.938
mp-aaacfkmq,10.534
mp-aaacfkms,67.018
mp-aaacfkmu,-23.203
mp-aaacfkmv,71.498
mp-aaacfkmw,5.567
mp-aaacfkmy,15.025
mp-aaacfkmz,88.013
mp-aaacfknb,-24.455
mp-aaacfkoj,3.451
mp-aaacfkpe,-45.175
mp-aaacfkpf,42.404
mp-aaacfkpr,38.027
mp-aaacfkpx,-13.07
mp-aaacfkpy,3.251
mp-aaacfkqa,34.068
mp-aaacfkqb,-5.79
mp-aaacfkqg,46.923
mp-aaacfkqj,-23.878
mp-aaacfkql,84.859
mp-aaacfkqm,-446.931
mp-aaacfkro,64.93
mp-aaacfksr,87.064
mp-aaacfkss,71.779
mp-aaacfkst,29.155
mp-aaacfksx,27.179
mp-aaacfktb,57.845
mp-aaacfktc,52.074
mp-aaacfkup,-8.28
mp-aaacfkur,49.435
mp-aaacfkus,47.747
mp-aaacfkut,3.869
mp-aaacfkuv,103.431
mp-aaacfkuw,143.204
mp-aaacfkux,-5.992
mp-aaacfkxq,-47.099
mp-aaacfkxr,-7.389
mp-aaacfkxx,0.291
mp-aaacfkyb,29.705
mp-aaacfkyc,40.702
mp-aaacfkye,4.462
mp-aaacfkyf,18.325
mp-aaacfkyg,10.861
mp-aaacfkyh,26.894
mp-aaacfkyo,-65.261
mp-aaacfkyv,-76.883
mp-aaacfkyw,5.866
mp-aaacfkzw,70.076
mp-aaacflhi,63.06
mp-aaacflhj,7.781
mp-aaacflhv,199.167
mp-aaacflih,17.284
mp-aaacflij,140.253
mp-aaacflim,85.169
mp-aaacflio,-0.437
mp-aaacflir,-1.271
mp-aaacflit,-72.137
mp-aaacfliu,-52.905
mp-aaacfljc,37.354
mp-aaacflkf,47.559
mp-aaacflkj,-2.975
mp-aaacflkk,0.074
mp-aaacflkl,-146.499
mp-aaacflkm,3.847
mp-aaacflkq,4.376
mp-aaacflkr,88.72
mp-aaacflku,53.9
mp-aaacflmc,47.733
mp-aaacflmd,-46.109
mp-aaacflmm,54.599
mp-aaacflmn,48.166
mp-aaacflmq,11.955
mp-aaacfloh,24.783
mp-aaacfloi,-68.911
mp-aaacfloo,8.778
mp-aaacflos,0.902
mp-aaacflou,-13.62
mp-aaacflov,8.76
mp-aaacflox,165.657
mp-aaacfloz,39.226
mp-aaacflpf,4.703
mp-aaacflqk,-12.093
mp-aaacflql,104.665
mp-aaacflqm,21834442463.107
mp-aaacflrk,-69.602
mp-aaacflrv,151.217
mp-aaacflrx,24.717
mp-aaacflry,21.628
mp-aaacflrz,234.143
mp-aaacflsk,9.231
mp-aaacflsl,-20.376
mp-aaacflsm,-91.887
mp-aaacflso,45.635
mp-aaacflsq,-26.435
mp-aaacflsr,-24.339
mp-aaacflst,23.956
mp-aaacflsu,19.418
mp-aaacflsv,4.74
mp-aaacflte,2.212
mp-aaacflth,287.292
mp-aaacflti,51.935
mp-aaacfltz,44.583
mp-aaacflue,63.474
mp-aaacfluz,37.435
mp-aaacflva,-189.775
mp-aaacflve,291.21
mp-aaacflvf,24.1
mp-aaacflvg,84.771
mp-aaacflvi,99.677
mp-aaacflvj,52.725
mp-aaacflvn,-6.172
mp-aaacflvo,20.55
mp-aaacflvp,50.046
mp-aaacflvr,189.096
mp-aaacflvs,76.175
mp-aaacflvt,30.186
mp-aaacflvu,122.506
mp-aaacflvv,-12.909
mp-aaacflvw,66.386
mp-aaacflvx,-26.265
mp-aaacflvy,121.807
mp-aaacflwi,47.813
mp-aaacflxm,-145.02
mp-aaacflyc,37.043
mp-aaacfmex,113.281
mp-aaacfmhk,92.026
mp-aaacfnmv,22.136
mp-aaacfnpv,-17.86
mp-aaacfodb,48.227
mp-aaacfodc,7.114
mp-aaacfopj,5.71
mp-aaacfpwh,12.482
mp-aaacfpzs,97.13
mp-aaacfrhs,49.482
mp-aaacfrht,15.667
mp-aaacfrhu,13.814
mp-aaacfrhv,64.905
mp-aaacfrhw,21.825
mp-aaacfrhx,35.077
mp-aaacfrib,27.282
mp-aaacfrii,21.22
mp-aaacfrim,24.198
mp-aaacfrio,16.206
mp-aaacfrip,26.663
mp-aaacfriq,49.131
mp-aaacfrir,25.706
mp-aaacfris,27.881
mp-aaacfriv,21.339
mp-aaacfriw,39.817
mp-aaacfrix,39.085
mp-aaacfrja,27.051
mp-aaacfrjg,19.241
mp-aaacfrjy,11.131
mp-aaacfrka,11.101
mp-aaacfrkb,13.656
mp-aaacfrkd,12.053
mp-aaacfrke,22.585
mp-aaacfrmg,26.786
mp-aaacfrmh,21.813
mp-aaacfroo,12.171
mp-aaacfrop,12.547
mp-aaacfroq,13.792
mp-aaacfrou,7.688
mp-aaacfrow,6.834
mp-aaacfroy,10.005
mp-aaacfroz,8.855
mp-aaacfrpa,10.293
mp-aaacfrpc,9.183
mp-aaacfrpf,9.944
mp-aaacfrpt,15.74
mp-aaacfrpu,27.293
mp-aaacfrpw,9.982
mp-aaacfsaf,41.113
mp-aaacfsan,1.662
mp-aaacfseh,9.808
mp-aaacfsgm,7.34
mp-aaacfsie,-22.024
mp-aaacfsig,-167.297
mp-aaacfsil,47.206
mp-aaacfsit,95.909
mp-aaacfsiv,50.566
mp-aaacfsiw,51.57
mp-aaacfsix,58.908
mp-aaacfsjk,80.045
mp-aaacfsjm,84.523
mp-aaacfsjr,85.889
mp-aaacfsjs,92.143
mp-aaacfsjx,94.61
mp-aaacfskb,75.26
mp-aaacfske,21.11
mp-aaacfskf,88.758
mp-aaacfslr,139.586
mp-aaacfslv,130.486
mp-aaacfsme,-156.287
mp-aaacfsoj,21.194
mp-aaacfsrs,135.333
mp-aaacfsru,-9.986
mp-aaacftmf,385664.673
mp-aaacfvdc,55.654
mp-aaacfvgn,28.695
mp-aaacfvgq,25.811
mp-aaacfvki,25.678
mp-aaacfvlp,20.756
mp-aaacfvpy,19.932
mp-aaacfvwb,24.745
mp-aaacfvxy,-8195.169
mp-aaacfvyh,-39.161
mp-aaacfwel,55.645
mp-aaacfwem,69.68
mp-aaacfwen,121.468
mp-aaacfwep,103.37
mp-aaacfwer,77.756
mp-aaacfwes,16.076
mp-aaacfwet,100.868
mp-aaacfwev,43.417
mp-aaacfwex,40.37
mp-aaacfwfc,50.694
mp-aaacfwfd,52.382
mp-aaacfwfg,47.226
mp-aaacfwfh,52.316
mp-aaacfwfi,54.005
mp-aaacfwfj,12.192
mp-aaacfwfl,58.151
mp-aaacfwfm,75.558
mp-aaacfwfo,38.702
mp-aaacfwfq,54.001
mp-aaacfwfr,39.007
mp-aaacfwgl,42.062
mp-aaacfwgm,26.92
mp-aaacfwgn,93.423
mp-aaacfwgo,68.309
mp-aaacfwgq,107.427
mp-aaacfwgr,39.585
mp-aaacfwgt,103.61
mp-aaacfwgu,66.851
mp-aaacfwgv,64.191
mp-aaacfwgw,22.11
mp-aaacfwgx,45.061
mp-aaacfwgy,115.281
mp-aaacfwho,38.385
mp-aaacfwhq,53.821
mp-aaacfwhr,86.226
mp-aaacfwio,45.961
mp-aaacfwiq,135.037
mp-aaacfwis,76.932
mp-aaacfwlj,115.034
mp-aaacfwlk,66.663
mp-aaacfwzx,21.502
mp-aaacfxah,8.551
mp-aaacfxco,69.422
mp-aaacfxcp,64.611
mp-aaacfxex,18.132
mp-aaacfxey,18.299
mp-aaacfxez,54.062
mp-aaacfxfb,37.134
mp-aaacfxfe,171.341
mp-aaacfxff,76.451
mp-aaacfxfg,-14.874
mp-aaacfxfj,-0.022
mp-aaacfxft,154.123
mp-aaacfxfv,116.114
mp-aaacfxfw,215.041
mp-aaacfxfx,87.281
mp-aaacfxfy,20.132
mp-aaacfxge,28.439
mp-aaacfxgg,107.11
mp-aaacfxgh,76.147
mp-aaacfxgi,86.307
mp-aaacfxgk,124.34
mp-aaacfxgn,86.769
mp-aaacfxgo,65.771
mp-aaacfxgq,31.132
mp-aaacfxgs,69.531
mp-aaacfxgt,25.875
mp-aaacfxhb,-67.22
mp-aaacfxhe,96.824
mp-aaacfxhq,101.826
mp-aaacfxhs,-18.751
mp-aaacfxht,-118.099
mp-aaacfxhu,182.192
mp-aaacfxjm,48.995
mp-aaacfxjn,75.583
mp-aaacfxjp,26.812
mp-aaacfxjr,20.837
mp-aaacfxjs,44.265
mp-aaacfxxd,2.877
mp-aaacfxxh,28.597
mp-aaacfxxj,180.392
mp-aaacfxyf,36.356
mp-aaacfxyi,72.561
mp-aaacfxyl,33.046
mp-aaacfxyq,19.075
mp-aaacfxyt,27.863
mp-aaacfxyu,88.054
mp-aaacfxyv,32.479
mp-aaacfxyw,14.296
mp-aaacfxyx,255.479
mp-aaacfxyy,101.235
mp-aaacfxyz,45.499
mp-aaacfxza,39.69
mp-aaacfxzb,43.643
