mp-aaaaaaab,1.974
mp-aaaaaaac,166.982
mp-aaaaaaad,1.717
mp-aaaaaaae,30.908
mp-aaaaaaah,1.874
mp-aaaaaaai,365.046
mp-aaaaaaaj,39.59
mp-aaaaaaak,79.731
mp-aaaaaaal,31.388
mp-aaaaaaan,207.093
mp-aaaaaaao,4.123
mp-aaaaaaar,252.155
mp-aaaaaaas,38.449
mp-aaaaaaat,19.355
mp-aaaaaaau,125.076
mp-aaaaaaav,15.845
mp-aaaaaaax,173.808
mp-aaaaaaay,387.827
mp-aaaaaaaz,0.6920000000000001
mp-aaaaaaba,25.86
mp-aaaaaabb,82.344
mp-aaaaaabc,39.338
mp-aaaaaabe,151.394
mp-aaaaaabg,57.916
mp-aaaaaabh,310.062
mp-aaaaaabi,106.499
mp-aaaaaabk,50.651
mp-aaaaaabl,55.005
mp-aaaaaabm,32.216
mp-aaaaaabn,27.941
mp-aaaaaabp,88.4
mp-aaaaaabq,195.555
mp-aaaaaabs,147.81
mp-aaaaaabt,17.224
mp-aaaaaabu,112.944
mp-aaaaaabv,435.374
mp-aaaaaabw,115.976
mp-aaaaaabx,400.41
mp-aaaaaaby,194.527
mp-aaaaaabz,13.874
mp-aaaaaacb,98.196
mp-aaaaaacc,-1127.579
mp-aaaaaacd,46.694
mp-aaaaaace,8.259
mp-aaaaaacg,33305.958
mp-aaaaaack,96.151
mp-aaaaaacm,44.169
mp-aaaaaaco,435.156
mp-aaaaaacp,54.533
mp-aaaaaacq,35.412
mp-aaaaaacr,36.692
mp-aaaaaacs,2.79
mp-aaaaaact,15.868
mp-aaaaaacu,112.881
mp-aaaaaacv,111.049
mp-aaaaaacw,252.9
mp-aaaaaacx,172.05
mp-aaaaaacy,10.978
mp-aaaaaada,69.319
mp-aaaaaadb,85.872
mp-aaaaaadc,138.65
mp-aaaaaadd,134.195
mp-aaaaaade,26.378
mp-aaaaaadg,47.261
mp-aaaaaadh,35.245
mp-aaaaaadi,36.407
mp-aaaaaadj,120.019
mp-aaaaaadk,40.246
mp-aaaaaadm,233.652
mp-aaaaaadn,302.264
mp-aaaaaado,107.613
mp-aaaaaadq,41.91
mp-aaaaaadr,12.611
mp-aaaaaadt,32.21
mp-aaaaaadv,44.76
mp-aaaaaadw,99.012
mp-aaaaaadx,345.128
mp-aaaaaady,200.587
mp-aaaaaadz,108.287
mp-aaaaaaea,32.445
mp-aaaaaaeb,34.252
mp-aaaaaaee,141.249
mp-aaaaaaef,96.905
mp-aaaaaaeg,36.66
mp-aaaaaaeh,3.177
mp-aaaaaaei,41.717
mp-aaaaaaej,296.007
mp-aaaaaaek,34.9
mp-aaaaaaen,35.858
mp-aaaaaaeo,0.973
mp-aaaaaaep,73.384
mp-aaaaaaes,8.934
mp-aaaaaaet,33.844
mp-aaaaaaeu,87.692
mp-aaaaaaew,248.014
mp-aaaaaaex,7.808
mp-aaaaaaey,55.811
mp-aaaaaaez,262.529
mp-aaaaaafa,49.335
mp-aaaaaafb,93.831
mp-aaaaaafc,17.349
mp-aaaaaafd,56.475
mp-aaaaaafe,76.871
mp-aaaaaaff,13.87
mp-aaaaaafg,295.605
mp-aaaaaafh,53.667
mp-aaaaaafj,11.529
mp-aaaaaafk,49.645
mp-aaaaaafl,14.467
mp-aaaaaafm,50.024
mp-aaaaaafn,45.516
mp-aaaaaafo,43.126
mp-aaaaaafq,181.232
mp-aaaaaafr,4.152
mp-aaaaaaft,88.916
mp-aaaaaafu,168.195
mp-aaaaaafv,26.891
mp-aaaaaafx,36.448
mp-aaaaaaga,20.188
mp-aaaaaagb,20.688
mp-aaaaaagd,31.862
mp-aaaaaage,210.223
mp-aaaaaagf,333.205
mp-aaaaaagg,14.766
mp-aaaaaagj,88.815
mp-aaaaaagk,16.881
mp-aaaaaagm,86.24
mp-aaaaaagn,115.697
mp-aaaaaagp,217.129
mp-aaaaaagr,110.784
mp-aaaaaagw,72.139
mp-aaaaaagx,52.307
mp-aaaaaaha,41.237
mp-aaaaaahg,224.023
mp-aaaaaahh,203.638
mp-aaaaaahi,237.846
mp-aaaaaahj,106.896
mp-aaaaaahl,105.707
mp-aaaaaahn,174.749
mp-aaaaaaho,124.129
mp-aaaaaahv,114.446
mp-aaaaaahw,74.162
mp-aaaaaahy,77.519
mp-aaaaaaif,55.058
mp-aaaaaaig,180.261
mp-aaaaaaih,57.085
mp-aaaaaaii,167.269
mp-aaaaaaij,57.284
mp-aaaaaaik,130.35
mp-aaaaaail,219.328
mp-aaaaaaim,223.876
mp-aaaaaaip,32.439
mp-aaaaaaiq,28.304
mp-aaaaaais,145.937
mp-aaaaaait,104.928
mp-aaaaaaiv,209.808
mp-aaaaaaiw,94.068
mp-aaaaaaiy,112.175
mp-aaaaaaiz,171.463
mp-aaaaaajd,66.367
mp-aaaaaaje,131.6
mp-aaaaaajf,33.079
mp-aaaaaajh,95.332
mp-aaaaaaji,144.836
mp-aaaaaajm,102.198
mp-aaaaaajo,248.656
mp-aaaaaajp,117.671
mp-aaaaaajq,39.618
mp-aaaaaajr,330.533
mp-aaaaaajs,56.315
mp-aaaaaajt,-1116.369
mp-aaaaaajv,17.221
mp-aaaaaajw,121.33
mp-aaaaaajy,138.858
mp-aaaaaajz,224.498
mp-aaaaaaka,295.159
mp-aaaaaakf,323.564
mp-aaaaaakg,123.894
mp-aaaaaako,96.984
mp-aaaaaakq,119.456
mp-aaaaaakt,141.786
mp-aaaaaaku,147.937
mp-aaaaaakv,93.676
mp-aaaaaakw,109.445
mp-aaaaaaky,178.781
mp-aaaaaala,52.363
mp-aaaaaalc,131.19
mp-aaaaaalf,248.343
mp-aaaaaalg,195.129
mp-aaaaaalj,77.463
mp-aaaaaalo,158.564
mp-aaaaaalr,47.618
mp-aaaaaalt,198.715
mp-aaaaaalu,33.164
mp-aaaaaalw,163.668
mp-aaaaaalx,83.938
mp-aaaaaaly,171.119
mp-aaaaaama,674.209
mp-aaaaaamb,113.31
mp-aaaaaamc,85.628
mp-aaaaaamd,67.722
mp-aaaaaame,243.086
mp-aaaaaamf,140.398
mp-aaaaaamg,146.445
mp-aaaaaamh,48.346
mp-aaaaaamj,80.123
mp-aaaaaamk,23.073
mp-aaaaaaml,127.629
mp-aaaaaamq,117.807
mp-aaaaaamt,78.486
mp-aaaaaamv,163.391
mp-aaaaaamw,101.191
mp-aaaaaamx,47.617
mp-aaaaaamy,508.248
mp-aaaaaanb,-0.0
mp-aaaaaand,31.019
mp-aaaaaane,60.983
mp-aaaaaanf,133.177
mp-aaaaaang,180.219
mp-aaaaaanh,172.719
mp-aaaaaank,97.651
mp-aaaaaanl,52.419
mp-aaaaaanm,68.334
mp-aaaaaann,164.819
mp-aaaaaano,204.904
mp-aaaaaanp,68.793
mp-aaaaaanr,64.481
mp-aaaaaant,120.483
mp-aaaaaanx,111.715
mp-aaaaaany,126.928
mp-aaaaaanz,144.24
mp-aaaaaaoa,194.408
mp-aaaaaaob,158.697
mp-aaaaaaoe,2.982
mp-aaaaaaog,71.97
mp-aaaaaaoi,237.489
mp-aaaaaaok,259.702
mp-aaaaaaol,153.034
mp-aaaaaaom,56.073
mp-aaaaaaon,122.628
mp-aaaaaaoo,94.174
mp-aaaaaaop,50.145
mp-aaaaaaoq,56.264
mp-aaaaaaor,257.369
mp-aaaaaaou,57.463
mp-aaaaaaox,54.99
mp-aaaaaaoz,151.127
mp-aaaaaapa,184.247
mp-aaaaaapc,75.787
mp-aaaaaapf,102.705
mp-aaaaaaph,38.647
mp-aaaaaapi,73.646
mp-aaaaaapj,45.176
mp-aaaaaapk,72.11
mp-aaaaaapl,55.932
mp-aaaaaapm,54.996
mp-aaaaaapo,46.771
mp-aaaaaapq,35.041
mp-aaaaaaps,49.429
mp-aaaaaapt,26.857
mp-aaaaaapu,141.375
mp-aaaaaapx,118.372
mp-aaaaaapz,339.595
mp-aaaaaaqa,279.999
mp-aaaaaaqb,183.708
mp-aaaaaaqd,154.194
mp-aaaaaaqf,37648933315.642
mp-aaaaaaqg,92.273
mp-aaaaaaqh,152.76
mp-aaaaaaqj,153.466
mp-aaaaaaqk,132.749
mp-aaaaaaql,160.334
mp-aaaaaaqm,38.445
mp-aaaaaaqn,144.695
mp-aaaaaaqo,157.994
mp-aaaaaaqq,234.476
mp-aaaaaaqr,64.494
mp-aaaaaaqt,68.417
mp-aaaaaaqu,101.019
mp-aaaaaaqv,81.405
mp-aaaaaaqw,74.377
mp-aaaaaaqz,11.393
mp-aaaaaarb,65.801
mp-aaaaaard,-296.548
mp-aaaaaare,242.7
mp-aaaaaarg,248.591
mp-aaaaaarh,175.831
mp-aaaaaari,286.562
mp-aaaaaarj,160.149
mp-aaaaaark,108.351
mp-aaaaaarm,39.224
mp-aaaaaarp,-29481.903
mp-aaaaaarq,214.394
mp-aaaaaars,50.277
mp-aaaaaarv,29.839
mp-aaaaaarw,82.998
mp-aaaaaarz,147.036
mp-aaaaaasa,39.119
mp-aaaaaasc,202.915
mp-aaaaaasd,36.727
mp-aaaaaase,82.958
mp-aaaaaasf,13.739
mp-aaaaaasg,98.282
mp-aaaaaash,73.018
mp-aaaaaasj,71.852
mp-aaaaaasm,166.753
mp-aaaaaasn,198.156
mp-aaaaaasq,15.222
mp-aaaaaasr,173.5
mp-aaaaaass,113.025
mp-aaaaaast,137.01
mp-aaaaaasu,64.721
mp-aaaaaasv,108.621
mp-aaaaaasx,-3424208.89
mp-aaaaaasy,278.511
mp-aaaaaatb,68.978
mp-aaaaaatc,58.246
mp-aaaaaatg,23.348
mp-aaaaaath,24.691
mp-aaaaaatj,118.095
mp-aaaaaatk,79.551
mp-aaaaaatm,93.324
mp-aaaaaatn,202.978
mp-aaaaaatr,73.985
mp-aaaaaatu,110.274
mp-aaaaaatw,63.1
mp-aaaaaatx,184.701
mp-aaaaaatz,94.691
mp-aaaaaauc,138.201
mp-aaaaaaud,62.481
mp-aaaaaauf,22.823
mp-aaaaaauh,19.668
mp-aaaaaauo,246.599
mp-aaaaaaup,193.027
mp-aaaaaaus,34.318
mp-aaaaaaut,31.225
mp-aaaaaauu,125.32
mp-aaaaaauv,187.381
mp-aaaaaauw,27.259
mp-aaaaaauy,169.105
mp-aaaaaava,156.517
mp-aaaaaavc,228.632
mp-aaaaaavd,65.333
mp-aaaaaave,91.875
mp-aaaaaavf,42.631
mp-aaaaaavj,185.005
mp-aaaaaavk,139.087
mp-aaaaaavl,31.251
mp-aaaaaavn,124.541
mp-aaaaaavo,105.164
mp-aaaaaavq,105.593
mp-aaaaaavr,383.458
mp-aaaaaavs,97.958
mp-aaaaaavt,107.752
mp-aaaaaavw,89.181
mp-aaaaaavx,-2900.928
mp-aaaaaavy,58.456
mp-aaaaaavz,154.95
mp-aaaaaawa,51.061
mp-aaaaaawb,88.611
mp-aaaaaawc,213.632
mp-aaaaaawe,223.146
mp-aaaaaawg,82.611
mp-aaaaaawh,110.843
mp-aaaaaawi,120.478
mp-aaaaaawk,195.743
mp-aaaaaawl,195.215
mp-aaaaaawn,253.476
mp-aaaaaawr,83.099
mp-aaaaaaws,117.218
mp-aaaaaawu,215.387
mp-aaaaaaww,134.158
mp-aaaaaawz,151.359
mp-aaaaaaxc,44.634
mp-aaaaaaxd,75.919
mp-aaaaaaxe,16.944
mp-aaaaaaxf,125.633
mp-aaaaaaxh,11.82
mp-aaaaaaxi,100.456
mp-aaaaaaxj,219.851
mp-aaaaaaxk,142.93
mp-aaaaaaxm,61.789
mp-aaaaaaxp,106.336
mp-aaaaaaxr,41.771
mp-aaaaaaxt,41.116
mp-aaaaaaxz,143.364
mp-aaaaaayb,105.762
mp-aaaaaayd,76.476
mp-aaaaaaye,110.323
mp-aaaaaayh,251.478
mp-aaaaaayi,36.569
mp-aaaaaayj,56.392
mp-aaaaaayk,9.306
mp-aaaaaayl,185.005
mp-aaaaaayn,177.419
mp-aaaaaayo,52.276
mp-aaaaaayr,5.969
mp-aaaaaayt,188.295
mp-aaaaaayv,85.585
mp-aaaaaayw,47.806
mp-aaaaaayx,178.15
mp-aaaaaayy,28.189
mp-aaaaaayz,263.838
mp-aaaaaaza,142.084
mp-aaaaaazg,104.585
mp-aaaaaazh,47.078
mp-aaaaaazl,194.62
mp-aaaaaazm,118.982
mp-aaaaaazn,71.314
mp-aaaaaazp,11.592
mp-aaaaaazs,69.061
mp-aaaaaazt,86.769
mp-aaaaaazu,-285885.176
mp-aaaaaazw,53.116
mp-aaaaaazx,124.103
mp-aaaaaazy,109.965
mp-aaaaaazz,213.964
mp-aaaaabaa,46.695
mp-aaaaabad,145.923
mp-aaaaabag,46.136
mp-aaaaabap,23.839
mp-aaaaabaq,56.514
mp-aaaaabar,40.884
mp-aaaaabas,17.979
mp-aaaaabat,-469872441325.631
mp-aaaaabau,173.672
mp-aaaaabav,192.235
mp-aaaaabay,19.51
mp-aaaaabbe,31.037
mp-aaaaabbg,66.566
mp-aaaaabbi,80.277
mp-aaaaabbj,136586225.151
mp-aaaaabbk,70.25
mp-aaaaabbn,245.659
mp-aaaaabbp,168.858
mp-aaaaabbq,145.871
mp-aaaaabbs,6.828
mp-aaaaabbt,54.797
mp-aaaaabbv,-1945444.894
mp-aaaaabbx,234.909
mp-aaaaabby,17.612
mp-aaaaabca,50.698
mp-aaaaabcb,246.829
mp-aaaaabcc,175.121
mp-aaaaabcd,42.628
mp-aaaaabcf,37.861
mp-aaaaabci,39.519
mp-aaaaabck,72.555
mp-aaaaabcl,139.085
mp-aaaaabcn,224.899
mp-aaaaabco,130.928
mp-aaaaabcp,17.987
mp-aaaaabcq,88.424
mp-aaaaabcr,50.194
mp-aaaaabct,103.144
mp-aaaaabcv,145.3
mp-aaaaabcz,47.732
mp-aaaaabda,95.422
mp-aaaaabdb,98.829
mp-aaaaabdc,79.498
mp-aaaaabdd,34.809
mp-aaaaabdf,49.613
mp-aaaaabdg,125.468
mp-aaaaabdi,20.713
mp-aaaaabdj,147.434
mp-aaaaabdm,150.88
mp-aaaaabdn,43.833
mp-aaaaabdo,77.938
mp-aaaaabdr,122.529
mp-aaaaabds,89.456
mp-aaaaabdu,115.071
mp-aaaaabdv,77.6
mp-aaaaabdw,45.631
mp-aaaaabdy,219.035
mp-aaaaabec,53.053
mp-aaaaabeg,56.824
mp-aaaaabei,113.699
mp-aaaaabek,182.998
mp-aaaaaben,40.597
mp-aaaaabeo,43.579
mp-aaaaabep,52.319
mp-aaaaabeq,159.438
mp-aaaaaber,127.136
mp-aaaaabeu,175.007
mp-aaaaabev,290.754
mp-aaaaabex,-8181021.374
mp-aaaaabey,172.144
mp-aaaaabfa,46.23
mp-aaaaabfd,2404.871
mp-aaaaabfe,108.123
mp-aaaaabff,147.734
mp-aaaaabfh,104.136
mp-aaaaabfi,81.802
mp-aaaaabfl,46.269
mp-aaaaabfm,195.549
mp-aaaaabfn,188.948
mp-aaaaabfo,42.533
mp-aaaaabfr,351.113
mp-aaaaabft,252.231
mp-aaaaabfv,20.517
mp-aaaaabfw,209.083
mp-aaaaabfx,155.221
mp-aaaaabfy,171.704
mp-aaaaabga,94.522
mp-aaaaabgb,93.613
mp-aaaaabgc,176.864
mp-aaaaabge,57.624
mp-aaaaabgg,149.365
mp-aaaaabgh,186.748
mp-aaaaabgi,146.007
mp-aaaaabgj,72.65
mp-aaaaabgk,132.905
mp-aaaaabgm,67.434
mp-aaaaabgo,114.235
mp-aaaaabgs,142.02
mp-aaaaabgt,95.906
mp-aaaaabgv,151.736
mp-aaaaabgx,99.848
mp-aaaaabgy,171.933
mp-aaaaabha,83.144
mp-aaaaabhd,140.732
mp-aaaaabhe,58.747
mp-aaaaabhh,146.893
mp-aaaaabhj,59.501
mp-aaaaabhl,132.414
mp-aaaaabhm,19.737
mp-aaaaabhn,201.745
mp-aaaaabho,28.386
mp-aaaaabhp,190.816
mp-aaaaabhr,236.689
mp-aaaaabht,55.971
mp-aaaaabhv,50.175
mp-aaaaabhw,140.767
mp-aaaaabhx,54.061
mp-aaaaabhz,167.77
mp-aaaaabia,81.814
mp-aaaaabic,155.545
mp-aaaaabie,46.134
mp-aaaaabif,300.71
mp-aaaaabig,183.307
mp-aaaaabih,218.124
mp-aaaaabii,137.028
mp-aaaaabij,141.728
mp-aaaaabik,174.196
mp-aaaaabio,76.254
mp-aaaaabip,149.828
mp-aaaaabiq,138.031
mp-aaaaabis,20.356
mp-aaaaabit,180.27
mp-aaaaabiv,102.112
mp-aaaaabiz,7.518
mp-aaaaabja,296.238
mp-aaaaabjc,143.888
mp-aaaaabjf,56.99
mp-aaaaabjh,57.644
mp-aaaaabjj,65.126
mp-aaaaabjl,152.291
mp-aaaaabjm,227.99
mp-aaaaabjp,316.753
mp-aaaaabjr,87.682
mp-aaaaabjt,129885.288
mp-aaaaabju,135.366
mp-aaaaabjv,112.228
mp-aaaaabjw,73.065
mp-aaaaabjx,75.352
mp-aaaaabjy,26.903
mp-aaaaabka,60.904
mp-aaaaabkc,33.016
mp-aaaaabkh,147.145
mp-aaaaabki,190.335
mp-aaaaabkj,216.646
mp-aaaaabkk,179.692
mp-aaaaabkl,66.577
mp-aaaaabkm,53.63
mp-aaaaabkn,218.25
mp-aaaaabko,64.356
mp-aaaaabkp,144.079
mp-aaaaabkq,271.801
mp-aaaaabkr,118.284
mp-aaaaabks,141.127
mp-aaaaabku,141.244
mp-aaaaabkv,57.045
mp-aaaaabkx,61.963
mp-aaaaabky,303.426
mp-aaaaablb,212.032
mp-aaaaabld,160.306
mp-aaaaable,9.643
mp-aaaaablh,-524350.983
mp-aaaaablj,27.218
mp-aaaaablk,44.652
mp-aaaaabll,198.589
mp-aaaaabln,5.548
mp-aaaaablo,185.901
mp-aaaaablp,54.557
mp-aaaaablr,81.547
mp-aaaaabls,120.789
mp-aaaaablt,65.882
mp-aaaaablu,132.296
mp-aaaaablw,102.457
mp-aaaaablx,74.896
mp-aaaaably,35.292
mp-aaaaablz,116.179
mp-aaaaabma,234.569
mp-aaaaabmc,100.832
mp-aaaaabmd,375.17
mp-aaaaabme,37.61
mp-aaaaabmf,87.052
mp-aaaaabmg,85.85
mp-aaaaabmh,164.26
mp-aaaaabmi,281.2
mp-aaaaabmk,107.587
mp-aaaaabmm,28.286
mp-aaaaabmr,207.432
mp-aaaaabmt,60.478
mp-aaaaabmw,276.056
mp-aaaaabna,157.977
mp-aaaaabnd,132.953
mp-aaaaabnf,-233403.56
mp-aaaaabng,260.037
mp-aaaaabni,18.259
mp-aaaaabnk,7.822
mp-aaaaabnl,107.422
mp-aaaaabnn,215.169
mp-aaaaabno,49.227
mp-aaaaabnp,54.086
mp-aaaaabnq,576324.271
mp-aaaaabnr,53.093
mp-aaaaabns,248.908
mp-aaaaabnt,182.847
mp-aaaaabnx,181.498
mp-aaaaabny,91.482
mp-aaaaabnz,33.954
mp-aaaaaboc,151.342
mp-aaaaabod,143.701
mp-aaaaaboe,303.949
mp-aaaaabof,124.063
mp-aaaaabog,96.844
mp-aaaaaboh,70.981
mp-aaaaaboi,146.751
mp-aaaaabok,119.054
mp-aaaaabom,71.011
mp-aaaaabon,52.019
mp-aaaaabop,59.102
mp-aaaaaboq,141.499
mp-aaaaabor,131.24
mp-aaaaabos,94.029
mp-aaaaabot,48.816
mp-aaaaabov,-62438.385
mp-aaaaaboz,49.747
mp-aaaaabpa,92.405
mp-aaaaabpb,48.228
mp-aaaaabpc,53.369
mp-aaaaabpd,131.995
mp-aaaaabpe,44.379
mp-aaaaabph,31.367
mp-aaaaabpj,-186.307
mp-aaaaabpk,133.72
mp-aaaaabpl,283.343
mp-aaaaabpm,39.906
mp-aaaaabpp,97.046
mp-aaaaabpq,319.895
mp-aaaaabps,233.379
mp-aaaaabpt,491.593
mp-aaaaabpu,323.894
mp-aaaaabpv,48.468
mp-aaaaabpx,294.735
mp-aaaaabpy,78.571
mp-aaaaabqb,86.356
mp-aaaaabqe,87.161
mp-aaaaabqf,286.134
mp-aaaaabqh,137.06
mp-aaaaabqi,64.179
mp-aaaaabqj,79.857
mp-aaaaabqk,178.449
mp-aaaaabql,89.031
mp-aaaaabqm,33.855
mp-aaaaabqn,65.16
mp-aaaaabqq,303.164
mp-aaaaabqt,313.656
mp-aaaaabqv,329.552
mp-aaaaabqw,169.325
mp-aaaaabqx,2.293
mp-aaaaabra,191.4
mp-aaaaabrc,282.393
mp-aaaaabrd,173.828
mp-aaaaabrf,50.248
mp-aaaaabrg,63.27
mp-aaaaabrh,40.216
mp-aaaaabrj,156.601
mp-aaaaabrk,215.0
mp-aaaaabrl,166.725
mp-aaaaabro,127.369
mp-aaaaabrr,197.625
mp-aaaaabrs,22.238
mp-aaaaabru,69.649
mp-aaaaabrv,283.145
mp-aaaaabrw,101.881
mp-aaaaabrz,231.003
mp-aaaaabsb,254.22
mp-aaaaabsc,90.46
mp-aaaaabsd,170.755
mp-aaaaabsg,214.274
mp-aaaaabsi,228.591
mp-aaaaabsj,40.49
mp-aaaaabsm,44.793
mp-aaaaabsn,213.178
mp-aaaaabso,134.504
mp-aaaaabsp,123.018
mp-aaaaabst,123.142
mp-aaaaabsu,97.603
mp-aaaaabsx,4.638
mp-aaaaabsy,11.773
mp-aaaaabsz,86.854
mp-aaaaabta,13.762
mp-aaaaabtc,115.355
mp-aaaaabte,49.321
mp-aaaaabtg,63.35
mp-aaaaabtj,152.06
mp-aaaaabto,106.014
mp-aaaaabtp,251.212
mp-aaaaabtq,19.062
mp-aaaaabtr,203.203
mp-aaaaabtt,73.605
mp-aaaaabtu,56.491
mp-aaaaabty,139.891
mp-aaaaabud,41.356
mp-aaaaabue,-3006.379
mp-aaaaabuf,19.094
mp-aaaaabuh,195.566
mp-aaaaabum,82.064
mp-aaaaabun,71.996
mp-aaaaabuo,66.397
mp-aaaaabup,67.024
mp-aaaaabur,59.958
mp-aaaaabus,129.858
mp-aaaaabut,183.19
mp-aaaaabuu,123.582
mp-aaaaabux,35.919
mp-aaaaabuy,138.173
mp-aaaaabuz,184.157
mp-aaaaabva,194.579
mp-aaaaabvc,22.392
mp-aaaaabvh,66.947
mp-aaaaabvj,217.363
mp-aaaaabvk,265.997
mp-aaaaabvl,79.958
mp-aaaaabvm,189541.922
mp-aaaaabvn,227.385
mp-aaaaabvo,55.86
mp-aaaaabvr,98.2
mp-aaaaabvs,99.911
mp-aaaaabvx,24.67
mp-aaaaabvy,161.822
mp-aaaaabvz,117.399
mp-aaaaabwb,92.21
mp-aaaaabwc,58.376
mp-aaaaabwd,232.563
mp-aaaaabwe,118.38
mp-aaaaabwf,35.501
mp-aaaaabwi,74.229
mp-aaaaabwl,59.791
mp-aaaaabwm,106.301
mp-aaaaabwn,37.377
mp-aaaaabwp,200.183
mp-aaaaabwq,113.161
mp-aaaaabwr,151.45
mp-aaaaabws,23.909
mp-aaaaabwt,35.167
mp-aaaaabwv,90.438
mp-aaaaabwy,265.536
mp-aaaaabxa,165.111
mp-aaaaabxb,251.363
mp-aaaaabxe,127.293
mp-aaaaabxf,306.305
mp-aaaaabxg,65.928
mp-aaaaabxh,273.207
mp-aaaaabxi,306.705
mp-aaaaabxl,209.304
mp-aaaaabxr,55.358
mp-aaaaabxu,-3172.172
mp-aaaaabxw,174.535
mp-aaaaabxz,206.108
mp-aaaaabyb,9.762
mp-aaaaabyc,122.03
mp-aaaaabyg,85.595
mp-aaaaabyh,42.172
mp-aaaaabyp,74.305
mp-aaaaabyr,84.037
mp-aaaaabyt,88.453
mp-aaaaabyv,39.053
mp-aaaaabza,165.507
mp-aaaaabzb,37.564
mp-aaaaabzd,52.576
mp-aaaaabze,252.764
mp-aaaaabzf,55.449
mp-aaaaabzg,240.773
mp-aaaaabzi,59.24
mp-aaaaabzj,195.793
mp-aaaaabzk,155.722
mp-aaaaabzn,313.146
mp-aaaaabzo,27.869
mp-aaaaabzp,146.115
mp-aaaaabzq,68.281
mp-aaaaabzr,108.469
mp-aaaaabzt,52.775
mp-aaaaabzu,228.689
mp-aaaaabzv,108.466
mp-aaaaabzx,117.262
mp-aaaaacaa,247.481
mp-aaaaacae,87.651
mp-aaaaacaf,149.168
mp-aaaaacag,198.438
mp-aaaaacah,258.818
mp-aaaaacaj,105.86
mp-aaaaacam,76.598
mp-aaaaacap,54.228
mp-aaaaacaq,105.749
mp-aaaaacat,64.308
mp-aaaaacav,171.519
mp-aaaaacaz,94.521
mp-aaaaacba,40.769
mp-aaaaacbc,135.455
mp-aaaaacbf,66312915.443
mp-aaaaacbh,49.695
mp-aaaaacbj,161.804
mp-aaaaacbk,154.129
mp-aaaaacbn,78.406
mp-aaaaacbp,53.102
mp-aaaaacbq,22.839
mp-aaaaacbr,230.974
mp-aaaaacbt,11.617
mp-aaaaacbv,92.438
mp-aaaaacbw,222.256
mp-aaaaacbx,103.307
mp-aaaaacby,110.17
mp-aaaaacbz,76.96
mp-aaaaacca,89.162
mp-aaaaaccb,80.709
mp-aaaaaccc,46.537
mp-aaaaaccd,74.501
mp-aaaaacce,45.593
mp-aaaaaccf,189.888
mp-aaaaaccg,163.58
mp-aaaaacch,14.33
mp-aaaaacci,119.611
mp-aaaaaccj,187.136
mp-aaaaaccl,47.761
mp-aaaaaccm,33.398
mp-aaaaacco,199.381
mp-aaaaacct,117.335
mp-aaaaaccu,122.742
mp-aaaaaccv,198.812
mp-aaaaaccx,156.458
mp-aaaaaccz,-685.907
mp-aaaaacdb,203.381
mp-aaaaacdc,144.862
mp-aaaaacde,24.506
mp-aaaaacdh,35.162
mp-aaaaacdi,267.921
mp-aaaaacdj,203.794
mp-aaaaacdl,18.38
mp-aaaaacdo,35.875
mp-aaaaacdr,76.17
mp-aaaaacds,74.648
mp-aaaaacdv,205.078
mp-aaaaacdx,73.49
mp-aaaaacec,218.977
mp-aaaaaced,337.979
mp-aaaaaceh,174.499
mp-aaaaacep,100.33
mp-aaaaaceq,237.763
mp-aaaaacer,337.469
mp-aaaaaces,183.793
mp-aaaaaceu,99.417
mp-aaaaacev,31.472
mp-aaaaacex,162.017
mp-aaaaacez,42.065
mp-aaaaacfa,107.69
mp-aaaaacfb,221.514
mp-aaaaacfe,146.22
mp-aaaaacff,157.34
mp-aaaaacfi,127.118
mp-aaaaacfj,283.799
mp-aaaaacfn,202.819
mp-aaaaacfp,289.035
mp-aaaaacfq,-1128047.372
mp-aaaaacfs,41.171
mp-aaaaacft,199.949
mp-aaaaacfu,129.675
mp-aaaaacfx,43.263
mp-aaaaacgb,16.845
mp-aaaaacgf,291378.268
mp-aaaaacgg,210.847
mp-aaaaacgh,126.046
mp-aaaaacgk,171.204
mp-aaaaacgl,37.042
mp-aaaaacgn,107.671
mp-aaaaacgo,162.063
mp-aaaaacgp,126.441
mp-aaaaacgs,104.414
mp-aaaaacgt,84.123
mp-aaaaacgv,147.522
mp-aaaaacgz,41.606
mp-aaaaacha,93.243
mp-aaaaachb,85.829
mp-aaaaachf,94.136
mp-aaaaachg,55.065
mp-aaaaachh,74.87
mp-aaaaachi,163.074
mp-aaaaachj,110.087
mp-aaaaachl,201.402
mp-aaaaachm,41.005
mp-aaaaachn,120.17
mp-aaaaacho,37.078
mp-aaaaachp,169.757
mp-aaaaachq,82.769
mp-aaaaachr,87.362
mp-aaaaachs,295.211
mp-aaaaacht,149.455
mp-aaaaachv,171.734
mp-aaaaachx,57.636
mp-aaaaachy,80.634
mp-aaaaachz,110.105
mp-aaaaacia,54.332
mp-aaaaacib,80.122
mp-aaaaacic,117.752
mp-aaaaacid,53.572
mp-aaaaacif,235.389
mp-aaaaacig,92.119
mp-aaaaacih,154.083
mp-aaaaacij,200.504
mp-aaaaacik,88.23
mp-aaaaacil,111.571
mp-aaaaacim,14.135
mp-aaaaacin,82.369
mp-aaaaacip,58.177
mp-aaaaacis,216.564
mp-aaaaacit,120.452
mp-aaaaaciu,304.766
mp-aaaaaciv,9.944
mp-aaaaaciy,10923001.897
mp-aaaaaciz,208.895
mp-aaaaacja,58.638
mp-aaaaacjd,199.407
mp-aaaaacje,179.312
mp-aaaaacjf,159.382
mp-aaaaacjg,52.909
mp-aaaaacji,173.653
mp-aaaaacjj,135.559
mp-aaaaacjl,206.152
mp-aaaaacjm,24.781
mp-aaaaacjp,253.312
mp-aaaaacjq,6.09
mp-aaaaacjr,76.098
mp-aaaaacjs,213.174
mp-aaaaacju,176.852
mp-aaaaacjv,98.016
mp-aaaaacjw,82.284
mp-aaaaacjx,275.177
mp-aaaaacjy,96.236
mp-aaaaacki,219.443
mp-aaaaackl,99.884
mp-aaaaackp,98.313
mp-aaaaacks,105.27
mp-aaaaackw,18.747
mp-aaaaackx,40.716
mp-aaaaackz,296.64
mp-aaaaacla,47.886
mp-aaaaaclb,373.617
mp-aaaaaclc,60.21
mp-aaaaacld,73.845
mp-aaaaacle,418.89
mp-aaaaaclg,58.601
mp-aaaaacli,25.438
mp-aaaaaclk,98.031
mp-aaaaacll,193.206
mp-aaaaaclo,140.545
mp-aaaaaclq,-0.0
mp-aaaaaclr,239.465
mp-aaaaaclu,-59763.574
mp-aaaaaclv,194.385
mp-aaaaacly,65.345
mp-aaaaacma,194.62
mp-aaaaacmc,96.675
mp-aaaaacmd,208.679
mp-aaaaacme,68.738
mp-aaaaacmg,166.177
mp-aaaaacmh,56.612
mp-aaaaacmi,56.852
mp-aaaaacmk,71.671
mp-aaaaacmn,197.598
mp-aaaaacmr,44.031
mp-aaaaacms,117.987
mp-aaaaacmt,15.158
mp-aaaaacmu,114.545
mp-aaaaacmx,73.421
mp-aaaaacmy,79.218
mp-aaaaacmz,262.427
mp-aaaaacna,21.703
mp-aaaaacnc,144.365
mp-aaaaacnf,119.54
mp-aaaaacng,111.855
mp-aaaaacnh,163.153
mp-aaaaacni,32.734
mp-aaaaacnj,183.355
mp-aaaaacnk,194.648
mp-aaaaacnm,131.545
mp-aaaaacnn,32.884
mp-aaaaacno,52.499
mp-aaaaacnp,125.537
mp-aaaaacns,61.724
mp-aaaaafzv,17.002
mp-aaaaafzy,96.501
mp-aaaaagaa,144.156
mp-aaaaagai,105.433
mp-aaaaagaj,175.786
mp-aaaaagap,194.285
mp-aaaaagaq,143.09
mp-aaaaagar,152.954
mp-aaaaagat,79.598
mp-aaaaagau,141.89
mp-aaaaagax,100.358
mp-aaaaagaz,41.99
mp-aaaaagbb,65.78
mp-aaaaagbg,114.246
mp-aaaaagbi,143.283
mp-aaaaagbj,278.976
mp-aaaaagbo,185.363
mp-aaaaagbw,138.301
mp-aaaaagbx,113.63
mp-aaaaagby,68.945
mp-aaaaagcb,76.622
mp-aaaaagce,23.802
mp-aaaaagcj,78.037
mp-aaaaagcm,64.433
mp-aaaaagcq,69.862
mp-aaaaagcs,134.466
mp-aaaaagcx,154.927
mp-aaaaagde,24.861
mp-aaaaagdf,-617971.136
mp-aaaaagdi,83.912
mp-aaaaagdo,133.284
mp-aaaaagdq,43.915
mp-aaaaagds,40.307
mp-aaaaagdw,100.625
mp-aaaaagdx,31.616
mp-aaaaagdy,136.726
mp-aaaaaged,129.623
mp-aaaaagef,267.592
mp-aaaaagek,201.078
mp-aaaaagel,111.364
mp-aaaaageo,92.38
mp-aaaaagep,64.548
mp-aaaaager,155.661
mp-aaaaageu,96.958
mp-aaaaagev,132.588
mp-aaaaagew,77.616
mp-aaaaagfb,84.757
mp-aaaaagfd,39.048
mp-aaaaagfg,59.9
mp-aaaaagfi,77849.346
mp-aaaaagfj,108.431
mp-aaaaagfk,113.322
mp-aaaaagfm,76.581
mp-aaaaagfn,27.015
mp-aaaaagfo,149.784
mp-aaaaagfq,84.0
mp-aaaaagfu,117.844
mp-aaaaagfy,142.528
mp-aaaaaggc,128.894
mp-aaaaaggo,64.206
mp-aaaaaggp,46.423
mp-aaaaaggq,120.144
mp-aaaaaggr,81.818
mp-aaaaaggs,97.309
mp-aaaaaggv,22.579
mp-aaaaaggy,82.555
mp-aaaaagha,159.384
mp-aaaaaghf,154.842
mp-aaaaaghj,31.291
mp-aaaaaghk,164.762
mp-aaaaaghl,44.013
mp-aaaaaghm,130.983
mp-aaaaaghn,100.522
mp-aaaaagho,16.223
mp-aaaaaghp,292.334
mp-aaaaaghr,67.265
mp-aaaaaghv,73.576
mp-aaaaaghy,140.226
mp-aaaaagia,20.378
mp-aaaaagil,127.742
mp-aaaaagim,105.869
mp-aaaaagiq,148.134
mp-aaaaagit,117.105
mp-aaaaagix,106.729
mp-aaaaagiy,95.826
mp-aaaaagjb,115.228
mp-aaaaagjk,88.802
mp-aaaaagjm,111.919
mp-aaaaagjp,122.639
mp-aaaaagjs,74.255
mp-aaaaagka,45.823
mp-aaaaagkf,101.455
mp-aaaaagkg,144.516
mp-aaaaagkh,123.29
mp-aaaaagki,64.903
mp-aaaaagkz,162.522
mp-aaaaagla,109.845
mp-aaaaaglb,52.687
mp-aaaaaglm,38.486
mp-aaaaagln,184.267
mp-aaaaaglr,97.839
mp-aaaaaglu,-5741.84
mp-aaaaaglw,193.763
mp-aaaaagly,54.301
mp-aaaaaglz,124.8
mp-aaaaagma,83.274
mp-aaaaagmc,79.52
mp-aaaaagmg,78.118
mp-aaaaagmo,221.788
mp-aaaaagmp,156.971
mp-aaaaagmq,-27.163
mp-aaaaagmr,89.565
mp-aaaaagmt,145.804
mp-aaaaagmx,199.288
mp-aaaaagnb,71.319
mp-aaaaagnc,27.443
mp-aaaaagnl,15.595
mp-aaaaagnm,64.243
mp-aaaaagno,162.119
mp-aaaaagnq,121.247
mp-aaaaagnv,135.84
mp-aaaaagnz,130.639
mp-aaaaagob,126.822
mp-aaaaagoi,76.748
mp-aaaaagoj,92.549
mp-aaaaagol,22.91
mp-aaaaagon,166.749
mp-aaaaagos,143.373
mp-aaaaagot,126.482
mp-aaaaagov,79.246
mp-aaaaagpc,79.684
mp-aaaaagpg,36.683
mp-aaaaagpi,321.221
mp-aaaaagpm,149.607
mp-aaaaagpu,120.154
mp-aaaaagpw,46.586
mp-aaaaagpz,205.767
mp-aaaaagqa,316.049
mp-aaaaagqd,32.334
mp-aaaaagqg,82.686
mp-aaaaagqj,89.257
mp-aaaaagql,61.135
mp-aaaaagqm,88.019
mp-aaaaagqq,84.292
mp-aaaaagqu,218.693
mp-aaaaagqw,36.215
mp-aaaaagqx,19.903
mp-aaaaagrb,67.736
mp-aaaaagrc,173.675
mp-aaaaagrh,66.117
mp-aaaaagrk,89.71
mp-aaaaagrm,90.475
mp-aaaaagrq,100.75
mp-aaaaagrv,67.63
mp-aaaaagrw,103.38
mp-aaaaagsa,73.515
mp-aaaaagsf,28.688
mp-aaaaagsh,26.795
mp-aaaaagsj,61.337
mp-aaaaagsm,126.056
mp-aaaaagsr,58.273
mp-aaaaagsz,96.042
mp-aaaaagtb,163.199
mp-aaaaagtc,88.491
mp-aaaaagtg,45.0
mp-aaaaagtj,46.663
mp-aaaaagtl,116.197
mp-aaaaagtn,148.372
mp-aaaaagtv,149.043
mp-aaaaagtx,28.606
mp-aaaaagty,57.297
mp-aaaaaguh,189.708
mp-aaaaagui,20.152
mp-aaaaaguk,27.57
mp-aaaaaguo,162.924
mp-aaaaagur,235.077
mp-aaaaagut,243.627
mp-aaaaagvc,82.448
mp-aaaaagvg,23.365
mp-aaaaagvj,161.712
mp-aaaaagvk,188.455
mp-aaaaagvl,126.349
mp-aaaaagvy,71.259
mp-aaaaagvz,135.022
mp-aaaaagwa,34.808
mp-aaaaagwc,109.493
mp-aaaaagwf,108.371
mp-aaaaagwg,141.277
mp-aaaaagwi,135.234
mp-aaaaagwk,34.601
mp-aaaaagwp,105.183
mp-aaaaagwx,168.22
mp-aaaaagwy,151.048
mp-aaaaagwz,173.891
mp-aaaaagxc,123.771
mp-aaaaagxh,142.79
mp-aaaaagxi,104.243
mp-aaaaagxk,189.249
mp-aaaaagxm,74.415
mp-aaaaagxo,50.314
mp-aaaaagxs,38.774
mp-aaaaagxt,154.945
mp-aaaaagxu,16.052
mp-aaaaagxv,139.77
mp-aaaaagxy,142.503
mp-aaaaagyb,92.741
mp-aaaaagyl,47.972
mp-aaaaagym,114.571
mp-aaaaagyr,72.426
mp-aaaaagyt,127.767
mp-aaaaagzf,84.8
mp-aaaaagzo,211.027
mp-aaaaagzt,107.798
mp-aaaaagzw,59.424
mp-aaaaagzy,30.818
mp-aaaaagzz,45.281
mp-aaaaahaa,105.256
mp-aaaaahag,64.503
mp-aaaaahal,90.675
mp-aaaaaham,84.598
mp-aaaaahaq,124.843
mp-aaaaahav,142.634
mp-aaaaahay,40.984
mp-aaaaahaz,18.263
mp-aaaaahbf,84.953
mp-aaaaahbj,168.404
mp-aaaaahbk,94.667
mp-aaaaahbm,42.716
mp-aaaaahbn,134.483
mp-aaaaahbv,41.92
mp-aaaaahca,147.319
mp-aaaaahcb,108.295
mp-aaaaahce,129.08
mp-aaaaahcf,178.185
mp-aaaaahcj,141.952
mp-aaaaahco,166.256
mp-aaaaahcv,112.425
mp-aaaaahcz,35.968
mp-aaaaahdc,179.033
mp-aaaaahdd,181.822
mp-aaaaahdf,137.912
mp-aaaaahdh,96.912
mp-aaaaahdj,111.428
mp-aaaaahdk,202.03
mp-aaaaahdm,130.582
mp-aaaaahdn,47.04
mp-aaaaahdo,42.42
mp-aaaaahdq,120.874
mp-aaaaahds,153.406
mp-aaaaahdt,51.138
mp-aaaaahdz,82.111
mp-aaaaahea,43.87
mp-aaaaahee,55.594
mp-aaaaaheg,84.975
mp-aaaaahek,112.852
mp-aaaaaheq,85.507
mp-aaaaahes,65.782
mp-aaaaaheu,86.145
mp-aaaaahez,56.86
mp-aaaaahfc,40.739
mp-aaaaahfd,122.05
mp-aaaaahff,113.819
mp-aaaaahfn,142.698
mp-aaaaahfo,14.239
mp-aaaaahfq,103.022
mp-aaaaahft,122.991
mp-aaaaahfv,83.619
mp-aaaaahfz,103.462
mp-aaaaahga,87.368
mp-aaaaahgb,132.96
mp-aaaaahgf,137.648
mp-aaaaahgh,71.159
mp-aaaaahgi,140.382
mp-aaaaahgj,123.983
mp-aaaaahgl,40.225
mp-aaaaahgm,109.913
mp-aaaaahgn,62.66
mp-aaaaahgp,116.757
mp-aaaaahgq,130.298
mp-aaaaahgu,136.227
mp-aaaaahgv,96.085
mp-aaaaahgz,103.896
mp-aaaaahhg,123.385
mp-aaaaahhi,158.539
mp-aaaaahhk,95.907
mp-aaaaahhq,184.787
mp-aaaaahhu,176.285
mp-aaaaahhw,122.842
mp-aaaaahhy,244.868
mp-aaaaahhz,148.31
mp-aaaaahik,48.658
mp-aaaaahin,52.238
mp-aaaaahio,120.576
mp-aaaaahip,195.177
mp-aaaaahiv,42.323
mp-aaaaahiw,113.942
mp-aaaaahiy,96.369
mp-aaaaahjd,125.927
mp-aaaaahjg,89.584
mp-aaaaahjh,84.351
mp-aaaaahjm,156.701
mp-aaaaahjn,82.165
mp-aaaaahjq,175.916
mp-aaaaahjs,575743.57
mp-aaaaahjt,128.929
mp-aaaaahjw,8.873
mp-aaaaahjx,130.106
mp-aaaaahjy,169.635
mp-aaaaahjz,166.521
mp-aaaaahka,208.072
mp-aaaaahkf,118.661
mp-aaaaahkg,128.645
mp-aaaaahkh,111.275
mp-aaaaahki,29.141
mp-aaaaahku,76.805
mp-aaaaahkw,43.849
mp-aaaaahkx,130.046
mp-aaaaahlb,203.252
mp-aaaaahlc,94.151
mp-aaaaahle,156.818
mp-aaaaahlg,131.49
mp-aaaaahlh,165.501
mp-aaaaahlu,12.848
mp-aaaaahly,86.156
mp-aaaaahmc,37.858
mp-aaaaahme,26.207
mp-aaaaahmg,460831.513
mp-aaaaahml,30.501
mp-aaaaahmm,57.588
mp-aaaaahmo,49.061
mp-aaaaahmt,110.087
mp-aaaaahmv,172.073
mp-aaaaahmy,79.781
mp-aaaaahnc,23.964
mp-aaaaahnd,18.157
mp-aaaaahnf,177.226
mp-aaaaahng,143.03
mp-aaaaahnh,29.136
mp-aaaaahni,61.603
mp-aaaaahnu,57.172
mp-aaaaahoi,69.912
mp-aaaaahok,175.952
mp-aaaaahon,102.131
mp-aaaaahop,57.103
mp-aaaaahoq,120.671
mp-aaaaahpa,28.353
mp-aaaaahpc,137.829
mp-aaaaahpe,71.11
mp-aaaaahpf,69.627
mp-aaaaahph,133.147
mp-aaaaahpk,133.65
mp-aaaaahpn,155.789
mp-aaaaahpp,114.043
mp-aaaaahpt,37.641
mp-aaaaahpy,168.078
mp-aaaaahqb,195.157
mp-aaaaahqc,128.804
mp-aaaaahqd,33.377
mp-aaaaahqe,99.469
mp-aaaaahqg,166.911
mp-aaaaahqj,102.347
mp-aaaaahqk,17.312
mp-aaaaahql,83.371
mp-aaaaahqp,173.36
mp-aaaaahqr,168.505
mp-aaaaahqs,88.276
mp-aaaaahqt,101.792
mp-aaaaahqw,119.87
mp-aaaaahqz,112.156
mp-aaaaahrb,90.689
mp-aaaaahrc,127.098
mp-aaaaahrm,93.391
mp-aaaaahrq,53.372
mp-aaaaahrt,69.284
mp-aaaaahrx,249.809
mp-aaaaahsa,169.867
mp-aaaaahsn,57.007
mp-aaaaahsp,100.569
mp-aaaaahst,173.944
mp-aaaaahsv,172.038
mp-aaaaahsw,67.821
mp-aaaaahsx,184.501
mp-aaaaahtd,170.929
mp-aaaaahtm,71.436
mp-aaaaahtn,82.341
mp-aaaaahts,114.291
mp-aaaaahtt,40.24
mp-aaaaahtu,103.853
mp-aaaaahtz,66.517
mp-aaaaahuh,45.534
mp-aaaaahui,135.733
mp-aaaaahuq,99.35
mp-aaaaahuw,150.848
mp-aaaaahve,33.367
mp-aaaaahvg,149.59
mp-aaaaahvh,60.595
mp-aaaaahvk,147.103
mp-aaaaahvo,115.307
mp-aaaaahvy,183.909
mp-aaaaahwa,194.911
mp-aaaaahwb,66.107
mp-aaaaahwf,22.107
mp-aaaaahwj,203.405
mp-aaaaahwo,116.415
mp-aaaaahwt,191.964
mp-aaaaahww,110.853
mp-aaaaahwx,46.607
mp-aaaaahxj,14.558
mp-aaaaahxm,59.096
mp-aaaaahxq,121.177
mp-aaaaahxr,58.079
mp-aaaaahxs,103.452
mp-aaaaahxu,41.892
mp-aaaaahxx,213.346
mp-aaaaahyi,80.342
mp-aaaaahyn,214.536
mp-aaaaahyo,142.997
mp-aaaaahyq,19.246
mp-aaaaahyr,186.139
mp-aaaaahyv,137.531
mp-aaaaahyy,61.778
mp-aaaaahyz,153.594
mp-aaaaahza,159.405
mp-aaaaahzb,145.636
mp-aaaaahze,157.308
mp-aaaaahzf,133.321
mp-aaaaahzg,43.305
mp-aaaaahzj,156.143
mp-aaaaahzk,111.352
mp-aaaaahzm,90.315
mp-aaaaahzo,174.535
mp-aaaaahzr,145.871
mp-aaaaahzs,134.222
mp-aaaaahzz,179.963
mp-aaaaaiab,132.792
mp-aaaaaiac,197.382
mp-aaaaaiag,23.333
mp-aaaaaial,121.949
mp-aaaaaiap,114.758
mp-aaaaaiat,117.085
mp-aaaaaiav,170.188
mp-aaaaaiax,43.028
mp-aaaaaibc,200.083
mp-aaaaaibe,186.37
mp-aaaaaibj,161.142
mp-aaaaaibk,166.366
mp-aaaaaibm,73.939
mp-aaaaaibr,134.12
mp-aaaaaibs,113.036
mp-aaaaaibw,96.649
mp-aaaaaibz,71.289
mp-aaaaaicb,29.187
mp-aaaaaicn,50.491
mp-aaaaaicp,136.044
mp-aaaaaics,139.649
mp-aaaaaict,55.619
mp-aaaaaida,97.787
mp-aaaaaidd,138.592
mp-aaaaaidf,121.118
mp-aaaaaidg,79.915
mp-aaaaaidh,106.474
mp-aaaaaidj,84.084
mp-aaaaaidl,134.9
mp-aaaaaidm,63.206
mp-aaaaaidp,58.448
mp-aaaaaidr,154.87
mp-aaaaaids,51.872
mp-aaaaaidt,85.916
mp-aaaaaidw,141.173
mp-aaaaaieb,21.006
mp-aaaaaied,-236730.589
mp-aaaaaieg,49.331
mp-aaaaaieh,93.299
mp-aaaaaien,65.943
mp-aaaaaieo,117.558
mp-aaaaaieq,60.846
mp-aaaaaier,237.181
mp-aaaaaieu,127.094
mp-aaaaaifa,107.794
mp-aaaaaifc,147.126
mp-aaaaaifd,156.335
mp-aaaaaifg,182.023
mp-aaaaaifk,155.679
mp-aaaaaifl,65.619
mp-aaaaaifs,162.197
mp-aaaaaifu,21.527
mp-aaaaaiga,81.263
mp-aaaaaigc,68.887
mp-aaaaaign,129.851
mp-aaaaaigo,227.908
mp-aaaaaigz,77.447
mp-aaaaaiha,59.971
mp-aaaaaihb,187.564
mp-aaaaaihe,160.151
mp-aaaaaihh,93.804
mp-aaaaaihm,67.353
mp-aaaaaihp,90.121
mp-aaaaaihq,56.864
mp-aaaaaihv,90.551
mp-aaaaaihz,60.562
mp-aaaaaiic,103.919
mp-aaaaaiie,225.91
mp-aaaaaiif,44.381
mp-aaaaaiig,122.962
mp-aaaaaiij,48.044
mp-aaaaaiil,114.059
mp-aaaaaiiq,127.515
mp-aaaaaiis,125.408
mp-aaaaaiiv,92.231
mp-aaaaaiix,173.178
mp-aaaaaijk,140.631
mp-aaaaaijr,183.669
mp-aaaaaiju,151.877
mp-aaaaaijv,111.403
mp-aaaaaikc,-4729.5
mp-aaaaaikd,88.052
mp-aaaaaiki,110.879
mp-aaaaaiku,132.768
mp-aaaaaikw,162.616
mp-aaaaaiky,185.684
mp-aaaaaikz,60.393
mp-aaaaailf,43.612
mp-aaaaaili,68.849
mp-aaaaailm,17.329
mp-aaaaailq,41.009
mp-aaaaailu,210.234
mp-aaaaaima,159.103
mp-aaaaaimd,130.593
mp-aaaaaime,26.709
mp-aaaaaimj,71.171
mp-aaaaaimk,47.902
mp-aaaaaimn,92.34
mp-aaaaaimt,133.28
mp-aaaaaimz,40.643
mp-aaaaainc,160.645
mp-aaaaaind,52.11
mp-aaaaaing,175.73
mp-aaaaaink,62.703
mp-aaaaainl,205.713
mp-aaaaaino,98.364
mp-aaaaainu,51.385
mp-aaaaainv,132.418
mp-aaaaaiob,115.604
mp-aaaaaiof,97.867
mp-aaaaaiog,220.899
mp-aaaaaiok,62.691
mp-aaaaaiom,53.912
mp-aaaaaioo,-69.752
mp-aaaaaiop,86.243
mp-aaaaaioq,83.733
mp-aaaaaiow,168.278
mp-aaaaaiox,101.805
mp-aaaaaipa,158.937
mp-aaaaaipp,219.542
mp-aaaaaipv,116.144
mp-aaaaaipw,140.722
mp-aaaaaipx,82.882
mp-aaaaaiqd,176.478
mp-aaaaaiql,135.687
mp-aaaaaiqm,162.659
mp-aaaaaiqp,102.75
mp-aaaaaiqq,118.79
mp-aaaaaiqr,16.425
mp-aaaaaiqy,80.18
mp-aaaaairc,146.212
mp-aaaaaird,158.088
mp-aaaaairj,58.017
mp-aaaaairm,92.238
mp-aaaaairq,75.954
mp-aaaaairt,112.399
mp-aaaaaisc,71.15
mp-aaaaaisf,118.332
mp-aaaaaisn,193.302
mp-aaaaaisr,216.044
mp-aaaaaisy,48.085
mp-aaaaaitg,80.376
mp-aaaaaiti,52.044
mp-aaaaaitn,21.657
mp-aaaaaito,106.765
mp-aaaaaitq,180.029
mp-aaaaaits,55.853
mp-aaaaaitt,192.409
mp-aaaaaitw,189.894
mp-aaaaaiua,38.504
mp-aaaaaiub,30.046
mp-aaaaaiuf,139.365
mp-aaaaaiug,98.953
mp-aaaaaiuk,96.447
mp-aaaaaiuq,77.433
mp-aaaaaiuu,133.026
mp-aaaaaiux,155.95
mp-aaaaaivi,33.163
mp-aaaaaivn,141.018
mp-aaaaaivr,159.168
mp-aaaaaivw,120.084
mp-aaaaaivx,158.964
mp-aaaaaiwc,113.37
mp-aaaaaiwd,131.945
mp-aaaaaiwe,229.147
mp-aaaaaiwg,107.183
mp-aaaaaiwk,30.297
mp-aaaaaiwt,130.487
mp-aaaaaixc,153.627
mp-aaaaaixy,170.348
mp-aaaaaiza,41.223
mp-aaaaaizh,147.444
mp-aaaaaizp,158.13
mp-aaaaaizq,34.699
mp-aaaaaizx,81.257
mp-aaaaajae,79.381
mp-aaaaajai,174.217
mp-aaaaajak,86.507
mp-aaaaajan,66.385
mp-aaaaajao,170.408
mp-aaaaajap,92.293
mp-aaaaajas,185.091
mp-aaaaajaz,115.567
mp-aaaaajbm,120.71
mp-aaaaajbr,84.902
mp-aaaaajby,66.385
mp-aaaaajco,91.312
mp-aaaaajcq,151.657
mp-aaaaajdf,124.323
mp-aaaaajdm,123.273
mp-aaaaajdq,41.268
mp-aaaaajdr,36.141
mp-aaaaajeq,34.148
mp-aaaaajer,104.048
mp-aaaaajfj,174.721
mp-aaaaajfk,109.06
mp-aaaaajfo,82.829
mp-aaaaajgb,96.585
mp-aaaaajhe,84.792
mp-aaaaajim,144.046
mp-aaaaajjb,64.198
mp-aaaaajji,114.023
mp-aaaaajjk,52.503
mp-aaaaajjp,98.189
mp-aaaaajjw,132.634
mp-aaaaajkb,118.047
mp-aaaaajkj,167.246
mp-aaaaajks,138.501
mp-aaaaajlo,14.178
mp-aaaaajlv,77.843
mp-aaaaajmm,68.717
mp-aaaaajni,155.406
mp-aaaaajnu,63.864
mp-aaaaajol,88.959
mp-aaaaajou,115.481
mp-aaaaajoz,83.004
mp-aaaaajpa,127.395
mp-aaaaajps,129.55
mp-aaaaajpt,100.479
mp-aaaaajpu,46.261
mp-aaaaajpy,72.689
mp-aaaaajqe,73.809
mp-aaaaajql,15.519
mp-aaaaajqv,122.869
mp-aaaaajrr,10.516
mp-aaaaajsb,105.957
mp-aaaaajsi,17.575
mp-aaaaajsk,66.455
mp-aaaaajsm,86.466
mp-aaaaajti,45.766
mp-aaaaajtu,34.223
mp-aaaaajuc,170.189
mp-aaaaajuj,137.826
mp-aaaaajuu,127.515
mp-aaaaajuv,70.603
mp-aaaaajuy,27.837
mp-aaaaajvd,18.759
mp-aaaaajvq,157.954
mp-aaaaajvy,23.035
mp-aaaaajwf,108.915
mp-aaaaajwm,97.252
mp-aaaaajwn,75.339
mp-aaaaajwu,137.633
mp-aaaaajxe,39.509
mp-aaaaajxl,97.63
mp-aaaaajxy,79.378
mp-aaaaajyp,107.808
mp-aaaaajys,30.843
mp-aaaaajzf,123.932
mp-aaaaajzl,110.559
mp-aaaaajzu,154.321
mp-aaaaakae,95.182
mp-aaaaakag,102.013
mp-aaaaakam,84.663
mp-aaaaakat,102.385
mp-aaaaakav,8.598
mp-aaaaakbi,185.956
mp-aaaaakca,55.459
mp-aaaaakck,169.061
mp-aaaaakcm,89.399
mp-aaaaakdj,73.072
mp-aaaaaked,51.664
mp-aaaaakeg,49.645
mp-aaaaakep,73.578
mp-aaaaakeu,25.8
mp-aaaaakfr,38.382
mp-aaaaakfs,52.989
mp-aaaaakfw,62.221
mp-aaaaakfy,37.038
mp-aaaaakfz,140.541
mp-aaaaakga,173.961
mp-aaaaakgb,73.521
mp-aaaaakgd,81.571
mp-aaaaakgg,134.073
mp-aaaaakgk,110.532
mp-aaaaakgl,164.957
mp-aaaaakgo,33.568
mp-aaaaakgp,58.659
mp-aaaaakgr,137.8
mp-aaaaakgw,171.239
mp-aaaaakgx,165.802
mp-aaaaakgy,185.335
mp-aaaaakhd,12.474
mp-aaaaakhf,272.328
mp-aaaaakhi,27.116
mp-aaaaakhj,55.222
mp-aaaaakhk,56.432
mp-aaaaakhl,87.284
mp-aaaaakhm,48.889
mp-aaaaakhp,129.529
mp-aaaaakhr,16.259
mp-aaaaakhs,17.864
mp-aaaaakht,69.54
mp-aaaaakhu,63.365
mp-aaaaakhv,63.981
mp-aaaaakia,34.359
mp-aaaaakib,124.705
mp-aaaaakie,115.991
mp-aaaaakif,20.614
mp-aaaaakil,98.687
mp-aaaaakim,79.868
mp-aaaaakio,204.567
mp-aaaaakir,108.54
mp-aaaaakis,191.164
mp-aaaaakiu,272.864
mp-aaaaakjc,174.855
mp-aaaaakjd,32.089
mp-aaaaakjf,7.016
mp-aaaaakjg,29.797
mp-aaaaakji,104.141
mp-aaaaakjj,110.052
mp-aaaaakjm,173.24
mp-aaaaakjn,9.602
mp-aaaaakjx,129.459
mp-aaaaakkh,149.91
mp-aaaaakkm,206.978
mp-aaaaakks,22.474
mp-aaaaakkv,66.621
mp-aaaaaklc,186.365
mp-aaaaakls,147.56
mp-aaaaaklu,124.163
mp-aaaaaklv,49.416
mp-aaaaaklw,43.146
mp-aaaaakly,179.569
mp-aaaaakmb,43.796
mp-aaaaakmf,13.02
mp-aaaaakmh,139.562
mp-aaaaakmi,77.127
mp-aaaaakml,65.047
mp-aaaaakmo,16.048
mp-aaaaakmp,146.02
mp-aaaaakmq,260.465
mp-aaaaakmr,23.427
mp-aaaaakms,26.982
mp-aaaaakmu,145.819
mp-aaaaakmv,78.153
mp-aaaaaknb,214.904
mp-aaaaakng,47.44
mp-aaaaaknh,80.01
mp-aaaaakno,63.77
mp-aaaaaknq,41.472
mp-aaaaaknx,78.53
mp-aaaaakog,236.198
mp-aaaaakoh,58.128
mp-aaaaakoi,44.941
mp-aaaaakoq,213.563
mp-aaaaakos,384.511
mp-aaaaakot,118.683
mp-aaaaakoz,33.247
mp-aaaaakpj,54.494
mp-aaaaakpm,46.763
mp-aaaaakpn,40.344
mp-aaaaakps,127.592
mp-aaaaakpt,130.268
mp-aaaaakpu,69.175
mp-aaaaakpx,112.645
mp-aaaaakqk,105.597
mp-aaaaakql,164.644
mp-aaaaakqm,190.012
mp-aaaaakqn,149.85
mp-aaaaakqp,60.178
mp-aaaaakqq,72.039
mp-aaaaakrc,70.349
mp-aaaaakrr,34.893
mp-aaaaakrv,60.583
mp-aaaaakry,202.988
mp-aaaaaksb,244.031
mp-aaaaakse,20.095
mp-aaaaaksj,43.939
mp-aaaaaksl,53.714
mp-aaaaaksm,94.522
mp-aaaaaksp,108.005
mp-aaaaakst,88.31
mp-aaaaaksw,220.75
mp-aaaaaksx,133.322
mp-aaaaakti,51.454
mp-aaaaaktj,79.362
mp-aaaaaktv,52.121
mp-aaaaaktw,79.572
mp-aaaaakud,170.08
mp-aaaaakuf,176.825
mp-aaaaakui,139.478
mp-aaaaakur,18.663
mp-aaaaakus,92.396
mp-aaaaakuw,125.759
mp-aaaaakux,57.028
mp-aaaaakwh,57.994
mp-aaaaakwl,55.615
mp-aaaaakwr,83.444
mp-aaaaakws,67.911
mp-aaaaakwu,91.308
mp-aaaaakxb,44.723
mp-aaaaakxd,71.077
mp-aaaaakxf,53.367
mp-aaaaakxg,93.089
mp-aaaaakxh,86.085
mp-aaaaakxi,49.71
mp-aaaaakxk,66.917
mp-aaaaakxq,56.503
mp-aaaaakxr,103.322
mp-aaaaakxs,36.254
mp-aaaaakxt,31.429
mp-aaaaakxx,40.267
mp-aaaaakya,112.098
mp-aaaaakyd,23.276
mp-aaaaakyg,46.921
mp-aaaaakym,23.258
mp-aaaaakyq,39.291
mp-aaaaakyv,179.771
mp-aaaaakzk,25.11
mp-aaaaakzl,30.9
mp-aaaaakzm,90.672
mp-aaaaakzo,173.199
mp-aaaaakzq,55.357
mp-aaaaakzr,51.414
mp-aaaaakzt,43.544
mp-aaaaakzu,39.354
mp-aaaaakzv,42.07
mp-aaaaakzw,37.561
mp-aaaaakzx,47.267
mp-aaaaakzy,31.971
mp-aaaaakzz,35.575
mp-aaaaalaa,29.374
mp-aaaaalab,36.508
mp-aaaaalac,24.441
mp-aaaaalad,25.523
mp-aaaaalae,29.048
mp-aaaaalah,75.556
mp-aaaaalav,12.518
mp-aaaaalax,18.341
mp-aaaaalbb,124.032
mp-aaaaalbe,77.591
mp-aaaaalbh,47.66
mp-aaaaalbi,28.024
mp-aaaaalbk,28.089
mp-aaaaalbl,105.396
mp-aaaaalbm,110.379
mp-aaaaalbn,69.384
mp-aaaaalbo,78.05
mp-aaaaalbp,81.747
mp-aaaaalbq,82.532
mp-aaaaalbs,84.479
mp-aaaaalbu,50.69
mp-aaaaalbv,50.671
mp-aaaaalby,56.285
mp-aaaaalcf,34.216
mp-aaaaalcj,105.59
mp-aaaaalck,68.104
mp-aaaaalco,23.584
mp-aaaaalcs,224.113
mp-aaaaaldj,79.455
mp-aaaaaldk,127.788
mp-aaaaalea,123.036
mp-aaaaaleb,43.262
mp-aaaaalec,48.704
mp-aaaaaled,64.697
mp-aaaaalee,191.197
mp-aaaaaleh,30.263
mp-aaaaaleo,61.1
mp-aaaaalep,73.754
mp-aaaaaler,-3038571.266
mp-aaaaales,148.824
mp-aaaaalet,148.286
mp-aaaaalez,145.517
mp-aaaaalfc,73.11
mp-aaaaalfd,16.776
mp-aaaaalfg,72.292
mp-aaaaalfh,335.374
mp-aaaaalfi,211.148
mp-aaaaalfj,112.773
mp-aaaaalfk,183.655
mp-aaaaalfl,226.984
mp-aaaaalfp,19.537
mp-aaaaalfq,17.991
mp-aaaaalfr,27.416
mp-aaaaalfu,198.324
mp-aaaaalfx,104.566
mp-aaaaalfz,68.076
mp-aaaaalga,58.752
mp-aaaaalgd,8.284
mp-aaaaalge,236.601
mp-aaaaalgf,20.516
mp-aaaaalgg,125.156
mp-aaaaalgh,195.52
mp-aaaaalgi,146.711
mp-aaaaalgj,162.98
mp-aaaaalgl,52.093
mp-aaaaalgm,108.207
mp-aaaaalgq,91.447
mp-aaaaalgx,22.779
mp-aaaaalha,19.609
mp-aaaaalhd,17.135
mp-aaaaalhe,21.988
mp-aaaaalhf,43.341
mp-aaaaalhn,213.119
mp-aaaaalho,238.287
mp-aaaaalhv,34.554
mp-aaaaalhz,17.264
mp-aaaaalia,136.399
mp-aaaaalig,94.252
mp-aaaaalil,50.296
mp-aaaaalix,14.703
mp-aaaaaljw,227.31
mp-aaaaalke,150.882
mp-aaaaalkf,51.685
mp-aaaaalki,60.78
mp-aaaaalkl,179.797
mp-aaaaalkn,97.812
mp-aaaaalkp,94.131
mp-aaaaalks,85.449
mp-aaaaallb,61.231
mp-aaaaalld,70.652
mp-aaaaallr,56.113
mp-aaaaalma,133.356
mp-aaaaalme,45.977
mp-aaaaalmf,128.765
mp-aaaaalmg,173.191
mp-aaaaalmh,70.526
mp-aaaaalmm,49.054
mp-aaaaalmw,53.997
mp-aaaaalmx,46.795
mp-aaaaalnd,49.171
mp-aaaaalnf,44.285
mp-aaaaalnh,68.832
mp-aaaaalnl,44.731
mp-aaaaalnm,10.16
mp-aaaaalnn,141.028
mp-aaaaalnq,179.192
mp-aaaaalny,146.174
mp-aaaaalob,110.837
mp-aaaaaloe,253.383
mp-aaaaalom,20.101
mp-aaaaaloo,37.686
mp-aaaaalov,91.597
mp-aaaaalow,87.764
mp-aaaaalox,92.708
mp-aaaaaloy,26.136
mp-aaaaalpd,198.194
mp-aaaaalpe,203.147
mp-aaaaalpg,341.8
mp-aaaaalpi,22.878
mp-aaaaalpt,56.943
mp-aaaaalpu,70.323
mp-aaaaalpw,23.763
mp-aaaaalpx,23.997
mp-aaaaalpz,134964.325
mp-aaaaalqf,207.405
mp-aaaaalqh,116.09
mp-aaaaalqj,68.209
mp-aaaaalqx,49.007
mp-aaaaalqy,43.231
mp-aaaaalqz,86.566
mp-aaaaalra,64.213
mp-aaaaalrb,59.767
mp-aaaaalrc,71.734
mp-aaaaalrd,46.529
mp-aaaaalre,47.006
mp-aaaaalrh,75.663
mp-aaaaalrl,142.445
mp-aaaaalrn,53.676
mp-aaaaalro,199.942
mp-aaaaalrt,13.975
mp-aaaaalru,10.489
mp-aaaaalrv,78.484
mp-aaaaalrz,18.985
mp-aaaaalsa,55.424
mp-aaaaalsc,37.528
mp-aaaaalsd,36.886
mp-aaaaalse,28.836
mp-aaaaalsf,25.418
mp-aaaaalsg,25.112
mp-aaaaalsh,33.195
mp-aaaaaral,91.942
mp-aaaaaram,80.961
mp-aaaaarao,214.444
mp-aaaaarap,209.68
mp-aaaaaraq,135.442
mp-aaaaarat,70.446
mp-aaaaarau,135.916
mp-aaaaarav,197.229
mp-aaaaaraw,241.924
mp-aaaaarax,219.994
mp-aaaaaray,228.567
mp-aaaaaraz,254.366
mp-aaaaarbb,180.244
mp-aaaaarbc,88.707
mp-aaaaarbd,106.024
mp-aaaaarbe,166.201
mp-aaaaarbf,163.22
mp-aaaaarbi,155.253
mp-aaaaarbn,229.507
mp-aaaaarbp,162.623
mp-aaaaarbq,166.958
mp-aaaaarbs,215.446
mp-aaaaarbt,230.476
mp-aaaaarbv,111.237
mp-aaaaarbw,191.199
mp-aaaaarbx,208.008
mp-aaaaarcc,153.552
mp-aaaaarcd,81.983
mp-aaaaarcf,192.283
mp-aaaaarcg,90.609
mp-aaaaarci,185.077
mp-aaaaarcj,62.299
mp-aaaaarck,165.913
mp-aaaaarcn,226.157
mp-aaaaarcq,203.131
mp-aaaaarcr,109.058
mp-aaaaarcs,179.088
mp-aaaaarct,187.05
mp-aaaaarcu,118.772
mp-aaaaarcv,178.749
mp-aaaaarcw,75.344
mp-aaaaarcx,81.144
mp-aaaaarcy,52.78
mp-aaaaardb,57.293
mp-aaaaardc,257.672
mp-aaaaardd,204.076
mp-aaaaardg,32.524
mp-aaaaardh,27.526
mp-aaaaardi,117.948
mp-aaaaardk,206.197
mp-aaaaardm,34.67
mp-aaaaardn,159.854
mp-aaaaardo,49.878
mp-aaaaardx,243.781
mp-aaaaardy,231.473
mp-aaaaarea,167.556
mp-aaaaareb,170.929
mp-aaaaarel,254.688
mp-aaaaareo,152.622
mp-aaaaaret,97.514
mp-aaaaarey,93.503
mp-aaaaarez,96.917
mp-aaaaarfw,16.117
mp-aaaaargb,58.542
mp-aaaaarge,58.432
mp-aaaaargk,55.604
mp-aaaaargn,200.814
mp-aaaaargt,75.88
mp-aaaaarhb,28.028
mp-aaaaarhk,110.695
mp-aaaaarhn,25.137
mp-aaaaarhq,185.303
mp-aaaaarht,46.872
mp-aaaaarhu,15.031
mp-aaaaarhv,18.72
mp-aaaaarhw,134.969
mp-aaaaarhx,101.369
mp-aaaaarhy,40.128
mp-aaaaaria,43.743
mp-aaaaarif,129.258
mp-aaaaario,213.331
mp-aaaaaris,25.133
mp-aaaaarit,17.068
mp-aaaaariw,64.615
mp-aaaaarjh,95.187
mp-aaaaarji,131.312
mp-aaaaarjk,222.449
mp-aaaaarjl,78.989
mp-aaaaarjm,25.786
mp-aaaaarjy,149.647
mp-aaaaarka,66.909
mp-aaaaarkc,72.034
mp-aaaaarkd,64.762
mp-aaaaarkn,84.426
mp-aaaaarks,68.316
mp-aaaaarkt,-1124785.268
mp-aaaaarkx,132.148
mp-aaaaarlk,51.516
mp-aaaaarlm,56.604
mp-aaaaarlp,62.981
mp-aaaaarlw,91.783
mp-aaaaarlx,2.72
mp-aaaaarmc,86.934
mp-aaaaarmd,113.442
mp-aaaaarme,140.435
mp-aaaaarmf,109.309
mp-aaaaarmm,34.647
mp-aaaaarmo,39.873
mp-aaaaarmp,30.976
mp-aaaaarmq,8.587
mp-aaaaarms,55.627
mp-aaaaarmu,63.211
mp-aaaaarmw,115.09
mp-aaaaarnc,1.972
mp-aaaaarnd,92.884
mp-aaaaarne,81.671
mp-aaaaarng,90.514
mp-aaaaarnj,-0.0
mp-aaaaarnl,39.055
mp-aaaaarny,73.265
mp-aaaaarnz,-21280.198
mp-aaaaaron,123.996
mp-aaaaaroo,88.269
mp-aaaaaroq,125.939
mp-aaaaaror,136.553
mp-aaaaarox,46.496
mp-aaaaarpa,100.973
mp-aaaaarpb,197.34
mp-aaaaarqj,184.695
mp-aaaaarqk,112.136
mp-aaaaarql,104.82
mp-aaaaarrn,71.27
mp-aaaaarrx,75.338
mp-aaaaarry,58.694
mp-aaaaarrz,66.913
mp-aaaaarse,80.182
mp-aaaaarsl,108.644
mp-aaaaarsn,82.861
mp-aaaaarso,111.197
mp-aaaaarsr,58.955
mp-aaaaarsy,53.855
mp-aaaaarts,89.518
mp-aaaaartt,90.245
mp-aaaaartu,121.691
mp-aaaaartv,104.872
mp-aaaaartw,101.387
mp-aaaaarud,55.676
mp-aaaaarur,58.571
mp-aaaaarvq,298.232
mp-aaaaarvr,45.263
mp-aaaaarvu,169.707
mp-aaaaarvv,142.12
mp-aaaaarvx,187.743
mp-aaaaarvy,144.873
mp-aaaaarvz,74.431
mp-aaaaarwb,121.006
mp-aaaaarwd,145.789
mp-aaaaarwg,106.034
mp-aaaaarwh,126.897
mp-aaaaarwi,111.096
mp-aaaaarwj,100.302
mp-aaaaarwl,128.275
mp-aaaaarwn,126.563
mp-aaaaarwp,57.052
mp-aaaaarwt,307.958
mp-aaaaarww,169.333
mp-aaaaarwx,91.395
mp-aaaaarxd,63.414
mp-aaaaarxh,166.894
mp-aaaaarxi,54.245
mp-aaaaarxk,128.686
mp-aaaaarxl,179.764
mp-aaaaarxn,0.637
mp-aaaaarxo,175.016
mp-aaaaarxp,20.844
mp-aaaaarxr,238.047
mp-aaaaarxs,246.671
mp-aaaaarxt,252.922
mp-aaaaarxu,241.27
mp-aaaaaryc,100.651
mp-aaaaarye,293.289
mp-aaaaarym,29.856
mp-aaaaaryv,69.984
mp-aaaaasaj,47.587
mp-aaaaasdt,-12534.562
mp-aaaaasdu,74.693
mp-aaaaasdw,53.979
mp-aaaaasef,67.623
mp-aaaaasel,24.305
mp-aaaaasft,56.929
mp-aaaaasgl,95.244
mp-aaaaashj,52.694
mp-aaaaashk,48.782
mp-aaaaasif,96.952
mp-aaaaasig,126.591
mp-aaaaasij,135.914
mp-aaaaasim,85.284
mp-aaaaasjb,14.836
mp-aaaaasjj,48.483
mp-aaaaasjm,36.136
mp-aaaaasjz,159.165
mp-aaaaaskq,65.563
mp-aaaaasln,36.153
mp-aaaaasma,149.536
mp-aaaaasmz,74.223
mp-aaaaasnk,62.385
mp-aaaaasno,69.921
mp-aaaaasnp,92.315
mp-aaaaasnr,100.063
mp-aaaaasns,158.714
mp-aaaaasnv,21.093
mp-aaaaasoa,36.776
mp-aaaaasob,160.548
mp-aaaaasof,138.904
mp-aaaaasoo,141.202
mp-aaaaasor,85.769
mp-aaaaasos,194.163
mp-aaaaasov,65.851
mp-aaaaasoz,57.771
mp-aaaaaspa,46.549
mp-aaaaaspb,130.581
mp-aaaaaspd,133.144
mp-aaaaaspg,53.85
mp-aaaaasph,130.268
mp-aaaaaspn,147.205
mp-aaaaaspo,133.657
mp-aaaaaspq,57.181
mp-aaaaaspw,35.899
mp-aaaaaspx,34.687
mp-aaaaasqb,230.758
mp-aaaaasqj,243.259
mp-aaaaasqk,218.372
mp-aaaaasql,265.285
mp-aaaaasqo,153.052
mp-aaaaasqq,44.062
mp-aaaaasqs,73.779
mp-aaaaasqv,222.923
mp-aaaaasqy,229.485
mp-aaaaasqz,40895.745
mp-aaaaasrd,73.286
mp-aaaaasre,24.15
mp-aaaaasrk,86.826
mp-aaaaasrm,62.819
mp-aaaaasrn,53.745
mp-aaaaasrs,2.805
mp-aaaaasru,60.907
mp-aaaaasrv,181.627
mp-aaaaasrz,146.22
mp-aaaaassl,134.127
mp-aaaaassm,126.701
mp-aaaaassp,113.116
mp-aaaaassv,119.513
mp-aaaaassx,223.474
mp-aaaaassz,36.705
mp-aaaaaste,125.309
mp-aaaaasth,120.352
mp-aaaaastm,113.61
mp-aaaaastq,622.974
mp-aaaaastw,52.592
mp-aaaaasuf,63.8
mp-aaaaasui,71.355
mp-aaaaasul,51.992
mp-aaaaasum,249.254
mp-aaaaasun,55.135
mp-aaaaasup,63.238
mp-aaaaasuw,77.401
mp-aaaaasuy,144.324
mp-aaaaasvc,94.163
mp-aaaaasvj,47.167
mp-aaaaasvk,24.149
mp-aaaaasvl,187.023
mp-aaaaasvu,109.306
mp-aaaaasvw,202.448
mp-aaaaasvx,201.495
mp-aaaaaswb,115.038
mp-aaaaaswc,129.074
mp-aaaaaswd,26.69
mp-aaaaaswi,92.241
mp-aaaaaswk,68.822
mp-aaaaaswl,-31.848
mp-aaaaaswm,107.665
mp-aaaaaswt,112.113
mp-aaaaaswu,105.44
mp-aaaaaswv,137.288
mp-aaaaasww,173.84
mp-aaaaaswx,174.096
mp-aaaaaswy,106.514
mp-aaaaaswz,82.475
mp-aaaaasxa,48.999
mp-aaaaasxd,85.55
mp-aaaaasxe,88.042
mp-aaaaasxf,38.837
mp-aaaaasxg,111.173
mp-aaaaasxh,97.792
mp-aaaaasxl,138.352
mp-aaaaasxm,284.95
mp-aaaaasxn,34.727
mp-aaaaasxp,95.155
mp-aaaaasxq,63.701
mp-aaaaasxr,43.715
mp-aaaaasyc,99.432
mp-aaaaasyg,202.169
mp-aaaaasyj,-105.397
mp-aaaaasyk,131.586
mp-aaaaasyl,85.459
mp-aaaaasyo,49.734
mp-aaaaasyw,26.349
mp-aaaaaszq,117.353
mp-aaaaatak,47.476
mp-aaaaatal,53.306
mp-aaaaatan,203.771
mp-aaaaatas,161.12
mp-aaaaatat,38.836
mp-aaaaatax,138.388
mp-aaaaatbe,160.872
mp-aaaaatbf,295.868
mp-aaaaatbo,77.308
mp-aaaaatbw,53.843
mp-aaaaatcd,92.828
mp-aaaaatce,93.264
mp-aaaaatch,39.447
mp-aaaaatck,47.647
mp-aaaaatcm,61.141
mp-aaaaatco,23.949
mp-aaaaatdb,98.247
mp-aaaaatdf,98.183
mp-aaaaatdj,148.256
mp-aaaaated,124.475
mp-aaaaatee,131.425
mp-aaaaatef,47.341
mp-aaaaateg,117.314
mp-aaaaatei,157.162
mp-aaaaatej,1.738
mp-aaaaaten,93.559
mp-aaaaateo,111.254
mp-aaaaater,159.788
mp-aaaaatey,118.611
mp-aaaaatff,185.31
mp-aaaaatfh,180.503
mp-aaaaatfi,85.186
mp-aaaaatfj,68.171
mp-aaaaatfl,205.885
mp-aaaaatfq,137.103
mp-aaaaatgf,87.663
mp-aaaaatgh,88.559
mp-aaaaatgi,8.593
mp-aaaaatgk,59.361
mp-aaaaathf,45.241
mp-aaaaathg,55.408
mp-aaaaathh,35.367
mp-aaaaathi,254.255
mp-aaaaathj,326.003
mp-aaaaathk,348.484
mp-aaaaathp,64.282
mp-aaaaathz,30.437
mp-aaaaatib,44.901
mp-aaaaatij,140.624
mp-aaaaatiq,155.662
mp-aaaaatis,86.185
mp-aaaaatit,80.643
mp-aaaaatiw,86.727
mp-aaaaatiy,320.194
mp-aaaaatjb,158.934
mp-aaaaatje,220.339
mp-aaaaatjh,171.446
mp-aaaaatjl,46.933
mp-aaaaatjm,57.528
mp-aaaaatjo,111.94
mp-aaaaatjq,93.804
mp-aaaaatjr,92.941
mp-aaaaatjt,36.358
mp-aaaaatju,148.248
mp-aaaaatjv,112.414
mp-aaaaatjw,252.326
mp-aaaaatke,156.926
mp-aaaaatkf,157.502
mp-aaaaatkn,161.331
mp-aaaaatko,99.644
mp-aaaaatkp,91.875
mp-aaaaatkr,95.273
mp-aaaaatkw,229.371
mp-aaaaatlc,128.447
mp-aaaaatle,160.083
mp-aaaaatlg,365.029
mp-aaaaatlh,178.939
mp-aaaaatli,106.478
mp-aaaaatll,44.21
mp-aaaaatls,56.859
mp-aaaaatlt,48.725
mp-aaaaatlu,94.626
mp-aaaaatly,201.825
mp-aaaaatlz,111.1
mp-aaaaatma,114.117
mp-aaaaatme,76.81
mp-aaaaatmf,160.554
mp-aaaaatmi,141.684
mp-aaaaatmp,60.094
mp-aaaaatmq,90.416
mp-aaaaatmr,176.104
mp-aaaaatms,195.814
mp-aaaaatmt,234.662
mp-aaaaatmw,204.816
mp-aaaaatmz,125.291
mp-aaaaatni,35.653
mp-aaaaatns,78.999
mp-aaaaatnu,77.995
mp-aaaaatnv,89.047
mp-aaaaatoa,70.693
mp-aaaaatpc,75.03
mp-aaaaatpg,114.133
mp-aaaaatpu,51.635
mp-aaaaatqd,136.107
mp-aaaaatqk,48.592
mp-aaaaatqm,43.108
mp-aaaaatqq,44.645
mp-aaaaatqr,39.363
mp-aaaaatrc,12.858
mp-aaaaatrq,79.222
mp-aaaaatrr,78.252
mp-aaaaatru,59.822
mp-aaaaatrw,86.61
mp-aaaaatrz,46.288
mp-aaaaatsa,50.088
mp-aaaaatsb,41.765
mp-aaaaatsc,32.504
mp-aaaaatsk,168.2
mp-aaaaatsw,164.367
mp-aaaaattz,203.951
mp-aaaaatua,46.953
mp-aaaaatub,36.313
mp-aaaaatvg,90.326
mp-aaaaatvi,101.513
mp-aaaaatvj,113.636
mp-aaaaatwp,82.859
mp-aaaaatws,438990.187
mp-aaaaatwt,-8600646309.996
mp-aaaaatwu,113.482
mp-aaaaatxc,37.597
mp-aaaaatxe,229.015
mp-aaaaatxf,88.419
mp-aaaaatxh,46.483
mp-aaaaatxi,100.739
mp-aaaaatxk,166.194
mp-aaaaatxl,158.862
mp-aaaaatxo,68.983
mp-aaaaatxr,32.293
mp-aaaaatxv,211.801
mp-aaaaatye,189.725
mp-aaaaatyg,59.851
mp-aaaaatyh,195.504
mp-aaaaatym,161.585
mp-aaaaatzb,137.302
mp-aaaaatzc,138.768
mp-aaaaatze,39.124
mp-aaaaatzh,177.407
mp-aaaaatzi,172.008
mp-aaaaatzj,81.128
mp-aaaaatzk,88.552
mp-aaaaatzs,74.289
mp-aaaaatzt,66.576
mp-aaaaauaa,23.139
mp-aaaaauaf,111.539
mp-aaaaauap,70.66
mp-aaaaauaq,78.188
mp-aaaaauaw,13.848
mp-aaaaauaz,26.708
mp-aaaaaubc,12.618
mp-aaaaauby,69.339
mp-aaaaauca,173.75
mp-aaaaaucl,121.632
mp-aaaaaucs,28.204
mp-aaaaaudm,20.125
mp-aaaaauer,148.77
mp-aaaaauez,30.729
mp-aaaaaufk,49.159
mp-aaaaaugd,27.619
mp-aaaaaugg,21.582
mp-aaaaaugh,111.883
mp-aaaaaugk,18615.339
mp-aaaaauhx,70.982
mp-aaaaaukr,42.815
mp-aaaaauks,37.066
mp-aaaaaukt,36.926
mp-aaaaaukv,170.426
mp-aaaaaulf,104.102
mp-aaaaaulj,34.753
mp-aaaaaulk,31.129
mp-aaaaaulx,41.713
mp-aaaaaumu,174.776
mp-aaaaaumv,170.079
mp-aaaaaumw,300.208
mp-aaaaaunk,37.214
mp-aaaaauoq,68.022
mp-aaaaauot,21.356
mp-aaaaauox,12.236
mp-aaaaaupa,55.955
mp-aaaaaupb,57.614
mp-aaaaaupe,154.032
mp-aaaaaupf,112.914
mp-aaaaaupg,47.84
mp-aaaaaupk,43.515
mp-aaaaaupp,32.42
mp-aaaaauqb,142.094
mp-aaaaauqi,102.784
mp-aaaaauqk,19.966
mp-aaaaauql,21.791
mp-aaaaauqm,19.374
mp-aaaaauqn,25.359
mp-aaaaaura,70.196
mp-aaaaaurb,33.487
mp-aaaaaurc,93.679
mp-aaaaaurf,180.208
mp-aaaaauru,68.712
mp-aaaaaurv,40.303
mp-aaaaause,20.277
mp-aaaaausf,73.57
mp-aaaaauss,49.629
mp-aaaaaute,12.83
mp-aaaaautf,261.814
mp-aaaaautk,131.559
mp-aaaaauty,40.086
mp-aaaaautz,43.639
mp-aaaaauvd,92.213
mp-aaaaauve,91.475
mp-aaaaauvw,12.393
mp-aaaaauvx,56.964
mp-aaaaauvy,48.836
mp-aaaaauvz,52.422
mp-aaaaauwa,42.2
mp-aaaaauwh,81.455
mp-aaaaauwn,96.438
mp-aaaaauwu,35.031
mp-aaaaauwx,114.358
mp-aaaaauwy,163.487
mp-aaaaauxy,169.135
mp-aaaaauyy,22.604
mp-aaaaavaj,23.904
mp-aaaaavam,62.422
mp-aaaaavan,59.504
mp-aaaaavbb,57.328
mp-aaaaavbe,50.889
mp-aaaaavcg,197.949
mp-aaaaavdl,164.337
mp-aaaaavfk,13.155
mp-aaaaavfm,15.169
mp-aaaaavfs,166.869
mp-aaaaavhu,111.164
mp-aaaaavjd,134.959
mp-aaaaavku,124.841
mp-aaaaavnp,179.442
mp-aaaaavoi,59.463
mp-aaaaavpb,66.685
mp-aaaaavpo,78.458
mp-aaaaavqk,197.034
mp-aaaaavqn,92.959
mp-aaaaavqq,143.83
mp-aaaaavvl,82.815
mp-aaaaavvv,88.138
mp-aaaaavww,20.643
mp-aaaaavwx,25.98
mp-aaaaavwz,98.07
mp-aaaaavxc,24.605
mp-aaaaavxd,23.717
mp-aaaaavxv,20.983
mp-aaaaavyh,81.654
mp-aaaaaweh,119.975
mp-aaaaawgx,147.983
mp-aaaaawgz,155.622
mp-aaaaawhy,92.441
mp-aaaaawjh,101.485
mp-aaaaawjo,20.081
mp-aaaaawkz,32.545
mp-aaaaawlu,128.084
mp-aaaaawlv,72.794
mp-aaaaawnq,295.098
mp-aaaaawoa,31.363
mp-aaaaawoq,72.817
mp-aaaaawos,47.682
mp-aaaaawqj,131.265
mp-aaaaawrc,54.98
mp-aaaaawre,34.367
mp-aaaaawri,113.813
mp-aaaaawuf,196.424
mp-aaaaaxai,11.807
mp-aaaaaxcf,135.947
mp-aaaaaxch,131.155
mp-aaaaaxci,7.36
mp-aaaaaxcr,290.926
mp-aaaaaxct,57.058
mp-aaaaaxcv,48.47
mp-aaaaaxcw,14.39
mp-aaaaaxcy,27.607
mp-aaaaaxdj,28.907
mp-aaaaaxdl,35.559
mp-aaaaaxdn,24.756
mp-aaaaaxdp,46.805
mp-aaaaaxdq,43.089
mp-aaaaaxdr,39.991
mp-aaaaaxdx,152.046
mp-aaaaaxdz,109.537
mp-aaaaaxef,177.798
mp-aaaaaxeh,135.898
mp-aaaaaxei,269.426
mp-aaaaaxej,113.058
mp-aaaaaxeq,21.931
mp-aaaaaxer,52.172
mp-aaaaaxet,365.183
mp-aaaaaxfb,161.139
mp-aaaaaxfg,22.329
mp-aaaaaxfh,31.898
mp-aaaaaxfi,51.282
mp-aaaaaxfj,30.741
mp-aaaaaxfq,116.084
mp-aaaaaxfr,111.197
mp-aaaaaxft,31.995
mp-aaaaaxfx,174.541
mp-aaaaaxfy,236.074
mp-aaaaaxfz,314.973
mp-aaaaaxgs,322.925
mp-aaaaaxgu,18.878
mp-aaaaaxiu,36.647
mp-aaaaaxiv,29.631
mp-aaaaaxiw,83.144
mp-aaaaaxix,124.71
mp-aaaaaxiy,197.337
mp-aaaaaxiz,37.153
mp-aaaaaxjb,40.489
mp-aaaaaxjg,48.397
mp-aaaaaxjh,49.046
mp-aaaaaxjj,50.021
mp-aaaaaxjl,40.551
mp-aaaaaxjn,41.119
mp-aaaaaxjo,40.461
mp-aaaaaxjr,298.99
mp-aaaaaxjs,181.87
mp-aaaaaxjv,51.637
mp-aaaaaxkb,292.013
mp-aaaaaxkl,114.667
mp-aaaaaxkm,61.118
mp-aaaaaxkn,54.525
mp-aaaaaxld,112.67
mp-aaaaaxll,52.666
mp-aaaaaxlw,199.853
mp-aaaaaxmz,42.596
mp-aaaaaxnj,78.369
mp-aaaaaxnk,63.392
mp-aaaaaxnp,107.176
mp-aaaaaxok,136.02
mp-aaaaaxpn,21.345
mp-aaaaaxpp,164.999
mp-aaaaaxpq,134.441
mp-aaaaaxpr,170.622
mp-aaaaaxpw,80.916
mp-aaaaaxpz,220.115
mp-aaaaaxqa,115.025
mp-aaaaaxqb,140.749
mp-aaaaaxqe,118.652
mp-aaaaaxqk,87.181
mp-aaaaaxqv,133.221
mp-aaaaaxqw,128.834
mp-aaaaaxqx,145.521
mp-aaaaaxqy,52.716
mp-aaaaaxrj,40.186
mp-aaaaaxsq,70.35
mp-aaaaaxsr,75.322
mp-aaaaaxst,73.923
mp-aaaaaxsu,79.972
mp-aaaaaxtb,172.795
mp-aaaaaxtd,163.16
mp-aaaaaxtk,76.143
mp-aaaaaxtl,31.454
mp-aaaaaxvv,124.593
mp-aaaaaxwq,93.461
mp-aaaaaxzw,61.244
mp-aaaaayae,65.572
mp-aaaaayam,27.612
mp-aaaaayao,46.551
mp-aaaaayav,52.219
mp-aaaaayaw,69.142
mp-aaaaayba,127.616
mp-aaaaaybd,31.094
mp-aaaaaybe,56.726
mp-aaaaaybj,116.99
mp-aaaaaybk,85.58
mp-aaaaaybn,49.099
mp-aaaaaybq,54.426
mp-aaaaaybr,62.141
mp-aaaaaybv,36.538
mp-aaaaaybw,168.858
mp-aaaaaycl,186.801
mp-aaaaayco,194.302
mp-aaaaaycr,112.518
mp-aaaaaycv,101.411
mp-aaaaaydc,126.409
mp-aaaaaydd,175.386
mp-aaaaaydm,103.205
mp-aaaaaydp,253.998
mp-aaaaaydq,51.784
mp-aaaaayds,91.169
mp-aaaaaydt,65.501
mp-aaaaaydy,127.339
mp-aaaaaydz,100.142
mp-aaaaayea,61.139
mp-aaaaayeb,101.691
mp-aaaaayei,170.614
mp-aaaaayej,25.141
mp-aaaaayem,-164.284
mp-aaaaayen,41.262
mp-aaaaayeo,80.872
mp-aaaaayep,37.377
mp-aaaaayev,132.644
mp-aaaaayfc,158.126
mp-aaaaayfe,150.684
mp-aaaaayfj,123.363
mp-aaaaayfk,24.74
mp-aaaaayfl,29.442
mp-aaaaayfm,84.187
mp-aaaaayfq,80.239
mp-aaaaayfr,87.818
mp-aaaaayfw,99.731
mp-aaaaayfy,61.905
mp-aaaaayhp,95.97
mp-aaaaayjx,130.385
mp-aaaaayjy,138.455
mp-aaaaayjz,79.367
mp-aaaaayke,107.487
mp-aaaaaykh,65.439
mp-aaaaaykj,93.21
mp-aaaaaykk,119.908
mp-aaaaaykl,223.142
mp-aaaaaykm,210.864
mp-aaaaaykn,106.697
mp-aaaaaykr,156.936
mp-aaaaaykt,97.439
mp-aaaaaykw,38.92
mp-aaaaayld,66.853
mp-aaaaayle,172.818
mp-aaaaaylg,90.658
mp-aaaaaylh,100.232
mp-aaaaaylj,-4680161.276
mp-aaaaayll,202.423
mp-aaaaaylm,109.96
mp-aaaaayln,157.304
mp-aaaaaylo,129.942
mp-aaaaaylq,203.954
mp-aaaaayls,112.677
mp-aaaaaylt,111.884
mp-aaaaaymm,84.573
mp-aaaaaynd,49.675
mp-aaaaayne,49.545
mp-aaaaayoz,172.084
mp-aaaaayqf,80.64
mp-aaaaayqg,72.105
mp-aaaaayqi,63.729
mp-aaaaayta,107.586
mp-aaaaaytb,96.935
mp-aaaaaytc,80.85
mp-aaaaaytf,59.161
mp-aaaaaytg,101.787
mp-aaaaaytm,327.755
mp-aaaaaytn,86.948
mp-aaaaayto,77.023
mp-aaaaaytp,86.195
mp-aaaaaytq,105.535
mp-aaaaaytr,169.302
mp-aaaaaytw,149.123
mp-aaaaayub,66.619
mp-aaaaayug,69.964
mp-aaaaayuh,71.734
mp-aaaaayuj,72.224
mp-aaaaayul,21.873
mp-aaaaayuu,26.11
mp-aaaaayuv,21.346
mp-aaaaayuw,78.309
mp-aaaaayvf,100.935
mp-aaaaaywa,132.861
mp-aaaaayxg,64.468
mp-aaaaayym,60.24
mp-aaaaayzm,93.631
mp-aaaaazan,31.512
mp-aaaaazaq,77.543
mp-aaaaazat,85.427
mp-aaaaazci,205.051
mp-aaaaazcm,-3.477
mp-aaaaazdp,115.912
mp-aaaaazen,122.342
mp-aaaaazfp,192.803
mp-aaaaazhk,103.247
mp-aaaaazhn,12.126
mp-aaaaazip,203.505
mp-aaaaaziq,56.951
mp-aaaaaziv,85.441
mp-aaaaazkr,143.453
mp-aaaaazle,84.782
mp-aaaaazol,112.287
mp-aaaaazox,17.614
mp-aaaaazqq,70.414
mp-aaaaazsp,170.822
mp-aaaaaztt,204.618
mp-aaaaazwj,148.83
mp-aaaaazxu,69.088
mp-aaaaazya,13.477
mp-aaaaazyw,18.521
mp-aaaabaab,78.322
mp-aaaababk,71.162
mp-aaaabacl,80.602
mp-aaaabaep,72.275
mp-aaaabaev,70.857
mp-aaaabaew,81.431
mp-aaaabagt,70.05
mp-aaaabahz,57.457
mp-aaaabakm,183.507
mp-aaaabaku,112.097
mp-aaaabala,64.884
mp-aaaabaln,71.121
mp-aaaabame,93.415
mp-aaaabatx,225.38
mp-aaaabauj,8.401
mp-aaaabawp,28.173
mp-aaaabawt,28.128
mp-aaaabaxy,116.177
mp-aaaabbaf,240.169
mp-aaaabbbk,63.04
mp-aaaabbbw,37.606
mp-aaaabbcm,68.21
mp-aaaabbdh,214.318
mp-aaaabbgt,159.974
mp-aaaabbii,205.196
mp-aaaabbkb,35.573
mp-aaaabbmt,171.113
mp-aaaabbrb,181.802
mp-aaaabbrn,69.596
mp-aaaabbrs,76.484
mp-aaaabdei,79.926
mp-aaaabdej,38.461
mp-aaaabdeo,64.725
mp-aaaabdeq,123.646
mp-aaaabdet,22.297
mp-aaaabdeu,124.598
mp-aaaabdev,55.073
mp-aaaabdfa,20.958
mp-aaaabdfb,142.568
mp-aaaabdfc,50.965
mp-aaaabdfg,100.795
mp-aaaabdfh,129.653
mp-aaaabdfn,57.203
mp-aaaabdfp,32.389
mp-aaaabdfu,145.684
mp-aaaabdfy,36.11
mp-aaaabdgb,62.983
mp-aaaabdgc,121.842
mp-aaaabdge,41.265
mp-aaaabdgf,20.25
mp-aaaabdgn,84.386
mp-aaaabdgo,38.252
mp-aaaabdgr,38.199
mp-aaaabdgw,76.971
mp-aaaabdgy,230.416
mp-aaaabdhb,78.082
mp-aaaabdhd,297.065
mp-aaaabdhf,103.004
mp-aaaabdhj,20.396
mp-aaaabdhk,177.267
mp-aaaabdhn,45.434
mp-aaaabdho,222.032
mp-aaaabdhv,101.711
mp-aaaabdhw,56.803
mp-aaaabdhx,160.562
mp-aaaabdic,102.3
mp-aaaabdie,48.746
mp-aaaabdif,78.064
mp-aaaabdii,49.521
mp-aaaabdij,202.882
mp-aaaabdim,80.263
mp-aaaabdis,169.316
mp-aaaabdiu,55.064
mp-aaaabdiv,51.173
mp-aaaabdix,161.184
mp-aaaabdiy,40.323
mp-aaaabdjh,170.269
mp-aaaabdjm,197.347
mp-aaaabdjn,14.982
mp-aaaabdjs,127.368
mp-aaaabdjt,82.846
mp-aaaabdju,8.938
mp-aaaabdjy,61.803
mp-aaaabdkg,169.4
mp-aaaabdkh,82.187
mp-aaaabdkm,102.664
mp-aaaabdkn,146.647
mp-aaaabdkq,94.192
mp-aaaabdkw,109.3
mp-aaaabdkz,68.606
mp-aaaabdlb,-485003.873
mp-aaaabdld,57.971
mp-aaaabdlf,75.371
mp-aaaabdlg,41.491
mp-aaaabdlo,143.863
mp-aaaabdlp,212.261
mp-aaaabdlq,128.163
mp-aaaabdls,84.28
mp-aaaabdmb,32.766
mp-aaaabdmc,73.164
mp-aaaabdme,43.072
mp-aaaabdmf,15.634
mp-aaaabdmm,101.457
mp-aaaabdmn,106.537
mp-aaaabdms,79.546
mp-aaaabdmy,138.579
mp-aaaabdnb,74.523
mp-aaaabdne,84.23
mp-aaaabdng,57.601
mp-aaaabdnh,70.626
mp-aaaabdnl,128.949
mp-aaaabdnn,157.602
mp-aaaabdnu,92.692
mp-aaaabdnv,183.277
mp-aaaabdny,32.249
mp-aaaabdnz,103.621
mp-aaaabdoa,45.357
mp-aaaabdoc,81.806
mp-aaaabdod,179.248
mp-aaaabdof,86.372
mp-aaaabdog,42.934
mp-aaaabdoj,54.505
mp-aaaabdop,103.401
mp-aaaabdou,90.833
mp-aaaabdow,92.233
mp-aaaabdox,47.85
mp-aaaabdph,69.787
mp-aaaabdpk,118.251
mp-aaaabdpn,142.033
mp-aaaabdpq,83.761
mp-aaaabdps,36.737
mp-aaaabdqd,51.835
mp-aaaabdqf,38.003
mp-aaaabdqh,175.013
mp-aaaabdqn,154.138
mp-aaaabdqo,34.167
mp-aaaabdqx,122.853
mp-aaaabdrd,71.576
mp-aaaabdre,47.968
mp-aaaabdri,111.302
mp-aaaabdrj,70.61
mp-aaaabdrm,87.985
mp-aaaabdrn,81.216
mp-aaaabdrp,176.427
mp-aaaabdrs,74.223
mp-aaaabdru,4.63
mp-aaaabdrv,55.843
mp-aaaabdry,73.046
mp-aaaabdsd,221.539
mp-aaaabdsf,69.255
mp-aaaabdsk,171.742
mp-aaaabdsl,110.432
mp-aaaabdso,66.375
mp-aaaabdsz,163.949
mp-aaaabdta,85.368
mp-aaaabdti,41.162
mp-aaaabdtn,-636755.346
mp-aaaabdto,161.837
mp-aaaabdtr,100.771
mp-aaaabdtv,-18183.595
mp-aaaabdtw,112.111
mp-aaaabdty,81.505
mp-aaaabdub,101.405
mp-aaaabdue,63.082
mp-aaaabduh,54.648
mp-aaaabduj,283.872
mp-aaaabdum,24.299
mp-aaaabduu,214.246
mp-aaaabduv,182.718
mp-aaaabduw,134.49
mp-aaaabdux,174.291
mp-aaaabdvb,55.443
mp-aaaabdvf,103.565
mp-aaaabdvi,134.544
mp-aaaabdvy,96.833
mp-aaaabdwf,115.855
mp-aaaabdwj,96.168
mp-aaaabdwp,200.155
mp-aaaabdwq,163.306
mp-aaaabdwr,205.75
mp-aaaabdws,170.992
mp-aaaabdwt,59.796
mp-aaaabdwu,32.222
mp-aaaabdwv,183.799
mp-aaaabdwz,61.258
mp-aaaabdxa,73.432
mp-aaaabdxb,104.956
mp-aaaabdxe,65.84
mp-aaaabdxj,227.244
mp-aaaabdxm,83.085
mp-aaaabdxx,50.804
mp-aaaabdxz,47.234
mp-aaaabdya,157.338
mp-aaaabdyb,34.955
mp-aaaabdyf,40.38
mp-aaaabdyh,42.796
mp-aaaabdyj,160.052
mp-aaaabdyk,145.046
mp-aaaabdyr,82.529
mp-aaaabdyv,201.268
mp-aaaabdzb,147.728
mp-aaaabdzd,87.148
mp-aaaabdzh,32.669
mp-aaaabdzj,34.02
mp-aaaabdzk,109.098
mp-aaaabdzl,81.018
mp-aaaabdzo,150.678
mp-aaaabdzp,123.891
mp-aaaabdzv,70.17
mp-aaaabdzw,78.546
mp-aaaabdzy,197.749
mp-aaaabojb,72.847
mp-aaaaboju,34.272
mp-aaaabojw,114.231
mp-aaaaboke,11.197
mp-aaaabokp,58.073
mp-aaaabokt,151.636
mp-aaaabokv,41.123
mp-aaaabolj,40.723
mp-aaaabomi,136.128
mp-aaaabomp,8.58
mp-aaaabond,9.875
mp-aaaabonk,62.603
mp-aaaabonp,15.439
mp-aaaabons,17.245
mp-aaaaboof,12.959
mp-aaaabooo,46.429
mp-aaaaboor,13.584
mp-aaaaboov,41.76
mp-aaaabopi,27.664
mp-aaaabopk,18.837
mp-aaaabopy,27.21
mp-aaaabopz,5.717
mp-aaaaboqa,21.78
mp-aaaaboqg,6.855
mp-aaaaboqm,81.939
mp-aaaaboqp,139.088
mp-aaaaboqw,42.892
mp-aaaaborg,241.568
mp-aaaaborx,108.798
mp-aaaaborz,6.959
mp-aaaabose,123.11
mp-aaaabosl,5.11
mp-aaaabotk,8.611
mp-aaaabotm,49.817
mp-aaaabouc,94.869
mp-aaaabour,36.257
mp-aaaabout,45.175
mp-aaaabovu,109.701
mp-aaaabovw,182.13
mp-aaaabows,10.055
mp-aaaabowu,11.33
mp-aaaabowy,7.069
mp-aaaabowz,11.992
mp-aaaaboxa,20.29
mp-aaaaboxb,2.085
mp-aaaaboxw,41.504
mp-aaaaboyc,12.169
mp-aaaaboye,51.099
mp-aaaaboyn,47.956
mp-aaaaboyo,15.328
mp-aaaaboyp,12.532
mp-aaaaboys,39.706
mp-aaaaboyz,14.902
mp-aaaabozb,12.515
mp-aaaabozd,190.279
mp-aaaabozp,32.884
mp-aaaabozu,282.538
mp-aaaabpac,22.568
mp-aaaabpad,188.445
mp-aaaabpaj,2.167
mp-aaaabpak,4.436
mp-aaaabpap,146.977
mp-aaaabpas,6.419
mp-aaaabpbb,13.737
mp-aaaabpbp,138.194
mp-aaaabpbs,80.53
mp-aaaabpbu,21.314
mp-aaaabpca,331.967
mp-aaaabpcb,190.279
mp-aaaabpcr,3.721
mp-aaaabpcz,119.719
mp-aaaabpeb,52.412
mp-aaaabped,74.842
mp-aaaabpeh,9.65
mp-aaaabpei,9.126
mp-aaaabpek,8.965
mp-aaaabpel,10.523
mp-aaaabpen,11.525
mp-aaaabpeo,13.744
mp-aaaabpep,12.514
mp-aaaabper,32.742
mp-aaaabpes,17.175
mp-aaaabpet,12.238
mp-aaaabpeu,59.625
mp-aaaabpfc,24.065
mp-aaaabpfd,27.742
mp-aaaabpfe,30.511
mp-aaaabpfp,177.68
mp-aaaabpfr,32.289
mp-aaaabpft,31.053
mp-aaaabpga,641.16
mp-aaaabpgk,8.703
mp-aaaabpgq,198.421
mp-aaaabpgt,43.238
mp-aaaabpgz,30.201
mp-aaaabphg,123.849
mp-aaaabphs,55.442
mp-aaaabphv,168.542
mp-aaaabpid,173.006
mp-aaaabpig,32.647
mp-aaaabpik,7.509
mp-aaaabpjd,377.071
mp-aaaabpje,15.781
mp-aaaabpjv,27.477
mp-aaaabpjw,24.348
mp-aaaabpjz,9.801
mp-aaaabpka,10.18
mp-aaaabpkd,6.847
mp-aaaabpki,72.722
mp-aaaabpkn,3.927
mp-aaaabple,78.254
mp-aaaabpll,7.357
mp-aaaabplp,74.063
mp-aaaabpls,10.74
mp-aaaabplw,126.394
mp-aaaabpmq,12.303
mp-aaaabpmv,15.233
mp-aaaabpnc,209.142
mp-aaaabpnm,24.781
mp-aaaabpnn,18.541
mp-aaaabpnp,37.483
mp-aaaabpoe,10.289
mp-aaaabpoq,1.029
mp-aaaabppe,8.577
mp-aaaabppk,12.683
mp-aaaabpqn,10.81
mp-aaaabpqs,90.563
mp-aaaabprf,24.004
mp-aaaabpri,19.399
mp-aaaabprn,18.587
mp-aaaabprq,2.346
mp-aaaabptu,13.437
mp-aaaabptw,162.509
mp-aaaabptx,7.158
mp-aaaabpue,2.012
mp-aaaabpuo,19.113
mp-aaaabpus,196.978
mp-aaaabpvc,23.952
mp-aaaabpve,110.324
mp-aaaabpvi,16.721
mp-aaaabpvl,27.774
mp-aaaabpvu,16.921
mp-aaaabpvv,15.527
mp-aaaabpwo,16.356
mp-aaaabpws,9.387
mp-aaaabpxj,44.532
mp-aaaabpxw,24.186
mp-aaaabpxz,95.286
mp-aaaabpyr,23.318
mp-aaaabpyy,36.278
mp-aaaabpzd,1.243
mp-aaaabpzk,30.801
mp-aaaabpzz,0.521
mp-aaaabqad,198.464
mp-aaaabqce,9.947
mp-aaaabqcq,5.004
mp-aaaabqdj,21.429
mp-aaaabqdk,28.825
mp-aaaabqeb,17.295
mp-aaaabqgb,77.448
mp-aaaabqgf,50.374
mp-aaaabqgt,75.053
mp-aaaabqhr,23.476
mp-aaaabqhs,37.683
mp-aaaabqht,48.727
mp-aaaabqhz,25.283
mp-aaaabqic,32.992
mp-aaaabqih,264.934
mp-aaaabqik,13.37
mp-aaaabqio,154.883
mp-aaaabqjb,15.726
mp-aaaabqjd,291.265
mp-aaaabqje,46.765
mp-aaaabqjt,107.264
mp-aaaabqkn,125.248
mp-aaaabqlf,3.984
mp-aaaabqlo,-6.384
mp-aaaabqlu,41.96
mp-aaaabqmh,11.667
mp-aaaabqms,-2.32
mp-aaaabqnb,237.852
mp-aaaabqnx,2.392
mp-aaaabqoo,77.679
mp-aaaabqpa,22.958
mp-aaaabqpe,219.89
mp-aaaabqpl,90.273
mp-aaaabqpn,118.955
mp-aaaabqpp,81.843
mp-aaaabqqc,16.312
mp-aaaabqrb,16.739
mp-aaaabqre,136.797
mp-aaaabqrj,19.458
mp-aaaabqsm,16.727
mp-aaaabqsy,43.521
mp-aaaabqtj,87.709
mp-aaaabqtk,195.576
mp-aaaabqtl,236.227
mp-aaaabquh,37.225
mp-aaaabqup,104.512
mp-aaaabqur,10.461
mp-aaaabqva,12.425
mp-aaaabqvh,108.208
mp-aaaabqvq,31.919
mp-aaaabqwo,33.026
mp-aaaabqwq,12.443
mp-aaaabqxf,89.914
mp-aaaabqxp,144.899
mp-aaaabqxt,19.912
mp-aaaabqxv,74.017
mp-aaaabqxz,9.879
mp-aaaabqyj,26.516
mp-aaaabqyk,289.385
mp-aaaabqzp,12.982
mp-aaaabrab,58.012
mp-aaaabrai,228.877
mp-aaaabrau,50.267
mp-aaaabrax,75.053
mp-aaaabrbr,173.637
mp-aaaabrcl,80.907
mp-aaaabrcn,36.377
mp-aaaabrcp,121.804
mp-aaaabrcq,63.615
mp-aaaabrcs,20.785
mp-aaaabrcz,8.895
mp-aaaabrdd,40.286
mp-aaaabrdf,38.043
mp-aaaabrdg,158.429
mp-aaaabrdh,157.834
mp-aaaabrdi,171.95
mp-aaaabrdl,122.687
mp-aaaabred,59.67
mp-aaaabrey,36.759
mp-aaaabrfj,32.353
mp-aaaabrfk,34.698
mp-aaaabrfl,31.668
mp-aaaabrfm,33.134
mp-aaaabrgr,54.846
mp-aaaabrgt,36.771
mp-aaaabrhj,51.718
mp-aaaabrjg,33.706
mp-aaaabrjz,22.04
mp-aaaabrko,40.064
mp-aaaabrky,86.049
mp-aaaabrlc,143.935
mp-aaaabrli,10.789
mp-aaaabrlk,94.256
mp-aaaabrlu,21.147
mp-aaaabrlz,9.122
mp-aaaabrmq,49.45
mp-aaaabrms,6.99
mp-aaaabrmu,23.393
mp-aaaabrmx,8.702
mp-aaaabrnl,14.933
mp-aaaabrox,152.853
mp-aaaabroy,14.872
mp-aaaabrpf,92.715
mp-aaaabrps,51.967
mp-aaaabrpx,9.727
mp-aaaabrqa,14.347
mp-aaaabrqm,-2.294
mp-aaaabrqs,-0.0
mp-aaaabrrk,6.138
mp-aaaabrrt,29.913
mp-aaaabrsf,5.463
mp-aaaabrsp,12.299
mp-aaaabrsu,14.578
mp-aaaabrtw,16.006
mp-aaaabrtx,14.836
mp-aaaabrui,93.704
mp-aaaabrvb,31.174
mp-aaaabrvd,102.88
mp-aaaabrve,205.053
mp-aaaabrvh,6.865
mp-aaaabrvj,30.573
mp-aaaabrvk,16.399
mp-aaaabrvt,121.813
mp-aaaabrvy,86.263
mp-aaaabrwb,18.188
mp-aaaabrwd,42.788
mp-aaaabrwg,114.549
mp-aaaabrwh,58.083
mp-aaaabrwm,19.248
mp-aaaabrwq,47.47
mp-aaaabrws,166.689
mp-aaaabrwt,49.299
mp-aaaabrwv,180.761
mp-aaaabrwx,144.525
mp-aaaabrwz,66.29
mp-aaaabrxa,12.946
mp-aaaabrxi,230.449
mp-aaaabrxm,61.742
mp-aaaabrzh,181.021
mp-aaaabrzi,164.797
mp-aaaabrzn,67.211
mp-aaaabrzp,69.981
mp-aaaabrzs,81.107
mp-aaaabrzy,166.12
mp-aaaabsae,24.702
mp-aaaabsag,11.461
mp-aaaabsah,9.34
mp-aaaabsai,195.587
mp-aaaabsak,54.044
mp-aaaabsar,38.531
mp-aaaabsat,12.077
mp-aaaabsau,22.876
mp-aaaabsbb,77.515
mp-aaaabsbc,73.159
mp-aaaabsch,14.705
mp-aaaabsck,9.131
mp-aaaabscn,77.721
mp-aaaabscu,39.693
mp-aaaabsde,70.643
mp-aaaabseo,5.015
mp-aaaabseu,50.028
mp-aaaabsez,19.054
mp-aaaabsfp,13.465
mp-aaaabsfw,149.778
mp-aaaabsfy,18.684
mp-aaaabsga,110.731
mp-aaaabsgu,-12.521
mp-aaaabshp,70.965
mp-aaaabshy,12.959
mp-aaaabsim,165.266
mp-aaaabsiv,39.109
mp-aaaabska,12.914
mp-aaaabskp,35.784
mp-aaaabsky,173.958
mp-aaaabslb,3.823
mp-aaaabsld,36.206
mp-aaaabsle,7.41
mp-aaaabslk,33.265
mp-aaaabsln,185.912
mp-aaaabslo,158.882
mp-aaaabslp,122.975
mp-aaaabslr,117.067
mp-aaaabslx,18.145
mp-aaaabsmb,23.889
mp-aaaabsmg,8.763
mp-aaaabsmk,139.813
mp-aaaabsmm,5.029
mp-aaaabsmn,147.435
mp-aaaabsmx,38.234
mp-aaaabsmy,62.413
mp-aaaabsnb,36.786
mp-aaaabsnj,208.317
mp-aaaabspf,2.676
mp-aaaabspn,137.302
mp-aaaabspo,375.423
mp-aaaabspr,29.101
mp-aaaabspw,96.016
mp-aaaabsqa,105.736
mp-aaaabsqb,134.468
mp-aaaabsqp,62.198
mp-aaaabsqr,116.53
mp-aaaabsqs,101.138
mp-aaaabsqu,111.709
mp-aaaabsqv,104.057
mp-aaaabsqw,122.373
mp-aaaabsqx,119.733
mp-aaaabsru,12.446
mp-aaaabsrv,41.385
mp-aaaabsrw,113.331
mp-aaaabsrx,15.533
mp-aaaabssp,11.06
mp-aaaabste,88.485
mp-aaaabstg,62.075
mp-aaaabsth,54.791
mp-aaaabstj,51.731
mp-aaaabstn,113.218
mp-aaaabsuj,62.71
mp-aaaabsvl,30.023
mp-aaaabsvr,96.913
mp-aaaabsvw,96.593
mp-aaaabsvz,80.701
mp-aaaabswu,116.786
mp-aaaabswv,126.403
mp-aaaabsww,49.823
mp-aaaabswx,77.336
mp-aaaabswy,77.665
mp-aaaabswz,78.331
mp-aaaabsxa,77.054
mp-aaaabsxb,77.989
mp-aaaabsxc,43.023
mp-aaaabsxf,83.809
mp-aaaabsxh,39.481
mp-aaaabsxj,77.693
mp-aaaabsxk,47.598
mp-aaaabsxl,200.369
mp-aaaabsxm,89.295
mp-aaaabsxn,27.873
mp-aaaabsxo,40.502
mp-aaaabsxp,21.352
mp-aaaabsxq,72.426
mp-aaaabsxs,74.075
mp-aaaabsxu,97.309
mp-aaaabsxv,44.664
mp-aaaabsxw,80.248
mp-aaaabsxx,148.197
mp-aaaabsyd,73.514
mp-aaaabsyg,90.936
mp-aaaabsyn,59.891
mp-aaaabsyp,133.005
mp-aaaabsyy,53.673
mp-aaaabszb,101.827
mp-aaaabszj,44.376
mp-aaaabszk,54.242
mp-aaaabszl,55.812
mp-aaaabszm,45.771
mp-aaaabszo,111.519
mp-aaaabszp,107.796
mp-aaaabszq,127.572
mp-aaaabszy,114.725
mp-aaaabszz,25.037
mp-aaaabtad,125.266
mp-aaaabtag,30.641
mp-aaaabtah,31.416
mp-aaaabtai,20.544
mp-aaaabtan,60.919
mp-aaaabtao,25.239
mp-aaaabtap,27.55
mp-aaaabtar,66.403
mp-aaaabtas,182.568
mp-aaaabtav,140.051
mp-aaaabtax,151.947
mp-aaaabtay,133.551
mp-aaaabtbd,56.495
mp-aaaabtbf,40.538
mp-aaaabtbg,79.997
mp-aaaabtbh,89.435
mp-aaaabtbi,90.805
mp-aaaabtbj,90.608
mp-aaaabtbl,82.386
mp-aaaabtbn,87.697
mp-aaaabtbo,80.316
mp-aaaabtbp,83.365
mp-aaaabtbt,94.378
mp-aaaabtbw,73.55
mp-aaaabtbx,40.558
mp-aaaabtca,53.652
mp-aaaabtcj,167.886
mp-aaaabtck,21.746
mp-aaaabtcl,32.099
mp-aaaabtcn,22.439
mp-aaaabtcq,30.017
mp-aaaabtcs,39.972
mp-aaaabtct,43.169
mp-aaaabtcv,154.491
mp-aaaabtcw,61.151
mp-aaaabtcx,53.428
mp-aaaabtcz,54.807
mp-aaaabtda,56.173
mp-aaaabtdc,81.552
mp-aaaabtdd,89.283
mp-aaaabtde,57.293
mp-aaaabtdi,64.176
mp-aaaabtdj,231.621
mp-aaaabtee,34.135
mp-aaaabteg,12.984
mp-aaaabtej,31.59
mp-aaaabtem,90.199
mp-aaaabtfb,190.304
mp-aaaabtff,195.874
mp-aaaabtfk,75.199
mp-aaaabtfn,140.779
mp-aaaabtfo,101.93
mp-aaaabtfq,96.827
mp-aaaabtft,173.449
mp-aaaabtfu,204.598
mp-aaaabtfv,38.126
mp-aaaabtfw,119.01
mp-aaaabtgc,107.72
mp-aaaabtgd,106.265
mp-aaaabtge,52.608
mp-aaaabtgf,123.959
mp-aaaabtgg,105.976
mp-aaaabtgj,116.726
mp-aaaabtgk,86.981
mp-aaaabtgl,100.153
mp-aaaabtgp,52.666
mp-aaaabtgq,149.253
mp-aaaabtgr,143.323
mp-aaaabtgs,145.218
mp-aaaabtgt,177.039
mp-aaaabtgw,47.714
mp-aaaabtgx,139.182
mp-aaaabtgy,109.138
mp-aaaabthb,136.626
mp-aaaabthc,68.534
mp-aaaabthi,76.471
mp-aaaabthj,131.951
mp-aaaabthl,60.804
mp-aaaabthr,103.802
mp-aaaabths,180.429
mp-aaaabtht,175.481
mp-aaaabthx,53.54
mp-aaaabtiu,38.321
mp-aaaabtiw,45.747
mp-aaaabtix,49.454
mp-aaaabtjb,135.145
mp-aaaabtjc,127.561
mp-aaaabtjd,166.368
mp-aaaabtje,167.969
mp-aaaabtjh,127.531
mp-aaaabtjo,177.165
mp-aaaabtjq,74.25
mp-aaaabtjr,120.013
mp-aaaabtjs,118.806
mp-aaaabtjt,107.755
mp-aaaabtkc,113.596
mp-aaaabtkd,99.541
mp-aaaabtke,111.017
mp-aaaabtkf,97.364
mp-aaaabtkg,110.808
mp-aaaabtll,11.826
mp-aaaabtln,44.345
mp-aaaabtlp,68.584
mp-aaaabtlq,63.522
mp-aaaabtlt,62.527
mp-aaaabtlu,59.331
mp-aaaabtlv,69.74
mp-aaaabtlz,110.96
mp-aaaabtmf,54.978
mp-aaaabtmg,242.519
mp-aaaabtmh,76.899
mp-aaaabtmj,259.63
mp-aaaabtmm,333.76
mp-aaaabtmn,350.814
mp-aaaabtmo,130.242
mp-aaaabtms,89.025
mp-aaaabtmv,126.008
mp-aaaabtna,36.254
mp-aaaabtnb,32.073
mp-aaaabtnc,25.566
mp-aaaabtnf,81.931
mp-aaaabtng,135.254
mp-aaaabtnh,217.916
mp-aaaabtni,29.691
mp-aaaabtnj,27.747
mp-aaaabtnk,30.336
mp-aaaabtnl,29.762
mp-aaaabtnp,113.99
mp-aaaabtnq,116.057
mp-aaaabtnt,183.899
mp-aaaabtnu,112.559
mp-aaaabtnv,39.515
mp-aaaabtoa,68.686
mp-aaaabtod,268.478
mp-aaaabtoe,216.251
mp-aaaabtof,179.585
mp-aaaabtog,193.868
mp-aaaabtom,127.669
mp-aaaabton,89.583
mp-aaaabtoo,140.627
mp-aaaabtop,76.14
mp-aaaabtoq,56.978
mp-aaaabtor,75.202
mp-aaaabtov,51.162
mp-aaaabtox,894034.2
mp-aaaabtoy,143.336
mp-aaaabtpb,226.168
mp-aaaabtpf,102.67
mp-aaaabtpg,68.314
mp-aaaabtph,104.819
mp-aaaabtpi,84.603
mp-aaaabtpj,124.378
mp-aaaabtpk,80.792
mp-aaaabtpl,119.342
mp-aaaabtpm,5155.567
mp-aaaabtpp,212.903
mp-aaaabtpy,56.392
mp-aaaabtpz,205.117
mp-aaaabtqa,210.488
mp-aaaabtqd,79.566
mp-aaaabtqe,154.553
mp-aaaabtqf,789818.62
mp-aaaabtqg,170.268
mp-aaaabtqi,142.674
mp-aaaabtqj,160.432
mp-aaaabtqk,102.187
mp-aaaabtql,136.97
mp-aaaabtqm,145.047
mp-aaaabtqn,243.933
mp-aaaabtqo,259.644
mp-aaaabtqp,202.97
mp-aaaabtqq,240.535
mp-aaaabtqu,211.734
mp-aaaabtqw,221.479
mp-aaaabtqz,-69344.427
mp-aaaabtrd,-5957.078
mp-aaaabtre,282.841
mp-aaaabtrf,148.847
mp-aaaabtrj,178.536
mp-aaaabtrk,71.526
mp-aaaabtrn,114.555
mp-aaaabtro,103.006
mp-aaaabtrp,26.768
mp-aaaabtrq,52.636
mp-aaaabtru,105.49
mp-aaaabtrv,125.541
mp-aaaabtrw,72.174
mp-aaaabtrx,78.306
mp-aaaabtry,79.823
mp-aaaabtse,24.169
mp-aaaabtth,56.904
mp-aaaabttq,1.042
mp-aaaabttt,82.991
mp-aaaabtud,10.068
mp-aaaabtum,0.919
mp-aaaabtun,0.727
mp-aaaabtuo,1.125
mp-aaaabtvp,26.626
mp-aaaabtwh,6.14
mp-aaaabtwt,106.197
mp-aaaabtwz,144.347
mp-aaaabtxa,35.76
mp-aaaabtxn,113.246
mp-aaaabtxu,5.622
mp-aaaabtxz,30.335
mp-aaaabtyl,96.711
mp-aaaabtyp,43.029
mp-aaaabtyu,14.126
mp-aaaabtzc,72.813
mp-aaaabtzk,87.972
mp-aaaabtzl,153.967
mp-aaaabtzq,35.625
mp-aaaabtzx,101.89
mp-aaaabuaa,36.478
mp-aaaabuau,153.924
mp-aaaabuaw,162.11
mp-aaaabuax,163.461
mp-aaaabuay,164.678
mp-aaaabubo,65.165
mp-aaaabubq,146.973
mp-aaaabubs,38.213
mp-aaaabubt,39.321
mp-aaaabubu,38.63
mp-aaaabubw,45.356
mp-aaaabubx,38.096
mp-aaaabubz,43.884
mp-aaaabuca,34.655
mp-aaaabuce,81.877
mp-aaaabucf,89.711
mp-aaaabucm,46.54
mp-aaaabucu,50.135
mp-aaaabucv,93.143
mp-aaaabucw,82.477
mp-aaaabucx,102.933
mp-aaaabucy,30.043
mp-aaaabucz,53.25
mp-aaaabude,72.759
mp-aaaabudi,93.639
mp-aaaabudk,131.215
mp-aaaabudl,204.228
mp-aaaabudm,133.148
mp-aaaabudn,184.183
mp-aaaabuef,102.072
mp-aaaabuei,103.987
mp-aaaabuej,71.325
mp-aaaabuem,45.872
mp-aaaabuet,267.109
mp-aaaabueu,14.548
mp-aaaabufj,23.376
mp-aaaabuge,28.801
mp-aaaabugz,71.396
mp-aaaabuhq,58.384
mp-aaaabuhx,62.451
mp-aaaabuiu,28.365
mp-aaaabuiw,6.144
mp-aaaabuiy,70.027
mp-aaaabuja,91.094
mp-aaaabujh,143.036
mp-aaaabujj,118.985
mp-aaaabujt,17.296
mp-aaaabukh,12.244
mp-aaaabukm,17.963
mp-aaaabukx,106.569
mp-aaaabuky,75.905
mp-aaaabulb,107.37
mp-aaaabulu,131.74
mp-aaaabulw,47.255
mp-aaaabulx,60.473
mp-aaaabumd,119.17
mp-aaaabune,78.942
mp-aaaabunh,95.635
mp-aaaabuni,70.882
mp-aaaabunj,82.523
mp-aaaabunr,118.226
mp-aaaabuns,99.372
mp-aaaabunt,149.831
mp-aaaabunu,176.103
mp-aaaabunv,161.485
mp-aaaabunw,142.704
mp-aaaabunx,136.523
mp-aaaabuny,144.54
mp-aaaabunz,165.084
mp-aaaabuoa,193.533
mp-aaaabuoh,150.991
mp-aaaabuoi,69.668
mp-aaaabuoj,118.269
mp-aaaabupk,47.106
mp-aaaabupm,49.609
mp-aaaabupq,53.455
mp-aaaabupy,65.953
mp-aaaabwdw,140.204
mp-aaaabwes,197.042
mp-aaaabwhl,39.492
mp-aaaabwix,226.442
mp-aaaabwmu,10.267
mp-aaaabwnz,52.857
mp-aaaabwor,1.099
mp-aaaabwqx,11.738
mp-aaaabwsl,134.172
mp-aaaabwva,225.032
mp-aaaabwvy,10.942
mp-aaaabwwj,113.322
mp-aaaabwwl,163.713
mp-aaaabwwm,100.901
mp-aaaabwxt,334.316
mp-aaaabwys,268.043
mp-aaaabwzg,80.158
mp-aaaabwzj,5.902
mp-aaaabxan,255.97
mp-aaaabxhq,46.754
mp-aaaabxjf,53.265
mp-aaaabxjh,182.932
mp-aaaabxpm,49.655
mp-aaaabxrw,67.777
mp-aaaabxta,53.367
mp-aaaabxux,53.412
mp-aaaabxvn,58.043
mp-aaaabxxb,6.627
mp-aaaabydc,22.92
mp-aaaabyhp,183.266
mp-aaaabyip,24.277
mp-aaaabykv,68.677
mp-aaaabyof,28.627
mp-aaaabypm,14.402
mp-aaaabyqy,42.014
mp-aaaabysv,20.023
mp-aaaabysz,48.648
mp-aaaabyui,-7.386
mp-aaaabyxu,25.022
mp-aaaabyzk,42.873
mp-aaaabyzr,45.54
mp-aaaabzab,50.115
mp-aaaabzdz,39.246
mp-aaaabzff,65.472
mp-aaaabzjz,64.932
mp-aaaabzor,14.294
mp-aaaabzql,63.914
mp-aaaabztx,153.169
mp-aaaabzvn,15.286
mp-aaaabzxi,8.054
mp-aaaabzzr,47.8
mp-aaaacabl,133.616
mp-aaaacace,131.316
mp-aaaacaeu,48.787
mp-aaaacaga,9.228
mp-aaaacajc,43.726
mp-aaaacakf,103.312
mp-aaaacaox,34.738
mp-aaaacaqx,53.745
mp-aaaacasy,58.192
mp-aaaacavt,46.015
mp-aaaacayb,21.234
mp-aaaacayj,61.871
mp-aaaacban,58.787
mp-aaaacbbp,289.181
mp-aaaacbdd,8.64
mp-aaaacbht,53.466
mp-aaaacbhx,124.08
mp-aaaacbiq,98.649
mp-aaaacbje,53.348
mp-aaaacbjy,104.609
mp-aaaacbkx,53.996
mp-aaaacboc,20.518
mp-aaaacbor,65.942
mp-aaaacboy,27.991
mp-aaaacbqe,18.724
mp-aaaacbth,132.524
mp-aaaacbzc,120.072
mp-aaaaccae,16.357
mp-aaaaccaw,106.534
mp-aaaaccdk,60.875
mp-aaaaccgc,91.502
mp-aaaacchn,-34614.003
mp-aaaacckl,88.628
mp-aaaacckp,51.111
mp-aaaacclb,47.891
mp-aaaacclk,243.254
mp-aaaaccnw,122.947
mp-aaaaccox,40.19
mp-aaaaccqu,35.297
mp-aaaaccwp,23.229
mp-aaaaccyz,25.367
mp-aaaacdht,136.531
mp-aaaacdlh,134.531
mp-aaaacdmw,108.889
mp-aaaacdsj,95.423
mp-aaaacdvp,49.59
mp-aaaacdxg,68.329
mp-aaaaceax,45.569
mp-aaaaceby,98.683
mp-aaaacefu,101.094
mp-aaaacegx,62.636
mp-aaaacejn,20.812
mp-aaaacena,141.676
mp-aaaaceqi,170.849
mp-aaaaceus,21.215
mp-aaaacfcv,16.764
mp-aaaacfgh,46.042
mp-aaaacfhl,19.433
mp-aaaacfla,268.54
mp-aaaacflz,203.358
mp-aaaacfqw,21.714
mp-aaaacfwb,275.66
mp-aaaacgsf,103.839
mp-aaaachjz,29.868
mp-aaaachlt,289.195
mp-aaaachmi,31.533
mp-aaaachod,141.408
mp-aaaaciiz,225.484
mp-aaaacizj,21659772.647
mp-aaaackeg,28.677
mp-aaabcsjn,106.995
mp-aaabcslm,20.885
mp-aaabcsls,19.203
mp-aaabcsnz,149.153
mp-aaabcsor,57.14
mp-aaabcspb,60.998
mp-aaabcspf,88.94
mp-aaabcspw,1.924
mp-aaabcsqd,54.646
mp-aaabcsqr,11.305
mp-aaabcsqt,68.624
mp-aaabcsrd,181.136
mp-aaabcsrk,51.897
mp-aaabcsws,131.73
mp-aaabcsxo,141.455
mp-aaabcsyp,38.231
mp-aaabctbh,93.891
mp-aaabctbv,83.812
mp-aaabctcs,56.918
mp-aaabctdv,163.342
mp-aaabctis,37.252
mp-aaabctja,20.916
mp-aaabctjb,178.372
mp-aaabctjg,7.783
mp-aaabctjj,66.243
mp-aaabctkm,22.682
mp-aaabctkr,167.095
mp-aaabctly,109.376
mp-aaabctmm,68.732
mp-aaabctmn,168.993
mp-aaabctnj,7.167
mp-aaabctnv,81.905
mp-aaabctnw,72.64
mp-aaabctpg,40.636
mp-aaabctus,111.202
mp-aaabctux,62.734
mp-aaabctuz,183.851
mp-aaabctvj,-24962.342
mp-aaabctvn,27.657
mp-aaabctvw,176.642
mp-aaabctwk,172.302
mp-aaabctwz,-182.273
mp-aaabctxc,112.279
mp-aaabctyd,142.304
mp-aaabcufc,141.767
mp-aaabcufd,134.593
mp-aaabcufe,21.231
mp-aaabcufz,114.365
mp-aaabcuga,90.931
mp-aaabcugq,25067.184
mp-aaabcugs,189.963
mp-aaabcugu,27.319
mp-aaabcugv,32.694
mp-aaabdaoi,14.598
mp-aaabdaos,44.387
mp-aaabdarg,22.797
mp-aaabdata,125.941
mp-aaabdatv,117.026
mp-aaabdavs,18.92
mp-aaabdaxe,208.603
mp-aaabdaxj,29.868
mp-aaabdays,26.65
mp-aaabdayt,30.845
mp-aaabdazu,78.507
mp-aaabdazw,190.777
mp-aaabdbav,85.387
mp-aaabdbaw,86.458
mp-aaabdbax,98.6
mp-aaabdbay,97.929
mp-aaabdbbd,176.474
mp-aaabdbbg,230.632
mp-aaabdbby,22.544
mp-aaabdbcf,88.536
mp-aaabdbcj,121.073
mp-aaabdbet,53.972
mp-aaabdbfz,27.061
mp-aaabdbgv,15.276
mp-aaabdbjf,184.008
mp-aaabdbjj,218.157
mp-aaabdblz,111.118
mp-aaabeedm,219.382
mp-aaabeele,184.943
mp-aaabeepz,196.082
mp-aaabegkp,189.975
mp-aaabetge,43.445
mp-aaabetqo,22.716
mp-aaabetrs,54.425
mp-aaabetsr,9.466
mp-aaabetyx,69.975
mp-aaabetzj,3.799
mp-aaabetzp,14.975
mp-aaabetzr,178.662
mp-aaabeuaj,215.004
mp-aaabeubn,9.811
mp-aaabeuei,128.27
mp-aaabeueu,5.474
mp-aaabeuev,17.53
mp-aaabeugb,7.489
mp-aaabeuhr,28.435
mp-aaabeuif,1.991
mp-aaabeuig,8.137
mp-aaabeuir,40.697
mp-aaabeujd,13.66
mp-aaabeujn,148.827
mp-aaabeupg,176.981
mp-aaabeush,12.286
mp-aaabeusv,65.707
mp-aaabeuvt,47.287
mp-aaabeuyh,71.587
mp-aaabeuyr,20.093
mp-aaabeuyz,12.438
mp-aaabeval,22.482
mp-aaabevfv,18.725
mp-aaabevgg,35.777
mp-aaabevks,41.734
mp-aaabevlx,8.161
mp-aaabevma,2.809
mp-aaabevnx,10.752
mp-aaabevoa,117.411
mp-aaabevqd,36.443
mp-aaabevqh,10.141
mp-aaabevqt,30.612
mp-aaabevrt,32.329
mp-aaabevtt,39.851
mp-aaabevwr,58.715
mp-aaabevxq,24.097
mp-aaabevyd,196.967
mp-aaabevyg,126.402
mp-aaabevym,155.28
mp-aaabevzk,38.66
mp-aaabewas,141.033
mp-aaabewau,48.382
mp-aaabewei,74.92
mp-aaabewgi,-11789.582
mp-aaabewgt,-5009419.169
mp-aaabewkr,65.593
mp-aaabewkx,92.251
mp-aaabewlu,76.111
mp-aaabewlx,1.09
mp-aaabewng,64.172
mp-aaabewqa,65.098
mp-aaabewqb,203.483
mp-aaabewqc,1.962
mp-aaabewqp,32.56
mp-aaabewrb,170.049
mp-aaabewsu,141.112
mp-aaabewwg,249.054
mp-aaabewwo,2.832
mp-aaabewxh,56.557
mp-aaabewyb,444.605
mp-aaabewyp,25.629
mp-aaabewzk,9.638
mp-aaabexaf,90.488
mp-aaabexba,58.465
mp-aaabexcx,111.123
mp-aaabexdd,248.693
mp-aaabexdj,106.208
mp-aaabexgr,104.158
mp-aaabexho,11.422
mp-aaabfasu,56.269
mp-aaabfaxn,56.183
mp-aaabfayb,27.645
mp-aaabfayc,17.966
mp-aaabfazg,86.059
mp-aaabfazx,61.877
mp-aaabfbco,114.796
mp-aaabfbiq,70.5
mp-aaabfbjw,58.353
mp-aaabfbra,121.145
mp-aaabfbrz,86.643
mp-aaabfbsl,74.762
mp-aaabfbvb,85.731
mp-aaabfbwv,142.55
mp-aaabfbxm,42.279
mp-aaabfbxw,63.228
mp-aaabfbzs,111.81
mp-aaabfccg,67.212
mp-aaabfcct,22.781
mp-aaabfcfm,69.604
mp-aaabfclg,27.617
mp-aaabfcna,63.433
mp-aaabfcpx,69.714
mp-aaabfcqj,15.769
mp-aaabfcsd,174.661
mp-aaabfctj,10.709
mp-aaabfcwk,67.396
mp-aaabfcwo,35.06
mp-aaabjyfv,180.881
mp-aaabjyfw,136.47
mp-aaabjyfx,182.019
mp-aaabjyfy,103.38
mp-aaabjyfz,36.436
mp-aaabjyga,114.568
mp-aaabjygb,111.116
mp-aaabjygd,56.712
mp-aaabjygh,107.248
mp-aaabjygi,25.669
mp-aaabjygl,119.44
mp-aaabjygm,24.543
mp-aaabjygn,59.944
mp-aaabjygo,37.563
mp-aaabjygp,1097.704
mp-aaabjygq,43.591
mp-aaabjygr,54.894
mp-aaabjygv,116.857
mp-aaabjygw,113.956
mp-aaabjygx,61.312
mp-aaabjygy,99.01
mp-aaabjygz,140.592
mp-aaabjyha,96.422
mp-aaabjyhb,170.769
mp-aaabjyhc,91.718
mp-aaabjyhe,65.046
mp-aaabjyhf,106.645
mp-aaabjyhg,117.004
mp-aaabjyhh,209.201
mp-aaabjyhj,76.897
mp-aaabjyhk,173.98
mp-aaabjyhm,69.602
mp-aaabjyhp,55.577
mp-aaabjyjp,448.872
mp-aaabjykr,84.228
mp-aaabjyly,150.025
mp-aaabjyog,114.439
mp-aaabjzgd,112.984
mp-aaabjzhi,0.038
mp-aaabjzjr,202.519
mp-aaabjzjz,11.732
mp-aaabjzne,44.136
mp-aaabjzos,137.887
mp-aaabjzwz,23.709
mp-aaabkacu,16.673000000000002
mp-aaabkbew,193.287
mp-aaabkcnf,23.521
mp-aaabkcvx,21.406
mp-aaabkcvz,0.157
mp-aaabkcwq,14.213
mp-aaabkczn,48.082
mp-aaabkddr,58.943
mp-aaabkdht,129.596
mp-aaabkeau,51.353
mp-aaabkekn,65.52
mp-aaabkexs,4.298
mp-aaabkfds,157.963
mp-aaabkfgb,38.83
mp-aaabkfhw,190.307
mp-aaabkfie,179.376
mp-aaabkfih,209.896
mp-aaabkfik,176.402
mp-aaabkfjs,102.587
mp-aaabkfsp,200.71
mp-aaabkfwk,72.894
mp-aaabkgox,19.651
mp-aaabkgrv,87.487
mp-aaabkhed,248.749
mp-aaabkhee,63.552
mp-aaabkhfq,53.459
mp-aaabkhlr,581411.305
mp-aaabkiwn,9.79
mp-aaabkkgh,168.56
mp-aaabkkix,1.972
mp-aaabkklh,845763.171
mp-aaabkkoo,161.55
mp-aaabkkpy,117.643
mp-aaabkkui,145.405
mp-aaabkkwf,43.783
mp-aaabkkxb,32.741
mp-aaabkldq,64.785
mp-aaabklft,39.169
mp-aaabklop,74.091
mp-aaabklou,18.824
mp-aaabkluq,128.509
mp-aaabknac,170.181
mp-aaabknap,254.919
mp-aaabknpj,7.65
mp-aaabkogh,195.665
mp-aaabkorc,190.35
mp-aaabkorr,191.732
mp-aaabkoxy,58.929
mp-aaabkozf,35.005
mp-aaabkpew,76.044
mp-aaabkpfd,37.878
mp-aaabkphe,9.349
mp-aaabkphf,21.889
mp-aaabkpia,94.858
mp-aaabkpir,13.624
mp-aaabkpod,11.873
mp-aaabkpor,14.628
mp-aaabkpou,20.548
mp-aaabkpoy,51.372
mp-aaabkpph,108.766
mp-aaabkppn,15.531
mp-aaabkpsx,9.772
mp-aaabkpta,38.587
mp-aaabkpun,103.322
mp-aaabkpvj,8.86
mp-aaabkqgk,36.372
mp-aaabkqgt,28.159
mp-aaabkqhu,29.989
mp-aaabkqpd,176.085
mp-aaabkqqv,18.439
mp-aaabkqzx,44.442
mp-aaabkrab,42.514
mp-aaabkras,86.912
mp-aaabkrbk,57.274
mp-aaabkrbr,21.446
mp-aaabkrby,95.473
mp-aaabkrca,188.8
mp-aaabkrcb,63.812
mp-aaabkrdf,190.686
mp-aaabkrgf,42.316
mp-aaabkrhj,21.647
mp-aaabkrjt,184.583
mp-aaabkrjv,123.281
mp-aaabkrkj,22.363
mp-aaabkrkm,101.103
mp-aaabkrkq,46.464
mp-aaabkrop,4.674
mp-aaabkrrx,49.084
mp-aaabkrtr,59.389
mp-aaabkrud,299.812
mp-aaabkujr,154.562
mp-aaabkuvw,49.399
mp-aaabkviy,59.344
mp-aaabkvua,444.534
mp-aaabkytz,35.751
mp-aaablgrc,98.773
mp-aaablkkg,67.946
mp-aaabmced,78.848
mp-aaabmche,18.076
mp-aaabmckj,77.88
mp-aaabmclu,149.807
mp-aaabmcrk,196.318
mp-aaabmdab,155.521
mp-aaabmdac,187.018
mp-aaabmgkx,71.135
mp-aaabmglc,177.562
mp-aaabmgld,-1.17
mp-aaabmglu,90.431
mp-aaabmgly,57.601
mp-aaabmgmd,230.256
mp-aaabmgmj,152.324
mp-aaabmgnf,32.333
mp-aaabmgnh,163.42
mp-aaabmgnm,101.06
mp-aaabmgnr,85.206
mp-aaabmgpd,86.695
mp-aaabmgpg,95.132
mp-aaabmgpw,93.999
mp-aaabmgql,168.202
mp-aaabmgqo,146.821
mp-aaabmgrc,64.039
mp-aaabmhaz,187.886
mp-aaabmhbp,169.932
mp-aaabmhda,46.694
mp-aaabmhvf,24.142
mp-aaabmhvi,210.46
mp-aaabmhyd,135.747
mp-aaabminb,201.279
mp-aaabmjhe,0.108
mp-aaabmjtm,52.012
mp-aaabmklt,49.179
mp-aaabmknx,48.972
mp-aaabmkon,187.689
mp-aaabmkro,20.048
mp-aaabmkse,51.832
mp-aaabmkue,208.145
mp-aaabmkum,65.035
mp-aaabmkyl,13.435
mp-aaabmkyp,23.924
mp-aaabmlak,168.606
mp-aaabmlaz,64.673
mp-aaabmlfg,35.091
mp-aaabmlfk,132.026
mp-aaabmlfx,31.593
mp-aaabmlhz,27.308
mp-aaabmllq,61.042
mp-aaabmlon,41.864
mp-aaabmlqi,41.016
mp-aaabmlqp,79.739
mp-aaabmlsg,71.34
mp-aaabmlvk,45.399
mp-aaabmlwg,61.605
mp-aaabmmcg,77.971
mp-aaabmmjh,6.185
mp-aaabmmqa,304.511
mp-aaabmmts,47.494
mp-aaabmmuu,14.241
mp-aaabmmwo,43.286
mp-aaabmnhd,197.857
mp-aaabmnpg,22.877
mp-aaabmnqn,58.829
mp-aaabmnzj,29.965
mp-aaabmsxx,125.829
mp-aaabmxwx,79.394
mp-aaabmysl,141.633
mp-aaabmysr,47.174
mp-aaabmyvf,23.552
mp-aaabmyvp,79.879
mp-aaabmyvv,119.442
mp-aaabmywz,97.13
mp-aaabmyzg,126.271
mp-aaabmzgz,55.493
mp-aaabmzjo,189.803
mp-aaabmzkh,30.068
mp-aaabmzlx,208.48
mp-aaabmznw,137.137
mp-aaabmzpq,108.701
mp-aaabnasd,60.062
mp-aaabnauh,35.658
mp-aaabnhur,10.776
mp-aaabnhvs,127.744
mp-aaabnhwr,22.335
mp-aaabnhwv,25.075
mp-aaabnhxa,39.431
mp-aaabnpjm,7.855
mp-aaabnppe,16.778
mp-aaabnptq,-123.405
mp-aaabnqij,54.317
mp-aaabnqlg,104.788
mp-aaabnqry,226.426
mp-aaabnqse,26.171
mp-aaabnrcw,75.094
mp-aaabnrde,42.322
mp-aaabnrdk,41.59
mp-aaabnrei,177.478
mp-aaabnrfk,22.706
mp-aaabnrfz,15.606
mp-aaabnrgo,75.603
mp-aaabnrgv,15.217
mp-aaabnrgy,57.926
mp-aaabnrip,119.121
mp-aaabnrol,52.729
mp-aaabnsbm,60.988
mp-aaaboaqo,29.325
mp-aaaboeuu,27.358
mp-aaabogza,57.584
mp-aaabpbaw,25.943
mp-aaabpbrz,0.145
mp-aaabpclq,19.43
mp-aaabpdkj,135.395
mp-aaabpjau,2.505
mp-aaabpkvk,144.449
mp-aaabqvak,98.185
mp-aaabqvan,35.661
mp-aaabqvbb,139.921
mp-aaabqvbm,38.534
mp-aaabqvcx,177.394
mp-aaabqvdb,94.407
mp-aaabqvee,154.987
mp-aaabqvll,105.128
mp-aaabqvne,64.347
mp-aaabqvnj,206.243
mp-aaabqvqw,166.16
mp-aaabqvrn,42.328
mp-aaabqvrt,139.254
mp-aaabqvsz,45.823
mp-aaabqvut,68.307
mp-aaabqvvn,53.161
mp-aaabqvvt,133.961
mp-aaabqvzv,38.582
mp-aaabqwar,61.32
mp-aaabqwbi,57.622
mp-aaabqwdo,128.506
mp-aaabqwei,64.424
mp-aaabqwey,53.82
mp-aaabqwfb,6.489
mp-aaabqwfd,182.734
mp-aaabqwgg,100.303
mp-aaabqwhl,27.725
mp-aaabqwho,90.615
mp-aaabqwja,115.762
mp-aaabqwjg,6.758
mp-aaabqwji,190.218
mp-aaabqwjr,155.464
mp-aaabqwkc,50.447
mp-aaabqwlk,44.218
mp-aaabqwlv,32.045
mp-aaabqwme,68.884
mp-aaabqwpf,212.133
mp-aaabqwqk,127.282
mp-aaabqwqp,169.58
mp-aaabqwra,60.947
mp-aaabqwrc,38.109
mp-aaabqwsj,39.822
mp-aaabqwtx,178.775
mp-aaabqwuk,113.68
mp-aaabqwuv,26.248
mp-aaabqwvj,75.036
mp-aaabqwvt,153.477
mp-aaabqwwu,19.518
mp-aaabqwwv,188.024
mp-aaabqwxj,53.971
mp-aaabqwyf,129.156
mp-aaabqwyu,135.307
mp-aaabqwyy,18.076
mp-aaabqwzh,126.672
mp-aaabqwzi,41.616
mp-aaabqxag,5.74
mp-aaabqxah,233.926
mp-aaabqxbi,85.994
mp-aaabqxbp,165.391
mp-aaabqxcg,43.223
mp-aaabqxch,80.308
mp-aaabqxck,137.672
mp-aaabqxdf,184.155
mp-aaabqxee,89.756
mp-aaabqxfu,201.621
mp-aaabqxgc,119.536
mp-aaabqxgp,138.263
mp-aaabqxgy,119.03
mp-aaabqxhy,76.01
mp-aaabqxji,11.688
mp-aaabqxkj,96.558
mp-aaabqxkk,90.85
mp-aaabqxlb,91.596
mp-aaabqxlo,141.282
mp-aaabqxmd,80.061
mp-aaabqxmn,101.62
mp-aaabqxng,24.57
mp-aaabqxog,100.001
mp-aaabqxoj,17.642
mp-aaabqxov,126.323
mp-aaabqxow,147.559
mp-aaabqxoy,124.136
mp-aaabqxpe,203.819
mp-aaabqxpi,78.024
mp-aaabqxpt,82.3
mp-aaabqxpu,114.302
mp-aaabqxpy,79.157
mp-aaabqxqb,181.883
mp-aaabqxqc,69.683
mp-aaabqxqj,179.215
mp-aaabqxrd,63.25
mp-aaabqxsf,114.265
mp-aaabqxte,90.724
mp-aaabqxtm,25.074
mp-aaabqxuc,103.132
mp-aaabqxwk,104.977
mp-aaabqxwo,58.425
mp-aaabqxwp,150.981
mp-aaabqxwv,231.655
mp-aaabqxxg,101.841
mp-aaabqxxl,120.948
mp-aaabqxxo,50.896
mp-aaabqxxu,63.922
mp-aaabqxxz,109.181
mp-aaabqxya,144.406
mp-aaabqxyl,141.836
mp-aaabqxzl,92.512
mp-aaabqxzn,169.342
mp-aaabqyab,14.134
mp-aaabqyas,212.613
mp-aaabqybn,138.896
mp-aaabqych,89.409
mp-aaabqyck,204.4
mp-aaabqycm,103.674
mp-aaabqycp,33.577
mp-aaabqydb,142.058
mp-aaabqydi,104.052
mp-aaabqydv,33.215
mp-aaabqydw,59.926
mp-aaabqyel,106.927
mp-aaabqyeo,95.497
mp-aaabqyer,96.985
mp-aaabqyes,39.043
mp-aaabqyew,61.175
mp-aaabqyfv,69.553
mp-aaabqygy,78.145
mp-aaabqyhh,114.047
mp-aaabqyia,187.289
mp-aaabqyih,69.185
mp-aaabqyjx,62.487
mp-aaabqykc,177.458
mp-aaabqyku,187.179
mp-aaabqykw,160.143
mp-aaabqykz,135.519
mp-aaabqylj,146.353
mp-aaabqylq,59.984
mp-aaabqymn,109.287
mp-aaabqymy,186.14
mp-aaabqynf,135.891
mp-aaabqynx,63.943
mp-aaabqypc,132.923
mp-aaabqypg,128.947
mp-aaabqypj,4.557
mp-aaabqypr,87.263
mp-aaabqypt,89.39
mp-aaabqypu,62.741
mp-aaabqyqh,118.856
mp-aaabqyqs,52.215
mp-aaabqyrr,174.624
mp-aaabqyrz,82.791
mp-aaabqysi,17.011
mp-aaabqytc,109.67
mp-aaabqytx,79.013
mp-aaabqyue,39.278
mp-aaabqyuy,15.981
mp-aaabqyvh,17.479
mp-aaabqyvo,23.555
mp-aaabqyvq,75.269
mp-aaabqywm,129.822
mp-aaabqyww,61.719
mp-aaabqywz,101.668
mp-aaabqyxe,104.305
mp-aaabqyza,182.223
mp-aaabqyzf,139.796
mp-aaabqyzx,154.271
mp-aaabqzax,47.537
mp-aaabqzca,55.978
mp-aaabqzdf,189.101
mp-aaabqzex,99.101
mp-aaabqzfd,93.569
mp-aaabqzge,136.012
mp-aaabqzgf,158.131
mp-aaabqzgp,33.052
mp-aaabqzgq,234.957
mp-aaabqzhn,109.381
mp-aaabqzht,41.23
mp-aaabqzhy,73.687
mp-aaabqzia,208.643
mp-aaabqzic,162.315
mp-aaabqzij,11.108
mp-aaabqzin,172.651
mp-aaabqzis,155.028
mp-aaabqzix,69.64
mp-aaabqzjc,87.588
mp-aaabqzjq,172.4
mp-aaabqzka,106.444
mp-aaabqzla,86.526
mp-aaabqznf,37.616
mp-aaabqznu,133.226
mp-aaabqznx,130.329
mp-aaabqzoj,208298.157
mp-aaabqzow,100.02
mp-aaabqzoy,17.77
mp-aaabqzpb,212.651
mp-aaabqzrj,107.968
mp-aaabqzrk,83.732
mp-aaabqzrs,69.089
mp-aaabqzsi,103.348
mp-aaabqzsk,72.246
mp-aaabqzsv,64.896
mp-aaabqzta,82.441
mp-aaabqzti,150.108
mp-aaabqztx,84.366
mp-aaabqzvi,28.615
mp-aaabqzvn,76.461
mp-aaabqzwz,19.511
mp-aaabqzxa,181.643
mp-aaabqzxy,80.014
mp-aaabqzzr,213.895
mp-aaabraab,159.745
mp-aaabraed,179.336
mp-aaabraew,71.014
mp-aaabraex,119.003
mp-aaabrafw,183.115
mp-aaabrahj,38.429
mp-aaabrahy,67.632
mp-aaabrajq,79.228
mp-aaabrakg,74.437
mp-aaabralj,62.925
mp-aaabrami,151.127
mp-aaabramo,70.86
mp-aaabraoa,20.591
mp-aaabraoc,144.42
mp-aaabraqd,29.394
mp-aaabrare,188.656
mp-aaabrarz,19.59
mp-aaabrauj,137.377
mp-aaabrawv,121.879
mp-aaabrbbu,42.149
mp-aaabrbfx,95.328
mp-aaabrbhe,191.925
mp-aaabrbhm,215.16
mp-aaabrbjf,129.509
mp-aaabrbnc,62.775
mp-aaabrbwp,146.153
mp-aaabrbzg,69.93
mp-aaabrcej,2648476.645
mp-aaabrdjw,72.986
mp-aaabrdlw,142.138
mp-aaabrdtm,54.712
mp-aaabrdwd,170.465
mp-aaabrees,175.385
mp-aaabrefc,36.273
mp-aaabrehe,84.622
mp-aaabrekj,126.556
mp-aaabrenz,127.552
mp-aaabrert,204.847
mp-aaabrfpd,65.978
mp-aaabrfsu,177.534
mp-aaabrgcb,53.165
mp-aaabrgcv,45.218
mp-aaabrgep,196.991
mp-aaabrgvf,13.233
mp-aaabrgvg,52.449
mp-aaabrgvl,81.684
mp-aaabrgwa,215.809
mp-aaabrgwe,58.661
mp-aaabrgwf,188.369
mp-aaabrgwh,120.187
mp-aaabrgwm,94.162
mp-aaabrgwo,31.26
mp-aaabrgwp,99.855
mp-aaabrgws,170.984
mp-aaabrgwt,28.938
mp-aaabrgwv,11.88
mp-aaabrgxk,95.16
mp-aaabrgxr,2368209.083
mp-aaabrgzi,2.658
mp-aaabrgzj,103.12
mp-aaabrgzs,54.146
mp-aaabrhbn,106.055
mp-aaabrhuo,237.818
mp-aaabrhuq,52.257
mp-aaabrizq,182.505
mp-aaabrjau,30.323
mp-aaabrndo,140.834
mp-aaabrock,25.933
mp-aaabrplx,94.546
mp-aaabrpva,155.372
mp-aaabrpwg,46.834
mp-aaabrrft,34.76
mp-aaabrrkf,34.924
mp-aaabrskb,38.444
mp-aaabrsls,78.825
mp-aaabrslt,125.554
mp-aaabrsof,122.77
mp-aaabrsok,57.541
mp-aaabrspq,147.015
mp-aaabrsqg,151.834
mp-aaabrsqq,13.588
mp-aaabrsux,152.13
mp-aaabrsym,55.637
mp-aaabrtcq,11.204
mp-aaabrtjs,69.273
mp-aaabrtjy,22.378
mp-aaabrtsq,117.205
mp-aaabrttf,113.974
mp-aaabrtxi,19.456
mp-aaabrtyr,85.195
mp-aaabrucz,71.196
mp-aaabruov,276089.317
mp-aaabrvfy,86.219
mp-aaabrwaj,99.64
mp-aaabrwfb,141.067
mp-aaabrwpz,154.842
mp-aaabrxbr,161.174
mp-aaabryed,127.189
mp-aaabrzom,57.048
mp-aaabrzsb,16.088
mp-aaabsaua,163.816
mp-aaabscaq,53.764
mp-aaabscgv,22.146
mp-aaabscis,6.146
mp-aaabsdov,217.87
mp-aaabsdoz,33.661
mp-aaabsdqu,115.534
mp-aaabsduo,139.432
mp-aaabsdup,128.193
mp-aaabsdur,194.576
mp-aaabsdus,188.21
mp-aaabsdvr,127.742
mp-aaabsebj,22.014
mp-aaabsebx,200.242
mp-aaabseen,123.896
mp-aaabsegb,177.628
mp-aaabsekm,50.551
mp-aaabsens,196.653
mp-aaabseps,206.646
mp-aaabseql,212.727
mp-aaabsera,228.207
mp-aaabsesq,211.548
mp-aaabsfgq,55.283
mp-aaabsfhf,115.543
mp-aaabsfml,93.296
mp-aaabsgan,160.352
mp-aaabsgaw,106.131
mp-aaabshlc,46.367
mp-aaabsjdl,135.285
mp-aaabsjen,43.258
mp-aaabskga,27.439
mp-aaabsqsc,240.432
mp-aaabsqsd,221.367
mp-aaabwiae,12.703
mp-aaabwjtz,125.464
mp-aaabwjuw,0.312
mp-aaabwjux,9.928
mp-aaabwpgx,42.412
mp-aaabwzyk,24.697
mp-aaabwzym,4.842
mp-aaabxaae,38.568
mp-aaabxajc,42.162
mp-aaabxajv,39.202
mp-aaabxajx,75.998
mp-aaabxajz,91.797
mp-aaabxako,53.36
mp-aaabxakp,84.313
mp-aaabxakr,117.832
mp-aaabxakv,43.757
mp-aaabxaky,78.497
mp-aaabxala,53.848
mp-aaabxaoa,78.771
mp-aaabxaog,48.605
mp-aaabxaom,60.928
mp-aaabxaor,69.171
mp-aaabxaow,252.716
mp-aaabxapc,99.243
mp-aaabxapd,69.273
mp-aaabxapf,182.047
mp-aaabxapk,44.988
mp-aaabxapl,65.489
mp-aaabxapn,150.337
mp-aaabxapo,59.121
mp-aaabxapp,102.805
mp-aaabxapq,303.39
mp-aaabxapx,159.815
mp-aaabxapz,193.269
mp-aaabxaqa,172.0
mp-aaabxaqb,190.189
mp-aaabxaqd,29.61
mp-aaabxaqf,28.633
mp-aaabxaqg,127.909
mp-aaabxaql,50.293
mp-aaabxaqm,106.05
mp-aaabxaqn,101.664
mp-aaabxaqq,194.37
mp-aaabxaqs,134.07
mp-aaabxaqu,48.714
mp-aaabxaqv,61.849
mp-aaabxaqw,120.366
mp-aaabxaqx,125.906
mp-aaabxaqz,38.577
mp-aaabxara,221.989
mp-aaabxarb,149.879
mp-aaabxarg,191.953
mp-aaabxatg,67.493
mp-aaabxatp,94.385
mp-aaabxatr,39.982
mp-aaabxats,107.809
mp-aaabxatu,36.51
mp-aaabxayt,2.551
mp-aaabxayy,47.445
mp-aaabxayz,187.786
mp-aaabxazb,137.66
mp-aaabxazc,39.953
mp-aaabxaze,104.19
mp-aaabxazg,93.343
mp-aaabxazh,77.804
mp-aaabxazi,206.944
mp-aaabxazj,68.935
mp-aaabxazk,43.131
mp-aaabxazo,114.419
mp-aaabxazp,89.781
mp-aaabxazw,69.136
mp-aaabxbaa,85.118
mp-aaabxbab,86.815
mp-aaabxbaf,82.613
mp-aaabxbai,234.152
mp-aaabxbaj,160.28
mp-aaabxbam,230.754
mp-aaabxban,49.683
mp-aaabxbbe,102.194
mp-aaabxbbf,182.434
mp-aaabxbbg,86.57
mp-aaabxbbh,54.296
mp-aaabxbbj,116.199
mp-aaabxbbk,120.749
mp-aaabxbbl,36.968
mp-aaabxbbn,34.933
mp-aaabxbbo,34.346
mp-aaabxbbr,179.835
mp-aaabxbbu,57.65
mp-aaabxbbv,41.038
mp-aaabxbbz,185.431
mp-aaabxbcb,193.542
mp-aaabxbcc,190.046
mp-aaabxbcd,52.428
mp-aaabxbce,73.728
mp-aaabxbcg,153.777
mp-aaabxbcj,190.201
mp-aaabxbco,61.312
mp-aaabxbcw,145.981
mp-aaabxbcx,252.209
mp-aaabxbda,213.322
mp-aaabxbdb,165.426
mp-aaabxbdf,184.197
mp-aaabxbdp,63.714
mp-aaabxbdq,59.723
mp-aaabxbns,144.311
mp-aaabxbnv,66.919
mp-aaabxbnw,79.006
mp-aaabxbny,52.817
mp-aaabxbox,199.23
mp-aaabxboy,238.376
mp-aaabxboz,46.985
mp-aaabxbpa,145.894
mp-aaabxbpb,200.601
mp-aaabxbpg,151.998
mp-aaabxbph,147.585
mp-aaabxbpw,124.471
mp-aaabxbqa,165.822
mp-aaabxbqc,103.846
mp-aaabxbqd,42.615
mp-aaabxbqf,108.466
mp-aaabxbqn,19.725
mp-aaabxbqt,160.442
mp-aaabxbqw,113.161
mp-aaabxbqx,81.21
mp-aaabxbqy,85.089
mp-aaabxbrs,137.387
mp-aaabxbrt,145.388
mp-aaabxbsa,130.308
mp-aaabxbse,148.186
mp-aaabxbsf,-917507.827
mp-aaabxbsg,115.643
mp-aaabxbsh,109.754
mp-aaabxbsi,107.482
mp-aaabxbsj,139.753
mp-aaabxbsk,124.283
mp-aaabxbsl,108.026
mp-aaabxbud,123.752
mp-aaabxbue,164.547
mp-aaabxbul,123.096
mp-aaabxbum,120.565
mp-aaabxbuz,268.452
mp-aaabxbva,240.988
mp-aaabxbwb,111.847
mp-aaabxbwo,123.137
mp-aaabxbwu,43.284
mp-aaabxbyt,109.061
mp-aaabxbyw,110.743
mp-aaabxbyy,76.171
mp-aaabxbyz,34.711
mp-aaabxbzd,112.509
mp-aaabxbzf,50.306
mp-aaabxbzg,142.61
mp-aaabxbzl,181.046
mp-aaabxbzn,105.286
mp-aaabxbzp,37.721
mp-aaabxcak,297.088
mp-aaabxcam,68.896
mp-aaabxcan,325.952
mp-aaabxcay,216.114
mp-aaabxcaz,55.598
mp-aaabxcba,146.391
mp-aaabxcbc,317.142
mp-aaabxcbi,174.685
mp-aaabxcbl,33.104
mp-aaabxcbp,58.815
mp-aaabxcbr,43.83
mp-aaabxcbs,321.281
mp-aaabxcbu,270.586
mp-aaabxcbv,154.264
mp-aaabxccb,139.016
mp-aaabxccd,31.487
mp-aaabxcce,29.043
mp-aaabxcch,156.139
mp-aaabxcdb,308.427
mp-aaabxcdc,76.785
mp-aaabxcdd,144.978
mp-aaabxcde,92.453
mp-aaabxcdi,51.066
mp-aaabxcdj,71.48
mp-aaabxcdk,86.047
mp-aaabxcdm,141.67
mp-aaabxcdn,38.715
mp-aaabxcdp,219.307
mp-aaabxcds,94.264
mp-aaabxcdt,70.948
mp-aaabxcdx,42.546
mp-aaabxcdz,151.886
mp-aaabxcea,65.63
mp-aaabxcec,111.605
mp-aaabxcee,145.945
mp-aaabxcek,24.648
mp-aaabxcel,179.509
mp-aaabxcem,43.612
mp-aaabxceo,211.649
mp-aaabxcep,185.345
mp-aaabxcer,75.034
mp-aaabxces,56.494
mp-aaabxcet,235.29
mp-aaabxceu,270.525
mp-aaabxcew,79.681
mp-aaabxcex,91.964
mp-aaabxcey,123.901
mp-aaabxcez,220.942
mp-aaabxcfa,201.076
mp-aaabxcfe,100.691
mp-aaabxcfg,137.361
mp-aaabxcfh,227.447
mp-aaabxcfi,189.038
mp-aaabxcfj,180.532
mp-aaabxcfk,66.506
mp-aaabxcfl,97.735
mp-aaabxcfn,80.346
mp-aaabxcfo,26.36
mp-aaabxcfp,27.344
mp-aaabxcfr,207.886
mp-aaabxcft,219.455
mp-aaabxcfv,54.069
mp-aaabxcfw,78.796
mp-aaabxcfy,148.873
mp-aaabxcga,64.957
mp-aaabxcgb,64.649
mp-aaabxcgc,58.086
mp-aaabxcgf,97.049
mp-aaabxcgi,25.727
mp-aaabxcgk,62.046
mp-aaabxcgl,73.024
mp-aaabxcgn,30.834
mp-aaabxcgp,45.405
mp-aaabxcgs,57.57
mp-aaabxcgu,92.277
mp-aaabxcgw,52.732
mp-aaabxcgx,53.986
mp-aaabxcgy,66.478
mp-aaabxcgz,39.675
mp-aaabxchb,55.055
mp-aaabxchd,17988714618.261
mp-aaabxchj,54.108
mp-aaabxchl,19.114
mp-aaabxchq,128.499
mp-aaabxchr,125.117
mp-aaabxchu,230.759
mp-aaabxchv,325.151
mp-aaabxchx,230.931
mp-aaabxcic,54.864
mp-aaabxcie,61.635
mp-aaabxcig,246.944
mp-aaabxcih,185.797
mp-aaabxcil,44.205
mp-aaabxcin,36.494
mp-aaabxcio,283.476
mp-aaabxciq,2.5460000000000003
mp-aaabxciv,80.55
mp-aaabxcjd,102.518
mp-aaabxcje,200.716
mp-aaabxcjf,82.368
mp-aaabxcjk,122.743
mp-aaabxcjl,109.742
mp-aaabxcjo,118.043
mp-aaabxcju,99.51
mp-aaabxcjv,172.516
mp-aaabxcjw,133.398
mp-aaabxckb,77.247
mp-aaabxckc,86.005
mp-aaabxckf,74.575
mp-aaabxckg,63.715
mp-aaabxckh,175.731
mp-aaabxcki,95.953
mp-aaabxckk,44.947
mp-aaabxckl,202.995
mp-aaabxckn,71.229
mp-aaabxcks,159.305
mp-aaabxckt,141.582
mp-aaabxcky,66.843
mp-aaabxckz,108.501
mp-aaabxcla,104.598
mp-aaabxclb,105.402
mp-aaabxclc,111.033
mp-aaabxcld,90.652
mp-aaabxclf,87.038
mp-aaabxclg,24.977
mp-aaabxcli,194.213
mp-aaabxclj,29.472
mp-aaabxclk,83.952
mp-aaabxcll,52.065
mp-aaabxclm,66.323
mp-aaabxcln,100.3
mp-aaabxclq,-264.609
mp-aaabxclr,80.185
mp-aaabxcls,90.9
mp-aaabxclt,42.236
mp-aaabxclu,66.309
mp-aaabxclv,48.969
mp-aaabxclw,67.273
mp-aaabxclx,83.697
mp-aaabxcly,87.525
mp-aaabxclz,98.86
mp-aaabxcma,44.865
mp-aaabxcmc,60.159
mp-aaabxcmd,79.05
mp-aaabxcme,60.32
mp-aaabxcmh,92.632
mp-aaabxcmi,111.806
mp-aaabxcmj,108.292
mp-aaabxcmk,90.071
mp-aaabxcml,55.77
mp-aaabxcmn,136.242
mp-aaabxcmo,40.229
mp-aaabxcmp,66.067
mp-aaabxcmr,80.394
mp-aaabxcmx,187.175
mp-aaabxcmy,80.514
mp-aaabxcne,40.038
mp-aaabxcnj,71.516
mp-aaabxcnm,65.291
mp-aaabxcnn,49.81
mp-aaabxcno,41.737
mp-aaabxcnq,38.084
mp-aaabxcnu,39.836
mp-aaabxcnw,60.967
mp-aaabxcny,59.195
mp-aaabxcoc,59.173
mp-aaabxcod,43.007
mp-aaabxcof,44.621
mp-aaabxcoi,40.01
mp-aaabxcoj,36.356
mp-aaabxcoo,117.777
mp-aaabxcoq,83.851
mp-aaabxcow,42.467
mp-aaabxcoy,39.146
mp-aaabxcpa,65.448
mp-aaabxcpd,39.687
mp-aaabxcpg,66.953
mp-aaabxcpi,82.867
mp-aaabxcpl,86.836
mp-aaabxcpn,64.38
mp-aaabxcpo,68.914
mp-aaabxcpp,60.36
mp-aaabxcpr,5.376
mp-aaabxcps,144.75
mp-aaabxcpu,3.842
mp-aaabxcpx,78.671
mp-aaabxcpy,61.036
mp-aaabxcqb,58.946
mp-aaabxcqc,58.544
mp-aaabxcqe,52.402
mp-aaabxcrd,105.611
mp-aaabxcri,4.313
mp-aaabxcrk,2.8
mp-aaabxcrl,4.864
mp-aaabxctg,72.864
mp-aaabxczz,37.562
mp-aaabxdaf,39.269
mp-aaabxdag,42.139
mp-aaabxdai,47.545
mp-aaabxdam,3.138
mp-aaabxdpj,59.553
mp-aaabxdpk,97.343
mp-aaabxdpm,62.306
mp-aaabxdpn,56.296
mp-aaabxdpr,57.209
mp-aaabxdpw,66.228
mp-aaabxdpz,64.936
mp-aaabxdqa,92.175
mp-aaabxdqb,80.655
mp-aaabxdqd,83.241
mp-aaabxdqe,54.634
mp-aaabxdqf,62.498
mp-aaabxdqg,64.404
mp-aaabxdqh,65.347
mp-aaabxdqi,61.633
mp-aaabxdqj,78.335
mp-aaabxdql,185.741
mp-aaabxdqq,71.259
mp-aaabxdqr,73.852
mp-aaabxdqs,64.276
mp-aaabxdqw,185.408
mp-aaabxdrb,2.9
mp-aaabxdrc,54.978
mp-aaabxdrd,55.755
mp-aaabxdre,48.974
mp-aaabxdri,54.51
mp-aaabxdrj,50.105
mp-aaabxdrk,45.993
mp-aaabxdrl,48.403
mp-aaabxdrn,16.554
mp-aaabxdrp,324.498
mp-aaabxdrq,37.606
mp-aaabxdrr,145.122
mp-aaabxdrt,97.769
mp-aaabxdrv,95.226
mp-aaabxdrw,97.934
mp-aaabxdrx,89.451
mp-aaabxdsa,139.163
mp-aaabxdsd,74.856
mp-aaabxdse,135.641
mp-aaabxdsf,89.689
mp-aaabxdsh,154.975
mp-aaabxdsm,96.963
mp-aaabxdsn,91.146
mp-aaabxdso,139.222
mp-aaabxdsp,126.347
mp-aaabxdsq,113.765
mp-aaabxdsr,50.028
mp-aaabxdss,101.867
mp-aaabxdst,125.414
mp-aaabxdsu,111.946
mp-aaabxdsv,92.259
mp-aaabxdsx,67.211
mp-aaabxdsy,51.164
mp-aaabxdtd,90.266
mp-aaabxdte,121.457
mp-aaabxdtl,16.33
mp-aaabxdtn,10.835
mp-aaabxdto,34.847
mp-aaabxjxv,223.046
mp-aaabxjxw,163.021
mp-aaabxjya,68.5
mp-aaabxjzu,121.874
mp-aaabxjzv,52.025
mp-aaabxkab,77.954
mp-aaabyfua,35.497
mp-aaabyhvh,21.596
mp-aaacapbk,127.878
mp-aaacapbl,115.909
mp-aaacapbm,123.819
mp-aaacbgit,172.61
mp-aaacbjfs,118.816
mp-aaacboiv,16.486
mp-aaacbufg,42.341
mp-aaacbzxc,33.622
mp-aaacccut,26.78
mp-aaaccfde,22.663
mp-aaacckiy,170.582
mp-aaaccsoj,48.554
mp-aaaccsok,158.831
mp-aaaccsol,45.125
mp-aaaccsom,25.882
mp-aaaccson,135.818
mp-aaaccsoo,119.158
mp-aaaccsop,143.448
mp-aaaccsoq,119.495
mp-aaaccsor,226.039
mp-aaaccsos,97.257
mp-aaaccsot,40.768
mp-aaaccsou,134.14
mp-aaaccsov,107.291
mp-aaaccsow,138.506
mp-aaaccsox,145.487
mp-aaaccsoy,157.629
mp-aaaccsoz,138.82
mp-aaaccspa,94.091
mp-aaaccspc,120.16
mp-aaaccspd,54.545
mp-aaaccspf,9801440.84
mp-aaaccspg,139.456
mp-aaaccsph,135.124
mp-aaaccspi,146.902
mp-aaaccspj,123.324
mp-aaaccspl,146.311
mp-aaaccspm,145.001
mp-aaaccspn,129.129
mp-aaaccspo,114.252
mp-aaaccspp,143.51
mp-aaaccspq,110.522
mp-aaaccspr,140.712
mp-aaaccsps,134.021
mp-aaaccspt,109.47
mp-aaaccspu,118.974
mp-aaaccspv,49.919
mp-aaaccspw,37.314
mp-aaaccspx,33.378
mp-aaaccspy,125.6
mp-aaaccspz,118.393
mp-aaaccsqa,136.177
mp-aaaccsqb,90.741
mp-aaaccsqd,96.833
mp-aaaccsqe,107.624
mp-aaaccsqf,106.206
mp-aaaccsqg,106.389
mp-aaaccsqh,85.096
mp-aaaccsqi,181.264
mp-aaaccsqj,95.062
mp-aaaccsqk,64.164
mp-aaaccsql,37.881
mp-aaaccsqm,74.991
mp-aaaccsqn,99.922
mp-aaaccsqp,28.036
mp-aaaccsqr,100.641
mp-aaaccsqs,165.342
mp-aaaccsqu,122.186
mp-aaaccsqv,93.141
mp-aaaccsqw,171.875
mp-aaaccsqx,154.395
mp-aaaccsqy,153.2
mp-aaaccsqz,133.908
mp-aaaccsrc,137.912
mp-aaaccsre,128.349
mp-aaaccsrf,117.613
mp-aaaccsrg,111.447
mp-aaaccsri,100.988
mp-aaaccsrj,42.619
mp-aaaccsrl,118.263
mp-aaaccsrm,141.318
mp-aaaccsrn,148.038
mp-aaaccsti,24.711
mp-aaacctef,25.109
mp-aaacctei,38.721
mp-aaacctej,31.472
mp-aaacctek,20.126
mp-aaacctel,35.592
mp-aaacctem,31.152
mp-aaaccten,20.701
mp-aaaccteo,21.842
mp-aaacctep,18.381
mp-aaaccteq,33.364
mp-aaaccter,40.089
mp-aaacctes,48.827
mp-aaacctet,35.436
mp-aaaccteu,26.23
mp-aaacctev,14.567
mp-aaacctew,36.492
mp-aaacctex,20.676
mp-aaacctey,25.431
mp-aaacctez,68.261
mp-aaacctfa,46.537
mp-aaacdaeq,59.233
mp-aaacdhil,76.842
mp-aaacdhjp,79.715
mp-aaacdhjq,75.91
mp-aaacdhjx,100.502
mp-aaacdhkb,23.495
mp-aaacdhkk,142.078
mp-aaacdhkl,68.864
mp-aaacdhkw,99.291
mp-aaacdhlc,98.68
mp-aaacdhld,72.558
mp-aaacdhle,42.101
mp-aaacdhlf,159.817
mp-aaacdhlg,227.552
mp-aaacdhlh,51.653
mp-aaacdhli,152.502
mp-aaacdhlo,60.274
mp-aaacdhlu,49.557
mp-aaacdhlw,48.624
mp-aaacdhmo,155.672
mp-aaacdhmp,183.726
mp-aaacdhmu,183.266
mp-aaacdhnc,108.873
mp-aaacdhnd,61.403
mp-aaacdhnh,18.132
mp-aaacdhnl,78.371
mp-aaacdhnn,51.452
mp-aaacdhod,209.272
mp-aaacdhox,66.15
mp-aaacdhpb,21.227
mp-aaacdhpy,24.583
mp-aaacdhpz,142.949
mp-aaacdhqi,176.569
mp-aaacdhqj,38.904
mp-aaacdhqz,98.999
mp-aaacdhrd,96.641
mp-aaacdhrf,95.012
mp-aaacdhrj,62.715
mp-aaacdhrk,-70.166
mp-aaacdhsl,128.444
mp-aaacdhtd,149.877
mp-aaacdhtf,130.313
mp-aaacdhti,78.261
mp-aaacdhto,40.818
mp-aaacdhtq,65.046
mp-aaacdhts,67.395
mp-aaacdhtw,65.75
mp-aaacdhub,62.206
mp-aaacdhuq,101.878
mp-aaacdhus,51.36
mp-aaacdhut,128.477
mp-aaacdhva,60.974
mp-aaacdhvc,150.672
mp-aaacdhvr,102.967
mp-aaacdhvv,68.975
mp-aaacdhwb,92.528
mp-aaacdhwm,84.713
mp-aaacdhws,-190687.407
mp-aaacdhxl,95.953
mp-aaacdhya,298.554
mp-aaacdhyg,92.401
mp-aaacdhyi,44.763
mp-aaacdhym,91.897
mp-aaacdhyw,96.796
mp-aaacdhza,53.312
mp-aaacdhze,217.28
mp-aaacdhzh,116.433
mp-aaacdhzj,203.583
mp-aaacdhzp,114.297
mp-aaacdhzu,34.443
mp-aaacdhzz,129.755
mp-aaacdiaa,94.083
mp-aaacdial,28.79
mp-aaacdiap,177.966
mp-aaacdibf,28.313
mp-aaacdicq,39.722
mp-aaacdido,37.737
mp-aaacdidr,146.226
mp-aaacdidt,26.92
mp-aaacdiek,130.278
mp-aaacdien,263.582
mp-aaacdier,250.356
mp-aaacdiez,167.17
mp-aaacdifc,233.898
mp-aaacdife,277.307
mp-aaacdifk,125.408
mp-aaacdift,238.733
mp-aaacdifu,179.691
mp-aaacdifx,217.331
mp-aaacdiga,68.836
mp-aaacdign,34.964
mp-aaacdihe,68.285
mp-aaacdihf,219.69
mp-aaacdihp,11.008
mp-aaacdiia,220.397
mp-aaacdiin,236.24
mp-aaacdiio,58.091
mp-aaacdijb,251.053
mp-aaacdijc,247.646
mp-aaacdije,261.344
mp-aaacdijf,15307.532
mp-aaacdijp,216.082
mp-aaacdike,24.014
mp-aaacdikf,96.534
mp-aaacdikq,14.69
mp-aaacdikw,36.324
mp-aaacdikz,26.806
mp-aaacdilw,230.659
mp-aaacdimg,94.349
mp-aaacdimp,65.872
mp-aaacdimu,68.674
mp-aaacdinq,225.06
mp-aaacdiod,57.35
mp-aaacdioe,42.339
mp-aaacdipq,38.754
mp-aaacdiqa,56.309
mp-aaacdiqh,62.377
mp-aaacdiqs,58.598
mp-aaacdiqw,84.809
mp-aaacdiqy,63.294
mp-aaacdiqz,84.394
mp-aaacdira,79.206
mp-aaacdirg,57.182
mp-aaacdirk,59.049
mp-aaacdirl,52.625
mp-aaacdirt,43.336
mp-aaacditt,40.91
mp-aaacdiup,83.971
mp-aaacdius,82.054
mp-aaacdivb,62.653
mp-aaacdivg,57.307
mp-aaacdivh,127.431
mp-aaacdivt,52.516
mp-aaacdivx,81.328
mp-aaacdivz,136.209
mp-aaacdiwu,83.302
mp-aaacdixg,44.231
mp-aaacdiyk,75.418
mp-aaacdizd,96.364
mp-aaacdize,46.102
mp-aaacdizk,144.11
mp-aaacdizn,83.175
mp-aaacdizo,82.602
mp-aaacdizz,117.273
mp-aaacdjad,98.224
mp-aaacdjbd,159.167
mp-aaacdjbe,90.641
mp-aaacdjbs,25.788
mp-aaacdjbu,286.173
mp-aaacdjcg,232.445
mp-aaacdjcl,130.571
mp-aaacdjcm,136.43
mp-aaacdjcv,52.214
mp-aaacdjcx,203.008
mp-aaacdjdd,199.027
mp-aaacdjdt,103.541
mp-aaacdjdy,107.16
mp-aaacdjeb,107.133
mp-aaacdjeg,15.512
mp-aaacdjei,59.118
mp-aaacdjej,117.54
mp-aaacdjel,125.306
mp-aaacdjeo,72.853
mp-aaacdjeq,81.231
mp-aaacdjey,22.072
mp-aaacdjfb,116.515
mp-aaacdjfe,90.144
mp-aaacdjff,118.555
mp-aaacdjfn,78.735
mp-aaacdjfo,29.518
mp-aaacdjfs,29.595
mp-aaacdjfu,72.984
mp-aaacdjgf,98.751
mp-aaacdjgv,32.912
mp-aaacdjgz,69.968
mp-aaacdjhd,49.862
mp-aaacdjhi,42.98
mp-aaacdjhl,177.267
mp-aaacdjho,86.527
mp-aaacdjhp,118.07
mp-aaacdjht,136.043
mp-aaacdjhu,135.881
mp-aaacdjhy,179.189
mp-aaacdjim,67.462
mp-aaacdjjg,203.337
mp-aaacdjjy,203.422
mp-aaacdjka,40.645
mp-aaacdjld,110.897
mp-aaacdjlg,17.144
mp-aaacdjli,54.59
mp-aaacdjlk,57.229
mp-aaacdjlq,172.9
mp-aaacdjlr,128.767
mp-aaacdjls,186.205
mp-aaacdjmm,68.284
mp-aaacdjmq,103.118
mp-aaacdjmy,102.363
mp-aaacdjnh,120.551
mp-aaacdjnj,35.22
mp-aaacdjnv,118.718
mp-aaacdjof,127.319
mp-aaacdjon,90.97
mp-aaacdjoo,104.061
mp-aaacdjop,78.798
mp-aaacdjov,179.795
mp-aaacdjoz,157.156
mp-aaacdjpc,135.67
mp-aaacdjpm,27.528
mp-aaacdjpu,52.516
mp-aaacdjpv,55.254
mp-aaacdjqb,199.466
mp-aaacdjqf,122.232
mp-aaacdjql,26.317
mp-aaacdjrl,6.279
mp-aaacdjrx,102.567
mp-aaacdjsa,40.739
mp-aaacdjss,19.467
mp-aaacdjsy,44.465
mp-aaacdjth,6.941
mp-aaacdjti,53.348
mp-aaacdjtj,180.938
mp-aaacdjtl,125.028
mp-aaacdjtm,104.31
mp-aaacdjtn,7.141
mp-aaacdjts,59.674
mp-aaacdjuq,53.035
mp-aaacdjvg,11.571
mp-aaacdjvp,38.78
mp-aaacdjwg,205.763
mp-aaacdjwh,30.915
mp-aaacdjwq,29.646
mp-aaacdjwr,178.413
mp-aaacdjxc,35.997
mp-aaacdjxm,28.486
mp-aaacdjyi,92.168
mp-aaacdjyo,143.223
mp-aaacdjzb,23.83
mp-aaacdjzs,130.571
mp-aaacdjzu,199.022
mp-aaacdkac,99.763
mp-aaacdkad,199.747
mp-aaacdkag,8.076
mp-aaacdkak,60.843
mp-aaacdkap,29.769
mp-aaacdkaz,49.414
mp-aaacdkbf,201.94
mp-aaacdkdk,9.969
mp-aaacdkdp,99.882
mp-aaacdkdq,319.664
mp-aaacdkdr,23.854
mp-aaacdkds,151.069
mp-aaacdkdu,67.89
mp-aaacdkdw,181.461
mp-aaacdkek,6.764
mp-aaacdkem,51.667
mp-aaacdker,65.477
mp-aaacdkeu,45.039
mp-aaacdkfb,44.851
mp-aaacdkfc,48.249
mp-aaacdkgk,92.21
mp-aaacdkgr,156.051
mp-aaacdkgs,9.269
mp-aaacdkha,4.901
mp-aaacdkhe,35.965
mp-aaacdkhf,4.92
mp-aaacdkhl,128.819
mp-aaacdkho,68.94
mp-aaacdkhy,70.073
mp-aaacdkie,191.106
mp-aaacdkif,69.957
mp-aaacdkjh,189.552
mp-aaacdkjk,41.172
mp-aaacdkjp,44.373
mp-aaacdkli,65.863
mp-aaacdklk,68.682
mp-aaacdklm,202.009
mp-aaacdkly,60.626
mp-aaacdkme,167.213
mp-aaacdkmp,53.458
mp-aaacdkmt,57.128
mp-aaacdkmz,43.402
mp-aaacdkna,40.994
mp-aaacdknh,76.656
mp-aaacdkni,51.75
mp-aaacdkno,90.32
mp-aaacdkou,22.639
mp-aaacdkow,46.456
mp-aaacdkpa,65.414
mp-aaacdkpe,143.059
mp-aaacdkpf,169.43
mp-aaacdkpl,51.616
mp-aaacdkpr,47.145
mp-aaacdkqj,93.654
mp-aaacdkqn,130.971
mp-aaacdkqs,36.572
mp-aaacdkqt,49.122
mp-aaacdkrf,51.146
mp-aaacdkri,157.415
mp-aaacdkrl,63.57
mp-aaacdkrm,47.768
mp-aaacdkro,140.931
mp-aaacdksc,112.124
mp-aaacdksm,177.355
mp-aaacdksz,210.715
mp-aaacdktb,207.427
mp-aaacdktg,41.518
mp-aaacdktw,66.319
mp-aaacdktx,48.916
mp-aaacdkug,29.761
mp-aaacdkur,90.383
mp-aaacdkut,119.616
mp-aaacdkux,174.379
mp-aaacdkva,42.273
mp-aaacdkxw,32.831
mp-aaacdkxx,178.452
mp-aaacdkxz,130.162
mp-aaacdkyc,34.408
mp-aaacdleb,52.564
mp-aaacdlfh,62.845
mp-aaacdlfy,14.872
mp-aaacdlhj,73.474
mp-aaacdlhr,41.961
mp-aaacdlhy,41.03
mp-aaacdlib,38.234
mp-aaacdlic,331.196
mp-aaacdlig,16.635
mp-aaacdlii,23.338
mp-aaacdlil,265.771
mp-aaacdlir,267.514
mp-aaacdlji,337.871
mp-aaacdlju,252.972
mp-aaacdljw,194.991
mp-aaacdlkl,56.88
mp-aaacdlkt,248.019
mp-aaacdlky,0.501
mp-aaacdllj,348.896
mp-aaacdlln,244.499
mp-aaacdllo,342.858
mp-aaacdllp,259.398
mp-aaacdllt,329.122
mp-aaacdlly,261.298
mp-aaacdlmc,366.016
mp-aaacdlmh,388.181
mp-aaacdlmj,400.846
mp-aaacdlmy,297.264
mp-aaacdlnb,352.99
mp-aaacdlnd,200.1
mp-aaacdlne,277.045
mp-aaacdlnk,162.958
mp-aaacdlnu,145.813
mp-aaacdlpf,206.425
mp-aaacdlpl,40.097
mp-aaacdlpr,51.522
mp-aaacdlpv,53.007
mp-aaacdlra,7.76
mp-aaacdlrh,185.152
mp-aaacdlrx,203.021
mp-aaacdlrz,116.681
mp-aaacdlsa,-90.51
mp-aaacdltd,81.774
mp-aaacdltg,249.556
mp-aaacdlth,68.071
mp-aaacdltp,350.663
mp-aaacdltr,5.574
mp-aaacdluc,57.029
mp-aaacdluf,5.319
mp-aaacdlug,47.164
mp-aaacdlwu,52.034
mp-aaacdlxy,9.273
mp-aaacdlya,116.027
mp-aaacdlyd,5.686
mp-aaacdlzi,5.4030000000000005
mp-aaacdlzq,62.88
mp-aaacdlzx,7.046
mp-aaacdmah,3.974
mp-aaacdmas,3.293
mp-aaacdmbj,21.468
mp-aaacdmbo,6.311
mp-aaacdmby,119.312
mp-aaacdmbz,6.657
mp-aaacdmcv,38.765
mp-aaacdmcw,3.34
mp-aaacdmdn,3.363
mp-aaacdmfl,5.203
mp-aaacdmfq,3.531
mp-aaacdmfv,182.079
mp-aaacdmga,4.908
mp-aaacdmgb,12.992
mp-aaacdmgc,3.577
mp-aaacdmgz,109.761
mp-aaacdmhi,5.083
mp-aaacdmhq,3.088
mp-aaacdmjc,3.5700000000000003
mp-aaacdmjr,4.327
mp-aaacdmjs,162.926
mp-aaacdmjx,57.477
mp-aaacdmjy,9.437
mp-aaacdmkb,3.694
mp-aaacdmkd,5.073
mp-aaacdmkn,365.253
mp-aaacdmmc,57.614
mp-aaacdmou,10.354
mp-aaacdmpi,122.161
mp-aaacdmpq,16.913
mp-aaacdmpy,117.294
mp-aaacdmqa,155.247
mp-aaacdmqi,195.873
mp-aaacdmqo,8.532
mp-aaacdmrt,20.132
mp-aaacdmrv,95.483
mp-aaacdmsp,17.884
mp-aaacdmsy,141.653
mp-aaacdmtc,133.382
mp-aaacdmtk,66.13
mp-aaacdmtn,74.482
mp-aaacdmua,20.725
mp-aaacdmuj,40.544
mp-aaacdmvj,149.618
mp-aaacdmvv,39.583
mp-aaacdmwa,84.711
mp-aaacdmwe,20.611
mp-aaacdmwq,38.168
mp-aaacdmws,40.141
mp-aaacdmwt,11.416
mp-aaacdmwv,123.719
mp-aaacdmxa,11.666
mp-aaacdmxe,84.653
mp-aaacdmxo,11.18
mp-aaacdmyh,172.329
mp-aaacdmyj,102.651
mp-aaacdmyl,112.414
mp-aaacdmyx,179.718
mp-aaacdmzb,160.872
mp-aaacdmzv,61.109
mp-aaacdnbr,44.916
mp-aaacdnbs,53.357
mp-aaacdnbv,40.599
mp-aaacdnby,55.675
mp-aaacdncb,139.787
mp-aaacdncc,52.906
mp-aaacdnck,10.655
mp-aaacdneg,36.577
mp-aaacdneq,259.08
mp-aaacdnfk,56.12
mp-aaacdnfl,29.094
mp-aaacdnfn,65.787
mp-aaacdngo,43.976
mp-aaacdngp,34.921
mp-aaacdngq,79.671
mp-aaacdngw,61.109
mp-aaacdngz,36.414
mp-aaacdnha,52.434
mp-aaacdnhb,40.703
mp-aaacdnhc,54.837
mp-aaacdnhg,62.475
mp-aaacdnhi,39.752
mp-aaacdnho,69.174
mp-aaacdnlp,55.032
mp-aaacdnmi,54.491
mp-aaacdnmn,51.881
mp-aaacdnmo,26.474
mp-aaacdnmr,35.965
mp-aaacdnmv,61.809
mp-aaacdnni,201.133
mp-aaacdnnq,51.524
mp-aaacdnoc,295.76
mp-aaacdnoq,37.416
mp-aaacdnpk,26.875
mp-aaacdnpw,38.321
mp-aaacdnpy,31.489
mp-aaacdnpz,55.153
mp-aaacdnqm,50.892
mp-aaacdnqu,22.645
mp-aaacdnqv,178.725
mp-aaacdnqw,62.466
mp-aaacdnqz,102.226
mp-aaacdnrc,203.988
mp-aaacdnrd,187.182
mp-aaacdnrk,51.835
mp-aaacdnrw,55.104
mp-aaacdnrx,55.325
mp-aaacdntk,41.51
mp-aaacdnuc,49.933
mp-aaacdnug,21.316
mp-aaacdnuj,22.028
mp-aaacdnuu,40.406
mp-aaacdnuw,22.421
mp-aaacdnvd,-83.57
mp-aaacdnvj,23.233
mp-aaacdnvq,39.674
mp-aaacdnwh,25.641
mp-aaacdnwp,24.671
mp-aaacdnwu,54.763
mp-aaacdnwv,69.29
mp-aaacdnxj,14.299
mp-aaacdnxk,33.683
mp-aaacdnxq,240.29
mp-aaacdnyo,104.481
mp-aaacdnyt,60.19
mp-aaacdnyv,80.791
mp-aaacdnyw,30.724
mp-aaacdnze,60.054
mp-aaacdnzh,75.216
mp-aaacdnzl,55.889
mp-aaacdnzp,126.053
mp-aaacdnzu,38.535
mp-aaacdnzv,19.333
mp-aaacdnzy,54.819
mp-aaacdoag,48.882
mp-aaacdoah,39.817
mp-aaacdoap,54.562
mp-aaacdobl,19.495
mp-aaacdobp,109.135
mp-aaacdocy,24.122
mp-aaacdodo,24.373
mp-aaacdoeg,18.827
mp-aaacdoei,18.913
mp-aaacdoel,103.934
mp-aaacdoem,64.88
mp-aaacdoen,24.704
mp-aaacdoeo,25.743
mp-aaacdoep,31.347
mp-aaacdoeq,20.824
mp-aaacdoer,187.278
mp-aaacdoex,83.985
mp-aaacdoey,15.36
mp-aaacdoez,133.921
mp-aaacdofg,19.461
mp-aaacdofp,49.057
mp-aaacdofr,24.716
mp-aaacdofs,33.222
mp-aaacdogt,31.547
mp-aaacdogv,20.736
mp-aaacdohe,131.667
mp-aaacdohh,33.082
mp-aaacdohi,34.091
mp-aaacdohp,54.104
mp-aaacdohr,92.604
mp-aaacdohs,54.936
mp-aaacdoie,44.174
mp-aaacdokb,33.418
mp-aaacdokc,140.637
mp-aaacdokd,16.677
mp-aaacdoke,25.865
mp-aaacdokh,13.866
mp-aaacdoki,23.55
mp-aaacdokk,23.562
mp-aaacdokp,102.841
mp-aaacdoks,114.527
mp-aaacdokt,44.412
mp-aaacdoku,30.515
mp-aaacdokv,36.226
mp-aaacdokw,54.534
mp-aaacdorc,52.284
mp-aaacdork,56.068
mp-aaacdorm,142.948
mp-aaacdoro,127.886
mp-aaacdowj,122.505
mp-aaacdowl,114.926
mp-aaacdoxc,50.836
mp-aaacdoxj,41.816
mp-aaacdoya,27.664
mp-aaacdoye,127.322
mp-aaacdoyg,86.001
mp-aaacdoyh,67.537
mp-aaacdoyq,144.369
mp-aaacdoyz,54.254
mp-aaacdozf,136.809
mp-aaacdozm,131.736
mp-aaacdozy,173.428
mp-aaacdpas,173.553
mp-aaacdpax,20.847
mp-aaacdpbb,164.639
mp-aaacdpbk,24.546
mp-aaacdpbr,33.868
mp-aaacdpby,96.01
mp-aaacdpcm,88.095
mp-aaacdpcv,161.359
mp-aaacdpdz,211.053
mp-aaacdpet,236.918
mp-aaacdpfs,104.533
mp-aaacdpfv,97.437
mp-aaacdpga,140.811
mp-aaacdpgg,21.725
mp-aaacdphj,9.507
mp-aaacdphk,13.813
mp-aaacdphl,10.549
mp-aaacdpjd,99.455
mp-aaacdpjf,140.05
mp-aaacdpji,9.908
mp-aaacdple,80.165
mp-aaacdplh,113.186
mp-aaacdpll,137.484
mp-aaacdplr,138.443
mp-aaacdplu,26.62
mp-aaacdplw,172.715
mp-aaacdpmg,186.78
mp-aaacdpmi,132.843
mp-aaacdpml,101.916
mp-aaacdpnh,39.728
mp-aaacdpns,190.453
mp-aaacdpnx,165.314
mp-aaacdpny,116.717
mp-aaacdpod,40.649
mp-aaacdpof,19.11
mp-aaacdpoq,22.193
mp-aaacdpox,20.429
mp-aaacdppi,21.078
mp-aaacdppo,75.341
mp-aaacdppu,37.523
mp-aaacdpqd,26.408
mp-aaacdprc,36.536
mp-aaacdprl,198.411
mp-aaacdprv,261.655
mp-aaacdpry,21.078
mp-aaacdpsw,183.641
mp-aaacdpum,67.816
mp-aaacdpun,256.583
mp-aaacdpuo,210.79
mp-aaacdpuq,216.901
mp-aaacdpus,101.795
mp-aaacdpuw,177.634
mp-aaacdpux,242.63
mp-aaacdpvb,144.382
mp-aaacdpvd,62.805
mp-aaacdpvg,58.633
mp-aaacdpvi,84.798
mp-aaacdpvj,3.636
mp-aaacdpvk,87.541
mp-aaacdpvo,57.675
mp-aaacdpvq,227.823
mp-aaacdpvr,142.517
mp-aaacdpvs,204.49
mp-aaacdpvt,95.25
mp-aaacdpvy,225.21
mp-aaacdpvz,73.027
mp-aaacdpwa,53.469
mp-aaacdpwe,113.246
mp-aaacdpwg,71.476
mp-aaacdpwh,84.673
mp-aaacdpwj,233.221
mp-aaacdpwl,12.052
mp-aaacdpwm,83.856
mp-aaacdpwp,197.44
mp-aaacdpwq,176.002
mp-aaacdpwx,89.835
mp-aaacdpwy,103.391
mp-aaacdpxa,68.967
mp-aaacdpxd,132.553
mp-aaacdpxg,-100838.684
mp-aaacdpxh,243.884
mp-aaacdpxj,174.554
mp-aaacdpxk,68.224
mp-aaacdpxm,188.842
mp-aaacdpxq,208.891
mp-aaacdpxr,179.07
mp-aaacdpxs,188.517
mp-aaacdpxu,136.968
mp-aaacdpxv,35.63
mp-aaacdpxw,148.971
mp-aaacdpxy,37.583
mp-aaacdpxz,205.066
mp-aaacdpya,121.198
mp-aaacdpyb,80.699
mp-aaacdpyl,140.937
mp-aaacdpys,121.203
mp-aaacdpyt,136.68
mp-aaacdqbm,203.512
mp-aaacdqbp,161.156
mp-aaacdqbt,206.099
mp-aaacdqbu,42.072
mp-aaacdqbx,238.342
mp-aaacdqby,56.628
mp-aaacdqbz,140.599
mp-aaacdqcb,196.255
mp-aaacdqcc,188.108
mp-aaacdqce,175.35
mp-aaacdqcf,63.365
mp-aaacdqcg,72.567
mp-aaacdqch,175.381
mp-aaacdqcl,73.819
mp-aaacdqcn,222.448
mp-aaacdqco,79.109
mp-aaacdqcp,209.556
mp-aaacdqcr,78.758
mp-aaacdqcs,101.961
mp-aaacdqcu,142.057
mp-aaacdqcw,70.817
mp-aaacdqcx,130.825
mp-aaacdqcy,175.266
mp-aaacdqcz,141.255
mp-aaacdqde,159.375
mp-aaacdqdg,64.52
mp-aaacdqdi,172.759
mp-aaacdqdj,183.332
mp-aaacdqdl,96.017
mp-aaacdqdp,60.245
mp-aaacdqth,217.767
mp-aaacdqtt,188.781
mp-aaacdqus,5.436
mp-aaacdqwp,52.345
mp-aaacdqwr,52.072
mp-aaacdqwu,41.583
mp-aaacdqwv,89.437
mp-aaacdqxb,50.071
mp-aaacdqxg,51.212
mp-aaacdrdg,35.144
mp-aaacdrdl,172.297
mp-aaacdrdo,151.681
mp-aaacdrdp,72.28
mp-aaacdrdr,84.27
mp-aaacdrds,50.041
mp-aaacdrdt,-11105.186
mp-aaacdrdu,80.271
mp-aaacdrdv,44.909
mp-aaacdrdw,26.088
mp-aaacdrdx,37.897
mp-aaacdrdy,42.072
mp-aaacdrdz,183.359
mp-aaacdrea,59.866
mp-aaacdreb,44.069
mp-aaacdrec,11.036
mp-aaacdree,40.626
mp-aaacdref,41.632
mp-aaacdreg,40.931
mp-aaacdreh,38.832
mp-aaacdrej,46.208
mp-aaacdrek,44.054
mp-aaacdrel,72.683
mp-aaacdreo,85.241
mp-aaacdrep,48.729
mp-aaacdrer,36.348
mp-aaacdres,41.535
mp-aaacdrfb,80.582
mp-aaacdrfc,69.102
mp-aaacdrmf,199.931
mp-aaacdrmg,232.071
mp-aaacdrmj,203.42
mp-aaacdrml,125.931
mp-aaacdrmm,129.631
mp-aaacdrmn,99.012
mp-aaacdrmo,64.254
mp-aaacdrmp,71.607
mp-aaacdrmq,264.313
mp-aaacdrmr,70.402
mp-aaacdrms,77.887
mp-aaacdrmu,182.901
mp-aaacdrmx,52.79
mp-aaacdrmz,153.635
mp-aaacdrnd,40.708
mp-aaacdrne,41.344
mp-aaacdrnf,61.458
mp-aaacdrni,122.702
mp-aaacdrnj,56.287
mp-aaacdrnn,81.396
mp-aaacdrno,84.687
mp-aaacdrnp,122.507
mp-aaacdrnr,54.144
mp-aaacdrnt,63.549
mp-aaacdrnx,44.605
mp-aaacdrny,73.122
mp-aaacdrob,57.325
mp-aaacdrog,55.814
mp-aaacdroh,52.76
mp-aaacdroj,59.622
mp-aaacdrok,66.598
mp-aaacdrol,56.065
mp-aaacdron,59.305
mp-aaacdroq,238.173
mp-aaacdros,218.927
mp-aaacdrot,83.241
mp-aaacdrov,61.688
mp-aaacdrpb,56.394
mp-aaacdrpc,53.46
mp-aaacdrpg,193.812
mp-aaacdrqi,134.376
mp-aaacdrrk,75.698
mp-aaacdrrl,46.667
mp-aaacdrya,56.106
mp-aaacdryb,47.667
mp-aaacdryc,32.856
mp-aaacdryl,57.031
mp-aaacdrym,58.628
mp-aaacdryt,55.425
mp-aaacdrzb,39.02
mp-aaacdrzc,93.022
mp-aaacdrzk,47.59
mp-aaacdrzl,55.99
mp-aaacdrzy,20.719
mp-aaacdsad,144.779
mp-aaacdsaf,90.062
mp-aaacdsah,44.748
mp-aaacdsai,45.849
mp-aaacdsbh,67.234
mp-aaacdsbl,49.767
mp-aaacdsch,68.02
mp-aaacdscl,64.962
mp-aaacdscr,53.468
mp-aaacdscs,59.661
mp-aaacdsda,145.68
mp-aaacdsdd,34.157
mp-aaacdsdy,55.434
mp-aaacdsea,146.405
mp-aaacdseb,33.088
mp-aaacdsem,52.8
mp-aaacdser,86.313
mp-aaacdsev,56.78
mp-aaacdsex,54.245
mp-aaacdsey,131.544
mp-aaacdsfi,76.495
mp-aaacdsfj,70.823
mp-aaacdsfk,68.08
mp-aaacdsfp,58.463
mp-aaacdsfr,135.403
mp-aaacdsgf,62.166
mp-aaacdsgh,67.086
mp-aaacdsgj,65.983
mp-aaacdsgk,20.33
mp-aaacdsgw,41.991
mp-aaacdshi,27.429
mp-aaacdshj,72.964
mp-aaacdsho,86.553
mp-aaacdsib,57.911
mp-aaacdsir,46.104
mp-aaacdsis,158.954
mp-aaacdskh,115.12
mp-aaacdsmq,71.509
mp-aaacdsow,35.996
mp-aaacdspu,65.115
mp-aaacdspz,46.981
mp-aaacdsqb,237.169
mp-aaacdsqd,231.554
mp-aaacdsqf,27.4
mp-aaacdsqg,96.964
mp-aaacdsqi,120.533
mp-aaacdsqx,67.917
mp-aaacdsqz,275.924
mp-aaacdsrd,32.87
mp-aaacdsre,110.647
mp-aaacdssx,41.081
mp-aaacdsvt,261.699
mp-aaacdsvx,56.229
mp-aaacdsvz,40.892
mp-aaacdswb,61.225
mp-aaacdswc,85.925
mp-aaacdswd,69.461
mp-aaacdswe,57.035
mp-aaacdswf,68.344
mp-aaacdswh,60.525
mp-aaacdswj,57.371
mp-aaacdswk,55.052
mp-aaacdswl,62.844
mp-aaacdswo,54.087
mp-aaacdswp,44.842
mp-aaacdswq,202.703
mp-aaacdsxn,35.469
mp-aaacdsxt,54.374
mp-aaacdtdm,36.589
mp-aaacdthg,59.82
mp-aaacdthj,65.616
mp-aaacdtit,211.21
mp-aaacdtol,36.414
mp-aaacdtow,218.716
mp-aaacdtpj,72.777
mp-aaacdtpr,169.646
mp-aaacdtpt,59.796
mp-aaacdtpu,63.799
mp-aaacdtpv,10.064
mp-aaacdtpw,9.676
mp-aaacdtpx,39.52
mp-aaacdtpy,31.688
mp-aaacdtqa,25.447
mp-aaacdtqf,20.968
mp-aaacdtqk,27.943
mp-aaacdtql,-179.252
mp-aaacdtqp,19.156
mp-aaacdtqq,18.16
mp-aaacdtqv,38.785
mp-aaacdtqw,36.361
mp-aaacdtqx,20.615
mp-aaacdtqz,93.151
mp-aaacdtrb,39.597
mp-aaacdtrc,34.65
mp-aaacdtrs,77.34
mp-aaacdtrv,106.657
mp-aaacdtrx,47.651
mp-aaacdtsj,28.124
mp-aaacdtsm,93.932
mp-aaacfxzc,97.832
mp-aaacfxzd,141.419
mp-aaacfxzk,44.971
mp-aaacfxzm,75.465
mp-aaacfxzs,135.707
mp-aaacfxzu,336.54
mp-aaacfxzv,51.441
mp-aaacfxzx,68.624
mp-aaacfxzy,231.325
mp-aaacfyab,116.852
mp-aaacfyad,44.722
mp-aaacfyae,177.04
mp-aaacfyaf,207.518
mp-aaacfyag,177.299
mp-aaacfyah,102.113
mp-aaacfyak,167.812
mp-aaacfyal,178.768
mp-aaacfyam,227.075
mp-aaacfyap,213.562
mp-aaacfyaq,51.499
mp-aaacfyas,167.75
mp-aaacfyax,79.184
mp-aaacfyay,137.255
mp-aaacfyba,173.777
mp-aaacfybb,38.574
mp-aaacfybd,185.482
mp-aaacfybg,255.04
mp-aaacfybh,41.321
mp-aaacfybo,45.001
mp-aaacfybp,80.465
mp-aaacfybq,37.437
mp-aaacfybs,49.329
mp-aaacfybu,145.885
mp-aaacfybv,140.699
mp-aaacfybw,78.996
mp-aaacfybz,13.477
mp-aaacfyce,46.26
mp-aaacfych,25.09
mp-aaacfycl,105.185
mp-aaacfycn,160.261
mp-aaacfyco,43.971
mp-aaacfycp,147.433
mp-aaacfycq,162.15
mp-aaacfycs,36.141
mp-aaacfycu,88.836
mp-aaacfycw,185.112
mp-aaacfycy,38.773
mp-aaacfycz,82.256
mp-aaacfyda,13.804
mp-aaacfydb,46.596
mp-aaacfydc,78.997
mp-aaacfyde,9.164
mp-aaacfydf,81.591
mp-aaacfydg,88.25
mp-aaacfydi,223.571
mp-aaacfydk,82.577
mp-aaacfydl,63.729
mp-aaacfydo,117.569
mp-aaacfydp,101.63
mp-aaacfydq,21.331
mp-aaacfydr,194.599
mp-aaacfydt,152.12
mp-aaacfydu,111.5
mp-aaacfydx,215.484
mp-aaacfyeb,104.241
mp-aaacfyee,213.851
mp-aaacfyef,259.237
mp-aaacfyeg,224.534
mp-aaacfyet,127.617
mp-aaacfyvz,187.164
mp-aaacfywa,197.069
mp-aaacfywb,153.404
mp-aaacfywf,155.423
mp-aaacfywh,166.014
mp-aaacfywi,153.925
mp-aaacfywl,175.285
mp-aaacfywn,96.02
mp-aaacfywp,142.867
mp-aaacfywq,173.83
mp-aaacfywr,182.457
mp-aaacfywt,99.841
mp-aaacfywv,376.878
mp-aaacfywy,21.748
mp-aaacfywz,17.731
mp-aaacfyxc,41.258
mp-aaacfyxd,49.307
mp-aaacfyxf,149.642
mp-aaacfyxk,128.806
mp-aaacfyxs,124.542
mp-aaacfyxu,70.298
mp-aaacfyxz,58.827
mp-aaacfyyd,77.099
mp-aaacfyye,49.451
mp-aaacfyyf,76.553
mp-aaacfyyj,65.841
mp-aaacfyyk,75.136
mp-aaacfyym,59.579
mp-aaacfyyo,75.872
mp-aaacfyyt,46.265
mp-aaacfyyw,42.42
mp-aaacfyyx,49.74
mp-aaacfyzd,93.197
mp-aaacfyzg,94.047
mp-aaacfyzi,125.165
mp-aaacfyzl,87.513
mp-aaacfyzm,271.821
mp-aaacfyzo,160.956
mp-aaacfyzp,185.839
mp-aaacfyzr,135.084
mp-aaacfyzs,76.985
mp-aaacfyzt,101.221
mp-aaacfyzu,156.878
mp-aaacfyzw,77.657
mp-aaacfzaa,59.177
mp-aaacfzac,304.326
mp-aaacfzal,109.911
mp-aaacfzan,78.626
mp-aaacfzat,79.438
mp-aaacfzau,55.059
mp-aaacfzbg,44.465
mp-aaacfzbm,37.325
mp-aaacfzbw,38.262
mp-aaacfzbz,69.944
mp-aaacfzcc,30.709
mp-aaacfzck,48.583
mp-aaacfzco,61.964
mp-aaacfzct,86.94
mp-aaacfzcu,126.738
mp-aaacfzcz,27.047
mp-aaacfzda,14.689
mp-aaacfzde,58.382
mp-aaacfzdi,58.83
mp-aaacfzds,104.067
mp-aaacfzen,353.873
mp-aaacfzeo,361.737
mp-aaacfzep,311.159
mp-aaacfzgh,77.229
mp-aaacfzgo,86.816
mp-aaacfzhw,57.378
mp-aaacfzia,69.96
mp-aaacfzib,57.809
mp-aaacfzii,387.147
mp-aaacfzij,15.6
mp-aaacfzmi,366.211
mp-aaacfzmk,348.768
mp-aaacfzml,384.053
mp-aaacfznq,84.186
mp-aaacfznr,38.053
mp-aaacfznt,27.165
mp-aaacfzob,165.345
mp-aaacfzoe,84.808
mp-aaacfzoj,19.85
mp-aaacfzom,104.084
mp-aaacfzon,89.845
mp-aaacfzpq,59.933
mp-aaacfzud,52.82
mp-aaacfzuh,36.162
mp-aaacfzuk,240.219
mp-aaacfzuo,56.908
mp-aaacfzuu,288.589
mp-aaacfzuz,32.261
mp-aaacfzvb,37.518
mp-aaacfzvc,32.355
mp-aaacfzwn,309.759
mp-aaacfzwp,322.518
mp-aaacfzwu,58.632
mp-aaacfzyb,86.821
mp-aaacfzyc,97.846
mp-aaacfzyd,78.808
mp-aaacfzye,89.668
mp-aaacfzyf,69.097
mp-aaacfzyg,65.77
mp-aaacfzyy,223.081
mp-aaacgadw,177.124
mp-aaacgadx,32.078
mp-aaacgafd,90.795
mp-aaacgafg,147.064
mp-aaacgafm,189.429
mp-aaacgafn,82.728
mp-aaacgaga,41.392
mp-aaacgagj,126.05
mp-aaacgagu,125.948
mp-aaacgamu,302.943
mp-aaacgamx,206.368
mp-aaacgaxf,83.023
mp-aaacgaxn,87.664
mp-aaacgazb,122.768
mp-aaacgbus,142.374
mp-aaacgbxv,117.612
mp-aaacgcvr,140.283
mp-aaacgcvv,15.287
mp-aaacgcvw,0.79
mp-aaacgczn,48.731
mp-aaacgczo,39.445
mp-aaacgczv,11.698
mp-aaacgdbq,35.604
mp-aaacgdcb,202.01
mp-aaacgdcl,75.852
mp-aaacgdcp,275.987
mp-aaacgddc,8.242
mp-aaacgdiy,33.105
mp-aaacgdiz,68.126
mp-aaacgdjc,76.475
mp-aaacgdje,64.143
mp-aaacgdnf,40.719
mp-aaacgdpw,27.035
mp-aaacgdxr,46.621
mp-aaacgeae,46.163
mp-aaacgedr,46.323
mp-aaacgeom,35.637
mp-aaacgeqz,41.717
mp-aaacgexl,107.236
mp-aaacgexn,145.569
mp-aaacgexo,145.368
mp-aaacgexp,46.107
mp-aaacgexq,30.978
mp-aaacgexs,112.469
mp-aaacgfaq,31.352
mp-aaacgfmz,126.208
mp-aaacgfnb,97.683
mp-aaacgfnc,104.037
mp-aaacgfnd,38.496
mp-aaacgfng,19.095
mp-aaacgfoj,41.748
mp-aaacgfpp,42.167
mp-aaacgfqe,43.917
mp-aaacgfqj,33.592
mp-aaacgful,34.78
mp-aaacgfuv,38.262
mp-aaacgfwg,33.841
mp-aaacggrs,10.685
mp-aaacggsc,9.262
mp-aaacggse,9.224
mp-aaacggsh,15.035
mp-aaacggxf,30.666
mp-aaacggxj,205.034
mp-aaacgifi,79.602
mp-aaacgifj,88.333
mp-aaacgifl,109.749
mp-aaacgifr,171.359
mp-aaacgigl,-8867885.836
mp-aaacgigm,161.456
mp-aaacgigp,104.289
mp-aaacgigs,251.607
mp-aaacgigt,86.857
mp-aaacgigv,247.431
mp-aaacgigw,110.424
mp-aaacgihm,146.818
mp-aaacgiht,177.35
mp-aaacgihx,79.591
mp-aaacgihy,163.795
mp-aaacgiie,79.699
mp-aaacgiig,189.776
mp-aaacgiiu,170.075
mp-aaacgiiv,140.178
mp-aaacgijd,1260344.36
mp-aaacgijg,193.609
mp-aaacgijr,157.22
mp-aaacgijt,53.735
mp-aaacgijv,232.651
mp-aaacgijz,246.928
mp-aaacgikb,76.389
mp-aaacgiku,70.145
mp-aaacgikx,11.861
mp-aaacgila,130.404
mp-aaacgild,84.386
mp-aaacgill,165.87
mp-aaacgilo,109.243
mp-aaacgilv,242.745
mp-aaacgily,72.283
mp-aaacgilz,216.199
mp-aaacgimg,115.869
mp-aaacgimi,79.76
mp-aaacgimq,66.669
mp-aaacgimw,30.602
mp-aaacgimx,63.633
mp-aaacgina,42.627
mp-aaacginb,87.39
mp-aaacginc,170.195
mp-aaacgine,53.382
mp-aaacginh,154.477
mp-aaacginl,131.585
mp-aaacginn,133.265
mp-aaacgino,771589.071
mp-aaacginq,224.584
mp-aaacgins,96.685
mp-aaacgint,104.193
mp-aaacginw,90.233
mp-aaacginx,35.076
mp-aaacgioa,48.783
mp-aaacgiob,166.232
mp-aaacgioc,64.874
mp-aaacgiod,165.827
mp-aaacgiof,17.305
mp-aaacgioh,197.567
mp-aaacgiok,100.763
mp-aaacgiol,84.543
mp-aaacgiom,292.905
mp-aaacgion,103.655
mp-aaacgiou,133.071
mp-aaacgiov,10.332
mp-aaacgiox,67.424
mp-aaacgioz,142.796
mp-aaacgipb,47.988
mp-aaacgipc,36.666
mp-aaacgipg,189.205
mp-aaacgiph,203.239
mp-aaacgipm,179.035
mp-aaacgipn,46.041
mp-aaacgipo,197.096
mp-aaacgipq,136.71
mp-aaacgipr,116.342
mp-aaacgips,92.785
mp-aaacgipt,86.188
mp-aaacgipx,108.798
mp-aaacgiqa,76.515
mp-aaacgiqe,96.87
mp-aaacgiqf,96.473
mp-aaacgiqg,96.793
mp-aaacgiqj,90.193
mp-aaacgiqk,93.026
mp-aaacgiqo,167.373
mp-aaacgiqq,126.95
mp-aaacgiqu,17.789
mp-aaacgiqz,97.33
mp-aaacgira,157.545
mp-aaacgird,144.919
mp-aaacgire,110.881
mp-aaacgirf,91.139
mp-aaacgirg,181.898
mp-aaacgirh,24.684
mp-aaacgiri,156.439
mp-aaacgirj,13.971
mp-aaacgirm,214.19
mp-aaacgirn,218.902
mp-aaacgiro,209.307
mp-aaacgirp,15.699
mp-aaacgirq,34.259
mp-aaacgirs,177.684
mp-aaacgirt,171.663
mp-aaacgiru,53.889
mp-aaacgirw,89.884
mp-aaacgirx,69.621
mp-aaacgiry,53.833
mp-aaacgisb,114.211
mp-aaacgisc,37.238
mp-aaacgise,92.096
mp-aaacgish,82.772
mp-aaacgisj,144.791
mp-aaacgism,154.449
mp-aaacgisr,163.164
mp-aaacgiss,148.263
mp-aaacgisu,112.537
mp-aaacgisw,197.309
mp-aaacgisz,165.622
mp-aaacgitb,183.707
mp-aaacgitc,21.11
mp-aaacgitd,101.134
mp-aaacgitf,27.918
mp-aaacgitg,132.603
mp-aaacgiti,95.313
mp-aaacgitl,19.075
mp-aaacgitm,76.389
mp-aaacgitn,160.099
mp-aaacgito,201.214
mp-aaacgitp,100.231
mp-aaacgitt,186.651
mp-aaacgitv,21.185
mp-aaacgity,14.059
mp-aaacgitz,98.232
mp-aaacgiuc,36.339
mp-aaacgiud,124.98
mp-aaacgiue,347382.73
mp-aaacgiuj,49.615
mp-aaacgiuk,152.092
mp-aaacgium,145.845
mp-aaacgiun,117.107
mp-aaacgiuo,22.211
mp-aaacgiup,37.73
mp-aaacgiur,180.729
mp-aaacgius,131.673
mp-aaacgiuu,194.2
mp-aaacgiuv,141.073
mp-aaacgiuw,134.393
mp-aaacgiuy,59.913
mp-aaacgivc,95.067
mp-aaacgivd,118.477
mp-aaacgive,189.634
mp-aaacgivi,198.864
mp-aaacgivk,155.926
mp-aaacgivl,6.037
mp-aaacgivm,5.079
mp-aaacgivn,85.957
mp-aaacgivp,10.114
mp-aaacgivq,49.149
mp-aaacgivr,160.424
mp-aaacgivx,200.192
mp-aaacgivy,196.589
mp-aaacgiwc,87.646
mp-aaacgiwf,116.907
mp-aaacgiwi,18.062
mp-aaacgiwj,171.945
mp-aaacgiwu,123.961
mp-aaacgiwv,110.101
mp-aaacgiwz,132.143
mp-aaacgixb,143.898
mp-aaacgixg,101.226
mp-aaacgixh,67.594
mp-aaacgixl,215.784
mp-aaacgixr,97.549
mp-aaacgixx,95.872
mp-aaacgiyb,195.615
mp-aaacgiyi,102.153
mp-aaacgiyj,116.677
mp-aaacgiyn,122.727
mp-aaacgiyp,112.151
mp-aaacgiyq,56.574
mp-aaacgiyr,126.648
mp-aaacgiyv,60.485
mp-aaacgizh,43.547
mp-aaacgizm,101.371
mp-aaacgjaf,174.748
mp-aaacgjai,63.497
mp-aaacgjal,259.931
mp-aaacgjam,100.012
mp-aaacgjbg,115.186
mp-aaacgjbh,118.146
mp-aaacgjbi,112.13
mp-aaacgjcf,19.502
mp-aaacgjcg,157.125
mp-aaacgjch,167.158
mp-aaacgjci,103.459
mp-aaacgjck,91.203
mp-aaacgjcn,212.426
mp-aaacgjcv,71.744
mp-aaacgjdb,19.263
mp-aaacgjdf,15.148
mp-aaacgjlv,13.904
mp-aaacgjos,17.107
mp-aaacgmog,18.749
mp-aaacgnti,16.447
mp-aaacgogj,19.986
mp-aaacgoop,104.541
mp-aaacgoov,132.827
mp-aaacgoow,122.599
mp-aaacgopa,152.958
mp-aaacgopf,159.589
mp-aaacgoqf,105.401
mp-aaacgoqg,83.514
mp-aaacgoqv,33.135
mp-aaacgoqy,39.935
mp-aaacgoqz,94.744
mp-aaacgorc,39.38
mp-aaacgorq,159.176
mp-aaacgoru,129.688
mp-aaacgorw,36.495
mp-aaacgorx,148.143
mp-aaacgory,147.437
mp-aaacgosh,66.018
mp-aaacgosj,67.613
mp-aaacgosr,63.702
mp-aaacgost,167.939
mp-aaacgotc,128.676
mp-aaacgoti,144.299
mp-aaacgotj,46.455
mp-aaacgotm,114.786
mp-aaacgott,112.952
mp-aaacgoud,87.366
mp-aaacgoue,114.728
mp-aaacgoul,129.861
mp-aaacgoum,135.298
mp-aaacgoup,87.392
mp-aaacgouq,118.753
mp-aaacgovc,39.714
mp-aaacgove,138.984
mp-aaacgovg,134.345
mp-aaacgovy,122.385
mp-aaacgowa,43.832
mp-aaacgowc,125.73
mp-aaacgowe,70.247
mp-aaacgown,94.162
mp-aaacgowo,154.566
mp-aaacgoww,60.312
mp-aaacgowz,131.461
mp-aaacgoxe,79.323
mp-aaacgoxj,91.659
mp-aaacgoxu,69.598
mp-aaacgoxv,24.172
mp-aaacgoyc,84.311
mp-aaacgoyk,112.846
mp-aaacgoyy,124.288
mp-aaacgoza,75.104
mp-aaacgozj,58.683
mp-aaacgozk,74.548
mp-aaacgozo,149.501
mp-aaacgozp,44.581
mp-aaacgozu,54.672
mp-aaacgpao,85.511
mp-aaacgpaz,37.747
mp-aaacgpba,39.663
mp-aaacgpbg,71.003
mp-aaacgpbs,80.904
mp-aaacgpbv,41.387
mp-aaacgpcf,44.14
mp-aaacgpck,79.531
mp-aaacgpdh,95.413
mp-aaacgpdo,48.894
mp-aaacgpea,141.881
mp-aaacgped,56.853
mp-aaacgpee,53.691
mp-aaacgpeh,71.871
mp-aaacgpei,86.996
mp-aaacgpfv,17.81
mp-aaacgpfy,161.671
mp-aaacgpgh,46.808
mp-aaacgpgp,52.788
mp-aaacgpgw,83.44
mp-aaacgpha,88.682
mp-aaacgphd,104.031
mp-aaacgphh,88.844
mp-aaacgphj,76.66
mp-aaacgphl,65.898
mp-aaacgphu,61.376
mp-aaacgpia,29.455
mp-aaacgpih,102.342
mp-aaacgpiu,83.069
mp-aaacgpix,148.878
mp-aaacgpja,108.798
mp-aaacgpjc,25.925
mp-aaacgpjj,119.793
mp-aaacgpjr,72.97
mp-aaacgpks,84.062
mp-aaacgpky,81.221
mp-aaacgpla,157.33
mp-aaacgple,92.015
mp-aaacgpmi,81.348
mp-aaacgpms,92.183
mp-aaacgpnr,110.992
mp-aaacgpoj,112.618
mp-aaacgpol,88.705
mp-aaacgpou,80.75
mp-aaacgppf,79.585
mp-aaacgqxf,16.34
mp-aaachcop,35.967
mp-aaachcoy,19.546
mp-aaachcqp,41.755
mp-aaachcsk,42.487
mp-aaachcso,20.499
mp-aaachcsz,40.104
mp-aaachcux,20.037
mp-aaachcwh,26.262
mp-aaachcwi,65.112
mp-aaachcxa,48.424
mp-aaachcyb,21.589
mp-aaachcym,40.284
mp-aaachcyp,40.188
mp-aaachdah,48.143
mp-aaachdbr,38.741
mp-aaachdcj,40.241
mp-aaachdck,38.471
mp-aaachdcl,39.454
mp-aaachddq,49.232
mp-aaachded,61.207
mp-aaachdeh,18.586
mp-aaachdei,41.638
mp-aaachdez,55.516
mp-aaachdff,32.75
mp-aaachdfg,25.36
mp-aaachdfm,46.143
mp-aaachdhe,39.456
mp-aaachdho,22.911
mp-aaachdij,19.475
mp-aaachdjq,41.447
mp-aaachdku,20.668
mp-aaachdkv,38.235
mp-aaachdlh,39.702
mp-aaachdns,21.47
mp-aaachdoh,29.005
mp-aaachdoj,18.063
mp-aaachdqg,38.04
mp-aaachdqt,26.729
mp-aaachdtc,30.802
mp-aaachfdz,197.673
mp-aaachgfy,81.581
mp-aaachgoh,85.547
mp-aaachhos,6.954
mp-aaachhpv,1.723
mp-aaachhqt,78.076
mp-aaachnky,27.729
mp-aaachovw,64.706
mp-aaachpav,60.487
mp-aaachpbg,63.223
mp-aaachpsj,105.439
mp-aaachwgl,59.925
mp-aaacidma,79.044
mp-aaacidmu,9.862
mp-aaacieaw,8.987
mp-aaaciegr,12.355
mp-aaacievi,120.896
mp-aaacifbn,89.968
mp-aaacifid,29.74
mp-aaacifix,23.422
mp-aaacigyq,32.605
mp-aaaciliy,-171.337
mp-aaacimmv,13.65
mp-aaaciojo,5.642
mp-aaaciouk,111.998
mp-aaacipap,88.221
mp-aaacipat,67.304
mp-aaacipiz,10.987
mp-aaaciqas,350.498
mp-aaaciqqt,87.558
mp-aaaciuim,56.912
mp-aaaciwgq,103.918
mp-aaaciycv,167.643
mp-aaaciycx,151.371
mp-aaaciyzo,87.707
mp-aaacizdd,28.836
mp-aaacjabt,65.924
mp-aaacjbcb,61.099
mp-aaacjbeg,60.169
mp-aaacjhja,61.628
mp-aaacjhoa,353.556
mp-aaacjhsr,156.801
mp-aaacjigx,88.774
mp-aaacjiov,124.285
mp-aaacjjan,3.07
mp-aaacjjbh,273.514
mp-aaacjjcg,274.936
mp-aaacjjgn,351.233
mp-aaacjjjk,142.529
mp-aaacjjkr,69.78
mp-aaacjjlu,141.771
mp-aaacjjoq,42.537
mp-aaacjkeu,61.934
mp-aaacjkhi,181.635
mp-aaacjknf,55.737
mp-aaacjknu,183.184
mp-aaacjkrk,338.097
mp-aaacjkuv,262.93
mp-aaacjlcf,145.308
mp-aaacjlcg,140.02
mp-aaacjlmm,56.915
mp-aaacjmqa,304.935
mp-aaacjwtd,201.105
mp-aaackiml,34.513
mp-aaackiov,173.577
mp-aaackipy,149.065
mp-aaackira,35.76
mp-aaackisd,85.104
mp-aaackivq,229.35
mp-aaackkmp,121.5
mp-aaackqye,222.105
mp-aaackrev,84.414
mp-aaackryp,92.315
mp-aaackryw,82.772
mp-aaackshq,130.886
mp-aaackslv,101.016
mp-aaackssl,68.625
mp-aaacktbd,276.868
mp-aaackthy,79.756
mp-aaackumd,-8.141
mp-aaackupu,47.099
mp-aaackurx,50.704
mp-aaackuzj,4138340.245
mp-aaackvdw,60.633
mp-aaackvor,213.636
mp-aaackwvr,138.817
mp-aaackxmx,89.508
mp-aaackxna,-7558635.616
mp-aaackxny,11.595
mp-aaackxqf,156.673
mp-aaackxsj,71.114
mp-aaackxtk,214659.673
mp-aaackxtl,111.184
mp-aaackxua,33.361
mp-aaackxwh,203.871
mp-aaackyhw,-47.533
mp-aaackyie,129842681.064
mp-aaackyjk,362.159
mp-aaackyjo,274.672
mp-aaackysa,216.78
mp-aaacltmd,67.85
mp-aaacmgss,79.469
mp-aaacpdqk,12.339
mp-aaacpdyp,141.905
mp-aaacpdzj,50.398
mp-aaacpggi,15.864
mp-aaacpgxn,46.552
mp-aaacpjap,357.173
mp-aaacpkhu,7.877
mp-aaacpkij,11.457
mp-aaacpkpn,3.576
mp-aaacpkpt,359.91
mp-aaacpkqd,323.477
mp-aaacpktr,6.71
mp-aaacplgz,52.049
mp-aaacpmmc,18.941
mp-aaacpnse,4.215
mp-aaacpnub,364.898
mp-aaacpnuc,365.406
mp-aaacpnux,328.997
mp-aaacppoz,21.448
mp-aaacpqbh,141.045
mp-aaacpqrt,302.64
mp-aaacprkl,91.797
mp-aaacprlm,340.64
mp-aaacprod,310.237
mp-aaacpsqo,29.786
mp-aaacpthb,19.985
mp-aaacptjk,14.053
mp-aaacptkb,128.842
mp-aaacptmd,18.333
mp-aaacptpp,136.052
mp-aaacptuh,155.341
mp-aaacpufc,163.313
mp-aaacpuks,181.007
mp-aaacputy,223.874
mp-aaacpwgq,-8827136.513
mp-aaacpwli,106.023
mp-aaacqaek,14.375
mp-aaacqbhn,31.174
mp-aaacqbkm,226.401
mp-aaacqbnf,61.818
mp-aaacqcgt,46.316
mp-aaacqexm,-1999.062
mp-aaacqfhu,27.639
mp-aaacqgau,-0.011
mp-aaacqgqk,138.937
mp-aaacqhqp,27.179
mp-aaacqiyf,20.395
mp-aaacqozz,0.936
mp-aaacqpab,43.817
mp-aaacqqrp,277.143
mp-aaacqtpe,327.072
mp-aaacqxfa,218.149
mp-aaacrdpq,242.634
mp-aaacrdqk,232.951
mp-aaacrdqv,268.949
mp-aaacrdqx,260.513
mp-aaacrfgp,354.771
mp-aaacrfjr,201.539
mp-aaacrfko,279.569
mp-aaacrfmj,271.858
mp-aaacrfnn,295.129
mp-aaacrfof,293.232
mp-aaacrfux,267.608
mp-aaacrfvw,268.26
mp-aaacrggk,277.905
mp-aaacrgvr,306.075
mp-aaacrhne,293.658
mp-aaacrhqg,276.819
mp-aaacrhrg,308.794
mp-aaacrhso,245.291
mp-aaacrhsu,315.136
mp-aaacrhsv,296.676
mp-aaacrhte,324.571
mp-aaacrhtf,266.336
mp-aaacrjzz,282.182
mp-aaacrkaf,385.891
mp-aaacrkbx,11.822
mp-aaacrkfs,19.292
mp-aaacrktz,355.651
mp-aaacrlgp,287.133
mp-aaacrlhv,297.126
mp-aaacrlsc,303.254
mp-aaacrmur,365.494
mp-aaacrmzn,353.135
mp-aaacrqdr,374.508
mp-aaacrqen,354.211
mp-aaacrqlo,326.804
mp-aaacrqya,244.894
mp-aaacrrav,269.121
mp-aaacrrbb,247.465
mp-aaacrrbv,277.689
mp-aaacrrdo,268.296
mp-aaacrtlk,10.872
mp-aaacrtxj,17.551
mp-aaacrtze,301.097
mp-aaacrudk,307.831
mp-aaacrxnb,320.077
mp-aaacrxne,291.541
mp-aaacrxnw,209.358
mp-aaacrxpd,210.762
mp-aaacsczr,128.198
mp-aaacsmot,238.023
mp-aaactgqb,172.924
mp-aaactvmu,-1461.015
mp-aaacyhjq,118.951
mp-aaacyoks,155.411
mp-aaadaeow,128.105
mp-aaadasyd,15.823
mp-aaadattb,126.099
mp-aaadaxfe,107.769
mp-aaadbbsq,29.275
mp-aaadbcnc,30.307
mp-aaadbddi,42.723
mp-aaadbevu,35.72
mp-aaadbfsb,120.35
mp-aaadbisu,55.059
mp-aaadbrgu,68.54
mp-aaadbrue,71.914
mp-aaadbsgu,26.839
mp-aaadbunb,143.969
mp-aaadbusv,108.953
mp-aaadbvah,109.74
mp-aaadbyft,157.932
mp-aaadbymz,60.301
mp-aaadbzwy,119.883
mp-aaadcbsm,47.363
mp-aaadcdgv,86.709
mp-aaadciww,187.703
mp-aaadcjdh,145.937
mp-aaadcjud,135.269
mp-aaadckzv,105.509
mp-aaadclgq,39.182
mp-aaadcppj,115.898
mp-aaadcsho,134.977
mp-aaadctaf,152.504
mp-aaadctjr,36.048
mp-aaadcvwk,116.636
mp-aaadcwvn,127.135
mp-aaadcxpl,6.171
mp-aaaddbvu,113.052
mp-aaadddpu,152.634
mp-aaaddgxc,147.992
mp-aaaddkle,308.354
mp-aaaddkuv,136.422
mp-aaaddlxh,127.829
mp-aaaddmwh,182.599
mp-aaaddpts,131.603
mp-aaaddtgg,188.993
mp-aaadedbm,141.445
mp-aaadeemt,127.838
mp-aaadefoj,55.273
mp-aaadefsc,7.511
mp-aaadfzap,180.192
mp-aaadhpig,160.131
mp-aaadiszd,71.431
mp-aaaditgp,132.434
mp-aaadjlob,9.779
mp-aaadjmyx,28.202
mp-aaadjnqp,40.095
mp-aaadjpcn,194.214
mp-aaadjsgw,16.491
mp-aaadjtde,12.624
mp-aaadjulw,9.808
mp-aaadjxmb,-159.796
mp-aaadjyvo,33.938
mp-aaadjzau,6.181
mp-aaaegtjv,25.511
mp-aaaeijno,46.967
mp-aaaeiktf,31.598
mp-aaaekrzj,2.568
mp-aaaekyeh,709112.83
mp-aaaelcam,25.252
mp-aaaelgps,9.903
mp-aaaelwww,6.83
mp-aaaemsyl,57.133
mp-aaaevxwh,16.131
mp-aaaewiwb,133.739
mp-aaaewpfx,67.337
mp-aaafdnwp,47.923
mp-aaafdsif,117.29
mp-aaafdsxr,6.9510000000000005
mp-aaafdvbl,82.314
mp-aaafdvdv,23.95
mp-aaafdvub,9.513
mp-aaafdwji,42.688
mp-aaafdwlt,12.842
mp-aaafdxez,17.198
mp-aaafdxgq,7.86
mp-aaafeaud,15.322
mp-aaafecfi,58.448
mp-aaafecms,23.43
mp-aaafehfz,12.606
mp-aaafekuc,65.249
mp-aaafekuv,25.554
mp-aaafekwf,33.833
mp-aaafepjt,71.293
mp-aaafexrn,78.177
mp-aaaffcsd,89.352
mp-aaaffkqd,87.228
mp-aaaffoui,57.491
mp-aaafgfrj,299.032
mp-aaafhbgq,93.317
mp-aaafhlhi,43.601
mp-aaafhmhi,60.482
mp-aaafhsfr,47.823
mp-aaafhsgi,56.861
mp-aaafhsov,28.078
mp-aaafhtqa,3.662
mp-aaafhvbj,2.439
mp-aaafhwgd,0.203
mp-aaafhzny,159.058
mp-aaafjsiw,5.5120000000000005
mp-aaafjtql,4.359
mp-aaafjttj,7.946
mp-aaafjxek,148.381
mp-aaafjxih,6.67
mp-aaafkfqe,31.855
mp-aaafkmaw,62.759
mp-aaafkmcl,80.565
mp-aaafkmdf,129.576
mp-aaafkwew,34.988
mp-aaaflcev,33.128
mp-aaaflckx,44.71
mp-aaaflpdr,201.371
mp-aaaflvuj,52.707
mp-aaafmqdn,49.604
mp-aaafnbaf,54.308
mp-aaafnets,113.32
mp-aaafngpc,37.434
mp-aaafnrhd,160.644
mp-aaafnzjq,134.524
mp-aaafqzqh,-12.404
mp-aaaftaxl,79.134
mp-aaaftbhv,37.708
mp-aaaftlrb,50.172
mp-aaaftpiy,7.622
mp-aaaftrdu,187.237
mp-aaafubiu,89.312
mp-aaafussj,21.762
mp-aaafuupd,76.885
mp-aaafvagi,122.592
mp-aaafvitu,17.533
mp-aaafvlbp,49.367
mp-aaafvqnr,76.292
mp-aaafwben,80.417
mp-aaafwfix,100.955
mp-aaafwilm,27.378
mp-aaafwmcv,7.347
mp-aaafwmfk,121.564
mp-aaafxjyb,285.83
mp-aaafxjyp,77.064
mp-aaafypsm,75.372
mp-aaafyqjn,53.642
mp-aaafyssc,99.117
mp-aaafyufe,25.827
mp-aaafyztd,124.693
mp-aaafzajy,25.653
mp-aaafzbnm,45.84
mp-aaagbryv,14.2
mp-aaagbwbn,14.383
mp-aaagbxij,6.057
mp-aaagcsia,30.941
mp-aaagcubx,22.077
mp-aaagdbcg,24.006
mp-aaagdlwt,8.222
mp-aaagdntk,102.564
mp-aaageynw,29.655
mp-aaageyou,34.536
mp-aaageypz,25.338
mp-aaagfcen,87.619
mp-aaagfddh,213.938
mp-aaagfdgv,30.022
mp-aaaggulq,29.002
mp-aaaghkro,39.084
mp-aaaghqrh,74.233
mp-aaaghxdy,51.93
mp-aaagirhh,46.099
mp-aaagjtho,3.53
mp-aaagjtrl,90.164
mp-aaagkhrg,32.419
mp-aaagklfr,5.959
mp-aaagkrhu,4.966
mp-aaagkrml,1.785
mp-aaagkufv,11.114
mp-aaagkumu,225.71
mp-aaagkwgv,16.664
mp-aaagkxvz,8.166
mp-aaaaacnt,130.716
mp-aaaaacnv,78.243
mp-aaaaacny,182.055
mp-aaaaacoa,233.122
mp-aaaaacoc,147.055
mp-aaaaacod,158.704
mp-aaaaacoe,157.736
mp-aaaaacog,83.349
mp-aaaaacoh,88.376
mp-aaaaacoj,44.942
mp-aaaaacol,52.527
mp-aaaaacon,91.626
mp-aaaaacoo,30.305
mp-aaaaacop,786.747
mp-aaaaacos,59.683
mp-aaaaacot,40.053
mp-aaaaacow,72.532
mp-aaaaacpb,152.527
mp-aaaaacpd,133.404
mp-aaaaacpe,104.298
mp-aaaaacpf,13.039
mp-aaaaacpg,86.452
mp-aaaaacph,56.287
mp-aaaaacpj,79.402
mp-aaaaacpk,87.904
mp-aaaaacpl,100.068
mp-aaaaacpm,72.435
mp-aaaaacpn,127.051
mp-aaaaacpo,195.95
mp-aaaaacpp,90.207
mp-aaaaacpt,365.57
mp-aaaaacpu,160.655
mp-aaaaacpy,102.797
mp-aaaaacpz,150.148
mp-aaaaacqa,182.831
mp-aaaaacqb,104.823
mp-aaaaacqf,337.733
mp-aaaaacqg,171.507
mp-aaaaacqh,72.865
mp-aaaaacqi,256.399
mp-aaaaacqj,28.204
mp-aaaaacqk,207.897
mp-aaaaacql,39.676
mp-aaaaacqm,138.583
mp-aaaaacqo,81.738
mp-aaaaacqp,51.147
mp-aaaaacqq,21.461
mp-aaaaacqr,54.454
mp-aaaaacqs,137.742
mp-aaaaacqt,38.838
mp-aaaaacqx,131.181
mp-aaaaacqz,105.452
mp-aaaaacra,243.273
mp-aaaaacrb,93.987
mp-aaaaacre,45.536
mp-aaaaacrf,247.841
mp-aaaaacri,25.187
mp-aaaaacrk,253.773
mp-aaaaacro,641.344
mp-aaaaacrr,45.79
mp-aaaaacru,52.275
mp-aaaaacry,7.258
mp-aaaaacrz,82.545
mp-aaaaacsa,62.187
mp-aaaaacsb,23.208
mp-aaaaacsc,118.615
mp-aaaaacsd,113.96
mp-aaaaacsf,79.248
mp-aaaaacsh,48.048
mp-aaaaacsi,122735.858
mp-aaaaacsl,90.516
mp-aaaaacsm,178.329
mp-aaaaacso,70.958
mp-aaaaacsq,20.394
mp-aaaaacsr,71.128
mp-aaaaacsu,190.856
mp-aaaaacsv,298.389
mp-aaaaacsw,126.155
mp-aaaaactc,110.797
mp-aaaaactd,193.549
mp-aaaaactf,130.558
mp-aaaaactg,14.284
mp-aaaaacti,91.067
mp-aaaaactl,31.809
mp-aaaaacto,69.385
mp-aaaaactt,206.53
mp-aaaaactu,24.246
mp-aaaaactv,228.033
mp-aaaaactw,146.997
mp-aaaaactx,150.478
mp-aaaaactz,222.238
mp-aaaaacub,94.832
mp-aaaaacuc,10.712
mp-aaaaacue,53.469
mp-aaaaacuf,76.786
mp-aaaaacug,125.555
mp-aaaaacuh,17.244
mp-aaaaacui,13.266
mp-aaaaacuk,90.279
mp-aaaaacul,38.189
mp-aaaaacun,229.406
mp-aaaaacus,311.129
mp-aaaaacut,72.01
mp-aaaaacuw,380.208
mp-aaaaacux,231.521
mp-aaaaacva,89.084
mp-aaaaacvd,32.685
mp-aaaaacve,132.501
mp-aaaaacvf,50.737
mp-aaaaacvj,20.685
mp-aaaaacvl,33.099
mp-aaaaacvm,146.347
mp-aaaaacvn,58.694
mp-aaaaacvo,89.933
mp-aaaaacvp,177.756
mp-aaaaacvq,73.693
mp-aaaaacvr,220.866
mp-aaaaacvs,35.232
mp-aaaaacvu,198.729
mp-aaaaacvv,-94942695.889
mp-aaaaacvx,83.002
mp-aaaaacvy,137.146
mp-aaaaacwa,90.719
mp-aaaaacwb,132.151
mp-aaaaacwc,83.173
mp-aaaaacwf,174.362
mp-aaaaacwi,232.709
mp-aaaaacwj,116.742
mp-aaaaacwk,41.652
mp-aaaaacwl,21.701
mp-aaaaacwm,175.774
mp-aaaaacwn,38.498
mp-aaaaacwo,231.614
mp-aaaaacwp,123.362
mp-aaaaacwr,152.55
mp-aaaaacwt,15.789
mp-aaaaacwu,143.928
mp-aaaaacwy,48.529
mp-aaaaacwz,181.973
mp-aaaaacxd,113.483
mp-aaaaacxe,136.947
mp-aaaaacxf,73.462
mp-aaaaacxg,76.021
mp-aaaaacxi,32.317
mp-aaaaacxj,196.245
mp-aaaaacxk,78.6
mp-aaaaacxl,98.421
mp-aaaaacxn,227.229
mp-aaaaacxs,116.022
mp-aaaaacxt,96.221
mp-aaaaacxv,73.432
mp-aaaaacxx,122.973
mp-aaaaacxy,-391264.248
mp-aaaaacxz,172.542
mp-aaaaacya,51.077
mp-aaaaacyb,56.558
mp-aaaaacyd,127.535
mp-aaaaacyg,132.661
mp-aaaaacyi,31.338
mp-aaaaacyj,408.257
mp-aaaaacyk,129.269
mp-aaaaacym,85139.928
mp-aaaaacyn,215.33
mp-aaaaacyo,49.199
mp-aaaaacys,252.303
mp-aaaaacyt,97.481
mp-aaaaacyu,191.377
mp-aaaaacyx,12.83
mp-aaaaacyy,69.631
mp-aaaaacyz,44.459
mp-aaaaacze,239.084
mp-aaaaaczg,135.973
mp-aaaaaczj,99.646
mp-aaaaaczk,32.253
mp-aaaaaczm,87.469
mp-aaaaaczo,98.368
mp-aaaaaczq,171.541
mp-aaaaaczr,128.334
mp-aaaaaczx,130.956
mp-aaaaaczz,123.98
mp-aaaaadaa,156.483
mp-aaaaadac,172.042
mp-aaaaadad,135.017
mp-aaaaadaf,201.929
mp-aaaaadag,334.971
mp-aaaaadak,95.742
mp-aaaaadal,173.191
mp-aaaaadav,-11092.411
mp-aaaaadaw,61.329
mp-aaaaadax,67.31
mp-aaaaaday,85.701
mp-aaaaadaz,173.865
mp-aaaaadbc,105.255
mp-aaaaadbd,167.701
mp-aaaaadbe,217.964
mp-aaaaadbf,161.259
mp-aaaaadbh,58.019
mp-aaaaadbi,79.133
mp-aaaaadbj,121.654
mp-aaaaadbl,60.377
mp-aaaaadbo,55.159
mp-aaaaadbq,127.327
mp-aaaaadbr,64.514
mp-aaaaadbu,32.535
mp-aaaaadbv,294.14
mp-aaaaadbw,15.882
mp-aaaaadbx,41.646
mp-aaaaadby,127.744
mp-aaaaadbz,14.668
mp-aaaaadcc,275.878
mp-aaaaadcd,110.242
mp-aaaaadcf,-2003.788
mp-aaaaadci,74.275
mp-aaaaadcj,19.908
mp-aaaaadck,189.836
mp-aaaaadcl,257.602
mp-aaaaadcn,42.665
mp-aaaaadcr,29.755
mp-aaaaadcs,192.391
mp-aaaaadcw,70.295
mp-aaaaadcx,135.617
mp-aaaaadcz,143.703
mp-aaaaaddc,139.791
mp-aaaaaddi,159.077
mp-aaaaaddk,-20404.314
mp-aaaaaddl,157.952
mp-aaaaaddn,114.409
mp-aaaaaddo,76.004
mp-aaaaaddp,86.5
mp-aaaaaddr,174.046
mp-aaaaaddt,22.059
mp-aaaaaddu,278.691
mp-aaaaaddw,56.496
mp-aaaaaddx,66.327
mp-aaaaaddy,72.924
mp-aaaaaddz,39.156
mp-aaaaadea,127.896
mp-aaaaadeb,128.167
mp-aaaaadec,76.715
mp-aaaaadef,71.061
mp-aaaaadek,130.119
mp-aaaaadel,99.592
mp-aaaaaden,87.942
mp-aaaaades,28.302
mp-aaaaadet,49.768
mp-aaaaadeu,147.351
mp-aaaaadew,69.44
mp-aaaaadey,18.003
mp-aaaaadez,398.598
mp-aaaaadfb,64.339
mp-aaaaadfc,14.436
mp-aaaaadff,113.966
mp-aaaaadfg,75.814
mp-aaaaadfj,66.847
mp-aaaaadfk,27.105
mp-aaaaadfm,66.968
mp-aaaaadfo,67.291
mp-aaaaadfp,40.395
mp-aaaaadfs,42.833
mp-aaaaadfu,52.351
mp-aaaaadfv,228.62
mp-aaaaadfw,84.365
mp-aaaaadfy,64.044
mp-aaaaadfz,101.246
mp-aaaaadgc,79.229
mp-aaaaadgd,90.133
mp-aaaaadgf,47.608
mp-aaaaadgh,58.352
mp-aaaaadgi,259.986
mp-aaaaadgk,11.057
mp-aaaaadgp,210.833
mp-aaaaadgr,46.512
mp-aaaaadgt,172.001
mp-aaaaadgu,53.979
mp-aaaaadgv,102.592
mp-aaaaadgw,191.768
mp-aaaaadgx,21.189
mp-aaaaadha,105.385
mp-aaaaadhb,219.134
mp-aaaaadhc,119.727
mp-aaaaadhd,184.902
mp-aaaaadhe,44.234
mp-aaaaadhf,77.59
mp-aaaaadhl,97.936
mp-aaaaadhm,69.323
mp-aaaaadhp,154.342
mp-aaaaadhq,91.251
mp-aaaaadhs,42.316
mp-aaaaadht,166.374
mp-aaaaadhv,23.336
mp-aaaaadhw,0.589
mp-aaaaadhx,71.978
mp-aaaaadhy,69.36
mp-aaaaadhz,-2757.914
mp-aaaaadib,146.533
mp-aaaaadig,21.382
mp-aaaaadih,178.147
mp-aaaaadij,222.026
mp-aaaaadil,24.282
mp-aaaaadio,166.427
mp-aaaaadip,51.984
mp-aaaaadiq,191.13
mp-aaaaadis,201.586
mp-aaaaadiw,104.875
mp-aaaaadiy,200.39
mp-aaaaadjb,216.325
mp-aaaaadjc,80.602
mp-aaaaadjd,40.461
mp-aaaaadjf,168.393
mp-aaaaadjg,65.884
mp-aaaaadjh,58.849
mp-aaaaadjl,75.098
mp-aaaaadjn,4.717
mp-aaaaadjs,74.484
mp-aaaaadjt,55.79
mp-aaaaadjv,128.339
mp-aaaaadjw,30.338
mp-aaaaadjx,48.777
mp-aaaaadjy,33.677
mp-aaaaadjz,184.478
mp-aaaaadkd,141.692
mp-aaaaadke,114.974
mp-aaaaadkf,53.225
mp-aaaaadkg,150.642
mp-aaaaadki,199.918
mp-aaaaadkj,101.733
mp-aaaaadkn,125.545
mp-aaaaadko,189.638
mp-aaaaadkp,59.752
mp-aaaaadkr,349.501
mp-aaaaadks,37.949
mp-aaaaadkw,105.752
mp-aaaaadkx,242.599
mp-aaaaadkz,38.92
mp-aaaaadlc,63.975
mp-aaaaadld,114.252
mp-aaaaadle,223.238
mp-aaaaadli,79.891
mp-aaaaadlj,142.088
mp-aaaaadln,79.295
mp-aaaaadlq,68.479
mp-aaaaadlr,300.149
mp-aaaaadlt,115.77
mp-aaaaadlu,71.228
mp-aaaaadlx,183.341
mp-aaaaadly,65.918
mp-aaaaadlz,157.855
mp-aaaaadma,49.866
mp-aaaaadmb,65.179
mp-aaaaadmd,40.919
mp-aaaaadmf,143.814
mp-aaaaadmh,116.72
mp-aaaaadmi,119.202
mp-aaaaadmj,55.533
mp-aaaaadmk,83.314
mp-aaaaadml,179.331
mp-aaaaadmm,45.868
mp-aaaaadmo,118.442
mp-aaaaadmp,240.145
mp-aaaaadms,20143538.788
mp-aaaaadmu,48.071
mp-aaaaadmv,111.876
mp-aaaaadmx,304.609
mp-aaaaadmy,206.71
mp-aaaaadnb,92.301
mp-aaaaadnd,97.577
mp-aaaaadne,139.425
mp-aaaaadnf,13.543
mp-aaaaadnn,173.636
mp-aaaaadnp,114.582
mp-aaaaadns,71.271
mp-aaaaadnt,242.207
mp-aaaaadnw,46.602
mp-aaaaadny,50.25
mp-aaaaadnz,107.848
mp-aaaaadob,46.531
mp-aaaaadoe,-321.678
mp-aaaaadoh,65.407
mp-aaaaadoi,24.869
mp-aaaaadok,17.961
mp-aaaaadol,169.488
mp-aaaaadom,55.931
mp-aaaaadoo,62.662
mp-aaaaadoq,144.994
mp-aaaaados,60.814
mp-aaaaadov,43.376
mp-aaaaadoz,212.008
mp-aaaaadpe,74.361
mp-aaaaadpf,126.337
mp-aaaaadpg,70.032
mp-aaaaadpi,41.392
mp-aaaaadpm,108.179
mp-aaaaadpn,47.25
mp-aaaaadpo,30.093
mp-aaaaadpq,25.126
mp-aaaaadpr,377.141
mp-aaaaadpv,-474985.499
mp-aaaaadqa,179.773
mp-aaaaadqf,248.556
mp-aaaaadqg,37.561
mp-aaaaadqh,71.776
mp-aaaaadqk,163.482
mp-aaaaadql,166.406
mp-aaaaadqo,142.644
mp-aaaaadqp,35.186
mp-aaaaadqq,152.954
mp-aaaaadqs,99.806
mp-aaaaadqt,113.817
mp-aaaaadqv,172.498
mp-aaaaadqw,103.81
mp-aaaaadqz,53.24
mp-aaaaadra,96.9
mp-aaaaadrc,84.99
mp-aaaaadre,65.962
mp-aaaaadri,175.204
mp-aaaaadrl,56.418
mp-aaaaadrm,56.56
mp-aaaaadro,57.389
mp-aaaaadrq,173.368
mp-aaaaadrs,209.102
mp-aaaaadrt,178.518
mp-aaaaadru,76.335
mp-aaaaadrv,83.657
mp-aaaaadrx,143.06
mp-aaaaadrz,84.639
mp-aaaaadsc,-123864.146
mp-aaaaadsd,32.012
mp-aaaaadse,112.579
mp-aaaaadsf,293.327
mp-aaaaadsl,18.273
mp-aaaaadsn,170.311
mp-aaaaadso,101.293
mp-aaaaadsq,151.799
mp-aaaaadsr,136.486
mp-aaaaadst,231.851
mp-aaaaadsu,60.055
mp-aaaaadsv,36.705
mp-aaaaadsy,62.342
mp-aaaaadtc,70.177
mp-aaaaadtd,54.408
mp-aaaaadth,138.487
mp-aaaaadti,26.076
mp-aaaaadtk,57.203
mp-aaaaadtl,234.511
mp-aaaaadtm,60.742
mp-aaaaadto,238.119
mp-aaaaadtp,-32056999.523
mp-aaaaadts,254.937
mp-aaaaadtu,208.037
mp-aaaaadtz,60.162
mp-aaaaadua,71.138
mp-aaaaadud,873.978
mp-aaaaadue,89.234
mp-aaaaaduf,127.5
mp-aaaaadug,122.019
mp-aaaaadui,35.834
mp-aaaaaduj,103.887
mp-aaaaaduk,36.23
mp-aaaaadum,115.477
mp-aaaaaduo,60.391
mp-aaaaadup,93.807
mp-aaaaaduq,19.806
mp-aaaaadus,54.416
mp-aaaaadut,192.13
mp-aaaaaduu,85.401
mp-aaaaaduy,25.64
mp-aaaaaduz,95.504
mp-aaaaadva,167.345
mp-aaaaadvd,238.125
mp-aaaaadve,57.823
mp-aaaaadvg,263.884
mp-aaaaadvi,142.135
mp-aaaaadvj,187.501
mp-aaaaadvp,129.089
mp-aaaaadvs,205.746
mp-aaaaadvw,151.141
mp-aaaaadvx,39.529
mp-aaaaadvy,105.592
mp-aaaaadwa,31.625
mp-aaaaadwc,71.185
mp-aaaaadwe,37.266
mp-aaaaadwf,105.841
mp-aaaaadwg,99.329
mp-aaaaadwk,13.02
mp-aaaaadwl,39.558
mp-aaaaadwm,48.853
mp-aaaaadwo,106.503
mp-aaaaadwp,49.02
mp-aaaaadwq,192.353
mp-aaaaadws,74.554
mp-aaaaadwt,110.972
mp-aaaaadwu,91.134
mp-aaaaadwv,69.968
mp-aaaaadwy,49.576
mp-aaaaadwz,184.425
mp-aaaaadxb,76.57
mp-aaaaadxe,47.378
mp-aaaaadxh,229.91
mp-aaaaadxi,312.566
mp-aaaaadxk,216.967
mp-aaaaadxl,78.292
mp-aaaaadxn,21.088
mp-aaaaadxo,76.698
mp-aaaaadxq,73.469
mp-aaaaadxr,132.608
mp-aaaaadxs,148.223
mp-aaaaadxt,131.006
mp-aaaaadxu,42.369
mp-aaaaadxv,104.282
mp-aaaaadxw,13.237
mp-aaaaadxx,106.734
mp-aaaaadya,138.413
mp-aaaaadyb,373.485
mp-aaaaadyc,32.575
mp-aaaaadyf,208.538
mp-aaaaadyg,170.575
mp-aaaaadyh,35.899
mp-aaaaadyj,44.145
mp-aaaaadyk,173.538
mp-aaaaadyl,203.6
mp-aaaaadym,224.438
mp-aaaaadyn,151.337
mp-aaaaadyo,82.324
mp-aaaaadyp,10.059
mp-aaaaadyq,121.507
mp-aaaaadys,166.129
mp-aaaaadyu,32.413
mp-aaaaadyv,36.103
mp-aaaaadyw,162.277
mp-aaaaadyx,-1088.079
mp-aaaaadyy,167.518
mp-aaaaadyz,143.721
mp-aaaaadza,241.671
mp-aaaaadzc,181.75
mp-aaaaadze,104.082
mp-aaaaadzg,73.518
mp-aaaaadzh,114.745
mp-aaaaadzi,33.874
mp-aaaaadzk,69.38
mp-aaaaadzl,117.852
mp-aaaaadzn,44.641
mp-aaaaadzo,227.539
mp-aaaaadzp,48.326
mp-aaaaadzq,64.416
mp-aaaaadzr,128.863
mp-aaaaadzs,63.271
mp-aaaaadzt,71.147
mp-aaaaadzu,84.831
mp-aaaaadzv,62.216
mp-aaaaadzw,61.714
mp-aaaaadzx,314.396
mp-aaaaaeab,247.745
mp-aaaaaeac,36.861
mp-aaaaaead,71.721
mp-aaaaaeae,103.215
mp-aaaaaeaj,140.411
mp-aaaaaeal,121.796
mp-aaaaaeam,150.897
mp-aaaaaeaq,151.763
mp-aaaaaear,120.983
mp-aaaaaeat,269.435
mp-aaaaaeau,59.906
mp-aaaaaeav,196.495
mp-aaaaaeay,265.335
mp-aaaaaeaz,119.38
mp-aaaaaeba,34.16
mp-aaaaaebb,97.756
mp-aaaaaebc,223.688
mp-aaaaaebd,142.751
mp-aaaaaebf,188.867
mp-aaaaaebi,78.297
mp-aaaaaebj,31.468
mp-aaaaaebk,215.833
mp-aaaaaebl,80.16
mp-aaaaaebn,72.655
mp-aaaaaebo,79.812
mp-aaaaaebq,333.899
mp-aaaaaebr,126.101
mp-aaaaaebs,62.335
mp-aaaaaebt,124.06
mp-aaaaaebu,42.043
mp-aaaaaebw,184.705
mp-aaaaaecb,90.157
mp-aaaaaecc,41.256
mp-aaaaaecd,-34800.193
mp-aaaaaece,235.464
mp-aaaaaecg,196.294
mp-aaaaaecl,116.187
mp-aaaaaecm,24.595
mp-aaaaaecq,113.59
mp-aaaaaecr,196.762
mp-aaaaaect,54.006
mp-aaaaaecu,65.975
mp-aaaaaecw,68.602
mp-aaaaaecy,85.127
mp-aaaaaecz,110.671
mp-aaaaaedb,214.601
mp-aaaaaedc,19.229
mp-aaaaaede,27.439
mp-aaaaaedh,5.601
mp-aaaaaedl,9.015
mp-aaaaaedm,230.615
mp-aaaaaedn,219.051
mp-aaaaaedp,108.45
mp-aaaaaeds,129.573
mp-aaaaaedu,198.115
mp-aaaaaedy,41.231
mp-aaaaaedz,90.559
mp-aaaaaeea,164.388
mp-aaaaaeeb,16.114
mp-aaaaaeed,332.975
mp-aaaaaeee,122.739
mp-aaaaaeeg,85.657
mp-aaaaaeeh,25.575
mp-aaaaaeei,45.139
mp-aaaaaeel,37.644
mp-aaaaaeeo,84.968
mp-aaaaaeep,78.398
mp-aaaaaeeq,157.601
mp-aaaaaeer,129.717
mp-aaaaaees,76.765
mp-aaaaaeet,170.478
mp-aaaaaeeu,270.382
mp-aaaaaeex,168.069
mp-aaaaaeey,55.481
mp-aaaaaefd,-738.784
mp-aaaaaefe,183.584
mp-aaaaaeff,95.24
mp-aaaaaefh,94.18
mp-aaaaaefk,106.389
mp-aaaaaefl,121.63
mp-aaaaaefn,180.963
mp-aaaaaefq,311.334
mp-aaaaaefr,99.681
mp-aaaaaefs,441.727
mp-aaaaaeft,208.803
mp-aaaaaefw,123.19
mp-aaaaaefx,200.491
mp-aaaaaefy,183.109
mp-aaaaaegd,41.295
mp-aaaaaegg,119.518
mp-aaaaaego,151.63
mp-aaaaaegr,115.656
mp-aaaaaegs,70.849
mp-aaaaaegt,137.515
mp-aaaaaegu,264.273
mp-aaaaaegy,24.479
mp-aaaaaegz,89.188
mp-aaaaaehg,97.689
mp-aaaaaehh,153.451
mp-aaaaaehi,88.353
mp-aaaaaehj,119.124
mp-aaaaaehr,135.451
mp-aaaaaehu,151.827
mp-aaaaaehx,87.429
mp-aaaaaehy,47.118
mp-aaaaaeic,122.782
mp-aaaaaeif,119.315
mp-aaaaaeig,115.21
mp-aaaaaeii,180.191
mp-aaaaaeij,151.971
mp-aaaaaeil,157.29
mp-aaaaaeim,131.02
mp-aaaaaeip,59.483
mp-aaaaaeiq,17.852
mp-aaaaaeis,192.524
mp-aaaaaeit,110.301
mp-aaaaaeiu,156.022
mp-aaaaaeiv,212.95
mp-aaaaaeix,61.01
mp-aaaaaejj,205.017
mp-aaaaaejl,80.39
mp-aaaaaejr,69.146
mp-aaaaaeju,180.481
mp-aaaaaejv,46.567
mp-aaaaaejw,148.752
mp-aaaaaejx,72.206
mp-aaaaaejz,81.122
mp-aaaaaeka,23.903
mp-aaaaaekb,123.478
mp-aaaaaekd,125.812
mp-aaaaaeke,30.716
mp-aaaaaekm,131.577
mp-aaaaaekn,20.693
mp-aaaaaekp,161.837
mp-aaaaaekx,27.001
mp-aaaaaeky,81.563
mp-aaaaaela,75.464
mp-aaaaaelb,35.463
mp-aaaaaelh,181.305
mp-aaaaaeli,166.907
mp-aaaaaelk,295.563
mp-aaaaaelq,5.487999999999999
mp-aaaaaelv,145.97
mp-aaaaaelz,80.4
mp-aaaaaemc,118.634
mp-aaaaaemd,26.737
mp-aaaaaeme,167.842
mp-aaaaaemf,38.004
mp-aaaaaemg,142.81
mp-aaaaaemp,58.4
mp-aaaaaemq,16.78
mp-aaaaaems,76.205
mp-aaaaaemt,142.193
mp-aaaaaemw,31.433
mp-aaaaaemy,205.718
mp-aaaaaena,19.56
mp-aaaaaenb,58.991
mp-aaaaaenf,161.312
mp-aaaaaeng,126.252
mp-aaaaaeni,170.395
mp-aaaaaenl,119.796
mp-aaaaaenm,53.936
mp-aaaaaenn,199.655
mp-aaaaaent,145.7
mp-aaaaaenx,108.973
mp-aaaaaeoc,47.059
mp-aaaaaeok,58.932
mp-aaaaaeon,214.562
mp-aaaaaeou,165.301
mp-aaaaaeoy,223.115
mp-aaaaaeoz,225.055
mp-aaaaaepa,83.129
mp-aaaaaepd,152.124
mp-aaaaaepe,178.355
mp-aaaaaepi,39.914
mp-aaaaaepj,216.088
mp-aaaaaepk,100.324
mp-aaaaaepl,148.81
mp-aaaaaepn,149.786
mp-aaaaaepo,158.887
mp-aaaaaepp,70.542
mp-aaaaaeqi,124.346
mp-aaaaaeqq,176.561
mp-aaaaaeqs,18.677
mp-aaaaaeqw,3.748
mp-aaaaaeqx,42.966
mp-aaaaaeqy,141.033
mp-aaaaaerc,145.085
mp-aaaaaerj,174.3
mp-aaaaaerm,79.179
mp-aaaaaern,31.918
mp-aaaaaerp,63.069
mp-aaaaaerr,133.913
mp-aaaaaers,51.775
mp-aaaaaeru,183.234
mp-aaaaaesb,56.962
mp-aaaaaesl,183.388
mp-aaaaaeso,222.108
mp-aaaaaess,120.929
mp-aaaaaesw,86.815
mp-aaaaaesy,161.789
mp-aaaaaesz,93.543
mp-aaaaaetd,67.604
mp-aaaaaetf,146.512
mp-aaaaaetg,69.65
mp-aaaaaeth,66.245
mp-aaaaaetj,62.062
mp-aaaaaetk,52.592
mp-aaaaaetm,91.812
mp-aaaaaetn,107.491
mp-aaaaaets,132.436
mp-aaaaaett,114.334
mp-aaaaaetu,134.258
mp-aaaaaetz,230.004
mp-aaaaaeum,104.958
mp-aaaaaeup,131.977
mp-aaaaaeur,77.539
mp-aaaaaeva,33.489
mp-aaaaaevf,96.392
mp-aaaaaevi,148.022
mp-aaaaaevo,115.166
mp-aaaaaevt,88.135
mp-aaaaaevv,153.159
mp-aaaaaevy,165.803
mp-aaaaaewb,52.254
mp-aaaaaewf,159.267
mp-aaaaaewh,40.207
mp-aaaaaewk,72.027
mp-aaaaaewn,-594.715
mp-aaaaaewq,113.474
mp-aaaaaewx,94.787
mp-aaaaaewz,133.933
mp-aaaaaexf,43.4
mp-aaaaaexn,161.478
mp-aaaaaexv,152.318
mp-aaaaaexx,87.924
mp-aaaaaeyb,112.504
mp-aaaaaeyi,161.922
mp-aaaaaeym,203.111
mp-aaaaaeyo,14.996
mp-aaaaaeyr,72.969
mp-aaaaaeys,80.205
mp-aaaaaeyu,163.719
mp-aaaaaeyv,139.441
mp-aaaaaezf,96.443
mp-aaaaaezj,105.02
mp-aaaaaezq,164.271
mp-aaaaaezs,25.157
mp-aaaaaezw,108.931
mp-aaaaaezy,155.349
mp-aaaaafac,215.108
mp-aaaaafae,173.762
mp-aaaaafaf,103.811
mp-aaaaafah,214.891
mp-aaaaafai,326.477
mp-aaaaafak,118.289
mp-aaaaafar,64.743
mp-aaaaafas,74.964
mp-aaaaafau,141.054
mp-aaaaafaw,38.078
mp-aaaaafaz,152.126
mp-aaaaafbc,182.218
mp-aaaaafbf,34.649
mp-aaaaafbg,85.94
mp-aaaaafbj,133.202
mp-aaaaafbk,50.993
mp-aaaaafbv,92.356
mp-aaaaafbw,137.352
mp-aaaaafca,103.751
mp-aaaaafcb,90.883
mp-aaaaafcf,137.291
mp-aaaaafcj,151.48
mp-aaaaafck,171.657
mp-aaaaafcm,138.466
mp-aaaaafcq,74.789
mp-aaaaafct,64.505
mp-aaaaafcx,151.308
mp-aaaaafcy,119.971
mp-aaaaafdg,232.733
mp-aaaaafdi,184.409
mp-aaaaafdj,217.544
mp-aaaaafdl,145.512
mp-aaaaafdm,97.725
mp-aaaaafdn,136.781
mp-aaaaafdo,38.265
mp-aaaaafdt,65.693
mp-aaaaafec,19.885
mp-aaaaafee,97.103
mp-aaaaafef,118.239
mp-aaaaafek,101.993
mp-aaaaafen,50.47
mp-aaaaafeo,128.242
mp-aaaaafep,122.697
mp-aaaaafer,98.162
mp-aaaaafet,84.394
mp-aaaaafeu,156.967
mp-aaaaafex,136.258
mp-aaaaaffd,87.583
mp-aaaaafff,153.952
mp-aaaaaffj,130.347
mp-aaaaaffl,28.014
mp-aaaaaffm,66.779
mp-aaaaaffo,135.35
mp-aaaaaffr,50.007
mp-aaaaaffw,62.714
mp-aaaaaffy,22.025
mp-aaaaafga,182.861
mp-aaaaafgd,186.563
mp-aaaaafgr,27.321
mp-aaaaafgu,127.607
mp-aaaaafhf,46.152
mp-aaaaafhh,100.469
mp-aaaaafhm,125.381
mp-aaaaafho,172.836
mp-aaaaafhr,83.522
mp-aaaaafht,62.712
mp-aaaaafhu,157.751
mp-aaaaafhw,114.656
mp-aaaaafhx,145.667
mp-aaaaafhz,151.528
mp-aaaaafib,59.735
mp-aaaaafid,174.728
mp-aaaaafih,66.291
mp-aaaaafij,1442373.521
mp-aaaaafio,92.48
mp-aaaaafir,142.488
mp-aaaaafis,184.321
mp-aaaaafiz,46.984
mp-aaaaafja,188.716
mp-aaaaafje,110.477
mp-aaaaafjj,188.169
mp-aaaaafjv,62.738
mp-aaaaafjx,131.718
mp-aaaaafjy,80.272
mp-aaaaafka,218.334
mp-aaaaafkc,137.545
mp-aaaaafki,112.628
mp-aaaaafkk,41.391
mp-aaaaafko,48.191
mp-aaaaafkr,206.714
mp-aaaaafku,83.932
mp-aaaaafla,121.383
mp-aaaaaflc,65.34
mp-aaaaafld,27.063
mp-aaaaaflf,101.993
mp-aaaaaflk,97.854
mp-aaaaafll,173.274
mp-aaaaaflm,152.051
mp-aaaaafln,84.973
mp-aaaaaflu,161.964
mp-aaaaaflx,157.015
mp-aaaaafmb,145.69
mp-aaaaafmg,52.321
mp-aaaaafmi,79.743
mp-aaaaafmj,128.938
mp-aaaaafmk,197.434
mp-aaaaafmo,201.47
mp-aaaaafmp,121.058
mp-aaaaafmr,131.45
mp-aaaaafms,184.167
mp-aaaaafmy,89.316
mp-aaaaafmz,188.744
mp-aaaaafna,79.236
mp-aaaaafnd,154.085
mp-aaaaafni,82.351
mp-aaaaafnn,103.121
mp-aaaaafno,179.75
mp-aaaaafnp,24.832
mp-aaaaafns,127.356
mp-aaaaafnv,62.416
mp-aaaaafnw,159.419
mp-aaaaafoa,146.768
mp-aaaaafod,158.241
mp-aaaaafoe,156.0
mp-aaaaafoh,45.26
mp-aaaaafoo,108.198
mp-aaaaafop,167.305
mp-aaaaafos,43.389
mp-aaaaafoy,14.515
mp-aaaaafpb,161.087
mp-aaaaafpc,31.353
mp-aaaaafpj,12.075
mp-aaaaafpv,137.52
mp-aaaaafpw,190.06
mp-aaaaafpz,68.824
mp-aaaaafqd,100.481
mp-aaaaafqg,235.646
mp-aaaaafqh,236.717
mp-aaaaafqi,87.317
mp-aaaaafqj,224.5
mp-aaaaafql,63.038
mp-aaaaafqm,60.113
mp-aaaaafqr,55.272
mp-aaaaafqz,24.229
mp-aaaaafra,60.547
mp-aaaaafre,124.834
mp-aaaaafrf,16.879
mp-aaaaafrh,47.195
mp-aaaaafri,12363.935
mp-aaaaafrl,62.188
mp-aaaaafrm,148.845
mp-aaaaafrn,54.991
mp-aaaaafrq,71.86
mp-aaaaafrr,46.028
mp-aaaaafsb,24.875
mp-aaaaafsg,125.819
mp-aaaaafsj,66.543
mp-aaaaafso,59.086
mp-aaaaafsx,134.1
mp-aaaaafth,57.665
mp-aaaaaftm,125.112
mp-aaaaaftn,98.991
mp-aaaaaftp,45.442
mp-aaaaaftv,156.376
mp-aaaaaftw,179.899
mp-aaaaafub,106.12
mp-aaaaafuj,162.789
mp-aaaaafur,99.731
mp-aaaaafux,197.985
mp-aaaaafuy,156.667
mp-aaaaafvb,60.978
mp-aaaaafvf,101.622
mp-aaaaafvh,149.391
mp-aaaaafvi,78.018
mp-aaaaafvm,126.096
mp-aaaaafvq,113.153
mp-aaaaafvr,123.542
mp-aaaaafvs,151.414
mp-aaaaafvy,76.827
mp-aaaaafvz,100.958
mp-aaaaafwa,113.773
mp-aaaaafwb,75.231
mp-aaaaafwd,30.491
mp-aaaaafwg,175.465
mp-aaaaafwi,137.995
mp-aaaaafwk,104.626
mp-aaaaafwl,27.466
mp-aaaaafws,27.845
mp-aaaaafxe,34.178
mp-aaaaafxk,77.551
mp-aaaaafxn,255.507
mp-aaaaafxo,96.139
mp-aaaaafxu,122.275
mp-aaaaafxv,144.639
mp-aaaaafxx,48.992
mp-aaaaafxy,58.042
mp-aaaaafyc,141.94
mp-aaaaafyd,147.126
mp-aaaaafye,59.569
mp-aaaaafyf,39.963
mp-aaaaafyj,134.593
mp-aaaaafyk,108.486
mp-aaaaafyp,172.274
mp-aaaaafys,167.087
mp-aaaaafyv,91.824
mp-aaaaafyw,55.286
mp-aaaaafza,22.197
mp-aaaaafzh,170.384
mp-aaaaafzn,33.566
mp-aaaaafzr,16.017
mp-aaaaalsj,220.956
mp-aaaaalsk,100.745
mp-aaaaalsl,172.699
mp-aaaaalsm,134.279
mp-aaaaalsn,111.031
mp-aaaaalso,126.583
mp-aaaaalsr,30.483
mp-aaaaalss,21.718
mp-aaaaalsu,41.724
mp-aaaaalsw,22.817
mp-aaaaalsx,268.181
mp-aaaaalsy,35.048
mp-aaaaalta,132.377
mp-aaaaaltb,44.749
mp-aaaaaltf,61.912
mp-aaaaaltg,82.755
mp-aaaaalth,76.388
mp-aaaaalti,69.488
mp-aaaaaltj,61.06
mp-aaaaaltk,56.925
mp-aaaaaltm,50.05
mp-aaaaaltt,20.664
mp-aaaaaltv,77.932
mp-aaaaalty,98.225
mp-aaaaaltz,28.627
mp-aaaaalua,19.462
mp-aaaaalud,83.58
mp-aaaaaluf,44.124
mp-aaaaalug,66.819
mp-aaaaalui,171.919
mp-aaaaalur,68.969
mp-aaaaalus,72.801
mp-aaaaaluu,76.184
mp-aaaaaluv,71.864
mp-aaaaalux,23.767
mp-aaaaalve,149.034
mp-aaaaalvg,6.526
mp-aaaaalvj,97.905
mp-aaaaalvt,142.701
mp-aaaaalvu,118.336
mp-aaaaalvv,207.657
mp-aaaaalwf,11.553
mp-aaaaalwg,10.98
mp-aaaaalwi,63.574
mp-aaaaalwj,49.905
mp-aaaaalwm,183.62
mp-aaaaalwo,56.23
mp-aaaaalwp,134.577
mp-aaaaalwz,118.532
mp-aaaaalxd,110.875
mp-aaaaalxf,124.366
mp-aaaaalxh,-0.0
mp-aaaaalxi,202.683
mp-aaaaalxk,227.261
mp-aaaaalxl,209.704
mp-aaaaalxm,289.948
mp-aaaaalxo,140.198
mp-aaaaalxt,73.704
mp-aaaaalxz,19.957
mp-aaaaalyc,212.682
mp-aaaaalyn,124.288
mp-aaaaalyo,189.595
mp-aaaaalyz,57.133
mp-aaaaalze,80.27
mp-aaaaalzh,14.827
mp-aaaaalzi,16.104
mp-aaaaalzk,13.999
mp-aaaaalzl,61.616
mp-aaaaalzm,168.242
mp-aaaaalzp,311.395
mp-aaaaalzq,344.254
mp-aaaaalzy,202.44
mp-aaaaamak,97.809
mp-aaaaamal,98.396
mp-aaaaaman,100.492
mp-aaaaamao,93.076
mp-aaaaamau,23.112
mp-aaaaamaw,168.947
mp-aaaaamay,135.883
mp-aaaaamaz,129.63
mp-aaaaambm,35.993
mp-aaaaambv,50.486
mp-aaaaambx,75.302
mp-aaaaamcl,71.739
mp-aaaaamcm,69.312
mp-aaaaamcn,86.276
mp-aaaaamcq,39.77
mp-aaaaamcr,110.495
mp-aaaaamcs,115.538
mp-aaaaamcx,42.145
mp-aaaaamcy,95.827
mp-aaaaamdb,17.328
mp-aaaaamdk,63.049
mp-aaaaamdo,194.262
mp-aaaaamdr,193.672
mp-aaaaamds,187.744
mp-aaaaamdv,15.227
mp-aaaaamdw,192.406
mp-aaaaamdz,54.948
mp-aaaaamec,197.512
mp-aaaaamed,127.405
mp-aaaaamef,186.495
mp-aaaaameg,89.041
mp-aaaaamei,56.223
mp-aaaaamep,170.185
mp-aaaaameu,61.494
mp-aaaaamev,58.202
mp-aaaaamfh,10.753
mp-aaaaamfi,124.941
mp-aaaaamfl,56.295
mp-aaaaamfn,19.548
mp-aaaaamfo,33.853
mp-aaaaamfu,16.206
mp-aaaaamfz,10.254
mp-aaaaamgh,147.362
mp-aaaaamgi,63.496
mp-aaaaamgj,53.94
mp-aaaaamgk,51.07
mp-aaaaamgl,50.707
mp-aaaaamgm,45.089
mp-aaaaamgn,44.501
mp-aaaaamgo,203.884
mp-aaaaamgr,163.128
mp-aaaaamgv,50.256
mp-aaaaamgw,35.683
mp-aaaaamgx,49.076
mp-aaaaamhe,50.236
mp-aaaaamhf,46.741
mp-aaaaamhg,38.918
mp-aaaaamhm,31.23
mp-aaaaamhn,132.728
mp-aaaaamho,102.596
mp-aaaaamhq,111.137
mp-aaaaamhr,104.417
mp-aaaaamia,69.1
mp-aaaaamip,105.829
mp-aaaaamis,100.51
mp-aaaaamjc,15.209
mp-aaaaamjg,146.005
mp-aaaaamji,109.184
mp-aaaaamjw,36.668
mp-aaaaamjy,187.015
mp-aaaaamka,60.404
mp-aaaaamkb,33.137
mp-aaaaamkd,151.246
mp-aaaaamkf,21.082
mp-aaaaamkr,31.23
mp-aaaaamkz,39.37
mp-aaaaamla,57.116
mp-aaaaamlb,53.871
mp-aaaaamld,62.499
mp-aaaaamle,66.107
mp-aaaaamlj,56.817
mp-aaaaamll,78.584
mp-aaaaamlq,15.293
mp-aaaaamlr,51.219
mp-aaaaamlu,199.308
mp-aaaaammc,15.851
mp-aaaaammh,151.502
mp-aaaaammi,73.255
mp-aaaaamml,19.314
mp-aaaaammm,17.445
mp-aaaaammp,39.186
mp-aaaaammw,21.887
mp-aaaaamnc,35.529
mp-aaaaamne,33.925
mp-aaaaamng,72.367
mp-aaaaamni,68.239
mp-aaaaamnj,62.326
mp-aaaaamnm,116.6
mp-aaaaamns,76.461
mp-aaaaamnu,84.293
mp-aaaaamof,53.023
mp-aaaaamoi,138.631
mp-aaaaamol,81.669
mp-aaaaamox,160.653
mp-aaaaamqa,157.698
mp-aaaaamqh,171.529
mp-aaaaamqj,3.686
mp-aaaaamql,41.51
mp-aaaaamqm,146.188
mp-aaaaamqp,23.337
mp-aaaaamrd,109.369
mp-aaaaamrm,88.449
mp-aaaaamrz,50.57
mp-aaaaamsc,133.042
mp-aaaaamsd,81.062
mp-aaaaamsv,32.683
mp-aaaaamsx,24.529
mp-aaaaamsz,58.536
mp-aaaaamta,57.332
mp-aaaaamtc,51.763
mp-aaaaamtj,249.352
mp-aaaaamtp,28.157
mp-aaaaamtq,27.207
mp-aaaaamtr,22.506
mp-aaaaamts,23.501
mp-aaaaamtw,47.518
mp-aaaaamty,140.919
mp-aaaaamtz,182.221
mp-aaaaamua,176.702
mp-aaaaamub,233.911
mp-aaaaamuc,280.959
mp-aaaaamud,89.974
mp-aaaaamue,167.391
mp-aaaaamuf,242.484
mp-aaaaamug,298.021
mp-aaaaamuh,303.897
mp-aaaaamui,102.549
mp-aaaaamuj,285.901
mp-aaaaamuk,363.048
mp-aaaaamul,394.005
mp-aaaaamuq,187.835
mp-aaaaamuw,77.836
mp-aaaaamvi,21.37
mp-aaaaamvm,85.654
mp-aaaaamvo,120.843
mp-aaaaamvr,103.076
mp-aaaaamvs,28.231
mp-aaaaamvt,14.309
mp-aaaaamvy,152.578
mp-aaaaamwn,158.788
mp-aaaaamwq,33.183
mp-aaaaamwt,19.392
mp-aaaaamxo,23.313
mp-aaaaamxw,42.606
mp-aaaaamyg,127.501
mp-aaaaamyq,23.586
mp-aaaaamyr,16.008
mp-aaaaamys,24.832
mp-aaaaamyu,24.635
mp-aaaaamyw,149.588
mp-aaaaamyz,161.032
mp-aaaaamzd,95.995
mp-aaaaamzj,202.613
mp-aaaaamzk,218.18
mp-aaaaamzs,288.234
mp-aaaaamzt,7.142
mp-aaaaamzy,138.277
mp-aaaaanab,56.917
mp-aaaaanac,77.113
mp-aaaaanal,22.388
mp-aaaaanam,36.601
mp-aaaaanaq,83.422
mp-aaaaanay,17.736
mp-aaaaanbe,81.76
mp-aaaaanbq,109.969
mp-aaaaancc,65.66
mp-aaaaancd,68.756
mp-aaaaancg,160.248
mp-aaaaancu,24.248
mp-aaaaancv,39.398
mp-aaaaancy,202.474
mp-aaaaandc,1.319
mp-aaaaandf,47.016
mp-aaaaandh,89.133
mp-aaaaandi,94.759
mp-aaaaando,82.62
mp-aaaaandp,67.203
mp-aaaaandq,76.25
mp-aaaaandr,60.75
mp-aaaaands,42.546
mp-aaaaandz,64.928
mp-aaaaaned,156.278
mp-aaaaanee,146.854
mp-aaaaaner,273.128
mp-aaaaanet,46.958
mp-aaaaanfe,107.992
mp-aaaaanfj,215.162
mp-aaaaanfo,15.288
mp-aaaaanfs,5.698
mp-aaaaanft,189.969
mp-aaaaanfu,207.258
mp-aaaaanfv,220.371
mp-aaaaanfz,39.735
mp-aaaaangs,32.512
mp-aaaaangt,28.269
mp-aaaaangz,125.782
mp-aaaaanhd,186.672
mp-aaaaanhg,9.511
mp-aaaaanhi,94.476
mp-aaaaanhm,61.333
mp-aaaaanhn,102.152
mp-aaaaanhy,21.645
mp-aaaaanhz,22.614
mp-aaaaania,182.544
mp-aaaaanik,105.953
mp-aaaaanio,12.48
mp-aaaaanjb,113.183
mp-aaaaanjd,92.683
mp-aaaaanjf,46.408
mp-aaaaanjh,87.062
mp-aaaaanjn,48.095
mp-aaaaanki,7.646
mp-aaaaankm,67.565
mp-aaaaankn,68.848
mp-aaaaankp,12.853
mp-aaaaanku,24.93
mp-aaaaankv,22.098
mp-aaaaanlb,84.837
mp-aaaaanlc,47.536
mp-aaaaanll,41.027
mp-aaaaanlv,73.503
mp-aaaaanmy,53.606
mp-aaaaanmz,98.203
mp-aaaaannb,87.909
mp-aaaaanog,81.11
mp-aaaaanom,119.857
mp-aaaaanoo,96.751
mp-aaaaanou,79.937
mp-aaaaanov,100.826
mp-aaaaanoz,86.1
mp-aaaaanpb,59.427
mp-aaaaanpq,74.998
mp-aaaaanpr,52.129
mp-aaaaanpu,112.916
mp-aaaaanpw,18.66
mp-aaaaanqe,279.124
mp-aaaaanqh,139.272
mp-aaaaanqt,147.039
mp-aaaaanqv,149.146
mp-aaaaanri,-14037319.647
mp-aaaaanro,153.134
mp-aaaaanrr,58.575
mp-aaaaanrs,78.911
mp-aaaaanrv,23.076
mp-aaaaanrw,7.841
mp-aaaaanry,5.745
mp-aaaaansb,40.555
mp-aaaaansc,310.27
mp-aaaaansg,11.837
mp-aaaaansi,31.246
mp-aaaaanso,142.102
mp-aaaaansq,27.301
mp-aaaaanss,15.491
mp-aaaaanth,81.945
mp-aaaaantn,34.708
mp-aaaaantw,82.277
mp-aaaaanty,67.594
mp-aaaaantz,53.731
mp-aaaaanue,141.136
mp-aaaaanuk,30.478
mp-aaaaanun,56.786
mp-aaaaanuq,32.686
mp-aaaaanur,51.62
mp-aaaaanuw,11.099
mp-aaaaanvf,185.947
mp-aaaaanvp,33.983
mp-aaaaanvq,100.236
mp-aaaaanvr,95.16
mp-aaaaanwl,72.095
mp-aaaaanwt,40.513
mp-aaaaanwv,114.77
mp-aaaaanww,148.786
mp-aaaaanwx,156.263
mp-aaaaanwz,9.541
mp-aaaaanxa,7.606
mp-aaaaanxb,86.002
mp-aaaaanxd,89.851
mp-aaaaanxf,21.521
mp-aaaaanxn,22.055
mp-aaaaanxo,82.941
mp-aaaaanyz,164.016
mp-aaaaanzc,53.668
mp-aaaaanzp,82.152
mp-aaaaanzv,100.83
mp-aaaaanzw,131.064
mp-aaaaanzz,98.407
mp-aaaaaoai,64.676
mp-aaaaaoaj,76.493
mp-aaaaaoap,18.423
mp-aaaaaoar,26.399
mp-aaaaaoaw,27.421
mp-aaaaaoax,105.688
mp-aaaaaoba,30.86
mp-aaaaaobn,36.445
mp-aaaaaoby,132.844
mp-aaaaaocb,121.679
mp-aaaaaoch,36.343
mp-aaaaaocl,106.828
mp-aaaaaodg,20.046
mp-aaaaaodh,98.654
mp-aaaaaodi,117.52
mp-aaaaaodo,49.807
mp-aaaaaodt,20.333
mp-aaaaaodu,54.336
mp-aaaaaodw,50.032
mp-aaaaaodx,39.782
mp-aaaaaody,37.968
mp-aaaaaodz,36.216
mp-aaaaaoea,38.44
mp-aaaaaoeb,66.211
mp-aaaaaoec,57.023
mp-aaaaaoed,57.237
mp-aaaaaoef,44.531
mp-aaaaaoeg,34.453
mp-aaaaaoeh,56.099
mp-aaaaaoej,49.839
mp-aaaaaoek,35.047
mp-aaaaaoel,27.221
mp-aaaaaoem,24.333
mp-aaaaaoeo,70.369
mp-aaaaaoep,45.168
mp-aaaaaoes,68.64
mp-aaaaaoet,306.124
mp-aaaaaoeu,41.365
mp-aaaaaoey,64.678
mp-aaaaaofb,161.141
mp-aaaaaofq,49.164
mp-aaaaaofv,65.258
mp-aaaaaogl,154.008
mp-aaaaaogp,52.636
mp-aaaaaogq,11.184
mp-aaaaaohs,18.515
mp-aaaaaoht,16.559
mp-aaaaaoia,20.879
mp-aaaaaoip,21.569
mp-aaaaaois,58.788
mp-aaaaaojn,159.326
mp-aaaaaojs,178.989
mp-aaaaaoju,15.057
mp-aaaaaojv,40.227
mp-aaaaaojx,58.534
mp-aaaaaokh,10.503
mp-aaaaaokt,64.685
mp-aaaaaoku,58.991
mp-aaaaaolf,213.567
mp-aaaaaolg,172.653
mp-aaaaaoll,158.374
mp-aaaaaols,54.789
mp-aaaaaolv,138.601
mp-aaaaaoma,60.397
mp-aaaaaomc,22.143
mp-aaaaaomx,62.732
mp-aaaaaomz,177.383
mp-aaaaaong,27.894
mp-aaaaaoni,9.505
mp-aaaaaonk,113.947
mp-aaaaaonl,28.713
mp-aaaaaonm,60.879
mp-aaaaaonr,15.18
mp-aaaaaonz,10.747
mp-aaaaaooa,94.698
mp-aaaaaooc,155.366
mp-aaaaaooh,99.768
mp-aaaaaool,49.406
mp-aaaaaoop,51.236
mp-aaaaaooq,88.056
mp-aaaaaoor,21.936
mp-aaaaaoow,66.326
mp-aaaaaooz,68.608
mp-aaaaaops,18.358
mp-aaaaaopt,52.444
mp-aaaaaoqa,177.47
mp-aaaaaoqb,13.45
mp-aaaaaoqe,19.144
mp-aaaaaoqi,83.125
mp-aaaaaoqj,14.686
mp-aaaaaoqs,51.12
mp-aaaaaoqw,120.146
mp-aaaaaora,238.54
mp-aaaaaorb,37.824
mp-aaaaaorg,57.891
mp-aaaaaork,209.159
mp-aaaaaorm,39.993
mp-aaaaaorn,46.251
mp-aaaaaoro,14.85
mp-aaaaaorp,18.634
mp-aaaaaorq,16.695
mp-aaaaaorr,154.817
mp-aaaaaors,19.866
mp-aaaaaort,34.964
mp-aaaaaoru,56.453
mp-aaaaaorv,22.148
mp-aaaaaorx,121.166
mp-aaaaaosc,35.072
mp-aaaaaosd,60.206
mp-aaaaaosg,141.732
mp-aaaaaosh,133.014
mp-aaaaaosk,57.144
mp-aaaaaosn,74.058
mp-aaaaaoso,69.008
mp-aaaaaosp,213.105
mp-aaaaaosq,52.954
mp-aaaaaoss,28.242
mp-aaaaaost,182.253
mp-aaaaaosv,147.126
mp-aaaaaosw,127.118
mp-aaaaaosy,188.491
mp-aaaaaosz,179.763
mp-aaaaaota,154.628
mp-aaaaaotc,77.491
mp-aaaaaotd,112.721
mp-aaaaaotg,153.716
mp-aaaaaotj,78.992
mp-aaaaaotk,76.517
mp-aaaaaotl,101.131
mp-aaaaaotm,89.435
mp-aaaaaotn,78.14
mp-aaaaaoto,89.203
mp-aaaaaotp,268.991
mp-aaaaaotu,78.653
mp-aaaaaotx,198.001
mp-aaaaaotz,70.995
mp-aaaaaoub,230.082
mp-aaaaaouc,22.044
mp-aaaaaoud,222.653
mp-aaaaaoue,194.217
mp-aaaaaouf,204.049
mp-aaaaaoup,308.058
mp-aaaaaouq,133.807
mp-aaaaaout,194.139
mp-aaaaaouw,33.627
mp-aaaaaouy,-326182.249
mp-aaaaaouz,11.919
mp-aaaaaova,187.321
mp-aaaaaovd,35.35
mp-aaaaaove,27.546
mp-aaaaaovf,290.957
mp-aaaaaovi,23.574
mp-aaaaaovk,153.13
mp-aaaaaovl,55.429
mp-aaaaaovp,256.319
mp-aaaaaovq,62.614
mp-aaaaaovr,105.341
mp-aaaaaovu,337.414
mp-aaaaaovx,26.113
mp-aaaaaowa,64.659
mp-aaaaaowb,232.832
mp-aaaaaowc,38.49
mp-aaaaaowd,61.702
mp-aaaaaowe,206.681
mp-aaaaaowf,36.148
mp-aaaaaowi,131.927
mp-aaaaaowk,200.377
mp-aaaaaowm,64.687
mp-aaaaaown,164.876
mp-aaaaaowp,62.239
mp-aaaaaowq,115.242
mp-aaaaaows,117.397
mp-aaaaaowt,312.139
mp-aaaaaowu,479.093
mp-aaaaaowv,296.493
mp-aaaaaoww,188.619
mp-aaaaaowx,244.042
mp-aaaaaowy,143.573
mp-aaaaaowz,146.762
mp-aaaaaoxb,36.646
mp-aaaaaoxc,267.335
mp-aaaaaoxd,256.215
mp-aaaaaoxh,-130074.213
mp-aaaaaoxm,13.587
mp-aaaaaoxo,157.766
mp-aaaaaoxq,83.674
mp-aaaaaoxy,104.335
mp-aaaaaoye,41.111
mp-aaaaaoyo,29.114
mp-aaaaaoyr,68.521
mp-aaaaaoys,37.761
mp-aaaaaoyw,209.057
mp-aaaaaoyz,242.814
mp-aaaaaozb,255.394
mp-aaaaaoze,237.291
mp-aaaaaozg,134.869
mp-aaaaaozl,160.755
mp-aaaaaozo,85.821
mp-aaaaaozs,295.443
mp-aaaaaozt,79.042
mp-aaaaaozu,147.36
mp-aaaaaozv,128.223
mp-aaaaaozw,251.582
mp-aaaaaozz,83.179
mp-aaaaapaa,76.574
mp-aaaaapab,140.817
mp-aaaaapac,294.112
mp-aaaaapad,102.537
mp-aaaaapae,321.856
mp-aaaaapai,44.937
mp-aaaaapaj,48.001
mp-aaaaapao,131.258
mp-aaaaapap,193.222
mp-aaaaapar,3.578
mp-aaaaapat,13.114
mp-aaaaapav,24.144
mp-aaaaapaw,58.118
mp-aaaaapax,21.938
mp-aaaaapaz,17.465
mp-aaaaapba,28.308
mp-aaaaapbb,21.399
mp-aaaaapbg,7.777
mp-aaaaapbh,14.344
mp-aaaaapbj,55.986
mp-aaaaapbm,55.743
mp-aaaaapbo,68.437
mp-aaaaapbp,149.838
mp-aaaaapbq,63.12
mp-aaaaapbr,79.924
mp-aaaaapbs,88.916
mp-aaaaapbt,62.165
mp-aaaaapbu,94.62
mp-aaaaapbv,144.366
mp-aaaaapbx,35.309
mp-aaaaapca,86.563
mp-aaaaapcc,104.751
mp-aaaaapce,270.475
mp-aaaaapcf,197.527
mp-aaaaapci,138.583
mp-aaaaapcj,171.888
mp-aaaaapcm,55.613
mp-aaaaapcq,162.731
mp-aaaaapcu,80.354
mp-aaaaapcv,68.32
mp-aaaaapcw,136.722
mp-aaaaapdb,123.796
mp-aaaaapdg,59.208
mp-aaaaapdh,57.655
mp-aaaaapdk,18.487
mp-aaaaapdw,147.371
mp-aaaaapea,148.032
mp-aaaaapeb,155.079
mp-aaaaaped,225.315
mp-aaaaapeg,69.602
mp-aaaaapel,274.679
mp-aaaaapem,62.066
mp-aaaaapen,197.345
mp-aaaaapep,171.208
mp-aaaaapeq,166.012
mp-aaaaaper,137.552
mp-aaaaapeu,34.863
mp-aaaaapfa,208.929
mp-aaaaapfb,227.96
mp-aaaaapfe,46.623
mp-aaaaapff,40.114
mp-aaaaapfj,45.194
mp-aaaaapfl,69.067
mp-aaaaapfo,120.066
mp-aaaaapft,135.308
mp-aaaaapfx,40.469
mp-aaaaapge,197.372
mp-aaaaapgp,144.113
mp-aaaaapgq,154.643
mp-aaaaapgs,59.843
mp-aaaaapgu,70.396
mp-aaaaapha,104.52
mp-aaaaaphe,26.19
mp-aaaaaphv,137.733
mp-aaaaapii,39.666
mp-aaaaapis,225.621
mp-aaaaapit,104.089
mp-aaaaapix,162.519
mp-aaaaapiz,1860.568
mp-aaaaapjf,137.085
mp-aaaaapjh,17.39
mp-aaaaapjq,126.687
mp-aaaaapju,183.828
mp-aaaaapjy,150.211
mp-aaaaapkc,25.672
mp-aaaaapkf,62.946
mp-aaaaapki,31.342
mp-aaaaapkn,32.863
mp-aaaaapkr,23.533
mp-aaaaapkv,30.97
mp-aaaaapkw,47.935
mp-aaaaapkx,34.812
mp-aaaaapla,65.935
mp-aaaaaplj,77.086
mp-aaaaapll,67.478
mp-aaaaaplo,204.177
mp-aaaaaplr,80.541
mp-aaaaaplt,62.054
mp-aaaaaplu,71.461
mp-aaaaapmb,160.669
mp-aaaaapmd,82.596
mp-aaaaapme,192.495
mp-aaaaapmf,169.282
mp-aaaaapml,173.919
mp-aaaaapmr,215.103
mp-aaaaapms,221.086
mp-aaaaapmw,23.499
mp-aaaaapnh,30.026
mp-aaaaapno,17.072
mp-aaaaapnt,49.739
mp-aaaaapnu,151.748
mp-aaaaapop,66.366
mp-aaaaapor,70.326
mp-aaaaapot,148.899
mp-aaaaapov,53.888
mp-aaaaapox,84.925
mp-aaaaapoy,88.264
mp-aaaaappu,93.805
mp-aaaaapqi,68.626
mp-aaaaaprc,82.233
mp-aaaaapro,-740.944
mp-aaaaaprp,90.122
mp-aaaaaprq,76.069
mp-aaaaaprs,58.829
mp-aaaaaprt,78.798
mp-aaaaapru,67.541
mp-aaaaapry,66.659
mp-aaaaapsa,81.995
mp-aaaaapsd,60.77
mp-aaaaapsg,42.523
mp-aaaaapsh,37.873
mp-aaaaapsi,34.083
mp-aaaaapso,70.29
mp-aaaaapsp,112.537
mp-aaaaapsq,134.411
mp-aaaaapss,129.084
mp-aaaaapst,51.792
mp-aaaaapsv,-32033941.548
mp-aaaaapsw,57.234
mp-aaaaapsy,43.898
mp-aaaaapsz,62.622
mp-aaaaaptb,51.179
mp-aaaaaptc,29.551
mp-aaaaaptd,81.728
mp-aaaaapte,94.274
mp-aaaaapth,53.18
mp-aaaaaptn,37.041
mp-aaaaaptp,87.289
mp-aaaaaptr,55.819
mp-aaaaapts,62.478
mp-aaaaaptu,50.533
mp-aaaaapty,41.039
mp-aaaaaptz,42.255
mp-aaaaapuc,30.395
mp-aaaaapuh,55.717
mp-aaaaapuj,33.114
mp-aaaaapuk,45.848
mp-aaaaapul,40.325
mp-aaaaapuo,34.496
mp-aaaaapup,162.649
mp-aaaaapuq,101.354
mp-aaaaapur,69.582
mp-aaaaapus,88.681
mp-aaaaapuu,38.98
mp-aaaaapuy,38.427
mp-aaaaapuz,55.365
mp-aaaaapva,40.135
mp-aaaaapvb,53.16
mp-aaaaapvc,148.033
mp-aaaaapvg,54245.001
mp-aaaaapvi,90.536
mp-aaaaapvj,69.082
mp-aaaaapvl,80.352
mp-aaaaapvm,65.958
mp-aaaaapvn,205.343
mp-aaaaapvo,168.29
mp-aaaaapvu,258.82
mp-aaaaapvw,183.945
mp-aaaaapvx,368.671
mp-aaaaapvz,175.432
mp-aaaaapwa,213.993
mp-aaaaapwc,203.932
mp-aaaaapwe,186.655
mp-aaaaapwg,36.568
mp-aaaaapwj,121.304
mp-aaaaapwq,173.814
mp-aaaaapwr,129.044
mp-aaaaapwu,241.796
mp-aaaaapww,207.408
mp-aaaaapwy,12.544
mp-aaaaapxa,122.978
mp-aaaaapxb,219.7
mp-aaaaapxc,94.772
mp-aaaaapxg,161.294
mp-aaaaapxi,96.222
mp-aaaaapxk,32.41
mp-aaaaapxl,47.985
mp-aaaaapxm,41.225
mp-aaaaapxo,42.186
mp-aaaaapxp,41.942
mp-aaaaapxr,119.461
mp-aaaaapxs,83.654
mp-aaaaapxv,57.611
mp-aaaaapxw,60.707
mp-aaaaapxx,61.5
mp-aaaaapxy,45.328
mp-aaaaapya,65.862
mp-aaaaapyn,27.312
mp-aaaaapyo,31.371
mp-aaaaapys,34.15
mp-aaaaapyu,37.031
mp-aaaaapyv,36.241
mp-aaaaapzh,78.964
mp-aaaaapzu,20.057
mp-aaaaaqai,55.144
mp-aaaaaqbc,111.463
mp-aaaaaqbd,83.306
mp-aaaaaqbe,693083.667
mp-aaaaaqbf,79.428
mp-aaaaaqbg,100.205
mp-aaaaaqbh,95.795
mp-aaaaaqbi,79.387
mp-aaaaaqbl,167.295
mp-aaaaaqbm,177.757
mp-aaaaaqbo,182.725
mp-aaaaaqbp,183.742
mp-aaaaaqbt,7.842
mp-aaaaaqcd,108.705
mp-aaaaaqce,142.057
mp-aaaaaqcf,114.629
mp-aaaaaqci,70.706
mp-aaaaaqcj,81.186
mp-aaaaaqck,32.632
mp-aaaaaqcp,199.303
mp-aaaaaqcq,187.706
mp-aaaaaqcr,160.697
mp-aaaaaqcs,97.903
mp-aaaaaqct,134.159
mp-aaaaaqcv,33.748
mp-aaaaaqcw,63.994
mp-aaaaaqcx,145.343
mp-aaaaaqcy,102.361
mp-aaaaaqcz,179.073
mp-aaaaaqda,185.161
mp-aaaaaqdb,185.386
mp-aaaaaqdc,30.177
mp-aaaaaqdd,108.679
mp-aaaaaqde,129.687
mp-aaaaaqdf,167.301
mp-aaaaaqdh,127.891
mp-aaaaaqdj,184.169
mp-aaaaaqdk,179.259
mp-aaaaaqdl,150.267
mp-aaaaaqdo,218.955
mp-aaaaaqdp,244.694
mp-aaaaaqdq,166.651
mp-aaaaaqdr,111.883
mp-aaaaaqdt,216.482
mp-aaaaaqdy,30.432
mp-aaaaaqdz,36.208
mp-aaaaaqee,203.708
mp-aaaaaqek,105.651
mp-aaaaaqel,110.246
mp-aaaaaqem,108.999
mp-aaaaaqfg,64.58
mp-aaaaaqfh,69.767
mp-aaaaaqfj,23.898
mp-aaaaaqfo,136.183
mp-aaaaaqft,67.671
mp-aaaaaqfv,50.594
mp-aaaaaqfx,83.537
mp-aaaaaqgn,42.157
mp-aaaaaqgt,96.439
mp-aaaaaqgy,40.911
mp-aaaaaqhn,24.856
mp-aaaaaqhv,148.405
mp-aaaaaqhx,151.971
mp-aaaaaqhy,122.643
mp-aaaaaqhz,134.634
mp-aaaaaqib,68.444
mp-aaaaaqif,104.534
mp-aaaaaqio,101.192
mp-aaaaaqjx,123.289
mp-aaaaaqkp,77.781
mp-aaaaaqlc,98.675
mp-aaaaaqlf,101.296
mp-aaaaaqll,77.175
mp-aaaaaqme,24.932
mp-aaaaaqmt,35.442
mp-aaaaaqnb,54.881
mp-aaaaaqnd,57.196
mp-aaaaaqnp,96.768
mp-aaaaaqnv,31.32
mp-aaaaaqnw,131.909
mp-aaaaaqny,114.646
mp-aaaaaqoa,28.546
mp-aaaaaqob,45.548
mp-aaaaaqok,174.655
mp-aaaaaqol,194.648
mp-aaaaaqom,184.679
mp-aaaaaqon,104.417
mp-aaaaaqoo,122.846
mp-aaaaaqov,71.045
mp-aaaaaqow,60.461
mp-aaaaaqpd,82.001
mp-aaaaaqpo,70.371
mp-aaaaaqpq,44.626
mp-aaaaaqpv,92.968
mp-aaaaaqpw,53.421
mp-aaaaaqpx,63.427
mp-aaaaaqpy,54.836
mp-aaaaaqpz,75.089
mp-aaaaaqqa,32.234
mp-aaaaaqqb,108.913
mp-aaaaaqqc,45.818
mp-aaaaaqqd,47.298
mp-aaaaaqqe,75.529
mp-aaaaaqqf,80.1
mp-aaaaaqqh,105.282
mp-aaaaaqql,85.251
mp-aaaaaqqp,33.973
mp-aaaaaqqq,98.057
mp-aaaaaqqr,96.113
mp-aaaaaqqt,43.494
mp-aaaaaqqu,121.429
mp-aaaaaqqy,103.841
mp-aaaaaqrb,133.377
mp-aaaaaqrc,134.279
mp-aaaaaqrd,83.993
mp-aaaaaqrf,117.118
mp-aaaaaqri,26.527
mp-aaaaaqrj,23.258
mp-aaaaaqrl,55.006
mp-aaaaaqrm,-275.776
mp-aaaaaqro,166.723
mp-aaaaaqrp,153.691
mp-aaaaaqrq,173.217
mp-aaaaaqrr,241.539
mp-aaaaaqrs,207.982
mp-aaaaaqrt,108.626
mp-aaaaaqru,185.869
mp-aaaaaqrv,124.845
mp-aaaaaqrw,122.106
mp-aaaaaqrx,158.028
mp-aaaaaqry,217.897
mp-aaaaaqrz,126.39
mp-aaaaaqsa,46.436
mp-aaaaaqsb,59.548
mp-aaaaaqsc,36.327
mp-aaaaaqsd,38.37
mp-aaaaaqse,30.44
mp-aaaaaqsg,44.225
mp-aaaaaqsj,113.193
mp-aaaaaqsk,57.069
mp-aaaaaqsp,37.856
mp-aaaaaqsq,72.925
mp-aaaaaqsr,57.077
mp-aaaaaqss,56.766
mp-aaaaaqsu,32.005
mp-aaaaaqsx,42.673
mp-aaaaaqsz,93.666
mp-aaaaaqtd,78.411
mp-aaaaaqtm,142.355
mp-aaaaaqtr,13.717
mp-aaaaaqts,188.205
mp-aaaaaqtt,189.376
mp-aaaaaqty,298.22
mp-aaaaaqtz,87.774
mp-aaaaaqug,14.697
mp-aaaaaquh,56.969
mp-aaaaaquj,135.334
mp-aaaaaqul,101.962
mp-aaaaaquo,87.08
mp-aaaaaqup,87.249
mp-aaaaaquw,242.198
mp-aaaaaqux,70.807
mp-aaaaaquy,107.905
mp-aaaaaquz,78.29
mp-aaaaaqvb,109.637
mp-aaaaaqvc,129.327
mp-aaaaaqve,121.262
mp-aaaaaqvf,63.191
mp-aaaaaqvh,66.229
mp-aaaaaqvm,53.012
mp-aaaaaqvn,41.48
mp-aaaaaqvu,102.413
mp-aaaaaqvx,119.682
mp-aaaaaqvz,100.608
mp-aaaaaqwa,215.702
mp-aaaaaqwc,58.688
mp-aaaaaqwe,100.437
mp-aaaaaqwf,167.906
mp-aaaaaqwj,118.283
mp-aaaaaqwm,128.473
mp-aaaaaqwn,101.551
mp-aaaaaqwt,215.396
mp-aaaaaqwx,76.65
mp-aaaaaqwy,79.908
mp-aaaaaqwz,75.019
mp-aaaaaqxc,125.826
mp-aaaaaqxe,72.033
mp-aaaaaqxh,172.491
mp-aaaaaqxq,62.159
mp-aaaaaqxr,90.845
mp-aaaaaqxv,98.06
mp-aaaaaqxw,115.021
mp-aaaaaqyb,116.63
mp-aaaaaqye,91.18
mp-aaaaaqyf,94.316
mp-aaaaaqyj,357.683
mp-aaaaaqym,225.228
mp-aaaaaqyn,178.957
mp-aaaaaqyo,136.094
mp-aaaaaqyp,179.474
mp-aaaaaqyq,230.018
mp-aaaaaqyr,180.032
mp-aaaaaqyu,188.407
mp-aaaaaqyv,63.968
mp-aaaaaqyy,40.223
mp-aaaaaqyz,42.841
mp-aaaaaqza,18.769
mp-aaaaaqzb,55.951
mp-aaaaaqzc,55.521
mp-aaaaaqzd,54.378
mp-aaaaaqze,82.793
mp-aaaaaqzf,76.842
mp-aaaaaqzg,30.199
mp-aaaaaqzk,137.797
mp-aaaaaqzm,65.386
mp-aaaaaqzo,116.067
mp-aaaaaqzp,309.568
mp-aaaaaqzq,337.003
mp-aaaaaqzs,191.238
mp-aaaaaqzu,106.898
mp-aaaaaqzv,138.513
mp-aaaaaqzw,46.826
mp-aaaaaqzx,36.429
mp-aaaaaqzy,37.548
mp-aaaaaraa,100.82
mp-aaaaarab,47.55
mp-aaaaarae,67.899
mp-aaaaarag,33.764
mp-aaaaarah,42.792
mp-aaaaarai,149.255
mp-aaaabeab,146.12
mp-aaaabeae,77.68
mp-aaaabeai,97.581
mp-aaaabeak,69.232
mp-aaaabeas,55.174
mp-aaaabeay,216.587
mp-aaaabeaz,48.543
mp-aaaabebe,29.929
mp-aaaabebf,21.309
mp-aaaabebm,301.039
mp-aaaabebo,14.809
mp-aaaabebv,131.512
mp-aaaabebw,64.012
mp-aaaabebx,108.417
mp-aaaabecb,53.092
mp-aaaabecd,227.683
mp-aaaabecf,118.685
mp-aaaabecg,114.955
mp-aaaabeci,109.129
mp-aaaabecl,40.105
mp-aaaabecm,175.908
mp-aaaabecs,153.834
mp-aaaabect,59.35
mp-aaaabecu,87.964
mp-aaaabecw,77.255
mp-aaaabecy,78.176
mp-aaaabeda,35.525
mp-aaaabedf,103.688
mp-aaaabedo,34.679
mp-aaaabedp,241.093
mp-aaaabedv,47.183
mp-aaaabedy,113443.267
mp-aaaabeea,77.05
mp-aaaabeeb,63.104
mp-aaaabeef,23.527
mp-aaaabeel,183.377
mp-aaaabeeq,122.45
mp-aaaabeer,139.708
mp-aaaabeev,113.09
mp-aaaabeey,22.152
mp-aaaabefb,121.5
mp-aaaabefi,220.895
mp-aaaabefm,11.679
mp-aaaabefn,35.011
mp-aaaabefp,175.278
mp-aaaabefq,136.13
mp-aaaabefu,40.95
mp-aaaabefw,141.838
mp-aaaabega,234.349
mp-aaaabegc,19.367
mp-aaaabegd,55.79
mp-aaaabege,141.181
mp-aaaabegk,177.192
mp-aaaabegq,30.681
mp-aaaabegr,78.539
mp-aaaabegu,98.035
mp-aaaabegv,73.875
mp-aaaabegw,53.788
mp-aaaabegx,65.557
mp-aaaabehb,51.78
mp-aaaabehd,110.797
mp-aaaabehe,135.271
mp-aaaabehh,38.382
mp-aaaabehl,137.679
mp-aaaabehm,70.597
mp-aaaabehr,47.444
mp-aaaabeht,129.866
mp-aaaabehv,39.516
mp-aaaabehw,55.127
mp-aaaabehx,10.288
mp-aaaabehz,40.212
mp-aaaabeib,105.376
mp-aaaabeic,82.249
mp-aaaabeid,70.523
mp-aaaabeie,147.712
mp-aaaabeih,43.912
mp-aaaabeij,58.263
mp-aaaabeil,71.369
mp-aaaabeiy,90.749
mp-aaaabejh,141.942
mp-aaaabeji,66.924
mp-aaaabejj,98.071
mp-aaaabejl,63.477
mp-aaaabejr,57.838
mp-aaaabejt,55.359
mp-aaaabeju,-0.0
mp-aaaabejw,125.544
mp-aaaabekb,206.579
mp-aaaabekc,100.458
mp-aaaabekf,71.506
mp-aaaabekj,38.108
mp-aaaabekm,155.123
mp-aaaabeko,42.952
mp-aaaabekp,32.491
mp-aaaabekr,104.111
mp-aaaabeku,16.621
mp-aaaabekx,76.172
mp-aaaabekz,149.075
mp-aaaabela,37.336
mp-aaaabelb,115.246
mp-aaaabelp,24.386
mp-aaaabelq,49.919
mp-aaaabelu,216.418
mp-aaaabely,44.762
mp-aaaabemd,61.992
mp-aaaabeme,186.818
mp-aaaabemh,65.662
mp-aaaabemj,47.766
mp-aaaabemn,26.314
mp-aaaabemu,23.526
mp-aaaabena,142.289
mp-aaaabenb,133.533
mp-aaaabene,160.007
mp-aaaabenf,14.761
mp-aaaabenj,66.775
mp-aaaabeno,83.105
mp-aaaabenp,103.849
mp-aaaabeoe,244.406
mp-aaaabeos,60.455
mp-aaaabeot,68.88
mp-aaaabeou,82.893
mp-aaaabepe,107.52
mp-aaaabepj,198.668
mp-aaaabepn,73.545
mp-aaaabepo,31.769
mp-aaaabepp,229.213
mp-aaaabepq,55.238
mp-aaaabept,241.544
mp-aaaabepu,86.25
mp-aaaabepz,96.578
mp-aaaabeqb,133.345
mp-aaaabeqc,48.848
mp-aaaabeqm,60.931
mp-aaaabeqp,142.782
mp-aaaabeqs,91.182
mp-aaaabequ,35.364
mp-aaaaberc,34.401
mp-aaaaberd,114.693
mp-aaaaberh,49.718
mp-aaaaberi,161.751
mp-aaaaberj,23.239
mp-aaaaberl,151.348
mp-aaaabern,38.321
mp-aaaabero,31.937
mp-aaaaberq,185.12
mp-aaaaberw,140.627
mp-aaaaberx,38.724
mp-aaaabesc,39.692
mp-aaaabesf,171.563
mp-aaaabesg,47.381
mp-aaaabesj,111.84
mp-aaaabesm,39.889
mp-aaaabesn,61.994
mp-aaaabess,81.668
mp-aaaabesu,57.711
mp-aaaabetd,100.361
mp-aaaabeti,23.297
mp-aaaabetl,124.467
mp-aaaabetn,280.84
mp-aaaabetq,15.077
mp-aaaabetr,98.235
mp-aaaabett,16.854
mp-aaaabetw,196.047
mp-aaaabeua,81.529
mp-aaaabeub,67.719
mp-aaaabeum,158.992
mp-aaaabeuo,175.354
mp-aaaabeup,24.569
mp-aaaabeur,120.097
mp-aaaabeuu,30.668
mp-aaaabeuv,97.898
mp-aaaabeuw,81.024
mp-aaaabeva,12.527
mp-aaaabevc,172.406
mp-aaaabevg,23.091
mp-aaaabevo,166.928
mp-aaaabevp,108.746
mp-aaaabevs,81.322
mp-aaaabevv,106.614
mp-aaaabevx,129.07
mp-aaaabewf,308.915
mp-aaaabewi,215.893
mp-aaaabewj,157.411
mp-aaaabewk,109.411
mp-aaaabewm,122.027
mp-aaaabewn,66.035
mp-aaaabewo,101.132
mp-aaaabewq,259.462
mp-aaaabewu,33.025
mp-aaaabeww,143.683
mp-aaaabexf,116.858
mp-aaaabexj,94.914
mp-aaaabexl,103.632
mp-aaaabexo,195.86
mp-aaaabexr,83.6
mp-aaaabext,93.404
mp-aaaabexu,64.011
mp-aaaabexw,90.479
mp-aaaabexx,96.857
mp-aaaabexz,52.62
mp-aaaabeyb,193.971
mp-aaaabeyc,147.431
mp-aaaabeye,163.414
mp-aaaabeyj,90.78
mp-aaaabeyq,55.261
mp-aaaabeys,44.205
mp-aaaabeyu,177.23
mp-aaaabeyy,111.249
mp-aaaabeza,121.57
mp-aaaabezc,215.347
mp-aaaabezd,121.349
mp-aaaabezf,160.406
mp-aaaabezh,319.679
mp-aaaabezj,47.139
mp-aaaabezk,146.93
mp-aaaabezl,61.685
mp-aaaabezn,40.408
mp-aaaabezo,91.606
mp-aaaabezt,162.799
mp-aaaabezu,137.703
mp-aaaabezw,126.65
mp-aaaabfad,62.668
mp-aaaabfaj,-32.809
mp-aaaabfao,26.873
mp-aaaabfap,198.87
mp-aaaabfaw,41.581
mp-aaaabfbf,63.26
mp-aaaabfbi,72.128
mp-aaaabfbm,255.403
mp-aaaabfbp,116.101
mp-aaaabfbq,29.742
mp-aaaabfbr,65.083
mp-aaaabfbs,115.114
mp-aaaabfbv,122.595
mp-aaaabfbx,104.041
mp-aaaabfbz,103.847
mp-aaaabfca,190.994
mp-aaaabfce,198.297
mp-aaaabfcf,24.507
mp-aaaabfcj,77.789
mp-aaaabfcl,338324.74
mp-aaaabfcm,96.41
mp-aaaabfco,75.749
mp-aaaabfcp,157.86
mp-aaaabfcq,47.596
mp-aaaabfcs,71.969
mp-aaaabfct,66.9
mp-aaaabfcu,42.482
mp-aaaabfcv,59.663
mp-aaaabfcw,116.002
mp-aaaabfcx,141.216
mp-aaaabfdb,94.605
mp-aaaabfde,75.386
mp-aaaabfdg,158.937
mp-aaaabfdj,77.371
mp-aaaabfdo,198.838
mp-aaaabfdu,84.625
mp-aaaabfef,108.341
mp-aaaabfeh,94.727
mp-aaaabfej,131.731
mp-aaaabfep,239.071
mp-aaaabfes,166.23
mp-aaaabfet,132.27
mp-aaaabffb,97.753
mp-aaaabffe,116.642
mp-aaaabffg,169.516
mp-aaaabffk,42.158
mp-aaaabffm,58.263
mp-aaaabffs,113.876
mp-aaaabffw,149.256
mp-aaaabffx,70.525
mp-aaaabfgb,129.611
mp-aaaabfgd,69.426
mp-aaaabfgf,117.621
mp-aaaabfgm,52.456
mp-aaaabfgq,18.661
mp-aaaabfgx,71.496
mp-aaaabfhb,42.268
mp-aaaabfhc,-34.575
mp-aaaabfhd,134.088
mp-aaaabfhf,72.137
mp-aaaabfhl,156.341
mp-aaaabfht,108.787
mp-aaaabfhu,80.506
mp-aaaabfhz,199.75
mp-aaaabfia,67.988
mp-aaaabfid,191.012
mp-aaaabfie,46.089
mp-aaaabfih,186.181
mp-aaaabfil,192.999
mp-aaaabfiv,53.243
mp-aaaabfiw,48.132
mp-aaaabfiy,71.273
mp-aaaabfjc,78.62
mp-aaaabfje,82.192
mp-aaaabfjh,53.471
mp-aaaabfji,72.208
mp-aaaabfjj,5423.812
mp-aaaabfjk,75.088
mp-aaaabfjl,100.405
mp-aaaabfjm,44.614
mp-aaaabfjq,37.775
mp-aaaabfjv,160.068
mp-aaaabfjy,56.543
mp-aaaabfjz,110.79
mp-aaaabfkt,187.236
mp-aaaabfku,79.315
mp-aaaabfkv,156.743
mp-aaaabfky,142.427
mp-aaaabfla,30.798
mp-aaaabflg,244.124
mp-aaaabflh,89.902
mp-aaaabflj,20.367
mp-aaaabfll,17.65
mp-aaaabfln,156.708
mp-aaaabfls,95.179
mp-aaaabflw,359.603
mp-aaaabfmd,67.272
mp-aaaabfme,92.177
mp-aaaabfmf,18.22
mp-aaaabfmi,61.181
mp-aaaabfmn,133.86
mp-aaaabfms,145.917
mp-aaaabfmv,100.968
mp-aaaabfmw,103.02
mp-aaaabfna,53.665
mp-aaaabfnc,12.723
mp-aaaabfnd,68.495
mp-aaaabfnf,-2565610.522
mp-aaaabfnh,128.198
mp-aaaabfnm,185.534
mp-aaaabfnp,122.031
mp-aaaabfnw,258.184
mp-aaaabfny,74.915
mp-aaaabfob,66.359
mp-aaaabfof,16.347
mp-aaaabfoi,101.827
mp-aaaabfoq,254.448
mp-aaaabfou,176.04
mp-aaaabfow,162.896
mp-aaaabfox,172.63
mp-aaaabfoz,63.487
mp-aaaabfpb,299.575
mp-aaaabfpr,97.721
mp-aaaabfpu,113.282
mp-aaaabfpz,216.773
mp-aaaabfqa,119.689
mp-aaaabfqc,20.89
mp-aaaabfqe,155.352
mp-aaaabfqf,36.46
mp-aaaabfqj,58.108
mp-aaaabfqk,75.399
mp-aaaabfqn,105.586
mp-aaaabfqq,97.198
mp-aaaabfqt,61.193
mp-aaaabfrb,76.858
mp-aaaabfrc,130.246
mp-aaaabfrd,15295.281
mp-aaaabfrp,16.708
mp-aaaabfrr,114.065
mp-aaaabfru,59.75
mp-aaaabfry,141.273
mp-aaaabfsb,116.316
mp-aaaabfsg,39.636
mp-aaaabfsh,55.314
mp-aaaabfsi,45.604
mp-aaaabfsj,81.218
mp-aaaabfsq,189.979
mp-aaaabfst,77.426
mp-aaaabfsv,84.511
mp-aaaabfsx,183.709
mp-aaaabfsz,233.807
mp-aaaabftf,177.251
mp-aaaabfto,352.135
mp-aaaabftr,165.425
mp-aaaabfts,48.478
mp-aaaabftt,178.311
mp-aaaabftv,67.093
mp-aaaabfua,240.287
mp-aaaabfub,22.069
mp-aaaabfud,64.429
mp-aaaabfuf,42.807
mp-aaaabfuh,41.855
mp-aaaabfui,76.629
mp-aaaabfuo,77.982
mp-aaaabfur,92.095
mp-aaaabfus,24.751
mp-aaaabfut,238.171
mp-aaaabfvb,54.137
mp-aaaabfvd,63.551
mp-aaaabfvg,81.155
mp-aaaabfvh,49.819
mp-aaaabfvt,35.148
mp-aaaabfzd,67.221
mp-aaaabgbe,180.482
mp-aaaabgfd,98.118
mp-aaaabgie,51.996
mp-aaaabgif,166.438
mp-aaaabgih,9.764
mp-aaaabgii,396.655
mp-aaaabgik,293.392
mp-aaaabgil,163.928
mp-aaaabgio,35.396
mp-aaaabgip,35.323
mp-aaaabgit,82.504
mp-aaaabgiv,147.302
mp-aaaabgiw,274.66
mp-aaaabgix,58.5
mp-aaaabgiz,114.606
mp-aaaabgjh,105.659
mp-aaaabgjj,96.804
mp-aaaabgjn,137.231
mp-aaaabgjr,222.851
mp-aaaabgjv,79.888
mp-aaaabgjw,40.815
mp-aaaabgjy,69.818
mp-aaaabgkb,49.969
mp-aaaabgkc,69.115
mp-aaaabgkp,151.91
mp-aaaabgks,32.77
mp-aaaabgoh,25.56
mp-aaaabgpf,79.189
mp-aaaabgph,160.744
mp-aaaabgpl,108.776
mp-aaaabgpo,129.477
mp-aaaabgps,110.258
mp-aaaabgpw,88.624
mp-aaaabgqc,73.035
mp-aaaabgqe,67.671
mp-aaaabgqf,71.55
mp-aaaabgqi,84.822
mp-aaaabgqn,32.991
mp-aaaabgqr,124.931
mp-aaaabgqy,83.579
mp-aaaabgrf,157.445
mp-aaaabgrn,291.431
mp-aaaabgrv,101.898
mp-aaaabgsu,196.814
mp-aaaabgts,175.354
mp-aaaabgtx,92.206
mp-aaaabgty,152.951
mp-aaaabgtz,65.25
mp-aaaabgua,48.294
mp-aaaabguc,53.29
mp-aaaabguh,112.758
mp-aaaabguo,298.478
mp-aaaabgup,109.449
mp-aaaabguw,88.746
mp-aaaabgvb,92.176
mp-aaaabgvn,-1304.177
mp-aaaabgwa,223.42
mp-aaaabgwb,121.971
mp-aaaabgwc,110.589
mp-aaaabgwh,152.004
mp-aaaabgwi,128.735
mp-aaaabgwq,146.049
mp-aaaabgwr,103.969
mp-aaaabgwx,146.187
mp-aaaabgwz,103.672
mp-aaaabgxc,22.596
mp-aaaabgxk,106.766
mp-aaaabgxx,32.235
mp-aaaabgxz,13.936
mp-aaaabgya,56.943
mp-aaaabgyc,188.59
mp-aaaabgye,112.507
mp-aaaabgyg,244.767
mp-aaaabgyk,167.657
mp-aaaabgym,208.218
mp-aaaabgyo,-513436.447
mp-aaaabgyp,19.387
mp-aaaabgyt,108.198
mp-aaaabgyu,135.295
mp-aaaabgzc,62.337
mp-aaaabgze,89.855
mp-aaaabgzf,223.174
mp-aaaabgzh,176.138
mp-aaaabgzi,144868.335
mp-aaaabgzp,87.207
mp-aaaabgzs,183.305
mp-aaaabgzu,177.538
mp-aaaabgzw,23.569
mp-aaaabgzy,134.635
mp-aaaabgzz,140.355
mp-aaaabhab,99.992
mp-aaaabhae,193.734
mp-aaaabhaf,73.912
mp-aaaabhah,130.285
mp-aaaabhaj,48.779
mp-aaaabhak,44.927
mp-aaaabhal,243.159
mp-aaaabham,204.343
mp-aaaabhap,149.39
mp-aaaabhbk,106.18
mp-aaaabhbl,126.081
mp-aaaabhbm,74.417
mp-aaaabhbq,35.146
mp-aaaabhbr,281.254
mp-aaaabhbs,201.204
mp-aaaabhco,-176.373
mp-aaaabhcp,70.535
mp-aaaabhcr,94.913
mp-aaaabhcy,79.936
mp-aaaabhda,36.204
mp-aaaabhdd,93.71
mp-aaaabhde,166.165
mp-aaaabhdi,224.114
mp-aaaabhdk,187.702
mp-aaaabhdo,50.85
mp-aaaabhea,50.054
mp-aaaabhec,27.12
mp-aaaabheg,25021.856
mp-aaaabhek,40.96
mp-aaaabheo,134.315
mp-aaaabheq,113.27
mp-aaaabhew,216.434
mp-aaaabhex,174.986
mp-aaaabhfc,158.407
mp-aaaabhfd,121.859
mp-aaaabhfg,214.356
mp-aaaabhfi,41.299
mp-aaaabhfj,125.1
mp-aaaabhfw,32.743
mp-aaaabhfx,124.102
mp-aaaabhfz,153.635
mp-aaaabhga,23.841
mp-aaaabhgb,114.714
mp-aaaabhgd,47.458
mp-aaaabhgn,220.662
mp-aaaabhgo,152.403
mp-aaaabhgt,19.763
mp-aaaabhgw,115.215
mp-aaaabhgy,257.718
mp-aaaabhgz,153.001
mp-aaaabhhd,89.598
mp-aaaabhhg,35.606
mp-aaaabhhi,56.636
mp-aaaabhhn,153.951
mp-aaaabhhs,138.221
mp-aaaabhhu,136.965
mp-aaaabhhv,64.09
mp-aaaabhhx,40.847
mp-aaaabhhy,94.115
mp-aaaabhig,145.249
mp-aaaabhit,166.252
mp-aaaabhiv,42.274
mp-aaaabhiz,98.538
mp-aaaabhje,195.109
mp-aaaabhjo,43.149
mp-aaaabhjq,131.686
mp-aaaabhjx,154.446
mp-aaaabhjy,45.413
mp-aaaabhka,168.668
mp-aaaabhkm,152.161
mp-aaaabhkr,200.615
mp-aaaabhkv,73.93
mp-aaaabhky,202.999
mp-aaaabhlb,77.206
mp-aaaabhle,144.766
mp-aaaabhln,27.992
mp-aaaabhlp,52.436
mp-aaaabhlq,219.188
mp-aaaabhlx,88.056
mp-aaaabhlz,132.249
mp-aaaabhma,67.523
mp-aaaabhmg,6.233
mp-aaaabhml,246.43
mp-aaaabhmq,196.746
mp-aaaabhmr,179.549
mp-aaaabhmt,198.349
mp-aaaabhna,129.519
mp-aaaabhnc,70.285
mp-aaaabhng,154.674
mp-aaaabhno,107.674
mp-aaaabhnq,163.617
mp-aaaabhny,120.656
mp-aaaabhob,103.816
mp-aaaabhok,91.458
mp-aaaabhol,32.511
mp-aaaabhon,90.141
mp-aaaabhop,33.333
mp-aaaabhor,94.592
mp-aaaabhot,11.006
mp-aaaabhou,37.674
mp-aaaabhov,18.391
mp-aaaabhpa,101.371
mp-aaaabhpc,80.248
mp-aaaabhpd,126.32
mp-aaaabhpg,56.047
mp-aaaabhpj,40.661
mp-aaaabhpo,93.034
mp-aaaabhps,77.333
mp-aaaabhpt,59.191
mp-aaaabhpv,107.725
mp-aaaabhpy,194.818
mp-aaaabhqb,118.564
mp-aaaabhqh,235.971
mp-aaaabhql,29.28
mp-aaaabhqm,66.112
mp-aaaabhqp,56.257
mp-aaaabhqq,84.581
mp-aaaabhqw,206.375
mp-aaaabhqx,22.536
mp-aaaabhqz,219.19
mp-aaaabhrc,80.683
mp-aaaabhrg,39.098
mp-aaaabhrj,325.769
mp-aaaabhrk,93.376
mp-aaaabhrt,168.613
mp-aaaabhsd,84.825
mp-aaaabhsg,90.615
mp-aaaabhsk,98.7
mp-aaaabhsl,237.179
mp-aaaabhso,199.274
mp-aaaabhsq,83.667
mp-aaaabhsr,232.51
mp-aaaabhsz,137.113
mp-aaaabhtb,94.549
mp-aaaabhti,53.011
mp-aaaabhtj,49.798
mp-aaaabhtp,32.198
mp-aaaabhuv,2.668
mp-aaaabhux,25.834
mp-aaaabhuz,12.057
mp-aaaabhvb,4.621
mp-aaaabhvc,21.948
mp-aaaabhve,11.664
mp-aaaabhvf,10.38
mp-aaaabhvi,23.77
mp-aaaabhvj,6.287
mp-aaaabhvk,82.069
mp-aaaabhvl,14.588
mp-aaaabhvm,54.739
mp-aaaabhvo,102.002
mp-aaaabhvq,13.519
mp-aaaabhvr,4.878
mp-aaaabhvs,1.673
mp-aaaabhvt,52.053
mp-aaaabhvv,19.646
mp-aaaabhvw,5.347
mp-aaaabhvx,10.488
mp-aaaabhvy,44.541
mp-aaaabhvz,52.25
mp-aaaabhwa,10.581
mp-aaaabhwb,8.647
mp-aaaabhwc,15.965
mp-aaaabhwd,3.943
mp-aaaabhwg,71.508
mp-aaaabhwh,26.542
mp-aaaabhwi,19.942
mp-aaaabhwj,6.193
mp-aaaabhwl,107.798
mp-aaaabhwo,25.5
mp-aaaabhwp,38.237
mp-aaaabhwq,31.744
mp-aaaabhwr,11.79
mp-aaaabhws,10.558
mp-aaaabhwt,19.889
mp-aaaabhwv,12.418
mp-aaaabhwy,31.987
mp-aaaabhwz,32.161
mp-aaaabhxa,12.31
mp-aaaabhxb,53.954
mp-aaaabhxc,4.002
mp-aaaabhxd,6.868
mp-aaaabhxg,14.939
mp-aaaabhxh,42.59
mp-aaaabhxi,56.095
mp-aaaabhxj,32.309
mp-aaaabhxk,19.491
mp-aaaabhxl,5.964
mp-aaaabhxn,34.265
mp-aaaabhxp,55.237
mp-aaaabhxq,40.56
mp-aaaabhxs,29.484
mp-aaaabhxt,25.685
mp-aaaabhxy,14.264
mp-aaaabhyc,12.029
mp-aaaabhyd,15.691
mp-aaaabhye,57.888
mp-aaaabhyf,20.124
mp-aaaabhyh,26.218
mp-aaaabhyj,44.943
mp-aaaabhyp,11.602
mp-aaaabhys,15.269
mp-aaaabhyy,11.845
mp-aaaabhyz,48.203
mp-aaaabhza,19.057
mp-aaaabhzd,31.855
mp-aaaabhze,13.373
mp-aaaabhzg,47.996
mp-aaaabhzh,5.729
mp-aaaabhzi,2.89
mp-aaaabhzj,25.291
mp-aaaabhzn,7.311
mp-aaaabhzo,36.09
mp-aaaabhzp,23.646
mp-aaaabhzr,9.584
mp-aaaabhzt,12.85
mp-aaaabhzu,20.776
mp-aaaabhzv,173.106
mp-aaaabhzw,8.956
mp-aaaabhzy,49.799
mp-aaaabiad,16.924
mp-aaaabiah,9.676
mp-aaaabiai,22.827
mp-aaaabiaj,26.665
mp-aaaabiam,7.09
mp-aaaabias,25.612
mp-aaaabiau,13.722
mp-aaaabibd,24.898
mp-aaaabibl,11.063
mp-aaaabibm,15.769
mp-aaaabibo,34.729
mp-aaaabibp,67.468
mp-aaaabibq,35.712
mp-aaaabibt,6.988
mp-aaaabibx,47.295
mp-aaaabiby,32.01
mp-aaaabica,11.09
mp-aaaabicb,21.823
mp-aaaabicc,11.692
mp-aaaabicd,52.919
mp-aaaabicf,6.858
mp-aaaabick,10.84
mp-aaaabicl,51.435
mp-aaaabico,70.235
mp-aaaabicq,19.161
mp-aaaabics,57.489
mp-aaaabicu,44.628
mp-aaaabicw,74.064
mp-aaaabicy,7.331
mp-aaaabida,7.501
mp-aaaabidf,12.406
mp-aaaabidg,20.663
mp-aaaabidi,36.564
mp-aaaabidk,18.132
mp-aaaabids,190.998
mp-aaaabidw,43.224
mp-aaaabidx,45.518
mp-aaaabidz,133.058
mp-aaaabieb,86.266
mp-aaaabieh,53.19
mp-aaaabieo,45.573
mp-aaaabifc,72.93
mp-aaaabifh,66.189
mp-aaaabifx,113.974
mp-aaaabify,46.555
mp-aaaabigb,64.465
mp-aaaabigd,41.495
mp-aaaabigf,56.124
mp-aaaabigm,27.767
mp-aaaabign,4.837
mp-aaaabigo,4.11
mp-aaaabigp,0.098
mp-aaaabigr,43.62
mp-aaaabigs,1.014
mp-aaaabigt,42.244
mp-aaaabigu,26.598
mp-aaaabigw,15.281
mp-aaaabigx,-72630.044
mp-aaaabigy,16.965
mp-aaaabihf,49.437
mp-aaaabihh,1.936
mp-aaaabihk,1.258
mp-aaaabihl,11.597
mp-aaaabihm,1.108
mp-aaaabihn,29.76
mp-aaaabiho,36.164
mp-aaaabihr,34.633
mp-aaaabihs,0.113
mp-aaaabihw,23.091
mp-aaaabihx,0.806
mp-aaaabiia,3.392
mp-aaaabiib,16.489
mp-aaaabiic,10.546
mp-aaaabiid,20.242
mp-aaaabiif,16.52
mp-aaaabiih,26.245
mp-aaaabiij,39.346
mp-aaaabiik,13.331
mp-aaaabiim,15.609
mp-aaaabiin,9.165
mp-aaaabiiq,31.673
mp-aaaabiir,33.615
mp-aaaabiis,8.66
mp-aaaabiiw,16.828
mp-aaaabiiz,82.795
mp-aaaabija,3.438
mp-aaaabije,28.2
mp-aaaabijf,2.037
mp-aaaabijg,23.047
mp-aaaabijh,1.53
mp-aaaabijj,23.429
mp-aaaabijl,9.771
mp-aaaabijm,0.443
mp-aaaabijn,38.284
mp-aaaabijq,54.948
mp-aaaabijt,54.467
mp-aaaabijw,-18.587
mp-aaaabijx,53.143
mp-aaaabika,6.693
mp-aaaabikb,54.597
mp-aaaabikd,5.309
mp-aaaabikh,13.432
mp-aaaabikj,406286.373
mp-aaaabikl,25.058
mp-aaaabikp,25.963
mp-aaaabikq,16.076
mp-aaaabikr,17.477
mp-aaaabiks,53.426
mp-aaaabikt,25.473
mp-aaaabiku,1.242
mp-aaaabikv,29.009
mp-aaaabikx,3.319
mp-aaaabiky,15.1
mp-aaaabilf,6.025
mp-aaaabilj,33670.871
mp-aaaabilk,0.557
mp-aaaabill,3.21
mp-aaaabilm,3.862
mp-aaaabilp,38.203
mp-aaaabils,0.983
mp-aaaabilt,18.701
mp-aaaabimb,6.798
mp-aaaabimd,16.534
mp-aaaabime,50.357
mp-aaaabimf,132.284
mp-aaaabimg,11.14
mp-aaaabimi,9.746
mp-aaaabimn,5.757
mp-aaaabimq,4.428
mp-aaaabimr,31.715
mp-aaaabimx,14.05
mp-aaaabinr,27.038
mp-aaaabint,179.413
mp-aaaabiob,51.828
mp-aaaabioe,53.667
mp-aaaabiof,14.625
mp-aaaabipj,9.056
mp-aaaabips,15.735
mp-aaaabiqg,8.616
mp-aaaabiqz,8.082
mp-aaaabira,107.974
mp-aaaabirb,81.207
mp-aaaabirf,8.359
mp-aaaabirg,40.624
mp-aaaabirm,109.77
mp-aaaabirt,178.102
mp-aaaabist,45115.14
mp-aaaabitg,10.16
mp-aaaabith,10.806
mp-aaaabitj,21.031
mp-aaaabitk,15.431
mp-aaaabitv,11.298
mp-aaaabiua,14.254
mp-aaaabiub,10.176
mp-aaaabiud,11.176
mp-aaaabiuj,12.754
mp-aaaabiuk,7.175
mp-aaaabiuq,13.937
mp-aaaabiuw,16.231
mp-aaaabive,8.774000000000001
mp-aaaabivq,3.215
mp-aaaabiwc,99.447
mp-aaaabiwe,50.715
mp-aaaabiwg,20.199
mp-aaaabjac,41.323
mp-aaaabjal,120.516
mp-aaaabjay,25.163
mp-aaaabjaz,23.946
mp-aaaabjbl,18.623
mp-aaaabjbq,28.876
mp-aaaabjbr,36.35
mp-aaaabjbs,19.606
mp-aaaabjbu,78.381
mp-aaaabjbx,17.913
mp-aaaabjby,49.554
mp-aaaabjbz,48.435
mp-aaaabjca,61.574
mp-aaaabjcb,46.806
mp-aaaabjcc,37.591
mp-aaaabjcd,30.008
mp-aaaabjck,56.966
mp-aaaabjcr,59.369
mp-aaaabjcv,41.379
mp-aaaabjcy,40.623
mp-aaaabjcz,34.622
mp-aaaabjdo,13.137
mp-aaaabjdv,39.071
mp-aaaabjea,63.515
mp-aaaabjeq,35.743
mp-aaaabjfb,14.465
mp-aaaabjfe,30.444
mp-aaaabjfh,20.3
mp-aaaabjfn,132.704
mp-aaaabjfo,76.609
mp-aaaabjfr,157.945
mp-aaaabjgc,37.474
mp-aaaabjhe,26.337
mp-aaaabjhi,13.017
mp-aaaabjho,14.251
mp-aaaabjhs,38.352
mp-aaaabjhy,8.966
mp-aaaabjic,23.295
mp-aaaabjih,7.042
mp-aaaabjil,35.543
mp-aaaabjix,33.109
mp-aaaabjjm,24.827
mp-aaaabjjn,0.101
mp-aaaabjjv,118.621
mp-aaaabjjy,13.991
mp-aaaabjkc,24.384
mp-aaaabjkn,27.922
mp-aaaabjko,31.399
mp-aaaabjli,28.047
mp-aaaabjlk,23.064
mp-aaaabjln,24.639
mp-aaaabjlr,13.126
mp-aaaabjmy,39.315
mp-aaaabjnn,94.096
mp-aaaabjno,85.382
mp-aaaabjpq,40.872
mp-aaaabjqf,16.745
mp-aaaabjqg,203.084
mp-aaaabjqi,13.704
mp-aaaabjqq,68.537
mp-aaaabjqr,105.717
mp-aaaabjqt,68.409
mp-aaaabjqu,71.096
mp-aaaabjsn,15.292
mp-aaaabjst,55.135
mp-aaaabjsu,125.243
mp-aaaabjsv,123.514
mp-aaaabjsw,133.492
mp-aaaabjsx,84.452
mp-aaaabjsy,86.522
mp-aaaabjta,179.449
mp-aaaabjtb,132.884
mp-aaaabjth,139.455
mp-aaaabjum,87.63
mp-aaaabjuv,85.587
mp-aaaabjuw,81.272
mp-aaaabjuz,7.823
mp-aaaabjvi,19.525
mp-aaaabjwf,95.971
mp-aaaabjyc,131.134
mp-aaaabjyd,243.317
mp-aaaabjyf,174.968
mp-aaaabjyg,1.828
mp-aaaabjyh,88.564
mp-aaaabjyi,48.381
mp-aaaabkbe,27.544
mp-aaaabkcc,72.678
mp-aaaabkdc,126.111
mp-aaaabkdd,210.772
mp-aaaabkdg,72.754
mp-aaaabkdi,14.185
mp-aaaabkdo,19.158
mp-aaaabkgm,0.469
mp-aaaabkgz,17.899
mp-aaaabkmc,81.498
mp-aaaabkmk,75.078
mp-aaaabkml,108.814
mp-aaaabkmu,19.452
mp-aaaabkmv,206.427
mp-aaaabkot,200.93
mp-aaaabkov,11.395
mp-aaaabkow,218.492
mp-aaaabkox,196.872
mp-aaaabkpa,140.725
mp-aaaabkpc,175.664
mp-aaaabkte,24.063
mp-aaaabljq,107.79
mp-aaaabllt,69.336
mp-aaaablnw,118.564
mp-aaaabloj,-300604.44
mp-aaaablpp,132.322
mp-aaaablqf,43.04
mp-aaaablrp,10.009
mp-aaaabmhq,59.509
mp-aaaabodu,10.178
mp-aaaaboeb,32.168
mp-aaaaboee,89.366
mp-aaaaboeu,136.947
mp-aaaaboff,135.341
mp-aaaabofg,27.676
mp-aaaabofm,-0.652
mp-aaaabofy,9.95
mp-aaaabogc,24.793
mp-aaaabogl,21.759
mp-aaaabogs,19.249
mp-aaaabogx,49.538
mp-aaaabohe,98.437
mp-aaaabohf,66.519
mp-aaaabohv,10.721
mp-aaaabohy,11.68
mp-aaaaboif,80.505
mp-aaaaboih,24.352
mp-aaaaboij,1.055
mp-aaaaboip,16.876
mp-aaabfdao,20.99
mp-aaabfddl,142.602
mp-aaabfdjh,67.575
mp-aaabfdnw,38.621
mp-aaabfeck,129.418
mp-aaabffgl,72.76
mp-aaabffiz,59.92
mp-aaabffqg,23.454
mp-aaabfgjm,120.572
mp-aaabfgvr,66.169
mp-aaabfgwd,15.256
mp-aaabfgwg,139.204
mp-aaabfheo,110.7
mp-aaabfher,70.382
mp-aaabfhfc,12.477
mp-aaabfhos,124.748
mp-aaabfhqe,148.262
mp-aaabfhso,15.153
mp-aaabfhsz,122.823
mp-aaabfhud,64.294
mp-aaabfibq,61.482
mp-aaabfign,163.901
mp-aaabfigr,61.076
mp-aaabfilq,58.82
mp-aaabfivk,98.485
mp-aaabfiyf,252.656
mp-aaabfiyu,154.13
mp-aaabfjfw,58.328
mp-aaabfjgf,66.034
mp-aaabfjly,66.464
mp-aaabfkch,94.691
mp-aaabfkcr,24.735
mp-aaabfkeq,17.431
mp-aaabfkev,119.151
mp-aaabfkfm,24.246
mp-aaabfkjx,44.568
mp-aaabfkkk,32.124
mp-aaabfkky,60.739
mp-aaabfklq,126.197
mp-aaabfkpc,66.798
mp-aaabfkpk,60.024
mp-aaabfkpw,127.005
mp-aaabfkso,77.867
mp-aaabfkvx,32.285
mp-aaabfkyz,88.992
mp-aaabflaa,63.113
mp-aaabflgg,178.247
mp-aaabfllk,144.515
mp-aaabfloh,88.172
mp-aaabflre,68.302
mp-aaabfltq,89.139
mp-aaabflvt,64.933
mp-aaabflys,39.984
mp-aaabfmay,67.393
mp-aaabfmkp,66.252
mp-aaabfmku,71.326
mp-aaabfmmx,6.316
mp-aaabfmnc,67.258
mp-aaabfmne,29.967
mp-aaabfmrw,21.691
mp-aaabfnix,157.723
mp-aaabfnlc,22.532
mp-aaabfnlj,72.622
mp-aaabfnlq,142.377
mp-aaabfnmf,166.644
mp-aaabfnnj,150.756
mp-aaabfnnm,57.125
mp-aaabfnph,61.102
mp-aaabfnrd,19.96
mp-aaabfnsw,3.861
mp-aaabfnvw,46.555
mp-aaabfnww,44.718
mp-aaabfnyk,180.571
mp-aaabfobg,57.176
mp-aaabfobj,76.358
mp-aaabfodh,68.961
mp-aaabfofm,137.908
mp-aaabfojt,24.084
mp-aaabfokv,69.734
mp-aaabfonu,117.103
mp-aaabforh,50.553
mp-aaabfoti,28.723
mp-aaabfozd,70.161
mp-aaabfpbp,21.258
mp-aaabfpci,4.891
mp-aaabfpcq,45.668
mp-aaabfpgo,31.441
mp-aaabfpiz,18.19
mp-aaabfpky,69.547
mp-aaabfpll,5.711
mp-aaabfplo,94.996
mp-aaabfpok,88.535
mp-aaabfpqw,91.699
mp-aaabfpsn,86.697
mp-aaabfpst,119.344
mp-aaabfpwi,23.283
mp-aaabfpxf,58.947
mp-aaabfqag,133.543
mp-aaabfqdk,6.378
mp-aaabfqdn,68.882
mp-aaabfqmu,38.546
mp-aaabfqny,3.848
mp-aaabfqpn,113.78
mp-aaabfqpw,15.73
mp-aaabfqqg,36.771
mp-aaabfqrl,47.14
mp-aaabfquc,43.286
mp-aaabfqvy,100.271
mp-aaabfqwj,155.798
mp-aaabfrbi,48.258
mp-aaabfrem,134.058
mp-aaabfrhg,49.275
mp-aaabfrhs,87.617
mp-aaabfrig,16.616
mp-aaabfrjx,194.099
mp-aaabfrkb,10.832
mp-aaabfrpe,20.025
mp-aaabfrqn,75.034
mp-aaabfrqy,42.63
mp-aaabfrto,26.639
mp-aaabfrwt,14.177
mp-aaabfrxh,8.701
mp-aaabfrzu,53.974
mp-aaabfsbh,207.449
mp-aaabfseo,38.36
mp-aaabfsib,40.935
mp-aaabfsji,41.06
mp-aaabfsnl,8.464
mp-aaabfsrr,54.055
mp-aaabfstf,9.594
mp-aaabfsup,0.876
mp-aaabfszn,7.668
mp-aaabftan,121.346
mp-aaabftcb,36.838
mp-aaabftck,128.998
mp-aaabftfh,14.613
mp-aaabftgg,45.872
mp-aaabftiv,54.153
mp-aaabftjq,83.663
mp-aaabftlh,51.48
mp-aaabftpu,5.928
mp-aaabftqj,102.538
mp-aaabftqv,65.18
mp-aaabftrh,5.472
mp-aaabftsv,44.61
mp-aaabfuac,113.764
mp-aaabfubj,161.026
mp-aaabfuce,27.644
mp-aaabfufm,30.804
mp-aaabfuhp,142.737
mp-aaabfuka,152.027
mp-aaabfunt,263.994
mp-aaabfupp,178.016
mp-aaabfuvg,5.35
mp-aaabfuzs,47.668
mp-aaabfuzz,106.167
mp-aaabfvfs,63.647
mp-aaabfvie,36.71
mp-aaabfviq,74.458
mp-aaabfvna,75.432
mp-aaabfvqc,12.127
mp-aaabfvqy,54.929
mp-aaabfvva,86.711
mp-aaabfvvo,31.925
mp-aaabfvya,28.192
mp-aaabfvyp,101.962
mp-aaabfwep,40.593
mp-aaabfwid,51.839
mp-aaabfwjo,34.146
mp-aaabfwkk,134.549
mp-aaabfwlx,32.377
mp-aaabfwpb,60.1
mp-aaabfwsh,56.961
mp-aaabfwxo,128.177
mp-aaabfwyg,85.09
mp-aaabfwzv,71.171
mp-aaabfxbp,120.303
mp-aaabfxew,117.943
mp-aaabfxft,5.619
mp-aaabfxhc,69.08
mp-aaabfxii,65.107
mp-aaabfxjz,56.234
mp-aaabfxkm,26.548
mp-aaabfxnz,58.009
mp-aaabfxud,120.978
mp-aaabfxyf,34.94
mp-aaabfxzz,31.738
mp-aaabfyet,-2.515
mp-aaabfygw,68.976
mp-aaabfylb,21.59
mp-aaabfynb,87.476
mp-aaabfyny,169.817
mp-aaabfyqp,139.131
mp-aaabfyro,97.556
mp-aaabfyrv,8.258
mp-aaabfyty,61.735
mp-aaabfywm,11.814
mp-aaabfyzv,41.486
mp-aaabfzct,19.917
mp-aaabfzcw,17.491
mp-aaabfzdr,-88.209
mp-aaabfzer,71.076
mp-aaabfzhj,49.422
mp-aaabfzhl,117.092
mp-aaabfzng,16.691
mp-aaabgadh,76.691
mp-aaabgaon,57.14
mp-aaabgaqg,53.728
mp-aaabggxd,81.33
mp-aaabggxl,88.21
mp-aaabggye,73.949
mp-aaabghaa,276.584
mp-aaabghar,161.195
mp-aaabghbb,55.59
mp-aaabghbh,77.288
mp-aaabghbn,136.757
mp-aaabghbu,89.859
mp-aaabghby,98.469
mp-aaabghce,122.772
mp-aaabghcn,93.387
mp-aaabghcy,29.349
mp-aaabghdc,35.591
mp-aaabghdr,9.621
mp-aaabghei,194.158
mp-aaabghek,148.737
mp-aaabghel,6.478
mp-aaabghew,86.477
mp-aaabghfl,65.0
mp-aaabghfo,45.528
mp-aaabghft,19.198
mp-aaabghfu,83.503
mp-aaabghgz,217.831
mp-aaabghhb,46.665
mp-aaabghhq,47.617
mp-aaabghir,42.925
mp-aaabghix,28.91
mp-aaabghiz,335.85
mp-aaabghji,76.323
mp-aaabghjo,62.369
mp-aaabghjs,81.648
mp-aaabghkh,24.216
mp-aaabghkr,20.721
mp-aaabghle,68.84
mp-aaabghlg,49.42
mp-aaabghli,167.766
mp-aaabghlm,177.972
mp-aaabghme,104.517
mp-aaabghmi,5.439
mp-aaabghnb,1.385
mp-aaabghnc,8.799
mp-aaabghnd,213.059
mp-aaabghni,32.687
mp-aaabghnl,178.854
mp-aaabghok,66.135
mp-aaabghom,49.491
mp-aaabghox,213.188
mp-aaabghpe,17.28
mp-aaabghpu,85.081
mp-aaabghqa,165.088
mp-aaabghqi,98.902
mp-aaabghqj,75.98
mp-aaabghqk,218.705
mp-aaabghqr,46.757
mp-aaabghqv,52.92
mp-aaabghrg,237.275
mp-aaabghru,46.66
mp-aaabghse,162.865
mp-aaabghsu,19.256
mp-aaabghsv,156.786
mp-aaabghsx,42.78
mp-aaabghsz,29.409
mp-aaabghti,24.629
mp-aaabghtv,127.691
mp-aaabghtx,11.602
mp-aaabghul,184.28
mp-aaabghuo,10.145
mp-aaabghut,203.967
mp-aaabghuv,109.691
mp-aaabghvc,60.752
mp-aaabghvd,11.976
mp-aaabghvn,120.915
mp-aaabghvo,19.6
mp-aaabghvz,55.178
mp-aaabghwi,18.143
mp-aaabghwl,317.793
mp-aaabghwn,169.339
mp-aaabghwo,188.959
mp-aaabghxf,164.34
mp-aaabghxh,103.239
mp-aaabghxj,157.981
mp-aaabghxz,60.474
mp-aaabghyt,79.62
mp-aaabghyu,102.384
mp-aaabghyv,5.005
mp-aaabghzd,13.342
mp-aaabghze,97.913
mp-aaabghzs,85.973
mp-aaabgiab,91.876
mp-aaabgiac,136.248
mp-aaabgiaq,147.225
mp-aaabgiax,154.502
mp-aaabgibf,185.606
mp-aaabgibt,90.698
mp-aaabgibx,113.668
mp-aaabgibz,58.469
mp-aaabgicl,62.237
mp-aaabgicp,148.829
mp-aaabgicu,83.107
mp-aaabgidh,332.992
mp-aaabgidl,147.4
mp-aaabgiee,12.107
mp-aaabgifl,199.836
mp-aaabgifm,103.041
mp-aaabgiga,192.916
mp-aaabgigg,5.829
mp-aaabgigj,21.39
mp-aaabgigk,118.137
mp-aaabgigs,158.674
mp-aaabgigw,13.935
mp-aaabgihk,27.708
mp-aaabgiih,124.803
mp-aaabgiis,65.414
mp-aaabgiiv,75.979
mp-aaabgijb,80.058
mp-aaabgijd,424.186
mp-aaabgijj,175.52
mp-aaabgijv,123.67
mp-aaabgikn,73.313
mp-aaabgill,21.386
mp-aaabgiln,81.431
mp-aaabgims,26.359
mp-aaabgimt,-6285.637
mp-aaabgimu,68.719
mp-aaabgimz,54.38
mp-aaabgini,167.183
mp-aaabgipc,102.154
mp-aaabgipd,8.158
mp-aaabgipp,2.605
mp-aaabgiqc,127.241
mp-aaabgiqn,83.509
mp-aaabgiqr,20.169
mp-aaabgiqy,64.021
mp-aaabgirc,13.289
mp-aaabgire,118.035
mp-aaabgirl,72.375
mp-aaabgiry,62.938
mp-aaabgisl,171.865
mp-aaabgism,65.708
mp-aaabgisu,144.455
mp-aaabgisz,10.429
mp-aaabgitd,145.788
mp-aaabgitl,137.541
mp-aaabgitm,25.147
mp-aaabgitn,17.043
mp-aaabgitp,64.817
mp-aaabgitu,99.195
mp-aaabgiul,158.852
mp-aaabgiuw,56.091
mp-aaabgiuy,180.697
mp-aaabgivc,3.863
mp-aaabgive,36.808
mp-aaabgivm,53.944
mp-aaabgivq,90.986
mp-aaabgivs,31.163
mp-aaabgivz,72.297
mp-aaabgiwh,75.799
mp-aaabgiwm,66.363
mp-aaabgiwq,16.079
mp-aaabgiws,93.554
mp-aaabgixi,79.019
mp-aaabgiyc,34.609
mp-aaabgiyf,90.623
mp-aaabgiyg,82.722
mp-aaabgizp,117.639
mp-aaabgizt,150.78
mp-aaabgjaa,11.606
mp-aaabgjau,21.274
mp-aaabgjav,66.646
mp-aaabgjaz,164.005
mp-aaabgjbc,29.552
mp-aaabgjbn,171.945
mp-aaabgjbo,208.857
mp-aaabgjbs,16.051
mp-aaabgjbx,97.069
mp-aaabgjcq,1.314
mp-aaabgjct,79.768
mp-aaabgjcy,24.623
mp-aaabgjdb,210.961
mp-aaabgjdc,85.394
mp-aaabgjde,17.315
mp-aaabgjdn,119.966
mp-aaabgjdq,52.755
mp-aaabgjdz,213.208
mp-aaabgjee,152.212
mp-aaabgjek,178.59
mp-aaabgjel,92.061
mp-aaabgjeq,198.395
mp-aaabgjfi,55.102
mp-aaabgjfk,213.229
mp-aaabgjfp,24.544
mp-aaabgjfq,29.053
mp-aaabgjfz,193.107
mp-aaabgjgb,153.522
mp-aaabgjgp,135.088
mp-aaabgjgx,42.528
mp-aaabgjgy,213.095
mp-aaabgjhh,98.022
mp-aaabgjhn,175.556
mp-aaabgjhu,106.136
mp-aaabgjhv,72.272
mp-aaabgjib,126.743
mp-aaabgjil,213.254
mp-aaabgjiw,55.534
mp-aaabgjix,36.261
mp-aaabgjkn,112.457
mp-aaabgjkq,181.55
mp-aaabgjlb,228.181
mp-aaabgjle,112.835
mp-aaabgjlh,28.583
mp-aaabgjlv,87.23
mp-aaabgjlz,144.936
mp-aaabgjmq,56.128
mp-aaabgjmu,3.432
mp-aaabgjnl,87.502
mp-aaabgjnm,16.146
mp-aaabgjnn,190.714
mp-aaabgjoa,102.492
mp-aaabgjol,105.879
mp-aaabgjop,44.396
mp-aaabgjov,305.721
mp-aaabgjpc,112.073
mp-aaabgjpg,134.036
mp-aaabgjpi,12.36
mp-aaabgjpl,63.889
mp-aaabgjpo,98.377
mp-aaabgjpz,71.524
mp-aaabgjqe,56.451
mp-aaabgjqi,154.034
mp-aaabgjrq,63.562
mp-aaabgjrz,104.921
mp-aaabgjsh,190.181
mp-aaabgjsi,186.261
mp-aaabgjsx,47.111
mp-aaabgjsy,4.94
mp-aaabgjth,5.123
mp-aaabgjti,36.731
mp-aaabgjts,10.022
mp-aaabgjus,70.274
mp-aaabgjve,7.646
mp-aaabgjvl,34.696
mp-aaabgjwb,164.779
mp-aaabgjwp,40.607
mp-aaabgjws,32.654
mp-aaabgjxa,28.003
mp-aaabgjxg,155.153
mp-aaabgjxl,39.204
mp-aaabgjxo,156.676
mp-aaabgjyj,10.788
mp-aaabgjyl,103.094
mp-aaabgjym,7.644
mp-aaabgjyr,3.613
mp-aaabgjzb,282.104
mp-aaabgjze,36.971
mp-aaabgkae,134.026
mp-aaabgkaf,-0.0
mp-aaabgkam,27.8
mp-aaabgkbc,173.521
mp-aaabgkbk,356.271
mp-aaabgkcd,186.785
mp-aaabgkcf,200.678
mp-aaabgkcg,272.357
mp-aaabgkcv,69.824
mp-aaabgkcx,28.687
mp-aaabgkda,278.729
mp-aaabgkec,93.548
mp-aaabgked,194.761
mp-aaabgkeo,94.67
mp-aaabgkfj,61.911
mp-aaabgkfw,150.78
mp-aaabgkfy,38.568
mp-aaabgkgq,136.579
mp-aaabgkgs,154.29
mp-aaabgkhc,276.937
mp-aaabgkhj,66.312
mp-aaabgkhl,92.155
mp-aaabgkhw,36.665
mp-aaabgkic,153.93
mp-aaabgkig,71.161
mp-aaabgkii,37.779
mp-aaabgkiq,95.263
mp-aaabgkix,62.324
mp-aaabgkja,35.093
mp-aaabgkju,92.14
mp-aaabgkjy,196.324
mp-aaabgkkg,218.608
mp-aaabgkle,169.788
mp-aaabgklg,8.691
mp-aaabgkls,94.876
mp-aaabgkmh,120.245
mp-aaabgkms,137.141
mp-aaabgkmt,77.414
mp-aaabgkmw,24.515
mp-aaabgknf,31.265
mp-aaabgkno,93.82
mp-aaabgkns,9.584
mp-aaabgkoc,120.192
mp-aaabgkol,435.315
mp-aaabgkom,225.648
mp-aaabgkoz,35.201
mp-aaabgkpl,40.401
mp-aaabgkpm,253.202
mp-aaabgkps,47.172
mp-aaabgkpt,176.446
mp-aaabgkqc,2.998
mp-aaabgkqq,186.81
mp-aaabgkqu,53.32
mp-aaabgkrf,18.005
mp-aaabgksb,121.133
mp-aaabgksc,19.078
mp-aaabgksi,58.365
mp-aaabgksl,104.291
mp-aaabgkso,106.913
mp-aaabgkst,8.299
mp-aaabgksx,107.88
mp-aaabgksz,58.055
mp-aaabgktl,140.681
mp-aaabgktw,234.145
mp-aaabgkum,73.07
mp-aaabgkuz,145.156
mp-aaabgkwl,102.592
mp-aaabgkwp,99.2
mp-aaabgkwv,132.434
mp-aaabgkwy,52.042
mp-aaabgkxe,-8469022.694
mp-aaabgkxm,114.239
mp-aaabgkxn,320.671
mp-aaabgkxr,14.215
mp-aaabgkxz,183.66
mp-aaabgkyr,107.034
mp-aaabgkys,75.321
mp-aaabgkyv,109.29
mp-aaabgkzg,118.324
mp-aaabgkzh,29.691
mp-aaabgkzp,16.217
mp-aaabglad,58.177
mp-aaabglah,195.322
mp-aaabglas,39.521
mp-aaabglbw,122.683
mp-aaabglch,80.275
mp-aaabglcl,168.532
mp-aaabgldo,9.581
mp-aaabglec,153.813
mp-aaabgler,226.573
mp-aaabglfd,105.11
mp-aaabglfe,311.258
mp-aaabglfk,43.271
mp-aaabglfq,77.685
mp-aaabglfu,47.518
mp-aaabglha,35.377
mp-aaabglhy,189.75
mp-aaabglif,7.218
mp-aaabglip,47.913
mp-aaabglir,65.917
mp-aaabgliv,42.562
mp-aaabglix,13.233
mp-aaabglja,185.265
mp-aaabgljk,309.637
mp-aaabgljl,100.689
mp-aaabglju,29.287
mp-aaabglki,8.869
mp-aaabglkm,7.634
mp-aaabglkw,56.461
mp-aaabgllb,274.597
mp-aaabglld,22.365
mp-aaabgllo,7.958
mp-aaabglls,2.114
mp-aaabgllv,-0.0
mp-aaabgllz,96.855
mp-aaabglmq,106.781
mp-aaabglmr,52.094
mp-aaabglms,47.429
mp-aaabglmt,160.452
mp-aaabglnh,31.336
mp-aaabglnn,5.717
mp-aaabglnr,22.345
mp-aaabglnx,21.662
mp-aaabgloa,12.883
mp-aaabgloy,12.21
mp-aaabglpb,9.627
mp-aaabglpo,48.67
mp-aaabglps,106.664
mp-aaabglqb,1.204
mp-aaabglqc,3.452
mp-aaabglqd,210.57
mp-aaabglqg,34.353
mp-aaabglqj,164.794
mp-aaabglqt,17.864
mp-aaabglry,191.427
mp-aaabglss,51.714
mp-aaabgltp,34.489
mp-aaabgltr,19.84
mp-aaabgluv,67.033
mp-aaabglve,4.411
mp-aaabglvq,255.669
mp-aaabglvw,720887.837
mp-aaabglvx,6.7940000000000005
mp-aaabglwm,114.468
mp-aaabglwo,235.627
mp-aaabglwt,42.656
mp-aaabglwu,180.839
mp-aaabglxa,16.063
mp-aaabglxr,187.603
mp-aaabglxt,51.695
mp-aaabglxz,221.34
mp-aaabglyo,10.273
mp-aaabglys,0.643
mp-aaabglzk,87.044
mp-aaabglzu,23.382
mp-aaabglzz,38.486
mp-aaabgmaj,135.276
mp-aaabgmak,160.356
mp-aaabgman,199.865
mp-aaabgmay,4.479
mp-aaabgmbi,75.835
mp-aaabgmbv,27.743
mp-aaabgmci,327.425
mp-aaabgmcp,78.371
mp-aaabgmdk,57.536
mp-aaabgmej,44.169
mp-aaabgmew,212.391
mp-aaabgmez,159.381
mp-aaabgmfd,29.211
mp-aaabgmfj,67.825
mp-aaabgmfk,264.389
mp-aaabgmfm,48.347
mp-aaabgmfp,72.999
mp-aaabgmfr,114.12
mp-aaabgmfy,177.227
mp-aaabgmgh,65.98
mp-aaabgmgn,161.564
mp-aaabgmgw,3.502
mp-aaabgmhs,58.179
mp-aaabgmhv,0.8230000000000001
mp-aaabgmhx,39.227
mp-aaabgmhz,170.078
mp-aaabgmia,0.028
mp-aaabgmir,83.946
mp-aaabgmit,39.487
mp-aaabgmix,30.79
mp-aaabgmjg,196.908
mp-aaabgmji,5.733
mp-aaabgmjn,213.212
mp-aaabgmkh,181.71
mp-aaabgmks,76.355
mp-aaabgmkw,179.263
mp-aaabgmlc,158.423
mp-aaabgmlf,50.645
mp-aaabgmlh,43.315
mp-aaabgmlp,130.309
mp-aaabgmne,1.958
mp-aaabgmnj,15.624
mp-aaabgmno,56.741
mp-aaabgmnr,98.691
mp-aaabgmnw,167.858
mp-aaabgmoc,20.171
mp-aaabgmoe,60.156
mp-aaabgmoo,5.603
mp-aaabgmop,203.067
mp-aaabgmow,17.34
mp-aaabgmpb,14.86
mp-aaabgmpq,13.822
mp-aaabgmqa,274.968
mp-aaabgmqd,239.813
mp-aaabgmqz,213.186
mp-aaabgmrf,138.262
mp-aaabgmrm,41.942
mp-aaabgmss,133.935
mp-aaabgmsv,11.162
mp-aaabgmsx,5.865
mp-aaabgmtb,62.104
mp-aaabgmtd,204.223
mp-aaabgmtg,164.527
mp-aaabgmtp,117.921
mp-aaabgmtv,57.047
mp-aaabgmuh,175.942
mp-aaabgmvg,8.913
mp-aaabgmvm,13.509
mp-aaabgmwg,10.949
mp-aaabgmwi,16.957
mp-aaabgmwk,225.583
mp-aaabgmwr,20.549
mp-aaabgmxb,6.621
mp-aaabgmxf,187.543
mp-aaabgmxh,101.385
mp-aaabgmxs,64.88
mp-aaabgmxy,25.73
mp-aaabgmye,33.986
mp-aaabgmyr,135.604
mp-aaabgmyu,45.876
mp-aaabgmyz,137.018
mp-aaabgmzj,79.041
mp-aaabgmzr,132.693
mp-aaabgmzw,45.827
mp-aaabgnac,10.316
mp-aaabgnbb,135.713
mp-aaabgnbd,40.022
mp-aaabgnbq,118.844
mp-aaabgnbr,48.749
mp-aaabgnbs,41.626
mp-aaabgnby,27.022
mp-aaabgnbz,169.621
mp-aaabgnch,10.245
mp-aaabgncu,7.077
mp-aaabgndm,160.728
mp-aaabgndy,171.72
mp-aaabgneg,63.965
mp-aaabgnel,63.583
mp-aaabgnep,54.127
mp-aaabgnes,105.655
mp-aaabgnet,49.34
mp-aaabgnfa,75.501
mp-aaabgnfc,174.157
mp-aaabgnfd,35.93
mp-aaabgnfr,158.095
mp-aaabgnft,27.174
mp-aaabgngi,34.471
mp-aaabgngk,56.945
mp-aaabgnhd,51.435
mp-aaabgnhr,184.048
mp-aaabgnhs,93.31
mp-aaabgnia,191.72
mp-aaabgnik,129.504
mp-aaabgnim,15.253
mp-aaabgnip,35.493
mp-aaabgnja,38.657
mp-aaabgnje,18.094
mp-aaabgnjh,14.495
mp-aaabgnjn,15.187
mp-aaabgnkf,135.34
mp-aaabgnkl,173.233
mp-aaabgnkn,38.302
mp-aaabgnkp,181.742
mp-aaabgnkt,273.081
mp-aaabgnku,122.263
mp-aaabgnla,92.341
mp-aaabgnlh,12.468
mp-aaabgnlm,1.611
mp-aaabgnlo,79.59
mp-aaabgnmu,133.386
mp-aaabgnmw,77.718
mp-aaabgnmx,12.514
mp-aaabgnoc,152.083
mp-aaabgnof,225.918
mp-aaabgnok,14.728
mp-aaabgnop,59.927
mp-aaabgnpj,163.496
mp-aaabgnpm,132.244
mp-aaabgnqc,12.111
mp-aaabgnqm,10.441
mp-aaabgnqp,106.475
mp-aaabgnqr,391.827
mp-aaabgnqt,116.418
mp-aaabgnrc,126.117
mp-aaabgnrd,145.703
mp-aaabgphe,11.027
mp-aaabgpsl,6.734
mp-aaabgpvb,173.331
mp-aaabgqcq,22.171
mp-aaabgqmd,140.398
mp-aaabgqpu,12.943
mp-aaabgqrh,12.229
mp-aaabgqtn,9.36
mp-aaabgrct,156.483
mp-aaabgrdx,128.33
mp-aaabgrkp,138.122
mp-aaabgrlz,85.789
mp-aaabgrmd,39.315
mp-aaabgrnv,71.741
mp-aaabgrtu,19721.536
mp-aaabgrzz,10.009
mp-aaabgxxx,133.066
mp-aaabgxyc,111.932
mp-aaabgzgi,206.727
mp-aaabgzow,65.07
mp-aaabhaik,25.895
mp-aaabhais,180.818
mp-aaabhaiu,24.939
mp-aaabhakt,111.07
mp-aaabhani,-5466021.578
mp-aaabhanl,149.816
mp-aaabhans,104.747
mp-aaabhbhu,22.311
mp-aaabhbjn,62.771
mp-aaabhbnc,12.368
mp-aaabhcnj,122.347
mp-aaabhcno,93.894
mp-aaabhcoj,120.685
mp-aaabhcpe,109.711
mp-aaabhcqk,106.169
mp-aaabhcsf,16.297
mp-aaabhczy,213.198
mp-aaabhdhj,42.357
mp-aaabhdmm,201.293
mp-aaabheay,35.981
mp-aaabhemg,100.495
mp-aaabhevi,54.259
mp-aaabidsj,18.482
mp-aaabidts,101.928
mp-aaabidtt,120.211
mp-aaabidxg,68.88
mp-aaabiekn,106.321
mp-aaabieme,11.725
mp-aaabifiv,1134926.496
mp-aaabiflh,45.811
mp-aaabifmj,157.893
mp-aaabiggy,182.283
mp-aaabighb,24.147
mp-aaabighu,1834621.425
mp-aaabigia,193.849
mp-aaabiijz,174.638
mp-aaabiinr,145.461
mp-aaabijbz,233.171
mp-aaabijkc,102.987
mp-aaabijyv,9.564
mp-aaabijza,3.566
mp-aaabijzd,2.781
mp-aaabikfw,84.663
mp-aaabikgq,68.417
mp-aaabikuu,102.403
mp-aaabikvs,10.701
mp-aaabikvu,22.494
mp-aaabikvy,23.858
mp-aaabilah,61.997
mp-aaabilai,33.635
mp-aaabilyt,160.22
mp-aaabimdq,7.808
mp-aaabimgi,16.114
mp-aaabinav,6.824
mp-aaabiniy,43.461
mp-aaabiocl,218.746
mp-aaabiojj,33.375
mp-aaabioml,279.032
mp-aaabioql,84.627
mp-aaabipys,10.145
mp-aaabiqfz,7.82
mp-aaabitdq,142.715
mp-aaabitsv,11.294
mp-aaabituy,125.652
mp-aaabiumk,435.557
mp-aaabivce,1.978
mp-aaabivna,0.597
mp-aaabixhn,325.443
mp-aaabixpb,180.669
mp-aaabiyhq,32.449
mp-aaabiyhx,15.373
mp-aaabiytj,11.126
mp-aaabiyym,91.135
mp-aaabizep,8.224
mp-aaabizzh,16.556
mp-aaabjafy,202.285
mp-aaabjbuw,15.227
mp-aaabjbxg,435.362
mp-aaabjbxy,22.432
mp-aaabjcbv,147.515
mp-aaabjccl,173.805
mp-aaabjerd,124.209
mp-aaabjfrj,91.372
mp-aaabjhpi,108.842
mp-aaabjiad,60.927
mp-aaabjjea,113.257
mp-aaabjker,99.696
mp-aaabjkld,112.917
mp-aaabjkza,130.158
mp-aaabjlou,68.845
mp-aaabjlpe,158.207
mp-aaabjlqm,16.341
mp-aaabjlus,115.986
mp-aaabjmok,95.54
mp-aaabjnlj,-143601.86
mp-aaabjnuy,127.273
mp-aaabjobs,28.581
mp-aaabjolt,40.615
mp-aaabjoqo,106.355
mp-aaabjoqp,91.937
mp-aaabjots,24.052
mp-aaabjoug,82.391
mp-aaabjoui,144.446
mp-aaabjpdt,65.945
mp-aaabjphf,54.605
mp-aaabjqyu,26.262
mp-aaabjrfd,30.922
mp-aaabjseh,227.986
mp-aaabjtxe,9.032
mp-aaabjudp,13.848
mp-aaabjumx,99.716
mp-aaabjvbp,214.146
mp-aaabjvdy,373.876
mp-aaabjxva,37.715
mp-aaabjxvb,101.347
mp-aaabjxvc,169.578
mp-aaabjxvp,141.531
mp-aaabjxvu,95.326
mp-aaabjxwo,94.647
mp-aaabjxwq,34.014
mp-aaabjxwt,126.046
mp-aaabjxww,98.321
mp-aaabjxwx,-1657029609.016
mp-aaabjxwz,100.347
mp-aaabjxxc,102.888
mp-aaabjxxe,170.102
mp-aaabjxxi,75.145
mp-aaabjxxk,35.3
mp-aaabjxxl,49.954
mp-aaabjxxm,126.524
mp-aaabjxxn,86.699
mp-aaabjxxo,264.415
mp-aaabjxxq,58.658
mp-aaabjxxr,76.298
mp-aaabjxxx,142.296
mp-aaabjxxy,174.843
mp-aaabjxyb,189.875
mp-aaabjxyc,176.159
mp-aaabjxyd,88.355
mp-aaabjxye,74.131
mp-aaabjxyf,70.07
mp-aaabjxyg,25.706
mp-aaabjxyh,17.782
mp-aaabjxyk,139.643
mp-aaabjxyl,194.937
mp-aaabjxyn,66.328
mp-aaabjxyw,271.769
mp-aaabjxyx,86.2
mp-aaabjxze,111.294
mp-aaabjxzk,190.764
mp-aaabjxzn,106.279
mp-aaabjxzp,103.767
mp-aaabjxzq,116.49
mp-aaabjxzt,293.668
mp-aaabjxzv,110.55
mp-aaabjxzx,79.413
mp-aaabjxzy,34.225
mp-aaabjxzz,167.245
mp-aaabjyad,162.789
mp-aaabjyae,157.642
mp-aaabjyag,30.597
mp-aaabjyak,48.867
mp-aaabjyal,87.841
mp-aaabjyao,98.163
mp-aaabjyap,129.476
mp-aaabjyau,181.074
mp-aaabjyaw,99.597
mp-aaabjyay,34.801
mp-aaabjyaz,191.177
mp-aaabjyba,85.075
mp-aaabjybb,97.416
mp-aaabjybc,167.909
mp-aaabjybh,146.466
mp-aaabjybi,202.767
mp-aaabjybk,162.622
mp-aaabjybl,36.504
mp-aaabjybn,55.467
mp-aaabjybo,209.674
mp-aaabjybp,169.338
mp-aaabjybr,89.899
mp-aaabjybs,134.023
mp-aaabjybt,88.405
mp-aaabjybv,171.408
mp-aaabjycf,117.828
mp-aaabjycg,92.455
mp-aaabjycn,65.88
mp-aaabjycp,106.406
mp-aaabjycq,152.186
mp-aaabjyct,71.52
mp-aaabjyda,122.422
mp-aaabjydc,38.778
mp-aaabjydf,63.285
mp-aaabjydj,35.861
mp-aaabjydl,53.236
mp-aaabjydm,97.004
mp-aaabjydn,105.795
mp-aaabjydr,49.413
mp-aaabjyds,232.655
mp-aaabjydu,130.515
mp-aaabjydw,85.867
mp-aaabjydz,145.865
mp-aaabjyeb,79.941
mp-aaabjyeh,17.332
mp-aaabjyej,36.571
mp-aaabjyeo,132.121
mp-aaabjyep,104.983
mp-aaabjyer,46.71
mp-aaabjyet,180.748
mp-aaabjyeu,108.531
mp-aaabjyev,64.871
mp-aaabjyfb,32.221
mp-aaabjyfe,76.67
mp-aaabjyfj,201.037
mp-aaabjyfk,65.801
mp-aaabjyfl,22.492
mp-aaabjyfn,55.158
mp-aaabjyfp,65.622
mp-aaabjyfs,28.903
mp-aaabxdts,2.772
mp-aaabxezt,30.009
mp-aaabxezu,44.769
mp-aaabxezv,88.449
mp-aaabxezx,66.418
mp-aaabxezy,44.88
mp-aaabxezz,50.134
mp-aaabxfac,163.571
mp-aaabxfad,132.25
mp-aaabxfae,104.218
mp-aaabxfag,46.7
mp-aaabxfah,105.456
mp-aaabxfai,46.386
mp-aaabxfak,70.501
mp-aaabxfam,4.924
mp-aaabxfan,2.955
mp-aaabxfao,31.615
mp-aaabxfaq,42.683
mp-aaabxfas,94.942
mp-aaabxfat,127.282
mp-aaabxfau,130.834
mp-aaabxfav,124.915
mp-aaabxfaw,121.902
mp-aaabxfay,67.466
mp-aaabxfaz,52.345
mp-aaabxfba,42.537
mp-aaabxfbb,175.191
mp-aaabxfbd,57.531
mp-aaabxfbj,240.518
mp-aaabxfbk,234.508
mp-aaabxfbl,45.439
mp-aaabxfbp,128.857
mp-aaabxfbr,194.409
mp-aaabxfbu,272.496
mp-aaabxfbv,221.392
mp-aaabxfby,161.838
mp-aaabxfcb,2.881
mp-aaabxfcd,106.997
mp-aaabxfcf,150.032
mp-aaabxfcg,4.783
mp-aaabxfcl,69.742
mp-aaabxfcm,82.554
mp-aaabxfcn,220.427
mp-aaabxfco,245.861
mp-aaabxfcp,187.174
mp-aaabxfcq,245.129
mp-aaabxfcs,65.575
mp-aaabxfct,74.904
mp-aaabxfdc,189.709
mp-aaabxfeh,206.086
mp-aaabxfey,40.172
mp-aaabxfez,3.156
mp-aaabxffa,141.693
mp-aaabxffb,242.395
mp-aaabxffh,33.91
mp-aaabxffi,17.492
mp-aaabxffj,33.659
mp-aaabxffk,113.756
mp-aaabxffl,41.055
mp-aaabxffn,47.359
mp-aaabxffo,67.859
mp-aaabxffv,41.104
mp-aaabxffw,30.524
mp-aaabxffy,13.554
mp-aaabxfgb,249.914
mp-aaabxfgc,40.259
mp-aaabxfgd,41.92
mp-aaabxfge,247.114
mp-aaabxfgf,43.786
mp-aaabxfgj,25.992
mp-aaabxfgk,265.254
mp-aaabxfgl,33.235
mp-aaabxfgm,74.156
mp-aaabxfgp,70.325
mp-aaabxfgu,123.458
mp-aaabxfgw,246.749
mp-aaabxfgx,49.015
mp-aaabxfgy,142.707
mp-aaabxfhb,56.084
mp-aaabxfhc,210.794
mp-aaabxfhd,39.222
mp-aaabxfhe,47.035
mp-aaabxfhi,90.519
mp-aaabxfhj,45.028
mp-aaabxfhk,37.559
mp-aaabxfhm,211.726
mp-aaabxfhn,43.429
mp-aaabxfho,55.635
mp-aaabxfhs,52.714
mp-aaabxfht,86.254
mp-aaabxfhu,40.247
mp-aaabxfhv,150.532
mp-aaabxfit,202.133
mp-aaabxfix,184.201
mp-aaabxfiz,81.88
mp-aaabxfjb,156.281
mp-aaabxfjc,218.128
mp-aaabxfjg,145.683
mp-aaabxfjt,192.655
mp-aaabxfkn,177.868
mp-aaabxfko,135.096
mp-aaabxfkt,112.134
mp-aaabxfku,63.398
mp-aaabxfkz,101.369
mp-aaabxfla,180.435
mp-aaabxflc,81.37
mp-aaabxfld,64.746
mp-aaabxflf,194.531
mp-aaabxflg,93.62
mp-aaabxflh,162.384
mp-aaabxfli,22.587
mp-aaabxfll,77.617
mp-aaabxflm,131.037
mp-aaabxfln,198.121
mp-aaabxflo,73.061
mp-aaabxflq,175.938
mp-aaabxflr,121.633
mp-aaabxfls,191.279
mp-aaabxflt,195.913
mp-aaabxflu,149.687
mp-aaabxflz,5.026
mp-aaabxfma,187.509
mp-aaabxfmd,161.554
mp-aaabxfme,114.52
mp-aaabxfmf,178.265
mp-aaabxfmg,94.828
mp-aaabxfmh,115.137
mp-aaabxfmi,58.214
mp-aaabxfmj,56.12
mp-aaabxfmk,171.303
mp-aaabxfml,217.65
mp-aaabxfmm,1.808
mp-aaabxfmo,190.484
mp-aaabxfmp,111.473
mp-aaabxfmq,84.193
mp-aaabxfmr,88.2
mp-aaabxfms,76.915
mp-aaabxfmt,109.614
mp-aaabxfmu,227.345
mp-aaabxfmv,43.21
mp-aaabxfmw,34.56
mp-aaabxfmx,160.206
mp-aaabxfmy,120.332
mp-aaabxfmz,49.044
mp-aaabxfnb,193.511
mp-aaabxfnc,139.445
mp-aaabxfnd,171.181
mp-aaabxfne,143.606
mp-aaabxfnf,170.483
mp-aaabxfng,173.179
mp-aaabxfnh,188.351
mp-aaabxfni,228.585
mp-aaabxfnk,47.879
mp-aaabxfnl,231.986
mp-aaabxfnm,246.262
mp-aaabxfnn,153.099
mp-aaabxfnp,200.874
mp-aaabxfnr,103.481
mp-aaabxfnt,194.226
mp-aaabxfnu,38.641
mp-aaabxfnx,100.755
mp-aaabxfny,247.412
mp-aaabxfoa,155.882
mp-aaabxfob,106.207
mp-aaabxfoc,252.159
mp-aaabxfod,176.935
mp-aaabxfoe,88.039
mp-aaabxfog,175.345
mp-aaabxfoh,106.503
mp-aaabxfoi,99.15
mp-aaabxfoj,101.086
mp-aaabxfok,73.054
mp-aaabxfom,218.933
mp-aaabxfon,99.317
mp-aaabxfoo,3.535
mp-aaabxfop,228.444
mp-aaabxfoq,210.529
mp-aaabxfor,226.37
mp-aaabxfot,168.969
mp-aaabxfou,193.97
mp-aaabxfov,255.756
mp-aaabxfow,237.182
mp-aaabxfox,37.203
mp-aaabxfoy,218.17
mp-aaabxfpb,71.682
mp-aaabxfpd,139.601
mp-aaabxfpg,182.895
mp-aaabxfph,197.703
mp-aaabxfpi,89.209
mp-aaabxfpj,214.003
mp-aaabxfpm,55.262
mp-aaabxfpn,52.775
mp-aaabxfpq,197.202
mp-aaabxfpr,195.796
mp-aaabxfpv,208.501
mp-aaabxfpz,183.393
mp-aaabxfqa,187.046
mp-aaabxfqb,219.105
mp-aaabxfqc,287.886
mp-aaabxfqd,201.069
mp-aaabxfqf,244.954
mp-aaabxfqg,242.884
mp-aaabxfqh,195.84
mp-aaabxfqi,41.684
mp-aaabxfqj,146.833
mp-aaabxfqk,172.957
mp-aaabxfqm,174.551
mp-aaabxfqs,222.224
mp-aaabxfqt,187.383
mp-aaabxfqv,156.306
mp-aaabxfqx,109.21
mp-aaabxfqy,165.085
mp-aaabxfrc,226.509
mp-aaabxfrd,128.55
mp-aaabxfre,154.665
mp-aaabxfrf,22.925
mp-aaabxfru,172.181
mp-aaabxfrv,34.651
mp-aaabxfse,69.41
mp-aaabxfsf,28.313
mp-aaabxfsh,150.486
mp-aaabxfsj,40.126
mp-aaabxfsk,41.303
mp-aaabxfss,31.125
mp-aaabxfst,175.043
mp-aaabxfsu,116.982
mp-aaabxfsv,160.513
mp-aaabxfsw,218.707
mp-aaabxfsy,38.106
mp-aaabxfsz,80.025
mp-aaabxfta,55.109
mp-aaabxftc,25.727
mp-aaabxftj,15.404
mp-aaabxftk,43.362
mp-aaabxftl,36.766
mp-aaabxftm,24.965
mp-aaabxftn,59.904
mp-aaabxfto,35.668
mp-aaabxftp,57.865
mp-aaabxftr,42.221
mp-aaabxfts,41.722
mp-aaabxftt,37.926
mp-aaabxftu,56.68
mp-aaabxftv,41.671
mp-aaabxftw,132.432
mp-aaabxftz,120.303
mp-aaabxfub,155.284
mp-aaabxfuc,74.545
mp-aaabxfud,23.718
mp-aaabxfug,173.159
mp-aaabxfuh,201.65
mp-aaabxfuo,192.899
mp-aaabxfuv,27.25
mp-aaabxfuw,182.409
mp-aaabxfux,182.617
mp-aaabxfuy,181.984
mp-aaabxfuz,178.546
mp-aaabxfva,86.378
mp-aaabxfvb,87.977
mp-aaabxfvc,124.171
mp-aaabxfvf,155.745
mp-aaabxfvg,65.862
mp-aaabxfvi,49.525
mp-aaabxfvj,63.933
mp-aaabxfvk,184.958
mp-aaabxfvm,162.451
mp-aaabxfvn,189.784
mp-aaabxfvp,138.178
mp-aaabxfvq,167.044
mp-aaabxfvr,32.385
mp-aaabxfvs,153.479
mp-aaabxfvu,193.286
mp-aaabxfvv,38.477
mp-aaabxfvw,171.591
mp-aaabxfvy,169.501
mp-aaabxfwa,136.591
mp-aaabxfwc,191.166
mp-aaabxfwd,201.248
mp-aaabxfwf,167.47
mp-aaabxfwh,68.65
mp-aaabxfwi,91.829
mp-aaabxfwj,76.107
mp-aaabxfwk,187.256
mp-aaabxfwl,154.144
mp-aaabxfwp,223.605
mp-aaabxfwr,211.803
mp-aaabxfws,152.068
mp-aaabxfwt,147.294
mp-aaabxfxa,123.512
mp-aaabxfxe,127.101
mp-aaabxfxh,182.794
mp-aaabxfxi,45.134
mp-aaabxfxj,134.846
mp-aaabxfxk,-1181.2
mp-aaabxfxn,161.823
mp-aaabxfxo,104.247
mp-aaabxfxq,188.205
mp-aaabxfxr,125.9
mp-aaabxfxw,80.336
mp-aaabxfya,116.125
mp-aaabxfyb,231.437
mp-aaabxfyc,116.23
mp-aaabxfyd,44.718
mp-aaabxfye,124.074
mp-aaabxfyg,226.089
mp-aaabxfyh,128.39
mp-aaabxfyj,100.748
mp-aaabxfym,55.4
mp-aaabxfyn,205.913
mp-aaabxfyu,179.898
mp-aaabxfyv,153.366
mp-aaabxfyw,202.895
mp-aaabxfyy,141.544
mp-aaabxfza,52.205
mp-aaabxfzb,182.535
mp-aaabxfzd,129.806
mp-aaabxfzi,188.12
mp-aaabxfzt,108.871
mp-aaabxfzy,260.723
mp-aaabxgaa,209.082
mp-aaabxgab,96.269
mp-aaabxgac,96.69
mp-aaabxgae,101.396
mp-aaabxgar,65.284
mp-aaabxgas,108.889
mp-aaabxgat,135.447
mp-aaabxgav,3.109
mp-aaabxgbc,171.518
mp-aaabxgbk,-10.668
mp-aaabxgbo,115.779
mp-aaabxgbp,137.722
mp-aaabxgbq,132.86
mp-aaabxgbs,3.289
mp-aaabxgbt,118.848
mp-aaabxgbx,79.162
mp-aaabxgcg,93.112
mp-aaabxgci,106.578
mp-aaabxgck,128.64
mp-aaabxgcv,2.736
mp-aaabxgcx,137.109
mp-aaabxgcy,58.554
mp-aaabxgcz,111.133
mp-aaabxgdc,87.72
mp-aaabxgdd,89.938
mp-aaabxgde,146.356
mp-aaabxgdg,181.822
mp-aaabxgdp,53.429
mp-aaabxgds,43.03
mp-aaabxgdu,142.714
mp-aaabxgdv,156.439
mp-aaabxgdy,221.654
mp-aaabxgeb,233.519
mp-aaabxgeq,174.749
mp-aaabxges,85.691
mp-aaabxget,76.381
mp-aaabxgew,80.916
mp-aaabxgfl,191.62
mp-aaabxgfo,129.135
mp-aaabxgfp,151.261
mp-aaabxgfq,50.84
mp-aaabxgfs,104.325
mp-aaabxgfu,59.171
mp-aaabxgfw,106.626
mp-aaabxgfx,74.058
mp-aaabxgfy,156.979
mp-aaabxggf,158.18
mp-aaabxggg,244.229
mp-aaabxggh,129.632
mp-aaabxggi,89.908
mp-aaabxggk,73.413
mp-aaabxggm,212.674
mp-aaabxggn,77.305
mp-aaabxggo,85.675
mp-aaabxggx,98.781
mp-aaabxgha,265.263
mp-aaabxghd,197.789
mp-aaabxghf,65.878
mp-aaabxghg,75.342
mp-aaabxghh,193.143
mp-aaabxghi,46.296
mp-aaabxghj,229.778
mp-aaabxghk,258.765
mp-aaabxghl,3.46
mp-aaabxghu,243.003
mp-aaabxghw,253.319
mp-aaabxghx,261.007
mp-aaabxghy,225.829
mp-aaabxghz,203.686
mp-aaabxgic,231.816
mp-aaabxgif,6.847
mp-aaabxgig,241.192
mp-aaabxgih,238.066
mp-aaabxgii,321.065
mp-aaabxgij,289.662
mp-aaabxgil,275.44
mp-aaabxgim,102.218
mp-aaabxgin,254.239
mp-aaabxgio,69.569
mp-aaabxgip,71.324
mp-aaabxgiq,82.71
mp-aaabxgir,69.509
mp-aaabxgis,286.547
mp-aaabxgit,250.046
mp-aaabxgiy,53.873
mp-aaabxgiz,105.817
mp-aaabxgjb,59.874
mp-aaabxgjc,135.535
mp-aaabxgjd,126.817
mp-aaabxgjf,179.127
mp-aaabxgjg,97.382
mp-aaabxgjh,2.849
mp-aaabxgji,87.395
mp-aaabxgjj,183.807
mp-aaabxgjk,116.26
mp-aaabxgjl,76.015
mp-aaabxgjn,70.402
mp-aaabxgjp,190.543
mp-aaabxgjq,124.42
mp-aaabxgjr,159.093
mp-aaabxgjt,240.23
mp-aaabxgju,35.495
mp-aaabxgjw,127.688
mp-aaabxgjx,168.613
mp-aaabxgjy,193.113
mp-aaabxgkf,74.428
mp-aaabxgkg,38.939
mp-aaabxgkh,68.269
mp-aaabxgko,224.329
mp-aaabxgks,47.939
mp-aaabxgku,62.953
mp-aaabxgkv,90.313
mp-aaabxgkw,180.438
mp-aaabxgkx,111.102
mp-aaabxgla,138.683
mp-aaabxgld,212.034
mp-aaabxgll,44.869
mp-aaabxglm,43.608
mp-aaabxglq,50.434
mp-aaabxglr,41.701
mp-aaabxglt,236.881
mp-aaabxglu,236.904
mp-aaabxglv,88.993
mp-aaabxglw,92.142
mp-aaabxglz,170.681
mp-aaabxgma,87.008
mp-aaabxgmc,99.876
mp-aaabxgmf,75.68
mp-aaabxgmi,109.327
mp-aaabxgmk,54.789
mp-aaabxgml,119.564
mp-aaabxgmm,17.412
mp-aaabxgmp,115.558
mp-aaabxgmq,159.674
mp-aaabxgmr,149.694
mp-aaabxgmt,181.297
mp-aaabxgmx,228.828
mp-aaabxgnh,22.948
mp-aaabxgnm,46.404
mp-aaabxgnw,228.106
mp-aaabxgnx,104.846
mp-aaabxgoe,33.75
mp-aaabxgof,203.459
mp-aaabxgog,208.121
mp-aaabxgoi,207.779
mp-aaabxgoj,250.96
mp-aaabxgol,223.438
mp-aaabxgom,243.092
mp-aaabxgop,93.884
mp-aaabxgoq,56.533
mp-aaabxgor,38.38
mp-aaabxgos,39.074
mp-aaabxgot,100.492
mp-aaabxgou,287.241
mp-aaabxgov,271.275
mp-aaabxgow,32.933
mp-aaabxgoz,228.921
mp-aaabxgpb,59.596
mp-aaabxgph,48485339.016
mp-aaabxgpi,195.509
mp-aaabxgpj,146.595
mp-aaabxgpk,283.881
mp-aaabxgpl,244.997
mp-aaabxgqa,143.634
mp-aaabxgql,179.322
mp-aaabxgqm,66.47
mp-aaabxgqo,67.96
mp-aaabxgqq,173.551
mp-aaabxgqr,30.009
mp-aaabxgqs,40.536
mp-aaabxgqu,36.225
mp-aaabxgqv,234.973
mp-aaabxgrg,194.083
mp-aaabxgri,133.602
mp-aaabxgrj,52.245
mp-aaabxgrl,287.788
mp-aaabxgrn,38.24
mp-aaabxgrp,35.36
mp-aaabxgrq,47.688
mp-aaabxgrr,53.798
mp-aaabxgru,41.342
mp-aaabxgrv,198.415
mp-aaabxgrz,72.846
mp-aaabxgse,119.703
mp-aaabxgsf,79.277
mp-aaabxgsh,-206.574
mp-aaabxgsi,94.214
mp-aaabxgsj,130.602
mp-aaabxgsl,134.565
mp-aaabxgsu,210.074
mp-aaabxgtf,188.326
mp-aaabxgtg,160.207
mp-aaabxgtl,159.762
mp-aaabxgtm,152.758
mp-aaabxgto,155.943
mp-aaabxgtp,55.757
mp-aaabxgtq,40.699
mp-aaabxgtr,253.029
mp-aaabxgts,196.801
mp-aaabxgtt,85.14
mp-aaabxgtv,87.654
mp-aaabxgtw,128.593
mp-aaabxgtx,127.341
mp-aaabxgty,124.561
mp-aaabxgtz,55.734
mp-aaabxgua,45.488
mp-aaabxgub,138.404
mp-aaabxgud,194.966
mp-aaabxgue,213.299
mp-aaabxguf,201.21
mp-aaabxgug,94.234
mp-aaabxguh,208.29
mp-aaabxgui,-71898502.387
mp-aaabxguj,210.128
mp-aaabxguk,257.893
mp-aaabxgul,46.367
mp-aaabxgum,50.518
mp-aaabxgun,35.189
mp-aaabxguo,42.899
mp-aaabxgup,104.932
mp-aaabxgvo,223.944
mp-aaabxgvp,118.801
mp-aaabxgvq,231.602
mp-aaabxgvt,69.855
mp-aaabxgvu,163.884
mp-aaabxgvv,101.128
mp-aaabxgwc,54.848
mp-aaabxgwd,57.83
mp-aaabxgwe,64.281
mp-aaabxgwf,163.841
mp-aaabxgwg,125.869
mp-aaabxgwh,40.401
mp-aaabxgwl,48.609
mp-aaabxgwo,139.016
mp-aaabxgwp,41.319
mp-aaabxgwq,137.351
mp-aaabxgwr,173.915
mp-aaabxgws,134.753
mp-aaabxgwt,46.741
mp-aaabxgwu,126.874
mp-aaabxgww,37.398
mp-aaabxgwx,25.274
mp-aaabxgwy,225.088
mp-aaabxgwz,212.512
mp-aaabxgxa,168.312
mp-aaabxgxb,49.503
mp-aaabxgxg,138.075
mp-aaabxgxk,205.955
mp-aaabxgxp,117.351
mp-aaabxgxq,68.459
mp-aaabxgxr,203.806
mp-aaabxgxs,51.003
mp-aaabxgxt,35.03
mp-aaabxgxu,180.042
mp-aaabxgxv,160.895
mp-aaabxgxw,108.872
mp-aaabxgxx,226.523
mp-aaabxgxz,91.912
mp-aaabxgya,268.28
mp-aaabxgyd,56.751
mp-aaabxgye,37.023
mp-aaabxgyf,44.342
mp-aaabxgyi,102.513
mp-aaabxgyk,226.153
mp-aaabxgym,257.696
mp-aaabxgyo,36.108
mp-aaabxgyp,80.359
mp-aaabxgyq,45.614
mp-aaabxgyr,188.646
mp-aaabxgyu,103.353
mp-aaabxgyv,164.912
mp-aaabxgyw,123.024
mp-aaabxgyx,179.412
mp-aaabxgyy,201.234
mp-aaabxgyz,136.955
mp-aaabxgza,130.031
mp-aaabxgzb,182.368
mp-aaabxgzc,46.894
mp-aaabxgzd,230.966
mp-aaabxgze,81.712
mp-aaabxgzf,34.883
mp-aaabxgzg,82.734
mp-aaabxgzj,30.17
mp-aaabxgzk,83.821
mp-aaabxgzo,152.686
mp-aaabxgzr,54.172
mp-aaabxgzs,213.72
mp-aaabxgzv,75.286
mp-aaabxgzw,59.76
mp-aaabxhab,70.36
mp-aaabxhae,352.906
mp-aaabxhah,66.916
mp-aaabxhai,34.099
mp-aaabxhaj,40.875
mp-aaabxhak,237.931
mp-aaabxham,68.397
mp-aaabxhan,218.979
mp-aaabxhas,117.1
mp-aaabxhaw,48.488
mp-aaabxhax,43.051
mp-aaabxhba,102.769
mp-aaabxhbb,64.458
mp-aaabxhbc,26.909
mp-aaabxhbd,135.78
mp-aaabxhbe,37.315
mp-aaabxhbf,56.116
mp-aaabxhbh,218.535
mp-aaabxhbi,86.943
mp-aaabxhbj,45.837
mp-aaabxhbk,126.934
mp-aaabxhbl,90.68
mp-aaabxhbm,108.619
mp-aaabxhbn,70.05
mp-aaabxhbo,91.016
mp-aaabxhbp,43.874
mp-aaabxhbq,212.925
mp-aaabxhbr,82.283
mp-aaabxhbs,40.129
mp-aaabxhbt,236.108
mp-aaabxhbu,34.091
mp-aaabxhbv,3.096
mp-aaabxhbw,65.736
mp-aaabxhbx,57.964
mp-aaabxhby,45.159
mp-aaabxhbz,47.333
mp-aaabxhca,61.975
mp-aaabxhce,160.36
mp-aaabxhcg,49.261
mp-aaabxhch,43.686
mp-aaabxhck,47.092
mp-aaabxhcm,50.682
mp-aaabxhco,189.833
mp-aaabxhcq,183.765
mp-aaabxhcs,202.723
mp-aaabxhcx,203.229
mp-aaabxhcz,184.832
mp-aaabxhdd,173.642
mp-aaabxhdr,183.726
mp-aaabxhdw,77.703
mp-aaabxheb,45.189
mp-aaabxhec,228.517
mp-aaabxhed,40.013
mp-aaabxhee,75.545
mp-aaabxheg,20.061
mp-aaabxheh,50.858
mp-aaabxhej,127.869
mp-aaabxhel,228.974
mp-aaabxhem,185.429
mp-aaabxhen,147.583
mp-aaabxhep,216.134
mp-aaabxher,57.839
mp-aaabxhet,90.878
mp-aaabxheu,58.309
mp-aaabxhev,105.142
mp-aaabxhew,88.439
mp-aaabxhex,195.246
mp-aaabxhfa,213.993
mp-aaabxhfb,179.203
mp-aaabxhfc,177.082
mp-aaabxhfi,129.32
mp-aaabxhfr,38.111
mp-aaabxhfs,38.807
mp-aaabxhfv,77.317
mp-aaabxhfw,106.771
mp-aaabxhfx,200.406
mp-aaabxhga,173.786
mp-aaabxhgc,246.139
mp-aaabxhgd,193.549
mp-aaabxhge,183.596
mp-aaabxhgf,137.013
mp-aaabxhgi,66.273
mp-aaabxhgj,246.21
mp-aaabxhgn,190.885
mp-aaabxhgp,218.717
mp-aaabxhgq,37.535
mp-aaabxhgt,65.545
mp-aaabxhgu,24.55
mp-aaabxhgv,60.239
mp-aaabxhgw,195.459
mp-aaabxhha,168.296
mp-aaabxhhb,189.33
mp-aaabxhhc,155.629
mp-aaabxhhd,230.374
mp-aaabxhhe,227.636
mp-aaabxhhf,203.582
mp-aaabxhhi,74.686
mp-aaabxhhm,74.266
mp-aaabxhho,191.214
mp-aaabxhhp,194.292
mp-aaabxhhq,241.903
mp-aaabxhhr,209.627
mp-aaabxhhs,138.306
mp-aaabxhht,193.396
mp-aaabxhhu,43.556
mp-aaabxhhv,147.893
mp-aaabxhhw,96.832
mp-aaabxhhx,251.039
mp-aaabxhhy,64.686
mp-aaabxhhz,127.682
mp-aaabxhia,61.585
mp-aaabxhib,109.638
mp-aaabxhic,102.15
mp-aaabxhie,125.716
mp-aaabxhif,22.656
mp-aaabxhig,174.523
mp-aaabxhih,83.086
mp-aaabxhii,40.634
mp-aaabxhij,111.433
mp-aaabxhik,99.611
mp-aaabxhil,34.611
mp-aaabxhim,68.175
mp-aaabxhin,91.195
mp-aaabxhio,42.611
mp-aaabxhip,39.457
mp-aaabxhiq,28.662
mp-aaabxhir,40.663
mp-aaabxhit,168.977
mp-aaabxhiv,74.979
mp-aaabxhiw,110.213
mp-aaabxhix,158.023
mp-aaabxhiy,137.541
mp-aaabxhiz,47.338
mp-aaabxhjb,42.316
mp-aaabxhjc,34.107
mp-aaabxhjd,37.747
mp-aaabxhje,28.998
mp-aaabxhjg,38.333
mp-aaabxhjj,43.963
mp-aaabxhjl,103.657
mp-aaabxhjm,67.708
mp-aaabxhjn,42.483
mp-aaabxhjo,66.613
mp-aaabxhjv,59.863
mp-aaabxhjw,42.185
mp-aaabxhjx,248.307
mp-aaabxhjy,3.474
mp-aaabxhkc,191.897
mp-aaabxhkd,199.577
mp-aaabxhke,44.441
mp-aaabxhkf,174.628
mp-aaabxhkg,64.505
mp-aaabxhkh,52.306
mp-aaabxhki,197.731
mp-aaabxhkj,48.779
mp-aaabxhkl,82.434
mp-aaabxhkm,51.03
mp-aaabxhkn,36.778
mp-aaabxhml,75.884
mp-aaabxhmq,233.311
mp-aaabxhmr,150.594
mp-aaabxhms,30.934
mp-aaabxhmt,88.94
mp-aaabxhmu,44.835
mp-aaabxhmv,48.815
mp-aaabxhmx,27.578
mp-aaabxhnb,43.506
mp-aaabxhnc,161.409
mp-aaabxhne,88.541
mp-aaabxhnf,212.608
mp-aaabxhnr,59.352
mp-aaabxhnu,125.918
mp-aaabxhqd,210.464
mp-aaabxhqe,191.642
mp-aaabxhvu,46.185
mp-aaabxias,151.815
mp-aaabxihe,42.206
mp-aaabxihg,33.29
mp-aaabxish,286.259
mp-aaabxisj,84.013
mp-aaabxisk,137.844
mp-aaabxiso,234.983
mp-aaabxisq,238.142
mp-aaabxisr,112.788
mp-aaabxiss,77.314
mp-aaabxist,117.376
mp-aaabxisu,201.123
mp-aaabxisv,71.412
mp-aaabxisx,267.946
mp-aaabxisz,201.068
mp-aaabxita,2.759
mp-aaabxitb,80.644
mp-aaabxitc,94.638
mp-aaabxite,40.49
mp-aaabxitf,52.617
mp-aaabxiti,-4605.475
mp-aaabxitj,117.696
mp-aaabxitl,194.203
mp-aaabxitp,395.382
mp-aaabxitr,69.324
mp-aaabxits,40.504
mp-aaabxitt,54.046
mp-aaabxitu,196.752
mp-aaabxitv,20.768
mp-aaabxitw,145.866
mp-aaabxitx,29.052
mp-aaabxiue,167.594
mp-aaabxiuf,60.568
mp-aaabxiug,56.236
mp-aaabxiuh,40.294
mp-aaabxiui,64.741
mp-aaabxiul,39.938
mp-aaabxiup,26.242
mp-aaabxiur,30.248
mp-aaabxius,151.641
mp-aaabxiut,30.554
mp-aaabxiuu,29.945
mp-aaabxiuz,57.938
mp-aaabxiva,50.25
mp-aaabxivd,59.687
mp-aaabxive,86.846
mp-aaabxivi,58.884
mp-aaabxivj,175.784
mp-aaabxivl,44.905
mp-aaabxivn,53.486
mp-aaabxivp,35.078
mp-aaabxivr,185.233
mp-aaabxivs,71.539
mp-aaabxivt,117.728
mp-aaabxivu,117.477
mp-aaabxivw,35.282
mp-aaabxivy,11.444
mp-aaabxiwc,84.2
mp-aaabxiwd,28.446
mp-aaabxiwg,26.023
mp-aaabxiwh,27.505
mp-aaabxiwi,377.014
mp-aaabxiwj,117.96
mp-aaabxiwk,130.801
mp-aaabxiwm,238.287
mp-aaabxiwn,47.326
mp-aaabxiwo,67.274
mp-aaabxiwr,171.176
mp-aaabxiws,48.032
mp-aaabxiwt,90.52
mp-aaabxiwu,41.739
mp-aaabxiwv,59.779
mp-aaabxiww,24.555
mp-aaabxiwx,46.404
mp-aaabxiwz,12.419
mp-aaabxixd,119.005
mp-aaabxixe,61.719
mp-aaabxixf,80.823
mp-aaabxixl,56.205
mp-aaabxixm,78.569
mp-aaabxixn,120.86
mp-aaabxixp,59.426
mp-aaabxixq,71.201
mp-aaabxixs,53.973
mp-aaabxixt,219.675
mp-aaabxixu,87.893
mp-aaabxixv,104.433
mp-aaabxixw,41.35
mp-aaabxixx,116.817
mp-aaabxixy,84.99
mp-aaabxixz,80.793
mp-aaabxiyb,40.978
mp-aaabxiyc,109.393
mp-aaabxiyd,76.882
mp-aaabxiye,115.666
mp-aaabxiyg,216.144
mp-aaabxiyh,68.137
mp-aaabxiyi,374.539
mp-aaabxiyk,33.477
mp-aaabxiyl,74.476
mp-aaabxiyo,207.943
mp-aaabxiyp,194.115
mp-aaabxiyq,87.133
mp-aaabxiyr,210.143
mp-aaabxiys,219.36
mp-aaabxiyt,276.013
mp-aaabxiyv,55.443
mp-aaabxiyw,142.107
mp-aaabxiyx,137.752
mp-aaabxiyy,238.159
mp-aaabxiyz,286.08
mp-aaabxizd,81.503
mp-aaabxizf,76.048
mp-aaabxizg,59.883
mp-aaabxizi,60.402
mp-aaabxizk,199.112
mp-aaabxizl,171.867
mp-aaabxizw,212.177
mp-aaabxizy,134.721
mp-aaabxizz,193.573
mp-aaabxjaa,148.622
mp-aaabxjaf,103.456
mp-aaabxjaj,144.315
mp-aaabxjal,199.848
mp-aaabxjas,200.128
mp-aaabxjat,193.02
mp-aaabxjaw,163.496
mp-aaabxjbe,52.821
mp-aaabxjbi,32.98
mp-aaabxjbj,22.509
mp-aaabxjbl,341.997
mp-aaabxjbm,72.453
mp-aaabxjbn,142.913
mp-aaabxjbo,57.967
mp-aaabxjbp,50.473
mp-aaabxjbq,30.387
mp-aaabxjbr,299.67
mp-aaabxjbt,99.567
mp-aaabxjbw,308.589
mp-aaabxjbx,286.678
mp-aaabxjcb,83.944
mp-aaabxjce,82.224
mp-aaabxjcm,82.451
mp-aaabxjek,65.405
mp-aaabxjhr,222.56
mp-aaabxjka,116.019
mp-aaabxjpd,33.107
mp-aaabxjql,113.333
mp-aaabxjqu,193.852
mp-aaabxjqy,169.616
mp-aaabxjrb,39.951
mp-aaabxjrd,187.6
mp-aaabxjrg,97.087
mp-aaabxjrl,135.073
mp-aaabxjrm,84.578
mp-aaabxjrs,145.311
mp-aaabxjrt,151.149
mp-aaabxjrv,224.467
mp-aaabxjrx,54.341
mp-aaabxjrz,180.486
mp-aaabxjsd,231.932
mp-aaabxjse,106.001
mp-aaabxjsk,220.674
mp-aaabxjsm,268.88
mp-aaabxjsq,358.896
mp-aaabxjss,129.422
mp-aaabxjst,186.133
mp-aaabxjsw,71.667
mp-aaabxjsx,42.058
mp-aaabxjsy,55.602
mp-aaabxjsz,49.213
mp-aaabxjta,127.176
mp-aaabxjtb,23.718
mp-aaabxjtd,28.548
mp-aaabxjtf,41.8
mp-aaabxjti,52.184
mp-aaabxjtk,117.454
mp-aaabxjtn,58.767
mp-aaabxjto,276.055
mp-aaabxjts,119.104
mp-aaabxjtt,207.781
mp-aaabxjtu,70.268
mp-aaabxjty,62.879
mp-aaabxjua,227.135
mp-aaabxjub,179.191
mp-aaabxjug,146.996
mp-aaabxjuh,247.221
mp-aaabxjuj,254.421
mp-aaabxjuk,74.927
mp-aaabxjum,206.038
mp-aaabxjuo,149.145
mp-aaabxjus,257.421
mp-aaabxjut,69.985
mp-aaabxjuv,32.155
mp-aaabxjuw,149.04
mp-aaabxjuz,67.735
mp-aaabxjva,48.691
mp-aaabxjvd,90.319
mp-aaabxjvf,114.186
mp-aaabxjvh,40.002
mp-aaabxjvi,62.849
mp-aaabxjvj,100.508
mp-aaabxjvn,78.669
mp-aaabxjvo,89.778
mp-aaabxjvp,83.326
mp-aaabxjvq,68.731
mp-aaabxjvs,58.234
mp-aaabxjvt,53.804
mp-aaabxjvu,241.663
mp-aaabxjvw,65.15
mp-aaabxjvx,73.965
mp-aaabxjvy,214.474
mp-aaabxjvz,57.544
mp-aaabxjwb,143.099
mp-aaabxjwc,82.573
mp-aaabxjwh,89.382
mp-aaabxjwo,50.087
mp-aaabxjwp,84.831
mp-aaabxjwq,99.218
mp-aaabxjwr,204.892
mp-aaabxjwt,110.279
mp-aaabxjwv,194.629
mp-aaabxjww,186.513
mp-aaabxjwy,214.114
mp-aaabxjxc,73.505
mp-aaabxjxd,139.152
mp-aaabxjxf,113.454
mp-aaabxjxi,54.712
mp-aaabxjxj,149.332
mp-aaabxjxk,192.627
mp-aaabxjxl,199.92
mp-aaabxjxm,141.574
mp-aaabxjxn,177.241
mp-aaabxjxo,84.38
mp-aaabxjxp,81.483
mp-aaabxjxq,163.077
mp-aaabxjxr,151.349
mp-aaabxjxs,93.448
mp-aaabxjxt,37.418
mp-aaabxjxu,100.631
mp-aaacdtso,45.883
mp-aaacdtsw,52.713
mp-aaacdttq,19.265
mp-aaacdtua,41.352
mp-aaacdtuf,30.077
mp-aaacdtuj,64.929
mp-aaacdtuk,62.462
mp-aaacdtul,42.167
mp-aaacdtuo,60.84
mp-aaacdtup,102.32
mp-aaacdtus,48.824
mp-aaacdtut,33.683
mp-aaacdtuu,52.673
mp-aaacdtuy,71.092
mp-aaacdtvy,151.922
mp-aaacdtzr,11.948
mp-aaacdtzs,224.333
mp-aaacdtzt,139.691
mp-aaacdtzz,52.438
mp-aaacduaa,125.139
mp-aaacduad,308.449
mp-aaacduae,107.326
mp-aaacduag,132.156
mp-aaacduhk,72.216
mp-aaacduiv,44.884
mp-aaacdure,89.137
mp-aaacduru,66.272
mp-aaacdurv,21.912
mp-aaacdurx,158.591
mp-aaacdusb,209.285
mp-aaacduvd,232.744
mp-aaacduvo,99.958
mp-aaacdvbd,47.267
mp-aaacdvcm,141.495
mp-aaacdvcn,122.949
mp-aaacdvco,42.606
mp-aaacdvcr,123.599
mp-aaacdvcs,14.914
mp-aaacdvct,31.022
mp-aaacdvit,89.762
mp-aaacdvmm,58.196
mp-aaacdvmt,54.772
mp-aaacdvmv,117.97
mp-aaacdvmw,37.409
mp-aaacdvna,28.947
mp-aaacdvnb,118.899
mp-aaacdvns,122.685
mp-aaacdvnt,177.103
mp-aaacdvnu,35.777
mp-aaacdvok,121.889
mp-aaacdvom,37.533
mp-aaacdvqt,29.409
mp-aaacdvqu,122.147
mp-aaacdvqv,54.299
mp-aaacdvrs,99.982
mp-aaacdvsv,268.222
mp-aaacdvsw,101.6
mp-aaacdvsx,98.451
mp-aaacdvsy,153.945
mp-aaacdvtf,55.161
mp-aaacdvtg,112.688
mp-aaacdvti,12.899
mp-aaacdvtj,65.214
mp-aaacdvtn,57.057
mp-aaacdvto,258.846
mp-aaacdvtp,67.696
mp-aaacdvtq,141.571
mp-aaacdvtu,49.206
mp-aaacdvtv,103.752
mp-aaacdvtx,82.566
mp-aaacdvub,30.717
mp-aaacdvwk,73.373
mp-aaacdvze,64.73
mp-aaacdvzn,-18135679527.509
mp-aaacdvzv,83.047
mp-aaacdvzw,53.212
mp-aaacdvzy,74.212
mp-aaacdwhn,35.158
mp-aaacdwhp,104.348
mp-aaacdwor,72.915
mp-aaacdwot,17.319
mp-aaacdwrk,83.172
mp-aaacdwro,41.464
mp-aaacdwrp,54.037
mp-aaacdwrq,50.574
mp-aaacdwrv,38.201
mp-aaacdwrx,51.765
mp-aaacdwsu,86.685
mp-aaacdwtc,178.568
mp-aaacdwty,270.236
mp-aaacdwyt,22.351
mp-aaacdxar,132.88
mp-aaacdxas,84.473
mp-aaacdxbh,44.759
mp-aaacdxfm,7.773
mp-aaacdxfx,67.875
mp-aaacdxgb,72.842
mp-aaacdxgd,56.196
mp-aaacdxge,42.853
mp-aaacdxgj,56.992
mp-aaacdxkx,97.878
mp-aaacdxmr,69.96
mp-aaacdxms,142.29
mp-aaacdxod,18.675
mp-aaacdxoe,45.098
mp-aaacdxov,55.365
mp-aaacdxpt,11.333
mp-aaacdxqu,6.456
mp-aaacdxqv,6.339
mp-aaacdxqw,115.85
mp-aaacdxqx,136.0
mp-aaacdxtc,53.76
mp-aaacdxtd,237.553
mp-aaacdxtm,265.886
mp-aaacdxtr,111.695
mp-aaacdxuy,87.278
mp-aaacdxuz,11.861
mp-aaacdxvf,118.463
mp-aaacdxvg,5.074
mp-aaacdxyr,60.622
mp-aaacdxys,214.618
mp-aaacdxyv,11.581
mp-aaacdxzh,40.526
mp-aaacdycs,105.456
mp-aaacdyct,112.446
mp-aaacdycz,20.449
mp-aaacdygd,58.175
mp-aaacdyil,121.119
mp-aaacdyio,63.012
mp-aaacdyjo,-18.964
mp-aaacdyjq,75.923
mp-aaacdymn,74.896
mp-aaacdymo,65.049
mp-aaacdymu,87.655
mp-aaacdymv,43.085
mp-aaacdyrm,172.287
mp-aaacdyrn,80.144
mp-aaacdysq,4.365
mp-aaacdyto,62.408
mp-aaacdyub,50.35
mp-aaacdyud,60.869
mp-aaacdyue,55.936
mp-aaacdyug,175.442
mp-aaacdyvj,101.368
mp-aaacdywv,93.69
mp-aaacdyxh,11.971
mp-aaacdyyl,140.648
mp-aaacdyzb,94.432
mp-aaacdyzc,51.119
mp-aaacdyzk,164.961
mp-aaacdyzl,86.186
mp-aaacdyzm,43.252
mp-aaacdyzn,22.937
mp-aaacdzad,68.856
mp-aaacdzae,49.964
mp-aaacdzaf,78.655
mp-aaacdzag,49.655
mp-aaacdzah,54.432
mp-aaacdzak,151.52
mp-aaacdzao,61.751
mp-aaacdzaw,91.245
mp-aaacdzax,75.818
mp-aaacdzay,56.983
mp-aaacdzbb,119.789
mp-aaacdzmq,77.836
mp-aaacdzsc,73.332
mp-aaacdzsd,96.084
mp-aaacdzue,108.554
mp-aaacdzzk,40.397
mp-aaaceadr,96.627
mp-aaaceads,203.003
mp-aaaceadx,38.067
mp-aaaceady,111.209
mp-aaaceakh,9.811
mp-aaacealc,95.673
mp-aaacealj,44.138
mp-aaaceall,286.217
mp-aaacealm,205.691
mp-aaaceaoh,63.653
mp-aaaceaoi,195.881
mp-aaacearb,10.675
mp-aaaceare,51.683
mp-aaacearh,181.137
mp-aaacearn,220.871
mp-aaacearo,-243.236
mp-aaacearq,46.738
mp-aaacearu,132.161
mp-aaacearv,103.296
mp-aaacearx,189.356
mp-aaaceary,168.059
mp-aaacease,274.047
mp-aaaceasf,79.071
mp-aaaceasu,23.597
mp-aaaceate,40.295
mp-aaaceatp,15.492
mp-aaaceatr,57.572
mp-aaaceatw,34.023
mp-aaaceauj,34.101
mp-aaaceaup,45.017
mp-aaaceauu,37.503
mp-aaaceaxt,119.201
mp-aaaceaxw,103.917
mp-aaacebex,25.05
mp-aaacebni,114.006
mp-aaacebnk,147.231
mp-aaacebnl,44.499
mp-aaacebnm,83.095
mp-aaacebnn,82.772
mp-aaacebnp,63.448
mp-aaacebnr,121.49
mp-aaacebnz,90.676
mp-aaaceboa,105.215
mp-aaacebod,102.239
mp-aaaceboe,37.45
mp-aaacebog,25.621
mp-aaaceboh,32.211
mp-aaacebtm,77.089
mp-aaacebtn,57.169
mp-aaacebto,-3016498.924
mp-aaacebtr,79.37
mp-aaacebty,37.832
mp-aaacebxv,31.059
mp-aaacebxy,26.403
mp-aaacebyw,90.176
mp-aaacebyx,147.957
mp-aaacebzb,22.427
mp-aaacebzc,22.647
mp-aaacebzd,51.628
mp-aaacebze,31.663
mp-aaacebzg,41.143
mp-aaacebzj,27.629
mp-aaacebzk,27.54
mp-aaacecgs,17.783
mp-aaacechp,94.159
mp-aaacechq,96.231
mp-aaacecij,64.012
mp-aaacecim,67.157
mp-aaacecin,14.334
mp-aaacecip,16.811
mp-aaacedqq,50.639
mp-aaacegyd,59.005
mp-aaacehhw,39.388
mp-aaacehhx,18.583
mp-aaacehpk,18.336
mp-aaacehpv,42.035
mp-aaacehpy,31.841
mp-aaacehqa,40.468
mp-aaacehqb,16.592
mp-aaacehtw,59.139
mp-aaacehue,22.841
mp-aaacehuf,99.971
mp-aaacehug,17.435
mp-aaacehui,14.69
mp-aaacehuk,17.996
mp-aaacehun,13.044
mp-aaacehup,36.315
mp-aaacehuq,167.515
mp-aaacehut,35.858
mp-aaacehuu,23.765
mp-aaacehuv,16.539
mp-aaacehuw,100.89
mp-aaacehuy,32.656
mp-aaacehuz,39.944
mp-aaacehvb,23.35
mp-aaacehvc,38.096
mp-aaacehvd,31.424
mp-aaacehve,27.515
mp-aaacehvf,23.369
mp-aaacehvg,43.347
mp-aaacehvh,33.711
mp-aaacehvi,22.374
mp-aaacehvk,11.517
mp-aaacehvl,18.041
mp-aaacehvo,34.898
mp-aaacehvq,17.779
mp-aaacehvr,41.494
mp-aaacehvt,22.583
mp-aaacehvu,135.546
mp-aaacehvv,37.626
mp-aaacehwa,16.605
mp-aaacehwb,42.375
mp-aaacehwc,33.191
mp-aaacehwd,17.958
mp-aaacehwe,243.043
mp-aaacehwg,37.52
mp-aaacehwi,31.063
mp-aaacehwk,23.328
mp-aaacehwn,18.72
mp-aaacehwp,23.081
mp-aaacehwq,163.844
mp-aaacehws,38.727
mp-aaacehwt,19.666
mp-aaacehwu,34.612
mp-aaacehwx,20.952
mp-aaacehwz,26.386
mp-aaacehxa,85.068
mp-aaacehxb,17.784
mp-aaacehxe,45.559
mp-aaacehxg,37.078
mp-aaacehxt,28.556
mp-aaacehxw,18.551
mp-aaacehxx,144.802
mp-aaacehyb,178.71
mp-aaacehyx,106.478
mp-aaacehze,23.548
mp-aaacehzg,16.182
mp-aaacehzn,12.699
mp-aaaceibf,132.163
mp-aaaceipw,246.057
mp-aaaceiqe,13.51
mp-aaacejdm,75.39
mp-aaacejdw,80.895
mp-aaacekzk,30.476
mp-aaaceqby,11.912
mp-aaaceqcx,33.6
mp-aaaceqef,4.869
mp-aaaceqeu,148.104
mp-aaaceqev,12.473
mp-aaacerpx,200.473
mp-aaacerpy,169.752
mp-aaacestw,269.191
mp-aaacestx,12.617
mp-aaacesua,14.846
mp-aaacesuk,172.104
mp-aaacesuq,19.738
mp-aaacesur,56.84
mp-aaacesuu,111.634
mp-aaacesuv,88.77
mp-aaacesvb,155.3
mp-aaacesvd,46.181
mp-aaacesvf,111.192
mp-aaacesvj,67.271
mp-aaacesvk,91.988
mp-aaacesvl,88.891
mp-aaacesvn,63.604
mp-aaacesvr,78.449
mp-aaacesvs,75.626
mp-aaacesvu,82.961
mp-aaacesvw,70.805
mp-aaaceswi,97.491
mp-aaaceswj,97.227
mp-aaaceswk,123.077
mp-aaaceswn,71.713
mp-aaaceswo,87.57
mp-aaaceswq,136.396
mp-aaacesxc,25.856
mp-aaacesxd,68.491
mp-aaacesxf,17.499
mp-aaacesxi,112.571
mp-aaacesxj,136.108
mp-aaacesxm,76.627
mp-aaacesxp,113.831
mp-aaacesxt,48.702
mp-aaacesxu,21.672
mp-aaacesyd,133.776
mp-aaacesyg,45.335
mp-aaacesyh,73.064
mp-aaaceszi,59.145
mp-aaaceszk,40.617
mp-aaaceszl,80.968
mp-aaaceszm,79.857
mp-aaaceszu,80.847
mp-aaaceszy,78.908
mp-aaacetaa,77.721
mp-aaacetai,23.26
mp-aaacetsb,8.551
mp-aaacetsw,183.604
mp-aaacettw,37.274
mp-aaacettx,354.637
mp-aaacetty,98.422
mp-aaacetuk,165.478
mp-aaaceuoh,39.029
mp-aaaceuqe,30.662
mp-aaaceuul,33.583
mp-aaaceuyo,86.522
mp-aaaceuys,80.974
mp-aaacevdw,159.196
mp-aaacevps,70.361
mp-aaacevpt,28.537
mp-aaacevpy,355.313
mp-aaacevqp,61.324
mp-aaacevqw,139.175
mp-aaacevqz,124.296
mp-aaacevra,82.805
mp-aaacevrc,119.989
mp-aaacevrd,62.392
mp-aaacevrf,141.484
mp-aaacevrg,336.076
mp-aaacevrh,134.244
mp-aaacevrj,258.929
mp-aaacevro,201.627
mp-aaacevrt,14.064
mp-aaacevtb,247.859
mp-aaacevtd,190.385
mp-aaacevts,192.595
mp-aaacevtt,246.765
mp-aaacevtw,139.085
mp-aaacevtx,121.858
mp-aaacevty,187.429
mp-aaacevtz,215.232
mp-aaacevub,170.979
mp-aaacevuc,187.342
mp-aaacevui,189.547
mp-aaacevuj,102.749
mp-aaacevuk,113.274
mp-aaacevuo,131.4
mp-aaacevup,123.634
mp-aaacevuq,109.768
mp-aaacevve,207.251
mp-aaacevwd,107.662
mp-aaacevwx,153.082
mp-aaacevxc,108.188
mp-aaacevxd,121.628
mp-aaacevxe,138.266
mp-aaacevxk,154.865
mp-aaacevxr,145.264
mp-aaacevxs,117.59
mp-aaacevxt,412.064
mp-aaacevxw,96.88
mp-aaacevya,35.899
mp-aaacevyd,105.546
mp-aaacevyh,53.25
mp-aaacevyk,278.811
mp-aaacevym,180.213
mp-aaacevyu,104.525
mp-aaacevzp,343.828
mp-aaacevzq,288.337
mp-aaacevzs,301.077
mp-aaacevzt,29.494
mp-aaacevzv,97.788
mp-aaacevzw,81.785
mp-aaacevzy,44.885
mp-aaacevzz,37.348
mp-aaacewac,76.757
mp-aaacewae,28.406
mp-aaacewaf,201.83
mp-aaacewah,196.106
mp-aaacewal,18.901
mp-aaacewar,70.621
mp-aaacewch,74.802
mp-aaacewci,198.862
mp-aaacewcj,152.94
mp-aaacewck,151.847
mp-aaacewcm,173.822
mp-aaacewcr,146.384
mp-aaacewcs,308.669
mp-aaacewcu,81.337
mp-aaacewcv,93.51
mp-aaacewcy,82.594
mp-aaacewdb,72.919
mp-aaacewer,80.831
mp-aaacewez,113.031
mp-aaacewfa,81.341
mp-aaacewfb,284.565
mp-aaacewff,273.586
mp-aaacewfg,323.875
mp-aaacewfi,392.349
mp-aaacewfl,24.988
mp-aaacewfq,14.995
mp-aaacewgd,143.047
mp-aaacewgk,133.636
mp-aaacewgl,53.402
mp-aaacewgm,167.551
mp-aaacewgo,159.176
mp-aaacewgt,212.496
mp-aaacewgx,329.587
mp-aaacewgy,374.861
mp-aaacewhh,319.999
mp-aaacewhi,88.03
mp-aaacewia,73.81
mp-aaacewit,224.464
mp-aaacewiv,304.91
mp-aaacewjo,229.595
mp-aaacewjp,273.377
mp-aaacewjq,200.065
mp-aaacewka,236.476
mp-aaacewkb,198.022
mp-aaacewkc,226.813
mp-aaacewkh,187.538
mp-aaacewki,174.363
mp-aaacewlx,187.032
mp-aaacewlz,183.542
mp-aaacewmb,181.79
mp-aaacewmk,35.686
mp-aaacewmp,43.099
mp-aaacewmu,51.116
mp-aaacewnd,157.703
mp-aaacewne,41.505
mp-aaacewnh,169.406
mp-aaacewni,37.932
mp-aaacewns,48.406
mp-aaacewnt,135.277
mp-aaacewny,45.768
mp-aaacewod,29.531
mp-aaacewoe,27.127
mp-aaacewog,273.401
mp-aaacewok,275.137
mp-aaacewol,258.81
mp-aaacewoq,170.737
mp-aaacewoy,105.134
mp-aaacewpw,51.3
mp-aaacewpy,195.98
mp-aaacewqb,125.464
mp-aaacewqf,352.115
mp-aaacewqg,184.623
mp-aaacewqo,198.379
mp-aaacewrg,218.838
mp-aaaceyum,73.999
mp-aaaceyut,57.484
mp-aaaceyux,81.201
mp-aaacezqj,150.185
mp-aaacezre,238.944
mp-aaacezro,97.309
mp-aaacezyd,47.326
mp-aaacezye,60.842
mp-aaacezyf,188.798
mp-aaacezyg,55.65
mp-aaacezyi,178.43
mp-aaacezyj,274.838
mp-aaacezyk,36.573
mp-aaacezzs,313.324
mp-aaacezzu,218.203
mp-aaacezzv,323.532
mp-aaacezzw,277.814
mp-aaacezzz,125.064
mp-aaacfaab,35.088
mp-aaacfaac,238.794
mp-aaacfaad,70.778
mp-aaacfaaf,124.657
mp-aaacfaal,89.494
mp-aaacfadd,56.537
mp-aaacfade,85.092
mp-aaacfadg,196.209
mp-aaacfadi,205.719
mp-aaacfajd,20.106
mp-aaacfajp,14.528
mp-aaacfajr,10.751
mp-aaacfakn,318.361
mp-aaacfakr,158.978
mp-aaacfakw,198.204
mp-aaacfakz,335.61
mp-aaacfale,207.546
mp-aaacfalg,158.82
mp-aaacfals,64.033
mp-aaacfamv,160.406
mp-aaacfanl,266.248
mp-aaacfanm,322.051
mp-aaacfann,311.631
mp-aaacfano,183.442
mp-aaacfanr,282.66
mp-aaacfans,302.964
mp-aaacfaok,252.718
mp-aaacfaol,361.49
mp-aaacfaon,293.322
mp-aaacfaoo,79.757
mp-aaacfaoz,70.446
mp-aaacfapa,107.027
mp-aaacfapb,89.871
mp-aaacfapf,8.399000000000001
mp-aaacfapg,225.203
mp-aaacfaph,159.266
mp-aaacfapi,33.229
mp-aaacfdtx,181.947
mp-aaacfdzq,176.693
mp-aaacffsn,56.894
mp-aaacfggn,51.388
mp-aaacfgiq,16.754
mp-aaacfgjy,32.63
mp-aaacfgna,38.35
mp-aaacfhmc,33.298
mp-aaacfhme,73.075
mp-aaacfhmg,76.042
mp-aaacfhmh,183.268
mp-aaacfhmi,227.71
mp-aaacfhmk,119.446
mp-aaacfhml,102.325
mp-aaacfiph,17.067
mp-aaacfiqa,179.875
mp-aaacfiqb,232.863
mp-aaacfiqe,301.33
mp-aaacfiqh,29.727
mp-aaacfiqi,143.481
mp-aaacfiqk,83.589
mp-aaacfiri,192.168
mp-aaacfirj,176.476
mp-aaacfirl,288.028
mp-aaacfisw,103.976
mp-aaacfiua,59.529
mp-aaacfiub,295.549
mp-aaacfiuk,36.447
mp-aaacfiuq,45.906
mp-aaacfius,89.83
mp-aaacfiwh,246.534
mp-aaacfiwj,198.722
mp-aaacfiwl,247.284
mp-aaacfiwm,50.017
mp-aaacfixo,191.847
mp-aaacfixp,179.994
mp-aaacfixq,189.838
mp-aaacfixr,193.048
mp-aaacfiyr,251.424
mp-aaacfizq,67.398
mp-aaacfizr,29.857
mp-aaacfizs,29.759
mp-aaacfjac,82.469
mp-aaacfjah,196.281
mp-aaacfjai,130.299
mp-aaacfjbt,93.374
mp-aaacfjcg,205.939
mp-aaacfjch,176.094
mp-aaacfjcy,201.908
mp-aaacfjlv,32.551
mp-aaacfjlw,222.218
mp-aaacfjlx,187.126
mp-aaacfjly,143.331
mp-aaacfjnu,274.04
mp-aaacfjnv,155.147
mp-aaacfjnx,187.113
mp-aaacfjny,240.418
mp-aaacfjnz,255.044
mp-aaacfjoa,380.486
mp-aaacfjoc,227.443
mp-aaacfjoe,-10912814.409
mp-aaacfjof,239.14
mp-aaacfjqr,258.138
mp-aaacfjrq,311.565
mp-aaacfjrs,41.701
mp-aaacfjsk,2.156
mp-aaacfjsl,401.484
mp-aaacfjvk,72.574
mp-aaacfjvv,101.532
mp-aaacfjvz,339.625
mp-aaacfjwa,89.644
mp-aaacfjwb,112.987
mp-aaacfjwc,34.173
mp-aaacfjwd,92.997
mp-aaacfjwk,12.196
mp-aaacfjwm,67.199
mp-aaacfjws,48.357
mp-aaacfjxj,342.032
mp-aaacfjxk,88.735
mp-aaacfjxl,321.128
mp-aaacfjxm,322.966
mp-aaacfjxn,326.549
mp-aaacfjxo,146.701
mp-aaacfjxq,204.053
mp-aaacfjyo,99.015
mp-aaacfjyp,138.447
mp-aaacfjyq,183.528
mp-aaacfjyr,257.912
mp-aaacfjys,127.626
mp-aaacfjyt,162.161
mp-aaacfjyv,30.528
mp-aaacfjzc,106.1
mp-aaacfkaj,108.35
mp-aaacfkas,172.053
mp-aaacfkaz,51.549
mp-aaacfkbh,315.374
mp-aaacfkbm,366.4
mp-aaacfkbn,143.581
mp-aaacfkbo,218.716
mp-aaacfkbq,120.075
mp-aaacfkbr,262.759
mp-aaacfkby,197.231
mp-aaacfkcj,133.032
mp-aaacfkcz,110.797
mp-aaacfkdh,246.526
mp-aaacfkdk,151.635
mp-aaacfkdl,36.883
mp-aaacfkdm,60.041
mp-aaacfkds,73.05
mp-aaacfkdt,85.712
mp-aaacfkeg,67.275
mp-aaacfkfe,67.202
mp-aaacfkff,81.245
mp-aaacfkfg,192.55
mp-aaacfkfl,62.978
mp-aaacfkfm,93.607
mp-aaacfkgf,65.503
mp-aaacfkhc,53.228
mp-aaacfkhl,284.209
mp-aaacfkhm,46.024
mp-aaacfkhy,332.601
mp-aaacfkif,348.477
mp-aaacfkig,356.799
mp-aaacfkih,48.442
mp-aaacfkij,89.688
mp-aaacfkin,34.666
mp-aaacfkiu,222.571
mp-aaacfkja,334.82
mp-aaacfkjj,357.547
mp-aaacfkki,32.808
mp-aaacfkko,59.264
mp-aaacfkku,111.271
mp-aaacfkkv,118.385
mp-aaacfkkw,116.02
mp-aaacfkky,133.924
mp-aaacfkld,94.365
mp-aaacfklx,95.805
mp-aaacfklz,58.085
mp-aaacfkmh,43.203
mp-aaacfkmi,108.357
mp-aaacfkmo,119.78
mp-aaacfkmq,174.991
mp-aaacfkms,203.809
mp-aaacfkmu,63.091
mp-aaacfkmv,63.254
mp-aaacfkmw,44.382
mp-aaacfkmy,38.732
mp-aaacfkmz,193.323
mp-aaacfknb,64.532
mp-aaacfkoj,100.433
mp-aaacfkpe,293.789
mp-aaacfkpf,257.278
mp-aaacfkpr,69.443
mp-aaacfkpx,294.742
mp-aaacfkpy,46.662
mp-aaacfkqa,54.624
mp-aaacfkqb,70.937
mp-aaacfkqg,97.277
mp-aaacfkqj,63.496
mp-aaacfkql,200.505
mp-aaacfkqm,55.043
mp-aaacfkro,42.453
mp-aaacfksr,173.813
mp-aaacfkss,297.425
mp-aaacfkst,60.543
mp-aaacfksx,55.805
mp-aaacfktb,76.364
mp-aaacfktc,68.992
mp-aaacfkup,140.191
mp-aaacfkur,139.206
mp-aaacfkus,260.012
mp-aaacfkut,33.641
mp-aaacfkuv,192.154
mp-aaacfkuw,1470.468
mp-aaacfkux,43.416
mp-aaacfkxq,27.523
mp-aaacfkxr,57.942
mp-aaacfkxx,46.205
mp-aaacfkyb,69.337
mp-aaacfkyc,240.168
mp-aaacfkye,23.963
mp-aaacfkyf,34.757
mp-aaacfkyg,35.201
mp-aaacfkyh,42.172
mp-aaacfkyo,71.533
mp-aaacfkyv,133.053
mp-aaacfkyw,102.866
mp-aaacfkzw,207.312
mp-aaacflhi,206.433
mp-aaacflhj,275.894
mp-aaacflhv,299.401
mp-aaacflih,337.207
mp-aaacflij,313.927
mp-aaacflim,258.337
mp-aaacflio,2.873
mp-aaacflir,179.621
mp-aaacflit,328.361
mp-aaacfliu,295.071
mp-aaacfljc,58.661
mp-aaacflkf,215.846
mp-aaacflkj,389.83
mp-aaacflkk,182.304
mp-aaacflkl,354.581
mp-aaacflkm,290.276
mp-aaacflkq,10.753
mp-aaacflkr,221.916
mp-aaacflku,211.396
mp-aaacflmc,256.077
mp-aaacflmd,70.023
mp-aaacflmm,93.912
mp-aaacflmn,101.026
mp-aaacflmq,212.33
mp-aaacfloh,94.434
mp-aaacfloi,133.807
mp-aaacfloo,376.048
mp-aaacflos,4.898
mp-aaacflou,280.747
mp-aaacflov,59.422
mp-aaacflox,185.823
mp-aaacfloz,82.688
mp-aaacflpf,282.854
mp-aaacflqk,347.345
mp-aaacflql,121.439
mp-aaacflqm,-26570400328.027
mp-aaacflrk,268.538
mp-aaacflrv,395.957
mp-aaacflrx,36.951
mp-aaacflry,220.176
mp-aaacflrz,411.017
mp-aaacflsk,63.76
mp-aaacflsl,31.662
mp-aaacflsm,149.406
mp-aaacflso,140.651
mp-aaacflsq,43.171
mp-aaacflsr,42.391
mp-aaacflst,34.833
mp-aaacflsu,28.076
mp-aaacflsv,21.351
mp-aaacflte,110.704
mp-aaacflth,281.889
mp-aaacflti,260.463
mp-aaacfltz,321.211
mp-aaacflue,269.305
mp-aaacfluz,55.027
mp-aaacflva,73.818
mp-aaacflve,397.571
mp-aaacflvf,88.931
mp-aaacflvg,122.138
mp-aaacflvi,130.966
mp-aaacflvj,191.338
mp-aaacflvn,18.406
mp-aaacflvo,24.222
mp-aaacflvp,98.66
mp-aaacflvr,312.497
mp-aaacflvs,224.634
mp-aaacflvt,247.811
mp-aaacflvu,168.314
mp-aaacflvv,290.736
mp-aaacflvw,225.944
mp-aaacflvx,348.054
mp-aaacflvy,217.333
mp-aaacflwi,239.569
mp-aaacflxm,193.2
mp-aaacflyc,145.849
mp-aaacfmex,214.789
mp-aaacfmhk,137.832
mp-aaacfnmv,92.625
mp-aaacfnpv,50.945
mp-aaacfodb,53.95
mp-aaacfodc,-252.716
mp-aaacfopj,11.808
mp-aaacfpwh,29.178
mp-aaacfpzs,191.177
mp-aaacfrhs,61.811
mp-aaacfrht,26.366
mp-aaacfrhu,16.881
mp-aaacfrhv,83.09
mp-aaacfrhw,36.533
mp-aaacfrhx,46.799
mp-aaacfrib,40.54
mp-aaacfrii,36.021
mp-aaacfrim,35.485
mp-aaacfrio,29.002
mp-aaacfrip,39.504
mp-aaacfriq,57.655
mp-aaacfrir,35.813
mp-aaacfris,38.669
mp-aaacfriv,31.673
mp-aaacfriw,49.284
mp-aaacfrix,47.628
mp-aaacfrja,37.265
mp-aaacfrjg,28.457
mp-aaacfrjy,20.26
mp-aaacfrka,20.003
mp-aaacfrkb,23.823
mp-aaacfrkd,22.202
mp-aaacfrke,31.726
mp-aaacfrmg,38.905
mp-aaacfrmh,30.724
mp-aaacfroo,26.696
mp-aaacfrop,26.621
mp-aaacfroq,26.893
mp-aaacfrou,17.51
mp-aaacfrow,3.97
mp-aaacfroy,19.718
mp-aaacfroz,18.193
mp-aaacfrpa,19.616
mp-aaacfrpc,18.404
mp-aaacfrpf,19.129
mp-aaacfrpt,28.372
mp-aaacfrpu,38.422
mp-aaacfrpw,18.785
mp-aaacfsaf,134.27
mp-aaacfsan,2.888
mp-aaacfseh,15.039
mp-aaacfsgm,17.687
mp-aaacfsie,92.478
mp-aaacfsig,105.148
mp-aaacfsil,115.663
mp-aaacfsit,147.64
mp-aaacfsiv,112.106
mp-aaacfsiw,110.695
mp-aaacfsix,109.609
mp-aaacfsjk,177.173
mp-aaacfsjm,159.802
mp-aaacfsjr,188.438
mp-aaacfsjs,149.253
mp-aaacfsjx,145.73
mp-aaacfskb,192.223
mp-aaacfske,265.131
mp-aaacfskf,174.788
mp-aaacfslr,162.71
mp-aaacfslv,217.405
mp-aaacfsme,158.721
mp-aaacfsoj,112.156
mp-aaacfsrs,274.267
mp-aaacfsru,25.838
mp-aaacftmf,642826.169
mp-aaacfvdc,154.329
mp-aaacfvgn,57.986
mp-aaacfvgq,52.437
mp-aaacfvki,39.303
mp-aaacfvlp,38.931
mp-aaacfvpy,29.542
mp-aaacfvwb,44.097
mp-aaacfvxy,-16215.502
mp-aaacfvyh,27.11
mp-aaacfwel,162.57
mp-aaacfwem,154.103
mp-aaacfwen,175.849
mp-aaacfwep,137.118
mp-aaacfwer,168.944
mp-aaacfwes,172.48
mp-aaacfwet,185.85
mp-aaacfwev,161.797
mp-aaacfwex,175.489
mp-aaacfwfc,208.753
mp-aaacfwfd,138.108
mp-aaacfwfg,202.882
mp-aaacfwfh,159.867
mp-aaacfwfi,174.512
mp-aaacfwfj,174.473
mp-aaacfwfl,155.518
mp-aaacfwfm,181.549
mp-aaacfwfo,169.881
mp-aaacfwfq,134.066
mp-aaacfwfr,178.37
mp-aaacfwgl,146.764
mp-aaacfwgm,172.529
mp-aaacfwgn,166.721
mp-aaacfwgo,221.487
mp-aaacfwgq,235.713
mp-aaacfwgr,148.652
mp-aaacfwgt,228.217
mp-aaacfwgu,161.218
mp-aaacfwgv,152.367
mp-aaacfwgw,192.236
mp-aaacfwgx,149.835
mp-aaacfwgy,172.617
mp-aaacfwho,190.541
mp-aaacfwhq,151.079
mp-aaacfwhr,182.736
mp-aaacfwio,201.293
mp-aaacfwiq,230.404
mp-aaacfwis,190.693
mp-aaacfwlj,158.897
mp-aaacfwlk,157.164
mp-aaacfwzx,46.07
mp-aaacfxah,28.187
mp-aaacfxco,167.615
mp-aaacfxcp,172.111
mp-aaacfxex,86.722
mp-aaacfxey,30.603
mp-aaacfxez,90.601
mp-aaacfxfb,284.19
mp-aaacfxfe,222.992
mp-aaacfxff,199.678
mp-aaacfxfg,71.464
mp-aaacfxfj,323.158
mp-aaacfxft,239.242
mp-aaacfxfv,236.927
mp-aaacfxfw,323.541
mp-aaacfxfx,146.084
mp-aaacfxfy,50.014
mp-aaacfxge,79.118
mp-aaacfxgg,278.47
mp-aaacfxgh,170.19
mp-aaacfxgi,224.96
mp-aaacfxgk,225.65
mp-aaacfxgn,106.786
mp-aaacfxgo,218.652
mp-aaacfxgq,118.12
mp-aaacfxgs,182.751
mp-aaacfxgt,80.268
mp-aaacfxhb,192.195
mp-aaacfxhe,157.328
mp-aaacfxhq,223.425
mp-aaacfxhs,20.908
mp-aaacfxht,139.825
mp-aaacfxhu,164.429
mp-aaacfxjm,79.537
mp-aaacfxjn,99.463
mp-aaacfxjp,109.663
mp-aaacfxjr,153.391
mp-aaacfxjs,174.329
mp-aaacfxxd,24.448
mp-aaacfxxh,102.455
mp-aaacfxxj,331.138
mp-aaacfxyf,44.934
mp-aaacfxyi,197.425
mp-aaacfxyl,140.634
mp-aaacfxyq,77.26
mp-aaacfxyt,138.52
mp-aaacfxyu,205.404
mp-aaacfxyv,115.236
mp-aaacfxyw,44.019
mp-aaacfxyx,334.002
mp-aaacfxyy,139.693
mp-aaacfxyz,147.228
mp-aaacfxza,58.297
mp-aaacfxzb,86.691
